kernel,shape_id,shape_label,split,repeat,arm,generation,config_hash,config,status,perf_ms,compile_time_s,seeded_by_heuristic
layer_norm,LA_001,256x1024,train,0,heuristics,0,04b1dd92c370cc99,"{""atomic_indexing"": [], ""block_sizes"": [2], ""indexing"": [""pointer"", ""pointer"", ""pointer"", ""tensor_descriptor"", ""tensor_descriptor"", ""tensor_descriptor"", ""tensor_descriptor"", ""tensor_descriptor"", ""tensor_descriptor"", ""pointer""], ""load_eviction_policies"": [""last"", """", ""last"", ""last"", ""first"", ""first"", """", ""last""], ""num_stages"": 1, ""num_warps"": 4, ""pid_type"": ""flat"", ""range_flattens"": [null], ""range_multi_buffers"": [null], ""range_num_stages"": [0], ""range_unroll_factors"": [0], ""range_warp_specializes"": [null], ""reduction_loops"": [null]}",ok,7.168000098317862,0.07776021957397461,1
layer_norm,LA_001,256x1024,train,0,heuristics,0,869c54e4b955a8c6,"{""atomic_indexing"": [], ""block_sizes"": [1], ""indexing"": [""tensor_descriptor"", ""pointer"", ""pointer"", ""tensor_descriptor"", ""pointer"", ""tensor_descriptor"", ""pointer"", ""pointer"", ""tensor_descriptor"", ""tensor_descriptor""], ""load_eviction_policies"": [""last"", """", ""first"", """", """", ""last"", """", ""last""], ""num_stages"": 4, ""num_warps"": 8, ""pid_type"": ""flat"", ""range_flattens"": [null], ""range_multi_buffers"": [null], ""range_num_stages"": [0], ""range_unroll_factors"": [0], ""range_warp_specializes"": [null], ""reduction_loops"": [2048]}",ok,7.135999854654074,0.14264345169067383,1
layer_norm,LA_001,256x1024,train,0,heuristics,0,43acbd1ca50d4ca3,"{""atomic_indexing"": [], ""block_sizes"": [1], ""indexing"": [""pointer"", ""tensor_descriptor"", ""pointer"", ""pointer"", ""pointer"", ""pointer"", ""tensor_descriptor"", ""pointer"", ""tensor_descriptor"", ""tensor_descriptor""], ""load_eviction_policies"": [""first"", """", """", ""first"", """", ""last"", ""first"", """"], ""num_stages"": 4, ""num_warps"": 8, ""pid_type"": ""flat"", ""range_flattens"": [null], ""range_multi_buffers"": [null], ""range_num_stages"": [0], ""range_unroll_factors"": [0], ""range_warp_specializes"": [null], ""reduction_loops"": [null]}",ok,7.168000098317862,0.11567950248718262,1
layer_norm,LA_001,256x1024,train,0,heuristics,0,0531906226c3040e,"{""block_sizes"": [1], ""indexing"": [""pointer"", ""pointer"", ""pointer"", ""pointer"", ""pointer"", ""pointer"", ""tensor_descriptor"", ""pointer"", ""pointer"", ""tensor_descriptor""], ""load_eviction_policies"": [""last"", """", ""first"", """", """", """", """", ""last""], ""num_stages"": 5, ""num_warps"": 16, ""pid_type"": ""flat"", ""range_flattens"": [null], ""range_multi_buffers"": [null], ""range_num_stages"": [0], ""range_unroll_factors"": [0], ""range_warp_specializes"": [null], ""reduction_loops"": [4096]}",ok,7.168000098317862,0.13916420936584473,1
layer_norm,LA_001,256x1024,train,0,heuristics,0,178e7391546ae2da,"{""atomic_indexing"": [], ""block_sizes"": [1], ""indexing"": [""pointer"", ""pointer"", ""tensor_descriptor"", ""pointer"", ""tensor_descriptor"", ""pointer"", ""tensor_descriptor"", ""pointer"", ""pointer"", ""pointer""], ""load_eviction_policies"": [""first"", """", ""last"", """", ""last"", ""last"", ""last"", """"], ""num_stages"": 7, ""num_warps"": 4, ""pid_type"": ""flat"", ""range_flattens"": [null], ""range_multi_buffers"": [null], ""range_num_stages"": [0], ""range_unroll_factors"": [0], ""range_warp_specializes"": [null], ""reduction_loops"": [null]}",ok,7.135999854654074,0.1155402660369873,1
layer_norm,LA_001,256x1024,train,0,heuristics,0,2052065dbe652edb,"{""atomic_indexing"": [], ""block_sizes"": [1], ""indexing"": [""pointer"", ""tensor_descriptor"", ""pointer"", ""pointer"", ""pointer"", ""tensor_descriptor"", ""pointer"", ""pointer"", ""pointer"", ""pointer""], ""load_eviction_policies"": [""last"", """", ""first"", """", """", ""last"", """", """"], ""num_stages"": 2, ""num_warps"": 16, ""pid_type"": ""flat"", ""range_flattens"": [null], ""range_multi_buffers"": [null], ""range_num_stages"": [0], ""range_unroll_factors"": [0], ""range_warp_specializes"": [null], ""reduction_loops"": [4096]}",ok,7.168000098317862,0.15463924407958984,1
layer_norm,LA_001,256x1024,train,0,heuristics,0,186fed3761377dbd,"{""atomic_indexing"": [], ""block_sizes"": [1], ""indexing"": [""tensor_descriptor"", ""pointer"", ""tensor_descriptor"", ""pointer"", ""tensor_descriptor"", ""tensor_descriptor"", ""pointer"", ""pointer"", ""tensor_descriptor"", ""tensor_descriptor""], ""load_eviction_policies"": ["""", """", ""last"", """", ""last"", ""first"", ""last"", ""first""], ""num_stages"": 7, ""num_warps"": 4, ""pid_type"": ""flat"", ""range_flattens"": [null], ""range_multi_buffers"": [null], ""range_num_stages"": [0], ""range_unroll_factors"": [0], ""range_warp_specializes"": [null], ""reduction_loops"": [null]}",ok,7.135999854654074,0.13038134574890137,1
layer_norm,LA_001,256x1024,train,0,heuristics,0,85df12bd2fb6305f,"{""atomic_indexing"": [], ""block_sizes"": [1], ""indexing"": [""tensor_descriptor"", ""pointer"", ""tensor_descriptor"", ""tensor_descriptor"", ""pointer"", ""tensor_descriptor"", ""tensor_descriptor"", ""tensor_descriptor"", ""pointer"", ""tensor_descriptor""], ""load_eviction_policies"": [""first"", ""last"", ""last"", ""last"", ""first"", ""last"", ""first"", ""first""], ""num_stages"": 2, ""num_warps"": 8, ""pid_type"": ""flat"", ""range_flattens"": [null], ""range_multi_buffers"": [null], ""range_num_stages"": [0], ""range_unroll_factors"": [0], ""range_warp_specializes"": [null], ""reduction_loops"": [null]}",ok,7.135999854654074,0.11494851112365723,1
layer_norm,LA_001,256x1024,train,0,heuristics,0,decf2056869ee2b5,"{""atomic_indexing"": [], ""block_sizes"": [1], ""indexing"": [""pointer"", ""tensor_descriptor"", ""pointer"", ""tensor_descriptor"", ""tensor_descriptor"", ""pointer"", ""pointer"", ""pointer"", ""tensor_descriptor"", ""pointer""], ""load_eviction_policies"": ["""", ""last"", ""first"", """", ""last"", ""first"", ""last"", ""last""], ""num_stages"": 2, ""num_warps"": 1, ""pid_type"": ""flat"", ""range_flattens"": [null], ""range_multi_buffers"": [null], ""range_num_stages"": [0], ""range_unroll_factors"": [0], ""range_warp_specializes"": [null], ""reduction_loops"": [1024]}",ok,7.168000098317862,0.1670389175415039,1
layer_norm,LA_001,256x1024,train,0,heuristics,0,4cac37630d96589f,"{""atomic_indexing"": [], ""block_sizes"": [1], ""indexing"": [""pointer"", ""pointer"", ""pointer"", ""pointer"", ""pointer"", ""pointer"", ""pointer"", ""pointer"", ""pointer"", ""pointer"", ""pointer"", ""pointer""], ""load_eviction_policies"": ["""", """", """", """", """", """", """", """"], ""num_stages"": 1, ""num_warps"": 4, ""pid_type"": ""flat"", ""range_flattens"": [null], ""range_multi_buffers"": [null], ""range_num_stages"": [0], ""range_unroll_factors"": [0], ""range_warp_specializes"": [null], ""reduction_loops"": [null]}",ok,7.168000098317862,0.02292037010192871,0
layer_norm,LA_001,256x1024,train,0,heuristics,0,4f20157b80d5d0c6,"{""atomic_indexing"": [], ""block_sizes"": [8], ""indexing"": [""pointer"", ""pointer"", ""pointer"", ""pointer"", ""pointer"", ""pointer"", ""pointer"", ""pointer"", ""pointer"", ""pointer"", ""pointer"", ""pointer""], ""load_eviction_policies"": ["""", """", """", """", """", """", """", """"], ""num_stages"": 2, ""num_warps"": 4, ""pid_type"": ""flat"", ""range_flattens"": [null], ""range_multi_buffers"": [null], ""range_num_stages"": [0], ""range_unroll_factors"": [0], ""range_warp_specializes"": [null], ""reduction_loops"": [null]}",ok,7.168000098317862,0.05036115646362305,0
layer_norm,LA_001,256x1024,train,0,heuristics,0,afb9e7c4832b5792,"{""atomic_indexing"": [], ""block_sizes"": [16], ""indexing"": [""pointer"", ""pointer"", ""pointer"", ""pointer"", ""pointer"", ""pointer"", ""pointer"", ""pointer"", ""pointer"", ""pointer"", ""pointer"", ""pointer""], ""load_eviction_policies"": ["""", """", """", """", """", """", """", """"], ""num_stages"": 3, ""num_warps"": 8, ""pid_type"": ""flat"", ""range_flattens"": [null], ""range_multi_buffers"": [null], ""range_num_stages"": [0], ""range_unroll_factors"": [0], ""range_warp_specializes"": [null], ""reduction_loops"": [null]}",ok,9.216000325977802,0.0343317985534668,0
layer_norm,LA_001,256x1024,train,0,heuristics,0,3e903ca86f259d55,"{""atomic_indexing"": [], ""block_sizes"": [32], ""indexing"": [""pointer"", ""pointer"", ""pointer"", ""pointer"", ""pointer"", ""pointer"", ""pointer"", ""pointer"", ""pointer"", ""pointer"", ""pointer"", ""pointer""], ""load_eviction_policies"": ["""", """", """", """", """", """", """", """"], ""num_sm_multiplier"": 1, ""num_stages"": 2, ""num_warps"": 8, ""pid_type"": ""persistent_blocked"", ""range_flattens"": [null], ""range_multi_buffers"": [null], ""range_num_stages"": [0], ""range_unroll_factors"": [0], ""range_warp_specializes"": [null], ""reduction_loops"": [null]}",ok,11.264000087976456,0.022928476333618164,0
layer_norm,LA_001,256x1024,train,0,heuristics,0,721be399a1ab9717,"{""atomic_indexing"": [], ""block_sizes"": [4], ""indexing"": [""tensor_descriptor"", ""tensor_descriptor"", ""tensor_descriptor"", ""tensor_descriptor"", ""tensor_descriptor"", ""tensor_descriptor"", ""tensor_descriptor"", ""tensor_descriptor"", ""tensor_descriptor"", ""tensor_descriptor"", ""tensor_descriptor"", ""tensor_descriptor""], ""load_eviction_policies"": ["""", """", """", """", """", """", """", """"], ""num_stages"": 2, ""num_warps"": 4, ""pid_type"": ""flat"", ""range_flattens"": [null], ""range_multi_buffers"": [null], ""range_num_stages"": [0], ""range_unroll_factors"": [0], ""range_warp_specializes"": [null], ""reduction_loops"": [null]}",ok,7.168000098317862,0.024096965789794922,0
layer_norm,LA_001,256x1024,train,0,heuristics,0,96bf501bc29598bf,"{""atomic_indexing"": [], ""block_sizes"": [64], ""indexing"": [""pointer"", ""pointer"", ""pointer"", ""pointer"", ""pointer"", ""pointer"", ""pointer"", ""pointer"", ""pointer"", ""pointer"", ""pointer"", ""pointer""], ""load_eviction_policies"": ["""", """", """", """", """", """", """", """"], ""num_sm_multiplier"": 1, ""num_stages"": 3, ""num_warps"": 16, ""pid_type"": ""persistent_interleaved"", ""range_flattens"": [null], ""range_multi_buffers"": [null], ""range_num_stages"": [0], ""range_unroll_factors"": [0], ""range_warp_specializes"": [null], ""reduction_loops"": [null]}",ok,15.424000099301338,0.3105902671813965,0
layer_norm,LA_001,256x1024,train,1,heuristics,0,04b1dd92c370cc99,"{""atomic_indexing"": [], ""block_sizes"": [2], ""indexing"": [""pointer"", ""pointer"", ""pointer"", ""tensor_descriptor"", ""tensor_descriptor"", ""tensor_descriptor"", ""tensor_descriptor"", ""tensor_descriptor"", ""tensor_descriptor"", ""pointer""], ""load_eviction_policies"": [""last"", """", ""last"", ""last"", ""first"", ""first"", """", ""last""], ""num_stages"": 1, ""num_warps"": 4, ""pid_type"": ""flat"", ""range_flattens"": [null], ""range_multi_buffers"": [null], ""range_num_stages"": [0], ""range_unroll_factors"": [0], ""range_warp_specializes"": [null], ""reduction_loops"": [null]}",ok,7.135999854654074,0.07475066184997559,1
layer_norm,LA_001,256x1024,train,1,heuristics,0,869c54e4b955a8c6,"{""atomic_indexing"": [], ""block_sizes"": [1], ""indexing"": [""tensor_descriptor"", ""pointer"", ""pointer"", ""tensor_descriptor"", ""pointer"", ""tensor_descriptor"", ""pointer"", ""pointer"", ""tensor_descriptor"", ""tensor_descriptor""], ""load_eviction_policies"": [""last"", """", ""first"", """", """", ""last"", """", ""last""], ""num_stages"": 4, ""num_warps"": 8, ""pid_type"": ""flat"", ""range_flattens"": [null], ""range_multi_buffers"": [null], ""range_num_stages"": [0], ""range_unroll_factors"": [0], ""range_warp_specializes"": [null], ""reduction_loops"": [2048]}",ok,7.135999854654074,0.06814193725585938,1
layer_norm,LA_001,256x1024,train,1,heuristics,0,43acbd1ca50d4ca3,"{""atomic_indexing"": [], ""block_sizes"": [1], ""indexing"": [""pointer"", ""tensor_descriptor"", ""pointer"", ""pointer"", ""pointer"", ""pointer"", ""tensor_descriptor"", ""pointer"", ""tensor_descriptor"", ""tensor_descriptor""], ""load_eviction_policies"": [""first"", """", """", ""first"", """", ""last"", ""first"", """"], ""num_stages"": 4, ""num_warps"": 8, ""pid_type"": ""flat"", ""range_flattens"": [null], ""range_multi_buffers"": [null], ""range_num_stages"": [0], ""range_unroll_factors"": [0], ""range_warp_specializes"": [null], ""reduction_loops"": [null]}",ok,7.168000098317862,0.061232805252075195,1
layer_norm,LA_001,256x1024,train,1,heuristics,0,0531906226c3040e,"{""block_sizes"": [1], ""indexing"": [""pointer"", ""pointer"", ""pointer"", ""pointer"", ""pointer"", ""pointer"", ""tensor_descriptor"", ""pointer"", ""pointer"", ""tensor_descriptor""], ""load_eviction_policies"": [""last"", """", ""first"", """", """", """", """", ""last""], ""num_stages"": 5, ""num_warps"": 16, ""pid_type"": ""flat"", ""range_flattens"": [null], ""range_multi_buffers"": [null], ""range_num_stages"": [0], ""range_unroll_factors"": [0], ""range_warp_specializes"": [null], ""reduction_loops"": [4096]}",ok,7.168000098317862,0.052626609802246094,1
layer_norm,LA_001,256x1024,train,1,heuristics,0,178e7391546ae2da,"{""atomic_indexing"": [], ""block_sizes"": [1], ""indexing"": [""pointer"", ""pointer"", ""tensor_descriptor"", ""pointer"", ""tensor_descriptor"", ""pointer"", ""tensor_descriptor"", ""pointer"", ""pointer"", ""pointer""], ""load_eviction_policies"": [""first"", """", ""last"", """", ""last"", ""last"", ""last"", """"], ""num_stages"": 7, ""num_warps"": 4, ""pid_type"": ""flat"", ""range_flattens"": [null], ""range_multi_buffers"": [null], ""range_num_stages"": [0], ""range_unroll_factors"": [0], ""range_warp_specializes"": [null], ""reduction_loops"": [null]}",ok,7.135999854654074,0.045687198638916016,1
layer_norm,LA_001,256x1024,train,1,heuristics,0,2052065dbe652edb,"{""atomic_indexing"": [], ""block_sizes"": [1], ""indexing"": [""pointer"", ""tensor_descriptor"", ""pointer"", ""pointer"", ""pointer"", ""tensor_descriptor"", ""pointer"", ""pointer"", ""pointer"", ""pointer""], ""load_eviction_policies"": [""last"", """", ""first"", """", """", ""last"", """", """"], ""num_stages"": 2, ""num_warps"": 16, ""pid_type"": ""flat"", ""range_flattens"": [null], ""range_multi_buffers"": [null], ""range_num_stages"": [0], ""range_unroll_factors"": [0], ""range_warp_specializes"": [null], ""reduction_loops"": [4096]}",ok,7.168000098317862,0.03762960433959961,1
layer_norm,LA_001,256x1024,train,1,heuristics,0,186fed3761377dbd,"{""atomic_indexing"": [], ""block_sizes"": [1], ""indexing"": [""tensor_descriptor"", ""pointer"", ""tensor_descriptor"", ""pointer"", ""tensor_descriptor"", ""tensor_descriptor"", ""pointer"", ""pointer"", ""tensor_descriptor"", ""tensor_descriptor""], ""load_eviction_policies"": ["""", """", ""last"", """", ""last"", ""first"", ""last"", ""first""], ""num_stages"": 7, ""num_warps"": 4, ""pid_type"": ""flat"", ""range_flattens"": [null], ""range_multi_buffers"": [null], ""range_num_stages"": [0], ""range_unroll_factors"": [0], ""range_warp_specializes"": [null], ""reduction_loops"": [null]}",ok,7.168000098317862,0.03052520751953125,1
layer_norm,LA_001,256x1024,train,1,heuristics,0,85df12bd2fb6305f,"{""atomic_indexing"": [], ""block_sizes"": [1], ""indexing"": [""tensor_descriptor"", ""pointer"", ""tensor_descriptor"", ""tensor_descriptor"", ""pointer"", ""tensor_descriptor"", ""tensor_descriptor"", ""tensor_descriptor"", ""pointer"", ""tensor_descriptor""], ""load_eviction_policies"": [""first"", ""last"", ""last"", ""last"", ""first"", ""last"", ""first"", ""first""], ""num_stages"": 2, ""num_warps"": 8, ""pid_type"": ""flat"", ""range_flattens"": [null], ""range_multi_buffers"": [null], ""range_num_stages"": [0], ""range_unroll_factors"": [0], ""range_warp_specializes"": [null], ""reduction_loops"": [null]}",ok,7.135999854654074,0.023028850555419922,1
layer_norm,LA_001,256x1024,train,1,heuristics,0,decf2056869ee2b5,"{""atomic_indexing"": [], ""block_sizes"": [1], ""indexing"": [""pointer"", ""tensor_descriptor"", ""pointer"", ""tensor_descriptor"", ""tensor_descriptor"", ""pointer"", ""pointer"", ""pointer"", ""tensor_descriptor"", ""pointer""], ""load_eviction_policies"": ["""", ""last"", ""first"", """", ""last"", ""first"", ""last"", ""last""], ""num_stages"": 2, ""num_warps"": 1, ""pid_type"": ""flat"", ""range_flattens"": [null], ""range_multi_buffers"": [null], ""range_num_stages"": [0], ""range_unroll_factors"": [0], ""range_warp_specializes"": [null], ""reduction_loops"": [1024]}",ok,7.168000098317862,0.02151036262512207,1
layer_norm,LA_001,256x1024,train,1,heuristics,0,4cac37630d96589f,"{""atomic_indexing"": [], ""block_sizes"": [1], ""indexing"": [""pointer"", ""pointer"", ""pointer"", ""pointer"", ""pointer"", ""pointer"", ""pointer"", ""pointer"", ""pointer"", ""pointer"", ""pointer"", ""pointer""], ""load_eviction_policies"": ["""", """", """", """", """", """", """", """"], ""num_stages"": 1, ""num_warps"": 4, ""pid_type"": ""flat"", ""range_flattens"": [null], ""range_multi_buffers"": [null], ""range_num_stages"": [0], ""range_unroll_factors"": [0], ""range_warp_specializes"": [null], ""reduction_loops"": [null]}",ok,7.135999854654074,0.020748615264892578,0
layer_norm,LA_001,256x1024,train,1,heuristics,0,4f20157b80d5d0c6,"{""atomic_indexing"": [], ""block_sizes"": [8], ""indexing"": [""pointer"", ""pointer"", ""pointer"", ""pointer"", ""pointer"", ""pointer"", ""pointer"", ""pointer"", ""pointer"", ""pointer"", ""pointer"", ""pointer""], ""load_eviction_policies"": ["""", """", """", """", """", """", """", """"], ""num_stages"": 2, ""num_warps"": 4, ""pid_type"": ""flat"", ""range_flattens"": [null], ""range_multi_buffers"": [null], ""range_num_stages"": [0], ""range_unroll_factors"": [0], ""range_warp_specializes"": [null], ""reduction_loops"": [null]}",ok,7.168000098317862,0.03365969657897949,0
layer_norm,LA_001,256x1024,train,1,heuristics,0,afb9e7c4832b5792,"{""atomic_indexing"": [], ""block_sizes"": [16], ""indexing"": [""pointer"", ""pointer"", ""pointer"", ""pointer"", ""pointer"", ""pointer"", ""pointer"", ""pointer"", ""pointer"", ""pointer"", ""pointer"", ""pointer""], ""load_eviction_policies"": ["""", """", """", """", """", """", """", """"], ""num_stages"": 3, ""num_warps"": 8, ""pid_type"": ""flat"", ""range_flattens"": [null], ""range_multi_buffers"": [null], ""range_num_stages"": [0], ""range_unroll_factors"": [0], ""range_warp_specializes"": [null], ""reduction_loops"": [null]}",ok,9.184000082314014,0.02690720558166504,0
layer_norm,LA_001,256x1024,train,1,heuristics,0,3e903ca86f259d55,"{""atomic_indexing"": [], ""block_sizes"": [32], ""indexing"": [""pointer"", ""pointer"", ""pointer"", ""pointer"", ""pointer"", ""pointer"", ""pointer"", ""pointer"", ""pointer"", ""pointer"", ""pointer"", ""pointer""], ""load_eviction_policies"": ["""", """", """", """", """", """", """", """"], ""num_sm_multiplier"": 1, ""num_stages"": 2, ""num_warps"": 8, ""pid_type"": ""persistent_blocked"", ""range_flattens"": [null], ""range_multi_buffers"": [null], ""range_num_stages"": [0], ""range_unroll_factors"": [0], ""range_warp_specializes"": [null], ""reduction_loops"": [null]}",ok,11.264000087976456,0.022710800170898438,0
layer_norm,LA_001,256x1024,train,1,heuristics,0,22c02f5c123ff29c,"{""atomic_indexing"": [], ""block_sizes"": [4], ""indexing"": [""tensor_descriptor"", ""tensor_descriptor"", ""tensor_descriptor"", ""tensor_descriptor"", ""tensor_descriptor"", ""tensor_descriptor"", ""tensor_descriptor"", ""tensor_descriptor"", ""tensor_descriptor"", ""tensor_descriptor"", ""tensor_descriptor"", ""tensor_descriptor""], ""load_eviction_policies"": ["""", """", """", """", """", """", """", """"], ""num_stages"": 3, ""num_warps"": 4, ""pid_type"": ""flat"", ""range_flattens"": [null], ""range_multi_buffers"": [null], ""range_num_stages"": [0], ""range_unroll_factors"": [0], ""range_warp_specializes"": [null], ""reduction_loops"": [null]}",ok,7.168000098317862,0.02275824546813965,0
layer_norm,LA_001,256x1024,train,1,heuristics,0,8139de7ccfa9ffcd,"{""atomic_indexing"": [], ""block_sizes"": [64], ""indexing"": [""pointer"", ""pointer"", ""pointer"", ""pointer"", ""pointer"", ""pointer"", ""pointer"", ""pointer"", ""pointer"", ""pointer"", ""pointer"", ""pointer""], ""load_eviction_policies"": ["""", """", """", """", """", """", """", """"], ""num_sm_multiplier"": 1, ""num_stages"": 2, ""num_warps"": 16, ""pid_type"": ""persistent_interleaved"", ""range_flattens"": [null], ""range_multi_buffers"": [null], ""range_num_stages"": [0], ""range_unroll_factors"": [0], ""range_warp_specializes"": [null], ""reduction_loops"": [null]}",ok,15.39199985563755,0.023902177810668945,0
layer_norm,LA_001,256x1024,train,2,heuristics,0,04b1dd92c370cc99,"{""atomic_indexing"": [], ""block_sizes"": [2], ""indexing"": [""pointer"", ""pointer"", ""pointer"", ""tensor_descriptor"", ""tensor_descriptor"", ""tensor_descriptor"", ""tensor_descriptor"", ""tensor_descriptor"", ""tensor_descriptor"", ""pointer""], ""load_eviction_policies"": [""last"", """", ""last"", ""last"", ""first"", ""first"", """", ""last""], ""num_stages"": 1, ""num_warps"": 4, ""pid_type"": ""flat"", ""range_flattens"": [null], ""range_multi_buffers"": [null], ""range_num_stages"": [0], ""range_unroll_factors"": [0], ""range_warp_specializes"": [null], ""reduction_loops"": [null]}",ok,7.135999854654074,0.08511567115783691,1
layer_norm,LA_001,256x1024,train,2,heuristics,0,869c54e4b955a8c6,"{""atomic_indexing"": [], ""block_sizes"": [1], ""indexing"": [""tensor_descriptor"", ""pointer"", ""pointer"", ""tensor_descriptor"", ""pointer"", ""tensor_descriptor"", ""pointer"", ""pointer"", ""tensor_descriptor"", ""tensor_descriptor""], ""load_eviction_policies"": [""last"", """", ""first"", """", """", ""last"", """", ""last""], ""num_stages"": 4, ""num_warps"": 8, ""pid_type"": ""flat"", ""range_flattens"": [null], ""range_multi_buffers"": [null], ""range_num_stages"": [0], ""range_unroll_factors"": [0], ""range_warp_specializes"": [null], ""reduction_loops"": [2048]}",ok,7.135999854654074,0.07895541191101074,1
layer_norm,LA_001,256x1024,train,2,heuristics,0,43acbd1ca50d4ca3,"{""atomic_indexing"": [], ""block_sizes"": [1], ""indexing"": [""pointer"", ""tensor_descriptor"", ""pointer"", ""pointer"", ""pointer"", ""pointer"", ""tensor_descriptor"", ""pointer"", ""tensor_descriptor"", ""tensor_descriptor""], ""load_eviction_policies"": [""first"", """", """", ""first"", """", ""last"", ""first"", """"], ""num_stages"": 4, ""num_warps"": 8, ""pid_type"": ""flat"", ""range_flattens"": [null], ""range_multi_buffers"": [null], ""range_num_stages"": [0], ""range_unroll_factors"": [0], ""range_warp_specializes"": [null], ""reduction_loops"": [null]}",ok,7.135999854654074,0.07082796096801758,1
layer_norm,LA_001,256x1024,train,2,heuristics,0,0531906226c3040e,"{""block_sizes"": [1], ""indexing"": [""pointer"", ""pointer"", ""pointer"", ""pointer"", ""pointer"", ""pointer"", ""tensor_descriptor"", ""pointer"", ""pointer"", ""tensor_descriptor""], ""load_eviction_policies"": [""last"", """", ""first"", """", """", """", """", ""last""], ""num_stages"": 5, ""num_warps"": 16, ""pid_type"": ""flat"", ""range_flattens"": [null], ""range_multi_buffers"": [null], ""range_num_stages"": [0], ""range_unroll_factors"": [0], ""range_warp_specializes"": [null], ""reduction_loops"": [4096]}",ok,7.168000098317862,0.06394290924072266,1
layer_norm,LA_001,256x1024,train,2,heuristics,0,178e7391546ae2da,"{""atomic_indexing"": [], ""block_sizes"": [1], ""indexing"": [""pointer"", ""pointer"", ""tensor_descriptor"", ""pointer"", ""tensor_descriptor"", ""pointer"", ""tensor_descriptor"", ""pointer"", ""pointer"", ""pointer""], ""load_eviction_policies"": [""first"", """", ""last"", """", ""last"", ""last"", ""last"", """"], ""num_stages"": 7, ""num_warps"": 4, ""pid_type"": ""flat"", ""range_flattens"": [null], ""range_multi_buffers"": [null], ""range_num_stages"": [0], ""range_unroll_factors"": [0], ""range_warp_specializes"": [null], ""reduction_loops"": [null]}",ok,7.168000098317862,0.044953107833862305,1
layer_norm,LA_001,256x1024,train,2,heuristics,0,2052065dbe652edb,"{""atomic_indexing"": [], ""block_sizes"": [1], ""indexing"": [""pointer"", ""tensor_descriptor"", ""pointer"", ""pointer"", ""pointer"", ""tensor_descriptor"", ""pointer"", ""pointer"", ""pointer"", ""pointer""], ""load_eviction_policies"": [""last"", """", ""first"", """", """", ""last"", """", """"], ""num_stages"": 2, ""num_warps"": 16, ""pid_type"": ""flat"", ""range_flattens"": [null], ""range_multi_buffers"": [null], ""range_num_stages"": [0], ""range_unroll_factors"": [0], ""range_warp_specializes"": [null], ""reduction_loops"": [4096]}",ok,7.168000098317862,0.03780984878540039,1
layer_norm,LA_001,256x1024,train,2,heuristics,0,186fed3761377dbd,"{""atomic_indexing"": [], ""block_sizes"": [1], ""indexing"": [""tensor_descriptor"", ""pointer"", ""tensor_descriptor"", ""pointer"", ""tensor_descriptor"", ""tensor_descriptor"", ""pointer"", ""pointer"", ""tensor_descriptor"", ""tensor_descriptor""], ""load_eviction_policies"": ["""", """", ""last"", """", ""last"", ""first"", ""last"", ""first""], ""num_stages"": 7, ""num_warps"": 4, ""pid_type"": ""flat"", ""range_flattens"": [null], ""range_multi_buffers"": [null], ""range_num_stages"": [0], ""range_unroll_factors"": [0], ""range_warp_specializes"": [null], ""reduction_loops"": [null]}",ok,7.168000098317862,0.029564380645751953,1
layer_norm,LA_001,256x1024,train,2,heuristics,0,85df12bd2fb6305f,"{""atomic_indexing"": [], ""block_sizes"": [1], ""indexing"": [""tensor_descriptor"", ""pointer"", ""tensor_descriptor"", ""tensor_descriptor"", ""pointer"", ""tensor_descriptor"", ""tensor_descriptor"", ""tensor_descriptor"", ""pointer"", ""tensor_descriptor""], ""load_eviction_policies"": [""first"", ""last"", ""last"", ""last"", ""first"", ""last"", ""first"", ""first""], ""num_stages"": 2, ""num_warps"": 8, ""pid_type"": ""flat"", ""range_flattens"": [null], ""range_multi_buffers"": [null], ""range_num_stages"": [0], ""range_unroll_factors"": [0], ""range_warp_specializes"": [null], ""reduction_loops"": [null]}",ok,7.135999854654074,0.022940874099731445,1
layer_norm,LA_001,256x1024,train,2,heuristics,0,decf2056869ee2b5,"{""atomic_indexing"": [], ""block_sizes"": [1], ""indexing"": [""pointer"", ""tensor_descriptor"", ""pointer"", ""tensor_descriptor"", ""tensor_descriptor"", ""pointer"", ""pointer"", ""pointer"", ""tensor_descriptor"", ""pointer""], ""load_eviction_policies"": ["""", ""last"", ""first"", """", ""last"", ""first"", ""last"", ""last""], ""num_stages"": 2, ""num_warps"": 1, ""pid_type"": ""flat"", ""range_flattens"": [null], ""range_multi_buffers"": [null], ""range_num_stages"": [0], ""range_unroll_factors"": [0], ""range_warp_specializes"": [null], ""reduction_loops"": [1024]}",ok,7.135999854654074,0.02105569839477539,1
layer_norm,LA_001,256x1024,train,2,heuristics,0,4cac37630d96589f,"{""atomic_indexing"": [], ""block_sizes"": [1], ""indexing"": [""pointer"", ""pointer"", ""pointer"", ""pointer"", ""pointer"", ""pointer"", ""pointer"", ""pointer"", ""pointer"", ""pointer"", ""pointer"", ""pointer""], ""load_eviction_policies"": ["""", """", """", """", """", """", """", """"], ""num_stages"": 1, ""num_warps"": 4, ""pid_type"": ""flat"", ""range_flattens"": [null], ""range_multi_buffers"": [null], ""range_num_stages"": [0], ""range_unroll_factors"": [0], ""range_warp_specializes"": [null], ""reduction_loops"": [null]}",ok,7.135999854654074,0.020383834838867188,0
layer_norm,LA_001,256x1024,train,2,heuristics,0,4f20157b80d5d0c6,"{""atomic_indexing"": [], ""block_sizes"": [8], ""indexing"": [""pointer"", ""pointer"", ""pointer"", ""pointer"", ""pointer"", ""pointer"", ""pointer"", ""pointer"", ""pointer"", ""pointer"", ""pointer"", ""pointer""], ""load_eviction_policies"": ["""", """", """", """", """", """", """", """"], ""num_stages"": 2, ""num_warps"": 4, ""pid_type"": ""flat"", ""range_flattens"": [null], ""range_multi_buffers"": [null], ""range_num_stages"": [0], ""range_unroll_factors"": [0], ""range_warp_specializes"": [null], ""reduction_loops"": [null]}",ok,7.168000098317862,0.04653501510620117,0
layer_norm,LA_001,256x1024,train,2,heuristics,0,afb9e7c4832b5792,"{""atomic_indexing"": [], ""block_sizes"": [16], ""indexing"": [""pointer"", ""pointer"", ""pointer"", ""pointer"", ""pointer"", ""pointer"", ""pointer"", ""pointer"", ""pointer"", ""pointer"", ""pointer"", ""pointer""], ""load_eviction_policies"": ["""", """", """", """", """", """", """", """"], ""num_stages"": 3, ""num_warps"": 8, ""pid_type"": ""flat"", ""range_flattens"": [null], ""range_multi_buffers"": [null], ""range_num_stages"": [0], ""range_unroll_factors"": [0], ""range_warp_specializes"": [null], ""reduction_loops"": [null]}",ok,9.216000325977802,0.03969097137451172,0
layer_norm,LA_001,256x1024,train,2,heuristics,0,3e903ca86f259d55,"{""atomic_indexing"": [], ""block_sizes"": [32], ""indexing"": [""pointer"", ""pointer"", ""pointer"", ""pointer"", ""pointer"", ""pointer"", ""pointer"", ""pointer"", ""pointer"", ""pointer"", ""pointer"", ""pointer""], ""load_eviction_policies"": ["""", """", """", """", """", """", """", """"], ""num_sm_multiplier"": 1, ""num_stages"": 2, ""num_warps"": 8, ""pid_type"": ""persistent_blocked"", ""range_flattens"": [null], ""range_multi_buffers"": [null], ""range_num_stages"": [0], ""range_unroll_factors"": [0], ""range_warp_specializes"": [null], ""reduction_loops"": [null]}",ok,11.264000087976456,0.03330230712890625,0
layer_norm,LA_001,256x1024,train,2,heuristics,0,22c02f5c123ff29c,"{""atomic_indexing"": [], ""block_sizes"": [4], ""indexing"": [""tensor_descriptor"", ""tensor_descriptor"", ""tensor_descriptor"", ""tensor_descriptor"", ""tensor_descriptor"", ""tensor_descriptor"", ""tensor_descriptor"", ""tensor_descriptor"", ""tensor_descriptor"", ""tensor_descriptor"", ""tensor_descriptor"", ""tensor_descriptor""], ""load_eviction_policies"": ["""", """", """", """", """", """", """", """"], ""num_stages"": 3, ""num_warps"": 4, ""pid_type"": ""flat"", ""range_flattens"": [null], ""range_multi_buffers"": [null], ""range_num_stages"": [0], ""range_unroll_factors"": [0], ""range_warp_specializes"": [null], ""reduction_loops"": [null]}",ok,7.168000098317862,0.03191328048706055,0
layer_norm,LA_001,256x1024,train,2,heuristics,0,8139de7ccfa9ffcd,"{""atomic_indexing"": [], ""block_sizes"": [64], ""indexing"": [""pointer"", ""pointer"", ""pointer"", ""pointer"", ""pointer"", ""pointer"", ""pointer"", ""pointer"", ""pointer"", ""pointer"", ""pointer"", ""pointer""], ""load_eviction_policies"": ["""", """", """", """", """", """", """", """"], ""num_sm_multiplier"": 1, ""num_stages"": 2, ""num_warps"": 16, ""pid_type"": ""persistent_interleaved"", ""range_flattens"": [null], ""range_multi_buffers"": [null], ""range_num_stages"": [0], ""range_unroll_factors"": [0], ""range_warp_specializes"": [null], ""reduction_loops"": [null]}",ok,15.424000099301338,0.020795583724975586,0
layer_norm,LA_002,256x4096,train,0,heuristics,0,43acbd1ca50d4ca3,"{""atomic_indexing"": [], ""block_sizes"": [1], ""indexing"": [""pointer"", ""tensor_descriptor"", ""pointer"", ""pointer"", ""pointer"", ""pointer"", ""tensor_descriptor"", ""pointer"", ""tensor_descriptor"", ""tensor_descriptor""], ""load_eviction_policies"": [""first"", """", """", ""first"", """", ""last"", ""first"", """"], ""num_stages"": 4, ""num_warps"": 8, ""pid_type"": ""flat"", ""range_flattens"": [null], ""range_multi_buffers"": [null], ""range_num_stages"": [0], ""range_unroll_factors"": [0], ""range_warp_specializes"": [null], ""reduction_loops"": [null]}",ok,9.216000325977802,0.07259917259216309,1
layer_norm,LA_002,256x4096,train,0,heuristics,0,869c54e4b955a8c6,"{""atomic_indexing"": [], ""block_sizes"": [1], ""indexing"": [""tensor_descriptor"", ""pointer"", ""pointer"", ""tensor_descriptor"", ""pointer"", ""tensor_descriptor"", ""pointer"", ""pointer"", ""tensor_descriptor"", ""tensor_descriptor""], ""load_eviction_policies"": [""last"", """", ""first"", """", """", ""last"", """", ""last""], ""num_stages"": 4, ""num_warps"": 8, ""pid_type"": ""flat"", ""range_flattens"": [null], ""range_multi_buffers"": [null], ""range_num_stages"": [0], ""range_unroll_factors"": [0], ""range_warp_specializes"": [null], ""reduction_loops"": [2048]}",ok,7.2639998979866505,0.1652543544769287,1
layer_norm,LA_002,256x4096,train,0,heuristics,0,0531906226c3040e,"{""block_sizes"": [1], ""indexing"": [""pointer"", ""pointer"", ""pointer"", ""pointer"", ""pointer"", ""pointer"", ""tensor_descriptor"", ""pointer"", ""pointer"", ""tensor_descriptor""], ""load_eviction_policies"": [""last"", """", ""first"", """", """", """", """", ""last""], ""num_stages"": 5, ""num_warps"": 16, ""pid_type"": ""flat"", ""range_flattens"": [null], ""range_multi_buffers"": [null], ""range_num_stages"": [0], ""range_unroll_factors"": [0], ""range_warp_specializes"": [null], ""reduction_loops"": [4096]}",ok,7.199999876320362,0.15654349327087402,1
layer_norm,LA_002,256x4096,train,0,heuristics,0,04b1dd92c370cc99,"{""atomic_indexing"": [], ""block_sizes"": [2], ""indexing"": [""pointer"", ""pointer"", ""pointer"", ""tensor_descriptor"", ""tensor_descriptor"", ""tensor_descriptor"", ""tensor_descriptor"", ""tensor_descriptor"", ""tensor_descriptor"", ""pointer""], ""load_eviction_policies"": [""last"", """", ""last"", ""last"", ""first"", ""first"", """", ""last""], ""num_stages"": 1, ""num_warps"": 4, ""pid_type"": ""flat"", ""range_flattens"": [null], ""range_multi_buffers"": [null], ""range_num_stages"": [0], ""range_unroll_factors"": [0], ""range_warp_specializes"": [null], ""reduction_loops"": [null]}",ok,9.216000325977802,0.18740057945251465,1
layer_norm,LA_002,256x4096,train,0,heuristics,0,178e7391546ae2da,"{""atomic_indexing"": [], ""block_sizes"": [1], ""indexing"": [""pointer"", ""pointer"", ""tensor_descriptor"", ""pointer"", ""tensor_descriptor"", ""pointer"", ""tensor_descriptor"", ""pointer"", ""pointer"", ""pointer""], ""load_eviction_policies"": [""first"", """", ""last"", """", ""last"", ""last"", ""last"", """"], ""num_stages"": 7, ""num_warps"": 4, ""pid_type"": ""flat"", ""range_flattens"": [null], ""range_multi_buffers"": [null], ""range_num_stages"": [0], ""range_unroll_factors"": [0], ""range_warp_specializes"": [null], ""reduction_loops"": [null]}",ok,9.184000082314014,0.1566028594970703,1
layer_norm,LA_002,256x4096,train,0,heuristics,0,2052065dbe652edb,"{""atomic_indexing"": [], ""block_sizes"": [1], ""indexing"": [""pointer"", ""tensor_descriptor"", ""pointer"", ""pointer"", ""pointer"", ""tensor_descriptor"", ""pointer"", ""pointer"", ""pointer"", ""pointer""], ""load_eviction_policies"": [""last"", """", ""first"", """", """", ""last"", """", """"], ""num_stages"": 2, ""num_warps"": 16, ""pid_type"": ""flat"", ""range_flattens"": [null], ""range_multi_buffers"": [null], ""range_num_stages"": [0], ""range_unroll_factors"": [0], ""range_warp_specializes"": [null], ""reduction_loops"": [4096]}",ok,7.199999876320362,0.15110158920288086,1
layer_norm,LA_002,256x4096,train,0,heuristics,0,186fed3761377dbd,"{""atomic_indexing"": [], ""block_sizes"": [1], ""indexing"": [""tensor_descriptor"", ""pointer"", ""tensor_descriptor"", ""pointer"", ""tensor_descriptor"", ""tensor_descriptor"", ""pointer"", ""pointer"", ""tensor_descriptor"", ""tensor_descriptor""], ""load_eviction_policies"": ["""", """", ""last"", """", ""last"", ""first"", ""last"", ""first""], ""num_stages"": 7, ""num_warps"": 4, ""pid_type"": ""flat"", ""range_flattens"": [null], ""range_multi_buffers"": [null], ""range_num_stages"": [0], ""range_unroll_factors"": [0], ""range_warp_specializes"": [null], ""reduction_loops"": [null]}",ok,9.184000082314014,0.1513514518737793,1
layer_norm,LA_002,256x4096,train,0,heuristics,0,85df12bd2fb6305f,"{""atomic_indexing"": [], ""block_sizes"": [1], ""indexing"": [""tensor_descriptor"", ""pointer"", ""tensor_descriptor"", ""tensor_descriptor"", ""pointer"", ""tensor_descriptor"", ""tensor_descriptor"", ""tensor_descriptor"", ""pointer"", ""tensor_descriptor""], ""load_eviction_policies"": [""first"", ""last"", ""last"", ""last"", ""first"", ""last"", ""first"", ""first""], ""num_stages"": 2, ""num_warps"": 8, ""pid_type"": ""flat"", ""range_flattens"": [null], ""range_multi_buffers"": [null], ""range_num_stages"": [0], ""range_unroll_factors"": [0], ""range_warp_specializes"": [null], ""reduction_loops"": [null]}",ok,7.23200011998415,0.1410365104675293,1
layer_norm,LA_002,256x4096,train,0,heuristics,0,decf2056869ee2b5,"{""atomic_indexing"": [], ""block_sizes"": [1], ""indexing"": [""pointer"", ""tensor_descriptor"", ""pointer"", ""tensor_descriptor"", ""tensor_descriptor"", ""pointer"", ""pointer"", ""pointer"", ""tensor_descriptor"", ""pointer""], ""load_eviction_policies"": ["""", ""last"", ""first"", """", ""last"", ""first"", ""last"", ""last""], ""num_stages"": 2, ""num_warps"": 1, ""pid_type"": ""flat"", ""range_flattens"": [null], ""range_multi_buffers"": [null], ""range_num_stages"": [0], ""range_unroll_factors"": [0], ""range_warp_specializes"": [null], ""reduction_loops"": [1024]}",ok,11.264000087976456,0.22863268852233887,1
layer_norm,LA_002,256x4096,train,0,heuristics,0,4cac37630d96589f,"{""atomic_indexing"": [], ""block_sizes"": [1], ""indexing"": [""pointer"", ""pointer"", ""pointer"", ""pointer"", ""pointer"", ""pointer"", ""pointer"", ""pointer"", ""pointer"", ""pointer"", ""pointer"", ""pointer""], ""load_eviction_policies"": ["""", """", """", """", """", """", """", """"], ""num_stages"": 1, ""num_warps"": 4, ""pid_type"": ""flat"", ""range_flattens"": [null], ""range_multi_buffers"": [null], ""range_num_stages"": [0], ""range_unroll_factors"": [0], ""range_warp_specializes"": [null], ""reduction_loops"": [null]}",ok,9.184000082314014,0.03273630142211914,0
layer_norm,LA_002,256x4096,train,0,heuristics,0,4218c14d26c77e45,"{""atomic_indexing"": [], ""block_sizes"": [4], ""indexing"": [""pointer"", ""pointer"", ""pointer"", ""pointer"", ""pointer"", ""pointer"", ""pointer"", ""pointer"", ""pointer"", ""pointer"", ""pointer"", ""pointer""], ""load_eviction_policies"": ["""", """", """", """", """", """", """", """"], ""num_stages"": 2, ""num_warps"": 8, ""pid_type"": ""flat"", ""range_flattens"": [null], ""range_multi_buffers"": [null], ""range_num_stages"": [0], ""range_unroll_factors"": [0], ""range_warp_specializes"": [null], ""reduction_loops"": [null]}",ok,9.200000204145908,0.04142618179321289,0
layer_norm,LA_002,256x4096,train,0,heuristics,0,73729bc79eaa013d,"{""atomic_indexing"": [], ""block_sizes"": [8], ""indexing"": [""pointer"", ""pointer"", ""pointer"", ""pointer"", ""pointer"", ""pointer"", ""pointer"", ""pointer"", ""pointer"", ""pointer"", ""pointer"", ""pointer""], ""load_eviction_policies"": ["""", """", """", """", """", """", """", """"], ""num_stages"": 3, ""num_warps"": 16, ""pid_type"": ""flat"", ""range_flattens"": [null], ""range_multi_buffers"": [null], ""range_num_stages"": [0], ""range_unroll_factors"": [0], ""range_warp_specializes"": [null], ""reduction_loops"": [null]}",ok,11.071999557316303,0.040804386138916016,0
layer_norm,LA_002,256x4096,train,0,heuristics,0,b1d0b32d7d9eb1b8,"{""atomic_indexing"": [], ""block_sizes"": [2], ""indexing"": [""pointer"", ""pointer"", ""pointer"", ""pointer"", ""pointer"", ""pointer"", ""pointer"", ""pointer"", ""pointer"", ""pointer"", ""pointer"", ""pointer""], ""load_eviction_policies"": ["""", """", """", """", """", """", """", """"], ""num_sm_multiplier"": 1, ""num_stages"": 2, ""num_warps"": 4, ""pid_type"": ""persistent_blocked"", ""range_flattens"": [null], ""range_multi_buffers"": [null], ""range_num_stages"": [0], ""range_unroll_factors"": [0], ""range_warp_specializes"": [null], ""reduction_loops"": [null]}",ok,9.184000082314014,0.038321495056152344,0
layer_norm,LA_002,256x4096,train,0,heuristics,0,3a45bcfe59512a8f,"{""atomic_indexing"": [], ""block_sizes"": [16], ""indexing"": [""tensor_descriptor"", ""tensor_descriptor"", ""tensor_descriptor"", ""tensor_descriptor"", ""tensor_descriptor"", ""tensor_descriptor"", ""tensor_descriptor"", ""tensor_descriptor"", ""tensor_descriptor"", ""tensor_descriptor"", ""tensor_descriptor"", ""tensor_descriptor""], ""load_eviction_policies"": ["""", """", """", """", """", """", """", """"], ""num_stages"": 2, ""num_warps"": 16, ""pid_type"": ""flat"", ""range_flattens"": [null], ""range_multi_buffers"": [null], ""range_num_stages"": [0], ""range_unroll_factors"": [0], ""range_warp_specializes"": [null], ""reduction_loops"": [null]}",ok,21.503999829292297,0.03421783447265625,0
layer_norm,LA_002,256x4096,train,1,heuristics,0,43acbd1ca50d4ca3,"{""atomic_indexing"": [], ""block_sizes"": [1], ""indexing"": [""pointer"", ""tensor_descriptor"", ""pointer"", ""pointer"", ""pointer"", ""pointer"", ""tensor_descriptor"", ""pointer"", ""tensor_descriptor"", ""tensor_descriptor""], ""load_eviction_policies"": [""first"", """", """", ""first"", """", ""last"", ""first"", """"], ""num_stages"": 4, ""num_warps"": 8, ""pid_type"": ""flat"", ""range_flattens"": [null], ""range_multi_buffers"": [null], ""range_num_stages"": [0], ""range_unroll_factors"": [0], ""range_warp_specializes"": [null], ""reduction_loops"": [null]}",ok,7.23200011998415,0.11954712867736816,1
layer_norm,LA_002,256x4096,train,1,heuristics,0,869c54e4b955a8c6,"{""atomic_indexing"": [], ""block_sizes"": [1], ""indexing"": [""tensor_descriptor"", ""pointer"", ""pointer"", ""tensor_descriptor"", ""pointer"", ""tensor_descriptor"", ""pointer"", ""pointer"", ""tensor_descriptor"", ""tensor_descriptor""], ""load_eviction_policies"": [""last"", """", ""first"", """", """", ""last"", """", ""last""], ""num_stages"": 4, ""num_warps"": 8, ""pid_type"": ""flat"", ""range_flattens"": [null], ""range_multi_buffers"": [null], ""range_num_stages"": [0], ""range_unroll_factors"": [0], ""range_warp_specializes"": [null], ""reduction_loops"": [2048]}",ok,7.296000141650438,0.10822272300720215,1
layer_norm,LA_002,256x4096,train,1,heuristics,0,0531906226c3040e,"{""block_sizes"": [1], ""indexing"": [""pointer"", ""pointer"", ""pointer"", ""pointer"", ""pointer"", ""pointer"", ""tensor_descriptor"", ""pointer"", ""pointer"", ""tensor_descriptor""], ""load_eviction_policies"": [""last"", """", ""first"", """", """", """", """", ""last""], ""num_stages"": 5, ""num_warps"": 16, ""pid_type"": ""flat"", ""range_flattens"": [null], ""range_multi_buffers"": [null], ""range_num_stages"": [0], ""range_unroll_factors"": [0], ""range_warp_specializes"": [null], ""reduction_loops"": [4096]}",ok,7.2639998979866505,0.09740352630615234,1
layer_norm,LA_002,256x4096,train,1,heuristics,0,04b1dd92c370cc99,"{""atomic_indexing"": [], ""block_sizes"": [2], ""indexing"": [""pointer"", ""pointer"", ""pointer"", ""tensor_descriptor"", ""tensor_descriptor"", ""tensor_descriptor"", ""tensor_descriptor"", ""tensor_descriptor"", ""tensor_descriptor"", ""pointer""], ""load_eviction_policies"": [""last"", """", ""last"", ""last"", ""first"", ""first"", """", ""last""], ""num_stages"": 1, ""num_warps"": 4, ""pid_type"": ""flat"", ""range_flattens"": [null], ""range_multi_buffers"": [null], ""range_num_stages"": [0], ""range_unroll_factors"": [0], ""range_warp_specializes"": [null], ""reduction_loops"": [null]}",ok,9.216000325977802,0.08873510360717773,1
layer_norm,LA_002,256x4096,train,1,heuristics,0,178e7391546ae2da,"{""atomic_indexing"": [], ""block_sizes"": [1], ""indexing"": [""pointer"", ""pointer"", ""tensor_descriptor"", ""pointer"", ""tensor_descriptor"", ""pointer"", ""tensor_descriptor"", ""pointer"", ""pointer"", ""pointer""], ""load_eviction_policies"": [""first"", """", ""last"", """", ""last"", ""last"", ""last"", """"], ""num_stages"": 7, ""num_warps"": 4, ""pid_type"": ""flat"", ""range_flattens"": [null], ""range_multi_buffers"": [null], ""range_num_stages"": [0], ""range_unroll_factors"": [0], ""range_warp_specializes"": [null], ""reduction_loops"": [null]}",ok,9.216000325977802,0.08067536354064941,1
layer_norm,LA_002,256x4096,train,1,heuristics,0,2052065dbe652edb,"{""atomic_indexing"": [], ""block_sizes"": [1], ""indexing"": [""pointer"", ""tensor_descriptor"", ""pointer"", ""pointer"", ""pointer"", ""tensor_descriptor"", ""pointer"", ""pointer"", ""pointer"", ""pointer""], ""load_eviction_policies"": [""last"", """", ""first"", """", """", ""last"", """", """"], ""num_stages"": 2, ""num_warps"": 16, ""pid_type"": ""flat"", ""range_flattens"": [null], ""range_multi_buffers"": [null], ""range_num_stages"": [0], ""range_unroll_factors"": [0], ""range_warp_specializes"": [null], ""reduction_loops"": [4096]}",ok,7.199999876320362,0.06379175186157227,1
layer_norm,LA_002,256x4096,train,1,heuristics,0,186fed3761377dbd,"{""atomic_indexing"": [], ""block_sizes"": [1], ""indexing"": [""tensor_descriptor"", ""pointer"", ""tensor_descriptor"", ""pointer"", ""tensor_descriptor"", ""tensor_descriptor"", ""pointer"", ""pointer"", ""tensor_descriptor"", ""tensor_descriptor""], ""load_eviction_policies"": ["""", """", ""last"", """", ""last"", ""first"", ""last"", ""first""], ""num_stages"": 7, ""num_warps"": 4, ""pid_type"": ""flat"", ""range_flattens"": [null], ""range_multi_buffers"": [null], ""range_num_stages"": [0], ""range_unroll_factors"": [0], ""range_warp_specializes"": [null], ""reduction_loops"": [null]}",ok,9.184000082314014,0.05556678771972656,1
layer_norm,LA_002,256x4096,train,1,heuristics,0,85df12bd2fb6305f,"{""atomic_indexing"": [], ""block_sizes"": [1], ""indexing"": [""tensor_descriptor"", ""pointer"", ""tensor_descriptor"", ""tensor_descriptor"", ""pointer"", ""tensor_descriptor"", ""tensor_descriptor"", ""tensor_descriptor"", ""pointer"", ""tensor_descriptor""], ""load_eviction_policies"": [""first"", ""last"", ""last"", ""last"", ""first"", ""last"", ""first"", ""first""], ""num_stages"": 2, ""num_warps"": 8, ""pid_type"": ""flat"", ""range_flattens"": [null], ""range_multi_buffers"": [null], ""range_num_stages"": [0], ""range_unroll_factors"": [0], ""range_warp_specializes"": [null], ""reduction_loops"": [null]}",ok,7.23200011998415,0.04610896110534668,1
layer_norm,LA_002,256x4096,train,1,heuristics,0,decf2056869ee2b5,"{""atomic_indexing"": [], ""block_sizes"": [1], ""indexing"": [""pointer"", ""tensor_descriptor"", ""pointer"", ""tensor_descriptor"", ""tensor_descriptor"", ""pointer"", ""pointer"", ""pointer"", ""tensor_descriptor"", ""pointer""], ""load_eviction_policies"": ["""", ""last"", ""first"", """", ""last"", ""first"", ""last"", ""last""], ""num_stages"": 2, ""num_warps"": 1, ""pid_type"": ""flat"", ""range_flattens"": [null], ""range_multi_buffers"": [null], ""range_num_stages"": [0], ""range_unroll_factors"": [0], ""range_warp_specializes"": [null], ""reduction_loops"": [1024]}",ok,11.231999844312668,0.028868675231933594,1
layer_norm,LA_002,256x4096,train,1,heuristics,0,4cac37630d96589f,"{""atomic_indexing"": [], ""block_sizes"": [1], ""indexing"": [""pointer"", ""pointer"", ""pointer"", ""pointer"", ""pointer"", ""pointer"", ""pointer"", ""pointer"", ""pointer"", ""pointer"", ""pointer"", ""pointer""], ""load_eviction_policies"": ["""", """", """", """", """", """", """", """"], ""num_stages"": 1, ""num_warps"": 4, ""pid_type"": ""flat"", ""range_flattens"": [null], ""range_multi_buffers"": [null], ""range_num_stages"": [0], ""range_unroll_factors"": [0], ""range_warp_specializes"": [null], ""reduction_loops"": [null]}",ok,9.184000082314014,0.040740013122558594,0
layer_norm,LA_002,256x4096,train,1,heuristics,0,a88843cd554ac29c,"{""atomic_indexing"": [], ""block_sizes"": [1], ""indexing"": [""pointer"", ""pointer"", ""pointer"", ""pointer"", ""pointer"", ""pointer"", ""pointer"", ""pointer"", ""pointer"", ""pointer"", ""pointer"", ""pointer""], ""load_eviction_policies"": ["""", """", """", """", """", """", """", """"], ""num_stages"": 2, ""num_warps"": 4, ""pid_type"": ""flat"", ""range_flattens"": [null], ""range_multi_buffers"": [null], ""range_num_stages"": [0], ""range_unroll_factors"": [0], ""range_warp_specializes"": [null], ""reduction_loops"": [null]}",ok,9.216000325977802,0.05875205993652344,0
layer_norm,LA_002,256x4096,train,1,heuristics,0,5adfaffdeb2d6522,"{""atomic_indexing"": [], ""block_sizes"": [2], ""indexing"": [""pointer"", ""pointer"", ""pointer"", ""pointer"", ""pointer"", ""pointer"", ""pointer"", ""pointer"", ""pointer"", ""pointer"", ""pointer"", ""pointer""], ""load_eviction_policies"": ["""", """", """", """", """", """", """", """"], ""num_stages"": 2, ""num_warps"": 8, ""pid_type"": ""flat"", ""range_flattens"": [null], ""range_multi_buffers"": [null], ""range_num_stages"": [0], ""range_unroll_factors"": [0], ""range_warp_specializes"": [null], ""reduction_loops"": [null]}",ok,7.199999876320362,0.0436244010925293,0
layer_norm,LA_002,256x4096,train,1,heuristics,0,115a741e653c0351,"{""atomic_indexing"": [], ""block_sizes"": [4], ""indexing"": [""pointer"", ""pointer"", ""pointer"", ""pointer"", ""pointer"", ""pointer"", ""pointer"", ""pointer"", ""pointer"", ""pointer"", ""pointer"", ""pointer""], ""load_eviction_policies"": ["""", """", """", """", """", """", """", """"], ""num_sm_multiplier"": 1, ""num_stages"": 3, ""num_warps"": 8, ""pid_type"": ""persistent_blocked"", ""range_flattens"": [null], ""range_multi_buffers"": [null], ""range_num_stages"": [0], ""range_unroll_factors"": [0], ""range_warp_specializes"": [null], ""reduction_loops"": [null]}",ok,9.184000082314014,0.1872706413269043,0
layer_norm,LA_002,256x4096,train,1,heuristics,0,3c1d10c1d7e97d13,"{""atomic_indexing"": [], ""block_sizes"": [1], ""indexing"": [""tensor_descriptor"", ""tensor_descriptor"", ""tensor_descriptor"", ""tensor_descriptor"", ""tensor_descriptor"", ""tensor_descriptor"", ""tensor_descriptor"", ""tensor_descriptor"", ""tensor_descriptor"", ""tensor_descriptor"", ""tensor_descriptor"", ""tensor_descriptor""], ""load_eviction_policies"": ["""", """", """", """", """", """", """", """"], ""num_stages"": 3, ""num_warps"": 8, ""pid_type"": ""flat"", ""range_flattens"": [null], ""range_multi_buffers"": [null], ""range_num_stages"": [0], ""range_unroll_factors"": [0], ""range_warp_specializes"": [null], ""reduction_loops"": [null]}",ok,7.23200011998415,0.13037776947021484,0
layer_norm,LA_002,256x4096,train,1,heuristics,0,e00858707e7380df,"{""atomic_indexing"": [], ""block_sizes"": [8], ""indexing"": [""pointer"", ""pointer"", ""pointer"", ""pointer"", ""pointer"", ""pointer"", ""pointer"", ""pointer"", ""pointer"", ""pointer"", ""pointer"", ""pointer""], ""load_eviction_policies"": ["""", """", """", """", """", """", """", """"], ""num_sm_multiplier"": 1, ""num_stages"": 2, ""num_warps"": 16, ""pid_type"": ""persistent_interleaved"", ""range_flattens"": [null], ""range_multi_buffers"": [null], ""range_num_stages"": [0], ""range_unroll_factors"": [0], ""range_warp_specializes"": [null], ""reduction_loops"": [null]}",ok,11.19999960064888,0.2224576473236084,0
layer_norm,LA_002,256x4096,train,2,heuristics,0,43acbd1ca50d4ca3,"{""atomic_indexing"": [], ""block_sizes"": [1], ""indexing"": [""pointer"", ""tensor_descriptor"", ""pointer"", ""pointer"", ""pointer"", ""pointer"", ""tensor_descriptor"", ""pointer"", ""tensor_descriptor"", ""tensor_descriptor""], ""load_eviction_policies"": [""first"", """", """", ""first"", """", ""last"", ""first"", """"], ""num_stages"": 4, ""num_warps"": 8, ""pid_type"": ""flat"", ""range_flattens"": [null], ""range_multi_buffers"": [null], ""range_num_stages"": [0], ""range_unroll_factors"": [0], ""range_warp_specializes"": [null], ""reduction_loops"": [null]}",ok,7.199999876320362,0.09167981147766113,1
layer_norm,LA_002,256x4096,train,2,heuristics,0,869c54e4b955a8c6,"{""atomic_indexing"": [], ""block_sizes"": [1], ""indexing"": [""tensor_descriptor"", ""pointer"", ""pointer"", ""tensor_descriptor"", ""pointer"", ""tensor_descriptor"", ""pointer"", ""pointer"", ""tensor_descriptor"", ""tensor_descriptor""], ""load_eviction_policies"": [""last"", """", ""first"", """", """", ""last"", """", ""last""], ""num_stages"": 4, ""num_warps"": 8, ""pid_type"": ""flat"", ""range_flattens"": [null], ""range_multi_buffers"": [null], ""range_num_stages"": [0], ""range_unroll_factors"": [0], ""range_warp_specializes"": [null], ""reduction_loops"": [2048]}",ok,7.2639998979866505,0.07603931427001953,1
layer_norm,LA_002,256x4096,train,2,heuristics,0,0531906226c3040e,"{""block_sizes"": [1], ""indexing"": [""pointer"", ""pointer"", ""pointer"", ""pointer"", ""pointer"", ""pointer"", ""tensor_descriptor"", ""pointer"", ""pointer"", ""tensor_descriptor""], ""load_eviction_policies"": [""last"", """", ""first"", """", """", """", """", ""last""], ""num_stages"": 5, ""num_warps"": 16, ""pid_type"": ""flat"", ""range_flattens"": [null], ""range_multi_buffers"": [null], ""range_num_stages"": [0], ""range_unroll_factors"": [0], ""range_warp_specializes"": [null], ""reduction_loops"": [4096]}",ok,7.199999876320362,0.06244301795959473,1
layer_norm,LA_002,256x4096,train,2,heuristics,0,04b1dd92c370cc99,"{""atomic_indexing"": [], ""block_sizes"": [2], ""indexing"": [""pointer"", ""pointer"", ""pointer"", ""tensor_descriptor"", ""tensor_descriptor"", ""tensor_descriptor"", ""tensor_descriptor"", ""tensor_descriptor"", ""tensor_descriptor"", ""pointer""], ""load_eviction_policies"": [""last"", """", ""last"", ""last"", ""first"", ""first"", """", ""last""], ""num_stages"": 1, ""num_warps"": 4, ""pid_type"": ""flat"", ""range_flattens"": [null], ""range_multi_buffers"": [null], ""range_num_stages"": [0], ""range_unroll_factors"": [0], ""range_warp_specializes"": [null], ""reduction_loops"": [null]}",ok,9.216000325977802,0.05417513847351074,1
layer_norm,LA_002,256x4096,train,2,heuristics,0,178e7391546ae2da,"{""atomic_indexing"": [], ""block_sizes"": [1], ""indexing"": [""pointer"", ""pointer"", ""tensor_descriptor"", ""pointer"", ""tensor_descriptor"", ""pointer"", ""tensor_descriptor"", ""pointer"", ""pointer"", ""pointer""], ""load_eviction_policies"": [""first"", """", ""last"", """", ""last"", ""last"", ""last"", """"], ""num_stages"": 7, ""num_warps"": 4, ""pid_type"": ""flat"", ""range_flattens"": [null], ""range_multi_buffers"": [null], ""range_num_stages"": [0], ""range_unroll_factors"": [0], ""range_warp_specializes"": [null], ""reduction_loops"": [null]}",ok,9.184000082314014,0.04681873321533203,1
layer_norm,LA_002,256x4096,train,2,heuristics,0,2052065dbe652edb,"{""atomic_indexing"": [], ""block_sizes"": [1], ""indexing"": [""pointer"", ""tensor_descriptor"", ""pointer"", ""pointer"", ""pointer"", ""tensor_descriptor"", ""pointer"", ""pointer"", ""pointer"", ""pointer""], ""load_eviction_policies"": [""last"", """", ""first"", """", """", ""last"", """", """"], ""num_stages"": 2, ""num_warps"": 16, ""pid_type"": ""flat"", ""range_flattens"": [null], ""range_multi_buffers"": [null], ""range_num_stages"": [0], ""range_unroll_factors"": [0], ""range_warp_specializes"": [null], ""reduction_loops"": [4096]}",ok,7.199999876320362,0.03941011428833008,1
layer_norm,LA_002,256x4096,train,2,heuristics,0,186fed3761377dbd,"{""atomic_indexing"": [], ""block_sizes"": [1], ""indexing"": [""tensor_descriptor"", ""pointer"", ""tensor_descriptor"", ""pointer"", ""tensor_descriptor"", ""tensor_descriptor"", ""pointer"", ""pointer"", ""tensor_descriptor"", ""tensor_descriptor""], ""load_eviction_policies"": ["""", """", ""last"", """", ""last"", ""first"", ""last"", ""first""], ""num_stages"": 7, ""num_warps"": 4, ""pid_type"": ""flat"", ""range_flattens"": [null], ""range_multi_buffers"": [null], ""range_num_stages"": [0], ""range_unroll_factors"": [0], ""range_warp_specializes"": [null], ""reduction_loops"": [null]}",ok,9.184000082314014,0.03103184700012207,1
layer_norm,LA_002,256x4096,train,2,heuristics,0,85df12bd2fb6305f,"{""atomic_indexing"": [], ""block_sizes"": [1], ""indexing"": [""tensor_descriptor"", ""pointer"", ""tensor_descriptor"", ""tensor_descriptor"", ""pointer"", ""tensor_descriptor"", ""tensor_descriptor"", ""tensor_descriptor"", ""pointer"", ""tensor_descriptor""], ""load_eviction_policies"": [""first"", ""last"", ""last"", ""last"", ""first"", ""last"", ""first"", ""first""], ""num_stages"": 2, ""num_warps"": 8, ""pid_type"": ""flat"", ""range_flattens"": [null], ""range_multi_buffers"": [null], ""range_num_stages"": [0], ""range_unroll_factors"": [0], ""range_warp_specializes"": [null], ""reduction_loops"": [null]}",ok,7.23200011998415,0.02368474006652832,1
layer_norm,LA_002,256x4096,train,2,heuristics,0,decf2056869ee2b5,"{""atomic_indexing"": [], ""block_sizes"": [1], ""indexing"": [""pointer"", ""tensor_descriptor"", ""pointer"", ""tensor_descriptor"", ""tensor_descriptor"", ""pointer"", ""pointer"", ""pointer"", ""tensor_descriptor"", ""pointer""], ""load_eviction_policies"": ["""", ""last"", ""first"", """", ""last"", ""first"", ""last"", ""last""], ""num_stages"": 2, ""num_warps"": 1, ""pid_type"": ""flat"", ""range_flattens"": [null], ""range_multi_buffers"": [null], ""range_num_stages"": [0], ""range_unroll_factors"": [0], ""range_warp_specializes"": [null], ""reduction_loops"": [1024]}",ok,11.231999844312668,0.020776987075805664,1
layer_norm,LA_002,256x4096,train,2,heuristics,0,4cac37630d96589f,"{""atomic_indexing"": [], ""block_sizes"": [1], ""indexing"": [""pointer"", ""pointer"", ""pointer"", ""pointer"", ""pointer"", ""pointer"", ""pointer"", ""pointer"", ""pointer"", ""pointer"", ""pointer"", ""pointer""], ""load_eviction_policies"": ["""", """", """", """", """", """", """", """"], ""num_stages"": 1, ""num_warps"": 4, ""pid_type"": ""flat"", ""range_flattens"": [null], ""range_multi_buffers"": [null], ""range_num_stages"": [0], ""range_unroll_factors"": [0], ""range_warp_specializes"": [null], ""reduction_loops"": [null]}",ok,9.216000325977802,0.02086472511291504,0
layer_norm,LA_002,256x4096,train,2,heuristics,0,4218c14d26c77e45,"{""atomic_indexing"": [], ""block_sizes"": [4], ""indexing"": [""pointer"", ""pointer"", ""pointer"", ""pointer"", ""pointer"", ""pointer"", ""pointer"", ""pointer"", ""pointer"", ""pointer"", ""pointer"", ""pointer""], ""load_eviction_policies"": ["""", """", """", """", """", """", """", """"], ""num_stages"": 2, ""num_warps"": 8, ""pid_type"": ""flat"", ""range_flattens"": [null], ""range_multi_buffers"": [null], ""range_num_stages"": [0], ""range_unroll_factors"": [0], ""range_warp_specializes"": [null], ""reduction_loops"": [null]}",ok,9.216000325977802,0.03447771072387695,0
layer_norm,LA_002,256x4096,train,2,heuristics,0,73729bc79eaa013d,"{""atomic_indexing"": [], ""block_sizes"": [8], ""indexing"": [""pointer"", ""pointer"", ""pointer"", ""pointer"", ""pointer"", ""pointer"", ""pointer"", ""pointer"", ""pointer"", ""pointer"", ""pointer"", ""pointer""], ""load_eviction_policies"": ["""", """", """", """", """", """", """", """"], ""num_stages"": 3, ""num_warps"": 16, ""pid_type"": ""flat"", ""range_flattens"": [null], ""range_multi_buffers"": [null], ""range_num_stages"": [0], ""range_unroll_factors"": [0], ""range_warp_specializes"": [null], ""reduction_loops"": [null]}",ok,9.40799992531538,0.02786564826965332,0
layer_norm,LA_002,256x4096,train,2,heuristics,0,2f71e9b859443d0a,"{""atomic_indexing"": [], ""block_sizes"": [2], ""indexing"": [""pointer"", ""pointer"", ""pointer"", ""pointer"", ""pointer"", ""pointer"", ""pointer"", ""pointer"", ""pointer"", ""pointer"", ""pointer"", ""pointer""], ""load_eviction_policies"": ["""", """", """", """", """", """", """", """"], ""num_sm_multiplier"": 1, ""num_stages"": 2, ""num_warps"": 8, ""pid_type"": ""persistent_blocked"", ""range_flattens"": [null], ""range_multi_buffers"": [null], ""range_num_stages"": [0], ""range_unroll_factors"": [0], ""range_warp_specializes"": [null], ""reduction_loops"": [null]}",ok,9.151999838650227,0.02517843246459961,0
layer_norm,LA_002,256x4096,train,2,heuristics,0,3a45bcfe59512a8f,"{""atomic_indexing"": [], ""block_sizes"": [16], ""indexing"": [""tensor_descriptor"", ""tensor_descriptor"", ""tensor_descriptor"", ""tensor_descriptor"", ""tensor_descriptor"", ""tensor_descriptor"", ""tensor_descriptor"", ""tensor_descriptor"", ""tensor_descriptor"", ""tensor_descriptor"", ""tensor_descriptor"", ""tensor_descriptor""], ""load_eviction_policies"": ["""", """", """", """", """", """", """", """"], ""num_stages"": 2, ""num_warps"": 16, ""pid_type"": ""flat"", ""range_flattens"": [null], ""range_multi_buffers"": [null], ""range_num_stages"": [0], ""range_unroll_factors"": [0], ""range_warp_specializes"": [null], ""reduction_loops"": [null]}",ok,21.47199958562851,0.020074844360351562,0
layer_norm,LA_002,256x4096,train,2,heuristics,0,a88843cd554ac29c,"{""atomic_indexing"": [], ""block_sizes"": [1], ""indexing"": [""pointer"", ""pointer"", ""pointer"", ""pointer"", ""pointer"", ""pointer"", ""pointer"", ""pointer"", ""pointer"", ""pointer"", ""pointer"", ""pointer""], ""load_eviction_policies"": ["""", """", """", """", """", """", """", """"], ""num_stages"": 2, ""num_warps"": 4, ""pid_type"": ""flat"", ""range_flattens"": [null], ""range_multi_buffers"": [null], ""range_num_stages"": [0], ""range_unroll_factors"": [0], ""range_warp_specializes"": [null], ""reduction_loops"": [null]}",ok,9.216000325977802,0.020202159881591797,0
layer_norm,LA_003,512x2048,train,0,heuristics,0,04b1dd92c370cc99,"{""atomic_indexing"": [], ""block_sizes"": [2], ""indexing"": [""pointer"", ""pointer"", ""pointer"", ""tensor_descriptor"", ""tensor_descriptor"", ""tensor_descriptor"", ""tensor_descriptor"", ""tensor_descriptor"", ""tensor_descriptor"", ""pointer""], ""load_eviction_policies"": [""last"", """", ""last"", ""last"", ""first"", ""first"", """", ""last""], ""num_stages"": 1, ""num_warps"": 4, ""pid_type"": ""flat"", ""range_flattens"": [null], ""range_multi_buffers"": [null], ""range_num_stages"": [0], ""range_unroll_factors"": [0], ""range_warp_specializes"": [null], ""reduction_loops"": [null]}",ok,7.168000098317862,0.08725714683532715,1
layer_norm,LA_003,512x2048,train,0,heuristics,0,869c54e4b955a8c6,"{""atomic_indexing"": [], ""block_sizes"": [1], ""indexing"": [""tensor_descriptor"", ""pointer"", ""pointer"", ""tensor_descriptor"", ""pointer"", ""tensor_descriptor"", ""pointer"", ""pointer"", ""tensor_descriptor"", ""tensor_descriptor""], ""load_eviction_policies"": [""last"", """", ""first"", """", """", ""last"", """", ""last""], ""num_stages"": 4, ""num_warps"": 8, ""pid_type"": ""flat"", ""range_flattens"": [null], ""range_multi_buffers"": [null], ""range_num_stages"": [0], ""range_unroll_factors"": [0], ""range_warp_specializes"": [null], ""reduction_loops"": [2048]}",ok,7.168000098317862,0.13252520561218262,1
layer_norm,LA_003,512x2048,train,0,heuristics,0,43acbd1ca50d4ca3,"{""atomic_indexing"": [], ""block_sizes"": [1], ""indexing"": [""pointer"", ""tensor_descriptor"", ""pointer"", ""pointer"", ""pointer"", ""pointer"", ""tensor_descriptor"", ""pointer"", ""tensor_descriptor"", ""tensor_descriptor""], ""load_eviction_policies"": [""first"", """", """", ""first"", """", ""last"", ""first"", """"], ""num_stages"": 4, ""num_warps"": 8, ""pid_type"": ""flat"", ""range_flattens"": [null], ""range_multi_buffers"": [null], ""range_num_stages"": [0], ""range_unroll_factors"": [0], ""range_warp_specializes"": [null], ""reduction_loops"": [null]}",ok,7.135999854654074,0.12070131301879883,1
layer_norm,LA_003,512x2048,train,0,heuristics,0,0531906226c3040e,"{""block_sizes"": [1], ""indexing"": [""pointer"", ""pointer"", ""pointer"", ""pointer"", ""pointer"", ""pointer"", ""tensor_descriptor"", ""pointer"", ""pointer"", ""tensor_descriptor""], ""load_eviction_policies"": [""last"", """", ""first"", """", """", """", """", ""last""], ""num_stages"": 5, ""num_warps"": 16, ""pid_type"": ""flat"", ""range_flattens"": [null], ""range_multi_buffers"": [null], ""range_num_stages"": [0], ""range_unroll_factors"": [0], ""range_warp_specializes"": [null], ""reduction_loops"": [4096]}",ok,9.184000082314014,0.16289949417114258,1
layer_norm,LA_003,512x2048,train,0,heuristics,0,178e7391546ae2da,"{""atomic_indexing"": [], ""block_sizes"": [1], ""indexing"": [""pointer"", ""pointer"", ""tensor_descriptor"", ""pointer"", ""tensor_descriptor"", ""pointer"", ""tensor_descriptor"", ""pointer"", ""pointer"", ""pointer""], ""load_eviction_policies"": [""first"", """", ""last"", """", ""last"", ""last"", ""last"", """"], ""num_stages"": 7, ""num_warps"": 4, ""pid_type"": ""flat"", ""range_flattens"": [null], ""range_multi_buffers"": [null], ""range_num_stages"": [0], ""range_unroll_factors"": [0], ""range_warp_specializes"": [null], ""reduction_loops"": [null]}",ok,7.168000098317862,0.12939953804016113,1
layer_norm,LA_003,512x2048,train,0,heuristics,0,2052065dbe652edb,"{""atomic_indexing"": [], ""block_sizes"": [1], ""indexing"": [""pointer"", ""tensor_descriptor"", ""pointer"", ""pointer"", ""pointer"", ""tensor_descriptor"", ""pointer"", ""pointer"", ""pointer"", ""pointer""], ""load_eviction_policies"": [""last"", """", ""first"", """", """", ""last"", """", """"], ""num_stages"": 2, ""num_warps"": 16, ""pid_type"": ""flat"", ""range_flattens"": [null], ""range_multi_buffers"": [null], ""range_num_stages"": [0], ""range_unroll_factors"": [0], ""range_warp_specializes"": [null], ""reduction_loops"": [4096]}",ok,9.216000325977802,0.15542244911193848,1
layer_norm,LA_003,512x2048,train,0,heuristics,0,186fed3761377dbd,"{""atomic_indexing"": [], ""block_sizes"": [1], ""indexing"": [""tensor_descriptor"", ""pointer"", ""tensor_descriptor"", ""pointer"", ""tensor_descriptor"", ""tensor_descriptor"", ""pointer"", ""pointer"", ""tensor_descriptor"", ""tensor_descriptor""], ""load_eviction_policies"": ["""", """", ""last"", """", ""last"", ""first"", ""last"", ""first""], ""num_stages"": 7, ""num_warps"": 4, ""pid_type"": ""flat"", ""range_flattens"": [null], ""range_multi_buffers"": [null], ""range_num_stages"": [0], ""range_unroll_factors"": [0], ""range_warp_specializes"": [null], ""reduction_loops"": [null]}",ok,7.168000098317862,0.13529062271118164,1
layer_norm,LA_003,512x2048,train,0,heuristics,0,85df12bd2fb6305f,"{""atomic_indexing"": [], ""block_sizes"": [1], ""indexing"": [""tensor_descriptor"", ""pointer"", ""tensor_descriptor"", ""tensor_descriptor"", ""pointer"", ""tensor_descriptor"", ""tensor_descriptor"", ""tensor_descriptor"", ""pointer"", ""tensor_descriptor""], ""load_eviction_policies"": [""first"", ""last"", ""last"", ""last"", ""first"", ""last"", ""first"", ""first""], ""num_stages"": 2, ""num_warps"": 8, ""pid_type"": ""flat"", ""range_flattens"": [null], ""range_multi_buffers"": [null], ""range_num_stages"": [0], ""range_unroll_factors"": [0], ""range_warp_specializes"": [null], ""reduction_loops"": [null]}",ok,7.168000098317862,0.13180112838745117,1
layer_norm,LA_003,512x2048,train,0,heuristics,0,decf2056869ee2b5,"{""atomic_indexing"": [], ""block_sizes"": [1], ""indexing"": [""pointer"", ""tensor_descriptor"", ""pointer"", ""tensor_descriptor"", ""tensor_descriptor"", ""pointer"", ""pointer"", ""pointer"", ""tensor_descriptor"", ""pointer""], ""load_eviction_policies"": ["""", ""last"", ""first"", """", ""last"", ""first"", ""last"", ""last""], ""num_stages"": 2, ""num_warps"": 1, ""pid_type"": ""flat"", ""range_flattens"": [null], ""range_multi_buffers"": [null], ""range_num_stages"": [0], ""range_unroll_factors"": [0], ""range_warp_specializes"": [null], ""reduction_loops"": [1024]}",ok,9.216000325977802,0.20546483993530273,1
layer_norm,LA_003,512x2048,train,0,heuristics,0,4cac37630d96589f,"{""atomic_indexing"": [], ""block_sizes"": [1], ""indexing"": [""pointer"", ""pointer"", ""pointer"", ""pointer"", ""pointer"", ""pointer"", ""pointer"", ""pointer"", ""pointer"", ""pointer"", ""pointer"", ""pointer""], ""load_eviction_policies"": ["""", """", """", """", """", """", """", """"], ""num_stages"": 1, ""num_warps"": 4, ""pid_type"": ""flat"", ""range_flattens"": [null], ""range_multi_buffers"": [null], ""range_num_stages"": [0], ""range_unroll_factors"": [0], ""range_warp_specializes"": [null], ""reduction_loops"": [null]}",ok,7.168000098317862,0.02379322052001953,0
layer_norm,LA_003,512x2048,train,0,heuristics,0,4f20157b80d5d0c6,"{""atomic_indexing"": [], ""block_sizes"": [8], ""indexing"": [""pointer"", ""pointer"", ""pointer"", ""pointer"", ""pointer"", ""pointer"", ""pointer"", ""pointer"", ""pointer"", ""pointer"", ""pointer"", ""pointer""], ""load_eviction_policies"": ["""", """", """", """", """", """", """", """"], ""num_stages"": 2, ""num_warps"": 4, ""pid_type"": ""flat"", ""range_flattens"": [null], ""range_multi_buffers"": [null], ""range_num_stages"": [0], ""range_unroll_factors"": [0], ""range_warp_specializes"": [null], ""reduction_loops"": [null]}",ok,9.184000082314014,0.05220961570739746,0
layer_norm,LA_003,512x2048,train,0,heuristics,0,afb9e7c4832b5792,"{""atomic_indexing"": [], ""block_sizes"": [16], ""indexing"": [""pointer"", ""pointer"", ""pointer"", ""pointer"", ""pointer"", ""pointer"", ""pointer"", ""pointer"", ""pointer"", ""pointer"", ""pointer"", ""pointer""], ""load_eviction_policies"": ["""", """", """", """", """", """", """", """"], ""num_stages"": 3, ""num_warps"": 8, ""pid_type"": ""flat"", ""range_flattens"": [null], ""range_multi_buffers"": [null], ""range_num_stages"": [0], ""range_unroll_factors"": [0], ""range_warp_specializes"": [null], ""reduction_loops"": [null]}",ok,9.247999638319016,0.03683876991271973,0
layer_norm,LA_003,512x2048,train,0,heuristics,0,ae83c39b91d98510,"{""atomic_indexing"": [], ""block_sizes"": [4], ""indexing"": [""pointer"", ""pointer"", ""pointer"", ""pointer"", ""pointer"", ""pointer"", ""pointer"", ""pointer"", ""pointer"", ""pointer"", ""pointer"", ""pointer""], ""load_eviction_policies"": ["""", """", """", """", """", """", """", """"], ""num_sm_multiplier"": 1, ""num_stages"": 2, ""num_warps"": 4, ""pid_type"": ""persistent_interleaved"", ""range_flattens"": [null], ""range_multi_buffers"": [null], ""range_num_stages"": [0], ""range_unroll_factors"": [0], ""range_warp_specializes"": [null], ""reduction_loops"": [null]}",ok,9.151999838650227,0.3846902847290039,0
layer_norm,LA_003,512x2048,train,0,heuristics,0,3e903ca86f259d55,"{""atomic_indexing"": [], ""block_sizes"": [32], ""indexing"": [""pointer"", ""pointer"", ""pointer"", ""pointer"", ""pointer"", ""pointer"", ""pointer"", ""pointer"", ""pointer"", ""pointer"", ""pointer"", ""pointer""], ""load_eviction_policies"": ["""", """", """", """", """", """", """", """"], ""num_sm_multiplier"": 1, ""num_stages"": 2, ""num_warps"": 8, ""pid_type"": ""persistent_blocked"", ""range_flattens"": [null], ""range_multi_buffers"": [null], ""range_num_stages"": [0], ""range_unroll_factors"": [0], ""range_warp_specializes"": [null], ""reduction_loops"": [null]}",ok,13.344000093638897,0.024394989013671875,0
layer_norm,LA_003,512x2048,train,0,heuristics,0,e8fb871be054d38b,"{""atomic_indexing"": [], ""block_sizes"": [16], ""indexing"": [""tensor_descriptor"", ""tensor_descriptor"", ""tensor_descriptor"", ""tensor_descriptor"", ""tensor_descriptor"", ""tensor_descriptor"", ""tensor_descriptor"", ""tensor_descriptor"", ""tensor_descriptor"", ""tensor_descriptor"", ""tensor_descriptor"", ""tensor_descriptor""], ""load_eviction_policies"": ["""", """", """", """", """", """", """", """"], ""num_stages"": 3, ""num_warps"": 8, ""pid_type"": ""flat"", ""range_flattens"": [null], ""range_multi_buffers"": [null], ""range_num_stages"": [0], ""range_unroll_factors"": [0], ""range_warp_specializes"": [null], ""reduction_loops"": [null]}",ok,13.279999606311321,0.5287673473358154,0
layer_norm,LA_003,512x2048,train,1,heuristics,0,04b1dd92c370cc99,"{""atomic_indexing"": [], ""block_sizes"": [2], ""indexing"": [""pointer"", ""pointer"", ""pointer"", ""tensor_descriptor"", ""tensor_descriptor"", ""tensor_descriptor"", ""tensor_descriptor"", ""tensor_descriptor"", ""tensor_descriptor"", ""pointer""], ""load_eviction_policies"": [""last"", """", ""last"", ""last"", ""first"", ""first"", """", ""last""], ""num_stages"": 1, ""num_warps"": 4, ""pid_type"": ""flat"", ""range_flattens"": [null], ""range_multi_buffers"": [null], ""range_num_stages"": [0], ""range_unroll_factors"": [0], ""range_warp_specializes"": [null], ""reduction_loops"": [null]}",ok,7.168000098317862,0.10575485229492188,1
layer_norm,LA_003,512x2048,train,1,heuristics,0,869c54e4b955a8c6,"{""atomic_indexing"": [], ""block_sizes"": [1], ""indexing"": [""tensor_descriptor"", ""pointer"", ""pointer"", ""tensor_descriptor"", ""pointer"", ""tensor_descriptor"", ""pointer"", ""pointer"", ""tensor_descriptor"", ""tensor_descriptor""], ""load_eviction_policies"": [""last"", """", ""first"", """", """", ""last"", """", ""last""], ""num_stages"": 4, ""num_warps"": 8, ""pid_type"": ""flat"", ""range_flattens"": [null], ""range_multi_buffers"": [null], ""range_num_stages"": [0], ""range_unroll_factors"": [0], ""range_warp_specializes"": [null], ""reduction_loops"": [2048]}",ok,7.168000098317862,0.09154844284057617,1
layer_norm,LA_003,512x2048,train,1,heuristics,0,43acbd1ca50d4ca3,"{""atomic_indexing"": [], ""block_sizes"": [1], ""indexing"": [""pointer"", ""tensor_descriptor"", ""pointer"", ""pointer"", ""pointer"", ""pointer"", ""tensor_descriptor"", ""pointer"", ""tensor_descriptor"", ""tensor_descriptor""], ""load_eviction_policies"": [""first"", """", """", ""first"", """", ""last"", ""first"", """"], ""num_stages"": 4, ""num_warps"": 8, ""pid_type"": ""flat"", ""range_flattens"": [null], ""range_multi_buffers"": [null], ""range_num_stages"": [0], ""range_unroll_factors"": [0], ""range_warp_specializes"": [null], ""reduction_loops"": [null]}",ok,7.168000098317862,0.07652926445007324,1
layer_norm,LA_003,512x2048,train,1,heuristics,0,0531906226c3040e,"{""block_sizes"": [1], ""indexing"": [""pointer"", ""pointer"", ""pointer"", ""pointer"", ""pointer"", ""pointer"", ""tensor_descriptor"", ""pointer"", ""pointer"", ""tensor_descriptor""], ""load_eviction_policies"": [""last"", """", ""first"", """", """", """", """", ""last""], ""num_stages"": 5, ""num_warps"": 16, ""pid_type"": ""flat"", ""range_flattens"": [null], ""range_multi_buffers"": [null], ""range_num_stages"": [0], ""range_unroll_factors"": [0], ""range_warp_specializes"": [null], ""reduction_loops"": [4096]}",ok,9.184000082314014,0.06902718544006348,1
layer_norm,LA_003,512x2048,train,1,heuristics,0,178e7391546ae2da,"{""atomic_indexing"": [], ""block_sizes"": [1], ""indexing"": [""pointer"", ""pointer"", ""tensor_descriptor"", ""pointer"", ""tensor_descriptor"", ""pointer"", ""tensor_descriptor"", ""pointer"", ""pointer"", ""pointer""], ""load_eviction_policies"": [""first"", """", ""last"", """", ""last"", ""last"", ""last"", """"], ""num_stages"": 7, ""num_warps"": 4, ""pid_type"": ""flat"", ""range_flattens"": [null], ""range_multi_buffers"": [null], ""range_num_stages"": [0], ""range_unroll_factors"": [0], ""range_warp_specializes"": [null], ""reduction_loops"": [null]}",ok,7.168000098317862,0.05223798751831055,1
layer_norm,LA_003,512x2048,train,1,heuristics,0,2052065dbe652edb,"{""atomic_indexing"": [], ""block_sizes"": [1], ""indexing"": [""pointer"", ""tensor_descriptor"", ""pointer"", ""pointer"", ""pointer"", ""tensor_descriptor"", ""pointer"", ""pointer"", ""pointer"", ""pointer""], ""load_eviction_policies"": [""last"", """", ""first"", """", """", ""last"", """", """"], ""num_stages"": 2, ""num_warps"": 16, ""pid_type"": ""flat"", ""range_flattens"": [null], ""range_multi_buffers"": [null], ""range_num_stages"": [0], ""range_unroll_factors"": [0], ""range_warp_specializes"": [null], ""reduction_loops"": [4096]}",ok,9.216000325977802,0.043653249740600586,1
layer_norm,LA_003,512x2048,train,1,heuristics,0,186fed3761377dbd,"{""atomic_indexing"": [], ""block_sizes"": [1], ""indexing"": [""tensor_descriptor"", ""pointer"", ""tensor_descriptor"", ""pointer"", ""tensor_descriptor"", ""tensor_descriptor"", ""pointer"", ""pointer"", ""tensor_descriptor"", ""tensor_descriptor""], ""load_eviction_policies"": ["""", """", ""last"", """", ""last"", ""first"", ""last"", ""first""], ""num_stages"": 7, ""num_warps"": 4, ""pid_type"": ""flat"", ""range_flattens"": [null], ""range_multi_buffers"": [null], ""range_num_stages"": [0], ""range_unroll_factors"": [0], ""range_warp_specializes"": [null], ""reduction_loops"": [null]}",ok,7.168000098317862,0.03405046463012695,1
layer_norm,LA_003,512x2048,train,1,heuristics,0,85df12bd2fb6305f,"{""atomic_indexing"": [], ""block_sizes"": [1], ""indexing"": [""tensor_descriptor"", ""pointer"", ""tensor_descriptor"", ""tensor_descriptor"", ""pointer"", ""tensor_descriptor"", ""tensor_descriptor"", ""tensor_descriptor"", ""pointer"", ""tensor_descriptor""], ""load_eviction_policies"": [""first"", ""last"", ""last"", ""last"", ""first"", ""last"", ""first"", ""first""], ""num_stages"": 2, ""num_warps"": 8, ""pid_type"": ""flat"", ""range_flattens"": [null], ""range_multi_buffers"": [null], ""range_num_stages"": [0], ""range_unroll_factors"": [0], ""range_warp_specializes"": [null], ""reduction_loops"": [null]}",ok,7.168000098317862,0.02633953094482422,1
layer_norm,LA_003,512x2048,train,1,heuristics,0,decf2056869ee2b5,"{""atomic_indexing"": [], ""block_sizes"": [1], ""indexing"": [""pointer"", ""tensor_descriptor"", ""pointer"", ""tensor_descriptor"", ""tensor_descriptor"", ""pointer"", ""pointer"", ""pointer"", ""tensor_descriptor"", ""pointer""], ""load_eviction_policies"": ["""", ""last"", ""first"", """", ""last"", ""first"", ""last"", ""last""], ""num_stages"": 2, ""num_warps"": 1, ""pid_type"": ""flat"", ""range_flattens"": [null], ""range_multi_buffers"": [null], ""range_num_stages"": [0], ""range_unroll_factors"": [0], ""range_warp_specializes"": [null], ""reduction_loops"": [1024]}",ok,9.216000325977802,0.03544783592224121,1
layer_norm,LA_003,512x2048,train,1,heuristics,0,4cac37630d96589f,"{""atomic_indexing"": [], ""block_sizes"": [1], ""indexing"": [""pointer"", ""pointer"", ""pointer"", ""pointer"", ""pointer"", ""pointer"", ""pointer"", ""pointer"", ""pointer"", ""pointer"", ""pointer"", ""pointer""], ""load_eviction_policies"": ["""", """", """", """", """", """", """", """"], ""num_stages"": 1, ""num_warps"": 4, ""pid_type"": ""flat"", ""range_flattens"": [null], ""range_multi_buffers"": [null], ""range_num_stages"": [0], ""range_unroll_factors"": [0], ""range_warp_specializes"": [null], ""reduction_loops"": [null]}",ok,7.168000098317862,0.03763175010681152,0
layer_norm,LA_003,512x2048,train,1,heuristics,0,e124db399eec86eb,"{""atomic_indexing"": [], ""block_sizes"": [8], ""indexing"": [""pointer"", ""pointer"", ""pointer"", ""pointer"", ""pointer"", ""pointer"", ""pointer"", ""pointer"", ""pointer"", ""pointer"", ""pointer"", ""pointer""], ""load_eviction_policies"": ["""", """", """", """", """", """", """", """"], ""num_stages"": 2, ""num_warps"": 8, ""pid_type"": ""flat"", ""range_flattens"": [null], ""range_multi_buffers"": [null], ""range_num_stages"": [0], ""range_unroll_factors"": [0], ""range_warp_specializes"": [null], ""reduction_loops"": [null]}",ok,9.216000325977802,0.06636881828308105,0
layer_norm,LA_003,512x2048,train,1,heuristics,0,afb9e7c4832b5792,"{""atomic_indexing"": [], ""block_sizes"": [16], ""indexing"": [""pointer"", ""pointer"", ""pointer"", ""pointer"", ""pointer"", ""pointer"", ""pointer"", ""pointer"", ""pointer"", ""pointer"", ""pointer"", ""pointer""], ""load_eviction_policies"": ["""", """", """", """", """", """", """", """"], ""num_stages"": 3, ""num_warps"": 8, ""pid_type"": ""flat"", ""range_flattens"": [null], ""range_multi_buffers"": [null], ""range_num_stages"": [0], ""range_unroll_factors"": [0], ""range_warp_specializes"": [null], ""reduction_loops"": [null]}",ok,9.247999638319016,0.05035853385925293,0
layer_norm,LA_003,512x2048,train,1,heuristics,0,2f55ad23c11be5b0,"{""atomic_indexing"": [], ""block_sizes"": [4], ""indexing"": [""pointer"", ""pointer"", ""pointer"", ""pointer"", ""pointer"", ""pointer"", ""pointer"", ""pointer"", ""pointer"", ""pointer"", ""pointer"", ""pointer""], ""load_eviction_policies"": ["""", """", """", """", """", """", """", """"], ""num_sm_multiplier"": 1, ""num_stages"": 2, ""num_warps"": 4, ""pid_type"": ""persistent_blocked"", ""range_flattens"": [null], ""range_multi_buffers"": [null], ""range_num_stages"": [0], ""range_unroll_factors"": [0], ""range_warp_specializes"": [null], ""reduction_loops"": [null]}",ok,9.184000082314014,0.04384803771972656,0
layer_norm,LA_003,512x2048,train,1,heuristics,0,b8536e264609b0e2,"{""atomic_indexing"": [], ""block_sizes"": [32], ""indexing"": [""pointer"", ""pointer"", ""pointer"", ""pointer"", ""pointer"", ""pointer"", ""pointer"", ""pointer"", ""pointer"", ""pointer"", ""pointer"", ""pointer""], ""load_eviction_policies"": ["""", """", """", """", """", """", """", """"], ""num_sm_multiplier"": 1, ""num_stages"": 2, ""num_warps"": 16, ""pid_type"": ""persistent_interleaved"", ""range_flattens"": [null], ""range_multi_buffers"": [null], ""range_num_stages"": [0], ""range_unroll_factors"": [0], ""range_warp_specializes"": [null], ""reduction_loops"": [null]}",ok,17.40800030529499,0.03586935997009277,0
layer_norm,LA_003,512x2048,train,1,heuristics,0,a4c6bcde3478c76b,"{""atomic_indexing"": [], ""block_sizes"": [2], ""indexing"": [""pointer"", ""pointer"", ""pointer"", ""pointer"", ""pointer"", ""pointer"", ""pointer"", ""pointer"", ""pointer"", ""pointer"", ""pointer"", ""pointer""], ""load_eviction_policies"": ["""", """", """", """", """", """", """", """"], ""num_stages"": 1, ""num_warps"": 4, ""pid_type"": ""flat"", ""range_flattens"": [null], ""range_multi_buffers"": [null], ""range_num_stages"": [0], ""range_unroll_factors"": [0], ""range_warp_specializes"": [null], ""reduction_loops"": [null]}",ok,7.168000098317862,0.03681755065917969,0
layer_norm,LA_003,512x2048,train,2,heuristics,0,04b1dd92c370cc99,"{""atomic_indexing"": [], ""block_sizes"": [2], ""indexing"": [""pointer"", ""pointer"", ""pointer"", ""tensor_descriptor"", ""tensor_descriptor"", ""tensor_descriptor"", ""tensor_descriptor"", ""tensor_descriptor"", ""tensor_descriptor"", ""pointer""], ""load_eviction_policies"": [""last"", """", ""last"", ""last"", ""first"", ""first"", """", ""last""], ""num_stages"": 1, ""num_warps"": 4, ""pid_type"": ""flat"", ""range_flattens"": [null], ""range_multi_buffers"": [null], ""range_num_stages"": [0], ""range_unroll_factors"": [0], ""range_warp_specializes"": [null], ""reduction_loops"": [null]}",ok,7.168000098317862,0.15131378173828125,1
layer_norm,LA_003,512x2048,train,2,heuristics,0,869c54e4b955a8c6,"{""atomic_indexing"": [], ""block_sizes"": [1], ""indexing"": [""tensor_descriptor"", ""pointer"", ""pointer"", ""tensor_descriptor"", ""pointer"", ""tensor_descriptor"", ""pointer"", ""pointer"", ""tensor_descriptor"", ""tensor_descriptor""], ""load_eviction_policies"": [""last"", """", ""first"", """", """", ""last"", """", ""last""], ""num_stages"": 4, ""num_warps"": 8, ""pid_type"": ""flat"", ""range_flattens"": [null], ""range_multi_buffers"": [null], ""range_num_stages"": [0], ""range_unroll_factors"": [0], ""range_warp_specializes"": [null], ""reduction_loops"": [2048]}",ok,7.168000098317862,0.13479161262512207,1
layer_norm,LA_003,512x2048,train,2,heuristics,0,43acbd1ca50d4ca3,"{""atomic_indexing"": [], ""block_sizes"": [1], ""indexing"": [""pointer"", ""tensor_descriptor"", ""pointer"", ""pointer"", ""pointer"", ""pointer"", ""tensor_descriptor"", ""pointer"", ""tensor_descriptor"", ""tensor_descriptor""], ""load_eviction_policies"": [""first"", """", """", ""first"", """", ""last"", ""first"", """"], ""num_stages"": 4, ""num_warps"": 8, ""pid_type"": ""flat"", ""range_flattens"": [null], ""range_multi_buffers"": [null], ""range_num_stages"": [0], ""range_unroll_factors"": [0], ""range_warp_specializes"": [null], ""reduction_loops"": [null]}",ok,7.168000098317862,0.1181795597076416,1
layer_norm,LA_003,512x2048,train,2,heuristics,0,0531906226c3040e,"{""block_sizes"": [1], ""indexing"": [""pointer"", ""pointer"", ""pointer"", ""pointer"", ""pointer"", ""pointer"", ""tensor_descriptor"", ""pointer"", ""pointer"", ""tensor_descriptor""], ""load_eviction_policies"": [""last"", """", ""first"", """", """", """", """", ""last""], ""num_stages"": 5, ""num_warps"": 16, ""pid_type"": ""flat"", ""range_flattens"": [null], ""range_multi_buffers"": [null], ""range_num_stages"": [0], ""range_unroll_factors"": [0], ""range_warp_specializes"": [null], ""reduction_loops"": [4096]}",ok,9.184000082314014,0.10134100914001465,1
layer_norm,LA_003,512x2048,train,2,heuristics,0,178e7391546ae2da,"{""atomic_indexing"": [], ""block_sizes"": [1], ""indexing"": [""pointer"", ""pointer"", ""tensor_descriptor"", ""pointer"", ""tensor_descriptor"", ""pointer"", ""tensor_descriptor"", ""pointer"", ""pointer"", ""pointer""], ""load_eviction_policies"": [""first"", """", ""last"", """", ""last"", ""last"", ""last"", """"], ""num_stages"": 7, ""num_warps"": 4, ""pid_type"": ""flat"", ""range_flattens"": [null], ""range_multi_buffers"": [null], ""range_num_stages"": [0], ""range_unroll_factors"": [0], ""range_warp_specializes"": [null], ""reduction_loops"": [null]}",ok,7.135999854654074,0.08979201316833496,1
layer_norm,LA_003,512x2048,train,2,heuristics,0,2052065dbe652edb,"{""atomic_indexing"": [], ""block_sizes"": [1], ""indexing"": [""pointer"", ""tensor_descriptor"", ""pointer"", ""pointer"", ""pointer"", ""tensor_descriptor"", ""pointer"", ""pointer"", ""pointer"", ""pointer""], ""load_eviction_policies"": [""last"", """", ""first"", """", """", ""last"", """", """"], ""num_stages"": 2, ""num_warps"": 16, ""pid_type"": ""flat"", ""range_flattens"": [null], ""range_multi_buffers"": [null], ""range_num_stages"": [0], ""range_unroll_factors"": [0], ""range_warp_specializes"": [null], ""reduction_loops"": [4096]}",ok,9.184000082314014,0.07097792625427246,1
layer_norm,LA_003,512x2048,train,2,heuristics,0,186fed3761377dbd,"{""atomic_indexing"": [], ""block_sizes"": [1], ""indexing"": [""tensor_descriptor"", ""pointer"", ""tensor_descriptor"", ""pointer"", ""tensor_descriptor"", ""tensor_descriptor"", ""pointer"", ""pointer"", ""tensor_descriptor"", ""tensor_descriptor""], ""load_eviction_policies"": ["""", """", ""last"", """", ""last"", ""first"", ""last"", ""first""], ""num_stages"": 7, ""num_warps"": 4, ""pid_type"": ""flat"", ""range_flattens"": [null], ""range_multi_buffers"": [null], ""range_num_stages"": [0], ""range_unroll_factors"": [0], ""range_warp_specializes"": [null], ""reduction_loops"": [null]}",ok,7.168000098317862,0.058081626892089844,1
layer_norm,LA_003,512x2048,train,2,heuristics,0,85df12bd2fb6305f,"{""atomic_indexing"": [], ""block_sizes"": [1], ""indexing"": [""tensor_descriptor"", ""pointer"", ""tensor_descriptor"", ""tensor_descriptor"", ""pointer"", ""tensor_descriptor"", ""tensor_descriptor"", ""tensor_descriptor"", ""pointer"", ""tensor_descriptor""], ""load_eviction_policies"": [""first"", ""last"", ""last"", ""last"", ""first"", ""last"", ""first"", ""first""], ""num_stages"": 2, ""num_warps"": 8, ""pid_type"": ""flat"", ""range_flattens"": [null], ""range_multi_buffers"": [null], ""range_num_stages"": [0], ""range_unroll_factors"": [0], ""range_warp_specializes"": [null], ""reduction_loops"": [null]}",ok,7.168000098317862,0.03961038589477539,1
layer_norm,LA_003,512x2048,train,2,heuristics,0,decf2056869ee2b5,"{""atomic_indexing"": [], ""block_sizes"": [1], ""indexing"": [""pointer"", ""tensor_descriptor"", ""pointer"", ""tensor_descriptor"", ""tensor_descriptor"", ""pointer"", ""pointer"", ""pointer"", ""tensor_descriptor"", ""pointer""], ""load_eviction_policies"": ["""", ""last"", ""first"", """", ""last"", ""first"", ""last"", ""last""], ""num_stages"": 2, ""num_warps"": 1, ""pid_type"": ""flat"", ""range_flattens"": [null], ""range_multi_buffers"": [null], ""range_num_stages"": [0], ""range_unroll_factors"": [0], ""range_warp_specializes"": [null], ""reduction_loops"": [1024]}",ok,9.216000325977802,0.029596328735351562,1
layer_norm,LA_003,512x2048,train,2,heuristics,0,4cac37630d96589f,"{""atomic_indexing"": [], ""block_sizes"": [1], ""indexing"": [""pointer"", ""pointer"", ""pointer"", ""pointer"", ""pointer"", ""pointer"", ""pointer"", ""pointer"", ""pointer"", ""pointer"", ""pointer"", ""pointer""], ""load_eviction_policies"": ["""", """", """", """", """", """", """", """"], ""num_stages"": 1, ""num_warps"": 4, ""pid_type"": ""flat"", ""range_flattens"": [null], ""range_multi_buffers"": [null], ""range_num_stages"": [0], ""range_unroll_factors"": [0], ""range_warp_specializes"": [null], ""reduction_loops"": [null]}",ok,7.168000098317862,0.042803287506103516,0
layer_norm,LA_003,512x2048,train,2,heuristics,0,76a5f3962199cd5f,"{""atomic_indexing"": [], ""block_sizes"": [4], ""indexing"": [""pointer"", ""pointer"", ""pointer"", ""pointer"", ""pointer"", ""pointer"", ""pointer"", ""pointer"", ""pointer"", ""pointer"", ""pointer"", ""pointer""], ""load_eviction_policies"": ["""", """", """", """", """", """", """", """"], ""num_stages"": 2, ""num_warps"": 4, ""pid_type"": ""flat"", ""range_flattens"": [null], ""range_multi_buffers"": [null], ""range_num_stages"": [0], ""range_unroll_factors"": [0], ""range_warp_specializes"": [null], ""reduction_loops"": [null]}",ok,9.216000325977802,0.058013916015625,0
layer_norm,LA_003,512x2048,train,2,heuristics,0,4cb25375b2bdf253,"{""atomic_indexing"": [], ""block_sizes"": [8], ""indexing"": [""pointer"", ""pointer"", ""pointer"", ""pointer"", ""pointer"", ""pointer"", ""pointer"", ""pointer"", ""pointer"", ""pointer"", ""pointer"", ""pointer""], ""load_eviction_policies"": ["""", """", """", """", """", """", """", """"], ""num_stages"": 3, ""num_warps"": 8, ""pid_type"": ""flat"", ""range_flattens"": [null], ""range_multi_buffers"": [null], ""range_num_stages"": [0], ""range_unroll_factors"": [0], ""range_warp_specializes"": [null], ""reduction_loops"": [null]}",ok,9.184000082314014,0.048577070236206055,0
layer_norm,LA_003,512x2048,train,2,heuristics,0,5ef1e2e6eda2981a,"{""atomic_indexing"": [], ""block_sizes"": [16], ""indexing"": [""pointer"", ""pointer"", ""pointer"", ""pointer"", ""pointer"", ""pointer"", ""pointer"", ""pointer"", ""pointer"", ""pointer"", ""pointer"", ""pointer""], ""load_eviction_policies"": ["""", """", """", """", """", """", """", """"], ""num_sm_multiplier"": 1, ""num_stages"": 2, ""num_warps"": 8, ""pid_type"": ""persistent_blocked"", ""range_flattens"": [null], ""range_multi_buffers"": [null], ""range_num_stages"": [0], ""range_unroll_factors"": [0], ""range_warp_specializes"": [null], ""reduction_loops"": [null]}",ok,9.375999681651592,0.035161733627319336,0
layer_norm,LA_003,512x2048,train,2,heuristics,0,fcab894790eecb32,"{""atomic_indexing"": [], ""block_sizes"": [2], ""indexing"": [""tensor_descriptor"", ""tensor_descriptor"", ""tensor_descriptor"", ""tensor_descriptor"", ""tensor_descriptor"", ""tensor_descriptor"", ""tensor_descriptor"", ""tensor_descriptor"", ""tensor_descriptor"", ""tensor_descriptor"", ""tensor_descriptor"", ""tensor_descriptor""], ""load_eviction_policies"": ["""", """", """", """", """", """", """", """"], ""num_stages"": 4, ""num_warps"": 4, ""pid_type"": ""flat"", ""range_flattens"": [null], ""range_multi_buffers"": [null], ""range_num_stages"": [0], ""range_unroll_factors"": [0], ""range_warp_specializes"": [null], ""reduction_loops"": [null]}",ok,7.168000098317862,0.0325624942779541,0
layer_norm,LA_003,512x2048,train,2,heuristics,0,b8536e264609b0e2,"{""atomic_indexing"": [], ""block_sizes"": [32], ""indexing"": [""pointer"", ""pointer"", ""pointer"", ""pointer"", ""pointer"", ""pointer"", ""pointer"", ""pointer"", ""pointer"", ""pointer"", ""pointer"", ""pointer""], ""load_eviction_policies"": ["""", """", """", """", """", """", """", """"], ""num_sm_multiplier"": 1, ""num_stages"": 2, ""num_warps"": 16, ""pid_type"": ""persistent_interleaved"", ""range_flattens"": [null], ""range_multi_buffers"": [null], ""range_num_stages"": [0], ""range_unroll_factors"": [0], ""range_warp_specializes"": [null], ""reduction_loops"": [null]}",ok,17.40800030529499,0.04011988639831543,0
layer_norm,LA_004,1024x4096,train,0,heuristics,0,43acbd1ca50d4ca3,"{""atomic_indexing"": [], ""block_sizes"": [1], ""indexing"": [""pointer"", ""tensor_descriptor"", ""pointer"", ""pointer"", ""pointer"", ""pointer"", ""tensor_descriptor"", ""pointer"", ""tensor_descriptor"", ""tensor_descriptor""], ""load_eviction_policies"": [""first"", """", """", ""first"", """", ""last"", ""first"", """"], ""num_stages"": 4, ""num_warps"": 8, ""pid_type"": ""flat"", ""range_flattens"": [null], ""range_multi_buffers"": [null], ""range_num_stages"": [0], ""range_unroll_factors"": [0], ""range_warp_specializes"": [null], ""reduction_loops"": [null]}",ok,9.344000369310379,0.11561250686645508,1
layer_norm,LA_004,1024x4096,train,0,heuristics,0,869c54e4b955a8c6,"{""atomic_indexing"": [], ""block_sizes"": [1], ""indexing"": [""tensor_descriptor"", ""pointer"", ""pointer"", ""tensor_descriptor"", ""pointer"", ""tensor_descriptor"", ""pointer"", ""pointer"", ""tensor_descriptor"", ""tensor_descriptor""], ""load_eviction_policies"": [""last"", """", ""first"", """", """", ""last"", """", ""last""], ""num_stages"": 4, ""num_warps"": 8, ""pid_type"": ""flat"", ""range_flattens"": [null], ""range_multi_buffers"": [null], ""range_num_stages"": [0], ""range_unroll_factors"": [0], ""range_warp_specializes"": [null], ""reduction_loops"": [2048]}",ok,11.264000087976456,0.09875226020812988,1
layer_norm,LA_004,1024x4096,train,0,heuristics,0,0531906226c3040e,"{""block_sizes"": [1], ""indexing"": [""pointer"", ""pointer"", ""pointer"", ""pointer"", ""pointer"", ""pointer"", ""tensor_descriptor"", ""pointer"", ""pointer"", ""tensor_descriptor""], ""load_eviction_policies"": [""last"", """", ""first"", """", """", """", """", ""last""], ""num_stages"": 5, ""num_warps"": 16, ""pid_type"": ""flat"", ""range_flattens"": [null], ""range_multi_buffers"": [null], ""range_num_stages"": [0], ""range_unroll_factors"": [0], ""range_warp_specializes"": [null], ""reduction_loops"": [4096]}",ok,11.231999844312668,0.0838005542755127,1
layer_norm,LA_004,1024x4096,train,0,heuristics,0,04b1dd92c370cc99,"{""atomic_indexing"": [], ""block_sizes"": [2], ""indexing"": [""pointer"", ""pointer"", ""pointer"", ""tensor_descriptor"", ""tensor_descriptor"", ""tensor_descriptor"", ""tensor_descriptor"", ""tensor_descriptor"", ""tensor_descriptor"", ""pointer""], ""load_eviction_policies"": [""last"", """", ""last"", ""last"", ""first"", ""first"", """", ""last""], ""num_stages"": 1, ""num_warps"": 4, ""pid_type"": ""flat"", ""range_flattens"": [null], ""range_multi_buffers"": [null], ""range_num_stages"": [0], ""range_unroll_factors"": [0], ""range_warp_specializes"": [null], ""reduction_loops"": [null]}",ok,9.184000082314014,0.07660508155822754,1
layer_norm,LA_004,1024x4096,train,0,heuristics,0,178e7391546ae2da,"{""atomic_indexing"": [], ""block_sizes"": [1], ""indexing"": [""pointer"", ""pointer"", ""tensor_descriptor"", ""pointer"", ""tensor_descriptor"", ""pointer"", ""tensor_descriptor"", ""pointer"", ""pointer"", ""pointer""], ""load_eviction_policies"": [""first"", """", ""last"", """", ""last"", ""last"", ""last"", """"], ""num_stages"": 7, ""num_warps"": 4, ""pid_type"": ""flat"", ""range_flattens"": [null], ""range_multi_buffers"": [null], ""range_num_stages"": [0], ""range_unroll_factors"": [0], ""range_warp_specializes"": [null], ""reduction_loops"": [null]}",ok,9.184000082314014,0.06904387474060059,1
layer_norm,LA_004,1024x4096,train,0,heuristics,0,2052065dbe652edb,"{""atomic_indexing"": [], ""block_sizes"": [1], ""indexing"": [""pointer"", ""tensor_descriptor"", ""pointer"", ""pointer"", ""pointer"", ""tensor_descriptor"", ""pointer"", ""pointer"", ""pointer"", ""pointer""], ""load_eviction_policies"": [""last"", """", ""first"", """", """", ""last"", """", """"], ""num_stages"": 2, ""num_warps"": 16, ""pid_type"": ""flat"", ""range_flattens"": [null], ""range_multi_buffers"": [null], ""range_num_stages"": [0], ""range_unroll_factors"": [0], ""range_warp_specializes"": [null], ""reduction_loops"": [4096]}",ok,11.231999844312668,0.061528682708740234,1
layer_norm,LA_004,1024x4096,train,0,heuristics,0,186fed3761377dbd,"{""atomic_indexing"": [], ""block_sizes"": [1], ""indexing"": [""tensor_descriptor"", ""pointer"", ""tensor_descriptor"", ""pointer"", ""tensor_descriptor"", ""tensor_descriptor"", ""pointer"", ""pointer"", ""tensor_descriptor"", ""tensor_descriptor""], ""load_eviction_policies"": ["""", """", ""last"", """", ""last"", ""first"", ""last"", ""first""], ""num_stages"": 7, ""num_warps"": 4, ""pid_type"": ""flat"", ""range_flattens"": [null], ""range_multi_buffers"": [null], ""range_num_stages"": [0], ""range_unroll_factors"": [0], ""range_warp_specializes"": [null], ""reduction_loops"": [null]}",ok,9.184000082314014,0.04462933540344238,1
layer_norm,LA_004,1024x4096,train,0,heuristics,0,85df12bd2fb6305f,"{""atomic_indexing"": [], ""block_sizes"": [1], ""indexing"": [""tensor_descriptor"", ""pointer"", ""tensor_descriptor"", ""tensor_descriptor"", ""pointer"", ""tensor_descriptor"", ""tensor_descriptor"", ""tensor_descriptor"", ""pointer"", ""tensor_descriptor""], ""load_eviction_policies"": [""first"", ""last"", ""last"", ""last"", ""first"", ""last"", ""first"", ""first""], ""num_stages"": 2, ""num_warps"": 8, ""pid_type"": ""flat"", ""range_flattens"": [null], ""range_multi_buffers"": [null], ""range_num_stages"": [0], ""range_unroll_factors"": [0], ""range_warp_specializes"": [null], ""reduction_loops"": [null]}",ok,9.247999638319016,0.029966354370117188,1
layer_norm,LA_004,1024x4096,train,0,heuristics,0,decf2056869ee2b5,"{""atomic_indexing"": [], ""block_sizes"": [1], ""indexing"": [""pointer"", ""tensor_descriptor"", ""pointer"", ""tensor_descriptor"", ""tensor_descriptor"", ""pointer"", ""pointer"", ""pointer"", ""tensor_descriptor"", ""pointer""], ""load_eviction_policies"": ["""", ""last"", ""first"", """", ""last"", ""first"", ""last"", ""last""], ""num_stages"": 2, ""num_warps"": 1, ""pid_type"": ""flat"", ""range_flattens"": [null], ""range_multi_buffers"": [null], ""range_num_stages"": [0], ""range_unroll_factors"": [0], ""range_warp_specializes"": [null], ""reduction_loops"": [1024]}",ok,11.231999844312668,0.038849592208862305,1
layer_norm,LA_004,1024x4096,train,0,heuristics,0,4cac37630d96589f,"{""atomic_indexing"": [], ""block_sizes"": [1], ""indexing"": [""pointer"", ""pointer"", ""pointer"", ""pointer"", ""pointer"", ""pointer"", ""pointer"", ""pointer"", ""pointer"", ""pointer"", ""pointer"", ""pointer""], ""load_eviction_policies"": ["""", """", """", """", """", """", """", """"], ""num_stages"": 1, ""num_warps"": 4, ""pid_type"": ""flat"", ""range_flattens"": [null], ""range_multi_buffers"": [null], ""range_num_stages"": [0], ""range_unroll_factors"": [0], ""range_warp_specializes"": [null], ""reduction_loops"": [null]}",ok,9.184000082314014,0.036542654037475586,0
layer_norm,LA_004,1024x4096,train,0,heuristics,0,e124db399eec86eb,"{""atomic_indexing"": [], ""block_sizes"": [8], ""indexing"": [""pointer"", ""pointer"", ""pointer"", ""pointer"", ""pointer"", ""pointer"", ""pointer"", ""pointer"", ""pointer"", ""pointer"", ""pointer"", ""pointer""], ""load_eviction_policies"": ["""", """", """", """", """", """", """", """"], ""num_stages"": 2, ""num_warps"": 8, ""pid_type"": ""flat"", ""range_flattens"": [null], ""range_multi_buffers"": [null], ""range_num_stages"": [0], ""range_unroll_factors"": [0], ""range_warp_specializes"": [null], ""reduction_loops"": [null]}",ok,9.247999638319016,0.08204007148742676,0
layer_norm,LA_004,1024x4096,train,0,heuristics,0,88431f686142e49e,"{""atomic_indexing"": [], ""block_sizes"": [4], ""indexing"": [""pointer"", ""pointer"", ""pointer"", ""pointer"", ""pointer"", ""pointer"", ""pointer"", ""pointer"", ""pointer"", ""pointer"", ""pointer"", ""pointer""], ""load_eviction_policies"": ["""", """", """", """", """", """", """", """"], ""num_stages"": 3, ""num_warps"": 8, ""pid_type"": ""flat"", ""range_flattens"": [null], ""range_multi_buffers"": [null], ""range_num_stages"": [0], ""range_unroll_factors"": [0], ""range_warp_specializes"": [null], ""reduction_loops"": [null]}",ok,9.216000325977802,0.06381392478942871,0
layer_norm,LA_004,1024x4096,train,0,heuristics,0,bacf879de8cefd12,"{""atomic_indexing"": [], ""block_sizes"": [16], ""indexing"": [""pointer"", ""pointer"", ""pointer"", ""pointer"", ""pointer"", ""pointer"", ""pointer"", ""pointer"", ""pointer"", ""pointer"", ""pointer"", ""pointer""], ""load_eviction_policies"": ["""", """", """", """", """", """", """", """"], ""num_sm_multiplier"": 1, ""num_stages"": 2, ""num_warps"": 16, ""pid_type"": ""persistent_blocked"", ""range_flattens"": [null], ""range_multi_buffers"": [null], ""range_num_stages"": [0], ""range_unroll_factors"": [0], ""range_warp_specializes"": [null], ""reduction_loops"": [null]}",ok,15.359999611973763,0.04810810089111328,0
layer_norm,LA_004,1024x4096,train,0,heuristics,0,95ae43ceeecbb01f,"{""atomic_indexing"": [], ""block_sizes"": [2], ""indexing"": [""pointer"", ""pointer"", ""pointer"", ""pointer"", ""pointer"", ""pointer"", ""pointer"", ""pointer"", ""pointer"", ""pointer"", ""pointer"", ""pointer""], ""load_eviction_policies"": ["""", """", """", """", """", """", """", """"], ""num_stages"": 2, ""num_warps"": 4, ""pid_type"": ""flat"", ""range_flattens"": [null], ""range_multi_buffers"": [null], ""range_num_stages"": [0], ""range_unroll_factors"": [0], ""range_warp_specializes"": [null], ""reduction_loops"": [null]}",ok,9.184000082314014,0.04693889617919922,0
layer_norm,LA_004,1024x4096,train,0,heuristics,0,fa80eb827120b08d,"{""atomic_indexing"": [], ""block_sizes"": [32], ""indexing"": [""tensor_descriptor"", ""tensor_descriptor"", ""tensor_descriptor"", ""tensor_descriptor"", ""tensor_descriptor"", ""tensor_descriptor"", ""tensor_descriptor"", ""tensor_descriptor"", ""tensor_descriptor"", ""tensor_descriptor"", ""tensor_descriptor"", ""tensor_descriptor""], ""load_eviction_policies"": ["""", """", """", """", """", """", """", """"], ""num_sm_multiplier"": 1, ""num_stages"": 3, ""num_warps"": 16, ""pid_type"": ""persistent_interleaved"", ""range_flattens"": [null], ""range_multi_buffers"": [null], ""range_num_stages"": [0], ""range_unroll_factors"": [0], ""range_warp_specializes"": [null], ""reduction_loops"": [null]}",error,inf,0.7825906276702881,0
layer_norm,LA_004,1024x4096,train,1,heuristics,0,43acbd1ca50d4ca3,"{""atomic_indexing"": [], ""block_sizes"": [1], ""indexing"": [""pointer"", ""tensor_descriptor"", ""pointer"", ""pointer"", ""pointer"", ""pointer"", ""tensor_descriptor"", ""pointer"", ""tensor_descriptor"", ""tensor_descriptor""], ""load_eviction_policies"": [""first"", """", """", ""first"", """", ""last"", ""first"", """"], ""num_stages"": 4, ""num_warps"": 8, ""pid_type"": ""flat"", ""range_flattens"": [null], ""range_multi_buffers"": [null], ""range_num_stages"": [0], ""range_unroll_factors"": [0], ""range_warp_specializes"": [null], ""reduction_loops"": [null]}",ok,11.264000087976456,0.1478443145751953,1
layer_norm,LA_004,1024x4096,train,1,heuristics,0,869c54e4b955a8c6,"{""atomic_indexing"": [], ""block_sizes"": [1], ""indexing"": [""tensor_descriptor"", ""pointer"", ""pointer"", ""tensor_descriptor"", ""pointer"", ""tensor_descriptor"", ""pointer"", ""pointer"", ""tensor_descriptor"", ""tensor_descriptor""], ""load_eviction_policies"": [""last"", """", ""first"", """", """", ""last"", """", ""last""], ""num_stages"": 4, ""num_warps"": 8, ""pid_type"": ""flat"", ""range_flattens"": [null], ""range_multi_buffers"": [null], ""range_num_stages"": [0], ""range_unroll_factors"": [0], ""range_warp_specializes"": [null], ""reduction_loops"": [2048]}",ok,11.231999844312668,0.13088345527648926,1
layer_norm,LA_004,1024x4096,train,1,heuristics,0,0531906226c3040e,"{""block_sizes"": [1], ""indexing"": [""pointer"", ""pointer"", ""pointer"", ""pointer"", ""pointer"", ""pointer"", ""tensor_descriptor"", ""pointer"", ""pointer"", ""tensor_descriptor""], ""load_eviction_policies"": [""last"", """", ""first"", """", """", """", """", ""last""], ""num_stages"": 5, ""num_warps"": 16, ""pid_type"": ""flat"", ""range_flattens"": [null], ""range_multi_buffers"": [null], ""range_num_stages"": [0], ""range_unroll_factors"": [0], ""range_warp_specializes"": [null], ""reduction_loops"": [4096]}",ok,11.231999844312668,0.11466121673583984,1
layer_norm,LA_004,1024x4096,train,1,heuristics,0,04b1dd92c370cc99,"{""atomic_indexing"": [], ""block_sizes"": [2], ""indexing"": [""pointer"", ""pointer"", ""pointer"", ""tensor_descriptor"", ""tensor_descriptor"", ""tensor_descriptor"", ""tensor_descriptor"", ""tensor_descriptor"", ""tensor_descriptor"", ""pointer""], ""load_eviction_policies"": [""last"", """", ""last"", ""last"", ""first"", ""first"", """", ""last""], ""num_stages"": 1, ""num_warps"": 4, ""pid_type"": ""flat"", ""range_flattens"": [null], ""range_multi_buffers"": [null], ""range_num_stages"": [0], ""range_unroll_factors"": [0], ""range_warp_specializes"": [null], ""reduction_loops"": [null]}",ok,9.184000082314014,0.10580945014953613,1
layer_norm,LA_004,1024x4096,train,1,heuristics,0,178e7391546ae2da,"{""atomic_indexing"": [], ""block_sizes"": [1], ""indexing"": [""pointer"", ""pointer"", ""tensor_descriptor"", ""pointer"", ""tensor_descriptor"", ""pointer"", ""tensor_descriptor"", ""pointer"", ""pointer"", ""pointer""], ""load_eviction_policies"": [""first"", """", ""last"", """", ""last"", ""last"", ""last"", """"], ""num_stages"": 7, ""num_warps"": 4, ""pid_type"": ""flat"", ""range_flattens"": [null], ""range_multi_buffers"": [null], ""range_num_stages"": [0], ""range_unroll_factors"": [0], ""range_warp_specializes"": [null], ""reduction_loops"": [null]}",ok,9.184000082314014,0.09778332710266113,1
layer_norm,LA_004,1024x4096,train,1,heuristics,0,2052065dbe652edb,"{""atomic_indexing"": [], ""block_sizes"": [1], ""indexing"": [""pointer"", ""tensor_descriptor"", ""pointer"", ""pointer"", ""pointer"", ""tensor_descriptor"", ""pointer"", ""pointer"", ""pointer"", ""pointer""], ""load_eviction_policies"": [""last"", """", ""first"", """", """", ""last"", """", """"], ""num_stages"": 2, ""num_warps"": 16, ""pid_type"": ""flat"", ""range_flattens"": [null], ""range_multi_buffers"": [null], ""range_num_stages"": [0], ""range_unroll_factors"": [0], ""range_warp_specializes"": [null], ""reduction_loops"": [4096]}",ok,11.231999844312668,0.08774304389953613,1
layer_norm,LA_004,1024x4096,train,1,heuristics,0,186fed3761377dbd,"{""atomic_indexing"": [], ""block_sizes"": [1], ""indexing"": [""tensor_descriptor"", ""pointer"", ""tensor_descriptor"", ""pointer"", ""tensor_descriptor"", ""tensor_descriptor"", ""pointer"", ""pointer"", ""tensor_descriptor"", ""tensor_descriptor""], ""load_eviction_policies"": ["""", """", ""last"", """", ""last"", ""first"", ""last"", ""first""], ""num_stages"": 7, ""num_warps"": 4, ""pid_type"": ""flat"", ""range_flattens"": [null], ""range_multi_buffers"": [null], ""range_num_stages"": [0], ""range_unroll_factors"": [0], ""range_warp_specializes"": [null], ""reduction_loops"": [null]}",ok,9.184000082314014,0.0707693099975586,1
layer_norm,LA_004,1024x4096,train,1,heuristics,0,85df12bd2fb6305f,"{""atomic_indexing"": [], ""block_sizes"": [1], ""indexing"": [""tensor_descriptor"", ""pointer"", ""tensor_descriptor"", ""tensor_descriptor"", ""pointer"", ""tensor_descriptor"", ""tensor_descriptor"", ""tensor_descriptor"", ""pointer"", ""tensor_descriptor""], ""load_eviction_policies"": [""first"", ""last"", ""last"", ""last"", ""first"", ""last"", ""first"", ""first""], ""num_stages"": 2, ""num_warps"": 8, ""pid_type"": ""flat"", ""range_flattens"": [null], ""range_multi_buffers"": [null], ""range_num_stages"": [0], ""range_unroll_factors"": [0], ""range_warp_specializes"": [null], ""reduction_loops"": [null]}",ok,11.231999844312668,0.05295681953430176,1
layer_norm,LA_004,1024x4096,train,1,heuristics,0,decf2056869ee2b5,"{""atomic_indexing"": [], ""block_sizes"": [1], ""indexing"": [""pointer"", ""tensor_descriptor"", ""pointer"", ""tensor_descriptor"", ""tensor_descriptor"", ""pointer"", ""pointer"", ""pointer"", ""tensor_descriptor"", ""pointer""], ""load_eviction_policies"": ["""", ""last"", ""first"", """", ""last"", ""first"", ""last"", ""last""], ""num_stages"": 2, ""num_warps"": 1, ""pid_type"": ""flat"", ""range_flattens"": [null], ""range_multi_buffers"": [null], ""range_num_stages"": [0], ""range_unroll_factors"": [0], ""range_warp_specializes"": [null], ""reduction_loops"": [1024]}",ok,11.231999844312668,0.04091668128967285,1
layer_norm,LA_004,1024x4096,train,1,heuristics,0,4cac37630d96589f,"{""atomic_indexing"": [], ""block_sizes"": [1], ""indexing"": [""pointer"", ""pointer"", ""pointer"", ""pointer"", ""pointer"", ""pointer"", ""pointer"", ""pointer"", ""pointer"", ""pointer"", ""pointer"", ""pointer""], ""load_eviction_policies"": ["""", """", """", """", """", """", """", """"], ""num_stages"": 1, ""num_warps"": 4, ""pid_type"": ""flat"", ""range_flattens"": [null], ""range_multi_buffers"": [null], ""range_num_stages"": [0], ""range_unroll_factors"": [0], ""range_warp_specializes"": [null], ""reduction_loops"": [null]}",ok,9.184000082314014,0.04450416564941406,0
layer_norm,LA_004,1024x4096,train,1,heuristics,0,e124db399eec86eb,"{""atomic_indexing"": [], ""block_sizes"": [8], ""indexing"": [""pointer"", ""pointer"", ""pointer"", ""pointer"", ""pointer"", ""pointer"", ""pointer"", ""pointer"", ""pointer"", ""pointer"", ""pointer"", ""pointer""], ""load_eviction_policies"": ["""", """", """", """", """", """", """", """"], ""num_stages"": 2, ""num_warps"": 8, ""pid_type"": ""flat"", ""range_flattens"": [null], ""range_multi_buffers"": [null], ""range_num_stages"": [0], ""range_unroll_factors"": [0], ""range_warp_specializes"": [null], ""reduction_loops"": [null]}",ok,9.328000247478485,0.0552668571472168,0
layer_norm,LA_004,1024x4096,train,1,heuristics,0,88431f686142e49e,"{""atomic_indexing"": [], ""block_sizes"": [4], ""indexing"": [""pointer"", ""pointer"", ""pointer"", ""pointer"", ""pointer"", ""pointer"", ""pointer"", ""pointer"", ""pointer"", ""pointer"", ""pointer"", ""pointer""], ""load_eviction_policies"": ["""", """", """", """", """", """", """", """"], ""num_stages"": 3, ""num_warps"": 8, ""pid_type"": ""flat"", ""range_flattens"": [null], ""range_multi_buffers"": [null], ""range_num_stages"": [0], ""range_unroll_factors"": [0], ""range_warp_specializes"": [null], ""reduction_loops"": [null]}",ok,9.279999881982803,0.03917407989501953,0
layer_norm,LA_004,1024x4096,train,1,heuristics,0,bacf879de8cefd12,"{""atomic_indexing"": [], ""block_sizes"": [16], ""indexing"": [""pointer"", ""pointer"", ""pointer"", ""pointer"", ""pointer"", ""pointer"", ""pointer"", ""pointer"", ""pointer"", ""pointer"", ""pointer"", ""pointer""], ""load_eviction_policies"": ["""", """", """", """", """", """", """", """"], ""num_sm_multiplier"": 1, ""num_stages"": 2, ""num_warps"": 16, ""pid_type"": ""persistent_blocked"", ""range_flattens"": [null], ""range_multi_buffers"": [null], ""range_num_stages"": [0], ""range_unroll_factors"": [0], ""range_warp_specializes"": [null], ""reduction_loops"": [null]}",ok,15.359999611973763,0.024022817611694336,0
layer_norm,LA_004,1024x4096,train,1,heuristics,0,fea7ca704daf4935,"{""atomic_indexing"": [], ""block_sizes"": [2], ""indexing"": [""tensor_descriptor"", ""tensor_descriptor"", ""tensor_descriptor"", ""tensor_descriptor"", ""tensor_descriptor"", ""tensor_descriptor"", ""tensor_descriptor"", ""tensor_descriptor"", ""tensor_descriptor"", ""tensor_descriptor"", ""tensor_descriptor"", ""tensor_descriptor""], ""load_eviction_policies"": ["""", """", """", """", """", """", """", """"], ""num_stages"": 2, ""num_warps"": 4, ""pid_type"": ""flat"", ""range_flattens"": [null], ""range_multi_buffers"": [null], ""range_num_stages"": [0], ""range_unroll_factors"": [0], ""range_warp_specializes"": [null], ""reduction_loops"": [null]}",ok,9.184000082314014,0.02398824691772461,0
layer_norm,LA_004,1024x4096,train,1,heuristics,0,7aad457d6cd07eb5,"{""atomic_indexing"": [], ""block_sizes"": [32], ""indexing"": [""pointer"", ""pointer"", ""pointer"", ""pointer"", ""pointer"", ""pointer"", ""pointer"", ""pointer"", ""pointer"", ""pointer"", ""pointer"", ""pointer""], ""load_eviction_policies"": ["""", """", """", """", """", """", """", """"], ""num_sm_multiplier"": 1, ""num_stages"": 3, ""num_warps"": 16, ""pid_type"": ""persistent_interleaved"", ""range_flattens"": [null], ""range_multi_buffers"": [null], ""range_num_stages"": [0], ""range_unroll_factors"": [0], ""range_warp_specializes"": [null], ""reduction_loops"": [null]}",ok,96.22400254011154,0.038658857345581055,0
layer_norm,LA_004,1024x4096,train,2,heuristics,0,43acbd1ca50d4ca3,"{""atomic_indexing"": [], ""block_sizes"": [1], ""indexing"": [""pointer"", ""tensor_descriptor"", ""pointer"", ""pointer"", ""pointer"", ""pointer"", ""tensor_descriptor"", ""pointer"", ""tensor_descriptor"", ""tensor_descriptor""], ""load_eviction_policies"": [""first"", """", """", ""first"", """", ""last"", ""first"", """"], ""num_stages"": 4, ""num_warps"": 8, ""pid_type"": ""flat"", ""range_flattens"": [null], ""range_multi_buffers"": [null], ""range_num_stages"": [0], ""range_unroll_factors"": [0], ""range_warp_specializes"": [null], ""reduction_loops"": [null]}",ok,11.264000087976456,0.15729284286499023,1
layer_norm,LA_004,1024x4096,train,2,heuristics,0,869c54e4b955a8c6,"{""atomic_indexing"": [], ""block_sizes"": [1], ""indexing"": [""tensor_descriptor"", ""pointer"", ""pointer"", ""tensor_descriptor"", ""pointer"", ""tensor_descriptor"", ""pointer"", ""pointer"", ""tensor_descriptor"", ""tensor_descriptor""], ""load_eviction_policies"": [""last"", """", ""first"", """", """", ""last"", """", ""last""], ""num_stages"": 4, ""num_warps"": 8, ""pid_type"": ""flat"", ""range_flattens"": [null], ""range_multi_buffers"": [null], ""range_num_stages"": [0], ""range_unroll_factors"": [0], ""range_warp_specializes"": [null], ""reduction_loops"": [2048]}",ok,11.264000087976456,0.14058947563171387,1
layer_norm,LA_004,1024x4096,train,2,heuristics,0,0531906226c3040e,"{""block_sizes"": [1], ""indexing"": [""pointer"", ""pointer"", ""pointer"", ""pointer"", ""pointer"", ""pointer"", ""tensor_descriptor"", ""pointer"", ""pointer"", ""tensor_descriptor""], ""load_eviction_policies"": [""last"", """", ""first"", """", """", """", """", ""last""], ""num_stages"": 5, ""num_warps"": 16, ""pid_type"": ""flat"", ""range_flattens"": [null], ""range_multi_buffers"": [null], ""range_num_stages"": [0], ""range_unroll_factors"": [0], ""range_warp_specializes"": [null], ""reduction_loops"": [4096]}",ok,11.231999844312668,0.12440729141235352,1
layer_norm,LA_004,1024x4096,train,2,heuristics,0,04b1dd92c370cc99,"{""atomic_indexing"": [], ""block_sizes"": [2], ""indexing"": [""pointer"", ""pointer"", ""pointer"", ""tensor_descriptor"", ""tensor_descriptor"", ""tensor_descriptor"", ""tensor_descriptor"", ""tensor_descriptor"", ""tensor_descriptor"", ""pointer""], ""load_eviction_policies"": [""last"", """", ""last"", ""last"", ""first"", ""first"", """", ""last""], ""num_stages"": 1, ""num_warps"": 4, ""pid_type"": ""flat"", ""range_flattens"": [null], ""range_multi_buffers"": [null], ""range_num_stages"": [0], ""range_unroll_factors"": [0], ""range_warp_specializes"": [null], ""reduction_loops"": [null]}",ok,9.184000082314014,0.10713601112365723,1
layer_norm,LA_004,1024x4096,train,2,heuristics,0,178e7391546ae2da,"{""atomic_indexing"": [], ""block_sizes"": [1], ""indexing"": [""pointer"", ""pointer"", ""tensor_descriptor"", ""pointer"", ""tensor_descriptor"", ""pointer"", ""tensor_descriptor"", ""pointer"", ""pointer"", ""pointer""], ""load_eviction_policies"": [""first"", """", ""last"", """", ""last"", ""last"", ""last"", """"], ""num_stages"": 7, ""num_warps"": 4, ""pid_type"": ""flat"", ""range_flattens"": [null], ""range_multi_buffers"": [null], ""range_num_stages"": [0], ""range_unroll_factors"": [0], ""range_warp_specializes"": [null], ""reduction_loops"": [null]}",ok,9.184000082314014,0.09554147720336914,1
layer_norm,LA_004,1024x4096,train,2,heuristics,0,2052065dbe652edb,"{""atomic_indexing"": [], ""block_sizes"": [1], ""indexing"": [""pointer"", ""tensor_descriptor"", ""pointer"", ""pointer"", ""pointer"", ""tensor_descriptor"", ""pointer"", ""pointer"", ""pointer"", ""pointer""], ""load_eviction_policies"": [""last"", """", ""first"", """", """", ""last"", """", """"], ""num_stages"": 2, ""num_warps"": 16, ""pid_type"": ""flat"", ""range_flattens"": [null], ""range_multi_buffers"": [null], ""range_num_stages"": [0], ""range_unroll_factors"": [0], ""range_warp_specializes"": [null], ""reduction_loops"": [4096]}",ok,11.231999844312668,0.07644414901733398,1
layer_norm,LA_004,1024x4096,train,2,heuristics,0,186fed3761377dbd,"{""atomic_indexing"": [], ""block_sizes"": [1], ""indexing"": [""tensor_descriptor"", ""pointer"", ""tensor_descriptor"", ""pointer"", ""tensor_descriptor"", ""tensor_descriptor"", ""pointer"", ""pointer"", ""tensor_descriptor"", ""tensor_descriptor""], ""load_eviction_policies"": ["""", """", ""last"", """", ""last"", ""first"", ""last"", ""first""], ""num_stages"": 7, ""num_warps"": 4, ""pid_type"": ""flat"", ""range_flattens"": [null], ""range_multi_buffers"": [null], ""range_num_stages"": [0], ""range_unroll_factors"": [0], ""range_warp_specializes"": [null], ""reduction_loops"": [null]}",ok,9.184000082314014,0.06542849540710449,1
layer_norm,LA_004,1024x4096,train,2,heuristics,0,85df12bd2fb6305f,"{""atomic_indexing"": [], ""block_sizes"": [1], ""indexing"": [""tensor_descriptor"", ""pointer"", ""tensor_descriptor"", ""tensor_descriptor"", ""pointer"", ""tensor_descriptor"", ""tensor_descriptor"", ""tensor_descriptor"", ""pointer"", ""tensor_descriptor""], ""load_eviction_policies"": [""first"", ""last"", ""last"", ""last"", ""first"", ""last"", ""first"", ""first""], ""num_stages"": 2, ""num_warps"": 8, ""pid_type"": ""flat"", ""range_flattens"": [null], ""range_multi_buffers"": [null], ""range_num_stages"": [0], ""range_unroll_factors"": [0], ""range_warp_specializes"": [null], ""reduction_loops"": [null]}",ok,9.279999881982803,0.04781937599182129,1
layer_norm,LA_004,1024x4096,train,2,heuristics,0,decf2056869ee2b5,"{""atomic_indexing"": [], ""block_sizes"": [1], ""indexing"": [""pointer"", ""tensor_descriptor"", ""pointer"", ""tensor_descriptor"", ""tensor_descriptor"", ""pointer"", ""pointer"", ""pointer"", ""tensor_descriptor"", ""pointer""], ""load_eviction_policies"": ["""", ""last"", ""first"", """", ""last"", ""first"", ""last"", ""last""], ""num_stages"": 2, ""num_warps"": 1, ""pid_type"": ""flat"", ""range_flattens"": [null], ""range_multi_buffers"": [null], ""range_num_stages"": [0], ""range_unroll_factors"": [0], ""range_warp_specializes"": [null], ""reduction_loops"": [1024]}",ok,11.231999844312668,0.04411888122558594,1
layer_norm,LA_004,1024x4096,train,2,heuristics,0,4cac37630d96589f,"{""atomic_indexing"": [], ""block_sizes"": [1], ""indexing"": [""pointer"", ""pointer"", ""pointer"", ""pointer"", ""pointer"", ""pointer"", ""pointer"", ""pointer"", ""pointer"", ""pointer"", ""pointer"", ""pointer""], ""load_eviction_policies"": ["""", """", """", """", """", """", """", """"], ""num_stages"": 1, ""num_warps"": 4, ""pid_type"": ""flat"", ""range_flattens"": [null], ""range_multi_buffers"": [null], ""range_num_stages"": [0], ""range_unroll_factors"": [0], ""range_warp_specializes"": [null], ""reduction_loops"": [null]}",ok,9.184000082314014,0.039407968521118164,0
layer_norm,LA_004,1024x4096,train,2,heuristics,0,e124db399eec86eb,"{""atomic_indexing"": [], ""block_sizes"": [8], ""indexing"": [""pointer"", ""pointer"", ""pointer"", ""pointer"", ""pointer"", ""pointer"", ""pointer"", ""pointer"", ""pointer"", ""pointer"", ""pointer"", ""pointer""], ""load_eviction_policies"": ["""", """", """", """", """", """", """", """"], ""num_stages"": 2, ""num_warps"": 8, ""pid_type"": ""flat"", ""range_flattens"": [null], ""range_multi_buffers"": [null], ""range_num_stages"": [0], ""range_unroll_factors"": [0], ""range_warp_specializes"": [null], ""reduction_loops"": [null]}",ok,9.247999638319016,0.06381607055664062,0
layer_norm,LA_004,1024x4096,train,2,heuristics,0,afb9e7c4832b5792,"{""atomic_indexing"": [], ""block_sizes"": [16], ""indexing"": [""pointer"", ""pointer"", ""pointer"", ""pointer"", ""pointer"", ""pointer"", ""pointer"", ""pointer"", ""pointer"", ""pointer"", ""pointer"", ""pointer""], ""load_eviction_policies"": ["""", """", """", """", """", """", """", """"], ""num_stages"": 3, ""num_warps"": 8, ""pid_type"": ""flat"", ""range_flattens"": [null], ""range_multi_buffers"": [null], ""range_num_stages"": [0], ""range_unroll_factors"": [0], ""range_warp_specializes"": [null], ""reduction_loops"": [null]}",ok,13.279999606311321,0.04788613319396973,0
layer_norm,LA_004,1024x4096,train,2,heuristics,0,2f55ad23c11be5b0,"{""atomic_indexing"": [], ""block_sizes"": [4], ""indexing"": [""pointer"", ""pointer"", ""pointer"", ""pointer"", ""pointer"", ""pointer"", ""pointer"", ""pointer"", ""pointer"", ""pointer"", ""pointer"", ""pointer""], ""load_eviction_policies"": ["""", """", """", """", """", """", """", """"], ""num_sm_multiplier"": 1, ""num_stages"": 2, ""num_warps"": 4, ""pid_type"": ""persistent_blocked"", ""range_flattens"": [null], ""range_multi_buffers"": [null], ""range_num_stages"": [0], ""range_unroll_factors"": [0], ""range_warp_specializes"": [null], ""reduction_loops"": [null]}",ok,11.231999844312668,0.03332686424255371,0
layer_norm,LA_004,1024x4096,train,2,heuristics,0,b8536e264609b0e2,"{""atomic_indexing"": [], ""block_sizes"": [32], ""indexing"": [""pointer"", ""pointer"", ""pointer"", ""pointer"", ""pointer"", ""pointer"", ""pointer"", ""pointer"", ""pointer"", ""pointer"", ""pointer"", ""pointer""], ""load_eviction_policies"": ["""", """", """", """", """", """", """", """"], ""num_sm_multiplier"": 1, ""num_stages"": 2, ""num_warps"": 16, ""pid_type"": ""persistent_interleaved"", ""range_flattens"": [null], ""range_multi_buffers"": [null], ""range_num_stages"": [0], ""range_unroll_factors"": [0], ""range_warp_specializes"": [null], ""reduction_loops"": [null]}",ok,97.24800288677216,0.030950307846069336,0
layer_norm,LA_004,1024x4096,train,2,heuristics,0,a4c6bcde3478c76b,"{""atomic_indexing"": [], ""block_sizes"": [2], ""indexing"": [""pointer"", ""pointer"", ""pointer"", ""pointer"", ""pointer"", ""pointer"", ""pointer"", ""pointer"", ""pointer"", ""pointer"", ""pointer"", ""pointer""], ""load_eviction_policies"": ["""", """", """", """", """", """", """", """"], ""num_stages"": 1, ""num_warps"": 4, ""pid_type"": ""flat"", ""range_flattens"": [null], ""range_multi_buffers"": [null], ""range_num_stages"": [0], ""range_unroll_factors"": [0], ""range_warp_specializes"": [null], ""reduction_loops"": [null]}",ok,9.184000082314014,0.03685450553894043,0
layer_norm,LA_005,2048x2048,train,0,heuristics,0,04b1dd92c370cc99,"{""atomic_indexing"": [], ""block_sizes"": [2], ""indexing"": [""pointer"", ""pointer"", ""pointer"", ""tensor_descriptor"", ""tensor_descriptor"", ""tensor_descriptor"", ""tensor_descriptor"", ""tensor_descriptor"", ""tensor_descriptor"", ""pointer""], ""load_eviction_policies"": [""last"", """", ""last"", ""last"", ""first"", ""first"", """", ""last""], ""num_stages"": 1, ""num_warps"": 4, ""pid_type"": ""flat"", ""range_flattens"": [null], ""range_multi_buffers"": [null], ""range_num_stages"": [0], ""range_unroll_factors"": [0], ""range_warp_specializes"": [null], ""reduction_loops"": [null]}",ok,9.184000082314014,0.12208795547485352,1
layer_norm,LA_005,2048x2048,train,0,heuristics,0,869c54e4b955a8c6,"{""atomic_indexing"": [], ""block_sizes"": [1], ""indexing"": [""tensor_descriptor"", ""pointer"", ""pointer"", ""tensor_descriptor"", ""pointer"", ""tensor_descriptor"", ""pointer"", ""pointer"", ""tensor_descriptor"", ""tensor_descriptor""], ""load_eviction_policies"": [""last"", """", ""first"", """", """", ""last"", """", ""last""], ""num_stages"": 4, ""num_warps"": 8, ""pid_type"": ""flat"", ""range_flattens"": [null], ""range_multi_buffers"": [null], ""range_num_stages"": [0], ""range_unroll_factors"": [0], ""range_warp_specializes"": [null], ""reduction_loops"": [2048]}",ok,11.231999844312668,0.10629701614379883,1
layer_norm,LA_005,2048x2048,train,0,heuristics,0,43acbd1ca50d4ca3,"{""atomic_indexing"": [], ""block_sizes"": [1], ""indexing"": [""pointer"", ""tensor_descriptor"", ""pointer"", ""pointer"", ""pointer"", ""pointer"", ""tensor_descriptor"", ""pointer"", ""tensor_descriptor"", ""tensor_descriptor""], ""load_eviction_policies"": [""first"", """", """", ""first"", """", ""last"", ""first"", """"], ""num_stages"": 4, ""num_warps"": 8, ""pid_type"": ""flat"", ""range_flattens"": [null], ""range_multi_buffers"": [null], ""range_num_stages"": [0], ""range_unroll_factors"": [0], ""range_warp_specializes"": [null], ""reduction_loops"": [null]}",ok,11.19999960064888,0.09061551094055176,1
layer_norm,LA_005,2048x2048,train,0,heuristics,0,0531906226c3040e,"{""block_sizes"": [1], ""indexing"": [""pointer"", ""pointer"", ""pointer"", ""pointer"", ""pointer"", ""pointer"", ""tensor_descriptor"", ""pointer"", ""pointer"", ""tensor_descriptor""], ""load_eviction_policies"": [""last"", """", ""first"", """", """", """", """", ""last""], ""num_stages"": 5, ""num_warps"": 16, ""pid_type"": ""flat"", ""range_flattens"": [null], ""range_multi_buffers"": [null], ""range_num_stages"": [0], ""range_unroll_factors"": [0], ""range_warp_specializes"": [null], ""reduction_loops"": [4096]}",ok,15.32800029963255,0.08295536041259766,1
layer_norm,LA_005,2048x2048,train,0,heuristics,0,178e7391546ae2da,"{""atomic_indexing"": [], ""block_sizes"": [1], ""indexing"": [""pointer"", ""pointer"", ""tensor_descriptor"", ""pointer"", ""tensor_descriptor"", ""pointer"", ""tensor_descriptor"", ""pointer"", ""pointer"", ""pointer""], ""load_eviction_policies"": [""first"", """", ""last"", """", ""last"", ""last"", ""last"", """"], ""num_stages"": 7, ""num_warps"": 4, ""pid_type"": ""flat"", ""range_flattens"": [null], ""range_multi_buffers"": [null], ""range_num_stages"": [0], ""range_unroll_factors"": [0], ""range_warp_specializes"": [null], ""reduction_loops"": [null]}",ok,9.184000082314014,0.07542014122009277,1
layer_norm,LA_005,2048x2048,train,0,heuristics,0,2052065dbe652edb,"{""atomic_indexing"": [], ""block_sizes"": [1], ""indexing"": [""pointer"", ""tensor_descriptor"", ""pointer"", ""pointer"", ""pointer"", ""tensor_descriptor"", ""pointer"", ""pointer"", ""pointer"", ""pointer""], ""load_eviction_policies"": [""last"", """", ""first"", """", """", ""last"", """", """"], ""num_stages"": 2, ""num_warps"": 16, ""pid_type"": ""flat"", ""range_flattens"": [null], ""range_multi_buffers"": [null], ""range_num_stages"": [0], ""range_unroll_factors"": [0], ""range_warp_specializes"": [null], ""reduction_loops"": [4096]}",ok,15.32800029963255,0.06812477111816406,1
layer_norm,LA_005,2048x2048,train,0,heuristics,0,186fed3761377dbd,"{""atomic_indexing"": [], ""block_sizes"": [1], ""indexing"": [""tensor_descriptor"", ""pointer"", ""tensor_descriptor"", ""pointer"", ""tensor_descriptor"", ""tensor_descriptor"", ""pointer"", ""pointer"", ""tensor_descriptor"", ""tensor_descriptor""], ""load_eviction_policies"": ["""", """", ""last"", """", ""last"", ""first"", ""last"", ""first""], ""num_stages"": 7, ""num_warps"": 4, ""pid_type"": ""flat"", ""range_flattens"": [null], ""range_multi_buffers"": [null], ""range_num_stages"": [0], ""range_unroll_factors"": [0], ""range_warp_specializes"": [null], ""reduction_loops"": [null]}",ok,9.184000082314014,0.060819149017333984,1
layer_norm,LA_005,2048x2048,train,0,heuristics,0,85df12bd2fb6305f,"{""atomic_indexing"": [], ""block_sizes"": [1], ""indexing"": [""tensor_descriptor"", ""pointer"", ""tensor_descriptor"", ""tensor_descriptor"", ""pointer"", ""tensor_descriptor"", ""tensor_descriptor"", ""tensor_descriptor"", ""pointer"", ""tensor_descriptor""], ""load_eviction_policies"": [""first"", ""last"", ""last"", ""last"", ""first"", ""last"", ""first"", ""first""], ""num_stages"": 2, ""num_warps"": 8, ""pid_type"": ""flat"", ""range_flattens"": [null], ""range_multi_buffers"": [null], ""range_num_stages"": [0], ""range_unroll_factors"": [0], ""range_warp_specializes"": [null], ""reduction_loops"": [null]}",ok,11.168000288307667,0.04391813278198242,1
layer_norm,LA_005,2048x2048,train,0,heuristics,0,decf2056869ee2b5,"{""atomic_indexing"": [], ""block_sizes"": [1], ""indexing"": [""pointer"", ""tensor_descriptor"", ""pointer"", ""tensor_descriptor"", ""tensor_descriptor"", ""pointer"", ""pointer"", ""pointer"", ""tensor_descriptor"", ""pointer""], ""load_eviction_policies"": ["""", ""last"", ""first"", """", ""last"", ""first"", ""last"", ""last""], ""num_stages"": 2, ""num_warps"": 1, ""pid_type"": ""flat"", ""range_flattens"": [null], ""range_multi_buffers"": [null], ""range_num_stages"": [0], ""range_unroll_factors"": [0], ""range_warp_specializes"": [null], ""reduction_loops"": [1024]}",ok,9.184000082314014,0.05036759376525879,1
layer_norm,LA_005,2048x2048,train,0,heuristics,0,4cac37630d96589f,"{""atomic_indexing"": [], ""block_sizes"": [1], ""indexing"": [""pointer"", ""pointer"", ""pointer"", ""pointer"", ""pointer"", ""pointer"", ""pointer"", ""pointer"", ""pointer"", ""pointer"", ""pointer"", ""pointer""], ""load_eviction_policies"": ["""", """", """", """", """", """", """", """"], ""num_stages"": 1, ""num_warps"": 4, ""pid_type"": ""flat"", ""range_flattens"": [null], ""range_multi_buffers"": [null], ""range_num_stages"": [0], ""range_unroll_factors"": [0], ""range_warp_specializes"": [null], ""reduction_loops"": [null]}",ok,9.184000082314014,0.040647029876708984,0
layer_norm,LA_005,2048x2048,train,0,heuristics,0,fae41e2f173bf749,"{""atomic_indexing"": [], ""block_sizes"": [4], ""indexing"": [""pointer"", ""pointer"", ""pointer"", ""pointer"", ""pointer"", ""pointer"", ""pointer"", ""pointer"", ""pointer"", ""pointer"", ""pointer"", ""pointer""], ""load_eviction_policies"": ["""", """", """", """", """", """", """", """"], ""num_stages"": 1, ""num_warps"": 4, ""pid_type"": ""flat"", ""range_flattens"": [null], ""range_multi_buffers"": [null], ""range_num_stages"": [0], ""range_unroll_factors"": [0], ""range_warp_specializes"": [null], ""reduction_loops"": [null]}",ok,9.184000082314014,0.08118009567260742,0
layer_norm,LA_005,2048x2048,train,0,heuristics,0,e124db399eec86eb,"{""atomic_indexing"": [], ""block_sizes"": [8], ""indexing"": [""pointer"", ""pointer"", ""pointer"", ""pointer"", ""pointer"", ""pointer"", ""pointer"", ""pointer"", ""pointer"", ""pointer"", ""pointer"", ""pointer""], ""load_eviction_policies"": ["""", """", """", """", """", """", """", """"], ""num_stages"": 2, ""num_warps"": 8, ""pid_type"": ""flat"", ""range_flattens"": [null], ""range_multi_buffers"": [null], ""range_num_stages"": [0], ""range_unroll_factors"": [0], ""range_warp_specializes"": [null], ""reduction_loops"": [null]}",ok,11.168000288307667,0.06512594223022461,0
layer_norm,LA_005,2048x2048,train,0,heuristics,0,0b9e668b1e2d5051,"{""atomic_indexing"": [], ""block_sizes"": [16], ""indexing"": [""pointer"", ""pointer"", ""pointer"", ""pointer"", ""pointer"", ""pointer"", ""pointer"", ""pointer"", ""pointer"", ""pointer"", ""pointer"", ""pointer""], ""load_eviction_policies"": ["""", """", """", """", """", """", """", """"], ""num_sm_multiplier"": 1, ""num_stages"": 3, ""num_warps"": 8, ""pid_type"": ""persistent_blocked"", ""range_flattens"": [null], ""range_multi_buffers"": [null], ""range_num_stages"": [0], ""range_unroll_factors"": [0], ""range_warp_specializes"": [null], ""reduction_loops"": [null]}",ok,11.231999844312668,0.04973578453063965,0
layer_norm,LA_005,2048x2048,train,0,heuristics,0,2a821ab6d1f1133b,"{""atomic_indexing"": [], ""block_sizes"": [2], ""indexing"": [""tensor_descriptor"", ""tensor_descriptor"", ""tensor_descriptor"", ""tensor_descriptor"", ""tensor_descriptor"", ""tensor_descriptor"", ""tensor_descriptor"", ""tensor_descriptor"", ""tensor_descriptor"", ""tensor_descriptor"", ""tensor_descriptor"", ""tensor_descriptor""], ""load_eviction_policies"": ["""", """", """", """", """", """", """", """"], ""num_stages"": 1, ""num_warps"": 4, ""pid_type"": ""flat"", ""range_flattens"": [null], ""range_multi_buffers"": [null], ""range_num_stages"": [0], ""range_unroll_factors"": [0], ""range_warp_specializes"": [null], ""reduction_loops"": [null]}",ok,9.184000082314014,0.04907989501953125,0
layer_norm,LA_005,2048x2048,train,0,heuristics,0,b8536e264609b0e2,"{""atomic_indexing"": [], ""block_sizes"": [32], ""indexing"": [""pointer"", ""pointer"", ""pointer"", ""pointer"", ""pointer"", ""pointer"", ""pointer"", ""pointer"", ""pointer"", ""pointer"", ""pointer"", ""pointer""], ""load_eviction_policies"": ["""", """", """", """", """", """", """", """"], ""num_sm_multiplier"": 1, ""num_stages"": 2, ""num_warps"": 16, ""pid_type"": ""persistent_interleaved"", ""range_flattens"": [null], ""range_multi_buffers"": [null], ""range_num_stages"": [0], ""range_unroll_factors"": [0], ""range_warp_specializes"": [null], ""reduction_loops"": [null]}",ok,17.376000061631203,0.04379153251647949,0
layer_norm,LA_005,2048x2048,train,1,heuristics,0,04b1dd92c370cc99,"{""atomic_indexing"": [], ""block_sizes"": [2], ""indexing"": [""pointer"", ""pointer"", ""pointer"", ""tensor_descriptor"", ""tensor_descriptor"", ""tensor_descriptor"", ""tensor_descriptor"", ""tensor_descriptor"", ""tensor_descriptor"", ""pointer""], ""load_eviction_policies"": [""last"", """", ""last"", ""last"", ""first"", ""first"", """", ""last""], ""num_stages"": 1, ""num_warps"": 4, ""pid_type"": ""flat"", ""range_flattens"": [null], ""range_multi_buffers"": [null], ""range_num_stages"": [0], ""range_unroll_factors"": [0], ""range_warp_specializes"": [null], ""reduction_loops"": [null]}",ok,9.184000082314014,0.15291237831115723,1
layer_norm,LA_005,2048x2048,train,1,heuristics,0,869c54e4b955a8c6,"{""atomic_indexing"": [], ""block_sizes"": [1], ""indexing"": [""tensor_descriptor"", ""pointer"", ""pointer"", ""tensor_descriptor"", ""pointer"", ""tensor_descriptor"", ""pointer"", ""pointer"", ""tensor_descriptor"", ""tensor_descriptor""], ""load_eviction_policies"": [""last"", """", ""first"", """", """", ""last"", """", ""last""], ""num_stages"": 4, ""num_warps"": 8, ""pid_type"": ""flat"", ""range_flattens"": [null], ""range_multi_buffers"": [null], ""range_num_stages"": [0], ""range_unroll_factors"": [0], ""range_warp_specializes"": [null], ""reduction_loops"": [2048]}",ok,11.231999844312668,0.13716650009155273,1
layer_norm,LA_005,2048x2048,train,1,heuristics,0,43acbd1ca50d4ca3,"{""atomic_indexing"": [], ""block_sizes"": [1], ""indexing"": [""pointer"", ""tensor_descriptor"", ""pointer"", ""pointer"", ""pointer"", ""pointer"", ""tensor_descriptor"", ""pointer"", ""tensor_descriptor"", ""tensor_descriptor""], ""load_eviction_policies"": [""first"", """", """", ""first"", """", ""last"", ""first"", """"], ""num_stages"": 4, ""num_warps"": 8, ""pid_type"": ""flat"", ""range_flattens"": [null], ""range_multi_buffers"": [null], ""range_num_stages"": [0], ""range_unroll_factors"": [0], ""range_warp_specializes"": [null], ""reduction_loops"": [null]}",ok,11.168000288307667,0.12031722068786621,1
layer_norm,LA_005,2048x2048,train,1,heuristics,0,0531906226c3040e,"{""block_sizes"": [1], ""indexing"": [""pointer"", ""pointer"", ""pointer"", ""pointer"", ""pointer"", ""pointer"", ""tensor_descriptor"", ""pointer"", ""pointer"", ""tensor_descriptor""], ""load_eviction_policies"": [""last"", """", ""first"", """", """", """", """", ""last""], ""num_stages"": 5, ""num_warps"": 16, ""pid_type"": ""flat"", ""range_flattens"": [null], ""range_multi_buffers"": [null], ""range_num_stages"": [0], ""range_unroll_factors"": [0], ""range_warp_specializes"": [null], ""reduction_loops"": [4096]}",ok,15.32800029963255,0.11270284652709961,1
layer_norm,LA_005,2048x2048,train,1,heuristics,0,178e7391546ae2da,"{""atomic_indexing"": [], ""block_sizes"": [1], ""indexing"": [""pointer"", ""pointer"", ""tensor_descriptor"", ""pointer"", ""tensor_descriptor"", ""pointer"", ""tensor_descriptor"", ""pointer"", ""pointer"", ""pointer""], ""load_eviction_policies"": [""first"", """", ""last"", """", ""last"", ""last"", ""last"", """"], ""num_stages"": 7, ""num_warps"": 4, ""pid_type"": ""flat"", ""range_flattens"": [null], ""range_multi_buffers"": [null], ""range_num_stages"": [0], ""range_unroll_factors"": [0], ""range_warp_specializes"": [null], ""reduction_loops"": [null]}",ok,9.184000082314014,0.09392237663269043,1
layer_norm,LA_005,2048x2048,train,1,heuristics,0,2052065dbe652edb,"{""atomic_indexing"": [], ""block_sizes"": [1], ""indexing"": [""pointer"", ""tensor_descriptor"", ""pointer"", ""pointer"", ""pointer"", ""tensor_descriptor"", ""pointer"", ""pointer"", ""pointer"", ""pointer""], ""load_eviction_policies"": [""last"", """", ""first"", """", """", ""last"", """", """"], ""num_stages"": 2, ""num_warps"": 16, ""pid_type"": ""flat"", ""range_flattens"": [null], ""range_multi_buffers"": [null], ""range_num_stages"": [0], ""range_unroll_factors"": [0], ""range_warp_specializes"": [null], ""reduction_loops"": [4096]}",ok,15.32800029963255,0.08086991310119629,1
layer_norm,LA_005,2048x2048,train,1,heuristics,0,186fed3761377dbd,"{""atomic_indexing"": [], ""block_sizes"": [1], ""indexing"": [""tensor_descriptor"", ""pointer"", ""tensor_descriptor"", ""pointer"", ""tensor_descriptor"", ""tensor_descriptor"", ""pointer"", ""pointer"", ""tensor_descriptor"", ""tensor_descriptor""], ""load_eviction_policies"": ["""", """", ""last"", """", ""last"", ""first"", ""last"", ""first""], ""num_stages"": 7, ""num_warps"": 4, ""pid_type"": ""flat"", ""range_flattens"": [null], ""range_multi_buffers"": [null], ""range_num_stages"": [0], ""range_unroll_factors"": [0], ""range_warp_specializes"": [null], ""reduction_loops"": [null]}",ok,9.216000325977802,0.06271004676818848,1
layer_norm,LA_005,2048x2048,train,1,heuristics,0,85df12bd2fb6305f,"{""atomic_indexing"": [], ""block_sizes"": [1], ""indexing"": [""tensor_descriptor"", ""pointer"", ""tensor_descriptor"", ""tensor_descriptor"", ""pointer"", ""tensor_descriptor"", ""tensor_descriptor"", ""tensor_descriptor"", ""pointer"", ""tensor_descriptor""], ""load_eviction_policies"": [""first"", ""last"", ""last"", ""last"", ""first"", ""last"", ""first"", ""first""], ""num_stages"": 2, ""num_warps"": 8, ""pid_type"": ""flat"", ""range_flattens"": [null], ""range_multi_buffers"": [null], ""range_num_stages"": [0], ""range_unroll_factors"": [0], ""range_warp_specializes"": [null], ""reduction_loops"": [null]}",ok,11.19999960064888,0.04911446571350098,1
layer_norm,LA_005,2048x2048,train,1,heuristics,0,decf2056869ee2b5,"{""atomic_indexing"": [], ""block_sizes"": [1], ""indexing"": [""pointer"", ""tensor_descriptor"", ""pointer"", ""tensor_descriptor"", ""tensor_descriptor"", ""pointer"", ""pointer"", ""pointer"", ""tensor_descriptor"", ""pointer""], ""load_eviction_policies"": ["""", ""last"", ""first"", """", ""last"", ""first"", ""last"", ""last""], ""num_stages"": 2, ""num_warps"": 1, ""pid_type"": ""flat"", ""range_flattens"": [null], ""range_multi_buffers"": [null], ""range_num_stages"": [0], ""range_unroll_factors"": [0], ""range_warp_specializes"": [null], ""reduction_loops"": [1024]}",ok,9.216000325977802,0.031392574310302734,1
layer_norm,LA_005,2048x2048,train,1,heuristics,0,4cac37630d96589f,"{""atomic_indexing"": [], ""block_sizes"": [1], ""indexing"": [""pointer"", ""pointer"", ""pointer"", ""pointer"", ""pointer"", ""pointer"", ""pointer"", ""pointer"", ""pointer"", ""pointer"", ""pointer"", ""pointer""], ""load_eviction_policies"": ["""", """", """", """", """", """", """", """"], ""num_stages"": 1, ""num_warps"": 4, ""pid_type"": ""flat"", ""range_flattens"": [null], ""range_multi_buffers"": [null], ""range_num_stages"": [0], ""range_unroll_factors"": [0], ""range_warp_specializes"": [null], ""reduction_loops"": [null]}",ok,9.184000082314014,0.044582366943359375,0
layer_norm,LA_005,2048x2048,train,1,heuristics,0,4f20157b80d5d0c6,"{""atomic_indexing"": [], ""block_sizes"": [8], ""indexing"": [""pointer"", ""pointer"", ""pointer"", ""pointer"", ""pointer"", ""pointer"", ""pointer"", ""pointer"", ""pointer"", ""pointer"", ""pointer"", ""pointer""], ""load_eviction_policies"": ["""", """", """", """", """", """", """", """"], ""num_stages"": 2, ""num_warps"": 4, ""pid_type"": ""flat"", ""range_flattens"": [null], ""range_multi_buffers"": [null], ""range_num_stages"": [0], ""range_unroll_factors"": [0], ""range_warp_specializes"": [null], ""reduction_loops"": [null]}",ok,11.04000024497509,0.05597877502441406,0
layer_norm,LA_005,2048x2048,train,1,heuristics,0,afb9e7c4832b5792,"{""atomic_indexing"": [], ""block_sizes"": [16], ""indexing"": [""pointer"", ""pointer"", ""pointer"", ""pointer"", ""pointer"", ""pointer"", ""pointer"", ""pointer"", ""pointer"", ""pointer"", ""pointer"", ""pointer""], ""load_eviction_policies"": ["""", """", """", """", """", """", """", """"], ""num_stages"": 3, ""num_warps"": 8, ""pid_type"": ""flat"", ""range_flattens"": [null], ""range_multi_buffers"": [null], ""range_num_stages"": [0], ""range_unroll_factors"": [0], ""range_warp_specializes"": [null], ""reduction_loops"": [null]}",ok,11.231999844312668,0.03908419609069824,0
layer_norm,LA_005,2048x2048,train,1,heuristics,0,2f55ad23c11be5b0,"{""atomic_indexing"": [], ""block_sizes"": [4], ""indexing"": [""pointer"", ""pointer"", ""pointer"", ""pointer"", ""pointer"", ""pointer"", ""pointer"", ""pointer"", ""pointer"", ""pointer"", ""pointer"", ""pointer""], ""load_eviction_policies"": ["""", """", """", """", """", """", """", """"], ""num_sm_multiplier"": 1, ""num_stages"": 2, ""num_warps"": 4, ""pid_type"": ""persistent_blocked"", ""range_flattens"": [null], ""range_multi_buffers"": [null], ""range_num_stages"": [0], ""range_unroll_factors"": [0], ""range_warp_specializes"": [null], ""reduction_loops"": [null]}",ok,13.279999606311321,0.025696516036987305,0
layer_norm,LA_005,2048x2048,train,1,heuristics,0,0e2ecb77e4356aee,"{""atomic_indexing"": [], ""block_sizes"": [32], ""indexing"": [""tensor_descriptor"", ""tensor_descriptor"", ""tensor_descriptor"", ""tensor_descriptor"", ""tensor_descriptor"", ""tensor_descriptor"", ""tensor_descriptor"", ""tensor_descriptor"", ""tensor_descriptor"", ""tensor_descriptor"", ""tensor_descriptor"", ""tensor_descriptor""], ""load_eviction_policies"": ["""", """", """", """", """", """", """", """"], ""num_stages"": 2, ""num_warps"": 8, ""pid_type"": ""flat"", ""range_flattens"": [null], ""range_multi_buffers"": [null], ""range_num_stages"": [0], ""range_unroll_factors"": [0], ""range_warp_specializes"": [null], ""reduction_loops"": [null]}",ok,19.45599913597107,0.6782653331756592,0
layer_norm,LA_005,2048x2048,train,1,heuristics,0,a4c6bcde3478c76b,"{""atomic_indexing"": [], ""block_sizes"": [2], ""indexing"": [""pointer"", ""pointer"", ""pointer"", ""pointer"", ""pointer"", ""pointer"", ""pointer"", ""pointer"", ""pointer"", ""pointer"", ""pointer"", ""pointer""], ""load_eviction_policies"": ["""", """", """", """", """", """", """", """"], ""num_stages"": 1, ""num_warps"": 4, ""pid_type"": ""flat"", ""range_flattens"": [null], ""range_multi_buffers"": [null], ""range_num_stages"": [0], ""range_unroll_factors"": [0], ""range_warp_specializes"": [null], ""reduction_loops"": [null]}",ok,9.184000082314014,0.03205156326293945,0
layer_norm,LA_005,2048x2048,train,2,heuristics,0,04b1dd92c370cc99,"{""atomic_indexing"": [], ""block_sizes"": [2], ""indexing"": [""pointer"", ""pointer"", ""pointer"", ""tensor_descriptor"", ""tensor_descriptor"", ""tensor_descriptor"", ""tensor_descriptor"", ""tensor_descriptor"", ""tensor_descriptor"", ""pointer""], ""load_eviction_policies"": [""last"", """", ""last"", ""last"", ""first"", ""first"", """", ""last""], ""num_stages"": 1, ""num_warps"": 4, ""pid_type"": ""flat"", ""range_flattens"": [null], ""range_multi_buffers"": [null], ""range_num_stages"": [0], ""range_unroll_factors"": [0], ""range_warp_specializes"": [null], ""reduction_loops"": [null]}",ok,9.184000082314014,0.16397738456726074,1
layer_norm,LA_005,2048x2048,train,2,heuristics,0,869c54e4b955a8c6,"{""atomic_indexing"": [], ""block_sizes"": [1], ""indexing"": [""tensor_descriptor"", ""pointer"", ""pointer"", ""tensor_descriptor"", ""pointer"", ""tensor_descriptor"", ""pointer"", ""pointer"", ""tensor_descriptor"", ""tensor_descriptor""], ""load_eviction_policies"": [""last"", """", ""first"", """", """", ""last"", """", ""last""], ""num_stages"": 4, ""num_warps"": 8, ""pid_type"": ""flat"", ""range_flattens"": [null], ""range_multi_buffers"": [null], ""range_num_stages"": [0], ""range_unroll_factors"": [0], ""range_warp_specializes"": [null], ""reduction_loops"": [2048]}",ok,11.231999844312668,0.1478271484375,1
layer_norm,LA_005,2048x2048,train,2,heuristics,0,43acbd1ca50d4ca3,"{""atomic_indexing"": [], ""block_sizes"": [1], ""indexing"": [""pointer"", ""tensor_descriptor"", ""pointer"", ""pointer"", ""pointer"", ""pointer"", ""tensor_descriptor"", ""pointer"", ""tensor_descriptor"", ""tensor_descriptor""], ""load_eviction_policies"": [""first"", """", """", ""first"", """", ""last"", ""first"", """"], ""num_stages"": 4, ""num_warps"": 8, ""pid_type"": ""flat"", ""range_flattens"": [null], ""range_multi_buffers"": [null], ""range_num_stages"": [0], ""range_unroll_factors"": [0], ""range_warp_specializes"": [null], ""reduction_loops"": [null]}",ok,11.19999960064888,0.1312863826751709,1
layer_norm,LA_005,2048x2048,train,2,heuristics,0,0531906226c3040e,"{""block_sizes"": [1], ""indexing"": [""pointer"", ""pointer"", ""pointer"", ""pointer"", ""pointer"", ""pointer"", ""tensor_descriptor"", ""pointer"", ""pointer"", ""tensor_descriptor""], ""load_eviction_policies"": [""last"", """", ""first"", """", """", """", """", ""last""], ""num_stages"": 5, ""num_warps"": 16, ""pid_type"": ""flat"", ""range_flattens"": [null], ""range_multi_buffers"": [null], ""range_num_stages"": [0], ""range_unroll_factors"": [0], ""range_warp_specializes"": [null], ""reduction_loops"": [4096]}",ok,15.32800029963255,0.11385893821716309,1
layer_norm,LA_005,2048x2048,train,2,heuristics,0,178e7391546ae2da,"{""atomic_indexing"": [], ""block_sizes"": [1], ""indexing"": [""pointer"", ""pointer"", ""tensor_descriptor"", ""pointer"", ""tensor_descriptor"", ""pointer"", ""tensor_descriptor"", ""pointer"", ""pointer"", ""pointer""], ""load_eviction_policies"": [""first"", """", ""last"", """", ""last"", ""last"", ""last"", """"], ""num_stages"": 7, ""num_warps"": 4, ""pid_type"": ""flat"", ""range_flattens"": [null], ""range_multi_buffers"": [null], ""range_num_stages"": [0], ""range_unroll_factors"": [0], ""range_warp_specializes"": [null], ""reduction_loops"": [null]}",ok,9.184000082314014,0.1009366512298584,1
layer_norm,LA_005,2048x2048,train,2,heuristics,0,2052065dbe652edb,"{""atomic_indexing"": [], ""block_sizes"": [1], ""indexing"": [""pointer"", ""tensor_descriptor"", ""pointer"", ""pointer"", ""pointer"", ""tensor_descriptor"", ""pointer"", ""pointer"", ""pointer"", ""pointer""], ""load_eviction_policies"": [""last"", """", ""first"", """", """", ""last"", """", """"], ""num_stages"": 2, ""num_warps"": 16, ""pid_type"": ""flat"", ""range_flattens"": [null], ""range_multi_buffers"": [null], ""range_num_stages"": [0], ""range_unroll_factors"": [0], ""range_warp_specializes"": [null], ""reduction_loops"": [4096]}",ok,15.32800029963255,0.08320760726928711,1
layer_norm,LA_005,2048x2048,train,2,heuristics,0,186fed3761377dbd,"{""atomic_indexing"": [], ""block_sizes"": [1], ""indexing"": [""tensor_descriptor"", ""pointer"", ""tensor_descriptor"", ""pointer"", ""tensor_descriptor"", ""tensor_descriptor"", ""pointer"", ""pointer"", ""tensor_descriptor"", ""tensor_descriptor""], ""load_eviction_policies"": ["""", """", ""last"", """", ""last"", ""first"", ""last"", ""first""], ""num_stages"": 7, ""num_warps"": 4, ""pid_type"": ""flat"", ""range_flattens"": [null], ""range_multi_buffers"": [null], ""range_num_stages"": [0], ""range_unroll_factors"": [0], ""range_warp_specializes"": [null], ""reduction_loops"": [null]}",ok,9.184000082314014,0.06934595108032227,1
layer_norm,LA_005,2048x2048,train,2,heuristics,0,85df12bd2fb6305f,"{""atomic_indexing"": [], ""block_sizes"": [1], ""indexing"": [""tensor_descriptor"", ""pointer"", ""tensor_descriptor"", ""tensor_descriptor"", ""pointer"", ""tensor_descriptor"", ""tensor_descriptor"", ""tensor_descriptor"", ""pointer"", ""tensor_descriptor""], ""load_eviction_policies"": [""first"", ""last"", ""last"", ""last"", ""first"", ""last"", ""first"", ""first""], ""num_stages"": 2, ""num_warps"": 8, ""pid_type"": ""flat"", ""range_flattens"": [null], ""range_multi_buffers"": [null], ""range_num_stages"": [0], ""range_unroll_factors"": [0], ""range_warp_specializes"": [null], ""reduction_loops"": [null]}",ok,11.168000288307667,0.05196332931518555,1
layer_norm,LA_005,2048x2048,train,2,heuristics,0,decf2056869ee2b5,"{""atomic_indexing"": [], ""block_sizes"": [1], ""indexing"": [""pointer"", ""tensor_descriptor"", ""pointer"", ""tensor_descriptor"", ""tensor_descriptor"", ""pointer"", ""pointer"", ""pointer"", ""tensor_descriptor"", ""pointer""], ""load_eviction_policies"": ["""", ""last"", ""first"", """", ""last"", ""first"", ""last"", ""last""], ""num_stages"": 2, ""num_warps"": 1, ""pid_type"": ""flat"", ""range_flattens"": [null], ""range_multi_buffers"": [null], ""range_num_stages"": [0], ""range_unroll_factors"": [0], ""range_warp_specializes"": [null], ""reduction_loops"": [1024]}",ok,9.184000082314014,0.040825605392456055,1
layer_norm,LA_005,2048x2048,train,2,heuristics,0,4cac37630d96589f,"{""atomic_indexing"": [], ""block_sizes"": [1], ""indexing"": [""pointer"", ""pointer"", ""pointer"", ""pointer"", ""pointer"", ""pointer"", ""pointer"", ""pointer"", ""pointer"", ""pointer"", ""pointer"", ""pointer""], ""load_eviction_policies"": ["""", """", """", """", """", """", """", """"], ""num_stages"": 1, ""num_warps"": 4, ""pid_type"": ""flat"", ""range_flattens"": [null], ""range_multi_buffers"": [null], ""range_num_stages"": [0], ""range_unroll_factors"": [0], ""range_warp_specializes"": [null], ""reduction_loops"": [null]}",ok,9.184000082314014,0.04570603370666504,0
layer_norm,LA_005,2048x2048,train,2,heuristics,0,4f20157b80d5d0c6,"{""atomic_indexing"": [], ""block_sizes"": [8], ""indexing"": [""pointer"", ""pointer"", ""pointer"", ""pointer"", ""pointer"", ""pointer"", ""pointer"", ""pointer"", ""pointer"", ""pointer"", ""pointer"", ""pointer""], ""load_eviction_policies"": ["""", """", """", """", """", """", """", """"], ""num_stages"": 2, ""num_warps"": 4, ""pid_type"": ""flat"", ""range_flattens"": [null], ""range_multi_buffers"": [null], ""range_num_stages"": [0], ""range_unroll_factors"": [0], ""range_warp_specializes"": [null], ""reduction_loops"": [null]}",ok,11.136000044643879,0.0797429084777832,0
layer_norm,LA_005,2048x2048,train,2,heuristics,0,afb9e7c4832b5792,"{""atomic_indexing"": [], ""block_sizes"": [16], ""indexing"": [""pointer"", ""pointer"", ""pointer"", ""pointer"", ""pointer"", ""pointer"", ""pointer"", ""pointer"", ""pointer"", ""pointer"", ""pointer"", ""pointer""], ""load_eviction_policies"": ["""", """", """", """", """", """", """", """"], ""num_stages"": 3, ""num_warps"": 8, ""pid_type"": ""flat"", ""range_flattens"": [null], ""range_multi_buffers"": [null], ""range_num_stages"": [0], ""range_unroll_factors"": [0], ""range_warp_specializes"": [null], ""reduction_loops"": [null]}",ok,11.231999844312668,0.06262040138244629,0
layer_norm,LA_005,2048x2048,train,2,heuristics,0,2f55ad23c11be5b0,"{""atomic_indexing"": [], ""block_sizes"": [4], ""indexing"": [""pointer"", ""pointer"", ""pointer"", ""pointer"", ""pointer"", ""pointer"", ""pointer"", ""pointer"", ""pointer"", ""pointer"", ""pointer"", ""pointer""], ""load_eviction_policies"": ["""", """", """", """", """", """", """", """"], ""num_sm_multiplier"": 1, ""num_stages"": 2, ""num_warps"": 4, ""pid_type"": ""persistent_blocked"", ""range_flattens"": [null], ""range_multi_buffers"": [null], ""range_num_stages"": [0], ""range_unroll_factors"": [0], ""range_warp_specializes"": [null], ""reduction_loops"": [null]}",ok,13.279999606311321,0.04772615432739258,0
layer_norm,LA_005,2048x2048,train,2,heuristics,0,0e2ecb77e4356aee,"{""atomic_indexing"": [], ""block_sizes"": [32], ""indexing"": [""tensor_descriptor"", ""tensor_descriptor"", ""tensor_descriptor"", ""tensor_descriptor"", ""tensor_descriptor"", ""tensor_descriptor"", ""tensor_descriptor"", ""tensor_descriptor"", ""tensor_descriptor"", ""tensor_descriptor"", ""tensor_descriptor"", ""tensor_descriptor""], ""load_eviction_policies"": ["""", """", """", """", """", """", """", """"], ""num_stages"": 2, ""num_warps"": 8, ""pid_type"": ""flat"", ""range_flattens"": [null], ""range_multi_buffers"": [null], ""range_num_stages"": [0], ""range_unroll_factors"": [0], ""range_warp_specializes"": [null], ""reduction_loops"": [null]}",ok,19.519999623298645,0.03723025321960449,0
layer_norm,LA_005,2048x2048,train,2,heuristics,0,96bf501bc29598bf,"{""atomic_indexing"": [], ""block_sizes"": [64], ""indexing"": [""pointer"", ""pointer"", ""pointer"", ""pointer"", ""pointer"", ""pointer"", ""pointer"", ""pointer"", ""pointer"", ""pointer"", ""pointer"", ""pointer""], ""load_eviction_policies"": ["""", """", """", """", """", """", """", """"], ""num_sm_multiplier"": 1, ""num_stages"": 3, ""num_warps"": 16, ""pid_type"": ""persistent_interleaved"", ""range_flattens"": [null], ""range_multi_buffers"": [null], ""range_num_stages"": [0], ""range_unroll_factors"": [0], ""range_warp_specializes"": [null], ""reduction_loops"": [null]}",ok,117.85600334405899,0.04260373115539551,0
layer_norm,LA_006,2048x3072,train,0,heuristics,0,04b1dd92c370cc99,"{""atomic_indexing"": [], ""block_sizes"": [2], ""indexing"": [""pointer"", ""pointer"", ""pointer"", ""tensor_descriptor"", ""tensor_descriptor"", ""tensor_descriptor"", ""tensor_descriptor"", ""tensor_descriptor"", ""tensor_descriptor"", ""pointer""], ""load_eviction_policies"": [""last"", """", ""last"", ""last"", ""first"", ""first"", """", ""last""], ""num_stages"": 1, ""num_warps"": 4, ""pid_type"": ""flat"", ""range_flattens"": [null], ""range_multi_buffers"": [null], ""range_num_stages"": [0], ""range_unroll_factors"": [0], ""range_warp_specializes"": [null], ""reduction_loops"": [null]}",ok,11.231999844312668,0.10314393043518066,1
layer_norm,LA_006,2048x3072,train,0,heuristics,0,869c54e4b955a8c6,"{""atomic_indexing"": [], ""block_sizes"": [1], ""indexing"": [""tensor_descriptor"", ""pointer"", ""pointer"", ""tensor_descriptor"", ""pointer"", ""tensor_descriptor"", ""pointer"", ""pointer"", ""tensor_descriptor"", ""tensor_descriptor""], ""load_eviction_policies"": [""last"", """", ""first"", """", """", ""last"", """", ""last""], ""num_stages"": 4, ""num_warps"": 8, ""pid_type"": ""flat"", ""range_flattens"": [null], ""range_multi_buffers"": [null], ""range_num_stages"": [0], ""range_unroll_factors"": [0], ""range_warp_specializes"": [null], ""reduction_loops"": [2048]}",ok,13.279999606311321,0.20186567306518555,1
layer_norm,LA_006,2048x3072,train,0,heuristics,0,43acbd1ca50d4ca3,"{""atomic_indexing"": [], ""block_sizes"": [1], ""indexing"": [""pointer"", ""tensor_descriptor"", ""pointer"", ""pointer"", ""pointer"", ""pointer"", ""tensor_descriptor"", ""pointer"", ""tensor_descriptor"", ""tensor_descriptor""], ""load_eviction_policies"": [""first"", """", """", ""first"", """", ""last"", ""first"", """"], ""num_stages"": 4, ""num_warps"": 8, ""pid_type"": ""flat"", ""range_flattens"": [null], ""range_multi_buffers"": [null], ""range_num_stages"": [0], ""range_unroll_factors"": [0], ""range_warp_specializes"": [null], ""reduction_loops"": [null]}",ok,13.248000293970108,0.1701490879058838,1
layer_norm,LA_006,2048x3072,train,0,heuristics,0,0531906226c3040e,"{""block_sizes"": [1], ""indexing"": [""pointer"", ""pointer"", ""pointer"", ""pointer"", ""pointer"", ""pointer"", ""tensor_descriptor"", ""pointer"", ""pointer"", ""tensor_descriptor""], ""load_eviction_policies"": [""last"", """", ""first"", """", """", """", """", ""last""], ""num_stages"": 5, ""num_warps"": 16, ""pid_type"": ""flat"", ""range_flattens"": [null], ""range_multi_buffers"": [null], ""range_num_stages"": [0], ""range_unroll_factors"": [0], ""range_warp_specializes"": [null], ""reduction_loops"": [4096]}",ok,15.32800029963255,0.17063069343566895,1
layer_norm,LA_006,2048x3072,train,0,heuristics,0,178e7391546ae2da,"{""atomic_indexing"": [], ""block_sizes"": [1], ""indexing"": [""pointer"", ""pointer"", ""tensor_descriptor"", ""pointer"", ""tensor_descriptor"", ""pointer"", ""tensor_descriptor"", ""pointer"", ""pointer"", ""pointer""], ""load_eviction_policies"": [""first"", """", ""last"", """", ""last"", ""last"", ""last"", """"], ""num_stages"": 7, ""num_warps"": 4, ""pid_type"": ""flat"", ""range_flattens"": [null], ""range_multi_buffers"": [null], ""range_num_stages"": [0], ""range_unroll_factors"": [0], ""range_warp_specializes"": [null], ""reduction_loops"": [null]}",ok,11.231999844312668,0.16903948783874512,1
layer_norm,LA_006,2048x3072,train,0,heuristics,0,2052065dbe652edb,"{""atomic_indexing"": [], ""block_sizes"": [1], ""indexing"": [""pointer"", ""tensor_descriptor"", ""pointer"", ""pointer"", ""pointer"", ""tensor_descriptor"", ""pointer"", ""pointer"", ""pointer"", ""pointer""], ""load_eviction_policies"": [""last"", """", ""first"", """", """", ""last"", """", """"], ""num_stages"": 2, ""num_warps"": 16, ""pid_type"": ""flat"", ""range_flattens"": [null], ""range_multi_buffers"": [null], ""range_num_stages"": [0], ""range_unroll_factors"": [0], ""range_warp_specializes"": [null], ""reduction_loops"": [4096]}",ok,15.32800029963255,0.18104076385498047,1
layer_norm,LA_006,2048x3072,train,0,heuristics,0,186fed3761377dbd,"{""atomic_indexing"": [], ""block_sizes"": [1], ""indexing"": [""tensor_descriptor"", ""pointer"", ""tensor_descriptor"", ""pointer"", ""tensor_descriptor"", ""tensor_descriptor"", ""pointer"", ""pointer"", ""tensor_descriptor"", ""tensor_descriptor""], ""load_eviction_policies"": ["""", """", ""last"", """", ""last"", ""first"", ""last"", ""first""], ""num_stages"": 7, ""num_warps"": 4, ""pid_type"": ""flat"", ""range_flattens"": [null], ""range_multi_buffers"": [null], ""range_num_stages"": [0], ""range_unroll_factors"": [0], ""range_warp_specializes"": [null], ""reduction_loops"": [null]}",ok,11.231999844312668,0.17404794692993164,1
layer_norm,LA_006,2048x3072,train,0,heuristics,0,85df12bd2fb6305f,"{""atomic_indexing"": [], ""block_sizes"": [1], ""indexing"": [""tensor_descriptor"", ""pointer"", ""tensor_descriptor"", ""tensor_descriptor"", ""pointer"", ""tensor_descriptor"", ""tensor_descriptor"", ""tensor_descriptor"", ""pointer"", ""tensor_descriptor""], ""load_eviction_policies"": [""first"", ""last"", ""last"", ""last"", ""first"", ""last"", ""first"", ""first""], ""num_stages"": 2, ""num_warps"": 8, ""pid_type"": ""flat"", ""range_flattens"": [null], ""range_multi_buffers"": [null], ""range_num_stages"": [0], ""range_unroll_factors"": [0], ""range_warp_specializes"": [null], ""reduction_loops"": [null]}",ok,13.279999606311321,0.1680128574371338,1
layer_norm,LA_006,2048x3072,train,0,heuristics,0,decf2056869ee2b5,"{""atomic_indexing"": [], ""block_sizes"": [1], ""indexing"": [""pointer"", ""tensor_descriptor"", ""pointer"", ""tensor_descriptor"", ""tensor_descriptor"", ""pointer"", ""pointer"", ""pointer"", ""tensor_descriptor"", ""pointer""], ""load_eviction_policies"": ["""", ""last"", ""first"", """", ""last"", ""first"", ""last"", ""last""], ""num_stages"": 2, ""num_warps"": 1, ""pid_type"": ""flat"", ""range_flattens"": [null], ""range_multi_buffers"": [null], ""range_num_stages"": [0], ""range_unroll_factors"": [0], ""range_warp_specializes"": [null], ""reduction_loops"": [1024]}",ok,11.231999844312668,0.24233031272888184,1
layer_norm,LA_006,2048x3072,train,0,heuristics,0,4cac37630d96589f,"{""atomic_indexing"": [], ""block_sizes"": [1], ""indexing"": [""pointer"", ""pointer"", ""pointer"", ""pointer"", ""pointer"", ""pointer"", ""pointer"", ""pointer"", ""pointer"", ""pointer"", ""pointer"", ""pointer""], ""load_eviction_policies"": ["""", """", """", """", """", """", """", """"], ""num_stages"": 1, ""num_warps"": 4, ""pid_type"": ""flat"", ""range_flattens"": [null], ""range_multi_buffers"": [null], ""range_num_stages"": [0], ""range_unroll_factors"": [0], ""range_warp_specializes"": [null], ""reduction_loops"": [null]}",ok,11.231999844312668,0.03808021545410156,0
layer_norm,LA_006,2048x3072,train,0,heuristics,0,e124db399eec86eb,"{""atomic_indexing"": [], ""block_sizes"": [8], ""indexing"": [""pointer"", ""pointer"", ""pointer"", ""pointer"", ""pointer"", ""pointer"", ""pointer"", ""pointer"", ""pointer"", ""pointer"", ""pointer"", ""pointer""], ""load_eviction_policies"": ["""", """", """", """", """", """", """", """"], ""num_stages"": 2, ""num_warps"": 8, ""pid_type"": ""flat"", ""range_flattens"": [null], ""range_multi_buffers"": [null], ""range_num_stages"": [0], ""range_unroll_factors"": [0], ""range_warp_specializes"": [null], ""reduction_loops"": [null]}",ok,13.311999849975109,0.060109853744506836,0
layer_norm,LA_006,2048x3072,train,0,heuristics,0,afb9e7c4832b5792,"{""atomic_indexing"": [], ""block_sizes"": [16], ""indexing"": [""pointer"", ""pointer"", ""pointer"", ""pointer"", ""pointer"", ""pointer"", ""pointer"", ""pointer"", ""pointer"", ""pointer"", ""pointer"", ""pointer""], ""load_eviction_policies"": ["""", """", """", """", """", """", """", """"], ""num_stages"": 3, ""num_warps"": 8, ""pid_type"": ""flat"", ""range_flattens"": [null], ""range_multi_buffers"": [null], ""range_num_stages"": [0], ""range_unroll_factors"": [0], ""range_warp_specializes"": [null], ""reduction_loops"": [null]}",ok,15.263999812304974,0.04073977470397949,0
layer_norm,LA_006,2048x3072,train,0,heuristics,0,2f55ad23c11be5b0,"{""atomic_indexing"": [], ""block_sizes"": [4], ""indexing"": [""pointer"", ""pointer"", ""pointer"", ""pointer"", ""pointer"", ""pointer"", ""pointer"", ""pointer"", ""pointer"", ""pointer"", ""pointer"", ""pointer""], ""load_eviction_policies"": ["""", """", """", """", """", """", """", """"], ""num_sm_multiplier"": 1, ""num_stages"": 2, ""num_warps"": 4, ""pid_type"": ""persistent_blocked"", ""range_flattens"": [null], ""range_multi_buffers"": [null], ""range_num_stages"": [0], ""range_unroll_factors"": [0], ""range_warp_specializes"": [null], ""reduction_loops"": [null]}",ok,15.32800029963255,0.27368760108947754,0
layer_norm,LA_006,2048x3072,train,0,heuristics,0,b8536e264609b0e2,"{""atomic_indexing"": [], ""block_sizes"": [32], ""indexing"": [""pointer"", ""pointer"", ""pointer"", ""pointer"", ""pointer"", ""pointer"", ""pointer"", ""pointer"", ""pointer"", ""pointer"", ""pointer"", ""pointer""], ""load_eviction_policies"": ["""", """", """", """", """", """", """", """"], ""num_sm_multiplier"": 1, ""num_stages"": 2, ""num_warps"": 16, ""pid_type"": ""persistent_interleaved"", ""range_flattens"": [null], ""range_multi_buffers"": [null], ""range_num_stages"": [0], ""range_unroll_factors"": [0], ""range_warp_specializes"": [null], ""reduction_loops"": [null]}",ok,31.74399957060814,0.040697336196899414,0
layer_norm,LA_006,2048x3072,train,0,heuristics,0,a4c6bcde3478c76b,"{""atomic_indexing"": [], ""block_sizes"": [2], ""indexing"": [""pointer"", ""pointer"", ""pointer"", ""pointer"", ""pointer"", ""pointer"", ""pointer"", ""pointer"", ""pointer"", ""pointer"", ""pointer"", ""pointer""], ""load_eviction_policies"": ["""", """", """", """", """", """", """", """"], ""num_stages"": 1, ""num_warps"": 4, ""pid_type"": ""flat"", ""range_flattens"": [null], ""range_multi_buffers"": [null], ""range_num_stages"": [0], ""range_unroll_factors"": [0], ""range_warp_specializes"": [null], ""reduction_loops"": [null]}",ok,11.231999844312668,0.19444823265075684,0
layer_norm,LA_006,2048x3072,train,1,heuristics,0,04b1dd92c370cc99,"{""atomic_indexing"": [], ""block_sizes"": [2], ""indexing"": [""pointer"", ""pointer"", ""pointer"", ""tensor_descriptor"", ""tensor_descriptor"", ""tensor_descriptor"", ""tensor_descriptor"", ""tensor_descriptor"", ""tensor_descriptor"", ""pointer""], ""load_eviction_policies"": [""last"", """", ""last"", ""last"", ""first"", ""first"", """", ""last""], ""num_stages"": 1, ""num_warps"": 4, ""pid_type"": ""flat"", ""range_flattens"": [null], ""range_multi_buffers"": [null], ""range_num_stages"": [0], ""range_unroll_factors"": [0], ""range_warp_specializes"": [null], ""reduction_loops"": [null]}",ok,11.231999844312668,0.13845491409301758,1
layer_norm,LA_006,2048x3072,train,1,heuristics,0,869c54e4b955a8c6,"{""atomic_indexing"": [], ""block_sizes"": [1], ""indexing"": [""tensor_descriptor"", ""pointer"", ""pointer"", ""tensor_descriptor"", ""pointer"", ""tensor_descriptor"", ""pointer"", ""pointer"", ""tensor_descriptor"", ""tensor_descriptor""], ""load_eviction_policies"": [""last"", """", ""first"", """", """", ""last"", """", ""last""], ""num_stages"": 4, ""num_warps"": 8, ""pid_type"": ""flat"", ""range_flattens"": [null], ""range_multi_buffers"": [null], ""range_num_stages"": [0], ""range_unroll_factors"": [0], ""range_warp_specializes"": [null], ""reduction_loops"": [2048]}",ok,13.279999606311321,0.12130951881408691,1
layer_norm,LA_006,2048x3072,train,1,heuristics,0,43acbd1ca50d4ca3,"{""atomic_indexing"": [], ""block_sizes"": [1], ""indexing"": [""pointer"", ""tensor_descriptor"", ""pointer"", ""pointer"", ""pointer"", ""pointer"", ""tensor_descriptor"", ""pointer"", ""tensor_descriptor"", ""tensor_descriptor""], ""load_eviction_policies"": [""first"", """", """", ""first"", """", ""last"", ""first"", """"], ""num_stages"": 4, ""num_warps"": 8, ""pid_type"": ""flat"", ""range_flattens"": [null], ""range_multi_buffers"": [null], ""range_num_stages"": [0], ""range_unroll_factors"": [0], ""range_warp_specializes"": [null], ""reduction_loops"": [null]}",ok,13.279999606311321,0.10452699661254883,1
layer_norm,LA_006,2048x3072,train,1,heuristics,0,0531906226c3040e,"{""block_sizes"": [1], ""indexing"": [""pointer"", ""pointer"", ""pointer"", ""pointer"", ""pointer"", ""pointer"", ""tensor_descriptor"", ""pointer"", ""pointer"", ""tensor_descriptor""], ""load_eviction_policies"": [""last"", """", ""first"", """", """", """", """", ""last""], ""num_stages"": 5, ""num_warps"": 16, ""pid_type"": ""flat"", ""range_flattens"": [null], ""range_multi_buffers"": [null], ""range_num_stages"": [0], ""range_unroll_factors"": [0], ""range_warp_specializes"": [null], ""reduction_loops"": [4096]}",ok,15.32800029963255,0.09708333015441895,1
layer_norm,LA_006,2048x3072,train,1,heuristics,0,178e7391546ae2da,"{""atomic_indexing"": [], ""block_sizes"": [1], ""indexing"": [""pointer"", ""pointer"", ""tensor_descriptor"", ""pointer"", ""tensor_descriptor"", ""pointer"", ""tensor_descriptor"", ""pointer"", ""pointer"", ""pointer""], ""load_eviction_policies"": [""first"", """", ""last"", """", ""last"", ""last"", ""last"", """"], ""num_stages"": 7, ""num_warps"": 4, ""pid_type"": ""flat"", ""range_flattens"": [null], ""range_multi_buffers"": [null], ""range_num_stages"": [0], ""range_unroll_factors"": [0], ""range_warp_specializes"": [null], ""reduction_loops"": [null]}",ok,11.231999844312668,0.08876800537109375,1
layer_norm,LA_006,2048x3072,train,1,heuristics,0,2052065dbe652edb,"{""atomic_indexing"": [], ""block_sizes"": [1], ""indexing"": [""pointer"", ""tensor_descriptor"", ""pointer"", ""pointer"", ""pointer"", ""tensor_descriptor"", ""pointer"", ""pointer"", ""pointer"", ""pointer""], ""load_eviction_policies"": [""last"", """", ""first"", """", """", ""last"", """", """"], ""num_stages"": 2, ""num_warps"": 16, ""pid_type"": ""flat"", ""range_flattens"": [null], ""range_multi_buffers"": [null], ""range_num_stages"": [0], ""range_unroll_factors"": [0], ""range_warp_specializes"": [null], ""reduction_loops"": [4096]}",ok,15.32800029963255,0.06843066215515137,1
layer_norm,LA_006,2048x3072,train,1,heuristics,0,186fed3761377dbd,"{""atomic_indexing"": [], ""block_sizes"": [1], ""indexing"": [""tensor_descriptor"", ""pointer"", ""tensor_descriptor"", ""pointer"", ""tensor_descriptor"", ""tensor_descriptor"", ""pointer"", ""pointer"", ""tensor_descriptor"", ""tensor_descriptor""], ""load_eviction_policies"": ["""", """", ""last"", """", ""last"", ""first"", ""last"", ""first""], ""num_stages"": 7, ""num_warps"": 4, ""pid_type"": ""flat"", ""range_flattens"": [null], ""range_multi_buffers"": [null], ""range_num_stages"": [0], ""range_unroll_factors"": [0], ""range_warp_specializes"": [null], ""reduction_loops"": [null]}",ok,11.231999844312668,0.060604095458984375,1
layer_norm,LA_006,2048x3072,train,1,heuristics,0,85df12bd2fb6305f,"{""atomic_indexing"": [], ""block_sizes"": [1], ""indexing"": [""tensor_descriptor"", ""pointer"", ""tensor_descriptor"", ""tensor_descriptor"", ""pointer"", ""tensor_descriptor"", ""tensor_descriptor"", ""tensor_descriptor"", ""pointer"", ""tensor_descriptor""], ""load_eviction_policies"": [""first"", ""last"", ""last"", ""last"", ""first"", ""last"", ""first"", ""first""], ""num_stages"": 2, ""num_warps"": 8, ""pid_type"": ""flat"", ""range_flattens"": [null], ""range_multi_buffers"": [null], ""range_num_stages"": [0], ""range_unroll_factors"": [0], ""range_warp_specializes"": [null], ""reduction_loops"": [null]}",ok,13.279999606311321,0.05096697807312012,1
layer_norm,LA_006,2048x3072,train,1,heuristics,0,decf2056869ee2b5,"{""atomic_indexing"": [], ""block_sizes"": [1], ""indexing"": [""pointer"", ""tensor_descriptor"", ""pointer"", ""tensor_descriptor"", ""tensor_descriptor"", ""pointer"", ""pointer"", ""pointer"", ""tensor_descriptor"", ""pointer""], ""load_eviction_policies"": ["""", ""last"", ""first"", """", ""last"", ""first"", ""last"", ""last""], ""num_stages"": 2, ""num_warps"": 1, ""pid_type"": ""flat"", ""range_flattens"": [null], ""range_multi_buffers"": [null], ""range_num_stages"": [0], ""range_unroll_factors"": [0], ""range_warp_specializes"": [null], ""reduction_loops"": [1024]}",ok,11.231999844312668,0.036957740783691406,1
layer_norm,LA_006,2048x3072,train,1,heuristics,0,4cac37630d96589f,"{""atomic_indexing"": [], ""block_sizes"": [1], ""indexing"": [""pointer"", ""pointer"", ""pointer"", ""pointer"", ""pointer"", ""pointer"", ""pointer"", ""pointer"", ""pointer"", ""pointer"", ""pointer"", ""pointer""], ""load_eviction_policies"": ["""", """", """", """", """", """", """", """"], ""num_stages"": 1, ""num_warps"": 4, ""pid_type"": ""flat"", ""range_flattens"": [null], ""range_multi_buffers"": [null], ""range_num_stages"": [0], ""range_unroll_factors"": [0], ""range_warp_specializes"": [null], ""reduction_loops"": [null]}",ok,11.231999844312668,0.048413991928100586,0
layer_norm,LA_006,2048x3072,train,1,heuristics,0,fae41e2f173bf749,"{""atomic_indexing"": [], ""block_sizes"": [4], ""indexing"": [""pointer"", ""pointer"", ""pointer"", ""pointer"", ""pointer"", ""pointer"", ""pointer"", ""pointer"", ""pointer"", ""pointer"", ""pointer"", ""pointer""], ""load_eviction_policies"": ["""", """", """", """", """", """", """", """"], ""num_stages"": 1, ""num_warps"": 4, ""pid_type"": ""flat"", ""range_flattens"": [null], ""range_multi_buffers"": [null], ""range_num_stages"": [0], ""range_unroll_factors"": [0], ""range_warp_specializes"": [null], ""reduction_loops"": [null]}",ok,13.279999606311321,0.05899691581726074,0
layer_norm,LA_006,2048x3072,train,1,heuristics,0,4cb25375b2bdf253,"{""atomic_indexing"": [], ""block_sizes"": [8], ""indexing"": [""pointer"", ""pointer"", ""pointer"", ""pointer"", ""pointer"", ""pointer"", ""pointer"", ""pointer"", ""pointer"", ""pointer"", ""pointer"", ""pointer""], ""load_eviction_policies"": ["""", """", """", """", """", """", """", """"], ""num_stages"": 3, ""num_warps"": 8, ""pid_type"": ""flat"", ""range_flattens"": [null], ""range_multi_buffers"": [null], ""range_num_stages"": [0], ""range_unroll_factors"": [0], ""range_warp_specializes"": [null], ""reduction_loops"": [null]}",ok,13.311999849975109,0.04008746147155762,0
layer_norm,LA_006,2048x3072,train,1,heuristics,0,b1d0b32d7d9eb1b8,"{""atomic_indexing"": [], ""block_sizes"": [2], ""indexing"": [""pointer"", ""pointer"", ""pointer"", ""pointer"", ""pointer"", ""pointer"", ""pointer"", ""pointer"", ""pointer"", ""pointer"", ""pointer"", ""pointer""], ""load_eviction_policies"": ["""", """", """", """", """", """", """", """"], ""num_sm_multiplier"": 1, ""num_stages"": 2, ""num_warps"": 4, ""pid_type"": ""persistent_blocked"", ""range_flattens"": [null], ""range_multi_buffers"": [null], ""range_num_stages"": [0], ""range_unroll_factors"": [0], ""range_warp_specializes"": [null], ""reduction_loops"": [null]}",ok,17.376000061631203,0.025660276412963867,0
layer_norm,LA_006,2048x3072,train,1,heuristics,0,1fa32503be47c40d,"{""atomic_indexing"": [], ""block_sizes"": [16], ""indexing"": [""pointer"", ""pointer"", ""pointer"", ""pointer"", ""pointer"", ""pointer"", ""pointer"", ""pointer"", ""pointer"", ""pointer"", ""pointer"", ""pointer""], ""load_eviction_policies"": ["""", """", """", """", """", """", """", """"], ""num_sm_multiplier"": 1, ""num_stages"": 2, ""num_warps"": 8, ""pid_type"": ""persistent_interleaved"", ""range_flattens"": [null], ""range_multi_buffers"": [null], ""range_num_stages"": [0], ""range_unroll_factors"": [0], ""range_warp_specializes"": [null], ""reduction_loops"": [null]}",ok,13.344000093638897,0.02510380744934082,0
layer_norm,LA_006,2048x3072,train,1,heuristics,0,a1a93b4777ad2404,"{""atomic_indexing"": [], ""block_sizes"": [8], ""indexing"": [""tensor_descriptor"", ""tensor_descriptor"", ""tensor_descriptor"", ""tensor_descriptor"", ""tensor_descriptor"", ""tensor_descriptor"", ""tensor_descriptor"", ""tensor_descriptor"", ""tensor_descriptor"", ""tensor_descriptor"", ""tensor_descriptor"", ""tensor_descriptor""], ""load_eviction_policies"": ["""", """", """", """", """", """", """", """"], ""num_stages"": 3, ""num_warps"": 8, ""pid_type"": ""flat"", ""range_flattens"": [null], ""range_multi_buffers"": [null], ""range_num_stages"": [0], ""range_unroll_factors"": [0], ""range_warp_specializes"": [null], ""reduction_loops"": [null]}",ok,19.42400075495243,0.025522947311401367,0
layer_norm,LA_006,2048x3072,train,2,heuristics,0,04b1dd92c370cc99,"{""atomic_indexing"": [], ""block_sizes"": [2], ""indexing"": [""pointer"", ""pointer"", ""pointer"", ""tensor_descriptor"", ""tensor_descriptor"", ""tensor_descriptor"", ""tensor_descriptor"", ""tensor_descriptor"", ""tensor_descriptor"", ""pointer""], ""load_eviction_policies"": [""last"", """", ""last"", ""last"", ""first"", ""first"", """", ""last""], ""num_stages"": 1, ""num_warps"": 4, ""pid_type"": ""flat"", ""range_flattens"": [null], ""range_multi_buffers"": [null], ""range_num_stages"": [0], ""range_unroll_factors"": [0], ""range_warp_specializes"": [null], ""reduction_loops"": [null]}",ok,11.231999844312668,0.12426209449768066,1
layer_norm,LA_006,2048x3072,train,2,heuristics,0,869c54e4b955a8c6,"{""atomic_indexing"": [], ""block_sizes"": [1], ""indexing"": [""tensor_descriptor"", ""pointer"", ""pointer"", ""tensor_descriptor"", ""pointer"", ""tensor_descriptor"", ""pointer"", ""pointer"", ""tensor_descriptor"", ""tensor_descriptor""], ""load_eviction_policies"": [""last"", """", ""first"", """", """", ""last"", """", ""last""], ""num_stages"": 4, ""num_warps"": 8, ""pid_type"": ""flat"", ""range_flattens"": [null], ""range_multi_buffers"": [null], ""range_num_stages"": [0], ""range_unroll_factors"": [0], ""range_warp_specializes"": [null], ""reduction_loops"": [2048]}",ok,13.279999606311321,0.1166994571685791,1
layer_norm,LA_006,2048x3072,train,2,heuristics,0,43acbd1ca50d4ca3,"{""atomic_indexing"": [], ""block_sizes"": [1], ""indexing"": [""pointer"", ""tensor_descriptor"", ""pointer"", ""pointer"", ""pointer"", ""pointer"", ""tensor_descriptor"", ""pointer"", ""tensor_descriptor"", ""tensor_descriptor""], ""load_eviction_policies"": [""first"", """", """", ""first"", """", ""last"", ""first"", """"], ""num_stages"": 4, ""num_warps"": 8, ""pid_type"": ""flat"", ""range_flattens"": [null], ""range_multi_buffers"": [null], ""range_num_stages"": [0], ""range_unroll_factors"": [0], ""range_warp_specializes"": [null], ""reduction_loops"": [null]}",ok,13.248000293970108,0.10802245140075684,1
layer_norm,LA_006,2048x3072,train,2,heuristics,0,0531906226c3040e,"{""block_sizes"": [1], ""indexing"": [""pointer"", ""pointer"", ""pointer"", ""pointer"", ""pointer"", ""pointer"", ""tensor_descriptor"", ""pointer"", ""pointer"", ""tensor_descriptor""], ""load_eviction_policies"": [""last"", """", ""first"", """", """", """", """", ""last""], ""num_stages"": 5, ""num_warps"": 16, ""pid_type"": ""flat"", ""range_flattens"": [null], ""range_multi_buffers"": [null], ""range_num_stages"": [0], ""range_unroll_factors"": [0], ""range_warp_specializes"": [null], ""reduction_loops"": [4096]}",ok,15.32800029963255,0.09960222244262695,1
layer_norm,LA_006,2048x3072,train,2,heuristics,0,178e7391546ae2da,"{""atomic_indexing"": [], ""block_sizes"": [1], ""indexing"": [""pointer"", ""pointer"", ""tensor_descriptor"", ""pointer"", ""tensor_descriptor"", ""pointer"", ""tensor_descriptor"", ""pointer"", ""pointer"", ""pointer""], ""load_eviction_policies"": [""first"", """", ""last"", """", ""last"", ""last"", ""last"", """"], ""num_stages"": 7, ""num_warps"": 4, ""pid_type"": ""flat"", ""range_flattens"": [null], ""range_multi_buffers"": [null], ""range_num_stages"": [0], ""range_unroll_factors"": [0], ""range_warp_specializes"": [null], ""reduction_loops"": [null]}",ok,11.231999844312668,0.0906057357788086,1
layer_norm,LA_006,2048x3072,train,2,heuristics,0,2052065dbe652edb,"{""atomic_indexing"": [], ""block_sizes"": [1], ""indexing"": [""pointer"", ""tensor_descriptor"", ""pointer"", ""pointer"", ""pointer"", ""tensor_descriptor"", ""pointer"", ""pointer"", ""pointer"", ""pointer""], ""load_eviction_policies"": [""last"", """", ""first"", """", """", ""last"", """", """"], ""num_stages"": 2, ""num_warps"": 16, ""pid_type"": ""flat"", ""range_flattens"": [null], ""range_multi_buffers"": [null], ""range_num_stages"": [0], ""range_unroll_factors"": [0], ""range_warp_specializes"": [null], ""reduction_loops"": [4096]}",ok,15.32800029963255,0.0714731216430664,1
layer_norm,LA_006,2048x3072,train,2,heuristics,0,186fed3761377dbd,"{""atomic_indexing"": [], ""block_sizes"": [1], ""indexing"": [""tensor_descriptor"", ""pointer"", ""tensor_descriptor"", ""pointer"", ""tensor_descriptor"", ""tensor_descriptor"", ""pointer"", ""pointer"", ""tensor_descriptor"", ""tensor_descriptor""], ""load_eviction_policies"": ["""", """", ""last"", """", ""last"", ""first"", ""last"", ""first""], ""num_stages"": 7, ""num_warps"": 4, ""pid_type"": ""flat"", ""range_flattens"": [null], ""range_multi_buffers"": [null], ""range_num_stages"": [0], ""range_unroll_factors"": [0], ""range_warp_specializes"": [null], ""reduction_loops"": [null]}",ok,11.231999844312668,0.04987335205078125,1
layer_norm,LA_006,2048x3072,train,2,heuristics,0,85df12bd2fb6305f,"{""atomic_indexing"": [], ""block_sizes"": [1], ""indexing"": [""tensor_descriptor"", ""pointer"", ""tensor_descriptor"", ""tensor_descriptor"", ""pointer"", ""tensor_descriptor"", ""tensor_descriptor"", ""tensor_descriptor"", ""pointer"", ""tensor_descriptor""], ""load_eviction_policies"": [""first"", ""last"", ""last"", ""last"", ""first"", ""last"", ""first"", ""first""], ""num_stages"": 2, ""num_warps"": 8, ""pid_type"": ""flat"", ""range_flattens"": [null], ""range_multi_buffers"": [null], ""range_num_stages"": [0], ""range_unroll_factors"": [0], ""range_warp_specializes"": [null], ""reduction_loops"": [null]}",ok,13.279999606311321,0.03994941711425781,1
layer_norm,LA_006,2048x3072,train,2,heuristics,0,decf2056869ee2b5,"{""atomic_indexing"": [], ""block_sizes"": [1], ""indexing"": [""pointer"", ""tensor_descriptor"", ""pointer"", ""tensor_descriptor"", ""tensor_descriptor"", ""pointer"", ""pointer"", ""pointer"", ""tensor_descriptor"", ""pointer""], ""load_eviction_policies"": ["""", ""last"", ""first"", """", ""last"", ""first"", ""last"", ""last""], ""num_stages"": 2, ""num_warps"": 1, ""pid_type"": ""flat"", ""range_flattens"": [null], ""range_multi_buffers"": [null], ""range_num_stages"": [0], ""range_unroll_factors"": [0], ""range_warp_specializes"": [null], ""reduction_loops"": [1024]}",ok,11.231999844312668,0.023435592651367188,1
layer_norm,LA_006,2048x3072,train,2,heuristics,0,4cac37630d96589f,"{""atomic_indexing"": [], ""block_sizes"": [1], ""indexing"": [""pointer"", ""pointer"", ""pointer"", ""pointer"", ""pointer"", ""pointer"", ""pointer"", ""pointer"", ""pointer"", ""pointer"", ""pointer"", ""pointer""], ""load_eviction_policies"": ["""", """", """", """", """", """", """", """"], ""num_stages"": 1, ""num_warps"": 4, ""pid_type"": ""flat"", ""range_flattens"": [null], ""range_multi_buffers"": [null], ""range_num_stages"": [0], ""range_unroll_factors"": [0], ""range_warp_specializes"": [null], ""reduction_loops"": [null]}",ok,11.231999844312668,0.02193164825439453,0
layer_norm,LA_006,2048x3072,train,2,heuristics,0,a88843cd554ac29c,"{""atomic_indexing"": [], ""block_sizes"": [1], ""indexing"": [""pointer"", ""pointer"", ""pointer"", ""pointer"", ""pointer"", ""pointer"", ""pointer"", ""pointer"", ""pointer"", ""pointer"", ""pointer"", ""pointer""], ""load_eviction_policies"": ["""", """", """", """", """", """", """", """"], ""num_stages"": 2, ""num_warps"": 4, ""pid_type"": ""flat"", ""range_flattens"": [null], ""range_multi_buffers"": [null], ""range_num_stages"": [0], ""range_unroll_factors"": [0], ""range_warp_specializes"": [null], ""reduction_loops"": [null]}",ok,11.231999844312668,0.0411529541015625,0
layer_norm,LA_006,2048x3072,train,2,heuristics,0,4218c14d26c77e45,"{""atomic_indexing"": [], ""block_sizes"": [4], ""indexing"": [""pointer"", ""pointer"", ""pointer"", ""pointer"", ""pointer"", ""pointer"", ""pointer"", ""pointer"", ""pointer"", ""pointer"", ""pointer"", ""pointer""], ""load_eviction_policies"": ["""", """", """", """", """", """", """", """"], ""num_stages"": 2, ""num_warps"": 8, ""pid_type"": ""flat"", ""range_flattens"": [null], ""range_multi_buffers"": [null], ""range_num_stages"": [0], ""range_unroll_factors"": [0], ""range_warp_specializes"": [null], ""reduction_loops"": [null]}",ok,13.279999606311321,0.03179788589477539,0
layer_norm,LA_006,2048x3072,train,2,heuristics,0,4cb25375b2bdf253,"{""atomic_indexing"": [], ""block_sizes"": [8], ""indexing"": [""pointer"", ""pointer"", ""pointer"", ""pointer"", ""pointer"", ""pointer"", ""pointer"", ""pointer"", ""pointer"", ""pointer"", ""pointer"", ""pointer""], ""load_eviction_policies"": ["""", """", """", """", """", """", """", """"], ""num_stages"": 3, ""num_warps"": 8, ""pid_type"": ""flat"", ""range_flattens"": [null], ""range_multi_buffers"": [null], ""range_num_stages"": [0], ""range_unroll_factors"": [0], ""range_warp_specializes"": [null], ""reduction_loops"": [null]}",ok,13.311999849975109,0.023423194885253906,0
layer_norm,LA_006,2048x3072,train,2,heuristics,0,bacf879de8cefd12,"{""atomic_indexing"": [], ""block_sizes"": [16], ""indexing"": [""pointer"", ""pointer"", ""pointer"", ""pointer"", ""pointer"", ""pointer"", ""pointer"", ""pointer"", ""pointer"", ""pointer"", ""pointer"", ""pointer""], ""load_eviction_policies"": ["""", """", """", """", """", """", """", """"], ""num_sm_multiplier"": 1, ""num_stages"": 2, ""num_warps"": 16, ""pid_type"": ""persistent_blocked"", ""range_flattens"": [null], ""range_multi_buffers"": [null], ""range_num_stages"": [0], ""range_unroll_factors"": [0], ""range_warp_specializes"": [null], ""reduction_loops"": [null]}",ok,17.343999817967415,0.344860315322876,0
layer_norm,LA_006,2048x3072,train,2,heuristics,0,3a092f2415e32a3f,"{""atomic_indexing"": [], ""block_sizes"": [2], ""indexing"": [""pointer"", ""pointer"", ""pointer"", ""pointer"", ""pointer"", ""pointer"", ""pointer"", ""pointer"", ""pointer"", ""pointer"", ""pointer"", ""pointer""], ""load_eviction_policies"": ["""", """", """", """", """", """", """", """"], ""num_sm_multiplier"": 1, ""num_stages"": 3, ""num_warps"": 8, ""pid_type"": ""persistent_interleaved"", ""range_flattens"": [null], ""range_multi_buffers"": [null], ""range_num_stages"": [0], ""range_unroll_factors"": [0], ""range_warp_specializes"": [null], ""reduction_loops"": [null]}",ok,17.376000061631203,0.19158673286437988,0
layer_norm,LA_007,2048x5120,train,0,heuristics,0,decf2056869ee2b5,"{""atomic_indexing"": [], ""block_sizes"": [1], ""indexing"": [""pointer"", ""tensor_descriptor"", ""pointer"", ""tensor_descriptor"", ""tensor_descriptor"", ""pointer"", ""pointer"", ""pointer"", ""tensor_descriptor"", ""pointer""], ""load_eviction_policies"": ["""", ""last"", ""first"", """", ""last"", ""first"", ""last"", ""last""], ""num_stages"": 2, ""num_warps"": 1, ""pid_type"": ""flat"", ""range_flattens"": [null], ""range_multi_buffers"": [null], ""range_num_stages"": [0], ""range_unroll_factors"": [0], ""range_warp_specializes"": [null], ""reduction_loops"": [1024]}",ok,15.32800029963255,0.1024322509765625,1
layer_norm,LA_007,2048x5120,train,0,heuristics,0,869c54e4b955a8c6,"{""atomic_indexing"": [], ""block_sizes"": [1], ""indexing"": [""tensor_descriptor"", ""pointer"", ""pointer"", ""tensor_descriptor"", ""pointer"", ""tensor_descriptor"", ""pointer"", ""pointer"", ""tensor_descriptor"", ""tensor_descriptor""], ""load_eviction_policies"": [""last"", """", ""first"", """", """", ""last"", """", ""last""], ""num_stages"": 4, ""num_warps"": 8, ""pid_type"": ""flat"", ""range_flattens"": [null], ""range_multi_buffers"": [null], ""range_num_stages"": [0], ""range_unroll_factors"": [0], ""range_warp_specializes"": [null], ""reduction_loops"": [2048]}",ok,15.32800029963255,0.2135605812072754,1
layer_norm,LA_007,2048x5120,train,0,heuristics,0,43acbd1ca50d4ca3,"{""atomic_indexing"": [], ""block_sizes"": [1], ""indexing"": [""pointer"", ""tensor_descriptor"", ""pointer"", ""pointer"", ""pointer"", ""pointer"", ""tensor_descriptor"", ""pointer"", ""tensor_descriptor"", ""tensor_descriptor""], ""load_eviction_policies"": [""first"", """", """", ""first"", """", ""last"", ""first"", """"], ""num_stages"": 4, ""num_warps"": 8, ""pid_type"": ""flat"", ""range_flattens"": [null], ""range_multi_buffers"": [null], ""range_num_stages"": [0], ""range_unroll_factors"": [0], ""range_warp_specializes"": [null], ""reduction_loops"": [null]}",ok,15.32800029963255,0.18836474418640137,1
layer_norm,LA_007,2048x5120,train,0,heuristics,0,0531906226c3040e,"{""block_sizes"": [1], ""indexing"": [""pointer"", ""pointer"", ""pointer"", ""pointer"", ""pointer"", ""pointer"", ""tensor_descriptor"", ""pointer"", ""pointer"", ""tensor_descriptor""], ""load_eviction_policies"": [""last"", """", ""first"", """", """", """", """", ""last""], ""num_stages"": 5, ""num_warps"": 16, ""pid_type"": ""flat"", ""range_flattens"": [null], ""range_multi_buffers"": [null], ""range_num_stages"": [0], ""range_unroll_factors"": [0], ""range_warp_specializes"": [null], ""reduction_loops"": [4096]}",ok,19.42400075495243,0.19385337829589844,1
layer_norm,LA_007,2048x5120,train,0,heuristics,0,04b1dd92c370cc99,"{""atomic_indexing"": [], ""block_sizes"": [2], ""indexing"": [""pointer"", ""pointer"", ""pointer"", ""tensor_descriptor"", ""tensor_descriptor"", ""tensor_descriptor"", ""tensor_descriptor"", ""tensor_descriptor"", ""tensor_descriptor"", ""pointer""], ""load_eviction_policies"": [""last"", """", ""last"", ""last"", ""first"", ""first"", """", ""last""], ""num_stages"": 1, ""num_warps"": 4, ""pid_type"": ""flat"", ""range_flattens"": [null], ""range_multi_buffers"": [null], ""range_num_stages"": [0], ""range_unroll_factors"": [0], ""range_warp_specializes"": [null], ""reduction_loops"": [null]}",ok,15.32800029963255,0.27042078971862793,1
layer_norm,LA_007,2048x5120,train,0,heuristics,0,178e7391546ae2da,"{""atomic_indexing"": [], ""block_sizes"": [1], ""indexing"": [""pointer"", ""pointer"", ""tensor_descriptor"", ""pointer"", ""tensor_descriptor"", ""pointer"", ""tensor_descriptor"", ""pointer"", ""pointer"", ""pointer""], ""load_eviction_policies"": [""first"", """", ""last"", """", ""last"", ""last"", ""last"", """"], ""num_stages"": 7, ""num_warps"": 4, ""pid_type"": ""flat"", ""range_flattens"": [null], ""range_multi_buffers"": [null], ""range_num_stages"": [0], ""range_unroll_factors"": [0], ""range_warp_specializes"": [null], ""reduction_loops"": [null]}",ok,13.279999606311321,0.22024035453796387,1
layer_norm,LA_007,2048x5120,train,0,heuristics,0,2052065dbe652edb,"{""atomic_indexing"": [], ""block_sizes"": [1], ""indexing"": [""pointer"", ""tensor_descriptor"", ""pointer"", ""pointer"", ""pointer"", ""tensor_descriptor"", ""pointer"", ""pointer"", ""pointer"", ""pointer""], ""load_eviction_policies"": [""last"", """", ""first"", """", """", ""last"", """", """"], ""num_stages"": 2, ""num_warps"": 16, ""pid_type"": ""flat"", ""range_flattens"": [null], ""range_multi_buffers"": [null], ""range_num_stages"": [0], ""range_unroll_factors"": [0], ""range_warp_specializes"": [null], ""reduction_loops"": [4096]}",ok,19.45599913597107,0.19679045677185059,1
layer_norm,LA_007,2048x5120,train,0,heuristics,0,186fed3761377dbd,"{""atomic_indexing"": [], ""block_sizes"": [1], ""indexing"": [""tensor_descriptor"", ""pointer"", ""tensor_descriptor"", ""pointer"", ""tensor_descriptor"", ""tensor_descriptor"", ""pointer"", ""pointer"", ""tensor_descriptor"", ""tensor_descriptor""], ""load_eviction_policies"": ["""", """", ""last"", """", ""last"", ""first"", ""last"", ""first""], ""num_stages"": 7, ""num_warps"": 4, ""pid_type"": ""flat"", ""range_flattens"": [null], ""range_multi_buffers"": [null], ""range_num_stages"": [0], ""range_unroll_factors"": [0], ""range_warp_specializes"": [null], ""reduction_loops"": [null]}",ok,13.279999606311321,0.20771193504333496,1
layer_norm,LA_007,2048x5120,train,0,heuristics,0,85df12bd2fb6305f,"{""atomic_indexing"": [], ""block_sizes"": [1], ""indexing"": [""tensor_descriptor"", ""pointer"", ""tensor_descriptor"", ""tensor_descriptor"", ""pointer"", ""tensor_descriptor"", ""tensor_descriptor"", ""tensor_descriptor"", ""pointer"", ""tensor_descriptor""], ""load_eviction_policies"": [""first"", ""last"", ""last"", ""last"", ""first"", ""last"", ""first"", ""first""], ""num_stages"": 2, ""num_warps"": 8, ""pid_type"": ""flat"", ""range_flattens"": [null], ""range_multi_buffers"": [null], ""range_num_stages"": [0], ""range_unroll_factors"": [0], ""range_warp_specializes"": [null], ""reduction_loops"": [null]}",ok,15.32800029963255,0.18088674545288086,1
layer_norm,LA_007,2048x5120,train,0,heuristics,0,d51eaf64c3f1ccad,"{""atomic_indexing"": [], ""block_sizes"": [1], ""indexing"": [""pointer"", ""pointer"", ""pointer"", ""pointer"", ""pointer"", ""pointer"", ""pointer"", ""pointer"", ""pointer"", ""pointer"", ""pointer"", ""pointer""], ""load_eviction_policies"": ["""", """", """", """", """", """", """", """"], ""num_stages"": 1, ""num_warps"": 4, ""pid_type"": ""flat"", ""range_flattens"": [null], ""range_multi_buffers"": [null], ""range_num_stages"": [0], ""range_unroll_factors"": [0], ""range_warp_specializes"": [null], ""reduction_loops"": [4096]}",ok,17.376000061631203,0.038803815841674805,0
layer_norm,LA_007,2048x5120,train,0,heuristics,0,7c81fac544e72c5e,"{""atomic_indexing"": [], ""block_sizes"": [4], ""indexing"": [""pointer"", ""pointer"", ""pointer"", ""pointer"", ""pointer"", ""pointer"", ""pointer"", ""pointer"", ""pointer"", ""pointer"", ""pointer"", ""pointer""], ""load_eviction_policies"": ["""", """", """", """", """", """", """", """"], ""num_stages"": 2, ""num_warps"": 8, ""pid_type"": ""flat"", ""range_flattens"": [null], ""range_multi_buffers"": [null], ""range_num_stages"": [0], ""range_unroll_factors"": [0], ""range_warp_specializes"": [null], ""reduction_loops"": [4096]}",ok,21.503999829292297,0.061882734298706055,0
layer_norm,LA_007,2048x5120,train,0,heuristics,0,282031698fd81fbc,"{""atomic_indexing"": [], ""block_sizes"": [8], ""indexing"": [""pointer"", ""pointer"", ""pointer"", ""pointer"", ""pointer"", ""pointer"", ""pointer"", ""pointer"", ""pointer"", ""pointer"", ""pointer"", ""pointer""], ""load_eviction_policies"": ["""", """", """", """", """", """", """", """"], ""num_stages"": 3, ""num_warps"": 8, ""pid_type"": ""flat"", ""range_flattens"": [null], ""range_multi_buffers"": [null], ""range_num_stages"": [0], ""range_unroll_factors"": [0], ""range_warp_specializes"": [null], ""reduction_loops"": [4096]}",ok,25.536000728607178,0.041910648345947266,0
layer_norm,LA_007,2048x5120,train,0,heuristics,0,c5f17eadb74db79b,"{""atomic_indexing"": [], ""block_sizes"": [2], ""indexing"": [""pointer"", ""pointer"", ""pointer"", ""pointer"", ""pointer"", ""pointer"", ""pointer"", ""pointer"", ""pointer"", ""pointer"", ""pointer"", ""pointer""], ""load_eviction_policies"": ["""", """", """", """", """", """", """", """"], ""num_sm_multiplier"": 1, ""num_stages"": 2, ""num_warps"": 4, ""pid_type"": ""persistent_blocked"", ""range_flattens"": [null], ""range_multi_buffers"": [null], ""range_num_stages"": [0], ""range_unroll_factors"": [0], ""range_warp_specializes"": [null], ""reduction_loops"": [4096]}",ok,41.98399931192398,0.04169654846191406,0
layer_norm,LA_007,2048x5120,train,0,heuristics,0,0c0f746a3a2da135,"{""atomic_indexing"": [], ""block_sizes"": [16], ""indexing"": [""pointer"", ""pointer"", ""pointer"", ""pointer"", ""pointer"", ""pointer"", ""pointer"", ""pointer"", ""pointer"", ""pointer"", ""pointer"", ""pointer""], ""load_eviction_policies"": ["""", """", """", """", """", """", """", """"], ""num_sm_multiplier"": 1, ""num_stages"": 2, ""num_warps"": 16, ""pid_type"": ""persistent_interleaved"", ""range_flattens"": [null], ""range_multi_buffers"": [null], ""range_num_stages"": [0], ""range_unroll_factors"": [0], ""range_warp_specializes"": [null], ""reduction_loops"": [4096]}",ok,33.824000507593155,0.04061460494995117,0
layer_norm,LA_007,2048x5120,train,0,heuristics,0,4cdd0f7d390edf46,"{""atomic_indexing"": [], ""block_sizes"": [4], ""indexing"": [""tensor_descriptor"", ""tensor_descriptor"", ""tensor_descriptor"", ""tensor_descriptor"", ""tensor_descriptor"", ""tensor_descriptor"", ""tensor_descriptor"", ""tensor_descriptor"", ""tensor_descriptor"", ""tensor_descriptor"", ""tensor_descriptor"", ""tensor_descriptor""], ""load_eviction_policies"": ["""", """", """", """", """", """", """", """"], ""num_stages"": 3, ""num_warps"": 8, ""pid_type"": ""flat"", ""range_flattens"": [null], ""range_multi_buffers"": [null], ""range_num_stages"": [0], ""range_unroll_factors"": [0], ""range_warp_specializes"": [null], ""reduction_loops"": [4096]}",ok,21.503999829292297,0.040978431701660156,0
layer_norm,LA_007,2048x5120,train,1,heuristics,0,decf2056869ee2b5,"{""atomic_indexing"": [], ""block_sizes"": [1], ""indexing"": [""pointer"", ""tensor_descriptor"", ""pointer"", ""tensor_descriptor"", ""tensor_descriptor"", ""pointer"", ""pointer"", ""pointer"", ""tensor_descriptor"", ""pointer""], ""load_eviction_policies"": ["""", ""last"", ""first"", """", ""last"", ""first"", ""last"", ""last""], ""num_stages"": 2, ""num_warps"": 1, ""pid_type"": ""flat"", ""range_flattens"": [null], ""range_multi_buffers"": [null], ""range_num_stages"": [0], ""range_unroll_factors"": [0], ""range_warp_specializes"": [null], ""reduction_loops"": [1024]}",ok,15.32800029963255,0.10723447799682617,1
layer_norm,LA_007,2048x5120,train,1,heuristics,0,869c54e4b955a8c6,"{""atomic_indexing"": [], ""block_sizes"": [1], ""indexing"": [""tensor_descriptor"", ""pointer"", ""pointer"", ""tensor_descriptor"", ""pointer"", ""tensor_descriptor"", ""pointer"", ""pointer"", ""tensor_descriptor"", ""tensor_descriptor""], ""load_eviction_policies"": [""last"", """", ""first"", """", """", ""last"", """", ""last""], ""num_stages"": 4, ""num_warps"": 8, ""pid_type"": ""flat"", ""range_flattens"": [null], ""range_multi_buffers"": [null], ""range_num_stages"": [0], ""range_unroll_factors"": [0], ""range_warp_specializes"": [null], ""reduction_loops"": [2048]}",ok,15.32800029963255,0.08692288398742676,1
layer_norm,LA_007,2048x5120,train,1,heuristics,0,43acbd1ca50d4ca3,"{""atomic_indexing"": [], ""block_sizes"": [1], ""indexing"": [""pointer"", ""tensor_descriptor"", ""pointer"", ""pointer"", ""pointer"", ""pointer"", ""tensor_descriptor"", ""pointer"", ""tensor_descriptor"", ""tensor_descriptor""], ""load_eviction_policies"": [""first"", """", """", ""first"", """", ""last"", ""first"", """"], ""num_stages"": 4, ""num_warps"": 8, ""pid_type"": ""flat"", ""range_flattens"": [null], ""range_multi_buffers"": [null], ""range_num_stages"": [0], ""range_unroll_factors"": [0], ""range_warp_specializes"": [null], ""reduction_loops"": [null]}",ok,15.32800029963255,0.06877493858337402,1
layer_norm,LA_007,2048x5120,train,1,heuristics,0,0531906226c3040e,"{""block_sizes"": [1], ""indexing"": [""pointer"", ""pointer"", ""pointer"", ""pointer"", ""pointer"", ""pointer"", ""tensor_descriptor"", ""pointer"", ""pointer"", ""tensor_descriptor""], ""load_eviction_policies"": [""last"", """", ""first"", """", """", """", """", ""last""], ""num_stages"": 5, ""num_warps"": 16, ""pid_type"": ""flat"", ""range_flattens"": [null], ""range_multi_buffers"": [null], ""range_num_stages"": [0], ""range_unroll_factors"": [0], ""range_warp_specializes"": [null], ""reduction_loops"": [4096]}",ok,19.42400075495243,0.05997014045715332,1
layer_norm,LA_007,2048x5120,train,1,heuristics,0,04b1dd92c370cc99,"{""atomic_indexing"": [], ""block_sizes"": [2], ""indexing"": [""pointer"", ""pointer"", ""pointer"", ""tensor_descriptor"", ""tensor_descriptor"", ""tensor_descriptor"", ""tensor_descriptor"", ""tensor_descriptor"", ""tensor_descriptor"", ""pointer""], ""load_eviction_policies"": [""last"", """", ""last"", ""last"", ""first"", ""first"", """", ""last""], ""num_stages"": 1, ""num_warps"": 4, ""pid_type"": ""flat"", ""range_flattens"": [null], ""range_multi_buffers"": [null], ""range_num_stages"": [0], ""range_unroll_factors"": [0], ""range_warp_specializes"": [null], ""reduction_loops"": [null]}",ok,15.32800029963255,0.05211472511291504,1
layer_norm,LA_007,2048x5120,train,1,heuristics,0,178e7391546ae2da,"{""atomic_indexing"": [], ""block_sizes"": [1], ""indexing"": [""pointer"", ""pointer"", ""tensor_descriptor"", ""pointer"", ""tensor_descriptor"", ""pointer"", ""tensor_descriptor"", ""pointer"", ""pointer"", ""pointer""], ""load_eviction_policies"": [""first"", """", ""last"", """", ""last"", ""last"", ""last"", """"], ""num_stages"": 7, ""num_warps"": 4, ""pid_type"": ""flat"", ""range_flattens"": [null], ""range_multi_buffers"": [null], ""range_num_stages"": [0], ""range_unroll_factors"": [0], ""range_warp_specializes"": [null], ""reduction_loops"": [null]}",ok,13.376000337302685,0.04464864730834961,1
layer_norm,LA_007,2048x5120,train,1,heuristics,0,2052065dbe652edb,"{""atomic_indexing"": [], ""block_sizes"": [1], ""indexing"": [""pointer"", ""tensor_descriptor"", ""pointer"", ""pointer"", ""pointer"", ""tensor_descriptor"", ""pointer"", ""pointer"", ""pointer"", ""pointer""], ""load_eviction_policies"": [""last"", """", ""first"", """", """", ""last"", """", """"], ""num_stages"": 2, ""num_warps"": 16, ""pid_type"": ""flat"", ""range_flattens"": [null], ""range_multi_buffers"": [null], ""range_num_stages"": [0], ""range_unroll_factors"": [0], ""range_warp_specializes"": [null], ""reduction_loops"": [4096]}",ok,19.42400075495243,0.03653073310852051,1
layer_norm,LA_007,2048x5120,train,1,heuristics,0,186fed3761377dbd,"{""atomic_indexing"": [], ""block_sizes"": [1], ""indexing"": [""tensor_descriptor"", ""pointer"", ""tensor_descriptor"", ""pointer"", ""tensor_descriptor"", ""tensor_descriptor"", ""pointer"", ""pointer"", ""tensor_descriptor"", ""tensor_descriptor""], ""load_eviction_policies"": ["""", """", ""last"", """", ""last"", ""first"", ""last"", ""first""], ""num_stages"": 7, ""num_warps"": 4, ""pid_type"": ""flat"", ""range_flattens"": [null], ""range_multi_buffers"": [null], ""range_num_stages"": [0], ""range_unroll_factors"": [0], ""range_warp_specializes"": [null], ""reduction_loops"": [null]}",ok,13.311999849975109,0.028530120849609375,1
layer_norm,LA_007,2048x5120,train,1,heuristics,0,85df12bd2fb6305f,"{""atomic_indexing"": [], ""block_sizes"": [1], ""indexing"": [""tensor_descriptor"", ""pointer"", ""tensor_descriptor"", ""tensor_descriptor"", ""pointer"", ""tensor_descriptor"", ""tensor_descriptor"", ""tensor_descriptor"", ""pointer"", ""tensor_descriptor""], ""load_eviction_policies"": [""first"", ""last"", ""last"", ""last"", ""first"", ""last"", ""first"", ""first""], ""num_stages"": 2, ""num_warps"": 8, ""pid_type"": ""flat"", ""range_flattens"": [null], ""range_multi_buffers"": [null], ""range_num_stages"": [0], ""range_unroll_factors"": [0], ""range_warp_specializes"": [null], ""reduction_loops"": [null]}",ok,15.32800029963255,0.021783113479614258,1
layer_norm,LA_007,2048x5120,train,1,heuristics,0,d51eaf64c3f1ccad,"{""atomic_indexing"": [], ""block_sizes"": [1], ""indexing"": [""pointer"", ""pointer"", ""pointer"", ""pointer"", ""pointer"", ""pointer"", ""pointer"", ""pointer"", ""pointer"", ""pointer"", ""pointer"", ""pointer""], ""load_eviction_policies"": ["""", """", """", """", """", """", """", """"], ""num_stages"": 1, ""num_warps"": 4, ""pid_type"": ""flat"", ""range_flattens"": [null], ""range_multi_buffers"": [null], ""range_num_stages"": [0], ""range_unroll_factors"": [0], ""range_warp_specializes"": [null], ""reduction_loops"": [4096]}",ok,17.376000061631203,0.0372929573059082,0
layer_norm,LA_007,2048x5120,train,1,heuristics,0,7c81fac544e72c5e,"{""atomic_indexing"": [], ""block_sizes"": [4], ""indexing"": [""pointer"", ""pointer"", ""pointer"", ""pointer"", ""pointer"", ""pointer"", ""pointer"", ""pointer"", ""pointer"", ""pointer"", ""pointer"", ""pointer""], ""load_eviction_policies"": ["""", """", """", """", """", """", """", """"], ""num_stages"": 2, ""num_warps"": 8, ""pid_type"": ""flat"", ""range_flattens"": [null], ""range_multi_buffers"": [null], ""range_num_stages"": [0], ""range_unroll_factors"": [0], ""range_warp_specializes"": [null], ""reduction_loops"": [4096]}",ok,21.47199958562851,0.060529232025146484,0
layer_norm,LA_007,2048x5120,train,1,heuristics,0,282031698fd81fbc,"{""atomic_indexing"": [], ""block_sizes"": [8], ""indexing"": [""pointer"", ""pointer"", ""pointer"", ""pointer"", ""pointer"", ""pointer"", ""pointer"", ""pointer"", ""pointer"", ""pointer"", ""pointer"", ""pointer""], ""load_eviction_policies"": ["""", """", """", """", """", """", """", """"], ""num_stages"": 3, ""num_warps"": 8, ""pid_type"": ""flat"", ""range_flattens"": [null], ""range_multi_buffers"": [null], ""range_num_stages"": [0], ""range_unroll_factors"": [0], ""range_warp_specializes"": [null], ""reduction_loops"": [4096]}",ok,25.50400048494339,0.04078221321105957,0
layer_norm,LA_007,2048x5120,train,1,heuristics,0,c5f17eadb74db79b,"{""atomic_indexing"": [], ""block_sizes"": [2], ""indexing"": [""pointer"", ""pointer"", ""pointer"", ""pointer"", ""pointer"", ""pointer"", ""pointer"", ""pointer"", ""pointer"", ""pointer"", ""pointer"", ""pointer""], ""load_eviction_policies"": ["""", """", """", """", """", """", """", """"], ""num_sm_multiplier"": 1, ""num_stages"": 2, ""num_warps"": 4, ""pid_type"": ""persistent_blocked"", ""range_flattens"": [null], ""range_multi_buffers"": [null], ""range_num_stages"": [0], ""range_unroll_factors"": [0], ""range_warp_specializes"": [null], ""reduction_loops"": [4096]}",ok,35.80800071358681,0.022784709930419922,0
layer_norm,LA_007,2048x5120,train,1,heuristics,0,0c0f746a3a2da135,"{""atomic_indexing"": [], ""block_sizes"": [16], ""indexing"": [""pointer"", ""pointer"", ""pointer"", ""pointer"", ""pointer"", ""pointer"", ""pointer"", ""pointer"", ""pointer"", ""pointer"", ""pointer"", ""pointer""], ""load_eviction_policies"": ["""", """", """", """", """", """", """", """"], ""num_sm_multiplier"": 1, ""num_stages"": 2, ""num_warps"": 16, ""pid_type"": ""persistent_interleaved"", ""range_flattens"": [null], ""range_multi_buffers"": [null], ""range_num_stages"": [0], ""range_unroll_factors"": [0], ""range_warp_specializes"": [null], ""reduction_loops"": [4096]}",ok,31.74399957060814,0.02338099479675293,0
layer_norm,LA_007,2048x5120,train,1,heuristics,0,4cdd0f7d390edf46,"{""atomic_indexing"": [], ""block_sizes"": [4], ""indexing"": [""tensor_descriptor"", ""tensor_descriptor"", ""tensor_descriptor"", ""tensor_descriptor"", ""tensor_descriptor"", ""tensor_descriptor"", ""tensor_descriptor"", ""tensor_descriptor"", ""tensor_descriptor"", ""tensor_descriptor"", ""tensor_descriptor"", ""tensor_descriptor""], ""load_eviction_policies"": ["""", """", """", """", """", """", """", """"], ""num_stages"": 3, ""num_warps"": 8, ""pid_type"": ""flat"", ""range_flattens"": [null], ""range_multi_buffers"": [null], ""range_num_stages"": [0], ""range_unroll_factors"": [0], ""range_warp_specializes"": [null], ""reduction_loops"": [4096]}",ok,21.47199958562851,0.02220892906188965,0
layer_norm,LA_007,2048x5120,train,2,heuristics,0,decf2056869ee2b5,"{""atomic_indexing"": [], ""block_sizes"": [1], ""indexing"": [""pointer"", ""tensor_descriptor"", ""pointer"", ""tensor_descriptor"", ""tensor_descriptor"", ""pointer"", ""pointer"", ""pointer"", ""tensor_descriptor"", ""pointer""], ""load_eviction_policies"": ["""", ""last"", ""first"", """", ""last"", ""first"", ""last"", ""last""], ""num_stages"": 2, ""num_warps"": 1, ""pid_type"": ""flat"", ""range_flattens"": [null], ""range_multi_buffers"": [null], ""range_num_stages"": [0], ""range_unroll_factors"": [0], ""range_warp_specializes"": [null], ""reduction_loops"": [1024]}",ok,15.359999611973763,0.10496854782104492,1
layer_norm,LA_007,2048x5120,train,2,heuristics,0,869c54e4b955a8c6,"{""atomic_indexing"": [], ""block_sizes"": [1], ""indexing"": [""tensor_descriptor"", ""pointer"", ""pointer"", ""tensor_descriptor"", ""pointer"", ""tensor_descriptor"", ""pointer"", ""pointer"", ""tensor_descriptor"", ""tensor_descriptor""], ""load_eviction_policies"": [""last"", """", ""first"", """", """", ""last"", """", ""last""], ""num_stages"": 4, ""num_warps"": 8, ""pid_type"": ""flat"", ""range_flattens"": [null], ""range_multi_buffers"": [null], ""range_num_stages"": [0], ""range_unroll_factors"": [0], ""range_warp_specializes"": [null], ""reduction_loops"": [2048]}",ok,15.359999611973763,0.09898257255554199,1
layer_norm,LA_007,2048x5120,train,2,heuristics,0,43acbd1ca50d4ca3,"{""atomic_indexing"": [], ""block_sizes"": [1], ""indexing"": [""pointer"", ""tensor_descriptor"", ""pointer"", ""pointer"", ""pointer"", ""pointer"", ""tensor_descriptor"", ""pointer"", ""tensor_descriptor"", ""tensor_descriptor""], ""load_eviction_policies"": [""first"", """", """", ""first"", """", ""last"", ""first"", """"], ""num_stages"": 4, ""num_warps"": 8, ""pid_type"": ""flat"", ""range_flattens"": [null], ""range_multi_buffers"": [null], ""range_num_stages"": [0], ""range_unroll_factors"": [0], ""range_warp_specializes"": [null], ""reduction_loops"": [null]}",ok,15.359999611973763,0.09165596961975098,1
layer_norm,LA_007,2048x5120,train,2,heuristics,0,0531906226c3040e,"{""block_sizes"": [1], ""indexing"": [""pointer"", ""pointer"", ""pointer"", ""pointer"", ""pointer"", ""pointer"", ""tensor_descriptor"", ""pointer"", ""pointer"", ""tensor_descriptor""], ""load_eviction_policies"": [""last"", """", ""first"", """", """", """", """", ""last""], ""num_stages"": 5, ""num_warps"": 16, ""pid_type"": ""flat"", ""range_flattens"": [null], ""range_multi_buffers"": [null], ""range_num_stages"": [0], ""range_unroll_factors"": [0], ""range_warp_specializes"": [null], ""reduction_loops"": [4096]}",ok,19.45599913597107,0.0832674503326416,1
layer_norm,LA_007,2048x5120,train,2,heuristics,0,04b1dd92c370cc99,"{""atomic_indexing"": [], ""block_sizes"": [2], ""indexing"": [""pointer"", ""pointer"", ""pointer"", ""tensor_descriptor"", ""tensor_descriptor"", ""tensor_descriptor"", ""tensor_descriptor"", ""tensor_descriptor"", ""tensor_descriptor"", ""pointer""], ""load_eviction_policies"": [""last"", """", ""last"", ""last"", ""first"", ""first"", """", ""last""], ""num_stages"": 1, ""num_warps"": 4, ""pid_type"": ""flat"", ""range_flattens"": [null], ""range_multi_buffers"": [null], ""range_num_stages"": [0], ""range_unroll_factors"": [0], ""range_warp_specializes"": [null], ""reduction_loops"": [null]}",ok,15.359999611973763,0.07540249824523926,1
layer_norm,LA_007,2048x5120,train,2,heuristics,0,178e7391546ae2da,"{""atomic_indexing"": [], ""block_sizes"": [1], ""indexing"": [""pointer"", ""pointer"", ""tensor_descriptor"", ""pointer"", ""tensor_descriptor"", ""pointer"", ""tensor_descriptor"", ""pointer"", ""pointer"", ""pointer""], ""load_eviction_policies"": [""first"", """", ""last"", """", ""last"", ""last"", ""last"", """"], ""num_stages"": 7, ""num_warps"": 4, ""pid_type"": ""flat"", ""range_flattens"": [null], ""range_multi_buffers"": [null], ""range_num_stages"": [0], ""range_unroll_factors"": [0], ""range_warp_specializes"": [null], ""reduction_loops"": [null]}",ok,15.231999568641186,0.055353641510009766,1
layer_norm,LA_007,2048x5120,train,2,heuristics,0,2052065dbe652edb,"{""atomic_indexing"": [], ""block_sizes"": [1], ""indexing"": [""pointer"", ""tensor_descriptor"", ""pointer"", ""pointer"", ""pointer"", ""tensor_descriptor"", ""pointer"", ""pointer"", ""pointer"", ""pointer""], ""load_eviction_policies"": [""last"", """", ""first"", """", """", ""last"", """", """"], ""num_stages"": 2, ""num_warps"": 16, ""pid_type"": ""flat"", ""range_flattens"": [null], ""range_multi_buffers"": [null], ""range_num_stages"": [0], ""range_unroll_factors"": [0], ""range_warp_specializes"": [null], ""reduction_loops"": [4096]}",ok,19.42400075495243,0.04610896110534668,1
layer_norm,LA_007,2048x5120,train,2,heuristics,0,186fed3761377dbd,"{""atomic_indexing"": [], ""block_sizes"": [1], ""indexing"": [""tensor_descriptor"", ""pointer"", ""tensor_descriptor"", ""pointer"", ""tensor_descriptor"", ""tensor_descriptor"", ""pointer"", ""pointer"", ""tensor_descriptor"", ""tensor_descriptor""], ""load_eviction_policies"": ["""", """", ""last"", """", ""last"", ""first"", ""last"", ""first""], ""num_stages"": 7, ""num_warps"": 4, ""pid_type"": ""flat"", ""range_flattens"": [null], ""range_multi_buffers"": [null], ""range_num_stages"": [0], ""range_unroll_factors"": [0], ""range_warp_specializes"": [null], ""reduction_loops"": [null]}",ok,13.407999649643898,0.03944063186645508,1
layer_norm,LA_007,2048x5120,train,2,heuristics,0,85df12bd2fb6305f,"{""atomic_indexing"": [], ""block_sizes"": [1], ""indexing"": [""tensor_descriptor"", ""pointer"", ""tensor_descriptor"", ""tensor_descriptor"", ""pointer"", ""tensor_descriptor"", ""tensor_descriptor"", ""tensor_descriptor"", ""pointer"", ""tensor_descriptor""], ""load_eviction_policies"": [""first"", ""last"", ""last"", ""last"", ""first"", ""last"", ""first"", ""first""], ""num_stages"": 2, ""num_warps"": 8, ""pid_type"": ""flat"", ""range_flattens"": [null], ""range_multi_buffers"": [null], ""range_num_stages"": [0], ""range_unroll_factors"": [0], ""range_warp_specializes"": [null], ""reduction_loops"": [null]}",ok,15.32800029963255,0.033307790756225586,1
layer_norm,LA_007,2048x5120,train,2,heuristics,0,d51eaf64c3f1ccad,"{""atomic_indexing"": [], ""block_sizes"": [1], ""indexing"": [""pointer"", ""pointer"", ""pointer"", ""pointer"", ""pointer"", ""pointer"", ""pointer"", ""pointer"", ""pointer"", ""pointer"", ""pointer"", ""pointer""], ""load_eviction_policies"": ["""", """", """", """", """", """", """", """"], ""num_stages"": 1, ""num_warps"": 4, ""pid_type"": ""flat"", ""range_flattens"": [null], ""range_multi_buffers"": [null], ""range_num_stages"": [0], ""range_unroll_factors"": [0], ""range_warp_specializes"": [null], ""reduction_loops"": [4096]}",ok,17.40800030529499,0.041015625,0
layer_norm,LA_007,2048x5120,train,2,heuristics,0,7c81fac544e72c5e,"{""atomic_indexing"": [], ""block_sizes"": [4], ""indexing"": [""pointer"", ""pointer"", ""pointer"", ""pointer"", ""pointer"", ""pointer"", ""pointer"", ""pointer"", ""pointer"", ""pointer"", ""pointer"", ""pointer""], ""load_eviction_policies"": ["""", """", """", """", """", """", """", """"], ""num_stages"": 2, ""num_warps"": 8, ""pid_type"": ""flat"", ""range_flattens"": [null], ""range_multi_buffers"": [null], ""range_num_stages"": [0], ""range_unroll_factors"": [0], ""range_warp_specializes"": [null], ""reduction_loops"": [4096]}",ok,21.503999829292297,0.06406998634338379,0
layer_norm,LA_007,2048x5120,train,2,heuristics,0,282031698fd81fbc,"{""atomic_indexing"": [], ""block_sizes"": [8], ""indexing"": [""pointer"", ""pointer"", ""pointer"", ""pointer"", ""pointer"", ""pointer"", ""pointer"", ""pointer"", ""pointer"", ""pointer"", ""pointer"", ""pointer""], ""load_eviction_policies"": ["""", """", """", """", """", """", """", """"], ""num_stages"": 3, ""num_warps"": 8, ""pid_type"": ""flat"", ""range_flattens"": [null], ""range_multi_buffers"": [null], ""range_num_stages"": [0], ""range_unroll_factors"": [0], ""range_warp_specializes"": [null], ""reduction_loops"": [4096]}",ok,25.536000728607178,0.042833805084228516,0
layer_norm,LA_007,2048x5120,train,2,heuristics,0,c5f17eadb74db79b,"{""atomic_indexing"": [], ""block_sizes"": [2], ""indexing"": [""pointer"", ""pointer"", ""pointer"", ""pointer"", ""pointer"", ""pointer"", ""pointer"", ""pointer"", ""pointer"", ""pointer"", ""pointer"", ""pointer""], ""load_eviction_policies"": ["""", """", """", """", """", """", """", """"], ""num_sm_multiplier"": 1, ""num_stages"": 2, ""num_warps"": 4, ""pid_type"": ""persistent_blocked"", ""range_flattens"": [null], ""range_multi_buffers"": [null], ""range_num_stages"": [0], ""range_unroll_factors"": [0], ""range_warp_specializes"": [null], ""reduction_loops"": [4096]}",ok,41.98399931192398,0.023874521255493164,0
layer_norm,LA_007,2048x5120,train,2,heuristics,0,0c0f746a3a2da135,"{""atomic_indexing"": [], ""block_sizes"": [16], ""indexing"": [""pointer"", ""pointer"", ""pointer"", ""pointer"", ""pointer"", ""pointer"", ""pointer"", ""pointer"", ""pointer"", ""pointer"", ""pointer"", ""pointer""], ""load_eviction_policies"": ["""", """", """", """", """", """", """", """"], ""num_sm_multiplier"": 1, ""num_stages"": 2, ""num_warps"": 16, ""pid_type"": ""persistent_interleaved"", ""range_flattens"": [null], ""range_multi_buffers"": [null], ""range_num_stages"": [0], ""range_unroll_factors"": [0], ""range_warp_specializes"": [null], ""reduction_loops"": [4096]}",ok,33.824000507593155,0.024248600006103516,0
layer_norm,LA_007,2048x5120,train,2,heuristics,0,6260d0e57ebcb0f7,"{""atomic_indexing"": [], ""block_sizes"": [4], ""indexing"": [""tensor_descriptor"", ""tensor_descriptor"", ""tensor_descriptor"", ""tensor_descriptor"", ""tensor_descriptor"", ""tensor_descriptor"", ""tensor_descriptor"", ""tensor_descriptor"", ""tensor_descriptor"", ""tensor_descriptor"", ""tensor_descriptor"", ""tensor_descriptor""], ""load_eviction_policies"": ["""", """", """", """", """", """", """", """"], ""num_stages"": 2, ""num_warps"": 8, ""pid_type"": ""flat"", ""range_flattens"": [null], ""range_multi_buffers"": [null], ""range_num_stages"": [0], ""range_unroll_factors"": [0], ""range_warp_specializes"": [null], ""reduction_loops"": [4096]}",ok,21.503999829292297,0.021281003952026367,0
layer_norm,LA_101,1024x1024,heldout,0,heuristics,0,04b1dd92c370cc99,"{""atomic_indexing"": [], ""block_sizes"": [2], ""indexing"": [""pointer"", ""pointer"", ""pointer"", ""tensor_descriptor"", ""tensor_descriptor"", ""tensor_descriptor"", ""tensor_descriptor"", ""tensor_descriptor"", ""tensor_descriptor"", ""pointer""], ""load_eviction_policies"": [""last"", """", ""last"", ""last"", ""first"", ""first"", """", ""last""], ""num_stages"": 1, ""num_warps"": 4, ""pid_type"": ""flat"", ""range_flattens"": [null], ""range_multi_buffers"": [null], ""range_num_stages"": [0], ""range_unroll_factors"": [0], ""range_warp_specializes"": [null], ""reduction_loops"": [null]}",ok,7.135999854654074,0.12477278709411621,1
layer_norm,LA_101,1024x1024,heldout,0,heuristics,0,869c54e4b955a8c6,"{""atomic_indexing"": [], ""block_sizes"": [1], ""indexing"": [""tensor_descriptor"", ""pointer"", ""pointer"", ""tensor_descriptor"", ""pointer"", ""tensor_descriptor"", ""pointer"", ""pointer"", ""tensor_descriptor"", ""tensor_descriptor""], ""load_eviction_policies"": [""last"", """", ""first"", """", """", ""last"", """", ""last""], ""num_stages"": 4, ""num_warps"": 8, ""pid_type"": ""flat"", ""range_flattens"": [null], ""range_multi_buffers"": [null], ""range_num_stages"": [0], ""range_unroll_factors"": [0], ""range_warp_specializes"": [null], ""reduction_loops"": [2048]}",ok,9.184000082314014,0.11576509475708008,1
layer_norm,LA_101,1024x1024,heldout,0,heuristics,0,43acbd1ca50d4ca3,"{""atomic_indexing"": [], ""block_sizes"": [1], ""indexing"": [""pointer"", ""tensor_descriptor"", ""pointer"", ""pointer"", ""pointer"", ""pointer"", ""tensor_descriptor"", ""pointer"", ""tensor_descriptor"", ""tensor_descriptor""], ""load_eviction_policies"": [""first"", """", """", ""first"", """", ""last"", ""first"", """"], ""num_stages"": 4, ""num_warps"": 8, ""pid_type"": ""flat"", ""range_flattens"": [null], ""range_multi_buffers"": [null], ""range_num_stages"": [0], ""range_unroll_factors"": [0], ""range_warp_specializes"": [null], ""reduction_loops"": [null]}",ok,7.135999854654074,0.1073918342590332,1
layer_norm,LA_101,1024x1024,heldout,0,heuristics,0,0531906226c3040e,"{""block_sizes"": [1], ""indexing"": [""pointer"", ""pointer"", ""pointer"", ""pointer"", ""pointer"", ""pointer"", ""tensor_descriptor"", ""pointer"", ""pointer"", ""tensor_descriptor""], ""load_eviction_policies"": [""last"", """", ""first"", """", """", """", """", ""last""], ""num_stages"": 5, ""num_warps"": 16, ""pid_type"": ""flat"", ""range_flattens"": [null], ""range_multi_buffers"": [null], ""range_num_stages"": [0], ""range_unroll_factors"": [0], ""range_warp_specializes"": [null], ""reduction_loops"": [4096]}",ok,11.231999844312668,0.09963655471801758,1
layer_norm,LA_101,1024x1024,heldout,0,heuristics,0,178e7391546ae2da,"{""atomic_indexing"": [], ""block_sizes"": [1], ""indexing"": [""pointer"", ""pointer"", ""tensor_descriptor"", ""pointer"", ""tensor_descriptor"", ""pointer"", ""tensor_descriptor"", ""pointer"", ""pointer"", ""pointer""], ""load_eviction_policies"": [""first"", """", ""last"", """", ""last"", ""last"", ""last"", """"], ""num_stages"": 7, ""num_warps"": 4, ""pid_type"": ""flat"", ""range_flattens"": [null], ""range_multi_buffers"": [null], ""range_num_stages"": [0], ""range_unroll_factors"": [0], ""range_warp_specializes"": [null], ""reduction_loops"": [null]}",ok,7.168000098317862,0.07886123657226562,1
layer_norm,LA_101,1024x1024,heldout,0,heuristics,0,2052065dbe652edb,"{""atomic_indexing"": [], ""block_sizes"": [1], ""indexing"": [""pointer"", ""tensor_descriptor"", ""pointer"", ""pointer"", ""pointer"", ""tensor_descriptor"", ""pointer"", ""pointer"", ""pointer"", ""pointer""], ""load_eviction_policies"": [""last"", """", ""first"", """", """", ""last"", """", """"], ""num_stages"": 2, ""num_warps"": 16, ""pid_type"": ""flat"", ""range_flattens"": [null], ""range_multi_buffers"": [null], ""range_num_stages"": [0], ""range_unroll_factors"": [0], ""range_warp_specializes"": [null], ""reduction_loops"": [4096]}",ok,11.231999844312668,0.05929732322692871,1
layer_norm,LA_101,1024x1024,heldout,0,heuristics,0,186fed3761377dbd,"{""atomic_indexing"": [], ""block_sizes"": [1], ""indexing"": [""tensor_descriptor"", ""pointer"", ""tensor_descriptor"", ""pointer"", ""tensor_descriptor"", ""tensor_descriptor"", ""pointer"", ""pointer"", ""tensor_descriptor"", ""tensor_descriptor""], ""load_eviction_policies"": ["""", """", ""last"", """", ""last"", ""first"", ""last"", ""first""], ""num_stages"": 7, ""num_warps"": 4, ""pid_type"": ""flat"", ""range_flattens"": [null], ""range_multi_buffers"": [null], ""range_num_stages"": [0], ""range_unroll_factors"": [0], ""range_warp_specializes"": [null], ""reduction_loops"": [null]}",ok,7.135999854654074,0.049614906311035156,1
layer_norm,LA_101,1024x1024,heldout,0,heuristics,0,85df12bd2fb6305f,"{""atomic_indexing"": [], ""block_sizes"": [1], ""indexing"": [""tensor_descriptor"", ""pointer"", ""tensor_descriptor"", ""tensor_descriptor"", ""pointer"", ""tensor_descriptor"", ""tensor_descriptor"", ""tensor_descriptor"", ""pointer"", ""tensor_descriptor""], ""load_eviction_policies"": [""first"", ""last"", ""last"", ""last"", ""first"", ""last"", ""first"", ""first""], ""num_stages"": 2, ""num_warps"": 8, ""pid_type"": ""flat"", ""range_flattens"": [null], ""range_multi_buffers"": [null], ""range_num_stages"": [0], ""range_unroll_factors"": [0], ""range_warp_specializes"": [null], ""reduction_loops"": [null]}",ok,7.168000098317862,0.05355954170227051,1
layer_norm,LA_101,1024x1024,heldout,0,heuristics,0,decf2056869ee2b5,"{""atomic_indexing"": [], ""block_sizes"": [1], ""indexing"": [""pointer"", ""tensor_descriptor"", ""pointer"", ""tensor_descriptor"", ""tensor_descriptor"", ""pointer"", ""pointer"", ""pointer"", ""tensor_descriptor"", ""pointer""], ""load_eviction_policies"": ["""", ""last"", ""first"", """", ""last"", ""first"", ""last"", ""last""], ""num_stages"": 2, ""num_warps"": 1, ""pid_type"": ""flat"", ""range_flattens"": [null], ""range_multi_buffers"": [null], ""range_num_stages"": [0], ""range_unroll_factors"": [0], ""range_warp_specializes"": [null], ""reduction_loops"": [1024]}",ok,7.168000098317862,0.03930377960205078,1
layer_norm,LA_101,1024x1024,heldout,0,heuristics,0,4cac37630d96589f,"{""atomic_indexing"": [], ""block_sizes"": [1], ""indexing"": [""pointer"", ""pointer"", ""pointer"", ""pointer"", ""pointer"", ""pointer"", ""pointer"", ""pointer"", ""pointer"", ""pointer"", ""pointer"", ""pointer""], ""load_eviction_policies"": ["""", """", """", """", """", """", """", """"], ""num_stages"": 1, ""num_warps"": 4, ""pid_type"": ""flat"", ""range_flattens"": [null], ""range_multi_buffers"": [null], ""range_num_stages"": [0], ""range_unroll_factors"": [0], ""range_warp_specializes"": [null], ""reduction_loops"": [null]}",ok,7.168000098317862,0.02973651885986328,0
layer_norm,LA_101,1024x1024,heldout,0,heuristics,0,4f20157b80d5d0c6,"{""atomic_indexing"": [], ""block_sizes"": [8], ""indexing"": [""pointer"", ""pointer"", ""pointer"", ""pointer"", ""pointer"", ""pointer"", ""pointer"", ""pointer"", ""pointer"", ""pointer"", ""pointer"", ""pointer""], ""load_eviction_policies"": ["""", """", """", """", """", """", """", """"], ""num_stages"": 2, ""num_warps"": 4, ""pid_type"": ""flat"", ""range_flattens"": [null], ""range_multi_buffers"": [null], ""range_num_stages"": [0], ""range_unroll_factors"": [0], ""range_warp_specializes"": [null], ""reduction_loops"": [null]}",ok,9.119999594986439,0.04679584503173828,0
layer_norm,LA_101,1024x1024,heldout,0,heuristics,0,afb9e7c4832b5792,"{""atomic_indexing"": [], ""block_sizes"": [16], ""indexing"": [""pointer"", ""pointer"", ""pointer"", ""pointer"", ""pointer"", ""pointer"", ""pointer"", ""pointer"", ""pointer"", ""pointer"", ""pointer"", ""pointer""], ""load_eviction_policies"": ["""", """", """", """", """", """", """", """"], ""num_stages"": 3, ""num_warps"": 8, ""pid_type"": ""flat"", ""range_flattens"": [null], ""range_multi_buffers"": [null], ""range_num_stages"": [0], ""range_unroll_factors"": [0], ""range_warp_specializes"": [null], ""reduction_loops"": [null]}",ok,9.184000082314014,0.0356287956237793,0
layer_norm,LA_101,1024x1024,heldout,0,heuristics,0,3e903ca86f259d55,"{""atomic_indexing"": [], ""block_sizes"": [32], ""indexing"": [""pointer"", ""pointer"", ""pointer"", ""pointer"", ""pointer"", ""pointer"", ""pointer"", ""pointer"", ""pointer"", ""pointer"", ""pointer"", ""pointer""], ""load_eviction_policies"": ["""", """", """", """", """", """", """", """"], ""num_sm_multiplier"": 1, ""num_stages"": 2, ""num_warps"": 8, ""pid_type"": ""persistent_blocked"", ""range_flattens"": [null], ""range_multi_buffers"": [null], ""range_num_stages"": [0], ""range_unroll_factors"": [0], ""range_warp_specializes"": [null], ""reduction_loops"": [null]}",ok,11.231999844312668,0.027366161346435547,0
layer_norm,LA_101,1024x1024,heldout,0,heuristics,0,721be399a1ab9717,"{""atomic_indexing"": [], ""block_sizes"": [4], ""indexing"": [""tensor_descriptor"", ""tensor_descriptor"", ""tensor_descriptor"", ""tensor_descriptor"", ""tensor_descriptor"", ""tensor_descriptor"", ""tensor_descriptor"", ""tensor_descriptor"", ""tensor_descriptor"", ""tensor_descriptor"", ""tensor_descriptor"", ""tensor_descriptor""], ""load_eviction_policies"": ["""", """", """", """", """", """", """", """"], ""num_stages"": 2, ""num_warps"": 4, ""pid_type"": ""flat"", ""range_flattens"": [null], ""range_multi_buffers"": [null], ""range_num_stages"": [0], ""range_unroll_factors"": [0], ""range_warp_specializes"": [null], ""reduction_loops"": [null]}",ok,7.168000098317862,0.024590492248535156,0
layer_norm,LA_101,1024x1024,heldout,0,heuristics,0,96bf501bc29598bf,"{""atomic_indexing"": [], ""block_sizes"": [64], ""indexing"": [""pointer"", ""pointer"", ""pointer"", ""pointer"", ""pointer"", ""pointer"", ""pointer"", ""pointer"", ""pointer"", ""pointer"", ""pointer"", ""pointer""], ""load_eviction_policies"": ["""", """", """", """", """", """", """", """"], ""num_sm_multiplier"": 1, ""num_stages"": 3, ""num_warps"": 16, ""pid_type"": ""persistent_interleaved"", ""range_flattens"": [null], ""range_multi_buffers"": [null], ""range_num_stages"": [0], ""range_unroll_factors"": [0], ""range_warp_specializes"": [null], ""reduction_loops"": [null]}",ok,17.376000061631203,0.3574550151824951,0
layer_norm,LA_101,1024x1024,heldout,1,heuristics,0,04b1dd92c370cc99,"{""atomic_indexing"": [], ""block_sizes"": [2], ""indexing"": [""pointer"", ""pointer"", ""pointer"", ""tensor_descriptor"", ""tensor_descriptor"", ""tensor_descriptor"", ""tensor_descriptor"", ""tensor_descriptor"", ""tensor_descriptor"", ""pointer""], ""load_eviction_policies"": [""last"", """", ""last"", ""last"", ""first"", ""first"", """", ""last""], ""num_stages"": 1, ""num_warps"": 4, ""pid_type"": ""flat"", ""range_flattens"": [null], ""range_multi_buffers"": [null], ""range_num_stages"": [0], ""range_unroll_factors"": [0], ""range_warp_specializes"": [null], ""reduction_loops"": [null]}",ok,7.135999854654074,0.12236833572387695,1
layer_norm,LA_101,1024x1024,heldout,1,heuristics,0,869c54e4b955a8c6,"{""atomic_indexing"": [], ""block_sizes"": [1], ""indexing"": [""tensor_descriptor"", ""pointer"", ""pointer"", ""tensor_descriptor"", ""pointer"", ""tensor_descriptor"", ""pointer"", ""pointer"", ""tensor_descriptor"", ""tensor_descriptor""], ""load_eviction_policies"": [""last"", """", ""first"", """", """", ""last"", """", ""last""], ""num_stages"": 4, ""num_warps"": 8, ""pid_type"": ""flat"", ""range_flattens"": [null], ""range_multi_buffers"": [null], ""range_num_stages"": [0], ""range_unroll_factors"": [0], ""range_warp_specializes"": [null], ""reduction_loops"": [2048]}",ok,9.184000082314014,0.11399698257446289,1
layer_norm,LA_101,1024x1024,heldout,1,heuristics,0,43acbd1ca50d4ca3,"{""atomic_indexing"": [], ""block_sizes"": [1], ""indexing"": [""pointer"", ""tensor_descriptor"", ""pointer"", ""pointer"", ""pointer"", ""pointer"", ""tensor_descriptor"", ""pointer"", ""tensor_descriptor"", ""tensor_descriptor""], ""load_eviction_policies"": [""first"", """", """", ""first"", """", ""last"", ""first"", """"], ""num_stages"": 4, ""num_warps"": 8, ""pid_type"": ""flat"", ""range_flattens"": [null], ""range_multi_buffers"": [null], ""range_num_stages"": [0], ""range_unroll_factors"": [0], ""range_warp_specializes"": [null], ""reduction_loops"": [null]}",ok,7.135999854654074,0.10601949691772461,1
layer_norm,LA_101,1024x1024,heldout,1,heuristics,0,0531906226c3040e,"{""block_sizes"": [1], ""indexing"": [""pointer"", ""pointer"", ""pointer"", ""pointer"", ""pointer"", ""pointer"", ""tensor_descriptor"", ""pointer"", ""pointer"", ""tensor_descriptor""], ""load_eviction_policies"": [""last"", """", ""first"", """", """", """", """", ""last""], ""num_stages"": 5, ""num_warps"": 16, ""pid_type"": ""flat"", ""range_flattens"": [null], ""range_multi_buffers"": [null], ""range_num_stages"": [0], ""range_unroll_factors"": [0], ""range_warp_specializes"": [null], ""reduction_loops"": [4096]}",ok,11.231999844312668,0.09645986557006836,1
layer_norm,LA_101,1024x1024,heldout,1,heuristics,0,178e7391546ae2da,"{""atomic_indexing"": [], ""block_sizes"": [1], ""indexing"": [""pointer"", ""pointer"", ""tensor_descriptor"", ""pointer"", ""tensor_descriptor"", ""pointer"", ""tensor_descriptor"", ""pointer"", ""pointer"", ""pointer""], ""load_eviction_policies"": [""first"", """", ""last"", """", ""last"", ""last"", ""last"", """"], ""num_stages"": 7, ""num_warps"": 4, ""pid_type"": ""flat"", ""range_flattens"": [null], ""range_multi_buffers"": [null], ""range_num_stages"": [0], ""range_unroll_factors"": [0], ""range_warp_specializes"": [null], ""reduction_loops"": [null]}",ok,7.135999854654074,0.08502459526062012,1
layer_norm,LA_101,1024x1024,heldout,1,heuristics,0,2052065dbe652edb,"{""atomic_indexing"": [], ""block_sizes"": [1], ""indexing"": [""pointer"", ""tensor_descriptor"", ""pointer"", ""pointer"", ""pointer"", ""tensor_descriptor"", ""pointer"", ""pointer"", ""pointer"", ""pointer""], ""load_eviction_policies"": [""last"", """", ""first"", """", """", ""last"", """", """"], ""num_stages"": 2, ""num_warps"": 16, ""pid_type"": ""flat"", ""range_flattens"": [null], ""range_multi_buffers"": [null], ""range_num_stages"": [0], ""range_unroll_factors"": [0], ""range_warp_specializes"": [null], ""reduction_loops"": [4096]}",ok,11.231999844312668,0.07035112380981445,1
layer_norm,LA_101,1024x1024,heldout,1,heuristics,0,186fed3761377dbd,"{""atomic_indexing"": [], ""block_sizes"": [1], ""indexing"": [""tensor_descriptor"", ""pointer"", ""tensor_descriptor"", ""pointer"", ""tensor_descriptor"", ""tensor_descriptor"", ""pointer"", ""pointer"", ""tensor_descriptor"", ""tensor_descriptor""], ""load_eviction_policies"": ["""", """", ""last"", """", ""last"", ""first"", ""last"", ""first""], ""num_stages"": 7, ""num_warps"": 4, ""pid_type"": ""flat"", ""range_flattens"": [null], ""range_multi_buffers"": [null], ""range_num_stages"": [0], ""range_unroll_factors"": [0], ""range_warp_specializes"": [null], ""reduction_loops"": [null]}",ok,7.135999854654074,0.06249809265136719,1
layer_norm,LA_101,1024x1024,heldout,1,heuristics,0,85df12bd2fb6305f,"{""atomic_indexing"": [], ""block_sizes"": [1], ""indexing"": [""tensor_descriptor"", ""pointer"", ""tensor_descriptor"", ""tensor_descriptor"", ""pointer"", ""tensor_descriptor"", ""tensor_descriptor"", ""tensor_descriptor"", ""pointer"", ""tensor_descriptor""], ""load_eviction_policies"": [""first"", ""last"", ""last"", ""last"", ""first"", ""last"", ""first"", ""first""], ""num_stages"": 2, ""num_warps"": 8, ""pid_type"": ""flat"", ""range_flattens"": [null], ""range_multi_buffers"": [null], ""range_num_stages"": [0], ""range_unroll_factors"": [0], ""range_warp_specializes"": [null], ""reduction_loops"": [null]}",ok,7.168000098317862,0.0535888671875,1
layer_norm,LA_101,1024x1024,heldout,1,heuristics,0,decf2056869ee2b5,"{""atomic_indexing"": [], ""block_sizes"": [1], ""indexing"": [""pointer"", ""tensor_descriptor"", ""pointer"", ""tensor_descriptor"", ""tensor_descriptor"", ""pointer"", ""pointer"", ""pointer"", ""tensor_descriptor"", ""pointer""], ""load_eviction_policies"": ["""", ""last"", ""first"", """", ""last"", ""first"", ""last"", ""last""], ""num_stages"": 2, ""num_warps"": 1, ""pid_type"": ""flat"", ""range_flattens"": [null], ""range_multi_buffers"": [null], ""range_num_stages"": [0], ""range_unroll_factors"": [0], ""range_warp_specializes"": [null], ""reduction_loops"": [1024]}",ok,7.168000098317862,0.031461477279663086,1
layer_norm,LA_101,1024x1024,heldout,1,heuristics,0,4cac37630d96589f,"{""atomic_indexing"": [], ""block_sizes"": [1], ""indexing"": [""pointer"", ""pointer"", ""pointer"", ""pointer"", ""pointer"", ""pointer"", ""pointer"", ""pointer"", ""pointer"", ""pointer"", ""pointer"", ""pointer""], ""load_eviction_policies"": ["""", """", """", """", """", """", """", """"], ""num_stages"": 1, ""num_warps"": 4, ""pid_type"": ""flat"", ""range_flattens"": [null], ""range_multi_buffers"": [null], ""range_num_stages"": [0], ""range_unroll_factors"": [0], ""range_warp_specializes"": [null], ""reduction_loops"": [null]}",ok,7.135999854654074,0.048622846603393555,0
layer_norm,LA_101,1024x1024,heldout,1,heuristics,0,4f20157b80d5d0c6,"{""atomic_indexing"": [], ""block_sizes"": [8], ""indexing"": [""pointer"", ""pointer"", ""pointer"", ""pointer"", ""pointer"", ""pointer"", ""pointer"", ""pointer"", ""pointer"", ""pointer"", ""pointer"", ""pointer""], ""load_eviction_policies"": ["""", """", """", """", """", """", """", """"], ""num_stages"": 2, ""num_warps"": 4, ""pid_type"": ""flat"", ""range_flattens"": [null], ""range_multi_buffers"": [null], ""range_num_stages"": [0], ""range_unroll_factors"": [0], ""range_warp_specializes"": [null], ""reduction_loops"": [null]}",ok,9.119999594986439,0.0611422061920166,0
layer_norm,LA_101,1024x1024,heldout,1,heuristics,0,afb9e7c4832b5792,"{""atomic_indexing"": [], ""block_sizes"": [16], ""indexing"": [""pointer"", ""pointer"", ""pointer"", ""pointer"", ""pointer"", ""pointer"", ""pointer"", ""pointer"", ""pointer"", ""pointer"", ""pointer"", ""pointer""], ""load_eviction_policies"": ["""", """", """", """", """", """", """", """"], ""num_stages"": 3, ""num_warps"": 8, ""pid_type"": ""flat"", ""range_flattens"": [null], ""range_multi_buffers"": [null], ""range_num_stages"": [0], ""range_unroll_factors"": [0], ""range_warp_specializes"": [null], ""reduction_loops"": [null]}",ok,9.184000082314014,0.04095602035522461,0
layer_norm,LA_101,1024x1024,heldout,1,heuristics,0,3e903ca86f259d55,"{""atomic_indexing"": [], ""block_sizes"": [32], ""indexing"": [""pointer"", ""pointer"", ""pointer"", ""pointer"", ""pointer"", ""pointer"", ""pointer"", ""pointer"", ""pointer"", ""pointer"", ""pointer"", ""pointer""], ""load_eviction_policies"": ["""", """", """", """", """", """", """", """"], ""num_sm_multiplier"": 1, ""num_stages"": 2, ""num_warps"": 8, ""pid_type"": ""persistent_blocked"", ""range_flattens"": [null], ""range_multi_buffers"": [null], ""range_num_stages"": [0], ""range_unroll_factors"": [0], ""range_warp_specializes"": [null], ""reduction_loops"": [null]}",ok,11.231999844312668,0.023364782333374023,0
layer_norm,LA_101,1024x1024,heldout,1,heuristics,0,1df88aea1bc3179f,"{""atomic_indexing"": [], ""block_sizes"": [4], ""indexing"": [""pointer"", ""pointer"", ""pointer"", ""pointer"", ""pointer"", ""pointer"", ""pointer"", ""pointer"", ""pointer"", ""pointer"", ""pointer"", ""pointer""], ""load_eviction_policies"": ["""", """", """", """", """", """", """", """"], ""num_sm_multiplier"": 1, ""num_stages"": 3, ""num_warps"": 4, ""pid_type"": ""persistent_interleaved"", ""range_flattens"": [null], ""range_multi_buffers"": [null], ""range_num_stages"": [0], ""range_unroll_factors"": [0], ""range_warp_specializes"": [null], ""reduction_loops"": [null]}",ok,9.184000082314014,0.20441055297851562,0
layer_norm,LA_101,1024x1024,heldout,1,heuristics,0,3d5923ae0cbf99a6,"{""atomic_indexing"": [], ""block_sizes"": [64], ""indexing"": [""pointer"", ""pointer"", ""pointer"", ""pointer"", ""pointer"", ""pointer"", ""pointer"", ""pointer"", ""pointer"", ""pointer"", ""pointer"", ""pointer""], ""load_eviction_policies"": ["""", """", """", """", """", """", """", """"], ""num_stages"": 2, ""num_warps"": 16, ""pid_type"": ""flat"", ""range_flattens"": [null], ""range_multi_buffers"": [null], ""range_num_stages"": [0], ""range_unroll_factors"": [0], ""range_warp_specializes"": [null], ""reduction_loops"": [null]}",ok,17.376000061631203,0.04073309898376465,0
layer_norm,LA_101,1024x1024,heldout,2,heuristics,0,04b1dd92c370cc99,"{""atomic_indexing"": [], ""block_sizes"": [2], ""indexing"": [""pointer"", ""pointer"", ""pointer"", ""tensor_descriptor"", ""tensor_descriptor"", ""tensor_descriptor"", ""tensor_descriptor"", ""tensor_descriptor"", ""tensor_descriptor"", ""pointer""], ""load_eviction_policies"": [""last"", """", ""last"", ""last"", ""first"", ""first"", """", ""last""], ""num_stages"": 1, ""num_warps"": 4, ""pid_type"": ""flat"", ""range_flattens"": [null], ""range_multi_buffers"": [null], ""range_num_stages"": [0], ""range_unroll_factors"": [0], ""range_warp_specializes"": [null], ""reduction_loops"": [null]}",ok,7.135999854654074,0.13691020011901855,1
layer_norm,LA_101,1024x1024,heldout,2,heuristics,0,869c54e4b955a8c6,"{""atomic_indexing"": [], ""block_sizes"": [1], ""indexing"": [""tensor_descriptor"", ""pointer"", ""pointer"", ""tensor_descriptor"", ""pointer"", ""tensor_descriptor"", ""pointer"", ""pointer"", ""tensor_descriptor"", ""tensor_descriptor""], ""load_eviction_policies"": [""last"", """", ""first"", """", """", ""last"", """", ""last""], ""num_stages"": 4, ""num_warps"": 8, ""pid_type"": ""flat"", ""range_flattens"": [null], ""range_multi_buffers"": [null], ""range_num_stages"": [0], ""range_unroll_factors"": [0], ""range_warp_specializes"": [null], ""reduction_loops"": [2048]}",ok,9.184000082314014,0.11635065078735352,1
layer_norm,LA_101,1024x1024,heldout,2,heuristics,0,43acbd1ca50d4ca3,"{""atomic_indexing"": [], ""block_sizes"": [1], ""indexing"": [""pointer"", ""tensor_descriptor"", ""pointer"", ""pointer"", ""pointer"", ""pointer"", ""tensor_descriptor"", ""pointer"", ""tensor_descriptor"", ""tensor_descriptor""], ""load_eviction_policies"": [""first"", """", """", ""first"", """", ""last"", ""first"", """"], ""num_stages"": 4, ""num_warps"": 8, ""pid_type"": ""flat"", ""range_flattens"": [null], ""range_multi_buffers"": [null], ""range_num_stages"": [0], ""range_unroll_factors"": [0], ""range_warp_specializes"": [null], ""reduction_loops"": [null]}",ok,7.168000098317862,0.09589958190917969,1
layer_norm,LA_101,1024x1024,heldout,2,heuristics,0,0531906226c3040e,"{""block_sizes"": [1], ""indexing"": [""pointer"", ""pointer"", ""pointer"", ""pointer"", ""pointer"", ""pointer"", ""tensor_descriptor"", ""pointer"", ""pointer"", ""tensor_descriptor""], ""load_eviction_policies"": [""last"", """", ""first"", """", """", """", """", ""last""], ""num_stages"": 5, ""num_warps"": 16, ""pid_type"": ""flat"", ""range_flattens"": [null], ""range_multi_buffers"": [null], ""range_num_stages"": [0], ""range_unroll_factors"": [0], ""range_warp_specializes"": [null], ""reduction_loops"": [4096]}",ok,11.231999844312668,0.08348226547241211,1
layer_norm,LA_101,1024x1024,heldout,2,heuristics,0,178e7391546ae2da,"{""atomic_indexing"": [], ""block_sizes"": [1], ""indexing"": [""pointer"", ""pointer"", ""tensor_descriptor"", ""pointer"", ""tensor_descriptor"", ""pointer"", ""tensor_descriptor"", ""pointer"", ""pointer"", ""pointer""], ""load_eviction_policies"": [""first"", """", ""last"", """", ""last"", ""last"", ""last"", """"], ""num_stages"": 7, ""num_warps"": 4, ""pid_type"": ""flat"", ""range_flattens"": [null], ""range_multi_buffers"": [null], ""range_num_stages"": [0], ""range_unroll_factors"": [0], ""range_warp_specializes"": [null], ""reduction_loops"": [null]}",ok,7.135999854654074,0.07236385345458984,1
layer_norm,LA_101,1024x1024,heldout,2,heuristics,0,2052065dbe652edb,"{""atomic_indexing"": [], ""block_sizes"": [1], ""indexing"": [""pointer"", ""tensor_descriptor"", ""pointer"", ""pointer"", ""pointer"", ""tensor_descriptor"", ""pointer"", ""pointer"", ""pointer"", ""pointer""], ""load_eviction_policies"": [""last"", """", ""first"", """", """", ""last"", """", """"], ""num_stages"": 2, ""num_warps"": 16, ""pid_type"": ""flat"", ""range_flattens"": [null], ""range_multi_buffers"": [null], ""range_num_stages"": [0], ""range_unroll_factors"": [0], ""range_warp_specializes"": [null], ""reduction_loops"": [4096]}",ok,11.231999844312668,0.05136227607727051,1
layer_norm,LA_101,1024x1024,heldout,2,heuristics,0,186fed3761377dbd,"{""atomic_indexing"": [], ""block_sizes"": [1], ""indexing"": [""tensor_descriptor"", ""pointer"", ""tensor_descriptor"", ""pointer"", ""tensor_descriptor"", ""tensor_descriptor"", ""pointer"", ""pointer"", ""tensor_descriptor"", ""tensor_descriptor""], ""load_eviction_policies"": ["""", """", ""last"", """", ""last"", ""first"", ""last"", ""first""], ""num_stages"": 7, ""num_warps"": 4, ""pid_type"": ""flat"", ""range_flattens"": [null], ""range_multi_buffers"": [null], ""range_num_stages"": [0], ""range_unroll_factors"": [0], ""range_warp_specializes"": [null], ""reduction_loops"": [null]}",ok,7.168000098317862,0.037502288818359375,1
layer_norm,LA_101,1024x1024,heldout,2,heuristics,0,85df12bd2fb6305f,"{""atomic_indexing"": [], ""block_sizes"": [1], ""indexing"": [""tensor_descriptor"", ""pointer"", ""tensor_descriptor"", ""tensor_descriptor"", ""pointer"", ""tensor_descriptor"", ""tensor_descriptor"", ""tensor_descriptor"", ""pointer"", ""tensor_descriptor""], ""load_eviction_policies"": [""first"", ""last"", ""last"", ""last"", ""first"", ""last"", ""first"", ""first""], ""num_stages"": 2, ""num_warps"": 8, ""pid_type"": ""flat"", ""range_flattens"": [null], ""range_multi_buffers"": [null], ""range_num_stages"": [0], ""range_unroll_factors"": [0], ""range_warp_specializes"": [null], ""reduction_loops"": [null]}",ok,7.168000098317862,0.02558755874633789,1
layer_norm,LA_101,1024x1024,heldout,2,heuristics,0,decf2056869ee2b5,"{""atomic_indexing"": [], ""block_sizes"": [1], ""indexing"": [""pointer"", ""tensor_descriptor"", ""pointer"", ""tensor_descriptor"", ""tensor_descriptor"", ""pointer"", ""pointer"", ""pointer"", ""tensor_descriptor"", ""pointer""], ""load_eviction_policies"": ["""", ""last"", ""first"", """", ""last"", ""first"", ""last"", ""last""], ""num_stages"": 2, ""num_warps"": 1, ""pid_type"": ""flat"", ""range_flattens"": [null], ""range_multi_buffers"": [null], ""range_num_stages"": [0], ""range_unroll_factors"": [0], ""range_warp_specializes"": [null], ""reduction_loops"": [1024]}",ok,7.168000098317862,0.02286076545715332,1
layer_norm,LA_101,1024x1024,heldout,2,heuristics,0,4cac37630d96589f,"{""atomic_indexing"": [], ""block_sizes"": [1], ""indexing"": [""pointer"", ""pointer"", ""pointer"", ""pointer"", ""pointer"", ""pointer"", ""pointer"", ""pointer"", ""pointer"", ""pointer"", ""pointer"", ""pointer""], ""load_eviction_policies"": ["""", """", """", """", """", """", """", """"], ""num_stages"": 1, ""num_warps"": 4, ""pid_type"": ""flat"", ""range_flattens"": [null], ""range_multi_buffers"": [null], ""range_num_stages"": [0], ""range_unroll_factors"": [0], ""range_warp_specializes"": [null], ""reduction_loops"": [null]}",ok,7.168000098317862,0.022106409072875977,0
layer_norm,LA_101,1024x1024,heldout,2,heuristics,0,4f20157b80d5d0c6,"{""atomic_indexing"": [], ""block_sizes"": [8], ""indexing"": [""pointer"", ""pointer"", ""pointer"", ""pointer"", ""pointer"", ""pointer"", ""pointer"", ""pointer"", ""pointer"", ""pointer"", ""pointer"", ""pointer""], ""load_eviction_policies"": ["""", """", """", """", """", """", """", """"], ""num_stages"": 2, ""num_warps"": 4, ""pid_type"": ""flat"", ""range_flattens"": [null], ""range_multi_buffers"": [null], ""range_num_stages"": [0], ""range_unroll_factors"": [0], ""range_warp_specializes"": [null], ""reduction_loops"": [null]}",ok,9.151999838650227,0.05559825897216797,0
layer_norm,LA_101,1024x1024,heldout,2,heuristics,0,afb9e7c4832b5792,"{""atomic_indexing"": [], ""block_sizes"": [16], ""indexing"": [""pointer"", ""pointer"", ""pointer"", ""pointer"", ""pointer"", ""pointer"", ""pointer"", ""pointer"", ""pointer"", ""pointer"", ""pointer"", ""pointer""], ""load_eviction_policies"": ["""", """", """", """", """", """", """", """"], ""num_stages"": 3, ""num_warps"": 8, ""pid_type"": ""flat"", ""range_flattens"": [null], ""range_multi_buffers"": [null], ""range_num_stages"": [0], ""range_unroll_factors"": [0], ""range_warp_specializes"": [null], ""reduction_loops"": [null]}",ok,9.184000082314014,0.046009063720703125,0
layer_norm,LA_101,1024x1024,heldout,2,heuristics,0,3e903ca86f259d55,"{""atomic_indexing"": [], ""block_sizes"": [32], ""indexing"": [""pointer"", ""pointer"", ""pointer"", ""pointer"", ""pointer"", ""pointer"", ""pointer"", ""pointer"", ""pointer"", ""pointer"", ""pointer"", ""pointer""], ""load_eviction_policies"": ["""", """", """", """", """", """", """", """"], ""num_sm_multiplier"": 1, ""num_stages"": 2, ""num_warps"": 8, ""pid_type"": ""persistent_blocked"", ""range_flattens"": [null], ""range_multi_buffers"": [null], ""range_num_stages"": [0], ""range_unroll_factors"": [0], ""range_warp_specializes"": [null], ""reduction_loops"": [null]}",ok,11.231999844312668,0.03694581985473633,0
layer_norm,LA_101,1024x1024,heldout,2,heuristics,0,22c02f5c123ff29c,"{""atomic_indexing"": [], ""block_sizes"": [4], ""indexing"": [""tensor_descriptor"", ""tensor_descriptor"", ""tensor_descriptor"", ""tensor_descriptor"", ""tensor_descriptor"", ""tensor_descriptor"", ""tensor_descriptor"", ""tensor_descriptor"", ""tensor_descriptor"", ""tensor_descriptor"", ""tensor_descriptor"", ""tensor_descriptor""], ""load_eviction_policies"": ["""", """", """", """", """", """", """", """"], ""num_stages"": 3, ""num_warps"": 4, ""pid_type"": ""flat"", ""range_flattens"": [null], ""range_multi_buffers"": [null], ""range_num_stages"": [0], ""range_unroll_factors"": [0], ""range_warp_specializes"": [null], ""reduction_loops"": [null]}",ok,7.168000098317862,0.05117201805114746,0
layer_norm,LA_101,1024x1024,heldout,2,heuristics,0,8139de7ccfa9ffcd,"{""atomic_indexing"": [], ""block_sizes"": [64], ""indexing"": [""pointer"", ""pointer"", ""pointer"", ""pointer"", ""pointer"", ""pointer"", ""pointer"", ""pointer"", ""pointer"", ""pointer"", ""pointer"", ""pointer""], ""load_eviction_policies"": ["""", """", """", """", """", """", """", """"], ""num_sm_multiplier"": 1, ""num_stages"": 2, ""num_warps"": 16, ""pid_type"": ""persistent_interleaved"", ""range_flattens"": [null], ""range_multi_buffers"": [null], ""range_num_stages"": [0], ""range_unroll_factors"": [0], ""range_warp_specializes"": [null], ""reduction_loops"": [null]}",ok,17.376000061631203,0.039190053939819336,0
layer_norm,LA_102,4096x1024,heldout,0,heuristics,0,04b1dd92c370cc99,"{""atomic_indexing"": [], ""block_sizes"": [2], ""indexing"": [""pointer"", ""pointer"", ""pointer"", ""tensor_descriptor"", ""tensor_descriptor"", ""tensor_descriptor"", ""tensor_descriptor"", ""tensor_descriptor"", ""tensor_descriptor"", ""pointer""], ""load_eviction_policies"": [""last"", """", ""last"", ""last"", ""first"", ""first"", """", ""last""], ""num_stages"": 1, ""num_warps"": 4, ""pid_type"": ""flat"", ""range_flattens"": [null], ""range_multi_buffers"": [null], ""range_num_stages"": [0], ""range_unroll_factors"": [0], ""range_warp_specializes"": [null], ""reduction_loops"": [null]}",ok,9.184000082314014,0.10911273956298828,1
layer_norm,LA_102,4096x1024,heldout,0,heuristics,0,869c54e4b955a8c6,"{""atomic_indexing"": [], ""block_sizes"": [1], ""indexing"": [""tensor_descriptor"", ""pointer"", ""pointer"", ""tensor_descriptor"", ""pointer"", ""tensor_descriptor"", ""pointer"", ""pointer"", ""tensor_descriptor"", ""tensor_descriptor""], ""load_eviction_policies"": [""last"", """", ""first"", """", """", ""last"", """", ""last""], ""num_stages"": 4, ""num_warps"": 8, ""pid_type"": ""flat"", ""range_flattens"": [null], ""range_multi_buffers"": [null], ""range_num_stages"": [0], ""range_unroll_factors"": [0], ""range_warp_specializes"": [null], ""reduction_loops"": [2048]}",ok,15.32800029963255,0.09242939949035645,1
layer_norm,LA_102,4096x1024,heldout,0,heuristics,0,43acbd1ca50d4ca3,"{""atomic_indexing"": [], ""block_sizes"": [1], ""indexing"": [""pointer"", ""tensor_descriptor"", ""pointer"", ""pointer"", ""pointer"", ""pointer"", ""tensor_descriptor"", ""pointer"", ""tensor_descriptor"", ""tensor_descriptor""], ""load_eviction_policies"": [""first"", """", """", ""first"", """", ""last"", ""first"", """"], ""num_stages"": 4, ""num_warps"": 8, ""pid_type"": ""flat"", ""range_flattens"": [null], ""range_multi_buffers"": [null], ""range_num_stages"": [0], ""range_unroll_factors"": [0], ""range_warp_specializes"": [null], ""reduction_loops"": [null]}",ok,13.183999806642532,0.07657456398010254,1
layer_norm,LA_102,4096x1024,heldout,0,heuristics,0,0531906226c3040e,"{""block_sizes"": [1], ""indexing"": [""pointer"", ""pointer"", ""pointer"", ""pointer"", ""pointer"", ""pointer"", ""tensor_descriptor"", ""pointer"", ""pointer"", ""tensor_descriptor""], ""load_eviction_policies"": [""last"", """", ""first"", """", """", """", """", ""last""], ""num_stages"": 5, ""num_warps"": 16, ""pid_type"": ""flat"", ""range_flattens"": [null], ""range_multi_buffers"": [null], ""range_num_stages"": [0], ""range_unroll_factors"": [0], ""range_warp_specializes"": [null], ""reduction_loops"": [4096]}",ok,23.520000278949738,0.06912970542907715,1
layer_norm,LA_102,4096x1024,heldout,0,heuristics,0,178e7391546ae2da,"{""atomic_indexing"": [], ""block_sizes"": [1], ""indexing"": [""pointer"", ""pointer"", ""tensor_descriptor"", ""pointer"", ""tensor_descriptor"", ""pointer"", ""tensor_descriptor"", ""pointer"", ""pointer"", ""pointer""], ""load_eviction_policies"": [""first"", """", ""last"", """", ""last"", ""last"", ""last"", """"], ""num_stages"": 7, ""num_warps"": 4, ""pid_type"": ""flat"", ""range_flattens"": [null], ""range_multi_buffers"": [null], ""range_num_stages"": [0], ""range_unroll_factors"": [0], ""range_warp_specializes"": [null], ""reduction_loops"": [null]}",ok,9.40799992531538,0.06201505661010742,1
layer_norm,LA_102,4096x1024,heldout,0,heuristics,0,2052065dbe652edb,"{""atomic_indexing"": [], ""block_sizes"": [1], ""indexing"": [""pointer"", ""tensor_descriptor"", ""pointer"", ""pointer"", ""pointer"", ""tensor_descriptor"", ""pointer"", ""pointer"", ""pointer"", ""pointer""], ""load_eviction_policies"": [""last"", """", ""first"", """", """", ""last"", """", """"], ""num_stages"": 2, ""num_warps"": 16, ""pid_type"": ""flat"", ""range_flattens"": [null], ""range_multi_buffers"": [null], ""range_num_stages"": [0], ""range_unroll_factors"": [0], ""range_warp_specializes"": [null], ""reduction_loops"": [4096]}",ok,23.520000278949738,0.05422091484069824,1
layer_norm,LA_102,4096x1024,heldout,0,heuristics,0,186fed3761377dbd,"{""atomic_indexing"": [], ""block_sizes"": [1], ""indexing"": [""tensor_descriptor"", ""pointer"", ""tensor_descriptor"", ""pointer"", ""tensor_descriptor"", ""tensor_descriptor"", ""pointer"", ""pointer"", ""tensor_descriptor"", ""tensor_descriptor""], ""load_eviction_policies"": ["""", """", ""last"", """", ""last"", ""first"", ""last"", ""first""], ""num_stages"": 7, ""num_warps"": 4, ""pid_type"": ""flat"", ""range_flattens"": [null], ""range_multi_buffers"": [null], ""range_num_stages"": [0], ""range_unroll_factors"": [0], ""range_warp_specializes"": [null], ""reduction_loops"": [null]}",ok,9.312000125646591,0.04680442810058594,1
layer_norm,LA_102,4096x1024,heldout,0,heuristics,0,85df12bd2fb6305f,"{""atomic_indexing"": [], ""block_sizes"": [1], ""indexing"": [""tensor_descriptor"", ""pointer"", ""tensor_descriptor"", ""tensor_descriptor"", ""pointer"", ""tensor_descriptor"", ""tensor_descriptor"", ""tensor_descriptor"", ""pointer"", ""tensor_descriptor""], ""load_eviction_policies"": [""first"", ""last"", ""last"", ""last"", ""first"", ""last"", ""first"", ""first""], ""num_stages"": 2, ""num_warps"": 8, ""pid_type"": ""flat"", ""range_flattens"": [null], ""range_multi_buffers"": [null], ""range_num_stages"": [0], ""range_unroll_factors"": [0], ""range_warp_specializes"": [null], ""reduction_loops"": [null]}",ok,13.183999806642532,0.03927111625671387,1
layer_norm,LA_102,4096x1024,heldout,0,heuristics,0,decf2056869ee2b5,"{""atomic_indexing"": [], ""block_sizes"": [1], ""indexing"": [""pointer"", ""tensor_descriptor"", ""pointer"", ""tensor_descriptor"", ""tensor_descriptor"", ""pointer"", ""pointer"", ""pointer"", ""tensor_descriptor"", ""pointer""], ""load_eviction_policies"": ["""", ""last"", ""first"", """", ""last"", ""first"", ""last"", ""last""], ""num_stages"": 2, ""num_warps"": 1, ""pid_type"": ""flat"", ""range_flattens"": [null], ""range_multi_buffers"": [null], ""range_num_stages"": [0], ""range_unroll_factors"": [0], ""range_warp_specializes"": [null], ""reduction_loops"": [1024]}",ok,9.247999638319016,0.03203892707824707,1
layer_norm,LA_102,4096x1024,heldout,0,heuristics,0,4cac37630d96589f,"{""atomic_indexing"": [], ""block_sizes"": [1], ""indexing"": [""pointer"", ""pointer"", ""pointer"", ""pointer"", ""pointer"", ""pointer"", ""pointer"", ""pointer"", ""pointer"", ""pointer"", ""pointer"", ""pointer""], ""load_eviction_policies"": ["""", """", """", """", """", """", """", """"], ""num_stages"": 1, ""num_warps"": 4, ""pid_type"": ""flat"", ""range_flattens"": [null], ""range_multi_buffers"": [null], ""range_num_stages"": [0], ""range_unroll_factors"": [0], ""range_warp_specializes"": [null], ""reduction_loops"": [null]}",ok,9.279999881982803,0.047675132751464844,0
layer_norm,LA_102,4096x1024,heldout,0,heuristics,0,302faf5d5a42bbef,"{""atomic_indexing"": [], ""block_sizes"": [8], ""indexing"": [""pointer"", ""pointer"", ""pointer"", ""pointer"", ""pointer"", ""pointer"", ""pointer"", ""pointer"", ""pointer"", ""pointer"", ""pointer"", ""pointer""], ""load_eviction_policies"": ["""", """", """", """", """", """", """", """"], ""num_stages"": 1, ""num_warps"": 4, ""pid_type"": ""flat"", ""range_flattens"": [null], ""range_multi_buffers"": [null], ""range_num_stages"": [0], ""range_unroll_factors"": [0], ""range_warp_specializes"": [null], ""reduction_loops"": [null]}",ok,9.184000082314014,0.05972552299499512,0
layer_norm,LA_102,4096x1024,heldout,0,heuristics,0,02718805791f2de6,"{""atomic_indexing"": [], ""block_sizes"": [16], ""indexing"": [""pointer"", ""pointer"", ""pointer"", ""pointer"", ""pointer"", ""pointer"", ""pointer"", ""pointer"", ""pointer"", ""pointer"", ""pointer"", ""pointer""], ""load_eviction_policies"": ["""", """", """", """", """", """", """", """"], ""num_stages"": 2, ""num_warps"": 8, ""pid_type"": ""flat"", ""range_flattens"": [null], ""range_multi_buffers"": [null], ""range_num_stages"": [0], ""range_unroll_factors"": [0], ""range_warp_specializes"": [null], ""reduction_loops"": [null]}",ok,11.231999844312668,0.0395047664642334,0
layer_norm,LA_102,4096x1024,heldout,0,heuristics,0,eb65a8ce0d761ee8,"{""atomic_indexing"": [], ""block_sizes"": [32], ""indexing"": [""pointer"", ""pointer"", ""pointer"", ""pointer"", ""pointer"", ""pointer"", ""pointer"", ""pointer"", ""pointer"", ""pointer"", ""pointer"", ""pointer""], ""load_eviction_policies"": ["""", """", """", """", """", """", """", """"], ""num_sm_multiplier"": 1, ""num_stages"": 3, ""num_warps"": 8, ""pid_type"": ""persistent_blocked"", ""range_flattens"": [null], ""range_multi_buffers"": [null], ""range_num_stages"": [0], ""range_unroll_factors"": [0], ""range_warp_specializes"": [null], ""reduction_loops"": [null]}",ok,11.231999844312668,0.02505779266357422,0
layer_norm,LA_102,4096x1024,heldout,0,heuristics,0,721be399a1ab9717,"{""atomic_indexing"": [], ""block_sizes"": [4], ""indexing"": [""tensor_descriptor"", ""tensor_descriptor"", ""tensor_descriptor"", ""tensor_descriptor"", ""tensor_descriptor"", ""tensor_descriptor"", ""tensor_descriptor"", ""tensor_descriptor"", ""tensor_descriptor"", ""tensor_descriptor"", ""tensor_descriptor"", ""tensor_descriptor""], ""load_eviction_policies"": ["""", """", """", """", """", """", """", """"], ""num_stages"": 2, ""num_warps"": 4, ""pid_type"": ""flat"", ""range_flattens"": [null], ""range_multi_buffers"": [null], ""range_num_stages"": [0], ""range_unroll_factors"": [0], ""range_warp_specializes"": [null], ""reduction_loops"": [null]}",ok,9.184000082314014,0.0247647762298584,0
layer_norm,LA_102,4096x1024,heldout,0,heuristics,0,8139de7ccfa9ffcd,"{""atomic_indexing"": [], ""block_sizes"": [64], ""indexing"": [""pointer"", ""pointer"", ""pointer"", ""pointer"", ""pointer"", ""pointer"", ""pointer"", ""pointer"", ""pointer"", ""pointer"", ""pointer"", ""pointer""], ""load_eviction_policies"": ["""", """", """", """", """", """", """", """"], ""num_sm_multiplier"": 1, ""num_stages"": 2, ""num_warps"": 16, ""pid_type"": ""persistent_interleaved"", ""range_flattens"": [null], ""range_multi_buffers"": [null], ""range_num_stages"": [0], ""range_unroll_factors"": [0], ""range_warp_specializes"": [null], ""reduction_loops"": [null]}",ok,17.376000061631203,0.039925575256347656,0
layer_norm,LA_102,4096x1024,heldout,1,heuristics,0,04b1dd92c370cc99,"{""atomic_indexing"": [], ""block_sizes"": [2], ""indexing"": [""pointer"", ""pointer"", ""pointer"", ""tensor_descriptor"", ""tensor_descriptor"", ""tensor_descriptor"", ""tensor_descriptor"", ""tensor_descriptor"", ""tensor_descriptor"", ""pointer""], ""load_eviction_policies"": [""last"", """", ""last"", ""last"", ""first"", ""first"", """", ""last""], ""num_stages"": 1, ""num_warps"": 4, ""pid_type"": ""flat"", ""range_flattens"": [null], ""range_multi_buffers"": [null], ""range_num_stages"": [0], ""range_unroll_factors"": [0], ""range_warp_specializes"": [null], ""reduction_loops"": [null]}",ok,9.184000082314014,0.1261756420135498,1
layer_norm,LA_102,4096x1024,heldout,1,heuristics,0,869c54e4b955a8c6,"{""atomic_indexing"": [], ""block_sizes"": [1], ""indexing"": [""tensor_descriptor"", ""pointer"", ""pointer"", ""tensor_descriptor"", ""pointer"", ""tensor_descriptor"", ""pointer"", ""pointer"", ""tensor_descriptor"", ""tensor_descriptor""], ""load_eviction_policies"": [""last"", """", ""first"", """", """", ""last"", """", ""last""], ""num_stages"": 4, ""num_warps"": 8, ""pid_type"": ""flat"", ""range_flattens"": [null], ""range_multi_buffers"": [null], ""range_num_stages"": [0], ""range_unroll_factors"": [0], ""range_warp_specializes"": [null], ""reduction_loops"": [2048]}",ok,15.32800029963255,0.10681891441345215,1
layer_norm,LA_102,4096x1024,heldout,1,heuristics,0,43acbd1ca50d4ca3,"{""atomic_indexing"": [], ""block_sizes"": [1], ""indexing"": [""pointer"", ""tensor_descriptor"", ""pointer"", ""pointer"", ""pointer"", ""pointer"", ""tensor_descriptor"", ""pointer"", ""tensor_descriptor"", ""tensor_descriptor""], ""load_eviction_policies"": [""first"", """", """", ""first"", """", ""last"", ""first"", """"], ""num_stages"": 4, ""num_warps"": 8, ""pid_type"": ""flat"", ""range_flattens"": [null], ""range_multi_buffers"": [null], ""range_num_stages"": [0], ""range_unroll_factors"": [0], ""range_warp_specializes"": [null], ""reduction_loops"": [null]}",ok,13.183999806642532,0.09146356582641602,1
layer_norm,LA_102,4096x1024,heldout,1,heuristics,0,0531906226c3040e,"{""block_sizes"": [1], ""indexing"": [""pointer"", ""pointer"", ""pointer"", ""pointer"", ""pointer"", ""pointer"", ""tensor_descriptor"", ""pointer"", ""pointer"", ""tensor_descriptor""], ""load_eviction_policies"": [""last"", """", ""first"", """", """", """", """", ""last""], ""num_stages"": 5, ""num_warps"": 16, ""pid_type"": ""flat"", ""range_flattens"": [null], ""range_multi_buffers"": [null], ""range_num_stages"": [0], ""range_unroll_factors"": [0], ""range_warp_specializes"": [null], ""reduction_loops"": [4096]}",ok,23.520000278949738,0.08376622200012207,1
layer_norm,LA_102,4096x1024,heldout,1,heuristics,0,178e7391546ae2da,"{""atomic_indexing"": [], ""block_sizes"": [1], ""indexing"": [""pointer"", ""pointer"", ""tensor_descriptor"", ""pointer"", ""tensor_descriptor"", ""pointer"", ""tensor_descriptor"", ""pointer"", ""pointer"", ""pointer""], ""load_eviction_policies"": [""first"", """", ""last"", """", ""last"", ""last"", ""last"", """"], ""num_stages"": 7, ""num_warps"": 4, ""pid_type"": ""flat"", ""range_flattens"": [null], ""range_multi_buffers"": [null], ""range_num_stages"": [0], ""range_unroll_factors"": [0], ""range_warp_specializes"": [null], ""reduction_loops"": [null]}",ok,9.247999638319016,0.07454419136047363,1
layer_norm,LA_102,4096x1024,heldout,1,heuristics,0,2052065dbe652edb,"{""atomic_indexing"": [], ""block_sizes"": [1], ""indexing"": [""pointer"", ""tensor_descriptor"", ""pointer"", ""pointer"", ""pointer"", ""tensor_descriptor"", ""pointer"", ""pointer"", ""pointer"", ""pointer""], ""load_eviction_policies"": [""last"", """", ""first"", """", """", ""last"", """", """"], ""num_stages"": 2, ""num_warps"": 16, ""pid_type"": ""flat"", ""range_flattens"": [null], ""range_multi_buffers"": [null], ""range_num_stages"": [0], ""range_unroll_factors"": [0], ""range_warp_specializes"": [null], ""reduction_loops"": [4096]}",ok,23.520000278949738,0.05496406555175781,1
layer_norm,LA_102,4096x1024,heldout,1,heuristics,0,186fed3761377dbd,"{""atomic_indexing"": [], ""block_sizes"": [1], ""indexing"": [""tensor_descriptor"", ""pointer"", ""tensor_descriptor"", ""pointer"", ""tensor_descriptor"", ""tensor_descriptor"", ""pointer"", ""pointer"", ""tensor_descriptor"", ""tensor_descriptor""], ""load_eviction_policies"": ["""", """", ""last"", """", ""last"", ""first"", ""last"", ""first""], ""num_stages"": 7, ""num_warps"": 4, ""pid_type"": ""flat"", ""range_flattens"": [null], ""range_multi_buffers"": [null], ""range_num_stages"": [0], ""range_unroll_factors"": [0], ""range_warp_specializes"": [null], ""reduction_loops"": [null]}",ok,9.247999638319016,0.04655575752258301,1
layer_norm,LA_102,4096x1024,heldout,1,heuristics,0,85df12bd2fb6305f,"{""atomic_indexing"": [], ""block_sizes"": [1], ""indexing"": [""tensor_descriptor"", ""pointer"", ""tensor_descriptor"", ""tensor_descriptor"", ""pointer"", ""tensor_descriptor"", ""tensor_descriptor"", ""tensor_descriptor"", ""pointer"", ""tensor_descriptor""], ""load_eviction_policies"": [""first"", ""last"", ""last"", ""last"", ""first"", ""last"", ""first"", ""first""], ""num_stages"": 2, ""num_warps"": 8, ""pid_type"": ""flat"", ""range_flattens"": [null], ""range_multi_buffers"": [null], ""range_num_stages"": [0], ""range_unroll_factors"": [0], ""range_warp_specializes"": [null], ""reduction_loops"": [null]}",ok,13.183999806642532,0.06200814247131348,1
layer_norm,LA_102,4096x1024,heldout,1,heuristics,0,decf2056869ee2b5,"{""atomic_indexing"": [], ""block_sizes"": [1], ""indexing"": [""pointer"", ""tensor_descriptor"", ""pointer"", ""tensor_descriptor"", ""tensor_descriptor"", ""pointer"", ""pointer"", ""pointer"", ""tensor_descriptor"", ""pointer""], ""load_eviction_policies"": ["""", ""last"", ""first"", """", ""last"", ""first"", ""last"", ""last""], ""num_stages"": 2, ""num_warps"": 1, ""pid_type"": ""flat"", ""range_flattens"": [null], ""range_multi_buffers"": [null], ""range_num_stages"": [0], ""range_unroll_factors"": [0], ""range_warp_specializes"": [null], ""reduction_loops"": [1024]}",ok,9.184000082314014,0.04431772232055664,1
layer_norm,LA_102,4096x1024,heldout,1,heuristics,0,4cac37630d96589f,"{""atomic_indexing"": [], ""block_sizes"": [1], ""indexing"": [""pointer"", ""pointer"", ""pointer"", ""pointer"", ""pointer"", ""pointer"", ""pointer"", ""pointer"", ""pointer"", ""pointer"", ""pointer"", ""pointer""], ""load_eviction_policies"": ["""", """", """", """", """", """", """", """"], ""num_stages"": 1, ""num_warps"": 4, ""pid_type"": ""flat"", ""range_flattens"": [null], ""range_multi_buffers"": [null], ""range_num_stages"": [0], ""range_unroll_factors"": [0], ""range_warp_specializes"": [null], ""reduction_loops"": [null]}",ok,9.216000325977802,0.03470611572265625,0
layer_norm,LA_102,4096x1024,heldout,1,heuristics,0,302faf5d5a42bbef,"{""atomic_indexing"": [], ""block_sizes"": [8], ""indexing"": [""pointer"", ""pointer"", ""pointer"", ""pointer"", ""pointer"", ""pointer"", ""pointer"", ""pointer"", ""pointer"", ""pointer"", ""pointer"", ""pointer""], ""load_eviction_policies"": ["""", """", """", """", """", """", """", """"], ""num_stages"": 1, ""num_warps"": 4, ""pid_type"": ""flat"", ""range_flattens"": [null], ""range_multi_buffers"": [null], ""range_num_stages"": [0], ""range_unroll_factors"": [0], ""range_warp_specializes"": [null], ""reduction_loops"": [null]}",ok,9.184000082314014,0.043318748474121094,0
layer_norm,LA_102,4096x1024,heldout,1,heuristics,0,02718805791f2de6,"{""atomic_indexing"": [], ""block_sizes"": [16], ""indexing"": [""pointer"", ""pointer"", ""pointer"", ""pointer"", ""pointer"", ""pointer"", ""pointer"", ""pointer"", ""pointer"", ""pointer"", ""pointer"", ""pointer""], ""load_eviction_policies"": ["""", """", """", """", """", """", """", """"], ""num_stages"": 2, ""num_warps"": 8, ""pid_type"": ""flat"", ""range_flattens"": [null], ""range_multi_buffers"": [null], ""range_num_stages"": [0], ""range_unroll_factors"": [0], ""range_warp_specializes"": [null], ""reduction_loops"": [null]}",ok,11.231999844312668,0.03248405456542969,0
layer_norm,LA_102,4096x1024,heldout,1,heuristics,0,eb65a8ce0d761ee8,"{""atomic_indexing"": [], ""block_sizes"": [32], ""indexing"": [""pointer"", ""pointer"", ""pointer"", ""pointer"", ""pointer"", ""pointer"", ""pointer"", ""pointer"", ""pointer"", ""pointer"", ""pointer"", ""pointer""], ""load_eviction_policies"": ["""", """", """", """", """", """", """", """"], ""num_sm_multiplier"": 1, ""num_stages"": 3, ""num_warps"": 8, ""pid_type"": ""persistent_blocked"", ""range_flattens"": [null], ""range_multi_buffers"": [null], ""range_num_stages"": [0], ""range_unroll_factors"": [0], ""range_warp_specializes"": [null], ""reduction_loops"": [null]}",ok,11.231999844312668,0.043265342712402344,0
layer_norm,LA_102,4096x1024,heldout,1,heuristics,0,721be399a1ab9717,"{""atomic_indexing"": [], ""block_sizes"": [4], ""indexing"": [""tensor_descriptor"", ""tensor_descriptor"", ""tensor_descriptor"", ""tensor_descriptor"", ""tensor_descriptor"", ""tensor_descriptor"", ""tensor_descriptor"", ""tensor_descriptor"", ""tensor_descriptor"", ""tensor_descriptor"", ""tensor_descriptor"", ""tensor_descriptor""], ""load_eviction_policies"": ["""", """", """", """", """", """", """", """"], ""num_stages"": 2, ""num_warps"": 4, ""pid_type"": ""flat"", ""range_flattens"": [null], ""range_multi_buffers"": [null], ""range_num_stages"": [0], ""range_unroll_factors"": [0], ""range_warp_specializes"": [null], ""reduction_loops"": [null]}",ok,9.184000082314014,0.03607797622680664,0
layer_norm,LA_102,4096x1024,heldout,1,heuristics,0,8139de7ccfa9ffcd,"{""atomic_indexing"": [], ""block_sizes"": [64], ""indexing"": [""pointer"", ""pointer"", ""pointer"", ""pointer"", ""pointer"", ""pointer"", ""pointer"", ""pointer"", ""pointer"", ""pointer"", ""pointer"", ""pointer""], ""load_eviction_policies"": ["""", """", """", """", """", """", """", """"], ""num_sm_multiplier"": 1, ""num_stages"": 2, ""num_warps"": 16, ""pid_type"": ""persistent_interleaved"", ""range_flattens"": [null], ""range_multi_buffers"": [null], ""range_num_stages"": [0], ""range_unroll_factors"": [0], ""range_warp_specializes"": [null], ""reduction_loops"": [null]}",ok,17.376000061631203,0.03155827522277832,0
layer_norm,LA_102,4096x1024,heldout,2,heuristics,0,04b1dd92c370cc99,"{""atomic_indexing"": [], ""block_sizes"": [2], ""indexing"": [""pointer"", ""pointer"", ""pointer"", ""tensor_descriptor"", ""tensor_descriptor"", ""tensor_descriptor"", ""tensor_descriptor"", ""tensor_descriptor"", ""tensor_descriptor"", ""pointer""], ""load_eviction_policies"": [""last"", """", ""last"", ""last"", ""first"", ""first"", """", ""last""], ""num_stages"": 1, ""num_warps"": 4, ""pid_type"": ""flat"", ""range_flattens"": [null], ""range_multi_buffers"": [null], ""range_num_stages"": [0], ""range_unroll_factors"": [0], ""range_warp_specializes"": [null], ""reduction_loops"": [null]}",ok,9.184000082314014,0.14096641540527344,1
layer_norm,LA_102,4096x1024,heldout,2,heuristics,0,869c54e4b955a8c6,"{""atomic_indexing"": [], ""block_sizes"": [1], ""indexing"": [""tensor_descriptor"", ""pointer"", ""pointer"", ""tensor_descriptor"", ""pointer"", ""tensor_descriptor"", ""pointer"", ""pointer"", ""tensor_descriptor"", ""tensor_descriptor""], ""load_eviction_policies"": [""last"", """", ""first"", """", """", ""last"", """", ""last""], ""num_stages"": 4, ""num_warps"": 8, ""pid_type"": ""flat"", ""range_flattens"": [null], ""range_multi_buffers"": [null], ""range_num_stages"": [0], ""range_unroll_factors"": [0], ""range_warp_specializes"": [null], ""reduction_loops"": [2048]}",ok,15.32800029963255,0.12431907653808594,1
layer_norm,LA_102,4096x1024,heldout,2,heuristics,0,43acbd1ca50d4ca3,"{""atomic_indexing"": [], ""block_sizes"": [1], ""indexing"": [""pointer"", ""tensor_descriptor"", ""pointer"", ""pointer"", ""pointer"", ""pointer"", ""tensor_descriptor"", ""pointer"", ""tensor_descriptor"", ""tensor_descriptor""], ""load_eviction_policies"": [""first"", """", """", ""first"", """", ""last"", ""first"", """"], ""num_stages"": 4, ""num_warps"": 8, ""pid_type"": ""flat"", ""range_flattens"": [null], ""range_multi_buffers"": [null], ""range_num_stages"": [0], ""range_unroll_factors"": [0], ""range_warp_specializes"": [null], ""reduction_loops"": [null]}",ok,12.384000234305859,0.10764861106872559,1
layer_norm,LA_102,4096x1024,heldout,2,heuristics,0,0531906226c3040e,"{""block_sizes"": [1], ""indexing"": [""pointer"", ""pointer"", ""pointer"", ""pointer"", ""pointer"", ""pointer"", ""tensor_descriptor"", ""pointer"", ""pointer"", ""tensor_descriptor""], ""load_eviction_policies"": [""last"", """", ""first"", """", """", """", """", ""last""], ""num_stages"": 5, ""num_warps"": 16, ""pid_type"": ""flat"", ""range_flattens"": [null], ""range_multi_buffers"": [null], ""range_num_stages"": [0], ""range_unroll_factors"": [0], ""range_warp_specializes"": [null], ""reduction_loops"": [4096]}",ok,23.520000278949738,0.09970808029174805,1
layer_norm,LA_102,4096x1024,heldout,2,heuristics,0,178e7391546ae2da,"{""atomic_indexing"": [], ""block_sizes"": [1], ""indexing"": [""pointer"", ""pointer"", ""tensor_descriptor"", ""pointer"", ""tensor_descriptor"", ""pointer"", ""tensor_descriptor"", ""pointer"", ""pointer"", ""pointer""], ""load_eviction_policies"": [""first"", """", ""last"", """", ""last"", ""last"", ""last"", """"], ""num_stages"": 7, ""num_warps"": 4, ""pid_type"": ""flat"", ""range_flattens"": [null], ""range_multi_buffers"": [null], ""range_num_stages"": [0], ""range_unroll_factors"": [0], ""range_warp_specializes"": [null], ""reduction_loops"": [null]}",ok,9.247999638319016,0.09188675880432129,1
layer_norm,LA_102,4096x1024,heldout,2,heuristics,0,2052065dbe652edb,"{""atomic_indexing"": [], ""block_sizes"": [1], ""indexing"": [""pointer"", ""tensor_descriptor"", ""pointer"", ""pointer"", ""pointer"", ""tensor_descriptor"", ""pointer"", ""pointer"", ""pointer"", ""pointer""], ""load_eviction_policies"": [""last"", """", ""first"", """", """", ""last"", """", """"], ""num_stages"": 2, ""num_warps"": 16, ""pid_type"": ""flat"", ""range_flattens"": [null], ""range_multi_buffers"": [null], ""range_num_stages"": [0], ""range_unroll_factors"": [0], ""range_warp_specializes"": [null], ""reduction_loops"": [4096]}",ok,23.520000278949738,0.07121014595031738,1
layer_norm,LA_102,4096x1024,heldout,2,heuristics,0,186fed3761377dbd,"{""atomic_indexing"": [], ""block_sizes"": [1], ""indexing"": [""tensor_descriptor"", ""pointer"", ""tensor_descriptor"", ""pointer"", ""tensor_descriptor"", ""tensor_descriptor"", ""pointer"", ""pointer"", ""tensor_descriptor"", ""tensor_descriptor""], ""load_eviction_policies"": ["""", """", ""last"", """", ""last"", ""first"", ""last"", ""first""], ""num_stages"": 7, ""num_warps"": 4, ""pid_type"": ""flat"", ""range_flattens"": [null], ""range_multi_buffers"": [null], ""range_num_stages"": [0], ""range_unroll_factors"": [0], ""range_warp_specializes"": [null], ""reduction_loops"": [null]}",ok,9.216000325977802,0.05106663703918457,1
layer_norm,LA_102,4096x1024,heldout,2,heuristics,0,85df12bd2fb6305f,"{""atomic_indexing"": [], ""block_sizes"": [1], ""indexing"": [""tensor_descriptor"", ""pointer"", ""tensor_descriptor"", ""tensor_descriptor"", ""pointer"", ""tensor_descriptor"", ""tensor_descriptor"", ""tensor_descriptor"", ""pointer"", ""tensor_descriptor""], ""load_eviction_policies"": [""first"", ""last"", ""last"", ""last"", ""first"", ""last"", ""first"", ""first""], ""num_stages"": 2, ""num_warps"": 8, ""pid_type"": ""flat"", ""range_flattens"": [null], ""range_multi_buffers"": [null], ""range_num_stages"": [0], ""range_unroll_factors"": [0], ""range_warp_specializes"": [null], ""reduction_loops"": [null]}",ok,13.151999562978745,0.041092634201049805,1
layer_norm,LA_102,4096x1024,heldout,2,heuristics,0,decf2056869ee2b5,"{""atomic_indexing"": [], ""block_sizes"": [1], ""indexing"": [""pointer"", ""tensor_descriptor"", ""pointer"", ""tensor_descriptor"", ""tensor_descriptor"", ""pointer"", ""pointer"", ""pointer"", ""tensor_descriptor"", ""pointer""], ""load_eviction_policies"": ["""", ""last"", ""first"", """", ""last"", ""first"", ""last"", ""last""], ""num_stages"": 2, ""num_warps"": 1, ""pid_type"": ""flat"", ""range_flattens"": [null], ""range_multi_buffers"": [null], ""range_num_stages"": [0], ""range_unroll_factors"": [0], ""range_warp_specializes"": [null], ""reduction_loops"": [1024]}",ok,9.184000082314014,0.034720420837402344,1
layer_norm,LA_102,4096x1024,heldout,2,heuristics,0,4cac37630d96589f,"{""atomic_indexing"": [], ""block_sizes"": [1], ""indexing"": [""pointer"", ""pointer"", ""pointer"", ""pointer"", ""pointer"", ""pointer"", ""pointer"", ""pointer"", ""pointer"", ""pointer"", ""pointer"", ""pointer""], ""load_eviction_policies"": ["""", """", """", """", """", """", """", """"], ""num_stages"": 1, ""num_warps"": 4, ""pid_type"": ""flat"", ""range_flattens"": [null], ""range_multi_buffers"": [null], ""range_num_stages"": [0], ""range_unroll_factors"": [0], ""range_warp_specializes"": [null], ""reduction_loops"": [null]}",ok,9.247999638319016,0.02256464958190918,0
layer_norm,LA_102,4096x1024,heldout,2,heuristics,0,302faf5d5a42bbef,"{""atomic_indexing"": [], ""block_sizes"": [8], ""indexing"": [""pointer"", ""pointer"", ""pointer"", ""pointer"", ""pointer"", ""pointer"", ""pointer"", ""pointer"", ""pointer"", ""pointer"", ""pointer"", ""pointer""], ""load_eviction_policies"": ["""", """", """", """", """", """", """", """"], ""num_stages"": 1, ""num_warps"": 4, ""pid_type"": ""flat"", ""range_flattens"": [null], ""range_multi_buffers"": [null], ""range_num_stages"": [0], ""range_unroll_factors"": [0], ""range_warp_specializes"": [null], ""reduction_loops"": [null]}",ok,9.184000082314014,0.04306530952453613,0
layer_norm,LA_102,4096x1024,heldout,2,heuristics,0,02718805791f2de6,"{""atomic_indexing"": [], ""block_sizes"": [16], ""indexing"": [""pointer"", ""pointer"", ""pointer"", ""pointer"", ""pointer"", ""pointer"", ""pointer"", ""pointer"", ""pointer"", ""pointer"", ""pointer"", ""pointer""], ""load_eviction_policies"": ["""", """", """", """", """", """", """", """"], ""num_stages"": 2, ""num_warps"": 8, ""pid_type"": ""flat"", ""range_flattens"": [null], ""range_multi_buffers"": [null], ""range_num_stages"": [0], ""range_unroll_factors"": [0], ""range_warp_specializes"": [null], ""reduction_loops"": [null]}",ok,11.231999844312668,0.03310656547546387,0
layer_norm,LA_102,4096x1024,heldout,2,heuristics,0,eb65a8ce0d761ee8,"{""atomic_indexing"": [], ""block_sizes"": [32], ""indexing"": [""pointer"", ""pointer"", ""pointer"", ""pointer"", ""pointer"", ""pointer"", ""pointer"", ""pointer"", ""pointer"", ""pointer"", ""pointer"", ""pointer""], ""load_eviction_policies"": ["""", """", """", """", """", """", """", """"], ""num_sm_multiplier"": 1, ""num_stages"": 3, ""num_warps"": 8, ""pid_type"": ""persistent_blocked"", ""range_flattens"": [null], ""range_multi_buffers"": [null], ""range_num_stages"": [0], ""range_unroll_factors"": [0], ""range_warp_specializes"": [null], ""reduction_loops"": [null]}",ok,11.231999844312668,0.024374723434448242,0
layer_norm,LA_102,4096x1024,heldout,2,heuristics,0,721be399a1ab9717,"{""atomic_indexing"": [], ""block_sizes"": [4], ""indexing"": [""tensor_descriptor"", ""tensor_descriptor"", ""tensor_descriptor"", ""tensor_descriptor"", ""tensor_descriptor"", ""tensor_descriptor"", ""tensor_descriptor"", ""tensor_descriptor"", ""tensor_descriptor"", ""tensor_descriptor"", ""tensor_descriptor"", ""tensor_descriptor""], ""load_eviction_policies"": ["""", """", """", """", """", """", """", """"], ""num_stages"": 2, ""num_warps"": 4, ""pid_type"": ""flat"", ""range_flattens"": [null], ""range_multi_buffers"": [null], ""range_num_stages"": [0], ""range_unroll_factors"": [0], ""range_warp_specializes"": [null], ""reduction_loops"": [null]}",ok,9.184000082314014,0.022496700286865234,0
layer_norm,LA_102,4096x1024,heldout,2,heuristics,0,8139de7ccfa9ffcd,"{""atomic_indexing"": [], ""block_sizes"": [64], ""indexing"": [""pointer"", ""pointer"", ""pointer"", ""pointer"", ""pointer"", ""pointer"", ""pointer"", ""pointer"", ""pointer"", ""pointer"", ""pointer"", ""pointer""], ""load_eviction_policies"": ["""", """", """", """", """", """", """", """"], ""num_sm_multiplier"": 1, ""num_stages"": 2, ""num_warps"": 16, ""pid_type"": ""persistent_interleaved"", ""range_flattens"": [null], ""range_multi_buffers"": [null], ""range_num_stages"": [0], ""range_unroll_factors"": [0], ""range_warp_specializes"": [null], ""reduction_loops"": [null]}",ok,17.376000061631203,0.03766298294067383,0
layer_norm,LA_103,4096x2048,heldout,0,heuristics,0,04b1dd92c370cc99,"{""atomic_indexing"": [], ""block_sizes"": [2], ""indexing"": [""pointer"", ""pointer"", ""pointer"", ""tensor_descriptor"", ""tensor_descriptor"", ""tensor_descriptor"", ""tensor_descriptor"", ""tensor_descriptor"", ""tensor_descriptor"", ""pointer""], ""load_eviction_policies"": [""last"", """", ""last"", ""last"", ""first"", ""first"", """", ""last""], ""num_stages"": 1, ""num_warps"": 4, ""pid_type"": ""flat"", ""range_flattens"": [null], ""range_multi_buffers"": [null], ""range_num_stages"": [0], ""range_unroll_factors"": [0], ""range_warp_specializes"": [null], ""reduction_loops"": [null]}",ok,11.231999844312668,0.13085484504699707,1
layer_norm,LA_103,4096x2048,heldout,0,heuristics,0,869c54e4b955a8c6,"{""atomic_indexing"": [], ""block_sizes"": [1], ""indexing"": [""tensor_descriptor"", ""pointer"", ""pointer"", ""tensor_descriptor"", ""pointer"", ""tensor_descriptor"", ""pointer"", ""pointer"", ""tensor_descriptor"", ""tensor_descriptor""], ""load_eviction_policies"": [""last"", """", ""first"", """", """", ""last"", """", ""last""], ""num_stages"": 4, ""num_warps"": 8, ""pid_type"": ""flat"", ""range_flattens"": [null], ""range_multi_buffers"": [null], ""range_num_stages"": [0], ""range_unroll_factors"": [0], ""range_warp_specializes"": [null], ""reduction_loops"": [2048]}",ok,15.32800029963255,0.11029505729675293,1
layer_norm,LA_103,4096x2048,heldout,0,heuristics,0,43acbd1ca50d4ca3,"{""atomic_indexing"": [], ""block_sizes"": [1], ""indexing"": [""pointer"", ""tensor_descriptor"", ""pointer"", ""pointer"", ""pointer"", ""pointer"", ""tensor_descriptor"", ""pointer"", ""tensor_descriptor"", ""tensor_descriptor""], ""load_eviction_policies"": [""first"", """", """", ""first"", """", ""last"", ""first"", """"], ""num_stages"": 4, ""num_warps"": 8, ""pid_type"": ""flat"", ""range_flattens"": [null], ""range_multi_buffers"": [null], ""range_num_stages"": [0], ""range_unroll_factors"": [0], ""range_warp_specializes"": [null], ""reduction_loops"": [null]}",ok,13.311999849975109,0.0917048454284668,1
layer_norm,LA_103,4096x2048,heldout,0,heuristics,0,0531906226c3040e,"{""block_sizes"": [1], ""indexing"": [""pointer"", ""pointer"", ""pointer"", ""pointer"", ""pointer"", ""pointer"", ""tensor_descriptor"", ""pointer"", ""pointer"", ""tensor_descriptor""], ""load_eviction_policies"": [""last"", """", ""first"", """", """", """", """", ""last""], ""num_stages"": 5, ""num_warps"": 16, ""pid_type"": ""flat"", ""range_flattens"": [null], ""range_multi_buffers"": [null], ""range_num_stages"": [0], ""range_unroll_factors"": [0], ""range_warp_specializes"": [null], ""reduction_loops"": [4096]}",ok,23.552000522613525,0.08414459228515625,1
layer_norm,LA_103,4096x2048,heldout,0,heuristics,0,178e7391546ae2da,"{""atomic_indexing"": [], ""block_sizes"": [1], ""indexing"": [""pointer"", ""pointer"", ""tensor_descriptor"", ""pointer"", ""tensor_descriptor"", ""pointer"", ""tensor_descriptor"", ""pointer"", ""pointer"", ""pointer""], ""load_eviction_policies"": [""first"", """", ""last"", """", ""last"", ""last"", ""last"", """"], ""num_stages"": 7, ""num_warps"": 4, ""pid_type"": ""flat"", ""range_flattens"": [null], ""range_multi_buffers"": [null], ""range_num_stages"": [0], ""range_unroll_factors"": [0], ""range_warp_specializes"": [null], ""reduction_loops"": [null]}",ok,11.296000331640244,0.07612156867980957,1
layer_norm,LA_103,4096x2048,heldout,0,heuristics,0,2052065dbe652edb,"{""atomic_indexing"": [], ""block_sizes"": [1], ""indexing"": [""pointer"", ""tensor_descriptor"", ""pointer"", ""pointer"", ""pointer"", ""tensor_descriptor"", ""pointer"", ""pointer"", ""pointer"", ""pointer""], ""load_eviction_policies"": [""last"", """", ""first"", """", """", ""last"", """", """"], ""num_stages"": 2, ""num_warps"": 16, ""pid_type"": ""flat"", ""range_flattens"": [null], ""range_multi_buffers"": [null], ""range_num_stages"": [0], ""range_unroll_factors"": [0], ""range_warp_specializes"": [null], ""reduction_loops"": [4096]}",ok,23.520000278949738,0.05502796173095703,1
layer_norm,LA_103,4096x2048,heldout,0,heuristics,0,186fed3761377dbd,"{""atomic_indexing"": [], ""block_sizes"": [1], ""indexing"": [""tensor_descriptor"", ""pointer"", ""tensor_descriptor"", ""pointer"", ""tensor_descriptor"", ""tensor_descriptor"", ""pointer"", ""pointer"", ""tensor_descriptor"", ""tensor_descriptor""], ""load_eviction_policies"": ["""", """", ""last"", """", ""last"", ""first"", ""last"", ""first""], ""num_stages"": 7, ""num_warps"": 4, ""pid_type"": ""flat"", ""range_flattens"": [null], ""range_multi_buffers"": [null], ""range_num_stages"": [0], ""range_unroll_factors"": [0], ""range_warp_specializes"": [null], ""reduction_loops"": [null]}",ok,11.296000331640244,0.04693007469177246,1
layer_norm,LA_103,4096x2048,heldout,0,heuristics,0,85df12bd2fb6305f,"{""atomic_indexing"": [], ""block_sizes"": [1], ""indexing"": [""tensor_descriptor"", ""pointer"", ""tensor_descriptor"", ""tensor_descriptor"", ""pointer"", ""tensor_descriptor"", ""tensor_descriptor"", ""tensor_descriptor"", ""pointer"", ""tensor_descriptor""], ""load_eviction_policies"": [""first"", ""last"", ""last"", ""last"", ""first"", ""last"", ""first"", ""first""], ""num_stages"": 2, ""num_warps"": 8, ""pid_type"": ""flat"", ""range_flattens"": [null], ""range_multi_buffers"": [null], ""range_num_stages"": [0], ""range_unroll_factors"": [0], ""range_warp_specializes"": [null], ""reduction_loops"": [null]}",ok,13.279999606311321,0.05246734619140625,1
layer_norm,LA_103,4096x2048,heldout,0,heuristics,0,decf2056869ee2b5,"{""atomic_indexing"": [], ""block_sizes"": [1], ""indexing"": [""pointer"", ""tensor_descriptor"", ""pointer"", ""tensor_descriptor"", ""tensor_descriptor"", ""pointer"", ""pointer"", ""pointer"", ""tensor_descriptor"", ""pointer""], ""load_eviction_policies"": ["""", ""last"", ""first"", """", ""last"", ""first"", ""last"", ""last""], ""num_stages"": 2, ""num_warps"": 1, ""pid_type"": ""flat"", ""range_flattens"": [null], ""range_multi_buffers"": [null], ""range_num_stages"": [0], ""range_unroll_factors"": [0], ""range_warp_specializes"": [null], ""reduction_loops"": [1024]}",ok,11.264000087976456,0.03573417663574219,1
layer_norm,LA_103,4096x2048,heldout,0,heuristics,0,4cac37630d96589f,"{""atomic_indexing"": [], ""block_sizes"": [1], ""indexing"": [""pointer"", ""pointer"", ""pointer"", ""pointer"", ""pointer"", ""pointer"", ""pointer"", ""pointer"", ""pointer"", ""pointer"", ""pointer"", ""pointer""], ""load_eviction_policies"": ["""", """", """", """", """", """", """", """"], ""num_stages"": 1, ""num_warps"": 4, ""pid_type"": ""flat"", ""range_flattens"": [null], ""range_multi_buffers"": [null], ""range_num_stages"": [0], ""range_unroll_factors"": [0], ""range_warp_specializes"": [null], ""reduction_loops"": [null]}",ok,11.264000087976456,0.03551149368286133,0
layer_norm,LA_103,4096x2048,heldout,0,heuristics,0,4cb25375b2bdf253,"{""atomic_indexing"": [], ""block_sizes"": [8], ""indexing"": [""pointer"", ""pointer"", ""pointer"", ""pointer"", ""pointer"", ""pointer"", ""pointer"", ""pointer"", ""pointer"", ""pointer"", ""pointer"", ""pointer""], ""load_eviction_policies"": ["""", """", """", """", """", """", """", """"], ""num_stages"": 3, ""num_warps"": 8, ""pid_type"": ""flat"", ""range_flattens"": [null], ""range_multi_buffers"": [null], ""range_num_stages"": [0], ""range_unroll_factors"": [0], ""range_warp_specializes"": [null], ""reduction_loops"": [null]}",ok,14.448000118136406,0.06950497627258301,0
layer_norm,LA_103,4096x2048,heldout,0,heuristics,0,76a5f3962199cd5f,"{""atomic_indexing"": [], ""block_sizes"": [4], ""indexing"": [""pointer"", ""pointer"", ""pointer"", ""pointer"", ""pointer"", ""pointer"", ""pointer"", ""pointer"", ""pointer"", ""pointer"", ""pointer"", ""pointer""], ""load_eviction_policies"": ["""", """", """", """", """", """", """", """"], ""num_stages"": 2, ""num_warps"": 4, ""pid_type"": ""flat"", ""range_flattens"": [null], ""range_multi_buffers"": [null], ""range_num_stages"": [0], ""range_unroll_factors"": [0], ""range_warp_specializes"": [null], ""reduction_loops"": [null]}",ok,13.279999606311321,0.0516359806060791,0
layer_norm,LA_103,4096x2048,heldout,0,heuristics,0,5ef1e2e6eda2981a,"{""atomic_indexing"": [], ""block_sizes"": [16], ""indexing"": [""pointer"", ""pointer"", ""pointer"", ""pointer"", ""pointer"", ""pointer"", ""pointer"", ""pointer"", ""pointer"", ""pointer"", ""pointer"", ""pointer""], ""load_eviction_policies"": ["""", """", """", """", """", """", """", """"], ""num_sm_multiplier"": 1, ""num_stages"": 2, ""num_warps"": 8, ""pid_type"": ""persistent_blocked"", ""range_flattens"": [null], ""range_multi_buffers"": [null], ""range_num_stages"": [0], ""range_unroll_factors"": [0], ""range_warp_specializes"": [null], ""reduction_loops"": [null]}",ok,15.32800029963255,0.03570890426635742,0
layer_norm,LA_103,4096x2048,heldout,0,heuristics,0,fcab894790eecb32,"{""atomic_indexing"": [], ""block_sizes"": [2], ""indexing"": [""tensor_descriptor"", ""tensor_descriptor"", ""tensor_descriptor"", ""tensor_descriptor"", ""tensor_descriptor"", ""tensor_descriptor"", ""tensor_descriptor"", ""tensor_descriptor"", ""tensor_descriptor"", ""tensor_descriptor"", ""tensor_descriptor"", ""tensor_descriptor""], ""load_eviction_policies"": ["""", """", """", """", """", """", """", """"], ""num_stages"": 4, ""num_warps"": 4, ""pid_type"": ""flat"", ""range_flattens"": [null], ""range_multi_buffers"": [null], ""range_num_stages"": [0], ""range_unroll_factors"": [0], ""range_warp_specializes"": [null], ""reduction_loops"": [null]}",ok,11.231999844312668,0.028701305389404297,0
layer_norm,LA_103,4096x2048,heldout,0,heuristics,0,b8536e264609b0e2,"{""atomic_indexing"": [], ""block_sizes"": [32], ""indexing"": [""pointer"", ""pointer"", ""pointer"", ""pointer"", ""pointer"", ""pointer"", ""pointer"", ""pointer"", ""pointer"", ""pointer"", ""pointer"", ""pointer""], ""load_eviction_policies"": ["""", """", """", """", """", """", """", """"], ""num_sm_multiplier"": 1, ""num_stages"": 2, ""num_warps"": 16, ""pid_type"": ""persistent_interleaved"", ""range_flattens"": [null], ""range_multi_buffers"": [null], ""range_num_stages"": [0], ""range_unroll_factors"": [0], ""range_warp_specializes"": [null], ""reduction_loops"": [null]}",ok,19.45599913597107,0.05179333686828613,0
layer_norm,LA_103,4096x2048,heldout,1,heuristics,0,04b1dd92c370cc99,"{""atomic_indexing"": [], ""block_sizes"": [2], ""indexing"": [""pointer"", ""pointer"", ""pointer"", ""tensor_descriptor"", ""tensor_descriptor"", ""tensor_descriptor"", ""tensor_descriptor"", ""tensor_descriptor"", ""tensor_descriptor"", ""pointer""], ""load_eviction_policies"": [""last"", """", ""last"", ""last"", ""first"", ""first"", """", ""last""], ""num_stages"": 1, ""num_warps"": 4, ""pid_type"": ""flat"", ""range_flattens"": [null], ""range_multi_buffers"": [null], ""range_num_stages"": [0], ""range_unroll_factors"": [0], ""range_warp_specializes"": [null], ""reduction_loops"": [null]}",ok,11.231999844312668,0.14664030075073242,1
layer_norm,LA_103,4096x2048,heldout,1,heuristics,0,869c54e4b955a8c6,"{""atomic_indexing"": [], ""block_sizes"": [1], ""indexing"": [""tensor_descriptor"", ""pointer"", ""pointer"", ""tensor_descriptor"", ""pointer"", ""tensor_descriptor"", ""pointer"", ""pointer"", ""tensor_descriptor"", ""tensor_descriptor""], ""load_eviction_policies"": [""last"", """", ""first"", """", """", ""last"", """", ""last""], ""num_stages"": 4, ""num_warps"": 8, ""pid_type"": ""flat"", ""range_flattens"": [null], ""range_multi_buffers"": [null], ""range_num_stages"": [0], ""range_unroll_factors"": [0], ""range_warp_specializes"": [null], ""reduction_loops"": [2048]}",ok,15.32800029963255,0.12634968757629395,1
layer_norm,LA_103,4096x2048,heldout,1,heuristics,0,43acbd1ca50d4ca3,"{""atomic_indexing"": [], ""block_sizes"": [1], ""indexing"": [""pointer"", ""tensor_descriptor"", ""pointer"", ""pointer"", ""pointer"", ""pointer"", ""tensor_descriptor"", ""pointer"", ""tensor_descriptor"", ""tensor_descriptor""], ""load_eviction_policies"": [""first"", """", """", ""first"", """", ""last"", ""first"", """"], ""num_stages"": 4, ""num_warps"": 8, ""pid_type"": ""flat"", ""range_flattens"": [null], ""range_multi_buffers"": [null], ""range_num_stages"": [0], ""range_unroll_factors"": [0], ""range_warp_specializes"": [null], ""reduction_loops"": [null]}",ok,13.279999606311321,0.106231689453125,1
layer_norm,LA_103,4096x2048,heldout,1,heuristics,0,0531906226c3040e,"{""block_sizes"": [1], ""indexing"": [""pointer"", ""pointer"", ""pointer"", ""pointer"", ""pointer"", ""pointer"", ""tensor_descriptor"", ""pointer"", ""pointer"", ""tensor_descriptor""], ""load_eviction_policies"": [""last"", """", ""first"", """", """", """", """", ""last""], ""num_stages"": 5, ""num_warps"": 16, ""pid_type"": ""flat"", ""range_flattens"": [null], ""range_multi_buffers"": [null], ""range_num_stages"": [0], ""range_unroll_factors"": [0], ""range_warp_specializes"": [null], ""reduction_loops"": [4096]}",ok,23.520000278949738,0.09880495071411133,1
layer_norm,LA_103,4096x2048,heldout,1,heuristics,0,178e7391546ae2da,"{""atomic_indexing"": [], ""block_sizes"": [1], ""indexing"": [""pointer"", ""pointer"", ""tensor_descriptor"", ""pointer"", ""tensor_descriptor"", ""pointer"", ""tensor_descriptor"", ""pointer"", ""pointer"", ""pointer""], ""load_eviction_policies"": [""first"", """", ""last"", """", ""last"", ""last"", ""last"", """"], ""num_stages"": 7, ""num_warps"": 4, ""pid_type"": ""flat"", ""range_flattens"": [null], ""range_multi_buffers"": [null], ""range_num_stages"": [0], ""range_unroll_factors"": [0], ""range_warp_specializes"": [null], ""reduction_loops"": [null]}",ok,11.264000087976456,0.09009861946105957,1
layer_norm,LA_103,4096x2048,heldout,1,heuristics,0,2052065dbe652edb,"{""atomic_indexing"": [], ""block_sizes"": [1], ""indexing"": [""pointer"", ""tensor_descriptor"", ""pointer"", ""pointer"", ""pointer"", ""tensor_descriptor"", ""pointer"", ""pointer"", ""pointer"", ""pointer""], ""load_eviction_policies"": [""last"", """", ""first"", """", """", ""last"", """", """"], ""num_stages"": 2, ""num_warps"": 16, ""pid_type"": ""flat"", ""range_flattens"": [null], ""range_multi_buffers"": [null], ""range_num_stages"": [0], ""range_unroll_factors"": [0], ""range_warp_specializes"": [null], ""reduction_loops"": [4096]}",ok,23.520000278949738,0.08195638656616211,1
layer_norm,LA_103,4096x2048,heldout,1,heuristics,0,186fed3761377dbd,"{""atomic_indexing"": [], ""block_sizes"": [1], ""indexing"": [""tensor_descriptor"", ""pointer"", ""tensor_descriptor"", ""pointer"", ""tensor_descriptor"", ""tensor_descriptor"", ""pointer"", ""pointer"", ""tensor_descriptor"", ""tensor_descriptor""], ""load_eviction_policies"": ["""", """", ""last"", """", ""last"", ""first"", ""last"", ""first""], ""num_stages"": 7, ""num_warps"": 4, ""pid_type"": ""flat"", ""range_flattens"": [null], ""range_multi_buffers"": [null], ""range_num_stages"": [0], ""range_unroll_factors"": [0], ""range_warp_specializes"": [null], ""reduction_loops"": [null]}",ok,11.296000331640244,0.060462236404418945,1
layer_norm,LA_103,4096x2048,heldout,1,heuristics,0,85df12bd2fb6305f,"{""atomic_indexing"": [], ""block_sizes"": [1], ""indexing"": [""tensor_descriptor"", ""pointer"", ""tensor_descriptor"", ""tensor_descriptor"", ""pointer"", ""tensor_descriptor"", ""tensor_descriptor"", ""tensor_descriptor"", ""pointer"", ""tensor_descriptor""], ""load_eviction_policies"": [""first"", ""last"", ""last"", ""last"", ""first"", ""last"", ""first"", ""first""], ""num_stages"": 2, ""num_warps"": 8, ""pid_type"": ""flat"", ""range_flattens"": [null], ""range_multi_buffers"": [null], ""range_num_stages"": [0], ""range_unroll_factors"": [0], ""range_warp_specializes"": [null], ""reduction_loops"": [null]}",ok,13.279999606311321,0.050666093826293945,1
layer_norm,LA_103,4096x2048,heldout,1,heuristics,0,decf2056869ee2b5,"{""atomic_indexing"": [], ""block_sizes"": [1], ""indexing"": [""pointer"", ""tensor_descriptor"", ""pointer"", ""tensor_descriptor"", ""tensor_descriptor"", ""pointer"", ""pointer"", ""pointer"", ""tensor_descriptor"", ""pointer""], ""load_eviction_policies"": ["""", ""last"", ""first"", """", ""last"", ""first"", ""last"", ""last""], ""num_stages"": 2, ""num_warps"": 1, ""pid_type"": ""flat"", ""range_flattens"": [null], ""range_multi_buffers"": [null], ""range_num_stages"": [0], ""range_unroll_factors"": [0], ""range_warp_specializes"": [null], ""reduction_loops"": [1024]}",ok,11.264000087976456,0.0420992374420166,1
layer_norm,LA_103,4096x2048,heldout,1,heuristics,0,4cac37630d96589f,"{""atomic_indexing"": [], ""block_sizes"": [1], ""indexing"": [""pointer"", ""pointer"", ""pointer"", ""pointer"", ""pointer"", ""pointer"", ""pointer"", ""pointer"", ""pointer"", ""pointer"", ""pointer"", ""pointer""], ""load_eviction_policies"": ["""", """", """", """", """", """", """", """"], ""num_stages"": 1, ""num_warps"": 4, ""pid_type"": ""flat"", ""range_flattens"": [null], ""range_multi_buffers"": [null], ""range_num_stages"": [0], ""range_unroll_factors"": [0], ""range_warp_specializes"": [null], ""reduction_loops"": [null]}",ok,11.231999844312668,0.04893755912780762,0
layer_norm,LA_103,4096x2048,heldout,1,heuristics,0,4218c14d26c77e45,"{""atomic_indexing"": [], ""block_sizes"": [4], ""indexing"": [""pointer"", ""pointer"", ""pointer"", ""pointer"", ""pointer"", ""pointer"", ""pointer"", ""pointer"", ""pointer"", ""pointer"", ""pointer"", ""pointer""], ""load_eviction_policies"": ["""", """", """", """", """", """", """", """"], ""num_stages"": 2, ""num_warps"": 8, ""pid_type"": ""flat"", ""range_flattens"": [null], ""range_multi_buffers"": [null], ""range_num_stages"": [0], ""range_unroll_factors"": [0], ""range_warp_specializes"": [null], ""reduction_loops"": [null]}",ok,13.279999606311321,0.21191644668579102,0
layer_norm,LA_103,4096x2048,heldout,1,heuristics,0,11fd9de38f2f1f3a,"{""atomic_indexing"": [], ""block_sizes"": [8], ""indexing"": [""pointer"", ""pointer"", ""pointer"", ""pointer"", ""pointer"", ""pointer"", ""pointer"", ""pointer"", ""pointer"", ""pointer"", ""pointer"", ""pointer""], ""load_eviction_policies"": ["""", """", """", """", """", """", """", """"], ""num_sm_multiplier"": 1, ""num_stages"": 3, ""num_warps"": 8, ""pid_type"": ""persistent_blocked"", ""range_flattens"": [null], ""range_multi_buffers"": [null], ""range_num_stages"": [0], ""range_unroll_factors"": [0], ""range_warp_specializes"": [null], ""reduction_loops"": [null]}",ok,15.456000342965126,0.26169395446777344,0
layer_norm,LA_103,4096x2048,heldout,1,heuristics,0,27ce599c2f9523d6,"{""atomic_indexing"": [], ""block_sizes"": [16], ""indexing"": [""pointer"", ""pointer"", ""pointer"", ""pointer"", ""pointer"", ""pointer"", ""pointer"", ""pointer"", ""pointer"", ""pointer"", ""pointer"", ""pointer""], ""load_eviction_policies"": ["""", """", """", """", """", """", """", """"], ""num_sm_multiplier"": 1, ""num_stages"": 2, ""num_warps"": 16, ""pid_type"": ""persistent_interleaved"", ""range_flattens"": [null], ""range_multi_buffers"": [null], ""range_num_stages"": [0], ""range_unroll_factors"": [0], ""range_warp_specializes"": [null], ""reduction_loops"": [null]}",ok,15.32800029963255,0.2639758586883545,0
layer_norm,LA_103,4096x2048,heldout,1,heuristics,0,fea7ca704daf4935,"{""atomic_indexing"": [], ""block_sizes"": [2], ""indexing"": [""tensor_descriptor"", ""tensor_descriptor"", ""tensor_descriptor"", ""tensor_descriptor"", ""tensor_descriptor"", ""tensor_descriptor"", ""tensor_descriptor"", ""tensor_descriptor"", ""tensor_descriptor"", ""tensor_descriptor"", ""tensor_descriptor"", ""tensor_descriptor""], ""load_eviction_policies"": ["""", """", """", """", """", """", """", """"], ""num_stages"": 2, ""num_warps"": 4, ""pid_type"": ""flat"", ""range_flattens"": [null], ""range_multi_buffers"": [null], ""range_num_stages"": [0], ""range_unroll_factors"": [0], ""range_warp_specializes"": [null], ""reduction_loops"": [null]}",ok,11.231999844312668,0.041510581970214844,0
layer_norm,LA_103,4096x2048,heldout,2,heuristics,0,04b1dd92c370cc99,"{""atomic_indexing"": [], ""block_sizes"": [2], ""indexing"": [""pointer"", ""pointer"", ""pointer"", ""tensor_descriptor"", ""tensor_descriptor"", ""tensor_descriptor"", ""tensor_descriptor"", ""tensor_descriptor"", ""tensor_descriptor"", ""pointer""], ""load_eviction_policies"": [""last"", """", ""last"", ""last"", ""first"", ""first"", """", ""last""], ""num_stages"": 1, ""num_warps"": 4, ""pid_type"": ""flat"", ""range_flattens"": [null], ""range_multi_buffers"": [null], ""range_num_stages"": [0], ""range_unroll_factors"": [0], ""range_warp_specializes"": [null], ""reduction_loops"": [null]}",ok,11.231999844312668,0.13878893852233887,1
layer_norm,LA_103,4096x2048,heldout,2,heuristics,0,869c54e4b955a8c6,"{""atomic_indexing"": [], ""block_sizes"": [1], ""indexing"": [""tensor_descriptor"", ""pointer"", ""pointer"", ""tensor_descriptor"", ""pointer"", ""tensor_descriptor"", ""pointer"", ""pointer"", ""tensor_descriptor"", ""tensor_descriptor""], ""load_eviction_policies"": [""last"", """", ""first"", """", """", ""last"", """", ""last""], ""num_stages"": 4, ""num_warps"": 8, ""pid_type"": ""flat"", ""range_flattens"": [null], ""range_multi_buffers"": [null], ""range_num_stages"": [0], ""range_unroll_factors"": [0], ""range_warp_specializes"": [null], ""reduction_loops"": [2048]}",ok,15.32800029963255,0.12296891212463379,1
layer_norm,LA_103,4096x2048,heldout,2,heuristics,0,43acbd1ca50d4ca3,"{""atomic_indexing"": [], ""block_sizes"": [1], ""indexing"": [""pointer"", ""tensor_descriptor"", ""pointer"", ""pointer"", ""pointer"", ""pointer"", ""tensor_descriptor"", ""pointer"", ""tensor_descriptor"", ""tensor_descriptor""], ""load_eviction_policies"": [""first"", """", """", ""first"", """", ""last"", ""first"", """"], ""num_stages"": 4, ""num_warps"": 8, ""pid_type"": ""flat"", ""range_flattens"": [null], ""range_multi_buffers"": [null], ""range_num_stages"": [0], ""range_unroll_factors"": [0], ""range_warp_specializes"": [null], ""reduction_loops"": [null]}",ok,13.279999606311321,0.1080622673034668,1
layer_norm,LA_103,4096x2048,heldout,2,heuristics,0,0531906226c3040e,"{""block_sizes"": [1], ""indexing"": [""pointer"", ""pointer"", ""pointer"", ""pointer"", ""pointer"", ""pointer"", ""tensor_descriptor"", ""pointer"", ""pointer"", ""tensor_descriptor""], ""load_eviction_policies"": [""last"", """", ""first"", """", """", """", """", ""last""], ""num_stages"": 5, ""num_warps"": 16, ""pid_type"": ""flat"", ""range_flattens"": [null], ""range_multi_buffers"": [null], ""range_num_stages"": [0], ""range_unroll_factors"": [0], ""range_warp_specializes"": [null], ""reduction_loops"": [4096]}",ok,23.520000278949738,0.10007047653198242,1
layer_norm,LA_103,4096x2048,heldout,2,heuristics,0,178e7391546ae2da,"{""atomic_indexing"": [], ""block_sizes"": [1], ""indexing"": [""pointer"", ""pointer"", ""tensor_descriptor"", ""pointer"", ""tensor_descriptor"", ""pointer"", ""tensor_descriptor"", ""pointer"", ""pointer"", ""pointer""], ""load_eviction_policies"": [""first"", """", ""last"", """", ""last"", ""last"", ""last"", """"], ""num_stages"": 7, ""num_warps"": 4, ""pid_type"": ""flat"", ""range_flattens"": [null], ""range_multi_buffers"": [null], ""range_num_stages"": [0], ""range_unroll_factors"": [0], ""range_warp_specializes"": [null], ""reduction_loops"": [null]}",ok,11.296000331640244,0.0909111499786377,1
layer_norm,LA_103,4096x2048,heldout,2,heuristics,0,2052065dbe652edb,"{""atomic_indexing"": [], ""block_sizes"": [1], ""indexing"": [""pointer"", ""tensor_descriptor"", ""pointer"", ""pointer"", ""pointer"", ""tensor_descriptor"", ""pointer"", ""pointer"", ""pointer"", ""pointer""], ""load_eviction_policies"": [""last"", """", ""first"", """", """", ""last"", """", """"], ""num_stages"": 2, ""num_warps"": 16, ""pid_type"": ""flat"", ""range_flattens"": [null], ""range_multi_buffers"": [null], ""range_num_stages"": [0], ""range_unroll_factors"": [0], ""range_warp_specializes"": [null], ""reduction_loops"": [4096]}",ok,23.520000278949738,0.07136869430541992,1
layer_norm,LA_103,4096x2048,heldout,2,heuristics,0,186fed3761377dbd,"{""atomic_indexing"": [], ""block_sizes"": [1], ""indexing"": [""tensor_descriptor"", ""pointer"", ""tensor_descriptor"", ""pointer"", ""tensor_descriptor"", ""tensor_descriptor"", ""pointer"", ""pointer"", ""tensor_descriptor"", ""tensor_descriptor""], ""load_eviction_policies"": ["""", """", ""last"", """", ""last"", ""first"", ""last"", ""first""], ""num_stages"": 7, ""num_warps"": 4, ""pid_type"": ""flat"", ""range_flattens"": [null], ""range_multi_buffers"": [null], ""range_num_stages"": [0], ""range_unroll_factors"": [0], ""range_warp_specializes"": [null], ""reduction_loops"": [null]}",ok,11.359999887645245,0.06345748901367188,1
layer_norm,LA_103,4096x2048,heldout,2,heuristics,0,85df12bd2fb6305f,"{""atomic_indexing"": [], ""block_sizes"": [1], ""indexing"": [""tensor_descriptor"", ""pointer"", ""tensor_descriptor"", ""tensor_descriptor"", ""pointer"", ""tensor_descriptor"", ""tensor_descriptor"", ""tensor_descriptor"", ""pointer"", ""tensor_descriptor""], ""load_eviction_policies"": [""first"", ""last"", ""last"", ""last"", ""first"", ""last"", ""first"", ""first""], ""num_stages"": 2, ""num_warps"": 8, ""pid_type"": ""flat"", ""range_flattens"": [null], ""range_multi_buffers"": [null], ""range_num_stages"": [0], ""range_unroll_factors"": [0], ""range_warp_specializes"": [null], ""reduction_loops"": [null]}",ok,13.279999606311321,0.051702260971069336,1
layer_norm,LA_103,4096x2048,heldout,2,heuristics,0,decf2056869ee2b5,"{""atomic_indexing"": [], ""block_sizes"": [1], ""indexing"": [""pointer"", ""tensor_descriptor"", ""pointer"", ""tensor_descriptor"", ""tensor_descriptor"", ""pointer"", ""pointer"", ""pointer"", ""tensor_descriptor"", ""pointer""], ""load_eviction_policies"": ["""", ""last"", ""first"", """", ""last"", ""first"", ""last"", ""last""], ""num_stages"": 2, ""num_warps"": 1, ""pid_type"": ""flat"", ""range_flattens"": [null], ""range_multi_buffers"": [null], ""range_num_stages"": [0], ""range_unroll_factors"": [0], ""range_warp_specializes"": [null], ""reduction_loops"": [1024]}",ok,11.231999844312668,0.038010597229003906,1
layer_norm,LA_103,4096x2048,heldout,2,heuristics,0,4cac37630d96589f,"{""atomic_indexing"": [], ""block_sizes"": [1], ""indexing"": [""pointer"", ""pointer"", ""pointer"", ""pointer"", ""pointer"", ""pointer"", ""pointer"", ""pointer"", ""pointer"", ""pointer"", ""pointer"", ""pointer""], ""load_eviction_policies"": ["""", """", """", """", """", """", """", """"], ""num_stages"": 1, ""num_warps"": 4, ""pid_type"": ""flat"", ""range_flattens"": [null], ""range_multi_buffers"": [null], ""range_num_stages"": [0], ""range_unroll_factors"": [0], ""range_warp_specializes"": [null], ""reduction_loops"": [null]}",ok,11.296000331640244,0.04855680465698242,0
layer_norm,LA_103,4096x2048,heldout,2,heuristics,0,76a5f3962199cd5f,"{""atomic_indexing"": [], ""block_sizes"": [4], ""indexing"": [""pointer"", ""pointer"", ""pointer"", ""pointer"", ""pointer"", ""pointer"", ""pointer"", ""pointer"", ""pointer"", ""pointer"", ""pointer"", ""pointer""], ""load_eviction_policies"": ["""", """", """", """", """", """", """", """"], ""num_stages"": 2, ""num_warps"": 4, ""pid_type"": ""flat"", ""range_flattens"": [null], ""range_multi_buffers"": [null], ""range_num_stages"": [0], ""range_unroll_factors"": [0], ""range_warp_specializes"": [null], ""reduction_loops"": [null]}",ok,13.279999606311321,0.061334848403930664,0
layer_norm,LA_103,4096x2048,heldout,2,heuristics,0,4cb25375b2bdf253,"{""atomic_indexing"": [], ""block_sizes"": [8], ""indexing"": [""pointer"", ""pointer"", ""pointer"", ""pointer"", ""pointer"", ""pointer"", ""pointer"", ""pointer"", ""pointer"", ""pointer"", ""pointer"", ""pointer""], ""load_eviction_policies"": ["""", """", """", """", """", """", """", """"], ""num_stages"": 3, ""num_warps"": 8, ""pid_type"": ""flat"", ""range_flattens"": [null], ""range_multi_buffers"": [null], ""range_num_stages"": [0], ""range_unroll_factors"": [0], ""range_warp_specializes"": [null], ""reduction_loops"": [null]}",ok,13.407999649643898,0.042000770568847656,0
layer_norm,LA_103,4096x2048,heldout,2,heuristics,0,5ef1e2e6eda2981a,"{""atomic_indexing"": [], ""block_sizes"": [16], ""indexing"": [""pointer"", ""pointer"", ""pointer"", ""pointer"", ""pointer"", ""pointer"", ""pointer"", ""pointer"", ""pointer"", ""pointer"", ""pointer"", ""pointer""], ""load_eviction_policies"": ["""", """", """", """", """", """", """", """"], ""num_sm_multiplier"": 1, ""num_stages"": 2, ""num_warps"": 8, ""pid_type"": ""persistent_blocked"", ""range_flattens"": [null], ""range_multi_buffers"": [null], ""range_num_stages"": [0], ""range_unroll_factors"": [0], ""range_warp_specializes"": [null], ""reduction_loops"": [null]}",ok,15.32800029963255,0.02373814582824707,0
layer_norm,LA_103,4096x2048,heldout,2,heuristics,0,fea7ca704daf4935,"{""atomic_indexing"": [], ""block_sizes"": [2], ""indexing"": [""tensor_descriptor"", ""tensor_descriptor"", ""tensor_descriptor"", ""tensor_descriptor"", ""tensor_descriptor"", ""tensor_descriptor"", ""tensor_descriptor"", ""tensor_descriptor"", ""tensor_descriptor"", ""tensor_descriptor"", ""tensor_descriptor"", ""tensor_descriptor""], ""load_eviction_policies"": ["""", """", """", """", """", """", """", """"], ""num_stages"": 2, ""num_warps"": 4, ""pid_type"": ""flat"", ""range_flattens"": [null], ""range_multi_buffers"": [null], ""range_num_stages"": [0], ""range_unroll_factors"": [0], ""range_warp_specializes"": [null], ""reduction_loops"": [null]}",ok,11.231999844312668,0.024658203125,0
layer_norm,LA_103,4096x2048,heldout,2,heuristics,0,7aad457d6cd07eb5,"{""atomic_indexing"": [], ""block_sizes"": [32], ""indexing"": [""pointer"", ""pointer"", ""pointer"", ""pointer"", ""pointer"", ""pointer"", ""pointer"", ""pointer"", ""pointer"", ""pointer"", ""pointer"", ""pointer""], ""load_eviction_policies"": ["""", """", """", """", """", """", """", """"], ""num_sm_multiplier"": 1, ""num_stages"": 3, ""num_warps"": 16, ""pid_type"": ""persistent_interleaved"", ""range_flattens"": [null], ""range_multi_buffers"": [null], ""range_num_stages"": [0], ""range_unroll_factors"": [0], ""range_warp_specializes"": [null], ""reduction_loops"": [null]}",ok,19.45599913597107,0.35082387924194336,0
layer_norm,LA_104,4096x4096,heldout,0,heuristics,0,43acbd1ca50d4ca3,"{""atomic_indexing"": [], ""block_sizes"": [1], ""indexing"": [""pointer"", ""tensor_descriptor"", ""pointer"", ""pointer"", ""pointer"", ""pointer"", ""tensor_descriptor"", ""pointer"", ""tensor_descriptor"", ""tensor_descriptor""], ""load_eviction_policies"": [""first"", """", """", ""first"", """", ""last"", ""first"", """"], ""num_stages"": 4, ""num_warps"": 8, ""pid_type"": ""flat"", ""range_flattens"": [null], ""range_multi_buffers"": [null], ""range_num_stages"": [0], ""range_unroll_factors"": [0], ""range_warp_specializes"": [null], ""reduction_loops"": [null]}",ok,19.42400075495243,0.09523701667785645,1
layer_norm,LA_104,4096x4096,heldout,0,heuristics,0,869c54e4b955a8c6,"{""atomic_indexing"": [], ""block_sizes"": [1], ""indexing"": [""tensor_descriptor"", ""pointer"", ""pointer"", ""tensor_descriptor"", ""pointer"", ""tensor_descriptor"", ""pointer"", ""pointer"", ""tensor_descriptor"", ""tensor_descriptor""], ""load_eviction_policies"": [""last"", """", ""first"", """", """", ""last"", """", ""last""], ""num_stages"": 4, ""num_warps"": 8, ""pid_type"": ""flat"", ""range_flattens"": [null], ""range_multi_buffers"": [null], ""range_num_stages"": [0], ""range_unroll_factors"": [0], ""range_warp_specializes"": [null], ""reduction_loops"": [2048]}",ok,21.47199958562851,0.08400607109069824,1
layer_norm,LA_104,4096x4096,heldout,0,heuristics,0,0531906226c3040e,"{""block_sizes"": [1], ""indexing"": [""pointer"", ""pointer"", ""pointer"", ""pointer"", ""pointer"", ""pointer"", ""tensor_descriptor"", ""pointer"", ""pointer"", ""tensor_descriptor""], ""load_eviction_policies"": [""last"", """", ""first"", """", """", """", """", ""last""], ""num_stages"": 5, ""num_warps"": 16, ""pid_type"": ""flat"", ""range_flattens"": [null], ""range_multi_buffers"": [null], ""range_num_stages"": [0], ""range_unroll_factors"": [0], ""range_warp_specializes"": [null], ""reduction_loops"": [4096]}",ok,27.615999802947044,0.07336902618408203,1
layer_norm,LA_104,4096x4096,heldout,0,heuristics,0,04b1dd92c370cc99,"{""atomic_indexing"": [], ""block_sizes"": [2], ""indexing"": [""pointer"", ""pointer"", ""pointer"", ""tensor_descriptor"", ""tensor_descriptor"", ""tensor_descriptor"", ""tensor_descriptor"", ""tensor_descriptor"", ""tensor_descriptor"", ""pointer""], ""load_eviction_policies"": [""last"", """", ""last"", ""last"", ""first"", ""first"", """", ""last""], ""num_stages"": 1, ""num_warps"": 4, ""pid_type"": ""flat"", ""range_flattens"": [null], ""range_multi_buffers"": [null], ""range_num_stages"": [0], ""range_unroll_factors"": [0], ""range_warp_specializes"": [null], ""reduction_loops"": [null]}",ok,19.45599913597107,0.06552457809448242,1
layer_norm,LA_104,4096x4096,heldout,0,heuristics,0,178e7391546ae2da,"{""atomic_indexing"": [], ""block_sizes"": [1], ""indexing"": [""pointer"", ""pointer"", ""tensor_descriptor"", ""pointer"", ""tensor_descriptor"", ""pointer"", ""tensor_descriptor"", ""pointer"", ""pointer"", ""pointer""], ""load_eviction_policies"": [""first"", """", ""last"", """", ""last"", ""last"", ""last"", """"], ""num_stages"": 7, ""num_warps"": 4, ""pid_type"": ""flat"", ""range_flattens"": [null], ""range_multi_buffers"": [null], ""range_num_stages"": [0], ""range_unroll_factors"": [0], ""range_warp_specializes"": [null], ""reduction_loops"": [null]}",ok,17.472000792622566,0.04493570327758789,1
layer_norm,LA_104,4096x4096,heldout,0,heuristics,0,2052065dbe652edb,"{""atomic_indexing"": [], ""block_sizes"": [1], ""indexing"": [""pointer"", ""tensor_descriptor"", ""pointer"", ""pointer"", ""pointer"", ""tensor_descriptor"", ""pointer"", ""pointer"", ""pointer"", ""pointer""], ""load_eviction_policies"": [""last"", """", ""first"", """", """", ""last"", """", """"], ""num_stages"": 2, ""num_warps"": 16, ""pid_type"": ""flat"", ""range_flattens"": [null], ""range_multi_buffers"": [null], ""range_num_stages"": [0], ""range_unroll_factors"": [0], ""range_warp_specializes"": [null], ""reduction_loops"": [4096]}",ok,27.615999802947044,0.03699064254760742,1
layer_norm,LA_104,4096x4096,heldout,0,heuristics,0,186fed3761377dbd,"{""atomic_indexing"": [], ""block_sizes"": [1], ""indexing"": [""tensor_descriptor"", ""pointer"", ""tensor_descriptor"", ""pointer"", ""tensor_descriptor"", ""tensor_descriptor"", ""pointer"", ""pointer"", ""tensor_descriptor"", ""tensor_descriptor""], ""load_eviction_policies"": ["""", """", ""last"", """", ""last"", ""first"", ""last"", ""first""], ""num_stages"": 7, ""num_warps"": 4, ""pid_type"": ""flat"", ""range_flattens"": [null], ""range_multi_buffers"": [null], ""range_num_stages"": [0], ""range_unroll_factors"": [0], ""range_warp_specializes"": [null], ""reduction_loops"": [null]}",ok,19.42400075495243,0.029095888137817383,1
layer_norm,LA_104,4096x4096,heldout,0,heuristics,0,85df12bd2fb6305f,"{""atomic_indexing"": [], ""block_sizes"": [1], ""indexing"": [""tensor_descriptor"", ""pointer"", ""tensor_descriptor"", ""tensor_descriptor"", ""pointer"", ""tensor_descriptor"", ""tensor_descriptor"", ""tensor_descriptor"", ""pointer"", ""tensor_descriptor""], ""load_eviction_policies"": [""first"", ""last"", ""last"", ""last"", ""first"", ""last"", ""first"", ""first""], ""num_stages"": 2, ""num_warps"": 8, ""pid_type"": ""flat"", ""range_flattens"": [null], ""range_multi_buffers"": [null], ""range_num_stages"": [0], ""range_unroll_factors"": [0], ""range_warp_specializes"": [null], ""reduction_loops"": [null]}",ok,19.42400075495243,0.025070667266845703,1
layer_norm,LA_104,4096x4096,heldout,0,heuristics,0,decf2056869ee2b5,"{""atomic_indexing"": [], ""block_sizes"": [1], ""indexing"": [""pointer"", ""tensor_descriptor"", ""pointer"", ""tensor_descriptor"", ""tensor_descriptor"", ""pointer"", ""pointer"", ""pointer"", ""tensor_descriptor"", ""pointer""], ""load_eviction_policies"": ["""", ""last"", ""first"", """", ""last"", ""first"", ""last"", ""last""], ""num_stages"": 2, ""num_warps"": 1, ""pid_type"": ""flat"", ""range_flattens"": [null], ""range_multi_buffers"": [null], ""range_num_stages"": [0], ""range_unroll_factors"": [0], ""range_warp_specializes"": [null], ""reduction_loops"": [1024]}",ok,19.42400075495243,0.025612592697143555,1
layer_norm,LA_104,4096x4096,heldout,0,heuristics,0,4cac37630d96589f,"{""atomic_indexing"": [], ""block_sizes"": [1], ""indexing"": [""pointer"", ""pointer"", ""pointer"", ""pointer"", ""pointer"", ""pointer"", ""pointer"", ""pointer"", ""pointer"", ""pointer"", ""pointer"", ""pointer""], ""load_eviction_policies"": ["""", """", """", """", """", """", """", """"], ""num_stages"": 1, ""num_warps"": 4, ""pid_type"": ""flat"", ""range_flattens"": [null], ""range_multi_buffers"": [null], ""range_num_stages"": [0], ""range_unroll_factors"": [0], ""range_warp_specializes"": [null], ""reduction_loops"": [null]}",ok,17.472000792622566,0.022525548934936523,0
layer_norm,LA_104,4096x4096,heldout,0,heuristics,0,e124db399eec86eb,"{""atomic_indexing"": [], ""block_sizes"": [8], ""indexing"": [""pointer"", ""pointer"", ""pointer"", ""pointer"", ""pointer"", ""pointer"", ""pointer"", ""pointer"", ""pointer"", ""pointer"", ""pointer"", ""pointer""], ""load_eviction_policies"": ["""", """", """", """", """", """", """", """"], ""num_stages"": 2, ""num_warps"": 8, ""pid_type"": ""flat"", ""range_flattens"": [null], ""range_multi_buffers"": [null], ""range_num_stages"": [0], ""range_unroll_factors"": [0], ""range_warp_specializes"": [null], ""reduction_loops"": [null]}",ok,21.47199958562851,0.05762314796447754,0
layer_norm,LA_104,4096x4096,heldout,0,heuristics,0,afb9e7c4832b5792,"{""atomic_indexing"": [], ""block_sizes"": [16], ""indexing"": [""pointer"", ""pointer"", ""pointer"", ""pointer"", ""pointer"", ""pointer"", ""pointer"", ""pointer"", ""pointer"", ""pointer"", ""pointer"", ""pointer""], ""load_eviction_policies"": ["""", """", """", """", """", """", """", """"], ""num_stages"": 3, ""num_warps"": 8, ""pid_type"": ""flat"", ""range_flattens"": [null], ""range_multi_buffers"": [null], ""range_num_stages"": [0], ""range_unroll_factors"": [0], ""range_warp_specializes"": [null], ""reduction_loops"": [null]}",ok,23.552000522613525,0.04642128944396973,0
layer_norm,LA_104,4096x4096,heldout,0,heuristics,0,2f55ad23c11be5b0,"{""atomic_indexing"": [], ""block_sizes"": [4], ""indexing"": [""pointer"", ""pointer"", ""pointer"", ""pointer"", ""pointer"", ""pointer"", ""pointer"", ""pointer"", ""pointer"", ""pointer"", ""pointer"", ""pointer""], ""load_eviction_policies"": ["""", """", """", """", """", """", """", """"], ""num_sm_multiplier"": 1, ""num_stages"": 2, ""num_warps"": 4, ""pid_type"": ""persistent_blocked"", ""range_flattens"": [null], ""range_multi_buffers"": [null], ""range_num_stages"": [0], ""range_unroll_factors"": [0], ""range_warp_specializes"": [null], ""reduction_loops"": [null]}",ok,25.599999353289604,0.03660249710083008,0
layer_norm,LA_104,4096x4096,heldout,0,heuristics,0,b8536e264609b0e2,"{""atomic_indexing"": [], ""block_sizes"": [32], ""indexing"": [""pointer"", ""pointer"", ""pointer"", ""pointer"", ""pointer"", ""pointer"", ""pointer"", ""pointer"", ""pointer"", ""pointer"", ""pointer"", ""pointer""], ""load_eviction_policies"": ["""", """", """", """", """", """", """", """"], ""num_sm_multiplier"": 1, ""num_stages"": 2, ""num_warps"": 16, ""pid_type"": ""persistent_interleaved"", ""range_flattens"": [null], ""range_multi_buffers"": [null], ""range_num_stages"": [0], ""range_unroll_factors"": [0], ""range_warp_specializes"": [null], ""reduction_loops"": [null]}",ok,197.64799624681473,0.028761625289916992,0
layer_norm,LA_104,4096x4096,heldout,0,heuristics,0,a4c6bcde3478c76b,"{""atomic_indexing"": [], ""block_sizes"": [2], ""indexing"": [""pointer"", ""pointer"", ""pointer"", ""pointer"", ""pointer"", ""pointer"", ""pointer"", ""pointer"", ""pointer"", ""pointer"", ""pointer"", ""pointer""], ""load_eviction_policies"": ["""", """", """", """", """", """", """", """"], ""num_stages"": 1, ""num_warps"": 4, ""pid_type"": ""flat"", ""range_flattens"": [null], ""range_multi_buffers"": [null], ""range_num_stages"": [0], ""range_unroll_factors"": [0], ""range_warp_specializes"": [null], ""reduction_loops"": [null]}",ok,17.40800030529499,0.05231738090515137,0
layer_norm,LA_104,4096x4096,heldout,1,heuristics,0,43acbd1ca50d4ca3,"{""atomic_indexing"": [], ""block_sizes"": [1], ""indexing"": [""pointer"", ""tensor_descriptor"", ""pointer"", ""pointer"", ""pointer"", ""pointer"", ""tensor_descriptor"", ""pointer"", ""tensor_descriptor"", ""tensor_descriptor""], ""load_eviction_policies"": [""first"", """", """", ""first"", """", ""last"", ""first"", """"], ""num_stages"": 4, ""num_warps"": 8, ""pid_type"": ""flat"", ""range_flattens"": [null], ""range_multi_buffers"": [null], ""range_num_stages"": [0], ""range_unroll_factors"": [0], ""range_warp_specializes"": [null], ""reduction_loops"": [null]}",ok,19.42400075495243,0.133561372756958,1
layer_norm,LA_104,4096x4096,heldout,1,heuristics,0,869c54e4b955a8c6,"{""atomic_indexing"": [], ""block_sizes"": [1], ""indexing"": [""tensor_descriptor"", ""pointer"", ""pointer"", ""tensor_descriptor"", ""pointer"", ""tensor_descriptor"", ""pointer"", ""pointer"", ""tensor_descriptor"", ""tensor_descriptor""], ""load_eviction_policies"": [""last"", """", ""first"", """", """", ""last"", """", ""last""], ""num_stages"": 4, ""num_warps"": 8, ""pid_type"": ""flat"", ""range_flattens"": [null], ""range_multi_buffers"": [null], ""range_num_stages"": [0], ""range_unroll_factors"": [0], ""range_warp_specializes"": [null], ""reduction_loops"": [2048]}",ok,21.47199958562851,0.11173677444458008,1
layer_norm,LA_104,4096x4096,heldout,1,heuristics,0,0531906226c3040e,"{""block_sizes"": [1], ""indexing"": [""pointer"", ""pointer"", ""pointer"", ""pointer"", ""pointer"", ""pointer"", ""tensor_descriptor"", ""pointer"", ""pointer"", ""tensor_descriptor""], ""load_eviction_policies"": [""last"", """", ""first"", """", """", """", """", ""last""], ""num_stages"": 5, ""num_warps"": 16, ""pid_type"": ""flat"", ""range_flattens"": [null], ""range_multi_buffers"": [null], ""range_num_stages"": [0], ""range_unroll_factors"": [0], ""range_warp_specializes"": [null], ""reduction_loops"": [4096]}",ok,27.583999559283257,0.09365987777709961,1
layer_norm,LA_104,4096x4096,heldout,1,heuristics,0,04b1dd92c370cc99,"{""atomic_indexing"": [], ""block_sizes"": [2], ""indexing"": [""pointer"", ""pointer"", ""pointer"", ""tensor_descriptor"", ""tensor_descriptor"", ""tensor_descriptor"", ""tensor_descriptor"", ""tensor_descriptor"", ""tensor_descriptor"", ""pointer""], ""load_eviction_policies"": [""last"", """", ""last"", ""last"", ""first"", ""first"", """", ""last""], ""num_stages"": 1, ""num_warps"": 4, ""pid_type"": ""flat"", ""range_flattens"": [null], ""range_multi_buffers"": [null], ""range_num_stages"": [0], ""range_unroll_factors"": [0], ""range_warp_specializes"": [null], ""reduction_loops"": [null]}",ok,19.42400075495243,0.0853114128112793,1
layer_norm,LA_104,4096x4096,heldout,1,heuristics,0,178e7391546ae2da,"{""atomic_indexing"": [], ""block_sizes"": [1], ""indexing"": [""pointer"", ""pointer"", ""tensor_descriptor"", ""pointer"", ""tensor_descriptor"", ""pointer"", ""tensor_descriptor"", ""pointer"", ""pointer"", ""pointer""], ""load_eviction_policies"": [""first"", """", ""last"", """", ""last"", ""last"", ""last"", """"], ""num_stages"": 7, ""num_warps"": 4, ""pid_type"": ""flat"", ""range_flattens"": [null], ""range_multi_buffers"": [null], ""range_num_stages"": [0], ""range_unroll_factors"": [0], ""range_warp_specializes"": [null], ""reduction_loops"": [null]}",ok,19.42400075495243,0.07658720016479492,1
layer_norm,LA_104,4096x4096,heldout,1,heuristics,0,2052065dbe652edb,"{""atomic_indexing"": [], ""block_sizes"": [1], ""indexing"": [""pointer"", ""tensor_descriptor"", ""pointer"", ""pointer"", ""pointer"", ""tensor_descriptor"", ""pointer"", ""pointer"", ""pointer"", ""pointer""], ""load_eviction_policies"": [""last"", """", ""first"", """", """", ""last"", """", """"], ""num_stages"": 2, ""num_warps"": 16, ""pid_type"": ""flat"", ""range_flattens"": [null], ""range_multi_buffers"": [null], ""range_num_stages"": [0], ""range_unroll_factors"": [0], ""range_warp_specializes"": [null], ""reduction_loops"": [4096]}",ok,27.583999559283257,0.06582951545715332,1
layer_norm,LA_104,4096x4096,heldout,1,heuristics,0,186fed3761377dbd,"{""atomic_indexing"": [], ""block_sizes"": [1], ""indexing"": [""tensor_descriptor"", ""pointer"", ""tensor_descriptor"", ""pointer"", ""tensor_descriptor"", ""tensor_descriptor"", ""pointer"", ""pointer"", ""tensor_descriptor"", ""tensor_descriptor""], ""load_eviction_policies"": ["""", """", ""last"", """", ""last"", ""first"", ""last"", ""first""], ""num_stages"": 7, ""num_warps"": 4, ""pid_type"": ""flat"", ""range_flattens"": [null], ""range_multi_buffers"": [null], ""range_num_stages"": [0], ""range_unroll_factors"": [0], ""range_warp_specializes"": [null], ""reduction_loops"": [null]}",ok,19.328000023961067,0.04841160774230957,1
layer_norm,LA_104,4096x4096,heldout,1,heuristics,0,85df12bd2fb6305f,"{""atomic_indexing"": [], ""block_sizes"": [1], ""indexing"": [""tensor_descriptor"", ""pointer"", ""tensor_descriptor"", ""tensor_descriptor"", ""pointer"", ""tensor_descriptor"", ""tensor_descriptor"", ""tensor_descriptor"", ""pointer"", ""tensor_descriptor""], ""load_eviction_policies"": [""first"", ""last"", ""last"", ""last"", ""first"", ""last"", ""first"", ""first""], ""num_stages"": 2, ""num_warps"": 8, ""pid_type"": ""flat"", ""range_flattens"": [null], ""range_multi_buffers"": [null], ""range_num_stages"": [0], ""range_unroll_factors"": [0], ""range_warp_specializes"": [null], ""reduction_loops"": [null]}",ok,19.42400075495243,0.04038071632385254,1
layer_norm,LA_104,4096x4096,heldout,1,heuristics,0,decf2056869ee2b5,"{""atomic_indexing"": [], ""block_sizes"": [1], ""indexing"": [""pointer"", ""tensor_descriptor"", ""pointer"", ""tensor_descriptor"", ""tensor_descriptor"", ""pointer"", ""pointer"", ""pointer"", ""tensor_descriptor"", ""pointer""], ""load_eviction_policies"": ["""", ""last"", ""first"", """", ""last"", ""first"", ""last"", ""last""], ""num_stages"": 2, ""num_warps"": 1, ""pid_type"": ""flat"", ""range_flattens"": [null], ""range_multi_buffers"": [null], ""range_num_stages"": [0], ""range_unroll_factors"": [0], ""range_warp_specializes"": [null], ""reduction_loops"": [1024]}",ok,19.42400075495243,0.03190207481384277,1
layer_norm,LA_104,4096x4096,heldout,1,heuristics,0,4cac37630d96589f,"{""atomic_indexing"": [], ""block_sizes"": [1], ""indexing"": [""pointer"", ""pointer"", ""pointer"", ""pointer"", ""pointer"", ""pointer"", ""pointer"", ""pointer"", ""pointer"", ""pointer"", ""pointer"", ""pointer""], ""load_eviction_policies"": ["""", """", """", """", """", """", """", """"], ""num_stages"": 1, ""num_warps"": 4, ""pid_type"": ""flat"", ""range_flattens"": [null], ""range_multi_buffers"": [null], ""range_num_stages"": [0], ""range_unroll_factors"": [0], ""range_warp_specializes"": [null], ""reduction_loops"": [null]}",ok,17.56799966096878,0.04860520362854004,0
layer_norm,LA_104,4096x4096,heldout,1,heuristics,0,4cb25375b2bdf253,"{""atomic_indexing"": [], ""block_sizes"": [8], ""indexing"": [""pointer"", ""pointer"", ""pointer"", ""pointer"", ""pointer"", ""pointer"", ""pointer"", ""pointer"", ""pointer"", ""pointer"", ""pointer"", ""pointer""], ""load_eviction_policies"": ["""", """", """", """", """", """", """", """"], ""num_stages"": 3, ""num_warps"": 8, ""pid_type"": ""flat"", ""range_flattens"": [null], ""range_multi_buffers"": [null], ""range_num_stages"": [0], ""range_unroll_factors"": [0], ""range_warp_specializes"": [null], ""reduction_loops"": [null]}",ok,23.520000278949738,0.10213494300842285,0
layer_norm,LA_104,4096x4096,heldout,1,heuristics,0,76a5f3962199cd5f,"{""atomic_indexing"": [], ""block_sizes"": [4], ""indexing"": [""pointer"", ""pointer"", ""pointer"", ""pointer"", ""pointer"", ""pointer"", ""pointer"", ""pointer"", ""pointer"", ""pointer"", ""pointer"", ""pointer""], ""load_eviction_policies"": ["""", """", """", """", """", """", """", """"], ""num_stages"": 2, ""num_warps"": 4, ""pid_type"": ""flat"", ""range_flattens"": [null], ""range_multi_buffers"": [null], ""range_num_stages"": [0], ""range_unroll_factors"": [0], ""range_warp_specializes"": [null], ""reduction_loops"": [null]}",ok,21.47199958562851,0.08264851570129395,0
layer_norm,LA_104,4096x4096,heldout,1,heuristics,0,bacf879de8cefd12,"{""atomic_indexing"": [], ""block_sizes"": [16], ""indexing"": [""pointer"", ""pointer"", ""pointer"", ""pointer"", ""pointer"", ""pointer"", ""pointer"", ""pointer"", ""pointer"", ""pointer"", ""pointer"", ""pointer""], ""load_eviction_policies"": ["""", """", """", """", """", """", """", """"], ""num_sm_multiplier"": 1, ""num_stages"": 2, ""num_warps"": 16, ""pid_type"": ""persistent_blocked"", ""range_flattens"": [null], ""range_multi_buffers"": [null], ""range_num_stages"": [0], ""range_unroll_factors"": [0], ""range_warp_specializes"": [null], ""reduction_loops"": [null]}",ok,29.69600073993206,0.06305599212646484,0
layer_norm,LA_104,4096x4096,heldout,1,heuristics,0,db53f1fc8d3f8067,"{""atomic_indexing"": [], ""block_sizes"": [2], ""indexing"": [""tensor_descriptor"", ""tensor_descriptor"", ""tensor_descriptor"", ""tensor_descriptor"", ""tensor_descriptor"", ""tensor_descriptor"", ""tensor_descriptor"", ""tensor_descriptor"", ""tensor_descriptor"", ""tensor_descriptor"", ""tensor_descriptor"", ""tensor_descriptor""], ""load_eviction_policies"": ["""", """", """", """", """", """", """", """"], ""num_stages"": 4, ""num_warps"": 8, ""pid_type"": ""flat"", ""range_flattens"": [null], ""range_multi_buffers"": [null], ""range_num_stages"": [0], ""range_unroll_factors"": [0], ""range_warp_specializes"": [null], ""reduction_loops"": [null]}",ok,19.42400075495243,0.051064252853393555,0
layer_norm,LA_104,4096x4096,heldout,1,heuristics,0,be80563d2bf9f431,"{""atomic_indexing"": [], ""block_sizes"": [32], ""indexing"": [""pointer"", ""pointer"", ""pointer"", ""pointer"", ""pointer"", ""pointer"", ""pointer"", ""pointer"", ""pointer"", ""pointer"", ""pointer"", ""pointer""], ""load_eviction_policies"": ["""", """", """", """", """", """", """", """"], ""num_sm_multiplier"": 2, ""num_stages"": 3, ""num_warps"": 16, ""pid_type"": ""persistent_interleaved"", ""range_flattens"": [null], ""range_multi_buffers"": [null], ""range_num_stages"": [0], ""range_unroll_factors"": [0], ""range_warp_specializes"": [null], ""reduction_loops"": [null]}",ok,211.96800470352173,0.6703000068664551,0
layer_norm,LA_104,4096x4096,heldout,2,heuristics,0,43acbd1ca50d4ca3,"{""atomic_indexing"": [], ""block_sizes"": [1], ""indexing"": [""pointer"", ""tensor_descriptor"", ""pointer"", ""pointer"", ""pointer"", ""pointer"", ""tensor_descriptor"", ""pointer"", ""tensor_descriptor"", ""tensor_descriptor""], ""load_eviction_policies"": [""first"", """", """", ""first"", """", ""last"", ""first"", """"], ""num_stages"": 4, ""num_warps"": 8, ""pid_type"": ""flat"", ""range_flattens"": [null], ""range_multi_buffers"": [null], ""range_num_stages"": [0], ""range_unroll_factors"": [0], ""range_warp_specializes"": [null], ""reduction_loops"": [null]}",ok,19.42400075495243,0.12309718132019043,1
layer_norm,LA_104,4096x4096,heldout,2,heuristics,0,869c54e4b955a8c6,"{""atomic_indexing"": [], ""block_sizes"": [1], ""indexing"": [""tensor_descriptor"", ""pointer"", ""pointer"", ""tensor_descriptor"", ""pointer"", ""tensor_descriptor"", ""pointer"", ""pointer"", ""tensor_descriptor"", ""tensor_descriptor""], ""load_eviction_policies"": [""last"", """", ""first"", """", """", ""last"", """", ""last""], ""num_stages"": 4, ""num_warps"": 8, ""pid_type"": ""flat"", ""range_flattens"": [null], ""range_multi_buffers"": [null], ""range_num_stages"": [0], ""range_unroll_factors"": [0], ""range_warp_specializes"": [null], ""reduction_loops"": [2048]}",ok,21.503999829292297,0.10183000564575195,1
layer_norm,LA_104,4096x4096,heldout,2,heuristics,0,0531906226c3040e,"{""block_sizes"": [1], ""indexing"": [""pointer"", ""pointer"", ""pointer"", ""pointer"", ""pointer"", ""pointer"", ""tensor_descriptor"", ""pointer"", ""pointer"", ""tensor_descriptor""], ""load_eviction_policies"": [""last"", """", ""first"", """", """", """", """", ""last""], ""num_stages"": 5, ""num_warps"": 16, ""pid_type"": ""flat"", ""range_flattens"": [null], ""range_multi_buffers"": [null], ""range_num_stages"": [0], ""range_unroll_factors"": [0], ""range_warp_specializes"": [null], ""reduction_loops"": [4096]}",ok,27.615999802947044,0.08124947547912598,1
layer_norm,LA_104,4096x4096,heldout,2,heuristics,0,04b1dd92c370cc99,"{""atomic_indexing"": [], ""block_sizes"": [2], ""indexing"": [""pointer"", ""pointer"", ""pointer"", ""tensor_descriptor"", ""tensor_descriptor"", ""tensor_descriptor"", ""tensor_descriptor"", ""tensor_descriptor"", ""tensor_descriptor"", ""pointer""], ""load_eviction_policies"": [""last"", """", ""last"", ""last"", ""first"", ""first"", """", ""last""], ""num_stages"": 1, ""num_warps"": 4, ""pid_type"": ""flat"", ""range_flattens"": [null], ""range_multi_buffers"": [null], ""range_num_stages"": [0], ""range_unroll_factors"": [0], ""range_warp_specializes"": [null], ""reduction_loops"": [null]}",ok,19.45599913597107,0.07226943969726562,1
layer_norm,LA_104,4096x4096,heldout,2,heuristics,0,178e7391546ae2da,"{""atomic_indexing"": [], ""block_sizes"": [1], ""indexing"": [""pointer"", ""pointer"", ""tensor_descriptor"", ""pointer"", ""tensor_descriptor"", ""pointer"", ""tensor_descriptor"", ""pointer"", ""pointer"", ""pointer""], ""load_eviction_policies"": [""first"", """", ""last"", """", ""last"", ""last"", ""last"", """"], ""num_stages"": 7, ""num_warps"": 4, ""pid_type"": ""flat"", ""range_flattens"": [null], ""range_multi_buffers"": [null], ""range_num_stages"": [0], ""range_unroll_factors"": [0], ""range_warp_specializes"": [null], ""reduction_loops"": [null]}",ok,19.42400075495243,0.06440210342407227,1
layer_norm,LA_104,4096x4096,heldout,2,heuristics,0,2052065dbe652edb,"{""atomic_indexing"": [], ""block_sizes"": [1], ""indexing"": [""pointer"", ""tensor_descriptor"", ""pointer"", ""pointer"", ""pointer"", ""tensor_descriptor"", ""pointer"", ""pointer"", ""pointer"", ""pointer""], ""load_eviction_policies"": [""last"", """", ""first"", """", """", ""last"", """", """"], ""num_stages"": 2, ""num_warps"": 16, ""pid_type"": ""flat"", ""range_flattens"": [null], ""range_multi_buffers"": [null], ""range_num_stages"": [0], ""range_unroll_factors"": [0], ""range_warp_specializes"": [null], ""reduction_loops"": [4096]}",ok,27.615999802947044,0.05216264724731445,1
layer_norm,LA_104,4096x4096,heldout,2,heuristics,0,186fed3761377dbd,"{""atomic_indexing"": [], ""block_sizes"": [1], ""indexing"": [""tensor_descriptor"", ""pointer"", ""tensor_descriptor"", ""pointer"", ""tensor_descriptor"", ""tensor_descriptor"", ""pointer"", ""pointer"", ""tensor_descriptor"", ""tensor_descriptor""], ""load_eviction_policies"": ["""", """", ""last"", """", ""last"", ""first"", ""last"", ""first""], ""num_stages"": 7, ""num_warps"": 4, ""pid_type"": ""flat"", ""range_flattens"": [null], ""range_multi_buffers"": [null], ""range_num_stages"": [0], ""range_unroll_factors"": [0], ""range_warp_specializes"": [null], ""reduction_loops"": [null]}",ok,19.328000023961067,0.036855220794677734,1
layer_norm,LA_104,4096x4096,heldout,2,heuristics,0,85df12bd2fb6305f,"{""atomic_indexing"": [], ""block_sizes"": [1], ""indexing"": [""tensor_descriptor"", ""pointer"", ""tensor_descriptor"", ""tensor_descriptor"", ""pointer"", ""tensor_descriptor"", ""tensor_descriptor"", ""tensor_descriptor"", ""pointer"", ""tensor_descriptor""], ""load_eviction_policies"": [""first"", ""last"", ""last"", ""last"", ""first"", ""last"", ""first"", ""first""], ""num_stages"": 2, ""num_warps"": 8, ""pid_type"": ""flat"", ""range_flattens"": [null], ""range_multi_buffers"": [null], ""range_num_stages"": [0], ""range_unroll_factors"": [0], ""range_warp_specializes"": [null], ""reduction_loops"": [null]}",ok,19.42400075495243,0.027571678161621094,1
layer_norm,LA_104,4096x4096,heldout,2,heuristics,0,decf2056869ee2b5,"{""atomic_indexing"": [], ""block_sizes"": [1], ""indexing"": [""pointer"", ""tensor_descriptor"", ""pointer"", ""tensor_descriptor"", ""tensor_descriptor"", ""pointer"", ""pointer"", ""pointer"", ""tensor_descriptor"", ""pointer""], ""load_eviction_policies"": ["""", ""last"", ""first"", """", ""last"", ""first"", ""last"", ""last""], ""num_stages"": 2, ""num_warps"": 1, ""pid_type"": ""flat"", ""range_flattens"": [null], ""range_multi_buffers"": [null], ""range_num_stages"": [0], ""range_unroll_factors"": [0], ""range_warp_specializes"": [null], ""reduction_loops"": [1024]}",ok,19.45599913597107,0.03678441047668457,1
layer_norm,LA_104,4096x4096,heldout,2,heuristics,0,4cac37630d96589f,"{""atomic_indexing"": [], ""block_sizes"": [1], ""indexing"": [""pointer"", ""pointer"", ""pointer"", ""pointer"", ""pointer"", ""pointer"", ""pointer"", ""pointer"", ""pointer"", ""pointer"", ""pointer"", ""pointer""], ""load_eviction_policies"": ["""", """", """", """", """", """", """", """"], ""num_stages"": 1, ""num_warps"": 4, ""pid_type"": ""flat"", ""range_flattens"": [null], ""range_multi_buffers"": [null], ""range_num_stages"": [0], ""range_unroll_factors"": [0], ""range_warp_specializes"": [null], ""reduction_loops"": [null]}",ok,19.279999658465385,0.03581523895263672,0
layer_norm,LA_104,4096x4096,heldout,2,heuristics,0,4f20157b80d5d0c6,"{""atomic_indexing"": [], ""block_sizes"": [8], ""indexing"": [""pointer"", ""pointer"", ""pointer"", ""pointer"", ""pointer"", ""pointer"", ""pointer"", ""pointer"", ""pointer"", ""pointer"", ""pointer"", ""pointer""], ""load_eviction_policies"": ["""", """", """", """", """", """", """", """"], ""num_stages"": 2, ""num_warps"": 4, ""pid_type"": ""flat"", ""range_flattens"": [null], ""range_multi_buffers"": [null], ""range_num_stages"": [0], ""range_unroll_factors"": [0], ""range_warp_specializes"": [null], ""reduction_loops"": [null]}",ok,23.520000278949738,0.05906105041503906,0
layer_norm,LA_104,4096x4096,heldout,2,heuristics,0,afb9e7c4832b5792,"{""atomic_indexing"": [], ""block_sizes"": [16], ""indexing"": [""pointer"", ""pointer"", ""pointer"", ""pointer"", ""pointer"", ""pointer"", ""pointer"", ""pointer"", ""pointer"", ""pointer"", ""pointer"", ""pointer""], ""load_eviction_policies"": ["""", """", """", """", """", """", """", """"], ""num_stages"": 3, ""num_warps"": 8, ""pid_type"": ""flat"", ""range_flattens"": [null], ""range_multi_buffers"": [null], ""range_num_stages"": [0], ""range_unroll_factors"": [0], ""range_warp_specializes"": [null], ""reduction_loops"": [null]}",ok,23.520000278949738,0.040584564208984375,0
layer_norm,LA_104,4096x4096,heldout,2,heuristics,0,2f55ad23c11be5b0,"{""atomic_indexing"": [], ""block_sizes"": [4], ""indexing"": [""pointer"", ""pointer"", ""pointer"", ""pointer"", ""pointer"", ""pointer"", ""pointer"", ""pointer"", ""pointer"", ""pointer"", ""pointer"", ""pointer""], ""load_eviction_policies"": ["""", """", """", """", """", """", """", """"], ""num_sm_multiplier"": 1, ""num_stages"": 2, ""num_warps"": 4, ""pid_type"": ""persistent_blocked"", ""range_flattens"": [null], ""range_multi_buffers"": [null], ""range_num_stages"": [0], ""range_unroll_factors"": [0], ""range_warp_specializes"": [null], ""reduction_loops"": [null]}",ok,25.599999353289604,0.02307295799255371,0
layer_norm,LA_104,4096x4096,heldout,2,heuristics,0,0e2ecb77e4356aee,"{""atomic_indexing"": [], ""block_sizes"": [32], ""indexing"": [""tensor_descriptor"", ""tensor_descriptor"", ""tensor_descriptor"", ""tensor_descriptor"", ""tensor_descriptor"", ""tensor_descriptor"", ""tensor_descriptor"", ""tensor_descriptor"", ""tensor_descriptor"", ""tensor_descriptor"", ""tensor_descriptor"", ""tensor_descriptor""], ""load_eviction_policies"": ["""", """", """", """", """", """", """", """"], ""num_stages"": 2, ""num_warps"": 8, ""pid_type"": ""flat"", ""range_flattens"": [null], ""range_multi_buffers"": [null], ""range_num_stages"": [0], ""range_unroll_factors"": [0], ""range_warp_specializes"": [null], ""reduction_loops"": [null]}",error,inf,0.04163646697998047,0
layer_norm,LA_104,4096x4096,heldout,2,heuristics,0,96bf501bc29598bf,"{""atomic_indexing"": [], ""block_sizes"": [64], ""indexing"": [""pointer"", ""pointer"", ""pointer"", ""pointer"", ""pointer"", ""pointer"", ""pointer"", ""pointer"", ""pointer"", ""pointer"", ""pointer"", ""pointer""], ""load_eviction_policies"": ["""", """", """", """", """", """", """", """"], ""num_sm_multiplier"": 1, ""num_stages"": 3, ""num_warps"": 16, ""pid_type"": ""persistent_interleaved"", ""range_flattens"": [null], ""range_multi_buffers"": [null], ""range_num_stages"": [0], ""range_unroll_factors"": [0], ""range_warp_specializes"": [null], ""reduction_loops"": [null]}",ok,451.61598920822144,0.03908991813659668,0
layer_norm,LA_105,3072x2048,heldout,0,heuristics,0,04b1dd92c370cc99,"{""atomic_indexing"": [], ""block_sizes"": [2], ""indexing"": [""pointer"", ""pointer"", ""pointer"", ""tensor_descriptor"", ""tensor_descriptor"", ""tensor_descriptor"", ""tensor_descriptor"", ""tensor_descriptor"", ""tensor_descriptor"", ""pointer""], ""load_eviction_policies"": [""last"", """", ""last"", ""last"", ""first"", ""first"", """", ""last""], ""num_stages"": 1, ""num_warps"": 4, ""pid_type"": ""flat"", ""range_flattens"": [null], ""range_multi_buffers"": [null], ""range_num_stages"": [0], ""range_unroll_factors"": [0], ""range_warp_specializes"": [null], ""reduction_loops"": [null]}",ok,11.231999844312668,0.10488510131835938,1
layer_norm,LA_105,3072x2048,heldout,0,heuristics,0,869c54e4b955a8c6,"{""atomic_indexing"": [], ""block_sizes"": [1], ""indexing"": [""tensor_descriptor"", ""pointer"", ""pointer"", ""tensor_descriptor"", ""pointer"", ""tensor_descriptor"", ""pointer"", ""pointer"", ""tensor_descriptor"", ""tensor_descriptor""], ""load_eviction_policies"": [""last"", """", ""first"", """", """", ""last"", """", ""last""], ""num_stages"": 4, ""num_warps"": 8, ""pid_type"": ""flat"", ""range_flattens"": [null], ""range_multi_buffers"": [null], ""range_num_stages"": [0], ""range_unroll_factors"": [0], ""range_warp_specializes"": [null], ""reduction_loops"": [2048]}",ok,13.279999606311321,0.08989167213439941,1
layer_norm,LA_105,3072x2048,heldout,0,heuristics,0,43acbd1ca50d4ca3,"{""atomic_indexing"": [], ""block_sizes"": [1], ""indexing"": [""pointer"", ""tensor_descriptor"", ""pointer"", ""pointer"", ""pointer"", ""pointer"", ""tensor_descriptor"", ""pointer"", ""tensor_descriptor"", ""tensor_descriptor""], ""load_eviction_policies"": [""first"", """", """", ""first"", """", ""last"", ""first"", """"], ""num_stages"": 4, ""num_warps"": 8, ""pid_type"": ""flat"", ""range_flattens"": [null], ""range_multi_buffers"": [null], ""range_num_stages"": [0], ""range_unroll_factors"": [0], ""range_warp_specializes"": [null], ""reduction_loops"": [null]}",ok,11.296000331640244,0.07517218589782715,1
layer_norm,LA_105,3072x2048,heldout,0,heuristics,0,0531906226c3040e,"{""block_sizes"": [1], ""indexing"": [""pointer"", ""pointer"", ""pointer"", ""pointer"", ""pointer"", ""pointer"", ""tensor_descriptor"", ""pointer"", ""pointer"", ""tensor_descriptor""], ""load_eviction_policies"": [""last"", """", ""first"", """", """", """", """", ""last""], ""num_stages"": 5, ""num_warps"": 16, ""pid_type"": ""flat"", ""range_flattens"": [null], ""range_multi_buffers"": [null], ""range_num_stages"": [0], ""range_unroll_factors"": [0], ""range_warp_specializes"": [null], ""reduction_loops"": [4096]}",ok,19.42400075495243,0.06768918037414551,1
layer_norm,LA_105,3072x2048,heldout,0,heuristics,0,178e7391546ae2da,"{""atomic_indexing"": [], ""block_sizes"": [1], ""indexing"": [""pointer"", ""pointer"", ""tensor_descriptor"", ""pointer"", ""tensor_descriptor"", ""pointer"", ""tensor_descriptor"", ""pointer"", ""pointer"", ""pointer""], ""load_eviction_policies"": [""first"", """", ""last"", """", ""last"", ""last"", ""last"", """"], ""num_stages"": 7, ""num_warps"": 4, ""pid_type"": ""flat"", ""range_flattens"": [null], ""range_multi_buffers"": [null], ""range_num_stages"": [0], ""range_unroll_factors"": [0], ""range_warp_specializes"": [null], ""reduction_loops"": [null]}",ok,11.231999844312668,0.059970855712890625,1
layer_norm,LA_105,3072x2048,heldout,0,heuristics,0,2052065dbe652edb,"{""atomic_indexing"": [], ""block_sizes"": [1], ""indexing"": [""pointer"", ""tensor_descriptor"", ""pointer"", ""pointer"", ""pointer"", ""tensor_descriptor"", ""pointer"", ""pointer"", ""pointer"", ""pointer""], ""load_eviction_policies"": [""last"", """", ""first"", """", """", ""last"", """", """"], ""num_stages"": 2, ""num_warps"": 16, ""pid_type"": ""flat"", ""range_flattens"": [null], ""range_multi_buffers"": [null], ""range_num_stages"": [0], ""range_unroll_factors"": [0], ""range_warp_specializes"": [null], ""reduction_loops"": [4096]}",ok,19.42400075495243,0.05247688293457031,1
layer_norm,LA_105,3072x2048,heldout,0,heuristics,0,186fed3761377dbd,"{""atomic_indexing"": [], ""block_sizes"": [1], ""indexing"": [""tensor_descriptor"", ""pointer"", ""tensor_descriptor"", ""pointer"", ""tensor_descriptor"", ""tensor_descriptor"", ""pointer"", ""pointer"", ""tensor_descriptor"", ""tensor_descriptor""], ""load_eviction_policies"": ["""", """", ""last"", """", ""last"", ""first"", ""last"", ""first""], ""num_stages"": 7, ""num_warps"": 4, ""pid_type"": ""flat"", ""range_flattens"": [null], ""range_multi_buffers"": [null], ""range_num_stages"": [0], ""range_unroll_factors"": [0], ""range_warp_specializes"": [null], ""reduction_loops"": [null]}",ok,11.231999844312668,0.032445669174194336,1
layer_norm,LA_105,3072x2048,heldout,0,heuristics,0,85df12bd2fb6305f,"{""atomic_indexing"": [], ""block_sizes"": [1], ""indexing"": [""tensor_descriptor"", ""pointer"", ""tensor_descriptor"", ""tensor_descriptor"", ""pointer"", ""tensor_descriptor"", ""tensor_descriptor"", ""tensor_descriptor"", ""pointer"", ""tensor_descriptor""], ""load_eviction_policies"": [""first"", ""last"", ""last"", ""last"", ""first"", ""last"", ""first"", ""first""], ""num_stages"": 2, ""num_warps"": 8, ""pid_type"": ""flat"", ""range_flattens"": [null], ""range_multi_buffers"": [null], ""range_num_stages"": [0], ""range_unroll_factors"": [0], ""range_warp_specializes"": [null], ""reduction_loops"": [null]}",ok,11.296000331640244,0.0261995792388916,1
layer_norm,LA_105,3072x2048,heldout,0,heuristics,0,decf2056869ee2b5,"{""atomic_indexing"": [], ""block_sizes"": [1], ""indexing"": [""pointer"", ""tensor_descriptor"", ""pointer"", ""tensor_descriptor"", ""tensor_descriptor"", ""pointer"", ""pointer"", ""pointer"", ""tensor_descriptor"", ""pointer""], ""load_eviction_policies"": ["""", ""last"", ""first"", """", ""last"", ""first"", ""last"", ""last""], ""num_stages"": 2, ""num_warps"": 1, ""pid_type"": ""flat"", ""range_flattens"": [null], ""range_multi_buffers"": [null], ""range_num_stages"": [0], ""range_unroll_factors"": [0], ""range_warp_specializes"": [null], ""reduction_loops"": [1024]}",ok,11.231999844312668,0.041554927825927734,1
layer_norm,LA_105,3072x2048,heldout,0,heuristics,0,4cac37630d96589f,"{""atomic_indexing"": [], ""block_sizes"": [1], ""indexing"": [""pointer"", ""pointer"", ""pointer"", ""pointer"", ""pointer"", ""pointer"", ""pointer"", ""pointer"", ""pointer"", ""pointer"", ""pointer"", ""pointer""], ""load_eviction_policies"": ["""", """", """", """", """", """", """", """"], ""num_stages"": 1, ""num_warps"": 4, ""pid_type"": ""flat"", ""range_flattens"": [null], ""range_multi_buffers"": [null], ""range_num_stages"": [0], ""range_unroll_factors"": [0], ""range_warp_specializes"": [null], ""reduction_loops"": [null]}",ok,11.231999844312668,0.03409218788146973,0
layer_norm,LA_105,3072x2048,heldout,0,heuristics,0,76a5f3962199cd5f,"{""atomic_indexing"": [], ""block_sizes"": [4], ""indexing"": [""pointer"", ""pointer"", ""pointer"", ""pointer"", ""pointer"", ""pointer"", ""pointer"", ""pointer"", ""pointer"", ""pointer"", ""pointer"", ""pointer""], ""load_eviction_policies"": ["""", """", """", """", """", """", """", """"], ""num_stages"": 2, ""num_warps"": 4, ""pid_type"": ""flat"", ""range_flattens"": [null], ""range_multi_buffers"": [null], ""range_num_stages"": [0], ""range_unroll_factors"": [0], ""range_warp_specializes"": [null], ""reduction_loops"": [null]}",ok,11.231999844312668,0.08259034156799316,0
layer_norm,LA_105,3072x2048,heldout,0,heuristics,0,e124db399eec86eb,"{""atomic_indexing"": [], ""block_sizes"": [8], ""indexing"": [""pointer"", ""pointer"", ""pointer"", ""pointer"", ""pointer"", ""pointer"", ""pointer"", ""pointer"", ""pointer"", ""pointer"", ""pointer"", ""pointer""], ""load_eviction_policies"": ["""", """", """", """", """", """", """", """"], ""num_stages"": 2, ""num_warps"": 8, ""pid_type"": ""flat"", ""range_flattens"": [null], ""range_multi_buffers"": [null], ""range_num_stages"": [0], ""range_unroll_factors"": [0], ""range_warp_specializes"": [null], ""reduction_loops"": [null]}",ok,13.311999849975109,0.06210803985595703,0
layer_norm,LA_105,3072x2048,heldout,0,heuristics,0,0b9e668b1e2d5051,"{""atomic_indexing"": [], ""block_sizes"": [16], ""indexing"": [""pointer"", ""pointer"", ""pointer"", ""pointer"", ""pointer"", ""pointer"", ""pointer"", ""pointer"", ""pointer"", ""pointer"", ""pointer"", ""pointer""], ""load_eviction_policies"": ["""", """", """", """", """", """", """", """"], ""num_sm_multiplier"": 1, ""num_stages"": 3, ""num_warps"": 8, ""pid_type"": ""persistent_blocked"", ""range_flattens"": [null], ""range_multi_buffers"": [null], ""range_num_stages"": [0], ""range_unroll_factors"": [0], ""range_warp_specializes"": [null], ""reduction_loops"": [null]}",ok,15.32800029963255,0.05284547805786133,0
layer_norm,LA_105,3072x2048,heldout,0,heuristics,0,fea7ca704daf4935,"{""atomic_indexing"": [], ""block_sizes"": [2], ""indexing"": [""tensor_descriptor"", ""tensor_descriptor"", ""tensor_descriptor"", ""tensor_descriptor"", ""tensor_descriptor"", ""tensor_descriptor"", ""tensor_descriptor"", ""tensor_descriptor"", ""tensor_descriptor"", ""tensor_descriptor"", ""tensor_descriptor"", ""tensor_descriptor""], ""load_eviction_policies"": ["""", """", """", """", """", """", """", """"], ""num_stages"": 2, ""num_warps"": 4, ""pid_type"": ""flat"", ""range_flattens"": [null], ""range_multi_buffers"": [null], ""range_num_stages"": [0], ""range_unroll_factors"": [0], ""range_warp_specializes"": [null], ""reduction_loops"": [null]}",ok,11.231999844312668,0.04199695587158203,0
layer_norm,LA_105,3072x2048,heldout,0,heuristics,0,7aad457d6cd07eb5,"{""atomic_indexing"": [], ""block_sizes"": [32], ""indexing"": [""pointer"", ""pointer"", ""pointer"", ""pointer"", ""pointer"", ""pointer"", ""pointer"", ""pointer"", ""pointer"", ""pointer"", ""pointer"", ""pointer""], ""load_eviction_policies"": ["""", """", """", """", """", """", """", """"], ""num_sm_multiplier"": 1, ""num_stages"": 3, ""num_warps"": 16, ""pid_type"": ""persistent_interleaved"", ""range_flattens"": [null], ""range_multi_buffers"": [null], ""range_num_stages"": [0], ""range_unroll_factors"": [0], ""range_warp_specializes"": [null], ""reduction_loops"": [null]}",ok,17.503999173641205,0.04315924644470215,0
layer_norm,LA_105,3072x2048,heldout,1,heuristics,0,04b1dd92c370cc99,"{""atomic_indexing"": [], ""block_sizes"": [2], ""indexing"": [""pointer"", ""pointer"", ""pointer"", ""tensor_descriptor"", ""tensor_descriptor"", ""tensor_descriptor"", ""tensor_descriptor"", ""tensor_descriptor"", ""tensor_descriptor"", ""pointer""], ""load_eviction_policies"": [""last"", """", ""last"", ""last"", ""first"", ""first"", """", ""last""], ""num_stages"": 1, ""num_warps"": 4, ""pid_type"": ""flat"", ""range_flattens"": [null], ""range_multi_buffers"": [null], ""range_num_stages"": [0], ""range_unroll_factors"": [0], ""range_warp_specializes"": [null], ""reduction_loops"": [null]}",ok,11.231999844312668,0.13824677467346191,1
layer_norm,LA_105,3072x2048,heldout,1,heuristics,0,869c54e4b955a8c6,"{""atomic_indexing"": [], ""block_sizes"": [1], ""indexing"": [""tensor_descriptor"", ""pointer"", ""pointer"", ""tensor_descriptor"", ""pointer"", ""tensor_descriptor"", ""pointer"", ""pointer"", ""tensor_descriptor"", ""tensor_descriptor""], ""load_eviction_policies"": [""last"", """", ""first"", """", """", ""last"", """", ""last""], ""num_stages"": 4, ""num_warps"": 8, ""pid_type"": ""flat"", ""range_flattens"": [null], ""range_multi_buffers"": [null], ""range_num_stages"": [0], ""range_unroll_factors"": [0], ""range_warp_specializes"": [null], ""reduction_loops"": [2048]}",ok,13.295999728143215,0.11804056167602539,1
layer_norm,LA_105,3072x2048,heldout,1,heuristics,0,43acbd1ca50d4ca3,"{""atomic_indexing"": [], ""block_sizes"": [1], ""indexing"": [""pointer"", ""tensor_descriptor"", ""pointer"", ""pointer"", ""pointer"", ""pointer"", ""tensor_descriptor"", ""pointer"", ""tensor_descriptor"", ""tensor_descriptor""], ""load_eviction_policies"": [""first"", """", """", ""first"", """", ""last"", ""first"", """"], ""num_stages"": 4, ""num_warps"": 8, ""pid_type"": ""flat"", ""range_flattens"": [null], ""range_multi_buffers"": [null], ""range_num_stages"": [0], ""range_unroll_factors"": [0], ""range_warp_specializes"": [null], ""reduction_loops"": [null]}",ok,11.264000087976456,0.10014915466308594,1
layer_norm,LA_105,3072x2048,heldout,1,heuristics,0,0531906226c3040e,"{""block_sizes"": [1], ""indexing"": [""pointer"", ""pointer"", ""pointer"", ""pointer"", ""pointer"", ""pointer"", ""tensor_descriptor"", ""pointer"", ""pointer"", ""tensor_descriptor""], ""load_eviction_policies"": [""last"", """", ""first"", """", """", """", """", ""last""], ""num_stages"": 5, ""num_warps"": 16, ""pid_type"": ""flat"", ""range_flattens"": [null], ""range_multi_buffers"": [null], ""range_num_stages"": [0], ""range_unroll_factors"": [0], ""range_warp_specializes"": [null], ""reduction_loops"": [4096]}",ok,19.42400075495243,0.09147763252258301,1
layer_norm,LA_105,3072x2048,heldout,1,heuristics,0,178e7391546ae2da,"{""atomic_indexing"": [], ""block_sizes"": [1], ""indexing"": [""pointer"", ""pointer"", ""tensor_descriptor"", ""pointer"", ""tensor_descriptor"", ""pointer"", ""tensor_descriptor"", ""pointer"", ""pointer"", ""pointer""], ""load_eviction_policies"": [""first"", """", ""last"", """", ""last"", ""last"", ""last"", """"], ""num_stages"": 7, ""num_warps"": 4, ""pid_type"": ""flat"", ""range_flattens"": [null], ""range_multi_buffers"": [null], ""range_num_stages"": [0], ""range_unroll_factors"": [0], ""range_warp_specializes"": [null], ""reduction_loops"": [null]}",ok,11.231999844312668,0.08320283889770508,1
layer_norm,LA_105,3072x2048,heldout,1,heuristics,0,2052065dbe652edb,"{""atomic_indexing"": [], ""block_sizes"": [1], ""indexing"": [""pointer"", ""tensor_descriptor"", ""pointer"", ""pointer"", ""pointer"", ""tensor_descriptor"", ""pointer"", ""pointer"", ""pointer"", ""pointer""], ""load_eviction_policies"": [""last"", """", ""first"", """", """", ""last"", """", """"], ""num_stages"": 2, ""num_warps"": 16, ""pid_type"": ""flat"", ""range_flattens"": [null], ""range_multi_buffers"": [null], ""range_num_stages"": [0], ""range_unroll_factors"": [0], ""range_warp_specializes"": [null], ""reduction_loops"": [4096]}",ok,19.42400075495243,0.07518935203552246,1
layer_norm,LA_105,3072x2048,heldout,1,heuristics,0,186fed3761377dbd,"{""atomic_indexing"": [], ""block_sizes"": [1], ""indexing"": [""tensor_descriptor"", ""pointer"", ""tensor_descriptor"", ""pointer"", ""tensor_descriptor"", ""tensor_descriptor"", ""pointer"", ""pointer"", ""tensor_descriptor"", ""tensor_descriptor""], ""load_eviction_policies"": ["""", """", ""last"", """", ""last"", ""first"", ""last"", ""first""], ""num_stages"": 7, ""num_warps"": 4, ""pid_type"": ""flat"", ""range_flattens"": [null], ""range_multi_buffers"": [null], ""range_num_stages"": [0], ""range_unroll_factors"": [0], ""range_warp_specializes"": [null], ""reduction_loops"": [null]}",ok,11.231999844312668,0.06413578987121582,1
layer_norm,LA_105,3072x2048,heldout,1,heuristics,0,85df12bd2fb6305f,"{""atomic_indexing"": [], ""block_sizes"": [1], ""indexing"": [""tensor_descriptor"", ""pointer"", ""tensor_descriptor"", ""tensor_descriptor"", ""pointer"", ""tensor_descriptor"", ""tensor_descriptor"", ""tensor_descriptor"", ""pointer"", ""tensor_descriptor""], ""load_eviction_policies"": [""first"", ""last"", ""last"", ""last"", ""first"", ""last"", ""first"", ""first""], ""num_stages"": 2, ""num_warps"": 8, ""pid_type"": ""flat"", ""range_flattens"": [null], ""range_multi_buffers"": [null], ""range_num_stages"": [0], ""range_unroll_factors"": [0], ""range_warp_specializes"": [null], ""reduction_loops"": [null]}",ok,11.264000087976456,0.04506659507751465,1
layer_norm,LA_105,3072x2048,heldout,1,heuristics,0,decf2056869ee2b5,"{""atomic_indexing"": [], ""block_sizes"": [1], ""indexing"": [""pointer"", ""tensor_descriptor"", ""pointer"", ""tensor_descriptor"", ""tensor_descriptor"", ""pointer"", ""pointer"", ""pointer"", ""tensor_descriptor"", ""pointer""], ""load_eviction_policies"": ["""", ""last"", ""first"", """", ""last"", ""first"", ""last"", ""last""], ""num_stages"": 2, ""num_warps"": 1, ""pid_type"": ""flat"", ""range_flattens"": [null], ""range_multi_buffers"": [null], ""range_num_stages"": [0], ""range_unroll_factors"": [0], ""range_warp_specializes"": [null], ""reduction_loops"": [1024]}",ok,11.231999844312668,0.0495448112487793,1
layer_norm,LA_105,3072x2048,heldout,1,heuristics,0,4cac37630d96589f,"{""atomic_indexing"": [], ""block_sizes"": [1], ""indexing"": [""pointer"", ""pointer"", ""pointer"", ""pointer"", ""pointer"", ""pointer"", ""pointer"", ""pointer"", ""pointer"", ""pointer"", ""pointer"", ""pointer""], ""load_eviction_policies"": ["""", """", """", """", """", """", """", """"], ""num_stages"": 1, ""num_warps"": 4, ""pid_type"": ""flat"", ""range_flattens"": [null], ""range_multi_buffers"": [null], ""range_num_stages"": [0], ""range_unroll_factors"": [0], ""range_warp_specializes"": [null], ""reduction_loops"": [null]}",ok,11.231999844312668,0.03460240364074707,0
layer_norm,LA_105,3072x2048,heldout,1,heuristics,0,fae41e2f173bf749,"{""atomic_indexing"": [], ""block_sizes"": [4], ""indexing"": [""pointer"", ""pointer"", ""pointer"", ""pointer"", ""pointer"", ""pointer"", ""pointer"", ""pointer"", ""pointer"", ""pointer"", ""pointer"", ""pointer""], ""load_eviction_policies"": ["""", """", """", """", """", """", """", """"], ""num_stages"": 1, ""num_warps"": 4, ""pid_type"": ""flat"", ""range_flattens"": [null], ""range_multi_buffers"": [null], ""range_num_stages"": [0], ""range_unroll_factors"": [0], ""range_warp_specializes"": [null], ""reduction_loops"": [null]}",ok,11.231999844312668,0.09141111373901367,0
layer_norm,LA_105,3072x2048,heldout,1,heuristics,0,e124db399eec86eb,"{""atomic_indexing"": [], ""block_sizes"": [8], ""indexing"": [""pointer"", ""pointer"", ""pointer"", ""pointer"", ""pointer"", ""pointer"", ""pointer"", ""pointer"", ""pointer"", ""pointer"", ""pointer"", ""pointer""], ""load_eviction_policies"": ["""", """", """", """", """", """", """", """"], ""num_stages"": 2, ""num_warps"": 8, ""pid_type"": ""flat"", ""range_flattens"": [null], ""range_multi_buffers"": [null], ""range_num_stages"": [0], ""range_unroll_factors"": [0], ""range_warp_specializes"": [null], ""reduction_loops"": [null]}",ok,13.311999849975109,0.07065677642822266,0
layer_norm,LA_105,3072x2048,heldout,1,heuristics,0,0b9e668b1e2d5051,"{""atomic_indexing"": [], ""block_sizes"": [16], ""indexing"": [""pointer"", ""pointer"", ""pointer"", ""pointer"", ""pointer"", ""pointer"", ""pointer"", ""pointer"", ""pointer"", ""pointer"", ""pointer"", ""pointer""], ""load_eviction_policies"": ["""", """", """", """", """", """", """", """"], ""num_sm_multiplier"": 1, ""num_stages"": 3, ""num_warps"": 8, ""pid_type"": ""persistent_blocked"", ""range_flattens"": [null], ""range_multi_buffers"": [null], ""range_num_stages"": [0], ""range_unroll_factors"": [0], ""range_warp_specializes"": [null], ""reduction_loops"": [null]}",ok,15.32800029963255,0.05103254318237305,0
layer_norm,LA_105,3072x2048,heldout,1,heuristics,0,2a821ab6d1f1133b,"{""atomic_indexing"": [], ""block_sizes"": [2], ""indexing"": [""tensor_descriptor"", ""tensor_descriptor"", ""tensor_descriptor"", ""tensor_descriptor"", ""tensor_descriptor"", ""tensor_descriptor"", ""tensor_descriptor"", ""tensor_descriptor"", ""tensor_descriptor"", ""tensor_descriptor"", ""tensor_descriptor"", ""tensor_descriptor""], ""load_eviction_policies"": ["""", """", """", """", """", """", """", """"], ""num_stages"": 1, ""num_warps"": 4, ""pid_type"": ""flat"", ""range_flattens"": [null], ""range_multi_buffers"": [null], ""range_num_stages"": [0], ""range_unroll_factors"": [0], ""range_warp_specializes"": [null], ""reduction_loops"": [null]}",ok,11.231999844312668,0.03319144248962402,0
layer_norm,LA_105,3072x2048,heldout,1,heuristics,0,b8536e264609b0e2,"{""atomic_indexing"": [], ""block_sizes"": [32], ""indexing"": [""pointer"", ""pointer"", ""pointer"", ""pointer"", ""pointer"", ""pointer"", ""pointer"", ""pointer"", ""pointer"", ""pointer"", ""pointer"", ""pointer""], ""load_eviction_policies"": ["""", """", """", """", """", """", """", """"], ""num_sm_multiplier"": 1, ""num_stages"": 2, ""num_warps"": 16, ""pid_type"": ""persistent_interleaved"", ""range_flattens"": [null], ""range_multi_buffers"": [null], ""range_num_stages"": [0], ""range_unroll_factors"": [0], ""range_warp_specializes"": [null], ""reduction_loops"": [null]}",ok,17.56799966096878,0.050629377365112305,0
layer_norm,LA_105,3072x2048,heldout,2,heuristics,0,04b1dd92c370cc99,"{""atomic_indexing"": [], ""block_sizes"": [2], ""indexing"": [""pointer"", ""pointer"", ""pointer"", ""tensor_descriptor"", ""tensor_descriptor"", ""tensor_descriptor"", ""tensor_descriptor"", ""tensor_descriptor"", ""tensor_descriptor"", ""pointer""], ""load_eviction_policies"": [""last"", """", ""last"", ""last"", ""first"", ""first"", """", ""last""], ""num_stages"": 1, ""num_warps"": 4, ""pid_type"": ""flat"", ""range_flattens"": [null], ""range_multi_buffers"": [null], ""range_num_stages"": [0], ""range_unroll_factors"": [0], ""range_warp_specializes"": [null], ""reduction_loops"": [null]}",ok,11.231999844312668,0.13143587112426758,1
layer_norm,LA_105,3072x2048,heldout,2,heuristics,0,869c54e4b955a8c6,"{""atomic_indexing"": [], ""block_sizes"": [1], ""indexing"": [""tensor_descriptor"", ""pointer"", ""pointer"", ""tensor_descriptor"", ""pointer"", ""tensor_descriptor"", ""pointer"", ""pointer"", ""tensor_descriptor"", ""tensor_descriptor""], ""load_eviction_policies"": [""last"", """", ""first"", """", """", ""last"", """", ""last""], ""num_stages"": 4, ""num_warps"": 8, ""pid_type"": ""flat"", ""range_flattens"": [null], ""range_multi_buffers"": [null], ""range_num_stages"": [0], ""range_unroll_factors"": [0], ""range_warp_specializes"": [null], ""reduction_loops"": [2048]}",ok,13.311999849975109,0.11088323593139648,1
layer_norm,LA_105,3072x2048,heldout,2,heuristics,0,43acbd1ca50d4ca3,"{""atomic_indexing"": [], ""block_sizes"": [1], ""indexing"": [""pointer"", ""tensor_descriptor"", ""pointer"", ""pointer"", ""pointer"", ""pointer"", ""tensor_descriptor"", ""pointer"", ""tensor_descriptor"", ""tensor_descriptor""], ""load_eviction_policies"": [""first"", """", """", ""first"", """", ""last"", ""first"", """"], ""num_stages"": 4, ""num_warps"": 8, ""pid_type"": ""flat"", ""range_flattens"": [null], ""range_multi_buffers"": [null], ""range_num_stages"": [0], ""range_unroll_factors"": [0], ""range_warp_specializes"": [null], ""reduction_loops"": [null]}",ok,11.264000087976456,0.08920478820800781,1
layer_norm,LA_105,3072x2048,heldout,2,heuristics,0,0531906226c3040e,"{""block_sizes"": [1], ""indexing"": [""pointer"", ""pointer"", ""pointer"", ""pointer"", ""pointer"", ""pointer"", ""tensor_descriptor"", ""pointer"", ""pointer"", ""tensor_descriptor""], ""load_eviction_policies"": [""last"", """", ""first"", """", """", """", """", ""last""], ""num_stages"": 5, ""num_warps"": 16, ""pid_type"": ""flat"", ""range_flattens"": [null], ""range_multi_buffers"": [null], ""range_num_stages"": [0], ""range_unroll_factors"": [0], ""range_warp_specializes"": [null], ""reduction_loops"": [4096]}",ok,19.42400075495243,0.06841015815734863,1
layer_norm,LA_105,3072x2048,heldout,2,heuristics,0,178e7391546ae2da,"{""atomic_indexing"": [], ""block_sizes"": [1], ""indexing"": [""pointer"", ""pointer"", ""tensor_descriptor"", ""pointer"", ""tensor_descriptor"", ""pointer"", ""tensor_descriptor"", ""pointer"", ""pointer"", ""pointer""], ""load_eviction_policies"": [""first"", """", ""last"", """", ""last"", ""last"", ""last"", """"], ""num_stages"": 7, ""num_warps"": 4, ""pid_type"": ""flat"", ""range_flattens"": [null], ""range_multi_buffers"": [null], ""range_num_stages"": [0], ""range_unroll_factors"": [0], ""range_warp_specializes"": [null], ""reduction_loops"": [null]}",ok,11.231999844312668,0.05461764335632324,1
layer_norm,LA_105,3072x2048,heldout,2,heuristics,0,2052065dbe652edb,"{""atomic_indexing"": [], ""block_sizes"": [1], ""indexing"": [""pointer"", ""tensor_descriptor"", ""pointer"", ""pointer"", ""pointer"", ""tensor_descriptor"", ""pointer"", ""pointer"", ""pointer"", ""pointer""], ""load_eviction_policies"": [""last"", """", ""first"", """", """", ""last"", """", """"], ""num_stages"": 2, ""num_warps"": 16, ""pid_type"": ""flat"", ""range_flattens"": [null], ""range_multi_buffers"": [null], ""range_num_stages"": [0], ""range_unroll_factors"": [0], ""range_warp_specializes"": [null], ""reduction_loops"": [4096]}",ok,19.42400075495243,0.04507017135620117,1
layer_norm,LA_105,3072x2048,heldout,2,heuristics,0,186fed3761377dbd,"{""atomic_indexing"": [], ""block_sizes"": [1], ""indexing"": [""tensor_descriptor"", ""pointer"", ""tensor_descriptor"", ""pointer"", ""tensor_descriptor"", ""tensor_descriptor"", ""pointer"", ""pointer"", ""tensor_descriptor"", ""tensor_descriptor""], ""load_eviction_policies"": ["""", """", ""last"", """", ""last"", ""first"", ""last"", ""first""], ""num_stages"": 7, ""num_warps"": 4, ""pid_type"": ""flat"", ""range_flattens"": [null], ""range_multi_buffers"": [null], ""range_num_stages"": [0], ""range_unroll_factors"": [0], ""range_warp_specializes"": [null], ""reduction_loops"": [null]}",ok,11.231999844312668,0.036501407623291016,1
layer_norm,LA_105,3072x2048,heldout,2,heuristics,0,85df12bd2fb6305f,"{""atomic_indexing"": [], ""block_sizes"": [1], ""indexing"": [""tensor_descriptor"", ""pointer"", ""tensor_descriptor"", ""tensor_descriptor"", ""pointer"", ""tensor_descriptor"", ""tensor_descriptor"", ""tensor_descriptor"", ""pointer"", ""tensor_descriptor""], ""load_eviction_policies"": [""first"", ""last"", ""last"", ""last"", ""first"", ""last"", ""first"", ""first""], ""num_stages"": 2, ""num_warps"": 8, ""pid_type"": ""flat"", ""range_flattens"": [null], ""range_multi_buffers"": [null], ""range_num_stages"": [0], ""range_unroll_factors"": [0], ""range_warp_specializes"": [null], ""reduction_loops"": [null]}",ok,11.296000331640244,0.02761530876159668,1
layer_norm,LA_105,3072x2048,heldout,2,heuristics,0,decf2056869ee2b5,"{""atomic_indexing"": [], ""block_sizes"": [1], ""indexing"": [""pointer"", ""tensor_descriptor"", ""pointer"", ""tensor_descriptor"", ""tensor_descriptor"", ""pointer"", ""pointer"", ""pointer"", ""tensor_descriptor"", ""pointer""], ""load_eviction_policies"": ["""", ""last"", ""first"", """", ""last"", ""first"", ""last"", ""last""], ""num_stages"": 2, ""num_warps"": 1, ""pid_type"": ""flat"", ""range_flattens"": [null], ""range_multi_buffers"": [null], ""range_num_stages"": [0], ""range_unroll_factors"": [0], ""range_warp_specializes"": [null], ""reduction_loops"": [1024]}",ok,11.231999844312668,0.02285456657409668,1
layer_norm,LA_105,3072x2048,heldout,2,heuristics,0,4cac37630d96589f,"{""atomic_indexing"": [], ""block_sizes"": [1], ""indexing"": [""pointer"", ""pointer"", ""pointer"", ""pointer"", ""pointer"", ""pointer"", ""pointer"", ""pointer"", ""pointer"", ""pointer"", ""pointer"", ""pointer""], ""load_eviction_policies"": ["""", """", """", """", """", """", """", """"], ""num_stages"": 1, ""num_warps"": 4, ""pid_type"": ""flat"", ""range_flattens"": [null], ""range_multi_buffers"": [null], ""range_num_stages"": [0], ""range_unroll_factors"": [0], ""range_warp_specializes"": [null], ""reduction_loops"": [null]}",ok,11.231999844312668,0.023061752319335938,0
layer_norm,LA_105,3072x2048,heldout,2,heuristics,0,76a5f3962199cd5f,"{""atomic_indexing"": [], ""block_sizes"": [4], ""indexing"": [""pointer"", ""pointer"", ""pointer"", ""pointer"", ""pointer"", ""pointer"", ""pointer"", ""pointer"", ""pointer"", ""pointer"", ""pointer"", ""pointer""], ""load_eviction_policies"": ["""", """", """", """", """", """", """", """"], ""num_stages"": 2, ""num_warps"": 4, ""pid_type"": ""flat"", ""range_flattens"": [null], ""range_multi_buffers"": [null], ""range_num_stages"": [0], ""range_unroll_factors"": [0], ""range_warp_specializes"": [null], ""reduction_loops"": [null]}",ok,11.231999844312668,0.266204833984375,0
layer_norm,LA_105,3072x2048,heldout,2,heuristics,0,4cb25375b2bdf253,"{""atomic_indexing"": [], ""block_sizes"": [8], ""indexing"": [""pointer"", ""pointer"", ""pointer"", ""pointer"", ""pointer"", ""pointer"", ""pointer"", ""pointer"", ""pointer"", ""pointer"", ""pointer"", ""pointer""], ""load_eviction_policies"": ["""", """", """", """", """", """", """", """"], ""num_stages"": 3, ""num_warps"": 8, ""pid_type"": ""flat"", ""range_flattens"": [null], ""range_multi_buffers"": [null], ""range_num_stages"": [0], ""range_unroll_factors"": [0], ""range_warp_specializes"": [null], ""reduction_loops"": [null]}",ok,13.311999849975109,0.18811869621276855,0
layer_norm,LA_105,3072x2048,heldout,2,heuristics,0,5ef1e2e6eda2981a,"{""atomic_indexing"": [], ""block_sizes"": [16], ""indexing"": [""pointer"", ""pointer"", ""pointer"", ""pointer"", ""pointer"", ""pointer"", ""pointer"", ""pointer"", ""pointer"", ""pointer"", ""pointer"", ""pointer""], ""load_eviction_policies"": ["""", """", """", """", """", """", """", """"], ""num_sm_multiplier"": 1, ""num_stages"": 2, ""num_warps"": 8, ""pid_type"": ""persistent_blocked"", ""range_flattens"": [null], ""range_multi_buffers"": [null], ""range_num_stages"": [0], ""range_unroll_factors"": [0], ""range_warp_specializes"": [null], ""reduction_loops"": [null]}",ok,15.32800029963255,0.11353874206542969,0
layer_norm,LA_105,3072x2048,heldout,2,heuristics,0,fea7ca704daf4935,"{""atomic_indexing"": [], ""block_sizes"": [2], ""indexing"": [""tensor_descriptor"", ""tensor_descriptor"", ""tensor_descriptor"", ""tensor_descriptor"", ""tensor_descriptor"", ""tensor_descriptor"", ""tensor_descriptor"", ""tensor_descriptor"", ""tensor_descriptor"", ""tensor_descriptor"", ""tensor_descriptor"", ""tensor_descriptor""], ""load_eviction_policies"": ["""", """", """", """", """", """", """", """"], ""num_stages"": 2, ""num_warps"": 4, ""pid_type"": ""flat"", ""range_flattens"": [null], ""range_multi_buffers"": [null], ""range_num_stages"": [0], ""range_unroll_factors"": [0], ""range_warp_specializes"": [null], ""reduction_loops"": [null]}",ok,11.264000087976456,0.04407787322998047,0
layer_norm,LA_105,3072x2048,heldout,2,heuristics,0,7aad457d6cd07eb5,"{""atomic_indexing"": [], ""block_sizes"": [32], ""indexing"": [""pointer"", ""pointer"", ""pointer"", ""pointer"", ""pointer"", ""pointer"", ""pointer"", ""pointer"", ""pointer"", ""pointer"", ""pointer"", ""pointer""], ""load_eviction_policies"": ["""", """", """", """", """", """", """", """"], ""num_sm_multiplier"": 1, ""num_stages"": 3, ""num_warps"": 16, ""pid_type"": ""persistent_interleaved"", ""range_flattens"": [null], ""range_multi_buffers"": [null], ""range_num_stages"": [0], ""range_unroll_factors"": [0], ""range_warp_specializes"": [null], ""reduction_loops"": [null]}",ok,17.56799966096878,0.04034852981567383,0
