kernel,shape_id,shape_label,split,repeat,arm,generation,config_hash,config,status,perf_ms,compile_time_s,seeded_by_heuristic
softmax,SO_001,256x4096,train,0,heuristics,0,73ee7ebfcd167c3e,"{""atomic_indexing"": [], ""block_sizes"": [1], ""indexing"": [""pointer"", ""pointer"", ""tensor_descriptor"", ""tensor_descriptor"", ""tensor_descriptor"", ""tensor_descriptor""], ""load_eviction_policies"": [""last"", """", """", ""first""], ""num_stages"": 1, ""num_warps"": 4, ""pid_type"": ""flat"", ""range_flattens"": [null], ""range_multi_buffers"": [null], ""range_num_stages"": [0], ""range_unroll_factors"": [0], ""range_warp_specializes"": [null], ""reduction_loops"": [null]}",ok,7.199999876320362,0.07853937149047852,1
softmax,SO_001,256x4096,train,0,heuristics,0,30e4835bd494529f,"{""atomic_indexing"": [], ""block_sizes"": [1], ""indexing"": [""tensor_descriptor"", ""tensor_descriptor"", ""pointer"", ""tensor_descriptor"", ""tensor_descriptor"", ""pointer""], ""load_eviction_policies"": ["""", """", """", """"], ""num_stages"": 2, ""num_warps"": 8, ""pid_type"": ""flat"", ""range_flattens"": [null], ""range_multi_buffers"": [null], ""range_num_stages"": [0], ""range_unroll_factors"": [0], ""range_warp_specializes"": [null], ""reduction_loops"": [null]}",ok,7.199999876320362,0.06077170372009277,1
softmax,SO_001,256x4096,train,0,heuristics,0,4c8d5c71e5731ce4,"{""atomic_indexing"": [], ""block_sizes"": [1], ""indexing"": [""pointer"", ""tensor_descriptor"", ""tensor_descriptor"", ""pointer"", ""tensor_descriptor"", ""tensor_descriptor""], ""load_eviction_policies"": [""last"", ""first"", ""last"", """"], ""num_stages"": 4, ""num_warps"": 2, ""pid_type"": ""flat"", ""range_flattens"": [null], ""range_multi_buffers"": [null], ""range_num_stages"": [0], ""range_unroll_factors"": [0], ""range_warp_specializes"": [null], ""reduction_loops"": [null]}",ok,9.216000325977802,0.3114805221557617,1
softmax,SO_001,256x4096,train,0,heuristics,0,04a86e122889c00f,"{""atomic_indexing"": [], ""block_sizes"": [1], ""indexing"": [""pointer"", ""tensor_descriptor"", ""pointer"", ""tensor_descriptor"", ""pointer"", ""tensor_descriptor""], ""load_eviction_policies"": ["""", """", ""last"", """"], ""num_stages"": 2, ""num_warps"": 4, ""pid_type"": ""flat"", ""range_flattens"": [null], ""range_multi_buffers"": [null], ""range_num_stages"": [0], ""range_unroll_factors"": [0], ""range_warp_specializes"": [null], ""reduction_loops"": [null]}",ok,7.199999876320362,0.2159733772277832,1
softmax,SO_001,256x4096,train,0,heuristics,0,2762deffa84c958d,"{""atomic_indexing"": [], ""block_sizes"": [16], ""indexing"": [""tensor_descriptor"", ""pointer"", ""pointer"", ""pointer"", ""pointer"", ""tensor_descriptor""], ""load_eviction_policies"": ["""", ""first"", ""last"", """"], ""num_stages"": 1, ""num_warps"": 16, ""pid_type"": ""flat"", ""range_flattens"": [null], ""range_multi_buffers"": [null], ""range_num_stages"": [0], ""range_unroll_factors"": [0], ""range_warp_specializes"": [null], ""reduction_loops"": [null]}",ok,17.40800030529499,0.6018195152282715,1
softmax,SO_001,256x4096,train,0,heuristics,0,2eaa47515491baec,"{""atomic_indexing"": [], ""block_sizes"": [4], ""indexing"": [""pointer"", ""tensor_descriptor"", ""tensor_descriptor"", ""tensor_descriptor"", ""pointer"", ""tensor_descriptor""], ""load_eviction_policies"": ["""", """", """", ""last""], ""num_stages"": 7, ""num_warps"": 4, ""pid_type"": ""flat"", ""range_flattens"": [null], ""range_multi_buffers"": [null], ""range_num_stages"": [0], ""range_unroll_factors"": [0], ""range_warp_specializes"": [null], ""reduction_loops"": [null]}",ok,11.264000087976456,0.5197601318359375,1
softmax,SO_001,256x4096,train,0,heuristics,0,bc289a87be1dbe30,"{""atomic_indexing"": [], ""block_sizes"": [1], ""indexing"": [""pointer"", ""pointer"", ""tensor_descriptor"", ""tensor_descriptor"", ""pointer"", ""tensor_descriptor""], ""load_eviction_policies"": ["""", ""first"", ""first"", ""first""], ""num_stages"": 6, ""num_warps"": 32, ""pid_type"": ""flat"", ""range_flattens"": [null], ""range_multi_buffers"": [null], ""range_num_stages"": [0], ""range_unroll_factors"": [0], ""range_warp_specializes"": [null], ""reduction_loops"": [null]}",ok,7.23200011998415,0.12171483039855957,1
softmax,SO_001,256x4096,train,0,heuristics,0,8f9244c76278f5d3,"{""atomic_indexing"": [], ""block_sizes"": [1], ""indexing"": [""pointer"", ""pointer"", ""pointer"", ""pointer"", ""pointer"", ""pointer""], ""load_eviction_policies"": ["""", """", """", """"], ""num_stages"": 1, ""num_warps"": 4, ""pid_type"": ""flat"", ""range_flattens"": [null], ""range_multi_buffers"": [null], ""range_num_stages"": [0], ""range_unroll_factors"": [0], ""range_warp_specializes"": [null], ""reduction_loops"": [null]}",ok,7.199999876320362,0.030108928680419922,0
softmax,SO_001,256x4096,train,0,heuristics,0,736883104fb84b05,"{""atomic_indexing"": [], ""block_sizes"": [8], ""indexing"": [""pointer"", ""pointer"", ""pointer"", ""pointer"", ""pointer"", ""pointer""], ""load_eviction_policies"": ["""", """", """", """"], ""num_stages"": 2, ""num_warps"": 8, ""pid_type"": ""flat"", ""range_flattens"": [null], ""range_multi_buffers"": [null], ""range_num_stages"": [0], ""range_unroll_factors"": [0], ""range_warp_specializes"": [null], ""reduction_loops"": [null]}",ok,11.264000087976456,0.05529451370239258,0
softmax,SO_001,256x4096,train,0,heuristics,0,02b40432328bb616,"{""atomic_indexing"": [], ""block_sizes"": [16], ""indexing"": [""pointer"", ""pointer"", ""pointer"", ""pointer"", ""pointer"", ""pointer""], ""load_eviction_policies"": ["""", """", """", """"], ""num_stages"": 3, ""num_warps"": 8, ""pid_type"": ""flat"", ""range_flattens"": [null], ""range_multi_buffers"": [null], ""range_num_stages"": [0], ""range_unroll_factors"": [0], ""range_warp_specializes"": [null], ""reduction_loops"": [null]}",ok,17.40800030529499,0.038129329681396484,0
softmax,SO_001,256x4096,train,0,heuristics,0,a22a4b704ac9c927,"{""atomic_indexing"": [], ""block_sizes"": [4], ""indexing"": [""pointer"", ""pointer"", ""pointer"", ""pointer"", ""pointer"", ""pointer""], ""load_eviction_policies"": ["""", """", """", """"], ""num_sm_multiplier"": 1, ""num_stages"": 2, ""num_warps"": 4, ""pid_type"": ""persistent_blocked"", ""range_flattens"": [null], ""range_multi_buffers"": [null], ""range_num_stages"": [0], ""range_unroll_factors"": [0], ""range_warp_specializes"": [null], ""reduction_loops"": [null]}",ok,11.264000087976456,0.023516178131103516,0
softmax,SO_001,256x4096,train,0,heuristics,0,db08dbbf6ad57f96,"{""atomic_indexing"": [], ""block_sizes"": [32], ""indexing"": [""tensor_descriptor"", ""tensor_descriptor"", ""tensor_descriptor"", ""tensor_descriptor"", ""tensor_descriptor"", ""tensor_descriptor""], ""load_eviction_policies"": ["""", """", """", """"], ""num_stages"": 2, ""num_warps"": 16, ""pid_type"": ""flat"", ""range_flattens"": [null], ""range_multi_buffers"": [null], ""range_num_stages"": [0], ""range_unroll_factors"": [0], ""range_warp_specializes"": [null], ""reduction_loops"": [null]}",error,inf,0.024673938751220703,0
softmax,SO_001,256x4096,train,0,heuristics,0,97489e6e5bb2b9e8,"{""atomic_indexing"": [], ""block_sizes"": [2], ""indexing"": [""pointer"", ""pointer"", ""pointer"", ""pointer"", ""pointer"", ""pointer""], ""load_eviction_policies"": ["""", """", """", """"], ""num_stages"": 1, ""num_warps"": 4, ""pid_type"": ""flat"", ""range_flattens"": [null], ""range_multi_buffers"": [null], ""range_num_stages"": [0], ""range_unroll_factors"": [0], ""range_warp_specializes"": [null], ""reduction_loops"": [null]}",ok,9.216000325977802,0.021529197692871094,0
softmax,SO_001,256x4096,train,1,heuristics,0,73ee7ebfcd167c3e,"{""atomic_indexing"": [], ""block_sizes"": [1], ""indexing"": [""pointer"", ""pointer"", ""tensor_descriptor"", ""tensor_descriptor"", ""tensor_descriptor"", ""tensor_descriptor""], ""load_eviction_policies"": [""last"", """", """", ""first""], ""num_stages"": 1, ""num_warps"": 4, ""pid_type"": ""flat"", ""range_flattens"": [null], ""range_multi_buffers"": [null], ""range_num_stages"": [0], ""range_unroll_factors"": [0], ""range_warp_specializes"": [null], ""reduction_loops"": [null]}",ok,7.199999876320362,0.14056611061096191,1
softmax,SO_001,256x4096,train,1,heuristics,0,30e4835bd494529f,"{""atomic_indexing"": [], ""block_sizes"": [1], ""indexing"": [""tensor_descriptor"", ""tensor_descriptor"", ""pointer"", ""tensor_descriptor"", ""tensor_descriptor"", ""pointer""], ""load_eviction_policies"": ["""", """", """", """"], ""num_stages"": 2, ""num_warps"": 8, ""pid_type"": ""flat"", ""range_flattens"": [null], ""range_multi_buffers"": [null], ""range_num_stages"": [0], ""range_unroll_factors"": [0], ""range_warp_specializes"": [null], ""reduction_loops"": [null]}",ok,7.199999876320362,0.1230309009552002,1
softmax,SO_001,256x4096,train,1,heuristics,0,4c8d5c71e5731ce4,"{""atomic_indexing"": [], ""block_sizes"": [1], ""indexing"": [""pointer"", ""tensor_descriptor"", ""tensor_descriptor"", ""pointer"", ""tensor_descriptor"", ""tensor_descriptor""], ""load_eviction_policies"": [""last"", ""first"", ""last"", """"], ""num_stages"": 4, ""num_warps"": 2, ""pid_type"": ""flat"", ""range_flattens"": [null], ""range_multi_buffers"": [null], ""range_num_stages"": [0], ""range_unroll_factors"": [0], ""range_warp_specializes"": [null], ""reduction_loops"": [null]}",ok,9.216000325977802,0.10570764541625977,1
softmax,SO_001,256x4096,train,1,heuristics,0,04a86e122889c00f,"{""atomic_indexing"": [], ""block_sizes"": [1], ""indexing"": [""pointer"", ""tensor_descriptor"", ""pointer"", ""tensor_descriptor"", ""pointer"", ""tensor_descriptor""], ""load_eviction_policies"": ["""", """", ""last"", """"], ""num_stages"": 2, ""num_warps"": 4, ""pid_type"": ""flat"", ""range_flattens"": [null], ""range_multi_buffers"": [null], ""range_num_stages"": [0], ""range_unroll_factors"": [0], ""range_warp_specializes"": [null], ""reduction_loops"": [null]}",ok,7.199999876320362,0.08692479133605957,1
softmax,SO_001,256x4096,train,1,heuristics,0,2762deffa84c958d,"{""atomic_indexing"": [], ""block_sizes"": [16], ""indexing"": [""tensor_descriptor"", ""pointer"", ""pointer"", ""pointer"", ""pointer"", ""tensor_descriptor""], ""load_eviction_policies"": ["""", ""first"", ""last"", """"], ""num_stages"": 1, ""num_warps"": 16, ""pid_type"": ""flat"", ""range_flattens"": [null], ""range_multi_buffers"": [null], ""range_num_stages"": [0], ""range_unroll_factors"": [0], ""range_warp_specializes"": [null], ""reduction_loops"": [null]}",ok,17.40800030529499,0.0723721981048584,1
softmax,SO_001,256x4096,train,1,heuristics,0,2eaa47515491baec,"{""atomic_indexing"": [], ""block_sizes"": [4], ""indexing"": [""pointer"", ""tensor_descriptor"", ""tensor_descriptor"", ""tensor_descriptor"", ""pointer"", ""tensor_descriptor""], ""load_eviction_policies"": ["""", """", """", ""last""], ""num_stages"": 7, ""num_warps"": 4, ""pid_type"": ""flat"", ""range_flattens"": [null], ""range_multi_buffers"": [null], ""range_num_stages"": [0], ""range_unroll_factors"": [0], ""range_warp_specializes"": [null], ""reduction_loops"": [null]}",ok,11.264000087976456,0.05475735664367676,1
softmax,SO_001,256x4096,train,1,heuristics,0,bc289a87be1dbe30,"{""atomic_indexing"": [], ""block_sizes"": [1], ""indexing"": [""pointer"", ""pointer"", ""tensor_descriptor"", ""tensor_descriptor"", ""pointer"", ""tensor_descriptor""], ""load_eviction_policies"": ["""", ""first"", ""first"", ""first""], ""num_stages"": 6, ""num_warps"": 32, ""pid_type"": ""flat"", ""range_flattens"": [null], ""range_multi_buffers"": [null], ""range_num_stages"": [0], ""range_unroll_factors"": [0], ""range_warp_specializes"": [null], ""reduction_loops"": [null]}",ok,7.23200011998415,0.04267287254333496,1
softmax,SO_001,256x4096,train,1,heuristics,0,8f9244c76278f5d3,"{""atomic_indexing"": [], ""block_sizes"": [1], ""indexing"": [""pointer"", ""pointer"", ""pointer"", ""pointer"", ""pointer"", ""pointer""], ""load_eviction_policies"": ["""", """", """", """"], ""num_stages"": 1, ""num_warps"": 4, ""pid_type"": ""flat"", ""range_flattens"": [null], ""range_multi_buffers"": [null], ""range_num_stages"": [0], ""range_unroll_factors"": [0], ""range_warp_specializes"": [null], ""reduction_loops"": [null]}",ok,7.199999876320362,0.040270090103149414,0
softmax,SO_001,256x4096,train,1,heuristics,0,736883104fb84b05,"{""atomic_indexing"": [], ""block_sizes"": [8], ""indexing"": [""pointer"", ""pointer"", ""pointer"", ""pointer"", ""pointer"", ""pointer""], ""load_eviction_policies"": ["""", """", """", """"], ""num_stages"": 2, ""num_warps"": 8, ""pid_type"": ""flat"", ""range_flattens"": [null], ""range_multi_buffers"": [null], ""range_num_stages"": [0], ""range_unroll_factors"": [0], ""range_warp_specializes"": [null], ""reduction_loops"": [null]}",ok,11.264000087976456,0.056559085845947266,0
softmax,SO_001,256x4096,train,1,heuristics,0,f8e7a0fba29310be,"{""atomic_indexing"": [], ""block_sizes"": [16], ""indexing"": [""pointer"", ""pointer"", ""pointer"", ""pointer"", ""pointer"", ""pointer""], ""load_eviction_policies"": ["""", """", """", """"], ""num_stages"": 3, ""num_warps"": 16, ""pid_type"": ""flat"", ""range_flattens"": [null], ""range_multi_buffers"": [null], ""range_num_stages"": [0], ""range_unroll_factors"": [0], ""range_warp_specializes"": [null], ""reduction_loops"": [null]}",ok,17.40800030529499,0.039180755615234375,0
softmax,SO_001,256x4096,train,1,heuristics,0,e856e229bfd873a3,"{""atomic_indexing"": [], ""block_sizes"": [4], ""indexing"": [""pointer"", ""pointer"", ""pointer"", ""pointer"", ""pointer"", ""pointer""], ""load_eviction_policies"": ["""", """", """", """"], ""num_sm_multiplier"": 1, ""num_stages"": 2, ""num_warps"": 8, ""pid_type"": ""persistent_blocked"", ""range_flattens"": [null], ""range_multi_buffers"": [null], ""range_num_stages"": [0], ""range_unroll_factors"": [0], ""range_warp_specializes"": [null], ""reduction_loops"": [null]}",ok,9.216000325977802,0.025372982025146484,0
softmax,SO_001,256x4096,train,1,heuristics,0,db08dbbf6ad57f96,"{""atomic_indexing"": [], ""block_sizes"": [32], ""indexing"": [""tensor_descriptor"", ""tensor_descriptor"", ""tensor_descriptor"", ""tensor_descriptor"", ""tensor_descriptor"", ""tensor_descriptor""], ""load_eviction_policies"": ["""", """", """", """"], ""num_stages"": 2, ""num_warps"": 16, ""pid_type"": ""flat"", ""range_flattens"": [null], ""range_multi_buffers"": [null], ""range_num_stages"": [0], ""range_unroll_factors"": [0], ""range_warp_specializes"": [null], ""reduction_loops"": [null]}",error,inf,0.022680997848510742,0
softmax,SO_001,256x4096,train,1,heuristics,0,97489e6e5bb2b9e8,"{""atomic_indexing"": [], ""block_sizes"": [2], ""indexing"": [""pointer"", ""pointer"", ""pointer"", ""pointer"", ""pointer"", ""pointer""], ""load_eviction_policies"": ["""", """", """", """"], ""num_stages"": 1, ""num_warps"": 4, ""pid_type"": ""flat"", ""range_flattens"": [null], ""range_multi_buffers"": [null], ""range_num_stages"": [0], ""range_unroll_factors"": [0], ""range_warp_specializes"": [null], ""reduction_loops"": [null]}",ok,9.216000325977802,0.03243064880371094,0
softmax,SO_001,256x4096,train,2,heuristics,0,73ee7ebfcd167c3e,"{""atomic_indexing"": [], ""block_sizes"": [1], ""indexing"": [""pointer"", ""pointer"", ""tensor_descriptor"", ""tensor_descriptor"", ""tensor_descriptor"", ""tensor_descriptor""], ""load_eviction_policies"": [""last"", """", """", ""first""], ""num_stages"": 1, ""num_warps"": 4, ""pid_type"": ""flat"", ""range_flattens"": [null], ""range_multi_buffers"": [null], ""range_num_stages"": [0], ""range_unroll_factors"": [0], ""range_warp_specializes"": [null], ""reduction_loops"": [null]}",ok,7.199999876320362,0.12599802017211914,1
softmax,SO_001,256x4096,train,2,heuristics,0,30e4835bd494529f,"{""atomic_indexing"": [], ""block_sizes"": [1], ""indexing"": [""tensor_descriptor"", ""tensor_descriptor"", ""pointer"", ""tensor_descriptor"", ""tensor_descriptor"", ""pointer""], ""load_eviction_policies"": ["""", """", """", """"], ""num_stages"": 2, ""num_warps"": 8, ""pid_type"": ""flat"", ""range_flattens"": [null], ""range_multi_buffers"": [null], ""range_num_stages"": [0], ""range_unroll_factors"": [0], ""range_warp_specializes"": [null], ""reduction_loops"": [null]}",ok,7.199999876320362,0.10824203491210938,1
softmax,SO_001,256x4096,train,2,heuristics,0,4c8d5c71e5731ce4,"{""atomic_indexing"": [], ""block_sizes"": [1], ""indexing"": [""pointer"", ""tensor_descriptor"", ""tensor_descriptor"", ""pointer"", ""tensor_descriptor"", ""tensor_descriptor""], ""load_eviction_policies"": [""last"", ""first"", ""last"", """"], ""num_stages"": 4, ""num_warps"": 2, ""pid_type"": ""flat"", ""range_flattens"": [null], ""range_multi_buffers"": [null], ""range_num_stages"": [0], ""range_unroll_factors"": [0], ""range_warp_specializes"": [null], ""reduction_loops"": [null]}",ok,9.216000325977802,0.090576171875,1
softmax,SO_001,256x4096,train,2,heuristics,0,04a86e122889c00f,"{""atomic_indexing"": [], ""block_sizes"": [1], ""indexing"": [""pointer"", ""tensor_descriptor"", ""pointer"", ""tensor_descriptor"", ""pointer"", ""tensor_descriptor""], ""load_eviction_policies"": ["""", """", ""last"", """"], ""num_stages"": 2, ""num_warps"": 4, ""pid_type"": ""flat"", ""range_flattens"": [null], ""range_multi_buffers"": [null], ""range_num_stages"": [0], ""range_unroll_factors"": [0], ""range_warp_specializes"": [null], ""reduction_loops"": [null]}",ok,7.199999876320362,0.08282089233398438,1
softmax,SO_001,256x4096,train,2,heuristics,0,2762deffa84c958d,"{""atomic_indexing"": [], ""block_sizes"": [16], ""indexing"": [""tensor_descriptor"", ""pointer"", ""pointer"", ""pointer"", ""pointer"", ""tensor_descriptor""], ""load_eviction_policies"": ["""", ""first"", ""last"", """"], ""num_stages"": 1, ""num_warps"": 16, ""pid_type"": ""flat"", ""range_flattens"": [null], ""range_multi_buffers"": [null], ""range_num_stages"": [0], ""range_unroll_factors"": [0], ""range_warp_specializes"": [null], ""reduction_loops"": [null]}",ok,17.40800030529499,0.06479811668395996,1
softmax,SO_001,256x4096,train,2,heuristics,0,2eaa47515491baec,"{""atomic_indexing"": [], ""block_sizes"": [4], ""indexing"": [""pointer"", ""tensor_descriptor"", ""tensor_descriptor"", ""tensor_descriptor"", ""pointer"", ""tensor_descriptor""], ""load_eviction_policies"": ["""", """", """", ""last""], ""num_stages"": 7, ""num_warps"": 4, ""pid_type"": ""flat"", ""range_flattens"": [null], ""range_multi_buffers"": [null], ""range_num_stages"": [0], ""range_unroll_factors"": [0], ""range_warp_specializes"": [null], ""reduction_loops"": [null]}",ok,11.264000087976456,0.05242276191711426,1
softmax,SO_001,256x4096,train,2,heuristics,0,bc289a87be1dbe30,"{""atomic_indexing"": [], ""block_sizes"": [1], ""indexing"": [""pointer"", ""pointer"", ""tensor_descriptor"", ""tensor_descriptor"", ""pointer"", ""tensor_descriptor""], ""load_eviction_policies"": ["""", ""first"", ""first"", ""first""], ""num_stages"": 6, ""num_warps"": 32, ""pid_type"": ""flat"", ""range_flattens"": [null], ""range_multi_buffers"": [null], ""range_num_stages"": [0], ""range_unroll_factors"": [0], ""range_warp_specializes"": [null], ""reduction_loops"": [null]}",ok,7.199999876320362,0.038253068923950195,1
softmax,SO_001,256x4096,train,2,heuristics,0,8f9244c76278f5d3,"{""atomic_indexing"": [], ""block_sizes"": [1], ""indexing"": [""pointer"", ""pointer"", ""pointer"", ""pointer"", ""pointer"", ""pointer""], ""load_eviction_policies"": ["""", """", """", """"], ""num_stages"": 1, ""num_warps"": 4, ""pid_type"": ""flat"", ""range_flattens"": [null], ""range_multi_buffers"": [null], ""range_num_stages"": [0], ""range_unroll_factors"": [0], ""range_warp_specializes"": [null], ""reduction_loops"": [null]}",ok,7.199999876320362,0.04096364974975586,0
softmax,SO_001,256x4096,train,2,heuristics,0,736883104fb84b05,"{""atomic_indexing"": [], ""block_sizes"": [8], ""indexing"": [""pointer"", ""pointer"", ""pointer"", ""pointer"", ""pointer"", ""pointer""], ""load_eviction_policies"": ["""", """", """", """"], ""num_stages"": 2, ""num_warps"": 8, ""pid_type"": ""flat"", ""range_flattens"": [null], ""range_multi_buffers"": [null], ""range_num_stages"": [0], ""range_unroll_factors"": [0], ""range_warp_specializes"": [null], ""reduction_loops"": [null]}",ok,11.264000087976456,0.08174324035644531,0
softmax,SO_001,256x4096,train,2,heuristics,0,f8e7a0fba29310be,"{""atomic_indexing"": [], ""block_sizes"": [16], ""indexing"": [""pointer"", ""pointer"", ""pointer"", ""pointer"", ""pointer"", ""pointer""], ""load_eviction_policies"": ["""", """", """", """"], ""num_stages"": 3, ""num_warps"": 16, ""pid_type"": ""flat"", ""range_flattens"": [null], ""range_multi_buffers"": [null], ""range_num_stages"": [0], ""range_unroll_factors"": [0], ""range_warp_specializes"": [null], ""reduction_loops"": [null]}",ok,17.40800030529499,0.06459689140319824,0
softmax,SO_001,256x4096,train,2,heuristics,0,e856e229bfd873a3,"{""atomic_indexing"": [], ""block_sizes"": [4], ""indexing"": [""pointer"", ""pointer"", ""pointer"", ""pointer"", ""pointer"", ""pointer""], ""load_eviction_policies"": ["""", """", """", """"], ""num_sm_multiplier"": 1, ""num_stages"": 2, ""num_warps"": 8, ""pid_type"": ""persistent_blocked"", ""range_flattens"": [null], ""range_multi_buffers"": [null], ""range_num_stages"": [0], ""range_unroll_factors"": [0], ""range_warp_specializes"": [null], ""reduction_loops"": [null]}",ok,9.216000325977802,0.04773283004760742,0
softmax,SO_001,256x4096,train,2,heuristics,0,db08dbbf6ad57f96,"{""atomic_indexing"": [], ""block_sizes"": [32], ""indexing"": [""tensor_descriptor"", ""tensor_descriptor"", ""tensor_descriptor"", ""tensor_descriptor"", ""tensor_descriptor"", ""tensor_descriptor""], ""load_eviction_policies"": ["""", """", """", """"], ""num_stages"": 2, ""num_warps"": 16, ""pid_type"": ""flat"", ""range_flattens"": [null], ""range_multi_buffers"": [null], ""range_num_stages"": [0], ""range_unroll_factors"": [0], ""range_warp_specializes"": [null], ""reduction_loops"": [null]}",error,inf,0.03702807426452637,0
softmax,SO_001,256x4096,train,2,heuristics,0,40d6f717e83684ce,"{""atomic_indexing"": [], ""block_sizes"": [2], ""indexing"": [""pointer"", ""pointer"", ""pointer"", ""pointer"", ""pointer"", ""pointer""], ""load_eviction_policies"": ["""", """", """", """"], ""num_stages"": 3, ""num_warps"": 4, ""pid_type"": ""flat"", ""range_flattens"": [null], ""range_multi_buffers"": [null], ""range_num_stages"": [0], ""range_unroll_factors"": [0], ""range_warp_specializes"": [null], ""reduction_loops"": [null]}",ok,9.216000325977802,0.043212890625,0
softmax,SO_002,512x2048,train,0,heuristics,0,73ee7ebfcd167c3e,"{""atomic_indexing"": [], ""block_sizes"": [1], ""indexing"": [""pointer"", ""pointer"", ""tensor_descriptor"", ""tensor_descriptor"", ""tensor_descriptor"", ""tensor_descriptor""], ""load_eviction_policies"": [""last"", """", """", ""first""], ""num_stages"": 1, ""num_warps"": 4, ""pid_type"": ""flat"", ""range_flattens"": [null], ""range_multi_buffers"": [null], ""range_num_stages"": [0], ""range_unroll_factors"": [0], ""range_warp_specializes"": [null], ""reduction_loops"": [null]}",ok,7.199999876320362,0.07915830612182617,1
softmax,SO_002,512x2048,train,0,heuristics,0,30e4835bd494529f,"{""atomic_indexing"": [], ""block_sizes"": [1], ""indexing"": [""tensor_descriptor"", ""tensor_descriptor"", ""pointer"", ""tensor_descriptor"", ""tensor_descriptor"", ""pointer""], ""load_eviction_policies"": ["""", """", """", """"], ""num_stages"": 2, ""num_warps"": 8, ""pid_type"": ""flat"", ""range_flattens"": [null], ""range_multi_buffers"": [null], ""range_num_stages"": [0], ""range_unroll_factors"": [0], ""range_warp_specializes"": [null], ""reduction_loops"": [null]}",ok,7.199999876320362,0.14342260360717773,1
softmax,SO_002,512x2048,train,0,heuristics,0,4c8d5c71e5731ce4,"{""atomic_indexing"": [], ""block_sizes"": [1], ""indexing"": [""pointer"", ""tensor_descriptor"", ""tensor_descriptor"", ""pointer"", ""tensor_descriptor"", ""tensor_descriptor""], ""load_eviction_policies"": [""last"", ""first"", ""last"", """"], ""num_stages"": 4, ""num_warps"": 2, ""pid_type"": ""flat"", ""range_flattens"": [null], ""range_multi_buffers"": [null], ""range_num_stages"": [0], ""range_unroll_factors"": [0], ""range_warp_specializes"": [null], ""reduction_loops"": [null]}",ok,7.199999876320362,0.21293187141418457,1
softmax,SO_002,512x2048,train,0,heuristics,0,04a86e122889c00f,"{""atomic_indexing"": [], ""block_sizes"": [1], ""indexing"": [""pointer"", ""tensor_descriptor"", ""pointer"", ""tensor_descriptor"", ""pointer"", ""tensor_descriptor""], ""load_eviction_policies"": ["""", """", ""last"", """"], ""num_stages"": 2, ""num_warps"": 4, ""pid_type"": ""flat"", ""range_flattens"": [null], ""range_multi_buffers"": [null], ""range_num_stages"": [0], ""range_unroll_factors"": [0], ""range_warp_specializes"": [null], ""reduction_loops"": [null]}",ok,7.199999876320362,0.15299391746520996,1
softmax,SO_002,512x2048,train,0,heuristics,0,2762deffa84c958d,"{""atomic_indexing"": [], ""block_sizes"": [16], ""indexing"": [""tensor_descriptor"", ""pointer"", ""pointer"", ""pointer"", ""pointer"", ""tensor_descriptor""], ""load_eviction_policies"": ["""", ""first"", ""last"", """"], ""num_stages"": 1, ""num_warps"": 16, ""pid_type"": ""flat"", ""range_flattens"": [null], ""range_multi_buffers"": [null], ""range_num_stages"": [0], ""range_unroll_factors"": [0], ""range_warp_specializes"": [null], ""reduction_loops"": [null]}",ok,13.167999684810638,0.34181904792785645,1
softmax,SO_002,512x2048,train,0,heuristics,0,2eaa47515491baec,"{""atomic_indexing"": [], ""block_sizes"": [4], ""indexing"": [""pointer"", ""tensor_descriptor"", ""tensor_descriptor"", ""tensor_descriptor"", ""pointer"", ""tensor_descriptor""], ""load_eviction_policies"": ["""", """", """", ""last""], ""num_stages"": 7, ""num_warps"": 4, ""pid_type"": ""flat"", ""range_flattens"": [null], ""range_multi_buffers"": [null], ""range_num_stages"": [0], ""range_unroll_factors"": [0], ""range_warp_specializes"": [null], ""reduction_loops"": [null]}",ok,9.216000325977802,0.30898261070251465,1
softmax,SO_002,512x2048,train,0,heuristics,0,bc289a87be1dbe30,"{""atomic_indexing"": [], ""block_sizes"": [1], ""indexing"": [""pointer"", ""pointer"", ""tensor_descriptor"", ""tensor_descriptor"", ""pointer"", ""tensor_descriptor""], ""load_eviction_policies"": ["""", ""first"", ""first"", ""first""], ""num_stages"": 6, ""num_warps"": 32, ""pid_type"": ""flat"", ""range_flattens"": [null], ""range_multi_buffers"": [null], ""range_num_stages"": [0], ""range_unroll_factors"": [0], ""range_warp_specializes"": [null], ""reduction_loops"": [null]}",ok,9.216000325977802,0.11940908432006836,1
softmax,SO_002,512x2048,train,0,heuristics,0,8f9244c76278f5d3,"{""atomic_indexing"": [], ""block_sizes"": [1], ""indexing"": [""pointer"", ""pointer"", ""pointer"", ""pointer"", ""pointer"", ""pointer""], ""load_eviction_policies"": ["""", """", """", """"], ""num_stages"": 1, ""num_warps"": 4, ""pid_type"": ""flat"", ""range_flattens"": [null], ""range_multi_buffers"": [null], ""range_num_stages"": [0], ""range_unroll_factors"": [0], ""range_warp_specializes"": [null], ""reduction_loops"": [null]}",ok,7.199999876320362,0.03457450866699219,0
softmax,SO_002,512x2048,train,0,heuristics,0,736883104fb84b05,"{""atomic_indexing"": [], ""block_sizes"": [8], ""indexing"": [""pointer"", ""pointer"", ""pointer"", ""pointer"", ""pointer"", ""pointer""], ""load_eviction_policies"": ["""", """", """", """"], ""num_stages"": 2, ""num_warps"": 8, ""pid_type"": ""flat"", ""range_flattens"": [null], ""range_multi_buffers"": [null], ""range_num_stages"": [0], ""range_unroll_factors"": [0], ""range_warp_specializes"": [null], ""reduction_loops"": [null]}",ok,9.216000325977802,0.055849552154541016,0
softmax,SO_002,512x2048,train,0,heuristics,0,02b40432328bb616,"{""atomic_indexing"": [], ""block_sizes"": [16], ""indexing"": [""pointer"", ""pointer"", ""pointer"", ""pointer"", ""pointer"", ""pointer""], ""load_eviction_policies"": ["""", """", """", """"], ""num_stages"": 3, ""num_warps"": 8, ""pid_type"": ""flat"", ""range_flattens"": [null], ""range_multi_buffers"": [null], ""range_num_stages"": [0], ""range_unroll_factors"": [0], ""range_warp_specializes"": [null], ""reduction_loops"": [null]}",ok,11.264000087976456,0.038390159606933594,0
softmax,SO_002,512x2048,train,0,heuristics,0,a22a4b704ac9c927,"{""atomic_indexing"": [], ""block_sizes"": [4], ""indexing"": [""pointer"", ""pointer"", ""pointer"", ""pointer"", ""pointer"", ""pointer""], ""load_eviction_policies"": ["""", """", """", """"], ""num_sm_multiplier"": 1, ""num_stages"": 2, ""num_warps"": 4, ""pid_type"": ""persistent_blocked"", ""range_flattens"": [null], ""range_multi_buffers"": [null], ""range_num_stages"": [0], ""range_unroll_factors"": [0], ""range_warp_specializes"": [null], ""reduction_loops"": [null]}",ok,9.216000325977802,0.023784875869750977,0
softmax,SO_002,512x2048,train,0,heuristics,0,db08dbbf6ad57f96,"{""atomic_indexing"": [], ""block_sizes"": [32], ""indexing"": [""tensor_descriptor"", ""tensor_descriptor"", ""tensor_descriptor"", ""tensor_descriptor"", ""tensor_descriptor"", ""tensor_descriptor""], ""load_eviction_policies"": ["""", """", """", """"], ""num_stages"": 2, ""num_warps"": 16, ""pid_type"": ""flat"", ""range_flattens"": [null], ""range_multi_buffers"": [null], ""range_num_stages"": [0], ""range_unroll_factors"": [0], ""range_warp_specializes"": [null], ""reduction_loops"": [null]}",ok,21.503999829292297,0.02367401123046875,0
softmax,SO_002,512x2048,train,0,heuristics,0,97489e6e5bb2b9e8,"{""atomic_indexing"": [], ""block_sizes"": [2], ""indexing"": [""pointer"", ""pointer"", ""pointer"", ""pointer"", ""pointer"", ""pointer""], ""load_eviction_policies"": ["""", """", """", """"], ""num_stages"": 1, ""num_warps"": 4, ""pid_type"": ""flat"", ""range_flattens"": [null], ""range_multi_buffers"": [null], ""range_num_stages"": [0], ""range_unroll_factors"": [0], ""range_warp_specializes"": [null], ""reduction_loops"": [null]}",ok,7.199999876320362,0.022291898727416992,0
softmax,SO_002,512x2048,train,1,heuristics,0,73ee7ebfcd167c3e,"{""atomic_indexing"": [], ""block_sizes"": [1], ""indexing"": [""pointer"", ""pointer"", ""tensor_descriptor"", ""tensor_descriptor"", ""tensor_descriptor"", ""tensor_descriptor""], ""load_eviction_policies"": [""last"", """", """", ""first""], ""num_stages"": 1, ""num_warps"": 4, ""pid_type"": ""flat"", ""range_flattens"": [null], ""range_multi_buffers"": [null], ""range_num_stages"": [0], ""range_unroll_factors"": [0], ""range_warp_specializes"": [null], ""reduction_loops"": [null]}",ok,7.199999876320362,0.08247971534729004,1
softmax,SO_002,512x2048,train,1,heuristics,0,30e4835bd494529f,"{""atomic_indexing"": [], ""block_sizes"": [1], ""indexing"": [""tensor_descriptor"", ""tensor_descriptor"", ""pointer"", ""tensor_descriptor"", ""tensor_descriptor"", ""pointer""], ""load_eviction_policies"": ["""", """", """", """"], ""num_stages"": 2, ""num_warps"": 8, ""pid_type"": ""flat"", ""range_flattens"": [null], ""range_multi_buffers"": [null], ""range_num_stages"": [0], ""range_unroll_factors"": [0], ""range_warp_specializes"": [null], ""reduction_loops"": [null]}",ok,7.199999876320362,0.06519269943237305,1
softmax,SO_002,512x2048,train,1,heuristics,0,4c8d5c71e5731ce4,"{""atomic_indexing"": [], ""block_sizes"": [1], ""indexing"": [""pointer"", ""tensor_descriptor"", ""tensor_descriptor"", ""pointer"", ""tensor_descriptor"", ""tensor_descriptor""], ""load_eviction_policies"": [""last"", ""first"", ""last"", """"], ""num_stages"": 4, ""num_warps"": 2, ""pid_type"": ""flat"", ""range_flattens"": [null], ""range_multi_buffers"": [null], ""range_num_stages"": [0], ""range_unroll_factors"": [0], ""range_warp_specializes"": [null], ""reduction_loops"": [null]}",ok,7.199999876320362,0.04819321632385254,1
softmax,SO_002,512x2048,train,1,heuristics,0,04a86e122889c00f,"{""atomic_indexing"": [], ""block_sizes"": [1], ""indexing"": [""pointer"", ""tensor_descriptor"", ""pointer"", ""tensor_descriptor"", ""pointer"", ""tensor_descriptor""], ""load_eviction_policies"": ["""", """", ""last"", """"], ""num_stages"": 2, ""num_warps"": 4, ""pid_type"": ""flat"", ""range_flattens"": [null], ""range_multi_buffers"": [null], ""range_num_stages"": [0], ""range_unroll_factors"": [0], ""range_warp_specializes"": [null], ""reduction_loops"": [null]}",ok,7.199999876320362,0.03975367546081543,1
softmax,SO_002,512x2048,train,1,heuristics,0,2762deffa84c958d,"{""atomic_indexing"": [], ""block_sizes"": [16], ""indexing"": [""tensor_descriptor"", ""pointer"", ""pointer"", ""pointer"", ""pointer"", ""tensor_descriptor""], ""load_eviction_policies"": ["""", ""first"", ""last"", """"], ""num_stages"": 1, ""num_warps"": 16, ""pid_type"": ""flat"", ""range_flattens"": [null], ""range_multi_buffers"": [null], ""range_num_stages"": [0], ""range_unroll_factors"": [0], ""range_warp_specializes"": [null], ""reduction_loops"": [null]}",ok,12.44799979031086,0.032500267028808594,1
softmax,SO_002,512x2048,train,1,heuristics,0,2eaa47515491baec,"{""atomic_indexing"": [], ""block_sizes"": [4], ""indexing"": [""pointer"", ""tensor_descriptor"", ""tensor_descriptor"", ""tensor_descriptor"", ""pointer"", ""tensor_descriptor""], ""load_eviction_policies"": ["""", """", """", ""last""], ""num_stages"": 7, ""num_warps"": 4, ""pid_type"": ""flat"", ""range_flattens"": [null], ""range_multi_buffers"": [null], ""range_num_stages"": [0], ""range_unroll_factors"": [0], ""range_warp_specializes"": [null], ""reduction_loops"": [null]}",ok,9.247999638319016,0.02301788330078125,1
softmax,SO_002,512x2048,train,1,heuristics,0,bc289a87be1dbe30,"{""atomic_indexing"": [], ""block_sizes"": [1], ""indexing"": [""pointer"", ""pointer"", ""tensor_descriptor"", ""tensor_descriptor"", ""pointer"", ""tensor_descriptor""], ""load_eviction_policies"": ["""", ""first"", ""first"", ""first""], ""num_stages"": 6, ""num_warps"": 32, ""pid_type"": ""flat"", ""range_flattens"": [null], ""range_multi_buffers"": [null], ""range_num_stages"": [0], ""range_unroll_factors"": [0], ""range_warp_specializes"": [null], ""reduction_loops"": [null]}",ok,9.247999638319016,0.021506786346435547,1
softmax,SO_002,512x2048,train,1,heuristics,0,8f9244c76278f5d3,"{""atomic_indexing"": [], ""block_sizes"": [1], ""indexing"": [""pointer"", ""pointer"", ""pointer"", ""pointer"", ""pointer"", ""pointer""], ""load_eviction_policies"": ["""", """", """", """"], ""num_stages"": 1, ""num_warps"": 4, ""pid_type"": ""flat"", ""range_flattens"": [null], ""range_multi_buffers"": [null], ""range_num_stages"": [0], ""range_unroll_factors"": [0], ""range_warp_specializes"": [null], ""reduction_loops"": [null]}",ok,7.199999876320362,0.021683454513549805,0
softmax,SO_002,512x2048,train,1,heuristics,0,24722f67bd32b2e3,"{""atomic_indexing"": [], ""block_sizes"": [1], ""indexing"": [""pointer"", ""pointer"", ""pointer"", ""pointer"", ""pointer"", ""pointer""], ""load_eviction_policies"": ["""", """", """", """"], ""num_stages"": 2, ""num_warps"": 8, ""pid_type"": ""flat"", ""range_flattens"": [null], ""range_multi_buffers"": [null], ""range_num_stages"": [0], ""range_unroll_factors"": [0], ""range_warp_specializes"": [null], ""reduction_loops"": [null]}",ok,7.168000098317862,0.05570697784423828,0
softmax,SO_002,512x2048,train,1,heuristics,0,8a28c44bf6c234fc,"{""atomic_indexing"": [], ""block_sizes"": [4], ""indexing"": [""pointer"", ""pointer"", ""pointer"", ""pointer"", ""pointer"", ""pointer""], ""load_eviction_policies"": ["""", """", """", """"], ""num_stages"": 2, ""num_warps"": 8, ""pid_type"": ""flat"", ""range_flattens"": [null], ""range_multi_buffers"": [null], ""range_num_stages"": [0], ""range_unroll_factors"": [0], ""range_warp_specializes"": [null], ""reduction_loops"": [null]}",ok,9.119999594986439,0.03844904899597168,0
softmax,SO_002,512x2048,train,1,heuristics,0,51af00faa572663e,"{""atomic_indexing"": [], ""block_sizes"": [8], ""indexing"": [""pointer"", ""pointer"", ""pointer"", ""pointer"", ""pointer"", ""pointer""], ""load_eviction_policies"": ["""", """", """", """"], ""num_stages"": 3, ""num_warps"": 8, ""pid_type"": ""flat"", ""range_flattens"": [null], ""range_multi_buffers"": [null], ""range_num_stages"": [0], ""range_unroll_factors"": [0], ""range_warp_specializes"": [null], ""reduction_loops"": [null]}",ok,9.216000325977802,0.023326873779296875,0
softmax,SO_002,512x2048,train,1,heuristics,0,51fd620b1c0c7ef0,"{""atomic_indexing"": [], ""block_sizes"": [2], ""indexing"": [""tensor_descriptor"", ""tensor_descriptor"", ""tensor_descriptor"", ""tensor_descriptor"", ""tensor_descriptor"", ""tensor_descriptor""], ""load_eviction_policies"": ["""", """", """", """"], ""num_stages"": 2, ""num_warps"": 4, ""pid_type"": ""flat"", ""range_flattens"": [null], ""range_multi_buffers"": [null], ""range_num_stages"": [0], ""range_unroll_factors"": [0], ""range_warp_specializes"": [null], ""reduction_loops"": [null]}",ok,7.199999876320362,0.02353191375732422,0
softmax,SO_002,512x2048,train,1,heuristics,0,338852b1c4a598f4,"{""atomic_indexing"": [], ""block_sizes"": [16], ""indexing"": [""pointer"", ""pointer"", ""pointer"", ""pointer"", ""pointer"", ""pointer""], ""load_eviction_policies"": ["""", """", """", """"], ""num_sm_multiplier"": 1, ""num_stages"": 3, ""num_warps"": 16, ""pid_type"": ""persistent_blocked"", ""range_flattens"": [null], ""range_multi_buffers"": [null], ""range_num_stages"": [0], ""range_unroll_factors"": [0], ""range_warp_specializes"": [null], ""reduction_loops"": [null]}",ok,11.264000087976456,0.3200249671936035,0
softmax,SO_002,512x2048,train,2,heuristics,0,73ee7ebfcd167c3e,"{""atomic_indexing"": [], ""block_sizes"": [1], ""indexing"": [""pointer"", ""pointer"", ""tensor_descriptor"", ""tensor_descriptor"", ""tensor_descriptor"", ""tensor_descriptor""], ""load_eviction_policies"": [""last"", """", """", ""first""], ""num_stages"": 1, ""num_warps"": 4, ""pid_type"": ""flat"", ""range_flattens"": [null], ""range_multi_buffers"": [null], ""range_num_stages"": [0], ""range_unroll_factors"": [0], ""range_warp_specializes"": [null], ""reduction_loops"": [null]}",ok,7.199999876320362,0.09758424758911133,1
softmax,SO_002,512x2048,train,2,heuristics,0,30e4835bd494529f,"{""atomic_indexing"": [], ""block_sizes"": [1], ""indexing"": [""tensor_descriptor"", ""tensor_descriptor"", ""pointer"", ""tensor_descriptor"", ""tensor_descriptor"", ""pointer""], ""load_eviction_policies"": ["""", """", """", """"], ""num_stages"": 2, ""num_warps"": 8, ""pid_type"": ""flat"", ""range_flattens"": [null], ""range_multi_buffers"": [null], ""range_num_stages"": [0], ""range_unroll_factors"": [0], ""range_warp_specializes"": [null], ""reduction_loops"": [null]}",ok,7.199999876320362,0.08923816680908203,1
softmax,SO_002,512x2048,train,2,heuristics,0,4c8d5c71e5731ce4,"{""atomic_indexing"": [], ""block_sizes"": [1], ""indexing"": [""pointer"", ""tensor_descriptor"", ""tensor_descriptor"", ""pointer"", ""tensor_descriptor"", ""tensor_descriptor""], ""load_eviction_policies"": [""last"", ""first"", ""last"", """"], ""num_stages"": 4, ""num_warps"": 2, ""pid_type"": ""flat"", ""range_flattens"": [null], ""range_multi_buffers"": [null], ""range_num_stages"": [0], ""range_unroll_factors"": [0], ""range_warp_specializes"": [null], ""reduction_loops"": [null]}",ok,7.199999876320362,0.08196902275085449,1
softmax,SO_002,512x2048,train,2,heuristics,0,04a86e122889c00f,"{""atomic_indexing"": [], ""block_sizes"": [1], ""indexing"": [""pointer"", ""tensor_descriptor"", ""pointer"", ""tensor_descriptor"", ""pointer"", ""tensor_descriptor""], ""load_eviction_policies"": ["""", """", ""last"", """"], ""num_stages"": 2, ""num_warps"": 4, ""pid_type"": ""flat"", ""range_flattens"": [null], ""range_multi_buffers"": [null], ""range_num_stages"": [0], ""range_unroll_factors"": [0], ""range_warp_specializes"": [null], ""reduction_loops"": [null]}",ok,7.199999876320362,0.07328176498413086,1
softmax,SO_002,512x2048,train,2,heuristics,0,2762deffa84c958d,"{""atomic_indexing"": [], ""block_sizes"": [16], ""indexing"": [""tensor_descriptor"", ""pointer"", ""pointer"", ""pointer"", ""pointer"", ""tensor_descriptor""], ""load_eviction_policies"": ["""", ""first"", ""last"", """"], ""num_stages"": 1, ""num_warps"": 16, ""pid_type"": ""flat"", ""range_flattens"": [null], ""range_multi_buffers"": [null], ""range_num_stages"": [0], ""range_unroll_factors"": [0], ""range_warp_specializes"": [null], ""reduction_loops"": [null]}",ok,12.384000234305859,0.05368399620056152,1
softmax,SO_002,512x2048,train,2,heuristics,0,2eaa47515491baec,"{""atomic_indexing"": [], ""block_sizes"": [4], ""indexing"": [""pointer"", ""tensor_descriptor"", ""tensor_descriptor"", ""tensor_descriptor"", ""pointer"", ""tensor_descriptor""], ""load_eviction_policies"": ["""", """", """", ""last""], ""num_stages"": 7, ""num_warps"": 4, ""pid_type"": ""flat"", ""range_flattens"": [null], ""range_multi_buffers"": [null], ""range_num_stages"": [0], ""range_unroll_factors"": [0], ""range_warp_specializes"": [null], ""reduction_loops"": [null]}",ok,9.216000325977802,0.04097247123718262,1
softmax,SO_002,512x2048,train,2,heuristics,0,bc289a87be1dbe30,"{""atomic_indexing"": [], ""block_sizes"": [1], ""indexing"": [""pointer"", ""pointer"", ""tensor_descriptor"", ""tensor_descriptor"", ""pointer"", ""tensor_descriptor""], ""load_eviction_policies"": ["""", ""first"", ""first"", ""first""], ""num_stages"": 6, ""num_warps"": 32, ""pid_type"": ""flat"", ""range_flattens"": [null], ""range_multi_buffers"": [null], ""range_num_stages"": [0], ""range_unroll_factors"": [0], ""range_warp_specializes"": [null], ""reduction_loops"": [null]}",ok,9.216000325977802,0.03820919990539551,1
softmax,SO_002,512x2048,train,2,heuristics,0,8f9244c76278f5d3,"{""atomic_indexing"": [], ""block_sizes"": [1], ""indexing"": [""pointer"", ""pointer"", ""pointer"", ""pointer"", ""pointer"", ""pointer""], ""load_eviction_policies"": ["""", """", """", """"], ""num_stages"": 1, ""num_warps"": 4, ""pid_type"": ""flat"", ""range_flattens"": [null], ""range_multi_buffers"": [null], ""range_num_stages"": [0], ""range_unroll_factors"": [0], ""range_warp_specializes"": [null], ""reduction_loops"": [null]}",ok,7.199999876320362,0.029160022735595703,0
softmax,SO_002,512x2048,train,2,heuristics,0,736883104fb84b05,"{""atomic_indexing"": [], ""block_sizes"": [8], ""indexing"": [""pointer"", ""pointer"", ""pointer"", ""pointer"", ""pointer"", ""pointer""], ""load_eviction_policies"": ["""", """", """", """"], ""num_stages"": 2, ""num_warps"": 8, ""pid_type"": ""flat"", ""range_flattens"": [null], ""range_multi_buffers"": [null], ""range_num_stages"": [0], ""range_unroll_factors"": [0], ""range_warp_specializes"": [null], ""reduction_loops"": [null]}",ok,9.216000325977802,0.049237966537475586,0
softmax,SO_002,512x2048,train,2,heuristics,0,02b40432328bb616,"{""atomic_indexing"": [], ""block_sizes"": [16], ""indexing"": [""pointer"", ""pointer"", ""pointer"", ""pointer"", ""pointer"", ""pointer""], ""load_eviction_policies"": ["""", """", """", """"], ""num_stages"": 3, ""num_warps"": 8, ""pid_type"": ""flat"", ""range_flattens"": [null], ""range_multi_buffers"": [null], ""range_num_stages"": [0], ""range_unroll_factors"": [0], ""range_warp_specializes"": [null], ""reduction_loops"": [null]}",ok,11.264000087976456,0.03210854530334473,0
softmax,SO_002,512x2048,train,2,heuristics,0,b6f982885b2d119a,"{""atomic_indexing"": [], ""block_sizes"": [4], ""indexing"": [""tensor_descriptor"", ""tensor_descriptor"", ""tensor_descriptor"", ""tensor_descriptor"", ""tensor_descriptor"", ""tensor_descriptor""], ""load_eviction_policies"": ["""", """", """", """"], ""num_stages"": 2, ""num_warps"": 8, ""pid_type"": ""flat"", ""range_flattens"": [null], ""range_multi_buffers"": [null], ""range_num_stages"": [0], ""range_unroll_factors"": [0], ""range_warp_specializes"": [null], ""reduction_loops"": [null]}",ok,9.119999594986439,0.03291010856628418,0
softmax,SO_002,512x2048,train,2,heuristics,0,0522c358f781bde5,"{""atomic_indexing"": [], ""block_sizes"": [32], ""indexing"": [""pointer"", ""pointer"", ""pointer"", ""pointer"", ""pointer"", ""pointer""], ""load_eviction_policies"": ["""", """", """", """"], ""num_sm_multiplier"": 1, ""num_stages"": 3, ""num_warps"": 16, ""pid_type"": ""persistent_interleaved"", ""range_flattens"": [null], ""range_multi_buffers"": [null], ""range_num_stages"": [0], ""range_unroll_factors"": [0], ""range_warp_specializes"": [null], ""reduction_loops"": [null]}",ok,17.503999173641205,0.03587508201599121,0
softmax,SO_003,1024x1024,train,0,heuristics,0,4c8d5c71e5731ce4,"{""atomic_indexing"": [], ""block_sizes"": [1], ""indexing"": [""pointer"", ""tensor_descriptor"", ""tensor_descriptor"", ""pointer"", ""tensor_descriptor"", ""tensor_descriptor""], ""load_eviction_policies"": [""last"", ""first"", ""last"", """"], ""num_stages"": 4, ""num_warps"": 2, ""pid_type"": ""flat"", ""range_flattens"": [null], ""range_multi_buffers"": [null], ""range_num_stages"": [0], ""range_unroll_factors"": [0], ""range_warp_specializes"": [null], ""reduction_loops"": [null]}",ok,7.199999876320362,0.07868504524230957,1
softmax,SO_003,1024x1024,train,0,heuristics,0,30e4835bd494529f,"{""atomic_indexing"": [], ""block_sizes"": [1], ""indexing"": [""tensor_descriptor"", ""tensor_descriptor"", ""pointer"", ""tensor_descriptor"", ""tensor_descriptor"", ""pointer""], ""load_eviction_policies"": ["""", """", """", """"], ""num_stages"": 2, ""num_warps"": 8, ""pid_type"": ""flat"", ""range_flattens"": [null], ""range_multi_buffers"": [null], ""range_num_stages"": [0], ""range_unroll_factors"": [0], ""range_warp_specializes"": [null], ""reduction_loops"": [null]}",ok,7.199999876320362,0.12990236282348633,1
softmax,SO_003,1024x1024,train,0,heuristics,0,73ee7ebfcd167c3e,"{""atomic_indexing"": [], ""block_sizes"": [1], ""indexing"": [""pointer"", ""pointer"", ""tensor_descriptor"", ""tensor_descriptor"", ""tensor_descriptor"", ""tensor_descriptor""], ""load_eviction_policies"": [""last"", """", """", ""first""], ""num_stages"": 1, ""num_warps"": 4, ""pid_type"": ""flat"", ""range_flattens"": [null], ""range_multi_buffers"": [null], ""range_num_stages"": [0], ""range_unroll_factors"": [0], ""range_warp_specializes"": [null], ""reduction_loops"": [null]}",ok,7.199999876320362,0.11965346336364746,1
softmax,SO_003,1024x1024,train,0,heuristics,0,04a86e122889c00f,"{""atomic_indexing"": [], ""block_sizes"": [1], ""indexing"": [""pointer"", ""tensor_descriptor"", ""pointer"", ""tensor_descriptor"", ""pointer"", ""tensor_descriptor""], ""load_eviction_policies"": ["""", """", ""last"", """"], ""num_stages"": 2, ""num_warps"": 4, ""pid_type"": ""flat"", ""range_flattens"": [null], ""range_multi_buffers"": [null], ""range_num_stages"": [0], ""range_unroll_factors"": [0], ""range_warp_specializes"": [null], ""reduction_loops"": [null]}",ok,7.168000098317862,0.12037038803100586,1
softmax,SO_003,1024x1024,train,0,heuristics,0,2762deffa84c958d,"{""atomic_indexing"": [], ""block_sizes"": [16], ""indexing"": [""tensor_descriptor"", ""pointer"", ""pointer"", ""pointer"", ""pointer"", ""tensor_descriptor""], ""load_eviction_policies"": ["""", ""first"", ""last"", """"], ""num_stages"": 1, ""num_warps"": 16, ""pid_type"": ""flat"", ""range_flattens"": [null], ""range_multi_buffers"": [null], ""range_num_stages"": [0], ""range_unroll_factors"": [0], ""range_warp_specializes"": [null], ""reduction_loops"": [null]}",ok,11.231999844312668,0.23760294914245605,1
softmax,SO_003,1024x1024,train,0,heuristics,0,2eaa47515491baec,"{""atomic_indexing"": [], ""block_sizes"": [4], ""indexing"": [""pointer"", ""tensor_descriptor"", ""tensor_descriptor"", ""tensor_descriptor"", ""pointer"", ""tensor_descriptor""], ""load_eviction_policies"": ["""", """", """", ""last""], ""num_stages"": 7, ""num_warps"": 4, ""pid_type"": ""flat"", ""range_flattens"": [null], ""range_multi_buffers"": [null], ""range_num_stages"": [0], ""range_unroll_factors"": [0], ""range_warp_specializes"": [null], ""reduction_loops"": [null]}",ok,7.23200011998415,0.21693992614746094,1
softmax,SO_003,1024x1024,train,0,heuristics,0,bc289a87be1dbe30,"{""atomic_indexing"": [], ""block_sizes"": [1], ""indexing"": [""pointer"", ""pointer"", ""tensor_descriptor"", ""tensor_descriptor"", ""pointer"", ""tensor_descriptor""], ""load_eviction_policies"": ["""", ""first"", ""first"", ""first""], ""num_stages"": 6, ""num_warps"": 32, ""pid_type"": ""flat"", ""range_flattens"": [null], ""range_multi_buffers"": [null], ""range_num_stages"": [0], ""range_unroll_factors"": [0], ""range_warp_specializes"": [null], ""reduction_loops"": [null]}",ok,11.264000087976456,0.10603547096252441,1
softmax,SO_003,1024x1024,train,0,heuristics,0,8f9244c76278f5d3,"{""atomic_indexing"": [], ""block_sizes"": [1], ""indexing"": [""pointer"", ""pointer"", ""pointer"", ""pointer"", ""pointer"", ""pointer""], ""load_eviction_policies"": ["""", """", """", """"], ""num_stages"": 1, ""num_warps"": 4, ""pid_type"": ""flat"", ""range_flattens"": [null], ""range_multi_buffers"": [null], ""range_num_stages"": [0], ""range_unroll_factors"": [0], ""range_warp_specializes"": [null], ""reduction_loops"": [null]}",ok,7.168000098317862,0.02295994758605957,0
softmax,SO_003,1024x1024,train,0,heuristics,0,6d9e39170044cf11,"{""atomic_indexing"": [], ""block_sizes"": [8], ""indexing"": [""pointer"", ""pointer"", ""pointer"", ""pointer"", ""pointer"", ""pointer""], ""load_eviction_policies"": ["""", """", """", """"], ""num_stages"": 1, ""num_warps"": 4, ""pid_type"": ""flat"", ""range_flattens"": [null], ""range_multi_buffers"": [null], ""range_num_stages"": [0], ""range_unroll_factors"": [0], ""range_warp_specializes"": [null], ""reduction_loops"": [null]}",ok,9.216000325977802,0.055509090423583984,0
softmax,SO_003,1024x1024,train,0,heuristics,0,a1a2a48616d6c8b8,"{""atomic_indexing"": [], ""block_sizes"": [16], ""indexing"": [""pointer"", ""pointer"", ""pointer"", ""pointer"", ""pointer"", ""pointer""], ""load_eviction_policies"": ["""", """", """", """"], ""num_stages"": 2, ""num_warps"": 8, ""pid_type"": ""flat"", ""range_flattens"": [null], ""range_multi_buffers"": [null], ""range_num_stages"": [0], ""range_unroll_factors"": [0], ""range_warp_specializes"": [null], ""reduction_loops"": [null]}",ok,9.216000325977802,0.03821516036987305,0
softmax,SO_003,1024x1024,train,0,heuristics,0,2eb5b841ab0c2142,"{""atomic_indexing"": [], ""block_sizes"": [32], ""indexing"": [""pointer"", ""pointer"", ""pointer"", ""pointer"", ""pointer"", ""pointer""], ""load_eviction_policies"": ["""", """", """", """"], ""num_stages"": 3, ""num_warps"": 8, ""pid_type"": ""flat"", ""range_flattens"": [null], ""range_multi_buffers"": [null], ""range_num_stages"": [0], ""range_unroll_factors"": [0], ""range_warp_specializes"": [null], ""reduction_loops"": [null]}",ok,11.296000331640244,0.022635459899902344,0
softmax,SO_003,1024x1024,train,0,heuristics,0,e4502c35120c71a9,"{""atomic_indexing"": [], ""block_sizes"": [4], ""indexing"": [""tensor_descriptor"", ""tensor_descriptor"", ""tensor_descriptor"", ""tensor_descriptor"", ""tensor_descriptor"", ""tensor_descriptor""], ""load_eviction_policies"": ["""", """", """", """"], ""num_stages"": 2, ""num_warps"": 4, ""pid_type"": ""flat"", ""range_flattens"": [null], ""range_multi_buffers"": [null], ""range_num_stages"": [0], ""range_unroll_factors"": [0], ""range_warp_specializes"": [null], ""reduction_loops"": [null]}",ok,7.199999876320362,0.023076295852661133,0
softmax,SO_003,1024x1024,train,0,heuristics,0,cd010173d18f5947,"{""atomic_indexing"": [], ""block_sizes"": [64], ""indexing"": [""pointer"", ""pointer"", ""pointer"", ""pointer"", ""pointer"", ""pointer""], ""load_eviction_policies"": ["""", """", """", """"], ""num_sm_multiplier"": 1, ""num_stages"": 2, ""num_warps"": 16, ""pid_type"": ""persistent_blocked"", ""range_flattens"": [null], ""range_multi_buffers"": [null], ""range_num_stages"": [0], ""range_unroll_factors"": [0], ""range_warp_specializes"": [null], ""reduction_loops"": [null]}",ok,19.487999379634857,0.5854310989379883,0
softmax,SO_003,1024x1024,train,1,heuristics,0,4c8d5c71e5731ce4,"{""atomic_indexing"": [], ""block_sizes"": [1], ""indexing"": [""pointer"", ""tensor_descriptor"", ""tensor_descriptor"", ""pointer"", ""tensor_descriptor"", ""tensor_descriptor""], ""load_eviction_policies"": [""last"", ""first"", ""last"", """"], ""num_stages"": 4, ""num_warps"": 2, ""pid_type"": ""flat"", ""range_flattens"": [null], ""range_multi_buffers"": [null], ""range_num_stages"": [0], ""range_unroll_factors"": [0], ""range_warp_specializes"": [null], ""reduction_loops"": [null]}",ok,7.199999876320362,0.08110713958740234,1
softmax,SO_003,1024x1024,train,1,heuristics,0,30e4835bd494529f,"{""atomic_indexing"": [], ""block_sizes"": [1], ""indexing"": [""tensor_descriptor"", ""tensor_descriptor"", ""pointer"", ""tensor_descriptor"", ""tensor_descriptor"", ""pointer""], ""load_eviction_policies"": ["""", """", """", """"], ""num_stages"": 2, ""num_warps"": 8, ""pid_type"": ""flat"", ""range_flattens"": [null], ""range_multi_buffers"": [null], ""range_num_stages"": [0], ""range_unroll_factors"": [0], ""range_warp_specializes"": [null], ""reduction_loops"": [null]}",ok,7.199999876320362,0.0639190673828125,1
softmax,SO_003,1024x1024,train,1,heuristics,0,73ee7ebfcd167c3e,"{""atomic_indexing"": [], ""block_sizes"": [1], ""indexing"": [""pointer"", ""pointer"", ""tensor_descriptor"", ""tensor_descriptor"", ""tensor_descriptor"", ""tensor_descriptor""], ""load_eviction_policies"": [""last"", """", """", ""first""], ""num_stages"": 1, ""num_warps"": 4, ""pid_type"": ""flat"", ""range_flattens"": [null], ""range_multi_buffers"": [null], ""range_num_stages"": [0], ""range_unroll_factors"": [0], ""range_warp_specializes"": [null], ""reduction_loops"": [null]}",ok,7.199999876320362,0.04623866081237793,1
softmax,SO_003,1024x1024,train,1,heuristics,0,04a86e122889c00f,"{""atomic_indexing"": [], ""block_sizes"": [1], ""indexing"": [""pointer"", ""tensor_descriptor"", ""pointer"", ""tensor_descriptor"", ""pointer"", ""tensor_descriptor""], ""load_eviction_policies"": ["""", """", ""last"", """"], ""num_stages"": 2, ""num_warps"": 4, ""pid_type"": ""flat"", ""range_flattens"": [null], ""range_multi_buffers"": [null], ""range_num_stages"": [0], ""range_unroll_factors"": [0], ""range_warp_specializes"": [null], ""reduction_loops"": [null]}",ok,7.199999876320362,0.03935718536376953,1
softmax,SO_003,1024x1024,train,1,heuristics,0,2762deffa84c958d,"{""atomic_indexing"": [], ""block_sizes"": [16], ""indexing"": [""tensor_descriptor"", ""pointer"", ""pointer"", ""pointer"", ""pointer"", ""tensor_descriptor""], ""load_eviction_policies"": ["""", ""first"", ""last"", """"], ""num_stages"": 1, ""num_warps"": 16, ""pid_type"": ""flat"", ""range_flattens"": [null], ""range_multi_buffers"": [null], ""range_num_stages"": [0], ""range_unroll_factors"": [0], ""range_warp_specializes"": [null], ""reduction_loops"": [null]}",ok,11.231999844312668,0.03211808204650879,1
softmax,SO_003,1024x1024,train,1,heuristics,0,2eaa47515491baec,"{""atomic_indexing"": [], ""block_sizes"": [4], ""indexing"": [""pointer"", ""tensor_descriptor"", ""tensor_descriptor"", ""tensor_descriptor"", ""pointer"", ""tensor_descriptor""], ""load_eviction_policies"": ["""", """", """", ""last""], ""num_stages"": 7, ""num_warps"": 4, ""pid_type"": ""flat"", ""range_flattens"": [null], ""range_multi_buffers"": [null], ""range_num_stages"": [0], ""range_unroll_factors"": [0], ""range_warp_specializes"": [null], ""reduction_loops"": [null]}",ok,7.199999876320362,0.02293229103088379,1
softmax,SO_003,1024x1024,train,1,heuristics,0,bc289a87be1dbe30,"{""atomic_indexing"": [], ""block_sizes"": [1], ""indexing"": [""pointer"", ""pointer"", ""tensor_descriptor"", ""tensor_descriptor"", ""pointer"", ""tensor_descriptor""], ""load_eviction_policies"": ["""", ""first"", ""first"", ""first""], ""num_stages"": 6, ""num_warps"": 32, ""pid_type"": ""flat"", ""range_flattens"": [null], ""range_multi_buffers"": [null], ""range_num_stages"": [0], ""range_unroll_factors"": [0], ""range_warp_specializes"": [null], ""reduction_loops"": [null]}",ok,11.264000087976456,0.02098679542541504,1
softmax,SO_003,1024x1024,train,1,heuristics,0,8f9244c76278f5d3,"{""atomic_indexing"": [], ""block_sizes"": [1], ""indexing"": [""pointer"", ""pointer"", ""pointer"", ""pointer"", ""pointer"", ""pointer""], ""load_eviction_policies"": ["""", """", """", """"], ""num_stages"": 1, ""num_warps"": 4, ""pid_type"": ""flat"", ""range_flattens"": [null], ""range_multi_buffers"": [null], ""range_num_stages"": [0], ""range_unroll_factors"": [0], ""range_warp_specializes"": [null], ""reduction_loops"": [null]}",ok,7.199999876320362,0.021302223205566406,0
softmax,SO_003,1024x1024,train,1,heuristics,0,6d9e39170044cf11,"{""atomic_indexing"": [], ""block_sizes"": [8], ""indexing"": [""pointer"", ""pointer"", ""pointer"", ""pointer"", ""pointer"", ""pointer""], ""load_eviction_policies"": ["""", """", """", """"], ""num_stages"": 1, ""num_warps"": 4, ""pid_type"": ""flat"", ""range_flattens"": [null], ""range_multi_buffers"": [null], ""range_num_stages"": [0], ""range_unroll_factors"": [0], ""range_warp_specializes"": [null], ""reduction_loops"": [null]}",ok,9.216000325977802,0.0686500072479248,0
softmax,SO_003,1024x1024,train,1,heuristics,0,a1a2a48616d6c8b8,"{""atomic_indexing"": [], ""block_sizes"": [16], ""indexing"": [""pointer"", ""pointer"", ""pointer"", ""pointer"", ""pointer"", ""pointer""], ""load_eviction_policies"": ["""", """", """", """"], ""num_stages"": 2, ""num_warps"": 8, ""pid_type"": ""flat"", ""range_flattens"": [null], ""range_multi_buffers"": [null], ""range_num_stages"": [0], ""range_unroll_factors"": [0], ""range_warp_specializes"": [null], ""reduction_loops"": [null]}",ok,9.216000325977802,0.050737619400024414,0
softmax,SO_003,1024x1024,train,1,heuristics,0,99f1fe04f31b0dd1,"{""atomic_indexing"": [], ""block_sizes"": [32], ""indexing"": [""pointer"", ""pointer"", ""pointer"", ""pointer"", ""pointer"", ""pointer""], ""load_eviction_policies"": ["""", """", """", """"], ""num_sm_multiplier"": 1, ""num_stages"": 3, ""num_warps"": 8, ""pid_type"": ""persistent_blocked"", ""range_flattens"": [null], ""range_multi_buffers"": [null], ""range_num_stages"": [0], ""range_unroll_factors"": [0], ""range_warp_specializes"": [null], ""reduction_loops"": [null]}",ok,11.296000331640244,0.03449249267578125,0
softmax,SO_003,1024x1024,train,1,heuristics,0,5795b7ab83aaef48,"{""atomic_indexing"": [], ""block_sizes"": [4], ""indexing"": [""tensor_descriptor"", ""tensor_descriptor"", ""tensor_descriptor"", ""tensor_descriptor"", ""tensor_descriptor"", ""tensor_descriptor""], ""load_eviction_policies"": ["""", """", """", """"], ""num_stages"": 1, ""num_warps"": 4, ""pid_type"": ""flat"", ""range_flattens"": [null], ""range_multi_buffers"": [null], ""range_num_stages"": [0], ""range_unroll_factors"": [0], ""range_warp_specializes"": [null], ""reduction_loops"": [null]}",ok,7.23200011998415,0.028202295303344727,0
softmax,SO_003,1024x1024,train,1,heuristics,0,92bcc548765eab6a,"{""atomic_indexing"": [], ""block_sizes"": [64], ""indexing"": [""pointer"", ""pointer"", ""pointer"", ""pointer"", ""pointer"", ""pointer""], ""load_eviction_policies"": ["""", """", """", """"], ""num_sm_multiplier"": 1, ""num_stages"": 2, ""num_warps"": 16, ""pid_type"": ""persistent_interleaved"", ""range_flattens"": [null], ""range_multi_buffers"": [null], ""range_num_stages"": [0], ""range_unroll_factors"": [0], ""range_warp_specializes"": [null], ""reduction_loops"": [null]}",ok,17.472000792622566,0.046244144439697266,0
softmax,SO_003,1024x1024,train,2,heuristics,0,4c8d5c71e5731ce4,"{""atomic_indexing"": [], ""block_sizes"": [1], ""indexing"": [""pointer"", ""tensor_descriptor"", ""tensor_descriptor"", ""pointer"", ""tensor_descriptor"", ""tensor_descriptor""], ""load_eviction_policies"": [""last"", ""first"", ""last"", """"], ""num_stages"": 4, ""num_warps"": 2, ""pid_type"": ""flat"", ""range_flattens"": [null], ""range_multi_buffers"": [null], ""range_num_stages"": [0], ""range_unroll_factors"": [0], ""range_warp_specializes"": [null], ""reduction_loops"": [null]}",ok,7.199999876320362,0.1201317310333252,1
softmax,SO_003,1024x1024,train,2,heuristics,0,30e4835bd494529f,"{""atomic_indexing"": [], ""block_sizes"": [1], ""indexing"": [""tensor_descriptor"", ""tensor_descriptor"", ""pointer"", ""tensor_descriptor"", ""tensor_descriptor"", ""pointer""], ""load_eviction_policies"": ["""", """", """", """"], ""num_stages"": 2, ""num_warps"": 8, ""pid_type"": ""flat"", ""range_flattens"": [null], ""range_multi_buffers"": [null], ""range_num_stages"": [0], ""range_unroll_factors"": [0], ""range_warp_specializes"": [null], ""reduction_loops"": [null]}",ok,7.199999876320362,0.1026456356048584,1
softmax,SO_003,1024x1024,train,2,heuristics,0,73ee7ebfcd167c3e,"{""atomic_indexing"": [], ""block_sizes"": [1], ""indexing"": [""pointer"", ""pointer"", ""tensor_descriptor"", ""tensor_descriptor"", ""tensor_descriptor"", ""tensor_descriptor""], ""load_eviction_policies"": [""last"", """", """", ""first""], ""num_stages"": 1, ""num_warps"": 4, ""pid_type"": ""flat"", ""range_flattens"": [null], ""range_multi_buffers"": [null], ""range_num_stages"": [0], ""range_unroll_factors"": [0], ""range_warp_specializes"": [null], ""reduction_loops"": [null]}",ok,7.199999876320362,0.08499598503112793,1
softmax,SO_003,1024x1024,train,2,heuristics,0,04a86e122889c00f,"{""atomic_indexing"": [], ""block_sizes"": [1], ""indexing"": [""pointer"", ""tensor_descriptor"", ""pointer"", ""tensor_descriptor"", ""pointer"", ""tensor_descriptor""], ""load_eviction_policies"": ["""", """", ""last"", """"], ""num_stages"": 2, ""num_warps"": 4, ""pid_type"": ""flat"", ""range_flattens"": [null], ""range_multi_buffers"": [null], ""range_num_stages"": [0], ""range_unroll_factors"": [0], ""range_warp_specializes"": [null], ""reduction_loops"": [null]}",ok,7.199999876320362,0.07755804061889648,1
softmax,SO_003,1024x1024,train,2,heuristics,0,2762deffa84c958d,"{""atomic_indexing"": [], ""block_sizes"": [16], ""indexing"": [""tensor_descriptor"", ""pointer"", ""pointer"", ""pointer"", ""pointer"", ""tensor_descriptor""], ""load_eviction_policies"": ["""", ""first"", ""last"", """"], ""num_stages"": 1, ""num_warps"": 16, ""pid_type"": ""flat"", ""range_flattens"": [null], ""range_multi_buffers"": [null], ""range_num_stages"": [0], ""range_unroll_factors"": [0], ""range_warp_specializes"": [null], ""reduction_loops"": [null]}",ok,11.231999844312668,0.05967116355895996,1
softmax,SO_003,1024x1024,train,2,heuristics,0,2eaa47515491baec,"{""atomic_indexing"": [], ""block_sizes"": [4], ""indexing"": [""pointer"", ""tensor_descriptor"", ""tensor_descriptor"", ""tensor_descriptor"", ""pointer"", ""tensor_descriptor""], ""load_eviction_policies"": ["""", """", """", ""last""], ""num_stages"": 7, ""num_warps"": 4, ""pid_type"": ""flat"", ""range_flattens"": [null], ""range_multi_buffers"": [null], ""range_num_stages"": [0], ""range_unroll_factors"": [0], ""range_warp_specializes"": [null], ""reduction_loops"": [null]}",ok,7.199999876320362,0.05093240737915039,1
softmax,SO_003,1024x1024,train,2,heuristics,0,bc289a87be1dbe30,"{""atomic_indexing"": [], ""block_sizes"": [1], ""indexing"": [""pointer"", ""pointer"", ""tensor_descriptor"", ""tensor_descriptor"", ""pointer"", ""tensor_descriptor""], ""load_eviction_policies"": ["""", ""first"", ""first"", ""first""], ""num_stages"": 6, ""num_warps"": 32, ""pid_type"": ""flat"", ""range_flattens"": [null], ""range_multi_buffers"": [null], ""range_num_stages"": [0], ""range_unroll_factors"": [0], ""range_warp_specializes"": [null], ""reduction_loops"": [null]}",ok,11.264000087976456,0.03354167938232422,1
softmax,SO_003,1024x1024,train,2,heuristics,0,8f9244c76278f5d3,"{""atomic_indexing"": [], ""block_sizes"": [1], ""indexing"": [""pointer"", ""pointer"", ""pointer"", ""pointer"", ""pointer"", ""pointer""], ""load_eviction_policies"": ["""", """", """", """"], ""num_stages"": 1, ""num_warps"": 4, ""pid_type"": ""flat"", ""range_flattens"": [null], ""range_multi_buffers"": [null], ""range_num_stages"": [0], ""range_unroll_factors"": [0], ""range_warp_specializes"": [null], ""reduction_loops"": [null]}",ok,7.168000098317862,0.04327893257141113,0
softmax,SO_003,1024x1024,train,2,heuristics,0,16993572ad6d9b7d,"{""atomic_indexing"": [], ""block_sizes"": [4], ""indexing"": [""pointer"", ""pointer"", ""pointer"", ""pointer"", ""pointer"", ""pointer""], ""load_eviction_policies"": ["""", """", """", """"], ""num_stages"": 2, ""num_warps"": 4, ""pid_type"": ""flat"", ""range_flattens"": [null], ""range_multi_buffers"": [null], ""range_num_stages"": [0], ""range_unroll_factors"": [0], ""range_warp_specializes"": [null], ""reduction_loops"": [null]}",ok,7.23200011998415,0.05644941329956055,0
softmax,SO_003,1024x1024,train,2,heuristics,0,736883104fb84b05,"{""atomic_indexing"": [], ""block_sizes"": [8], ""indexing"": [""pointer"", ""pointer"", ""pointer"", ""pointer"", ""pointer"", ""pointer""], ""load_eviction_policies"": ["""", """", """", """"], ""num_stages"": 2, ""num_warps"": 8, ""pid_type"": ""flat"", ""range_flattens"": [null], ""range_multi_buffers"": [null], ""range_num_stages"": [0], ""range_unroll_factors"": [0], ""range_warp_specializes"": [null], ""reduction_loops"": [null]}",ok,7.23200011998415,0.03862881660461426,0
softmax,SO_003,1024x1024,train,2,heuristics,0,02b40432328bb616,"{""atomic_indexing"": [], ""block_sizes"": [16], ""indexing"": [""pointer"", ""pointer"", ""pointer"", ""pointer"", ""pointer"", ""pointer""], ""load_eviction_policies"": ["""", """", """", """"], ""num_stages"": 3, ""num_warps"": 8, ""pid_type"": ""flat"", ""range_flattens"": [null], ""range_multi_buffers"": [null], ""range_num_stages"": [0], ""range_unroll_factors"": [0], ""range_warp_specializes"": [null], ""reduction_loops"": [null]}",ok,9.216000325977802,0.023837566375732422,0
softmax,SO_003,1024x1024,train,2,heuristics,0,1eead3b4eef1ccfb,"{""atomic_indexing"": [], ""block_sizes"": [2], ""indexing"": [""pointer"", ""pointer"", ""pointer"", ""pointer"", ""pointer"", ""pointer""], ""load_eviction_policies"": ["""", """", """", """"], ""num_sm_multiplier"": 1, ""num_stages"": 2, ""num_warps"": 4, ""pid_type"": ""persistent_blocked"", ""range_flattens"": [null], ""range_multi_buffers"": [null], ""range_num_stages"": [0], ""range_unroll_factors"": [0], ""range_warp_specializes"": [null], ""reduction_loops"": [null]}",ok,9.247999638319016,0.18564343452453613,0
softmax,SO_003,1024x1024,train,2,heuristics,0,e11c392f56a7e79e,"{""atomic_indexing"": [], ""block_sizes"": [8], ""indexing"": [""tensor_descriptor"", ""tensor_descriptor"", ""tensor_descriptor"", ""tensor_descriptor"", ""tensor_descriptor"", ""tensor_descriptor""], ""load_eviction_policies"": ["""", """", """", """"], ""num_stages"": 2, ""num_warps"": 8, ""pid_type"": ""flat"", ""range_flattens"": [null], ""range_multi_buffers"": [null], ""range_num_stages"": [0], ""range_unroll_factors"": [0], ""range_warp_specializes"": [null], ""reduction_loops"": [null]}",ok,11.264000087976456,0.24500489234924316,0
softmax,SO_004,2048x2048,train,0,heuristics,0,73ee7ebfcd167c3e,"{""atomic_indexing"": [], ""block_sizes"": [1], ""indexing"": [""pointer"", ""pointer"", ""tensor_descriptor"", ""tensor_descriptor"", ""tensor_descriptor"", ""tensor_descriptor""], ""load_eviction_policies"": [""last"", """", """", ""first""], ""num_stages"": 1, ""num_warps"": 4, ""pid_type"": ""flat"", ""range_flattens"": [null], ""range_multi_buffers"": [null], ""range_num_stages"": [0], ""range_unroll_factors"": [0], ""range_warp_specializes"": [null], ""reduction_loops"": [null]}",ok,9.216000325977802,0.09446859359741211,1
softmax,SO_004,2048x2048,train,0,heuristics,0,30e4835bd494529f,"{""atomic_indexing"": [], ""block_sizes"": [1], ""indexing"": [""tensor_descriptor"", ""tensor_descriptor"", ""pointer"", ""tensor_descriptor"", ""tensor_descriptor"", ""pointer""], ""load_eviction_policies"": ["""", """", """", """"], ""num_stages"": 2, ""num_warps"": 8, ""pid_type"": ""flat"", ""range_flattens"": [null], ""range_multi_buffers"": [null], ""range_num_stages"": [0], ""range_unroll_factors"": [0], ""range_warp_specializes"": [null], ""reduction_loops"": [null]}",ok,10.367999784648418,0.0762338638305664,1
softmax,SO_004,2048x2048,train,0,heuristics,0,4c8d5c71e5731ce4,"{""atomic_indexing"": [], ""block_sizes"": [1], ""indexing"": [""pointer"", ""tensor_descriptor"", ""tensor_descriptor"", ""pointer"", ""tensor_descriptor"", ""tensor_descriptor""], ""load_eviction_policies"": [""last"", ""first"", ""last"", """"], ""num_stages"": 4, ""num_warps"": 2, ""pid_type"": ""flat"", ""range_flattens"": [null], ""range_multi_buffers"": [null], ""range_num_stages"": [0], ""range_unroll_factors"": [0], ""range_warp_specializes"": [null], ""reduction_loops"": [null]}",ok,9.216000325977802,0.05881905555725098,1
softmax,SO_004,2048x2048,train,0,heuristics,0,04a86e122889c00f,"{""atomic_indexing"": [], ""block_sizes"": [1], ""indexing"": [""pointer"", ""tensor_descriptor"", ""pointer"", ""tensor_descriptor"", ""pointer"", ""tensor_descriptor""], ""load_eviction_policies"": ["""", """", ""last"", """"], ""num_stages"": 2, ""num_warps"": 4, ""pid_type"": ""flat"", ""range_flattens"": [null], ""range_multi_buffers"": [null], ""range_num_stages"": [0], ""range_unroll_factors"": [0], ""range_warp_specializes"": [null], ""reduction_loops"": [null]}",ok,9.216000325977802,0.05105304718017578,1
softmax,SO_004,2048x2048,train,0,heuristics,0,2762deffa84c958d,"{""atomic_indexing"": [], ""block_sizes"": [16], ""indexing"": [""tensor_descriptor"", ""pointer"", ""pointer"", ""pointer"", ""pointer"", ""tensor_descriptor""], ""load_eviction_policies"": ["""", ""first"", ""last"", """"], ""num_stages"": 1, ""num_warps"": 16, ""pid_type"": ""flat"", ""range_flattens"": [null], ""range_multi_buffers"": [null], ""range_num_stages"": [0], ""range_unroll_factors"": [0], ""range_warp_specializes"": [null], ""reduction_loops"": [null]}",ok,13.311999849975109,0.36368489265441895,1
softmax,SO_004,2048x2048,train,0,heuristics,0,2eaa47515491baec,"{""atomic_indexing"": [], ""block_sizes"": [4], ""indexing"": [""pointer"", ""tensor_descriptor"", ""tensor_descriptor"", ""tensor_descriptor"", ""pointer"", ""tensor_descriptor""], ""load_eviction_policies"": ["""", """", """", ""last""], ""num_stages"": 7, ""num_warps"": 4, ""pid_type"": ""flat"", ""range_flattens"": [null], ""range_multi_buffers"": [null], ""range_num_stages"": [0], ""range_unroll_factors"": [0], ""range_warp_specializes"": [null], ""reduction_loops"": [null]}",ok,11.264000087976456,0.023804903030395508,1
softmax,SO_004,2048x2048,train,0,heuristics,0,bc289a87be1dbe30,"{""atomic_indexing"": [], ""block_sizes"": [1], ""indexing"": [""pointer"", ""pointer"", ""tensor_descriptor"", ""tensor_descriptor"", ""pointer"", ""tensor_descriptor""], ""load_eviction_policies"": ["""", ""first"", ""first"", ""first""], ""num_stages"": 6, ""num_warps"": 32, ""pid_type"": ""flat"", ""range_flattens"": [null], ""range_multi_buffers"": [null], ""range_num_stages"": [0], ""range_unroll_factors"": [0], ""range_warp_specializes"": [null], ""reduction_loops"": [null]}",ok,17.343999817967415,0.023878812789916992,1
softmax,SO_004,2048x2048,train,0,heuristics,0,8f9244c76278f5d3,"{""atomic_indexing"": [], ""block_sizes"": [1], ""indexing"": [""pointer"", ""pointer"", ""pointer"", ""pointer"", ""pointer"", ""pointer""], ""load_eviction_policies"": ["""", """", """", """"], ""num_stages"": 1, ""num_warps"": 4, ""pid_type"": ""flat"", ""range_flattens"": [null], ""range_multi_buffers"": [null], ""range_num_stages"": [0], ""range_unroll_factors"": [0], ""range_warp_specializes"": [null], ""reduction_loops"": [null]}",ok,9.216000325977802,0.023165464401245117,0
softmax,SO_004,2048x2048,train,0,heuristics,0,736883104fb84b05,"{""atomic_indexing"": [], ""block_sizes"": [8], ""indexing"": [""pointer"", ""pointer"", ""pointer"", ""pointer"", ""pointer"", ""pointer""], ""load_eviction_policies"": ["""", """", """", """"], ""num_stages"": 2, ""num_warps"": 8, ""pid_type"": ""flat"", ""range_flattens"": [null], ""range_multi_buffers"": [null], ""range_num_stages"": [0], ""range_unroll_factors"": [0], ""range_warp_specializes"": [null], ""reduction_loops"": [null]}",ok,11.264000087976456,0.05766105651855469,0
softmax,SO_004,2048x2048,train,0,heuristics,0,02b40432328bb616,"{""atomic_indexing"": [], ""block_sizes"": [16], ""indexing"": [""pointer"", ""pointer"", ""pointer"", ""pointer"", ""pointer"", ""pointer""], ""load_eviction_policies"": ["""", """", """", """"], ""num_stages"": 3, ""num_warps"": 8, ""pid_type"": ""flat"", ""range_flattens"": [null], ""range_multi_buffers"": [null], ""range_num_stages"": [0], ""range_unroll_factors"": [0], ""range_warp_specializes"": [null], ""reduction_loops"": [null]}",ok,11.327999643981457,0.039649009704589844,0
softmax,SO_004,2048x2048,train,0,heuristics,0,a22a4b704ac9c927,"{""atomic_indexing"": [], ""block_sizes"": [4], ""indexing"": [""pointer"", ""pointer"", ""pointer"", ""pointer"", ""pointer"", ""pointer""], ""load_eviction_policies"": ["""", """", """", """"], ""num_sm_multiplier"": 1, ""num_stages"": 2, ""num_warps"": 4, ""pid_type"": ""persistent_blocked"", ""range_flattens"": [null], ""range_multi_buffers"": [null], ""range_num_stages"": [0], ""range_unroll_factors"": [0], ""range_warp_specializes"": [null], ""reduction_loops"": [null]}",ok,14.431999996304512,0.023374080657958984,0
softmax,SO_004,2048x2048,train,0,heuristics,0,db08dbbf6ad57f96,"{""atomic_indexing"": [], ""block_sizes"": [32], ""indexing"": [""tensor_descriptor"", ""tensor_descriptor"", ""tensor_descriptor"", ""tensor_descriptor"", ""tensor_descriptor"", ""tensor_descriptor""], ""load_eviction_policies"": ["""", """", """", """"], ""num_stages"": 2, ""num_warps"": 16, ""pid_type"": ""flat"", ""range_flattens"": [null], ""range_multi_buffers"": [null], ""range_num_stages"": [0], ""range_unroll_factors"": [0], ""range_warp_specializes"": [null], ""reduction_loops"": [null]}",ok,21.536000072956085,0.023928165435791016,0
softmax,SO_004,2048x2048,train,0,heuristics,0,97489e6e5bb2b9e8,"{""atomic_indexing"": [], ""block_sizes"": [2], ""indexing"": [""pointer"", ""pointer"", ""pointer"", ""pointer"", ""pointer"", ""pointer""], ""load_eviction_policies"": ["""", """", """", """"], ""num_stages"": 1, ""num_warps"": 4, ""pid_type"": ""flat"", ""range_flattens"": [null], ""range_multi_buffers"": [null], ""range_num_stages"": [0], ""range_unroll_factors"": [0], ""range_warp_specializes"": [null], ""reduction_loops"": [null]}",ok,9.247999638319016,0.022846221923828125,0
softmax,SO_004,2048x2048,train,1,heuristics,0,73ee7ebfcd167c3e,"{""atomic_indexing"": [], ""block_sizes"": [1], ""indexing"": [""pointer"", ""pointer"", ""tensor_descriptor"", ""tensor_descriptor"", ""tensor_descriptor"", ""tensor_descriptor""], ""load_eviction_policies"": [""last"", """", """", ""first""], ""num_stages"": 1, ""num_warps"": 4, ""pid_type"": ""flat"", ""range_flattens"": [null], ""range_multi_buffers"": [null], ""range_num_stages"": [0], ""range_unroll_factors"": [0], ""range_warp_specializes"": [null], ""reduction_loops"": [null]}",ok,9.216000325977802,0.08194756507873535,1
softmax,SO_004,2048x2048,train,1,heuristics,0,30e4835bd494529f,"{""atomic_indexing"": [], ""block_sizes"": [1], ""indexing"": [""tensor_descriptor"", ""tensor_descriptor"", ""pointer"", ""tensor_descriptor"", ""tensor_descriptor"", ""pointer""], ""load_eviction_policies"": ["""", """", """", """"], ""num_stages"": 2, ""num_warps"": 8, ""pid_type"": ""flat"", ""range_flattens"": [null], ""range_multi_buffers"": [null], ""range_num_stages"": [0], ""range_unroll_factors"": [0], ""range_warp_specializes"": [null], ""reduction_loops"": [null]}",ok,10.367999784648418,0.06463098526000977,1
softmax,SO_004,2048x2048,train,1,heuristics,0,4c8d5c71e5731ce4,"{""atomic_indexing"": [], ""block_sizes"": [1], ""indexing"": [""pointer"", ""tensor_descriptor"", ""tensor_descriptor"", ""pointer"", ""tensor_descriptor"", ""tensor_descriptor""], ""load_eviction_policies"": [""last"", ""first"", ""last"", """"], ""num_stages"": 4, ""num_warps"": 2, ""pid_type"": ""flat"", ""range_flattens"": [null], ""range_multi_buffers"": [null], ""range_num_stages"": [0], ""range_unroll_factors"": [0], ""range_warp_specializes"": [null], ""reduction_loops"": [null]}",ok,9.216000325977802,0.046427011489868164,1
softmax,SO_004,2048x2048,train,1,heuristics,0,04a86e122889c00f,"{""atomic_indexing"": [], ""block_sizes"": [1], ""indexing"": [""pointer"", ""tensor_descriptor"", ""pointer"", ""tensor_descriptor"", ""pointer"", ""tensor_descriptor""], ""load_eviction_policies"": ["""", """", ""last"", """"], ""num_stages"": 2, ""num_warps"": 4, ""pid_type"": ""flat"", ""range_flattens"": [null], ""range_multi_buffers"": [null], ""range_num_stages"": [0], ""range_unroll_factors"": [0], ""range_warp_specializes"": [null], ""reduction_loops"": [null]}",ok,9.247999638319016,0.03908348083496094,1
softmax,SO_004,2048x2048,train,1,heuristics,0,2762deffa84c958d,"{""atomic_indexing"": [], ""block_sizes"": [16], ""indexing"": [""tensor_descriptor"", ""pointer"", ""pointer"", ""pointer"", ""pointer"", ""tensor_descriptor""], ""load_eviction_policies"": ["""", ""first"", ""last"", """"], ""num_stages"": 1, ""num_warps"": 16, ""pid_type"": ""flat"", ""range_flattens"": [null], ""range_multi_buffers"": [null], ""range_num_stages"": [0], ""range_unroll_factors"": [0], ""range_warp_specializes"": [null], ""reduction_loops"": [null]}",ok,13.311999849975109,0.03190207481384277,1
softmax,SO_004,2048x2048,train,1,heuristics,0,2eaa47515491baec,"{""atomic_indexing"": [], ""block_sizes"": [4], ""indexing"": [""pointer"", ""tensor_descriptor"", ""tensor_descriptor"", ""tensor_descriptor"", ""pointer"", ""tensor_descriptor""], ""load_eviction_policies"": ["""", """", """", ""last""], ""num_stages"": 7, ""num_warps"": 4, ""pid_type"": ""flat"", ""range_flattens"": [null], ""range_multi_buffers"": [null], ""range_num_stages"": [0], ""range_unroll_factors"": [0], ""range_warp_specializes"": [null], ""reduction_loops"": [null]}",ok,11.264000087976456,0.022850513458251953,1
softmax,SO_004,2048x2048,train,1,heuristics,0,bc289a87be1dbe30,"{""atomic_indexing"": [], ""block_sizes"": [1], ""indexing"": [""pointer"", ""pointer"", ""tensor_descriptor"", ""tensor_descriptor"", ""pointer"", ""tensor_descriptor""], ""load_eviction_policies"": ["""", ""first"", ""first"", ""first""], ""num_stages"": 6, ""num_warps"": 32, ""pid_type"": ""flat"", ""range_flattens"": [null], ""range_multi_buffers"": [null], ""range_num_stages"": [0], ""range_unroll_factors"": [0], ""range_warp_specializes"": [null], ""reduction_loops"": [null]}",ok,17.35999993979931,0.022479772567749023,1
softmax,SO_004,2048x2048,train,1,heuristics,0,8f9244c76278f5d3,"{""atomic_indexing"": [], ""block_sizes"": [1], ""indexing"": [""pointer"", ""pointer"", ""pointer"", ""pointer"", ""pointer"", ""pointer""], ""load_eviction_policies"": ["""", """", """", """"], ""num_stages"": 1, ""num_warps"": 4, ""pid_type"": ""flat"", ""range_flattens"": [null], ""range_multi_buffers"": [null], ""range_num_stages"": [0], ""range_unroll_factors"": [0], ""range_warp_specializes"": [null], ""reduction_loops"": [null]}",ok,9.216000325977802,0.021860837936401367,0
softmax,SO_004,2048x2048,train,1,heuristics,0,736883104fb84b05,"{""atomic_indexing"": [], ""block_sizes"": [8], ""indexing"": [""pointer"", ""pointer"", ""pointer"", ""pointer"", ""pointer"", ""pointer""], ""load_eviction_policies"": ["""", """", """", """"], ""num_stages"": 2, ""num_warps"": 8, ""pid_type"": ""flat"", ""range_flattens"": [null], ""range_multi_buffers"": [null], ""range_num_stages"": [0], ""range_unroll_factors"": [0], ""range_warp_specializes"": [null], ""reduction_loops"": [null]}",ok,11.264000087976456,0.0576934814453125,0
softmax,SO_004,2048x2048,train,1,heuristics,0,02b40432328bb616,"{""atomic_indexing"": [], ""block_sizes"": [16], ""indexing"": [""pointer"", ""pointer"", ""pointer"", ""pointer"", ""pointer"", ""pointer""], ""load_eviction_policies"": ["""", """", """", """"], ""num_stages"": 3, ""num_warps"": 8, ""pid_type"": ""flat"", ""range_flattens"": [null], ""range_multi_buffers"": [null], ""range_num_stages"": [0], ""range_unroll_factors"": [0], ""range_warp_specializes"": [null], ""reduction_loops"": [null]}",ok,11.296000331640244,0.04028463363647461,0
softmax,SO_004,2048x2048,train,1,heuristics,0,a22a4b704ac9c927,"{""atomic_indexing"": [], ""block_sizes"": [4], ""indexing"": [""pointer"", ""pointer"", ""pointer"", ""pointer"", ""pointer"", ""pointer""], ""load_eviction_policies"": ["""", """", """", """"], ""num_sm_multiplier"": 1, ""num_stages"": 2, ""num_warps"": 4, ""pid_type"": ""persistent_blocked"", ""range_flattens"": [null], ""range_multi_buffers"": [null], ""range_num_stages"": [0], ""range_unroll_factors"": [0], ""range_warp_specializes"": [null], ""reduction_loops"": [null]}",ok,14.4640002399683,0.023171424865722656,0
softmax,SO_004,2048x2048,train,1,heuristics,0,db08dbbf6ad57f96,"{""atomic_indexing"": [], ""block_sizes"": [32], ""indexing"": [""tensor_descriptor"", ""tensor_descriptor"", ""tensor_descriptor"", ""tensor_descriptor"", ""tensor_descriptor"", ""tensor_descriptor""], ""load_eviction_policies"": ["""", """", """", """"], ""num_stages"": 2, ""num_warps"": 16, ""pid_type"": ""flat"", ""range_flattens"": [null], ""range_multi_buffers"": [null], ""range_num_stages"": [0], ""range_unroll_factors"": [0], ""range_warp_specializes"": [null], ""reduction_loops"": [null]}",ok,21.536000072956085,0.023331880569458008,0
softmax,SO_004,2048x2048,train,1,heuristics,0,97489e6e5bb2b9e8,"{""atomic_indexing"": [], ""block_sizes"": [2], ""indexing"": [""pointer"", ""pointer"", ""pointer"", ""pointer"", ""pointer"", ""pointer""], ""load_eviction_policies"": ["""", """", """", """"], ""num_stages"": 1, ""num_warps"": 4, ""pid_type"": ""flat"", ""range_flattens"": [null], ""range_multi_buffers"": [null], ""range_num_stages"": [0], ""range_unroll_factors"": [0], ""range_warp_specializes"": [null], ""reduction_loops"": [null]}",ok,9.247999638319016,0.021054983139038086,0
softmax,SO_004,2048x2048,train,2,heuristics,0,73ee7ebfcd167c3e,"{""atomic_indexing"": [], ""block_sizes"": [1], ""indexing"": [""pointer"", ""pointer"", ""tensor_descriptor"", ""tensor_descriptor"", ""tensor_descriptor"", ""tensor_descriptor""], ""load_eviction_policies"": [""last"", """", """", ""first""], ""num_stages"": 1, ""num_warps"": 4, ""pid_type"": ""flat"", ""range_flattens"": [null], ""range_multi_buffers"": [null], ""range_num_stages"": [0], ""range_unroll_factors"": [0], ""range_warp_specializes"": [null], ""reduction_loops"": [null]}",ok,9.216000325977802,0.11649131774902344,1
softmax,SO_004,2048x2048,train,2,heuristics,0,30e4835bd494529f,"{""atomic_indexing"": [], ""block_sizes"": [1], ""indexing"": [""tensor_descriptor"", ""tensor_descriptor"", ""pointer"", ""tensor_descriptor"", ""tensor_descriptor"", ""pointer""], ""load_eviction_policies"": ["""", """", """", """"], ""num_stages"": 2, ""num_warps"": 8, ""pid_type"": ""flat"", ""range_flattens"": [null], ""range_multi_buffers"": [null], ""range_num_stages"": [0], ""range_unroll_factors"": [0], ""range_warp_specializes"": [null], ""reduction_loops"": [null]}",ok,11.168000288307667,0.0988924503326416,1
softmax,SO_004,2048x2048,train,2,heuristics,0,4c8d5c71e5731ce4,"{""atomic_indexing"": [], ""block_sizes"": [1], ""indexing"": [""pointer"", ""tensor_descriptor"", ""tensor_descriptor"", ""pointer"", ""tensor_descriptor"", ""tensor_descriptor""], ""load_eviction_policies"": [""last"", ""first"", ""last"", """"], ""num_stages"": 4, ""num_warps"": 2, ""pid_type"": ""flat"", ""range_flattens"": [null], ""range_multi_buffers"": [null], ""range_num_stages"": [0], ""range_unroll_factors"": [0], ""range_warp_specializes"": [null], ""reduction_loops"": [null]}",ok,9.216000325977802,0.08186125755310059,1
softmax,SO_004,2048x2048,train,2,heuristics,0,04a86e122889c00f,"{""atomic_indexing"": [], ""block_sizes"": [1], ""indexing"": [""pointer"", ""tensor_descriptor"", ""pointer"", ""tensor_descriptor"", ""pointer"", ""tensor_descriptor""], ""load_eviction_policies"": ["""", """", ""last"", """"], ""num_stages"": 2, ""num_warps"": 4, ""pid_type"": ""flat"", ""range_flattens"": [null], ""range_multi_buffers"": [null], ""range_num_stages"": [0], ""range_unroll_factors"": [0], ""range_warp_specializes"": [null], ""reduction_loops"": [null]}",ok,9.216000325977802,0.07301855087280273,1
softmax,SO_004,2048x2048,train,2,heuristics,0,2762deffa84c958d,"{""atomic_indexing"": [], ""block_sizes"": [16], ""indexing"": [""tensor_descriptor"", ""pointer"", ""pointer"", ""pointer"", ""pointer"", ""tensor_descriptor""], ""load_eviction_policies"": ["""", ""first"", ""last"", """"], ""num_stages"": 1, ""num_warps"": 16, ""pid_type"": ""flat"", ""range_flattens"": [null], ""range_multi_buffers"": [null], ""range_num_stages"": [0], ""range_unroll_factors"": [0], ""range_warp_specializes"": [null], ""reduction_loops"": [null]}",ok,13.311999849975109,0.05452728271484375,1
softmax,SO_004,2048x2048,train,2,heuristics,0,2eaa47515491baec,"{""atomic_indexing"": [], ""block_sizes"": [4], ""indexing"": [""pointer"", ""tensor_descriptor"", ""tensor_descriptor"", ""tensor_descriptor"", ""pointer"", ""tensor_descriptor""], ""load_eviction_policies"": ["""", """", """", ""last""], ""num_stages"": 7, ""num_warps"": 4, ""pid_type"": ""flat"", ""range_flattens"": [null], ""range_multi_buffers"": [null], ""range_num_stages"": [0], ""range_unroll_factors"": [0], ""range_warp_specializes"": [null], ""reduction_loops"": [null]}",ok,11.264000087976456,0.042025089263916016,1
softmax,SO_004,2048x2048,train,2,heuristics,0,bc289a87be1dbe30,"{""atomic_indexing"": [], ""block_sizes"": [1], ""indexing"": [""pointer"", ""pointer"", ""tensor_descriptor"", ""tensor_descriptor"", ""pointer"", ""tensor_descriptor""], ""load_eviction_policies"": ["""", ""first"", ""first"", ""first""], ""num_stages"": 6, ""num_warps"": 32, ""pid_type"": ""flat"", ""range_flattens"": [null], ""range_multi_buffers"": [null], ""range_num_stages"": [0], ""range_unroll_factors"": [0], ""range_warp_specializes"": [null], ""reduction_loops"": [null]}",ok,17.343999817967415,0.03804206848144531,1
softmax,SO_004,2048x2048,train,2,heuristics,0,8f9244c76278f5d3,"{""atomic_indexing"": [], ""block_sizes"": [1], ""indexing"": [""pointer"", ""pointer"", ""pointer"", ""pointer"", ""pointer"", ""pointer""], ""load_eviction_policies"": ["""", """", """", """"], ""num_stages"": 1, ""num_warps"": 4, ""pid_type"": ""flat"", ""range_flattens"": [null], ""range_multi_buffers"": [null], ""range_num_stages"": [0], ""range_unroll_factors"": [0], ""range_warp_specializes"": [null], ""reduction_loops"": [null]}",ok,9.216000325977802,0.03486180305480957,0
softmax,SO_004,2048x2048,train,2,heuristics,0,736883104fb84b05,"{""atomic_indexing"": [], ""block_sizes"": [8], ""indexing"": [""pointer"", ""pointer"", ""pointer"", ""pointer"", ""pointer"", ""pointer""], ""load_eviction_policies"": ["""", """", """", """"], ""num_stages"": 2, ""num_warps"": 8, ""pid_type"": ""flat"", ""range_flattens"": [null], ""range_multi_buffers"": [null], ""range_num_stages"": [0], ""range_unroll_factors"": [0], ""range_warp_specializes"": [null], ""reduction_loops"": [null]}",ok,11.264000087976456,0.05928945541381836,0
softmax,SO_004,2048x2048,train,2,heuristics,0,02b40432328bb616,"{""atomic_indexing"": [], ""block_sizes"": [16], ""indexing"": [""pointer"", ""pointer"", ""pointer"", ""pointer"", ""pointer"", ""pointer""], ""load_eviction_policies"": ["""", """", """", """"], ""num_stages"": 3, ""num_warps"": 8, ""pid_type"": ""flat"", ""range_flattens"": [null], ""range_multi_buffers"": [null], ""range_num_stages"": [0], ""range_unroll_factors"": [0], ""range_warp_specializes"": [null], ""reduction_loops"": [null]}",ok,11.327999643981457,0.04130196571350098,0
softmax,SO_004,2048x2048,train,2,heuristics,0,a22a4b704ac9c927,"{""atomic_indexing"": [], ""block_sizes"": [4], ""indexing"": [""pointer"", ""pointer"", ""pointer"", ""pointer"", ""pointer"", ""pointer""], ""load_eviction_policies"": ["""", """", """", """"], ""num_sm_multiplier"": 1, ""num_stages"": 2, ""num_warps"": 4, ""pid_type"": ""persistent_blocked"", ""range_flattens"": [null], ""range_multi_buffers"": [null], ""range_num_stages"": [0], ""range_unroll_factors"": [0], ""range_warp_specializes"": [null], ""reduction_loops"": [null]}",ok,14.431999996304512,0.024139404296875,0
softmax,SO_004,2048x2048,train,2,heuristics,0,db08dbbf6ad57f96,"{""atomic_indexing"": [], ""block_sizes"": [32], ""indexing"": [""tensor_descriptor"", ""tensor_descriptor"", ""tensor_descriptor"", ""tensor_descriptor"", ""tensor_descriptor"", ""tensor_descriptor""], ""load_eviction_policies"": ["""", """", """", """"], ""num_stages"": 2, ""num_warps"": 16, ""pid_type"": ""flat"", ""range_flattens"": [null], ""range_multi_buffers"": [null], ""range_num_stages"": [0], ""range_unroll_factors"": [0], ""range_warp_specializes"": [null], ""reduction_loops"": [null]}",ok,21.503999829292297,0.024055004119873047,0
softmax,SO_004,2048x2048,train,2,heuristics,0,97489e6e5bb2b9e8,"{""atomic_indexing"": [], ""block_sizes"": [2], ""indexing"": [""pointer"", ""pointer"", ""pointer"", ""pointer"", ""pointer"", ""pointer""], ""load_eviction_policies"": ["""", """", """", """"], ""num_stages"": 1, ""num_warps"": 4, ""pid_type"": ""flat"", ""range_flattens"": [null], ""range_multi_buffers"": [null], ""range_num_stages"": [0], ""range_unroll_factors"": [0], ""range_warp_specializes"": [null], ""reduction_loops"": [null]}",ok,9.247999638319016,0.02161431312561035,0
softmax,SO_005,4096x2048,train,0,heuristics,0,73ee7ebfcd167c3e,"{""atomic_indexing"": [], ""block_sizes"": [1], ""indexing"": [""pointer"", ""pointer"", ""tensor_descriptor"", ""tensor_descriptor"", ""tensor_descriptor"", ""tensor_descriptor""], ""load_eviction_policies"": [""last"", """", """", ""first""], ""num_stages"": 1, ""num_warps"": 4, ""pid_type"": ""flat"", ""range_flattens"": [null], ""range_multi_buffers"": [null], ""range_num_stages"": [0], ""range_unroll_factors"": [0], ""range_warp_specializes"": [null], ""reduction_loops"": [null]}",ok,13.311999849975109,0.10136604309082031,1
softmax,SO_005,4096x2048,train,0,heuristics,0,30e4835bd494529f,"{""atomic_indexing"": [], ""block_sizes"": [1], ""indexing"": [""tensor_descriptor"", ""tensor_descriptor"", ""pointer"", ""tensor_descriptor"", ""tensor_descriptor"", ""pointer""], ""load_eviction_policies"": ["""", """", """", """"], ""num_stages"": 2, ""num_warps"": 8, ""pid_type"": ""flat"", ""range_flattens"": [null], ""range_multi_buffers"": [null], ""range_num_stages"": [0], ""range_unroll_factors"": [0], ""range_warp_specializes"": [null], ""reduction_loops"": [null]}",ok,13.344000093638897,0.08503508567810059,1
softmax,SO_005,4096x2048,train,0,heuristics,0,4c8d5c71e5731ce4,"{""atomic_indexing"": [], ""block_sizes"": [1], ""indexing"": [""pointer"", ""tensor_descriptor"", ""tensor_descriptor"", ""pointer"", ""tensor_descriptor"", ""tensor_descriptor""], ""load_eviction_policies"": [""last"", ""first"", ""last"", """"], ""num_stages"": 4, ""num_warps"": 2, ""pid_type"": ""flat"", ""range_flattens"": [null], ""range_multi_buffers"": [null], ""range_num_stages"": [0], ""range_unroll_factors"": [0], ""range_warp_specializes"": [null], ""reduction_loops"": [null]}",ok,11.296000331640244,0.06816267967224121,1
softmax,SO_005,4096x2048,train,0,heuristics,0,04a86e122889c00f,"{""atomic_indexing"": [], ""block_sizes"": [1], ""indexing"": [""pointer"", ""tensor_descriptor"", ""pointer"", ""tensor_descriptor"", ""pointer"", ""tensor_descriptor""], ""load_eviction_policies"": ["""", """", ""last"", """"], ""num_stages"": 2, ""num_warps"": 4, ""pid_type"": ""flat"", ""range_flattens"": [null], ""range_multi_buffers"": [null], ""range_num_stages"": [0], ""range_unroll_factors"": [0], ""range_warp_specializes"": [null], ""reduction_loops"": [null]}",ok,13.311999849975109,0.06096076965332031,1
softmax,SO_005,4096x2048,train,0,heuristics,0,2762deffa84c958d,"{""atomic_indexing"": [], ""block_sizes"": [16], ""indexing"": [""tensor_descriptor"", ""pointer"", ""pointer"", ""pointer"", ""pointer"", ""tensor_descriptor""], ""load_eviction_policies"": ["""", ""first"", ""last"", """"], ""num_stages"": 1, ""num_warps"": 16, ""pid_type"": ""flat"", ""range_flattens"": [null], ""range_multi_buffers"": [null], ""range_num_stages"": [0], ""range_unroll_factors"": [0], ""range_warp_specializes"": [null], ""reduction_loops"": [null]}",ok,19.45599913597107,0.3531501293182373,1
softmax,SO_005,4096x2048,train,0,heuristics,0,2eaa47515491baec,"{""atomic_indexing"": [], ""block_sizes"": [4], ""indexing"": [""pointer"", ""tensor_descriptor"", ""tensor_descriptor"", ""tensor_descriptor"", ""pointer"", ""tensor_descriptor""], ""load_eviction_policies"": ["""", """", """", ""last""], ""num_stages"": 7, ""num_warps"": 4, ""pid_type"": ""flat"", ""range_flattens"": [null], ""range_multi_buffers"": [null], ""range_num_stages"": [0], ""range_unroll_factors"": [0], ""range_warp_specializes"": [null], ""reduction_loops"": [null]}",ok,13.344000093638897,0.04422736167907715,1
softmax,SO_005,4096x2048,train,0,heuristics,0,bc289a87be1dbe30,"{""atomic_indexing"": [], ""block_sizes"": [1], ""indexing"": [""pointer"", ""pointer"", ""tensor_descriptor"", ""tensor_descriptor"", ""pointer"", ""tensor_descriptor""], ""load_eviction_policies"": ["""", ""first"", ""first"", ""first""], ""num_stages"": 6, ""num_warps"": 32, ""pid_type"": ""flat"", ""range_flattens"": [null], ""range_multi_buffers"": [null], ""range_num_stages"": [0], ""range_unroll_factors"": [0], ""range_warp_specializes"": [null], ""reduction_loops"": [null]}",ok,25.631999596953392,0.04290318489074707,1
softmax,SO_005,4096x2048,train,0,heuristics,0,8f9244c76278f5d3,"{""atomic_indexing"": [], ""block_sizes"": [1], ""indexing"": [""pointer"", ""pointer"", ""pointer"", ""pointer"", ""pointer"", ""pointer""], ""load_eviction_policies"": ["""", """", """", """"], ""num_stages"": 1, ""num_warps"": 4, ""pid_type"": ""flat"", ""range_flattens"": [null], ""range_multi_buffers"": [null], ""range_num_stages"": [0], ""range_unroll_factors"": [0], ""range_warp_specializes"": [null], ""reduction_loops"": [null]}",ok,13.311999849975109,0.03206014633178711,0
softmax,SO_005,4096x2048,train,0,heuristics,0,736883104fb84b05,"{""atomic_indexing"": [], ""block_sizes"": [8], ""indexing"": [""pointer"", ""pointer"", ""pointer"", ""pointer"", ""pointer"", ""pointer""], ""load_eviction_policies"": ["""", """", """", """"], ""num_stages"": 2, ""num_warps"": 8, ""pid_type"": ""flat"", ""range_flattens"": [null], ""range_multi_buffers"": [null], ""range_num_stages"": [0], ""range_unroll_factors"": [0], ""range_warp_specializes"": [null], ""reduction_loops"": [null]}",ok,15.39199985563755,0.05598282814025879,0
softmax,SO_005,4096x2048,train,0,heuristics,0,c5b3495357f819fd,"{""atomic_indexing"": [], ""block_sizes"": [4], ""indexing"": [""pointer"", ""pointer"", ""pointer"", ""pointer"", ""pointer"", ""pointer""], ""load_eviction_policies"": ["""", """", """", """"], ""num_stages"": 3, ""num_warps"": 4, ""pid_type"": ""flat"", ""range_flattens"": [null], ""range_multi_buffers"": [null], ""range_num_stages"": [0], ""range_unroll_factors"": [0], ""range_warp_specializes"": [null], ""reduction_loops"": [null]}",ok,13.344000093638897,0.03844714164733887,0
softmax,SO_005,4096x2048,train,0,heuristics,0,c101695035644fe5,"{""atomic_indexing"": [], ""block_sizes"": [16], ""indexing"": [""pointer"", ""pointer"", ""pointer"", ""pointer"", ""pointer"", ""pointer""], ""load_eviction_policies"": ["""", """", """", """"], ""num_sm_multiplier"": 1, ""num_stages"": 2, ""num_warps"": 8, ""pid_type"": ""persistent_blocked"", ""range_flattens"": [null], ""range_multi_buffers"": [null], ""range_num_stages"": [0], ""range_unroll_factors"": [0], ""range_warp_specializes"": [null], ""reduction_loops"": [null]}",ok,17.472000792622566,0.023406028747558594,0
softmax,SO_005,4096x2048,train,0,heuristics,0,2c6bef028bc9350c,"{""atomic_indexing"": [], ""block_sizes"": [8], ""indexing"": [""tensor_descriptor"", ""tensor_descriptor"", ""tensor_descriptor"", ""tensor_descriptor"", ""tensor_descriptor"", ""tensor_descriptor""], ""load_eviction_policies"": ["""", """", """", """"], ""num_stages"": 3, ""num_warps"": 8, ""pid_type"": ""flat"", ""range_flattens"": [null], ""range_multi_buffers"": [null], ""range_num_stages"": [0], ""range_unroll_factors"": [0], ""range_warp_specializes"": [null], ""reduction_loops"": [null]}",ok,21.536000072956085,0.022809982299804688,0
softmax,SO_005,4096x2048,train,0,heuristics,0,01136e2bb1c178b3,"{""atomic_indexing"": [], ""block_sizes"": [32], ""indexing"": [""pointer"", ""pointer"", ""pointer"", ""pointer"", ""pointer"", ""pointer""], ""load_eviction_policies"": ["""", """", """", """"], ""num_sm_multiplier"": 2, ""num_stages"": 2, ""num_warps"": 16, ""pid_type"": ""persistent_interleaved"", ""range_flattens"": [null], ""range_multi_buffers"": [null], ""range_num_stages"": [0], ""range_unroll_factors"": [0], ""range_warp_specializes"": [null], ""reduction_loops"": [null]}",ok,19.45599913597107,0.5795609951019287,0
softmax,SO_005,4096x2048,train,1,heuristics,0,73ee7ebfcd167c3e,"{""atomic_indexing"": [], ""block_sizes"": [1], ""indexing"": [""pointer"", ""pointer"", ""tensor_descriptor"", ""tensor_descriptor"", ""tensor_descriptor"", ""tensor_descriptor""], ""load_eviction_policies"": [""last"", """", """", ""first""], ""num_stages"": 1, ""num_warps"": 4, ""pid_type"": ""flat"", ""range_flattens"": [null], ""range_multi_buffers"": [null], ""range_num_stages"": [0], ""range_unroll_factors"": [0], ""range_warp_specializes"": [null], ""reduction_loops"": [null]}",ok,13.279999606311321,0.12022638320922852,1
softmax,SO_005,4096x2048,train,1,heuristics,0,30e4835bd494529f,"{""atomic_indexing"": [], ""block_sizes"": [1], ""indexing"": [""tensor_descriptor"", ""tensor_descriptor"", ""pointer"", ""tensor_descriptor"", ""tensor_descriptor"", ""pointer""], ""load_eviction_policies"": ["""", """", """", """"], ""num_stages"": 2, ""num_warps"": 8, ""pid_type"": ""flat"", ""range_flattens"": [null], ""range_multi_buffers"": [null], ""range_num_stages"": [0], ""range_unroll_factors"": [0], ""range_warp_specializes"": [null], ""reduction_loops"": [null]}",ok,13.344000093638897,0.10213398933410645,1
softmax,SO_005,4096x2048,train,1,heuristics,0,4c8d5c71e5731ce4,"{""atomic_indexing"": [], ""block_sizes"": [1], ""indexing"": [""pointer"", ""tensor_descriptor"", ""tensor_descriptor"", ""pointer"", ""tensor_descriptor"", ""tensor_descriptor""], ""load_eviction_policies"": [""last"", ""first"", ""last"", """"], ""num_stages"": 4, ""num_warps"": 2, ""pid_type"": ""flat"", ""range_flattens"": [null], ""range_multi_buffers"": [null], ""range_num_stages"": [0], ""range_unroll_factors"": [0], ""range_warp_specializes"": [null], ""reduction_loops"": [null]}",ok,11.296000331640244,0.08364582061767578,1
softmax,SO_005,4096x2048,train,1,heuristics,0,04a86e122889c00f,"{""atomic_indexing"": [], ""block_sizes"": [1], ""indexing"": [""pointer"", ""tensor_descriptor"", ""pointer"", ""tensor_descriptor"", ""pointer"", ""tensor_descriptor""], ""load_eviction_policies"": ["""", """", ""last"", """"], ""num_stages"": 2, ""num_warps"": 4, ""pid_type"": ""flat"", ""range_flattens"": [null], ""range_multi_buffers"": [null], ""range_num_stages"": [0], ""range_unroll_factors"": [0], ""range_warp_specializes"": [null], ""reduction_loops"": [null]}",ok,13.311999849975109,0.07573175430297852,1
softmax,SO_005,4096x2048,train,1,heuristics,0,2762deffa84c958d,"{""atomic_indexing"": [], ""block_sizes"": [16], ""indexing"": [""tensor_descriptor"", ""pointer"", ""pointer"", ""pointer"", ""pointer"", ""tensor_descriptor""], ""load_eviction_policies"": ["""", ""first"", ""last"", """"], ""num_stages"": 1, ""num_warps"": 16, ""pid_type"": ""flat"", ""range_flattens"": [null], ""range_multi_buffers"": [null], ""range_num_stages"": [0], ""range_unroll_factors"": [0], ""range_warp_specializes"": [null], ""reduction_loops"": [null]}",ok,19.45599913597107,0.05678415298461914,1
softmax,SO_005,4096x2048,train,1,heuristics,0,2eaa47515491baec,"{""atomic_indexing"": [], ""block_sizes"": [4], ""indexing"": [""pointer"", ""tensor_descriptor"", ""tensor_descriptor"", ""tensor_descriptor"", ""pointer"", ""tensor_descriptor""], ""load_eviction_policies"": ["""", """", """", ""last""], ""num_stages"": 7, ""num_warps"": 4, ""pid_type"": ""flat"", ""range_flattens"": [null], ""range_multi_buffers"": [null], ""range_num_stages"": [0], ""range_unroll_factors"": [0], ""range_warp_specializes"": [null], ""reduction_loops"": [null]}",ok,13.311999849975109,0.042656898498535156,1
softmax,SO_005,4096x2048,train,1,heuristics,0,bc289a87be1dbe30,"{""atomic_indexing"": [], ""block_sizes"": [1], ""indexing"": [""pointer"", ""pointer"", ""tensor_descriptor"", ""tensor_descriptor"", ""pointer"", ""tensor_descriptor""], ""load_eviction_policies"": ["""", ""first"", ""first"", ""first""], ""num_stages"": 6, ""num_warps"": 32, ""pid_type"": ""flat"", ""range_flattens"": [null], ""range_multi_buffers"": [null], ""range_num_stages"": [0], ""range_unroll_factors"": [0], ""range_warp_specializes"": [null], ""reduction_loops"": [null]}",ok,25.631999596953392,0.02826237678527832,1
softmax,SO_005,4096x2048,train,1,heuristics,0,8f9244c76278f5d3,"{""atomic_indexing"": [], ""block_sizes"": [1], ""indexing"": [""pointer"", ""pointer"", ""pointer"", ""pointer"", ""pointer"", ""pointer""], ""load_eviction_policies"": ["""", """", """", """"], ""num_stages"": 1, ""num_warps"": 4, ""pid_type"": ""flat"", ""range_flattens"": [null], ""range_multi_buffers"": [null], ""range_num_stages"": [0], ""range_unroll_factors"": [0], ""range_warp_specializes"": [null], ""reduction_loops"": [null]}",ok,13.311999849975109,0.034514427185058594,0
softmax,SO_005,4096x2048,train,1,heuristics,0,736883104fb84b05,"{""atomic_indexing"": [], ""block_sizes"": [8], ""indexing"": [""pointer"", ""pointer"", ""pointer"", ""pointer"", ""pointer"", ""pointer""], ""load_eviction_policies"": ["""", """", """", """"], ""num_stages"": 2, ""num_warps"": 8, ""pid_type"": ""flat"", ""range_flattens"": [null], ""range_multi_buffers"": [null], ""range_num_stages"": [0], ""range_unroll_factors"": [0], ""range_warp_specializes"": [null], ""reduction_loops"": [null]}",ok,15.39199985563755,0.052110910415649414,0
softmax,SO_005,4096x2048,train,1,heuristics,0,02b40432328bb616,"{""atomic_indexing"": [], ""block_sizes"": [16], ""indexing"": [""pointer"", ""pointer"", ""pointer"", ""pointer"", ""pointer"", ""pointer""], ""load_eviction_policies"": ["""", """", """", """"], ""num_stages"": 3, ""num_warps"": 8, ""pid_type"": ""flat"", ""range_flattens"": [null], ""range_multi_buffers"": [null], ""range_num_stages"": [0], ""range_unroll_factors"": [0], ""range_warp_specializes"": [null], ""reduction_loops"": [null]}",ok,17.40800030529499,0.03428530693054199,0
softmax,SO_005,4096x2048,train,1,heuristics,0,a22a4b704ac9c927,"{""atomic_indexing"": [], ""block_sizes"": [4], ""indexing"": [""pointer"", ""pointer"", ""pointer"", ""pointer"", ""pointer"", ""pointer""], ""load_eviction_policies"": ["""", """", """", """"], ""num_sm_multiplier"": 1, ""num_stages"": 2, ""num_warps"": 4, ""pid_type"": ""persistent_blocked"", ""range_flattens"": [null], ""range_multi_buffers"": [null], ""range_num_stages"": [0], ""range_unroll_factors"": [0], ""range_warp_specializes"": [null], ""reduction_loops"": [null]}",ok,19.648000597953796,0.025820255279541016,0
softmax,SO_005,4096x2048,train,1,heuristics,0,db08dbbf6ad57f96,"{""atomic_indexing"": [], ""block_sizes"": [32], ""indexing"": [""tensor_descriptor"", ""tensor_descriptor"", ""tensor_descriptor"", ""tensor_descriptor"", ""tensor_descriptor"", ""tensor_descriptor""], ""load_eviction_policies"": ["""", """", """", """"], ""num_stages"": 2, ""num_warps"": 16, ""pid_type"": ""flat"", ""range_flattens"": [null], ""range_multi_buffers"": [null], ""range_num_stages"": [0], ""range_unroll_factors"": [0], ""range_warp_specializes"": [null], ""reduction_loops"": [null]}",ok,21.536000072956085,0.026673078536987305,0
softmax,SO_005,4096x2048,train,2,heuristics,0,73ee7ebfcd167c3e,"{""atomic_indexing"": [], ""block_sizes"": [1], ""indexing"": [""pointer"", ""pointer"", ""tensor_descriptor"", ""tensor_descriptor"", ""tensor_descriptor"", ""tensor_descriptor""], ""load_eviction_policies"": [""last"", """", """", ""first""], ""num_stages"": 1, ""num_warps"": 4, ""pid_type"": ""flat"", ""range_flattens"": [null], ""range_multi_buffers"": [null], ""range_num_stages"": [0], ""range_unroll_factors"": [0], ""range_warp_specializes"": [null], ""reduction_loops"": [null]}",ok,13.311999849975109,0.09481310844421387,1
softmax,SO_005,4096x2048,train,2,heuristics,0,30e4835bd494529f,"{""atomic_indexing"": [], ""block_sizes"": [1], ""indexing"": [""tensor_descriptor"", ""tensor_descriptor"", ""pointer"", ""tensor_descriptor"", ""tensor_descriptor"", ""pointer""], ""load_eviction_policies"": ["""", """", """", """"], ""num_stages"": 2, ""num_warps"": 8, ""pid_type"": ""flat"", ""range_flattens"": [null], ""range_multi_buffers"": [null], ""range_num_stages"": [0], ""range_unroll_factors"": [0], ""range_warp_specializes"": [null], ""reduction_loops"": [null]}",ok,13.311999849975109,0.07698607444763184,1
softmax,SO_005,4096x2048,train,2,heuristics,0,4c8d5c71e5731ce4,"{""atomic_indexing"": [], ""block_sizes"": [1], ""indexing"": [""pointer"", ""tensor_descriptor"", ""tensor_descriptor"", ""pointer"", ""tensor_descriptor"", ""tensor_descriptor""], ""load_eviction_policies"": [""last"", ""first"", ""last"", """"], ""num_stages"": 4, ""num_warps"": 2, ""pid_type"": ""flat"", ""range_flattens"": [null], ""range_multi_buffers"": [null], ""range_num_stages"": [0], ""range_unroll_factors"": [0], ""range_warp_specializes"": [null], ""reduction_loops"": [null]}",ok,11.296000331640244,0.0585331916809082,1
softmax,SO_005,4096x2048,train,2,heuristics,0,04a86e122889c00f,"{""atomic_indexing"": [], ""block_sizes"": [1], ""indexing"": [""pointer"", ""tensor_descriptor"", ""pointer"", ""tensor_descriptor"", ""pointer"", ""tensor_descriptor""], ""load_eviction_policies"": ["""", """", ""last"", """"], ""num_stages"": 2, ""num_warps"": 4, ""pid_type"": ""flat"", ""range_flattens"": [null], ""range_multi_buffers"": [null], ""range_num_stages"": [0], ""range_unroll_factors"": [0], ""range_warp_specializes"": [null], ""reduction_loops"": [null]}",ok,13.311999849975109,0.051111459732055664,1
softmax,SO_005,4096x2048,train,2,heuristics,0,2762deffa84c958d,"{""atomic_indexing"": [], ""block_sizes"": [16], ""indexing"": [""tensor_descriptor"", ""pointer"", ""pointer"", ""pointer"", ""pointer"", ""tensor_descriptor""], ""load_eviction_policies"": ["""", ""first"", ""last"", """"], ""num_stages"": 1, ""num_warps"": 16, ""pid_type"": ""flat"", ""range_flattens"": [null], ""range_multi_buffers"": [null], ""range_num_stages"": [0], ""range_unroll_factors"": [0], ""range_warp_specializes"": [null], ""reduction_loops"": [null]}",ok,19.45599913597107,0.043567657470703125,1
softmax,SO_005,4096x2048,train,2,heuristics,0,2eaa47515491baec,"{""atomic_indexing"": [], ""block_sizes"": [4], ""indexing"": [""pointer"", ""tensor_descriptor"", ""tensor_descriptor"", ""tensor_descriptor"", ""pointer"", ""tensor_descriptor""], ""load_eviction_policies"": ["""", """", """", ""last""], ""num_stages"": 7, ""num_warps"": 4, ""pid_type"": ""flat"", ""range_flattens"": [null], ""range_multi_buffers"": [null], ""range_num_stages"": [0], ""range_unroll_factors"": [0], ""range_warp_specializes"": [null], ""reduction_loops"": [null]}",ok,13.311999849975109,0.03596043586730957,1
softmax,SO_005,4096x2048,train,2,heuristics,0,bc289a87be1dbe30,"{""atomic_indexing"": [], ""block_sizes"": [1], ""indexing"": [""pointer"", ""pointer"", ""tensor_descriptor"", ""tensor_descriptor"", ""pointer"", ""tensor_descriptor""], ""load_eviction_policies"": ["""", ""first"", ""first"", ""first""], ""num_stages"": 6, ""num_warps"": 32, ""pid_type"": ""flat"", ""range_flattens"": [null], ""range_multi_buffers"": [null], ""range_num_stages"": [0], ""range_unroll_factors"": [0], ""range_warp_specializes"": [null], ""reduction_loops"": [null]}",ok,25.631999596953392,0.029376745223999023,1
softmax,SO_005,4096x2048,train,2,heuristics,0,8f9244c76278f5d3,"{""atomic_indexing"": [], ""block_sizes"": [1], ""indexing"": [""pointer"", ""pointer"", ""pointer"", ""pointer"", ""pointer"", ""pointer""], ""load_eviction_policies"": ["""", """", """", """"], ""num_stages"": 1, ""num_warps"": 4, ""pid_type"": ""flat"", ""range_flattens"": [null], ""range_multi_buffers"": [null], ""range_num_stages"": [0], ""range_unroll_factors"": [0], ""range_warp_specializes"": [null], ""reduction_loops"": [null]}",ok,13.311999849975109,0.03821825981140137,0
softmax,SO_005,4096x2048,train,2,heuristics,0,736883104fb84b05,"{""atomic_indexing"": [], ""block_sizes"": [8], ""indexing"": [""pointer"", ""pointer"", ""pointer"", ""pointer"", ""pointer"", ""pointer""], ""load_eviction_policies"": ["""", """", """", """"], ""num_stages"": 2, ""num_warps"": 8, ""pid_type"": ""flat"", ""range_flattens"": [null], ""range_multi_buffers"": [null], ""range_num_stages"": [0], ""range_unroll_factors"": [0], ""range_warp_specializes"": [null], ""reduction_loops"": [null]}",ok,15.359999611973763,0.06895589828491211,0
softmax,SO_005,4096x2048,train,2,heuristics,0,02b40432328bb616,"{""atomic_indexing"": [], ""block_sizes"": [16], ""indexing"": [""pointer"", ""pointer"", ""pointer"", ""pointer"", ""pointer"", ""pointer""], ""load_eviction_policies"": ["""", """", """", """"], ""num_stages"": 3, ""num_warps"": 8, ""pid_type"": ""flat"", ""range_flattens"": [null], ""range_multi_buffers"": [null], ""range_num_stages"": [0], ""range_unroll_factors"": [0], ""range_warp_specializes"": [null], ""reduction_loops"": [null]}",ok,17.40800030529499,0.05141091346740723,0
softmax,SO_005,4096x2048,train,2,heuristics,0,a22a4b704ac9c927,"{""atomic_indexing"": [], ""block_sizes"": [4], ""indexing"": [""pointer"", ""pointer"", ""pointer"", ""pointer"", ""pointer"", ""pointer""], ""load_eviction_policies"": ["""", """", """", """"], ""num_sm_multiplier"": 1, ""num_stages"": 2, ""num_warps"": 4, ""pid_type"": ""persistent_blocked"", ""range_flattens"": [null], ""range_multi_buffers"": [null], ""range_num_stages"": [0], ""range_unroll_factors"": [0], ""range_warp_specializes"": [null], ""reduction_loops"": [null]}",ok,20.576000213623047,0.03465867042541504,0
softmax,SO_005,4096x2048,train,2,heuristics,0,db08dbbf6ad57f96,"{""atomic_indexing"": [], ""block_sizes"": [32], ""indexing"": [""tensor_descriptor"", ""tensor_descriptor"", ""tensor_descriptor"", ""tensor_descriptor"", ""tensor_descriptor"", ""tensor_descriptor""], ""load_eviction_policies"": ["""", """", """", """"], ""num_stages"": 2, ""num_warps"": 16, ""pid_type"": ""flat"", ""range_flattens"": [null], ""range_multi_buffers"": [null], ""range_num_stages"": [0], ""range_unroll_factors"": [0], ""range_warp_specializes"": [null], ""reduction_loops"": [null]}",ok,21.536000072956085,0.03279757499694824,0
softmax,SO_005,4096x2048,train,2,heuristics,0,97489e6e5bb2b9e8,"{""atomic_indexing"": [], ""block_sizes"": [2], ""indexing"": [""pointer"", ""pointer"", ""pointer"", ""pointer"", ""pointer"", ""pointer""], ""load_eviction_policies"": ["""", """", """", """"], ""num_stages"": 1, ""num_warps"": 4, ""pid_type"": ""flat"", ""range_flattens"": [null], ""range_multi_buffers"": [null], ""range_num_stages"": [0], ""range_unroll_factors"": [0], ""range_warp_specializes"": [null], ""reduction_loops"": [null]}",ok,13.311999849975109,0.04509258270263672,0
softmax,SO_006,4096x4096,train,0,heuristics,0,73ee7ebfcd167c3e,"{""atomic_indexing"": [], ""block_sizes"": [1], ""indexing"": [""pointer"", ""pointer"", ""tensor_descriptor"", ""tensor_descriptor"", ""tensor_descriptor"", ""tensor_descriptor""], ""load_eviction_policies"": [""last"", """", """", ""first""], ""num_stages"": 1, ""num_warps"": 4, ""pid_type"": ""flat"", ""range_flattens"": [null], ""range_multi_buffers"": [null], ""range_num_stages"": [0], ""range_unroll_factors"": [0], ""range_warp_specializes"": [null], ""reduction_loops"": [null]}",ok,19.45599913597107,0.08299803733825684,1
softmax,SO_006,4096x4096,train,0,heuristics,0,30e4835bd494529f,"{""atomic_indexing"": [], ""block_sizes"": [1], ""indexing"": [""tensor_descriptor"", ""tensor_descriptor"", ""pointer"", ""tensor_descriptor"", ""tensor_descriptor"", ""pointer""], ""load_eviction_policies"": ["""", """", """", """"], ""num_stages"": 2, ""num_warps"": 8, ""pid_type"": ""flat"", ""range_flattens"": [null], ""range_multi_buffers"": [null], ""range_num_stages"": [0], ""range_unroll_factors"": [0], ""range_warp_specializes"": [null], ""reduction_loops"": [null]}",ok,19.487999379634857,0.0643463134765625,1
softmax,SO_006,4096x4096,train,0,heuristics,0,4c8d5c71e5731ce4,"{""atomic_indexing"": [], ""block_sizes"": [1], ""indexing"": [""pointer"", ""tensor_descriptor"", ""tensor_descriptor"", ""pointer"", ""tensor_descriptor"", ""tensor_descriptor""], ""load_eviction_policies"": [""last"", ""first"", ""last"", """"], ""num_stages"": 4, ""num_warps"": 2, ""pid_type"": ""flat"", ""range_flattens"": [null], ""range_multi_buffers"": [null], ""range_num_stages"": [0], ""range_unroll_factors"": [0], ""range_warp_specializes"": [null], ""reduction_loops"": [null]}",ok,21.503999829292297,0.04685187339782715,1
softmax,SO_006,4096x4096,train,0,heuristics,0,04a86e122889c00f,"{""atomic_indexing"": [], ""block_sizes"": [1], ""indexing"": [""pointer"", ""tensor_descriptor"", ""pointer"", ""tensor_descriptor"", ""pointer"", ""tensor_descriptor""], ""load_eviction_policies"": ["""", """", ""last"", """"], ""num_stages"": 2, ""num_warps"": 4, ""pid_type"": ""flat"", ""range_flattens"": [null], ""range_multi_buffers"": [null], ""range_num_stages"": [0], ""range_unroll_factors"": [0], ""range_warp_specializes"": [null], ""reduction_loops"": [null]}",ok,19.45599913597107,0.039639949798583984,1
softmax,SO_006,4096x4096,train,0,heuristics,0,2762deffa84c958d,"{""atomic_indexing"": [], ""block_sizes"": [16], ""indexing"": [""tensor_descriptor"", ""pointer"", ""pointer"", ""pointer"", ""pointer"", ""tensor_descriptor""], ""load_eviction_policies"": ["""", ""first"", ""last"", """"], ""num_stages"": 1, ""num_warps"": 16, ""pid_type"": ""flat"", ""range_flattens"": [null], ""range_multi_buffers"": [null], ""range_num_stages"": [0], ""range_unroll_factors"": [0], ""range_warp_specializes"": [null], ""reduction_loops"": [null]}",ok,31.74399957060814,0.620060920715332,1
softmax,SO_006,4096x4096,train,0,heuristics,0,2eaa47515491baec,"{""atomic_indexing"": [], ""block_sizes"": [4], ""indexing"": [""pointer"", ""tensor_descriptor"", ""tensor_descriptor"", ""tensor_descriptor"", ""pointer"", ""tensor_descriptor""], ""load_eviction_policies"": ["""", """", """", ""last""], ""num_stages"": 7, ""num_warps"": 4, ""pid_type"": ""flat"", ""range_flattens"": [null], ""range_multi_buffers"": [null], ""range_num_stages"": [0], ""range_unroll_factors"": [0], ""range_warp_specializes"": [null], ""reduction_loops"": [null]}",ok,23.520000278949738,0.024634361267089844,1
softmax,SO_006,4096x4096,train,0,heuristics,0,bc289a87be1dbe30,"{""atomic_indexing"": [], ""block_sizes"": [1], ""indexing"": [""pointer"", ""pointer"", ""tensor_descriptor"", ""tensor_descriptor"", ""pointer"", ""tensor_descriptor""], ""load_eviction_policies"": ["""", ""first"", ""first"", ""first""], ""num_stages"": 6, ""num_warps"": 32, ""pid_type"": ""flat"", ""range_flattens"": [null], ""range_multi_buffers"": [null], ""range_num_stages"": [0], ""range_unroll_factors"": [0], ""range_warp_specializes"": [null], ""reduction_loops"": [null]}",ok,31.775999814271927,0.0250091552734375,1
softmax,SO_006,4096x4096,train,0,heuristics,0,8f9244c76278f5d3,"{""atomic_indexing"": [], ""block_sizes"": [1], ""indexing"": [""pointer"", ""pointer"", ""pointer"", ""pointer"", ""pointer"", ""pointer""], ""load_eviction_policies"": ["""", """", """", """"], ""num_stages"": 1, ""num_warps"": 4, ""pid_type"": ""flat"", ""range_flattens"": [null], ""range_multi_buffers"": [null], ""range_num_stages"": [0], ""range_unroll_factors"": [0], ""range_warp_specializes"": [null], ""reduction_loops"": [null]}",ok,19.487999379634857,0.02292156219482422,0
softmax,SO_006,4096x4096,train,0,heuristics,0,6d9e39170044cf11,"{""atomic_indexing"": [], ""block_sizes"": [8], ""indexing"": [""pointer"", ""pointer"", ""pointer"", ""pointer"", ""pointer"", ""pointer""], ""load_eviction_policies"": ["""", """", """", """"], ""num_stages"": 1, ""num_warps"": 4, ""pid_type"": ""flat"", ""range_flattens"": [null], ""range_multi_buffers"": [null], ""range_num_stages"": [0], ""range_unroll_factors"": [0], ""range_warp_specializes"": [null], ""reduction_loops"": [null]}",ok,29.759999364614487,1.1199121475219727,0
softmax,SO_006,4096x4096,train,0,heuristics,0,a1a2a48616d6c8b8,"{""atomic_indexing"": [], ""block_sizes"": [16], ""indexing"": [""pointer"", ""pointer"", ""pointer"", ""pointer"", ""pointer"", ""pointer""], ""load_eviction_policies"": ["""", """", """", """"], ""num_stages"": 2, ""num_warps"": 8, ""pid_type"": ""flat"", ""range_flattens"": [null], ""range_multi_buffers"": [null], ""range_num_stages"": [0], ""range_unroll_factors"": [0], ""range_warp_specializes"": [null], ""reduction_loops"": [null]}",ok,29.69600073993206,1.1902515888214111,0
softmax,SO_006,4096x4096,train,0,heuristics,0,99f1fe04f31b0dd1,"{""atomic_indexing"": [], ""block_sizes"": [32], ""indexing"": [""pointer"", ""pointer"", ""pointer"", ""pointer"", ""pointer"", ""pointer""], ""load_eviction_policies"": ["""", """", """", """"], ""num_sm_multiplier"": 1, ""num_stages"": 3, ""num_warps"": 8, ""pid_type"": ""persistent_blocked"", ""range_flattens"": [null], ""range_multi_buffers"": [null], ""range_num_stages"": [0], ""range_unroll_factors"": [0], ""range_warp_specializes"": [null], ""reduction_loops"": [null]}",ok,320.5440044403076,3.4073452949523926,0
softmax,SO_006,4096x4096,train,0,heuristics,0,5795b7ab83aaef48,"{""atomic_indexing"": [], ""block_sizes"": [4], ""indexing"": [""tensor_descriptor"", ""tensor_descriptor"", ""tensor_descriptor"", ""tensor_descriptor"", ""tensor_descriptor"", ""tensor_descriptor""], ""load_eviction_policies"": ["""", """", """", """"], ""num_stages"": 1, ""num_warps"": 4, ""pid_type"": ""flat"", ""range_flattens"": [null], ""range_multi_buffers"": [null], ""range_num_stages"": [0], ""range_unroll_factors"": [0], ""range_warp_specializes"": [null], ""reduction_loops"": [null]}",ok,23.552000522613525,0.5396323204040527,0
softmax,SO_006,4096x4096,train,0,heuristics,0,92bcc548765eab6a,"{""atomic_indexing"": [], ""block_sizes"": [64], ""indexing"": [""pointer"", ""pointer"", ""pointer"", ""pointer"", ""pointer"", ""pointer""], ""load_eviction_policies"": ["""", """", """", """"], ""num_sm_multiplier"": 1, ""num_stages"": 2, ""num_warps"": 16, ""pid_type"": ""persistent_interleaved"", ""range_flattens"": [null], ""range_multi_buffers"": [null], ""range_num_stages"": [0], ""range_unroll_factors"": [0], ""range_warp_specializes"": [null], ""reduction_loops"": [null]}",ok,167.9999977350235,3.8049027919769287,0
softmax,SO_006,4096x4096,train,1,heuristics,0,73ee7ebfcd167c3e,"{""atomic_indexing"": [], ""block_sizes"": [1], ""indexing"": [""pointer"", ""pointer"", ""tensor_descriptor"", ""tensor_descriptor"", ""tensor_descriptor"", ""tensor_descriptor""], ""load_eviction_policies"": [""last"", """", """", ""first""], ""num_stages"": 1, ""num_warps"": 4, ""pid_type"": ""flat"", ""range_flattens"": [null], ""range_multi_buffers"": [null], ""range_num_stages"": [0], ""range_unroll_factors"": [0], ""range_warp_specializes"": [null], ""reduction_loops"": [null]}",ok,19.487999379634857,0.11682844161987305,1
softmax,SO_006,4096x4096,train,1,heuristics,0,30e4835bd494529f,"{""atomic_indexing"": [], ""block_sizes"": [1], ""indexing"": [""tensor_descriptor"", ""tensor_descriptor"", ""pointer"", ""tensor_descriptor"", ""tensor_descriptor"", ""pointer""], ""load_eviction_policies"": ["""", """", """", """"], ""num_stages"": 2, ""num_warps"": 8, ""pid_type"": ""flat"", ""range_flattens"": [null], ""range_multi_buffers"": [null], ""range_num_stages"": [0], ""range_unroll_factors"": [0], ""range_warp_specializes"": [null], ""reduction_loops"": [null]}",ok,19.487999379634857,0.09883999824523926,1
softmax,SO_006,4096x4096,train,1,heuristics,0,4c8d5c71e5731ce4,"{""atomic_indexing"": [], ""block_sizes"": [1], ""indexing"": [""pointer"", ""tensor_descriptor"", ""tensor_descriptor"", ""pointer"", ""tensor_descriptor"", ""tensor_descriptor""], ""load_eviction_policies"": [""last"", ""first"", ""last"", """"], ""num_stages"": 4, ""num_warps"": 2, ""pid_type"": ""flat"", ""range_flattens"": [null], ""range_multi_buffers"": [null], ""range_num_stages"": [0], ""range_unroll_factors"": [0], ""range_warp_specializes"": [null], ""reduction_loops"": [null]}",ok,21.43999934196472,0.08164000511169434,1
softmax,SO_006,4096x4096,train,1,heuristics,0,04a86e122889c00f,"{""atomic_indexing"": [], ""block_sizes"": [1], ""indexing"": [""pointer"", ""tensor_descriptor"", ""pointer"", ""tensor_descriptor"", ""pointer"", ""tensor_descriptor""], ""load_eviction_policies"": ["""", """", ""last"", """"], ""num_stages"": 2, ""num_warps"": 4, ""pid_type"": ""flat"", ""range_flattens"": [null], ""range_multi_buffers"": [null], ""range_num_stages"": [0], ""range_unroll_factors"": [0], ""range_warp_specializes"": [null], ""reduction_loops"": [null]}",ok,19.45599913597107,0.07317924499511719,1
softmax,SO_006,4096x4096,train,1,heuristics,0,2762deffa84c958d,"{""atomic_indexing"": [], ""block_sizes"": [16], ""indexing"": [""tensor_descriptor"", ""pointer"", ""pointer"", ""pointer"", ""pointer"", ""tensor_descriptor""], ""load_eviction_policies"": ["""", ""first"", ""last"", """"], ""num_stages"": 1, ""num_warps"": 16, ""pid_type"": ""flat"", ""range_flattens"": [null], ""range_multi_buffers"": [null], ""range_num_stages"": [0], ""range_unroll_factors"": [0], ""range_warp_specializes"": [null], ""reduction_loops"": [null]}",ok,31.74399957060814,0.057428598403930664,1
softmax,SO_006,4096x4096,train,1,heuristics,0,2eaa47515491baec,"{""atomic_indexing"": [], ""block_sizes"": [4], ""indexing"": [""pointer"", ""tensor_descriptor"", ""tensor_descriptor"", ""tensor_descriptor"", ""pointer"", ""tensor_descriptor""], ""load_eviction_policies"": ["""", """", """", ""last""], ""num_stages"": 7, ""num_warps"": 4, ""pid_type"": ""flat"", ""range_flattens"": [null], ""range_multi_buffers"": [null], ""range_num_stages"": [0], ""range_unroll_factors"": [0], ""range_warp_specializes"": [null], ""reduction_loops"": [null]}",ok,23.455999791622162,0.04395627975463867,1
softmax,SO_006,4096x4096,train,1,heuristics,0,bc289a87be1dbe30,"{""atomic_indexing"": [], ""block_sizes"": [1], ""indexing"": [""pointer"", ""pointer"", ""tensor_descriptor"", ""tensor_descriptor"", ""pointer"", ""tensor_descriptor""], ""load_eviction_policies"": ["""", ""first"", ""first"", ""first""], ""num_stages"": 6, ""num_warps"": 32, ""pid_type"": ""flat"", ""range_flattens"": [null], ""range_multi_buffers"": [null], ""range_num_stages"": [0], ""range_unroll_factors"": [0], ""range_warp_specializes"": [null], ""reduction_loops"": [null]}",ok,33.76000002026558,0.043775081634521484,1
softmax,SO_006,4096x4096,train,1,heuristics,0,8f9244c76278f5d3,"{""atomic_indexing"": [], ""block_sizes"": [1], ""indexing"": [""pointer"", ""pointer"", ""pointer"", ""pointer"", ""pointer"", ""pointer""], ""load_eviction_policies"": ["""", """", """", """"], ""num_stages"": 1, ""num_warps"": 4, ""pid_type"": ""flat"", ""range_flattens"": [null], ""range_multi_buffers"": [null], ""range_num_stages"": [0], ""range_unroll_factors"": [0], ""range_warp_specializes"": [null], ""reduction_loops"": [null]}",ok,19.487999379634857,0.03929948806762695,0
softmax,SO_006,4096x4096,train,1,heuristics,0,736883104fb84b05,"{""atomic_indexing"": [], ""block_sizes"": [8], ""indexing"": [""pointer"", ""pointer"", ""pointer"", ""pointer"", ""pointer"", ""pointer""], ""load_eviction_policies"": ["""", """", """", """"], ""num_stages"": 2, ""num_warps"": 8, ""pid_type"": ""flat"", ""range_flattens"": [null], ""range_multi_buffers"": [null], ""range_num_stages"": [0], ""range_unroll_factors"": [0], ""range_warp_specializes"": [null], ""reduction_loops"": [null]}",ok,29.69600073993206,0.06810593605041504,0
softmax,SO_006,4096x4096,train,1,heuristics,0,02b40432328bb616,"{""atomic_indexing"": [], ""block_sizes"": [16], ""indexing"": [""pointer"", ""pointer"", ""pointer"", ""pointer"", ""pointer"", ""pointer""], ""load_eviction_policies"": ["""", """", """", """"], ""num_stages"": 3, ""num_warps"": 8, ""pid_type"": ""flat"", ""range_flattens"": [null], ""range_multi_buffers"": [null], ""range_num_stages"": [0], ""range_unroll_factors"": [0], ""range_warp_specializes"": [null], ""reduction_loops"": [null]}",ok,29.69600073993206,0.05017828941345215,0
softmax,SO_006,4096x4096,train,1,heuristics,0,a22a4b704ac9c927,"{""atomic_indexing"": [], ""block_sizes"": [4], ""indexing"": [""pointer"", ""pointer"", ""pointer"", ""pointer"", ""pointer"", ""pointer""], ""load_eviction_policies"": ["""", """", """", """"], ""num_sm_multiplier"": 1, ""num_stages"": 2, ""num_warps"": 4, ""pid_type"": ""persistent_blocked"", ""range_flattens"": [null], ""range_multi_buffers"": [null], ""range_num_stages"": [0], ""range_unroll_factors"": [0], ""range_warp_specializes"": [null], ""reduction_loops"": [null]}",ok,33.824000507593155,0.03340268135070801,0
softmax,SO_006,4096x4096,train,1,heuristics,0,db08dbbf6ad57f96,"{""atomic_indexing"": [], ""block_sizes"": [32], ""indexing"": [""tensor_descriptor"", ""tensor_descriptor"", ""tensor_descriptor"", ""tensor_descriptor"", ""tensor_descriptor"", ""tensor_descriptor""], ""load_eviction_policies"": ["""", """", """", """"], ""num_stages"": 2, ""num_warps"": 16, ""pid_type"": ""flat"", ""range_flattens"": [null], ""range_multi_buffers"": [null], ""range_num_stages"": [0], ""range_unroll_factors"": [0], ""range_warp_specializes"": [null], ""reduction_loops"": [null]}",error,inf,0.027230501174926758,0
softmax,SO_006,4096x4096,train,1,heuristics,0,97489e6e5bb2b9e8,"{""atomic_indexing"": [], ""block_sizes"": [2], ""indexing"": [""pointer"", ""pointer"", ""pointer"", ""pointer"", ""pointer"", ""pointer""], ""load_eviction_policies"": ["""", """", """", """"], ""num_stages"": 1, ""num_warps"": 4, ""pid_type"": ""flat"", ""range_flattens"": [null], ""range_multi_buffers"": [null], ""range_num_stages"": [0], ""range_unroll_factors"": [0], ""range_warp_specializes"": [null], ""reduction_loops"": [null]}",ok,21.536000072956085,0.0450139045715332,0
softmax,SO_006,4096x4096,train,2,heuristics,0,73ee7ebfcd167c3e,"{""atomic_indexing"": [], ""block_sizes"": [1], ""indexing"": [""pointer"", ""pointer"", ""tensor_descriptor"", ""tensor_descriptor"", ""tensor_descriptor"", ""tensor_descriptor""], ""load_eviction_policies"": [""last"", """", """", ""first""], ""num_stages"": 1, ""num_warps"": 4, ""pid_type"": ""flat"", ""range_flattens"": [null], ""range_multi_buffers"": [null], ""range_num_stages"": [0], ""range_unroll_factors"": [0], ""range_warp_specializes"": [null], ""reduction_loops"": [null]}",ok,19.45599913597107,0.12659406661987305,1
softmax,SO_006,4096x4096,train,2,heuristics,0,30e4835bd494529f,"{""atomic_indexing"": [], ""block_sizes"": [1], ""indexing"": [""tensor_descriptor"", ""tensor_descriptor"", ""pointer"", ""tensor_descriptor"", ""tensor_descriptor"", ""pointer""], ""load_eviction_policies"": ["""", """", """", """"], ""num_stages"": 2, ""num_warps"": 8, ""pid_type"": ""flat"", ""range_flattens"": [null], ""range_multi_buffers"": [null], ""range_num_stages"": [0], ""range_unroll_factors"": [0], ""range_warp_specializes"": [null], ""reduction_loops"": [null]}",ok,19.487999379634857,0.10888481140136719,1
softmax,SO_006,4096x4096,train,2,heuristics,0,4c8d5c71e5731ce4,"{""atomic_indexing"": [], ""block_sizes"": [1], ""indexing"": [""pointer"", ""tensor_descriptor"", ""tensor_descriptor"", ""pointer"", ""tensor_descriptor"", ""tensor_descriptor""], ""load_eviction_policies"": [""last"", ""first"", ""last"", """"], ""num_stages"": 4, ""num_warps"": 2, ""pid_type"": ""flat"", ""range_flattens"": [null], ""range_multi_buffers"": [null], ""range_num_stages"": [0], ""range_unroll_factors"": [0], ""range_warp_specializes"": [null], ""reduction_loops"": [null]}",ok,21.47199958562851,0.09159326553344727,1
softmax,SO_006,4096x4096,train,2,heuristics,0,04a86e122889c00f,"{""atomic_indexing"": [], ""block_sizes"": [1], ""indexing"": [""pointer"", ""tensor_descriptor"", ""pointer"", ""tensor_descriptor"", ""pointer"", ""tensor_descriptor""], ""load_eviction_policies"": ["""", """", ""last"", """"], ""num_stages"": 2, ""num_warps"": 4, ""pid_type"": ""flat"", ""range_flattens"": [null], ""range_multi_buffers"": [null], ""range_num_stages"": [0], ""range_unroll_factors"": [0], ""range_warp_specializes"": [null], ""reduction_loops"": [null]}",ok,19.487999379634857,0.08309149742126465,1
softmax,SO_006,4096x4096,train,2,heuristics,0,2762deffa84c958d,"{""atomic_indexing"": [], ""block_sizes"": [16], ""indexing"": [""tensor_descriptor"", ""pointer"", ""pointer"", ""pointer"", ""pointer"", ""tensor_descriptor""], ""load_eviction_policies"": ["""", ""first"", ""last"", """"], ""num_stages"": 1, ""num_warps"": 16, ""pid_type"": ""flat"", ""range_flattens"": [null], ""range_multi_buffers"": [null], ""range_num_stages"": [0], ""range_unroll_factors"": [0], ""range_warp_specializes"": [null], ""reduction_loops"": [null]}",ok,31.74399957060814,0.06437110900878906,1
softmax,SO_006,4096x4096,train,2,heuristics,0,2eaa47515491baec,"{""atomic_indexing"": [], ""block_sizes"": [4], ""indexing"": [""pointer"", ""tensor_descriptor"", ""tensor_descriptor"", ""tensor_descriptor"", ""pointer"", ""tensor_descriptor""], ""load_eviction_policies"": ["""", """", """", ""last""], ""num_stages"": 7, ""num_warps"": 4, ""pid_type"": ""flat"", ""range_flattens"": [null], ""range_multi_buffers"": [null], ""range_num_stages"": [0], ""range_unroll_factors"": [0], ""range_warp_specializes"": [null], ""reduction_loops"": [null]}",ok,23.48800003528595,0.052358388900756836,1
softmax,SO_006,4096x4096,train,2,heuristics,0,bc289a87be1dbe30,"{""atomic_indexing"": [], ""block_sizes"": [1], ""indexing"": [""pointer"", ""pointer"", ""tensor_descriptor"", ""tensor_descriptor"", ""pointer"", ""tensor_descriptor""], ""load_eviction_policies"": ["""", ""first"", ""first"", ""first""], ""num_stages"": 6, ""num_warps"": 32, ""pid_type"": ""flat"", ""range_flattens"": [null], ""range_multi_buffers"": [null], ""range_num_stages"": [0], ""range_unroll_factors"": [0], ""range_warp_specializes"": [null], ""reduction_loops"": [null]}",ok,31.775999814271927,0.036495208740234375,1
softmax,SO_006,4096x4096,train,2,heuristics,0,8f9244c76278f5d3,"{""atomic_indexing"": [], ""block_sizes"": [1], ""indexing"": [""pointer"", ""pointer"", ""pointer"", ""pointer"", ""pointer"", ""pointer""], ""load_eviction_policies"": ["""", """", """", """"], ""num_stages"": 1, ""num_warps"": 4, ""pid_type"": ""flat"", ""range_flattens"": [null], ""range_multi_buffers"": [null], ""range_num_stages"": [0], ""range_unroll_factors"": [0], ""range_warp_specializes"": [null], ""reduction_loops"": [null]}",ok,19.487999379634857,0.04204130172729492,0
softmax,SO_006,4096x4096,train,2,heuristics,0,736883104fb84b05,"{""atomic_indexing"": [], ""block_sizes"": [8], ""indexing"": [""pointer"", ""pointer"", ""pointer"", ""pointer"", ""pointer"", ""pointer""], ""load_eviction_policies"": ["""", """", """", """"], ""num_stages"": 2, ""num_warps"": 8, ""pid_type"": ""flat"", ""range_flattens"": [null], ""range_multi_buffers"": [null], ""range_num_stages"": [0], ""range_unroll_factors"": [0], ""range_warp_specializes"": [null], ""reduction_loops"": [null]}",ok,29.69600073993206,0.057259559631347656,0
softmax,SO_006,4096x4096,train,2,heuristics,0,02b40432328bb616,"{""atomic_indexing"": [], ""block_sizes"": [16], ""indexing"": [""pointer"", ""pointer"", ""pointer"", ""pointer"", ""pointer"", ""pointer""], ""load_eviction_policies"": ["""", """", """", """"], ""num_stages"": 3, ""num_warps"": 8, ""pid_type"": ""flat"", ""range_flattens"": [null], ""range_multi_buffers"": [null], ""range_num_stages"": [0], ""range_unroll_factors"": [0], ""range_warp_specializes"": [null], ""reduction_loops"": [null]}",ok,29.69600073993206,0.03950047492980957,0
softmax,SO_006,4096x4096,train,2,heuristics,0,83e1ab81416a5a30,"{""atomic_indexing"": [], ""block_sizes"": [4], ""indexing"": [""pointer"", ""pointer"", ""pointer"", ""pointer"", ""pointer"", ""pointer""], ""load_eviction_policies"": ["""", """", """", """"], ""num_sm_multiplier"": 1, ""num_stages"": 2, ""num_warps"": 4, ""pid_type"": ""persistent_interleaved"", ""range_flattens"": [null], ""range_multi_buffers"": [null], ""range_num_stages"": [0], ""range_unroll_factors"": [0], ""range_warp_specializes"": [null], ""reduction_loops"": [null]}",ok,33.72799977660179,0.44165945053100586,0
softmax,SO_006,4096x4096,train,2,heuristics,0,db08dbbf6ad57f96,"{""atomic_indexing"": [], ""block_sizes"": [32], ""indexing"": [""tensor_descriptor"", ""tensor_descriptor"", ""tensor_descriptor"", ""tensor_descriptor"", ""tensor_descriptor"", ""tensor_descriptor""], ""load_eviction_policies"": ["""", """", """", """"], ""num_stages"": 2, ""num_warps"": 16, ""pid_type"": ""flat"", ""range_flattens"": [null], ""range_multi_buffers"": [null], ""range_num_stages"": [0], ""range_unroll_factors"": [0], ""range_warp_specializes"": [null], ""reduction_loops"": [null]}",error,inf,0.023774147033691406,0
softmax,SO_006,4096x4096,train,2,heuristics,0,97489e6e5bb2b9e8,"{""atomic_indexing"": [], ""block_sizes"": [2], ""indexing"": [""pointer"", ""pointer"", ""pointer"", ""pointer"", ""pointer"", ""pointer""], ""load_eviction_policies"": ["""", """", """", """"], ""num_stages"": 1, ""num_warps"": 4, ""pid_type"": ""flat"", ""range_flattens"": [null], ""range_multi_buffers"": [null], ""range_num_stages"": [0], ""range_unroll_factors"": [0], ""range_warp_specializes"": [null], ""reduction_loops"": [null]}",ok,21.536000072956085,0.021403789520263672,0
softmax,SO_007,2048x5120,train,0,heuristics,0,bc289a87be1dbe30,"{""atomic_indexing"": [], ""block_sizes"": [1], ""indexing"": [""pointer"", ""pointer"", ""tensor_descriptor"", ""tensor_descriptor"", ""pointer"", ""tensor_descriptor""], ""load_eviction_policies"": ["""", ""first"", ""first"", ""first""], ""num_stages"": 6, ""num_warps"": 32, ""pid_type"": ""flat"", ""range_flattens"": [null], ""range_multi_buffers"": [null], ""range_num_stages"": [0], ""range_unroll_factors"": [0], ""range_warp_specializes"": [null], ""reduction_loops"": [null]}",ok,25.631999596953392,0.07225155830383301,1
softmax,SO_007,2048x5120,train,0,heuristics,0,30e4835bd494529f,"{""atomic_indexing"": [], ""block_sizes"": [1], ""indexing"": [""tensor_descriptor"", ""tensor_descriptor"", ""pointer"", ""tensor_descriptor"", ""tensor_descriptor"", ""pointer""], ""load_eviction_policies"": ["""", """", """", """"], ""num_stages"": 2, ""num_warps"": 8, ""pid_type"": ""flat"", ""range_flattens"": [null], ""range_multi_buffers"": [null], ""range_num_stages"": [0], ""range_unroll_factors"": [0], ""range_warp_specializes"": [null], ""reduction_loops"": [null]}",ok,15.359999611973763,0.2447659969329834,1
softmax,SO_007,2048x5120,train,0,heuristics,0,73ee7ebfcd167c3e,"{""atomic_indexing"": [], ""block_sizes"": [1], ""indexing"": [""pointer"", ""pointer"", ""tensor_descriptor"", ""tensor_descriptor"", ""tensor_descriptor"", ""tensor_descriptor""], ""load_eviction_policies"": [""last"", """", """", ""first""], ""num_stages"": 1, ""num_warps"": 4, ""pid_type"": ""flat"", ""range_flattens"": [null], ""range_multi_buffers"": [null], ""range_num_stages"": [0], ""range_unroll_factors"": [0], ""range_warp_specializes"": [null], ""reduction_loops"": [null]}",ok,14.4640002399683,0.31783294677734375,1
softmax,SO_007,2048x5120,train,0,heuristics,0,4c8d5c71e5731ce4,"{""atomic_indexing"": [], ""block_sizes"": [1], ""indexing"": [""pointer"", ""tensor_descriptor"", ""tensor_descriptor"", ""pointer"", ""tensor_descriptor"", ""tensor_descriptor""], ""load_eviction_policies"": [""last"", ""first"", ""last"", """"], ""num_stages"": 4, ""num_warps"": 2, ""pid_type"": ""flat"", ""range_flattens"": [null], ""range_multi_buffers"": [null], ""range_num_stages"": [0], ""range_unroll_factors"": [0], ""range_warp_specializes"": [null], ""reduction_loops"": [null]}",ok,15.39199985563755,0.5011606216430664,1
softmax,SO_007,2048x5120,train,0,heuristics,0,04a86e122889c00f,"{""atomic_indexing"": [], ""block_sizes"": [1], ""indexing"": [""pointer"", ""tensor_descriptor"", ""pointer"", ""tensor_descriptor"", ""pointer"", ""tensor_descriptor""], ""load_eviction_policies"": ["""", """", ""last"", """"], ""num_stages"": 2, ""num_warps"": 4, ""pid_type"": ""flat"", ""range_flattens"": [null], ""range_multi_buffers"": [null], ""range_num_stages"": [0], ""range_unroll_factors"": [0], ""range_warp_specializes"": [null], ""reduction_loops"": [null]}",ok,14.399999752640724,0.316725492477417,1
softmax,SO_007,2048x5120,train,0,heuristics,0,2762deffa84c958d,"{""atomic_indexing"": [], ""block_sizes"": [16], ""indexing"": [""tensor_descriptor"", ""pointer"", ""pointer"", ""pointer"", ""pointer"", ""tensor_descriptor""], ""load_eviction_policies"": ["""", ""first"", ""last"", """"], ""num_stages"": 1, ""num_warps"": 16, ""pid_type"": ""flat"", ""range_flattens"": [null], ""range_multi_buffers"": [null], ""range_num_stages"": [0], ""range_unroll_factors"": [0], ""range_warp_specializes"": [null], ""reduction_loops"": [null]}",error,inf,1.6003470420837402,1
softmax,SO_007,2048x5120,train,0,heuristics,0,2eaa47515491baec,"{""atomic_indexing"": [], ""block_sizes"": [4], ""indexing"": [""pointer"", ""tensor_descriptor"", ""tensor_descriptor"", ""tensor_descriptor"", ""pointer"", ""tensor_descriptor""], ""load_eviction_policies"": ["""", """", """", ""last""], ""num_stages"": 7, ""num_warps"": 4, ""pid_type"": ""flat"", ""range_flattens"": [null], ""range_multi_buffers"": [null], ""range_num_stages"": [0], ""range_unroll_factors"": [0], ""range_warp_specializes"": [null], ""reduction_loops"": [null]}",ok,19.45599913597107,1.0156564712524414,1
softmax,SO_007,2048x5120,train,0,heuristics,0,40838d03edf341d5,"{""atomic_indexing"": [], ""block_sizes"": [1], ""indexing"": [""pointer"", ""pointer"", ""pointer"", ""pointer"", ""pointer"", ""pointer""], ""load_eviction_policies"": ["""", """", """", """"], ""num_stages"": 1, ""num_warps"": 4, ""pid_type"": ""flat"", ""range_flattens"": [null], ""range_multi_buffers"": [null], ""range_num_stages"": [0], ""range_unroll_factors"": [0], ""range_warp_specializes"": [null], ""reduction_loops"": [4096]}",ok,24.768000468611717,0.03557896614074707,0
softmax,SO_007,2048x5120,train,0,heuristics,0,34ac82956683444a,"{""atomic_indexing"": [], ""block_sizes"": [1], ""indexing"": [""pointer"", ""pointer"", ""pointer"", ""pointer"", ""pointer"", ""pointer""], ""load_eviction_policies"": ["""", """", """", """"], ""num_stages"": 2, ""num_warps"": 8, ""pid_type"": ""flat"", ""range_flattens"": [null], ""range_multi_buffers"": [null], ""range_num_stages"": [0], ""range_unroll_factors"": [0], ""range_warp_specializes"": [null], ""reduction_loops"": [4096]}",ok,25.631999596953392,0.05828070640563965,0
softmax,SO_007,2048x5120,train,0,heuristics,0,6cd74d2f333217eb,"{""atomic_indexing"": [], ""block_sizes"": [2], ""indexing"": [""pointer"", ""pointer"", ""pointer"", ""pointer"", ""pointer"", ""pointer""], ""load_eviction_policies"": ["""", """", """", """"], ""num_stages"": 2, ""num_warps"": 8, ""pid_type"": ""flat"", ""range_flattens"": [null], ""range_multi_buffers"": [null], ""range_num_stages"": [0], ""range_unroll_factors"": [0], ""range_warp_specializes"": [null], ""reduction_loops"": [4096]}",ok,25.599999353289604,0.03963589668273926,0
softmax,SO_007,2048x5120,train,0,heuristics,0,53e7671abc29f59a,"{""atomic_indexing"": [], ""block_sizes"": [4], ""indexing"": [""pointer"", ""pointer"", ""pointer"", ""pointer"", ""pointer"", ""pointer""], ""load_eviction_policies"": ["""", """", """", """"], ""num_stages"": 2, ""num_warps"": 16, ""pid_type"": ""flat"", ""range_flattens"": [null], ""range_multi_buffers"": [null], ""range_num_stages"": [0], ""range_unroll_factors"": [0], ""range_warp_specializes"": [null], ""reduction_loops"": [4096]}",ok,29.69600073993206,0.025839805603027344,0
softmax,SO_007,2048x5120,train,0,heuristics,0,269442ca7f61ad86,"{""atomic_indexing"": [], ""block_sizes"": [8], ""indexing"": [""pointer"", ""pointer"", ""pointer"", ""pointer"", ""pointer"", ""pointer""], ""load_eviction_policies"": ["""", """", """", """"], ""num_sm_multiplier"": 1, ""num_stages"": 3, ""num_warps"": 16, ""pid_type"": ""persistent_blocked"", ""range_flattens"": [null], ""range_multi_buffers"": [null], ""range_num_stages"": [0], ""range_unroll_factors"": [0], ""range_warp_specializes"": [null], ""reduction_loops"": [4096]}",ok,35.840000957250595,0.037207841873168945,0
softmax,SO_007,2048x5120,train,0,heuristics,0,e0a324b9dadcf9d6,"{""atomic_indexing"": [], ""block_sizes"": [2], ""indexing"": [""tensor_descriptor"", ""tensor_descriptor"", ""tensor_descriptor"", ""tensor_descriptor"", ""tensor_descriptor"", ""tensor_descriptor""], ""load_eviction_policies"": ["""", """", """", """"], ""num_stages"": 3, ""num_warps"": 8, ""pid_type"": ""flat"", ""range_flattens"": [null], ""range_multi_buffers"": [null], ""range_num_stages"": [0], ""range_unroll_factors"": [0], ""range_warp_specializes"": [null], ""reduction_loops"": [4096]}",ok,25.599999353289604,0.03747987747192383,0
softmax,SO_007,2048x5120,train,1,heuristics,0,bc289a87be1dbe30,"{""atomic_indexing"": [], ""block_sizes"": [1], ""indexing"": [""pointer"", ""pointer"", ""tensor_descriptor"", ""tensor_descriptor"", ""pointer"", ""tensor_descriptor""], ""load_eviction_policies"": ["""", ""first"", ""first"", ""first""], ""num_stages"": 6, ""num_warps"": 32, ""pid_type"": ""flat"", ""range_flattens"": [null], ""range_multi_buffers"": [null], ""range_num_stages"": [0], ""range_unroll_factors"": [0], ""range_warp_specializes"": [null], ""reduction_loops"": [null]}",ok,23.552000522613525,0.09469866752624512,1
softmax,SO_007,2048x5120,train,1,heuristics,0,30e4835bd494529f,"{""atomic_indexing"": [], ""block_sizes"": [1], ""indexing"": [""tensor_descriptor"", ""tensor_descriptor"", ""pointer"", ""tensor_descriptor"", ""tensor_descriptor"", ""pointer""], ""load_eviction_policies"": ["""", """", """", """"], ""num_stages"": 2, ""num_warps"": 8, ""pid_type"": ""flat"", ""range_flattens"": [null], ""range_multi_buffers"": [null], ""range_num_stages"": [0], ""range_unroll_factors"": [0], ""range_warp_specializes"": [null], ""reduction_loops"": [null]}",ok,15.39199985563755,0.07684588432312012,1
softmax,SO_007,2048x5120,train,1,heuristics,0,73ee7ebfcd167c3e,"{""atomic_indexing"": [], ""block_sizes"": [1], ""indexing"": [""pointer"", ""pointer"", ""tensor_descriptor"", ""tensor_descriptor"", ""tensor_descriptor"", ""tensor_descriptor""], ""load_eviction_policies"": [""last"", """", """", ""first""], ""num_stages"": 1, ""num_warps"": 4, ""pid_type"": ""flat"", ""range_flattens"": [null], ""range_multi_buffers"": [null], ""range_num_stages"": [0], ""range_unroll_factors"": [0], ""range_warp_specializes"": [null], ""reduction_loops"": [null]}",ok,14.495999552309513,0.05969381332397461,1
softmax,SO_007,2048x5120,train,1,heuristics,0,4c8d5c71e5731ce4,"{""atomic_indexing"": [], ""block_sizes"": [1], ""indexing"": [""pointer"", ""tensor_descriptor"", ""tensor_descriptor"", ""pointer"", ""tensor_descriptor"", ""tensor_descriptor""], ""load_eviction_policies"": [""last"", ""first"", ""last"", """"], ""num_stages"": 4, ""num_warps"": 2, ""pid_type"": ""flat"", ""range_flattens"": [null], ""range_multi_buffers"": [null], ""range_num_stages"": [0], ""range_unroll_factors"": [0], ""range_warp_specializes"": [null], ""reduction_loops"": [null]}",ok,15.39199985563755,0.05226254463195801,1
softmax,SO_007,2048x5120,train,1,heuristics,0,04a86e122889c00f,"{""atomic_indexing"": [], ""block_sizes"": [1], ""indexing"": [""pointer"", ""tensor_descriptor"", ""pointer"", ""tensor_descriptor"", ""pointer"", ""tensor_descriptor""], ""load_eviction_policies"": ["""", """", ""last"", """"], ""num_stages"": 2, ""num_warps"": 4, ""pid_type"": ""flat"", ""range_flattens"": [null], ""range_multi_buffers"": [null], ""range_num_stages"": [0], ""range_unroll_factors"": [0], ""range_warp_specializes"": [null], ""reduction_loops"": [null]}",ok,14.431999996304512,0.043200016021728516,1
softmax,SO_007,2048x5120,train,1,heuristics,0,2762deffa84c958d,"{""atomic_indexing"": [], ""block_sizes"": [16], ""indexing"": [""tensor_descriptor"", ""pointer"", ""pointer"", ""pointer"", ""pointer"", ""tensor_descriptor""], ""load_eviction_policies"": ["""", ""first"", ""last"", """"], ""num_stages"": 1, ""num_warps"": 16, ""pid_type"": ""flat"", ""range_flattens"": [null], ""range_multi_buffers"": [null], ""range_num_stages"": [0], ""range_unroll_factors"": [0], ""range_warp_specializes"": [null], ""reduction_loops"": [null]}",error,inf,0.03604698181152344,1
softmax,SO_007,2048x5120,train,1,heuristics,0,2eaa47515491baec,"{""atomic_indexing"": [], ""block_sizes"": [4], ""indexing"": [""pointer"", ""tensor_descriptor"", ""tensor_descriptor"", ""tensor_descriptor"", ""pointer"", ""tensor_descriptor""], ""load_eviction_policies"": ["""", """", """", ""last""], ""num_stages"": 7, ""num_warps"": 4, ""pid_type"": ""flat"", ""range_flattens"": [null], ""range_multi_buffers"": [null], ""range_num_stages"": [0], ""range_unroll_factors"": [0], ""range_warp_specializes"": [null], ""reduction_loops"": [null]}",ok,19.45599913597107,0.031177043914794922,1
softmax,SO_007,2048x5120,train,1,heuristics,0,40838d03edf341d5,"{""atomic_indexing"": [], ""block_sizes"": [1], ""indexing"": [""pointer"", ""pointer"", ""pointer"", ""pointer"", ""pointer"", ""pointer""], ""load_eviction_policies"": ["""", """", """", """"], ""num_stages"": 1, ""num_warps"": 4, ""pid_type"": ""flat"", ""range_flattens"": [null], ""range_multi_buffers"": [null], ""range_num_stages"": [0], ""range_unroll_factors"": [0], ""range_warp_specializes"": [null], ""reduction_loops"": [4096]}",ok,24.73600022494793,0.038610219955444336,0
softmax,SO_007,2048x5120,train,1,heuristics,0,34ac82956683444a,"{""atomic_indexing"": [], ""block_sizes"": [1], ""indexing"": [""pointer"", ""pointer"", ""pointer"", ""pointer"", ""pointer"", ""pointer""], ""load_eviction_policies"": ["""", """", """", """"], ""num_stages"": 2, ""num_warps"": 8, ""pid_type"": ""flat"", ""range_flattens"": [null], ""range_multi_buffers"": [null], ""range_num_stages"": [0], ""range_unroll_factors"": [0], ""range_warp_specializes"": [null], ""reduction_loops"": [4096]}",ok,25.631999596953392,0.05800628662109375,0
softmax,SO_007,2048x5120,train,1,heuristics,0,d85eccc48e905209,"{""atomic_indexing"": [], ""block_sizes"": [4], ""indexing"": [""pointer"", ""pointer"", ""pointer"", ""pointer"", ""pointer"", ""pointer""], ""load_eviction_policies"": ["""", """", """", """"], ""num_stages"": 2, ""num_warps"": 8, ""pid_type"": ""flat"", ""range_flattens"": [null], ""range_multi_buffers"": [null], ""range_num_stages"": [0], ""range_unroll_factors"": [0], ""range_warp_specializes"": [null], ""reduction_loops"": [4096]}",ok,31.74399957060814,0.040166378021240234,0
softmax,SO_007,2048x5120,train,1,heuristics,0,fc81e86e0746f914,"{""atomic_indexing"": [], ""block_sizes"": [8], ""indexing"": [""pointer"", ""pointer"", ""pointer"", ""pointer"", ""pointer"", ""pointer""], ""load_eviction_policies"": ["""", """", """", """"], ""num_sm_multiplier"": 1, ""num_stages"": 2, ""num_warps"": 16, ""pid_type"": ""persistent_blocked"", ""range_flattens"": [null], ""range_multi_buffers"": [null], ""range_num_stages"": [0], ""range_unroll_factors"": [0], ""range_warp_specializes"": [null], ""reduction_loops"": [4096]}",ok,35.840000957250595,0.025603294372558594,0
softmax,SO_007,2048x5120,train,1,heuristics,0,e0a324b9dadcf9d6,"{""atomic_indexing"": [], ""block_sizes"": [2], ""indexing"": [""tensor_descriptor"", ""tensor_descriptor"", ""tensor_descriptor"", ""tensor_descriptor"", ""tensor_descriptor"", ""tensor_descriptor""], ""load_eviction_policies"": ["""", """", """", """"], ""num_stages"": 3, ""num_warps"": 8, ""pid_type"": ""flat"", ""range_flattens"": [null], ""range_multi_buffers"": [null], ""range_num_stages"": [0], ""range_unroll_factors"": [0], ""range_warp_specializes"": [null], ""reduction_loops"": [4096]}",ok,25.599999353289604,0.03463912010192871,0
softmax,SO_007,2048x5120,train,1,heuristics,0,36b3398443824ba4,"{""atomic_indexing"": [], ""block_sizes"": [16], ""indexing"": [""pointer"", ""pointer"", ""pointer"", ""pointer"", ""pointer"", ""pointer""], ""load_eviction_policies"": ["""", """", """", """"], ""num_sm_multiplier"": 1, ""num_stages"": 3, ""num_warps"": 16, ""pid_type"": ""persistent_interleaved"", ""range_flattens"": [null], ""range_multi_buffers"": [null], ""range_num_stages"": [0], ""range_unroll_factors"": [0], ""range_warp_specializes"": [null], ""reduction_loops"": [4096]}",ok,51.37600004673004,0.03711867332458496,0
softmax,SO_007,2048x5120,train,2,heuristics,0,bc289a87be1dbe30,"{""atomic_indexing"": [], ""block_sizes"": [1], ""indexing"": [""pointer"", ""pointer"", ""tensor_descriptor"", ""tensor_descriptor"", ""pointer"", ""tensor_descriptor""], ""load_eviction_policies"": ["""", ""first"", ""first"", ""first""], ""num_stages"": 6, ""num_warps"": 32, ""pid_type"": ""flat"", ""range_flattens"": [null], ""range_multi_buffers"": [null], ""range_num_stages"": [0], ""range_unroll_factors"": [0], ""range_warp_specializes"": [null], ""reduction_loops"": [null]}",ok,23.584000766277313,0.12259817123413086,1
softmax,SO_007,2048x5120,train,2,heuristics,0,30e4835bd494529f,"{""atomic_indexing"": [], ""block_sizes"": [1], ""indexing"": [""tensor_descriptor"", ""tensor_descriptor"", ""pointer"", ""tensor_descriptor"", ""tensor_descriptor"", ""pointer""], ""load_eviction_policies"": ["""", """", """", """"], ""num_stages"": 2, ""num_warps"": 8, ""pid_type"": ""flat"", ""range_flattens"": [null], ""range_multi_buffers"": [null], ""range_num_stages"": [0], ""range_unroll_factors"": [0], ""range_warp_specializes"": [null], ""reduction_loops"": [null]}",ok,15.359999611973763,0.10422110557556152,1
softmax,SO_007,2048x5120,train,2,heuristics,0,73ee7ebfcd167c3e,"{""atomic_indexing"": [], ""block_sizes"": [1], ""indexing"": [""pointer"", ""pointer"", ""tensor_descriptor"", ""tensor_descriptor"", ""tensor_descriptor"", ""tensor_descriptor""], ""load_eviction_policies"": [""last"", """", """", ""first""], ""num_stages"": 1, ""num_warps"": 4, ""pid_type"": ""flat"", ""range_flattens"": [null], ""range_multi_buffers"": [null], ""range_num_stages"": [0], ""range_unroll_factors"": [0], ""range_warp_specializes"": [null], ""reduction_loops"": [null]}",ok,14.431999996304512,0.08547830581665039,1
softmax,SO_007,2048x5120,train,2,heuristics,0,4c8d5c71e5731ce4,"{""atomic_indexing"": [], ""block_sizes"": [1], ""indexing"": [""pointer"", ""tensor_descriptor"", ""tensor_descriptor"", ""pointer"", ""tensor_descriptor"", ""tensor_descriptor""], ""load_eviction_policies"": [""last"", ""first"", ""last"", """"], ""num_stages"": 4, ""num_warps"": 2, ""pid_type"": ""flat"", ""range_flattens"": [null], ""range_multi_buffers"": [null], ""range_num_stages"": [0], ""range_unroll_factors"": [0], ""range_warp_specializes"": [null], ""reduction_loops"": [null]}",ok,15.39199985563755,0.07660913467407227,1
softmax,SO_007,2048x5120,train,2,heuristics,0,04a86e122889c00f,"{""atomic_indexing"": [], ""block_sizes"": [1], ""indexing"": [""pointer"", ""tensor_descriptor"", ""pointer"", ""tensor_descriptor"", ""pointer"", ""tensor_descriptor""], ""load_eviction_policies"": ["""", """", ""last"", """"], ""num_stages"": 2, ""num_warps"": 4, ""pid_type"": ""flat"", ""range_flattens"": [null], ""range_multi_buffers"": [null], ""range_num_stages"": [0], ""range_unroll_factors"": [0], ""range_warp_specializes"": [null], ""reduction_loops"": [null]}",ok,14.431999996304512,0.05835103988647461,1
softmax,SO_007,2048x5120,train,2,heuristics,0,2762deffa84c958d,"{""atomic_indexing"": [], ""block_sizes"": [16], ""indexing"": [""tensor_descriptor"", ""pointer"", ""pointer"", ""pointer"", ""pointer"", ""tensor_descriptor""], ""load_eviction_policies"": ["""", ""first"", ""last"", """"], ""num_stages"": 1, ""num_warps"": 16, ""pid_type"": ""flat"", ""range_flattens"": [null], ""range_multi_buffers"": [null], ""range_num_stages"": [0], ""range_unroll_factors"": [0], ""range_warp_specializes"": [null], ""reduction_loops"": [null]}",error,inf,0.04304194450378418,1
softmax,SO_007,2048x5120,train,2,heuristics,0,2eaa47515491baec,"{""atomic_indexing"": [], ""block_sizes"": [4], ""indexing"": [""pointer"", ""tensor_descriptor"", ""tensor_descriptor"", ""tensor_descriptor"", ""pointer"", ""tensor_descriptor""], ""load_eviction_policies"": ["""", """", """", ""last""], ""num_stages"": 7, ""num_warps"": 4, ""pid_type"": ""flat"", ""range_flattens"": [null], ""range_multi_buffers"": [null], ""range_num_stages"": [0], ""range_unroll_factors"": [0], ""range_warp_specializes"": [null], ""reduction_loops"": [null]}",ok,19.45599913597107,0.038289785385131836,1
softmax,SO_007,2048x5120,train,2,heuristics,0,40838d03edf341d5,"{""atomic_indexing"": [], ""block_sizes"": [1], ""indexing"": [""pointer"", ""pointer"", ""pointer"", ""pointer"", ""pointer"", ""pointer""], ""load_eviction_policies"": ["""", """", """", """"], ""num_stages"": 1, ""num_warps"": 4, ""pid_type"": ""flat"", ""range_flattens"": [null], ""range_multi_buffers"": [null], ""range_num_stages"": [0], ""range_unroll_factors"": [0], ""range_warp_specializes"": [null], ""reduction_loops"": [4096]}",ok,24.70399998128414,0.03676629066467285,0
softmax,SO_007,2048x5120,train,2,heuristics,0,34ac82956683444a,"{""atomic_indexing"": [], ""block_sizes"": [1], ""indexing"": [""pointer"", ""pointer"", ""pointer"", ""pointer"", ""pointer"", ""pointer""], ""load_eviction_policies"": ["""", """", """", """"], ""num_stages"": 2, ""num_warps"": 8, ""pid_type"": ""flat"", ""range_flattens"": [null], ""range_multi_buffers"": [null], ""range_num_stages"": [0], ""range_unroll_factors"": [0], ""range_warp_specializes"": [null], ""reduction_loops"": [4096]}",ok,25.631999596953392,0.059961795806884766,0
softmax,SO_007,2048x5120,train,2,heuristics,0,d85eccc48e905209,"{""atomic_indexing"": [], ""block_sizes"": [4], ""indexing"": [""pointer"", ""pointer"", ""pointer"", ""pointer"", ""pointer"", ""pointer""], ""load_eviction_policies"": ["""", """", """", """"], ""num_stages"": 2, ""num_warps"": 8, ""pid_type"": ""flat"", ""range_flattens"": [null], ""range_multi_buffers"": [null], ""range_num_stages"": [0], ""range_unroll_factors"": [0], ""range_warp_specializes"": [null], ""reduction_loops"": [4096]}",ok,31.775999814271927,0.04198479652404785,0
softmax,SO_007,2048x5120,train,2,heuristics,0,fc81e86e0746f914,"{""atomic_indexing"": [], ""block_sizes"": [8], ""indexing"": [""pointer"", ""pointer"", ""pointer"", ""pointer"", ""pointer"", ""pointer""], ""load_eviction_policies"": ["""", """", """", """"], ""num_sm_multiplier"": 1, ""num_stages"": 2, ""num_warps"": 16, ""pid_type"": ""persistent_blocked"", ""range_flattens"": [null], ""range_multi_buffers"": [null], ""range_num_stages"": [0], ""range_unroll_factors"": [0], ""range_warp_specializes"": [null], ""reduction_loops"": [4096]}",ok,35.840000957250595,0.02477407455444336,0
softmax,SO_007,2048x5120,train,2,heuristics,0,e0a324b9dadcf9d6,"{""atomic_indexing"": [], ""block_sizes"": [2], ""indexing"": [""tensor_descriptor"", ""tensor_descriptor"", ""tensor_descriptor"", ""tensor_descriptor"", ""tensor_descriptor"", ""tensor_descriptor""], ""load_eviction_policies"": ["""", """", """", """"], ""num_stages"": 3, ""num_warps"": 8, ""pid_type"": ""flat"", ""range_flattens"": [null], ""range_multi_buffers"": [null], ""range_num_stages"": [0], ""range_unroll_factors"": [0], ""range_warp_specializes"": [null], ""reduction_loops"": [4096]}",ok,25.631999596953392,0.026306629180908203,0
softmax,SO_007,2048x5120,train,2,heuristics,0,3f5b5e6682876faa,"{""atomic_indexing"": [], ""block_sizes"": [16], ""indexing"": [""pointer"", ""pointer"", ""pointer"", ""pointer"", ""pointer"", ""pointer""], ""load_eviction_policies"": ["""", """", """", """"], ""num_sm_multiplier"": 1, ""num_stages"": 2, ""num_warps"": 16, ""pid_type"": ""persistent_interleaved"", ""range_flattens"": [null], ""range_multi_buffers"": [null], ""range_num_stages"": [0], ""range_unroll_factors"": [0], ""range_warp_specializes"": [null], ""reduction_loops"": [4096]}",ok,51.32799968123436,0.027963638305664062,0
softmax,SO_101,256x1024,heldout,0,heuristics,0,4c8d5c71e5731ce4,"{""atomic_indexing"": [], ""block_sizes"": [1], ""indexing"": [""pointer"", ""tensor_descriptor"", ""tensor_descriptor"", ""pointer"", ""tensor_descriptor"", ""tensor_descriptor""], ""load_eviction_policies"": [""last"", ""first"", ""last"", """"], ""num_stages"": 4, ""num_warps"": 2, ""pid_type"": ""flat"", ""range_flattens"": [null], ""range_multi_buffers"": [null], ""range_num_stages"": [0], ""range_unroll_factors"": [0], ""range_warp_specializes"": [null], ""reduction_loops"": [null]}",ok,7.168000098317862,0.08651399612426758,1
softmax,SO_101,256x1024,heldout,0,heuristics,0,30e4835bd494529f,"{""atomic_indexing"": [], ""block_sizes"": [1], ""indexing"": [""tensor_descriptor"", ""tensor_descriptor"", ""pointer"", ""tensor_descriptor"", ""tensor_descriptor"", ""pointer""], ""load_eviction_policies"": ["""", """", """", """"], ""num_stages"": 2, ""num_warps"": 8, ""pid_type"": ""flat"", ""range_flattens"": [null], ""range_multi_buffers"": [null], ""range_num_stages"": [0], ""range_unroll_factors"": [0], ""range_warp_specializes"": [null], ""reduction_loops"": [null]}",ok,7.168000098317862,0.06820106506347656,1
softmax,SO_101,256x1024,heldout,0,heuristics,0,73ee7ebfcd167c3e,"{""atomic_indexing"": [], ""block_sizes"": [1], ""indexing"": [""pointer"", ""pointer"", ""tensor_descriptor"", ""tensor_descriptor"", ""tensor_descriptor"", ""tensor_descriptor""], ""load_eviction_policies"": [""last"", """", """", ""first""], ""num_stages"": 1, ""num_warps"": 4, ""pid_type"": ""flat"", ""range_flattens"": [null], ""range_multi_buffers"": [null], ""range_num_stages"": [0], ""range_unroll_factors"": [0], ""range_warp_specializes"": [null], ""reduction_loops"": [null]}",ok,7.168000098317862,0.050740718841552734,1
softmax,SO_101,256x1024,heldout,0,heuristics,0,04a86e122889c00f,"{""atomic_indexing"": [], ""block_sizes"": [1], ""indexing"": [""pointer"", ""tensor_descriptor"", ""pointer"", ""tensor_descriptor"", ""pointer"", ""tensor_descriptor""], ""load_eviction_policies"": ["""", """", ""last"", """"], ""num_stages"": 2, ""num_warps"": 4, ""pid_type"": ""flat"", ""range_flattens"": [null], ""range_multi_buffers"": [null], ""range_num_stages"": [0], ""range_unroll_factors"": [0], ""range_warp_specializes"": [null], ""reduction_loops"": [null]}",ok,7.168000098317862,0.0429837703704834,1
softmax,SO_101,256x1024,heldout,0,heuristics,0,2762deffa84c958d,"{""atomic_indexing"": [], ""block_sizes"": [16], ""indexing"": [""tensor_descriptor"", ""pointer"", ""pointer"", ""pointer"", ""pointer"", ""tensor_descriptor""], ""load_eviction_policies"": ["""", ""first"", ""last"", """"], ""num_stages"": 1, ""num_warps"": 16, ""pid_type"": ""flat"", ""range_flattens"": [null], ""range_multi_buffers"": [null], ""range_num_stages"": [0], ""range_unroll_factors"": [0], ""range_warp_specializes"": [null], ""reduction_loops"": [null]}",ok,9.344000369310379,0.26585817337036133,1
softmax,SO_101,256x1024,heldout,0,heuristics,0,2eaa47515491baec,"{""atomic_indexing"": [], ""block_sizes"": [4], ""indexing"": [""pointer"", ""tensor_descriptor"", ""tensor_descriptor"", ""tensor_descriptor"", ""pointer"", ""tensor_descriptor""], ""load_eviction_policies"": ["""", """", """", ""last""], ""num_stages"": 7, ""num_warps"": 4, ""pid_type"": ""flat"", ""range_flattens"": [null], ""range_multi_buffers"": [null], ""range_num_stages"": [0], ""range_unroll_factors"": [0], ""range_warp_specializes"": [null], ""reduction_loops"": [null]}",ok,7.199999876320362,0.025406360626220703,1
softmax,SO_101,256x1024,heldout,0,heuristics,0,bc289a87be1dbe30,"{""atomic_indexing"": [], ""block_sizes"": [1], ""indexing"": [""pointer"", ""pointer"", ""tensor_descriptor"", ""tensor_descriptor"", ""pointer"", ""tensor_descriptor""], ""load_eviction_policies"": ["""", ""first"", ""first"", ""first""], ""num_stages"": 6, ""num_warps"": 32, ""pid_type"": ""flat"", ""range_flattens"": [null], ""range_multi_buffers"": [null], ""range_num_stages"": [0], ""range_unroll_factors"": [0], ""range_warp_specializes"": [null], ""reduction_loops"": [null]}",ok,7.199999876320362,0.023871183395385742,1
softmax,SO_101,256x1024,heldout,0,heuristics,0,8f9244c76278f5d3,"{""atomic_indexing"": [], ""block_sizes"": [1], ""indexing"": [""pointer"", ""pointer"", ""pointer"", ""pointer"", ""pointer"", ""pointer""], ""load_eviction_policies"": ["""", """", """", """"], ""num_stages"": 1, ""num_warps"": 4, ""pid_type"": ""flat"", ""range_flattens"": [null], ""range_multi_buffers"": [null], ""range_num_stages"": [0], ""range_unroll_factors"": [0], ""range_warp_specializes"": [null], ""reduction_loops"": [null]}",ok,7.199999876320362,0.022496700286865234,0
softmax,SO_101,256x1024,heldout,0,heuristics,0,6d9e39170044cf11,"{""atomic_indexing"": [], ""block_sizes"": [8], ""indexing"": [""pointer"", ""pointer"", ""pointer"", ""pointer"", ""pointer"", ""pointer""], ""load_eviction_policies"": ["""", """", """", """"], ""num_stages"": 1, ""num_warps"": 4, ""pid_type"": ""flat"", ""range_flattens"": [null], ""range_multi_buffers"": [null], ""range_num_stages"": [0], ""range_unroll_factors"": [0], ""range_warp_specializes"": [null], ""reduction_loops"": [null]}",ok,9.247999638319016,0.05775570869445801,0
softmax,SO_101,256x1024,heldout,0,heuristics,0,a1a2a48616d6c8b8,"{""atomic_indexing"": [], ""block_sizes"": [16], ""indexing"": [""pointer"", ""pointer"", ""pointer"", ""pointer"", ""pointer"", ""pointer""], ""load_eviction_policies"": ["""", """", """", """"], ""num_stages"": 2, ""num_warps"": 8, ""pid_type"": ""flat"", ""range_flattens"": [null], ""range_multi_buffers"": [null], ""range_num_stages"": [0], ""range_unroll_factors"": [0], ""range_warp_specializes"": [null], ""reduction_loops"": [null]}",ok,9.216000325977802,0.039461374282836914,0
softmax,SO_101,256x1024,heldout,0,heuristics,0,99f1fe04f31b0dd1,"{""atomic_indexing"": [], ""block_sizes"": [32], ""indexing"": [""pointer"", ""pointer"", ""pointer"", ""pointer"", ""pointer"", ""pointer""], ""load_eviction_policies"": ["""", """", """", """"], ""num_sm_multiplier"": 1, ""num_stages"": 3, ""num_warps"": 8, ""pid_type"": ""persistent_blocked"", ""range_flattens"": [null], ""range_multi_buffers"": [null], ""range_num_stages"": [0], ""range_unroll_factors"": [0], ""range_warp_specializes"": [null], ""reduction_loops"": [null]}",ok,11.296000331640244,0.023606300354003906,0
softmax,SO_101,256x1024,heldout,0,heuristics,0,5795b7ab83aaef48,"{""atomic_indexing"": [], ""block_sizes"": [4], ""indexing"": [""tensor_descriptor"", ""tensor_descriptor"", ""tensor_descriptor"", ""tensor_descriptor"", ""tensor_descriptor"", ""tensor_descriptor""], ""load_eviction_policies"": ["""", """", """", """"], ""num_stages"": 1, ""num_warps"": 4, ""pid_type"": ""flat"", ""range_flattens"": [null], ""range_multi_buffers"": [null], ""range_num_stages"": [0], ""range_unroll_factors"": [0], ""range_warp_specializes"": [null], ""reduction_loops"": [null]}",ok,7.199999876320362,0.02447509765625,0
softmax,SO_101,256x1024,heldout,0,heuristics,0,92bcc548765eab6a,"{""atomic_indexing"": [], ""block_sizes"": [64], ""indexing"": [""pointer"", ""pointer"", ""pointer"", ""pointer"", ""pointer"", ""pointer""], ""load_eviction_policies"": ["""", """", """", """"], ""num_sm_multiplier"": 1, ""num_stages"": 2, ""num_warps"": 16, ""pid_type"": ""persistent_interleaved"", ""range_flattens"": [null], ""range_multi_buffers"": [null], ""range_num_stages"": [0], ""range_unroll_factors"": [0], ""range_warp_specializes"": [null], ""reduction_loops"": [null]}",ok,17.44000054895878,0.02399611473083496,0
softmax,SO_101,256x1024,heldout,1,heuristics,0,4c8d5c71e5731ce4,"{""atomic_indexing"": [], ""block_sizes"": [1], ""indexing"": [""pointer"", ""tensor_descriptor"", ""tensor_descriptor"", ""pointer"", ""tensor_descriptor"", ""tensor_descriptor""], ""load_eviction_policies"": [""last"", ""first"", ""last"", """"], ""num_stages"": 4, ""num_warps"": 2, ""pid_type"": ""flat"", ""range_flattens"": [null], ""range_multi_buffers"": [null], ""range_num_stages"": [0], ""range_unroll_factors"": [0], ""range_warp_specializes"": [null], ""reduction_loops"": [null]}",ok,7.168000098317862,0.12223196029663086,1
softmax,SO_101,256x1024,heldout,1,heuristics,0,30e4835bd494529f,"{""atomic_indexing"": [], ""block_sizes"": [1], ""indexing"": [""tensor_descriptor"", ""tensor_descriptor"", ""pointer"", ""tensor_descriptor"", ""tensor_descriptor"", ""pointer""], ""load_eviction_policies"": ["""", """", """", """"], ""num_stages"": 2, ""num_warps"": 8, ""pid_type"": ""flat"", ""range_flattens"": [null], ""range_multi_buffers"": [null], ""range_num_stages"": [0], ""range_unroll_factors"": [0], ""range_warp_specializes"": [null], ""reduction_loops"": [null]}",ok,7.168000098317862,0.10407352447509766,1
softmax,SO_101,256x1024,heldout,1,heuristics,0,73ee7ebfcd167c3e,"{""atomic_indexing"": [], ""block_sizes"": [1], ""indexing"": [""pointer"", ""pointer"", ""tensor_descriptor"", ""tensor_descriptor"", ""tensor_descriptor"", ""tensor_descriptor""], ""load_eviction_policies"": [""last"", """", """", ""first""], ""num_stages"": 1, ""num_warps"": 4, ""pid_type"": ""flat"", ""range_flattens"": [null], ""range_multi_buffers"": [null], ""range_num_stages"": [0], ""range_unroll_factors"": [0], ""range_warp_specializes"": [null], ""reduction_loops"": [null]}",ok,7.168000098317862,0.08519101142883301,1
softmax,SO_101,256x1024,heldout,1,heuristics,0,04a86e122889c00f,"{""atomic_indexing"": [], ""block_sizes"": [1], ""indexing"": [""pointer"", ""tensor_descriptor"", ""pointer"", ""tensor_descriptor"", ""pointer"", ""tensor_descriptor""], ""load_eviction_policies"": ["""", """", ""last"", """"], ""num_stages"": 2, ""num_warps"": 4, ""pid_type"": ""flat"", ""range_flattens"": [null], ""range_multi_buffers"": [null], ""range_num_stages"": [0], ""range_unroll_factors"": [0], ""range_warp_specializes"": [null], ""reduction_loops"": [null]}",ok,7.199999876320362,0.0775301456451416,1
softmax,SO_101,256x1024,heldout,1,heuristics,0,2762deffa84c958d,"{""atomic_indexing"": [], ""block_sizes"": [16], ""indexing"": [""tensor_descriptor"", ""pointer"", ""pointer"", ""pointer"", ""pointer"", ""tensor_descriptor""], ""load_eviction_policies"": ["""", ""first"", ""last"", """"], ""num_stages"": 1, ""num_warps"": 16, ""pid_type"": ""flat"", ""range_flattens"": [null], ""range_multi_buffers"": [null], ""range_num_stages"": [0], ""range_unroll_factors"": [0], ""range_warp_specializes"": [null], ""reduction_loops"": [null]}",ok,9.344000369310379,0.058643341064453125,1
softmax,SO_101,256x1024,heldout,1,heuristics,0,2eaa47515491baec,"{""atomic_indexing"": [], ""block_sizes"": [4], ""indexing"": [""pointer"", ""tensor_descriptor"", ""tensor_descriptor"", ""tensor_descriptor"", ""pointer"", ""tensor_descriptor""], ""load_eviction_policies"": ["""", """", """", ""last""], ""num_stages"": 7, ""num_warps"": 4, ""pid_type"": ""flat"", ""range_flattens"": [null], ""range_multi_buffers"": [null], ""range_num_stages"": [0], ""range_unroll_factors"": [0], ""range_warp_specializes"": [null], ""reduction_loops"": [null]}",ok,7.199999876320362,0.044071197509765625,1
softmax,SO_101,256x1024,heldout,1,heuristics,0,bc289a87be1dbe30,"{""atomic_indexing"": [], ""block_sizes"": [1], ""indexing"": [""pointer"", ""pointer"", ""tensor_descriptor"", ""tensor_descriptor"", ""pointer"", ""tensor_descriptor""], ""load_eviction_policies"": ["""", ""first"", ""first"", ""first""], ""num_stages"": 6, ""num_warps"": 32, ""pid_type"": ""flat"", ""range_flattens"": [null], ""range_multi_buffers"": [null], ""range_num_stages"": [0], ""range_unroll_factors"": [0], ""range_warp_specializes"": [null], ""reduction_loops"": [null]}",ok,7.199999876320362,0.040266990661621094,1
softmax,SO_101,256x1024,heldout,1,heuristics,0,8f9244c76278f5d3,"{""atomic_indexing"": [], ""block_sizes"": [1], ""indexing"": [""pointer"", ""pointer"", ""pointer"", ""pointer"", ""pointer"", ""pointer""], ""load_eviction_policies"": ["""", """", """", """"], ""num_stages"": 1, ""num_warps"": 4, ""pid_type"": ""flat"", ""range_flattens"": [null], ""range_multi_buffers"": [null], ""range_num_stages"": [0], ""range_unroll_factors"": [0], ""range_warp_specializes"": [null], ""reduction_loops"": [null]}",ok,7.168000098317862,0.037514448165893555,0
softmax,SO_101,256x1024,heldout,1,heuristics,0,6d9e39170044cf11,"{""atomic_indexing"": [], ""block_sizes"": [8], ""indexing"": [""pointer"", ""pointer"", ""pointer"", ""pointer"", ""pointer"", ""pointer""], ""load_eviction_policies"": ["""", """", """", """"], ""num_stages"": 1, ""num_warps"": 4, ""pid_type"": ""flat"", ""range_flattens"": [null], ""range_multi_buffers"": [null], ""range_num_stages"": [0], ""range_unroll_factors"": [0], ""range_warp_specializes"": [null], ""reduction_loops"": [null]}",ok,9.247999638319016,0.061232566833496094,0
softmax,SO_101,256x1024,heldout,1,heuristics,0,a1a2a48616d6c8b8,"{""atomic_indexing"": [], ""block_sizes"": [16], ""indexing"": [""pointer"", ""pointer"", ""pointer"", ""pointer"", ""pointer"", ""pointer""], ""load_eviction_policies"": ["""", """", """", """"], ""num_stages"": 2, ""num_warps"": 8, ""pid_type"": ""flat"", ""range_flattens"": [null], ""range_multi_buffers"": [null], ""range_num_stages"": [0], ""range_unroll_factors"": [0], ""range_warp_specializes"": [null], ""reduction_loops"": [null]}",ok,9.247999638319016,0.04321908950805664,0
softmax,SO_101,256x1024,heldout,1,heuristics,0,99f1fe04f31b0dd1,"{""atomic_indexing"": [], ""block_sizes"": [32], ""indexing"": [""pointer"", ""pointer"", ""pointer"", ""pointer"", ""pointer"", ""pointer""], ""load_eviction_policies"": ["""", """", """", """"], ""num_sm_multiplier"": 1, ""num_stages"": 3, ""num_warps"": 8, ""pid_type"": ""persistent_blocked"", ""range_flattens"": [null], ""range_multi_buffers"": [null], ""range_num_stages"": [0], ""range_unroll_factors"": [0], ""range_warp_specializes"": [null], ""reduction_loops"": [null]}",ok,11.296000331640244,0.025551557540893555,0
softmax,SO_101,256x1024,heldout,1,heuristics,0,5795b7ab83aaef48,"{""atomic_indexing"": [], ""block_sizes"": [4], ""indexing"": [""tensor_descriptor"", ""tensor_descriptor"", ""tensor_descriptor"", ""tensor_descriptor"", ""tensor_descriptor"", ""tensor_descriptor""], ""load_eviction_policies"": ["""", """", """", """"], ""num_stages"": 1, ""num_warps"": 4, ""pid_type"": ""flat"", ""range_flattens"": [null], ""range_multi_buffers"": [null], ""range_num_stages"": [0], ""range_unroll_factors"": [0], ""range_warp_specializes"": [null], ""reduction_loops"": [null]}",ok,7.199999876320362,0.035485029220581055,0
softmax,SO_101,256x1024,heldout,1,heuristics,0,92bcc548765eab6a,"{""atomic_indexing"": [], ""block_sizes"": [64], ""indexing"": [""pointer"", ""pointer"", ""pointer"", ""pointer"", ""pointer"", ""pointer""], ""load_eviction_policies"": ["""", """", """", """"], ""num_sm_multiplier"": 1, ""num_stages"": 2, ""num_warps"": 16, ""pid_type"": ""persistent_interleaved"", ""range_flattens"": [null], ""range_multi_buffers"": [null], ""range_num_stages"": [0], ""range_unroll_factors"": [0], ""range_warp_specializes"": [null], ""reduction_loops"": [null]}",ok,17.472000792622566,0.03441929817199707,0
softmax,SO_101,256x1024,heldout,2,heuristics,0,4c8d5c71e5731ce4,"{""atomic_indexing"": [], ""block_sizes"": [1], ""indexing"": [""pointer"", ""tensor_descriptor"", ""tensor_descriptor"", ""pointer"", ""tensor_descriptor"", ""tensor_descriptor""], ""load_eviction_policies"": [""last"", ""first"", ""last"", """"], ""num_stages"": 4, ""num_warps"": 2, ""pid_type"": ""flat"", ""range_flattens"": [null], ""range_multi_buffers"": [null], ""range_num_stages"": [0], ""range_unroll_factors"": [0], ""range_warp_specializes"": [null], ""reduction_loops"": [null]}",ok,7.168000098317862,0.10801219940185547,1
softmax,SO_101,256x1024,heldout,2,heuristics,0,30e4835bd494529f,"{""atomic_indexing"": [], ""block_sizes"": [1], ""indexing"": [""tensor_descriptor"", ""tensor_descriptor"", ""pointer"", ""tensor_descriptor"", ""tensor_descriptor"", ""pointer""], ""load_eviction_policies"": ["""", """", """", """"], ""num_stages"": 2, ""num_warps"": 8, ""pid_type"": ""flat"", ""range_flattens"": [null], ""range_multi_buffers"": [null], ""range_num_stages"": [0], ""range_unroll_factors"": [0], ""range_warp_specializes"": [null], ""reduction_loops"": [null]}",ok,7.199999876320362,0.09110379219055176,1
softmax,SO_101,256x1024,heldout,2,heuristics,0,73ee7ebfcd167c3e,"{""atomic_indexing"": [], ""block_sizes"": [1], ""indexing"": [""pointer"", ""pointer"", ""tensor_descriptor"", ""tensor_descriptor"", ""tensor_descriptor"", ""tensor_descriptor""], ""load_eviction_policies"": [""last"", """", """", ""first""], ""num_stages"": 1, ""num_warps"": 4, ""pid_type"": ""flat"", ""range_flattens"": [null], ""range_multi_buffers"": [null], ""range_num_stages"": [0], ""range_unroll_factors"": [0], ""range_warp_specializes"": [null], ""reduction_loops"": [null]}",ok,7.168000098317862,0.07311344146728516,1
softmax,SO_101,256x1024,heldout,2,heuristics,0,04a86e122889c00f,"{""atomic_indexing"": [], ""block_sizes"": [1], ""indexing"": [""pointer"", ""tensor_descriptor"", ""pointer"", ""tensor_descriptor"", ""pointer"", ""tensor_descriptor""], ""load_eviction_policies"": ["""", """", ""last"", """"], ""num_stages"": 2, ""num_warps"": 4, ""pid_type"": ""flat"", ""range_flattens"": [null], ""range_multi_buffers"": [null], ""range_num_stages"": [0], ""range_unroll_factors"": [0], ""range_warp_specializes"": [null], ""reduction_loops"": [null]}",ok,7.199999876320362,0.0655512809753418,1
softmax,SO_101,256x1024,heldout,2,heuristics,0,2762deffa84c958d,"{""atomic_indexing"": [], ""block_sizes"": [16], ""indexing"": [""tensor_descriptor"", ""pointer"", ""pointer"", ""pointer"", ""pointer"", ""tensor_descriptor""], ""load_eviction_policies"": ["""", ""first"", ""last"", """"], ""num_stages"": 1, ""num_warps"": 16, ""pid_type"": ""flat"", ""range_flattens"": [null], ""range_multi_buffers"": [null], ""range_num_stages"": [0], ""range_unroll_factors"": [0], ""range_warp_specializes"": [null], ""reduction_loops"": [null]}",ok,9.375999681651592,0.057834625244140625,1
softmax,SO_101,256x1024,heldout,2,heuristics,0,2eaa47515491baec,"{""atomic_indexing"": [], ""block_sizes"": [4], ""indexing"": [""pointer"", ""tensor_descriptor"", ""tensor_descriptor"", ""tensor_descriptor"", ""pointer"", ""tensor_descriptor""], ""load_eviction_policies"": ["""", """", """", ""last""], ""num_stages"": 7, ""num_warps"": 4, ""pid_type"": ""flat"", ""range_flattens"": [null], ""range_multi_buffers"": [null], ""range_num_stages"": [0], ""range_unroll_factors"": [0], ""range_warp_specializes"": [null], ""reduction_loops"": [null]}",ok,7.199999876320362,0.04923510551452637,1
softmax,SO_101,256x1024,heldout,2,heuristics,0,bc289a87be1dbe30,"{""atomic_indexing"": [], ""block_sizes"": [1], ""indexing"": [""pointer"", ""pointer"", ""tensor_descriptor"", ""tensor_descriptor"", ""pointer"", ""tensor_descriptor""], ""load_eviction_policies"": ["""", ""first"", ""first"", ""first""], ""num_stages"": 6, ""num_warps"": 32, ""pid_type"": ""flat"", ""range_flattens"": [null], ""range_multi_buffers"": [null], ""range_num_stages"": [0], ""range_unroll_factors"": [0], ""range_warp_specializes"": [null], ""reduction_loops"": [null]}",ok,7.199999876320362,0.032629966735839844,1
softmax,SO_101,256x1024,heldout,2,heuristics,0,8f9244c76278f5d3,"{""atomic_indexing"": [], ""block_sizes"": [1], ""indexing"": [""pointer"", ""pointer"", ""pointer"", ""pointer"", ""pointer"", ""pointer""], ""load_eviction_policies"": ["""", """", """", """"], ""num_stages"": 1, ""num_warps"": 4, ""pid_type"": ""flat"", ""range_flattens"": [null], ""range_multi_buffers"": [null], ""range_num_stages"": [0], ""range_unroll_factors"": [0], ""range_warp_specializes"": [null], ""reduction_loops"": [null]}",ok,7.168000098317862,0.04499697685241699,0
softmax,SO_101,256x1024,heldout,2,heuristics,0,f03a63a4d5c4fb6b,"{""atomic_indexing"": [], ""block_sizes"": [8], ""indexing"": [""pointer"", ""pointer"", ""pointer"", ""pointer"", ""pointer"", ""pointer""], ""load_eviction_policies"": ["""", """", """", """"], ""num_stages"": 2, ""num_warps"": 4, ""pid_type"": ""flat"", ""range_flattens"": [null], ""range_multi_buffers"": [null], ""range_num_stages"": [0], ""range_unroll_factors"": [0], ""range_warp_specializes"": [null], ""reduction_loops"": [null]}",ok,9.247999638319016,0.07033205032348633,0
softmax,SO_101,256x1024,heldout,2,heuristics,0,02b40432328bb616,"{""atomic_indexing"": [], ""block_sizes"": [16], ""indexing"": [""pointer"", ""pointer"", ""pointer"", ""pointer"", ""pointer"", ""pointer""], ""load_eviction_policies"": ["""", """", """", """"], ""num_stages"": 3, ""num_warps"": 8, ""pid_type"": ""flat"", ""range_flattens"": [null], ""range_multi_buffers"": [null], ""range_num_stages"": [0], ""range_unroll_factors"": [0], ""range_warp_specializes"": [null], ""reduction_loops"": [null]}",ok,9.216000325977802,0.05182027816772461,0
softmax,SO_101,256x1024,heldout,2,heuristics,0,a22a4b704ac9c927,"{""atomic_indexing"": [], ""block_sizes"": [4], ""indexing"": [""pointer"", ""pointer"", ""pointer"", ""pointer"", ""pointer"", ""pointer""], ""load_eviction_policies"": ["""", """", """", """"], ""num_sm_multiplier"": 1, ""num_stages"": 2, ""num_warps"": 4, ""pid_type"": ""persistent_blocked"", ""range_flattens"": [null], ""range_multi_buffers"": [null], ""range_num_stages"": [0], ""range_unroll_factors"": [0], ""range_warp_specializes"": [null], ""reduction_loops"": [null]}",ok,7.199999876320362,0.25887179374694824,0
softmax,SO_101,256x1024,heldout,2,heuristics,0,60c06584b9fac861,"{""atomic_indexing"": [], ""block_sizes"": [32], ""indexing"": [""tensor_descriptor"", ""tensor_descriptor"", ""tensor_descriptor"", ""tensor_descriptor"", ""tensor_descriptor"", ""tensor_descriptor""], ""load_eviction_policies"": ["""", """", """", """"], ""num_stages"": 2, ""num_warps"": 8, ""pid_type"": ""flat"", ""range_flattens"": [null], ""range_multi_buffers"": [null], ""range_num_stages"": [0], ""range_unroll_factors"": [0], ""range_warp_specializes"": [null], ""reduction_loops"": [null]}",ok,13.376000337302685,0.6533925533294678,0
softmax,SO_101,256x1024,heldout,2,heuristics,0,97489e6e5bb2b9e8,"{""atomic_indexing"": [], ""block_sizes"": [2], ""indexing"": [""pointer"", ""pointer"", ""pointer"", ""pointer"", ""pointer"", ""pointer""], ""load_eviction_policies"": ["""", """", """", """"], ""num_stages"": 1, ""num_warps"": 4, ""pid_type"": ""flat"", ""range_flattens"": [null], ""range_multi_buffers"": [null], ""range_num_stages"": [0], ""range_unroll_factors"": [0], ""range_warp_specializes"": [null], ""reduction_loops"": [null]}",ok,7.168000098317862,0.046034812927246094,0
softmax,SO_102,1024x4096,heldout,0,heuristics,0,73ee7ebfcd167c3e,"{""atomic_indexing"": [], ""block_sizes"": [1], ""indexing"": [""pointer"", ""pointer"", ""tensor_descriptor"", ""tensor_descriptor"", ""tensor_descriptor"", ""tensor_descriptor""], ""load_eviction_policies"": [""last"", """", """", ""first""], ""num_stages"": 1, ""num_warps"": 4, ""pid_type"": ""flat"", ""range_flattens"": [null], ""range_multi_buffers"": [null], ""range_num_stages"": [0], ""range_unroll_factors"": [0], ""range_warp_specializes"": [null], ""reduction_loops"": [null]}",ok,9.216000325977802,0.08321857452392578,1
softmax,SO_102,1024x4096,heldout,0,heuristics,0,30e4835bd494529f,"{""atomic_indexing"": [], ""block_sizes"": [1], ""indexing"": [""tensor_descriptor"", ""tensor_descriptor"", ""pointer"", ""tensor_descriptor"", ""tensor_descriptor"", ""pointer""], ""load_eviction_policies"": ["""", """", """", """"], ""num_stages"": 2, ""num_warps"": 8, ""pid_type"": ""flat"", ""range_flattens"": [null], ""range_multi_buffers"": [null], ""range_num_stages"": [0], ""range_unroll_factors"": [0], ""range_warp_specializes"": [null], ""reduction_loops"": [null]}",ok,9.312000125646591,0.06478524208068848,1
softmax,SO_102,1024x4096,heldout,0,heuristics,0,4c8d5c71e5731ce4,"{""atomic_indexing"": [], ""block_sizes"": [1], ""indexing"": [""pointer"", ""tensor_descriptor"", ""tensor_descriptor"", ""pointer"", ""tensor_descriptor"", ""tensor_descriptor""], ""load_eviction_policies"": [""last"", ""first"", ""last"", """"], ""num_stages"": 4, ""num_warps"": 2, ""pid_type"": ""flat"", ""range_flattens"": [null], ""range_multi_buffers"": [null], ""range_num_stages"": [0], ""range_unroll_factors"": [0], ""range_warp_specializes"": [null], ""reduction_loops"": [null]}",ok,11.231999844312668,0.04713726043701172,1
softmax,SO_102,1024x4096,heldout,0,heuristics,0,04a86e122889c00f,"{""atomic_indexing"": [], ""block_sizes"": [1], ""indexing"": [""pointer"", ""tensor_descriptor"", ""pointer"", ""tensor_descriptor"", ""pointer"", ""tensor_descriptor""], ""load_eviction_policies"": ["""", """", ""last"", """"], ""num_stages"": 2, ""num_warps"": 4, ""pid_type"": ""flat"", ""range_flattens"": [null], ""range_multi_buffers"": [null], ""range_num_stages"": [0], ""range_unroll_factors"": [0], ""range_warp_specializes"": [null], ""reduction_loops"": [null]}",ok,9.231999982148409,0.03981375694274902,1
softmax,SO_102,1024x4096,heldout,0,heuristics,0,2762deffa84c958d,"{""atomic_indexing"": [], ""block_sizes"": [16], ""indexing"": [""tensor_descriptor"", ""pointer"", ""pointer"", ""pointer"", ""pointer"", ""tensor_descriptor""], ""load_eviction_policies"": ["""", ""first"", ""last"", """"], ""num_stages"": 1, ""num_warps"": 16, ""pid_type"": ""flat"", ""range_flattens"": [null], ""range_multi_buffers"": [null], ""range_num_stages"": [0], ""range_unroll_factors"": [0], ""range_warp_specializes"": [null], ""reduction_loops"": [null]}",ok,17.40800030529499,0.640496015548706,1
softmax,SO_102,1024x4096,heldout,0,heuristics,0,2eaa47515491baec,"{""atomic_indexing"": [], ""block_sizes"": [4], ""indexing"": [""pointer"", ""tensor_descriptor"", ""tensor_descriptor"", ""tensor_descriptor"", ""pointer"", ""tensor_descriptor""], ""load_eviction_policies"": ["""", """", """", ""last""], ""num_stages"": 7, ""num_warps"": 4, ""pid_type"": ""flat"", ""range_flattens"": [null], ""range_multi_buffers"": [null], ""range_num_stages"": [0], ""range_unroll_factors"": [0], ""range_warp_specializes"": [null], ""reduction_loops"": [null]}",ok,11.264000087976456,0.025425195693969727,1
softmax,SO_102,1024x4096,heldout,0,heuristics,0,bc289a87be1dbe30,"{""atomic_indexing"": [], ""block_sizes"": [1], ""indexing"": [""pointer"", ""pointer"", ""tensor_descriptor"", ""tensor_descriptor"", ""pointer"", ""tensor_descriptor""], ""load_eviction_policies"": ["""", ""first"", ""first"", ""first""], ""num_stages"": 6, ""num_warps"": 32, ""pid_type"": ""flat"", ""range_flattens"": [null], ""range_multi_buffers"": [null], ""range_num_stages"": [0], ""range_unroll_factors"": [0], ""range_warp_specializes"": [null], ""reduction_loops"": [null]}",ok,13.311999849975109,0.024478673934936523,1
softmax,SO_102,1024x4096,heldout,0,heuristics,0,8f9244c76278f5d3,"{""atomic_indexing"": [], ""block_sizes"": [1], ""indexing"": [""pointer"", ""pointer"", ""pointer"", ""pointer"", ""pointer"", ""pointer""], ""load_eviction_policies"": ["""", """", """", """"], ""num_stages"": 1, ""num_warps"": 4, ""pid_type"": ""flat"", ""range_flattens"": [null], ""range_multi_buffers"": [null], ""range_num_stages"": [0], ""range_unroll_factors"": [0], ""range_warp_specializes"": [null], ""reduction_loops"": [null]}",ok,9.247999638319016,0.02315688133239746,0
softmax,SO_102,1024x4096,heldout,0,heuristics,0,736883104fb84b05,"{""atomic_indexing"": [], ""block_sizes"": [8], ""indexing"": [""pointer"", ""pointer"", ""pointer"", ""pointer"", ""pointer"", ""pointer""], ""load_eviction_policies"": ["""", """", """", """"], ""num_stages"": 2, ""num_warps"": 8, ""pid_type"": ""flat"", ""range_flattens"": [null], ""range_multi_buffers"": [null], ""range_num_stages"": [0], ""range_unroll_factors"": [0], ""range_warp_specializes"": [null], ""reduction_loops"": [null]}",ok,11.296000331640244,0.057723283767700195,0
softmax,SO_102,1024x4096,heldout,0,heuristics,0,02b40432328bb616,"{""atomic_indexing"": [], ""block_sizes"": [16], ""indexing"": [""pointer"", ""pointer"", ""pointer"", ""pointer"", ""pointer"", ""pointer""], ""load_eviction_policies"": ["""", """", """", """"], ""num_stages"": 3, ""num_warps"": 8, ""pid_type"": ""flat"", ""range_flattens"": [null], ""range_multi_buffers"": [null], ""range_num_stages"": [0], ""range_unroll_factors"": [0], ""range_warp_specializes"": [null], ""reduction_loops"": [null]}",ok,17.40800030529499,0.03937816619873047,0
softmax,SO_102,1024x4096,heldout,0,heuristics,0,a22a4b704ac9c927,"{""atomic_indexing"": [], ""block_sizes"": [4], ""indexing"": [""pointer"", ""pointer"", ""pointer"", ""pointer"", ""pointer"", ""pointer""], ""load_eviction_policies"": ["""", """", """", """"], ""num_sm_multiplier"": 1, ""num_stages"": 2, ""num_warps"": 4, ""pid_type"": ""persistent_blocked"", ""range_flattens"": [null], ""range_multi_buffers"": [null], ""range_num_stages"": [0], ""range_unroll_factors"": [0], ""range_warp_specializes"": [null], ""reduction_loops"": [null]}",ok,15.39199985563755,0.02431964874267578,0
softmax,SO_102,1024x4096,heldout,0,heuristics,0,84c29473c653d444,"{""atomic_indexing"": [], ""block_sizes"": [16], ""indexing"": [""tensor_descriptor"", ""tensor_descriptor"", ""tensor_descriptor"", ""tensor_descriptor"", ""tensor_descriptor"", ""tensor_descriptor""], ""load_eviction_policies"": ["""", """", """", """"], ""num_stages"": 2, ""num_warps"": 16, ""pid_type"": ""flat"", ""range_flattens"": [null], ""range_multi_buffers"": [null], ""range_num_stages"": [0], ""range_unroll_factors"": [0], ""range_warp_specializes"": [null], ""reduction_loops"": [null]}",ok,21.503999829292297,0.035683393478393555,0
softmax,SO_102,1024x4096,heldout,0,heuristics,0,0522c358f781bde5,"{""atomic_indexing"": [], ""block_sizes"": [32], ""indexing"": [""pointer"", ""pointer"", ""pointer"", ""pointer"", ""pointer"", ""pointer""], ""load_eviction_policies"": ["""", """", """", """"], ""num_sm_multiplier"": 1, ""num_stages"": 3, ""num_warps"": 16, ""pid_type"": ""persistent_interleaved"", ""range_flattens"": [null], ""range_multi_buffers"": [null], ""range_num_stages"": [0], ""range_unroll_factors"": [0], ""range_warp_specializes"": [null], ""reduction_loops"": [null]}",ok,48.16000163555145,0.03571748733520508,0
softmax,SO_102,1024x4096,heldout,1,heuristics,0,73ee7ebfcd167c3e,"{""atomic_indexing"": [], ""block_sizes"": [1], ""indexing"": [""pointer"", ""pointer"", ""tensor_descriptor"", ""tensor_descriptor"", ""tensor_descriptor"", ""tensor_descriptor""], ""load_eviction_policies"": [""last"", """", """", ""first""], ""num_stages"": 1, ""num_warps"": 4, ""pid_type"": ""flat"", ""range_flattens"": [null], ""range_multi_buffers"": [null], ""range_num_stages"": [0], ""range_unroll_factors"": [0], ""range_warp_specializes"": [null], ""reduction_loops"": [null]}",ok,9.216000325977802,0.09885716438293457,1
softmax,SO_102,1024x4096,heldout,1,heuristics,0,30e4835bd494529f,"{""atomic_indexing"": [], ""block_sizes"": [1], ""indexing"": [""tensor_descriptor"", ""tensor_descriptor"", ""pointer"", ""tensor_descriptor"", ""tensor_descriptor"", ""pointer""], ""load_eviction_policies"": ["""", """", """", """"], ""num_stages"": 2, ""num_warps"": 8, ""pid_type"": ""flat"", ""range_flattens"": [null], ""range_multi_buffers"": [null], ""range_num_stages"": [0], ""range_unroll_factors"": [0], ""range_warp_specializes"": [null], ""reduction_loops"": [null]}",ok,9.344000369310379,0.0801229476928711,1
softmax,SO_102,1024x4096,heldout,1,heuristics,0,4c8d5c71e5731ce4,"{""atomic_indexing"": [], ""block_sizes"": [1], ""indexing"": [""pointer"", ""tensor_descriptor"", ""tensor_descriptor"", ""pointer"", ""tensor_descriptor"", ""tensor_descriptor""], ""load_eviction_policies"": [""last"", ""first"", ""last"", """"], ""num_stages"": 4, ""num_warps"": 2, ""pid_type"": ""flat"", ""range_flattens"": [null], ""range_multi_buffers"": [null], ""range_num_stages"": [0], ""range_unroll_factors"": [0], ""range_warp_specializes"": [null], ""reduction_loops"": [null]}",ok,11.231999844312668,0.0623321533203125,1
softmax,SO_102,1024x4096,heldout,1,heuristics,0,04a86e122889c00f,"{""atomic_indexing"": [], ""block_sizes"": [1], ""indexing"": [""pointer"", ""tensor_descriptor"", ""pointer"", ""tensor_descriptor"", ""pointer"", ""tensor_descriptor""], ""load_eviction_policies"": ["""", """", ""last"", """"], ""num_stages"": 2, ""num_warps"": 4, ""pid_type"": ""flat"", ""range_flattens"": [null], ""range_multi_buffers"": [null], ""range_num_stages"": [0], ""range_unroll_factors"": [0], ""range_warp_specializes"": [null], ""reduction_loops"": [null]}",ok,9.247999638319016,0.05455303192138672,1
softmax,SO_102,1024x4096,heldout,1,heuristics,0,2762deffa84c958d,"{""atomic_indexing"": [], ""block_sizes"": [16], ""indexing"": [""tensor_descriptor"", ""pointer"", ""pointer"", ""pointer"", ""pointer"", ""tensor_descriptor""], ""load_eviction_policies"": ["""", ""first"", ""last"", """"], ""num_stages"": 1, ""num_warps"": 16, ""pid_type"": ""flat"", ""range_flattens"": [null], ""range_multi_buffers"": [null], ""range_num_stages"": [0], ""range_unroll_factors"": [0], ""range_warp_specializes"": [null], ""reduction_loops"": [null]}",ok,17.40800030529499,0.04349350929260254,1
softmax,SO_102,1024x4096,heldout,1,heuristics,0,2eaa47515491baec,"{""atomic_indexing"": [], ""block_sizes"": [4], ""indexing"": [""pointer"", ""tensor_descriptor"", ""tensor_descriptor"", ""tensor_descriptor"", ""pointer"", ""tensor_descriptor""], ""load_eviction_policies"": ["""", """", """", ""last""], ""num_stages"": 7, ""num_warps"": 4, ""pid_type"": ""flat"", ""range_flattens"": [null], ""range_multi_buffers"": [null], ""range_num_stages"": [0], ""range_unroll_factors"": [0], ""range_warp_specializes"": [null], ""reduction_loops"": [null]}",ok,11.264000087976456,0.028249740600585938,1
softmax,SO_102,1024x4096,heldout,1,heuristics,0,bc289a87be1dbe30,"{""atomic_indexing"": [], ""block_sizes"": [1], ""indexing"": [""pointer"", ""pointer"", ""tensor_descriptor"", ""tensor_descriptor"", ""pointer"", ""tensor_descriptor""], ""load_eviction_policies"": ["""", ""first"", ""first"", ""first""], ""num_stages"": 6, ""num_warps"": 32, ""pid_type"": ""flat"", ""range_flattens"": [null], ""range_multi_buffers"": [null], ""range_num_stages"": [0], ""range_unroll_factors"": [0], ""range_warp_specializes"": [null], ""reduction_loops"": [null]}",ok,13.311999849975109,0.024025678634643555,1
softmax,SO_102,1024x4096,heldout,1,heuristics,0,8f9244c76278f5d3,"{""atomic_indexing"": [], ""block_sizes"": [1], ""indexing"": [""pointer"", ""pointer"", ""pointer"", ""pointer"", ""pointer"", ""pointer""], ""load_eviction_policies"": ["""", """", """", """"], ""num_stages"": 1, ""num_warps"": 4, ""pid_type"": ""flat"", ""range_flattens"": [null], ""range_multi_buffers"": [null], ""range_num_stages"": [0], ""range_unroll_factors"": [0], ""range_warp_specializes"": [null], ""reduction_loops"": [null]}",ok,9.247999638319016,0.022912025451660156,0
softmax,SO_102,1024x4096,heldout,1,heuristics,0,736883104fb84b05,"{""atomic_indexing"": [], ""block_sizes"": [8], ""indexing"": [""pointer"", ""pointer"", ""pointer"", ""pointer"", ""pointer"", ""pointer""], ""load_eviction_policies"": ["""", """", """", """"], ""num_stages"": 2, ""num_warps"": 8, ""pid_type"": ""flat"", ""range_flattens"": [null], ""range_multi_buffers"": [null], ""range_num_stages"": [0], ""range_unroll_factors"": [0], ""range_warp_specializes"": [null], ""reduction_loops"": [null]}",ok,11.296000331640244,0.08156991004943848,0
softmax,SO_102,1024x4096,heldout,1,heuristics,0,02b40432328bb616,"{""atomic_indexing"": [], ""block_sizes"": [16], ""indexing"": [""pointer"", ""pointer"", ""pointer"", ""pointer"", ""pointer"", ""pointer""], ""load_eviction_policies"": ["""", """", """", """"], ""num_stages"": 3, ""num_warps"": 8, ""pid_type"": ""flat"", ""range_flattens"": [null], ""range_multi_buffers"": [null], ""range_num_stages"": [0], ""range_unroll_factors"": [0], ""range_warp_specializes"": [null], ""reduction_loops"": [null]}",ok,17.40800030529499,0.06330323219299316,0
softmax,SO_102,1024x4096,heldout,1,heuristics,0,16993572ad6d9b7d,"{""atomic_indexing"": [], ""block_sizes"": [4], ""indexing"": [""pointer"", ""pointer"", ""pointer"", ""pointer"", ""pointer"", ""pointer""], ""load_eviction_policies"": ["""", """", """", """"], ""num_stages"": 2, ""num_warps"": 4, ""pid_type"": ""flat"", ""range_flattens"": [null], ""range_multi_buffers"": [null], ""range_num_stages"": [0], ""range_unroll_factors"": [0], ""range_warp_specializes"": [null], ""reduction_loops"": [null]}",ok,11.296000331640244,0.5800113677978516,0
softmax,SO_102,1024x4096,heldout,1,heuristics,0,494a81147ce5444f,"{""atomic_indexing"": [], ""block_sizes"": [16], ""indexing"": [""tensor_descriptor"", ""tensor_descriptor"", ""tensor_descriptor"", ""tensor_descriptor"", ""tensor_descriptor"", ""tensor_descriptor""], ""load_eviction_policies"": ["""", """", """", """"], ""num_sm_multiplier"": 1, ""num_stages"": 2, ""num_warps"": 16, ""pid_type"": ""persistent_blocked"", ""range_flattens"": [null], ""range_multi_buffers"": [null], ""range_num_stages"": [0], ""range_unroll_factors"": [0], ""range_warp_specializes"": [null], ""reduction_loops"": [null]}",error,inf,0.6837589740753174,0
softmax,SO_102,1024x4096,heldout,1,heuristics,0,0522c358f781bde5,"{""atomic_indexing"": [], ""block_sizes"": [32], ""indexing"": [""pointer"", ""pointer"", ""pointer"", ""pointer"", ""pointer"", ""pointer""], ""load_eviction_policies"": ["""", """", """", """"], ""num_sm_multiplier"": 1, ""num_stages"": 3, ""num_warps"": 16, ""pid_type"": ""persistent_interleaved"", ""range_flattens"": [null], ""range_multi_buffers"": [null], ""range_num_stages"": [0], ""range_unroll_factors"": [0], ""range_warp_specializes"": [null], ""reduction_loops"": [null]}",ok,48.16000163555145,0.035425662994384766,0
softmax,SO_102,1024x4096,heldout,2,heuristics,0,73ee7ebfcd167c3e,"{""atomic_indexing"": [], ""block_sizes"": [1], ""indexing"": [""pointer"", ""pointer"", ""tensor_descriptor"", ""tensor_descriptor"", ""tensor_descriptor"", ""tensor_descriptor""], ""load_eviction_policies"": [""last"", """", """", ""first""], ""num_stages"": 1, ""num_warps"": 4, ""pid_type"": ""flat"", ""range_flattens"": [null], ""range_multi_buffers"": [null], ""range_num_stages"": [0], ""range_unroll_factors"": [0], ""range_warp_specializes"": [null], ""reduction_loops"": [null]}",ok,9.216000325977802,0.12230086326599121,1
softmax,SO_102,1024x4096,heldout,2,heuristics,0,30e4835bd494529f,"{""atomic_indexing"": [], ""block_sizes"": [1], ""indexing"": [""tensor_descriptor"", ""tensor_descriptor"", ""pointer"", ""tensor_descriptor"", ""tensor_descriptor"", ""pointer""], ""load_eviction_policies"": ["""", """", """", """"], ""num_stages"": 2, ""num_warps"": 8, ""pid_type"": ""flat"", ""range_flattens"": [null], ""range_multi_buffers"": [null], ""range_num_stages"": [0], ""range_unroll_factors"": [0], ""range_warp_specializes"": [null], ""reduction_loops"": [null]}",ok,9.312000125646591,0.10408329963684082,1
softmax,SO_102,1024x4096,heldout,2,heuristics,0,4c8d5c71e5731ce4,"{""atomic_indexing"": [], ""block_sizes"": [1], ""indexing"": [""pointer"", ""tensor_descriptor"", ""tensor_descriptor"", ""pointer"", ""tensor_descriptor"", ""tensor_descriptor""], ""load_eviction_policies"": [""last"", ""first"", ""last"", """"], ""num_stages"": 4, ""num_warps"": 2, ""pid_type"": ""flat"", ""range_flattens"": [null], ""range_multi_buffers"": [null], ""range_num_stages"": [0], ""range_unroll_factors"": [0], ""range_warp_specializes"": [null], ""reduction_loops"": [null]}",ok,11.19999960064888,0.08568167686462402,1
softmax,SO_102,1024x4096,heldout,2,heuristics,0,04a86e122889c00f,"{""atomic_indexing"": [], ""block_sizes"": [1], ""indexing"": [""pointer"", ""tensor_descriptor"", ""pointer"", ""tensor_descriptor"", ""pointer"", ""tensor_descriptor""], ""load_eviction_policies"": ["""", """", ""last"", """"], ""num_stages"": 2, ""num_warps"": 4, ""pid_type"": ""flat"", ""range_flattens"": [null], ""range_multi_buffers"": [null], ""range_num_stages"": [0], ""range_unroll_factors"": [0], ""range_warp_specializes"": [null], ""reduction_loops"": [null]}",ok,9.247999638319016,0.07832050323486328,1
softmax,SO_102,1024x4096,heldout,2,heuristics,0,2762deffa84c958d,"{""atomic_indexing"": [], ""block_sizes"": [16], ""indexing"": [""tensor_descriptor"", ""pointer"", ""pointer"", ""pointer"", ""pointer"", ""tensor_descriptor""], ""load_eviction_policies"": ["""", ""first"", ""last"", """"], ""num_stages"": 1, ""num_warps"": 16, ""pid_type"": ""flat"", ""range_flattens"": [null], ""range_multi_buffers"": [null], ""range_num_stages"": [0], ""range_unroll_factors"": [0], ""range_warp_specializes"": [null], ""reduction_loops"": [null]}",ok,17.40800030529499,0.059561967849731445,1
softmax,SO_102,1024x4096,heldout,2,heuristics,0,2eaa47515491baec,"{""atomic_indexing"": [], ""block_sizes"": [4], ""indexing"": [""pointer"", ""tensor_descriptor"", ""tensor_descriptor"", ""tensor_descriptor"", ""pointer"", ""tensor_descriptor""], ""load_eviction_policies"": ["""", """", """", ""last""], ""num_stages"": 7, ""num_warps"": 4, ""pid_type"": ""flat"", ""range_flattens"": [null], ""range_multi_buffers"": [null], ""range_num_stages"": [0], ""range_unroll_factors"": [0], ""range_warp_specializes"": [null], ""reduction_loops"": [null]}",ok,11.296000331640244,0.04759931564331055,1
softmax,SO_102,1024x4096,heldout,2,heuristics,0,bc289a87be1dbe30,"{""atomic_indexing"": [], ""block_sizes"": [1], ""indexing"": [""pointer"", ""pointer"", ""tensor_descriptor"", ""tensor_descriptor"", ""pointer"", ""tensor_descriptor""], ""load_eviction_policies"": ["""", ""first"", ""first"", ""first""], ""num_stages"": 6, ""num_warps"": 32, ""pid_type"": ""flat"", ""range_flattens"": [null], ""range_multi_buffers"": [null], ""range_num_stages"": [0], ""range_unroll_factors"": [0], ""range_warp_specializes"": [null], ""reduction_loops"": [null]}",ok,13.311999849975109,0.04488801956176758,1
softmax,SO_102,1024x4096,heldout,2,heuristics,0,8f9244c76278f5d3,"{""atomic_indexing"": [], ""block_sizes"": [1], ""indexing"": [""pointer"", ""pointer"", ""pointer"", ""pointer"", ""pointer"", ""pointer""], ""load_eviction_policies"": ["""", """", """", """"], ""num_stages"": 1, ""num_warps"": 4, ""pid_type"": ""flat"", ""range_flattens"": [null], ""range_multi_buffers"": [null], ""range_num_stages"": [0], ""range_unroll_factors"": [0], ""range_warp_specializes"": [null], ""reduction_loops"": [null]}",ok,9.216000325977802,0.04282188415527344,0
softmax,SO_102,1024x4096,heldout,2,heuristics,0,736883104fb84b05,"{""atomic_indexing"": [], ""block_sizes"": [8], ""indexing"": [""pointer"", ""pointer"", ""pointer"", ""pointer"", ""pointer"", ""pointer""], ""load_eviction_policies"": ["""", """", """", """"], ""num_stages"": 2, ""num_warps"": 8, ""pid_type"": ""flat"", ""range_flattens"": [null], ""range_multi_buffers"": [null], ""range_num_stages"": [0], ""range_unroll_factors"": [0], ""range_warp_specializes"": [null], ""reduction_loops"": [null]}",ok,11.296000331640244,0.0703589916229248,0
softmax,SO_102,1024x4096,heldout,2,heuristics,0,02b40432328bb616,"{""atomic_indexing"": [], ""block_sizes"": [16], ""indexing"": [""pointer"", ""pointer"", ""pointer"", ""pointer"", ""pointer"", ""pointer""], ""load_eviction_policies"": ["""", """", """", """"], ""num_stages"": 3, ""num_warps"": 8, ""pid_type"": ""flat"", ""range_flattens"": [null], ""range_multi_buffers"": [null], ""range_num_stages"": [0], ""range_unroll_factors"": [0], ""range_warp_specializes"": [null], ""reduction_loops"": [null]}",ok,17.40800030529499,0.052225351333618164,0
softmax,SO_102,1024x4096,heldout,2,heuristics,0,a22a4b704ac9c927,"{""atomic_indexing"": [], ""block_sizes"": [4], ""indexing"": [""pointer"", ""pointer"", ""pointer"", ""pointer"", ""pointer"", ""pointer""], ""load_eviction_policies"": ["""", """", """", """"], ""num_sm_multiplier"": 1, ""num_stages"": 2, ""num_warps"": 4, ""pid_type"": ""persistent_blocked"", ""range_flattens"": [null], ""range_multi_buffers"": [null], ""range_num_stages"": [0], ""range_unroll_factors"": [0], ""range_warp_specializes"": [null], ""reduction_loops"": [null]}",ok,15.39199985563755,0.03502345085144043,0
softmax,SO_102,1024x4096,heldout,2,heuristics,0,db08dbbf6ad57f96,"{""atomic_indexing"": [], ""block_sizes"": [32], ""indexing"": [""tensor_descriptor"", ""tensor_descriptor"", ""tensor_descriptor"", ""tensor_descriptor"", ""tensor_descriptor"", ""tensor_descriptor""], ""load_eviction_policies"": ["""", """", """", """"], ""num_stages"": 2, ""num_warps"": 16, ""pid_type"": ""flat"", ""range_flattens"": [null], ""range_multi_buffers"": [null], ""range_num_stages"": [0], ""range_unroll_factors"": [0], ""range_warp_specializes"": [null], ""reduction_loops"": [null]}",error,inf,0.028827428817749023,0
softmax,SO_102,1024x4096,heldout,2,heuristics,0,97489e6e5bb2b9e8,"{""atomic_indexing"": [], ""block_sizes"": [2], ""indexing"": [""pointer"", ""pointer"", ""pointer"", ""pointer"", ""pointer"", ""pointer""], ""load_eviction_policies"": ["""", """", """", """"], ""num_stages"": 1, ""num_warps"": 4, ""pid_type"": ""flat"", ""range_flattens"": [null], ""range_multi_buffers"": [null], ""range_num_stages"": [0], ""range_unroll_factors"": [0], ""range_warp_specializes"": [null], ""reduction_loops"": [null]}",ok,11.264000087976456,0.04591631889343262,0
softmax,SO_103,4096x1024,heldout,0,heuristics,0,4c8d5c71e5731ce4,"{""atomic_indexing"": [], ""block_sizes"": [1], ""indexing"": [""pointer"", ""tensor_descriptor"", ""tensor_descriptor"", ""pointer"", ""tensor_descriptor"", ""tensor_descriptor""], ""load_eviction_policies"": [""last"", ""first"", ""last"", """"], ""num_stages"": 4, ""num_warps"": 2, ""pid_type"": ""flat"", ""range_flattens"": [null], ""range_multi_buffers"": [null], ""range_num_stages"": [0], ""range_unroll_factors"": [0], ""range_warp_specializes"": [null], ""reduction_loops"": [null]}",ok,9.216000325977802,0.10015463829040527,1
softmax,SO_103,4096x1024,heldout,0,heuristics,0,30e4835bd494529f,"{""atomic_indexing"": [], ""block_sizes"": [1], ""indexing"": [""tensor_descriptor"", ""tensor_descriptor"", ""pointer"", ""tensor_descriptor"", ""tensor_descriptor"", ""pointer""], ""load_eviction_policies"": ["""", """", """", """"], ""num_stages"": 2, ""num_warps"": 8, ""pid_type"": ""flat"", ""range_flattens"": [null], ""range_multi_buffers"": [null], ""range_num_stages"": [0], ""range_unroll_factors"": [0], ""range_warp_specializes"": [null], ""reduction_loops"": [null]}",ok,11.296000331640244,0.08167147636413574,1
softmax,SO_103,4096x1024,heldout,0,heuristics,0,73ee7ebfcd167c3e,"{""atomic_indexing"": [], ""block_sizes"": [1], ""indexing"": [""pointer"", ""pointer"", ""tensor_descriptor"", ""tensor_descriptor"", ""tensor_descriptor"", ""tensor_descriptor""], ""load_eviction_policies"": [""last"", """", """", ""first""], ""num_stages"": 1, ""num_warps"": 4, ""pid_type"": ""flat"", ""range_flattens"": [null], ""range_multi_buffers"": [null], ""range_num_stages"": [0], ""range_unroll_factors"": [0], ""range_warp_specializes"": [null], ""reduction_loops"": [null]}",ok,9.216000325977802,0.06368851661682129,1
softmax,SO_103,4096x1024,heldout,0,heuristics,0,04a86e122889c00f,"{""atomic_indexing"": [], ""block_sizes"": [1], ""indexing"": [""pointer"", ""tensor_descriptor"", ""pointer"", ""tensor_descriptor"", ""pointer"", ""tensor_descriptor""], ""load_eviction_policies"": ["""", """", ""last"", """"], ""num_stages"": 2, ""num_warps"": 4, ""pid_type"": ""flat"", ""range_flattens"": [null], ""range_multi_buffers"": [null], ""range_num_stages"": [0], ""range_unroll_factors"": [0], ""range_warp_specializes"": [null], ""reduction_loops"": [null]}",ok,9.247999638319016,0.056028127670288086,1
softmax,SO_103,4096x1024,heldout,0,heuristics,0,2762deffa84c958d,"{""atomic_indexing"": [], ""block_sizes"": [16], ""indexing"": [""tensor_descriptor"", ""pointer"", ""pointer"", ""pointer"", ""pointer"", ""tensor_descriptor""], ""load_eviction_policies"": ["""", ""first"", ""last"", """"], ""num_stages"": 1, ""num_warps"": 16, ""pid_type"": ""flat"", ""range_flattens"": [null], ""range_multi_buffers"": [null], ""range_num_stages"": [0], ""range_unroll_factors"": [0], ""range_warp_specializes"": [null], ""reduction_loops"": [null]}",ok,13.279999606311321,0.2805912494659424,1
softmax,SO_103,4096x1024,heldout,0,heuristics,0,2eaa47515491baec,"{""atomic_indexing"": [], ""block_sizes"": [4], ""indexing"": [""pointer"", ""tensor_descriptor"", ""tensor_descriptor"", ""tensor_descriptor"", ""pointer"", ""tensor_descriptor""], ""load_eviction_policies"": ["""", """", """", ""last""], ""num_stages"": 7, ""num_warps"": 4, ""pid_type"": ""flat"", ""range_flattens"": [null], ""range_multi_buffers"": [null], ""range_num_stages"": [0], ""range_unroll_factors"": [0], ""range_warp_specializes"": [null], ""reduction_loops"": [null]}",ok,9.247999638319016,0.027469158172607422,1
softmax,SO_103,4096x1024,heldout,0,heuristics,0,bc289a87be1dbe30,"{""atomic_indexing"": [], ""block_sizes"": [1], ""indexing"": [""pointer"", ""pointer"", ""tensor_descriptor"", ""tensor_descriptor"", ""pointer"", ""tensor_descriptor""], ""load_eviction_policies"": ["""", ""first"", ""first"", ""first""], ""num_stages"": 6, ""num_warps"": 32, ""pid_type"": ""flat"", ""range_flattens"": [null], ""range_multi_buffers"": [null], ""range_num_stages"": [0], ""range_unroll_factors"": [0], ""range_warp_specializes"": [null], ""reduction_loops"": [null]}",ok,25.599999353289604,0.026872634887695312,1
softmax,SO_103,4096x1024,heldout,0,heuristics,0,8f9244c76278f5d3,"{""atomic_indexing"": [], ""block_sizes"": [1], ""indexing"": [""pointer"", ""pointer"", ""pointer"", ""pointer"", ""pointer"", ""pointer""], ""load_eviction_policies"": ["""", """", """", """"], ""num_stages"": 1, ""num_warps"": 4, ""pid_type"": ""flat"", ""range_flattens"": [null], ""range_multi_buffers"": [null], ""range_num_stages"": [0], ""range_unroll_factors"": [0], ""range_warp_specializes"": [null], ""reduction_loops"": [null]}",ok,9.247999638319016,0.03541731834411621,0
softmax,SO_103,4096x1024,heldout,0,heuristics,0,16993572ad6d9b7d,"{""atomic_indexing"": [], ""block_sizes"": [4], ""indexing"": [""pointer"", ""pointer"", ""pointer"", ""pointer"", ""pointer"", ""pointer""], ""load_eviction_policies"": ["""", """", """", """"], ""num_stages"": 2, ""num_warps"": 4, ""pid_type"": ""flat"", ""range_flattens"": [null], ""range_multi_buffers"": [null], ""range_num_stages"": [0], ""range_unroll_factors"": [0], ""range_warp_specializes"": [null], ""reduction_loops"": [null]}",ok,9.247999638319016,0.07018685340881348,0
softmax,SO_103,4096x1024,heldout,0,heuristics,0,51af00faa572663e,"{""atomic_indexing"": [], ""block_sizes"": [8], ""indexing"": [""pointer"", ""pointer"", ""pointer"", ""pointer"", ""pointer"", ""pointer""], ""load_eviction_policies"": ["""", """", """", """"], ""num_stages"": 3, ""num_warps"": 8, ""pid_type"": ""flat"", ""range_flattens"": [null], ""range_multi_buffers"": [null], ""range_num_stages"": [0], ""range_unroll_factors"": [0], ""range_warp_specializes"": [null], ""reduction_loops"": [null]}",ok,11.264000087976456,0.0509343147277832,0
softmax,SO_103,4096x1024,heldout,0,heuristics,0,c101695035644fe5,"{""atomic_indexing"": [], ""block_sizes"": [16], ""indexing"": [""pointer"", ""pointer"", ""pointer"", ""pointer"", ""pointer"", ""pointer""], ""load_eviction_policies"": ["""", """", """", """"], ""num_sm_multiplier"": 1, ""num_stages"": 2, ""num_warps"": 8, ""pid_type"": ""persistent_blocked"", ""range_flattens"": [null], ""range_multi_buffers"": [null], ""range_num_stages"": [0], ""range_unroll_factors"": [0], ""range_warp_specializes"": [null], ""reduction_loops"": [null]}",ok,13.311999849975109,0.3700709342956543,0
softmax,SO_103,4096x1024,heldout,0,heuristics,0,f8528afaa915e6fc,"{""atomic_indexing"": [], ""block_sizes"": [2], ""indexing"": [""tensor_descriptor"", ""tensor_descriptor"", ""tensor_descriptor"", ""tensor_descriptor"", ""tensor_descriptor"", ""tensor_descriptor""], ""load_eviction_policies"": ["""", """", """", """"], ""num_stages"": 4, ""num_warps"": 4, ""pid_type"": ""flat"", ""range_flattens"": [null], ""range_multi_buffers"": [null], ""range_num_stages"": [0], ""range_unroll_factors"": [0], ""range_warp_specializes"": [null], ""reduction_loops"": [null]}",ok,9.247999638319016,0.1831209659576416,0
softmax,SO_103,4096x1024,heldout,0,heuristics,0,2cc4802b2e676511,"{""atomic_indexing"": [], ""block_sizes"": [32], ""indexing"": [""pointer"", ""pointer"", ""pointer"", ""pointer"", ""pointer"", ""pointer""], ""load_eviction_policies"": ["""", """", """", """"], ""num_sm_multiplier"": 1, ""num_stages"": 2, ""num_warps"": 16, ""pid_type"": ""persistent_interleaved"", ""range_flattens"": [null], ""range_multi_buffers"": [null], ""range_num_stages"": [0], ""range_unroll_factors"": [0], ""range_warp_specializes"": [null], ""reduction_loops"": [null]}",ok,11.264000087976456,0.44060516357421875,0
softmax,SO_103,4096x1024,heldout,1,heuristics,0,4c8d5c71e5731ce4,"{""atomic_indexing"": [], ""block_sizes"": [1], ""indexing"": [""pointer"", ""tensor_descriptor"", ""tensor_descriptor"", ""pointer"", ""tensor_descriptor"", ""tensor_descriptor""], ""load_eviction_policies"": [""last"", ""first"", ""last"", """"], ""num_stages"": 4, ""num_warps"": 2, ""pid_type"": ""flat"", ""range_flattens"": [null], ""range_multi_buffers"": [null], ""range_num_stages"": [0], ""range_unroll_factors"": [0], ""range_warp_specializes"": [null], ""reduction_loops"": [null]}",ok,9.216000325977802,0.08342862129211426,1
softmax,SO_103,4096x1024,heldout,1,heuristics,0,30e4835bd494529f,"{""atomic_indexing"": [], ""block_sizes"": [1], ""indexing"": [""tensor_descriptor"", ""tensor_descriptor"", ""pointer"", ""tensor_descriptor"", ""tensor_descriptor"", ""pointer""], ""load_eviction_policies"": ["""", """", """", """"], ""num_stages"": 2, ""num_warps"": 8, ""pid_type"": ""flat"", ""range_flattens"": [null], ""range_multi_buffers"": [null], ""range_num_stages"": [0], ""range_unroll_factors"": [0], ""range_warp_specializes"": [null], ""reduction_loops"": [null]}",ok,11.264000087976456,0.06501317024230957,1
softmax,SO_103,4096x1024,heldout,1,heuristics,0,73ee7ebfcd167c3e,"{""atomic_indexing"": [], ""block_sizes"": [1], ""indexing"": [""pointer"", ""pointer"", ""tensor_descriptor"", ""tensor_descriptor"", ""tensor_descriptor"", ""tensor_descriptor""], ""load_eviction_policies"": [""last"", """", """", ""first""], ""num_stages"": 1, ""num_warps"": 4, ""pid_type"": ""flat"", ""range_flattens"": [null], ""range_multi_buffers"": [null], ""range_num_stages"": [0], ""range_unroll_factors"": [0], ""range_warp_specializes"": [null], ""reduction_loops"": [null]}",ok,9.247999638319016,0.04766559600830078,1
softmax,SO_103,4096x1024,heldout,1,heuristics,0,04a86e122889c00f,"{""atomic_indexing"": [], ""block_sizes"": [1], ""indexing"": [""pointer"", ""tensor_descriptor"", ""pointer"", ""tensor_descriptor"", ""pointer"", ""tensor_descriptor""], ""load_eviction_policies"": ["""", """", ""last"", """"], ""num_stages"": 2, ""num_warps"": 4, ""pid_type"": ""flat"", ""range_flattens"": [null], ""range_multi_buffers"": [null], ""range_num_stages"": [0], ""range_unroll_factors"": [0], ""range_warp_specializes"": [null], ""reduction_loops"": [null]}",ok,9.247999638319016,0.039681196212768555,1
softmax,SO_103,4096x1024,heldout,1,heuristics,0,2762deffa84c958d,"{""atomic_indexing"": [], ""block_sizes"": [16], ""indexing"": [""tensor_descriptor"", ""pointer"", ""pointer"", ""pointer"", ""pointer"", ""tensor_descriptor""], ""load_eviction_policies"": ["""", ""first"", ""last"", """"], ""num_stages"": 1, ""num_warps"": 16, ""pid_type"": ""flat"", ""range_flattens"": [null], ""range_multi_buffers"": [null], ""range_num_stages"": [0], ""range_unroll_factors"": [0], ""range_warp_specializes"": [null], ""reduction_loops"": [null]}",ok,13.279999606311321,0.03194713592529297,1
softmax,SO_103,4096x1024,heldout,1,heuristics,0,2eaa47515491baec,"{""atomic_indexing"": [], ""block_sizes"": [4], ""indexing"": [""pointer"", ""tensor_descriptor"", ""tensor_descriptor"", ""tensor_descriptor"", ""pointer"", ""tensor_descriptor""], ""load_eviction_policies"": ["""", """", """", ""last""], ""num_stages"": 7, ""num_warps"": 4, ""pid_type"": ""flat"", ""range_flattens"": [null], ""range_multi_buffers"": [null], ""range_num_stages"": [0], ""range_unroll_factors"": [0], ""range_warp_specializes"": [null], ""reduction_loops"": [null]}",ok,10.400000028312206,0.024479150772094727,1
softmax,SO_103,4096x1024,heldout,1,heuristics,0,bc289a87be1dbe30,"{""atomic_indexing"": [], ""block_sizes"": [1], ""indexing"": [""pointer"", ""pointer"", ""tensor_descriptor"", ""tensor_descriptor"", ""pointer"", ""tensor_descriptor""], ""load_eviction_policies"": ["""", ""first"", ""first"", ""first""], ""num_stages"": 6, ""num_warps"": 32, ""pid_type"": ""flat"", ""range_flattens"": [null], ""range_multi_buffers"": [null], ""range_num_stages"": [0], ""range_unroll_factors"": [0], ""range_warp_specializes"": [null], ""reduction_loops"": [null]}",ok,25.567999109625816,0.0223696231842041,1
softmax,SO_103,4096x1024,heldout,1,heuristics,0,8f9244c76278f5d3,"{""atomic_indexing"": [], ""block_sizes"": [1], ""indexing"": [""pointer"", ""pointer"", ""pointer"", ""pointer"", ""pointer"", ""pointer""], ""load_eviction_policies"": ["""", """", """", """"], ""num_stages"": 1, ""num_warps"": 4, ""pid_type"": ""flat"", ""range_flattens"": [null], ""range_multi_buffers"": [null], ""range_num_stages"": [0], ""range_unroll_factors"": [0], ""range_warp_specializes"": [null], ""reduction_loops"": [null]}",ok,9.247999638319016,0.022945880889892578,0
softmax,SO_103,4096x1024,heldout,1,heuristics,0,6d9e39170044cf11,"{""atomic_indexing"": [], ""block_sizes"": [8], ""indexing"": [""pointer"", ""pointer"", ""pointer"", ""pointer"", ""pointer"", ""pointer""], ""load_eviction_policies"": ["""", """", """", """"], ""num_stages"": 1, ""num_warps"": 4, ""pid_type"": ""flat"", ""range_flattens"": [null], ""range_multi_buffers"": [null], ""range_num_stages"": [0], ""range_unroll_factors"": [0], ""range_warp_specializes"": [null], ""reduction_loops"": [null]}",ok,11.264000087976456,0.05867886543273926,0
softmax,SO_103,4096x1024,heldout,1,heuristics,0,a1a2a48616d6c8b8,"{""atomic_indexing"": [], ""block_sizes"": [16], ""indexing"": [""pointer"", ""pointer"", ""pointer"", ""pointer"", ""pointer"", ""pointer""], ""load_eviction_policies"": ["""", """", """", """"], ""num_stages"": 2, ""num_warps"": 8, ""pid_type"": ""flat"", ""range_flattens"": [null], ""range_multi_buffers"": [null], ""range_num_stages"": [0], ""range_unroll_factors"": [0], ""range_warp_specializes"": [null], ""reduction_loops"": [null]}",ok,11.264000087976456,0.03991293907165527,0
softmax,SO_103,4096x1024,heldout,1,heuristics,0,99f1fe04f31b0dd1,"{""atomic_indexing"": [], ""block_sizes"": [32], ""indexing"": [""pointer"", ""pointer"", ""pointer"", ""pointer"", ""pointer"", ""pointer""], ""load_eviction_policies"": ["""", """", """", """"], ""num_sm_multiplier"": 1, ""num_stages"": 3, ""num_warps"": 8, ""pid_type"": ""persistent_blocked"", ""range_flattens"": [null], ""range_multi_buffers"": [null], ""range_num_stages"": [0], ""range_unroll_factors"": [0], ""range_warp_specializes"": [null], ""reduction_loops"": [null]}",ok,12.847999576479197,0.025058269500732422,0
softmax,SO_103,4096x1024,heldout,1,heuristics,0,5795b7ab83aaef48,"{""atomic_indexing"": [], ""block_sizes"": [4], ""indexing"": [""tensor_descriptor"", ""tensor_descriptor"", ""tensor_descriptor"", ""tensor_descriptor"", ""tensor_descriptor"", ""tensor_descriptor""], ""load_eviction_policies"": ["""", """", """", """"], ""num_stages"": 1, ""num_warps"": 4, ""pid_type"": ""flat"", ""range_flattens"": [null], ""range_multi_buffers"": [null], ""range_num_stages"": [0], ""range_unroll_factors"": [0], ""range_warp_specializes"": [null], ""reduction_loops"": [null]}",ok,11.231999844312668,0.02418041229248047,0
softmax,SO_103,4096x1024,heldout,1,heuristics,0,92bcc548765eab6a,"{""atomic_indexing"": [], ""block_sizes"": [64], ""indexing"": [""pointer"", ""pointer"", ""pointer"", ""pointer"", ""pointer"", ""pointer""], ""load_eviction_policies"": ["""", """", """", """"], ""num_sm_multiplier"": 1, ""num_stages"": 2, ""num_warps"": 16, ""pid_type"": ""persistent_interleaved"", ""range_flattens"": [null], ""range_multi_buffers"": [null], ""range_num_stages"": [0], ""range_unroll_factors"": [0], ""range_warp_specializes"": [null], ""reduction_loops"": [null]}",ok,19.45599913597107,0.03934621810913086,0
softmax,SO_103,4096x1024,heldout,2,heuristics,0,4c8d5c71e5731ce4,"{""atomic_indexing"": [], ""block_sizes"": [1], ""indexing"": [""pointer"", ""tensor_descriptor"", ""tensor_descriptor"", ""pointer"", ""tensor_descriptor"", ""tensor_descriptor""], ""load_eviction_policies"": [""last"", ""first"", ""last"", """"], ""num_stages"": 4, ""num_warps"": 2, ""pid_type"": ""flat"", ""range_flattens"": [null], ""range_multi_buffers"": [null], ""range_num_stages"": [0], ""range_unroll_factors"": [0], ""range_warp_specializes"": [null], ""reduction_loops"": [null]}",ok,9.216000325977802,0.11350870132446289,1
softmax,SO_103,4096x1024,heldout,2,heuristics,0,30e4835bd494529f,"{""atomic_indexing"": [], ""block_sizes"": [1], ""indexing"": [""tensor_descriptor"", ""tensor_descriptor"", ""pointer"", ""tensor_descriptor"", ""tensor_descriptor"", ""pointer""], ""load_eviction_policies"": ["""", """", """", """"], ""num_stages"": 2, ""num_warps"": 8, ""pid_type"": ""flat"", ""range_flattens"": [null], ""range_multi_buffers"": [null], ""range_num_stages"": [0], ""range_unroll_factors"": [0], ""range_warp_specializes"": [null], ""reduction_loops"": [null]}",ok,11.264000087976456,0.09672260284423828,1
softmax,SO_103,4096x1024,heldout,2,heuristics,0,73ee7ebfcd167c3e,"{""atomic_indexing"": [], ""block_sizes"": [1], ""indexing"": [""pointer"", ""pointer"", ""tensor_descriptor"", ""tensor_descriptor"", ""tensor_descriptor"", ""tensor_descriptor""], ""load_eviction_policies"": [""last"", """", """", ""first""], ""num_stages"": 1, ""num_warps"": 4, ""pid_type"": ""flat"", ""range_flattens"": [null], ""range_multi_buffers"": [null], ""range_num_stages"": [0], ""range_unroll_factors"": [0], ""range_warp_specializes"": [null], ""reduction_loops"": [null]}",ok,9.216000325977802,0.07830071449279785,1
softmax,SO_103,4096x1024,heldout,2,heuristics,0,04a86e122889c00f,"{""atomic_indexing"": [], ""block_sizes"": [1], ""indexing"": [""pointer"", ""tensor_descriptor"", ""pointer"", ""tensor_descriptor"", ""pointer"", ""tensor_descriptor""], ""load_eviction_policies"": ["""", """", ""last"", """"], ""num_stages"": 2, ""num_warps"": 4, ""pid_type"": ""flat"", ""range_flattens"": [null], ""range_multi_buffers"": [null], ""range_num_stages"": [0], ""range_unroll_factors"": [0], ""range_warp_specializes"": [null], ""reduction_loops"": [null]}",ok,9.247999638319016,0.0704813003540039,1
softmax,SO_103,4096x1024,heldout,2,heuristics,0,2762deffa84c958d,"{""atomic_indexing"": [], ""block_sizes"": [16], ""indexing"": [""tensor_descriptor"", ""pointer"", ""pointer"", ""pointer"", ""pointer"", ""tensor_descriptor""], ""load_eviction_policies"": ["""", ""first"", ""last"", """"], ""num_stages"": 1, ""num_warps"": 16, ""pid_type"": ""flat"", ""range_flattens"": [null], ""range_multi_buffers"": [null], ""range_num_stages"": [0], ""range_unroll_factors"": [0], ""range_warp_specializes"": [null], ""reduction_loops"": [null]}",ok,13.311999849975109,0.051216840744018555,1
softmax,SO_103,4096x1024,heldout,2,heuristics,0,2eaa47515491baec,"{""atomic_indexing"": [], ""block_sizes"": [4], ""indexing"": [""pointer"", ""tensor_descriptor"", ""tensor_descriptor"", ""tensor_descriptor"", ""pointer"", ""tensor_descriptor""], ""load_eviction_policies"": ["""", """", """", ""last""], ""num_stages"": 7, ""num_warps"": 4, ""pid_type"": ""flat"", ""range_flattens"": [null], ""range_multi_buffers"": [null], ""range_num_stages"": [0], ""range_unroll_factors"": [0], ""range_warp_specializes"": [null], ""reduction_loops"": [null]}",ok,9.247999638319016,0.03998160362243652,1
softmax,SO_103,4096x1024,heldout,2,heuristics,0,bc289a87be1dbe30,"{""atomic_indexing"": [], ""block_sizes"": [1], ""indexing"": [""pointer"", ""pointer"", ""tensor_descriptor"", ""tensor_descriptor"", ""pointer"", ""tensor_descriptor""], ""load_eviction_policies"": ["""", ""first"", ""first"", ""first""], ""num_stages"": 6, ""num_warps"": 32, ""pid_type"": ""flat"", ""range_flattens"": [null], ""range_multi_buffers"": [null], ""range_num_stages"": [0], ""range_unroll_factors"": [0], ""range_warp_specializes"": [null], ""reduction_loops"": [null]}",ok,25.599999353289604,0.035681962966918945,1
softmax,SO_103,4096x1024,heldout,2,heuristics,0,8f9244c76278f5d3,"{""atomic_indexing"": [], ""block_sizes"": [1], ""indexing"": [""pointer"", ""pointer"", ""pointer"", ""pointer"", ""pointer"", ""pointer""], ""load_eviction_policies"": ["""", """", """", """"], ""num_stages"": 1, ""num_warps"": 4, ""pid_type"": ""flat"", ""range_flattens"": [null], ""range_multi_buffers"": [null], ""range_num_stages"": [0], ""range_unroll_factors"": [0], ""range_warp_specializes"": [null], ""reduction_loops"": [null]}",ok,9.247999638319016,0.035658836364746094,0
softmax,SO_103,4096x1024,heldout,2,heuristics,0,736883104fb84b05,"{""atomic_indexing"": [], ""block_sizes"": [8], ""indexing"": [""pointer"", ""pointer"", ""pointer"", ""pointer"", ""pointer"", ""pointer""], ""load_eviction_policies"": ["""", """", """", """"], ""num_stages"": 2, ""num_warps"": 8, ""pid_type"": ""flat"", ""range_flattens"": [null], ""range_multi_buffers"": [null], ""range_num_stages"": [0], ""range_unroll_factors"": [0], ""range_warp_specializes"": [null], ""reduction_loops"": [null]}",ok,11.296000331640244,0.052387237548828125,0
softmax,SO_103,4096x1024,heldout,2,heuristics,0,02b40432328bb616,"{""atomic_indexing"": [], ""block_sizes"": [16], ""indexing"": [""pointer"", ""pointer"", ""pointer"", ""pointer"", ""pointer"", ""pointer""], ""load_eviction_policies"": ["""", """", """", """"], ""num_stages"": 3, ""num_warps"": 8, ""pid_type"": ""flat"", ""range_flattens"": [null], ""range_multi_buffers"": [null], ""range_num_stages"": [0], ""range_unroll_factors"": [0], ""range_warp_specializes"": [null], ""reduction_loops"": [null]}",ok,11.264000087976456,0.04594016075134277,0
softmax,SO_103,4096x1024,heldout,2,heuristics,0,a22a4b704ac9c927,"{""atomic_indexing"": [], ""block_sizes"": [4], ""indexing"": [""pointer"", ""pointer"", ""pointer"", ""pointer"", ""pointer"", ""pointer""], ""load_eviction_policies"": ["""", """", """", """"], ""num_sm_multiplier"": 1, ""num_stages"": 2, ""num_warps"": 4, ""pid_type"": ""persistent_blocked"", ""range_flattens"": [null], ""range_multi_buffers"": [null], ""range_num_stages"": [0], ""range_unroll_factors"": [0], ""range_warp_specializes"": [null], ""reduction_loops"": [null]}",ok,16.543999314308167,0.2686290740966797,0
softmax,SO_103,4096x1024,heldout,2,heuristics,0,db08dbbf6ad57f96,"{""atomic_indexing"": [], ""block_sizes"": [32], ""indexing"": [""tensor_descriptor"", ""tensor_descriptor"", ""tensor_descriptor"", ""tensor_descriptor"", ""tensor_descriptor"", ""tensor_descriptor""], ""load_eviction_policies"": ["""", """", """", """"], ""num_stages"": 2, ""num_warps"": 16, ""pid_type"": ""flat"", ""range_flattens"": [null], ""range_multi_buffers"": [null], ""range_num_stages"": [0], ""range_unroll_factors"": [0], ""range_warp_specializes"": [null], ""reduction_loops"": [null]}",ok,15.359999611973763,0.3661346435546875,0
softmax,SO_104,2048x3072,heldout,0,heuristics,0,73ee7ebfcd167c3e,"{""atomic_indexing"": [], ""block_sizes"": [1], ""indexing"": [""pointer"", ""pointer"", ""tensor_descriptor"", ""tensor_descriptor"", ""tensor_descriptor"", ""tensor_descriptor""], ""load_eviction_policies"": [""last"", """", """", ""first""], ""num_stages"": 1, ""num_warps"": 4, ""pid_type"": ""flat"", ""range_flattens"": [null], ""range_multi_buffers"": [null], ""range_num_stages"": [0], ""range_unroll_factors"": [0], ""range_warp_specializes"": [null], ""reduction_loops"": [null]}",ok,11.264000087976456,0.08265900611877441,1
softmax,SO_104,2048x3072,heldout,0,heuristics,0,30e4835bd494529f,"{""atomic_indexing"": [], ""block_sizes"": [1], ""indexing"": [""tensor_descriptor"", ""tensor_descriptor"", ""pointer"", ""tensor_descriptor"", ""tensor_descriptor"", ""pointer""], ""load_eviction_policies"": ["""", """", """", """"], ""num_stages"": 2, ""num_warps"": 8, ""pid_type"": ""flat"", ""range_flattens"": [null], ""range_multi_buffers"": [null], ""range_num_stages"": [0], ""range_unroll_factors"": [0], ""range_warp_specializes"": [null], ""reduction_loops"": [null]}",ok,13.311999849975109,0.20525455474853516,1
softmax,SO_104,2048x3072,heldout,0,heuristics,0,4c8d5c71e5731ce4,"{""atomic_indexing"": [], ""block_sizes"": [1], ""indexing"": [""pointer"", ""tensor_descriptor"", ""tensor_descriptor"", ""pointer"", ""tensor_descriptor"", ""tensor_descriptor""], ""load_eviction_policies"": [""last"", ""first"", ""last"", """"], ""num_stages"": 4, ""num_warps"": 2, ""pid_type"": ""flat"", ""range_flattens"": [null], ""range_multi_buffers"": [null], ""range_num_stages"": [0], ""range_unroll_factors"": [0], ""range_warp_specializes"": [null], ""reduction_loops"": [null]}",ok,11.264000087976456,0.33836936950683594,1
softmax,SO_104,2048x3072,heldout,0,heuristics,0,04a86e122889c00f,"{""atomic_indexing"": [], ""block_sizes"": [1], ""indexing"": [""pointer"", ""tensor_descriptor"", ""pointer"", ""tensor_descriptor"", ""pointer"", ""tensor_descriptor""], ""load_eviction_policies"": ["""", """", ""last"", """"], ""num_stages"": 2, ""num_warps"": 4, ""pid_type"": ""flat"", ""range_flattens"": [null], ""range_multi_buffers"": [null], ""range_num_stages"": [0], ""range_unroll_factors"": [0], ""range_warp_specializes"": [null], ""reduction_loops"": [null]}",ok,11.264000087976456,0.03956484794616699,1
softmax,SO_104,2048x3072,heldout,0,heuristics,0,2762deffa84c958d,"{""atomic_indexing"": [], ""block_sizes"": [16], ""indexing"": [""tensor_descriptor"", ""pointer"", ""pointer"", ""pointer"", ""pointer"", ""tensor_descriptor""], ""load_eviction_policies"": ["""", ""first"", ""last"", """"], ""num_stages"": 1, ""num_warps"": 16, ""pid_type"": ""flat"", ""range_flattens"": [null], ""range_multi_buffers"": [null], ""range_num_stages"": [0], ""range_unroll_factors"": [0], ""range_warp_specializes"": [null], ""reduction_loops"": [null]}",ok,21.503999829292297,0.8002259731292725,1
softmax,SO_104,2048x3072,heldout,0,heuristics,0,2eaa47515491baec,"{""atomic_indexing"": [], ""block_sizes"": [4], ""indexing"": [""pointer"", ""tensor_descriptor"", ""tensor_descriptor"", ""tensor_descriptor"", ""pointer"", ""tensor_descriptor""], ""load_eviction_policies"": ["""", """", """", ""last""], ""num_stages"": 7, ""num_warps"": 4, ""pid_type"": ""flat"", ""range_flattens"": [null], ""range_multi_buffers"": [null], ""range_num_stages"": [0], ""range_unroll_factors"": [0], ""range_warp_specializes"": [null], ""reduction_loops"": [null]}",ok,13.311999849975109,0.5424027442932129,1
softmax,SO_104,2048x3072,heldout,0,heuristics,0,bc289a87be1dbe30,"{""atomic_indexing"": [], ""block_sizes"": [1], ""indexing"": [""pointer"", ""pointer"", ""tensor_descriptor"", ""tensor_descriptor"", ""pointer"", ""tensor_descriptor""], ""load_eviction_policies"": ["""", ""first"", ""first"", ""first""], ""num_stages"": 6, ""num_warps"": 32, ""pid_type"": ""flat"", ""range_flattens"": [null], ""range_multi_buffers"": [null], ""range_num_stages"": [0], ""range_unroll_factors"": [0], ""range_warp_specializes"": [null], ""reduction_loops"": [null]}",ok,19.45599913597107,0.15891695022583008,1
softmax,SO_104,2048x3072,heldout,0,heuristics,0,8f9244c76278f5d3,"{""atomic_indexing"": [], ""block_sizes"": [1], ""indexing"": [""pointer"", ""pointer"", ""pointer"", ""pointer"", ""pointer"", ""pointer""], ""load_eviction_policies"": ["""", """", """", """"], ""num_stages"": 1, ""num_warps"": 4, ""pid_type"": ""flat"", ""range_flattens"": [null], ""range_multi_buffers"": [null], ""range_num_stages"": [0], ""range_unroll_factors"": [0], ""range_warp_specializes"": [null], ""reduction_loops"": [null]}",ok,11.264000087976456,0.026155948638916016,0
softmax,SO_104,2048x3072,heldout,0,heuristics,0,6d96c90bf541673b,"{""atomic_indexing"": [], ""block_sizes"": [2], ""indexing"": [""pointer"", ""pointer"", ""pointer"", ""pointer"", ""pointer"", ""pointer""], ""load_eviction_policies"": ["""", """", """", """"], ""num_stages"": 2, ""num_warps"": 8, ""pid_type"": ""flat"", ""range_flattens"": [null], ""range_multi_buffers"": [null], ""range_num_stages"": [0], ""range_unroll_factors"": [0], ""range_warp_specializes"": [null], ""reduction_loops"": [null]}",ok,13.311999849975109,0.2678344249725342,0
softmax,SO_104,2048x3072,heldout,0,heuristics,0,ce7c4ae410cad280,"{""atomic_indexing"": [], ""block_sizes"": [4], ""indexing"": [""pointer"", ""pointer"", ""pointer"", ""pointer"", ""pointer"", ""pointer""], ""load_eviction_policies"": ["""", """", """", """"], ""num_stages"": 3, ""num_warps"": 8, ""pid_type"": ""flat"", ""range_flattens"": [null], ""range_multi_buffers"": [null], ""range_num_stages"": [0], ""range_unroll_factors"": [0], ""range_warp_specializes"": [null], ""reduction_loops"": [null]}",ok,15.39199985563755,0.36534786224365234,0
softmax,SO_104,2048x3072,heldout,0,heuristics,0,8b841317dfb277b3,"{""atomic_indexing"": [], ""block_sizes"": [8], ""indexing"": [""pointer"", ""pointer"", ""pointer"", ""pointer"", ""pointer"", ""pointer""], ""load_eviction_policies"": ["""", """", """", """"], ""num_sm_multiplier"": 1, ""num_stages"": 2, ""num_warps"": 16, ""pid_type"": ""persistent_blocked"", ""range_flattens"": [null], ""range_multi_buffers"": [null], ""range_num_stages"": [0], ""range_unroll_factors"": [0], ""range_warp_specializes"": [null], ""reduction_loops"": [null]}",ok,17.376000061631203,0.37749671936035156,0
softmax,SO_104,2048x3072,heldout,0,heuristics,0,b6f982885b2d119a,"{""atomic_indexing"": [], ""block_sizes"": [4], ""indexing"": [""tensor_descriptor"", ""tensor_descriptor"", ""tensor_descriptor"", ""tensor_descriptor"", ""tensor_descriptor"", ""tensor_descriptor""], ""load_eviction_policies"": ["""", """", """", """"], ""num_stages"": 2, ""num_warps"": 8, ""pid_type"": ""flat"", ""range_flattens"": [null], ""range_multi_buffers"": [null], ""range_num_stages"": [0], ""range_unroll_factors"": [0], ""range_warp_specializes"": [null], ""reduction_loops"": [null]}",ok,15.39199985563755,0.039377689361572266,0
softmax,SO_104,2048x3072,heldout,1,heuristics,0,73ee7ebfcd167c3e,"{""atomic_indexing"": [], ""block_sizes"": [1], ""indexing"": [""pointer"", ""pointer"", ""tensor_descriptor"", ""tensor_descriptor"", ""tensor_descriptor"", ""tensor_descriptor""], ""load_eviction_policies"": [""last"", """", """", ""first""], ""num_stages"": 1, ""num_warps"": 4, ""pid_type"": ""flat"", ""range_flattens"": [null], ""range_multi_buffers"": [null], ""range_num_stages"": [0], ""range_unroll_factors"": [0], ""range_warp_specializes"": [null], ""reduction_loops"": [null]}",ok,11.264000087976456,0.08391737937927246,1
softmax,SO_104,2048x3072,heldout,1,heuristics,0,30e4835bd494529f,"{""atomic_indexing"": [], ""block_sizes"": [1], ""indexing"": [""tensor_descriptor"", ""tensor_descriptor"", ""pointer"", ""tensor_descriptor"", ""tensor_descriptor"", ""pointer""], ""load_eviction_policies"": ["""", """", """", """"], ""num_stages"": 2, ""num_warps"": 8, ""pid_type"": ""flat"", ""range_flattens"": [null], ""range_multi_buffers"": [null], ""range_num_stages"": [0], ""range_unroll_factors"": [0], ""range_warp_specializes"": [null], ""reduction_loops"": [null]}",ok,13.311999849975109,0.06550478935241699,1
softmax,SO_104,2048x3072,heldout,1,heuristics,0,4c8d5c71e5731ce4,"{""atomic_indexing"": [], ""block_sizes"": [1], ""indexing"": [""pointer"", ""tensor_descriptor"", ""tensor_descriptor"", ""pointer"", ""tensor_descriptor"", ""tensor_descriptor""], ""load_eviction_policies"": [""last"", ""first"", ""last"", """"], ""num_stages"": 4, ""num_warps"": 2, ""pid_type"": ""flat"", ""range_flattens"": [null], ""range_multi_buffers"": [null], ""range_num_stages"": [0], ""range_unroll_factors"": [0], ""range_warp_specializes"": [null], ""reduction_loops"": [null]}",ok,11.264000087976456,0.04770612716674805,1
softmax,SO_104,2048x3072,heldout,1,heuristics,0,04a86e122889c00f,"{""atomic_indexing"": [], ""block_sizes"": [1], ""indexing"": [""pointer"", ""tensor_descriptor"", ""pointer"", ""tensor_descriptor"", ""pointer"", ""tensor_descriptor""], ""load_eviction_policies"": ["""", """", ""last"", """"], ""num_stages"": 2, ""num_warps"": 4, ""pid_type"": ""flat"", ""range_flattens"": [null], ""range_multi_buffers"": [null], ""range_num_stages"": [0], ""range_unroll_factors"": [0], ""range_warp_specializes"": [null], ""reduction_loops"": [null]}",ok,11.264000087976456,0.039559364318847656,1
softmax,SO_104,2048x3072,heldout,1,heuristics,0,2762deffa84c958d,"{""atomic_indexing"": [], ""block_sizes"": [16], ""indexing"": [""tensor_descriptor"", ""pointer"", ""pointer"", ""pointer"", ""pointer"", ""tensor_descriptor""], ""load_eviction_policies"": ["""", ""first"", ""last"", """"], ""num_stages"": 1, ""num_warps"": 16, ""pid_type"": ""flat"", ""range_flattens"": [null], ""range_multi_buffers"": [null], ""range_num_stages"": [0], ""range_unroll_factors"": [0], ""range_warp_specializes"": [null], ""reduction_loops"": [null]}",ok,21.503999829292297,0.03212141990661621,1
softmax,SO_104,2048x3072,heldout,1,heuristics,0,2eaa47515491baec,"{""atomic_indexing"": [], ""block_sizes"": [4], ""indexing"": [""pointer"", ""tensor_descriptor"", ""tensor_descriptor"", ""tensor_descriptor"", ""pointer"", ""tensor_descriptor""], ""load_eviction_policies"": ["""", """", """", ""last""], ""num_stages"": 7, ""num_warps"": 4, ""pid_type"": ""flat"", ""range_flattens"": [null], ""range_multi_buffers"": [null], ""range_num_stages"": [0], ""range_unroll_factors"": [0], ""range_warp_specializes"": [null], ""reduction_loops"": [null]}",ok,13.311999849975109,0.023170948028564453,1
softmax,SO_104,2048x3072,heldout,1,heuristics,0,bc289a87be1dbe30,"{""atomic_indexing"": [], ""block_sizes"": [1], ""indexing"": [""pointer"", ""pointer"", ""tensor_descriptor"", ""tensor_descriptor"", ""pointer"", ""tensor_descriptor""], ""load_eviction_policies"": ["""", ""first"", ""first"", ""first""], ""num_stages"": 6, ""num_warps"": 32, ""pid_type"": ""flat"", ""range_flattens"": [null], ""range_multi_buffers"": [null], ""range_num_stages"": [0], ""range_unroll_factors"": [0], ""range_warp_specializes"": [null], ""reduction_loops"": [null]}",ok,19.45599913597107,0.02209949493408203,1
softmax,SO_104,2048x3072,heldout,1,heuristics,0,8f9244c76278f5d3,"{""atomic_indexing"": [], ""block_sizes"": [1], ""indexing"": [""pointer"", ""pointer"", ""pointer"", ""pointer"", ""pointer"", ""pointer""], ""load_eviction_policies"": ["""", """", """", """"], ""num_stages"": 1, ""num_warps"": 4, ""pid_type"": ""flat"", ""range_flattens"": [null], ""range_multi_buffers"": [null], ""range_num_stages"": [0], ""range_unroll_factors"": [0], ""range_warp_specializes"": [null], ""reduction_loops"": [null]}",ok,11.264000087976456,0.022187232971191406,0
softmax,SO_104,2048x3072,heldout,1,heuristics,0,736883104fb84b05,"{""atomic_indexing"": [], ""block_sizes"": [8], ""indexing"": [""pointer"", ""pointer"", ""pointer"", ""pointer"", ""pointer"", ""pointer""], ""load_eviction_policies"": ["""", """", """", """"], ""num_stages"": 2, ""num_warps"": 8, ""pid_type"": ""flat"", ""range_flattens"": [null], ""range_multi_buffers"": [null], ""range_num_stages"": [0], ""range_unroll_factors"": [0], ""range_warp_specializes"": [null], ""reduction_loops"": [null]}",ok,17.40800030529499,0.05161404609680176,0
softmax,SO_104,2048x3072,heldout,1,heuristics,0,02b40432328bb616,"{""atomic_indexing"": [], ""block_sizes"": [16], ""indexing"": [""pointer"", ""pointer"", ""pointer"", ""pointer"", ""pointer"", ""pointer""], ""load_eviction_policies"": ["""", """", """", """"], ""num_stages"": 3, ""num_warps"": 8, ""pid_type"": ""flat"", ""range_flattens"": [null], ""range_multi_buffers"": [null], ""range_num_stages"": [0], ""range_unroll_factors"": [0], ""range_warp_specializes"": [null], ""reduction_loops"": [null]}",ok,17.40800030529499,0.03484678268432617,0
softmax,SO_104,2048x3072,heldout,1,heuristics,0,e856e229bfd873a3,"{""atomic_indexing"": [], ""block_sizes"": [4], ""indexing"": [""pointer"", ""pointer"", ""pointer"", ""pointer"", ""pointer"", ""pointer""], ""load_eviction_policies"": ["""", """", """", """"], ""num_sm_multiplier"": 1, ""num_stages"": 2, ""num_warps"": 8, ""pid_type"": ""persistent_blocked"", ""range_flattens"": [null], ""range_multi_buffers"": [null], ""range_num_stages"": [0], ""range_unroll_factors"": [0], ""range_warp_specializes"": [null], ""reduction_loops"": [null]}",ok,17.40800030529499,0.39588093757629395,0
softmax,SO_104,2048x3072,heldout,1,heuristics,0,84c29473c653d444,"{""atomic_indexing"": [], ""block_sizes"": [16], ""indexing"": [""tensor_descriptor"", ""tensor_descriptor"", ""tensor_descriptor"", ""tensor_descriptor"", ""tensor_descriptor"", ""tensor_descriptor""], ""load_eviction_policies"": ["""", """", """", """"], ""num_stages"": 2, ""num_warps"": 16, ""pid_type"": ""flat"", ""range_flattens"": [null], ""range_multi_buffers"": [null], ""range_num_stages"": [0], ""range_unroll_factors"": [0], ""range_warp_specializes"": [null], ""reduction_loops"": [null]}",ok,21.568000316619873,0.03671431541442871,0
softmax,SO_104,2048x3072,heldout,2,heuristics,0,73ee7ebfcd167c3e,"{""atomic_indexing"": [], ""block_sizes"": [1], ""indexing"": [""pointer"", ""pointer"", ""tensor_descriptor"", ""tensor_descriptor"", ""tensor_descriptor"", ""tensor_descriptor""], ""load_eviction_policies"": [""last"", """", """", ""first""], ""num_stages"": 1, ""num_warps"": 4, ""pid_type"": ""flat"", ""range_flattens"": [null], ""range_multi_buffers"": [null], ""range_num_stages"": [0], ""range_unroll_factors"": [0], ""range_warp_specializes"": [null], ""reduction_loops"": [null]}",ok,11.264000087976456,0.11999797821044922,1
softmax,SO_104,2048x3072,heldout,2,heuristics,0,30e4835bd494529f,"{""atomic_indexing"": [], ""block_sizes"": [1], ""indexing"": [""tensor_descriptor"", ""tensor_descriptor"", ""pointer"", ""tensor_descriptor"", ""tensor_descriptor"", ""pointer""], ""load_eviction_policies"": ["""", """", """", """"], ""num_stages"": 2, ""num_warps"": 8, ""pid_type"": ""flat"", ""range_flattens"": [null], ""range_multi_buffers"": [null], ""range_num_stages"": [0], ""range_unroll_factors"": [0], ""range_warp_specializes"": [null], ""reduction_loops"": [null]}",ok,13.344000093638897,0.10099577903747559,1
softmax,SO_104,2048x3072,heldout,2,heuristics,0,4c8d5c71e5731ce4,"{""atomic_indexing"": [], ""block_sizes"": [1], ""indexing"": [""pointer"", ""tensor_descriptor"", ""tensor_descriptor"", ""pointer"", ""tensor_descriptor"", ""tensor_descriptor""], ""load_eviction_policies"": [""last"", ""first"", ""last"", """"], ""num_stages"": 4, ""num_warps"": 2, ""pid_type"": ""flat"", ""range_flattens"": [null], ""range_multi_buffers"": [null], ""range_num_stages"": [0], ""range_unroll_factors"": [0], ""range_warp_specializes"": [null], ""reduction_loops"": [null]}",ok,11.264000087976456,0.0838310718536377,1
softmax,SO_104,2048x3072,heldout,2,heuristics,0,04a86e122889c00f,"{""atomic_indexing"": [], ""block_sizes"": [1], ""indexing"": [""pointer"", ""tensor_descriptor"", ""pointer"", ""tensor_descriptor"", ""pointer"", ""tensor_descriptor""], ""load_eviction_policies"": ["""", """", ""last"", """"], ""num_stages"": 2, ""num_warps"": 4, ""pid_type"": ""flat"", ""range_flattens"": [null], ""range_multi_buffers"": [null], ""range_num_stages"": [0], ""range_unroll_factors"": [0], ""range_warp_specializes"": [null], ""reduction_loops"": [null]}",ok,11.264000087976456,0.07615518569946289,1
softmax,SO_104,2048x3072,heldout,2,heuristics,0,2762deffa84c958d,"{""atomic_indexing"": [], ""block_sizes"": [16], ""indexing"": [""tensor_descriptor"", ""pointer"", ""pointer"", ""pointer"", ""pointer"", ""tensor_descriptor""], ""load_eviction_policies"": ["""", ""first"", ""last"", """"], ""num_stages"": 1, ""num_warps"": 16, ""pid_type"": ""flat"", ""range_flattens"": [null], ""range_multi_buffers"": [null], ""range_num_stages"": [0], ""range_unroll_factors"": [0], ""range_warp_specializes"": [null], ""reduction_loops"": [null]}",ok,21.503999829292297,0.06455135345458984,1
softmax,SO_104,2048x3072,heldout,2,heuristics,0,2eaa47515491baec,"{""atomic_indexing"": [], ""block_sizes"": [4], ""indexing"": [""pointer"", ""tensor_descriptor"", ""tensor_descriptor"", ""tensor_descriptor"", ""pointer"", ""tensor_descriptor""], ""load_eviction_policies"": ["""", """", """", ""last""], ""num_stages"": 7, ""num_warps"": 4, ""pid_type"": ""flat"", ""range_flattens"": [null], ""range_multi_buffers"": [null], ""range_num_stages"": [0], ""range_unroll_factors"": [0], ""range_warp_specializes"": [null], ""reduction_loops"": [null]}",ok,13.311999849975109,0.04780125617980957,1
softmax,SO_104,2048x3072,heldout,2,heuristics,0,bc289a87be1dbe30,"{""atomic_indexing"": [], ""block_sizes"": [1], ""indexing"": [""pointer"", ""pointer"", ""tensor_descriptor"", ""tensor_descriptor"", ""pointer"", ""tensor_descriptor""], ""load_eviction_policies"": ["""", ""first"", ""first"", ""first""], ""num_stages"": 6, ""num_warps"": 32, ""pid_type"": ""flat"", ""range_flattens"": [null], ""range_multi_buffers"": [null], ""range_num_stages"": [0], ""range_unroll_factors"": [0], ""range_warp_specializes"": [null], ""reduction_loops"": [null]}",ok,19.45599913597107,0.044901132583618164,1
softmax,SO_104,2048x3072,heldout,2,heuristics,0,8f9244c76278f5d3,"{""atomic_indexing"": [], ""block_sizes"": [1], ""indexing"": [""pointer"", ""pointer"", ""pointer"", ""pointer"", ""pointer"", ""pointer""], ""load_eviction_policies"": ["""", """", """", """"], ""num_stages"": 1, ""num_warps"": 4, ""pid_type"": ""flat"", ""range_flattens"": [null], ""range_multi_buffers"": [null], ""range_num_stages"": [0], ""range_unroll_factors"": [0], ""range_warp_specializes"": [null], ""reduction_loops"": [null]}",ok,11.264000087976456,0.04275846481323242,0
softmax,SO_104,2048x3072,heldout,2,heuristics,0,24722f67bd32b2e3,"{""atomic_indexing"": [], ""block_sizes"": [1], ""indexing"": [""pointer"", ""pointer"", ""pointer"", ""pointer"", ""pointer"", ""pointer""], ""load_eviction_policies"": ["""", """", """", """"], ""num_stages"": 2, ""num_warps"": 8, ""pid_type"": ""flat"", ""range_flattens"": [null], ""range_multi_buffers"": [null], ""range_num_stages"": [0], ""range_unroll_factors"": [0], ""range_warp_specializes"": [null], ""reduction_loops"": [null]}",ok,13.311999849975109,0.06035923957824707,0
softmax,SO_104,2048x3072,heldout,2,heuristics,0,8a28c44bf6c234fc,"{""atomic_indexing"": [], ""block_sizes"": [4], ""indexing"": [""pointer"", ""pointer"", ""pointer"", ""pointer"", ""pointer"", ""pointer""], ""load_eviction_policies"": ["""", """", """", """"], ""num_stages"": 2, ""num_warps"": 8, ""pid_type"": ""flat"", ""range_flattens"": [null], ""range_multi_buffers"": [null], ""range_num_stages"": [0], ""range_unroll_factors"": [0], ""range_warp_specializes"": [null], ""reduction_loops"": [null]}",ok,15.39199985563755,0.04156923294067383,0
softmax,SO_104,2048x3072,heldout,2,heuristics,0,c7596c6029987e1e,"{""atomic_indexing"": [], ""block_sizes"": [8], ""indexing"": [""pointer"", ""pointer"", ""pointer"", ""pointer"", ""pointer"", ""pointer""], ""load_eviction_policies"": ["""", """", """", """"], ""num_stages"": 3, ""num_warps"": 16, ""pid_type"": ""flat"", ""range_flattens"": [null], ""range_multi_buffers"": [null], ""range_num_stages"": [0], ""range_unroll_factors"": [0], ""range_warp_specializes"": [null], ""reduction_loops"": [null]}",ok,15.39199985563755,0.35067081451416016,0
softmax,SO_104,2048x3072,heldout,2,heuristics,0,5cacb7e881775391,"{""atomic_indexing"": [], ""block_sizes"": [2], ""indexing"": [""tensor_descriptor"", ""tensor_descriptor"", ""tensor_descriptor"", ""tensor_descriptor"", ""tensor_descriptor"", ""tensor_descriptor""], ""load_eviction_policies"": ["""", """", """", """"], ""num_sm_multiplier"": 1, ""num_stages"": 2, ""num_warps"": 8, ""pid_type"": ""persistent_blocked"", ""range_flattens"": [null], ""range_multi_buffers"": [null], ""range_num_stages"": [0], ""range_unroll_factors"": [0], ""range_warp_specializes"": [null], ""reduction_loops"": [null]}",ok,19.45599913597107,0.29059338569641113,0
softmax,SO_104,2048x3072,heldout,2,heuristics,0,4ef64e38b8bf7785,"{""atomic_indexing"": [], ""block_sizes"": [16], ""indexing"": [""pointer"", ""pointer"", ""pointer"", ""pointer"", ""pointer"", ""pointer""], ""load_eviction_policies"": ["""", """", """", """"], ""num_sm_multiplier"": 1, ""num_stages"": 2, ""num_warps"": 16, ""pid_type"": ""persistent_interleaved"", ""range_flattens"": [null], ""range_multi_buffers"": [null], ""range_num_stages"": [0], ""range_unroll_factors"": [0], ""range_warp_specializes"": [null], ""reduction_loops"": [null]}",ok,17.40800030529499,0.6309967041015625,0
softmax,SO_105,3072x2048,heldout,0,heuristics,0,73ee7ebfcd167c3e,"{""atomic_indexing"": [], ""block_sizes"": [1], ""indexing"": [""pointer"", ""pointer"", ""tensor_descriptor"", ""tensor_descriptor"", ""tensor_descriptor"", ""tensor_descriptor""], ""load_eviction_policies"": [""last"", """", """", ""first""], ""num_stages"": 1, ""num_warps"": 4, ""pid_type"": ""flat"", ""range_flattens"": [null], ""range_multi_buffers"": [null], ""range_num_stages"": [0], ""range_unroll_factors"": [0], ""range_warp_specializes"": [null], ""reduction_loops"": [null]}",ok,11.296000331640244,0.09705471992492676,1
softmax,SO_105,3072x2048,heldout,0,heuristics,0,30e4835bd494529f,"{""atomic_indexing"": [], ""block_sizes"": [1], ""indexing"": [""tensor_descriptor"", ""tensor_descriptor"", ""pointer"", ""tensor_descriptor"", ""tensor_descriptor"", ""pointer""], ""load_eviction_policies"": ["""", """", """", """"], ""num_stages"": 2, ""num_warps"": 8, ""pid_type"": ""flat"", ""range_flattens"": [null], ""range_multi_buffers"": [null], ""range_num_stages"": [0], ""range_unroll_factors"": [0], ""range_warp_specializes"": [null], ""reduction_loops"": [null]}",ok,11.264000087976456,0.07865476608276367,1
softmax,SO_105,3072x2048,heldout,0,heuristics,0,4c8d5c71e5731ce4,"{""atomic_indexing"": [], ""block_sizes"": [1], ""indexing"": [""pointer"", ""tensor_descriptor"", ""tensor_descriptor"", ""pointer"", ""tensor_descriptor"", ""tensor_descriptor""], ""load_eviction_policies"": [""last"", ""first"", ""last"", """"], ""num_stages"": 4, ""num_warps"": 2, ""pid_type"": ""flat"", ""range_flattens"": [null], ""range_multi_buffers"": [null], ""range_num_stages"": [0], ""range_unroll_factors"": [0], ""range_warp_specializes"": [null], ""reduction_loops"": [null]}",ok,11.264000087976456,0.06090712547302246,1
softmax,SO_105,3072x2048,heldout,0,heuristics,0,04a86e122889c00f,"{""atomic_indexing"": [], ""block_sizes"": [1], ""indexing"": [""pointer"", ""tensor_descriptor"", ""pointer"", ""tensor_descriptor"", ""pointer"", ""tensor_descriptor""], ""load_eviction_policies"": ["""", """", ""last"", """"], ""num_stages"": 2, ""num_warps"": 4, ""pid_type"": ""flat"", ""range_flattens"": [null], ""range_multi_buffers"": [null], ""range_num_stages"": [0], ""range_unroll_factors"": [0], ""range_warp_specializes"": [null], ""reduction_loops"": [null]}",ok,11.264000087976456,0.053267478942871094,1
softmax,SO_105,3072x2048,heldout,0,heuristics,0,2762deffa84c958d,"{""atomic_indexing"": [], ""block_sizes"": [16], ""indexing"": [""tensor_descriptor"", ""pointer"", ""pointer"", ""pointer"", ""pointer"", ""tensor_descriptor""], ""load_eviction_policies"": ["""", ""first"", ""last"", """"], ""num_stages"": 1, ""num_warps"": 16, ""pid_type"": ""flat"", ""range_flattens"": [null], ""range_multi_buffers"": [null], ""range_num_stages"": [0], ""range_unroll_factors"": [0], ""range_warp_specializes"": [null], ""reduction_loops"": [null]}",ok,19.45599913597107,0.394258975982666,1
softmax,SO_105,3072x2048,heldout,0,heuristics,0,2eaa47515491baec,"{""atomic_indexing"": [], ""block_sizes"": [4], ""indexing"": [""pointer"", ""tensor_descriptor"", ""tensor_descriptor"", ""tensor_descriptor"", ""pointer"", ""tensor_descriptor""], ""load_eviction_policies"": ["""", """", """", ""last""], ""num_stages"": 7, ""num_warps"": 4, ""pid_type"": ""flat"", ""range_flattens"": [null], ""range_multi_buffers"": [null], ""range_num_stages"": [0], ""range_unroll_factors"": [0], ""range_warp_specializes"": [null], ""reduction_loops"": [null]}",ok,13.311999849975109,0.026424169540405273,1
softmax,SO_105,3072x2048,heldout,0,heuristics,0,bc289a87be1dbe30,"{""atomic_indexing"": [], ""block_sizes"": [1], ""indexing"": [""pointer"", ""pointer"", ""tensor_descriptor"", ""tensor_descriptor"", ""pointer"", ""tensor_descriptor""], ""load_eviction_policies"": ["""", ""first"", ""first"", ""first""], ""num_stages"": 6, ""num_warps"": 32, ""pid_type"": ""flat"", ""range_flattens"": [null], ""range_multi_buffers"": [null], ""range_num_stages"": [0], ""range_unroll_factors"": [0], ""range_warp_specializes"": [null], ""reduction_loops"": [null]}",ok,21.503999829292297,0.02591562271118164,1
softmax,SO_105,3072x2048,heldout,0,heuristics,0,8f9244c76278f5d3,"{""atomic_indexing"": [], ""block_sizes"": [1], ""indexing"": [""pointer"", ""pointer"", ""pointer"", ""pointer"", ""pointer"", ""pointer""], ""load_eviction_policies"": ["""", """", """", """"], ""num_stages"": 1, ""num_warps"": 4, ""pid_type"": ""flat"", ""range_flattens"": [null], ""range_multi_buffers"": [null], ""range_num_stages"": [0], ""range_unroll_factors"": [0], ""range_warp_specializes"": [null], ""reduction_loops"": [null]}",ok,11.264000087976456,0.024133920669555664,0
softmax,SO_105,3072x2048,heldout,0,heuristics,0,8a28c44bf6c234fc,"{""atomic_indexing"": [], ""block_sizes"": [4], ""indexing"": [""pointer"", ""pointer"", ""pointer"", ""pointer"", ""pointer"", ""pointer""], ""load_eviction_policies"": ["""", """", """", """"], ""num_stages"": 2, ""num_warps"": 8, ""pid_type"": ""flat"", ""range_flattens"": [null], ""range_multi_buffers"": [null], ""range_num_stages"": [0], ""range_unroll_factors"": [0], ""range_warp_specializes"": [null], ""reduction_loops"": [null]}",ok,13.344000093638897,0.052237749099731445,0
softmax,SO_105,3072x2048,heldout,0,heuristics,0,bcd7a62eac7acaf0,"{""atomic_indexing"": [], ""block_sizes"": [8], ""indexing"": [""pointer"", ""pointer"", ""pointer"", ""pointer"", ""pointer"", ""pointer""], ""load_eviction_policies"": ["""", """", """", """"], ""num_sm_multiplier"": 1, ""num_stages"": 3, ""num_warps"": 8, ""pid_type"": ""persistent_blocked"", ""range_flattens"": [null], ""range_multi_buffers"": [null], ""range_num_stages"": [0], ""range_unroll_factors"": [0], ""range_warp_specializes"": [null], ""reduction_loops"": [null]}",ok,15.359999611973763,0.035550594329833984,0
softmax,SO_105,3072x2048,heldout,0,heuristics,0,84c29473c653d444,"{""atomic_indexing"": [], ""block_sizes"": [16], ""indexing"": [""tensor_descriptor"", ""tensor_descriptor"", ""tensor_descriptor"", ""tensor_descriptor"", ""tensor_descriptor"", ""tensor_descriptor""], ""load_eviction_policies"": ["""", """", """", """"], ""num_stages"": 2, ""num_warps"": 16, ""pid_type"": ""flat"", ""range_flattens"": [null], ""range_multi_buffers"": [null], ""range_num_stages"": [0], ""range_unroll_factors"": [0], ""range_warp_specializes"": [null], ""reduction_loops"": [null]}",ok,22.5600004196167,0.024145126342773438,0
softmax,SO_105,3072x2048,heldout,0,heuristics,0,a622da10579478d0,"{""atomic_indexing"": [], ""block_sizes"": [2], ""indexing"": [""pointer"", ""pointer"", ""pointer"", ""pointer"", ""pointer"", ""pointer""], ""load_eviction_policies"": ["""", """", """", """"], ""num_sm_multiplier"": 1, ""num_stages"": 4, ""num_warps"": 8, ""pid_type"": ""persistent_interleaved"", ""range_flattens"": [null], ""range_multi_buffers"": [null], ""range_num_stages"": [0], ""range_unroll_factors"": [0], ""range_warp_specializes"": [null], ""reduction_loops"": [null]}",ok,19.45599913597107,0.03628087043762207,0
softmax,SO_105,3072x2048,heldout,1,heuristics,0,73ee7ebfcd167c3e,"{""atomic_indexing"": [], ""block_sizes"": [1], ""indexing"": [""pointer"", ""pointer"", ""tensor_descriptor"", ""tensor_descriptor"", ""tensor_descriptor"", ""tensor_descriptor""], ""load_eviction_policies"": [""last"", """", """", ""first""], ""num_stages"": 1, ""num_warps"": 4, ""pid_type"": ""flat"", ""range_flattens"": [null], ""range_multi_buffers"": [null], ""range_num_stages"": [0], ""range_unroll_factors"": [0], ""range_warp_specializes"": [null], ""reduction_loops"": [null]}",ok,11.264000087976456,0.1054222583770752,1
softmax,SO_105,3072x2048,heldout,1,heuristics,0,30e4835bd494529f,"{""atomic_indexing"": [], ""block_sizes"": [1], ""indexing"": [""tensor_descriptor"", ""tensor_descriptor"", ""pointer"", ""tensor_descriptor"", ""tensor_descriptor"", ""pointer""], ""load_eviction_policies"": ["""", """", """", """"], ""num_stages"": 2, ""num_warps"": 8, ""pid_type"": ""flat"", ""range_flattens"": [null], ""range_multi_buffers"": [null], ""range_num_stages"": [0], ""range_unroll_factors"": [0], ""range_warp_specializes"": [null], ""reduction_loops"": [null]}",ok,11.264000087976456,0.08585715293884277,1
softmax,SO_105,3072x2048,heldout,1,heuristics,0,4c8d5c71e5731ce4,"{""atomic_indexing"": [], ""block_sizes"": [1], ""indexing"": [""pointer"", ""tensor_descriptor"", ""tensor_descriptor"", ""pointer"", ""tensor_descriptor"", ""tensor_descriptor""], ""load_eviction_policies"": [""last"", ""first"", ""last"", """"], ""num_stages"": 4, ""num_warps"": 2, ""pid_type"": ""flat"", ""range_flattens"": [null], ""range_multi_buffers"": [null], ""range_num_stages"": [0], ""range_unroll_factors"": [0], ""range_warp_specializes"": [null], ""reduction_loops"": [null]}",ok,11.264000087976456,0.06795907020568848,1
softmax,SO_105,3072x2048,heldout,1,heuristics,0,04a86e122889c00f,"{""atomic_indexing"": [], ""block_sizes"": [1], ""indexing"": [""pointer"", ""tensor_descriptor"", ""pointer"", ""tensor_descriptor"", ""pointer"", ""tensor_descriptor""], ""load_eviction_policies"": ["""", """", ""last"", """"], ""num_stages"": 2, ""num_warps"": 4, ""pid_type"": ""flat"", ""range_flattens"": [null], ""range_multi_buffers"": [null], ""range_num_stages"": [0], ""range_unroll_factors"": [0], ""range_warp_specializes"": [null], ""reduction_loops"": [null]}",ok,11.264000087976456,0.059687137603759766,1
softmax,SO_105,3072x2048,heldout,1,heuristics,0,2762deffa84c958d,"{""atomic_indexing"": [], ""block_sizes"": [16], ""indexing"": [""tensor_descriptor"", ""pointer"", ""pointer"", ""pointer"", ""pointer"", ""tensor_descriptor""], ""load_eviction_policies"": ["""", ""first"", ""last"", """"], ""num_stages"": 1, ""num_warps"": 16, ""pid_type"": ""flat"", ""range_flattens"": [null], ""range_multi_buffers"": [null], ""range_num_stages"": [0], ""range_unroll_factors"": [0], ""range_warp_specializes"": [null], ""reduction_loops"": [null]}",ok,19.45599913597107,0.04947066307067871,1
softmax,SO_105,3072x2048,heldout,1,heuristics,0,2eaa47515491baec,"{""atomic_indexing"": [], ""block_sizes"": [4], ""indexing"": [""pointer"", ""tensor_descriptor"", ""tensor_descriptor"", ""tensor_descriptor"", ""pointer"", ""tensor_descriptor""], ""load_eviction_policies"": ["""", """", """", ""last""], ""num_stages"": 7, ""num_warps"": 4, ""pid_type"": ""flat"", ""range_flattens"": [null], ""range_multi_buffers"": [null], ""range_num_stages"": [0], ""range_unroll_factors"": [0], ""range_warp_specializes"": [null], ""reduction_loops"": [null]}",ok,13.311999849975109,0.04126715660095215,1
softmax,SO_105,3072x2048,heldout,1,heuristics,0,bc289a87be1dbe30,"{""atomic_indexing"": [], ""block_sizes"": [1], ""indexing"": [""pointer"", ""pointer"", ""tensor_descriptor"", ""tensor_descriptor"", ""pointer"", ""tensor_descriptor""], ""load_eviction_policies"": ["""", ""first"", ""first"", ""first""], ""num_stages"": 6, ""num_warps"": 32, ""pid_type"": ""flat"", ""range_flattens"": [null], ""range_multi_buffers"": [null], ""range_num_stages"": [0], ""range_unroll_factors"": [0], ""range_warp_specializes"": [null], ""reduction_loops"": [null]}",ok,21.503999829292297,0.03733491897583008,1
softmax,SO_105,3072x2048,heldout,1,heuristics,0,8f9244c76278f5d3,"{""atomic_indexing"": [], ""block_sizes"": [1], ""indexing"": [""pointer"", ""pointer"", ""pointer"", ""pointer"", ""pointer"", ""pointer""], ""load_eviction_policies"": ["""", """", """", """"], ""num_stages"": 1, ""num_warps"": 4, ""pid_type"": ""flat"", ""range_flattens"": [null], ""range_multi_buffers"": [null], ""range_num_stages"": [0], ""range_unroll_factors"": [0], ""range_warp_specializes"": [null], ""reduction_loops"": [null]}",ok,11.264000087976456,0.03496384620666504,0
softmax,SO_105,3072x2048,heldout,1,heuristics,0,736883104fb84b05,"{""atomic_indexing"": [], ""block_sizes"": [8], ""indexing"": [""pointer"", ""pointer"", ""pointer"", ""pointer"", ""pointer"", ""pointer""], ""load_eviction_policies"": ["""", """", """", """"], ""num_stages"": 2, ""num_warps"": 8, ""pid_type"": ""flat"", ""range_flattens"": [null], ""range_multi_buffers"": [null], ""range_num_stages"": [0], ""range_unroll_factors"": [0], ""range_warp_specializes"": [null], ""reduction_loops"": [null]}",ok,13.344000093638897,0.08006834983825684,0
softmax,SO_105,3072x2048,heldout,1,heuristics,0,02b40432328bb616,"{""atomic_indexing"": [], ""block_sizes"": [16], ""indexing"": [""pointer"", ""pointer"", ""pointer"", ""pointer"", ""pointer"", ""pointer""], ""load_eviction_policies"": ["""", """", """", """"], ""num_stages"": 3, ""num_warps"": 8, ""pid_type"": ""flat"", ""range_flattens"": [null], ""range_multi_buffers"": [null], ""range_num_stages"": [0], ""range_unroll_factors"": [0], ""range_warp_specializes"": [null], ""reduction_loops"": [null]}",ok,17.40800030529499,0.0611269474029541,0
softmax,SO_105,3072x2048,heldout,1,heuristics,0,a22a4b704ac9c927,"{""atomic_indexing"": [], ""block_sizes"": [4], ""indexing"": [""pointer"", ""pointer"", ""pointer"", ""pointer"", ""pointer"", ""pointer""], ""load_eviction_policies"": ["""", """", """", """"], ""num_sm_multiplier"": 1, ""num_stages"": 2, ""num_warps"": 4, ""pid_type"": ""persistent_blocked"", ""range_flattens"": [null], ""range_multi_buffers"": [null], ""range_num_stages"": [0], ""range_unroll_factors"": [0], ""range_warp_specializes"": [null], ""reduction_loops"": [null]}",ok,17.535999417304993,0.04304027557373047,0
softmax,SO_105,3072x2048,heldout,1,heuristics,0,db08dbbf6ad57f96,"{""atomic_indexing"": [], ""block_sizes"": [32], ""indexing"": [""tensor_descriptor"", ""tensor_descriptor"", ""tensor_descriptor"", ""tensor_descriptor"", ""tensor_descriptor"", ""tensor_descriptor""], ""load_eviction_policies"": ["""", """", """", """"], ""num_stages"": 2, ""num_warps"": 16, ""pid_type"": ""flat"", ""range_flattens"": [null], ""range_multi_buffers"": [null], ""range_num_stages"": [0], ""range_unroll_factors"": [0], ""range_warp_specializes"": [null], ""reduction_loops"": [null]}",ok,21.536000072956085,0.032297611236572266,0
softmax,SO_105,3072x2048,heldout,1,heuristics,0,97489e6e5bb2b9e8,"{""atomic_indexing"": [], ""block_sizes"": [2], ""indexing"": [""pointer"", ""pointer"", ""pointer"", ""pointer"", ""pointer"", ""pointer""], ""load_eviction_policies"": ["""", """", """", """"], ""num_stages"": 1, ""num_warps"": 4, ""pid_type"": ""flat"", ""range_flattens"": [null], ""range_multi_buffers"": [null], ""range_num_stages"": [0], ""range_unroll_factors"": [0], ""range_warp_specializes"": [null], ""reduction_loops"": [null]}",ok,11.264000087976456,0.03753066062927246,0
softmax,SO_105,3072x2048,heldout,2,heuristics,0,73ee7ebfcd167c3e,"{""atomic_indexing"": [], ""block_sizes"": [1], ""indexing"": [""pointer"", ""pointer"", ""tensor_descriptor"", ""tensor_descriptor"", ""tensor_descriptor"", ""tensor_descriptor""], ""load_eviction_policies"": [""last"", """", """", ""first""], ""num_stages"": 1, ""num_warps"": 4, ""pid_type"": ""flat"", ""range_flattens"": [null], ""range_multi_buffers"": [null], ""range_num_stages"": [0], ""range_unroll_factors"": [0], ""range_warp_specializes"": [null], ""reduction_loops"": [null]}",ok,11.264000087976456,0.14234566688537598,1
softmax,SO_105,3072x2048,heldout,2,heuristics,0,30e4835bd494529f,"{""atomic_indexing"": [], ""block_sizes"": [1], ""indexing"": [""tensor_descriptor"", ""tensor_descriptor"", ""pointer"", ""tensor_descriptor"", ""tensor_descriptor"", ""pointer""], ""load_eviction_policies"": ["""", """", """", """"], ""num_stages"": 2, ""num_warps"": 8, ""pid_type"": ""flat"", ""range_flattens"": [null], ""range_multi_buffers"": [null], ""range_num_stages"": [0], ""range_unroll_factors"": [0], ""range_warp_specializes"": [null], ""reduction_loops"": [null]}",ok,11.264000087976456,0.12276244163513184,1
softmax,SO_105,3072x2048,heldout,2,heuristics,0,4c8d5c71e5731ce4,"{""atomic_indexing"": [], ""block_sizes"": [1], ""indexing"": [""pointer"", ""tensor_descriptor"", ""tensor_descriptor"", ""pointer"", ""tensor_descriptor"", ""tensor_descriptor""], ""load_eviction_policies"": [""last"", ""first"", ""last"", """"], ""num_stages"": 4, ""num_warps"": 2, ""pid_type"": ""flat"", ""range_flattens"": [null], ""range_multi_buffers"": [null], ""range_num_stages"": [0], ""range_unroll_factors"": [0], ""range_warp_specializes"": [null], ""reduction_loops"": [null]}",ok,11.264000087976456,0.10473275184631348,1
softmax,SO_105,3072x2048,heldout,2,heuristics,0,04a86e122889c00f,"{""atomic_indexing"": [], ""block_sizes"": [1], ""indexing"": [""pointer"", ""tensor_descriptor"", ""pointer"", ""tensor_descriptor"", ""pointer"", ""tensor_descriptor""], ""load_eviction_policies"": ["""", """", ""last"", """"], ""num_stages"": 2, ""num_warps"": 4, ""pid_type"": ""flat"", ""range_flattens"": [null], ""range_multi_buffers"": [null], ""range_num_stages"": [0], ""range_unroll_factors"": [0], ""range_warp_specializes"": [null], ""reduction_loops"": [null]}",ok,11.264000087976456,0.09020400047302246,1
softmax,SO_105,3072x2048,heldout,2,heuristics,0,2762deffa84c958d,"{""atomic_indexing"": [], ""block_sizes"": [16], ""indexing"": [""tensor_descriptor"", ""pointer"", ""pointer"", ""pointer"", ""pointer"", ""tensor_descriptor""], ""load_eviction_policies"": ["""", ""first"", ""last"", """"], ""num_stages"": 1, ""num_warps"": 16, ""pid_type"": ""flat"", ""range_flattens"": [null], ""range_multi_buffers"": [null], ""range_num_stages"": [0], ""range_unroll_factors"": [0], ""range_warp_specializes"": [null], ""reduction_loops"": [null]}",ok,19.45599913597107,0.07170963287353516,1
softmax,SO_105,3072x2048,heldout,2,heuristics,0,2eaa47515491baec,"{""atomic_indexing"": [], ""block_sizes"": [4], ""indexing"": [""pointer"", ""tensor_descriptor"", ""tensor_descriptor"", ""tensor_descriptor"", ""pointer"", ""tensor_descriptor""], ""load_eviction_policies"": ["""", """", """", ""last""], ""num_stages"": 7, ""num_warps"": 4, ""pid_type"": ""flat"", ""range_flattens"": [null], ""range_multi_buffers"": [null], ""range_num_stages"": [0], ""range_unroll_factors"": [0], ""range_warp_specializes"": [null], ""reduction_loops"": [null]}",ok,11.296000331640244,0.05507206916809082,1
softmax,SO_105,3072x2048,heldout,2,heuristics,0,bc289a87be1dbe30,"{""atomic_indexing"": [], ""block_sizes"": [1], ""indexing"": [""pointer"", ""pointer"", ""tensor_descriptor"", ""tensor_descriptor"", ""pointer"", ""tensor_descriptor""], ""load_eviction_policies"": ["""", ""first"", ""first"", ""first""], ""num_stages"": 6, ""num_warps"": 32, ""pid_type"": ""flat"", ""range_flattens"": [null], ""range_multi_buffers"": [null], ""range_num_stages"": [0], ""range_unroll_factors"": [0], ""range_warp_specializes"": [null], ""reduction_loops"": [null]}",ok,21.536000072956085,0.0425107479095459,1
softmax,SO_105,3072x2048,heldout,2,heuristics,0,8f9244c76278f5d3,"{""atomic_indexing"": [], ""block_sizes"": [1], ""indexing"": [""pointer"", ""pointer"", ""pointer"", ""pointer"", ""pointer"", ""pointer""], ""load_eviction_policies"": ["""", """", """", """"], ""num_stages"": 1, ""num_warps"": 4, ""pid_type"": ""flat"", ""range_flattens"": [null], ""range_multi_buffers"": [null], ""range_num_stages"": [0], ""range_unroll_factors"": [0], ""range_warp_specializes"": [null], ""reduction_loops"": [null]}",ok,11.264000087976456,0.04651522636413574,0
softmax,SO_105,3072x2048,heldout,2,heuristics,0,736883104fb84b05,"{""atomic_indexing"": [], ""block_sizes"": [8], ""indexing"": [""pointer"", ""pointer"", ""pointer"", ""pointer"", ""pointer"", ""pointer""], ""load_eviction_policies"": ["""", """", """", """"], ""num_stages"": 2, ""num_warps"": 8, ""pid_type"": ""flat"", ""range_flattens"": [null], ""range_multi_buffers"": [null], ""range_num_stages"": [0], ""range_unroll_factors"": [0], ""range_warp_specializes"": [null], ""reduction_loops"": [null]}",ok,13.344000093638897,0.0623936653137207,0
softmax,SO_105,3072x2048,heldout,2,heuristics,0,02b40432328bb616,"{""atomic_indexing"": [], ""block_sizes"": [16], ""indexing"": [""pointer"", ""pointer"", ""pointer"", ""pointer"", ""pointer"", ""pointer""], ""load_eviction_policies"": ["""", """", """", """"], ""num_stages"": 3, ""num_warps"": 8, ""pid_type"": ""flat"", ""range_flattens"": [null], ""range_multi_buffers"": [null], ""range_num_stages"": [0], ""range_unroll_factors"": [0], ""range_warp_specializes"": [null], ""reduction_loops"": [null]}",ok,17.40800030529499,0.04374241828918457,0
softmax,SO_105,3072x2048,heldout,2,heuristics,0,a22a4b704ac9c927,"{""atomic_indexing"": [], ""block_sizes"": [4], ""indexing"": [""pointer"", ""pointer"", ""pointer"", ""pointer"", ""pointer"", ""pointer""], ""load_eviction_policies"": ["""", """", """", """"], ""num_sm_multiplier"": 1, ""num_stages"": 2, ""num_warps"": 4, ""pid_type"": ""persistent_blocked"", ""range_flattens"": [null], ""range_multi_buffers"": [null], ""range_num_stages"": [0], ""range_unroll_factors"": [0], ""range_warp_specializes"": [null], ""reduction_loops"": [null]}",ok,18.592000007629395,0.025840044021606445,0
softmax,SO_105,3072x2048,heldout,2,heuristics,0,db08dbbf6ad57f96,"{""atomic_indexing"": [], ""block_sizes"": [32], ""indexing"": [""tensor_descriptor"", ""tensor_descriptor"", ""tensor_descriptor"", ""tensor_descriptor"", ""tensor_descriptor"", ""tensor_descriptor""], ""load_eviction_policies"": ["""", """", """", """"], ""num_stages"": 2, ""num_warps"": 16, ""pid_type"": ""flat"", ""range_flattens"": [null], ""range_multi_buffers"": [null], ""range_num_stages"": [0], ""range_unroll_factors"": [0], ""range_warp_specializes"": [null], ""reduction_loops"": [null]}",ok,21.503999829292297,0.026433229446411133,0
softmax,SO_105,3072x2048,heldout,2,heuristics,0,97489e6e5bb2b9e8,"{""atomic_indexing"": [], ""block_sizes"": [2], ""indexing"": [""pointer"", ""pointer"", ""pointer"", ""pointer"", ""pointer"", ""pointer""], ""load_eviction_policies"": ["""", """", """", """"], ""num_stages"": 1, ""num_warps"": 4, ""pid_type"": ""flat"", ""range_flattens"": [null], ""range_multi_buffers"": [null], ""range_num_stages"": [0], ""range_unroll_factors"": [0], ""range_warp_specializes"": [null], ""reduction_loops"": [null]}",ok,11.264000087976456,0.02459239959716797,0
