kernel,shape_id,shape_label,split,repeat,arm,generation,config_hash,config,status,perf_ms,compile_time_s,seeded_by_heuristic
matmul,MM_001,256x256x256,train,0,heuristics,0,0d6db94cf52e02cf,"{""atomic_indexing"": [], ""block_sizes"": [16, 32, 128], ""indexing"": [""pointer"", ""pointer"", ""pointer""], ""l2_groupings"": [8], ""load_eviction_policies"": ["""", """"], ""loop_orders"": [[0, 1]], ""num_stages"": 5, ""num_warps"": 2, ""pid_type"": ""flat"", ""range_flattens"": [null, null], ""range_multi_buffers"": [null, null], ""range_num_stages"": [0, 0], ""range_unroll_factors"": [0, 0], ""range_warp_specializes"": [null, null]}",ok,7.199999876320362,0.06644463539123535,1
matmul,MM_001,256x256x256,train,0,heuristics,0,7d0aff38f0ba9fdd,"{""atomic_indexing"": [], ""block_sizes"": [16, 16, 16], ""indexing"": [""pointer"", ""pointer"", ""pointer""], ""l2_groupings"": [1], ""load_eviction_policies"": ["""", """"], ""loop_orders"": [[0, 1]], ""num_stages"": 1, ""num_warps"": 4, ""pid_type"": ""flat"", ""range_flattens"": [null, null], ""range_multi_buffers"": [null, null], ""range_num_stages"": [0, 0], ""range_unroll_factors"": [0, 0], ""range_warp_specializes"": [null, null]}",ok,15.39199985563755,0.05236506462097168,0
matmul,MM_001,256x256x256,train,0,heuristics,0,c24c44110ad9bc09,"{""atomic_indexing"": [], ""block_sizes"": [2, 32, 128], ""indexing"": [""tensor_descriptor"", ""pointer"", ""tensor_descriptor""], ""l2_groupings"": [64], ""load_eviction_policies"": [""last"", ""first""], ""loop_orders"": [[0, 1]], ""num_stages"": 3, ""num_warps"": 2, ""pid_type"": ""flat"", ""range_flattens"": [null, null], ""range_multi_buffers"": [null, null], ""range_num_stages"": [0, 0], ""range_unroll_factors"": [0, 0], ""range_warp_specializes"": [null, false]}",ok,9.247999638319016,0.1587998867034912,0
matmul,MM_001,256x256x256,train,0,heuristics,0,20184f9efd62c560,"{""atomic_indexing"": [], ""block_sizes"": [64, 32, 256], ""indexing"": [""tensor_descriptor"", ""pointer"", ""tensor_descriptor""], ""l2_groupings"": [2], ""load_eviction_policies"": [""last"", """"], ""loop_orders"": [[0, 1]], ""maxnreg"": 64, ""num_sm_multiplier"": 32, ""num_stages"": 8, ""num_warps"": 32, ""pid_type"": ""persistent_blocked"", ""range_flattens"": [true, false], ""range_multi_buffers"": [true, false], ""range_num_stages"": [0, 0], ""range_unroll_factors"": [0, 0], ""range_warp_specializes"": [true, null]}",error,inf,0.21724510192871094,0
matmul,MM_001,256x256x256,train,0,heuristics,0,6c50afab7338c228,"{""atomic_indexing"": [], ""block_sizes"": [16, 16, 16], ""indexing"": [""pointer"", ""pointer"", ""pointer""], ""l2_groupings"": [8], ""load_eviction_policies"": [""first"", ""last""], ""loop_orders"": [[0, 1]], ""num_stages"": 6, ""num_warps"": 2, ""pid_type"": ""flat"", ""range_flattens"": [null, null], ""range_multi_buffers"": [null, null], ""range_num_stages"": [0, 0], ""range_unroll_factors"": [0, 0], ""range_warp_specializes"": [null, true]}",error,inf,0.05647540092468262,0
matmul,MM_001,256x256x256,train,0,heuristics,0,331468133066d661,"{""atomic_indexing"": [], ""block_sizes"": [64, 64, 32], ""indexing"": [""pointer"", ""pointer"", ""pointer""], ""l2_groupings"": [1], ""load_eviction_policies"": ["""", """"], ""loop_orders"": [[0, 1]], ""num_stages"": 3, ""num_warps"": 4, ""pid_type"": ""flat"", ""range_flattens"": [null, null], ""range_multi_buffers"": [null, null], ""range_num_stages"": [0, 0], ""range_unroll_factors"": [0, 0], ""range_warp_specializes"": [null, null]}",ok,11.231999844312668,0.04703664779663086,0
matmul,MM_001,256x256x256,train,0,heuristics,0,4f4f9459c1f0c006,"{""atomic_indexing"": [], ""block_sizes"": [128, 128, 32], ""indexing"": [""tensor_descriptor"", ""tensor_descriptor"", ""tensor_descriptor""], ""l2_groupings"": [1], ""load_eviction_policies"": ["""", """"], ""loop_orders"": [[0, 1]], ""num_stages"": 3, ""num_warps"": 8, ""pid_type"": ""flat"", ""range_flattens"": [null, null], ""range_multi_buffers"": [null, null], ""range_num_stages"": [0, 0], ""range_unroll_factors"": [0, 0], ""range_warp_specializes"": [null, null]}",ok,13.376000337302685,0.03242778778076172,0
matmul,MM_001,256x256x256,train,0,heuristics,0,892801291dc8ea5b,"{""atomic_indexing"": [], ""block_sizes"": [64, 128, 64], ""indexing"": [""pointer"", ""pointer"", ""pointer""], ""l2_groupings"": [1], ""load_eviction_policies"": ["""", """"], ""loop_orders"": [[0, 1]], ""num_stages"": 4, ""num_warps"": 4, ""pid_type"": ""flat"", ""range_flattens"": [null, null], ""range_multi_buffers"": [null, null], ""range_num_stages"": [0, 0], ""range_unroll_factors"": [0, 0], ""range_warp_specializes"": [null, null]}",ok,9.247999638319016,0.02281975746154785,0
matmul,MM_001,256x256x256,train,0,heuristics,0,f3283367110980de,"{""atomic_indexing"": [], ""block_sizes"": [128, 64, 32], ""indexing"": [""pointer"", ""pointer"", ""pointer""], ""l2_groupings"": [4], ""load_eviction_policies"": ["""", """"], ""loop_orders"": [[0, 1]], ""num_sm_multiplier"": 1, ""num_stages"": 3, ""num_warps"": 8, ""pid_type"": ""persistent_interleaved"", ""range_flattens"": [null, null], ""range_multi_buffers"": [null, null], ""range_num_stages"": [0, 0], ""range_unroll_factors"": [0, 0], ""range_warp_specializes"": [null, null]}",ok,11.296000331640244,0.022609710693359375,0
matmul,MM_001,256x256x256,train,0,heuristics,0,c6008f6f168fe8ac,"{""atomic_indexing"": [], ""block_sizes"": [128, 128, 64], ""indexing"": [""tensor_descriptor"", ""tensor_descriptor"", ""tensor_descriptor""], ""l2_groupings"": [4], ""load_eviction_policies"": ["""", """"], ""loop_orders"": [[0, 1]], ""num_sm_multiplier"": 1, ""num_stages"": 4, ""num_warps"": 8, ""pid_type"": ""persistent_blocked"", ""range_flattens"": [null, null], ""range_multi_buffers"": [null, null], ""range_num_stages"": [0, 0], ""range_unroll_factors"": [0, 0], ""range_warp_specializes"": [null, null]}",ok,13.248000293970108,0.17159795761108398,0
matmul,MM_001,256x256x256,train,1,heuristics,0,0d6db94cf52e02cf,"{""atomic_indexing"": [], ""block_sizes"": [16, 32, 128], ""indexing"": [""pointer"", ""pointer"", ""pointer""], ""l2_groupings"": [8], ""load_eviction_policies"": ["""", """"], ""loop_orders"": [[0, 1]], ""num_stages"": 5, ""num_warps"": 2, ""pid_type"": ""flat"", ""range_flattens"": [null, null], ""range_multi_buffers"": [null, null], ""range_num_stages"": [0, 0], ""range_unroll_factors"": [0, 0], ""range_warp_specializes"": [null, null]}",ok,7.199999876320362,0.0516819953918457,1
matmul,MM_001,256x256x256,train,1,heuristics,0,7d0aff38f0ba9fdd,"{""atomic_indexing"": [], ""block_sizes"": [16, 16, 16], ""indexing"": [""pointer"", ""pointer"", ""pointer""], ""l2_groupings"": [1], ""load_eviction_policies"": ["""", """"], ""loop_orders"": [[0, 1]], ""num_stages"": 1, ""num_warps"": 4, ""pid_type"": ""flat"", ""range_flattens"": [null, null], ""range_multi_buffers"": [null, null], ""range_num_stages"": [0, 0], ""range_unroll_factors"": [0, 0], ""range_warp_specializes"": [null, null]}",ok,15.39199985563755,0.04134678840637207,0
matmul,MM_001,256x256x256,train,1,heuristics,0,c24c44110ad9bc09,"{""atomic_indexing"": [], ""block_sizes"": [2, 32, 128], ""indexing"": [""tensor_descriptor"", ""pointer"", ""tensor_descriptor""], ""l2_groupings"": [64], ""load_eviction_policies"": [""last"", ""first""], ""loop_orders"": [[0, 1]], ""num_stages"": 3, ""num_warps"": 2, ""pid_type"": ""flat"", ""range_flattens"": [null, null], ""range_multi_buffers"": [null, null], ""range_num_stages"": [0, 0], ""range_unroll_factors"": [0, 0], ""range_warp_specializes"": [null, false]}",ok,9.216000325977802,0.032251834869384766,0
matmul,MM_001,256x256x256,train,1,heuristics,0,20184f9efd62c560,"{""atomic_indexing"": [], ""block_sizes"": [64, 32, 256], ""indexing"": [""tensor_descriptor"", ""pointer"", ""tensor_descriptor""], ""l2_groupings"": [2], ""load_eviction_policies"": [""last"", """"], ""loop_orders"": [[0, 1]], ""maxnreg"": 64, ""num_sm_multiplier"": 32, ""num_stages"": 8, ""num_warps"": 32, ""pid_type"": ""persistent_blocked"", ""range_flattens"": [true, false], ""range_multi_buffers"": [true, false], ""range_num_stages"": [0, 0], ""range_unroll_factors"": [0, 0], ""range_warp_specializes"": [true, null]}",error,inf,0.024669170379638672,0
matmul,MM_001,256x256x256,train,1,heuristics,0,6c50afab7338c228,"{""atomic_indexing"": [], ""block_sizes"": [16, 16, 16], ""indexing"": [""pointer"", ""pointer"", ""pointer""], ""l2_groupings"": [8], ""load_eviction_policies"": [""first"", ""last""], ""loop_orders"": [[0, 1]], ""num_stages"": 6, ""num_warps"": 2, ""pid_type"": ""flat"", ""range_flattens"": [null, null], ""range_multi_buffers"": [null, null], ""range_num_stages"": [0, 0], ""range_unroll_factors"": [0, 0], ""range_warp_specializes"": [null, true]}",error,inf,0.05516815185546875,0
matmul,MM_001,256x256x256,train,1,heuristics,0,331468133066d661,"{""atomic_indexing"": [], ""block_sizes"": [64, 64, 32], ""indexing"": [""pointer"", ""pointer"", ""pointer""], ""l2_groupings"": [1], ""load_eviction_policies"": ["""", """"], ""loop_orders"": [[0, 1]], ""num_stages"": 3, ""num_warps"": 4, ""pid_type"": ""flat"", ""range_flattens"": [null, null], ""range_multi_buffers"": [null, null], ""range_num_stages"": [0, 0], ""range_unroll_factors"": [0, 0], ""range_warp_specializes"": [null, null]}",ok,9.279999881982803,0.04365968704223633,0
matmul,MM_001,256x256x256,train,1,heuristics,0,4f4f9459c1f0c006,"{""atomic_indexing"": [], ""block_sizes"": [128, 128, 32], ""indexing"": [""tensor_descriptor"", ""tensor_descriptor"", ""tensor_descriptor""], ""l2_groupings"": [1], ""load_eviction_policies"": ["""", """"], ""loop_orders"": [[0, 1]], ""num_stages"": 3, ""num_warps"": 8, ""pid_type"": ""flat"", ""range_flattens"": [null, null], ""range_multi_buffers"": [null, null], ""range_num_stages"": [0, 0], ""range_unroll_factors"": [0, 0], ""range_warp_specializes"": [null, null]}",ok,13.376000337302685,0.03204822540283203,0
matmul,MM_001,256x256x256,train,1,heuristics,0,14a54afa87045b9a,"{""atomic_indexing"": [], ""block_sizes"": [64, 128, 64], ""indexing"": [""pointer"", ""pointer"", ""pointer""], ""l2_groupings"": [1], ""load_eviction_policies"": ["""", """"], ""loop_orders"": [[0, 1]], ""num_sm_multiplier"": 1, ""num_stages"": 4, ""num_warps"": 4, ""pid_type"": ""persistent_interleaved"", ""range_flattens"": [null, null], ""range_multi_buffers"": [true, null], ""range_num_stages"": [0, 0], ""range_unroll_factors"": [0, 0], ""range_warp_specializes"": [null, null]}",ok,9.247999638319016,0.24749755859375,0
matmul,MM_001,256x256x256,train,1,heuristics,0,d0966d87bedd88be,"{""atomic_indexing"": [], ""block_sizes"": [128, 64, 32], ""indexing"": [""pointer"", ""pointer"", ""pointer""], ""l2_groupings"": [4], ""load_eviction_policies"": ["""", """"], ""loop_orders"": [[0, 1]], ""num_stages"": 3, ""num_warps"": 8, ""pid_type"": ""flat"", ""range_flattens"": [null, null], ""range_multi_buffers"": [null, null], ""range_num_stages"": [0, 0], ""range_unroll_factors"": [0, 0], ""range_warp_specializes"": [null, null]}",ok,11.264000087976456,0.17746782302856445,0
matmul,MM_001,256x256x256,train,1,heuristics,0,359ec2c4e0882b70,"{""atomic_indexing"": [], ""block_sizes"": [128, 128, 64], ""indexing"": [""tensor_descriptor"", ""tensor_descriptor"", ""tensor_descriptor""], ""l2_groupings"": [1], ""load_eviction_policies"": ["""", """"], ""loop_orders"": [[0, 1]], ""num_sm_multiplier"": 1, ""num_stages"": 4, ""num_warps"": 8, ""pid_type"": ""persistent_blocked"", ""range_flattens"": [null, null], ""range_multi_buffers"": [true, true], ""range_num_stages"": [0, 0], ""range_unroll_factors"": [0, 0], ""range_warp_specializes"": [null, null]}",ok,13.279999606311321,0.17054367065429688,0
matmul,MM_001,256x256x256,train,2,heuristics,0,0d6db94cf52e02cf,"{""atomic_indexing"": [], ""block_sizes"": [16, 32, 128], ""indexing"": [""pointer"", ""pointer"", ""pointer""], ""l2_groupings"": [8], ""load_eviction_policies"": ["""", """"], ""loop_orders"": [[0, 1]], ""num_stages"": 5, ""num_warps"": 2, ""pid_type"": ""flat"", ""range_flattens"": [null, null], ""range_multi_buffers"": [null, null], ""range_num_stages"": [0, 0], ""range_unroll_factors"": [0, 0], ""range_warp_specializes"": [null, null]}",ok,7.199999876320362,0.04089665412902832,1
matmul,MM_001,256x256x256,train,2,heuristics,0,7d0aff38f0ba9fdd,"{""atomic_indexing"": [], ""block_sizes"": [16, 16, 16], ""indexing"": [""pointer"", ""pointer"", ""pointer""], ""l2_groupings"": [1], ""load_eviction_policies"": ["""", """"], ""loop_orders"": [[0, 1]], ""num_stages"": 1, ""num_warps"": 4, ""pid_type"": ""flat"", ""range_flattens"": [null, null], ""range_multi_buffers"": [null, null], ""range_num_stages"": [0, 0], ""range_unroll_factors"": [0, 0], ""range_warp_specializes"": [null, null]}",ok,15.39199985563755,0.030321836471557617,0
matmul,MM_001,256x256x256,train,2,heuristics,0,c24c44110ad9bc09,"{""atomic_indexing"": [], ""block_sizes"": [2, 32, 128], ""indexing"": [""tensor_descriptor"", ""pointer"", ""tensor_descriptor""], ""l2_groupings"": [64], ""load_eviction_policies"": [""last"", ""first""], ""loop_orders"": [[0, 1]], ""num_stages"": 3, ""num_warps"": 2, ""pid_type"": ""flat"", ""range_flattens"": [null, null], ""range_multi_buffers"": [null, null], ""range_num_stages"": [0, 0], ""range_unroll_factors"": [0, 0], ""range_warp_specializes"": [null, false]}",ok,9.216000325977802,0.021265268325805664,0
matmul,MM_001,256x256x256,train,2,heuristics,0,20184f9efd62c560,"{""atomic_indexing"": [], ""block_sizes"": [64, 32, 256], ""indexing"": [""tensor_descriptor"", ""pointer"", ""tensor_descriptor""], ""l2_groupings"": [2], ""load_eviction_policies"": [""last"", """"], ""loop_orders"": [[0, 1]], ""maxnreg"": 64, ""num_sm_multiplier"": 32, ""num_stages"": 8, ""num_warps"": 32, ""pid_type"": ""persistent_blocked"", ""range_flattens"": [true, false], ""range_multi_buffers"": [true, false], ""range_num_stages"": [0, 0], ""range_unroll_factors"": [0, 0], ""range_warp_specializes"": [true, null]}",error,inf,0.020193815231323242,0
matmul,MM_001,256x256x256,train,2,heuristics,0,6c50afab7338c228,"{""atomic_indexing"": [], ""block_sizes"": [16, 16, 16], ""indexing"": [""pointer"", ""pointer"", ""pointer""], ""l2_groupings"": [8], ""load_eviction_policies"": [""first"", ""last""], ""loop_orders"": [[0, 1]], ""num_stages"": 6, ""num_warps"": 2, ""pid_type"": ""flat"", ""range_flattens"": [null, null], ""range_multi_buffers"": [null, null], ""range_num_stages"": [0, 0], ""range_unroll_factors"": [0, 0], ""range_warp_specializes"": [null, true]}",error,inf,0.042740821838378906,0
matmul,MM_001,256x256x256,train,2,heuristics,0,331468133066d661,"{""atomic_indexing"": [], ""block_sizes"": [64, 64, 32], ""indexing"": [""pointer"", ""pointer"", ""pointer""], ""l2_groupings"": [1], ""load_eviction_policies"": ["""", """"], ""loop_orders"": [[0, 1]], ""num_stages"": 3, ""num_warps"": 4, ""pid_type"": ""flat"", ""range_flattens"": [null, null], ""range_multi_buffers"": [null, null], ""range_num_stages"": [0, 0], ""range_unroll_factors"": [0, 0], ""range_warp_specializes"": [null, null]}",ok,11.19999960064888,0.04751396179199219,0
matmul,MM_001,256x256x256,train,2,heuristics,0,4f4f9459c1f0c006,"{""atomic_indexing"": [], ""block_sizes"": [128, 128, 32], ""indexing"": [""tensor_descriptor"", ""tensor_descriptor"", ""tensor_descriptor""], ""l2_groupings"": [1], ""load_eviction_policies"": ["""", """"], ""loop_orders"": [[0, 1]], ""num_stages"": 3, ""num_warps"": 8, ""pid_type"": ""flat"", ""range_flattens"": [null, null], ""range_multi_buffers"": [null, null], ""range_num_stages"": [0, 0], ""range_unroll_factors"": [0, 0], ""range_warp_specializes"": [null, null]}",ok,13.376000337302685,0.033136844635009766,0
matmul,MM_001,256x256x256,train,2,heuristics,0,105f9e4a378e01a7,"{""atomic_indexing"": [], ""block_sizes"": [64, 128, 64], ""indexing"": [""pointer"", ""pointer"", ""pointer""], ""l2_groupings"": [4], ""load_eviction_policies"": ["""", """"], ""loop_orders"": [[0, 1]], ""num_sm_multiplier"": 1, ""num_stages"": 4, ""num_warps"": 4, ""pid_type"": ""persistent_interleaved"", ""range_flattens"": [null, null], ""range_multi_buffers"": [null, null], ""range_num_stages"": [0, 0], ""range_unroll_factors"": [0, 0], ""range_warp_specializes"": [null, null]}",ok,9.216000325977802,0.02190113067626953,0
matmul,MM_001,256x256x256,train,2,heuristics,0,609f7889d56a894f,"{""atomic_indexing"": [], ""block_sizes"": [128, 64, 32], ""indexing"": [""pointer"", ""pointer"", ""pointer""], ""l2_groupings"": [1], ""load_eviction_policies"": ["""", """"], ""loop_orders"": [[0, 1]], ""num_stages"": 3, ""num_warps"": 8, ""pid_type"": ""flat"", ""range_flattens"": [null, null], ""range_multi_buffers"": [null, null], ""range_num_stages"": [0, 0], ""range_unroll_factors"": [0, 0], ""range_warp_specializes"": [null, null]}",ok,11.296000331640244,0.022884845733642578,0
matmul,MM_001,256x256x256,train,2,heuristics,0,021952382e2dfd13,"{""atomic_indexing"": [], ""block_sizes"": [128, 128, 64], ""indexing"": [""tensor_descriptor"", ""tensor_descriptor"", ""tensor_descriptor""], ""l2_groupings"": [2], ""load_eviction_policies"": ["""", """"], ""loop_orders"": [[0, 1]], ""num_sm_multiplier"": 1, ""num_stages"": 4, ""num_warps"": 8, ""pid_type"": ""persistent_blocked"", ""range_flattens"": [null, null], ""range_multi_buffers"": [null, null], ""range_num_stages"": [0, 0], ""range_unroll_factors"": [0, 0], ""range_warp_specializes"": [null, null]}",ok,13.279999606311321,0.022079944610595703,0
matmul,MM_002,512x512x512,train,0,heuristics,0,72277879f4a29fc9,"{""atomic_indexing"": [], ""block_sizes"": [32, 64, 64], ""indexing"": [""pointer"", ""pointer"", ""pointer""], ""l2_groupings"": [2], ""load_eviction_policies"": ["""", """"], ""loop_orders"": [[0, 1]], ""num_stages"": 4, ""num_warps"": 4, ""pid_type"": ""flat"", ""range_flattens"": [null, null], ""range_multi_buffers"": [null, null], ""range_num_stages"": [0, 0], ""range_unroll_factors"": [0, 0], ""range_warp_specializes"": [null, null]}",ok,9.247999638319016,0.18328118324279785,1
matmul,MM_002,512x512x512,train,0,heuristics,0,7d0aff38f0ba9fdd,"{""atomic_indexing"": [], ""block_sizes"": [16, 16, 16], ""indexing"": [""pointer"", ""pointer"", ""pointer""], ""l2_groupings"": [1], ""load_eviction_policies"": ["""", """"], ""loop_orders"": [[0, 1]], ""num_stages"": 1, ""num_warps"": 4, ""pid_type"": ""flat"", ""range_flattens"": [null, null], ""range_multi_buffers"": [null, null], ""range_num_stages"": [0, 0], ""range_unroll_factors"": [0, 0], ""range_warp_specializes"": [null, null]}",ok,27.51999907195568,0.03136777877807617,0
matmul,MM_002,512x512x512,train,0,heuristics,0,3f75f485b0b56f29,"{""atomic_indexing"": [], ""block_sizes"": [4, 64, 128], ""indexing"": [""tensor_descriptor"", ""pointer"", ""tensor_descriptor""], ""l2_groupings"": [64], ""load_eviction_policies"": [""last"", ""first""], ""loop_orders"": [[0, 1]], ""num_stages"": 3, ""num_warps"": 2, ""pid_type"": ""flat"", ""range_flattens"": [null, null], ""range_multi_buffers"": [null, null], ""range_num_stages"": [0, 0], ""range_unroll_factors"": [0, 0], ""range_warp_specializes"": [null, false]}",ok,13.344000093638897,0.19565320014953613,0
matmul,MM_002,512x512x512,train,0,heuristics,0,48647b316c07c659,"{""atomic_indexing"": [], ""block_sizes"": [64, 32, 128], ""indexing"": [""tensor_descriptor"", ""pointer"", ""tensor_descriptor""], ""l2_groupings"": [2], ""load_eviction_policies"": [""last"", """"], ""loop_orders"": [[0, 1]], ""maxnreg"": 64, ""num_sm_multiplier"": 32, ""num_stages"": 8, ""num_warps"": 32, ""pid_type"": ""persistent_blocked"", ""range_flattens"": [true, false], ""range_multi_buffers"": [true, false], ""range_num_stages"": [0, 0], ""range_unroll_factors"": [0, 0], ""range_warp_specializes"": [true, null]}",error,inf,0.17279911041259766,0
matmul,MM_002,512x512x512,train,0,heuristics,0,6c50afab7338c228,"{""atomic_indexing"": [], ""block_sizes"": [16, 16, 16], ""indexing"": [""pointer"", ""pointer"", ""pointer""], ""l2_groupings"": [8], ""load_eviction_policies"": [""first"", ""last""], ""loop_orders"": [[0, 1]], ""num_stages"": 6, ""num_warps"": 2, ""pid_type"": ""flat"", ""range_flattens"": [null, null], ""range_multi_buffers"": [null, null], ""range_num_stages"": [0, 0], ""range_unroll_factors"": [0, 0], ""range_warp_specializes"": [null, true]}",error,inf,0.056143760681152344,0
matmul,MM_002,512x512x512,train,0,heuristics,0,98d0b656c3e73c5e,"{""atomic_indexing"": [], ""block_sizes"": [128, 128, 64], ""indexing"": [""pointer"", ""pointer"", ""pointer""], ""l2_groupings"": [1], ""load_eviction_policies"": ["""", """"], ""loop_orders"": [[0, 1]], ""num_stages"": 3, ""num_warps"": 8, ""pid_type"": ""flat"", ""range_flattens"": [null, null], ""range_multi_buffers"": [null, null], ""range_num_stages"": [0, 0], ""range_unroll_factors"": [0, 0], ""range_warp_specializes"": [null, null]}",ok,11.296000331640244,0.04703474044799805,0
matmul,MM_002,512x512x512,train,0,heuristics,0,892801291dc8ea5b,"{""atomic_indexing"": [], ""block_sizes"": [64, 128, 64], ""indexing"": [""pointer"", ""pointer"", ""pointer""], ""l2_groupings"": [1], ""load_eviction_policies"": ["""", """"], ""loop_orders"": [[0, 1]], ""num_stages"": 4, ""num_warps"": 4, ""pid_type"": ""flat"", ""range_flattens"": [null, null], ""range_multi_buffers"": [null, null], ""range_num_stages"": [0, 0], ""range_unroll_factors"": [0, 0], ""range_warp_specializes"": [null, null]}",ok,11.19999960064888,0.03340435028076172,0
matmul,MM_002,512x512x512,train,0,heuristics,0,b429c9d19cd36549,"{""atomic_indexing"": [], ""block_sizes"": [128, 128, 32], ""indexing"": [""tensor_descriptor"", ""tensor_descriptor"", ""tensor_descriptor""], ""l2_groupings"": [4], ""load_eviction_policies"": ["""", """"], ""loop_orders"": [[0, 1]], ""num_sm_multiplier"": 1, ""num_stages"": 3, ""num_warps"": 8, ""pid_type"": ""persistent_blocked"", ""range_flattens"": [null, null], ""range_multi_buffers"": [null, null], ""range_num_stages"": [0, 0], ""range_unroll_factors"": [0, 0], ""range_warp_specializes"": [null, null]}",ok,19.45599913597107,0.02348041534423828,0
matmul,MM_002,512x512x512,train,0,heuristics,0,56e5b491a44babb2,"{""atomic_indexing"": [], ""block_sizes"": [128, 256, 64], ""indexing"": [""pointer"", ""pointer"", ""pointer""], ""l2_groupings"": [4], ""load_eviction_policies"": [""first"", ""last""], ""loop_orders"": [[0, 1]], ""maxnreg"": 256, ""num_sm_multiplier"": 1, ""num_stages"": 4, ""num_warps"": 8, ""pid_type"": ""persistent_interleaved"", ""range_flattens"": [null, null], ""range_multi_buffers"": [null, null], ""range_num_stages"": [0, 0], ""range_unroll_factors"": [0, 0], ""range_warp_specializes"": [null, null]}",ok,13.279999606311321,0.023239850997924805,0
matmul,MM_002,512x512x512,train,0,heuristics,0,d4d126b8b4e80dbe,"{""atomic_indexing"": [], ""block_sizes"": [64, 64, 32], ""indexing"": [""pointer"", ""pointer"", ""pointer""], ""l2_groupings"": [1], ""load_eviction_policies"": ["""", """"], ""loop_orders"": [[0, 1]], ""num_stages"": 2, ""num_warps"": 4, ""pid_type"": ""flat"", ""range_flattens"": [null, null], ""range_multi_buffers"": [null, null], ""range_num_stages"": [0, 0], ""range_unroll_factors"": [0, 0], ""range_warp_specializes"": [null, null]}",ok,19.487999379634857,0.022869110107421875,0
matmul,MM_002,512x512x512,train,1,heuristics,0,72277879f4a29fc9,"{""atomic_indexing"": [], ""block_sizes"": [32, 64, 64], ""indexing"": [""pointer"", ""pointer"", ""pointer""], ""l2_groupings"": [2], ""load_eviction_policies"": ["""", """"], ""loop_orders"": [[0, 1]], ""num_stages"": 4, ""num_warps"": 4, ""pid_type"": ""flat"", ""range_flattens"": [null, null], ""range_multi_buffers"": [null, null], ""range_num_stages"": [0, 0], ""range_unroll_factors"": [0, 0], ""range_warp_specializes"": [null, null]}",ok,9.216000325977802,0.03620314598083496,1
matmul,MM_002,512x512x512,train,1,heuristics,0,7d0aff38f0ba9fdd,"{""atomic_indexing"": [], ""block_sizes"": [16, 16, 16], ""indexing"": [""pointer"", ""pointer"", ""pointer""], ""l2_groupings"": [1], ""load_eviction_policies"": ["""", """"], ""loop_orders"": [[0, 1]], ""num_stages"": 1, ""num_warps"": 4, ""pid_type"": ""flat"", ""range_flattens"": [null, null], ""range_multi_buffers"": [null, null], ""range_num_stages"": [0, 0], ""range_unroll_factors"": [0, 0], ""range_warp_specializes"": [null, null]}",ok,27.55199931561947,0.029957056045532227,0
matmul,MM_002,512x512x512,train,1,heuristics,0,3f75f485b0b56f29,"{""atomic_indexing"": [], ""block_sizes"": [4, 64, 128], ""indexing"": [""tensor_descriptor"", ""pointer"", ""tensor_descriptor""], ""l2_groupings"": [64], ""load_eviction_policies"": [""last"", ""first""], ""loop_orders"": [[0, 1]], ""num_stages"": 3, ""num_warps"": 2, ""pid_type"": ""flat"", ""range_flattens"": [null, null], ""range_multi_buffers"": [null, null], ""range_num_stages"": [0, 0], ""range_unroll_factors"": [0, 0], ""range_warp_specializes"": [null, false]}",ok,13.344000093638897,0.022351980209350586,0
matmul,MM_002,512x512x512,train,1,heuristics,0,48647b316c07c659,"{""atomic_indexing"": [], ""block_sizes"": [64, 32, 128], ""indexing"": [""tensor_descriptor"", ""pointer"", ""tensor_descriptor""], ""l2_groupings"": [2], ""load_eviction_policies"": [""last"", """"], ""loop_orders"": [[0, 1]], ""maxnreg"": 64, ""num_sm_multiplier"": 32, ""num_stages"": 8, ""num_warps"": 32, ""pid_type"": ""persistent_blocked"", ""range_flattens"": [true, false], ""range_multi_buffers"": [true, false], ""range_num_stages"": [0, 0], ""range_unroll_factors"": [0, 0], ""range_warp_specializes"": [true, null]}",error,inf,0.020046472549438477,0
matmul,MM_002,512x512x512,train,1,heuristics,0,6c50afab7338c228,"{""atomic_indexing"": [], ""block_sizes"": [16, 16, 16], ""indexing"": [""pointer"", ""pointer"", ""pointer""], ""l2_groupings"": [8], ""load_eviction_policies"": [""first"", ""last""], ""loop_orders"": [[0, 1]], ""num_stages"": 6, ""num_warps"": 2, ""pid_type"": ""flat"", ""range_flattens"": [null, null], ""range_multi_buffers"": [null, null], ""range_num_stages"": [0, 0], ""range_unroll_factors"": [0, 0], ""range_warp_specializes"": [null, true]}",error,inf,0.045012474060058594,0
matmul,MM_002,512x512x512,train,1,heuristics,0,98d0b656c3e73c5e,"{""atomic_indexing"": [], ""block_sizes"": [128, 128, 64], ""indexing"": [""pointer"", ""pointer"", ""pointer""], ""l2_groupings"": [1], ""load_eviction_policies"": ["""", """"], ""loop_orders"": [[0, 1]], ""num_stages"": 3, ""num_warps"": 8, ""pid_type"": ""flat"", ""range_flattens"": [null, null], ""range_multi_buffers"": [null, null], ""range_num_stages"": [0, 0], ""range_unroll_factors"": [0, 0], ""range_warp_specializes"": [null, null]}",ok,11.296000331640244,0.04416537284851074,0
matmul,MM_002,512x512x512,train,1,heuristics,0,bd921237dddbe5c8,"{""atomic_indexing"": [], ""block_sizes"": [64, 128, 64], ""indexing"": [""tensor_descriptor"", ""tensor_descriptor"", ""tensor_descriptor""], ""l2_groupings"": [1], ""load_eviction_policies"": ["""", """"], ""loop_orders"": [[0, 1]], ""num_sm_multiplier"": 1, ""num_stages"": 4, ""num_warps"": 4, ""pid_type"": ""persistent_blocked"", ""range_flattens"": [null, null], ""range_multi_buffers"": [null, null], ""range_num_stages"": [0, 0], ""range_unroll_factors"": [0, 0], ""range_warp_specializes"": [null, null]}",ok,13.344000093638897,0.031334638595581055,0
matmul,MM_002,512x512x512,train,1,heuristics,0,5e600d83216d213c,"{""atomic_indexing"": [], ""block_sizes"": [128, 128, 32], ""indexing"": [""pointer"", ""pointer"", ""pointer""], ""l2_groupings"": [4], ""load_eviction_policies"": ["""", """"], ""loop_orders"": [[0, 1]], ""num_stages"": 4, ""num_warps"": 8, ""pid_type"": ""flat"", ""range_flattens"": [null, null], ""range_multi_buffers"": [null, null], ""range_num_stages"": [0, 0], ""range_unroll_factors"": [0, 0], ""range_warp_specializes"": [null, null]}",ok,13.311999849975109,0.21178102493286133,0
matmul,MM_002,512x512x512,train,1,heuristics,0,2e3029a3f6402ee6,"{""atomic_indexing"": [], ""block_sizes"": [128, 64, 64], ""indexing"": [""pointer"", ""pointer"", ""pointer""], ""l2_groupings"": [8], ""load_eviction_policies"": ["""", """"], ""loop_orders"": [[0, 1]], ""num_sm_multiplier"": 1, ""num_stages"": 3, ""num_warps"": 4, ""pid_type"": ""persistent_interleaved"", ""range_flattens"": [null, null], ""range_multi_buffers"": [null, null], ""range_num_stages"": [0, 0], ""range_unroll_factors"": [0, 0], ""range_warp_specializes"": [null, null]}",ok,11.296000331640244,0.22205853462219238,0
matmul,MM_002,512x512x512,train,1,heuristics,0,d4d126b8b4e80dbe,"{""atomic_indexing"": [], ""block_sizes"": [64, 64, 32], ""indexing"": [""pointer"", ""pointer"", ""pointer""], ""l2_groupings"": [1], ""load_eviction_policies"": ["""", """"], ""loop_orders"": [[0, 1]], ""num_stages"": 2, ""num_warps"": 4, ""pid_type"": ""flat"", ""range_flattens"": [null, null], ""range_multi_buffers"": [null, null], ""range_num_stages"": [0, 0], ""range_unroll_factors"": [0, 0], ""range_warp_specializes"": [null, null]}",ok,19.487999379634857,0.020111083984375,0
matmul,MM_002,512x512x512,train,2,heuristics,0,72277879f4a29fc9,"{""atomic_indexing"": [], ""block_sizes"": [32, 64, 64], ""indexing"": [""pointer"", ""pointer"", ""pointer""], ""l2_groupings"": [2], ""load_eviction_policies"": ["""", """"], ""loop_orders"": [[0, 1]], ""num_stages"": 4, ""num_warps"": 4, ""pid_type"": ""flat"", ""range_flattens"": [null, null], ""range_multi_buffers"": [null, null], ""range_num_stages"": [0, 0], ""range_unroll_factors"": [0, 0], ""range_warp_specializes"": [null, null]}",ok,9.216000325977802,0.03758096694946289,1
matmul,MM_002,512x512x512,train,2,heuristics,0,7d0aff38f0ba9fdd,"{""atomic_indexing"": [], ""block_sizes"": [16, 16, 16], ""indexing"": [""pointer"", ""pointer"", ""pointer""], ""l2_groupings"": [1], ""load_eviction_policies"": ["""", """"], ""loop_orders"": [[0, 1]], ""num_stages"": 1, ""num_warps"": 4, ""pid_type"": ""flat"", ""range_flattens"": [null, null], ""range_multi_buffers"": [null, null], ""range_num_stages"": [0, 0], ""range_unroll_factors"": [0, 0], ""range_warp_specializes"": [null, null]}",ok,26.87999978661537,0.030982494354248047,0
matmul,MM_002,512x512x512,train,2,heuristics,0,3f75f485b0b56f29,"{""atomic_indexing"": [], ""block_sizes"": [4, 64, 128], ""indexing"": [""tensor_descriptor"", ""pointer"", ""tensor_descriptor""], ""l2_groupings"": [64], ""load_eviction_policies"": [""last"", ""first""], ""loop_orders"": [[0, 1]], ""num_stages"": 3, ""num_warps"": 2, ""pid_type"": ""flat"", ""range_flattens"": [null, null], ""range_multi_buffers"": [null, null], ""range_num_stages"": [0, 0], ""range_unroll_factors"": [0, 0], ""range_warp_specializes"": [null, false]}",ok,13.344000093638897,0.023516416549682617,0
matmul,MM_002,512x512x512,train,2,heuristics,0,48647b316c07c659,"{""atomic_indexing"": [], ""block_sizes"": [64, 32, 128], ""indexing"": [""tensor_descriptor"", ""pointer"", ""tensor_descriptor""], ""l2_groupings"": [2], ""load_eviction_policies"": [""last"", """"], ""loop_orders"": [[0, 1]], ""maxnreg"": 64, ""num_sm_multiplier"": 32, ""num_stages"": 8, ""num_warps"": 32, ""pid_type"": ""persistent_blocked"", ""range_flattens"": [true, false], ""range_multi_buffers"": [true, false], ""range_num_stages"": [0, 0], ""range_unroll_factors"": [0, 0], ""range_warp_specializes"": [true, null]}",error,inf,0.020081281661987305,0
matmul,MM_002,512x512x512,train,2,heuristics,0,6c50afab7338c228,"{""atomic_indexing"": [], ""block_sizes"": [16, 16, 16], ""indexing"": [""pointer"", ""pointer"", ""pointer""], ""l2_groupings"": [8], ""load_eviction_policies"": [""first"", ""last""], ""loop_orders"": [[0, 1]], ""num_stages"": 6, ""num_warps"": 2, ""pid_type"": ""flat"", ""range_flattens"": [null, null], ""range_multi_buffers"": [null, null], ""range_num_stages"": [0, 0], ""range_unroll_factors"": [0, 0], ""range_warp_specializes"": [null, true]}",error,inf,0.04364752769470215,0
matmul,MM_002,512x512x512,train,2,heuristics,0,98d0b656c3e73c5e,"{""atomic_indexing"": [], ""block_sizes"": [128, 128, 64], ""indexing"": [""pointer"", ""pointer"", ""pointer""], ""l2_groupings"": [1], ""load_eviction_policies"": ["""", """"], ""loop_orders"": [[0, 1]], ""num_stages"": 3, ""num_warps"": 8, ""pid_type"": ""flat"", ""range_flattens"": [null, null], ""range_multi_buffers"": [null, null], ""range_num_stages"": [0, 0], ""range_unroll_factors"": [0, 0], ""range_warp_specializes"": [null, null]}",ok,11.296000331640244,0.045891523361206055,0
matmul,MM_002,512x512x512,train,2,heuristics,0,892801291dc8ea5b,"{""atomic_indexing"": [], ""block_sizes"": [64, 128, 64], ""indexing"": [""pointer"", ""pointer"", ""pointer""], ""l2_groupings"": [1], ""load_eviction_policies"": ["""", """"], ""loop_orders"": [[0, 1]], ""num_stages"": 4, ""num_warps"": 4, ""pid_type"": ""flat"", ""range_flattens"": [null, null], ""range_multi_buffers"": [null, null], ""range_num_stages"": [0, 0], ""range_unroll_factors"": [0, 0], ""range_warp_specializes"": [null, null]}",ok,11.231999844312668,0.033345937728881836,0
matmul,MM_002,512x512x512,train,2,heuristics,0,6b4a2fedc081c07c,"{""atomic_indexing"": [], ""block_sizes"": [128, 256, 32], ""indexing"": [""tensor_descriptor"", ""tensor_descriptor"", ""tensor_descriptor""], ""l2_groupings"": [4], ""load_eviction_policies"": ["""", """"], ""loop_orders"": [[0, 1]], ""num_sm_multiplier"": 1, ""num_stages"": 3, ""num_warps"": 8, ""pid_type"": ""persistent_interleaved"", ""range_flattens"": [null, null], ""range_multi_buffers"": [null, null], ""range_num_stages"": [0, 0], ""range_unroll_factors"": [0, 0], ""range_warp_specializes"": [null, null]}",ok,19.45599913597107,0.19615864753723145,0
matmul,MM_002,512x512x512,train,2,heuristics,0,3a8f78649c246623,"{""atomic_indexing"": [], ""block_sizes"": [64, 64, 32], ""indexing"": [""pointer"", ""pointer"", ""pointer""], ""l2_groupings"": [2], ""load_eviction_policies"": ["""", """"], ""loop_orders"": [[0, 1]], ""num_sm_multiplier"": 1, ""num_stages"": 2, ""num_warps"": 4, ""pid_type"": ""persistent_blocked"", ""range_flattens"": [null, null], ""range_multi_buffers"": [null, null], ""range_num_stages"": [0, 0], ""range_unroll_factors"": [0, 0], ""range_warp_specializes"": [null, null]}",ok,19.42400075495243,0.19349265098571777,0
matmul,MM_002,512x512x512,train,2,heuristics,0,b560006f2162e336,"{""atomic_indexing"": [], ""block_sizes"": [128, 128, 32], ""indexing"": [""pointer"", ""pointer"", ""pointer""], ""l2_groupings"": [1], ""load_eviction_policies"": [""first"", ""first""], ""loop_orders"": [[0, 1]], ""num_stages"": 4, ""num_warps"": 8, ""pid_type"": ""flat"", ""range_flattens"": [null, null], ""range_multi_buffers"": [null, null], ""range_num_stages"": [0, 0], ""range_unroll_factors"": [0, 0], ""range_warp_specializes"": [null, null]}",ok,13.344000093638897,0.1976940631866455,0
matmul,MM_003,1024x1024x1024,train,0,heuristics,0,859d21871a6e94e8,"{""atomic_indexing"": [], ""block_sizes"": [128, 64, 128], ""indexing"": [""pointer"", ""pointer"", ""pointer""], ""l2_groupings"": [64], ""load_eviction_policies"": ["""", """"], ""loop_orders"": [[0, 1]], ""num_stages"": 6, ""num_warps"": 4, ""pid_type"": ""flat"", ""range_flattens"": [null, null], ""range_multi_buffers"": [null, null], ""range_num_stages"": [0, 0], ""range_unroll_factors"": [0, 0], ""range_warp_specializes"": [null, null]}",error,inf,0.03426361083984375,1
matmul,MM_003,1024x1024x1024,train,0,heuristics,0,7d0aff38f0ba9fdd,"{""atomic_indexing"": [], ""block_sizes"": [16, 16, 16], ""indexing"": [""pointer"", ""pointer"", ""pointer""], ""l2_groupings"": [1], ""load_eviction_policies"": ["""", """"], ""loop_orders"": [[0, 1]], ""num_stages"": 1, ""num_warps"": 4, ""pid_type"": ""flat"", ""range_flattens"": [null, null], ""range_multi_buffers"": [null, null], ""range_num_stages"": [0, 0], ""range_unroll_factors"": [0, 0], ""range_warp_specializes"": [null, null]}",ok,95.16800194978714,0.027862071990966797,0
matmul,MM_003,1024x1024x1024,train,0,heuristics,0,f1496fd97365c2ea,"{""atomic_indexing"": [], ""block_sizes"": [8, 16, 16], ""epilogue_subtile"": 2, ""indexing"": [""tensor_descriptor"", ""pointer"", ""tensor_descriptor""], ""l2_groupings"": [64], ""load_eviction_policies"": [""last"", ""first""], ""loop_orders"": [[0, 1]], ""num_stages"": 3, ""num_warps"": 2, ""pid_type"": ""flat"", ""range_flattens"": [null, null], ""range_multi_buffers"": [null, null], ""range_num_stages"": [0, 0], ""range_unroll_factors"": [0, 0], ""range_warp_specializes"": [null, false]}",ok,142.36800372600555,0.12681078910827637,0
matmul,MM_003,1024x1024x1024,train,0,heuristics,0,a637a038c1fd78af,"{""atomic_indexing"": [], ""block_sizes"": [64, 8, 32], ""epilogue_subtile"": 2, ""indexing"": [""pointer"", ""tensor_descriptor"", ""tensor_descriptor""], ""l2_groupings"": [16], ""load_eviction_policies"": [""first"", ""last""], ""loop_orders"": [[0, 1]], ""maxnreg"": 64, ""num_sm_multiplier"": 8, ""num_stages"": 7, ""num_warps"": 8, ""pid_type"": ""persistent_blocked"", ""range_flattens"": [true, true], ""range_multi_buffers"": [false, true], ""range_num_stages"": [0, 0], ""range_unroll_factors"": [0, 0], ""range_warp_specializes"": [null, true]}",ok,97.31200337409973,0.2544870376586914,0
matmul,MM_003,1024x1024x1024,train,0,heuristics,0,938c3c0244396648,"{""atomic_indexing"": [], ""block_sizes"": [16, 32, 32], ""epilogue_subtile"": 2, ""indexing"": [""pointer"", ""pointer"", ""tensor_descriptor""], ""l2_groupings"": [64], ""load_eviction_policies"": ["""", """"], ""loop_orders"": [[1, 0]], ""maxnreg"": 64, ""num_sm_multiplier"": 2, ""num_stages"": 1, ""num_warps"": 1, ""pid_type"": ""persistent_blocked"", ""range_flattens"": [false, true], ""range_multi_buffers"": [null, null], ""range_num_stages"": [0, 0], ""range_unroll_factors"": [0, 0], ""range_warp_specializes"": [false, true]}",ok,71.77600264549255,0.14457130432128906,0
matmul,MM_003,1024x1024x1024,train,0,heuristics,0,98d0b656c3e73c5e,"{""atomic_indexing"": [], ""block_sizes"": [128, 128, 64], ""indexing"": [""pointer"", ""pointer"", ""pointer""], ""l2_groupings"": [1], ""load_eviction_policies"": ["""", """"], ""loop_orders"": [[0, 1]], ""num_stages"": 3, ""num_warps"": 8, ""pid_type"": ""flat"", ""range_flattens"": [null, null], ""range_multi_buffers"": [null, null], ""range_num_stages"": [0, 0], ""range_unroll_factors"": [0, 0], ""range_warp_specializes"": [null, null]}",ok,15.39199985563755,0.04388618469238281,0
matmul,MM_003,1024x1024x1024,train,0,heuristics,0,89449eddd79b80df,"{""atomic_indexing"": [], ""block_sizes"": [64, 128, 64], ""indexing"": [""tensor_descriptor"", ""tensor_descriptor"", ""tensor_descriptor""], ""l2_groupings"": [8], ""load_eviction_policies"": ["""", """"], ""loop_orders"": [[0, 1]], ""num_sm_multiplier"": 1, ""num_stages"": 4, ""num_warps"": 4, ""pid_type"": ""persistent_blocked"", ""range_flattens"": [null, null], ""range_multi_buffers"": [null, null], ""range_num_stages"": [0, 0], ""range_unroll_factors"": [0, 0], ""range_warp_specializes"": [null, null]}",ok,17.40800030529499,0.19583559036254883,0
matmul,MM_003,1024x1024x1024,train,0,heuristics,0,69500cfb152bedf5,"{""atomic_indexing"": [], ""block_sizes"": [128, 256, 64], ""indexing"": [""pointer"", ""pointer"", ""pointer""], ""l2_groupings"": [4], ""load_eviction_policies"": ["""", """"], ""loop_orders"": [[0, 1]], ""maxnreg"": 128, ""num_sm_multiplier"": 1, ""num_stages"": 3, ""num_warps"": 8, ""pid_type"": ""persistent_interleaved"", ""range_flattens"": [null, null], ""range_multi_buffers"": [true, true], ""range_num_stages"": [0, 0], ""range_unroll_factors"": [0, 0], ""range_warp_specializes"": [null, null]}",ok,17.44000054895878,0.25844240188598633,0
matmul,MM_003,1024x1024x1024,train,0,heuristics,0,6538b4109e712ea3,"{""atomic_indexing"": [], ""block_sizes"": [128, 128, 32], ""indexing"": [""pointer"", ""pointer"", ""pointer""], ""l2_groupings"": [4], ""load_eviction_policies"": [""first"", ""first""], ""loop_orders"": [[0, 1]], ""num_stages"": 4, ""num_warps"": 4, ""pid_type"": ""flat"", ""range_flattens"": [null, null], ""range_multi_buffers"": [null, null], ""range_num_stages"": [0, 0], ""range_unroll_factors"": [0, 0], ""range_warp_specializes"": [null, null]}",ok,17.40800030529499,0.2830946445465088,0
matmul,MM_003,1024x1024x1024,train,0,heuristics,0,d4d126b8b4e80dbe,"{""atomic_indexing"": [], ""block_sizes"": [64, 64, 32], ""indexing"": [""pointer"", ""pointer"", ""pointer""], ""l2_groupings"": [1], ""load_eviction_policies"": ["""", """"], ""loop_orders"": [[0, 1]], ""num_stages"": 2, ""num_warps"": 4, ""pid_type"": ""flat"", ""range_flattens"": [null, null], ""range_multi_buffers"": [null, null], ""range_num_stages"": [0, 0], ""range_unroll_factors"": [0, 0], ""range_warp_specializes"": [null, null]}",ok,31.775999814271927,0.02452564239501953,0
matmul,MM_003,1024x1024x1024,train,1,heuristics,0,859d21871a6e94e8,"{""atomic_indexing"": [], ""block_sizes"": [128, 64, 128], ""indexing"": [""pointer"", ""pointer"", ""pointer""], ""l2_groupings"": [64], ""load_eviction_policies"": ["""", """"], ""loop_orders"": [[0, 1]], ""num_stages"": 6, ""num_warps"": 4, ""pid_type"": ""flat"", ""range_flattens"": [null, null], ""range_multi_buffers"": [null, null], ""range_num_stages"": [0, 0], ""range_unroll_factors"": [0, 0], ""range_warp_specializes"": [null, null]}",error,inf,0.05211305618286133,1
matmul,MM_003,1024x1024x1024,train,1,heuristics,0,7d0aff38f0ba9fdd,"{""atomic_indexing"": [], ""block_sizes"": [16, 16, 16], ""indexing"": [""pointer"", ""pointer"", ""pointer""], ""l2_groupings"": [1], ""load_eviction_policies"": ["""", """"], ""loop_orders"": [[0, 1]], ""num_stages"": 1, ""num_warps"": 4, ""pid_type"": ""flat"", ""range_flattens"": [null, null], ""range_multi_buffers"": [null, null], ""range_num_stages"": [0, 0], ""range_unroll_factors"": [0, 0], ""range_warp_specializes"": [null, null]}",ok,93.80799904465675,0.03626298904418945,0
matmul,MM_003,1024x1024x1024,train,1,heuristics,0,f1496fd97365c2ea,"{""atomic_indexing"": [], ""block_sizes"": [8, 16, 16], ""epilogue_subtile"": 2, ""indexing"": [""tensor_descriptor"", ""pointer"", ""tensor_descriptor""], ""l2_groupings"": [64], ""load_eviction_policies"": [""last"", ""first""], ""loop_orders"": [[0, 1]], ""num_stages"": 3, ""num_warps"": 2, ""pid_type"": ""flat"", ""range_flattens"": [null, null], ""range_multi_buffers"": [null, null], ""range_num_stages"": [0, 0], ""range_unroll_factors"": [0, 0], ""range_warp_specializes"": [null, false]}",ok,142.36800372600555,0.0224301815032959,0
matmul,MM_003,1024x1024x1024,train,1,heuristics,0,a637a038c1fd78af,"{""atomic_indexing"": [], ""block_sizes"": [64, 8, 32], ""epilogue_subtile"": 2, ""indexing"": [""pointer"", ""tensor_descriptor"", ""tensor_descriptor""], ""l2_groupings"": [16], ""load_eviction_policies"": [""first"", ""last""], ""loop_orders"": [[0, 1]], ""maxnreg"": 64, ""num_sm_multiplier"": 8, ""num_stages"": 7, ""num_warps"": 8, ""pid_type"": ""persistent_blocked"", ""range_flattens"": [true, true], ""range_multi_buffers"": [false, true], ""range_num_stages"": [0, 0], ""range_unroll_factors"": [0, 0], ""range_warp_specializes"": [null, true]}",ok,97.31200337409973,0.022199392318725586,0
matmul,MM_003,1024x1024x1024,train,1,heuristics,0,938c3c0244396648,"{""atomic_indexing"": [], ""block_sizes"": [16, 32, 32], ""epilogue_subtile"": 2, ""indexing"": [""pointer"", ""pointer"", ""tensor_descriptor""], ""l2_groupings"": [64], ""load_eviction_policies"": ["""", """"], ""loop_orders"": [[1, 0]], ""maxnreg"": 64, ""num_sm_multiplier"": 2, ""num_stages"": 1, ""num_warps"": 1, ""pid_type"": ""persistent_blocked"", ""range_flattens"": [false, true], ""range_multi_buffers"": [null, null], ""range_num_stages"": [0, 0], ""range_unroll_factors"": [0, 0], ""range_warp_specializes"": [false, true]}",ok,71.74400240182877,0.0213623046875,0
matmul,MM_003,1024x1024x1024,train,1,heuristics,0,98d0b656c3e73c5e,"{""atomic_indexing"": [], ""block_sizes"": [128, 128, 64], ""indexing"": [""pointer"", ""pointer"", ""pointer""], ""l2_groupings"": [1], ""load_eviction_policies"": ["""", """"], ""loop_orders"": [[0, 1]], ""num_stages"": 3, ""num_warps"": 8, ""pid_type"": ""flat"", ""range_flattens"": [null, null], ""range_multi_buffers"": [null, null], ""range_num_stages"": [0, 0], ""range_unroll_factors"": [0, 0], ""range_warp_specializes"": [null, null]}",ok,15.39199985563755,0.04554104804992676,0
matmul,MM_003,1024x1024x1024,train,1,heuristics,0,892801291dc8ea5b,"{""atomic_indexing"": [], ""block_sizes"": [64, 128, 64], ""indexing"": [""pointer"", ""pointer"", ""pointer""], ""l2_groupings"": [1], ""load_eviction_policies"": ["""", """"], ""loop_orders"": [[0, 1]], ""num_stages"": 4, ""num_warps"": 4, ""pid_type"": ""flat"", ""range_flattens"": [null, null], ""range_multi_buffers"": [null, null], ""range_num_stages"": [0, 0], ""range_unroll_factors"": [0, 0], ""range_warp_specializes"": [null, null]}",ok,13.344000093638897,0.03165483474731445,0
matmul,MM_003,1024x1024x1024,train,1,heuristics,0,65beac1e09900d94,"{""atomic_indexing"": [], ""block_sizes"": [128, 256, 64], ""indexing"": [""tensor_descriptor"", ""tensor_descriptor"", ""tensor_descriptor""], ""l2_groupings"": [4], ""load_eviction_policies"": ["""", """"], ""loop_orders"": [[0, 1]], ""num_sm_multiplier"": 1, ""num_stages"": 3, ""num_warps"": 8, ""pid_type"": ""persistent_blocked"", ""range_flattens"": [null, null], ""range_multi_buffers"": [null, null], ""range_num_stages"": [0, 0], ""range_unroll_factors"": [0, 0], ""range_warp_specializes"": [null, null]}",ok,21.503999829292297,0.023396730422973633,0
matmul,MM_003,1024x1024x1024,train,1,heuristics,0,7c57585d82c40bad,"{""atomic_indexing"": [], ""block_sizes"": [128, 128, 32], ""indexing"": [""pointer"", ""pointer"", ""pointer""], ""l2_groupings"": [8], ""load_eviction_policies"": [""first"", ""first""], ""loop_orders"": [[0, 1]], ""num_sm_multiplier"": 1, ""num_stages"": 4, ""num_warps"": 4, ""pid_type"": ""persistent_interleaved"", ""range_flattens"": [null, null], ""range_multi_buffers"": [null, null], ""range_num_stages"": [0, 0], ""range_unroll_factors"": [0, 0], ""range_warp_specializes"": [null, null]}",ok,17.40800030529499,0.27253246307373047,0
matmul,MM_003,1024x1024x1024,train,1,heuristics,0,6c658ab83e1ea43a,"{""atomic_indexing"": [], ""block_sizes"": [256, 128, 64], ""epilogue_subtile"": 2, ""indexing"": [""pointer"", ""pointer"", ""pointer""], ""l2_groupings"": [1], ""load_eviction_policies"": ["""", """"], ""loop_orders"": [[0, 1]], ""num_stages"": 3, ""num_warps"": 8, ""pid_type"": ""flat"", ""range_flattens"": [null, null], ""range_multi_buffers"": [null, true], ""range_num_stages"": [0, 0], ""range_unroll_factors"": [0, 0], ""range_warp_specializes"": [null, null]}",ok,17.44000054895878,0.02293086051940918,0
matmul,MM_003,1024x1024x1024,train,2,heuristics,0,859d21871a6e94e8,"{""atomic_indexing"": [], ""block_sizes"": [128, 64, 128], ""indexing"": [""pointer"", ""pointer"", ""pointer""], ""l2_groupings"": [64], ""load_eviction_policies"": ["""", """"], ""loop_orders"": [[0, 1]], ""num_stages"": 6, ""num_warps"": 4, ""pid_type"": ""flat"", ""range_flattens"": [null, null], ""range_multi_buffers"": [null, null], ""range_num_stages"": [0, 0], ""range_unroll_factors"": [0, 0], ""range_warp_specializes"": [null, null]}",error,inf,0.04734206199645996,1
matmul,MM_003,1024x1024x1024,train,2,heuristics,0,7d0aff38f0ba9fdd,"{""atomic_indexing"": [], ""block_sizes"": [16, 16, 16], ""indexing"": [""pointer"", ""pointer"", ""pointer""], ""l2_groupings"": [1], ""load_eviction_policies"": ["""", """"], ""loop_orders"": [[0, 1]], ""num_stages"": 1, ""num_warps"": 4, ""pid_type"": ""flat"", ""range_flattens"": [null, null], ""range_multi_buffers"": [null, null], ""range_num_stages"": [0, 0], ""range_unroll_factors"": [0, 0], ""range_warp_specializes"": [null, null]}",ok,93.24800223112106,0.04190325736999512,0
matmul,MM_003,1024x1024x1024,train,2,heuristics,0,f1496fd97365c2ea,"{""atomic_indexing"": [], ""block_sizes"": [8, 16, 16], ""epilogue_subtile"": 2, ""indexing"": [""tensor_descriptor"", ""pointer"", ""tensor_descriptor""], ""l2_groupings"": [64], ""load_eviction_policies"": [""last"", ""first""], ""loop_orders"": [[0, 1]], ""num_stages"": 3, ""num_warps"": 2, ""pid_type"": ""flat"", ""range_flattens"": [null, null], ""range_multi_buffers"": [null, null], ""range_num_stages"": [0, 0], ""range_unroll_factors"": [0, 0], ""range_warp_specializes"": [null, false]}",ok,142.33599603176117,0.03427410125732422,0
matmul,MM_003,1024x1024x1024,train,2,heuristics,0,a637a038c1fd78af,"{""atomic_indexing"": [], ""block_sizes"": [64, 8, 32], ""epilogue_subtile"": 2, ""indexing"": [""pointer"", ""tensor_descriptor"", ""tensor_descriptor""], ""l2_groupings"": [16], ""load_eviction_policies"": [""first"", ""last""], ""loop_orders"": [[0, 1]], ""maxnreg"": 64, ""num_sm_multiplier"": 8, ""num_stages"": 7, ""num_warps"": 8, ""pid_type"": ""persistent_blocked"", ""range_flattens"": [true, true], ""range_multi_buffers"": [false, true], ""range_num_stages"": [0, 0], ""range_unroll_factors"": [0, 0], ""range_warp_specializes"": [null, true]}",ok,97.31200337409973,0.02712845802307129,0
matmul,MM_003,1024x1024x1024,train,2,heuristics,0,938c3c0244396648,"{""atomic_indexing"": [], ""block_sizes"": [16, 32, 32], ""epilogue_subtile"": 2, ""indexing"": [""pointer"", ""pointer"", ""tensor_descriptor""], ""l2_groupings"": [64], ""load_eviction_policies"": ["""", """"], ""loop_orders"": [[1, 0]], ""maxnreg"": 64, ""num_sm_multiplier"": 2, ""num_stages"": 1, ""num_warps"": 1, ""pid_type"": ""persistent_blocked"", ""range_flattens"": [false, true], ""range_multi_buffers"": [null, null], ""range_num_stages"": [0, 0], ""range_unroll_factors"": [0, 0], ""range_warp_specializes"": [false, true]}",ok,70.75200229883194,0.03257322311401367,0
matmul,MM_003,1024x1024x1024,train,2,heuristics,0,98d0b656c3e73c5e,"{""atomic_indexing"": [], ""block_sizes"": [128, 128, 64], ""indexing"": [""pointer"", ""pointer"", ""pointer""], ""l2_groupings"": [1], ""load_eviction_policies"": ["""", """"], ""loop_orders"": [[0, 1]], ""num_stages"": 3, ""num_warps"": 8, ""pid_type"": ""flat"", ""range_flattens"": [null, null], ""range_multi_buffers"": [null, null], ""range_num_stages"": [0, 0], ""range_unroll_factors"": [0, 0], ""range_warp_specializes"": [null, null]}",ok,15.359999611973763,0.05635261535644531,0
matmul,MM_003,1024x1024x1024,train,2,heuristics,0,66a7fa25aa956f4b,"{""atomic_indexing"": [], ""block_sizes"": [64, 128, 64], ""indexing"": [""pointer"", ""pointer"", ""pointer""], ""l2_groupings"": [4], ""load_eviction_policies"": ["""", """"], ""loop_orders"": [[0, 1]], ""num_stages"": 4, ""num_warps"": 4, ""pid_type"": ""flat"", ""range_flattens"": [null, null], ""range_multi_buffers"": [null, true], ""range_num_stages"": [0, 0], ""range_unroll_factors"": [0, 0], ""range_warp_specializes"": [null, null]}",ok,13.36000021547079,0.2868785858154297,0
matmul,MM_003,1024x1024x1024,train,2,heuristics,0,1bc5ba73e5b3ed1d,"{""atomic_indexing"": [], ""block_sizes"": [128, 256, 64], ""indexing"": [""tensor_descriptor"", ""tensor_descriptor"", ""tensor_descriptor""], ""l2_groupings"": [1], ""load_eviction_policies"": ["""", """"], ""loop_orders"": [[0, 1]], ""maxnreg"": 128, ""num_sm_multiplier"": 1, ""num_stages"": 4, ""num_warps"": 8, ""pid_type"": ""persistent_blocked"", ""range_flattens"": [null, null], ""range_multi_buffers"": [null, null], ""range_num_stages"": [0, 0], ""range_unroll_factors"": [0, 0], ""range_warp_specializes"": [null, null]}",error,inf,0.1995103359222412,0
matmul,MM_003,1024x1024x1024,train,2,heuristics,0,42d42ad4a3e35d37,"{""atomic_indexing"": [], ""block_sizes"": [128, 128, 32], ""indexing"": [""pointer"", ""pointer"", ""pointer""], ""l2_groupings"": [8], ""load_eviction_policies"": ["""", """"], ""loop_orders"": [[0, 1]], ""num_sm_multiplier"": 1, ""num_stages"": 3, ""num_warps"": 4, ""pid_type"": ""persistent_interleaved"", ""range_flattens"": [null, null], ""range_multi_buffers"": [null, null], ""range_num_stages"": [0, 0], ""range_unroll_factors"": [0, 0], ""range_warp_specializes"": [null, null]}",ok,21.536000072956085,0.27620744705200195,0
matmul,MM_003,1024x1024x1024,train,2,heuristics,0,7a0bbc75ab30eb70,"{""atomic_indexing"": [], ""block_sizes"": [256, 128, 32], ""epilogue_subtile"": 2, ""indexing"": [""pointer"", ""pointer"", ""pointer""], ""l2_groupings"": [1], ""load_eviction_policies"": [""first"", ""last""], ""loop_orders"": [[0, 1]], ""num_stages"": 3, ""num_warps"": 8, ""pid_type"": ""flat"", ""range_flattens"": [null, null], ""range_multi_buffers"": [null, null], ""range_num_stages"": [0, 0], ""range_unroll_factors"": [0, 0], ""range_warp_specializes"": [null, null]}",ok,23.584000766277313,0.2792520523071289,0
matmul,MM_004,1536x1536x1536,train,0,heuristics,0,0ca383537173a6a4,"{""atomic_indexing"": [], ""block_sizes"": [128, 128, 64], ""indexing"": [""pointer"", ""tensor_descriptor"", ""pointer""], ""l2_groupings"": [64], ""load_eviction_policies"": [""first"", """"], ""loop_orders"": [[0, 1]], ""num_stages"": 6, ""num_warps"": 4, ""pid_type"": ""flat"", ""range_flattens"": [null, true], ""range_multi_buffers"": [null, null], ""range_num_stages"": [0, 4], ""range_unroll_factors"": [0, 1], ""range_warp_specializes"": [null, false]}",ok,17.44000054895878,0.05888080596923828,1
matmul,MM_004,1536x1536x1536,train,0,heuristics,0,7d0aff38f0ba9fdd,"{""atomic_indexing"": [], ""block_sizes"": [16, 16, 16], ""indexing"": [""pointer"", ""pointer"", ""pointer""], ""l2_groupings"": [1], ""load_eviction_policies"": ["""", """"], ""loop_orders"": [[0, 1]], ""num_stages"": 1, ""num_warps"": 4, ""pid_type"": ""flat"", ""range_flattens"": [null, null], ""range_multi_buffers"": [null, null], ""range_num_stages"": [0, 0], ""range_unroll_factors"": [0, 0], ""range_warp_specializes"": [null, null]}",ok,269.4079875946045,0.03922390937805176,0
matmul,MM_004,1536x1536x1536,train,0,heuristics,0,f1496fd97365c2ea,"{""atomic_indexing"": [], ""block_sizes"": [8, 16, 16], ""epilogue_subtile"": 2, ""indexing"": [""tensor_descriptor"", ""pointer"", ""tensor_descriptor""], ""l2_groupings"": [64], ""load_eviction_policies"": [""last"", ""first""], ""loop_orders"": [[0, 1]], ""num_stages"": 3, ""num_warps"": 2, ""pid_type"": ""flat"", ""range_flattens"": [null, null], ""range_multi_buffers"": [null, null], ""range_num_stages"": [0, 0], ""range_unroll_factors"": [0, 0], ""range_warp_specializes"": [null, false]}",ok,432.40000307559967,0.13391923904418945,0
matmul,MM_004,1536x1536x1536,train,0,heuristics,0,7e48f14468fe9127,"{""atomic_indexing"": [], ""block_sizes"": [64, 16, 16], ""epilogue_subtile"": 2, ""indexing"": [""pointer"", ""tensor_descriptor"", ""tensor_descriptor""], ""l2_groupings"": [2], ""load_eviction_policies"": [""first"", ""last""], ""loop_orders"": [[0, 1]], ""maxnreg"": 64, ""num_sm_multiplier"": 8, ""num_stages"": 7, ""num_warps"": 8, ""pid_type"": ""persistent_blocked"", ""range_flattens"": [true, true], ""range_multi_buffers"": [false, true], ""range_num_stages"": [0, 0], ""range_unroll_factors"": [0, 0], ""range_warp_specializes"": [null, null]}",ok,205.83999902009964,0.2352457046508789,0
matmul,MM_004,1536x1536x1536,train,0,heuristics,0,7793f79ad6f3b1ee,"{""atomic_indexing"": [], ""block_sizes"": [16, 16, 128], ""epilogue_subtile"": 2, ""indexing"": [""pointer"", ""pointer"", ""tensor_descriptor""], ""l2_groupings"": [64], ""load_eviction_policies"": ["""", """"], ""loop_orders"": [[1, 0]], ""maxnreg"": 64, ""num_sm_multiplier"": 2, ""num_stages"": 1, ""num_warps"": 1, ""pid_type"": ""persistent_blocked"", ""range_flattens"": [false, true], ""range_multi_buffers"": [null, null], ""range_num_stages"": [0, 0], ""range_unroll_factors"": [0, 0], ""range_warp_specializes"": [false, true]}",ok,236.57600581645966,0.16306567192077637,0
matmul,MM_004,1536x1536x1536,train,0,heuristics,0,c959c35020e66fce,"{""atomic_indexing"": [], ""block_sizes"": [128, 128, 64], ""indexing"": [""pointer"", ""pointer"", ""pointer""], ""l2_groupings"": [1], ""load_eviction_policies"": ["""", """"], ""loop_orders"": [[0, 1]], ""num_stages"": 3, ""num_warps"": 4, ""pid_type"": ""flat"", ""range_flattens"": [null, null], ""range_multi_buffers"": [null, null], ""range_num_stages"": [0, 0], ""range_unroll_factors"": [0, 0], ""range_warp_specializes"": [null, null]}",ok,21.503999829292297,0.056609153747558594,0
matmul,MM_004,1536x1536x1536,train,0,heuristics,0,4f9e5fdaa3a11c43,"{""atomic_indexing"": [], ""block_sizes"": [128, 128, 32], ""indexing"": [""tensor_descriptor"", ""tensor_descriptor"", ""tensor_descriptor""], ""l2_groupings"": [4], ""load_eviction_policies"": ["""", """"], ""loop_orders"": [[0, 1]], ""num_sm_multiplier"": 1, ""num_stages"": 4, ""num_warps"": 8, ""pid_type"": ""persistent_blocked"", ""range_flattens"": [null, null], ""range_multi_buffers"": [null, null], ""range_num_stages"": [0, 0], ""range_unroll_factors"": [0, 0], ""range_warp_specializes"": [null, null]}",ok,25.599999353289604,0.2097318172454834,0
matmul,MM_004,1536x1536x1536,train,0,heuristics,0,5b7ca0658bcbac09,"{""atomic_indexing"": [], ""block_sizes"": [64, 128, 64], ""indexing"": [""pointer"", ""pointer"", ""pointer""], ""l2_groupings"": [1], ""load_eviction_policies"": ["""", ""last""], ""loop_orders"": [[0, 1]], ""num_stages"": 4, ""num_warps"": 4, ""pid_type"": ""flat"", ""range_flattens"": [null, null], ""range_multi_buffers"": [null, true], ""range_num_stages"": [0, 0], ""range_unroll_factors"": [0, 0], ""range_warp_specializes"": [null, null]}",ok,17.44000054895878,0.282942533493042,0
matmul,MM_004,1536x1536x1536,train,0,heuristics,0,1ef1f95903ee748e,"{""atomic_indexing"": [], ""block_sizes"": [128, 256, 64], ""epilogue_subtile"": 2, ""indexing"": [""pointer"", ""pointer"", ""pointer""], ""l2_groupings"": [8], ""load_eviction_policies"": ["""", """"], ""loop_orders"": [[0, 1]], ""num_sm_multiplier"": 1, ""num_stages"": 3, ""num_warps"": 8, ""pid_type"": ""persistent_interleaved"", ""range_flattens"": [null, null], ""range_multi_buffers"": [null, null], ""range_num_stages"": [0, 0], ""range_unroll_factors"": [0, 0], ""range_warp_specializes"": [null, null]}",ok,23.48800003528595,0.026742219924926758,0
matmul,MM_004,1536x1536x1536,train,0,heuristics,0,d4d126b8b4e80dbe,"{""atomic_indexing"": [], ""block_sizes"": [64, 64, 32], ""indexing"": [""pointer"", ""pointer"", ""pointer""], ""l2_groupings"": [1], ""load_eviction_policies"": ["""", """"], ""loop_orders"": [[0, 1]], ""num_stages"": 2, ""num_warps"": 4, ""pid_type"": ""flat"", ""range_flattens"": [null, null], ""range_multi_buffers"": [null, null], ""range_num_stages"": [0, 0], ""range_unroll_factors"": [0, 0], ""range_warp_specializes"": [null, null]}",ok,46.23999819159508,0.03564715385437012,0
matmul,MM_004,1536x1536x1536,train,1,heuristics,0,0ca383537173a6a4,"{""atomic_indexing"": [], ""block_sizes"": [128, 128, 64], ""indexing"": [""pointer"", ""tensor_descriptor"", ""pointer""], ""l2_groupings"": [64], ""load_eviction_policies"": [""first"", """"], ""loop_orders"": [[0, 1]], ""num_stages"": 6, ""num_warps"": 4, ""pid_type"": ""flat"", ""range_flattens"": [null, true], ""range_multi_buffers"": [null, null], ""range_num_stages"": [0, 4], ""range_unroll_factors"": [0, 1], ""range_warp_specializes"": [null, false]}",ok,17.44000054895878,0.07032108306884766,1
matmul,MM_004,1536x1536x1536,train,1,heuristics,0,7d0aff38f0ba9fdd,"{""atomic_indexing"": [], ""block_sizes"": [16, 16, 16], ""indexing"": [""pointer"", ""pointer"", ""pointer""], ""l2_groupings"": [1], ""load_eviction_policies"": ["""", """"], ""loop_orders"": [[0, 1]], ""num_stages"": 1, ""num_warps"": 4, ""pid_type"": ""flat"", ""range_flattens"": [null, null], ""range_multi_buffers"": [null, null], ""range_num_stages"": [0, 0], ""range_unroll_factors"": [0, 0], ""range_warp_specializes"": [null, null]}",ok,269.50401067733765,0.051486968994140625,0
matmul,MM_004,1536x1536x1536,train,1,heuristics,0,f1496fd97365c2ea,"{""atomic_indexing"": [], ""block_sizes"": [8, 16, 16], ""epilogue_subtile"": 2, ""indexing"": [""tensor_descriptor"", ""pointer"", ""tensor_descriptor""], ""l2_groupings"": [64], ""load_eviction_policies"": [""last"", ""first""], ""loop_orders"": [[0, 1]], ""num_stages"": 3, ""num_warps"": 2, ""pid_type"": ""flat"", ""range_flattens"": [null, null], ""range_multi_buffers"": [null, null], ""range_num_stages"": [0, 0], ""range_unroll_factors"": [0, 0], ""range_warp_specializes"": [null, false]}",ok,433.1200122833252,0.03429460525512695,0
matmul,MM_004,1536x1536x1536,train,1,heuristics,0,7e48f14468fe9127,"{""atomic_indexing"": [], ""block_sizes"": [64, 16, 16], ""epilogue_subtile"": 2, ""indexing"": [""pointer"", ""tensor_descriptor"", ""tensor_descriptor""], ""l2_groupings"": [2], ""load_eviction_policies"": [""first"", ""last""], ""loop_orders"": [[0, 1]], ""maxnreg"": 64, ""num_sm_multiplier"": 8, ""num_stages"": 7, ""num_warps"": 8, ""pid_type"": ""persistent_blocked"", ""range_flattens"": [true, true], ""range_multi_buffers"": [false, true], ""range_num_stages"": [0, 0], ""range_unroll_factors"": [0, 0], ""range_warp_specializes"": [null, null]}",ok,205.85599541664124,0.034932851791381836,0
matmul,MM_004,1536x1536x1536,train,1,heuristics,0,7793f79ad6f3b1ee,"{""atomic_indexing"": [], ""block_sizes"": [16, 16, 128], ""epilogue_subtile"": 2, ""indexing"": [""pointer"", ""pointer"", ""tensor_descriptor""], ""l2_groupings"": [64], ""load_eviction_policies"": ["""", """"], ""loop_orders"": [[1, 0]], ""maxnreg"": 64, ""num_sm_multiplier"": 2, ""num_stages"": 1, ""num_warps"": 1, ""pid_type"": ""persistent_blocked"", ""range_flattens"": [false, true], ""range_multi_buffers"": [null, null], ""range_num_stages"": [0, 0], ""range_unroll_factors"": [0, 0], ""range_warp_specializes"": [false, true]}",ok,236.57600581645966,0.03795742988586426,0
matmul,MM_004,1536x1536x1536,train,1,heuristics,0,98d0b656c3e73c5e,"{""atomic_indexing"": [], ""block_sizes"": [128, 128, 64], ""indexing"": [""pointer"", ""pointer"", ""pointer""], ""l2_groupings"": [1], ""load_eviction_policies"": ["""", """"], ""loop_orders"": [[0, 1]], ""num_stages"": 3, ""num_warps"": 8, ""pid_type"": ""flat"", ""range_flattens"": [null, null], ""range_multi_buffers"": [null, null], ""range_num_stages"": [0, 0], ""range_unroll_factors"": [0, 0], ""range_warp_specializes"": [null, null]}",ok,19.551999866962433,0.05531764030456543,0
matmul,MM_004,1536x1536x1536,train,1,heuristics,0,98d4f311ecb381a6,"{""atomic_indexing"": [], ""block_sizes"": [64, 128, 64], ""indexing"": [""tensor_descriptor"", ""tensor_descriptor"", ""tensor_descriptor""], ""l2_groupings"": [4], ""load_eviction_policies"": ["""", """"], ""loop_orders"": [[0, 1]], ""num_sm_multiplier"": 1, ""num_stages"": 4, ""num_warps"": 4, ""pid_type"": ""persistent_blocked"", ""range_flattens"": [null, null], ""range_multi_buffers"": [null, null], ""range_num_stages"": [0, 0], ""range_unroll_factors"": [0, 0], ""range_warp_specializes"": [null, null]}",ok,27.55199931561947,0.036344051361083984,0
matmul,MM_004,1536x1536x1536,train,1,heuristics,0,c8e0db2d19f31e6b,"{""atomic_indexing"": [], ""block_sizes"": [128, 256, 64], ""indexing"": [""pointer"", ""pointer"", ""pointer""], ""l2_groupings"": [8], ""load_eviction_policies"": [""first"", ""first""], ""loop_orders"": [[0, 1]], ""maxnreg"": 128, ""num_sm_multiplier"": 1, ""num_stages"": 3, ""num_warps"": 8, ""pid_type"": ""persistent_interleaved"", ""range_flattens"": [null, null], ""range_multi_buffers"": [true, true], ""range_num_stages"": [0, 0], ""range_unroll_factors"": [0, 0], ""range_warp_specializes"": [null, null]}",ok,23.455999791622162,0.022666454315185547,0
matmul,MM_004,1536x1536x1536,train,1,heuristics,0,0f89c4cdf751e65f,"{""atomic_indexing"": [], ""block_sizes"": [128, 128, 32], ""epilogue_subtile"": 2, ""indexing"": [""pointer"", ""pointer"", ""pointer""], ""l2_groupings"": [4], ""load_eviction_policies"": ["""", """"], ""loop_orders"": [[0, 1]], ""num_stages"": 4, ""num_warps"": 8, ""pid_type"": ""flat"", ""range_flattens"": [null, null], ""range_multi_buffers"": [null, null], ""range_num_stages"": [0, 0], ""range_unroll_factors"": [0, 0], ""range_warp_specializes"": [null, null]}",ok,21.536000072956085,0.022814035415649414,0
matmul,MM_004,1536x1536x1536,train,1,heuristics,0,d4d126b8b4e80dbe,"{""atomic_indexing"": [], ""block_sizes"": [64, 64, 32], ""indexing"": [""pointer"", ""pointer"", ""pointer""], ""l2_groupings"": [1], ""load_eviction_policies"": ["""", """"], ""loop_orders"": [[0, 1]], ""num_stages"": 2, ""num_warps"": 4, ""pid_type"": ""flat"", ""range_flattens"": [null, null], ""range_multi_buffers"": [null, null], ""range_num_stages"": [0, 0], ""range_unroll_factors"": [0, 0], ""range_warp_specializes"": [null, null]}",ok,46.1760014295578,0.03139638900756836,0
matmul,MM_004,1536x1536x1536,train,2,heuristics,0,0ca383537173a6a4,"{""atomic_indexing"": [], ""block_sizes"": [128, 128, 64], ""indexing"": [""pointer"", ""tensor_descriptor"", ""pointer""], ""l2_groupings"": [64], ""load_eviction_policies"": [""first"", """"], ""loop_orders"": [[0, 1]], ""num_stages"": 6, ""num_warps"": 4, ""pid_type"": ""flat"", ""range_flattens"": [null, true], ""range_multi_buffers"": [null, null], ""range_num_stages"": [0, 4], ""range_unroll_factors"": [0, 1], ""range_warp_specializes"": [null, false]}",ok,17.44000054895878,0.06795215606689453,1
matmul,MM_004,1536x1536x1536,train,2,heuristics,0,7d0aff38f0ba9fdd,"{""atomic_indexing"": [], ""block_sizes"": [16, 16, 16], ""indexing"": [""pointer"", ""pointer"", ""pointer""], ""l2_groupings"": [1], ""load_eviction_policies"": ["""", """"], ""loop_orders"": [[0, 1]], ""num_stages"": 1, ""num_warps"": 4, ""pid_type"": ""flat"", ""range_flattens"": [null, null], ""range_multi_buffers"": [null, null], ""range_num_stages"": [0, 0], ""range_unroll_factors"": [0, 0], ""range_warp_specializes"": [null, null]}",ok,269.3760097026825,0.04988694190979004,0
matmul,MM_004,1536x1536x1536,train,2,heuristics,0,f1496fd97365c2ea,"{""atomic_indexing"": [], ""block_sizes"": [8, 16, 16], ""epilogue_subtile"": 2, ""indexing"": [""tensor_descriptor"", ""pointer"", ""tensor_descriptor""], ""l2_groupings"": [64], ""load_eviction_policies"": [""last"", ""first""], ""loop_orders"": [[0, 1]], ""num_stages"": 3, ""num_warps"": 2, ""pid_type"": ""flat"", ""range_flattens"": [null, null], ""range_multi_buffers"": [null, null], ""range_num_stages"": [0, 0], ""range_unroll_factors"": [0, 0], ""range_warp_specializes"": [null, false]}",ok,432.3039948940277,0.033935546875,0
matmul,MM_004,1536x1536x1536,train,2,heuristics,0,7e48f14468fe9127,"{""atomic_indexing"": [], ""block_sizes"": [64, 16, 16], ""epilogue_subtile"": 2, ""indexing"": [""pointer"", ""tensor_descriptor"", ""tensor_descriptor""], ""l2_groupings"": [2], ""load_eviction_policies"": [""first"", ""last""], ""loop_orders"": [[0, 1]], ""maxnreg"": 64, ""num_sm_multiplier"": 8, ""num_stages"": 7, ""num_warps"": 8, ""pid_type"": ""persistent_blocked"", ""range_flattens"": [true, true], ""range_multi_buffers"": [false, true], ""range_num_stages"": [0, 0], ""range_unroll_factors"": [0, 0], ""range_warp_specializes"": [null, null]}",ok,205.85599541664124,0.03528308868408203,0
matmul,MM_004,1536x1536x1536,train,2,heuristics,0,7793f79ad6f3b1ee,"{""atomic_indexing"": [], ""block_sizes"": [16, 16, 128], ""epilogue_subtile"": 2, ""indexing"": [""pointer"", ""pointer"", ""tensor_descriptor""], ""l2_groupings"": [64], ""load_eviction_policies"": ["""", """"], ""loop_orders"": [[1, 0]], ""maxnreg"": 64, ""num_sm_multiplier"": 2, ""num_stages"": 1, ""num_warps"": 1, ""pid_type"": ""persistent_blocked"", ""range_flattens"": [false, true], ""range_multi_buffers"": [null, null], ""range_num_stages"": [0, 0], ""range_unroll_factors"": [0, 0], ""range_warp_specializes"": [false, true]}",ok,236.54399812221527,0.035639286041259766,0
matmul,MM_004,1536x1536x1536,train,2,heuristics,0,98d0b656c3e73c5e,"{""atomic_indexing"": [], ""block_sizes"": [128, 128, 64], ""indexing"": [""pointer"", ""pointer"", ""pointer""], ""l2_groupings"": [1], ""load_eviction_policies"": ["""", """"], ""loop_orders"": [[0, 1]], ""num_stages"": 3, ""num_warps"": 8, ""pid_type"": ""flat"", ""range_flattens"": [null, null], ""range_multi_buffers"": [null, null], ""range_num_stages"": [0, 0], ""range_unroll_factors"": [0, 0], ""range_warp_specializes"": [null, null]}",ok,21.407999098300934,0.05859732627868652,0
matmul,MM_004,1536x1536x1536,train,2,heuristics,0,98d4f311ecb381a6,"{""atomic_indexing"": [], ""block_sizes"": [64, 128, 64], ""indexing"": [""tensor_descriptor"", ""tensor_descriptor"", ""tensor_descriptor""], ""l2_groupings"": [4], ""load_eviction_policies"": ["""", """"], ""loop_orders"": [[0, 1]], ""num_sm_multiplier"": 1, ""num_stages"": 4, ""num_warps"": 4, ""pid_type"": ""persistent_blocked"", ""range_flattens"": [null, null], ""range_multi_buffers"": [null, null], ""range_num_stages"": [0, 0], ""range_unroll_factors"": [0, 0], ""range_warp_specializes"": [null, null]}",ok,27.648000046610832,0.03987574577331543,0
matmul,MM_004,1536x1536x1536,train,2,heuristics,0,af550976c27158bf,"{""atomic_indexing"": [], ""block_sizes"": [128, 256, 64], ""indexing"": [""pointer"", ""pointer"", ""pointer""], ""l2_groupings"": [8], ""load_eviction_policies"": ["""", """"], ""loop_orders"": [[0, 1]], ""maxnreg"": 128, ""num_sm_multiplier"": 1, ""num_stages"": 3, ""num_warps"": 8, ""pid_type"": ""persistent_interleaved"", ""range_flattens"": [null, null], ""range_multi_buffers"": [true, true], ""range_num_stages"": [0, 0], ""range_unroll_factors"": [0, 0], ""range_warp_specializes"": [null, null]}",ok,23.584000766277313,0.024628400802612305,0
matmul,MM_004,1536x1536x1536,train,2,heuristics,0,2e28008c679785fd,"{""atomic_indexing"": [], ""block_sizes"": [128, 128, 32], ""epilogue_subtile"": 2, ""indexing"": [""pointer"", ""pointer"", ""pointer""], ""l2_groupings"": [1], ""load_eviction_policies"": [""first"", ""first""], ""loop_orders"": [[0, 1]], ""num_stages"": 4, ""num_warps"": 8, ""pid_type"": ""flat"", ""range_flattens"": [null, null], ""range_multi_buffers"": [null, null], ""range_num_stages"": [0, 0], ""range_unroll_factors"": [0, 0], ""range_warp_specializes"": [null, null]}",ok,23.552000522613525,0.023630857467651367,0
matmul,MM_004,1536x1536x1536,train,2,heuristics,0,d4d126b8b4e80dbe,"{""atomic_indexing"": [], ""block_sizes"": [64, 64, 32], ""indexing"": [""pointer"", ""pointer"", ""pointer""], ""l2_groupings"": [1], ""load_eviction_policies"": ["""", """"], ""loop_orders"": [[0, 1]], ""num_stages"": 2, ""num_warps"": 4, ""pid_type"": ""flat"", ""range_flattens"": [null, null], ""range_multi_buffers"": [null, null], ""range_num_stages"": [0, 0], ""range_unroll_factors"": [0, 0], ""range_warp_specializes"": [null, null]}",ok,47.040000557899475,0.01893901824951172,0
matmul,MM_005,2048x2048x2048,train,0,heuristics,0,08d70c095890a348,"{""atomic_indexing"": [], ""block_sizes"": [128, 256, 64], ""epilogue_subtile"": 2, ""indexing"": [""tensor_descriptor"", ""tensor_descriptor"", ""tensor_descriptor""], ""l2_groupings"": [2], ""load_eviction_policies"": [""last"", """"], ""loop_orders"": [[0, 1]], ""num_stages"": 4, ""num_warps"": 4, ""pid_type"": ""flat"", ""range_flattens"": [null, true], ""range_multi_buffers"": [null, false], ""range_num_stages"": [0, 4], ""range_unroll_factors"": [0, 3], ""range_warp_specializes"": [null, false]}",ok,25.599999353289604,0.05693340301513672,1
matmul,MM_005,2048x2048x2048,train,0,heuristics,0,7d0aff38f0ba9fdd,"{""atomic_indexing"": [], ""block_sizes"": [16, 16, 16], ""indexing"": [""pointer"", ""pointer"", ""pointer""], ""l2_groupings"": [1], ""load_eviction_policies"": ["""", """"], ""loop_orders"": [[0, 1]], ""num_stages"": 1, ""num_warps"": 4, ""pid_type"": ""flat"", ""range_flattens"": [null, null], ""range_multi_buffers"": [null, null], ""range_num_stages"": [0, 0], ""range_unroll_factors"": [0, 0], ""range_warp_specializes"": [null, null]}",ok,603.1520068645477,0.03859066963195801,0
matmul,MM_005,2048x2048x2048,train,0,heuristics,0,dc58654d1be285d1,"{""atomic_indexing"": [], ""block_sizes"": [16, 16, 16], ""epilogue_subtile"": 2, ""indexing"": [""tensor_descriptor"", ""pointer"", ""tensor_descriptor""], ""l2_groupings"": [64], ""load_eviction_policies"": [""last"", ""first""], ""loop_orders"": [[0, 1]], ""num_stages"": 3, ""num_warps"": 2, ""pid_type"": ""flat"", ""range_flattens"": [null, null], ""range_multi_buffers"": [null, null], ""range_num_stages"": [0, 0], ""range_unroll_factors"": [0, 0], ""range_warp_specializes"": [null, false]}",ok,549.95197057724,0.1401984691619873,0
matmul,MM_005,2048x2048x2048,train,0,heuristics,0,d48af60efbf0d620,"{""atomic_indexing"": [], ""block_sizes"": [32, 16, 16], ""epilogue_subtile"": 2, ""indexing"": [""pointer"", ""tensor_descriptor"", ""tensor_descriptor""], ""l2_groupings"": [16], ""load_eviction_policies"": [""first"", ""last""], ""loop_orders"": [[0, 1]], ""maxnreg"": 64, ""num_sm_multiplier"": 8, ""num_stages"": 7, ""num_warps"": 8, ""pid_type"": ""persistent_blocked"", ""range_flattens"": [true, true], ""range_multi_buffers"": [false, true], ""range_num_stages"": [0, 0], ""range_unroll_factors"": [0, 0], ""range_warp_specializes"": [null, true]}",ok,1170.464038848877,0.2561798095703125,0
matmul,MM_005,2048x2048x2048,train,0,heuristics,0,98e731c5f00bfa0d,"{""atomic_indexing"": [], ""block_sizes"": [16, 32, 128], ""epilogue_subtile"": 2, ""indexing"": [""pointer"", ""pointer"", ""tensor_descriptor""], ""l2_groupings"": [64], ""load_eviction_policies"": ["""", """"], ""loop_orders"": [[1, 0]], ""maxnreg"": 64, ""num_sm_multiplier"": 2, ""num_stages"": 1, ""num_warps"": 1, ""pid_type"": ""persistent_blocked"", ""range_flattens"": [false, true], ""range_multi_buffers"": [null, null], ""range_num_stages"": [0, 0], ""range_unroll_factors"": [0, 0], ""range_warp_specializes"": [false, true]}",ok,317.3759877681732,0.18567585945129395,0
matmul,MM_005,2048x2048x2048,train,0,heuristics,0,090aec8abf44546c,"{""atomic_indexing"": [], ""block_sizes"": [128, 128, 64], ""indexing"": [""pointer"", ""pointer"", ""pointer""], ""l2_groupings"": [8], ""load_eviction_policies"": ["""", """"], ""loop_orders"": [[0, 1]], ""num_sm_multiplier"": 1, ""num_stages"": 3, ""num_warps"": 8, ""pid_type"": ""persistent_blocked"", ""range_flattens"": [null, null], ""range_multi_buffers"": [null, null], ""range_num_stages"": [0, 0], ""range_unroll_factors"": [0, 0], ""range_warp_specializes"": [null, null]}",ok,37.91999816894531,0.058669328689575195,0
matmul,MM_005,2048x2048x2048,train,0,heuristics,0,3d43570053353335,"{""atomic_indexing"": [], ""block_sizes"": [64, 128, 64], ""indexing"": [""tensor_descriptor"", ""tensor_descriptor"", ""tensor_descriptor""], ""l2_groupings"": [16], ""load_eviction_policies"": ["""", """"], ""loop_orders"": [[0, 1]], ""num_sm_multiplier"": 1, ""num_stages"": 4, ""num_warps"": 4, ""pid_type"": ""persistent_blocked"", ""range_flattens"": [null, null], ""range_multi_buffers"": [null, null], ""range_num_stages"": [0, 0], ""range_unroll_factors"": [0, 0], ""range_warp_specializes"": [null, null]}",ok,50.175998359918594,0.039093732833862305,0
matmul,MM_005,2048x2048x2048,train,0,heuristics,0,6fb4083c90022c5e,"{""atomic_indexing"": [], ""block_sizes"": [128, 256, 64], ""indexing"": [""pointer"", ""pointer"", ""pointer""], ""l2_groupings"": [8], ""load_eviction_policies"": ["""", """"], ""loop_orders"": [[0, 1]], ""maxnreg"": 128, ""num_sm_multiplier"": 1, ""num_stages"": 3, ""num_warps"": 8, ""pid_type"": ""persistent_blocked"", ""range_flattens"": [null, null], ""range_multi_buffers"": [true, null], ""range_num_stages"": [0, 0], ""range_unroll_factors"": [0, 0], ""range_warp_specializes"": [null, null]}",ok,27.648000046610832,0.023507356643676758,0
matmul,MM_005,2048x2048x2048,train,0,heuristics,0,d4d126b8b4e80dbe,"{""atomic_indexing"": [], ""block_sizes"": [64, 64, 32], ""indexing"": [""pointer"", ""pointer"", ""pointer""], ""l2_groupings"": [1], ""load_eviction_policies"": ["""", """"], ""loop_orders"": [[0, 1]], ""num_stages"": 2, ""num_warps"": 4, ""pid_type"": ""flat"", ""range_flattens"": [null, null], ""range_multi_buffers"": [null, null], ""range_num_stages"": [0, 0], ""range_unroll_factors"": [0, 0], ""range_warp_specializes"": [null, null]}",ok,62.39999830722809,0.03592419624328613,0
matmul,MM_005,2048x2048x2048,train,0,heuristics,0,73bc126770a0b68a,"{""atomic_indexing"": [], ""block_sizes"": [128, 128, 32], ""indexing"": [""pointer"", ""pointer"", ""pointer""], ""l2_groupings"": [32], ""load_eviction_policies"": [""first"", ""last""], ""loop_orders"": [[0, 1]], ""num_sm_multiplier"": 1, ""num_stages"": 4, ""num_warps"": 8, ""pid_type"": ""persistent_interleaved"", ""range_flattens"": [null, null], ""range_multi_buffers"": [null, null], ""range_num_stages"": [0, 0], ""range_unroll_factors"": [0, 0], ""range_warp_specializes"": [null, null]}",ok,48.16000163555145,0.23798727989196777,0
matmul,MM_005,2048x2048x2048,train,1,heuristics,0,08d70c095890a348,"{""atomic_indexing"": [], ""block_sizes"": [128, 256, 64], ""epilogue_subtile"": 2, ""indexing"": [""tensor_descriptor"", ""tensor_descriptor"", ""tensor_descriptor""], ""l2_groupings"": [2], ""load_eviction_policies"": [""last"", """"], ""loop_orders"": [[0, 1]], ""num_stages"": 4, ""num_warps"": 4, ""pid_type"": ""flat"", ""range_flattens"": [null, true], ""range_multi_buffers"": [null, false], ""range_num_stages"": [0, 4], ""range_unroll_factors"": [0, 3], ""range_warp_specializes"": [null, false]}",ok,25.631999596953392,0.07468318939208984,1
matmul,MM_005,2048x2048x2048,train,1,heuristics,0,7d0aff38f0ba9fdd,"{""atomic_indexing"": [], ""block_sizes"": [16, 16, 16], ""indexing"": [""pointer"", ""pointer"", ""pointer""], ""l2_groupings"": [1], ""load_eviction_policies"": ["""", """"], ""loop_orders"": [[0, 1]], ""num_stages"": 1, ""num_warps"": 4, ""pid_type"": ""flat"", ""range_flattens"": [null, null], ""range_multi_buffers"": [null, null], ""range_num_stages"": [0, 0], ""range_unroll_factors"": [0, 0], ""range_warp_specializes"": [null, null]}",ok,603.0719876289368,0.05526471138000488,0
matmul,MM_005,2048x2048x2048,train,1,heuristics,0,dc58654d1be285d1,"{""atomic_indexing"": [], ""block_sizes"": [16, 16, 16], ""epilogue_subtile"": 2, ""indexing"": [""tensor_descriptor"", ""pointer"", ""tensor_descriptor""], ""l2_groupings"": [64], ""load_eviction_policies"": [""last"", ""first""], ""loop_orders"": [[0, 1]], ""num_stages"": 3, ""num_warps"": 2, ""pid_type"": ""flat"", ""range_flattens"": [null, null], ""range_multi_buffers"": [null, null], ""range_num_stages"": [0, 0], ""range_unroll_factors"": [0, 0], ""range_warp_specializes"": [null, false]}",ok,549.9200224876404,0.03659772872924805,0
matmul,MM_005,2048x2048x2048,train,1,heuristics,0,d48af60efbf0d620,"{""atomic_indexing"": [], ""block_sizes"": [32, 16, 16], ""epilogue_subtile"": 2, ""indexing"": [""pointer"", ""tensor_descriptor"", ""tensor_descriptor""], ""l2_groupings"": [16], ""load_eviction_policies"": [""first"", ""last""], ""loop_orders"": [[0, 1]], ""maxnreg"": 64, ""num_sm_multiplier"": 8, ""num_stages"": 7, ""num_warps"": 8, ""pid_type"": ""persistent_blocked"", ""range_flattens"": [true, true], ""range_multi_buffers"": [false, true], ""range_num_stages"": [0, 0], ""range_unroll_factors"": [0, 0], ""range_warp_specializes"": [null, true]}",ok,1169.3120002746582,0.03344368934631348,0
matmul,MM_005,2048x2048x2048,train,1,heuristics,0,98e731c5f00bfa0d,"{""atomic_indexing"": [], ""block_sizes"": [16, 32, 128], ""epilogue_subtile"": 2, ""indexing"": [""pointer"", ""pointer"", ""tensor_descriptor""], ""l2_groupings"": [64], ""load_eviction_policies"": ["""", """"], ""loop_orders"": [[1, 0]], ""maxnreg"": 64, ""num_sm_multiplier"": 2, ""num_stages"": 1, ""num_warps"": 1, ""pid_type"": ""persistent_blocked"", ""range_flattens"": [false, true], ""range_multi_buffers"": [null, null], ""range_num_stages"": [0, 0], ""range_unroll_factors"": [0, 0], ""range_warp_specializes"": [false, true]}",ok,317.4720108509064,0.037901878356933594,0
matmul,MM_005,2048x2048x2048,train,1,heuristics,0,090aec8abf44546c,"{""atomic_indexing"": [], ""block_sizes"": [128, 128, 64], ""indexing"": [""pointer"", ""pointer"", ""pointer""], ""l2_groupings"": [8], ""load_eviction_policies"": ["""", """"], ""loop_orders"": [[0, 1]], ""num_sm_multiplier"": 1, ""num_stages"": 3, ""num_warps"": 8, ""pid_type"": ""persistent_blocked"", ""range_flattens"": [null, null], ""range_multi_buffers"": [null, null], ""range_num_stages"": [0, 0], ""range_unroll_factors"": [0, 0], ""range_warp_specializes"": [null, null]}",ok,37.91999816894531,0.059279680252075195,0
matmul,MM_005,2048x2048x2048,train,1,heuristics,0,f52e58ac48dd85e2,"{""atomic_indexing"": [], ""block_sizes"": [128, 256, 64], ""indexing"": [""tensor_descriptor"", ""tensor_descriptor"", ""tensor_descriptor""], ""l2_groupings"": [16], ""load_eviction_policies"": ["""", """"], ""loop_orders"": [[0, 1]], ""maxnreg"": 128, ""num_sm_multiplier"": 1, ""num_stages"": 4, ""num_warps"": 8, ""pid_type"": ""persistent_blocked"", ""range_flattens"": [null, null], ""range_multi_buffers"": [true, null], ""range_num_stages"": [0, 0], ""range_unroll_factors"": [0, 0], ""range_warp_specializes"": [null, null]}",error,inf,0.23721075057983398,0
matmul,MM_005,2048x2048x2048,train,1,heuristics,0,11bced38861af1d5,"{""atomic_indexing"": [], ""block_sizes"": [64, 128, 64], ""indexing"": [""pointer"", ""pointer"", ""pointer""], ""l2_groupings"": [8], ""load_eviction_policies"": ["""", """"], ""loop_orders"": [[0, 1]], ""num_sm_multiplier"": 1, ""num_stages"": 3, ""num_warps"": 4, ""pid_type"": ""persistent_interleaved"", ""range_flattens"": [null, null], ""range_multi_buffers"": [null, null], ""range_num_stages"": [0, 0], ""range_unroll_factors"": [0, 0], ""range_warp_specializes"": [null, null]}",ok,52.22399905323982,0.02604842185974121,0
matmul,MM_005,2048x2048x2048,train,1,heuristics,0,5f5b5ac0cf621145,"{""atomic_indexing"": [], ""block_sizes"": [128, 128, 32], ""indexing"": [""pointer"", ""pointer"", ""pointer""], ""l2_groupings"": [4], ""load_eviction_policies"": ["""", """"], ""loop_orders"": [[0, 1]], ""num_stages"": 2, ""num_warps"": 8, ""pid_type"": ""flat"", ""range_flattens"": [null, null], ""range_multi_buffers"": [null, null], ""range_num_stages"": [0, 0], ""range_unroll_factors"": [0, 0], ""range_warp_specializes"": [null, null]}",ok,62.39999830722809,0.036208391189575195,0
matmul,MM_005,2048x2048x2048,train,1,heuristics,0,703c5f230a7a9f58,"{""atomic_indexing"": [], ""block_sizes"": [256, 128, 64], ""epilogue_subtile"": 2, ""indexing"": [""tensor_descriptor"", ""tensor_descriptor"", ""tensor_descriptor""], ""l2_groupings"": [32], ""load_eviction_policies"": ["""", """"], ""loop_orders"": [[0, 1]], ""maxnreg"": 256, ""num_sm_multiplier"": 1, ""num_stages"": 4, ""num_warps"": 8, ""pid_type"": ""persistent_blocked"", ""range_flattens"": [null, null], ""range_multi_buffers"": [null, null], ""range_num_stages"": [0, 0], ""range_unroll_factors"": [0, 0], ""range_warp_specializes"": [null, null]}",ok,27.68000029027462,0.251462459564209,0
matmul,MM_005,2048x2048x2048,train,2,heuristics,0,08d70c095890a348,"{""atomic_indexing"": [], ""block_sizes"": [128, 256, 64], ""epilogue_subtile"": 2, ""indexing"": [""tensor_descriptor"", ""tensor_descriptor"", ""tensor_descriptor""], ""l2_groupings"": [2], ""load_eviction_policies"": [""last"", """"], ""loop_orders"": [[0, 1]], ""num_stages"": 4, ""num_warps"": 4, ""pid_type"": ""flat"", ""range_flattens"": [null, true], ""range_multi_buffers"": [null, false], ""range_num_stages"": [0, 4], ""range_unroll_factors"": [0, 3], ""range_warp_specializes"": [null, false]}",ok,25.599999353289604,0.09112000465393066,1
matmul,MM_005,2048x2048x2048,train,2,heuristics,0,7d0aff38f0ba9fdd,"{""atomic_indexing"": [], ""block_sizes"": [16, 16, 16], ""indexing"": [""pointer"", ""pointer"", ""pointer""], ""l2_groupings"": [1], ""load_eviction_policies"": ["""", """"], ""loop_orders"": [[0, 1]], ""num_stages"": 1, ""num_warps"": 4, ""pid_type"": ""flat"", ""range_flattens"": [null, null], ""range_multi_buffers"": [null, null], ""range_num_stages"": [0, 0], ""range_unroll_factors"": [0, 0], ""range_warp_specializes"": [null, null]}",ok,602.6400029659271,0.07233381271362305,0
matmul,MM_005,2048x2048x2048,train,2,heuristics,0,dc58654d1be285d1,"{""atomic_indexing"": [], ""block_sizes"": [16, 16, 16], ""epilogue_subtile"": 2, ""indexing"": [""tensor_descriptor"", ""pointer"", ""tensor_descriptor""], ""l2_groupings"": [64], ""load_eviction_policies"": [""last"", ""first""], ""loop_orders"": [[0, 1]], ""num_stages"": 3, ""num_warps"": 2, ""pid_type"": ""flat"", ""range_flattens"": [null, null], ""range_multi_buffers"": [null, null], ""range_num_stages"": [0, 0], ""range_unroll_factors"": [0, 0], ""range_warp_specializes"": [null, false]}",ok,549.95197057724,0.053263187408447266,0
matmul,MM_005,2048x2048x2048,train,2,heuristics,0,d48af60efbf0d620,"{""atomic_indexing"": [], ""block_sizes"": [32, 16, 16], ""epilogue_subtile"": 2, ""indexing"": [""pointer"", ""tensor_descriptor"", ""tensor_descriptor""], ""l2_groupings"": [16], ""load_eviction_policies"": [""first"", ""last""], ""loop_orders"": [[0, 1]], ""maxnreg"": 64, ""num_sm_multiplier"": 8, ""num_stages"": 7, ""num_warps"": 8, ""pid_type"": ""persistent_blocked"", ""range_flattens"": [true, true], ""range_multi_buffers"": [false, true], ""range_num_stages"": [0, 0], ""range_unroll_factors"": [0, 0], ""range_warp_specializes"": [null, true]}",ok,1169.4400310516357,0.03832435607910156,0
matmul,MM_005,2048x2048x2048,train,2,heuristics,0,98e731c5f00bfa0d,"{""atomic_indexing"": [], ""block_sizes"": [16, 32, 128], ""epilogue_subtile"": 2, ""indexing"": [""pointer"", ""pointer"", ""tensor_descriptor""], ""l2_groupings"": [64], ""load_eviction_policies"": ["""", """"], ""loop_orders"": [[1, 0]], ""maxnreg"": 64, ""num_sm_multiplier"": 2, ""num_stages"": 1, ""num_warps"": 1, ""pid_type"": ""persistent_blocked"", ""range_flattens"": [false, true], ""range_multi_buffers"": [null, null], ""range_num_stages"": [0, 0], ""range_unroll_factors"": [0, 0], ""range_warp_specializes"": [false, true]}",ok,316.51198863983154,0.044090986251831055,0
matmul,MM_005,2048x2048x2048,train,2,heuristics,0,090aec8abf44546c,"{""atomic_indexing"": [], ""block_sizes"": [128, 128, 64], ""indexing"": [""pointer"", ""pointer"", ""pointer""], ""l2_groupings"": [8], ""load_eviction_policies"": ["""", """"], ""loop_orders"": [[0, 1]], ""num_sm_multiplier"": 1, ""num_stages"": 3, ""num_warps"": 8, ""pid_type"": ""persistent_blocked"", ""range_flattens"": [null, null], ""range_multi_buffers"": [null, null], ""range_num_stages"": [0, 0], ""range_unroll_factors"": [0, 0], ""range_warp_specializes"": [null, null]}",ok,37.91999816894531,0.059740543365478516,0
matmul,MM_005,2048x2048x2048,train,2,heuristics,0,f52e58ac48dd85e2,"{""atomic_indexing"": [], ""block_sizes"": [128, 256, 64], ""indexing"": [""tensor_descriptor"", ""tensor_descriptor"", ""tensor_descriptor""], ""l2_groupings"": [16], ""load_eviction_policies"": ["""", """"], ""loop_orders"": [[0, 1]], ""maxnreg"": 128, ""num_sm_multiplier"": 1, ""num_stages"": 4, ""num_warps"": 8, ""pid_type"": ""persistent_blocked"", ""range_flattens"": [null, null], ""range_multi_buffers"": [true, null], ""range_num_stages"": [0, 0], ""range_unroll_factors"": [0, 0], ""range_warp_specializes"": [null, null]}",error,inf,0.04111003875732422,0
matmul,MM_005,2048x2048x2048,train,2,heuristics,0,11bced38861af1d5,"{""atomic_indexing"": [], ""block_sizes"": [64, 128, 64], ""indexing"": [""pointer"", ""pointer"", ""pointer""], ""l2_groupings"": [8], ""load_eviction_policies"": ["""", """"], ""loop_orders"": [[0, 1]], ""num_sm_multiplier"": 1, ""num_stages"": 3, ""num_warps"": 4, ""pid_type"": ""persistent_interleaved"", ""range_flattens"": [null, null], ""range_multi_buffers"": [null, null], ""range_num_stages"": [0, 0], ""range_unroll_factors"": [0, 0], ""range_warp_specializes"": [null, null]}",ok,52.22399905323982,0.03315091133117676,0
matmul,MM_005,2048x2048x2048,train,2,heuristics,0,ba686662527c395a,"{""atomic_indexing"": [], ""block_sizes"": [128, 128, 32], ""indexing"": [""pointer"", ""pointer"", ""pointer""], ""l2_groupings"": [1], ""load_eviction_policies"": ["""", """"], ""loop_orders"": [[0, 1]], ""num_stages"": 2, ""num_warps"": 8, ""pid_type"": ""flat"", ""range_flattens"": [null, null], ""range_multi_buffers"": [null, null], ""range_num_stages"": [0, 0], ""range_unroll_factors"": [0, 0], ""range_warp_specializes"": [null, null]}",ok,62.49599903821945,0.03342294692993164,0
matmul,MM_005,2048x2048x2048,train,2,heuristics,0,703c5f230a7a9f58,"{""atomic_indexing"": [], ""block_sizes"": [256, 128, 64], ""epilogue_subtile"": 2, ""indexing"": [""tensor_descriptor"", ""tensor_descriptor"", ""tensor_descriptor""], ""l2_groupings"": [32], ""load_eviction_policies"": ["""", """"], ""loop_orders"": [[0, 1]], ""maxnreg"": 256, ""num_sm_multiplier"": 1, ""num_stages"": 4, ""num_warps"": 8, ""pid_type"": ""persistent_blocked"", ""range_flattens"": [null, null], ""range_multi_buffers"": [null, null], ""range_num_stages"": [0, 0], ""range_unroll_factors"": [0, 0], ""range_warp_specializes"": [null, null]}",ok,27.68000029027462,0.03182077407836914,0
matmul,MM_006,3072x3072x3072,train,0,heuristics,0,ff35dc413cb9d6b3,"{""atomic_indexing"": [], ""block_sizes"": [128, 256, 64], ""indexing"": [""pointer"", ""pointer"", ""pointer""], ""l2_groupings"": [4], ""load_eviction_policies"": ["""", """"], ""loop_orders"": [[0, 1]], ""num_stages"": 4, ""num_warps"": 4, ""pid_type"": ""flat"", ""range_flattens"": [null, null], ""range_multi_buffers"": [null, null], ""range_num_stages"": [0, 0], ""range_unroll_factors"": [0, 0], ""range_warp_specializes"": [null, null]}",ok,52.22399905323982,0.07100868225097656,1
matmul,MM_006,3072x3072x3072,train,0,heuristics,0,7d0aff38f0ba9fdd,"{""atomic_indexing"": [], ""block_sizes"": [16, 16, 16], ""indexing"": [""pointer"", ""pointer"", ""pointer""], ""l2_groupings"": [1], ""load_eviction_policies"": ["""", """"], ""loop_orders"": [[0, 1]], ""num_stages"": 1, ""num_warps"": 4, ""pid_type"": ""flat"", ""range_flattens"": [null, null], ""range_multi_buffers"": [null, null], ""range_num_stages"": [0, 0], ""range_unroll_factors"": [0, 0], ""range_warp_specializes"": [null, null]}",ok,1843.2000279426575,0.056760549545288086,0
matmul,MM_006,3072x3072x3072,train,0,heuristics,0,dc58654d1be285d1,"{""atomic_indexing"": [], ""block_sizes"": [16, 16, 16], ""epilogue_subtile"": 2, ""indexing"": [""tensor_descriptor"", ""pointer"", ""tensor_descriptor""], ""l2_groupings"": [64], ""load_eviction_policies"": [""last"", ""first""], ""loop_orders"": [[0, 1]], ""num_stages"": 3, ""num_warps"": 2, ""pid_type"": ""flat"", ""range_flattens"": [null, null], ""range_multi_buffers"": [null, null], ""range_num_stages"": [0, 0], ""range_unroll_factors"": [0, 0], ""range_warp_specializes"": [null, false]}",ok,1780.7999849319458,0.16538357734680176,0
matmul,MM_006,3072x3072x3072,train,0,heuristics,0,7e48f14468fe9127,"{""atomic_indexing"": [], ""block_sizes"": [64, 16, 16], ""epilogue_subtile"": 2, ""indexing"": [""pointer"", ""tensor_descriptor"", ""tensor_descriptor""], ""l2_groupings"": [2], ""load_eviction_policies"": [""first"", ""last""], ""loop_orders"": [[0, 1]], ""maxnreg"": 64, ""num_sm_multiplier"": 8, ""num_stages"": 7, ""num_warps"": 8, ""pid_type"": ""persistent_blocked"", ""range_flattens"": [true, true], ""range_multi_buffers"": [false, true], ""range_num_stages"": [0, 0], ""range_unroll_factors"": [0, 0], ""range_warp_specializes"": [null, null]}",ok,1542.1760082244873,0.2622361183166504,0
matmul,MM_006,3072x3072x3072,train,0,heuristics,0,98e731c5f00bfa0d,"{""atomic_indexing"": [], ""block_sizes"": [16, 32, 128], ""epilogue_subtile"": 2, ""indexing"": [""pointer"", ""pointer"", ""tensor_descriptor""], ""l2_groupings"": [64], ""load_eviction_policies"": ["""", """"], ""loop_orders"": [[1, 0]], ""maxnreg"": 64, ""num_sm_multiplier"": 2, ""num_stages"": 1, ""num_warps"": 1, ""pid_type"": ""persistent_blocked"", ""range_flattens"": [false, true], ""range_multi_buffers"": [null, null], ""range_num_stages"": [0, 0], ""range_unroll_factors"": [0, 0], ""range_warp_specializes"": [false, true]}",ok,889.8079991340637,0.18784427642822266,0
matmul,MM_006,3072x3072x3072,train,0,heuristics,0,090aec8abf44546c,"{""atomic_indexing"": [], ""block_sizes"": [128, 128, 64], ""indexing"": [""pointer"", ""pointer"", ""pointer""], ""l2_groupings"": [8], ""load_eviction_policies"": ["""", """"], ""loop_orders"": [[0, 1]], ""num_sm_multiplier"": 1, ""num_stages"": 3, ""num_warps"": 8, ""pid_type"": ""persistent_blocked"", ""range_flattens"": [null, null], ""range_multi_buffers"": [null, null], ""range_num_stages"": [0, 0], ""range_unroll_factors"": [0, 0], ""range_warp_specializes"": [null, null]}",ok,97.28000313043594,0.05736947059631348,0
matmul,MM_006,3072x3072x3072,train,0,heuristics,0,3d43570053353335,"{""atomic_indexing"": [], ""block_sizes"": [64, 128, 64], ""indexing"": [""tensor_descriptor"", ""tensor_descriptor"", ""tensor_descriptor""], ""l2_groupings"": [16], ""load_eviction_policies"": ["""", """"], ""loop_orders"": [[0, 1]], ""num_sm_multiplier"": 1, ""num_stages"": 4, ""num_warps"": 4, ""pid_type"": ""persistent_blocked"", ""range_flattens"": [null, null], ""range_multi_buffers"": [null, null], ""range_num_stages"": [0, 0], ""range_unroll_factors"": [0, 0], ""range_warp_specializes"": [null, null]}",ok,122.94399738311768,0.03813290596008301,0
matmul,MM_006,3072x3072x3072,train,0,heuristics,0,99627137aca4b7d9,"{""atomic_indexing"": [], ""block_sizes"": [128, 256, 64], ""indexing"": [""pointer"", ""pointer"", ""pointer""], ""l2_groupings"": [8], ""load_eviction_policies"": ["""", """"], ""loop_orders"": [[0, 1]], ""maxnreg"": 256, ""num_sm_multiplier"": 1, ""num_stages"": 3, ""num_warps"": 8, ""pid_type"": ""persistent_interleaved"", ""range_flattens"": [null, null], ""range_multi_buffers"": [true, null], ""range_num_stages"": [0, 0], ""range_unroll_factors"": [0, 0], ""range_warp_specializes"": [null, null]}",ok,60.47999858856201,0.024248838424682617,0
matmul,MM_006,3072x3072x3072,train,0,heuristics,0,d4d126b8b4e80dbe,"{""atomic_indexing"": [], ""block_sizes"": [64, 64, 32], ""indexing"": [""pointer"", ""pointer"", ""pointer""], ""l2_groupings"": [1], ""load_eviction_policies"": ["""", """"], ""loop_orders"": [[0, 1]], ""num_stages"": 2, ""num_warps"": 4, ""pid_type"": ""flat"", ""range_flattens"": [null, null], ""range_multi_buffers"": [null, null], ""range_num_stages"": [0, 0], ""range_unroll_factors"": [0, 0], ""range_warp_specializes"": [null, null]}",ok,167.90400445461273,0.0228424072265625,0
matmul,MM_006,3072x3072x3072,train,0,heuristics,0,71f1f2f877b8cb09,"{""atomic_indexing"": [], ""block_sizes"": [128, 128, 32], ""epilogue_subtile"": 2, ""indexing"": [""pointer"", ""pointer"", ""pointer""], ""l2_groupings"": [32], ""load_eviction_policies"": [""first"", ""last""], ""loop_orders"": [[0, 1]], ""num_sm_multiplier"": 1, ""num_stages"": 4, ""num_warps"": 8, ""pid_type"": ""persistent_blocked"", ""range_flattens"": [null, null], ""range_multi_buffers"": [null, null], ""range_num_stages"": [0, 0], ""range_unroll_factors"": [0, 0], ""range_warp_specializes"": [null, null]}",ok,111.64800077676773,0.023798227310180664,0
matmul,MM_006,3072x3072x3072,train,1,heuristics,0,ff35dc413cb9d6b3,"{""atomic_indexing"": [], ""block_sizes"": [128, 256, 64], ""indexing"": [""pointer"", ""pointer"", ""pointer""], ""l2_groupings"": [4], ""load_eviction_policies"": ["""", """"], ""loop_orders"": [[0, 1]], ""num_stages"": 4, ""num_warps"": 4, ""pid_type"": ""flat"", ""range_flattens"": [null, null], ""range_multi_buffers"": [null, null], ""range_num_stages"": [0, 0], ""range_unroll_factors"": [0, 0], ""range_warp_specializes"": [null, null]}",ok,52.25599929690361,0.0595705509185791,1
matmul,MM_006,3072x3072x3072,train,1,heuristics,0,7d0aff38f0ba9fdd,"{""atomic_indexing"": [], ""block_sizes"": [16, 16, 16], ""indexing"": [""pointer"", ""pointer"", ""pointer""], ""l2_groupings"": [1], ""load_eviction_policies"": ["""", """"], ""loop_orders"": [[0, 1]], ""num_stages"": 1, ""num_warps"": 4, ""pid_type"": ""flat"", ""range_flattens"": [null, null], ""range_multi_buffers"": [null, null], ""range_num_stages"": [0, 0], ""range_unroll_factors"": [0, 0], ""range_warp_specializes"": [null, null]}",ok,1844.3679809570312,0.04193520545959473,0
matmul,MM_006,3072x3072x3072,train,1,heuristics,0,dc58654d1be285d1,"{""atomic_indexing"": [], ""block_sizes"": [16, 16, 16], ""epilogue_subtile"": 2, ""indexing"": [""tensor_descriptor"", ""pointer"", ""tensor_descriptor""], ""l2_groupings"": [64], ""load_eviction_policies"": [""last"", ""first""], ""loop_orders"": [[0, 1]], ""num_stages"": 3, ""num_warps"": 2, ""pid_type"": ""flat"", ""range_flattens"": [null, null], ""range_multi_buffers"": [null, null], ""range_num_stages"": [0, 0], ""range_unroll_factors"": [0, 0], ""range_warp_specializes"": [null, false]}",ok,1780.6400060653687,0.023185014724731445,0
matmul,MM_006,3072x3072x3072,train,1,heuristics,0,7e48f14468fe9127,"{""atomic_indexing"": [], ""block_sizes"": [64, 16, 16], ""epilogue_subtile"": 2, ""indexing"": [""pointer"", ""tensor_descriptor"", ""tensor_descriptor""], ""l2_groupings"": [2], ""load_eviction_policies"": [""first"", ""last""], ""loop_orders"": [[0, 1]], ""maxnreg"": 64, ""num_sm_multiplier"": 8, ""num_stages"": 7, ""num_warps"": 8, ""pid_type"": ""persistent_blocked"", ""range_flattens"": [true, true], ""range_multi_buffers"": [false, true], ""range_num_stages"": [0, 0], ""range_unroll_factors"": [0, 0], ""range_warp_specializes"": [null, null]}",ok,1541.1839485168457,0.020008325576782227,0
matmul,MM_006,3072x3072x3072,train,1,heuristics,0,98e731c5f00bfa0d,"{""atomic_indexing"": [], ""block_sizes"": [16, 32, 128], ""epilogue_subtile"": 2, ""indexing"": [""pointer"", ""pointer"", ""tensor_descriptor""], ""l2_groupings"": [64], ""load_eviction_policies"": ["""", """"], ""loop_orders"": [[1, 0]], ""maxnreg"": 64, ""num_sm_multiplier"": 2, ""num_stages"": 1, ""num_warps"": 1, ""pid_type"": ""persistent_blocked"", ""range_flattens"": [false, true], ""range_multi_buffers"": [null, null], ""range_num_stages"": [0, 0], ""range_unroll_factors"": [0, 0], ""range_warp_specializes"": [false, true]}",ok,887.8239989280701,0.019882678985595703,0
matmul,MM_006,3072x3072x3072,train,1,heuristics,0,090aec8abf44546c,"{""atomic_indexing"": [], ""block_sizes"": [128, 128, 64], ""indexing"": [""pointer"", ""pointer"", ""pointer""], ""l2_groupings"": [8], ""load_eviction_policies"": ["""", """"], ""loop_orders"": [[0, 1]], ""num_sm_multiplier"": 1, ""num_stages"": 3, ""num_warps"": 8, ""pid_type"": ""persistent_blocked"", ""range_flattens"": [null, null], ""range_multi_buffers"": [null, null], ""range_num_stages"": [0, 0], ""range_unroll_factors"": [0, 0], ""range_warp_specializes"": [null, null]}",ok,97.28000313043594,0.05881547927856445,0
matmul,MM_006,3072x3072x3072,train,1,heuristics,0,7a676c86b6afdf79,"{""atomic_indexing"": [], ""block_sizes"": [128, 256, 64], ""indexing"": [""tensor_descriptor"", ""tensor_descriptor"", ""tensor_descriptor""], ""l2_groupings"": [16], ""load_eviction_policies"": ["""", """"], ""loop_orders"": [[0, 1]], ""maxnreg"": 128, ""num_sm_multiplier"": 1, ""num_stages"": 4, ""num_warps"": 8, ""pid_type"": ""persistent_blocked"", ""range_flattens"": [null, null], ""range_multi_buffers"": [null, null], ""range_num_stages"": [0, 0], ""range_unroll_factors"": [0, 0], ""range_warp_specializes"": [null, null]}",error,inf,0.0402226448059082,0
matmul,MM_006,3072x3072x3072,train,1,heuristics,0,11bced38861af1d5,"{""atomic_indexing"": [], ""block_sizes"": [64, 128, 64], ""indexing"": [""pointer"", ""pointer"", ""pointer""], ""l2_groupings"": [8], ""load_eviction_policies"": ["""", """"], ""loop_orders"": [[0, 1]], ""num_sm_multiplier"": 1, ""num_stages"": 3, ""num_warps"": 4, ""pid_type"": ""persistent_interleaved"", ""range_flattens"": [null, null], ""range_multi_buffers"": [null, null], ""range_num_stages"": [0, 0], ""range_unroll_factors"": [0, 0], ""range_warp_specializes"": [null, null]}",ok,140.35199582576752,0.024910449981689453,0
matmul,MM_006,3072x3072x3072,train,1,heuristics,0,e022cf0961d43dd0,"{""atomic_indexing"": [], ""block_sizes"": [128, 128, 32], ""indexing"": [""pointer"", ""pointer"", ""pointer""], ""l2_groupings"": [32], ""load_eviction_policies"": [""first"", ""first""], ""loop_orders"": [[0, 1]], ""num_sm_multiplier"": 1, ""num_stages"": 4, ""num_warps"": 8, ""pid_type"": ""persistent_blocked"", ""range_flattens"": [null, null], ""range_multi_buffers"": [true, null], ""range_num_stages"": [0, 0], ""range_unroll_factors"": [0, 0], ""range_warp_specializes"": [null, null]}",ok,115.52000045776367,0.26132941246032715,0
matmul,MM_006,3072x3072x3072,train,1,heuristics,0,7f024ece04f7d710,"{""atomic_indexing"": [], ""block_sizes"": [256, 128, 32], ""epilogue_subtile"": 2, ""indexing"": [""pointer"", ""pointer"", ""pointer""], ""l2_groupings"": [8], ""load_eviction_policies"": ["""", """"], ""loop_orders"": [[0, 1]], ""maxnreg"": 256, ""num_sm_multiplier"": 1, ""num_stages"": 3, ""num_warps"": 8, ""pid_type"": ""persistent_blocked"", ""range_flattens"": [null, null], ""range_multi_buffers"": [null, null], ""range_num_stages"": [0, 0], ""range_unroll_factors"": [0, 0], ""range_warp_specializes"": [null, null]}",ok,101.43999755382538,0.32090210914611816,0
matmul,MM_006,3072x3072x3072,train,2,heuristics,0,ff35dc413cb9d6b3,"{""atomic_indexing"": [], ""block_sizes"": [128, 256, 64], ""indexing"": [""pointer"", ""pointer"", ""pointer""], ""l2_groupings"": [4], ""load_eviction_policies"": ["""", """"], ""loop_orders"": [[0, 1]], ""num_stages"": 4, ""num_warps"": 4, ""pid_type"": ""flat"", ""range_flattens"": [null, null], ""range_multi_buffers"": [null, null], ""range_num_stages"": [0, 0], ""range_unroll_factors"": [0, 0], ""range_warp_specializes"": [null, null]}",ok,52.22399905323982,0.061995506286621094,1
matmul,MM_006,3072x3072x3072,train,2,heuristics,0,7d0aff38f0ba9fdd,"{""atomic_indexing"": [], ""block_sizes"": [16, 16, 16], ""indexing"": [""pointer"", ""pointer"", ""pointer""], ""l2_groupings"": [1], ""load_eviction_policies"": ["""", """"], ""loop_orders"": [[0, 1]], ""num_stages"": 1, ""num_warps"": 4, ""pid_type"": ""flat"", ""range_flattens"": [null, null], ""range_multi_buffers"": [null, null], ""range_num_stages"": [0, 0], ""range_unroll_factors"": [0, 0], ""range_warp_specializes"": [null, null]}",ok,1843.2160019874573,0.04252767562866211,0
matmul,MM_006,3072x3072x3072,train,2,heuristics,0,dc58654d1be285d1,"{""atomic_indexing"": [], ""block_sizes"": [16, 16, 16], ""epilogue_subtile"": 2, ""indexing"": [""tensor_descriptor"", ""pointer"", ""tensor_descriptor""], ""l2_groupings"": [64], ""load_eviction_policies"": [""last"", ""first""], ""loop_orders"": [[0, 1]], ""num_stages"": 3, ""num_warps"": 2, ""pid_type"": ""flat"", ""range_flattens"": [null, null], ""range_multi_buffers"": [null, null], ""range_num_stages"": [0, 0], ""range_unroll_factors"": [0, 0], ""range_warp_specializes"": [null, false]}",ok,1780.832052230835,0.022589445114135742,0
matmul,MM_006,3072x3072x3072,train,2,heuristics,0,7e48f14468fe9127,"{""atomic_indexing"": [], ""block_sizes"": [64, 16, 16], ""epilogue_subtile"": 2, ""indexing"": [""pointer"", ""tensor_descriptor"", ""tensor_descriptor""], ""l2_groupings"": [2], ""load_eviction_policies"": [""first"", ""last""], ""loop_orders"": [[0, 1]], ""maxnreg"": 64, ""num_sm_multiplier"": 8, ""num_stages"": 7, ""num_warps"": 8, ""pid_type"": ""persistent_blocked"", ""range_flattens"": [true, true], ""range_multi_buffers"": [false, true], ""range_num_stages"": [0, 0], ""range_unroll_factors"": [0, 0], ""range_warp_specializes"": [null, null]}",ok,1541.0560369491577,0.02139425277709961,0
matmul,MM_006,3072x3072x3072,train,2,heuristics,0,98e731c5f00bfa0d,"{""atomic_indexing"": [], ""block_sizes"": [16, 32, 128], ""epilogue_subtile"": 2, ""indexing"": [""pointer"", ""pointer"", ""tensor_descriptor""], ""l2_groupings"": [64], ""load_eviction_policies"": ["""", """"], ""loop_orders"": [[1, 0]], ""maxnreg"": 64, ""num_sm_multiplier"": 2, ""num_stages"": 1, ""num_warps"": 1, ""pid_type"": ""persistent_blocked"", ""range_flattens"": [false, true], ""range_multi_buffers"": [null, null], ""range_num_stages"": [0, 0], ""range_unroll_factors"": [0, 0], ""range_warp_specializes"": [false, true]}",ok,887.8080248832703,0.021306753158569336,0
matmul,MM_006,3072x3072x3072,train,2,heuristics,0,090aec8abf44546c,"{""atomic_indexing"": [], ""block_sizes"": [128, 128, 64], ""indexing"": [""pointer"", ""pointer"", ""pointer""], ""l2_groupings"": [8], ""load_eviction_policies"": ["""", """"], ""loop_orders"": [[0, 1]], ""num_sm_multiplier"": 1, ""num_stages"": 3, ""num_warps"": 8, ""pid_type"": ""persistent_blocked"", ""range_flattens"": [null, null], ""range_multi_buffers"": [null, null], ""range_num_stages"": [0, 0], ""range_unroll_factors"": [0, 0], ""range_warp_specializes"": [null, null]}",ok,97.28000313043594,0.07058835029602051,0
matmul,MM_006,3072x3072x3072,train,2,heuristics,0,3d43570053353335,"{""atomic_indexing"": [], ""block_sizes"": [64, 128, 64], ""indexing"": [""tensor_descriptor"", ""tensor_descriptor"", ""tensor_descriptor""], ""l2_groupings"": [16], ""load_eviction_policies"": ["""", """"], ""loop_orders"": [[0, 1]], ""num_sm_multiplier"": 1, ""num_stages"": 4, ""num_warps"": 4, ""pid_type"": ""persistent_blocked"", ""range_flattens"": [null, null], ""range_multi_buffers"": [null, null], ""range_num_stages"": [0, 0], ""range_unroll_factors"": [0, 0], ""range_warp_specializes"": [null, null]}",ok,123.77600371837616,0.051492929458618164,0
matmul,MM_006,3072x3072x3072,train,2,heuristics,0,f5804a2e3b09320a,"{""atomic_indexing"": [], ""block_sizes"": [128, 256, 64], ""indexing"": [""pointer"", ""pointer"", ""pointer""], ""l2_groupings"": [8], ""load_eviction_policies"": ["""", """"], ""loop_orders"": [[0, 1]], ""maxnreg"": 128, ""num_sm_multiplier"": 1, ""num_stages"": 3, ""num_warps"": 8, ""pid_type"": ""persistent_interleaved"", ""range_flattens"": [null, null], ""range_multi_buffers"": [true, null], ""range_num_stages"": [0, 0], ""range_unroll_factors"": [0, 0], ""range_warp_specializes"": [null, null]}",ok,62.463998794555664,0.034774065017700195,0
matmul,MM_006,3072x3072x3072,train,2,heuristics,0,37b6bc9b1dfbc442,"{""atomic_indexing"": [], ""block_sizes"": [128, 128, 32], ""indexing"": [""pointer"", ""pointer"", ""pointer""], ""l2_groupings"": [4], ""load_eviction_policies"": ["""", """"], ""loop_orders"": [[0, 1]], ""num_stages"": 2, ""num_warps"": 4, ""pid_type"": ""flat"", ""range_flattens"": [null, null], ""range_multi_buffers"": [null, null], ""range_num_stages"": [0, 0], ""range_unroll_factors"": [0, 0], ""range_warp_specializes"": [null, null]}",ok,142.33599603176117,0.027677059173583984,0
matmul,MM_006,3072x3072x3072,train,2,heuristics,0,ee75e45591891733,"{""atomic_indexing"": [], ""block_sizes"": [256, 128, 64], ""epilogue_subtile"": 2, ""indexing"": [""pointer"", ""pointer"", ""pointer""], ""l2_groupings"": [32], ""load_eviction_policies"": [""first"", ""last""], ""loop_orders"": [[0, 1]], ""maxnreg"": 256, ""num_sm_multiplier"": 1, ""num_stages"": 4, ""num_warps"": 8, ""pid_type"": ""persistent_blocked"", ""range_flattens"": [null, null], ""range_multi_buffers"": [null, null], ""range_num_stages"": [0, 0], ""range_unroll_factors"": [0, 0], ""range_warp_specializes"": [null, null]}",ok,56.223999708890915,0.39136743545532227,0
matmul,MM_007,3840x3840x3840,train,0,heuristics,0,ff35dc413cb9d6b3,"{""atomic_indexing"": [], ""block_sizes"": [128, 256, 64], ""indexing"": [""pointer"", ""pointer"", ""pointer""], ""l2_groupings"": [4], ""load_eviction_policies"": ["""", """"], ""loop_orders"": [[0, 1]], ""num_stages"": 4, ""num_warps"": 4, ""pid_type"": ""flat"", ""range_flattens"": [null, null], ""range_multi_buffers"": [null, null], ""range_num_stages"": [0, 0], ""range_unroll_factors"": [0, 0], ""range_warp_specializes"": [null, null]}",ok,111.64800077676773,0.055457115173339844,1
matmul,MM_007,3840x3840x3840,train,0,heuristics,0,7d0aff38f0ba9fdd,"{""atomic_indexing"": [], ""block_sizes"": [16, 16, 16], ""indexing"": [""pointer"", ""pointer"", ""pointer""], ""l2_groupings"": [1], ""load_eviction_policies"": ["""", """"], ""loop_orders"": [[0, 1]], ""num_stages"": 1, ""num_warps"": 4, ""pid_type"": ""flat"", ""range_flattens"": [null, null], ""range_multi_buffers"": [null, null], ""range_num_stages"": [0, 0], ""range_unroll_factors"": [0, 0], ""range_warp_specializes"": [null, null]}",ok,3598.400115966797,0.037384748458862305,0
matmul,MM_007,3840x3840x3840,train,0,heuristics,0,dc58654d1be285d1,"{""atomic_indexing"": [], ""block_sizes"": [16, 16, 16], ""epilogue_subtile"": 2, ""indexing"": [""tensor_descriptor"", ""pointer"", ""tensor_descriptor""], ""l2_groupings"": [64], ""load_eviction_policies"": [""last"", ""first""], ""loop_orders"": [[0, 1]], ""num_stages"": 3, ""num_warps"": 2, ""pid_type"": ""flat"", ""range_flattens"": [null, null], ""range_multi_buffers"": [null, null], ""range_num_stages"": [0, 0], ""range_unroll_factors"": [0, 0], ""range_warp_specializes"": [null, false]}",ok,3456.0959339141846,0.13332843780517578,0
matmul,MM_007,3840x3840x3840,train,0,heuristics,0,7e48f14468fe9127,"{""atomic_indexing"": [], ""block_sizes"": [64, 16, 16], ""epilogue_subtile"": 2, ""indexing"": [""pointer"", ""tensor_descriptor"", ""tensor_descriptor""], ""l2_groupings"": [2], ""load_eviction_policies"": [""first"", ""last""], ""loop_orders"": [[0, 1]], ""maxnreg"": 64, ""num_sm_multiplier"": 8, ""num_stages"": 7, ""num_warps"": 8, ""pid_type"": ""persistent_blocked"", ""range_flattens"": [true, true], ""range_multi_buffers"": [false, true], ""range_num_stages"": [0, 0], ""range_unroll_factors"": [0, 0], ""range_warp_specializes"": [null, null]}",ok,3116.0318851470947,0.24652576446533203,0
matmul,MM_007,3840x3840x3840,train,0,heuristics,0,98e731c5f00bfa0d,"{""atomic_indexing"": [], ""block_sizes"": [16, 32, 128], ""epilogue_subtile"": 2, ""indexing"": [""pointer"", ""pointer"", ""tensor_descriptor""], ""l2_groupings"": [64], ""load_eviction_policies"": ["""", """"], ""loop_orders"": [[1, 0]], ""maxnreg"": 64, ""num_sm_multiplier"": 2, ""num_stages"": 1, ""num_warps"": 1, ""pid_type"": ""persistent_blocked"", ""range_flattens"": [false, true], ""range_multi_buffers"": [null, null], ""range_num_stages"": [0, 0], ""range_unroll_factors"": [0, 0], ""range_warp_specializes"": [false, true]}",ok,1829.4240236282349,0.17197012901306152,0
matmul,MM_007,3840x3840x3840,train,0,heuristics,0,090aec8abf44546c,"{""atomic_indexing"": [], ""block_sizes"": [128, 128, 64], ""indexing"": [""pointer"", ""pointer"", ""pointer""], ""l2_groupings"": [8], ""load_eviction_policies"": ["""", """"], ""loop_orders"": [[0, 1]], ""num_sm_multiplier"": 1, ""num_stages"": 3, ""num_warps"": 8, ""pid_type"": ""persistent_blocked"", ""range_flattens"": [null, null], ""range_multi_buffers"": [null, null], ""range_num_stages"": [0, 0], ""range_unroll_factors"": [0, 0], ""range_warp_specializes"": [null, null]}",ok,191.48799777030945,0.07604455947875977,0
matmul,MM_007,3840x3840x3840,train,0,heuristics,0,4e4b100e2052c86a,"{""atomic_indexing"": [], ""block_sizes"": [128, 256, 64], ""indexing"": [""tensor_descriptor"", ""tensor_descriptor"", ""tensor_descriptor""], ""l2_groupings"": [16], ""load_eviction_policies"": ["""", """"], ""loop_orders"": [[0, 1]], ""maxnreg"": 256, ""num_sm_multiplier"": 1, ""num_stages"": 4, ""num_warps"": 8, ""pid_type"": ""persistent_blocked"", ""range_flattens"": [null, null], ""range_multi_buffers"": [null, null], ""range_num_stages"": [0, 0], ""range_unroll_factors"": [0, 0], ""range_warp_specializes"": [null, null]}",error,inf,0.05698060989379883,0
matmul,MM_007,3840x3840x3840,train,0,heuristics,0,11bced38861af1d5,"{""atomic_indexing"": [], ""block_sizes"": [64, 128, 64], ""indexing"": [""pointer"", ""pointer"", ""pointer""], ""l2_groupings"": [8], ""load_eviction_policies"": ["""", """"], ""loop_orders"": [[0, 1]], ""num_sm_multiplier"": 1, ""num_stages"": 3, ""num_warps"": 4, ""pid_type"": ""persistent_interleaved"", ""range_flattens"": [null, null], ""range_multi_buffers"": [null, null], ""range_num_stages"": [0, 0], ""range_unroll_factors"": [0, 0], ""range_warp_specializes"": [null, null]}",ok,249.83999878168106,0.046219587326049805,0
matmul,MM_007,3840x3840x3840,train,0,heuristics,0,6e2a34f4708218a5,"{""atomic_indexing"": [], ""block_sizes"": [128, 128, 32], ""indexing"": [""pointer"", ""pointer"", ""pointer""], ""l2_groupings"": [16], ""load_eviction_policies"": [""first"", ""first""], ""loop_orders"": [[0, 1]], ""num_sm_multiplier"": 1, ""num_stages"": 4, ""num_warps"": 8, ""pid_type"": ""persistent_blocked"", ""range_flattens"": [null, null], ""range_multi_buffers"": [true, null], ""range_num_stages"": [0, 0], ""range_unroll_factors"": [0, 0], ""range_warp_specializes"": [null, null]}",ok,232.5119972229004,0.03750205039978027,0
matmul,MM_007,3840x3840x3840,train,0,heuristics,0,df3dea7b9b573405,"{""atomic_indexing"": [], ""block_sizes"": [256, 128, 32], ""epilogue_subtile"": 2, ""indexing"": [""tensor_descriptor"", ""tensor_descriptor"", ""tensor_descriptor""], ""l2_groupings"": [32], ""load_eviction_policies"": ["""", """"], ""loop_orders"": [[0, 1]], ""num_sm_multiplier"": 1, ""num_stages"": 3, ""num_warps"": 8, ""pid_type"": ""persistent_blocked"", ""range_flattens"": [null, null], ""range_multi_buffers"": [null, null], ""range_num_stages"": [0, 0], ""range_unroll_factors"": [0, 0], ""range_warp_specializes"": [null, null]}",ok,235.48799753189087,0.24528074264526367,0
matmul,MM_007,3840x3840x3840,train,1,heuristics,0,ff35dc413cb9d6b3,"{""atomic_indexing"": [], ""block_sizes"": [128, 256, 64], ""indexing"": [""pointer"", ""pointer"", ""pointer""], ""l2_groupings"": [4], ""load_eviction_policies"": ["""", """"], ""loop_orders"": [[0, 1]], ""num_stages"": 4, ""num_warps"": 4, ""pid_type"": ""flat"", ""range_flattens"": [null, null], ""range_multi_buffers"": [null, null], ""range_num_stages"": [0, 0], ""range_unroll_factors"": [0, 0], ""range_warp_specializes"": [null, null]}",ok,111.68000102043152,0.08218932151794434,1
matmul,MM_007,3840x3840x3840,train,1,heuristics,0,7d0aff38f0ba9fdd,"{""atomic_indexing"": [], ""block_sizes"": [16, 16, 16], ""indexing"": [""pointer"", ""pointer"", ""pointer""], ""l2_groupings"": [1], ""load_eviction_policies"": ["""", """"], ""loop_orders"": [[0, 1]], ""num_stages"": 1, ""num_warps"": 4, ""pid_type"": ""flat"", ""range_flattens"": [null, null], ""range_multi_buffers"": [null, null], ""range_num_stages"": [0, 0], ""range_unroll_factors"": [0, 0], ""range_warp_specializes"": [null, null]}",ok,3598.464012145996,0.0646817684173584,0
matmul,MM_007,3840x3840x3840,train,1,heuristics,0,dc58654d1be285d1,"{""atomic_indexing"": [], ""block_sizes"": [16, 16, 16], ""epilogue_subtile"": 2, ""indexing"": [""tensor_descriptor"", ""pointer"", ""tensor_descriptor""], ""l2_groupings"": [64], ""load_eviction_policies"": [""last"", ""first""], ""loop_orders"": [[0, 1]], ""num_stages"": 3, ""num_warps"": 2, ""pid_type"": ""flat"", ""range_flattens"": [null, null], ""range_multi_buffers"": [null, null], ""range_num_stages"": [0, 0], ""range_unroll_factors"": [0, 0], ""range_warp_specializes"": [null, false]}",ok,3455.471992492676,0.04719853401184082,0
matmul,MM_007,3840x3840x3840,train,1,heuristics,0,7e48f14468fe9127,"{""atomic_indexing"": [], ""block_sizes"": [64, 16, 16], ""epilogue_subtile"": 2, ""indexing"": [""pointer"", ""tensor_descriptor"", ""tensor_descriptor""], ""l2_groupings"": [2], ""load_eviction_policies"": [""first"", ""last""], ""loop_orders"": [[0, 1]], ""maxnreg"": 64, ""num_sm_multiplier"": 8, ""num_stages"": 7, ""num_warps"": 8, ""pid_type"": ""persistent_blocked"", ""range_flattens"": [true, true], ""range_multi_buffers"": [false, true], ""range_num_stages"": [0, 0], ""range_unroll_factors"": [0, 0], ""range_warp_specializes"": [null, null]}",ok,3114.0799522399902,0.04190635681152344,0
matmul,MM_007,3840x3840x3840,train,1,heuristics,0,98e731c5f00bfa0d,"{""atomic_indexing"": [], ""block_sizes"": [16, 32, 128], ""epilogue_subtile"": 2, ""indexing"": [""pointer"", ""pointer"", ""tensor_descriptor""], ""l2_groupings"": [64], ""load_eviction_policies"": ["""", """"], ""loop_orders"": [[1, 0]], ""maxnreg"": 64, ""num_sm_multiplier"": 2, ""num_stages"": 1, ""num_warps"": 1, ""pid_type"": ""persistent_blocked"", ""range_flattens"": [false, true], ""range_multi_buffers"": [null, null], ""range_num_stages"": [0, 0], ""range_unroll_factors"": [0, 0], ""range_warp_specializes"": [false, true]}",ok,1841.1679863929749,0.03390336036682129,0
matmul,MM_007,3840x3840x3840,train,1,heuristics,0,090aec8abf44546c,"{""atomic_indexing"": [], ""block_sizes"": [128, 128, 64], ""indexing"": [""pointer"", ""pointer"", ""pointer""], ""l2_groupings"": [8], ""load_eviction_policies"": ["""", """"], ""loop_orders"": [[0, 1]], ""num_sm_multiplier"": 1, ""num_stages"": 3, ""num_warps"": 8, ""pid_type"": ""persistent_blocked"", ""range_flattens"": [null, null], ""range_multi_buffers"": [null, null], ""range_num_stages"": [0, 0], ""range_unroll_factors"": [0, 0], ""range_warp_specializes"": [null, null]}",ok,193.56800615787506,0.05173230171203613,0
matmul,MM_007,3840x3840x3840,train,1,heuristics,0,4e4b100e2052c86a,"{""atomic_indexing"": [], ""block_sizes"": [128, 256, 64], ""indexing"": [""tensor_descriptor"", ""tensor_descriptor"", ""tensor_descriptor""], ""l2_groupings"": [16], ""load_eviction_policies"": ["""", """"], ""loop_orders"": [[0, 1]], ""maxnreg"": 256, ""num_sm_multiplier"": 1, ""num_stages"": 4, ""num_warps"": 8, ""pid_type"": ""persistent_blocked"", ""range_flattens"": [null, null], ""range_multi_buffers"": [null, null], ""range_num_stages"": [0, 0], ""range_unroll_factors"": [0, 0], ""range_warp_specializes"": [null, null]}",error,inf,0.03521919250488281,0
matmul,MM_007,3840x3840x3840,train,1,heuristics,0,11bced38861af1d5,"{""atomic_indexing"": [], ""block_sizes"": [64, 128, 64], ""indexing"": [""pointer"", ""pointer"", ""pointer""], ""l2_groupings"": [8], ""load_eviction_policies"": ["""", """"], ""loop_orders"": [[0, 1]], ""num_sm_multiplier"": 1, ""num_stages"": 3, ""num_warps"": 4, ""pid_type"": ""persistent_interleaved"", ""range_flattens"": [null, null], ""range_multi_buffers"": [null, null], ""range_num_stages"": [0, 0], ""range_unroll_factors"": [0, 0], ""range_warp_specializes"": [null, null]}",ok,251.95200741291046,0.020114660263061523,0
matmul,MM_007,3840x3840x3840,train,1,heuristics,0,ba686662527c395a,"{""atomic_indexing"": [], ""block_sizes"": [128, 128, 32], ""indexing"": [""pointer"", ""pointer"", ""pointer""], ""l2_groupings"": [1], ""load_eviction_policies"": ["""", """"], ""loop_orders"": [[0, 1]], ""num_stages"": 2, ""num_warps"": 8, ""pid_type"": ""flat"", ""range_flattens"": [null, null], ""range_multi_buffers"": [null, null], ""range_num_stages"": [0, 0], ""range_unroll_factors"": [0, 0], ""range_warp_specializes"": [null, null]}",ok,345.0559973716736,0.1964409351348877,0
matmul,MM_007,3840x3840x3840,train,1,heuristics,0,1da8b13d75c01e5f,"{""atomic_indexing"": [], ""block_sizes"": [256, 128, 64], ""epilogue_subtile"": 2, ""indexing"": [""pointer"", ""pointer"", ""pointer""], ""l2_groupings"": [32], ""load_eviction_policies"": [""first"", ""first""], ""loop_orders"": [[0, 1]], ""num_sm_multiplier"": 1, ""num_stages"": 3, ""num_warps"": 8, ""pid_type"": ""persistent_blocked"", ""range_flattens"": [null, null], ""range_multi_buffers"": [true, true], ""range_num_stages"": [0, 0], ""range_unroll_factors"": [0, 0], ""range_warp_specializes"": [null, null]}",ok,146.36799693107605,0.3245677947998047,0
matmul,MM_007,3840x3840x3840,train,2,heuristics,0,ff35dc413cb9d6b3,"{""atomic_indexing"": [], ""block_sizes"": [128, 256, 64], ""indexing"": [""pointer"", ""pointer"", ""pointer""], ""l2_groupings"": [4], ""load_eviction_policies"": ["""", """"], ""loop_orders"": [[0, 1]], ""num_stages"": 4, ""num_warps"": 4, ""pid_type"": ""flat"", ""range_flattens"": [null, null], ""range_multi_buffers"": [null, null], ""range_num_stages"": [0, 0], ""range_unroll_factors"": [0, 0], ""range_warp_specializes"": [null, null]}",ok,111.61600053310394,0.04549908638000488,1
matmul,MM_007,3840x3840x3840,train,2,heuristics,0,7d0aff38f0ba9fdd,"{""atomic_indexing"": [], ""block_sizes"": [16, 16, 16], ""indexing"": [""pointer"", ""pointer"", ""pointer""], ""l2_groupings"": [1], ""load_eviction_policies"": ["""", """"], ""loop_orders"": [[0, 1]], ""num_stages"": 1, ""num_warps"": 4, ""pid_type"": ""flat"", ""range_flattens"": [null, null], ""range_multi_buffers"": [null, null], ""range_num_stages"": [0, 0], ""range_unroll_factors"": [0, 0], ""range_warp_specializes"": [null, null]}",ok,3597.3119735717773,0.03934645652770996,0
matmul,MM_007,3840x3840x3840,train,2,heuristics,0,dc58654d1be285d1,"{""atomic_indexing"": [], ""block_sizes"": [16, 16, 16], ""epilogue_subtile"": 2, ""indexing"": [""tensor_descriptor"", ""pointer"", ""tensor_descriptor""], ""l2_groupings"": [64], ""load_eviction_policies"": [""last"", ""first""], ""loop_orders"": [[0, 1]], ""num_stages"": 3, ""num_warps"": 2, ""pid_type"": ""flat"", ""range_flattens"": [null, null], ""range_multi_buffers"": [null, null], ""range_num_stages"": [0, 0], ""range_unroll_factors"": [0, 0], ""range_warp_specializes"": [null, false]}",ok,3455.8719396591187,0.03129410743713379,0
matmul,MM_007,3840x3840x3840,train,2,heuristics,0,7e48f14468fe9127,"{""atomic_indexing"": [], ""block_sizes"": [64, 16, 16], ""epilogue_subtile"": 2, ""indexing"": [""pointer"", ""tensor_descriptor"", ""tensor_descriptor""], ""l2_groupings"": [2], ""load_eviction_policies"": [""first"", ""last""], ""loop_orders"": [[0, 1]], ""maxnreg"": 64, ""num_sm_multiplier"": 8, ""num_stages"": 7, ""num_warps"": 8, ""pid_type"": ""persistent_blocked"", ""range_flattens"": [true, true], ""range_multi_buffers"": [false, true], ""range_num_stages"": [0, 0], ""range_unroll_factors"": [0, 0], ""range_warp_specializes"": [null, null]}",ok,3114.176034927368,0.02761077880859375,0
matmul,MM_007,3840x3840x3840,train,2,heuristics,0,98e731c5f00bfa0d,"{""atomic_indexing"": [], ""block_sizes"": [16, 32, 128], ""epilogue_subtile"": 2, ""indexing"": [""pointer"", ""pointer"", ""tensor_descriptor""], ""l2_groupings"": [64], ""load_eviction_policies"": ["""", """"], ""loop_orders"": [[1, 0]], ""maxnreg"": 64, ""num_sm_multiplier"": 2, ""num_stages"": 1, ""num_warps"": 1, ""pid_type"": ""persistent_blocked"", ""range_flattens"": [false, true], ""range_multi_buffers"": [null, null], ""range_num_stages"": [0, 0], ""range_unroll_factors"": [0, 0], ""range_warp_specializes"": [false, true]}",ok,1828.9120197296143,0.038435935974121094,0
matmul,MM_007,3840x3840x3840,train,2,heuristics,0,090aec8abf44546c,"{""atomic_indexing"": [], ""block_sizes"": [128, 128, 64], ""indexing"": [""pointer"", ""pointer"", ""pointer""], ""l2_groupings"": [8], ""load_eviction_policies"": ["""", """"], ""loop_orders"": [[0, 1]], ""num_sm_multiplier"": 1, ""num_stages"": 3, ""num_warps"": 8, ""pid_type"": ""persistent_blocked"", ""range_flattens"": [null, null], ""range_multi_buffers"": [null, null], ""range_num_stages"": [0, 0], ""range_unroll_factors"": [0, 0], ""range_warp_specializes"": [null, null]}",ok,191.45600497722626,0.0576167106628418,0
matmul,MM_007,3840x3840x3840,train,2,heuristics,0,7a676c86b6afdf79,"{""atomic_indexing"": [], ""block_sizes"": [128, 256, 64], ""indexing"": [""tensor_descriptor"", ""tensor_descriptor"", ""tensor_descriptor""], ""l2_groupings"": [16], ""load_eviction_policies"": ["""", """"], ""loop_orders"": [[0, 1]], ""maxnreg"": 128, ""num_sm_multiplier"": 1, ""num_stages"": 4, ""num_warps"": 8, ""pid_type"": ""persistent_blocked"", ""range_flattens"": [null, null], ""range_multi_buffers"": [null, null], ""range_num_stages"": [0, 0], ""range_unroll_factors"": [0, 0], ""range_warp_specializes"": [null, null]}",error,inf,0.038317203521728516,0
matmul,MM_007,3840x3840x3840,train,2,heuristics,0,11bced38861af1d5,"{""atomic_indexing"": [], ""block_sizes"": [64, 128, 64], ""indexing"": [""pointer"", ""pointer"", ""pointer""], ""l2_groupings"": [8], ""load_eviction_policies"": ["""", """"], ""loop_orders"": [[0, 1]], ""num_sm_multiplier"": 1, ""num_stages"": 3, ""num_warps"": 4, ""pid_type"": ""persistent_interleaved"", ""range_flattens"": [null, null], ""range_multi_buffers"": [null, null], ""range_num_stages"": [0, 0], ""range_unroll_factors"": [0, 0], ""range_warp_specializes"": [null, null]}",ok,249.82400238513947,0.020579099655151367,0
matmul,MM_007,3840x3840x3840,train,2,heuristics,0,c9e743f730e5e6bf,"{""atomic_indexing"": [], ""block_sizes"": [128, 128, 32], ""indexing"": [""pointer"", ""pointer"", ""pointer""], ""l2_groupings"": [4], ""load_eviction_policies"": [""first"", ""first""], ""loop_orders"": [[0, 1]], ""num_stages"": 3, ""num_warps"": 8, ""pid_type"": ""flat"", ""range_flattens"": [null, null], ""range_multi_buffers"": [null, null], ""range_num_stages"": [0, 0], ""range_unroll_factors"": [0, 0], ""range_warp_specializes"": [null, null]}",ok,178.30400168895721,0.21651744842529297,0
matmul,MM_007,3840x3840x3840,train,2,heuristics,0,703c5f230a7a9f58,"{""atomic_indexing"": [], ""block_sizes"": [256, 128, 64], ""epilogue_subtile"": 2, ""indexing"": [""tensor_descriptor"", ""tensor_descriptor"", ""tensor_descriptor""], ""l2_groupings"": [32], ""load_eviction_policies"": ["""", """"], ""loop_orders"": [[0, 1]], ""maxnreg"": 256, ""num_sm_multiplier"": 1, ""num_stages"": 4, ""num_warps"": 8, ""pid_type"": ""persistent_blocked"", ""range_flattens"": [null, null], ""range_multi_buffers"": [null, null], ""range_num_stages"": [0, 0], ""range_unroll_factors"": [0, 0], ""range_warp_specializes"": [null, null]}",ok,125.98399817943573,0.023762941360473633,0
matmul,MM_008,4096x4096x4096,heldout,0,heuristics,0,ff35dc413cb9d6b3,"{""atomic_indexing"": [], ""block_sizes"": [128, 256, 64], ""indexing"": [""pointer"", ""pointer"", ""pointer""], ""l2_groupings"": [4], ""load_eviction_policies"": ["""", """"], ""loop_orders"": [[0, 1]], ""num_stages"": 4, ""num_warps"": 4, ""pid_type"": ""flat"", ""range_flattens"": [null, null], ""range_multi_buffers"": [null, null], ""range_num_stages"": [0, 0], ""range_unroll_factors"": [0, 0], ""range_warp_specializes"": [null, null]}",ok,119.87199634313583,0.03348875045776367,1
matmul,MM_008,4096x4096x4096,heldout,0,heuristics,0,7d0aff38f0ba9fdd,"{""atomic_indexing"": [], ""block_sizes"": [16, 16, 16], ""indexing"": [""pointer"", ""pointer"", ""pointer""], ""l2_groupings"": [1], ""load_eviction_policies"": ["""", """"], ""loop_orders"": [[0, 1]], ""num_stages"": 1, ""num_warps"": 4, ""pid_type"": ""flat"", ""range_flattens"": [null, null], ""range_multi_buffers"": [null, null], ""range_num_stages"": [0, 0], ""range_unroll_factors"": [0, 0], ""range_warp_specializes"": [null, null]}",ok,4464.672088623047,0.02664017677307129,0
matmul,MM_008,4096x4096x4096,heldout,0,heuristics,0,dc58654d1be285d1,"{""atomic_indexing"": [], ""block_sizes"": [16, 16, 16], ""epilogue_subtile"": 2, ""indexing"": [""tensor_descriptor"", ""pointer"", ""tensor_descriptor""], ""l2_groupings"": [64], ""load_eviction_policies"": [""last"", ""first""], ""loop_orders"": [[0, 1]], ""num_stages"": 3, ""num_warps"": 2, ""pid_type"": ""flat"", ""range_flattens"": [null, null], ""range_multi_buffers"": [null, null], ""range_num_stages"": [0, 0], ""range_unroll_factors"": [0, 0], ""range_warp_specializes"": [null, false]}",ok,4211.7438316345215,0.13358449935913086,0
matmul,MM_008,4096x4096x4096,heldout,0,heuristics,0,7e48f14468fe9127,"{""atomic_indexing"": [], ""block_sizes"": [64, 16, 16], ""epilogue_subtile"": 2, ""indexing"": [""pointer"", ""tensor_descriptor"", ""tensor_descriptor""], ""l2_groupings"": [2], ""load_eviction_policies"": [""first"", ""last""], ""loop_orders"": [[0, 1]], ""maxnreg"": 64, ""num_sm_multiplier"": 8, ""num_stages"": 7, ""num_warps"": 8, ""pid_type"": ""persistent_blocked"", ""range_flattens"": [true, true], ""range_multi_buffers"": [false, true], ""range_num_stages"": [0, 0], ""range_unroll_factors"": [0, 0], ""range_warp_specializes"": [null, null]}",ok,3562.4001026153564,0.23507046699523926,0
matmul,MM_008,4096x4096x4096,heldout,0,heuristics,0,98e731c5f00bfa0d,"{""atomic_indexing"": [], ""block_sizes"": [16, 32, 128], ""epilogue_subtile"": 2, ""indexing"": [""pointer"", ""pointer"", ""tensor_descriptor""], ""l2_groupings"": [64], ""load_eviction_policies"": ["""", """"], ""loop_orders"": [[1, 0]], ""maxnreg"": 64, ""num_sm_multiplier"": 2, ""num_stages"": 1, ""num_warps"": 1, ""pid_type"": ""persistent_blocked"", ""range_flattens"": [false, true], ""range_multi_buffers"": [null, null], ""range_num_stages"": [0, 0], ""range_unroll_factors"": [0, 0], ""range_warp_specializes"": [false, true]}",ok,2467.77606010437,0.16080784797668457,0
matmul,MM_008,4096x4096x4096,heldout,0,heuristics,0,090aec8abf44546c,"{""atomic_indexing"": [], ""block_sizes"": [128, 128, 64], ""indexing"": [""pointer"", ""pointer"", ""pointer""], ""l2_groupings"": [8], ""load_eviction_policies"": ["""", """"], ""loop_orders"": [[0, 1]], ""num_sm_multiplier"": 1, ""num_stages"": 3, ""num_warps"": 8, ""pid_type"": ""persistent_blocked"", ""range_flattens"": [null, null], ""range_multi_buffers"": [null, null], ""range_num_stages"": [0, 0], ""range_unroll_factors"": [0, 0], ""range_warp_specializes"": [null, null]}",ok,218.20800006389618,0.07687044143676758,0
matmul,MM_008,4096x4096x4096,heldout,0,heuristics,0,8ecf2b7a7b4d30c9,"{""atomic_indexing"": [], ""block_sizes"": [128, 256, 64], ""indexing"": [""tensor_descriptor"", ""tensor_descriptor"", ""tensor_descriptor""], ""l2_groupings"": [16], ""load_eviction_policies"": ["""", """"], ""loop_orders"": [[0, 1]], ""num_sm_multiplier"": 1, ""num_stages"": 4, ""num_warps"": 8, ""pid_type"": ""persistent_blocked"", ""range_flattens"": [null, null], ""range_multi_buffers"": [null, null], ""range_num_stages"": [0, 0], ""range_unroll_factors"": [0, 0], ""range_warp_specializes"": [null, null]}",error,inf,0.2523989677429199,0
matmul,MM_008,4096x4096x4096,heldout,0,heuristics,0,11bced38861af1d5,"{""atomic_indexing"": [], ""block_sizes"": [64, 128, 64], ""indexing"": [""pointer"", ""pointer"", ""pointer""], ""l2_groupings"": [8], ""load_eviction_policies"": ["""", """"], ""loop_orders"": [[0, 1]], ""num_sm_multiplier"": 1, ""num_stages"": 3, ""num_warps"": 4, ""pid_type"": ""persistent_interleaved"", ""range_flattens"": [null, null], ""range_multi_buffers"": [null, null], ""range_num_stages"": [0, 0], ""range_unroll_factors"": [0, 0], ""range_warp_specializes"": [null, null]}",ok,291.8879985809326,0.0402684211730957,0
matmul,MM_008,4096x4096x4096,heldout,0,heuristics,0,ce6cedd334b04d0d,"{""atomic_indexing"": [], ""block_sizes"": [128, 128, 32], ""indexing"": [""pointer"", ""pointer"", ""pointer""], ""l2_groupings"": [16], ""load_eviction_policies"": ["""", """"], ""loop_orders"": [[0, 1]], ""maxnreg"": 128, ""num_sm_multiplier"": 1, ""num_stages"": 4, ""num_warps"": 8, ""pid_type"": ""persistent_blocked"", ""range_flattens"": [null, null], ""range_multi_buffers"": [true, null], ""range_num_stages"": [0, 0], ""range_unroll_factors"": [0, 0], ""range_warp_specializes"": [null, null]}",ok,263.2960081100464,0.24879050254821777,0
matmul,MM_008,4096x4096x4096,heldout,0,heuristics,0,8a26568b3e320b8d,"{""atomic_indexing"": [], ""block_sizes"": [256, 128, 64], ""epilogue_subtile"": 2, ""indexing"": [""tensor_descriptor"", ""tensor_descriptor"", ""tensor_descriptor""], ""l2_groupings"": [32], ""load_eviction_policies"": ["""", """"], ""loop_orders"": [[0, 1]], ""num_sm_multiplier"": 1, ""num_stages"": 3, ""num_warps"": 8, ""pid_type"": ""persistent_blocked"", ""range_flattens"": [null, null], ""range_multi_buffers"": [null, null], ""range_num_stages"": [0, 0], ""range_unroll_factors"": [0, 0], ""range_warp_specializes"": [null, null]}",ok,167.00799763202667,0.02454352378845215,0
matmul,MM_008,4096x4096x4096,heldout,1,heuristics,0,ff35dc413cb9d6b3,"{""atomic_indexing"": [], ""block_sizes"": [128, 256, 64], ""indexing"": [""pointer"", ""pointer"", ""pointer""], ""l2_groupings"": [4], ""load_eviction_policies"": ["""", """"], ""loop_orders"": [[0, 1]], ""num_stages"": 4, ""num_warps"": 4, ""pid_type"": ""flat"", ""range_flattens"": [null, null], ""range_multi_buffers"": [null, null], ""range_num_stages"": [0, 0], ""range_unroll_factors"": [0, 0], ""range_warp_specializes"": [null, null]}",ok,117.76000261306763,0.07865166664123535,1
matmul,MM_008,4096x4096x4096,heldout,1,heuristics,0,7d0aff38f0ba9fdd,"{""atomic_indexing"": [], ""block_sizes"": [16, 16, 16], ""indexing"": [""pointer"", ""pointer"", ""pointer""], ""l2_groupings"": [1], ""load_eviction_policies"": ["""", """"], ""loop_orders"": [[0, 1]], ""num_stages"": 1, ""num_warps"": 4, ""pid_type"": ""flat"", ""range_flattens"": [null, null], ""range_multi_buffers"": [null, null], ""range_num_stages"": [0, 0], ""range_unroll_factors"": [0, 0], ""range_warp_specializes"": [null, null]}",ok,4472.847938537598,0.0628502368927002,0
matmul,MM_008,4096x4096x4096,heldout,1,heuristics,0,dc58654d1be285d1,"{""atomic_indexing"": [], ""block_sizes"": [16, 16, 16], ""epilogue_subtile"": 2, ""indexing"": [""tensor_descriptor"", ""pointer"", ""tensor_descriptor""], ""l2_groupings"": [64], ""load_eviction_policies"": [""last"", ""first""], ""loop_orders"": [[0, 1]], ""num_stages"": 3, ""num_warps"": 2, ""pid_type"": ""flat"", ""range_flattens"": [null, null], ""range_multi_buffers"": [null, null], ""range_num_stages"": [0, 0], ""range_unroll_factors"": [0, 0], ""range_warp_specializes"": [null, false]}",ok,4208.576202392578,0.04425549507141113,0
matmul,MM_008,4096x4096x4096,heldout,1,heuristics,0,7e48f14468fe9127,"{""atomic_indexing"": [], ""block_sizes"": [64, 16, 16], ""epilogue_subtile"": 2, ""indexing"": [""pointer"", ""tensor_descriptor"", ""tensor_descriptor""], ""l2_groupings"": [2], ""load_eviction_policies"": [""first"", ""last""], ""loop_orders"": [[0, 1]], ""maxnreg"": 64, ""num_sm_multiplier"": 8, ""num_stages"": 7, ""num_warps"": 8, ""pid_type"": ""persistent_blocked"", ""range_flattens"": [true, true], ""range_multi_buffers"": [false, true], ""range_num_stages"": [0, 0], ""range_unroll_factors"": [0, 0], ""range_warp_specializes"": [null, null]}",ok,3561.4399909973145,0.02789926528930664,0
matmul,MM_008,4096x4096x4096,heldout,1,heuristics,0,98e731c5f00bfa0d,"{""atomic_indexing"": [], ""block_sizes"": [16, 32, 128], ""epilogue_subtile"": 2, ""indexing"": [""pointer"", ""pointer"", ""tensor_descriptor""], ""l2_groupings"": [64], ""load_eviction_policies"": ["""", """"], ""loop_orders"": [[1, 0]], ""maxnreg"": 64, ""num_sm_multiplier"": 2, ""num_stages"": 1, ""num_warps"": 1, ""pid_type"": ""persistent_blocked"", ""range_flattens"": [false, true], ""range_multi_buffers"": [null, null], ""range_num_stages"": [0, 0], ""range_unroll_factors"": [0, 0], ""range_warp_specializes"": [false, true]}",ok,2463.2160663604736,0.04116559028625488,0
matmul,MM_008,4096x4096x4096,heldout,1,heuristics,0,090aec8abf44546c,"{""atomic_indexing"": [], ""block_sizes"": [128, 128, 64], ""indexing"": [""pointer"", ""pointer"", ""pointer""], ""l2_groupings"": [8], ""load_eviction_policies"": ["""", """"], ""loop_orders"": [[0, 1]], ""num_sm_multiplier"": 1, ""num_stages"": 3, ""num_warps"": 8, ""pid_type"": ""persistent_blocked"", ""range_flattens"": [null, null], ""range_multi_buffers"": [null, null], ""range_num_stages"": [0, 0], ""range_unroll_factors"": [0, 0], ""range_warp_specializes"": [null, null]}",ok,220.12799978256226,0.056165456771850586,0
matmul,MM_008,4096x4096x4096,heldout,1,heuristics,0,821949f2b73e72ce,"{""atomic_indexing"": [], ""block_sizes"": [128, 256, 64], ""indexing"": [""tensor_descriptor"", ""tensor_descriptor"", ""tensor_descriptor""], ""l2_groupings"": [16], ""load_eviction_policies"": ["""", """"], ""loop_orders"": [[0, 1]], ""maxnreg"": 256, ""num_sm_multiplier"": 1, ""num_stages"": 4, ""num_warps"": 8, ""pid_type"": ""persistent_blocked"", ""range_flattens"": [null, null], ""range_multi_buffers"": [true, null], ""range_num_stages"": [0, 0], ""range_unroll_factors"": [0, 0], ""range_warp_specializes"": [null, null]}",error,inf,0.037990570068359375,0
matmul,MM_008,4096x4096x4096,heldout,1,heuristics,0,11bced38861af1d5,"{""atomic_indexing"": [], ""block_sizes"": [64, 128, 64], ""indexing"": [""pointer"", ""pointer"", ""pointer""], ""l2_groupings"": [8], ""load_eviction_policies"": ["""", """"], ""loop_orders"": [[0, 1]], ""num_sm_multiplier"": 1, ""num_stages"": 3, ""num_warps"": 4, ""pid_type"": ""persistent_interleaved"", ""range_flattens"": [null, null], ""range_multi_buffers"": [null, null], ""range_num_stages"": [0, 0], ""range_unroll_factors"": [0, 0], ""range_warp_specializes"": [null, null]}",ok,289.8879945278168,0.020911693572998047,0
matmul,MM_008,4096x4096x4096,heldout,1,heuristics,0,d9cd3acce2c96ff0,"{""atomic_indexing"": [], ""block_sizes"": [128, 128, 32], ""epilogue_subtile"": 2, ""indexing"": [""tensor_descriptor"", ""tensor_descriptor"", ""tensor_descriptor""], ""l2_groupings"": [16], ""load_eviction_policies"": ["""", """"], ""loop_orders"": [[0, 1]], ""num_sm_multiplier"": 1, ""num_stages"": 3, ""num_warps"": 8, ""pid_type"": ""persistent_blocked"", ""range_flattens"": [null, null], ""range_multi_buffers"": [null, null], ""range_num_stages"": [0, 0], ""range_unroll_factors"": [0, 0], ""range_warp_specializes"": [null, null]}",ok,389.055997133255,0.21700215339660645,0
matmul,MM_008,4096x4096x4096,heldout,1,heuristics,0,40f579a878cdb1a4,"{""atomic_indexing"": [], ""block_sizes"": [256, 128, 32], ""indexing"": [""pointer"", ""pointer"", ""pointer""], ""l2_groupings"": [32], ""load_eviction_policies"": [""first"", ""last""], ""loop_orders"": [[0, 1]], ""maxnreg"": 128, ""num_sm_multiplier"": 1, ""num_stages"": 4, ""num_warps"": 8, ""pid_type"": ""persistent_blocked"", ""range_flattens"": [null, null], ""range_multi_buffers"": [null, null], ""range_num_stages"": [0, 0], ""range_unroll_factors"": [0, 0], ""range_warp_specializes"": [null, null]}",ok,175.07199943065643,0.3003232479095459,0
matmul,MM_008,4096x4096x4096,heldout,2,heuristics,0,ff35dc413cb9d6b3,"{""atomic_indexing"": [], ""block_sizes"": [128, 256, 64], ""indexing"": [""pointer"", ""pointer"", ""pointer""], ""l2_groupings"": [4], ""load_eviction_policies"": ["""", """"], ""loop_orders"": [[0, 1]], ""num_stages"": 4, ""num_warps"": 4, ""pid_type"": ""flat"", ""range_flattens"": [null, null], ""range_multi_buffers"": [null, null], ""range_num_stages"": [0, 0], ""range_unroll_factors"": [0, 0], ""range_warp_specializes"": [null, null]}",ok,121.88799679279327,0.0560307502746582,1
matmul,MM_008,4096x4096x4096,heldout,2,heuristics,0,7d0aff38f0ba9fdd,"{""atomic_indexing"": [], ""block_sizes"": [16, 16, 16], ""indexing"": [""pointer"", ""pointer"", ""pointer""], ""l2_groupings"": [1], ""load_eviction_policies"": ["""", """"], ""loop_orders"": [[0, 1]], ""num_stages"": 1, ""num_warps"": 4, ""pid_type"": ""flat"", ""range_flattens"": [null, null], ""range_multi_buffers"": [null, null], ""range_num_stages"": [0, 0], ""range_unroll_factors"": [0, 0], ""range_warp_specializes"": [null, null]}",ok,4484.080076217651,0.04006624221801758,0
matmul,MM_008,4096x4096x4096,heldout,2,heuristics,0,dc58654d1be285d1,"{""atomic_indexing"": [], ""block_sizes"": [16, 16, 16], ""epilogue_subtile"": 2, ""indexing"": [""tensor_descriptor"", ""pointer"", ""tensor_descriptor""], ""l2_groupings"": [64], ""load_eviction_policies"": [""last"", ""first""], ""loop_orders"": [[0, 1]], ""num_stages"": 3, ""num_warps"": 2, ""pid_type"": ""flat"", ""range_flattens"": [null, null], ""range_multi_buffers"": [null, null], ""range_num_stages"": [0, 0], ""range_unroll_factors"": [0, 0], ""range_warp_specializes"": [null, false]}",ok,4208.703994750977,0.022589921951293945,0
matmul,MM_008,4096x4096x4096,heldout,2,heuristics,0,7e48f14468fe9127,"{""atomic_indexing"": [], ""block_sizes"": [64, 16, 16], ""epilogue_subtile"": 2, ""indexing"": [""pointer"", ""tensor_descriptor"", ""tensor_descriptor""], ""l2_groupings"": [2], ""load_eviction_policies"": [""first"", ""last""], ""loop_orders"": [[0, 1]], ""maxnreg"": 64, ""num_sm_multiplier"": 8, ""num_stages"": 7, ""num_warps"": 8, ""pid_type"": ""persistent_blocked"", ""range_flattens"": [true, true], ""range_multi_buffers"": [false, true], ""range_num_stages"": [0, 0], ""range_unroll_factors"": [0, 0], ""range_warp_specializes"": [null, null]}",ok,3561.4399909973145,0.02076864242553711,0
matmul,MM_008,4096x4096x4096,heldout,2,heuristics,0,98e731c5f00bfa0d,"{""atomic_indexing"": [], ""block_sizes"": [16, 32, 128], ""epilogue_subtile"": 2, ""indexing"": [""pointer"", ""pointer"", ""tensor_descriptor""], ""l2_groupings"": [64], ""load_eviction_policies"": ["""", """"], ""loop_orders"": [[1, 0]], ""maxnreg"": 64, ""num_sm_multiplier"": 2, ""num_stages"": 1, ""num_warps"": 1, ""pid_type"": ""persistent_blocked"", ""range_flattens"": [false, true], ""range_multi_buffers"": [null, null], ""range_num_stages"": [0, 0], ""range_unroll_factors"": [0, 0], ""range_warp_specializes"": [false, true]}",ok,2462.86404132843,0.032678842544555664,0
matmul,MM_008,4096x4096x4096,heldout,2,heuristics,0,090aec8abf44546c,"{""atomic_indexing"": [], ""block_sizes"": [128, 128, 64], ""indexing"": [""pointer"", ""pointer"", ""pointer""], ""l2_groupings"": [8], ""load_eviction_policies"": ["""", """"], ""loop_orders"": [[0, 1]], ""num_sm_multiplier"": 1, ""num_stages"": 3, ""num_warps"": 8, ""pid_type"": ""persistent_blocked"", ""range_flattens"": [null, null], ""range_multi_buffers"": [null, null], ""range_num_stages"": [0, 0], ""range_unroll_factors"": [0, 0], ""range_warp_specializes"": [null, null]}",ok,218.1439995765686,0.058112382888793945,0
matmul,MM_008,4096x4096x4096,heldout,2,heuristics,0,e11ff6212b22864d,"{""atomic_indexing"": [], ""block_sizes"": [128, 256, 64], ""indexing"": [""tensor_descriptor"", ""tensor_descriptor"", ""tensor_descriptor""], ""l2_groupings"": [16], ""load_eviction_policies"": ["""", """"], ""loop_orders"": [[0, 1]], ""num_sm_multiplier"": 1, ""num_stages"": 4, ""num_warps"": 8, ""pid_type"": ""persistent_blocked"", ""range_flattens"": [null, null], ""range_multi_buffers"": [true, null], ""range_num_stages"": [0, 0], ""range_unroll_factors"": [0, 0], ""range_warp_specializes"": [null, null]}",error,inf,0.03867506980895996,0
matmul,MM_008,4096x4096x4096,heldout,2,heuristics,0,783e8c34be12fdf6,"{""atomic_indexing"": [], ""block_sizes"": [64, 128, 64], ""indexing"": [""pointer"", ""pointer"", ""pointer""], ""l2_groupings"": [4], ""load_eviction_policies"": ["""", """"], ""loop_orders"": [[0, 1]], ""num_sm_multiplier"": 1, ""num_stages"": 3, ""num_warps"": 4, ""pid_type"": ""persistent_interleaved"", ""range_flattens"": [null, null], ""range_multi_buffers"": [null, null], ""range_num_stages"": [0, 0], ""range_unroll_factors"": [0, 0], ""range_warp_specializes"": [null, null]}",ok,271.39198780059814,0.02278900146484375,0
matmul,MM_008,4096x4096x4096,heldout,2,heuristics,0,34f6f30521c874a8,"{""atomic_indexing"": [], ""block_sizes"": [128, 128, 32], ""indexing"": [""pointer"", ""pointer"", ""pointer""], ""l2_groupings"": [8], ""load_eviction_policies"": ["""", """"], ""loop_orders"": [[0, 1]], ""num_stages"": 3, ""num_warps"": 8, ""pid_type"": ""flat"", ""range_flattens"": [null, null], ""range_multi_buffers"": [null, null], ""range_num_stages"": [0, 0], ""range_unroll_factors"": [0, 0], ""range_warp_specializes"": [null, null]}",ok,191.39200448989868,0.023584842681884766,0
matmul,MM_008,4096x4096x4096,heldout,2,heuristics,0,9780dd3a9026010b,"{""atomic_indexing"": [], ""block_sizes"": [256, 128, 64], ""epilogue_subtile"": 2, ""indexing"": [""tensor_descriptor"", ""tensor_descriptor"", ""tensor_descriptor""], ""l2_groupings"": [32], ""load_eviction_policies"": ["""", """"], ""loop_orders"": [[0, 1]], ""num_sm_multiplier"": 1, ""num_stages"": 4, ""num_warps"": 8, ""pid_type"": ""persistent_blocked"", ""range_flattens"": [null, null], ""range_multi_buffers"": [true, null], ""range_num_stages"": [0, 0], ""range_unroll_factors"": [0, 0], ""range_warp_specializes"": [null, null]}",ok,134.07999277114868,0.023287534713745117,0
matmul,MM_009,2048x1024x2048,heldout,0,heuristics,0,4cc88bcb80a4e93a,"{""atomic_indexing"": [], ""block_sizes"": [128, 256, 32], ""indexing"": [""pointer"", ""pointer"", ""pointer""], ""l2_groupings"": [8], ""load_eviction_policies"": ["""", """"], ""loop_orders"": [[0, 1]], ""num_stages"": 4, ""num_warps"": 8, ""pid_type"": ""flat"", ""range_flattens"": [null, null], ""range_multi_buffers"": [null, null], ""range_num_stages"": [0, 0], ""range_unroll_factors"": [0, 0], ""range_warp_specializes"": [null, null]}",ok,19.487999379634857,0.03390812873840332,1
matmul,MM_009,2048x1024x2048,heldout,0,heuristics,0,7d0aff38f0ba9fdd,"{""atomic_indexing"": [], ""block_sizes"": [16, 16, 16], ""indexing"": [""pointer"", ""pointer"", ""pointer""], ""l2_groupings"": [1], ""load_eviction_policies"": ["""", """"], ""loop_orders"": [[0, 1]], ""num_stages"": 1, ""num_warps"": 4, ""pid_type"": ""flat"", ""range_flattens"": [null, null], ""range_multi_buffers"": [null, null], ""range_num_stages"": [0, 0], ""range_unroll_factors"": [0, 0], ""range_warp_specializes"": [null, null]}",ok,306.2399923801422,0.0274810791015625,0
matmul,MM_009,2048x1024x2048,heldout,0,heuristics,0,dc58654d1be285d1,"{""atomic_indexing"": [], ""block_sizes"": [16, 16, 16], ""epilogue_subtile"": 2, ""indexing"": [""tensor_descriptor"", ""pointer"", ""tensor_descriptor""], ""l2_groupings"": [64], ""load_eviction_policies"": [""last"", ""first""], ""loop_orders"": [[0, 1]], ""num_stages"": 3, ""num_warps"": 2, ""pid_type"": ""flat"", ""range_flattens"": [null, null], ""range_multi_buffers"": [null, null], ""range_num_stages"": [0, 0], ""range_unroll_factors"": [0, 0], ""range_warp_specializes"": [null, false]}",ok,289.92000222206116,0.15812277793884277,0
matmul,MM_009,2048x1024x2048,heldout,0,heuristics,0,edf3c12730505dc4,"{""atomic_indexing"": [], ""block_sizes"": [64, 16, 16], ""epilogue_subtile"": 2, ""indexing"": [""pointer"", ""tensor_descriptor"", ""tensor_descriptor""], ""l2_groupings"": [16], ""load_eviction_policies"": [""first"", ""last""], ""loop_orders"": [[0, 1]], ""maxnreg"": 64, ""num_sm_multiplier"": 8, ""num_stages"": 7, ""num_warps"": 8, ""pid_type"": ""persistent_blocked"", ""range_flattens"": [true, true], ""range_multi_buffers"": [false, true], ""range_num_stages"": [0, 0], ""range_unroll_factors"": [0, 0], ""range_warp_specializes"": [null, true]}",ok,205.88800311088562,0.3523671627044678,0
matmul,MM_009,2048x1024x2048,heldout,0,heuristics,0,b03923a21ceb7982,"{""atomic_indexing"": [], ""block_sizes"": [32, 64, 32], ""epilogue_subtile"": 2, ""indexing"": [""pointer"", ""pointer"", ""tensor_descriptor""], ""l2_groupings"": [64], ""load_eviction_policies"": ["""", """"], ""loop_orders"": [[1, 0]], ""maxnreg"": 64, ""num_sm_multiplier"": 2, ""num_stages"": 1, ""num_warps"": 1, ""pid_type"": ""persistent_blocked"", ""range_flattens"": [false, true], ""range_multi_buffers"": [null, null], ""range_num_stages"": [0, 0], ""range_unroll_factors"": [0, 0], ""range_warp_specializes"": [false, true]}",ok,97.4079966545105,0.1718766689300537,0
matmul,MM_009,2048x1024x2048,heldout,0,heuristics,0,090aec8abf44546c,"{""atomic_indexing"": [], ""block_sizes"": [128, 128, 64], ""indexing"": [""pointer"", ""pointer"", ""pointer""], ""l2_groupings"": [8], ""load_eviction_policies"": ["""", """"], ""loop_orders"": [[0, 1]], ""num_sm_multiplier"": 1, ""num_stages"": 3, ""num_warps"": 8, ""pid_type"": ""persistent_blocked"", ""range_flattens"": [null, null], ""range_multi_buffers"": [null, null], ""range_num_stages"": [0, 0], ""range_unroll_factors"": [0, 0], ""range_warp_specializes"": [null, null]}",ok,23.584000766277313,0.0537419319152832,0
matmul,MM_009,2048x1024x2048,heldout,0,heuristics,0,3d43570053353335,"{""atomic_indexing"": [], ""block_sizes"": [64, 128, 64], ""indexing"": [""tensor_descriptor"", ""tensor_descriptor"", ""tensor_descriptor""], ""l2_groupings"": [16], ""load_eviction_policies"": ["""", """"], ""loop_orders"": [[0, 1]], ""num_sm_multiplier"": 1, ""num_stages"": 4, ""num_warps"": 4, ""pid_type"": ""persistent_blocked"", ""range_flattens"": [null, null], ""range_multi_buffers"": [null, null], ""range_num_stages"": [0, 0], ""range_unroll_factors"": [0, 0], ""range_warp_specializes"": [null, null]}",ok,31.775999814271927,0.036252498626708984,0
matmul,MM_009,2048x1024x2048,heldout,0,heuristics,0,f5804a2e3b09320a,"{""atomic_indexing"": [], ""block_sizes"": [128, 256, 64], ""indexing"": [""pointer"", ""pointer"", ""pointer""], ""l2_groupings"": [8], ""load_eviction_policies"": ["""", """"], ""loop_orders"": [[0, 1]], ""maxnreg"": 128, ""num_sm_multiplier"": 1, ""num_stages"": 3, ""num_warps"": 8, ""pid_type"": ""persistent_interleaved"", ""range_flattens"": [null, null], ""range_multi_buffers"": [true, null], ""range_num_stages"": [0, 0], ""range_unroll_factors"": [0, 0], ""range_warp_specializes"": [null, null]}",ok,17.44000054895878,0.021680116653442383,0
matmul,MM_009,2048x1024x2048,heldout,0,heuristics,0,37b6bc9b1dfbc442,"{""atomic_indexing"": [], ""block_sizes"": [128, 128, 32], ""indexing"": [""pointer"", ""pointer"", ""pointer""], ""l2_groupings"": [4], ""load_eviction_policies"": ["""", """"], ""loop_orders"": [[0, 1]], ""num_stages"": 2, ""num_warps"": 4, ""pid_type"": ""flat"", ""range_flattens"": [null, null], ""range_multi_buffers"": [null, null], ""range_num_stages"": [0, 0], ""range_unroll_factors"": [0, 0], ""range_warp_specializes"": [null, null]}",ok,35.77600046992302,0.2534940242767334,0
matmul,MM_009,2048x1024x2048,heldout,0,heuristics,0,d4d126b8b4e80dbe,"{""atomic_indexing"": [], ""block_sizes"": [64, 64, 32], ""indexing"": [""pointer"", ""pointer"", ""pointer""], ""l2_groupings"": [1], ""load_eviction_policies"": ["""", """"], ""loop_orders"": [[0, 1]], ""num_stages"": 2, ""num_warps"": 4, ""pid_type"": ""flat"", ""range_flattens"": [null, null], ""range_multi_buffers"": [null, null], ""range_num_stages"": [0, 0], ""range_unroll_factors"": [0, 0], ""range_warp_specializes"": [null, null]}",ok,36.99199855327606,0.022876501083374023,0
matmul,MM_009,2048x1024x2048,heldout,1,heuristics,0,4cc88bcb80a4e93a,"{""atomic_indexing"": [], ""block_sizes"": [128, 256, 32], ""indexing"": [""pointer"", ""pointer"", ""pointer""], ""l2_groupings"": [8], ""load_eviction_policies"": ["""", """"], ""loop_orders"": [[0, 1]], ""num_stages"": 4, ""num_warps"": 8, ""pid_type"": ""flat"", ""range_flattens"": [null, null], ""range_multi_buffers"": [null, null], ""range_num_stages"": [0, 0], ""range_unroll_factors"": [0, 0], ""range_warp_specializes"": [null, null]}",ok,19.519999623298645,0.04927945137023926,1
matmul,MM_009,2048x1024x2048,heldout,1,heuristics,0,7d0aff38f0ba9fdd,"{""atomic_indexing"": [], ""block_sizes"": [16, 16, 16], ""indexing"": [""pointer"", ""pointer"", ""pointer""], ""l2_groupings"": [1], ""load_eviction_policies"": ["""", """"], ""loop_orders"": [[0, 1]], ""num_stages"": 1, ""num_warps"": 4, ""pid_type"": ""flat"", ""range_flattens"": [null, null], ""range_multi_buffers"": [null, null], ""range_num_stages"": [0, 0], ""range_unroll_factors"": [0, 0], ""range_warp_specializes"": [null, null]}",ok,306.2080144882202,0.04253530502319336,0
matmul,MM_009,2048x1024x2048,heldout,1,heuristics,0,dc58654d1be285d1,"{""atomic_indexing"": [], ""block_sizes"": [16, 16, 16], ""epilogue_subtile"": 2, ""indexing"": [""tensor_descriptor"", ""pointer"", ""tensor_descriptor""], ""l2_groupings"": [64], ""load_eviction_policies"": [""last"", ""first""], ""loop_orders"": [[0, 1]], ""num_stages"": 3, ""num_warps"": 2, ""pid_type"": ""flat"", ""range_flattens"": [null, null], ""range_multi_buffers"": [null, null], ""range_num_stages"": [0, 0], ""range_unroll_factors"": [0, 0], ""range_warp_specializes"": [null, false]}",ok,289.92000222206116,0.03553462028503418,0
matmul,MM_009,2048x1024x2048,heldout,1,heuristics,0,edf3c12730505dc4,"{""atomic_indexing"": [], ""block_sizes"": [64, 16, 16], ""epilogue_subtile"": 2, ""indexing"": [""pointer"", ""tensor_descriptor"", ""tensor_descriptor""], ""l2_groupings"": [16], ""load_eviction_policies"": [""first"", ""last""], ""loop_orders"": [[0, 1]], ""maxnreg"": 64, ""num_sm_multiplier"": 8, ""num_stages"": 7, ""num_warps"": 8, ""pid_type"": ""persistent_blocked"", ""range_flattens"": [true, true], ""range_multi_buffers"": [false, true], ""range_num_stages"": [0, 0], ""range_unroll_factors"": [0, 0], ""range_warp_specializes"": [null, true]}",ok,205.85599541664124,0.03148198127746582,0
matmul,MM_009,2048x1024x2048,heldout,1,heuristics,0,b03923a21ceb7982,"{""atomic_indexing"": [], ""block_sizes"": [32, 64, 32], ""epilogue_subtile"": 2, ""indexing"": [""pointer"", ""pointer"", ""tensor_descriptor""], ""l2_groupings"": [64], ""load_eviction_policies"": ["""", """"], ""loop_orders"": [[1, 0]], ""maxnreg"": 64, ""num_sm_multiplier"": 2, ""num_stages"": 1, ""num_warps"": 1, ""pid_type"": ""persistent_blocked"", ""range_flattens"": [false, true], ""range_multi_buffers"": [null, null], ""range_num_stages"": [0, 0], ""range_unroll_factors"": [0, 0], ""range_warp_specializes"": [false, true]}",ok,99.23200309276581,0.034331560134887695,0
matmul,MM_009,2048x1024x2048,heldout,1,heuristics,0,090aec8abf44546c,"{""atomic_indexing"": [], ""block_sizes"": [128, 128, 64], ""indexing"": [""pointer"", ""pointer"", ""pointer""], ""l2_groupings"": [8], ""load_eviction_policies"": ["""", """"], ""loop_orders"": [[0, 1]], ""num_sm_multiplier"": 1, ""num_stages"": 3, ""num_warps"": 8, ""pid_type"": ""persistent_blocked"", ""range_flattens"": [null, null], ""range_multi_buffers"": [null, null], ""range_num_stages"": [0, 0], ""range_unroll_factors"": [0, 0], ""range_warp_specializes"": [null, null]}",ok,23.744000121951103,0.07218742370605469,0
matmul,MM_009,2048x1024x2048,heldout,1,heuristics,0,3d43570053353335,"{""atomic_indexing"": [], ""block_sizes"": [64, 128, 64], ""indexing"": [""tensor_descriptor"", ""tensor_descriptor"", ""tensor_descriptor""], ""l2_groupings"": [16], ""load_eviction_policies"": ["""", """"], ""loop_orders"": [[0, 1]], ""num_sm_multiplier"": 1, ""num_stages"": 4, ""num_warps"": 4, ""pid_type"": ""persistent_blocked"", ""range_flattens"": [null, null], ""range_multi_buffers"": [null, null], ""range_num_stages"": [0, 0], ""range_unroll_factors"": [0, 0], ""range_warp_specializes"": [null, null]}",ok,31.775999814271927,0.05273938179016113,0
matmul,MM_009,2048x1024x2048,heldout,1,heuristics,0,ab9b1274cf60e004,"{""atomic_indexing"": [], ""block_sizes"": [128, 256, 32], ""indexing"": [""pointer"", ""pointer"", ""pointer""], ""l2_groupings"": [8], ""load_eviction_policies"": ["""", """"], ""loop_orders"": [[0, 1]], ""maxnreg"": 128, ""num_sm_multiplier"": 1, ""num_stages"": 3, ""num_warps"": 8, ""pid_type"": ""persistent_interleaved"", ""range_flattens"": [null, null], ""range_multi_buffers"": [true, null], ""range_num_stages"": [0, 0], ""range_unroll_factors"": [0, 0], ""range_warp_specializes"": [null, null]}",ok,23.64799939095974,0.26854777336120605,0
matmul,MM_009,2048x1024x2048,heldout,1,heuristics,0,ba686662527c395a,"{""atomic_indexing"": [], ""block_sizes"": [128, 128, 32], ""indexing"": [""pointer"", ""pointer"", ""pointer""], ""l2_groupings"": [1], ""load_eviction_policies"": ["""", """"], ""loop_orders"": [[0, 1]], ""num_stages"": 2, ""num_warps"": 8, ""pid_type"": ""flat"", ""range_flattens"": [null, null], ""range_multi_buffers"": [null, null], ""range_num_stages"": [0, 0], ""range_unroll_factors"": [0, 0], ""range_warp_specializes"": [null, null]}",ok,35.87200120091438,0.2124021053314209,0
matmul,MM_009,2048x1024x2048,heldout,1,heuristics,0,d4d126b8b4e80dbe,"{""atomic_indexing"": [], ""block_sizes"": [64, 64, 32], ""indexing"": [""pointer"", ""pointer"", ""pointer""], ""l2_groupings"": [1], ""load_eviction_policies"": ["""", """"], ""loop_orders"": [[0, 1]], ""num_stages"": 2, ""num_warps"": 4, ""pid_type"": ""flat"", ""range_flattens"": [null, null], ""range_multi_buffers"": [null, null], ""range_num_stages"": [0, 0], ""range_unroll_factors"": [0, 0], ""range_warp_specializes"": [null, null]}",ok,37.856001406908035,0.04388713836669922,0
matmul,MM_009,2048x1024x2048,heldout,2,heuristics,0,4cc88bcb80a4e93a,"{""atomic_indexing"": [], ""block_sizes"": [128, 256, 32], ""indexing"": [""pointer"", ""pointer"", ""pointer""], ""l2_groupings"": [8], ""load_eviction_policies"": ["""", """"], ""loop_orders"": [[0, 1]], ""num_stages"": 4, ""num_warps"": 8, ""pid_type"": ""flat"", ""range_flattens"": [null, null], ""range_multi_buffers"": [null, null], ""range_num_stages"": [0, 0], ""range_unroll_factors"": [0, 0], ""range_warp_specializes"": [null, null]}",ok,19.45599913597107,0.08359146118164062,1
matmul,MM_009,2048x1024x2048,heldout,2,heuristics,0,7d0aff38f0ba9fdd,"{""atomic_indexing"": [], ""block_sizes"": [16, 16, 16], ""indexing"": [""pointer"", ""pointer"", ""pointer""], ""l2_groupings"": [1], ""load_eviction_policies"": ["""", """"], ""loop_orders"": [[0, 1]], ""num_stages"": 1, ""num_warps"": 4, ""pid_type"": ""flat"", ""range_flattens"": [null, null], ""range_multi_buffers"": [null, null], ""range_num_stages"": [0, 0], ""range_unroll_factors"": [0, 0], ""range_warp_specializes"": [null, null]}",ok,306.2720000743866,0.06484770774841309,0
matmul,MM_009,2048x1024x2048,heldout,2,heuristics,0,dc58654d1be285d1,"{""atomic_indexing"": [], ""block_sizes"": [16, 16, 16], ""epilogue_subtile"": 2, ""indexing"": [""tensor_descriptor"", ""pointer"", ""tensor_descriptor""], ""l2_groupings"": [64], ""load_eviction_policies"": [""last"", ""first""], ""loop_orders"": [[0, 1]], ""num_stages"": 3, ""num_warps"": 2, ""pid_type"": ""flat"", ""range_flattens"": [null, null], ""range_multi_buffers"": [null, null], ""range_num_stages"": [0, 0], ""range_unroll_factors"": [0, 0], ""range_warp_specializes"": [null, false]}",ok,289.95200991630554,0.04711174964904785,0
matmul,MM_009,2048x1024x2048,heldout,2,heuristics,0,edf3c12730505dc4,"{""atomic_indexing"": [], ""block_sizes"": [64, 16, 16], ""epilogue_subtile"": 2, ""indexing"": [""pointer"", ""tensor_descriptor"", ""tensor_descriptor""], ""l2_groupings"": [16], ""load_eviction_policies"": [""first"", ""last""], ""loop_orders"": [[0, 1]], ""maxnreg"": 64, ""num_sm_multiplier"": 8, ""num_stages"": 7, ""num_warps"": 8, ""pid_type"": ""persistent_blocked"", ""range_flattens"": [true, true], ""range_multi_buffers"": [false, true], ""range_num_stages"": [0, 0], ""range_unroll_factors"": [0, 0], ""range_warp_specializes"": [null, true]}",ok,205.85599541664124,0.02850794792175293,0
matmul,MM_009,2048x1024x2048,heldout,2,heuristics,0,b03923a21ceb7982,"{""atomic_indexing"": [], ""block_sizes"": [32, 64, 32], ""epilogue_subtile"": 2, ""indexing"": [""pointer"", ""pointer"", ""tensor_descriptor""], ""l2_groupings"": [64], ""load_eviction_policies"": ["""", """"], ""loop_orders"": [[1, 0]], ""maxnreg"": 64, ""num_sm_multiplier"": 2, ""num_stages"": 1, ""num_warps"": 1, ""pid_type"": ""persistent_blocked"", ""range_flattens"": [false, true], ""range_multi_buffers"": [null, null], ""range_num_stages"": [0, 0], ""range_unroll_factors"": [0, 0], ""range_warp_specializes"": [false, true]}",ok,97.43999689817429,0.04199695587158203,0
matmul,MM_009,2048x1024x2048,heldout,2,heuristics,0,090aec8abf44546c,"{""atomic_indexing"": [], ""block_sizes"": [128, 128, 64], ""indexing"": [""pointer"", ""pointer"", ""pointer""], ""l2_groupings"": [8], ""load_eviction_policies"": ["""", """"], ""loop_orders"": [[0, 1]], ""num_sm_multiplier"": 1, ""num_stages"": 3, ""num_warps"": 8, ""pid_type"": ""persistent_blocked"", ""range_flattens"": [null, null], ""range_multi_buffers"": [null, null], ""range_num_stages"": [0, 0], ""range_unroll_factors"": [0, 0], ""range_warp_specializes"": [null, null]}",ok,23.584000766277313,0.06083106994628906,0
matmul,MM_009,2048x1024x2048,heldout,2,heuristics,0,89449eddd79b80df,"{""atomic_indexing"": [], ""block_sizes"": [64, 128, 64], ""indexing"": [""tensor_descriptor"", ""tensor_descriptor"", ""tensor_descriptor""], ""l2_groupings"": [8], ""load_eviction_policies"": ["""", """"], ""loop_orders"": [[0, 1]], ""num_sm_multiplier"": 1, ""num_stages"": 4, ""num_warps"": 4, ""pid_type"": ""persistent_blocked"", ""range_flattens"": [null, null], ""range_multi_buffers"": [null, null], ""range_num_stages"": [0, 0], ""range_unroll_factors"": [0, 0], ""range_warp_specializes"": [null, null]}",ok,33.695999532938,0.23455023765563965,0
matmul,MM_009,2048x1024x2048,heldout,2,heuristics,0,f8ffe8031774f975,"{""atomic_indexing"": [], ""block_sizes"": [128, 256, 64], ""indexing"": [""pointer"", ""pointer"", ""pointer""], ""l2_groupings"": [16], ""load_eviction_policies"": ["""", """"], ""loop_orders"": [[0, 1]], ""maxnreg"": 128, ""num_sm_multiplier"": 1, ""num_stages"": 3, ""num_warps"": 8, ""pid_type"": ""persistent_interleaved"", ""range_flattens"": [null, null], ""range_multi_buffers"": [true, null], ""range_num_stages"": [0, 0], ""range_unroll_factors"": [0, 0], ""range_warp_specializes"": [null, null]}",ok,17.472000792622566,0.2909977436065674,0
matmul,MM_009,2048x1024x2048,heldout,2,heuristics,0,0460ca44e705d6d7,"{""atomic_indexing"": [], ""block_sizes"": [128, 128, 32], ""indexing"": [""pointer"", ""pointer"", ""pointer""], ""l2_groupings"": [4], ""load_eviction_policies"": ["""", """"], ""loop_orders"": [[0, 1]], ""num_stages"": 3, ""num_warps"": 4, ""pid_type"": ""flat"", ""range_flattens"": [null, null], ""range_multi_buffers"": [null, null], ""range_num_stages"": [0, 0], ""range_unroll_factors"": [0, 0], ""range_warp_specializes"": [null, null]}",ok,23.584000766277313,0.025132417678833008,0
matmul,MM_009,2048x1024x2048,heldout,2,heuristics,0,d4d126b8b4e80dbe,"{""atomic_indexing"": [], ""block_sizes"": [64, 64, 32], ""indexing"": [""pointer"", ""pointer"", ""pointer""], ""l2_groupings"": [1], ""load_eviction_policies"": ["""", """"], ""loop_orders"": [[0, 1]], ""num_stages"": 2, ""num_warps"": 4, ""pid_type"": ""flat"", ""range_flattens"": [null, null], ""range_multi_buffers"": [null, null], ""range_num_stages"": [0, 0], ""range_unroll_factors"": [0, 0], ""range_warp_specializes"": [null, null]}",ok,37.79200091958046,0.033023834228515625,0
matmul,MM_010,1024x2048x4096,heldout,0,heuristics,0,61e92bd6b24c170e,"{""atomic_indexing"": [], ""block_sizes"": [256, 256, 32], ""indexing"": [""pointer"", ""pointer"", ""pointer""], ""l2_groupings"": [16], ""load_eviction_policies"": ["""", """"], ""loop_orders"": [[0, 1]], ""num_stages"": 4, ""num_warps"": 8, ""pid_type"": ""flat"", ""range_flattens"": [null, null], ""range_multi_buffers"": [null, null], ""range_num_stages"": [0, 0], ""range_unroll_factors"": [0, 0], ""range_warp_specializes"": [null, null]}",ok,33.824000507593155,0.05811667442321777,1
matmul,MM_010,1024x2048x4096,heldout,0,heuristics,0,7d0aff38f0ba9fdd,"{""atomic_indexing"": [], ""block_sizes"": [16, 16, 16], ""indexing"": [""pointer"", ""pointer"", ""pointer""], ""l2_groupings"": [1], ""load_eviction_policies"": ["""", """"], ""loop_orders"": [[0, 1]], ""num_stages"": 1, ""num_warps"": 4, ""pid_type"": ""flat"", ""range_flattens"": [null, null], ""range_multi_buffers"": [null, null], ""range_num_stages"": [0, 0], ""range_unroll_factors"": [0, 0], ""range_warp_specializes"": [null, null]}",ok,614.5119965076447,0.0392911434173584,0
matmul,MM_010,1024x2048x4096,heldout,0,heuristics,0,f1496fd97365c2ea,"{""atomic_indexing"": [], ""block_sizes"": [8, 16, 16], ""epilogue_subtile"": 2, ""indexing"": [""tensor_descriptor"", ""pointer"", ""tensor_descriptor""], ""l2_groupings"": [64], ""load_eviction_policies"": [""last"", ""first""], ""loop_orders"": [[0, 1]], ""num_stages"": 3, ""num_warps"": 2, ""pid_type"": ""flat"", ""range_flattens"": [null, null], ""range_multi_buffers"": [null, null], ""range_num_stages"": [0, 0], ""range_unroll_factors"": [0, 0], ""range_warp_specializes"": [null, false]}",ok,1001.471996307373,0.13706088066101074,0
matmul,MM_010,1024x2048x4096,heldout,0,heuristics,0,7647a8e0d423151d,"{""atomic_indexing"": [], ""block_sizes"": [32, 16, 32], ""epilogue_subtile"": 2, ""indexing"": [""pointer"", ""tensor_descriptor"", ""tensor_descriptor""], ""l2_groupings"": [16], ""load_eviction_policies"": [""first"", ""last""], ""loop_orders"": [[0, 1]], ""maxnreg"": 64, ""num_sm_multiplier"": 8, ""num_stages"": 7, ""num_warps"": 8, ""pid_type"": ""persistent_blocked"", ""range_flattens"": [true, true], ""range_multi_buffers"": [false, true], ""range_num_stages"": [0, 0], ""range_unroll_factors"": [0, 0], ""range_warp_specializes"": [null, true]}",ok,687.0719790458679,0.2664027214050293,0
matmul,MM_010,1024x2048x4096,heldout,0,heuristics,0,98e731c5f00bfa0d,"{""atomic_indexing"": [], ""block_sizes"": [16, 32, 128], ""epilogue_subtile"": 2, ""indexing"": [""pointer"", ""pointer"", ""tensor_descriptor""], ""l2_groupings"": [64], ""load_eviction_policies"": ["""", """"], ""loop_orders"": [[1, 0]], ""maxnreg"": 64, ""num_sm_multiplier"": 2, ""num_stages"": 1, ""num_warps"": 1, ""pid_type"": ""persistent_blocked"", ""range_flattens"": [false, true], ""range_multi_buffers"": [null, null], ""range_num_stages"": [0, 0], ""range_unroll_factors"": [0, 0], ""range_warp_specializes"": [false, true]}",ok,308.1600069999695,0.18202447891235352,0
matmul,MM_010,1024x2048x4096,heldout,0,heuristics,0,090aec8abf44546c,"{""atomic_indexing"": [], ""block_sizes"": [128, 128, 64], ""indexing"": [""pointer"", ""pointer"", ""pointer""], ""l2_groupings"": [8], ""load_eviction_policies"": ["""", """"], ""loop_orders"": [[0, 1]], ""num_sm_multiplier"": 1, ""num_stages"": 3, ""num_warps"": 8, ""pid_type"": ""persistent_blocked"", ""range_flattens"": [null, null], ""range_multi_buffers"": [null, null], ""range_num_stages"": [0, 0], ""range_unroll_factors"": [0, 0], ""range_warp_specializes"": [null, null]}",ok,37.99999877810478,0.057610511779785156,0
matmul,MM_010,1024x2048x4096,heldout,0,heuristics,0,3d43570053353335,"{""atomic_indexing"": [], ""block_sizes"": [64, 128, 64], ""indexing"": [""tensor_descriptor"", ""tensor_descriptor"", ""tensor_descriptor""], ""l2_groupings"": [16], ""load_eviction_policies"": ["""", """"], ""loop_orders"": [[0, 1]], ""num_sm_multiplier"": 1, ""num_stages"": 4, ""num_warps"": 4, ""pid_type"": ""persistent_blocked"", ""range_flattens"": [null, null], ""range_multi_buffers"": [null, null], ""range_num_stages"": [0, 0], ""range_unroll_factors"": [0, 0], ""range_warp_specializes"": [null, null]}",ok,50.20799860358238,0.03821992874145508,0
matmul,MM_010,1024x2048x4096,heldout,0,heuristics,0,6fb4083c90022c5e,"{""atomic_indexing"": [], ""block_sizes"": [128, 256, 64], ""indexing"": [""pointer"", ""pointer"", ""pointer""], ""l2_groupings"": [8], ""load_eviction_policies"": ["""", """"], ""loop_orders"": [[0, 1]], ""maxnreg"": 128, ""num_sm_multiplier"": 1, ""num_stages"": 3, ""num_warps"": 8, ""pid_type"": ""persistent_blocked"", ""range_flattens"": [null, null], ""range_multi_buffers"": [true, null], ""range_num_stages"": [0, 0], ""range_unroll_factors"": [0, 0], ""range_warp_specializes"": [null, null]}",ok,27.68000029027462,0.023209571838378906,0
matmul,MM_010,1024x2048x4096,heldout,0,heuristics,0,d4d126b8b4e80dbe,"{""atomic_indexing"": [], ""block_sizes"": [64, 64, 32], ""indexing"": [""pointer"", ""pointer"", ""pointer""], ""l2_groupings"": [1], ""load_eviction_policies"": ["""", """"], ""loop_orders"": [[0, 1]], ""num_stages"": 2, ""num_warps"": 4, ""pid_type"": ""flat"", ""range_flattens"": [null, null], ""range_multi_buffers"": [null, null], ""range_num_stages"": [0, 0], ""range_unroll_factors"": [0, 0], ""range_warp_specializes"": [null, null]}",ok,62.52799928188324,0.02257370948791504,0
matmul,MM_010,1024x2048x4096,heldout,0,heuristics,0,8f72b2e1b4b290c2,"{""atomic_indexing"": [], ""block_sizes"": [128, 128, 32], ""epilogue_subtile"": 2, ""indexing"": [""pointer"", ""pointer"", ""pointer""], ""l2_groupings"": [4], ""load_eviction_policies"": ["""", """"], ""loop_orders"": [[0, 1]], ""num_sm_multiplier"": 1, ""num_stages"": 4, ""num_warps"": 8, ""pid_type"": ""persistent_interleaved"", ""range_flattens"": [null, null], ""range_multi_buffers"": [null, null], ""range_num_stages"": [0, 0], ""range_unroll_factors"": [0, 0], ""range_warp_specializes"": [null, null]}",ok,44.03200000524521,0.24938035011291504,0
matmul,MM_010,1024x2048x4096,heldout,1,heuristics,0,61e92bd6b24c170e,"{""atomic_indexing"": [], ""block_sizes"": [256, 256, 32], ""indexing"": [""pointer"", ""pointer"", ""pointer""], ""l2_groupings"": [16], ""load_eviction_policies"": ["""", """"], ""loop_orders"": [[0, 1]], ""num_stages"": 4, ""num_warps"": 8, ""pid_type"": ""flat"", ""range_flattens"": [null, null], ""range_multi_buffers"": [null, null], ""range_num_stages"": [0, 0], ""range_unroll_factors"": [0, 0], ""range_warp_specializes"": [null, null]}",ok,33.79200026392937,0.04313254356384277,1
matmul,MM_010,1024x2048x4096,heldout,1,heuristics,0,7d0aff38f0ba9fdd,"{""atomic_indexing"": [], ""block_sizes"": [16, 16, 16], ""indexing"": [""pointer"", ""pointer"", ""pointer""], ""l2_groupings"": [1], ""load_eviction_policies"": ["""", """"], ""loop_orders"": [[0, 1]], ""num_stages"": 1, ""num_warps"": 4, ""pid_type"": ""flat"", ""range_flattens"": [null, null], ""range_multi_buffers"": [null, null], ""range_num_stages"": [0, 0], ""range_unroll_factors"": [0, 0], ""range_warp_specializes"": [null, null]}",ok,615.4559850692749,0.03195977210998535,0
matmul,MM_010,1024x2048x4096,heldout,1,heuristics,0,f1496fd97365c2ea,"{""atomic_indexing"": [], ""block_sizes"": [8, 16, 16], ""epilogue_subtile"": 2, ""indexing"": [""tensor_descriptor"", ""pointer"", ""tensor_descriptor""], ""l2_groupings"": [64], ""load_eviction_policies"": [""last"", ""first""], ""loop_orders"": [[0, 1]], ""num_stages"": 3, ""num_warps"": 2, ""pid_type"": ""flat"", ""range_flattens"": [null, null], ""range_multi_buffers"": [null, null], ""range_num_stages"": [0, 0], ""range_unroll_factors"": [0, 0], ""range_warp_specializes"": [null, false]}",ok,1001.3920068740845,0.022451400756835938,0
matmul,MM_010,1024x2048x4096,heldout,1,heuristics,0,7647a8e0d423151d,"{""atomic_indexing"": [], ""block_sizes"": [32, 16, 32], ""epilogue_subtile"": 2, ""indexing"": [""pointer"", ""tensor_descriptor"", ""tensor_descriptor""], ""l2_groupings"": [16], ""load_eviction_policies"": [""first"", ""last""], ""loop_orders"": [[0, 1]], ""maxnreg"": 64, ""num_sm_multiplier"": 8, ""num_stages"": 7, ""num_warps"": 8, ""pid_type"": ""persistent_blocked"", ""range_flattens"": [true, true], ""range_multi_buffers"": [false, true], ""range_num_stages"": [0, 0], ""range_unroll_factors"": [0, 0], ""range_warp_specializes"": [null, true]}",ok,686.1439943313599,0.020539045333862305,0
matmul,MM_010,1024x2048x4096,heldout,1,heuristics,0,98e731c5f00bfa0d,"{""atomic_indexing"": [], ""block_sizes"": [16, 32, 128], ""epilogue_subtile"": 2, ""indexing"": [""pointer"", ""pointer"", ""tensor_descriptor""], ""l2_groupings"": [64], ""load_eviction_policies"": ["""", """"], ""loop_orders"": [[1, 0]], ""maxnreg"": 64, ""num_sm_multiplier"": 2, ""num_stages"": 1, ""num_warps"": 1, ""pid_type"": ""persistent_blocked"", ""range_flattens"": [false, true], ""range_multi_buffers"": [null, null], ""range_num_stages"": [0, 0], ""range_unroll_factors"": [0, 0], ""range_warp_specializes"": [false, true]}",ok,308.19201469421387,0.01993584632873535,0
matmul,MM_010,1024x2048x4096,heldout,1,heuristics,0,090aec8abf44546c,"{""atomic_indexing"": [], ""block_sizes"": [128, 128, 64], ""indexing"": [""pointer"", ""pointer"", ""pointer""], ""l2_groupings"": [8], ""load_eviction_policies"": ["""", """"], ""loop_orders"": [[0, 1]], ""num_sm_multiplier"": 1, ""num_stages"": 3, ""num_warps"": 8, ""pid_type"": ""persistent_blocked"", ""range_flattens"": [null, null], ""range_multi_buffers"": [null, null], ""range_num_stages"": [0, 0], ""range_unroll_factors"": [0, 0], ""range_warp_specializes"": [null, null]}",ok,37.9519984126091,0.06027984619140625,0
matmul,MM_010,1024x2048x4096,heldout,1,heuristics,0,3d43570053353335,"{""atomic_indexing"": [], ""block_sizes"": [64, 128, 64], ""indexing"": [""tensor_descriptor"", ""tensor_descriptor"", ""tensor_descriptor""], ""l2_groupings"": [16], ""load_eviction_policies"": ["""", """"], ""loop_orders"": [[0, 1]], ""num_sm_multiplier"": 1, ""num_stages"": 4, ""num_warps"": 4, ""pid_type"": ""persistent_blocked"", ""range_flattens"": [null, null], ""range_multi_buffers"": [null, null], ""range_num_stages"": [0, 0], ""range_unroll_factors"": [0, 0], ""range_warp_specializes"": [null, null]}",ok,50.175998359918594,0.04044747352600098,0
matmul,MM_010,1024x2048x4096,heldout,1,heuristics,0,3ef02d55ffd82d2c,"{""atomic_indexing"": [], ""block_sizes"": [128, 256, 64], ""indexing"": [""pointer"", ""pointer"", ""pointer""], ""l2_groupings"": [8], ""load_eviction_policies"": ["""", """"], ""loop_orders"": [[0, 1]], ""maxnreg"": 256, ""num_sm_multiplier"": 1, ""num_stages"": 3, ""num_warps"": 8, ""pid_type"": ""persistent_blocked"", ""range_flattens"": [null, null], ""range_multi_buffers"": [true, null], ""range_num_stages"": [0, 0], ""range_unroll_factors"": [0, 0], ""range_warp_specializes"": [null, null]}",ok,27.68000029027462,0.03722214698791504,0
matmul,MM_010,1024x2048x4096,heldout,1,heuristics,0,5e600d83216d213c,"{""atomic_indexing"": [], ""block_sizes"": [128, 128, 32], ""indexing"": [""pointer"", ""pointer"", ""pointer""], ""l2_groupings"": [4], ""load_eviction_policies"": ["""", """"], ""loop_orders"": [[0, 1]], ""num_stages"": 4, ""num_warps"": 8, ""pid_type"": ""flat"", ""range_flattens"": [null, null], ""range_multi_buffers"": [null, null], ""range_num_stages"": [0, 0], ""range_unroll_factors"": [0, 0], ""range_warp_specializes"": [null, null]}",ok,29.7279991209507,0.03912544250488281,0
matmul,MM_010,1024x2048x4096,heldout,1,heuristics,0,d4d126b8b4e80dbe,"{""atomic_indexing"": [], ""block_sizes"": [64, 64, 32], ""indexing"": [""pointer"", ""pointer"", ""pointer""], ""l2_groupings"": [1], ""load_eviction_policies"": ["""", """"], ""loop_orders"": [[0, 1]], ""num_stages"": 2, ""num_warps"": 4, ""pid_type"": ""flat"", ""range_flattens"": [null, null], ""range_multi_buffers"": [null, null], ""range_num_stages"": [0, 0], ""range_unroll_factors"": [0, 0], ""range_warp_specializes"": [null, null]}",ok,62.49599903821945,0.0317990779876709,0
matmul,MM_010,1024x2048x4096,heldout,2,heuristics,0,61e92bd6b24c170e,"{""atomic_indexing"": [], ""block_sizes"": [256, 256, 32], ""indexing"": [""pointer"", ""pointer"", ""pointer""], ""l2_groupings"": [16], ""load_eviction_policies"": ["""", """"], ""loop_orders"": [[0, 1]], ""num_stages"": 4, ""num_warps"": 8, ""pid_type"": ""flat"", ""range_flattens"": [null, null], ""range_multi_buffers"": [null, null], ""range_num_stages"": [0, 0], ""range_unroll_factors"": [0, 0], ""range_warp_specializes"": [null, null]}",ok,33.824000507593155,0.0591280460357666,1
matmul,MM_010,1024x2048x4096,heldout,2,heuristics,0,7d0aff38f0ba9fdd,"{""atomic_indexing"": [], ""block_sizes"": [16, 16, 16], ""indexing"": [""pointer"", ""pointer"", ""pointer""], ""l2_groupings"": [1], ""load_eviction_policies"": ["""", """"], ""loop_orders"": [[0, 1]], ""num_stages"": 1, ""num_warps"": 4, ""pid_type"": ""flat"", ""range_flattens"": [null, null], ""range_multi_buffers"": [null, null], ""range_num_stages"": [0, 0], ""range_unroll_factors"": [0, 0], ""range_warp_specializes"": [null, null]}",ok,613.4240031242371,0.04111051559448242,0
matmul,MM_010,1024x2048x4096,heldout,2,heuristics,0,f1496fd97365c2ea,"{""atomic_indexing"": [], ""block_sizes"": [8, 16, 16], ""epilogue_subtile"": 2, ""indexing"": [""tensor_descriptor"", ""pointer"", ""tensor_descriptor""], ""l2_groupings"": [64], ""load_eviction_policies"": [""last"", ""first""], ""loop_orders"": [[0, 1]], ""num_stages"": 3, ""num_warps"": 2, ""pid_type"": ""flat"", ""range_flattens"": [null, null], ""range_multi_buffers"": [null, null], ""range_num_stages"": [0, 0], ""range_unroll_factors"": [0, 0], ""range_warp_specializes"": [null, false]}",ok,1001.408040523529,0.0359957218170166,0
matmul,MM_010,1024x2048x4096,heldout,2,heuristics,0,7647a8e0d423151d,"{""atomic_indexing"": [], ""block_sizes"": [32, 16, 32], ""epilogue_subtile"": 2, ""indexing"": [""pointer"", ""tensor_descriptor"", ""tensor_descriptor""], ""l2_groupings"": [16], ""load_eviction_policies"": [""first"", ""last""], ""loop_orders"": [[0, 1]], ""maxnreg"": 64, ""num_sm_multiplier"": 8, ""num_stages"": 7, ""num_warps"": 8, ""pid_type"": ""persistent_blocked"", ""range_flattens"": [true, true], ""range_multi_buffers"": [false, true], ""range_num_stages"": [0, 0], ""range_unroll_factors"": [0, 0], ""range_warp_specializes"": [null, true]}",ok,686.2080097198486,0.03336501121520996,0
matmul,MM_010,1024x2048x4096,heldout,2,heuristics,0,98e731c5f00bfa0d,"{""atomic_indexing"": [], ""block_sizes"": [16, 32, 128], ""epilogue_subtile"": 2, ""indexing"": [""pointer"", ""pointer"", ""tensor_descriptor""], ""l2_groupings"": [64], ""load_eviction_policies"": ["""", """"], ""loop_orders"": [[1, 0]], ""maxnreg"": 64, ""num_sm_multiplier"": 2, ""num_stages"": 1, ""num_warps"": 1, ""pid_type"": ""persistent_blocked"", ""range_flattens"": [false, true], ""range_multi_buffers"": [null, null], ""range_num_stages"": [0, 0], ""range_unroll_factors"": [0, 0], ""range_warp_specializes"": [false, true]}",ok,307.3920011520386,0.02895832061767578,0
matmul,MM_010,1024x2048x4096,heldout,2,heuristics,0,090aec8abf44546c,"{""atomic_indexing"": [], ""block_sizes"": [128, 128, 64], ""indexing"": [""pointer"", ""pointer"", ""pointer""], ""l2_groupings"": [8], ""load_eviction_policies"": ["""", """"], ""loop_orders"": [[0, 1]], ""num_sm_multiplier"": 1, ""num_stages"": 3, ""num_warps"": 8, ""pid_type"": ""persistent_blocked"", ""range_flattens"": [null, null], ""range_multi_buffers"": [null, null], ""range_num_stages"": [0, 0], ""range_unroll_factors"": [0, 0], ""range_warp_specializes"": [null, null]}",ok,37.98399865627289,0.048639535903930664,0
matmul,MM_010,1024x2048x4096,heldout,2,heuristics,0,3d43570053353335,"{""atomic_indexing"": [], ""block_sizes"": [64, 128, 64], ""indexing"": [""tensor_descriptor"", ""tensor_descriptor"", ""tensor_descriptor""], ""l2_groupings"": [16], ""load_eviction_policies"": ["""", """"], ""loop_orders"": [[0, 1]], ""num_sm_multiplier"": 1, ""num_stages"": 4, ""num_warps"": 4, ""pid_type"": ""persistent_blocked"", ""range_flattens"": [null, null], ""range_multi_buffers"": [null, null], ""range_num_stages"": [0, 0], ""range_unroll_factors"": [0, 0], ""range_warp_specializes"": [null, null]}",ok,50.20799860358238,0.03440523147583008,0
matmul,MM_010,1024x2048x4096,heldout,2,heuristics,0,3ef02d55ffd82d2c,"{""atomic_indexing"": [], ""block_sizes"": [128, 256, 64], ""indexing"": [""pointer"", ""pointer"", ""pointer""], ""l2_groupings"": [8], ""load_eviction_policies"": ["""", """"], ""loop_orders"": [[0, 1]], ""maxnreg"": 256, ""num_sm_multiplier"": 1, ""num_stages"": 3, ""num_warps"": 8, ""pid_type"": ""persistent_blocked"", ""range_flattens"": [null, null], ""range_multi_buffers"": [true, null], ""range_num_stages"": [0, 0], ""range_unroll_factors"": [0, 0], ""range_warp_specializes"": [null, null]}",ok,27.68000029027462,0.021238327026367188,0
matmul,MM_010,1024x2048x4096,heldout,2,heuristics,0,d4d126b8b4e80dbe,"{""atomic_indexing"": [], ""block_sizes"": [64, 64, 32], ""indexing"": [""pointer"", ""pointer"", ""pointer""], ""l2_groupings"": [1], ""load_eviction_policies"": ["""", """"], ""loop_orders"": [[0, 1]], ""num_stages"": 2, ""num_warps"": 4, ""pid_type"": ""flat"", ""range_flattens"": [null, null], ""range_multi_buffers"": [null, null], ""range_num_stages"": [0, 0], ""range_unroll_factors"": [0, 0], ""range_warp_specializes"": [null, null]}",ok,62.52799928188324,0.020420074462890625,0
matmul,MM_010,1024x2048x4096,heldout,2,heuristics,0,8f72b2e1b4b290c2,"{""atomic_indexing"": [], ""block_sizes"": [128, 128, 32], ""epilogue_subtile"": 2, ""indexing"": [""pointer"", ""pointer"", ""pointer""], ""l2_groupings"": [4], ""load_eviction_policies"": ["""", """"], ""loop_orders"": [[0, 1]], ""num_sm_multiplier"": 1, ""num_stages"": 4, ""num_warps"": 8, ""pid_type"": ""persistent_interleaved"", ""range_flattens"": [null, null], ""range_multi_buffers"": [null, null], ""range_num_stages"": [0, 0], ""range_unroll_factors"": [0, 0], ""range_warp_specializes"": [null, null]}",ok,44.03200000524521,0.020540952682495117,0
matmul,MM_011,128x2048x2048,heldout,0,heuristics,0,09ae4f6df93b6fba,"{""atomic_indexing"": [], ""block_sizes"": [128, 256, 32], ""indexing"": [""pointer"", ""pointer"", ""pointer""], ""l2_groupings"": [8], ""load_eviction_policies"": ["""", """"], ""loop_orders"": [[0, 1]], ""num_stages"": 5, ""num_warps"": 4, ""pid_type"": ""flat"", ""range_flattens"": [null, null], ""range_multi_buffers"": [null, null], ""range_num_stages"": [0, 0], ""range_unroll_factors"": [0, 0], ""range_warp_specializes"": [null, null]}",ok,25.567999109625816,0.05196404457092285,1
matmul,MM_011,128x2048x2048,heldout,0,heuristics,0,7d0aff38f0ba9fdd,"{""atomic_indexing"": [], ""block_sizes"": [16, 16, 16], ""indexing"": [""pointer"", ""pointer"", ""pointer""], ""l2_groupings"": [1], ""load_eviction_policies"": ["""", """"], ""loop_orders"": [[0, 1]], ""num_stages"": 1, ""num_warps"": 4, ""pid_type"": ""flat"", ""range_flattens"": [null, null], ""range_multi_buffers"": [null, null], ""range_num_stages"": [0, 0], ""range_unroll_factors"": [0, 0], ""range_warp_specializes"": [null, null]}",ok,87.00799942016602,0.0361788272857666,0
matmul,MM_011,128x2048x2048,heldout,0,heuristics,0,c4cbc3cdb5ff59da,"{""atomic_indexing"": [], ""block_sizes"": [1, 16, 64], ""epilogue_subtile"": 2, ""indexing"": [""tensor_descriptor"", ""pointer"", ""tensor_descriptor""], ""l2_groupings"": [64], ""load_eviction_policies"": [""last"", ""first""], ""loop_orders"": [[0, 1]], ""num_stages"": 3, ""num_warps"": 2, ""pid_type"": ""flat"", ""range_flattens"": [null, null], ""range_multi_buffers"": [null, null], ""range_num_stages"": [0, 0], ""range_unroll_factors"": [0, 0], ""range_warp_specializes"": [null, false]}",ok,189.5039975643158,0.19344687461853027,0
matmul,MM_011,128x2048x2048,heldout,0,heuristics,0,846c6f72a26a050c,"{""atomic_indexing"": [], ""block_sizes"": [8, 16, 64], ""epilogue_subtile"": 2, ""indexing"": [""pointer"", ""tensor_descriptor"", ""tensor_descriptor""], ""l2_groupings"": [16], ""load_eviction_policies"": [""first"", ""last""], ""loop_orders"": [[0, 1]], ""maxnreg"": 64, ""num_sm_multiplier"": 8, ""num_stages"": 7, ""num_warps"": 8, ""pid_type"": ""persistent_blocked"", ""range_flattens"": [true, true], ""range_multi_buffers"": [false, true], ""range_num_stages"": [0, 0], ""range_unroll_factors"": [0, 0], ""range_warp_specializes"": [null, true]}",ok,113.63200098276138,0.2804126739501953,0
matmul,MM_011,128x2048x2048,heldout,0,heuristics,0,475c4baa4600a80d,"{""atomic_indexing"": [], ""block_sizes"": [8, 32, 128], ""epilogue_subtile"": 2, ""indexing"": [""pointer"", ""pointer"", ""tensor_descriptor""], ""l2_groupings"": [64], ""load_eviction_policies"": ["""", """"], ""loop_orders"": [[1, 0]], ""maxnreg"": 64, ""num_sm_multiplier"": 2, ""num_stages"": 1, ""num_warps"": 1, ""pid_type"": ""persistent_blocked"", ""range_flattens"": [false, true], ""range_multi_buffers"": [null, null], ""range_num_stages"": [0, 0], ""range_unroll_factors"": [0, 0], ""range_warp_specializes"": [false, true]}",ok,48.16000163555145,0.1819148063659668,0
matmul,MM_011,128x2048x2048,heldout,0,heuristics,0,a725e7fb330cd444,"{""atomic_indexing"": [], ""block_sizes"": [64, 128, 64], ""indexing"": [""pointer"", ""pointer"", ""pointer""], ""l2_groupings"": [1], ""load_eviction_policies"": ["""", """"], ""loop_orders"": [[0, 1]], ""num_stages"": 3, ""num_warps"": 4, ""pid_type"": ""flat"", ""range_flattens"": [null, null], ""range_multi_buffers"": [null, null], ""range_num_stages"": [0, 0], ""range_unroll_factors"": [0, 0], ""range_warp_specializes"": [null, null]}",ok,23.471999913454056,0.051755666732788086,0
matmul,MM_011,128x2048x2048,heldout,0,heuristics,0,3a9212187ed23517,"{""atomic_indexing"": [], ""block_sizes"": [128, 128, 64], ""indexing"": [""tensor_descriptor"", ""tensor_descriptor"", ""tensor_descriptor""], ""l2_groupings"": [1], ""load_eviction_policies"": ["""", """"], ""loop_orders"": [[0, 1]], ""num_sm_multiplier"": 1, ""num_stages"": 4, ""num_warps"": 8, ""pid_type"": ""persistent_blocked"", ""range_flattens"": [null, null], ""range_multi_buffers"": [null, null], ""range_num_stages"": [0, 0], ""range_unroll_factors"": [0, 0], ""range_warp_specializes"": [null, null]}",ok,23.584000766277313,0.03562140464782715,0
matmul,MM_011,128x2048x2048,heldout,0,heuristics,0,f9f84ca3e88d3d47,"{""atomic_indexing"": [], ""block_sizes"": [64, 128, 32], ""indexing"": [""pointer"", ""pointer"", ""pointer""], ""l2_groupings"": [4], ""load_eviction_policies"": ["""", """"], ""loop_orders"": [[0, 1]], ""num_sm_multiplier"": 1, ""num_stages"": 3, ""num_warps"": 4, ""pid_type"": ""persistent_interleaved"", ""range_flattens"": [null, null], ""range_multi_buffers"": [null, null], ""range_num_stages"": [0, 0], ""range_unroll_factors"": [0, 0], ""range_warp_specializes"": [null, null]}",ok,33.824000507593155,0.02367115020751953,0
matmul,MM_011,128x2048x2048,heldout,0,heuristics,0,4054c1b6df3a912a,"{""atomic_indexing"": [], ""block_sizes"": [128, 256, 64], ""indexing"": [""tensor_descriptor"", ""tensor_descriptor"", ""tensor_descriptor""], ""l2_groupings"": [1], ""load_eviction_policies"": ["""", """"], ""loop_orders"": [[0, 1]], ""num_stages"": 4, ""num_warps"": 8, ""pid_type"": ""flat"", ""range_flattens"": [null, null], ""range_multi_buffers"": [null, null], ""range_num_stages"": [0, 0], ""range_unroll_factors"": [0, 0], ""range_warp_specializes"": [null, null]}",ok,23.584000766277313,0.22787976264953613,0
matmul,MM_011,128x2048x2048,heldout,0,heuristics,0,fca1042a7cd61ba1,"{""atomic_indexing"": [], ""block_sizes"": [64, 64, 64], ""indexing"": [""pointer"", ""pointer"", ""pointer""], ""l2_groupings"": [1], ""load_eviction_policies"": [""first"", ""last""], ""loop_orders"": [[0, 1]], ""num_stages"": 2, ""num_warps"": 4, ""pid_type"": ""flat"", ""range_flattens"": [null, null], ""range_multi_buffers"": [null, null], ""range_num_stages"": [0, 0], ""range_unroll_factors"": [0, 0], ""range_warp_specializes"": [null, null]}",ok,33.85600075125694,0.22242951393127441,0
matmul,MM_011,128x2048x2048,heldout,1,heuristics,0,09ae4f6df93b6fba,"{""atomic_indexing"": [], ""block_sizes"": [128, 256, 32], ""indexing"": [""pointer"", ""pointer"", ""pointer""], ""l2_groupings"": [8], ""load_eviction_policies"": ["""", """"], ""loop_orders"": [[0, 1]], ""num_stages"": 5, ""num_warps"": 4, ""pid_type"": ""flat"", ""range_flattens"": [null, null], ""range_multi_buffers"": [null, null], ""range_num_stages"": [0, 0], ""range_unroll_factors"": [0, 0], ""range_warp_specializes"": [null, null]}",ok,25.631999596953392,0.04290175437927246,1
matmul,MM_011,128x2048x2048,heldout,1,heuristics,0,7d0aff38f0ba9fdd,"{""atomic_indexing"": [], ""block_sizes"": [16, 16, 16], ""indexing"": [""pointer"", ""pointer"", ""pointer""], ""l2_groupings"": [1], ""load_eviction_policies"": ["""", """"], ""loop_orders"": [[0, 1]], ""num_stages"": 1, ""num_warps"": 4, ""pid_type"": ""flat"", ""range_flattens"": [null, null], ""range_multi_buffers"": [null, null], ""range_num_stages"": [0, 0], ""range_unroll_factors"": [0, 0], ""range_warp_specializes"": [null, null]}",ok,87.07199990749359,0.03210806846618652,0
matmul,MM_011,128x2048x2048,heldout,1,heuristics,0,c4cbc3cdb5ff59da,"{""atomic_indexing"": [], ""block_sizes"": [1, 16, 64], ""epilogue_subtile"": 2, ""indexing"": [""tensor_descriptor"", ""pointer"", ""tensor_descriptor""], ""l2_groupings"": [64], ""load_eviction_policies"": [""last"", ""first""], ""loop_orders"": [[0, 1]], ""num_stages"": 3, ""num_warps"": 2, ""pid_type"": ""flat"", ""range_flattens"": [null, null], ""range_multi_buffers"": [null, null], ""range_num_stages"": [0, 0], ""range_unroll_factors"": [0, 0], ""range_warp_specializes"": [null, false]}",ok,189.5039975643158,0.021390438079833984,0
matmul,MM_011,128x2048x2048,heldout,1,heuristics,0,846c6f72a26a050c,"{""atomic_indexing"": [], ""block_sizes"": [8, 16, 64], ""epilogue_subtile"": 2, ""indexing"": [""pointer"", ""tensor_descriptor"", ""tensor_descriptor""], ""l2_groupings"": [16], ""load_eviction_policies"": [""first"", ""last""], ""loop_orders"": [[0, 1]], ""maxnreg"": 64, ""num_sm_multiplier"": 8, ""num_stages"": 7, ""num_warps"": 8, ""pid_type"": ""persistent_blocked"", ""range_flattens"": [true, true], ""range_multi_buffers"": [false, true], ""range_num_stages"": [0, 0], ""range_unroll_factors"": [0, 0], ""range_warp_specializes"": [null, true]}",ok,113.66400122642517,0.021588563919067383,0
matmul,MM_011,128x2048x2048,heldout,1,heuristics,0,475c4baa4600a80d,"{""atomic_indexing"": [], ""block_sizes"": [8, 32, 128], ""epilogue_subtile"": 2, ""indexing"": [""pointer"", ""pointer"", ""tensor_descriptor""], ""l2_groupings"": [64], ""load_eviction_policies"": ["""", """"], ""loop_orders"": [[1, 0]], ""maxnreg"": 64, ""num_sm_multiplier"": 2, ""num_stages"": 1, ""num_warps"": 1, ""pid_type"": ""persistent_blocked"", ""range_flattens"": [false, true], ""range_multi_buffers"": [null, null], ""range_num_stages"": [0, 0], ""range_unroll_factors"": [0, 0], ""range_warp_specializes"": [false, true]}",ok,48.16000163555145,0.020292997360229492,0
matmul,MM_011,128x2048x2048,heldout,1,heuristics,0,a725e7fb330cd444,"{""atomic_indexing"": [], ""block_sizes"": [64, 128, 64], ""indexing"": [""pointer"", ""pointer"", ""pointer""], ""l2_groupings"": [1], ""load_eviction_policies"": ["""", """"], ""loop_orders"": [[0, 1]], ""num_stages"": 3, ""num_warps"": 4, ""pid_type"": ""flat"", ""range_flattens"": [null, null], ""range_multi_buffers"": [null, null], ""range_num_stages"": [0, 0], ""range_unroll_factors"": [0, 0], ""range_warp_specializes"": [null, null]}",ok,23.552000522613525,0.05951523780822754,0
matmul,MM_011,128x2048x2048,heldout,1,heuristics,0,3a9212187ed23517,"{""atomic_indexing"": [], ""block_sizes"": [128, 128, 64], ""indexing"": [""tensor_descriptor"", ""tensor_descriptor"", ""tensor_descriptor""], ""l2_groupings"": [1], ""load_eviction_policies"": ["""", """"], ""loop_orders"": [[0, 1]], ""num_sm_multiplier"": 1, ""num_stages"": 4, ""num_warps"": 8, ""pid_type"": ""persistent_blocked"", ""range_flattens"": [null, null], ""range_multi_buffers"": [null, null], ""range_num_stages"": [0, 0], ""range_unroll_factors"": [0, 0], ""range_warp_specializes"": [null, null]}",ok,23.584000766277313,0.04055666923522949,0
matmul,MM_011,128x2048x2048,heldout,1,heuristics,0,f9f84ca3e88d3d47,"{""atomic_indexing"": [], ""block_sizes"": [64, 128, 32], ""indexing"": [""pointer"", ""pointer"", ""pointer""], ""l2_groupings"": [4], ""load_eviction_policies"": ["""", """"], ""loop_orders"": [[0, 1]], ""num_sm_multiplier"": 1, ""num_stages"": 3, ""num_warps"": 4, ""pid_type"": ""persistent_interleaved"", ""range_flattens"": [null, null], ""range_multi_buffers"": [null, null], ""range_num_stages"": [0, 0], ""range_unroll_factors"": [0, 0], ""range_warp_specializes"": [null, null]}",ok,33.824000507593155,0.022141456604003906,0
matmul,MM_011,128x2048x2048,heldout,1,heuristics,0,19aa3e173ec902ba,"{""atomic_indexing"": [], ""block_sizes"": [128, 64, 64], ""indexing"": [""pointer"", ""pointer"", ""pointer""], ""l2_groupings"": [1], ""load_eviction_policies"": ["""", ""last""], ""loop_orders"": [[0, 1]], ""num_stages"": 4, ""num_warps"": 8, ""pid_type"": ""flat"", ""range_flattens"": [null, null], ""range_multi_buffers"": [null, null], ""range_num_stages"": [0, 0], ""range_unroll_factors"": [0, 0], ""range_warp_specializes"": [null, null]}",ok,17.487999983131886,0.24233269691467285,0
matmul,MM_011,128x2048x2048,heldout,1,heuristics,0,d4d126b8b4e80dbe,"{""atomic_indexing"": [], ""block_sizes"": [64, 64, 32], ""indexing"": [""pointer"", ""pointer"", ""pointer""], ""l2_groupings"": [1], ""load_eviction_policies"": ["""", """"], ""loop_orders"": [[0, 1]], ""num_stages"": 2, ""num_warps"": 4, ""pid_type"": ""flat"", ""range_flattens"": [null, null], ""range_multi_buffers"": [null, null], ""range_num_stages"": [0, 0], ""range_unroll_factors"": [0, 0], ""range_warp_specializes"": [null, null]}",ok,57.471999898552895,0.0272214412689209,0
matmul,MM_011,128x2048x2048,heldout,2,heuristics,0,09ae4f6df93b6fba,"{""atomic_indexing"": [], ""block_sizes"": [128, 256, 32], ""indexing"": [""pointer"", ""pointer"", ""pointer""], ""l2_groupings"": [8], ""load_eviction_policies"": ["""", """"], ""loop_orders"": [[0, 1]], ""num_stages"": 5, ""num_warps"": 4, ""pid_type"": ""flat"", ""range_flattens"": [null, null], ""range_multi_buffers"": [null, null], ""range_num_stages"": [0, 0], ""range_unroll_factors"": [0, 0], ""range_warp_specializes"": [null, null]}",ok,25.631999596953392,0.07645297050476074,1
matmul,MM_011,128x2048x2048,heldout,2,heuristics,0,7d0aff38f0ba9fdd,"{""atomic_indexing"": [], ""block_sizes"": [16, 16, 16], ""indexing"": [""pointer"", ""pointer"", ""pointer""], ""l2_groupings"": [1], ""load_eviction_policies"": ["""", """"], ""loop_orders"": [[0, 1]], ""num_stages"": 1, ""num_warps"": 4, ""pid_type"": ""flat"", ""range_flattens"": [null, null], ""range_multi_buffers"": [null, null], ""range_num_stages"": [0, 0], ""range_unroll_factors"": [0, 0], ""range_warp_specializes"": [null, null]}",ok,87.0399996638298,0.057547569274902344,0
matmul,MM_011,128x2048x2048,heldout,2,heuristics,0,c4cbc3cdb5ff59da,"{""atomic_indexing"": [], ""block_sizes"": [1, 16, 64], ""epilogue_subtile"": 2, ""indexing"": [""tensor_descriptor"", ""pointer"", ""tensor_descriptor""], ""l2_groupings"": [64], ""load_eviction_policies"": [""last"", ""first""], ""loop_orders"": [[0, 1]], ""num_stages"": 3, ""num_warps"": 2, ""pid_type"": ""flat"", ""range_flattens"": [null, null], ""range_multi_buffers"": [null, null], ""range_num_stages"": [0, 0], ""range_unroll_factors"": [0, 0], ""range_warp_specializes"": [null, false]}",ok,189.5039975643158,0.038857221603393555,0
matmul,MM_011,128x2048x2048,heldout,2,heuristics,0,846c6f72a26a050c,"{""atomic_indexing"": [], ""block_sizes"": [8, 16, 64], ""epilogue_subtile"": 2, ""indexing"": [""pointer"", ""tensor_descriptor"", ""tensor_descriptor""], ""l2_groupings"": [16], ""load_eviction_policies"": [""first"", ""last""], ""loop_orders"": [[0, 1]], ""maxnreg"": 64, ""num_sm_multiplier"": 8, ""num_stages"": 7, ""num_warps"": 8, ""pid_type"": ""persistent_blocked"", ""range_flattens"": [true, true], ""range_multi_buffers"": [false, true], ""range_num_stages"": [0, 0], ""range_unroll_factors"": [0, 0], ""range_warp_specializes"": [null, true]}",ok,113.66400122642517,0.03675103187561035,0
matmul,MM_011,128x2048x2048,heldout,2,heuristics,0,475c4baa4600a80d,"{""atomic_indexing"": [], ""block_sizes"": [8, 32, 128], ""epilogue_subtile"": 2, ""indexing"": [""pointer"", ""pointer"", ""tensor_descriptor""], ""l2_groupings"": [64], ""load_eviction_policies"": ["""", """"], ""loop_orders"": [[1, 0]], ""maxnreg"": 64, ""num_sm_multiplier"": 2, ""num_stages"": 1, ""num_warps"": 1, ""pid_type"": ""persistent_blocked"", ""range_flattens"": [false, true], ""range_multi_buffers"": [null, null], ""range_num_stages"": [0, 0], ""range_unroll_factors"": [0, 0], ""range_warp_specializes"": [false, true]}",ok,48.16000163555145,0.04566788673400879,0
matmul,MM_011,128x2048x2048,heldout,2,heuristics,0,a725e7fb330cd444,"{""atomic_indexing"": [], ""block_sizes"": [64, 128, 64], ""indexing"": [""pointer"", ""pointer"", ""pointer""], ""l2_groupings"": [1], ""load_eviction_policies"": ["""", """"], ""loop_orders"": [[0, 1]], ""num_stages"": 3, ""num_warps"": 4, ""pid_type"": ""flat"", ""range_flattens"": [null, null], ""range_multi_buffers"": [null, null], ""range_num_stages"": [0, 0], ""range_unroll_factors"": [0, 0], ""range_warp_specializes"": [null, null]}",ok,23.520000278949738,0.07284069061279297,0
matmul,MM_011,128x2048x2048,heldout,2,heuristics,0,3a9212187ed23517,"{""atomic_indexing"": [], ""block_sizes"": [128, 128, 64], ""indexing"": [""tensor_descriptor"", ""tensor_descriptor"", ""tensor_descriptor""], ""l2_groupings"": [1], ""load_eviction_policies"": ["""", """"], ""loop_orders"": [[0, 1]], ""num_sm_multiplier"": 1, ""num_stages"": 4, ""num_warps"": 8, ""pid_type"": ""persistent_blocked"", ""range_flattens"": [null, null], ""range_multi_buffers"": [null, null], ""range_num_stages"": [0, 0], ""range_unroll_factors"": [0, 0], ""range_warp_specializes"": [null, null]}",ok,23.584000766277313,0.05326247215270996,0
matmul,MM_011,128x2048x2048,heldout,2,heuristics,0,ad3484024d3992d8,"{""atomic_indexing"": [], ""block_sizes"": [64, 128, 32], ""indexing"": [""pointer"", ""pointer"", ""pointer""], ""l2_groupings"": [4], ""load_eviction_policies"": ["""", """"], ""loop_orders"": [[0, 1]], ""num_stages"": 3, ""num_warps"": 4, ""pid_type"": ""flat"", ""range_flattens"": [null, null], ""range_multi_buffers"": [null, null], ""range_num_stages"": [0, 0], ""range_unroll_factors"": [0, 0], ""range_warp_specializes"": [null, null]}",ok,33.824000507593155,0.036376237869262695,0
matmul,MM_011,128x2048x2048,heldout,2,heuristics,0,34dbe2a145aadf1e,"{""atomic_indexing"": [], ""block_sizes"": [128, 64, 64], ""epilogue_subtile"": 2, ""indexing"": [""pointer"", ""pointer"", ""pointer""], ""l2_groupings"": [1], ""load_eviction_policies"": ["""", ""first""], ""loop_orders"": [[0, 1]], ""num_stages"": 4, ""num_warps"": 8, ""pid_type"": ""flat"", ""range_flattens"": [null, null], ""range_multi_buffers"": [null, null], ""range_num_stages"": [0, 0], ""range_unroll_factors"": [0, 0], ""range_warp_specializes"": [null, null]}",ok,17.472000792622566,0.2633552551269531,0
matmul,MM_011,128x2048x2048,heldout,2,heuristics,0,237d8e9197f6f1a7,"{""atomic_indexing"": [], ""block_sizes"": [64, 64, 64], ""indexing"": [""pointer"", ""pointer"", ""pointer""], ""l2_groupings"": [1], ""load_eviction_policies"": ["""", """"], ""loop_orders"": [[0, 1]], ""num_sm_multiplier"": 1, ""num_stages"": 2, ""num_warps"": 4, ""pid_type"": ""persistent_interleaved"", ""range_flattens"": [null, null], ""range_multi_buffers"": [null, null], ""range_num_stages"": [0, 0], ""range_unroll_factors"": [0, 0], ""range_warp_specializes"": [null, null]}",ok,33.85600075125694,0.264575719833374,0
matmul,MM_012,4096x4096x128,heldout,0,heuristics,0,16f06fc5c50d6b2b,"{""atomic_indexing"": [], ""block_sizes"": [64, 32, 128], ""indexing"": [""pointer"", ""pointer"", ""pointer""], ""l2_groupings"": [4], ""load_eviction_policies"": ["""", """"], ""loop_orders"": [[0, 1]], ""num_stages"": 5, ""num_warps"": 4, ""pid_type"": ""flat"", ""range_flattens"": [null, null], ""range_multi_buffers"": [null, null], ""range_num_stages"": [0, 0], ""range_unroll_factors"": [0, 0], ""range_warp_specializes"": [null, null]}",ok,29.7279991209507,0.3176264762878418,1
matmul,MM_012,4096x4096x128,heldout,0,heuristics,0,7d0aff38f0ba9fdd,"{""atomic_indexing"": [], ""block_sizes"": [16, 16, 16], ""indexing"": [""pointer"", ""pointer"", ""pointer""], ""l2_groupings"": [1], ""load_eviction_policies"": ["""", """"], ""loop_orders"": [[0, 1]], ""num_stages"": 1, ""num_warps"": 4, ""pid_type"": ""flat"", ""range_flattens"": [null, null], ""range_multi_buffers"": [null, null], ""range_num_stages"": [0, 0], ""range_unroll_factors"": [0, 0], ""range_warp_specializes"": [null, null]}",ok,160.7999950647354,0.041367292404174805,0
matmul,MM_012,4096x4096x128,heldout,0,heuristics,0,dc58654d1be285d1,"{""atomic_indexing"": [], ""block_sizes"": [16, 16, 16], ""epilogue_subtile"": 2, ""indexing"": [""tensor_descriptor"", ""pointer"", ""tensor_descriptor""], ""l2_groupings"": [64], ""load_eviction_policies"": [""last"", ""first""], ""loop_orders"": [[0, 1]], ""num_stages"": 3, ""num_warps"": 2, ""pid_type"": ""flat"", ""range_flattens"": [null, null], ""range_multi_buffers"": [null, null], ""range_num_stages"": [0, 0], ""range_unroll_factors"": [0, 0], ""range_warp_specializes"": [null, false]}",ok,148.49600195884705,0.17204594612121582,0
matmul,MM_012,4096x4096x128,heldout,0,heuristics,0,6c07527b8c4b923f,"{""atomic_indexing"": [], ""block_sizes"": [128, 8, 16], ""epilogue_subtile"": 2, ""indexing"": [""pointer"", ""tensor_descriptor"", ""tensor_descriptor""], ""l2_groupings"": [2], ""load_eviction_policies"": [""first"", ""last""], ""loop_orders"": [[0, 1]], ""maxnreg"": 64, ""num_sm_multiplier"": 8, ""num_stages"": 7, ""num_warps"": 8, ""pid_type"": ""persistent_blocked"", ""range_flattens"": [true, true], ""range_multi_buffers"": [false, true], ""range_num_stages"": [0, 0], ""range_unroll_factors"": [0, 0], ""range_warp_specializes"": [null, null]}",ok,175.135999917984,0.22006821632385254,0
matmul,MM_012,4096x4096x128,heldout,0,heuristics,0,7793f79ad6f3b1ee,"{""atomic_indexing"": [], ""block_sizes"": [16, 16, 128], ""epilogue_subtile"": 2, ""indexing"": [""pointer"", ""pointer"", ""tensor_descriptor""], ""l2_groupings"": [64], ""load_eviction_policies"": ["""", """"], ""loop_orders"": [[1, 0]], ""maxnreg"": 64, ""num_sm_multiplier"": 2, ""num_stages"": 1, ""num_warps"": 1, ""pid_type"": ""persistent_blocked"", ""range_flattens"": [false, true], ""range_multi_buffers"": [null, null], ""range_num_stages"": [0, 0], ""range_unroll_factors"": [0, 0], ""range_warp_specializes"": [false, true]}",ok,162.84799575805664,0.18958020210266113,0
matmul,MM_012,4096x4096x128,heldout,0,heuristics,0,98d0b656c3e73c5e,"{""atomic_indexing"": [], ""block_sizes"": [128, 128, 64], ""indexing"": [""pointer"", ""pointer"", ""pointer""], ""l2_groupings"": [1], ""load_eviction_policies"": ["""", """"], ""loop_orders"": [[0, 1]], ""num_stages"": 3, ""num_warps"": 8, ""pid_type"": ""flat"", ""range_flattens"": [null, null], ""range_multi_buffers"": [null, null], ""range_num_stages"": [0, 0], ""range_unroll_factors"": [0, 0], ""range_warp_specializes"": [null, null]}",ok,39.99999910593033,0.09135770797729492,0
matmul,MM_012,4096x4096x128,heldout,0,heuristics,0,e2f31ba6f134fde7,"{""atomic_indexing"": [], ""block_sizes"": [64, 128, 64], ""indexing"": [""tensor_descriptor"", ""tensor_descriptor"", ""tensor_descriptor""], ""l2_groupings"": [1], ""load_eviction_policies"": ["""", """"], ""loop_orders"": [[0, 1]], ""num_stages"": 4, ""num_warps"": 4, ""pid_type"": ""flat"", ""range_flattens"": [null, null], ""range_multi_buffers"": [null, null], ""range_num_stages"": [0, 0], ""range_unroll_factors"": [0, 0], ""range_warp_specializes"": [null, null]}",ok,33.79200026392937,0.07216072082519531,0
matmul,MM_012,4096x4096x128,heldout,0,heuristics,0,29f723fc991bdb87,"{""atomic_indexing"": [], ""block_sizes"": [128, 128, 32], ""indexing"": [""pointer"", ""pointer"", ""pointer""], ""l2_groupings"": [4], ""load_eviction_policies"": ["""", """"], ""loop_orders"": [[0, 1]], ""num_sm_multiplier"": 1, ""num_stages"": 4, ""num_warps"": 8, ""pid_type"": ""persistent_interleaved"", ""range_flattens"": [null, null], ""range_multi_buffers"": [null, null], ""range_num_stages"": [0, 0], ""range_unroll_factors"": [0, 0], ""range_warp_specializes"": [null, null]}",ok,46.112000942230225,0.2804532051086426,0
matmul,MM_012,4096x4096x128,heldout,0,heuristics,0,01f39654880454a4,"{""atomic_indexing"": [], ""block_sizes"": [256, 128, 64], ""indexing"": [""pointer"", ""pointer"", ""pointer""], ""l2_groupings"": [1], ""load_eviction_policies"": ["""", ""first""], ""loop_orders"": [[0, 1]], ""num_stages"": 3, ""num_warps"": 8, ""pid_type"": ""flat"", ""range_flattens"": [null, null], ""range_multi_buffers"": [null, null], ""range_num_stages"": [0, 0], ""range_unroll_factors"": [0, 0], ""range_warp_specializes"": [null, null]}",ok,46.14400118589401,0.3295021057128906,0
matmul,MM_012,4096x4096x128,heldout,0,heuristics,0,e5dada4f43c27fb8,"{""atomic_indexing"": [], ""block_sizes"": [64, 64, 64], ""indexing"": [""pointer"", ""pointer"", ""pointer""], ""l2_groupings"": [1], ""load_eviction_policies"": ["""", """"], ""loop_orders"": [[0, 1]], ""num_stages"": 2, ""num_warps"": 4, ""pid_type"": ""flat"", ""range_flattens"": [null, null], ""range_multi_buffers"": [null, null], ""range_num_stages"": [0, 0], ""range_unroll_factors"": [0, 0], ""range_warp_specializes"": [null, null]}",ok,62.49599903821945,0.04757189750671387,0
matmul,MM_012,4096x4096x128,heldout,1,heuristics,0,16f06fc5c50d6b2b,"{""atomic_indexing"": [], ""block_sizes"": [64, 32, 128], ""indexing"": [""pointer"", ""pointer"", ""pointer""], ""l2_groupings"": [4], ""load_eviction_policies"": ["""", """"], ""loop_orders"": [[0, 1]], ""num_stages"": 5, ""num_warps"": 4, ""pid_type"": ""flat"", ""range_flattens"": [null, null], ""range_multi_buffers"": [null, null], ""range_num_stages"": [0, 0], ""range_unroll_factors"": [0, 0], ""range_warp_specializes"": [null, null]}",ok,29.7279991209507,0.07798910140991211,1
matmul,MM_012,4096x4096x128,heldout,1,heuristics,0,7d0aff38f0ba9fdd,"{""atomic_indexing"": [], ""block_sizes"": [16, 16, 16], ""indexing"": [""pointer"", ""pointer"", ""pointer""], ""l2_groupings"": [1], ""load_eviction_policies"": ["""", """"], ""loop_orders"": [[0, 1]], ""num_stages"": 1, ""num_warps"": 4, ""pid_type"": ""flat"", ""range_flattens"": [null, null], ""range_multi_buffers"": [null, null], ""range_num_stages"": [0, 0], ""range_unroll_factors"": [0, 0], ""range_warp_specializes"": [null, null]}",ok,160.7999950647354,0.06310439109802246,0
matmul,MM_012,4096x4096x128,heldout,1,heuristics,0,dc58654d1be285d1,"{""atomic_indexing"": [], ""block_sizes"": [16, 16, 16], ""epilogue_subtile"": 2, ""indexing"": [""tensor_descriptor"", ""pointer"", ""tensor_descriptor""], ""l2_groupings"": [64], ""load_eviction_policies"": [""last"", ""first""], ""loop_orders"": [[0, 1]], ""num_stages"": 3, ""num_warps"": 2, ""pid_type"": ""flat"", ""range_flattens"": [null, null], ""range_multi_buffers"": [null, null], ""range_num_stages"": [0, 0], ""range_unroll_factors"": [0, 0], ""range_warp_specializes"": [null, false]}",ok,148.51200580596924,0.048917293548583984,0
matmul,MM_012,4096x4096x128,heldout,1,heuristics,0,6c07527b8c4b923f,"{""atomic_indexing"": [], ""block_sizes"": [128, 8, 16], ""epilogue_subtile"": 2, ""indexing"": [""pointer"", ""tensor_descriptor"", ""tensor_descriptor""], ""l2_groupings"": [2], ""load_eviction_policies"": [""first"", ""last""], ""loop_orders"": [[0, 1]], ""maxnreg"": 64, ""num_sm_multiplier"": 8, ""num_stages"": 7, ""num_warps"": 8, ""pid_type"": ""persistent_blocked"", ""range_flattens"": [true, true], ""range_multi_buffers"": [false, true], ""range_num_stages"": [0, 0], ""range_unroll_factors"": [0, 0], ""range_warp_specializes"": [null, null]}",ok,175.10400712490082,0.0310671329498291,0
matmul,MM_012,4096x4096x128,heldout,1,heuristics,0,7793f79ad6f3b1ee,"{""atomic_indexing"": [], ""block_sizes"": [16, 16, 128], ""epilogue_subtile"": 2, ""indexing"": [""pointer"", ""pointer"", ""tensor_descriptor""], ""l2_groupings"": [64], ""load_eviction_policies"": ["""", """"], ""loop_orders"": [[1, 0]], ""maxnreg"": 64, ""num_sm_multiplier"": 2, ""num_stages"": 1, ""num_warps"": 1, ""pid_type"": ""persistent_blocked"", ""range_flattens"": [false, true], ""range_multi_buffers"": [null, null], ""range_num_stages"": [0, 0], ""range_unroll_factors"": [0, 0], ""range_warp_specializes"": [false, true]}",ok,162.84799575805664,0.04465317726135254,0
matmul,MM_012,4096x4096x128,heldout,1,heuristics,0,98d0b656c3e73c5e,"{""atomic_indexing"": [], ""block_sizes"": [128, 128, 64], ""indexing"": [""pointer"", ""pointer"", ""pointer""], ""l2_groupings"": [1], ""load_eviction_policies"": ["""", """"], ""loop_orders"": [[0, 1]], ""num_stages"": 3, ""num_warps"": 8, ""pid_type"": ""flat"", ""range_flattens"": [null, null], ""range_multi_buffers"": [null, null], ""range_num_stages"": [0, 0], ""range_unroll_factors"": [0, 0], ""range_warp_specializes"": [null, null]}",ok,39.99999910593033,0.07487082481384277,0
matmul,MM_012,4096x4096x128,heldout,1,heuristics,0,892801291dc8ea5b,"{""atomic_indexing"": [], ""block_sizes"": [64, 128, 64], ""indexing"": [""pointer"", ""pointer"", ""pointer""], ""l2_groupings"": [1], ""load_eviction_policies"": ["""", """"], ""loop_orders"": [[0, 1]], ""num_stages"": 4, ""num_warps"": 4, ""pid_type"": ""flat"", ""range_flattens"": [null, null], ""range_multi_buffers"": [null, null], ""range_num_stages"": [0, 0], ""range_unroll_factors"": [0, 0], ""range_warp_specializes"": [null, null]}",ok,29.7279991209507,0.05630779266357422,0
matmul,MM_012,4096x4096x128,heldout,1,heuristics,0,8e38aac693ba9f2d,"{""atomic_indexing"": [], ""block_sizes"": [256, 128, 32], ""indexing"": [""pointer"", ""pointer"", ""pointer""], ""l2_groupings"": [4], ""load_eviction_policies"": ["""", """"], ""loop_orders"": [[0, 1]], ""num_sm_multiplier"": 1, ""num_stages"": 3, ""num_warps"": 8, ""pid_type"": ""persistent_blocked"", ""range_flattens"": [null, null], ""range_multi_buffers"": [null, null], ""range_num_stages"": [0, 0], ""range_unroll_factors"": [0, 0], ""range_warp_specializes"": [null, null]}",ok,72.76800274848938,0.32564568519592285,0
matmul,MM_012,4096x4096x128,heldout,1,heuristics,0,7f0fbd9afed9fc78,"{""atomic_indexing"": [], ""block_sizes"": [128, 128, 64], ""indexing"": [""tensor_descriptor"", ""tensor_descriptor"", ""tensor_descriptor""], ""l2_groupings"": [1], ""load_eviction_policies"": ["""", ""last""], ""loop_orders"": [[0, 1]], ""num_stages"": 3, ""num_warps"": 8, ""pid_type"": ""flat"", ""range_flattens"": [null, null], ""range_multi_buffers"": [null, null], ""range_num_stages"": [0, 0], ""range_unroll_factors"": [0, 0], ""range_warp_specializes"": [null, null]}",ok,44.064000248909,0.029949426651000977,0
matmul,MM_012,4096x4096x128,heldout,1,heuristics,0,62dca6d36260726b,"{""atomic_indexing"": [], ""block_sizes"": [128, 64, 64], ""indexing"": [""pointer"", ""pointer"", ""pointer""], ""l2_groupings"": [1], ""load_eviction_policies"": ["""", """"], ""loop_orders"": [[0, 1]], ""num_stages"": 2, ""num_warps"": 4, ""pid_type"": ""flat"", ""range_flattens"": [null, null], ""range_multi_buffers"": [null, null], ""range_num_stages"": [0, 0], ""range_unroll_factors"": [0, 0], ""range_warp_specializes"": [null, null]}",ok,67.64800101518631,0.273129940032959,0
matmul,MM_012,4096x4096x128,heldout,2,heuristics,0,16f06fc5c50d6b2b,"{""atomic_indexing"": [], ""block_sizes"": [64, 32, 128], ""indexing"": [""pointer"", ""pointer"", ""pointer""], ""l2_groupings"": [4], ""load_eviction_policies"": ["""", """"], ""loop_orders"": [[0, 1]], ""num_stages"": 5, ""num_warps"": 4, ""pid_type"": ""flat"", ""range_flattens"": [null, null], ""range_multi_buffers"": [null, null], ""range_num_stages"": [0, 0], ""range_unroll_factors"": [0, 0], ""range_warp_specializes"": [null, null]}",ok,29.7279991209507,0.08870482444763184,1
matmul,MM_012,4096x4096x128,heldout,2,heuristics,0,7d0aff38f0ba9fdd,"{""atomic_indexing"": [], ""block_sizes"": [16, 16, 16], ""indexing"": [""pointer"", ""pointer"", ""pointer""], ""l2_groupings"": [1], ""load_eviction_policies"": ["""", """"], ""loop_orders"": [[0, 1]], ""num_stages"": 1, ""num_warps"": 4, ""pid_type"": ""flat"", ""range_flattens"": [null, null], ""range_multi_buffers"": [null, null], ""range_num_stages"": [0, 0], ""range_unroll_factors"": [0, 0], ""range_warp_specializes"": [null, null]}",ok,160.8320027589798,0.06996440887451172,0
matmul,MM_012,4096x4096x128,heldout,2,heuristics,0,dc58654d1be285d1,"{""atomic_indexing"": [], ""block_sizes"": [16, 16, 16], ""epilogue_subtile"": 2, ""indexing"": [""tensor_descriptor"", ""pointer"", ""tensor_descriptor""], ""l2_groupings"": [64], ""load_eviction_policies"": [""last"", ""first""], ""loop_orders"": [[0, 1]], ""num_stages"": 3, ""num_warps"": 2, ""pid_type"": ""flat"", ""range_flattens"": [null, null], ""range_multi_buffers"": [null, null], ""range_num_stages"": [0, 0], ""range_unroll_factors"": [0, 0], ""range_warp_specializes"": [null, false]}",ok,148.51200580596924,0.05053091049194336,0
matmul,MM_012,4096x4096x128,heldout,2,heuristics,0,6c07527b8c4b923f,"{""atomic_indexing"": [], ""block_sizes"": [128, 8, 16], ""epilogue_subtile"": 2, ""indexing"": [""pointer"", ""tensor_descriptor"", ""tensor_descriptor""], ""l2_groupings"": [2], ""load_eviction_policies"": [""first"", ""last""], ""loop_orders"": [[0, 1]], ""maxnreg"": 64, ""num_sm_multiplier"": 8, ""num_stages"": 7, ""num_warps"": 8, ""pid_type"": ""persistent_blocked"", ""range_flattens"": [true, true], ""range_multi_buffers"": [false, true], ""range_num_stages"": [0, 0], ""range_unroll_factors"": [0, 0], ""range_warp_specializes"": [null, null]}",ok,175.135999917984,0.03261566162109375,0
matmul,MM_012,4096x4096x128,heldout,2,heuristics,0,7793f79ad6f3b1ee,"{""atomic_indexing"": [], ""block_sizes"": [16, 16, 128], ""epilogue_subtile"": 2, ""indexing"": [""pointer"", ""pointer"", ""tensor_descriptor""], ""l2_groupings"": [64], ""load_eviction_policies"": ["""", """"], ""loop_orders"": [[1, 0]], ""maxnreg"": 64, ""num_sm_multiplier"": 2, ""num_stages"": 1, ""num_warps"": 1, ""pid_type"": ""persistent_blocked"", ""range_flattens"": [false, true], ""range_multi_buffers"": [null, null], ""range_num_stages"": [0, 0], ""range_unroll_factors"": [0, 0], ""range_warp_specializes"": [false, true]}",ok,162.88000345230103,0.04826712608337402,0
matmul,MM_012,4096x4096x128,heldout,2,heuristics,0,c959c35020e66fce,"{""atomic_indexing"": [], ""block_sizes"": [128, 128, 64], ""indexing"": [""pointer"", ""pointer"", ""pointer""], ""l2_groupings"": [1], ""load_eviction_policies"": ["""", """"], ""loop_orders"": [[0, 1]], ""num_stages"": 3, ""num_warps"": 4, ""pid_type"": ""flat"", ""range_flattens"": [null, null], ""range_multi_buffers"": [null, null], ""range_num_stages"": [0, 0], ""range_unroll_factors"": [0, 0], ""range_warp_specializes"": [null, null]}",ok,42.01599955558777,0.05746865272521973,0
matmul,MM_012,4096x4096x128,heldout,2,heuristics,0,3a9212187ed23517,"{""atomic_indexing"": [], ""block_sizes"": [128, 128, 64], ""indexing"": [""tensor_descriptor"", ""tensor_descriptor"", ""tensor_descriptor""], ""l2_groupings"": [1], ""load_eviction_policies"": ["""", """"], ""loop_orders"": [[0, 1]], ""num_sm_multiplier"": 1, ""num_stages"": 4, ""num_warps"": 8, ""pid_type"": ""persistent_blocked"", ""range_flattens"": [null, null], ""range_multi_buffers"": [null, null], ""range_num_stages"": [0, 0], ""range_unroll_factors"": [0, 0], ""range_warp_specializes"": [null, null]}",ok,35.74400022625923,0.2276608943939209,0
matmul,MM_012,4096x4096x128,heldout,2,heuristics,0,cb78f5f14b3f1386,"{""atomic_indexing"": [], ""block_sizes"": [64, 128, 64], ""indexing"": [""pointer"", ""pointer"", ""pointer""], ""l2_groupings"": [1], ""load_eviction_policies"": [""first"", """"], ""loop_orders"": [[0, 1]], ""num_stages"": 3, ""num_warps"": 4, ""pid_type"": ""flat"", ""range_flattens"": [null, null], ""range_multi_buffers"": [null, null], ""range_num_stages"": [0, 0], ""range_unroll_factors"": [0, 0], ""range_warp_specializes"": [null, null]}",ok,37.98399865627289,0.2883768081665039,0
matmul,MM_012,4096x4096x128,heldout,2,heuristics,0,e1e5103d6762ce2e,"{""atomic_indexing"": [], ""block_sizes"": [256, 128, 32], ""indexing"": [""pointer"", ""pointer"", ""pointer""], ""l2_groupings"": [4], ""load_eviction_policies"": ["""", """"], ""loop_orders"": [[0, 1]], ""num_stages"": 3, ""num_warps"": 8, ""pid_type"": ""flat"", ""range_flattens"": [null, null], ""range_multi_buffers"": [null, null], ""range_num_stages"": [0, 0], ""range_unroll_factors"": [0, 0], ""range_warp_specializes"": [null, null]}",ok,74.78400319814682,0.2957448959350586,0
matmul,MM_012,4096x4096x128,heldout,2,heuristics,0,62dca6d36260726b,"{""atomic_indexing"": [], ""block_sizes"": [128, 64, 64], ""indexing"": [""pointer"", ""pointer"", ""pointer""], ""l2_groupings"": [1], ""load_eviction_policies"": ["""", """"], ""loop_orders"": [[0, 1]], ""num_stages"": 2, ""num_warps"": 4, ""pid_type"": ""flat"", ""range_flattens"": [null, null], ""range_multi_buffers"": [null, null], ""range_num_stages"": [0, 0], ""range_unroll_factors"": [0, 0], ""range_warp_specializes"": [null, null]}",ok,66.72000139951706,0.03477621078491211,0
