kernel,shape_id,shape_label,split,repeat,arm,generation,config_hash,config,status,perf_ms,compile_time_s,seeded_by_heuristic
fp8_gemm,FP8_001,256x256x256,train,0,heuristics,0,862031b0b5ae7122,"{""atomic_indexing"": [], ""block_sizes"": [32, 64, 128], ""indexing"": [""pointer"", ""pointer"", ""pointer""], ""l2_groupings"": [1], ""load_eviction_policies"": ["""", """"], ""loop_orders"": [[0, 1]], ""num_stages"": 5, ""num_warps"": 4, ""pid_type"": ""flat"", ""range_flattens"": [null, null], ""range_multi_buffers"": [null, null], ""range_num_stages"": [0, 0], ""range_unroll_factors"": [0, 0], ""range_warp_specializes"": [null, null]}",ok,7.199999876320362,0.24179458618164062,1
fp8_gemm,FP8_001,256x256x256,train,0,heuristics,0,2a4159de248005f4,"{""atomic_indexing"": [], ""block_sizes"": [16, 16, 32], ""indexing"": [""pointer"", ""pointer"", ""pointer""], ""l2_groupings"": [1], ""load_eviction_policies"": ["""", """"], ""loop_orders"": [[0, 1]], ""num_stages"": 1, ""num_warps"": 4, ""pid_type"": ""flat"", ""range_flattens"": [null, null], ""range_multi_buffers"": [null, null], ""range_num_stages"": [0, 0], ""range_unroll_factors"": [0, 0], ""range_warp_specializes"": [null, null]}",ok,13.311999849975109,0.03569674491882324,0
fp8_gemm,FP8_001,256x256x256,train,0,heuristics,0,f4349a148c28d56e,"{""atomic_indexing"": [], ""block_sizes"": [8, 32, 32], ""indexing"": [""pointer"", ""tensor_descriptor"", ""pointer""], ""l2_groupings"": [1], ""load_eviction_policies"": ["""", """"], ""loop_orders"": [[1, 0]], ""maxnreg"": 128, ""num_sm_multiplier"": 128, ""num_stages"": 1, ""num_warps"": 2, ""pid_type"": ""persistent_interleaved"", ""range_flattens"": [true, null], ""range_multi_buffers"": [true, null], ""range_num_stages"": [4, 1], ""range_unroll_factors"": [0, 1], ""range_warp_specializes"": [null, false]}",ok,17.40800030529499,0.1317582130432129,0
fp8_gemm,FP8_001,256x256x256,train,0,heuristics,0,05bc8664f4f21c6e,"{""atomic_indexing"": [], ""block_sizes"": [32, 8, 32], ""indexing"": [""tensor_descriptor"", ""pointer"", ""pointer""], ""l2_groupings"": [16], ""load_eviction_policies"": ["""", ""first""], ""loop_orders"": [[0, 1]], ""num_stages"": 1, ""num_warps"": 4, ""pid_type"": ""flat"", ""range_flattens"": [null, true], ""range_multi_buffers"": [null, true], ""range_num_stages"": [0, 0], ""range_unroll_factors"": [0, 0], ""range_warp_specializes"": [null, false]}",ok,15.39199985563755,0.10832381248474121,0
fp8_gemm,FP8_001,256x256x256,train,0,heuristics,0,b47a6893a953d6ee,"{""atomic_indexing"": [], ""block_sizes"": [32, 4, 32], ""indexing"": [""tensor_descriptor"", ""pointer"", ""tensor_descriptor""], ""l2_groupings"": [64], ""load_eviction_policies"": ["""", """"], ""loop_orders"": [[0, 1]], ""maxnreg"": 64, ""num_sm_multiplier"": 128, ""num_stages"": 4, ""num_warps"": 16, ""pid_type"": ""persistent_interleaved"", ""range_flattens"": [true, false], ""range_multi_buffers"": [false, true], ""range_num_stages"": [2, 2], ""range_unroll_factors"": [0, 2], ""range_warp_specializes"": [false, null]}",ok,97.31200337409973,0.14298367500305176,0
fp8_gemm,FP8_001,256x256x256,train,0,heuristics,0,d0aefac2a17d044b,"{""atomic_indexing"": [], ""block_sizes"": [64, 64, 64], ""indexing"": [""pointer"", ""pointer"", ""pointer""], ""l2_groupings"": [1], ""load_eviction_policies"": ["""", """"], ""loop_orders"": [[0, 1]], ""num_stages"": 3, ""num_warps"": 4, ""pid_type"": ""flat"", ""range_flattens"": [null, null], ""range_multi_buffers"": [null, null], ""range_num_stages"": [0, 0], ""range_unroll_factors"": [0, 0], ""range_warp_specializes"": [null, null]}",ok,9.247999638319016,0.0517277717590332,0
fp8_gemm,FP8_001,256x256x256,train,0,heuristics,0,a9638c1b903a7fa3,"{""atomic_indexing"": [], ""block_sizes"": [128, 128, 64], ""indexing"": [""pointer"", ""pointer"", ""pointer""], ""l2_groupings"": [1], ""load_eviction_policies"": ["""", """"], ""loop_orders"": [[0, 1]], ""num_stages"": 4, ""num_warps"": 8, ""pid_type"": ""flat"", ""range_flattens"": [null, null], ""range_multi_buffers"": [null, null], ""range_num_stages"": [0, 0], ""range_unroll_factors"": [0, 0], ""range_warp_specializes"": [null, null]}",ok,9.247999638319016,0.21328163146972656,0
fp8_gemm,FP8_001,256x256x256,train,0,heuristics,0,46c32dce2364e910,"{""atomic_indexing"": [], ""block_sizes"": [64, 128, 64], ""indexing"": [""tensor_descriptor"", ""tensor_descriptor"", ""tensor_descriptor""], ""l2_groupings"": [1], ""load_eviction_policies"": ["""", """"], ""loop_orders"": [[0, 1]], ""num_sm_multiplier"": 1, ""num_stages"": 3, ""num_warps"": 8, ""pid_type"": ""persistent_blocked"", ""range_flattens"": [null, null], ""range_multi_buffers"": [null, null], ""range_num_stages"": [0, 0], ""range_unroll_factors"": [0, 0], ""range_warp_specializes"": [null, null]}",ok,13.344000093638897,0.021581649780273438,0
fp8_gemm,FP8_001,256x256x256,train,0,heuristics,0,e563a2edcbadf9ea,"{""atomic_indexing"": [], ""block_sizes"": [128, 64, 32], ""indexing"": [""pointer"", ""pointer"", ""pointer""], ""l2_groupings"": [4], ""load_eviction_policies"": ["""", """"], ""loop_orders"": [[0, 1]], ""num_sm_multiplier"": 1, ""num_stages"": 3, ""num_warps"": 4, ""pid_type"": ""persistent_interleaved"", ""range_flattens"": [null, null], ""range_multi_buffers"": [null, null], ""range_num_stages"": [0, 0], ""range_unroll_factors"": [0, 0], ""range_warp_specializes"": [null, null]}",ok,11.264000087976456,0.20962882041931152,0
fp8_gemm,FP8_001,256x256x256,train,0,heuristics,0,af01ead79246bc25,"{""atomic_indexing"": [], ""block_sizes"": [128, 128, 32], ""indexing"": [""pointer"", ""pointer"", ""pointer""], ""l2_groupings"": [1], ""load_eviction_policies"": [""last"", ""last""], ""loop_orders"": [[0, 1]], ""num_stages"": 4, ""num_warps"": 8, ""pid_type"": ""flat"", ""range_flattens"": [null, null], ""range_multi_buffers"": [null, null], ""range_num_stages"": [0, 0], ""range_unroll_factors"": [0, 0], ""range_warp_specializes"": [null, null]}",ok,11.103999800980091,0.19318461418151855,0
fp8_gemm,FP8_001,256x256x256,train,1,heuristics,0,862031b0b5ae7122,"{""atomic_indexing"": [], ""block_sizes"": [32, 64, 128], ""indexing"": [""pointer"", ""pointer"", ""pointer""], ""l2_groupings"": [1], ""load_eviction_policies"": ["""", """"], ""loop_orders"": [[0, 1]], ""num_stages"": 5, ""num_warps"": 4, ""pid_type"": ""flat"", ""range_flattens"": [null, null], ""range_multi_buffers"": [null, null], ""range_num_stages"": [0, 0], ""range_unroll_factors"": [0, 0], ""range_warp_specializes"": [null, null]}",ok,7.199999876320362,0.07101678848266602,1
fp8_gemm,FP8_001,256x256x256,train,1,heuristics,0,2a4159de248005f4,"{""atomic_indexing"": [], ""block_sizes"": [16, 16, 32], ""indexing"": [""pointer"", ""pointer"", ""pointer""], ""l2_groupings"": [1], ""load_eviction_policies"": ["""", """"], ""loop_orders"": [[0, 1]], ""num_stages"": 1, ""num_warps"": 4, ""pid_type"": ""flat"", ""range_flattens"": [null, null], ""range_multi_buffers"": [null, null], ""range_num_stages"": [0, 0], ""range_unroll_factors"": [0, 0], ""range_warp_specializes"": [null, null]}",ok,13.311999849975109,0.05515718460083008,0
fp8_gemm,FP8_001,256x256x256,train,1,heuristics,0,f4349a148c28d56e,"{""atomic_indexing"": [], ""block_sizes"": [8, 32, 32], ""indexing"": [""pointer"", ""tensor_descriptor"", ""pointer""], ""l2_groupings"": [1], ""load_eviction_policies"": ["""", """"], ""loop_orders"": [[1, 0]], ""maxnreg"": 128, ""num_sm_multiplier"": 128, ""num_stages"": 1, ""num_warps"": 2, ""pid_type"": ""persistent_interleaved"", ""range_flattens"": [true, null], ""range_multi_buffers"": [true, null], ""range_num_stages"": [4, 1], ""range_unroll_factors"": [0, 1], ""range_warp_specializes"": [null, false]}",ok,17.44000054895878,0.04073166847229004,0
fp8_gemm,FP8_001,256x256x256,train,1,heuristics,0,05bc8664f4f21c6e,"{""atomic_indexing"": [], ""block_sizes"": [32, 8, 32], ""indexing"": [""tensor_descriptor"", ""pointer"", ""pointer""], ""l2_groupings"": [16], ""load_eviction_policies"": ["""", ""first""], ""loop_orders"": [[0, 1]], ""num_stages"": 1, ""num_warps"": 4, ""pid_type"": ""flat"", ""range_flattens"": [null, true], ""range_multi_buffers"": [null, true], ""range_num_stages"": [0, 0], ""range_unroll_factors"": [0, 0], ""range_warp_specializes"": [null, false]}",ok,15.39199985563755,0.03319096565246582,0
fp8_gemm,FP8_001,256x256x256,train,1,heuristics,0,b47a6893a953d6ee,"{""atomic_indexing"": [], ""block_sizes"": [32, 4, 32], ""indexing"": [""tensor_descriptor"", ""pointer"", ""tensor_descriptor""], ""l2_groupings"": [64], ""load_eviction_policies"": ["""", """"], ""loop_orders"": [[0, 1]], ""maxnreg"": 64, ""num_sm_multiplier"": 128, ""num_stages"": 4, ""num_warps"": 16, ""pid_type"": ""persistent_interleaved"", ""range_flattens"": [true, false], ""range_multi_buffers"": [false, true], ""range_num_stages"": [2, 2], ""range_unroll_factors"": [0, 2], ""range_warp_specializes"": [false, null]}",ok,97.31200337409973,0.03897356986999512,0
fp8_gemm,FP8_001,256x256x256,train,1,heuristics,0,d0aefac2a17d044b,"{""atomic_indexing"": [], ""block_sizes"": [64, 64, 64], ""indexing"": [""pointer"", ""pointer"", ""pointer""], ""l2_groupings"": [1], ""load_eviction_policies"": ["""", """"], ""loop_orders"": [[0, 1]], ""num_stages"": 3, ""num_warps"": 4, ""pid_type"": ""flat"", ""range_flattens"": [null, null], ""range_multi_buffers"": [null, null], ""range_num_stages"": [0, 0], ""range_unroll_factors"": [0, 0], ""range_warp_specializes"": [null, null]}",ok,9.247999638319016,0.050760507583618164,0
fp8_gemm,FP8_001,256x256x256,train,1,heuristics,0,a9638c1b903a7fa3,"{""atomic_indexing"": [], ""block_sizes"": [128, 128, 64], ""indexing"": [""pointer"", ""pointer"", ""pointer""], ""l2_groupings"": [1], ""load_eviction_policies"": ["""", """"], ""loop_orders"": [[0, 1]], ""num_stages"": 4, ""num_warps"": 8, ""pid_type"": ""flat"", ""range_flattens"": [null, null], ""range_multi_buffers"": [null, null], ""range_num_stages"": [0, 0], ""range_unroll_factors"": [0, 0], ""range_warp_specializes"": [null, null]}",ok,9.247999638319016,0.03491854667663574,0
fp8_gemm,FP8_001,256x256x256,train,1,heuristics,0,46c32dce2364e910,"{""atomic_indexing"": [], ""block_sizes"": [64, 128, 64], ""indexing"": [""tensor_descriptor"", ""tensor_descriptor"", ""tensor_descriptor""], ""l2_groupings"": [1], ""load_eviction_policies"": ["""", """"], ""loop_orders"": [[0, 1]], ""num_sm_multiplier"": 1, ""num_stages"": 3, ""num_warps"": 8, ""pid_type"": ""persistent_blocked"", ""range_flattens"": [null, null], ""range_multi_buffers"": [null, null], ""range_num_stages"": [0, 0], ""range_unroll_factors"": [0, 0], ""range_warp_specializes"": [null, null]}",ok,13.344000093638897,0.020232677459716797,0
fp8_gemm,FP8_001,256x256x256,train,1,heuristics,0,0a9659107bf101eb,"{""atomic_indexing"": [], ""block_sizes"": [128, 64, 32], ""indexing"": [""pointer"", ""pointer"", ""pointer""], ""l2_groupings"": [4], ""load_eviction_policies"": ["""", """"], ""loop_orders"": [[0, 1]], ""num_stages"": 2, ""num_warps"": 4, ""pid_type"": ""flat"", ""range_flattens"": [null, null], ""range_multi_buffers"": [null, null], ""range_num_stages"": [0, 0], ""range_unroll_factors"": [0, 0], ""range_warp_specializes"": [null, null]}",ok,13.344000093638897,0.18514299392700195,0
fp8_gemm,FP8_001,256x256x256,train,1,heuristics,0,d4d126b8b4e80dbe,"{""atomic_indexing"": [], ""block_sizes"": [64, 64, 32], ""indexing"": [""pointer"", ""pointer"", ""pointer""], ""l2_groupings"": [1], ""load_eviction_policies"": ["""", """"], ""loop_orders"": [[0, 1]], ""num_stages"": 2, ""num_warps"": 4, ""pid_type"": ""flat"", ""range_flattens"": [null, null], ""range_multi_buffers"": [null, null], ""range_num_stages"": [0, 0], ""range_unroll_factors"": [0, 0], ""range_warp_specializes"": [null, null]}",ok,13.344000093638897,0.16831064224243164,0
fp8_gemm,FP8_001,256x256x256,train,2,heuristics,0,862031b0b5ae7122,"{""atomic_indexing"": [], ""block_sizes"": [32, 64, 128], ""indexing"": [""pointer"", ""pointer"", ""pointer""], ""l2_groupings"": [1], ""load_eviction_policies"": ["""", """"], ""loop_orders"": [[0, 1]], ""num_stages"": 5, ""num_warps"": 4, ""pid_type"": ""flat"", ""range_flattens"": [null, null], ""range_multi_buffers"": [null, null], ""range_num_stages"": [0, 0], ""range_unroll_factors"": [0, 0], ""range_warp_specializes"": [null, null]}",ok,7.168000098317862,0.04168558120727539,1
fp8_gemm,FP8_001,256x256x256,train,2,heuristics,0,2a4159de248005f4,"{""atomic_indexing"": [], ""block_sizes"": [16, 16, 32], ""indexing"": [""pointer"", ""pointer"", ""pointer""], ""l2_groupings"": [1], ""load_eviction_policies"": ["""", """"], ""loop_orders"": [[0, 1]], ""num_stages"": 1, ""num_warps"": 4, ""pid_type"": ""flat"", ""range_flattens"": [null, null], ""range_multi_buffers"": [null, null], ""range_num_stages"": [0, 0], ""range_unroll_factors"": [0, 0], ""range_warp_specializes"": [null, null]}",ok,13.311999849975109,0.03145265579223633,0
fp8_gemm,FP8_001,256x256x256,train,2,heuristics,0,f4349a148c28d56e,"{""atomic_indexing"": [], ""block_sizes"": [8, 32, 32], ""indexing"": [""pointer"", ""tensor_descriptor"", ""pointer""], ""l2_groupings"": [1], ""load_eviction_policies"": ["""", """"], ""loop_orders"": [[1, 0]], ""maxnreg"": 128, ""num_sm_multiplier"": 128, ""num_stages"": 1, ""num_warps"": 2, ""pid_type"": ""persistent_interleaved"", ""range_flattens"": [true, null], ""range_multi_buffers"": [true, null], ""range_num_stages"": [4, 1], ""range_unroll_factors"": [0, 1], ""range_warp_specializes"": [null, false]}",ok,17.40800030529499,0.021587610244750977,0
fp8_gemm,FP8_001,256x256x256,train,2,heuristics,0,05bc8664f4f21c6e,"{""atomic_indexing"": [], ""block_sizes"": [32, 8, 32], ""indexing"": [""tensor_descriptor"", ""pointer"", ""pointer""], ""l2_groupings"": [16], ""load_eviction_policies"": ["""", ""first""], ""loop_orders"": [[0, 1]], ""num_stages"": 1, ""num_warps"": 4, ""pid_type"": ""flat"", ""range_flattens"": [null, true], ""range_multi_buffers"": [null, true], ""range_num_stages"": [0, 0], ""range_unroll_factors"": [0, 0], ""range_warp_specializes"": [null, false]}",ok,15.39199985563755,0.019728422164916992,0
fp8_gemm,FP8_001,256x256x256,train,2,heuristics,0,b47a6893a953d6ee,"{""atomic_indexing"": [], ""block_sizes"": [32, 4, 32], ""indexing"": [""tensor_descriptor"", ""pointer"", ""tensor_descriptor""], ""l2_groupings"": [64], ""load_eviction_policies"": ["""", """"], ""loop_orders"": [[0, 1]], ""maxnreg"": 64, ""num_sm_multiplier"": 128, ""num_stages"": 4, ""num_warps"": 16, ""pid_type"": ""persistent_interleaved"", ""range_flattens"": [true, false], ""range_multi_buffers"": [false, true], ""range_num_stages"": [2, 2], ""range_unroll_factors"": [0, 2], ""range_warp_specializes"": [false, null]}",ok,97.31200337409973,0.019147396087646484,0
fp8_gemm,FP8_001,256x256x256,train,2,heuristics,0,331468133066d661,"{""atomic_indexing"": [], ""block_sizes"": [64, 64, 32], ""indexing"": [""pointer"", ""pointer"", ""pointer""], ""l2_groupings"": [1], ""load_eviction_policies"": ["""", """"], ""loop_orders"": [[0, 1]], ""num_stages"": 3, ""num_warps"": 4, ""pid_type"": ""flat"", ""range_flattens"": [null, null], ""range_multi_buffers"": [null, null], ""range_num_stages"": [0, 0], ""range_unroll_factors"": [0, 0], ""range_warp_specializes"": [null, null]}",ok,9.344000369310379,0.05176496505737305,0
fp8_gemm,FP8_001,256x256x256,train,2,heuristics,0,22c03896690dff6a,"{""atomic_indexing"": [], ""block_sizes"": [128, 128, 64], ""indexing"": [""tensor_descriptor"", ""tensor_descriptor"", ""tensor_descriptor""], ""l2_groupings"": [1], ""load_eviction_policies"": ["""", """"], ""loop_orders"": [[0, 1]], ""num_sm_multiplier"": 1, ""num_stages"": 3, ""num_warps"": 8, ""pid_type"": ""persistent_blocked"", ""range_flattens"": [null, null], ""range_multi_buffers"": [null, null], ""range_num_stages"": [0, 0], ""range_unroll_factors"": [0, 0], ""range_warp_specializes"": [null, null]}",ok,13.311999849975109,0.04715752601623535,0
fp8_gemm,FP8_001,256x256x256,train,2,heuristics,0,054204e7c7bb8c10,"{""atomic_indexing"": [], ""block_sizes"": [64, 128, 64], ""indexing"": [""pointer"", ""pointer"", ""pointer""], ""l2_groupings"": [1], ""load_eviction_policies"": ["""", """"], ""loop_orders"": [[0, 1]], ""num_stages"": 4, ""num_warps"": 4, ""pid_type"": ""flat"", ""range_flattens"": [null, null], ""range_multi_buffers"": [null, true], ""range_num_stages"": [0, 0], ""range_unroll_factors"": [0, 0], ""range_warp_specializes"": [null, null]}",ok,9.247999638319016,0.24390244483947754,0
fp8_gemm,FP8_001,256x256x256,train,2,heuristics,0,b42fd7eccb0041b1,"{""atomic_indexing"": [], ""block_sizes"": [128, 64, 32], ""indexing"": [""pointer"", ""pointer"", ""pointer""], ""l2_groupings"": [4], ""load_eviction_policies"": ["""", """"], ""loop_orders"": [[0, 1]], ""num_sm_multiplier"": 1, ""num_stages"": 2, ""num_warps"": 8, ""pid_type"": ""persistent_interleaved"", ""range_flattens"": [null, null], ""range_multi_buffers"": [null, null], ""range_num_stages"": [0, 0], ""range_unroll_factors"": [0, 0], ""range_warp_specializes"": [null, null]}",ok,13.344000093638897,0.03253030776977539,0
fp8_gemm,FP8_001,256x256x256,train,2,heuristics,0,79b5f76584c29c66,"{""atomic_indexing"": [], ""block_sizes"": [64, 64, 64], ""indexing"": [""pointer"", ""pointer"", ""pointer""], ""l2_groupings"": [1], ""load_eviction_policies"": [""last"", ""last""], ""loop_orders"": [[0, 1]], ""num_stages"": 3, ""num_warps"": 4, ""pid_type"": ""flat"", ""range_flattens"": [null, null], ""range_multi_buffers"": [null, null], ""range_num_stages"": [0, 0], ""range_unroll_factors"": [0, 0], ""range_warp_specializes"": [null, null]}",ok,9.247999638319016,0.19562959671020508,0
fp8_gemm,FP8_002,512x512x512,train,0,heuristics,0,862031b0b5ae7122,"{""atomic_indexing"": [], ""block_sizes"": [32, 64, 128], ""indexing"": [""pointer"", ""pointer"", ""pointer""], ""l2_groupings"": [1], ""load_eviction_policies"": ["""", """"], ""loop_orders"": [[0, 1]], ""num_stages"": 5, ""num_warps"": 4, ""pid_type"": ""flat"", ""range_flattens"": [null, null], ""range_multi_buffers"": [null, null], ""range_num_stages"": [0, 0], ""range_unroll_factors"": [0, 0], ""range_warp_specializes"": [null, null]}",ok,9.247999638319016,0.23676729202270508,1
fp8_gemm,FP8_002,512x512x512,train,0,heuristics,0,2a4159de248005f4,"{""atomic_indexing"": [], ""block_sizes"": [16, 16, 32], ""indexing"": [""pointer"", ""pointer"", ""pointer""], ""l2_groupings"": [1], ""load_eviction_policies"": ["""", """"], ""loop_orders"": [[0, 1]], ""num_stages"": 1, ""num_warps"": 4, ""pid_type"": ""flat"", ""range_flattens"": [null, null], ""range_multi_buffers"": [null, null], ""range_num_stages"": [0, 0], ""range_unroll_factors"": [0, 0], ""range_warp_specializes"": [null, null]}",ok,21.51999995112419,0.03732419013977051,0
fp8_gemm,FP8_002,512x512x512,train,0,heuristics,0,e5ce232d4e72e9be,"{""atomic_indexing"": [], ""block_sizes"": [16, 32, 32], ""indexing"": [""pointer"", ""tensor_descriptor"", ""pointer""], ""l2_groupings"": [1], ""load_eviction_policies"": ["""", """"], ""loop_orders"": [[1, 0]], ""maxnreg"": 128, ""num_sm_multiplier"": 128, ""num_stages"": 1, ""num_warps"": 2, ""pid_type"": ""persistent_interleaved"", ""range_flattens"": [true, null], ""range_multi_buffers"": [true, null], ""range_num_stages"": [4, 1], ""range_unroll_factors"": [0, 1], ""range_warp_specializes"": [null, false]}",ok,23.584000766277313,0.13008904457092285,0
fp8_gemm,FP8_002,512x512x512,train,0,heuristics,0,6d3e56f6ad839843,"{""atomic_indexing"": [], ""block_sizes"": [32, 16, 32], ""indexing"": [""tensor_descriptor"", ""pointer"", ""pointer""], ""l2_groupings"": [16], ""load_eviction_policies"": ["""", ""first""], ""loop_orders"": [[0, 1]], ""num_stages"": 1, ""num_warps"": 4, ""pid_type"": ""flat"", ""range_flattens"": [null, true], ""range_multi_buffers"": [null, true], ""range_num_stages"": [0, 0], ""range_unroll_factors"": [0, 0], ""range_warp_specializes"": [null, false]}",ok,23.552000522613525,0.11853647232055664,0
fp8_gemm,FP8_002,512x512x512,train,0,heuristics,0,322bc7c08012ca0d,"{""atomic_indexing"": [], ""block_sizes"": [32, 8, 32], ""indexing"": [""tensor_descriptor"", ""pointer"", ""tensor_descriptor""], ""l2_groupings"": [64], ""load_eviction_policies"": ["""", """"], ""loop_orders"": [[0, 1]], ""maxnreg"": 64, ""num_sm_multiplier"": 128, ""num_stages"": 4, ""num_warps"": 16, ""pid_type"": ""persistent_interleaved"", ""range_flattens"": [true, false], ""range_multi_buffers"": [false, true], ""range_num_stages"": [2, 2], ""range_unroll_factors"": [0, 2], ""range_warp_specializes"": [false, null]}",ok,168.96000504493713,0.13518524169921875,0
fp8_gemm,FP8_002,512x512x512,train,0,heuristics,0,d0aefac2a17d044b,"{""atomic_indexing"": [], ""block_sizes"": [64, 64, 64], ""indexing"": [""pointer"", ""pointer"", ""pointer""], ""l2_groupings"": [1], ""load_eviction_policies"": ["""", """"], ""loop_orders"": [[0, 1]], ""num_stages"": 3, ""num_warps"": 4, ""pid_type"": ""flat"", ""range_flattens"": [null, null], ""range_multi_buffers"": [null, null], ""range_num_stages"": [0, 0], ""range_unroll_factors"": [0, 0], ""range_warp_specializes"": [null, null]}",ok,10.319999884814024,0.06160926818847656,0
fp8_gemm,FP8_002,512x512x512,train,0,heuristics,0,b717a8c25c3ad2e0,"{""atomic_indexing"": [], ""block_sizes"": [128, 128, 64], ""indexing"": [""pointer"", ""pointer"", ""pointer""], ""l2_groupings"": [1], ""load_eviction_policies"": ["""", """"], ""loop_orders"": [[0, 1]], ""num_sm_multiplier"": 1, ""num_stages"": 3, ""num_warps"": 8, ""pid_type"": ""persistent_blocked"", ""range_flattens"": [null, null], ""range_multi_buffers"": [true, null], ""range_num_stages"": [0, 0], ""range_unroll_factors"": [0, 0], ""range_warp_specializes"": [null, null]}",ok,11.296000331640244,0.04515981674194336,0
fp8_gemm,FP8_002,512x512x512,train,0,heuristics,0,eaab5b23506e71d0,"{""atomic_indexing"": [], ""block_sizes"": [64, 128, 64], ""indexing"": [""tensor_descriptor"", ""tensor_descriptor"", ""tensor_descriptor""], ""l2_groupings"": [1], ""load_eviction_policies"": ["""", """"], ""loop_orders"": [[0, 1]], ""num_stages"": 4, ""num_warps"": 8, ""pid_type"": ""flat"", ""range_flattens"": [null, null], ""range_multi_buffers"": [null, null], ""range_num_stages"": [0, 0], ""range_unroll_factors"": [0, 0], ""range_warp_specializes"": [null, null]}",ok,13.344000093638897,0.030719518661499023,0
fp8_gemm,FP8_002,512x512x512,train,0,heuristics,0,e563a2edcbadf9ea,"{""atomic_indexing"": [], ""block_sizes"": [128, 64, 32], ""indexing"": [""pointer"", ""pointer"", ""pointer""], ""l2_groupings"": [4], ""load_eviction_policies"": ["""", """"], ""loop_orders"": [[0, 1]], ""num_sm_multiplier"": 1, ""num_stages"": 3, ""num_warps"": 4, ""pid_type"": ""persistent_interleaved"", ""range_flattens"": [null, null], ""range_multi_buffers"": [null, null], ""range_num_stages"": [0, 0], ""range_unroll_factors"": [0, 0], ""range_warp_specializes"": [null, null]}",ok,13.311999849975109,0.034544944763183594,0
fp8_gemm,FP8_002,512x512x512,train,0,heuristics,0,ebca08dbb9413581,"{""atomic_indexing"": [], ""block_sizes"": [128, 128, 32], ""indexing"": [""pointer"", ""pointer"", ""pointer""], ""l2_groupings"": [1], ""load_eviction_policies"": [""first"", ""last""], ""loop_orders"": [[0, 1]], ""num_stages"": 4, ""num_warps"": 8, ""pid_type"": ""flat"", ""range_flattens"": [null, null], ""range_multi_buffers"": [null, true], ""range_num_stages"": [0, 0], ""range_unroll_factors"": [0, 0], ""range_warp_specializes"": [null, null]}",ok,13.279999606311321,0.21399164199829102,0
fp8_gemm,FP8_002,512x512x512,train,1,heuristics,0,862031b0b5ae7122,"{""atomic_indexing"": [], ""block_sizes"": [32, 64, 128], ""indexing"": [""pointer"", ""pointer"", ""pointer""], ""l2_groupings"": [1], ""load_eviction_policies"": ["""", """"], ""loop_orders"": [[0, 1]], ""num_stages"": 5, ""num_warps"": 4, ""pid_type"": ""flat"", ""range_flattens"": [null, null], ""range_multi_buffers"": [null, null], ""range_num_stages"": [0, 0], ""range_unroll_factors"": [0, 0], ""range_warp_specializes"": [null, null]}",ok,9.247999638319016,0.06401181221008301,1
fp8_gemm,FP8_002,512x512x512,train,1,heuristics,0,2a4159de248005f4,"{""atomic_indexing"": [], ""block_sizes"": [16, 16, 32], ""indexing"": [""pointer"", ""pointer"", ""pointer""], ""l2_groupings"": [1], ""load_eviction_policies"": ["""", """"], ""loop_orders"": [[0, 1]], ""num_stages"": 1, ""num_warps"": 4, ""pid_type"": ""flat"", ""range_flattens"": [null, null], ""range_multi_buffers"": [null, null], ""range_num_stages"": [0, 0], ""range_unroll_factors"": [0, 0], ""range_warp_specializes"": [null, null]}",ok,21.536000072956085,0.04747414588928223,0
fp8_gemm,FP8_002,512x512x512,train,1,heuristics,0,e5ce232d4e72e9be,"{""atomic_indexing"": [], ""block_sizes"": [16, 32, 32], ""indexing"": [""pointer"", ""tensor_descriptor"", ""pointer""], ""l2_groupings"": [1], ""load_eviction_policies"": ["""", """"], ""loop_orders"": [[1, 0]], ""maxnreg"": 128, ""num_sm_multiplier"": 128, ""num_stages"": 1, ""num_warps"": 2, ""pid_type"": ""persistent_interleaved"", ""range_flattens"": [true, null], ""range_multi_buffers"": [true, null], ""range_num_stages"": [4, 1], ""range_unroll_factors"": [0, 1], ""range_warp_specializes"": [null, false]}",ok,23.584000766277313,0.03198099136352539,0
fp8_gemm,FP8_002,512x512x512,train,1,heuristics,0,6d3e56f6ad839843,"{""atomic_indexing"": [], ""block_sizes"": [32, 16, 32], ""indexing"": [""tensor_descriptor"", ""pointer"", ""pointer""], ""l2_groupings"": [16], ""load_eviction_policies"": ["""", ""first""], ""loop_orders"": [[0, 1]], ""num_stages"": 1, ""num_warps"": 4, ""pid_type"": ""flat"", ""range_flattens"": [null, true], ""range_multi_buffers"": [null, true], ""range_num_stages"": [0, 0], ""range_unroll_factors"": [0, 0], ""range_warp_specializes"": [null, false]}",ok,23.584000766277313,0.025402069091796875,0
fp8_gemm,FP8_002,512x512x512,train,1,heuristics,0,322bc7c08012ca0d,"{""atomic_indexing"": [], ""block_sizes"": [32, 8, 32], ""indexing"": [""tensor_descriptor"", ""pointer"", ""tensor_descriptor""], ""l2_groupings"": [64], ""load_eviction_policies"": ["""", """"], ""loop_orders"": [[0, 1]], ""maxnreg"": 64, ""num_sm_multiplier"": 128, ""num_stages"": 4, ""num_warps"": 16, ""pid_type"": ""persistent_interleaved"", ""range_flattens"": [true, false], ""range_multi_buffers"": [false, true], ""range_num_stages"": [2, 2], ""range_unroll_factors"": [0, 2], ""range_warp_specializes"": [false, null]}",ok,168.92799735069275,0.04003190994262695,0
fp8_gemm,FP8_002,512x512x512,train,1,heuristics,0,d0aefac2a17d044b,"{""atomic_indexing"": [], ""block_sizes"": [64, 64, 64], ""indexing"": [""pointer"", ""pointer"", ""pointer""], ""l2_groupings"": [1], ""load_eviction_policies"": ["""", """"], ""loop_orders"": [[0, 1]], ""num_stages"": 3, ""num_warps"": 4, ""pid_type"": ""flat"", ""range_flattens"": [null, null], ""range_multi_buffers"": [null, null], ""range_num_stages"": [0, 0], ""range_unroll_factors"": [0, 0], ""range_warp_specializes"": [null, null]}",ok,9.40799992531538,0.06135869026184082,0
fp8_gemm,FP8_002,512x512x512,train,1,heuristics,0,917b87e03ee6b603,"{""atomic_indexing"": [], ""block_sizes"": [128, 128, 64], ""indexing"": [""pointer"", ""pointer"", ""pointer""], ""l2_groupings"": [4], ""load_eviction_policies"": ["""", """"], ""loop_orders"": [[0, 1]], ""num_sm_multiplier"": 1, ""num_stages"": 3, ""num_warps"": 8, ""pid_type"": ""persistent_blocked"", ""range_flattens"": [null, null], ""range_multi_buffers"": [null, null], ""range_num_stages"": [0, 0], ""range_unroll_factors"": [0, 0], ""range_warp_specializes"": [null, null]}",ok,11.296000331640244,0.04492759704589844,0
fp8_gemm,FP8_002,512x512x512,train,1,heuristics,0,adfc345823611ea2,"{""atomic_indexing"": [], ""block_sizes"": [64, 128, 64], ""indexing"": [""pointer"", ""pointer"", ""pointer""], ""l2_groupings"": [1], ""load_eviction_policies"": [""first"", ""last""], ""loop_orders"": [[0, 1]], ""num_stages"": 4, ""num_warps"": 8, ""pid_type"": ""flat"", ""range_flattens"": [null, null], ""range_multi_buffers"": [null, null], ""range_num_stages"": [0, 0], ""range_unroll_factors"": [0, 0], ""range_warp_specializes"": [null, null]}",ok,9.247999638319016,0.20285367965698242,0
fp8_gemm,FP8_002,512x512x512,train,1,heuristics,0,29d06ca0a2e07d84,"{""atomic_indexing"": [], ""block_sizes"": [128, 128, 32], ""indexing"": [""tensor_descriptor"", ""tensor_descriptor"", ""tensor_descriptor""], ""l2_groupings"": [1], ""load_eviction_policies"": ["""", """"], ""loop_orders"": [[0, 1]], ""num_sm_multiplier"": 1, ""num_stages"": 3, ""num_warps"": 8, ""pid_type"": ""persistent_interleaved"", ""range_flattens"": [null, null], ""range_multi_buffers"": [null, null], ""range_num_stages"": [0, 0], ""range_unroll_factors"": [0, 0], ""range_warp_specializes"": [null, null]}",ok,17.472000792622566,0.028948545455932617,0
fp8_gemm,FP8_002,512x512x512,train,1,heuristics,0,7343f8018a711e5b,"{""atomic_indexing"": [], ""block_sizes"": [128, 256, 64], ""indexing"": [""pointer"", ""pointer"", ""pointer""], ""l2_groupings"": [8], ""load_eviction_policies"": ["""", """"], ""loop_orders"": [[0, 1]], ""maxnreg"": 256, ""num_sm_multiplier"": 1, ""num_stages"": 4, ""num_warps"": 8, ""pid_type"": ""persistent_blocked"", ""range_flattens"": [null, null], ""range_multi_buffers"": [null, null], ""range_num_stages"": [0, 0], ""range_unroll_factors"": [0, 0], ""range_warp_specializes"": [null, null]}",ok,11.296000331640244,0.2896273136138916,0
fp8_gemm,FP8_002,512x512x512,train,2,heuristics,0,862031b0b5ae7122,"{""atomic_indexing"": [], ""block_sizes"": [32, 64, 128], ""indexing"": [""pointer"", ""pointer"", ""pointer""], ""l2_groupings"": [1], ""load_eviction_policies"": ["""", """"], ""loop_orders"": [[0, 1]], ""num_stages"": 5, ""num_warps"": 4, ""pid_type"": ""flat"", ""range_flattens"": [null, null], ""range_multi_buffers"": [null, null], ""range_num_stages"": [0, 0], ""range_unroll_factors"": [0, 0], ""range_warp_specializes"": [null, null]}",ok,9.247999638319016,0.05600547790527344,1
fp8_gemm,FP8_002,512x512x512,train,2,heuristics,0,2a4159de248005f4,"{""atomic_indexing"": [], ""block_sizes"": [16, 16, 32], ""indexing"": [""pointer"", ""pointer"", ""pointer""], ""l2_groupings"": [1], ""load_eviction_policies"": ["""", """"], ""loop_orders"": [[0, 1]], ""num_stages"": 1, ""num_warps"": 4, ""pid_type"": ""flat"", ""range_flattens"": [null, null], ""range_multi_buffers"": [null, null], ""range_num_stages"": [0, 0], ""range_unroll_factors"": [0, 0], ""range_warp_specializes"": [null, null]}",ok,21.536000072956085,0.03931307792663574,0
fp8_gemm,FP8_002,512x512x512,train,2,heuristics,0,e5ce232d4e72e9be,"{""atomic_indexing"": [], ""block_sizes"": [16, 32, 32], ""indexing"": [""pointer"", ""tensor_descriptor"", ""pointer""], ""l2_groupings"": [1], ""load_eviction_policies"": ["""", """"], ""loop_orders"": [[1, 0]], ""maxnreg"": 128, ""num_sm_multiplier"": 128, ""num_stages"": 1, ""num_warps"": 2, ""pid_type"": ""persistent_interleaved"", ""range_flattens"": [true, null], ""range_multi_buffers"": [true, null], ""range_num_stages"": [4, 1], ""range_unroll_factors"": [0, 1], ""range_warp_specializes"": [null, false]}",ok,23.584000766277313,0.022534847259521484,0
fp8_gemm,FP8_002,512x512x512,train,2,heuristics,0,6d3e56f6ad839843,"{""atomic_indexing"": [], ""block_sizes"": [32, 16, 32], ""indexing"": [""tensor_descriptor"", ""pointer"", ""pointer""], ""l2_groupings"": [16], ""load_eviction_policies"": ["""", ""first""], ""loop_orders"": [[0, 1]], ""num_stages"": 1, ""num_warps"": 4, ""pid_type"": ""flat"", ""range_flattens"": [null, true], ""range_multi_buffers"": [null, true], ""range_num_stages"": [0, 0], ""range_unroll_factors"": [0, 0], ""range_warp_specializes"": [null, false]}",ok,23.552000522613525,0.019037723541259766,0
fp8_gemm,FP8_002,512x512x512,train,2,heuristics,0,322bc7c08012ca0d,"{""atomic_indexing"": [], ""block_sizes"": [32, 8, 32], ""indexing"": [""tensor_descriptor"", ""pointer"", ""tensor_descriptor""], ""l2_groupings"": [64], ""load_eviction_policies"": ["""", """"], ""loop_orders"": [[0, 1]], ""maxnreg"": 64, ""num_sm_multiplier"": 128, ""num_stages"": 4, ""num_warps"": 16, ""pid_type"": ""persistent_interleaved"", ""range_flattens"": [true, false], ""range_multi_buffers"": [false, true], ""range_num_stages"": [2, 2], ""range_unroll_factors"": [0, 2], ""range_warp_specializes"": [false, null]}",ok,168.89600455760956,0.029575824737548828,0
fp8_gemm,FP8_002,512x512x512,train,2,heuristics,0,d0aefac2a17d044b,"{""atomic_indexing"": [], ""block_sizes"": [64, 64, 64], ""indexing"": [""pointer"", ""pointer"", ""pointer""], ""l2_groupings"": [1], ""load_eviction_policies"": ["""", """"], ""loop_orders"": [[0, 1]], ""num_stages"": 3, ""num_warps"": 4, ""pid_type"": ""flat"", ""range_flattens"": [null, null], ""range_multi_buffers"": [null, null], ""range_num_stages"": [0, 0], ""range_unroll_factors"": [0, 0], ""range_warp_specializes"": [null, null]}",ok,9.247999638319016,0.05387234687805176,0
fp8_gemm,FP8_002,512x512x512,train,2,heuristics,0,3a9212187ed23517,"{""atomic_indexing"": [], ""block_sizes"": [128, 128, 64], ""indexing"": [""tensor_descriptor"", ""tensor_descriptor"", ""tensor_descriptor""], ""l2_groupings"": [1], ""load_eviction_policies"": ["""", """"], ""loop_orders"": [[0, 1]], ""num_sm_multiplier"": 1, ""num_stages"": 4, ""num_warps"": 8, ""pid_type"": ""persistent_blocked"", ""range_flattens"": [null, null], ""range_multi_buffers"": [null, null], ""range_num_stages"": [0, 0], ""range_unroll_factors"": [0, 0], ""range_warp_specializes"": [null, null]}",ok,15.32800029963255,0.18975400924682617,0
fp8_gemm,FP8_002,512x512x512,train,2,heuristics,0,a999a3c5dfb6eebe,"{""atomic_indexing"": [], ""block_sizes"": [64, 128, 64], ""indexing"": [""pointer"", ""pointer"", ""pointer""], ""l2_groupings"": [1], ""load_eviction_policies"": ["""", """"], ""loop_orders"": [[0, 1]], ""num_stages"": 3, ""num_warps"": 8, ""pid_type"": ""flat"", ""range_flattens"": [null, null], ""range_multi_buffers"": [null, null], ""range_num_stages"": [0, 0], ""range_unroll_factors"": [0, 0], ""range_warp_specializes"": [null, null]}",ok,11.296000331640244,0.20050430297851562,0
fp8_gemm,FP8_002,512x512x512,train,2,heuristics,0,c2749ca834117832,"{""atomic_indexing"": [], ""block_sizes"": [128, 64, 32], ""indexing"": [""pointer"", ""pointer"", ""pointer""], ""l2_groupings"": [4], ""load_eviction_policies"": ["""", """"], ""loop_orders"": [[0, 1]], ""num_sm_multiplier"": 1, ""num_stages"": 2, ""num_warps"": 4, ""pid_type"": ""persistent_interleaved"", ""range_flattens"": [null, null], ""range_multi_buffers"": [null, null], ""range_num_stages"": [0, 0], ""range_unroll_factors"": [0, 0], ""range_warp_specializes"": [null, null]}",ok,19.487999379634857,0.2004251480102539,0
fp8_gemm,FP8_002,512x512x512,train,2,heuristics,0,27da5d60a75de688,"{""atomic_indexing"": [], ""block_sizes"": [128, 128, 32], ""indexing"": [""pointer"", ""pointer"", ""pointer""], ""l2_groupings"": [1], ""load_eviction_policies"": [""first"", ""last""], ""loop_orders"": [[0, 1]], ""num_stages"": 4, ""num_warps"": 8, ""pid_type"": ""flat"", ""range_flattens"": [null, null], ""range_multi_buffers"": [null, null], ""range_num_stages"": [0, 0], ""range_unroll_factors"": [0, 0], ""range_warp_specializes"": [null, null]}",ok,13.311999849975109,0.20505094528198242,0
fp8_gemm,FP8_003,1024x1024x1024,train,0,heuristics,0,b419f4462b323157,"{""atomic_indexing"": [], ""block_sizes"": [64, 128, 128], ""indexing"": [""pointer"", ""pointer"", ""pointer""], ""l2_groupings"": [4], ""load_eviction_policies"": ["""", """"], ""loop_orders"": [[0, 1]], ""num_stages"": 5, ""num_warps"": 4, ""pid_type"": ""flat"", ""range_flattens"": [null, null], ""range_multi_buffers"": [null, null], ""range_num_stages"": [0, 0], ""range_unroll_factors"": [0, 0], ""range_warp_specializes"": [null, null]}",ok,11.264000087976456,0.32626914978027344,1
fp8_gemm,FP8_003,1024x1024x1024,train,0,heuristics,0,2a4159de248005f4,"{""atomic_indexing"": [], ""block_sizes"": [16, 16, 32], ""indexing"": [""pointer"", ""pointer"", ""pointer""], ""l2_groupings"": [1], ""load_eviction_policies"": ["""", """"], ""loop_orders"": [[0, 1]], ""num_stages"": 1, ""num_warps"": 4, ""pid_type"": ""flat"", ""range_flattens"": [null, null], ""range_multi_buffers"": [null, null], ""range_num_stages"": [0, 0], ""range_unroll_factors"": [0, 0], ""range_warp_specializes"": [null, null]}",ok,76.80000364780426,0.05488109588623047,0
fp8_gemm,FP8_003,1024x1024x1024,train,0,heuristics,0,d3a45e693d21ea95,"{""atomic_indexing"": [], ""block_sizes"": [32, 32, 32], ""indexing"": [""pointer"", ""tensor_descriptor"", ""pointer""], ""l2_groupings"": [1], ""load_eviction_policies"": ["""", """"], ""loop_orders"": [[1, 0]], ""maxnreg"": 128, ""num_sm_multiplier"": 128, ""num_stages"": 1, ""num_warps"": 2, ""pid_type"": ""persistent_interleaved"", ""range_flattens"": [true, null], ""range_multi_buffers"": [true, null], ""range_num_stages"": [4, 1], ""range_unroll_factors"": [0, 1], ""range_warp_specializes"": [null, false]}",ok,42.14400053024292,0.13518404960632324,0
fp8_gemm,FP8_003,1024x1024x1024,train,0,heuristics,0,7649c9dccd58b61a,"{""atomic_indexing"": [], ""block_sizes"": [32, 32, 64], ""indexing"": [""tensor_descriptor"", ""pointer"", ""pointer""], ""l2_groupings"": [16], ""load_eviction_policies"": ["""", ""first""], ""loop_orders"": [[0, 1]], ""num_stages"": 1, ""num_warps"": 4, ""pid_type"": ""flat"", ""range_flattens"": [null, true], ""range_multi_buffers"": [null, true], ""range_num_stages"": [0, 0], ""range_unroll_factors"": [0, 0], ""range_warp_specializes"": [null, false]}",ok,31.74399957060814,0.14474081993103027,0
fp8_gemm,FP8_003,1024x1024x1024,train,0,heuristics,0,0c8556dd6fcafe97,"{""atomic_indexing"": [], ""block_sizes"": [32, 16, 32], ""indexing"": [""tensor_descriptor"", ""pointer"", ""tensor_descriptor""], ""l2_groupings"": [64], ""load_eviction_policies"": ["""", """"], ""loop_orders"": [[0, 1]], ""maxnreg"": 64, ""num_sm_multiplier"": 128, ""num_stages"": 4, ""num_warps"": 16, ""pid_type"": ""persistent_interleaved"", ""range_flattens"": [true, false], ""range_multi_buffers"": [false, true], ""range_num_stages"": [2, 2], ""range_unroll_factors"": [0, 2], ""range_warp_specializes"": [false, null]}",ok,260.0319981575012,0.15107083320617676,0
fp8_gemm,FP8_003,1024x1024x1024,train,0,heuristics,0,98d0b656c3e73c5e,"{""atomic_indexing"": [], ""block_sizes"": [128, 128, 64], ""indexing"": [""pointer"", ""pointer"", ""pointer""], ""l2_groupings"": [1], ""load_eviction_policies"": ["""", """"], ""loop_orders"": [[0, 1]], ""num_stages"": 3, ""num_warps"": 8, ""pid_type"": ""flat"", ""range_flattens"": [null, null], ""range_multi_buffers"": [null, null], ""range_num_stages"": [0, 0], ""range_unroll_factors"": [0, 0], ""range_warp_specializes"": [null, null]}",ok,15.39199985563755,0.0686180591583252,0
fp8_gemm,FP8_003,1024x1024x1024,train,0,heuristics,0,892801291dc8ea5b,"{""atomic_indexing"": [], ""block_sizes"": [64, 128, 64], ""indexing"": [""pointer"", ""pointer"", ""pointer""], ""l2_groupings"": [1], ""load_eviction_policies"": ["""", """"], ""loop_orders"": [[0, 1]], ""num_stages"": 4, ""num_warps"": 4, ""pid_type"": ""flat"", ""range_flattens"": [null, null], ""range_multi_buffers"": [null, null], ""range_num_stages"": [0, 0], ""range_unroll_factors"": [0, 0], ""range_warp_specializes"": [null, null]}",ok,13.311999849975109,0.05211305618286133,0
fp8_gemm,FP8_003,1024x1024x1024,train,0,heuristics,0,65beac1e09900d94,"{""atomic_indexing"": [], ""block_sizes"": [128, 256, 64], ""indexing"": [""tensor_descriptor"", ""tensor_descriptor"", ""tensor_descriptor""], ""l2_groupings"": [4], ""load_eviction_policies"": ["""", """"], ""loop_orders"": [[0, 1]], ""num_sm_multiplier"": 1, ""num_stages"": 3, ""num_warps"": 8, ""pid_type"": ""persistent_blocked"", ""range_flattens"": [null, null], ""range_multi_buffers"": [null, null], ""range_num_stages"": [0, 0], ""range_unroll_factors"": [0, 0], ""range_warp_specializes"": [null, null]}",ok,19.487999379634857,0.042711734771728516,0
fp8_gemm,FP8_003,1024x1024x1024,train,0,heuristics,0,8e0507bf9eb03228,"{""atomic_indexing"": [], ""block_sizes"": [128, 128, 32], ""indexing"": [""pointer"", ""pointer"", ""pointer""], ""l2_groupings"": [8], ""load_eviction_policies"": ["""", """"], ""loop_orders"": [[0, 1]], ""num_sm_multiplier"": 1, ""num_stages"": 2, ""num_warps"": 8, ""pid_type"": ""persistent_interleaved"", ""range_flattens"": [null, null], ""range_multi_buffers"": [null, null], ""range_num_stages"": [0, 0], ""range_unroll_factors"": [0, 0], ""range_warp_specializes"": [null, null]}",ok,33.824000507593155,0.20211172103881836,0
fp8_gemm,FP8_003,1024x1024x1024,train,0,heuristics,0,d4d126b8b4e80dbe,"{""atomic_indexing"": [], ""block_sizes"": [64, 64, 32], ""indexing"": [""pointer"", ""pointer"", ""pointer""], ""l2_groupings"": [1], ""load_eviction_policies"": ["""", """"], ""loop_orders"": [[0, 1]], ""num_stages"": 2, ""num_warps"": 4, ""pid_type"": ""flat"", ""range_flattens"": [null, null], ""range_multi_buffers"": [null, null], ""range_num_stages"": [0, 0], ""range_unroll_factors"": [0, 0], ""range_warp_specializes"": [null, null]}",ok,31.74399957060814,0.036830902099609375,0
fp8_gemm,FP8_003,1024x1024x1024,train,1,heuristics,0,b419f4462b323157,"{""atomic_indexing"": [], ""block_sizes"": [64, 128, 128], ""indexing"": [""pointer"", ""pointer"", ""pointer""], ""l2_groupings"": [4], ""load_eviction_policies"": ["""", """"], ""loop_orders"": [[0, 1]], ""num_stages"": 5, ""num_warps"": 4, ""pid_type"": ""flat"", ""range_flattens"": [null, null], ""range_multi_buffers"": [null, null], ""range_num_stages"": [0, 0], ""range_unroll_factors"": [0, 0], ""range_warp_specializes"": [null, null]}",ok,11.19999960064888,0.06824421882629395,1
fp8_gemm,FP8_003,1024x1024x1024,train,1,heuristics,0,2a4159de248005f4,"{""atomic_indexing"": [], ""block_sizes"": [16, 16, 32], ""indexing"": [""pointer"", ""pointer"", ""pointer""], ""l2_groupings"": [1], ""load_eviction_policies"": ["""", """"], ""loop_orders"": [[0, 1]], ""num_stages"": 1, ""num_warps"": 4, ""pid_type"": ""flat"", ""range_flattens"": [null, null], ""range_multi_buffers"": [null, null], ""range_num_stages"": [0, 0], ""range_unroll_factors"": [0, 0], ""range_warp_specializes"": [null, null]}",ok,76.80000364780426,0.055953264236450195,0
fp8_gemm,FP8_003,1024x1024x1024,train,1,heuristics,0,d3a45e693d21ea95,"{""atomic_indexing"": [], ""block_sizes"": [32, 32, 32], ""indexing"": [""pointer"", ""tensor_descriptor"", ""pointer""], ""l2_groupings"": [1], ""load_eviction_policies"": ["""", """"], ""loop_orders"": [[1, 0]], ""maxnreg"": 128, ""num_sm_multiplier"": 128, ""num_stages"": 1, ""num_warps"": 2, ""pid_type"": ""persistent_interleaved"", ""range_flattens"": [true, null], ""range_multi_buffers"": [true, null], ""range_num_stages"": [4, 1], ""range_unroll_factors"": [0, 1], ""range_warp_specializes"": [null, false]}",ok,42.17600077390671,0.04372382164001465,0
fp8_gemm,FP8_003,1024x1024x1024,train,1,heuristics,0,7649c9dccd58b61a,"{""atomic_indexing"": [], ""block_sizes"": [32, 32, 64], ""indexing"": [""tensor_descriptor"", ""pointer"", ""pointer""], ""l2_groupings"": [16], ""load_eviction_policies"": ["""", ""first""], ""loop_orders"": [[0, 1]], ""num_stages"": 1, ""num_warps"": 4, ""pid_type"": ""flat"", ""range_flattens"": [null, true], ""range_multi_buffers"": [null, true], ""range_num_stages"": [0, 0], ""range_unroll_factors"": [0, 0], ""range_warp_specializes"": [null, false]}",ok,31.74399957060814,0.027544021606445312,0
fp8_gemm,FP8_003,1024x1024x1024,train,1,heuristics,0,0c8556dd6fcafe97,"{""atomic_indexing"": [], ""block_sizes"": [32, 16, 32], ""indexing"": [""tensor_descriptor"", ""pointer"", ""tensor_descriptor""], ""l2_groupings"": [64], ""load_eviction_policies"": ["""", """"], ""loop_orders"": [[0, 1]], ""maxnreg"": 64, ""num_sm_multiplier"": 128, ""num_stages"": 4, ""num_warps"": 16, ""pid_type"": ""persistent_interleaved"", ""range_flattens"": [true, false], ""range_multi_buffers"": [false, true], ""range_num_stages"": [2, 2], ""range_unroll_factors"": [0, 2], ""range_warp_specializes"": [false, null]}",ok,259.20000672340393,0.04085588455200195,0
fp8_gemm,FP8_003,1024x1024x1024,train,1,heuristics,0,98d0b656c3e73c5e,"{""atomic_indexing"": [], ""block_sizes"": [128, 128, 64], ""indexing"": [""pointer"", ""pointer"", ""pointer""], ""l2_groupings"": [1], ""load_eviction_policies"": ["""", """"], ""loop_orders"": [[0, 1]], ""num_stages"": 3, ""num_warps"": 8, ""pid_type"": ""flat"", ""range_flattens"": [null, null], ""range_multi_buffers"": [null, null], ""range_num_stages"": [0, 0], ""range_unroll_factors"": [0, 0], ""range_warp_specializes"": [null, null]}",ok,15.39199985563755,0.06165480613708496,0
fp8_gemm,FP8_003,1024x1024x1024,train,1,heuristics,0,892801291dc8ea5b,"{""atomic_indexing"": [], ""block_sizes"": [64, 128, 64], ""indexing"": [""pointer"", ""pointer"", ""pointer""], ""l2_groupings"": [1], ""load_eviction_policies"": ["""", """"], ""loop_orders"": [[0, 1]], ""num_stages"": 4, ""num_warps"": 4, ""pid_type"": ""flat"", ""range_flattens"": [null, null], ""range_multi_buffers"": [null, null], ""range_num_stages"": [0, 0], ""range_unroll_factors"": [0, 0], ""range_warp_specializes"": [null, null]}",ok,13.311999849975109,0.04545402526855469,0
fp8_gemm,FP8_003,1024x1024x1024,train,1,heuristics,0,b429c9d19cd36549,"{""atomic_indexing"": [], ""block_sizes"": [128, 128, 32], ""indexing"": [""tensor_descriptor"", ""tensor_descriptor"", ""tensor_descriptor""], ""l2_groupings"": [4], ""load_eviction_policies"": ["""", """"], ""loop_orders"": [[0, 1]], ""num_sm_multiplier"": 1, ""num_stages"": 3, ""num_warps"": 8, ""pid_type"": ""persistent_blocked"", ""range_flattens"": [null, null], ""range_multi_buffers"": [null, null], ""range_num_stages"": [0, 0], ""range_unroll_factors"": [0, 0], ""range_warp_specializes"": [null, null]}",ok,25.631999596953392,0.033457040786743164,0
fp8_gemm,FP8_003,1024x1024x1024,train,1,heuristics,0,2404375bb2d632b8,"{""atomic_indexing"": [], ""block_sizes"": [128, 256, 64], ""epilogue_subtile"": 2, ""indexing"": [""pointer"", ""pointer"", ""pointer""], ""l2_groupings"": [1], ""load_eviction_policies"": [""first"", ""first""], ""loop_orders"": [[0, 1]], ""num_stages"": 4, ""num_warps"": 8, ""pid_type"": ""flat"", ""range_flattens"": [null, null], ""range_multi_buffers"": [null, null], ""range_num_stages"": [0, 0], ""range_unroll_factors"": [0, 0], ""range_warp_specializes"": [null, null]}",ok,13.344000093638897,0.2955784797668457,0
fp8_gemm,FP8_003,1024x1024x1024,train,1,heuristics,0,d4d126b8b4e80dbe,"{""atomic_indexing"": [], ""block_sizes"": [64, 64, 32], ""indexing"": [""pointer"", ""pointer"", ""pointer""], ""l2_groupings"": [1], ""load_eviction_policies"": ["""", """"], ""loop_orders"": [[0, 1]], ""num_stages"": 2, ""num_warps"": 4, ""pid_type"": ""flat"", ""range_flattens"": [null, null], ""range_multi_buffers"": [null, null], ""range_num_stages"": [0, 0], ""range_unroll_factors"": [0, 0], ""range_warp_specializes"": [null, null]}",ok,31.74399957060814,0.030142545700073242,0
fp8_gemm,FP8_003,1024x1024x1024,train,2,heuristics,0,b419f4462b323157,"{""atomic_indexing"": [], ""block_sizes"": [64, 128, 128], ""indexing"": [""pointer"", ""pointer"", ""pointer""], ""l2_groupings"": [4], ""load_eviction_policies"": ["""", """"], ""loop_orders"": [[0, 1]], ""num_stages"": 5, ""num_warps"": 4, ""pid_type"": ""flat"", ""range_flattens"": [null, null], ""range_multi_buffers"": [null, null], ""range_num_stages"": [0, 0], ""range_unroll_factors"": [0, 0], ""range_warp_specializes"": [null, null]}",ok,11.264000087976456,0.0637810230255127,1
fp8_gemm,FP8_003,1024x1024x1024,train,2,heuristics,0,2a4159de248005f4,"{""atomic_indexing"": [], ""block_sizes"": [16, 16, 32], ""indexing"": [""pointer"", ""pointer"", ""pointer""], ""l2_groupings"": [1], ""load_eviction_policies"": ["""", """"], ""loop_orders"": [[0, 1]], ""num_stages"": 1, ""num_warps"": 4, ""pid_type"": ""flat"", ""range_flattens"": [null, null], ""range_multi_buffers"": [null, null], ""range_num_stages"": [0, 0], ""range_unroll_factors"": [0, 0], ""range_warp_specializes"": [null, null]}",ok,76.80000364780426,0.04963493347167969,0
fp8_gemm,FP8_003,1024x1024x1024,train,2,heuristics,0,d3a45e693d21ea95,"{""atomic_indexing"": [], ""block_sizes"": [32, 32, 32], ""indexing"": [""pointer"", ""tensor_descriptor"", ""pointer""], ""l2_groupings"": [1], ""load_eviction_policies"": ["""", """"], ""loop_orders"": [[1, 0]], ""maxnreg"": 128, ""num_sm_multiplier"": 128, ""num_stages"": 1, ""num_warps"": 2, ""pid_type"": ""persistent_interleaved"", ""range_flattens"": [true, null], ""range_multi_buffers"": [true, null], ""range_num_stages"": [4, 1], ""range_unroll_factors"": [0, 1], ""range_warp_specializes"": [null, false]}",ok,42.14400053024292,0.035407066345214844,0
fp8_gemm,FP8_003,1024x1024x1024,train,2,heuristics,0,7649c9dccd58b61a,"{""atomic_indexing"": [], ""block_sizes"": [32, 32, 64], ""indexing"": [""tensor_descriptor"", ""pointer"", ""pointer""], ""l2_groupings"": [16], ""load_eviction_policies"": ["""", ""first""], ""loop_orders"": [[0, 1]], ""num_stages"": 1, ""num_warps"": 4, ""pid_type"": ""flat"", ""range_flattens"": [null, true], ""range_multi_buffers"": [null, true], ""range_num_stages"": [0, 0], ""range_unroll_factors"": [0, 0], ""range_warp_specializes"": [null, false]}",ok,31.74399957060814,0.032009124755859375,0
fp8_gemm,FP8_003,1024x1024x1024,train,2,heuristics,0,0c8556dd6fcafe97,"{""atomic_indexing"": [], ""block_sizes"": [32, 16, 32], ""indexing"": [""tensor_descriptor"", ""pointer"", ""tensor_descriptor""], ""l2_groupings"": [64], ""load_eviction_policies"": ["""", """"], ""loop_orders"": [[0, 1]], ""maxnreg"": 64, ""num_sm_multiplier"": 128, ""num_stages"": 4, ""num_warps"": 16, ""pid_type"": ""persistent_interleaved"", ""range_flattens"": [true, false], ""range_multi_buffers"": [false, true], ""range_num_stages"": [2, 2], ""range_unroll_factors"": [0, 2], ""range_warp_specializes"": [false, null]}",ok,259.2320144176483,0.030782222747802734,0
fp8_gemm,FP8_003,1024x1024x1024,train,2,heuristics,0,98d0b656c3e73c5e,"{""atomic_indexing"": [], ""block_sizes"": [128, 128, 64], ""indexing"": [""pointer"", ""pointer"", ""pointer""], ""l2_groupings"": [1], ""load_eviction_policies"": ["""", """"], ""loop_orders"": [[0, 1]], ""num_stages"": 3, ""num_warps"": 8, ""pid_type"": ""flat"", ""range_flattens"": [null, null], ""range_multi_buffers"": [null, null], ""range_num_stages"": [0, 0], ""range_unroll_factors"": [0, 0], ""range_warp_specializes"": [null, null]}",ok,15.39199985563755,0.07321929931640625,0
fp8_gemm,FP8_003,1024x1024x1024,train,2,heuristics,0,892801291dc8ea5b,"{""atomic_indexing"": [], ""block_sizes"": [64, 128, 64], ""indexing"": [""pointer"", ""pointer"", ""pointer""], ""l2_groupings"": [1], ""load_eviction_policies"": ["""", """"], ""loop_orders"": [[0, 1]], ""num_stages"": 4, ""num_warps"": 4, ""pid_type"": ""flat"", ""range_flattens"": [null, null], ""range_multi_buffers"": [null, null], ""range_num_stages"": [0, 0], ""range_unroll_factors"": [0, 0], ""range_warp_specializes"": [null, null]}",ok,13.311999849975109,0.056905508041381836,0
fp8_gemm,FP8_003,1024x1024x1024,train,2,heuristics,0,65beac1e09900d94,"{""atomic_indexing"": [], ""block_sizes"": [128, 256, 64], ""indexing"": [""tensor_descriptor"", ""tensor_descriptor"", ""tensor_descriptor""], ""l2_groupings"": [4], ""load_eviction_policies"": ["""", """"], ""loop_orders"": [[0, 1]], ""num_sm_multiplier"": 1, ""num_stages"": 3, ""num_warps"": 8, ""pid_type"": ""persistent_blocked"", ""range_flattens"": [null, null], ""range_multi_buffers"": [null, null], ""range_num_stages"": [0, 0], ""range_unroll_factors"": [0, 0], ""range_warp_specializes"": [null, null]}",ok,19.45599913597107,0.04185938835144043,0
fp8_gemm,FP8_003,1024x1024x1024,train,2,heuristics,0,976dde2ebdccec88,"{""atomic_indexing"": [], ""block_sizes"": [128, 128, 32], ""indexing"": [""pointer"", ""pointer"", ""pointer""], ""l2_groupings"": [8], ""load_eviction_policies"": [""first"", ""last""], ""loop_orders"": [[0, 1]], ""num_sm_multiplier"": 1, ""num_stages"": 2, ""num_warps"": 8, ""pid_type"": ""persistent_interleaved"", ""range_flattens"": [null, null], ""range_multi_buffers"": [null, null], ""range_num_stages"": [0, 0], ""range_unroll_factors"": [0, 0], ""range_warp_specializes"": [null, null]}",ok,33.79200026392937,0.20823001861572266,0
fp8_gemm,FP8_003,1024x1024x1024,train,2,heuristics,0,d4d126b8b4e80dbe,"{""atomic_indexing"": [], ""block_sizes"": [64, 64, 32], ""indexing"": [""pointer"", ""pointer"", ""pointer""], ""l2_groupings"": [1], ""load_eviction_policies"": ["""", """"], ""loop_orders"": [[0, 1]], ""num_stages"": 2, ""num_warps"": 4, ""pid_type"": ""flat"", ""range_flattens"": [null, null], ""range_multi_buffers"": [null, null], ""range_num_stages"": [0, 0], ""range_unroll_factors"": [0, 0], ""range_warp_specializes"": [null, null]}",ok,31.74399957060814,0.040761470794677734,0
fp8_gemm,FP8_004,1536x1536x1536,train,0,heuristics,0,fedd0752cdf4f071,"{""atomic_indexing"": [], ""block_sizes"": [128, 256, 64], ""indexing"": [""pointer"", ""pointer"", ""pointer""], ""l2_groupings"": [8], ""load_eviction_policies"": ["""", """"], ""loop_orders"": [[0, 1]], ""num_stages"": 5, ""num_warps"": 4, ""pid_type"": ""flat"", ""range_flattens"": [null, null], ""range_multi_buffers"": [null, null], ""range_num_stages"": [0, 0], ""range_unroll_factors"": [0, 0], ""range_warp_specializes"": [null, null]}",ok,15.39199985563755,0.4205965995788574,1
fp8_gemm,FP8_004,1536x1536x1536,train,0,heuristics,0,2a4159de248005f4,"{""atomic_indexing"": [], ""block_sizes"": [16, 16, 32], ""indexing"": [""pointer"", ""pointer"", ""pointer""], ""l2_groupings"": [1], ""load_eviction_policies"": ["""", """"], ""loop_orders"": [[0, 1]], ""num_stages"": 1, ""num_warps"": 4, ""pid_type"": ""flat"", ""range_flattens"": [null, null], ""range_multi_buffers"": [null, null], ""range_num_stages"": [0, 0], ""range_unroll_factors"": [0, 0], ""range_warp_specializes"": [null, null]}",ok,220.09600698947906,0.052272796630859375,0
fp8_gemm,FP8_004,1536x1536x1536,train,0,heuristics,0,584c050a2fb83245,"{""atomic_indexing"": [], ""block_sizes"": [32, 512, 64], ""indexing"": [""pointer"", ""pointer"", ""pointer""], ""l2_groupings"": [4], ""load_eviction_policies"": [""last"", ""first""], ""loop_orders"": [[0, 1]], ""num_sm_multiplier"": 4, ""num_stages"": 2, ""num_warps"": 32, ""pid_type"": ""persistent_blocked"", ""range_flattens"": [true, null], ""range_multi_buffers"": [true, null], ""range_num_stages"": [0, 3], ""range_unroll_factors"": [0, 0], ""range_warp_specializes"": [true, null]}",error,inf,0.06519937515258789,0
fp8_gemm,FP8_004,1536x1536x1536,train,0,heuristics,0,77794152b2e42bcc,"{""atomic_indexing"": [], ""block_sizes"": [32, 32, 32], ""epilogue_subtile"": 2, ""indexing"": [""pointer"", ""tensor_descriptor"", ""tensor_descriptor""], ""l2_groupings"": [64], ""load_eviction_policies"": [""last"", """"], ""loop_orders"": [[0, 1]], ""num_stages"": 6, ""num_warps"": 16, ""pid_type"": ""flat"", ""range_flattens"": [null, false], ""range_multi_buffers"": [null, true], ""range_num_stages"": [0, 2], ""range_unroll_factors"": [0, 3], ""range_warp_specializes"": [null, null]}",ok,228.4799963235855,0.1457200050354004,0
fp8_gemm,FP8_004,1536x1536x1536,train,0,heuristics,0,c79e149b8c11c7d3,"{""atomic_indexing"": [], ""block_sizes"": [16, 32, 32], ""indexing"": [""tensor_descriptor"", ""pointer"", ""tensor_descriptor""], ""l2_groupings"": [32], ""load_eviction_policies"": ["""", """"], ""loop_orders"": [[0, 1]], ""maxnreg"": 64, ""num_sm_multiplier"": 128, ""num_stages"": 4, ""num_warps"": 8, ""pid_type"": ""persistent_interleaved"", ""range_flattens"": [true, true], ""range_multi_buffers"": [false, false], ""range_num_stages"": [0, 2], ""range_unroll_factors"": [1, 0], ""range_warp_specializes"": [false, false]}",ok,269.3119943141937,0.14139986038208008,0
fp8_gemm,FP8_004,1536x1536x1536,train,0,heuristics,0,98d0b656c3e73c5e,"{""atomic_indexing"": [], ""block_sizes"": [128, 128, 64], ""indexing"": [""pointer"", ""pointer"", ""pointer""], ""l2_groupings"": [1], ""load_eviction_policies"": ["""", """"], ""loop_orders"": [[0, 1]], ""num_stages"": 3, ""num_warps"": 8, ""pid_type"": ""flat"", ""range_flattens"": [null, null], ""range_multi_buffers"": [null, null], ""range_num_stages"": [0, 0], ""range_unroll_factors"": [0, 0], ""range_warp_specializes"": [null, null]}",ok,19.487999379634857,0.07890844345092773,0
fp8_gemm,FP8_004,1536x1536x1536,train,0,heuristics,0,d87db13f243258a4,"{""atomic_indexing"": [], ""block_sizes"": [64, 128, 64], ""indexing"": [""pointer"", ""pointer"", ""pointer""], ""l2_groupings"": [1], ""load_eviction_policies"": [""first"", """"], ""loop_orders"": [[0, 1]], ""num_stages"": 4, ""num_warps"": 4, ""pid_type"": ""flat"", ""range_flattens"": [null, null], ""range_multi_buffers"": [null, null], ""range_num_stages"": [0, 0], ""range_unroll_factors"": [0, 0], ""range_warp_specializes"": [null, null]}",ok,15.39199985563755,0.06199336051940918,0
fp8_gemm,FP8_004,1536x1536x1536,train,0,heuristics,0,f1584d05eb9a04c1,"{""atomic_indexing"": [], ""block_sizes"": [128, 256, 64], ""indexing"": [""pointer"", ""pointer"", ""pointer""], ""l2_groupings"": [4], ""load_eviction_policies"": ["""", """"], ""loop_orders"": [[0, 1]], ""maxnreg"": 128, ""num_sm_multiplier"": 1, ""num_stages"": 3, ""num_warps"": 8, ""pid_type"": ""persistent_interleaved"", ""range_flattens"": [null, null], ""range_multi_buffers"": [null, null], ""range_num_stages"": [0, 0], ""range_unroll_factors"": [0, 0], ""range_warp_specializes"": [null, null]}",ok,19.487999379634857,0.27307724952697754,0
fp8_gemm,FP8_004,1536x1536x1536,train,0,heuristics,0,bdea52b5569004e7,"{""atomic_indexing"": [], ""block_sizes"": [128, 128, 64], ""epilogue_subtile"": 2, ""indexing"": [""tensor_descriptor"", ""tensor_descriptor"", ""tensor_descriptor""], ""l2_groupings"": [1], ""load_eviction_policies"": ["""", """"], ""loop_orders"": [[0, 1]], ""num_stages"": 4, ""num_warps"": 8, ""pid_type"": ""flat"", ""range_flattens"": [null, null], ""range_multi_buffers"": [null, null], ""range_num_stages"": [0, 0], ""range_unroll_factors"": [0, 0], ""range_warp_specializes"": [null, null]}",ok,19.487999379634857,0.1982128620147705,0
fp8_gemm,FP8_004,1536x1536x1536,train,0,heuristics,0,d4d126b8b4e80dbe,"{""atomic_indexing"": [], ""block_sizes"": [64, 64, 32], ""indexing"": [""pointer"", ""pointer"", ""pointer""], ""l2_groupings"": [1], ""load_eviction_policies"": ["""", """"], ""loop_orders"": [[0, 1]], ""num_stages"": 2, ""num_warps"": 4, ""pid_type"": ""flat"", ""range_flattens"": [null, null], ""range_multi_buffers"": [null, null], ""range_num_stages"": [0, 0], ""range_unroll_factors"": [0, 0], ""range_warp_specializes"": [null, null]}",ok,44.096000492572784,0.18898987770080566,0
fp8_gemm,FP8_004,1536x1536x1536,train,1,heuristics,0,fedd0752cdf4f071,"{""atomic_indexing"": [], ""block_sizes"": [128, 256, 64], ""indexing"": [""pointer"", ""pointer"", ""pointer""], ""l2_groupings"": [8], ""load_eviction_policies"": ["""", """"], ""loop_orders"": [[0, 1]], ""num_stages"": 5, ""num_warps"": 4, ""pid_type"": ""flat"", ""range_flattens"": [null, null], ""range_multi_buffers"": [null, null], ""range_num_stages"": [0, 0], ""range_unroll_factors"": [0, 0], ""range_warp_specializes"": [null, null]}",ok,15.39199985563755,0.0661165714263916,1
fp8_gemm,FP8_004,1536x1536x1536,train,1,heuristics,0,2a4159de248005f4,"{""atomic_indexing"": [], ""block_sizes"": [16, 16, 32], ""indexing"": [""pointer"", ""pointer"", ""pointer""], ""l2_groupings"": [1], ""load_eviction_policies"": ["""", """"], ""loop_orders"": [[0, 1]], ""num_stages"": 1, ""num_warps"": 4, ""pid_type"": ""flat"", ""range_flattens"": [null, null], ""range_multi_buffers"": [null, null], ""range_num_stages"": [0, 0], ""range_unroll_factors"": [0, 0], ""range_warp_specializes"": [null, null]}",ok,218.1120067834854,0.05088353157043457,0
fp8_gemm,FP8_004,1536x1536x1536,train,1,heuristics,0,584c050a2fb83245,"{""atomic_indexing"": [], ""block_sizes"": [32, 512, 64], ""indexing"": [""pointer"", ""pointer"", ""pointer""], ""l2_groupings"": [4], ""load_eviction_policies"": [""last"", ""first""], ""loop_orders"": [[0, 1]], ""num_sm_multiplier"": 4, ""num_stages"": 2, ""num_warps"": 32, ""pid_type"": ""persistent_blocked"", ""range_flattens"": [true, null], ""range_multi_buffers"": [true, null], ""range_num_stages"": [0, 3], ""range_unroll_factors"": [0, 0], ""range_warp_specializes"": [true, null]}",error,inf,0.07113337516784668,0
fp8_gemm,FP8_004,1536x1536x1536,train,1,heuristics,0,77794152b2e42bcc,"{""atomic_indexing"": [], ""block_sizes"": [32, 32, 32], ""epilogue_subtile"": 2, ""indexing"": [""pointer"", ""tensor_descriptor"", ""tensor_descriptor""], ""l2_groupings"": [64], ""load_eviction_policies"": [""last"", """"], ""loop_orders"": [[0, 1]], ""num_stages"": 6, ""num_warps"": 16, ""pid_type"": ""flat"", ""range_flattens"": [null, false], ""range_multi_buffers"": [null, true], ""range_num_stages"": [0, 2], ""range_unroll_factors"": [0, 3], ""range_warp_specializes"": [null, null]}",ok,228.4799963235855,0.024475812911987305,0
fp8_gemm,FP8_004,1536x1536x1536,train,1,heuristics,0,c79e149b8c11c7d3,"{""atomic_indexing"": [], ""block_sizes"": [16, 32, 32], ""indexing"": [""tensor_descriptor"", ""pointer"", ""tensor_descriptor""], ""l2_groupings"": [32], ""load_eviction_policies"": ["""", """"], ""loop_orders"": [[0, 1]], ""maxnreg"": 64, ""num_sm_multiplier"": 128, ""num_stages"": 4, ""num_warps"": 8, ""pid_type"": ""persistent_interleaved"", ""range_flattens"": [true, true], ""range_multi_buffers"": [false, false], ""range_num_stages"": [0, 2], ""range_unroll_factors"": [1, 0], ""range_warp_specializes"": [false, false]}",ok,269.3119943141937,0.022936344146728516,0
fp8_gemm,FP8_004,1536x1536x1536,train,1,heuristics,0,98d0b656c3e73c5e,"{""atomic_indexing"": [], ""block_sizes"": [128, 128, 64], ""indexing"": [""pointer"", ""pointer"", ""pointer""], ""l2_groupings"": [1], ""load_eviction_policies"": ["""", """"], ""loop_orders"": [[0, 1]], ""num_stages"": 3, ""num_warps"": 8, ""pid_type"": ""flat"", ""range_flattens"": [null, null], ""range_multi_buffers"": [null, null], ""range_num_stages"": [0, 0], ""range_unroll_factors"": [0, 0], ""range_warp_specializes"": [null, null]}",ok,19.45599913597107,0.055417776107788086,0
fp8_gemm,FP8_004,1536x1536x1536,train,1,heuristics,0,d87db13f243258a4,"{""atomic_indexing"": [], ""block_sizes"": [64, 128, 64], ""indexing"": [""pointer"", ""pointer"", ""pointer""], ""l2_groupings"": [1], ""load_eviction_policies"": [""first"", """"], ""loop_orders"": [[0, 1]], ""num_stages"": 4, ""num_warps"": 4, ""pid_type"": ""flat"", ""range_flattens"": [null, null], ""range_multi_buffers"": [null, null], ""range_num_stages"": [0, 0], ""range_unroll_factors"": [0, 0], ""range_warp_specializes"": [null, null]}",ok,15.39199985563755,0.03787064552307129,0
fp8_gemm,FP8_004,1536x1536x1536,train,1,heuristics,0,65beac1e09900d94,"{""atomic_indexing"": [], ""block_sizes"": [128, 256, 64], ""indexing"": [""tensor_descriptor"", ""tensor_descriptor"", ""tensor_descriptor""], ""l2_groupings"": [4], ""load_eviction_policies"": ["""", """"], ""loop_orders"": [[0, 1]], ""num_sm_multiplier"": 1, ""num_stages"": 3, ""num_warps"": 8, ""pid_type"": ""persistent_blocked"", ""range_flattens"": [null, null], ""range_multi_buffers"": [null, null], ""range_num_stages"": [0, 0], ""range_unroll_factors"": [0, 0], ""range_warp_specializes"": [null, null]}",ok,23.584000766277313,0.034171104431152344,0
fp8_gemm,FP8_004,1536x1536x1536,train,1,heuristics,0,4b5d4f3827df2177,"{""atomic_indexing"": [], ""block_sizes"": [128, 128, 32], ""indexing"": [""pointer"", ""pointer"", ""pointer""], ""l2_groupings"": [4], ""load_eviction_policies"": ["""", """"], ""loop_orders"": [[0, 1]], ""num_sm_multiplier"": 1, ""num_stages"": 2, ""num_warps"": 8, ""pid_type"": ""persistent_interleaved"", ""range_flattens"": [null, null], ""range_multi_buffers"": [null, null], ""range_num_stages"": [0, 0], ""range_unroll_factors"": [0, 0], ""range_warp_specializes"": [null, null]}",ok,44.03200000524521,0.21378016471862793,0
fp8_gemm,FP8_004,1536x1536x1536,train,1,heuristics,0,fc60a0000efd244f,"{""atomic_indexing"": [], ""block_sizes"": [256, 128, 64], ""epilogue_subtile"": 2, ""indexing"": [""pointer"", ""pointer"", ""pointer""], ""l2_groupings"": [1], ""load_eviction_policies"": ["""", """"], ""loop_orders"": [[0, 1]], ""num_stages"": 4, ""num_warps"": 8, ""pid_type"": ""flat"", ""range_flattens"": [null, null], ""range_multi_buffers"": [null, true], ""range_num_stages"": [0, 0], ""range_unroll_factors"": [0, 0], ""range_warp_specializes"": [null, null]}",ok,17.40800030529499,0.2940235137939453,0
fp8_gemm,FP8_004,1536x1536x1536,train,2,heuristics,0,fedd0752cdf4f071,"{""atomic_indexing"": [], ""block_sizes"": [128, 256, 64], ""indexing"": [""pointer"", ""pointer"", ""pointer""], ""l2_groupings"": [8], ""load_eviction_policies"": ["""", """"], ""loop_orders"": [[0, 1]], ""num_stages"": 5, ""num_warps"": 4, ""pid_type"": ""flat"", ""range_flattens"": [null, null], ""range_multi_buffers"": [null, null], ""range_num_stages"": [0, 0], ""range_unroll_factors"": [0, 0], ""range_warp_specializes"": [null, null]}",ok,15.359999611973763,0.05577397346496582,1
fp8_gemm,FP8_004,1536x1536x1536,train,2,heuristics,0,2a4159de248005f4,"{""atomic_indexing"": [], ""block_sizes"": [16, 16, 32], ""indexing"": [""pointer"", ""pointer"", ""pointer""], ""l2_groupings"": [1], ""load_eviction_policies"": ["""", """"], ""loop_orders"": [[0, 1]], ""num_stages"": 1, ""num_warps"": 4, ""pid_type"": ""flat"", ""range_flattens"": [null, null], ""range_multi_buffers"": [null, null], ""range_num_stages"": [0, 0], ""range_unroll_factors"": [0, 0], ""range_warp_specializes"": [null, null]}",ok,218.20800006389618,0.038900136947631836,0
fp8_gemm,FP8_004,1536x1536x1536,train,2,heuristics,0,584c050a2fb83245,"{""atomic_indexing"": [], ""block_sizes"": [32, 512, 64], ""indexing"": [""pointer"", ""pointer"", ""pointer""], ""l2_groupings"": [4], ""load_eviction_policies"": [""last"", ""first""], ""loop_orders"": [[0, 1]], ""num_sm_multiplier"": 4, ""num_stages"": 2, ""num_warps"": 32, ""pid_type"": ""persistent_blocked"", ""range_flattens"": [true, null], ""range_multi_buffers"": [true, null], ""range_num_stages"": [0, 3], ""range_unroll_factors"": [0, 0], ""range_warp_specializes"": [true, null]}",error,inf,0.06795215606689453,0
fp8_gemm,FP8_004,1536x1536x1536,train,2,heuristics,0,77794152b2e42bcc,"{""atomic_indexing"": [], ""block_sizes"": [32, 32, 32], ""epilogue_subtile"": 2, ""indexing"": [""pointer"", ""tensor_descriptor"", ""tensor_descriptor""], ""l2_groupings"": [64], ""load_eviction_policies"": [""last"", """"], ""loop_orders"": [[0, 1]], ""num_stages"": 6, ""num_warps"": 16, ""pid_type"": ""flat"", ""range_flattens"": [null, false], ""range_multi_buffers"": [null, true], ""range_num_stages"": [0, 2], ""range_unroll_factors"": [0, 3], ""range_warp_specializes"": [null, null]}",ok,228.44800353050232,0.03023695945739746,0
fp8_gemm,FP8_004,1536x1536x1536,train,2,heuristics,0,c79e149b8c11c7d3,"{""atomic_indexing"": [], ""block_sizes"": [16, 32, 32], ""indexing"": [""tensor_descriptor"", ""pointer"", ""tensor_descriptor""], ""l2_groupings"": [32], ""load_eviction_policies"": ["""", """"], ""loop_orders"": [[0, 1]], ""maxnreg"": 64, ""num_sm_multiplier"": 128, ""num_stages"": 4, ""num_warps"": 8, ""pid_type"": ""persistent_interleaved"", ""range_flattens"": [true, true], ""range_multi_buffers"": [false, false], ""range_num_stages"": [0, 2], ""range_unroll_factors"": [1, 0], ""range_warp_specializes"": [false, false]}",ok,269.3119943141937,0.030547380447387695,0
fp8_gemm,FP8_004,1536x1536x1536,train,2,heuristics,0,98d0b656c3e73c5e,"{""atomic_indexing"": [], ""block_sizes"": [128, 128, 64], ""indexing"": [""pointer"", ""pointer"", ""pointer""], ""l2_groupings"": [1], ""load_eviction_policies"": ["""", """"], ""loop_orders"": [[0, 1]], ""num_stages"": 3, ""num_warps"": 8, ""pid_type"": ""flat"", ""range_flattens"": [null, null], ""range_multi_buffers"": [null, null], ""range_num_stages"": [0, 0], ""range_unroll_factors"": [0, 0], ""range_warp_specializes"": [null, null]}",ok,19.487999379634857,0.049474477767944336,0
fp8_gemm,FP8_004,1536x1536x1536,train,2,heuristics,0,892801291dc8ea5b,"{""atomic_indexing"": [], ""block_sizes"": [64, 128, 64], ""indexing"": [""pointer"", ""pointer"", ""pointer""], ""l2_groupings"": [1], ""load_eviction_policies"": ["""", """"], ""loop_orders"": [[0, 1]], ""num_stages"": 4, ""num_warps"": 4, ""pid_type"": ""flat"", ""range_flattens"": [null, null], ""range_multi_buffers"": [null, null], ""range_num_stages"": [0, 0], ""range_unroll_factors"": [0, 0], ""range_warp_specializes"": [null, null]}",ok,15.359999611973763,0.033986806869506836,0
fp8_gemm,FP8_004,1536x1536x1536,train,2,heuristics,0,65beac1e09900d94,"{""atomic_indexing"": [], ""block_sizes"": [128, 256, 64], ""indexing"": [""tensor_descriptor"", ""tensor_descriptor"", ""tensor_descriptor""], ""l2_groupings"": [4], ""load_eviction_policies"": ["""", """"], ""loop_orders"": [[0, 1]], ""num_sm_multiplier"": 1, ""num_stages"": 3, ""num_warps"": 8, ""pid_type"": ""persistent_blocked"", ""range_flattens"": [null, null], ""range_multi_buffers"": [null, null], ""range_num_stages"": [0, 0], ""range_unroll_factors"": [0, 0], ""range_warp_specializes"": [null, null]}",ok,23.552000522613525,0.02075052261352539,0
fp8_gemm,FP8_004,1536x1536x1536,train,2,heuristics,0,8ff36119b3264e28,"{""atomic_indexing"": [], ""block_sizes"": [128, 128, 32], ""indexing"": [""pointer"", ""pointer"", ""pointer""], ""l2_groupings"": [8], ""load_eviction_policies"": [""first"", ""first""], ""loop_orders"": [[0, 1]], ""num_stages"": 2, ""num_warps"": 4, ""pid_type"": ""flat"", ""range_flattens"": [null, null], ""range_multi_buffers"": [null, null], ""range_num_stages"": [0, 0], ""range_unroll_factors"": [0, 0], ""range_warp_specializes"": [null, null]}",ok,46.112000942230225,0.022414445877075195,0
fp8_gemm,FP8_004,1536x1536x1536,train,2,heuristics,0,5afc8eb8dc49422b,"{""atomic_indexing"": [], ""block_sizes"": [256, 128, 64], ""epilogue_subtile"": 2, ""indexing"": [""pointer"", ""pointer"", ""pointer""], ""l2_groupings"": [1], ""load_eviction_policies"": ["""", """"], ""loop_orders"": [[0, 1]], ""maxnreg"": 256, ""num_sm_multiplier"": 1, ""num_stages"": 4, ""num_warps"": 8, ""pid_type"": ""persistent_interleaved"", ""range_flattens"": [null, null], ""range_multi_buffers"": [null, null], ""range_num_stages"": [0, 0], ""range_unroll_factors"": [0, 0], ""range_warp_specializes"": [null, null]}",ok,17.44000054895878,0.02339339256286621,0
fp8_gemm,FP8_005,2048x2048x2048,train,0,heuristics,0,2414def0edca9c1e,"{""atomic_indexing"": [], ""block_sizes"": [128, 256, 64], ""indexing"": [""pointer"", ""pointer"", ""pointer""], ""l2_groupings"": [8], ""load_eviction_policies"": ["""", """"], ""loop_orders"": [[0, 1]], ""num_stages"": 3, ""num_warps"": 8, ""pid_type"": ""flat"", ""range_flattens"": [null, null], ""range_multi_buffers"": [null, null], ""range_num_stages"": [0, 0], ""range_unroll_factors"": [0, 0], ""range_warp_specializes"": [null, null]}",ok,23.584000766277313,0.2716517448425293,1
fp8_gemm,FP8_005,2048x2048x2048,train,0,heuristics,0,2a4159de248005f4,"{""atomic_indexing"": [], ""block_sizes"": [16, 16, 32], ""indexing"": [""pointer"", ""pointer"", ""pointer""], ""l2_groupings"": [1], ""load_eviction_policies"": ["""", """"], ""loop_orders"": [[0, 1]], ""num_stages"": 1, ""num_warps"": 4, ""pid_type"": ""flat"", ""range_flattens"": [null, null], ""range_multi_buffers"": [null, null], ""range_num_stages"": [0, 0], ""range_unroll_factors"": [0, 0], ""range_warp_specializes"": [null, null]}",ok,494.6880042552948,0.04111433029174805,0
fp8_gemm,FP8_005,2048x2048x2048,train,0,heuristics,0,49cdd0104f16be1a,"{""atomic_indexing"": [], ""block_sizes"": [32, 128, 256], ""indexing"": [""pointer"", ""pointer"", ""pointer""], ""l2_groupings"": [4], ""load_eviction_policies"": [""last"", ""first""], ""loop_orders"": [[0, 1]], ""num_sm_multiplier"": 4, ""num_stages"": 2, ""num_warps"": 32, ""pid_type"": ""persistent_blocked"", ""range_flattens"": [true, null], ""range_multi_buffers"": [true, null], ""range_num_stages"": [0, 3], ""range_unroll_factors"": [0, 0], ""range_warp_specializes"": [true, null]}",error,inf,0.07257723808288574,0
fp8_gemm,FP8_005,2048x2048x2048,train,0,heuristics,0,77794152b2e42bcc,"{""atomic_indexing"": [], ""block_sizes"": [32, 32, 32], ""epilogue_subtile"": 2, ""indexing"": [""pointer"", ""tensor_descriptor"", ""tensor_descriptor""], ""l2_groupings"": [64], ""load_eviction_policies"": [""last"", """"], ""loop_orders"": [[0, 1]], ""num_stages"": 6, ""num_warps"": 16, ""pid_type"": ""flat"", ""range_flattens"": [null, false], ""range_multi_buffers"": [null, true], ""range_num_stages"": [0, 2], ""range_unroll_factors"": [0, 3], ""range_warp_specializes"": [null, null]}",ok,494.54399943351746,0.14880156517028809,0
fp8_gemm,FP8_005,2048x2048x2048,train,0,heuristics,0,108359485a61c5c8,"{""atomic_indexing"": [], ""block_sizes"": [32, 32, 32], ""indexing"": [""tensor_descriptor"", ""pointer"", ""tensor_descriptor""], ""l2_groupings"": [32], ""load_eviction_policies"": ["""", """"], ""loop_orders"": [[0, 1]], ""maxnreg"": 64, ""num_sm_multiplier"": 128, ""num_stages"": 4, ""num_warps"": 8, ""pid_type"": ""persistent_interleaved"", ""range_flattens"": [true, true], ""range_multi_buffers"": [false, false], ""range_num_stages"": [0, 2], ""range_unroll_factors"": [1, 0], ""range_warp_specializes"": [false, false]}",ok,310.3039860725403,0.1496286392211914,0
fp8_gemm,FP8_005,2048x2048x2048,train,0,heuristics,0,090aec8abf44546c,"{""atomic_indexing"": [], ""block_sizes"": [128, 128, 64], ""indexing"": [""pointer"", ""pointer"", ""pointer""], ""l2_groupings"": [8], ""load_eviction_policies"": ["""", """"], ""loop_orders"": [[0, 1]], ""num_sm_multiplier"": 1, ""num_stages"": 3, ""num_warps"": 8, ""pid_type"": ""persistent_blocked"", ""range_flattens"": [null, null], ""range_multi_buffers"": [null, null], ""range_num_stages"": [0, 0], ""range_unroll_factors"": [0, 0], ""range_warp_specializes"": [null, null]}",ok,31.74399957060814,0.0447850227355957,0
fp8_gemm,FP8_005,2048x2048x2048,train,0,heuristics,0,87df1710203c8789,"{""atomic_indexing"": [], ""block_sizes"": [64, 128, 64], ""indexing"": [""pointer"", ""pointer"", ""pointer""], ""l2_groupings"": [16], ""load_eviction_policies"": ["""", """"], ""loop_orders"": [[0, 1]], ""maxnreg"": 128, ""num_sm_multiplier"": 1, ""num_stages"": 4, ""num_warps"": 4, ""pid_type"": ""persistent_blocked"", ""range_flattens"": [null, null], ""range_multi_buffers"": [true, null], ""range_num_stages"": [0, 0], ""range_unroll_factors"": [0, 0], ""range_warp_specializes"": [null, null]}",ok,33.824000507593155,0.03216195106506348,0
fp8_gemm,FP8_005,2048x2048x2048,train,0,heuristics,0,067e1c03e28307de,"{""atomic_indexing"": [], ""block_sizes"": [128, 256, 64], ""epilogue_subtile"": 2, ""indexing"": [""tensor_descriptor"", ""tensor_descriptor"", ""tensor_descriptor""], ""l2_groupings"": [8], ""load_eviction_policies"": ["""", """"], ""loop_orders"": [[0, 1]], ""num_sm_multiplier"": 1, ""num_stages"": 3, ""num_warps"": 8, ""pid_type"": ""persistent_interleaved"", ""range_flattens"": [null, null], ""range_multi_buffers"": [null, null], ""range_num_stages"": [0, 0], ""range_unroll_factors"": [0, 0], ""range_warp_specializes"": [null, null]}",ok,27.648000046610832,0.2099933624267578,0
fp8_gemm,FP8_005,2048x2048x2048,train,0,heuristics,0,d4d126b8b4e80dbe,"{""atomic_indexing"": [], ""block_sizes"": [64, 64, 32], ""indexing"": [""pointer"", ""pointer"", ""pointer""], ""l2_groupings"": [1], ""load_eviction_policies"": ["""", """"], ""loop_orders"": [[0, 1]], ""num_stages"": 2, ""num_warps"": 4, ""pid_type"": ""flat"", ""range_flattens"": [null, null], ""range_multi_buffers"": [null, null], ""range_num_stages"": [0, 0], ""range_unroll_factors"": [0, 0], ""range_warp_specializes"": [null, null]}",ok,60.47999858856201,0.1777176856994629,0
fp8_gemm,FP8_005,2048x2048x2048,train,0,heuristics,0,2e153c82d146fbef,"{""atomic_indexing"": [], ""block_sizes"": [128, 128, 32], ""indexing"": [""pointer"", ""pointer"", ""pointer""], ""l2_groupings"": [32], ""load_eviction_policies"": [""first"", ""last""], ""loop_orders"": [[0, 1]], ""maxnreg"": 256, ""num_sm_multiplier"": 1, ""num_stages"": 4, ""num_warps"": 8, ""pid_type"": ""persistent_blocked"", ""range_flattens"": [null, null], ""range_multi_buffers"": [null, null], ""range_num_stages"": [0, 0], ""range_unroll_factors"": [0, 0], ""range_warp_specializes"": [null, null]}",ok,39.96799886226654,0.216902494430542,0
fp8_gemm,FP8_005,2048x2048x2048,train,1,heuristics,0,2414def0edca9c1e,"{""atomic_indexing"": [], ""block_sizes"": [128, 256, 64], ""indexing"": [""pointer"", ""pointer"", ""pointer""], ""l2_groupings"": [8], ""load_eviction_policies"": ["""", """"], ""loop_orders"": [[0, 1]], ""num_stages"": 3, ""num_warps"": 8, ""pid_type"": ""flat"", ""range_flattens"": [null, null], ""range_multi_buffers"": [null, null], ""range_num_stages"": [0, 0], ""range_unroll_factors"": [0, 0], ""range_warp_specializes"": [null, null]}",ok,23.584000766277313,0.05115318298339844,1
fp8_gemm,FP8_005,2048x2048x2048,train,1,heuristics,0,2a4159de248005f4,"{""atomic_indexing"": [], ""block_sizes"": [16, 16, 32], ""indexing"": [""pointer"", ""pointer"", ""pointer""], ""l2_groupings"": [1], ""load_eviction_policies"": ["""", """"], ""loop_orders"": [[0, 1]], ""num_stages"": 1, ""num_warps"": 4, ""pid_type"": ""flat"", ""range_flattens"": [null, null], ""range_multi_buffers"": [null, null], ""range_num_stages"": [0, 0], ""range_unroll_factors"": [0, 0], ""range_warp_specializes"": [null, null]}",ok,494.62398886680603,0.036652326583862305,0
fp8_gemm,FP8_005,2048x2048x2048,train,1,heuristics,0,49cdd0104f16be1a,"{""atomic_indexing"": [], ""block_sizes"": [32, 128, 256], ""indexing"": [""pointer"", ""pointer"", ""pointer""], ""l2_groupings"": [4], ""load_eviction_policies"": [""last"", ""first""], ""loop_orders"": [[0, 1]], ""num_sm_multiplier"": 4, ""num_stages"": 2, ""num_warps"": 32, ""pid_type"": ""persistent_blocked"", ""range_flattens"": [true, null], ""range_multi_buffers"": [true, null], ""range_num_stages"": [0, 3], ""range_unroll_factors"": [0, 0], ""range_warp_specializes"": [true, null]}",error,inf,0.08004140853881836,0
fp8_gemm,FP8_005,2048x2048x2048,train,1,heuristics,0,77794152b2e42bcc,"{""atomic_indexing"": [], ""block_sizes"": [32, 32, 32], ""epilogue_subtile"": 2, ""indexing"": [""pointer"", ""tensor_descriptor"", ""tensor_descriptor""], ""l2_groupings"": [64], ""load_eviction_policies"": [""last"", """"], ""loop_orders"": [[0, 1]], ""num_stages"": 6, ""num_warps"": 16, ""pid_type"": ""flat"", ""range_flattens"": [null, false], ""range_multi_buffers"": [null, true], ""range_num_stages"": [0, 2], ""range_unroll_factors"": [0, 3], ""range_warp_specializes"": [null, null]}",ok,494.56000328063965,0.020999431610107422,0
fp8_gemm,FP8_005,2048x2048x2048,train,1,heuristics,0,108359485a61c5c8,"{""atomic_indexing"": [], ""block_sizes"": [32, 32, 32], ""indexing"": [""tensor_descriptor"", ""pointer"", ""tensor_descriptor""], ""l2_groupings"": [32], ""load_eviction_policies"": ["""", """"], ""loop_orders"": [[0, 1]], ""maxnreg"": 64, ""num_sm_multiplier"": 128, ""num_stages"": 4, ""num_warps"": 8, ""pid_type"": ""persistent_interleaved"", ""range_flattens"": [true, true], ""range_multi_buffers"": [false, false], ""range_num_stages"": [0, 2], ""range_unroll_factors"": [1, 0], ""range_warp_specializes"": [false, false]}",ok,310.2879971265793,0.030899524688720703,0
fp8_gemm,FP8_005,2048x2048x2048,train,1,heuristics,0,090aec8abf44546c,"{""atomic_indexing"": [], ""block_sizes"": [128, 128, 64], ""indexing"": [""pointer"", ""pointer"", ""pointer""], ""l2_groupings"": [8], ""load_eviction_policies"": ["""", """"], ""loop_orders"": [[0, 1]], ""num_sm_multiplier"": 1, ""num_stages"": 3, ""num_warps"": 8, ""pid_type"": ""persistent_blocked"", ""range_flattens"": [null, null], ""range_multi_buffers"": [null, null], ""range_num_stages"": [0, 0], ""range_unroll_factors"": [0, 0], ""range_warp_specializes"": [null, null]}",ok,31.74399957060814,0.05429506301879883,0
fp8_gemm,FP8_005,2048x2048x2048,train,1,heuristics,0,87df1710203c8789,"{""atomic_indexing"": [], ""block_sizes"": [64, 128, 64], ""indexing"": [""pointer"", ""pointer"", ""pointer""], ""l2_groupings"": [16], ""load_eviction_policies"": ["""", """"], ""loop_orders"": [[0, 1]], ""maxnreg"": 128, ""num_sm_multiplier"": 1, ""num_stages"": 4, ""num_warps"": 4, ""pid_type"": ""persistent_blocked"", ""range_flattens"": [null, null], ""range_multi_buffers"": [true, null], ""range_num_stages"": [0, 0], ""range_unroll_factors"": [0, 0], ""range_warp_specializes"": [null, null]}",ok,33.824000507593155,0.03704214096069336,0
fp8_gemm,FP8_005,2048x2048x2048,train,1,heuristics,0,0301811184752b8c,"{""atomic_indexing"": [], ""block_sizes"": [128, 256, 64], ""epilogue_subtile"": 2, ""indexing"": [""tensor_descriptor"", ""tensor_descriptor"", ""tensor_descriptor""], ""l2_groupings"": [16], ""load_eviction_policies"": ["""", """"], ""loop_orders"": [[0, 1]], ""maxnreg"": 256, ""num_sm_multiplier"": 1, ""num_stages"": 3, ""num_warps"": 8, ""pid_type"": ""persistent_blocked"", ""range_flattens"": [null, null], ""range_multi_buffers"": [null, null], ""range_num_stages"": [0, 0], ""range_unroll_factors"": [0, 0], ""range_warp_specializes"": [null, null]}",ok,27.68000029027462,0.23448538780212402,0
fp8_gemm,FP8_005,2048x2048x2048,train,1,heuristics,0,ddb6a64e2b3a28e6,"{""atomic_indexing"": [], ""block_sizes"": [128, 128, 32], ""indexing"": [""pointer"", ""pointer"", ""pointer""], ""l2_groupings"": [32], ""load_eviction_policies"": ["""", """"], ""loop_orders"": [[0, 1]], ""num_sm_multiplier"": 1, ""num_stages"": 2, ""num_warps"": 8, ""pid_type"": ""persistent_interleaved"", ""range_flattens"": [null, null], ""range_multi_buffers"": [null, null], ""range_num_stages"": [0, 0], ""range_unroll_factors"": [0, 0], ""range_warp_specializes"": [null, null]}",ok,107.51999914646149,0.21393728256225586,0
fp8_gemm,FP8_005,2048x2048x2048,train,1,heuristics,0,d4d126b8b4e80dbe,"{""atomic_indexing"": [], ""block_sizes"": [64, 64, 32], ""indexing"": [""pointer"", ""pointer"", ""pointer""], ""l2_groupings"": [1], ""load_eviction_policies"": ["""", """"], ""loop_orders"": [[0, 1]], ""num_stages"": 2, ""num_warps"": 4, ""pid_type"": ""flat"", ""range_flattens"": [null, null], ""range_multi_buffers"": [null, null], ""range_num_stages"": [0, 0], ""range_unroll_factors"": [0, 0], ""range_warp_specializes"": [null, null]}",ok,60.5119988322258,0.02080702781677246,0
fp8_gemm,FP8_005,2048x2048x2048,train,2,heuristics,0,2414def0edca9c1e,"{""atomic_indexing"": [], ""block_sizes"": [128, 256, 64], ""indexing"": [""pointer"", ""pointer"", ""pointer""], ""l2_groupings"": [8], ""load_eviction_policies"": ["""", """"], ""loop_orders"": [[0, 1]], ""num_stages"": 3, ""num_warps"": 8, ""pid_type"": ""flat"", ""range_flattens"": [null, null], ""range_multi_buffers"": [null, null], ""range_num_stages"": [0, 0], ""range_unroll_factors"": [0, 0], ""range_warp_specializes"": [null, null]}",ok,23.552000522613525,0.05571794509887695,1
fp8_gemm,FP8_005,2048x2048x2048,train,2,heuristics,0,2a4159de248005f4,"{""atomic_indexing"": [], ""block_sizes"": [16, 16, 32], ""indexing"": [""pointer"", ""pointer"", ""pointer""], ""l2_groupings"": [1], ""load_eviction_policies"": ["""", """"], ""loop_orders"": [[0, 1]], ""num_stages"": 1, ""num_warps"": 4, ""pid_type"": ""flat"", ""range_flattens"": [null, null], ""range_multi_buffers"": [null, null], ""range_num_stages"": [0, 0], ""range_unroll_factors"": [0, 0], ""range_warp_specializes"": [null, null]}",ok,494.56000328063965,0.0382390022277832,0
fp8_gemm,FP8_005,2048x2048x2048,train,2,heuristics,0,49cdd0104f16be1a,"{""atomic_indexing"": [], ""block_sizes"": [32, 128, 256], ""indexing"": [""pointer"", ""pointer"", ""pointer""], ""l2_groupings"": [4], ""load_eviction_policies"": [""last"", ""first""], ""loop_orders"": [[0, 1]], ""num_sm_multiplier"": 4, ""num_stages"": 2, ""num_warps"": 32, ""pid_type"": ""persistent_blocked"", ""range_flattens"": [true, null], ""range_multi_buffers"": [true, null], ""range_num_stages"": [0, 3], ""range_unroll_factors"": [0, 0], ""range_warp_specializes"": [true, null]}",error,inf,0.07019925117492676,0
fp8_gemm,FP8_005,2048x2048x2048,train,2,heuristics,0,77794152b2e42bcc,"{""atomic_indexing"": [], ""block_sizes"": [32, 32, 32], ""epilogue_subtile"": 2, ""indexing"": [""pointer"", ""tensor_descriptor"", ""tensor_descriptor""], ""l2_groupings"": [64], ""load_eviction_policies"": [""last"", """"], ""loop_orders"": [[0, 1]], ""num_stages"": 6, ""num_warps"": 16, ""pid_type"": ""flat"", ""range_flattens"": [null, false], ""range_multi_buffers"": [null, true], ""range_num_stages"": [0, 2], ""range_unroll_factors"": [0, 3], ""range_warp_specializes"": [null, null]}",ok,494.56000328063965,0.020504236221313477,0
fp8_gemm,FP8_005,2048x2048x2048,train,2,heuristics,0,108359485a61c5c8,"{""atomic_indexing"": [], ""block_sizes"": [32, 32, 32], ""indexing"": [""tensor_descriptor"", ""pointer"", ""tensor_descriptor""], ""l2_groupings"": [32], ""load_eviction_policies"": ["""", """"], ""loop_orders"": [[0, 1]], ""maxnreg"": 64, ""num_sm_multiplier"": 128, ""num_stages"": 4, ""num_warps"": 8, ""pid_type"": ""persistent_interleaved"", ""range_flattens"": [true, true], ""range_multi_buffers"": [false, false], ""range_num_stages"": [0, 2], ""range_unroll_factors"": [1, 0], ""range_warp_specializes"": [false, false]}",ok,310.3039860725403,0.020429372787475586,0
fp8_gemm,FP8_005,2048x2048x2048,train,2,heuristics,0,090aec8abf44546c,"{""atomic_indexing"": [], ""block_sizes"": [128, 128, 64], ""indexing"": [""pointer"", ""pointer"", ""pointer""], ""l2_groupings"": [8], ""load_eviction_policies"": ["""", """"], ""loop_orders"": [[0, 1]], ""num_sm_multiplier"": 1, ""num_stages"": 3, ""num_warps"": 8, ""pid_type"": ""persistent_blocked"", ""range_flattens"": [null, null], ""range_multi_buffers"": [null, null], ""range_num_stages"": [0, 0], ""range_unroll_factors"": [0, 0], ""range_warp_specializes"": [null, null]}",ok,31.775999814271927,0.06693458557128906,0
fp8_gemm,FP8_005,2048x2048x2048,train,2,heuristics,0,87df1710203c8789,"{""atomic_indexing"": [], ""block_sizes"": [64, 128, 64], ""indexing"": [""pointer"", ""pointer"", ""pointer""], ""l2_groupings"": [16], ""load_eviction_policies"": ["""", """"], ""loop_orders"": [[0, 1]], ""maxnreg"": 128, ""num_sm_multiplier"": 1, ""num_stages"": 4, ""num_warps"": 4, ""pid_type"": ""persistent_blocked"", ""range_flattens"": [null, null], ""range_multi_buffers"": [true, null], ""range_num_stages"": [0, 0], ""range_unroll_factors"": [0, 0], ""range_warp_specializes"": [null, null]}",ok,33.79200026392937,0.05024218559265137,0
fp8_gemm,FP8_005,2048x2048x2048,train,2,heuristics,0,0301811184752b8c,"{""atomic_indexing"": [], ""block_sizes"": [128, 256, 64], ""epilogue_subtile"": 2, ""indexing"": [""tensor_descriptor"", ""tensor_descriptor"", ""tensor_descriptor""], ""l2_groupings"": [16], ""load_eviction_policies"": ["""", """"], ""loop_orders"": [[0, 1]], ""maxnreg"": 256, ""num_sm_multiplier"": 1, ""num_stages"": 3, ""num_warps"": 8, ""pid_type"": ""persistent_blocked"", ""range_flattens"": [null, null], ""range_multi_buffers"": [null, null], ""range_num_stages"": [0, 0], ""range_unroll_factors"": [0, 0], ""range_warp_specializes"": [null, null]}",ok,27.68000029027462,0.03487515449523926,0
fp8_gemm,FP8_005,2048x2048x2048,train,2,heuristics,0,0568b10e60b5a4cf,"{""atomic_indexing"": [], ""block_sizes"": [128, 128, 32], ""indexing"": [""pointer"", ""pointer"", ""pointer""], ""l2_groupings"": [8], ""load_eviction_policies"": ["""", """"], ""loop_orders"": [[0, 1]], ""num_stages"": 2, ""num_warps"": 8, ""pid_type"": ""flat"", ""range_flattens"": [null, null], ""range_multi_buffers"": [null, null], ""range_num_stages"": [0, 0], ""range_unroll_factors"": [0, 0], ""range_warp_specializes"": [null, null]}",ok,60.35200133919716,0.025801658630371094,0
fp8_gemm,FP8_005,2048x2048x2048,train,2,heuristics,0,37e7bd0be14aca28,"{""atomic_indexing"": [], ""block_sizes"": [64, 64, 64], ""indexing"": [""pointer"", ""pointer"", ""pointer""], ""l2_groupings"": [4], ""load_eviction_policies"": ["""", """"], ""loop_orders"": [[0, 1]], ""num_sm_multiplier"": 1, ""num_stages"": 3, ""num_warps"": 4, ""pid_type"": ""persistent_interleaved"", ""range_flattens"": [null, null], ""range_multi_buffers"": [null, null], ""range_num_stages"": [0, 0], ""range_unroll_factors"": [0, 0], ""range_warp_specializes"": [null, null]}",ok,64.54399973154068,0.21839666366577148,0
fp8_gemm,FP8_006,3072x3072x3072,train,0,heuristics,0,a64a01219a8f560d,"{""atomic_indexing"": [], ""block_sizes"": [128, 256, 64], ""indexing"": [""pointer"", ""pointer"", ""pointer""], ""l2_groupings"": [16], ""load_eviction_policies"": ["""", """"], ""loop_orders"": [[0, 1]], ""num_stages"": 3, ""num_warps"": 8, ""pid_type"": ""flat"", ""range_flattens"": [null, null], ""range_multi_buffers"": [null, null], ""range_num_stages"": [0, 0], ""range_unroll_factors"": [0, 0], ""range_warp_specializes"": [null, null]}",ok,54.23999950289726,0.2832214832305908,1
fp8_gemm,FP8_006,3072x3072x3072,train,0,heuristics,0,2a4159de248005f4,"{""atomic_indexing"": [], ""block_sizes"": [16, 16, 32], ""indexing"": [""pointer"", ""pointer"", ""pointer""], ""l2_groupings"": [1], ""load_eviction_policies"": ["""", """"], ""loop_orders"": [[0, 1]], ""num_stages"": 1, ""num_warps"": 4, ""pid_type"": ""flat"", ""range_flattens"": [null, null], ""range_multi_buffers"": [null, null], ""range_num_stages"": [0, 0], ""range_unroll_factors"": [0, 0], ""range_warp_specializes"": [null, null]}",ok,1584.656000137329,0.04223966598510742,0
fp8_gemm,FP8_006,3072x3072x3072,train,0,heuristics,0,bf29cf092ad8396e,"{""atomic_indexing"": [], ""block_sizes"": [32, 256, 128], ""indexing"": [""pointer"", ""pointer"", ""pointer""], ""l2_groupings"": [4], ""load_eviction_policies"": [""last"", ""first""], ""loop_orders"": [[0, 1]], ""num_sm_multiplier"": 4, ""num_stages"": 2, ""num_warps"": 32, ""pid_type"": ""persistent_blocked"", ""range_flattens"": [true, null], ""range_multi_buffers"": [true, null], ""range_num_stages"": [0, 3], ""range_unroll_factors"": [0, 0], ""range_warp_specializes"": [true, null]}",error,inf,0.08901214599609375,0
fp8_gemm,FP8_006,3072x3072x3072,train,0,heuristics,0,77794152b2e42bcc,"{""atomic_indexing"": [], ""block_sizes"": [32, 32, 32], ""epilogue_subtile"": 2, ""indexing"": [""pointer"", ""tensor_descriptor"", ""tensor_descriptor""], ""l2_groupings"": [64], ""load_eviction_policies"": [""last"", """"], ""loop_orders"": [[0, 1]], ""num_stages"": 6, ""num_warps"": 16, ""pid_type"": ""flat"", ""range_flattens"": [null, false], ""range_multi_buffers"": [null, true], ""range_num_stages"": [0, 2], ""range_unroll_factors"": [0, 3], ""range_warp_specializes"": [null, null]}",ok,1646.6560363769531,0.1604173183441162,0
fp8_gemm,FP8_006,3072x3072x3072,train,0,heuristics,0,108359485a61c5c8,"{""atomic_indexing"": [], ""block_sizes"": [32, 32, 32], ""indexing"": [""tensor_descriptor"", ""pointer"", ""tensor_descriptor""], ""l2_groupings"": [32], ""load_eviction_policies"": ["""", """"], ""loop_orders"": [[0, 1]], ""maxnreg"": 64, ""num_sm_multiplier"": 128, ""num_stages"": 4, ""num_warps"": 8, ""pid_type"": ""persistent_interleaved"", ""range_flattens"": [true, true], ""range_multi_buffers"": [false, false], ""range_num_stages"": [0, 2], ""range_unroll_factors"": [1, 0], ""range_warp_specializes"": [false, false]}",ok,869.4080114364624,0.17052578926086426,0
fp8_gemm,FP8_006,3072x3072x3072,train,0,heuristics,0,090aec8abf44546c,"{""atomic_indexing"": [], ""block_sizes"": [128, 128, 64], ""indexing"": [""pointer"", ""pointer"", ""pointer""], ""l2_groupings"": [8], ""load_eviction_policies"": ["""", """"], ""loop_orders"": [[0, 1]], ""num_sm_multiplier"": 1, ""num_stages"": 3, ""num_warps"": 8, ""pid_type"": ""persistent_blocked"", ""range_flattens"": [null, null], ""range_multi_buffers"": [null, null], ""range_num_stages"": [0, 0], ""range_unroll_factors"": [0, 0], ""range_warp_specializes"": [null, null]}",ok,74.72000271081924,0.05297493934631348,0
fp8_gemm,FP8_006,3072x3072x3072,train,0,heuristics,0,87df1710203c8789,"{""atomic_indexing"": [], ""block_sizes"": [64, 128, 64], ""indexing"": [""pointer"", ""pointer"", ""pointer""], ""l2_groupings"": [16], ""load_eviction_policies"": ["""", """"], ""loop_orders"": [[0, 1]], ""maxnreg"": 128, ""num_sm_multiplier"": 1, ""num_stages"": 4, ""num_warps"": 4, ""pid_type"": ""persistent_blocked"", ""range_flattens"": [null, null], ""range_multi_buffers"": [true, null], ""range_num_stages"": [0, 0], ""range_unroll_factors"": [0, 0], ""range_warp_specializes"": [null, null]}",ok,82.91199803352356,0.03592038154602051,0
fp8_gemm,FP8_006,3072x3072x3072,train,0,heuristics,0,444b006e81c84413,"{""atomic_indexing"": [], ""block_sizes"": [128, 256, 64], ""epilogue_subtile"": 2, ""indexing"": [""tensor_descriptor"", ""tensor_descriptor"", ""tensor_descriptor""], ""l2_groupings"": [8], ""load_eviction_policies"": ["""", """"], ""loop_orders"": [[0, 1]], ""num_sm_multiplier"": 1, ""num_stages"": 3, ""num_warps"": 8, ""pid_type"": ""persistent_blocked"", ""range_flattens"": [null, null], ""range_multi_buffers"": [null, null], ""range_num_stages"": [0, 0], ""range_unroll_factors"": [0, 0], ""range_warp_specializes"": [null, null]}",ok,50.335999578237534,0.023374557495117188,0
fp8_gemm,FP8_006,3072x3072x3072,train,0,heuristics,0,5f5b5ac0cf621145,"{""atomic_indexing"": [], ""block_sizes"": [128, 128, 32], ""indexing"": [""pointer"", ""pointer"", ""pointer""], ""l2_groupings"": [4], ""load_eviction_policies"": ["""", """"], ""loop_orders"": [[0, 1]], ""num_stages"": 2, ""num_warps"": 8, ""pid_type"": ""flat"", ""range_flattens"": [null, null], ""range_multi_buffers"": [null, null], ""range_num_stages"": [0, 0], ""range_unroll_factors"": [0, 0], ""range_warp_specializes"": [null, null]}",ok,119.77600306272507,0.024090051651000977,0
fp8_gemm,FP8_006,3072x3072x3072,train,0,heuristics,0,386cd2655a08a11b,"{""atomic_indexing"": [], ""block_sizes"": [256, 128, 64], ""indexing"": [""pointer"", ""pointer"", ""pointer""], ""l2_groupings"": [32], ""load_eviction_policies"": [""first"", ""first""], ""loop_orders"": [[0, 1]], ""maxnreg"": 256, ""num_sm_multiplier"": 1, ""num_stages"": 4, ""num_warps"": 8, ""pid_type"": ""persistent_blocked"", ""range_flattens"": [null, null], ""range_multi_buffers"": [true, null], ""range_num_stages"": [0, 0], ""range_unroll_factors"": [0, 0], ""range_warp_specializes"": [null, null]}",ok,44.03200000524521,0.023518800735473633,0
fp8_gemm,FP8_006,3072x3072x3072,train,1,heuristics,0,a64a01219a8f560d,"{""atomic_indexing"": [], ""block_sizes"": [128, 256, 64], ""indexing"": [""pointer"", ""pointer"", ""pointer""], ""l2_groupings"": [16], ""load_eviction_policies"": ["""", """"], ""loop_orders"": [[0, 1]], ""num_stages"": 3, ""num_warps"": 8, ""pid_type"": ""flat"", ""range_flattens"": [null, null], ""range_multi_buffers"": [null, null], ""range_num_stages"": [0, 0], ""range_unroll_factors"": [0, 0], ""range_warp_specializes"": [null, null]}",ok,54.23999950289726,0.03831315040588379,1
fp8_gemm,FP8_006,3072x3072x3072,train,1,heuristics,0,2a4159de248005f4,"{""atomic_indexing"": [], ""block_sizes"": [16, 16, 32], ""indexing"": [""pointer"", ""pointer"", ""pointer""], ""l2_groupings"": [1], ""load_eviction_policies"": ["""", """"], ""loop_orders"": [[0, 1]], ""num_stages"": 1, ""num_warps"": 4, ""pid_type"": ""flat"", ""range_flattens"": [null, null], ""range_multi_buffers"": [null, null], ""range_num_stages"": [0, 0], ""range_unroll_factors"": [0, 0], ""range_warp_specializes"": [null, null]}",ok,1582.97598361969,0.030321836471557617,0
fp8_gemm,FP8_006,3072x3072x3072,train,1,heuristics,0,bf29cf092ad8396e,"{""atomic_indexing"": [], ""block_sizes"": [32, 256, 128], ""indexing"": [""pointer"", ""pointer"", ""pointer""], ""l2_groupings"": [4], ""load_eviction_policies"": [""last"", ""first""], ""loop_orders"": [[0, 1]], ""num_sm_multiplier"": 4, ""num_stages"": 2, ""num_warps"": 32, ""pid_type"": ""persistent_blocked"", ""range_flattens"": [true, null], ""range_multi_buffers"": [true, null], ""range_num_stages"": [0, 3], ""range_unroll_factors"": [0, 0], ""range_warp_specializes"": [true, null]}",error,inf,0.08405375480651855,0
fp8_gemm,FP8_006,3072x3072x3072,train,1,heuristics,0,77794152b2e42bcc,"{""atomic_indexing"": [], ""block_sizes"": [32, 32, 32], ""epilogue_subtile"": 2, ""indexing"": [""pointer"", ""tensor_descriptor"", ""tensor_descriptor""], ""l2_groupings"": [64], ""load_eviction_policies"": [""last"", """"], ""loop_orders"": [[0, 1]], ""num_stages"": 6, ""num_warps"": 16, ""pid_type"": ""flat"", ""range_flattens"": [null, false], ""range_multi_buffers"": [null, true], ""range_num_stages"": [0, 2], ""range_unroll_factors"": [0, 3], ""range_warp_specializes"": [null, null]}",ok,1646.5920209884644,0.019877195358276367,0
fp8_gemm,FP8_006,3072x3072x3072,train,1,heuristics,0,108359485a61c5c8,"{""atomic_indexing"": [], ""block_sizes"": [32, 32, 32], ""indexing"": [""tensor_descriptor"", ""pointer"", ""tensor_descriptor""], ""l2_groupings"": [32], ""load_eviction_policies"": ["""", """"], ""loop_orders"": [[0, 1]], ""maxnreg"": 64, ""num_sm_multiplier"": 128, ""num_stages"": 4, ""num_warps"": 8, ""pid_type"": ""persistent_interleaved"", ""range_flattens"": [true, true], ""range_multi_buffers"": [false, false], ""range_num_stages"": [0, 2], ""range_unroll_factors"": [1, 0], ""range_warp_specializes"": [false, false]}",ok,869.4720268249512,0.01990342140197754,0
fp8_gemm,FP8_006,3072x3072x3072,train,1,heuristics,0,090aec8abf44546c,"{""atomic_indexing"": [], ""block_sizes"": [128, 128, 64], ""indexing"": [""pointer"", ""pointer"", ""pointer""], ""l2_groupings"": [8], ""load_eviction_policies"": ["""", """"], ""loop_orders"": [[0, 1]], ""num_sm_multiplier"": 1, ""num_stages"": 3, ""num_warps"": 8, ""pid_type"": ""persistent_blocked"", ""range_flattens"": [null, null], ""range_multi_buffers"": [null, null], ""range_num_stages"": [0, 0], ""range_unroll_factors"": [0, 0], ""range_warp_specializes"": [null, null]}",ok,72.76800274848938,0.08356189727783203,0
fp8_gemm,FP8_006,3072x3072x3072,train,1,heuristics,0,87df1710203c8789,"{""atomic_indexing"": [], ""block_sizes"": [64, 128, 64], ""indexing"": [""pointer"", ""pointer"", ""pointer""], ""l2_groupings"": [16], ""load_eviction_policies"": ["""", """"], ""loop_orders"": [[0, 1]], ""maxnreg"": 128, ""num_sm_multiplier"": 1, ""num_stages"": 4, ""num_warps"": 4, ""pid_type"": ""persistent_blocked"", ""range_flattens"": [null, null], ""range_multi_buffers"": [true, null], ""range_num_stages"": [0, 0], ""range_unroll_factors"": [0, 0], ""range_warp_specializes"": [null, null]}",ok,80.9599980711937,0.06641435623168945,0
fp8_gemm,FP8_006,3072x3072x3072,train,1,heuristics,0,444b006e81c84413,"{""atomic_indexing"": [], ""block_sizes"": [128, 256, 64], ""epilogue_subtile"": 2, ""indexing"": [""tensor_descriptor"", ""tensor_descriptor"", ""tensor_descriptor""], ""l2_groupings"": [8], ""load_eviction_policies"": ["""", """"], ""loop_orders"": [[0, 1]], ""num_sm_multiplier"": 1, ""num_stages"": 3, ""num_warps"": 8, ""pid_type"": ""persistent_blocked"", ""range_flattens"": [null, null], ""range_multi_buffers"": [null, null], ""range_num_stages"": [0, 0], ""range_unroll_factors"": [0, 0], ""range_warp_specializes"": [null, null]}",ok,50.20799860358238,0.050618648529052734,0
fp8_gemm,FP8_006,3072x3072x3072,train,1,heuristics,0,a9a7d389e9dda0ca,"{""atomic_indexing"": [], ""block_sizes"": [128, 128, 32], ""indexing"": [""pointer"", ""pointer"", ""pointer""], ""l2_groupings"": [4], ""load_eviction_policies"": ["""", """"], ""loop_orders"": [[0, 1]], ""num_stages"": 3, ""num_warps"": 8, ""pid_type"": ""flat"", ""range_flattens"": [null, null], ""range_multi_buffers"": [null, null], ""range_num_stages"": [0, 0], ""range_unroll_factors"": [0, 0], ""range_warp_specializes"": [null, null]}",ok,70.68800181150436,0.041374921798706055,0
fp8_gemm,FP8_006,3072x3072x3072,train,1,heuristics,0,d0cf36503ffc2990,"{""atomic_indexing"": [], ""block_sizes"": [256, 128, 64], ""indexing"": [""pointer"", ""pointer"", ""pointer""], ""l2_groupings"": [32], ""load_eviction_policies"": [""first"", ""first""], ""loop_orders"": [[0, 1]], ""maxnreg"": 256, ""num_sm_multiplier"": 1, ""num_stages"": 4, ""num_warps"": 8, ""pid_type"": ""persistent_blocked"", ""range_flattens"": [null, null], ""range_multi_buffers"": [null, null], ""range_num_stages"": [0, 0], ""range_unroll_factors"": [0, 0], ""range_warp_specializes"": [null, null]}",ok,44.03200000524521,0.32362914085388184,0
fp8_gemm,FP8_006,3072x3072x3072,train,2,heuristics,0,a64a01219a8f560d,"{""atomic_indexing"": [], ""block_sizes"": [128, 256, 64], ""indexing"": [""pointer"", ""pointer"", ""pointer""], ""l2_groupings"": [16], ""load_eviction_policies"": ["""", """"], ""loop_orders"": [[0, 1]], ""num_stages"": 3, ""num_warps"": 8, ""pid_type"": ""flat"", ""range_flattens"": [null, null], ""range_multi_buffers"": [null, null], ""range_num_stages"": [0, 0], ""range_unroll_factors"": [0, 0], ""range_warp_specializes"": [null, null]}",ok,54.27199974656105,0.05718493461608887,1
fp8_gemm,FP8_006,3072x3072x3072,train,2,heuristics,0,2a4159de248005f4,"{""atomic_indexing"": [], ""block_sizes"": [16, 16, 32], ""indexing"": [""pointer"", ""pointer"", ""pointer""], ""l2_groupings"": [1], ""load_eviction_policies"": ["""", """"], ""loop_orders"": [[0, 1]], ""num_stages"": 1, ""num_warps"": 4, ""pid_type"": ""flat"", ""range_flattens"": [null, null], ""range_multi_buffers"": [null, null], ""range_num_stages"": [0, 0], ""range_unroll_factors"": [0, 0], ""range_warp_specializes"": [null, null]}",ok,1583.1680297851562,0.04042840003967285,0
fp8_gemm,FP8_006,3072x3072x3072,train,2,heuristics,0,bf29cf092ad8396e,"{""atomic_indexing"": [], ""block_sizes"": [32, 256, 128], ""indexing"": [""pointer"", ""pointer"", ""pointer""], ""l2_groupings"": [4], ""load_eviction_policies"": [""last"", ""first""], ""loop_orders"": [[0, 1]], ""num_sm_multiplier"": 4, ""num_stages"": 2, ""num_warps"": 32, ""pid_type"": ""persistent_blocked"", ""range_flattens"": [true, null], ""range_multi_buffers"": [true, null], ""range_num_stages"": [0, 3], ""range_unroll_factors"": [0, 0], ""range_warp_specializes"": [true, null]}",error,inf,0.08441638946533203,0
fp8_gemm,FP8_006,3072x3072x3072,train,2,heuristics,0,77794152b2e42bcc,"{""atomic_indexing"": [], ""block_sizes"": [32, 32, 32], ""epilogue_subtile"": 2, ""indexing"": [""pointer"", ""tensor_descriptor"", ""tensor_descriptor""], ""l2_groupings"": [64], ""load_eviction_policies"": [""last"", """"], ""loop_orders"": [[0, 1]], ""num_stages"": 6, ""num_warps"": 16, ""pid_type"": ""flat"", ""range_flattens"": [null, false], ""range_multi_buffers"": [null, true], ""range_num_stages"": [0, 2], ""range_unroll_factors"": [0, 3], ""range_warp_specializes"": [null, null]}",ok,1646.5599536895752,0.022141456604003906,0
fp8_gemm,FP8_006,3072x3072x3072,train,2,heuristics,0,108359485a61c5c8,"{""atomic_indexing"": [], ""block_sizes"": [32, 32, 32], ""indexing"": [""tensor_descriptor"", ""pointer"", ""tensor_descriptor""], ""l2_groupings"": [32], ""load_eviction_policies"": ["""", """"], ""loop_orders"": [[0, 1]], ""maxnreg"": 64, ""num_sm_multiplier"": 128, ""num_stages"": 4, ""num_warps"": 8, ""pid_type"": ""persistent_interleaved"", ""range_flattens"": [true, true], ""range_multi_buffers"": [false, false], ""range_num_stages"": [0, 2], ""range_unroll_factors"": [1, 0], ""range_warp_specializes"": [false, false]}",ok,869.4080114364624,0.020328521728515625,0
fp8_gemm,FP8_006,3072x3072x3072,train,2,heuristics,0,090aec8abf44546c,"{""atomic_indexing"": [], ""block_sizes"": [128, 128, 64], ""indexing"": [""pointer"", ""pointer"", ""pointer""], ""l2_groupings"": [8], ""load_eviction_policies"": ["""", """"], ""loop_orders"": [[0, 1]], ""num_sm_multiplier"": 1, ""num_stages"": 3, ""num_warps"": 8, ""pid_type"": ""persistent_blocked"", ""range_flattens"": [null, null], ""range_multi_buffers"": [null, null], ""range_num_stages"": [0, 0], ""range_unroll_factors"": [0, 0], ""range_warp_specializes"": [null, null]}",ok,73.82400333881378,0.07074546813964844,0
fp8_gemm,FP8_006,3072x3072x3072,train,2,heuristics,0,87df1710203c8789,"{""atomic_indexing"": [], ""block_sizes"": [64, 128, 64], ""indexing"": [""pointer"", ""pointer"", ""pointer""], ""l2_groupings"": [16], ""load_eviction_policies"": ["""", """"], ""loop_orders"": [[0, 1]], ""maxnreg"": 128, ""num_sm_multiplier"": 1, ""num_stages"": 4, ""num_warps"": 4, ""pid_type"": ""persistent_blocked"", ""range_flattens"": [null, null], ""range_multi_buffers"": [true, null], ""range_num_stages"": [0, 0], ""range_unroll_factors"": [0, 0], ""range_warp_specializes"": [null, null]}",ok,80.9599980711937,0.05269050598144531,0
fp8_gemm,FP8_006,3072x3072x3072,train,2,heuristics,0,067e1c03e28307de,"{""atomic_indexing"": [], ""block_sizes"": [128, 256, 64], ""epilogue_subtile"": 2, ""indexing"": [""tensor_descriptor"", ""tensor_descriptor"", ""tensor_descriptor""], ""l2_groupings"": [8], ""load_eviction_policies"": ["""", """"], ""loop_orders"": [[0, 1]], ""num_sm_multiplier"": 1, ""num_stages"": 3, ""num_warps"": 8, ""pid_type"": ""persistent_interleaved"", ""range_flattens"": [null, null], ""range_multi_buffers"": [null, null], ""range_num_stages"": [0, 0], ""range_unroll_factors"": [0, 0], ""range_warp_specializes"": [null, null]}",ok,52.22399905323982,0.2515428066253662,0
fp8_gemm,FP8_006,3072x3072x3072,train,2,heuristics,0,5ac02f9824ada2ee,"{""atomic_indexing"": [], ""block_sizes"": [64, 64, 64], ""indexing"": [""pointer"", ""pointer"", ""pointer""], ""l2_groupings"": [8], ""load_eviction_policies"": ["""", """"], ""loop_orders"": [[0, 1]], ""num_sm_multiplier"": 1, ""num_stages"": 3, ""num_warps"": 4, ""pid_type"": ""persistent_blocked"", ""range_flattens"": [null, null], ""range_multi_buffers"": [null, null], ""range_num_stages"": [0, 0], ""range_unroll_factors"": [0, 0], ""range_warp_specializes"": [null, null]}",ok,183.3599954843521,0.24451947212219238,0
fp8_gemm,FP8_006,3072x3072x3072,train,2,heuristics,0,ba686662527c395a,"{""atomic_indexing"": [], ""block_sizes"": [128, 128, 32], ""indexing"": [""pointer"", ""pointer"", ""pointer""], ""l2_groupings"": [1], ""load_eviction_policies"": ["""", """"], ""loop_orders"": [[0, 1]], ""num_stages"": 2, ""num_warps"": 8, ""pid_type"": ""flat"", ""range_flattens"": [null, null], ""range_multi_buffers"": [null, null], ""range_num_stages"": [0, 0], ""range_unroll_factors"": [0, 0], ""range_warp_specializes"": [null, null]}",ok,152.67199277877808,0.02982497215270996,0
fp8_gemm,FP8_007,3840x3840x3840,train,0,heuristics,0,a64a01219a8f560d,"{""atomic_indexing"": [], ""block_sizes"": [128, 256, 64], ""indexing"": [""pointer"", ""pointer"", ""pointer""], ""l2_groupings"": [16], ""load_eviction_policies"": ["""", """"], ""loop_orders"": [[0, 1]], ""num_stages"": 3, ""num_warps"": 8, ""pid_type"": ""flat"", ""range_flattens"": [null, null], ""range_multi_buffers"": [null, null], ""range_num_stages"": [0, 0], ""range_unroll_factors"": [0, 0], ""range_warp_specializes"": [null, null]}",ok,95.2640026807785,0.293809175491333,1
fp8_gemm,FP8_007,3840x3840x3840,train,0,heuristics,0,2a4159de248005f4,"{""atomic_indexing"": [], ""block_sizes"": [16, 16, 32], ""indexing"": [""pointer"", ""pointer"", ""pointer""], ""l2_groupings"": [1], ""load_eviction_policies"": ["""", """"], ""loop_orders"": [[0, 1]], ""num_stages"": 1, ""num_warps"": 4, ""pid_type"": ""flat"", ""range_flattens"": [null, null], ""range_multi_buffers"": [null, null], ""range_num_stages"": [0, 0], ""range_unroll_factors"": [0, 0], ""range_warp_specializes"": [null, null]}",ok,3088.4000062942505,0.04638099670410156,0
fp8_gemm,FP8_007,3840x3840x3840,train,0,heuristics,0,bf29cf092ad8396e,"{""atomic_indexing"": [], ""block_sizes"": [32, 256, 128], ""indexing"": [""pointer"", ""pointer"", ""pointer""], ""l2_groupings"": [4], ""load_eviction_policies"": [""last"", ""first""], ""loop_orders"": [[0, 1]], ""num_sm_multiplier"": 4, ""num_stages"": 2, ""num_warps"": 32, ""pid_type"": ""persistent_blocked"", ""range_flattens"": [true, null], ""range_multi_buffers"": [true, null], ""range_num_stages"": [0, 3], ""range_unroll_factors"": [0, 0], ""range_warp_specializes"": [true, null]}",error,inf,0.08480596542358398,0
fp8_gemm,FP8_007,3840x3840x3840,train,0,heuristics,0,77794152b2e42bcc,"{""atomic_indexing"": [], ""block_sizes"": [32, 32, 32], ""epilogue_subtile"": 2, ""indexing"": [""pointer"", ""tensor_descriptor"", ""tensor_descriptor""], ""l2_groupings"": [64], ""load_eviction_policies"": [""last"", """"], ""loop_orders"": [[0, 1]], ""num_stages"": 6, ""num_warps"": 16, ""pid_type"": ""flat"", ""range_flattens"": [null, false], ""range_multi_buffers"": [null, true], ""range_num_stages"": [0, 2], ""range_unroll_factors"": [0, 3], ""range_warp_specializes"": [null, null]}",ok,3159.071922302246,0.157271146774292,0
fp8_gemm,FP8_007,3840x3840x3840,train,0,heuristics,0,108359485a61c5c8,"{""atomic_indexing"": [], ""block_sizes"": [32, 32, 32], ""indexing"": [""tensor_descriptor"", ""pointer"", ""tensor_descriptor""], ""l2_groupings"": [32], ""load_eviction_policies"": ["""", """"], ""loop_orders"": [[0, 1]], ""maxnreg"": 64, ""num_sm_multiplier"": 128, ""num_stages"": 4, ""num_warps"": 8, ""pid_type"": ""persistent_interleaved"", ""range_flattens"": [true, true], ""range_multi_buffers"": [false, false], ""range_num_stages"": [0, 2], ""range_unroll_factors"": [1, 0], ""range_warp_specializes"": [false, false]}",ok,1642.4319744110107,0.16864705085754395,0
fp8_gemm,FP8_007,3840x3840x3840,train,0,heuristics,0,090aec8abf44546c,"{""atomic_indexing"": [], ""block_sizes"": [128, 128, 64], ""indexing"": [""pointer"", ""pointer"", ""pointer""], ""l2_groupings"": [8], ""load_eviction_policies"": ["""", """"], ""loop_orders"": [[0, 1]], ""num_sm_multiplier"": 1, ""num_stages"": 3, ""num_warps"": 8, ""pid_type"": ""persistent_blocked"", ""range_flattens"": [null, null], ""range_multi_buffers"": [null, null], ""range_num_stages"": [0, 0], ""range_unroll_factors"": [0, 0], ""range_warp_specializes"": [null, null]}",ok,131.9200024008751,0.05447125434875488,0
fp8_gemm,FP8_007,3840x3840x3840,train,0,heuristics,0,7e7fea648c90a863,"{""atomic_indexing"": [], ""block_sizes"": [128, 256, 64], ""indexing"": [""tensor_descriptor"", ""tensor_descriptor"", ""tensor_descriptor""], ""l2_groupings"": [8], ""load_eviction_policies"": ["""", """"], ""loop_orders"": [[0, 1]], ""maxnreg"": 128, ""num_sm_multiplier"": 1, ""num_stages"": 4, ""num_warps"": 8, ""pid_type"": ""persistent_blocked"", ""range_flattens"": [null, null], ""range_multi_buffers"": [true, null], ""range_num_stages"": [0, 0], ""range_unroll_factors"": [0, 0], ""range_warp_specializes"": [null, null]}",ok,78.87999713420868,0.2267005443572998,0
fp8_gemm,FP8_007,3840x3840x3840,train,0,heuristics,0,8c92ee0594c68eef,"{""atomic_indexing"": [], ""block_sizes"": [64, 128, 64], ""indexing"": [""pointer"", ""pointer"", ""pointer""], ""l2_groupings"": [16], ""load_eviction_policies"": ["""", """"], ""loop_orders"": [[0, 1]], ""num_sm_multiplier"": 1, ""num_stages"": 3, ""num_warps"": 4, ""pid_type"": ""persistent_blocked"", ""range_flattens"": [null, null], ""range_multi_buffers"": [null, null], ""range_num_stages"": [0, 0], ""range_unroll_factors"": [0, 0], ""range_warp_specializes"": [null, null]}",ok,193.4719979763031,0.26996660232543945,0
fp8_gemm,FP8_007,3840x3840x3840,train,0,heuristics,0,ba686662527c395a,"{""atomic_indexing"": [], ""block_sizes"": [128, 128, 32], ""indexing"": [""pointer"", ""pointer"", ""pointer""], ""l2_groupings"": [1], ""load_eviction_policies"": ["""", """"], ""loop_orders"": [[0, 1]], ""num_stages"": 2, ""num_warps"": 8, ""pid_type"": ""flat"", ""range_flattens"": [null, null], ""range_multi_buffers"": [null, null], ""range_num_stages"": [0, 0], ""range_unroll_factors"": [0, 0], ""range_warp_specializes"": [null, null]}",ok,316.44800305366516,0.03444218635559082,0
fp8_gemm,FP8_007,3840x3840x3840,train,0,heuristics,0,bd3676af515827c0,"{""atomic_indexing"": [], ""block_sizes"": [256, 128, 64], ""epilogue_subtile"": 2, ""indexing"": [""pointer"", ""pointer"", ""pointer""], ""l2_groupings"": [16], ""load_eviction_policies"": ["""", """"], ""loop_orders"": [[0, 1]], ""maxnreg"": 256, ""num_sm_multiplier"": 1, ""num_stages"": 4, ""num_warps"": 8, ""pid_type"": ""persistent_interleaved"", ""range_flattens"": [null, null], ""range_multi_buffers"": [null, null], ""range_num_stages"": [0, 0], ""range_unroll_factors"": [0, 0], ""range_warp_specializes"": [null, null]}",ok,90.30400216579437,0.3133280277252197,0
fp8_gemm,FP8_007,3840x3840x3840,train,1,heuristics,0,a64a01219a8f560d,"{""atomic_indexing"": [], ""block_sizes"": [128, 256, 64], ""indexing"": [""pointer"", ""pointer"", ""pointer""], ""l2_groupings"": [16], ""load_eviction_policies"": ["""", """"], ""loop_orders"": [[0, 1]], ""num_stages"": 3, ""num_warps"": 8, ""pid_type"": ""flat"", ""range_flattens"": [null, null], ""range_multi_buffers"": [null, null], ""range_num_stages"": [0, 0], ""range_unroll_factors"": [0, 0], ""range_warp_specializes"": [null, null]}",ok,95.29600292444229,0.055624961853027344,1
fp8_gemm,FP8_007,3840x3840x3840,train,1,heuristics,0,2a4159de248005f4,"{""atomic_indexing"": [], ""block_sizes"": [16, 16, 32], ""indexing"": [""pointer"", ""pointer"", ""pointer""], ""l2_groupings"": [1], ""load_eviction_policies"": ["""", """"], ""loop_orders"": [[0, 1]], ""num_stages"": 1, ""num_warps"": 4, ""pid_type"": ""flat"", ""range_flattens"": [null, null], ""range_multi_buffers"": [null, null], ""range_num_stages"": [0, 0], ""range_unroll_factors"": [0, 0], ""range_warp_specializes"": [null, null]}",ok,3086.9120359420776,0.03982686996459961,0
fp8_gemm,FP8_007,3840x3840x3840,train,1,heuristics,0,bf29cf092ad8396e,"{""atomic_indexing"": [], ""block_sizes"": [32, 256, 128], ""indexing"": [""pointer"", ""pointer"", ""pointer""], ""l2_groupings"": [4], ""load_eviction_policies"": [""last"", ""first""], ""loop_orders"": [[0, 1]], ""num_sm_multiplier"": 4, ""num_stages"": 2, ""num_warps"": 32, ""pid_type"": ""persistent_blocked"", ""range_flattens"": [true, null], ""range_multi_buffers"": [true, null], ""range_num_stages"": [0, 3], ""range_unroll_factors"": [0, 0], ""range_warp_specializes"": [true, null]}",error,inf,0.08028578758239746,0
fp8_gemm,FP8_007,3840x3840x3840,train,1,heuristics,0,77794152b2e42bcc,"{""atomic_indexing"": [], ""block_sizes"": [32, 32, 32], ""epilogue_subtile"": 2, ""indexing"": [""pointer"", ""tensor_descriptor"", ""tensor_descriptor""], ""l2_groupings"": [64], ""load_eviction_policies"": [""last"", """"], ""loop_orders"": [[0, 1]], ""num_stages"": 6, ""num_warps"": 16, ""pid_type"": ""flat"", ""range_flattens"": [null, false], ""range_multi_buffers"": [null, true], ""range_num_stages"": [0, 2], ""range_unroll_factors"": [0, 3], ""range_warp_specializes"": [null, null]}",ok,3158.8799953460693,0.0214388370513916,0
fp8_gemm,FP8_007,3840x3840x3840,train,1,heuristics,0,108359485a61c5c8,"{""atomic_indexing"": [], ""block_sizes"": [32, 32, 32], ""indexing"": [""tensor_descriptor"", ""pointer"", ""tensor_descriptor""], ""l2_groupings"": [32], ""load_eviction_policies"": ["""", """"], ""loop_orders"": [[0, 1]], ""maxnreg"": 64, ""num_sm_multiplier"": 128, ""num_stages"": 4, ""num_warps"": 8, ""pid_type"": ""persistent_interleaved"", ""range_flattens"": [true, true], ""range_multi_buffers"": [false, false], ""range_num_stages"": [0, 2], ""range_unroll_factors"": [1, 0], ""range_warp_specializes"": [false, false]}",ok,1642.5280570983887,0.020331621170043945,0
fp8_gemm,FP8_007,3840x3840x3840,train,1,heuristics,0,090aec8abf44546c,"{""atomic_indexing"": [], ""block_sizes"": [128, 128, 64], ""indexing"": [""pointer"", ""pointer"", ""pointer""], ""l2_groupings"": [8], ""load_eviction_policies"": ["""", """"], ""loop_orders"": [[0, 1]], ""num_sm_multiplier"": 1, ""num_stages"": 3, ""num_warps"": 8, ""pid_type"": ""persistent_blocked"", ""range_flattens"": [null, null], ""range_multi_buffers"": [null, null], ""range_num_stages"": [0, 0], ""range_unroll_factors"": [0, 0], ""range_warp_specializes"": [null, null]}",ok,134.0479999780655,0.06467390060424805,0
fp8_gemm,FP8_007,3840x3840x3840,train,1,heuristics,0,ff66642009acf578,"{""atomic_indexing"": [], ""block_sizes"": [64, 128, 64], ""indexing"": [""tensor_descriptor"", ""tensor_descriptor"", ""tensor_descriptor""], ""l2_groupings"": [16], ""load_eviction_policies"": ["""", """"], ""loop_orders"": [[0, 1]], ""maxnreg"": 128, ""num_sm_multiplier"": 1, ""num_stages"": 4, ""num_warps"": 4, ""pid_type"": ""persistent_blocked"", ""range_flattens"": [null, null], ""range_multi_buffers"": [null, null], ""range_num_stages"": [0, 0], ""range_unroll_factors"": [0, 0], ""range_warp_specializes"": [null, null]}",ok,158.91200304031372,0.047688961029052734,0
fp8_gemm,FP8_007,3840x3840x3840,train,1,heuristics,0,3ef02d55ffd82d2c,"{""atomic_indexing"": [], ""block_sizes"": [128, 256, 64], ""indexing"": [""pointer"", ""pointer"", ""pointer""], ""l2_groupings"": [8], ""load_eviction_policies"": ["""", """"], ""loop_orders"": [[0, 1]], ""maxnreg"": 256, ""num_sm_multiplier"": 1, ""num_stages"": 3, ""num_warps"": 8, ""pid_type"": ""persistent_blocked"", ""range_flattens"": [null, null], ""range_multi_buffers"": [true, null], ""range_num_stages"": [0, 0], ""range_unroll_factors"": [0, 0], ""range_warp_specializes"": [null, null]}",ok,97.37599641084671,0.0324702262878418,0
fp8_gemm,FP8_007,3840x3840x3840,train,1,heuristics,0,ba686662527c395a,"{""atomic_indexing"": [], ""block_sizes"": [128, 128, 32], ""indexing"": [""pointer"", ""pointer"", ""pointer""], ""l2_groupings"": [1], ""load_eviction_policies"": ["""", """"], ""loop_orders"": [[0, 1]], ""num_stages"": 2, ""num_warps"": 8, ""pid_type"": ""flat"", ""range_flattens"": [null, null], ""range_multi_buffers"": [null, null], ""range_num_stages"": [0, 0], ""range_unroll_factors"": [0, 0], ""range_warp_specializes"": [null, null]}",ok,316.44800305366516,0.02566075325012207,0
fp8_gemm,FP8_007,3840x3840x3840,train,1,heuristics,0,37e7bd0be14aca28,"{""atomic_indexing"": [], ""block_sizes"": [64, 64, 64], ""indexing"": [""pointer"", ""pointer"", ""pointer""], ""l2_groupings"": [4], ""load_eviction_policies"": ["""", """"], ""loop_orders"": [[0, 1]], ""num_sm_multiplier"": 1, ""num_stages"": 3, ""num_warps"": 4, ""pid_type"": ""persistent_interleaved"", ""range_flattens"": [null, null], ""range_multi_buffers"": [null, null], ""range_num_stages"": [0, 0], ""range_unroll_factors"": [0, 0], ""range_warp_specializes"": [null, null]}",ok,322.62399792671204,0.23926615715026855,0
fp8_gemm,FP8_007,3840x3840x3840,train,2,heuristics,0,a64a01219a8f560d,"{""atomic_indexing"": [], ""block_sizes"": [128, 256, 64], ""indexing"": [""pointer"", ""pointer"", ""pointer""], ""l2_groupings"": [16], ""load_eviction_policies"": ["""", """"], ""loop_orders"": [[0, 1]], ""num_stages"": 3, ""num_warps"": 8, ""pid_type"": ""flat"", ""range_flattens"": [null, null], ""range_multi_buffers"": [null, null], ""range_num_stages"": [0, 0], ""range_unroll_factors"": [0, 0], ""range_warp_specializes"": [null, null]}",ok,95.23200243711472,0.06988692283630371,1
fp8_gemm,FP8_007,3840x3840x3840,train,2,heuristics,0,2a4159de248005f4,"{""atomic_indexing"": [], ""block_sizes"": [16, 16, 32], ""indexing"": [""pointer"", ""pointer"", ""pointer""], ""l2_groupings"": [1], ""load_eviction_policies"": ["""", """"], ""loop_orders"": [[0, 1]], ""num_stages"": 1, ""num_warps"": 4, ""pid_type"": ""flat"", ""range_flattens"": [null, null], ""range_multi_buffers"": [null, null], ""range_num_stages"": [0, 0], ""range_unroll_factors"": [0, 0], ""range_warp_specializes"": [null, null]}",ok,3086.400032043457,0.053691864013671875,0
fp8_gemm,FP8_007,3840x3840x3840,train,2,heuristics,0,bf29cf092ad8396e,"{""atomic_indexing"": [], ""block_sizes"": [32, 256, 128], ""indexing"": [""pointer"", ""pointer"", ""pointer""], ""l2_groupings"": [4], ""load_eviction_policies"": [""last"", ""first""], ""loop_orders"": [[0, 1]], ""num_sm_multiplier"": 4, ""num_stages"": 2, ""num_warps"": 32, ""pid_type"": ""persistent_blocked"", ""range_flattens"": [true, null], ""range_multi_buffers"": [true, null], ""range_num_stages"": [0, 3], ""range_unroll_factors"": [0, 0], ""range_warp_specializes"": [true, null]}",error,inf,0.08271098136901855,0
fp8_gemm,FP8_007,3840x3840x3840,train,2,heuristics,0,77794152b2e42bcc,"{""atomic_indexing"": [], ""block_sizes"": [32, 32, 32], ""epilogue_subtile"": 2, ""indexing"": [""pointer"", ""tensor_descriptor"", ""tensor_descriptor""], ""l2_groupings"": [64], ""load_eviction_policies"": [""last"", """"], ""loop_orders"": [[0, 1]], ""num_stages"": 6, ""num_warps"": 16, ""pid_type"": ""flat"", ""range_flattens"": [null, false], ""range_multi_buffers"": [null, true], ""range_num_stages"": [0, 2], ""range_unroll_factors"": [0, 3], ""range_warp_specializes"": [null, null]}",ok,3159.0399742126465,0.02665567398071289,0
fp8_gemm,FP8_007,3840x3840x3840,train,2,heuristics,0,108359485a61c5c8,"{""atomic_indexing"": [], ""block_sizes"": [32, 32, 32], ""indexing"": [""tensor_descriptor"", ""pointer"", ""tensor_descriptor""], ""l2_groupings"": [32], ""load_eviction_policies"": ["""", """"], ""loop_orders"": [[0, 1]], ""maxnreg"": 64, ""num_sm_multiplier"": 128, ""num_stages"": 4, ""num_warps"": 8, ""pid_type"": ""persistent_interleaved"", ""range_flattens"": [true, true], ""range_multi_buffers"": [false, false], ""range_num_stages"": [0, 2], ""range_unroll_factors"": [1, 0], ""range_warp_specializes"": [false, false]}",ok,1641.5040493011475,0.026217222213745117,0
fp8_gemm,FP8_007,3840x3840x3840,train,2,heuristics,0,090aec8abf44546c,"{""atomic_indexing"": [], ""block_sizes"": [128, 128, 64], ""indexing"": [""pointer"", ""pointer"", ""pointer""], ""l2_groupings"": [8], ""load_eviction_policies"": ["""", """"], ""loop_orders"": [[0, 1]], ""num_sm_multiplier"": 1, ""num_stages"": 3, ""num_warps"": 8, ""pid_type"": ""persistent_blocked"", ""range_flattens"": [null, null], ""range_multi_buffers"": [null, null], ""range_num_stages"": [0, 0], ""range_unroll_factors"": [0, 0], ""range_warp_specializes"": [null, null]}",ok,136.19199395179749,0.0447230339050293,0
fp8_gemm,FP8_007,3840x3840x3840,train,2,heuristics,0,87df1710203c8789,"{""atomic_indexing"": [], ""block_sizes"": [64, 128, 64], ""indexing"": [""pointer"", ""pointer"", ""pointer""], ""l2_groupings"": [16], ""load_eviction_policies"": ["""", """"], ""loop_orders"": [[0, 1]], ""maxnreg"": 128, ""num_sm_multiplier"": 1, ""num_stages"": 4, ""num_warps"": 4, ""pid_type"": ""persistent_blocked"", ""range_flattens"": [null, null], ""range_multi_buffers"": [true, null], ""range_num_stages"": [0, 0], ""range_unroll_factors"": [0, 0], ""range_warp_specializes"": [null, null]}",ok,138.20800185203552,0.28604865074157715,0
fp8_gemm,FP8_007,3840x3840x3840,train,2,heuristics,0,444b006e81c84413,"{""atomic_indexing"": [], ""block_sizes"": [128, 256, 64], ""epilogue_subtile"": 2, ""indexing"": [""tensor_descriptor"", ""tensor_descriptor"", ""tensor_descriptor""], ""l2_groupings"": [8], ""load_eviction_policies"": ["""", """"], ""loop_orders"": [[0, 1]], ""num_sm_multiplier"": 1, ""num_stages"": 3, ""num_warps"": 8, ""pid_type"": ""persistent_blocked"", ""range_flattens"": [null, null], ""range_multi_buffers"": [null, null], ""range_num_stages"": [0, 0], ""range_unroll_factors"": [0, 0], ""range_warp_specializes"": [null, null]}",ok,125.91999769210815,0.024096965789794922,0
fp8_gemm,FP8_007,3840x3840x3840,train,2,heuristics,0,ba686662527c395a,"{""atomic_indexing"": [], ""block_sizes"": [128, 128, 32], ""indexing"": [""pointer"", ""pointer"", ""pointer""], ""l2_groupings"": [1], ""load_eviction_policies"": ["""", """"], ""loop_orders"": [[0, 1]], ""num_stages"": 2, ""num_warps"": 8, ""pid_type"": ""flat"", ""range_flattens"": [null, null], ""range_multi_buffers"": [null, null], ""range_num_stages"": [0, 0], ""range_unroll_factors"": [0, 0], ""range_warp_specializes"": [null, null]}",ok,318.30400228500366,0.0325319766998291,0
fp8_gemm,FP8_007,3840x3840x3840,train,2,heuristics,0,386cd2655a08a11b,"{""atomic_indexing"": [], ""block_sizes"": [256, 128, 64], ""indexing"": [""pointer"", ""pointer"", ""pointer""], ""l2_groupings"": [32], ""load_eviction_policies"": [""first"", ""first""], ""loop_orders"": [[0, 1]], ""maxnreg"": 256, ""num_sm_multiplier"": 1, ""num_stages"": 4, ""num_warps"": 8, ""pid_type"": ""persistent_blocked"", ""range_flattens"": [null, null], ""range_multi_buffers"": [true, null], ""range_num_stages"": [0, 0], ""range_unroll_factors"": [0, 0], ""range_warp_specializes"": [null, null]}",ok,91.20000153779984,0.31087517738342285,0
fp8_gemm,FP8_008,4096x4096x4096,heldout,0,heuristics,0,a64a01219a8f560d,"{""atomic_indexing"": [], ""block_sizes"": [128, 256, 64], ""indexing"": [""pointer"", ""pointer"", ""pointer""], ""l2_groupings"": [16], ""load_eviction_policies"": ["""", """"], ""loop_orders"": [[0, 1]], ""num_stages"": 3, ""num_warps"": 8, ""pid_type"": ""flat"", ""range_flattens"": [null, null], ""range_multi_buffers"": [null, null], ""range_num_stages"": [0, 0], ""range_unroll_factors"": [0, 0], ""range_warp_specializes"": [null, null]}",ok,111.68000102043152,0.2948288917541504,1
fp8_gemm,FP8_008,4096x4096x4096,heldout,0,heuristics,0,2a4159de248005f4,"{""atomic_indexing"": [], ""block_sizes"": [16, 16, 32], ""indexing"": [""pointer"", ""pointer"", ""pointer""], ""l2_groupings"": [1], ""load_eviction_policies"": ["""", """"], ""loop_orders"": [[0, 1]], ""num_stages"": 1, ""num_warps"": 4, ""pid_type"": ""flat"", ""range_flattens"": [null, null], ""range_multi_buffers"": [null, null], ""range_num_stages"": [0, 0], ""range_unroll_factors"": [0, 0], ""range_warp_specializes"": [null, null]}",ok,3780.639886856079,0.038873910903930664,0
fp8_gemm,FP8_008,4096x4096x4096,heldout,0,heuristics,0,bf29cf092ad8396e,"{""atomic_indexing"": [], ""block_sizes"": [32, 256, 128], ""indexing"": [""pointer"", ""pointer"", ""pointer""], ""l2_groupings"": [4], ""load_eviction_policies"": [""last"", ""first""], ""loop_orders"": [[0, 1]], ""num_sm_multiplier"": 4, ""num_stages"": 2, ""num_warps"": 32, ""pid_type"": ""persistent_blocked"", ""range_flattens"": [true, null], ""range_multi_buffers"": [true, null], ""range_num_stages"": [0, 3], ""range_unroll_factors"": [0, 0], ""range_warp_specializes"": [true, null]}",error,inf,0.08491992950439453,0
fp8_gemm,FP8_008,4096x4096x4096,heldout,0,heuristics,0,77794152b2e42bcc,"{""atomic_indexing"": [], ""block_sizes"": [32, 32, 32], ""epilogue_subtile"": 2, ""indexing"": [""pointer"", ""tensor_descriptor"", ""tensor_descriptor""], ""l2_groupings"": [64], ""load_eviction_policies"": [""last"", """"], ""loop_orders"": [[0, 1]], ""num_stages"": 6, ""num_warps"": 16, ""pid_type"": ""flat"", ""range_flattens"": [null, false], ""range_multi_buffers"": [null, true], ""range_num_stages"": [0, 2], ""range_unroll_factors"": [0, 3], ""range_warp_specializes"": [null, null]}",ok,3721.247911453247,0.15810489654541016,0
fp8_gemm,FP8_008,4096x4096x4096,heldout,0,heuristics,0,108359485a61c5c8,"{""atomic_indexing"": [], ""block_sizes"": [32, 32, 32], ""indexing"": [""tensor_descriptor"", ""pointer"", ""tensor_descriptor""], ""l2_groupings"": [32], ""load_eviction_policies"": ["""", """"], ""loop_orders"": [[0, 1]], ""maxnreg"": 64, ""num_sm_multiplier"": 128, ""num_stages"": 4, ""num_warps"": 8, ""pid_type"": ""persistent_interleaved"", ""range_flattens"": [true, true], ""range_multi_buffers"": [false, false], ""range_num_stages"": [0, 2], ""range_unroll_factors"": [1, 0], ""range_warp_specializes"": [false, false]}",ok,1976.3200283050537,0.16080951690673828,0
fp8_gemm,FP8_008,4096x4096x4096,heldout,0,heuristics,0,090aec8abf44546c,"{""atomic_indexing"": [], ""block_sizes"": [128, 128, 64], ""indexing"": [""pointer"", ""pointer"", ""pointer""], ""l2_groupings"": [8], ""load_eviction_policies"": ["""", """"], ""loop_orders"": [[0, 1]], ""num_sm_multiplier"": 1, ""num_stages"": 3, ""num_warps"": 8, ""pid_type"": ""persistent_blocked"", ""range_flattens"": [null, null], ""range_multi_buffers"": [null, null], ""range_num_stages"": [0, 0], ""range_unroll_factors"": [0, 0], ""range_warp_specializes"": [null, null]}",ok,150.39999783039093,0.06727910041809082,0
fp8_gemm,FP8_008,4096x4096x4096,heldout,0,heuristics,0,87df1710203c8789,"{""atomic_indexing"": [], ""block_sizes"": [64, 128, 64], ""indexing"": [""pointer"", ""pointer"", ""pointer""], ""l2_groupings"": [16], ""load_eviction_policies"": ["""", """"], ""loop_orders"": [[0, 1]], ""maxnreg"": 128, ""num_sm_multiplier"": 1, ""num_stages"": 4, ""num_warps"": 4, ""pid_type"": ""persistent_blocked"", ""range_flattens"": [null, null], ""range_multi_buffers"": [true, null], ""range_num_stages"": [0, 0], ""range_unroll_factors"": [0, 0], ""range_warp_specializes"": [null, null]}",ok,164.92800414562225,0.05021786689758301,0
fp8_gemm,FP8_008,4096x4096x4096,heldout,0,heuristics,0,15f2c997dac32f33,"{""atomic_indexing"": [], ""block_sizes"": [128, 256, 64], ""epilogue_subtile"": 2, ""indexing"": [""tensor_descriptor"", ""tensor_descriptor"", ""tensor_descriptor""], ""l2_groupings"": [16], ""load_eviction_policies"": ["""", """"], ""loop_orders"": [[0, 1]], ""num_sm_multiplier"": 1, ""num_stages"": 3, ""num_warps"": 8, ""pid_type"": ""persistent_blocked"", ""range_flattens"": [null, null], ""range_multi_buffers"": [null, null], ""range_num_stages"": [0, 0], ""range_unroll_factors"": [0, 0], ""range_warp_specializes"": [null, null]}",ok,111.61600053310394,0.2370624542236328,0
fp8_gemm,FP8_008,4096x4096x4096,heldout,0,heuristics,0,ba686662527c395a,"{""atomic_indexing"": [], ""block_sizes"": [128, 128, 32], ""indexing"": [""pointer"", ""pointer"", ""pointer""], ""l2_groupings"": [1], ""load_eviction_policies"": ["""", """"], ""loop_orders"": [[0, 1]], ""num_stages"": 2, ""num_warps"": 8, ""pid_type"": ""flat"", ""range_flattens"": [null, null], ""range_multi_buffers"": [null, null], ""range_num_stages"": [0, 0], ""range_unroll_factors"": [0, 0], ""range_warp_specializes"": [null, null]}",ok,375.93600153923035,0.026815414428710938,0
fp8_gemm,FP8_008,4096x4096x4096,heldout,0,heuristics,0,d0cf36503ffc2990,"{""atomic_indexing"": [], ""block_sizes"": [256, 128, 64], ""indexing"": [""pointer"", ""pointer"", ""pointer""], ""l2_groupings"": [32], ""load_eviction_policies"": [""first"", ""first""], ""loop_orders"": [[0, 1]], ""maxnreg"": 256, ""num_sm_multiplier"": 1, ""num_stages"": 4, ""num_warps"": 8, ""pid_type"": ""persistent_blocked"", ""range_flattens"": [null, null], ""range_multi_buffers"": [null, null], ""range_num_stages"": [0, 0], ""range_unroll_factors"": [0, 0], ""range_warp_specializes"": [null, null]}",ok,89.15200084447861,0.300917387008667,0
fp8_gemm,FP8_008,4096x4096x4096,heldout,1,heuristics,0,a64a01219a8f560d,"{""atomic_indexing"": [], ""block_sizes"": [128, 256, 64], ""indexing"": [""pointer"", ""pointer"", ""pointer""], ""l2_groupings"": [16], ""load_eviction_policies"": ["""", """"], ""loop_orders"": [[0, 1]], ""num_stages"": 3, ""num_warps"": 8, ""pid_type"": ""flat"", ""range_flattens"": [null, null], ""range_multi_buffers"": [null, null], ""range_num_stages"": [0, 0], ""range_unroll_factors"": [0, 0], ""range_warp_specializes"": [null, null]}",ok,111.68000102043152,0.06731390953063965,1
fp8_gemm,FP8_008,4096x4096x4096,heldout,1,heuristics,0,2a4159de248005f4,"{""atomic_indexing"": [], ""block_sizes"": [16, 16, 32], ""indexing"": [""pointer"", ""pointer"", ""pointer""], ""l2_groupings"": [1], ""load_eviction_policies"": ["""", """"], ""loop_orders"": [[0, 1]], ""num_stages"": 1, ""num_warps"": 4, ""pid_type"": ""flat"", ""range_flattens"": [null, null], ""range_multi_buffers"": [null, null], ""range_num_stages"": [0, 0], ""range_unroll_factors"": [0, 0], ""range_warp_specializes"": [null, null]}",ok,3776.5440940856934,0.052454471588134766,0
fp8_gemm,FP8_008,4096x4096x4096,heldout,1,heuristics,0,bf29cf092ad8396e,"{""atomic_indexing"": [], ""block_sizes"": [32, 256, 128], ""indexing"": [""pointer"", ""pointer"", ""pointer""], ""l2_groupings"": [4], ""load_eviction_policies"": [""last"", ""first""], ""loop_orders"": [[0, 1]], ""num_sm_multiplier"": 4, ""num_stages"": 2, ""num_warps"": 32, ""pid_type"": ""persistent_blocked"", ""range_flattens"": [true, null], ""range_multi_buffers"": [true, null], ""range_num_stages"": [0, 3], ""range_unroll_factors"": [0, 0], ""range_warp_specializes"": [true, null]}",error,inf,0.08785247802734375,0
fp8_gemm,FP8_008,4096x4096x4096,heldout,1,heuristics,0,77794152b2e42bcc,"{""atomic_indexing"": [], ""block_sizes"": [32, 32, 32], ""epilogue_subtile"": 2, ""indexing"": [""pointer"", ""tensor_descriptor"", ""tensor_descriptor""], ""l2_groupings"": [64], ""load_eviction_policies"": [""last"", """"], ""loop_orders"": [[0, 1]], ""num_stages"": 6, ""num_warps"": 16, ""pid_type"": ""flat"", ""range_flattens"": [null, false], ""range_multi_buffers"": [null, true], ""range_num_stages"": [0, 2], ""range_unroll_factors"": [0, 3], ""range_warp_specializes"": [null, null]}",ok,3721.184015274048,0.03349590301513672,0
fp8_gemm,FP8_008,4096x4096x4096,heldout,1,heuristics,0,108359485a61c5c8,"{""atomic_indexing"": [], ""block_sizes"": [32, 32, 32], ""indexing"": [""tensor_descriptor"", ""pointer"", ""tensor_descriptor""], ""l2_groupings"": [32], ""load_eviction_policies"": ["""", """"], ""loop_orders"": [[0, 1]], ""maxnreg"": 64, ""num_sm_multiplier"": 128, ""num_stages"": 4, ""num_warps"": 8, ""pid_type"": ""persistent_interleaved"", ""range_flattens"": [true, true], ""range_multi_buffers"": [false, false], ""range_num_stages"": [0, 2], ""range_unroll_factors"": [1, 0], ""range_warp_specializes"": [false, false]}",ok,1975.2960205078125,0.0342564582824707,0
fp8_gemm,FP8_008,4096x4096x4096,heldout,1,heuristics,0,090aec8abf44546c,"{""atomic_indexing"": [], ""block_sizes"": [128, 128, 64], ""indexing"": [""pointer"", ""pointer"", ""pointer""], ""l2_groupings"": [8], ""load_eviction_policies"": ["""", """"], ""loop_orders"": [[0, 1]], ""num_sm_multiplier"": 1, ""num_stages"": 3, ""num_warps"": 8, ""pid_type"": ""persistent_blocked"", ""range_flattens"": [null, null], ""range_multi_buffers"": [null, null], ""range_num_stages"": [0, 0], ""range_unroll_factors"": [0, 0], ""range_warp_specializes"": [null, null]}",ok,150.43200552463531,0.0654759407043457,0
fp8_gemm,FP8_008,4096x4096x4096,heldout,1,heuristics,0,a82e52f92ac2d97b,"{""atomic_indexing"": [], ""block_sizes"": [128, 256, 64], ""indexing"": [""tensor_descriptor"", ""tensor_descriptor"", ""tensor_descriptor""], ""l2_groupings"": [8], ""load_eviction_policies"": ["""", """"], ""loop_orders"": [[0, 1]], ""maxnreg"": 256, ""num_sm_multiplier"": 1, ""num_stages"": 4, ""num_warps"": 8, ""pid_type"": ""persistent_blocked"", ""range_flattens"": [null, null], ""range_multi_buffers"": [true, null], ""range_num_stages"": [0, 0], ""range_unroll_factors"": [0, 0], ""range_warp_specializes"": [null, null]}",ok,85.02399921417236,0.04873228073120117,0
fp8_gemm,FP8_008,4096x4096x4096,heldout,1,heuristics,0,64dae49884d5f566,"{""atomic_indexing"": [], ""block_sizes"": [64, 128, 64], ""indexing"": [""pointer"", ""pointer"", ""pointer""], ""l2_groupings"": [16], ""load_eviction_policies"": ["""", """"], ""loop_orders"": [[0, 1]], ""num_sm_multiplier"": 1, ""num_stages"": 3, ""num_warps"": 4, ""pid_type"": ""persistent_interleaved"", ""range_flattens"": [null, null], ""range_multi_buffers"": [null, null], ""range_num_stages"": [0, 0], ""range_unroll_factors"": [0, 0], ""range_warp_specializes"": [null, null]}",ok,250.8159875869751,0.0334935188293457,0
fp8_gemm,FP8_008,4096x4096x4096,heldout,1,heuristics,0,ba4ed6a44fadbcb1,"{""atomic_indexing"": [], ""block_sizes"": [128, 128, 32], ""epilogue_subtile"": 2, ""indexing"": [""pointer"", ""pointer"", ""pointer""], ""l2_groupings"": [4], ""load_eviction_policies"": ["""", """"], ""loop_orders"": [[0, 1]], ""num_stages"": 3, ""num_warps"": 8, ""pid_type"": ""flat"", ""range_flattens"": [null, null], ""range_multi_buffers"": [null, null], ""range_num_stages"": [0, 0], ""range_unroll_factors"": [0, 0], ""range_warp_specializes"": [null, null]}",ok,138.20800185203552,0.22948217391967773,0
fp8_gemm,FP8_008,4096x4096x4096,heldout,1,heuristics,0,048d0fb87518d0ef,"{""atomic_indexing"": [], ""block_sizes"": [256, 128, 64], ""indexing"": [""tensor_descriptor"", ""tensor_descriptor"", ""tensor_descriptor""], ""l2_groupings"": [16], ""load_eviction_policies"": [""first"", ""first""], ""loop_orders"": [[0, 1]], ""maxnreg"": 256, ""num_sm_multiplier"": 1, ""num_stages"": 4, ""num_warps"": 8, ""pid_type"": ""persistent_blocked"", ""range_flattens"": [null, null], ""range_multi_buffers"": [true, true], ""range_num_stages"": [0, 0], ""range_unroll_factors"": [0, 0], ""range_warp_specializes"": [null, null]}",ok,93.08800101280212,0.23582220077514648,0
fp8_gemm,FP8_008,4096x4096x4096,heldout,2,heuristics,0,a64a01219a8f560d,"{""atomic_indexing"": [], ""block_sizes"": [128, 256, 64], ""indexing"": [""pointer"", ""pointer"", ""pointer""], ""l2_groupings"": [16], ""load_eviction_policies"": ["""", """"], ""loop_orders"": [[0, 1]], ""num_stages"": 3, ""num_warps"": 8, ""pid_type"": ""flat"", ""range_flattens"": [null, null], ""range_multi_buffers"": [null, null], ""range_num_stages"": [0, 0], ""range_unroll_factors"": [0, 0], ""range_warp_specializes"": [null, null]}",ok,111.64800077676773,0.07204270362854004,1
fp8_gemm,FP8_008,4096x4096x4096,heldout,2,heuristics,0,2a4159de248005f4,"{""atomic_indexing"": [], ""block_sizes"": [16, 16, 32], ""indexing"": [""pointer"", ""pointer"", ""pointer""], ""l2_groupings"": [1], ""load_eviction_policies"": ["""", """"], ""loop_orders"": [[0, 1]], ""num_stages"": 1, ""num_warps"": 4, ""pid_type"": ""flat"", ""range_flattens"": [null, null], ""range_multi_buffers"": [null, null], ""range_num_stages"": [0, 0], ""range_unroll_factors"": [0, 0], ""range_warp_specializes"": [null, null]}",ok,3775.5839824676514,0.055307626724243164,0
fp8_gemm,FP8_008,4096x4096x4096,heldout,2,heuristics,0,bf29cf092ad8396e,"{""atomic_indexing"": [], ""block_sizes"": [32, 256, 128], ""indexing"": [""pointer"", ""pointer"", ""pointer""], ""l2_groupings"": [4], ""load_eviction_policies"": [""last"", ""first""], ""loop_orders"": [[0, 1]], ""num_sm_multiplier"": 4, ""num_stages"": 2, ""num_warps"": 32, ""pid_type"": ""persistent_blocked"", ""range_flattens"": [true, null], ""range_multi_buffers"": [true, null], ""range_num_stages"": [0, 3], ""range_unroll_factors"": [0, 0], ""range_warp_specializes"": [true, null]}",error,inf,0.07930302619934082,0
fp8_gemm,FP8_008,4096x4096x4096,heldout,2,heuristics,0,77794152b2e42bcc,"{""atomic_indexing"": [], ""block_sizes"": [32, 32, 32], ""epilogue_subtile"": 2, ""indexing"": [""pointer"", ""tensor_descriptor"", ""tensor_descriptor""], ""l2_groupings"": [64], ""load_eviction_policies"": [""last"", """"], ""loop_orders"": [[0, 1]], ""num_stages"": 6, ""num_warps"": 16, ""pid_type"": ""flat"", ""range_flattens"": [null, false], ""range_multi_buffers"": [null, true], ""range_num_stages"": [0, 2], ""range_unroll_factors"": [0, 3], ""range_warp_specializes"": [null, null]}",ok,3720.223903656006,0.031586647033691406,0
fp8_gemm,FP8_008,4096x4096x4096,heldout,2,heuristics,0,108359485a61c5c8,"{""atomic_indexing"": [], ""block_sizes"": [32, 32, 32], ""indexing"": [""tensor_descriptor"", ""pointer"", ""tensor_descriptor""], ""l2_groupings"": [32], ""load_eviction_policies"": ["""", """"], ""loop_orders"": [[0, 1]], ""maxnreg"": 64, ""num_sm_multiplier"": 128, ""num_stages"": 4, ""num_warps"": 8, ""pid_type"": ""persistent_interleaved"", ""range_flattens"": [true, true], ""range_multi_buffers"": [false, false], ""range_num_stages"": [0, 2], ""range_unroll_factors"": [1, 0], ""range_warp_specializes"": [false, false]}",ok,1976.2399792671204,0.03726816177368164,0
fp8_gemm,FP8_008,4096x4096x4096,heldout,2,heuristics,0,090aec8abf44546c,"{""atomic_indexing"": [], ""block_sizes"": [128, 128, 64], ""indexing"": [""pointer"", ""pointer"", ""pointer""], ""l2_groupings"": [8], ""load_eviction_policies"": ["""", """"], ""loop_orders"": [[0, 1]], ""num_sm_multiplier"": 1, ""num_stages"": 3, ""num_warps"": 8, ""pid_type"": ""persistent_blocked"", ""range_flattens"": [null, null], ""range_multi_buffers"": [null, null], ""range_num_stages"": [0, 0], ""range_unroll_factors"": [0, 0], ""range_warp_specializes"": [null, null]}",ok,150.43200552463531,0.05352950096130371,0
fp8_gemm,FP8_008,4096x4096x4096,heldout,2,heuristics,0,6b81fdd2ca0bd2bc,"{""atomic_indexing"": [], ""block_sizes"": [64, 128, 64], ""indexing"": [""tensor_descriptor"", ""tensor_descriptor"", ""tensor_descriptor""], ""l2_groupings"": [16], ""load_eviction_policies"": ["""", """"], ""loop_orders"": [[0, 1]], ""maxnreg"": 128, ""num_sm_multiplier"": 1, ""num_stages"": 4, ""num_warps"": 4, ""pid_type"": ""persistent_blocked"", ""range_flattens"": [null, null], ""range_multi_buffers"": [true, null], ""range_num_stages"": [0, 0], ""range_unroll_factors"": [0, 0], ""range_warp_specializes"": [null, null]}",ok,181.2800019979477,0.2908613681793213,0
fp8_gemm,FP8_008,4096x4096x4096,heldout,2,heuristics,0,4da0e2252585a4ef,"{""atomic_indexing"": [], ""block_sizes"": [128, 256, 64], ""epilogue_subtile"": 2, ""indexing"": [""pointer"", ""pointer"", ""pointer""], ""l2_groupings"": [16], ""load_eviction_policies"": ["""", """"], ""loop_orders"": [[0, 1]], ""maxnreg"": 256, ""num_sm_multiplier"": 1, ""num_stages"": 3, ""num_warps"": 8, ""pid_type"": ""persistent_interleaved"", ""range_flattens"": [null, null], ""range_multi_buffers"": [null, null], ""range_num_stages"": [0, 0], ""range_unroll_factors"": [0, 0], ""range_warp_specializes"": [null, null]}",ok,111.61600053310394,0.3063051700592041,0
fp8_gemm,FP8_008,4096x4096x4096,heldout,2,heuristics,0,d4d126b8b4e80dbe,"{""atomic_indexing"": [], ""block_sizes"": [64, 64, 32], ""indexing"": [""pointer"", ""pointer"", ""pointer""], ""l2_groupings"": [1], ""load_eviction_policies"": ["""", """"], ""loop_orders"": [[0, 1]], ""num_stages"": 2, ""num_warps"": 4, ""pid_type"": ""flat"", ""range_flattens"": [null, null], ""range_multi_buffers"": [null, null], ""range_num_stages"": [0, 0], ""range_unroll_factors"": [0, 0], ""range_warp_specializes"": [null, null]}",ok,396.38400077819824,0.1984233856201172,0
fp8_gemm,FP8_008,4096x4096x4096,heldout,2,heuristics,0,2852bf091f788a03,"{""atomic_indexing"": [], ""block_sizes"": [128, 128, 128], ""indexing"": [""pointer"", ""pointer"", ""pointer""], ""l2_groupings"": [32], ""load_eviction_policies"": [""last"", ""last""], ""loop_orders"": [[0, 1]], ""num_sm_multiplier"": 1, ""num_stages"": 4, ""num_warps"": 8, ""pid_type"": ""persistent_blocked"", ""range_flattens"": [null, null], ""range_multi_buffers"": [true, null], ""range_num_stages"": [0, 0], ""range_unroll_factors"": [0, 0], ""range_warp_specializes"": [null, null]}",ok,76.83199644088745,0.26150965690612793,0
fp8_gemm,FP8_009,2048x1024x2048,heldout,0,heuristics,0,2414def0edca9c1e,"{""atomic_indexing"": [], ""block_sizes"": [128, 256, 64], ""indexing"": [""pointer"", ""pointer"", ""pointer""], ""l2_groupings"": [8], ""load_eviction_policies"": ["""", """"], ""loop_orders"": [[0, 1]], ""num_stages"": 3, ""num_warps"": 8, ""pid_type"": ""flat"", ""range_flattens"": [null, null], ""range_multi_buffers"": [null, null], ""range_num_stages"": [0, 0], ""range_unroll_factors"": [0, 0], ""range_warp_specializes"": [null, null]}",ok,17.44000054895878,0.29391980171203613,1
fp8_gemm,FP8_009,2048x1024x2048,heldout,0,heuristics,0,2a4159de248005f4,"{""atomic_indexing"": [], ""block_sizes"": [16, 16, 32], ""indexing"": [""pointer"", ""pointer"", ""pointer""], ""l2_groupings"": [1], ""load_eviction_policies"": ["""", """"], ""loop_orders"": [[0, 1]], ""num_stages"": 1, ""num_warps"": 4, ""pid_type"": ""flat"", ""range_flattens"": [null, null], ""range_multi_buffers"": [null, null], ""range_num_stages"": [0, 0], ""range_unroll_factors"": [0, 0], ""range_warp_specializes"": [null, null]}",ok,252.9599964618683,0.05698680877685547,0
fp8_gemm,FP8_009,2048x1024x2048,heldout,0,heuristics,0,d3a45e693d21ea95,"{""atomic_indexing"": [], ""block_sizes"": [32, 32, 32], ""indexing"": [""pointer"", ""tensor_descriptor"", ""pointer""], ""l2_groupings"": [1], ""load_eviction_policies"": ["""", """"], ""loop_orders"": [[1, 0]], ""maxnreg"": 128, ""num_sm_multiplier"": 128, ""num_stages"": 1, ""num_warps"": 2, ""pid_type"": ""persistent_interleaved"", ""range_flattens"": [true, null], ""range_multi_buffers"": [true, null], ""range_num_stages"": [4, 1], ""range_unroll_factors"": [0, 1], ""range_warp_specializes"": [null, false]}",ok,95.23200243711472,0.14852428436279297,0
fp8_gemm,FP8_009,2048x1024x2048,heldout,0,heuristics,0,4a7bf22c2320e9b6,"{""atomic_indexing"": [], ""block_sizes"": [32, 32, 32], ""indexing"": [""tensor_descriptor"", ""pointer"", ""pointer""], ""l2_groupings"": [16], ""load_eviction_policies"": ["""", ""first""], ""loop_orders"": [[0, 1]], ""num_stages"": 1, ""num_warps"": 4, ""pid_type"": ""flat"", ""range_flattens"": [null, true], ""range_multi_buffers"": [null, true], ""range_num_stages"": [0, 0], ""range_unroll_factors"": [0, 0], ""range_warp_specializes"": [null, false]}",ok,99.35999661684036,0.1402888298034668,0
fp8_gemm,FP8_009,2048x1024x2048,heldout,0,heuristics,0,4c9bbf4b4a9315ff,"{""atomic_indexing"": [], ""block_sizes"": [32, 32, 32], ""indexing"": [""tensor_descriptor"", ""pointer"", ""tensor_descriptor""], ""l2_groupings"": [64], ""load_eviction_policies"": ["""", """"], ""loop_orders"": [[0, 1]], ""maxnreg"": 64, ""num_sm_multiplier"": 128, ""num_stages"": 4, ""num_warps"": 16, ""pid_type"": ""persistent_interleaved"", ""range_flattens"": [true, false], ""range_multi_buffers"": [false, true], ""range_num_stages"": [2, 2], ""range_unroll_factors"": [0, 2], ""range_warp_specializes"": [false, null]}",ok,386.01601123809814,0.16297316551208496,0
fp8_gemm,FP8_009,2048x1024x2048,heldout,0,heuristics,0,090aec8abf44546c,"{""atomic_indexing"": [], ""block_sizes"": [128, 128, 64], ""indexing"": [""pointer"", ""pointer"", ""pointer""], ""l2_groupings"": [8], ""load_eviction_policies"": ["""", """"], ""loop_orders"": [[0, 1]], ""num_sm_multiplier"": 1, ""num_stages"": 3, ""num_warps"": 8, ""pid_type"": ""persistent_blocked"", ""range_flattens"": [null, null], ""range_multi_buffers"": [null, null], ""range_num_stages"": [0, 0], ""range_unroll_factors"": [0, 0], ""range_warp_specializes"": [null, null]}",ok,21.63200080394745,0.05500650405883789,0
fp8_gemm,FP8_009,2048x1024x2048,heldout,0,heuristics,0,87df1710203c8789,"{""atomic_indexing"": [], ""block_sizes"": [64, 128, 64], ""indexing"": [""pointer"", ""pointer"", ""pointer""], ""l2_groupings"": [16], ""load_eviction_policies"": ["""", """"], ""loop_orders"": [[0, 1]], ""maxnreg"": 128, ""num_sm_multiplier"": 1, ""num_stages"": 4, ""num_warps"": 4, ""pid_type"": ""persistent_blocked"", ""range_flattens"": [null, null], ""range_multi_buffers"": [true, null], ""range_num_stages"": [0, 0], ""range_unroll_factors"": [0, 0], ""range_warp_specializes"": [null, null]}",ok,25.631999596953392,0.03747868537902832,0
fp8_gemm,FP8_009,2048x1024x2048,heldout,0,heuristics,0,444b006e81c84413,"{""atomic_indexing"": [], ""block_sizes"": [128, 256, 64], ""epilogue_subtile"": 2, ""indexing"": [""tensor_descriptor"", ""tensor_descriptor"", ""tensor_descriptor""], ""l2_groupings"": [8], ""load_eviction_policies"": ["""", """"], ""loop_orders"": [[0, 1]], ""num_sm_multiplier"": 1, ""num_stages"": 3, ""num_warps"": 8, ""pid_type"": ""persistent_blocked"", ""range_flattens"": [null, null], ""range_multi_buffers"": [null, null], ""range_num_stages"": [0, 0], ""range_unroll_factors"": [0, 0], ""range_warp_specializes"": [null, null]}",ok,19.487999379634857,0.03466200828552246,0
fp8_gemm,FP8_009,2048x1024x2048,heldout,0,heuristics,0,d4d126b8b4e80dbe,"{""atomic_indexing"": [], ""block_sizes"": [64, 64, 32], ""indexing"": [""pointer"", ""pointer"", ""pointer""], ""l2_groupings"": [1], ""load_eviction_policies"": ["""", """"], ""loop_orders"": [[0, 1]], ""num_stages"": 2, ""num_warps"": 4, ""pid_type"": ""flat"", ""range_flattens"": [null, null], ""range_multi_buffers"": [null, null], ""range_num_stages"": [0, 0], ""range_unroll_factors"": [0, 0], ""range_warp_specializes"": [null, null]}",ok,35.93600168824196,0.034128427505493164,0
fp8_gemm,FP8_009,2048x1024x2048,heldout,0,heuristics,0,ae76488a92f12c44,"{""atomic_indexing"": [], ""block_sizes"": [128, 128, 128], ""indexing"": [""pointer"", ""pointer"", ""pointer""], ""l2_groupings"": [32], ""load_eviction_policies"": [""first"", ""first""], ""loop_orders"": [[0, 1]], ""maxnreg"": 256, ""num_sm_multiplier"": 1, ""num_stages"": 4, ""num_warps"": 8, ""pid_type"": ""persistent_interleaved"", ""range_flattens"": [null, null], ""range_multi_buffers"": [null, null], ""range_num_stages"": [0, 0], ""range_unroll_factors"": [0, 0], ""range_warp_specializes"": [null, null]}",ok,17.376000061631203,0.266096830368042,0
fp8_gemm,FP8_009,2048x1024x2048,heldout,1,heuristics,0,2414def0edca9c1e,"{""atomic_indexing"": [], ""block_sizes"": [128, 256, 64], ""indexing"": [""pointer"", ""pointer"", ""pointer""], ""l2_groupings"": [8], ""load_eviction_policies"": ["""", """"], ""loop_orders"": [[0, 1]], ""num_stages"": 3, ""num_warps"": 8, ""pid_type"": ""flat"", ""range_flattens"": [null, null], ""range_multi_buffers"": [null, null], ""range_num_stages"": [0, 0], ""range_unroll_factors"": [0, 0], ""range_warp_specializes"": [null, null]}",ok,17.44000054895878,0.07560062408447266,1
fp8_gemm,FP8_009,2048x1024x2048,heldout,1,heuristics,0,2a4159de248005f4,"{""atomic_indexing"": [], ""block_sizes"": [16, 16, 32], ""indexing"": [""pointer"", ""pointer"", ""pointer""], ""l2_groupings"": [1], ""load_eviction_policies"": ["""", """"], ""loop_orders"": [[0, 1]], ""num_stages"": 1, ""num_warps"": 4, ""pid_type"": ""flat"", ""range_flattens"": [null, null], ""range_multi_buffers"": [null, null], ""range_num_stages"": [0, 0], ""range_unroll_factors"": [0, 0], ""range_warp_specializes"": [null, null]}",ok,252.9599964618683,0.060800790786743164,0
fp8_gemm,FP8_009,2048x1024x2048,heldout,1,heuristics,0,d3a45e693d21ea95,"{""atomic_indexing"": [], ""block_sizes"": [32, 32, 32], ""indexing"": [""pointer"", ""tensor_descriptor"", ""pointer""], ""l2_groupings"": [1], ""load_eviction_policies"": ["""", """"], ""loop_orders"": [[1, 0]], ""maxnreg"": 128, ""num_sm_multiplier"": 128, ""num_stages"": 1, ""num_warps"": 2, ""pid_type"": ""persistent_interleaved"", ""range_flattens"": [true, null], ""range_multi_buffers"": [true, null], ""range_num_stages"": [4, 1], ""range_unroll_factors"": [0, 1], ""range_warp_specializes"": [null, false]}",ok,95.23200243711472,0.046195268630981445,0
fp8_gemm,FP8_009,2048x1024x2048,heldout,1,heuristics,0,4a7bf22c2320e9b6,"{""atomic_indexing"": [], ""block_sizes"": [32, 32, 32], ""indexing"": [""tensor_descriptor"", ""pointer"", ""pointer""], ""l2_groupings"": [16], ""load_eviction_policies"": ["""", ""first""], ""loop_orders"": [[0, 1]], ""num_stages"": 1, ""num_warps"": 4, ""pid_type"": ""flat"", ""range_flattens"": [null, true], ""range_multi_buffers"": [null, true], ""range_num_stages"": [0, 0], ""range_unroll_factors"": [0, 0], ""range_warp_specializes"": [null, false]}",ok,99.35999661684036,0.033818721771240234,0
fp8_gemm,FP8_009,2048x1024x2048,heldout,1,heuristics,0,4c9bbf4b4a9315ff,"{""atomic_indexing"": [], ""block_sizes"": [32, 32, 32], ""indexing"": [""tensor_descriptor"", ""pointer"", ""tensor_descriptor""], ""l2_groupings"": [64], ""load_eviction_policies"": ["""", """"], ""loop_orders"": [[0, 1]], ""maxnreg"": 64, ""num_sm_multiplier"": 128, ""num_stages"": 4, ""num_warps"": 16, ""pid_type"": ""persistent_interleaved"", ""range_flattens"": [true, false], ""range_multi_buffers"": [false, true], ""range_num_stages"": [2, 2], ""range_unroll_factors"": [0, 2], ""range_warp_specializes"": [false, null]}",ok,386.00000739097595,0.042563676834106445,0
fp8_gemm,FP8_009,2048x1024x2048,heldout,1,heuristics,0,090aec8abf44546c,"{""atomic_indexing"": [], ""block_sizes"": [128, 128, 64], ""indexing"": [""pointer"", ""pointer"", ""pointer""], ""l2_groupings"": [8], ""load_eviction_policies"": ["""", """"], ""loop_orders"": [[0, 1]], ""num_sm_multiplier"": 1, ""num_stages"": 3, ""num_warps"": 8, ""pid_type"": ""persistent_blocked"", ""range_flattens"": [null, null], ""range_multi_buffers"": [null, null], ""range_num_stages"": [0, 0], ""range_unroll_factors"": [0, 0], ""range_warp_specializes"": [null, null]}",ok,21.663999184966087,0.07250738143920898,0
fp8_gemm,FP8_009,2048x1024x2048,heldout,1,heuristics,0,87df1710203c8789,"{""atomic_indexing"": [], ""block_sizes"": [64, 128, 64], ""indexing"": [""pointer"", ""pointer"", ""pointer""], ""l2_groupings"": [16], ""load_eviction_policies"": ["""", """"], ""loop_orders"": [[0, 1]], ""maxnreg"": 128, ""num_sm_multiplier"": 1, ""num_stages"": 4, ""num_warps"": 4, ""pid_type"": ""persistent_blocked"", ""range_flattens"": [null, null], ""range_multi_buffers"": [true, null], ""range_num_stages"": [0, 0], ""range_unroll_factors"": [0, 0], ""range_warp_specializes"": [null, null]}",ok,25.599999353289604,0.055845022201538086,0
fp8_gemm,FP8_009,2048x1024x2048,heldout,1,heuristics,0,09bfb3374c61af6e,"{""atomic_indexing"": [], ""block_sizes"": [128, 256, 64], ""indexing"": [""tensor_descriptor"", ""tensor_descriptor"", ""tensor_descriptor""], ""l2_groupings"": [8], ""load_eviction_policies"": ["""", """"], ""loop_orders"": [[0, 1]], ""maxnreg"": 256, ""num_sm_multiplier"": 1, ""num_stages"": 3, ""num_warps"": 8, ""pid_type"": ""persistent_blocked"", ""range_flattens"": [null, null], ""range_multi_buffers"": [null, null], ""range_num_stages"": [0, 0], ""range_unroll_factors"": [0, 0], ""range_warp_specializes"": [null, null]}",ok,19.551999866962433,0.21684741973876953,0
fp8_gemm,FP8_009,2048x1024x2048,heldout,1,heuristics,0,5f5b5ac0cf621145,"{""atomic_indexing"": [], ""block_sizes"": [128, 128, 32], ""indexing"": [""pointer"", ""pointer"", ""pointer""], ""l2_groupings"": [4], ""load_eviction_policies"": ["""", """"], ""loop_orders"": [[0, 1]], ""num_stages"": 2, ""num_warps"": 8, ""pid_type"": ""flat"", ""range_flattens"": [null, null], ""range_multi_buffers"": [null, null], ""range_num_stages"": [0, 0], ""range_unroll_factors"": [0, 0], ""range_warp_specializes"": [null, null]}",ok,33.79200026392937,0.03570675849914551,0
fp8_gemm,FP8_009,2048x1024x2048,heldout,1,heuristics,0,d0aefac2a17d044b,"{""atomic_indexing"": [], ""block_sizes"": [64, 64, 64], ""indexing"": [""pointer"", ""pointer"", ""pointer""], ""l2_groupings"": [1], ""load_eviction_policies"": ["""", """"], ""loop_orders"": [[0, 1]], ""num_stages"": 3, ""num_warps"": 4, ""pid_type"": ""flat"", ""range_flattens"": [null, null], ""range_multi_buffers"": [null, null], ""range_num_stages"": [0, 0], ""range_unroll_factors"": [0, 0], ""range_warp_specializes"": [null, null]}",ok,21.536000072956085,0.2203233242034912,0
fp8_gemm,FP8_009,2048x1024x2048,heldout,2,heuristics,0,2414def0edca9c1e,"{""atomic_indexing"": [], ""block_sizes"": [128, 256, 64], ""indexing"": [""pointer"", ""pointer"", ""pointer""], ""l2_groupings"": [8], ""load_eviction_policies"": ["""", """"], ""loop_orders"": [[0, 1]], ""num_stages"": 3, ""num_warps"": 8, ""pid_type"": ""flat"", ""range_flattens"": [null, null], ""range_multi_buffers"": [null, null], ""range_num_stages"": [0, 0], ""range_unroll_factors"": [0, 0], ""range_warp_specializes"": [null, null]}",ok,17.44000054895878,0.06895565986633301,1
fp8_gemm,FP8_009,2048x1024x2048,heldout,2,heuristics,0,2a4159de248005f4,"{""atomic_indexing"": [], ""block_sizes"": [16, 16, 32], ""indexing"": [""pointer"", ""pointer"", ""pointer""], ""l2_groupings"": [1], ""load_eviction_policies"": ["""", """"], ""loop_orders"": [[0, 1]], ""num_stages"": 1, ""num_warps"": 4, ""pid_type"": ""flat"", ""range_flattens"": [null, null], ""range_multi_buffers"": [null, null], ""range_num_stages"": [0, 0], ""range_unroll_factors"": [0, 0], ""range_warp_specializes"": [null, null]}",ok,252.9279887676239,0.05191302299499512,0
fp8_gemm,FP8_009,2048x1024x2048,heldout,2,heuristics,0,d3a45e693d21ea95,"{""atomic_indexing"": [], ""block_sizes"": [32, 32, 32], ""indexing"": [""pointer"", ""tensor_descriptor"", ""pointer""], ""l2_groupings"": [1], ""load_eviction_policies"": ["""", """"], ""loop_orders"": [[1, 0]], ""maxnreg"": 128, ""num_sm_multiplier"": 128, ""num_stages"": 1, ""num_warps"": 2, ""pid_type"": ""persistent_interleaved"", ""range_flattens"": [true, null], ""range_multi_buffers"": [true, null], ""range_num_stages"": [4, 1], ""range_unroll_factors"": [0, 1], ""range_warp_specializes"": [null, false]}",ok,95.2640026807785,0.03571343421936035,0
fp8_gemm,FP8_009,2048x1024x2048,heldout,2,heuristics,0,4a7bf22c2320e9b6,"{""atomic_indexing"": [], ""block_sizes"": [32, 32, 32], ""indexing"": [""tensor_descriptor"", ""pointer"", ""pointer""], ""l2_groupings"": [16], ""load_eviction_policies"": ["""", ""first""], ""loop_orders"": [[0, 1]], ""num_stages"": 1, ""num_warps"": 4, ""pid_type"": ""flat"", ""range_flattens"": [null, true], ""range_multi_buffers"": [null, true], ""range_num_stages"": [0, 0], ""range_unroll_factors"": [0, 0], ""range_warp_specializes"": [null, false]}",ok,99.35999661684036,0.04239368438720703,0
fp8_gemm,FP8_009,2048x1024x2048,heldout,2,heuristics,0,4c9bbf4b4a9315ff,"{""atomic_indexing"": [], ""block_sizes"": [32, 32, 32], ""indexing"": [""tensor_descriptor"", ""pointer"", ""tensor_descriptor""], ""l2_groupings"": [64], ""load_eviction_policies"": ["""", """"], ""loop_orders"": [[0, 1]], ""maxnreg"": 64, ""num_sm_multiplier"": 128, ""num_stages"": 4, ""num_warps"": 16, ""pid_type"": ""persistent_interleaved"", ""range_flattens"": [true, false], ""range_multi_buffers"": [false, true], ""range_num_stages"": [2, 2], ""range_unroll_factors"": [0, 2], ""range_warp_specializes"": [false, null]}",ok,386.04798913002014,0.034509897232055664,0
fp8_gemm,FP8_009,2048x1024x2048,heldout,2,heuristics,0,090aec8abf44546c,"{""atomic_indexing"": [], ""block_sizes"": [128, 128, 64], ""indexing"": [""pointer"", ""pointer"", ""pointer""], ""l2_groupings"": [8], ""load_eviction_policies"": ["""", """"], ""loop_orders"": [[0, 1]], ""num_sm_multiplier"": 1, ""num_stages"": 3, ""num_warps"": 8, ""pid_type"": ""persistent_blocked"", ""range_flattens"": [null, null], ""range_multi_buffers"": [null, null], ""range_num_stages"": [0, 0], ""range_unroll_factors"": [0, 0], ""range_warp_specializes"": [null, null]}",ok,21.60000056028366,0.06369948387145996,0
fp8_gemm,FP8_009,2048x1024x2048,heldout,2,heuristics,0,87df1710203c8789,"{""atomic_indexing"": [], ""block_sizes"": [64, 128, 64], ""indexing"": [""pointer"", ""pointer"", ""pointer""], ""l2_groupings"": [16], ""load_eviction_policies"": ["""", """"], ""loop_orders"": [[0, 1]], ""maxnreg"": 128, ""num_sm_multiplier"": 1, ""num_stages"": 4, ""num_warps"": 4, ""pid_type"": ""persistent_blocked"", ""range_flattens"": [null, null], ""range_multi_buffers"": [true, null], ""range_num_stages"": [0, 0], ""range_unroll_factors"": [0, 0], ""range_warp_specializes"": [null, null]}",ok,25.631999596953392,0.04665064811706543,0
fp8_gemm,FP8_009,2048x1024x2048,heldout,2,heuristics,0,444b006e81c84413,"{""atomic_indexing"": [], ""block_sizes"": [128, 256, 64], ""epilogue_subtile"": 2, ""indexing"": [""tensor_descriptor"", ""tensor_descriptor"", ""tensor_descriptor""], ""l2_groupings"": [8], ""load_eviction_policies"": ["""", """"], ""loop_orders"": [[0, 1]], ""num_sm_multiplier"": 1, ""num_stages"": 3, ""num_warps"": 8, ""pid_type"": ""persistent_blocked"", ""range_flattens"": [null, null], ""range_multi_buffers"": [null, null], ""range_num_stages"": [0, 0], ""range_unroll_factors"": [0, 0], ""range_warp_specializes"": [null, null]}",ok,19.487999379634857,0.03150629997253418,0
fp8_gemm,FP8_009,2048x1024x2048,heldout,2,heuristics,0,d4d126b8b4e80dbe,"{""atomic_indexing"": [], ""block_sizes"": [64, 64, 32], ""indexing"": [""pointer"", ""pointer"", ""pointer""], ""l2_groupings"": [1], ""load_eviction_policies"": ["""", """"], ""loop_orders"": [[0, 1]], ""num_stages"": 2, ""num_warps"": 4, ""pid_type"": ""flat"", ""range_flattens"": [null, null], ""range_multi_buffers"": [null, null], ""range_num_stages"": [0, 0], ""range_unroll_factors"": [0, 0], ""range_warp_specializes"": [null, null]}",ok,35.90400144457817,0.033980607986450195,0
fp8_gemm,FP8_009,2048x1024x2048,heldout,2,heuristics,0,260fbcfdf5bad2be,"{""atomic_indexing"": [], ""block_sizes"": [128, 128, 128], ""indexing"": [""pointer"", ""pointer"", ""pointer""], ""l2_groupings"": [32], ""load_eviction_policies"": [""first"", ""first""], ""loop_orders"": [[0, 1]], ""maxnreg"": 256, ""num_sm_multiplier"": 1, ""num_stages"": 4, ""num_warps"": 8, ""pid_type"": ""persistent_interleaved"", ""range_flattens"": [null, null], ""range_multi_buffers"": [true, null], ""range_num_stages"": [0, 0], ""range_unroll_factors"": [0, 0], ""range_warp_specializes"": [null, null]}",ok,17.376000061631203,0.2783339023590088,0
fp8_gemm,FP8_010,1024x2048x4096,heldout,0,heuristics,0,a64a01219a8f560d,"{""atomic_indexing"": [], ""block_sizes"": [128, 256, 64], ""indexing"": [""pointer"", ""pointer"", ""pointer""], ""l2_groupings"": [16], ""load_eviction_policies"": ["""", """"], ""loop_orders"": [[0, 1]], ""num_stages"": 3, ""num_warps"": 8, ""pid_type"": ""flat"", ""range_flattens"": [null, null], ""range_multi_buffers"": [null, null], ""range_num_stages"": [0, 0], ""range_unroll_factors"": [0, 0], ""range_warp_specializes"": [null, null]}",ok,25.567999109625816,0.3207530975341797,1
fp8_gemm,FP8_010,1024x2048x4096,heldout,0,heuristics,0,2a4159de248005f4,"{""atomic_indexing"": [], ""block_sizes"": [16, 16, 32], ""indexing"": [""pointer"", ""pointer"", ""pointer""], ""l2_groupings"": [1], ""load_eviction_policies"": ["""", """"], ""loop_orders"": [[0, 1]], ""num_stages"": 1, ""num_warps"": 4, ""pid_type"": ""flat"", ""range_flattens"": [null, null], ""range_multi_buffers"": [null, null], ""range_num_stages"": [0, 0], ""range_unroll_factors"": [0, 0], ""range_warp_specializes"": [null, null]}",ok,502.8480291366577,0.03917098045349121,0
fp8_gemm,FP8_010,1024x2048x4096,heldout,0,heuristics,0,cfced5cf9b528df0,"{""atomic_indexing"": [], ""block_sizes"": [32, 512, 32], ""indexing"": [""pointer"", ""pointer"", ""pointer""], ""l2_groupings"": [4], ""load_eviction_policies"": [""last"", ""first""], ""loop_orders"": [[0, 1]], ""num_sm_multiplier"": 4, ""num_stages"": 2, ""num_warps"": 32, ""pid_type"": ""persistent_blocked"", ""range_flattens"": [true, null], ""range_multi_buffers"": [true, null], ""range_num_stages"": [0, 3], ""range_unroll_factors"": [0, 0], ""range_warp_specializes"": [true, null]}",error,inf,0.08951735496520996,0
fp8_gemm,FP8_010,1024x2048x4096,heldout,0,heuristics,0,77794152b2e42bcc,"{""atomic_indexing"": [], ""block_sizes"": [32, 32, 32], ""epilogue_subtile"": 2, ""indexing"": [""pointer"", ""tensor_descriptor"", ""tensor_descriptor""], ""l2_groupings"": [64], ""load_eviction_policies"": [""last"", """"], ""loop_orders"": [[0, 1]], ""num_stages"": 6, ""num_warps"": 16, ""pid_type"": ""flat"", ""range_flattens"": [null, false], ""range_multi_buffers"": [null, true], ""range_num_stages"": [0, 2], ""range_unroll_factors"": [0, 3], ""range_warp_specializes"": [null, null]}",ok,494.59201097488403,0.1731569766998291,0
fp8_gemm,FP8_010,1024x2048x4096,heldout,0,heuristics,0,c79e149b8c11c7d3,"{""atomic_indexing"": [], ""block_sizes"": [16, 32, 32], ""indexing"": [""tensor_descriptor"", ""pointer"", ""tensor_descriptor""], ""l2_groupings"": [32], ""load_eviction_policies"": ["""", """"], ""loop_orders"": [[0, 1]], ""maxnreg"": 64, ""num_sm_multiplier"": 128, ""num_stages"": 4, ""num_warps"": 8, ""pid_type"": ""persistent_interleaved"", ""range_flattens"": [true, true], ""range_multi_buffers"": [false, false], ""range_num_stages"": [0, 2], ""range_unroll_factors"": [1, 0], ""range_warp_specializes"": [false, false]}",ok,551.9999861717224,0.17752599716186523,0
fp8_gemm,FP8_010,1024x2048x4096,heldout,0,heuristics,0,090aec8abf44546c,"{""atomic_indexing"": [], ""block_sizes"": [128, 128, 64], ""indexing"": [""pointer"", ""pointer"", ""pointer""], ""l2_groupings"": [8], ""load_eviction_policies"": ["""", """"], ""loop_orders"": [[0, 1]], ""num_sm_multiplier"": 1, ""num_stages"": 3, ""num_warps"": 8, ""pid_type"": ""persistent_blocked"", ""range_flattens"": [null, null], ""range_multi_buffers"": [null, null], ""range_num_stages"": [0, 0], ""range_unroll_factors"": [0, 0], ""range_warp_specializes"": [null, null]}",ok,31.808000057935715,0.0494384765625,0
fp8_gemm,FP8_010,1024x2048x4096,heldout,0,heuristics,0,21973418a110437d,"{""atomic_indexing"": [], ""block_sizes"": [64, 128, 64], ""indexing"": [""tensor_descriptor"", ""tensor_descriptor"", ""tensor_descriptor""], ""l2_groupings"": [16], ""load_eviction_policies"": ["""", """"], ""loop_orders"": [[0, 1]], ""maxnreg"": 128, ""num_sm_multiplier"": 1, ""num_stages"": 4, ""num_warps"": 8, ""pid_type"": ""persistent_blocked"", ""range_flattens"": [null, null], ""range_multi_buffers"": [null, null], ""range_num_stages"": [0, 0], ""range_unroll_factors"": [0, 0], ""range_warp_specializes"": [null, null]}",ok,44.064000248909,0.2206745147705078,0
fp8_gemm,FP8_010,1024x2048x4096,heldout,0,heuristics,0,dce77348f7e1e624,"{""atomic_indexing"": [], ""block_sizes"": [128, 256, 64], ""epilogue_subtile"": 2, ""indexing"": [""pointer"", ""pointer"", ""pointer""], ""l2_groupings"": [8], ""load_eviction_policies"": ["""", """"], ""loop_orders"": [[0, 1]], ""maxnreg"": 256, ""num_sm_multiplier"": 1, ""num_stages"": 3, ""num_warps"": 8, ""pid_type"": ""persistent_blocked"", ""range_flattens"": [null, null], ""range_multi_buffers"": [true, null], ""range_num_stages"": [0, 0], ""range_unroll_factors"": [0, 0], ""range_warp_specializes"": [null, null]}",ok,25.536000728607178,0.3399088382720947,0
fp8_gemm,FP8_010,1024x2048x4096,heldout,0,heuristics,0,d4d126b8b4e80dbe,"{""atomic_indexing"": [], ""block_sizes"": [64, 64, 32], ""indexing"": [""pointer"", ""pointer"", ""pointer""], ""l2_groupings"": [1], ""load_eviction_policies"": ["""", """"], ""loop_orders"": [[0, 1]], ""num_stages"": 2, ""num_warps"": 4, ""pid_type"": ""flat"", ""range_flattens"": [null, null], ""range_multi_buffers"": [null, null], ""range_num_stages"": [0, 0], ""range_unroll_factors"": [0, 0], ""range_warp_specializes"": [null, null]}",ok,60.447998344898224,0.02628040313720703,0
fp8_gemm,FP8_010,1024x2048x4096,heldout,0,heuristics,0,4dce508dce47fa93,"{""atomic_indexing"": [], ""block_sizes"": [128, 128, 32], ""indexing"": [""pointer"", ""pointer"", ""pointer""], ""l2_groupings"": [4], ""load_eviction_policies"": ["""", """"], ""loop_orders"": [[0, 1]], ""num_sm_multiplier"": 1, ""num_stages"": 3, ""num_warps"": 8, ""pid_type"": ""persistent_interleaved"", ""range_flattens"": [null, null], ""range_multi_buffers"": [null, null], ""range_num_stages"": [0, 0], ""range_unroll_factors"": [0, 0], ""range_warp_specializes"": [null, null]}",ok,54.30399999022484,0.25640869140625,0
fp8_gemm,FP8_010,1024x2048x4096,heldout,1,heuristics,0,a64a01219a8f560d,"{""atomic_indexing"": [], ""block_sizes"": [128, 256, 64], ""indexing"": [""pointer"", ""pointer"", ""pointer""], ""l2_groupings"": [16], ""load_eviction_policies"": ["""", """"], ""loop_orders"": [[0, 1]], ""num_stages"": 3, ""num_warps"": 8, ""pid_type"": ""flat"", ""range_flattens"": [null, null], ""range_multi_buffers"": [null, null], ""range_num_stages"": [0, 0], ""range_unroll_factors"": [0, 0], ""range_warp_specializes"": [null, null]}",ok,25.567999109625816,0.05450868606567383,1
fp8_gemm,FP8_010,1024x2048x4096,heldout,1,heuristics,0,2a4159de248005f4,"{""atomic_indexing"": [], ""block_sizes"": [16, 16, 32], ""indexing"": [""pointer"", ""pointer"", ""pointer""], ""l2_groupings"": [1], ""load_eviction_policies"": ["""", """"], ""loop_orders"": [[0, 1]], ""num_stages"": 1, ""num_warps"": 4, ""pid_type"": ""flat"", ""range_flattens"": [null, null], ""range_multi_buffers"": [null, null], ""range_num_stages"": [0, 0], ""range_unroll_factors"": [0, 0], ""range_warp_specializes"": [null, null]}",ok,502.78401374816895,0.04001021385192871,0
fp8_gemm,FP8_010,1024x2048x4096,heldout,1,heuristics,0,cfced5cf9b528df0,"{""atomic_indexing"": [], ""block_sizes"": [32, 512, 32], ""indexing"": [""pointer"", ""pointer"", ""pointer""], ""l2_groupings"": [4], ""load_eviction_policies"": [""last"", ""first""], ""loop_orders"": [[0, 1]], ""num_sm_multiplier"": 4, ""num_stages"": 2, ""num_warps"": 32, ""pid_type"": ""persistent_blocked"", ""range_flattens"": [true, null], ""range_multi_buffers"": [true, null], ""range_num_stages"": [0, 3], ""range_unroll_factors"": [0, 0], ""range_warp_specializes"": [true, null]}",error,inf,0.0936272144317627,0
fp8_gemm,FP8_010,1024x2048x4096,heldout,1,heuristics,0,77794152b2e42bcc,"{""atomic_indexing"": [], ""block_sizes"": [32, 32, 32], ""epilogue_subtile"": 2, ""indexing"": [""pointer"", ""tensor_descriptor"", ""tensor_descriptor""], ""l2_groupings"": [64], ""load_eviction_policies"": [""last"", """"], ""loop_orders"": [[0, 1]], ""num_stages"": 6, ""num_warps"": 16, ""pid_type"": ""flat"", ""range_flattens"": [null, false], ""range_multi_buffers"": [null, true], ""range_num_stages"": [0, 2], ""range_unroll_factors"": [0, 3], ""range_warp_specializes"": [null, null]}",ok,494.59201097488403,0.023615121841430664,0
fp8_gemm,FP8_010,1024x2048x4096,heldout,1,heuristics,0,c79e149b8c11c7d3,"{""atomic_indexing"": [], ""block_sizes"": [16, 32, 32], ""indexing"": [""tensor_descriptor"", ""pointer"", ""tensor_descriptor""], ""l2_groupings"": [32], ""load_eviction_policies"": ["""", """"], ""loop_orders"": [[0, 1]], ""maxnreg"": 64, ""num_sm_multiplier"": 128, ""num_stages"": 4, ""num_warps"": 8, ""pid_type"": ""persistent_interleaved"", ""range_flattens"": [true, true], ""range_multi_buffers"": [false, false], ""range_num_stages"": [0, 2], ""range_unroll_factors"": [1, 0], ""range_warp_specializes"": [false, false]}",ok,551.9999861717224,0.023010969161987305,0
fp8_gemm,FP8_010,1024x2048x4096,heldout,1,heuristics,0,090aec8abf44546c,"{""atomic_indexing"": [], ""block_sizes"": [128, 128, 64], ""indexing"": [""pointer"", ""pointer"", ""pointer""], ""l2_groupings"": [8], ""load_eviction_policies"": ["""", """"], ""loop_orders"": [[0, 1]], ""num_sm_multiplier"": 1, ""num_stages"": 3, ""num_warps"": 8, ""pid_type"": ""persistent_blocked"", ""range_flattens"": [null, null], ""range_multi_buffers"": [null, null], ""range_num_stages"": [0, 0], ""range_unroll_factors"": [0, 0], ""range_warp_specializes"": [null, null]}",ok,31.808000057935715,0.05557870864868164,0
fp8_gemm,FP8_010,1024x2048x4096,heldout,1,heuristics,0,ff66642009acf578,"{""atomic_indexing"": [], ""block_sizes"": [64, 128, 64], ""indexing"": [""tensor_descriptor"", ""tensor_descriptor"", ""tensor_descriptor""], ""l2_groupings"": [16], ""load_eviction_policies"": ["""", """"], ""loop_orders"": [[0, 1]], ""maxnreg"": 128, ""num_sm_multiplier"": 1, ""num_stages"": 4, ""num_warps"": 4, ""pid_type"": ""persistent_blocked"", ""range_flattens"": [null, null], ""range_multi_buffers"": [null, null], ""range_num_stages"": [0, 0], ""range_unroll_factors"": [0, 0], ""range_warp_specializes"": [null, null]}",ok,39.96799886226654,0.23507928848266602,0
fp8_gemm,FP8_010,1024x2048x4096,heldout,1,heuristics,0,b5868dde9a573026,"{""atomic_indexing"": [], ""block_sizes"": [128, 256, 64], ""indexing"": [""pointer"", ""pointer"", ""pointer""], ""l2_groupings"": [8], ""load_eviction_policies"": [""first"", ""first""], ""loop_orders"": [[0, 1]], ""maxnreg"": 256, ""num_sm_multiplier"": 1, ""num_stages"": 3, ""num_warps"": 8, ""pid_type"": ""persistent_blocked"", ""range_flattens"": [null, null], ""range_multi_buffers"": [true, null], ""range_num_stages"": [0, 0], ""range_unroll_factors"": [0, 0], ""range_warp_specializes"": [null, null]}",ok,25.536000728607178,0.3171272277832031,0
fp8_gemm,FP8_010,1024x2048x4096,heldout,1,heuristics,0,d4d126b8b4e80dbe,"{""atomic_indexing"": [], ""block_sizes"": [64, 64, 32], ""indexing"": [""pointer"", ""pointer"", ""pointer""], ""l2_groupings"": [1], ""load_eviction_policies"": ["""", """"], ""loop_orders"": [[0, 1]], ""num_stages"": 2, ""num_warps"": 4, ""pid_type"": ""flat"", ""range_flattens"": [null, null], ""range_multi_buffers"": [null, null], ""range_num_stages"": [0, 0], ""range_unroll_factors"": [0, 0], ""range_warp_specializes"": [null, null]}",ok,60.447998344898224,0.02268838882446289,0
fp8_gemm,FP8_010,1024x2048x4096,heldout,1,heuristics,0,41695d93bf623c2b,"{""atomic_indexing"": [], ""block_sizes"": [128, 128, 32], ""epilogue_subtile"": 2, ""indexing"": [""pointer"", ""pointer"", ""pointer""], ""l2_groupings"": [4], ""load_eviction_policies"": ["""", """"], ""loop_orders"": [[0, 1]], ""num_sm_multiplier"": 1, ""num_stages"": 2, ""num_warps"": 8, ""pid_type"": ""persistent_interleaved"", ""range_flattens"": [null, null], ""range_multi_buffers"": [null, null], ""range_num_stages"": [0, 0], ""range_unroll_factors"": [0, 0], ""range_warp_specializes"": [null, null]}",ok,95.2640026807785,0.2749931812286377,0
fp8_gemm,FP8_010,1024x2048x4096,heldout,2,heuristics,0,a64a01219a8f560d,"{""atomic_indexing"": [], ""block_sizes"": [128, 256, 64], ""indexing"": [""pointer"", ""pointer"", ""pointer""], ""l2_groupings"": [16], ""load_eviction_policies"": ["""", """"], ""loop_orders"": [[0, 1]], ""num_stages"": 3, ""num_warps"": 8, ""pid_type"": ""flat"", ""range_flattens"": [null, null], ""range_multi_buffers"": [null, null], ""range_num_stages"": [0, 0], ""range_unroll_factors"": [0, 0], ""range_warp_specializes"": [null, null]}",ok,24.607999250292778,0.07131695747375488,1
fp8_gemm,FP8_010,1024x2048x4096,heldout,2,heuristics,0,2a4159de248005f4,"{""atomic_indexing"": [], ""block_sizes"": [16, 16, 32], ""indexing"": [""pointer"", ""pointer"", ""pointer""], ""l2_groupings"": [1], ""load_eviction_policies"": ["""", """"], ""loop_orders"": [[0, 1]], ""num_stages"": 1, ""num_warps"": 4, ""pid_type"": ""flat"", ""range_flattens"": [null, null], ""range_multi_buffers"": [null, null], ""range_num_stages"": [0, 0], ""range_unroll_factors"": [0, 0], ""range_warp_specializes"": [null, null]}",ok,502.81602144241333,0.05436205863952637,0
fp8_gemm,FP8_010,1024x2048x4096,heldout,2,heuristics,0,cfced5cf9b528df0,"{""atomic_indexing"": [], ""block_sizes"": [32, 512, 32], ""indexing"": [""pointer"", ""pointer"", ""pointer""], ""l2_groupings"": [4], ""load_eviction_policies"": [""last"", ""first""], ""loop_orders"": [[0, 1]], ""num_sm_multiplier"": 4, ""num_stages"": 2, ""num_warps"": 32, ""pid_type"": ""persistent_blocked"", ""range_flattens"": [true, null], ""range_multi_buffers"": [true, null], ""range_num_stages"": [0, 3], ""range_unroll_factors"": [0, 0], ""range_warp_specializes"": [true, null]}",error,inf,0.10393476486206055,0
fp8_gemm,FP8_010,1024x2048x4096,heldout,2,heuristics,0,77794152b2e42bcc,"{""atomic_indexing"": [], ""block_sizes"": [32, 32, 32], ""epilogue_subtile"": 2, ""indexing"": [""pointer"", ""tensor_descriptor"", ""tensor_descriptor""], ""l2_groupings"": [64], ""load_eviction_policies"": [""last"", """"], ""loop_orders"": [[0, 1]], ""num_stages"": 6, ""num_warps"": 16, ""pid_type"": ""flat"", ""range_flattens"": [null, false], ""range_multi_buffers"": [null, true], ""range_num_stages"": [0, 2], ""range_unroll_factors"": [0, 3], ""range_warp_specializes"": [null, null]}",ok,494.62398886680603,0.025831937789916992,0
fp8_gemm,FP8_010,1024x2048x4096,heldout,2,heuristics,0,c79e149b8c11c7d3,"{""atomic_indexing"": [], ""block_sizes"": [16, 32, 32], ""indexing"": [""tensor_descriptor"", ""pointer"", ""tensor_descriptor""], ""l2_groupings"": [32], ""load_eviction_policies"": ["""", """"], ""loop_orders"": [[0, 1]], ""maxnreg"": 64, ""num_sm_multiplier"": 128, ""num_stages"": 4, ""num_warps"": 8, ""pid_type"": ""persistent_interleaved"", ""range_flattens"": [true, true], ""range_multi_buffers"": [false, false], ""range_num_stages"": [0, 2], ""range_unroll_factors"": [1, 0], ""range_warp_specializes"": [false, false]}",ok,551.9999861717224,0.034784555435180664,0
fp8_gemm,FP8_010,1024x2048x4096,heldout,2,heuristics,0,090aec8abf44546c,"{""atomic_indexing"": [], ""block_sizes"": [128, 128, 64], ""indexing"": [""pointer"", ""pointer"", ""pointer""], ""l2_groupings"": [8], ""load_eviction_policies"": ["""", """"], ""loop_orders"": [[0, 1]], ""num_sm_multiplier"": 1, ""num_stages"": 3, ""num_warps"": 8, ""pid_type"": ""persistent_blocked"", ""range_flattens"": [null, null], ""range_multi_buffers"": [null, null], ""range_num_stages"": [0, 0], ""range_unroll_factors"": [0, 0], ""range_warp_specializes"": [null, null]}",ok,31.775999814271927,0.07343149185180664,0
fp8_gemm,FP8_010,1024x2048x4096,heldout,2,heuristics,0,87df1710203c8789,"{""atomic_indexing"": [], ""block_sizes"": [64, 128, 64], ""indexing"": [""pointer"", ""pointer"", ""pointer""], ""l2_groupings"": [16], ""load_eviction_policies"": ["""", """"], ""loop_orders"": [[0, 1]], ""maxnreg"": 128, ""num_sm_multiplier"": 1, ""num_stages"": 4, ""num_warps"": 4, ""pid_type"": ""persistent_blocked"", ""range_flattens"": [null, null], ""range_multi_buffers"": [true, null], ""range_num_stages"": [0, 0], ""range_unroll_factors"": [0, 0], ""range_warp_specializes"": [null, null]}",ok,35.840000957250595,0.06709599494934082,0
fp8_gemm,FP8_010,1024x2048x4096,heldout,2,heuristics,0,444b006e81c84413,"{""atomic_indexing"": [], ""block_sizes"": [128, 256, 64], ""epilogue_subtile"": 2, ""indexing"": [""tensor_descriptor"", ""tensor_descriptor"", ""tensor_descriptor""], ""l2_groupings"": [8], ""load_eviction_policies"": ["""", """"], ""loop_orders"": [[0, 1]], ""num_sm_multiplier"": 1, ""num_stages"": 3, ""num_warps"": 8, ""pid_type"": ""persistent_blocked"", ""range_flattens"": [null, null], ""range_multi_buffers"": [null, null], ""range_num_stages"": [0, 0], ""range_unroll_factors"": [0, 0], ""range_warp_specializes"": [null, null]}",ok,29.69600073993206,0.05730414390563965,0
fp8_gemm,FP8_010,1024x2048x4096,heldout,2,heuristics,0,d4d126b8b4e80dbe,"{""atomic_indexing"": [], ""block_sizes"": [64, 64, 32], ""indexing"": [""pointer"", ""pointer"", ""pointer""], ""l2_groupings"": [1], ""load_eviction_policies"": ["""", """"], ""loop_orders"": [[0, 1]], ""num_stages"": 2, ""num_warps"": 4, ""pid_type"": ""flat"", ""range_flattens"": [null, null], ""range_multi_buffers"": [null, null], ""range_num_stages"": [0, 0], ""range_unroll_factors"": [0, 0], ""range_warp_specializes"": [null, null]}",ok,60.447998344898224,0.048506736755371094,0
fp8_gemm,FP8_010,1024x2048x4096,heldout,2,heuristics,0,7b36ebd39a8d9b93,"{""atomic_indexing"": [], ""block_sizes"": [128, 128, 128], ""indexing"": [""pointer"", ""pointer"", ""pointer""], ""l2_groupings"": [32], ""load_eviction_policies"": [""last"", ""last""], ""loop_orders"": [[0, 1]], ""maxnreg"": 256, ""num_sm_multiplier"": 1, ""num_stages"": 4, ""num_warps"": 8, ""pid_type"": ""persistent_interleaved"", ""range_flattens"": [null, null], ""range_multi_buffers"": [null, null], ""range_num_stages"": [0, 0], ""range_unroll_factors"": [0, 0], ""range_warp_specializes"": [null, null]}",ok,21.663999184966087,0.2946178913116455,0
fp8_gemm,FP8_011,128x2048x2048,heldout,0,heuristics,0,fedd0752cdf4f071,"{""atomic_indexing"": [], ""block_sizes"": [128, 256, 64], ""indexing"": [""pointer"", ""pointer"", ""pointer""], ""l2_groupings"": [8], ""load_eviction_policies"": ["""", """"], ""loop_orders"": [[0, 1]], ""num_stages"": 5, ""num_warps"": 4, ""pid_type"": ""flat"", ""range_flattens"": [null, null], ""range_multi_buffers"": [null, null], ""range_num_stages"": [0, 0], ""range_unroll_factors"": [0, 0], ""range_warp_specializes"": [null, null]}",ok,15.519999898970127,0.4577357769012451,1
fp8_gemm,FP8_011,128x2048x2048,heldout,0,heuristics,0,2a4159de248005f4,"{""atomic_indexing"": [], ""block_sizes"": [16, 16, 32], ""indexing"": [""pointer"", ""pointer"", ""pointer""], ""l2_groupings"": [1], ""load_eviction_policies"": ["""", """"], ""loop_orders"": [[0, 1]], ""num_stages"": 1, ""num_warps"": 4, ""pid_type"": ""flat"", ""range_flattens"": [null, null], ""range_multi_buffers"": [null, null], ""range_num_stages"": [0, 0], ""range_unroll_factors"": [0, 0], ""range_warp_specializes"": [null, null]}",ok,62.55999952554703,0.051789045333862305,0
fp8_gemm,FP8_011,128x2048x2048,heldout,0,heuristics,0,ab8455cea6588f01,"{""atomic_indexing"": [], ""block_sizes"": [4, 256, 512], ""indexing"": [""pointer"", ""pointer"", ""pointer""], ""l2_groupings"": [4], ""load_eviction_policies"": [""last"", ""first""], ""loop_orders"": [[0, 1]], ""num_sm_multiplier"": 4, ""num_stages"": 2, ""num_warps"": 32, ""pid_type"": ""persistent_blocked"", ""range_flattens"": [true, null], ""range_multi_buffers"": [true, null], ""range_num_stages"": [0, 3], ""range_unroll_factors"": [0, 0], ""range_warp_specializes"": [true, null]}",error,inf,0.0977482795715332,0
fp8_gemm,FP8_011,128x2048x2048,heldout,0,heuristics,0,77794152b2e42bcc,"{""atomic_indexing"": [], ""block_sizes"": [32, 32, 32], ""epilogue_subtile"": 2, ""indexing"": [""pointer"", ""tensor_descriptor"", ""tensor_descriptor""], ""l2_groupings"": [64], ""load_eviction_policies"": [""last"", """"], ""loop_orders"": [[0, 1]], ""num_stages"": 6, ""num_warps"": 16, ""pid_type"": ""flat"", ""range_flattens"": [null, false], ""range_multi_buffers"": [null, true], ""range_num_stages"": [0, 2], ""range_unroll_factors"": [0, 3], ""range_warp_specializes"": [null, null]}",ok,52.25599929690361,0.17247486114501953,0
fp8_gemm,FP8_011,128x2048x2048,heldout,0,heuristics,0,1c5ef4842e8b96f9,"{""atomic_indexing"": [], ""block_sizes"": [2, 32, 32], ""indexing"": [""tensor_descriptor"", ""pointer"", ""tensor_descriptor""], ""l2_groupings"": [32], ""load_eviction_policies"": ["""", """"], ""loop_orders"": [[0, 1]], ""maxnreg"": 64, ""num_sm_multiplier"": 128, ""num_stages"": 4, ""num_warps"": 8, ""pid_type"": ""persistent_interleaved"", ""range_flattens"": [true, true], ""range_multi_buffers"": [false, false], ""range_num_stages"": [0, 2], ""range_unroll_factors"": [1, 0], ""range_warp_specializes"": [false, false]}",ok,283.6480140686035,0.1636338233947754,0
fp8_gemm,FP8_011,128x2048x2048,heldout,0,heuristics,0,a725e7fb330cd444,"{""atomic_indexing"": [], ""block_sizes"": [64, 128, 64], ""indexing"": [""pointer"", ""pointer"", ""pointer""], ""l2_groupings"": [1], ""load_eviction_policies"": ["""", """"], ""loop_orders"": [[0, 1]], ""num_stages"": 3, ""num_warps"": 4, ""pid_type"": ""flat"", ""range_flattens"": [null, null], ""range_multi_buffers"": [null, null], ""range_num_stages"": [0, 0], ""range_unroll_factors"": [0, 0], ""range_warp_specializes"": [null, null]}",ok,19.45599913597107,0.08107352256774902,0
fp8_gemm,FP8_011,128x2048x2048,heldout,0,heuristics,0,b7f6301bcb68ff6b,"{""atomic_indexing"": [], ""block_sizes"": [128, 128, 64], ""indexing"": [""tensor_descriptor"", ""tensor_descriptor"", ""tensor_descriptor""], ""l2_groupings"": [1], ""load_eviction_policies"": ["""", """"], ""loop_orders"": [[0, 1]], ""num_stages"": 4, ""num_warps"": 8, ""pid_type"": ""flat"", ""range_flattens"": [null, null], ""range_multi_buffers"": [null, null], ""range_num_stages"": [0, 0], ""range_unroll_factors"": [0, 0], ""range_warp_specializes"": [null, null]}",ok,19.551999866962433,0.0634310245513916,0
fp8_gemm,FP8_011,128x2048x2048,heldout,0,heuristics,0,37e7bd0be14aca28,"{""atomic_indexing"": [], ""block_sizes"": [64, 64, 64], ""indexing"": [""pointer"", ""pointer"", ""pointer""], ""l2_groupings"": [4], ""load_eviction_policies"": ["""", """"], ""loop_orders"": [[0, 1]], ""num_sm_multiplier"": 1, ""num_stages"": 3, ""num_warps"": 4, ""pid_type"": ""persistent_interleaved"", ""range_flattens"": [null, null], ""range_multi_buffers"": [null, null], ""range_num_stages"": [0, 0], ""range_unroll_factors"": [0, 0], ""range_warp_specializes"": [null, null]}",ok,17.40800030529499,0.2596714496612549,0
fp8_gemm,FP8_011,128x2048x2048,heldout,0,heuristics,0,8d4c5a74be254a0b,"{""atomic_indexing"": [], ""block_sizes"": [128, 64, 32], ""indexing"": [""pointer"", ""pointer"", ""pointer""], ""l2_groupings"": [1], ""load_eviction_policies"": ["""", ""last""], ""loop_orders"": [[0, 1]], ""num_stages"": 2, ""num_warps"": 4, ""pid_type"": ""flat"", ""range_flattens"": [null, null], ""range_multi_buffers"": [null, null], ""range_num_stages"": [0, 0], ""range_unroll_factors"": [0, 0], ""range_warp_specializes"": [null, null]}",ok,49.34399947524071,0.23555254936218262,0
fp8_gemm,FP8_011,128x2048x2048,heldout,0,heuristics,0,d4b11b7e7e569376,"{""atomic_indexing"": [], ""block_sizes"": [64, 128, 32], ""epilogue_subtile"": 2, ""indexing"": [""pointer"", ""pointer"", ""pointer""], ""l2_groupings"": [1], ""load_eviction_policies"": ["""", """"], ""loop_orders"": [[0, 1]], ""num_sm_multiplier"": 1, ""num_stages"": 3, ""num_warps"": 8, ""pid_type"": ""persistent_blocked"", ""range_flattens"": [null, null], ""range_multi_buffers"": [null, null], ""range_num_stages"": [0, 0], ""range_unroll_factors"": [0, 0], ""range_warp_specializes"": [null, null]}",ok,27.744000777602196,0.2685568332672119,0
fp8_gemm,FP8_011,128x2048x2048,heldout,1,heuristics,0,fedd0752cdf4f071,"{""atomic_indexing"": [], ""block_sizes"": [128, 256, 64], ""indexing"": [""pointer"", ""pointer"", ""pointer""], ""l2_groupings"": [8], ""load_eviction_policies"": ["""", """"], ""loop_orders"": [[0, 1]], ""num_stages"": 5, ""num_warps"": 4, ""pid_type"": ""flat"", ""range_flattens"": [null, null], ""range_multi_buffers"": [null, null], ""range_num_stages"": [0, 0], ""range_unroll_factors"": [0, 0], ""range_warp_specializes"": [null, null]}",ok,15.424000099301338,0.0868825912475586,1
fp8_gemm,FP8_011,128x2048x2048,heldout,1,heuristics,0,2a4159de248005f4,"{""atomic_indexing"": [], ""block_sizes"": [16, 16, 32], ""indexing"": [""pointer"", ""pointer"", ""pointer""], ""l2_groupings"": [1], ""load_eviction_policies"": ["""", """"], ""loop_orders"": [[0, 1]], ""num_stages"": 1, ""num_warps"": 4, ""pid_type"": ""flat"", ""range_flattens"": [null, null], ""range_multi_buffers"": [null, null], ""range_num_stages"": [0, 0], ""range_unroll_factors"": [0, 0], ""range_warp_specializes"": [null, null]}",ok,64.44799900054932,0.0690922737121582,0
fp8_gemm,FP8_011,128x2048x2048,heldout,1,heuristics,0,ab8455cea6588f01,"{""atomic_indexing"": [], ""block_sizes"": [4, 256, 512], ""indexing"": [""pointer"", ""pointer"", ""pointer""], ""l2_groupings"": [4], ""load_eviction_policies"": [""last"", ""first""], ""loop_orders"": [[0, 1]], ""num_sm_multiplier"": 4, ""num_stages"": 2, ""num_warps"": 32, ""pid_type"": ""persistent_blocked"", ""range_flattens"": [true, null], ""range_multi_buffers"": [true, null], ""range_num_stages"": [0, 3], ""range_unroll_factors"": [0, 0], ""range_warp_specializes"": [true, null]}",error,inf,0.10395526885986328,0
fp8_gemm,FP8_011,128x2048x2048,heldout,1,heuristics,0,77794152b2e42bcc,"{""atomic_indexing"": [], ""block_sizes"": [32, 32, 32], ""epilogue_subtile"": 2, ""indexing"": [""pointer"", ""tensor_descriptor"", ""tensor_descriptor""], ""l2_groupings"": [64], ""load_eviction_policies"": [""last"", """"], ""loop_orders"": [[0, 1]], ""num_stages"": 6, ""num_warps"": 16, ""pid_type"": ""flat"", ""range_flattens"": [null, false], ""range_multi_buffers"": [null, true], ""range_num_stages"": [0, 2], ""range_unroll_factors"": [0, 3], ""range_warp_specializes"": [null, null]}",ok,52.25599929690361,0.04232597351074219,0
fp8_gemm,FP8_011,128x2048x2048,heldout,1,heuristics,0,1c5ef4842e8b96f9,"{""atomic_indexing"": [], ""block_sizes"": [2, 32, 32], ""indexing"": [""tensor_descriptor"", ""pointer"", ""tensor_descriptor""], ""l2_groupings"": [32], ""load_eviction_policies"": ["""", """"], ""loop_orders"": [[0, 1]], ""maxnreg"": 64, ""num_sm_multiplier"": 128, ""num_stages"": 4, ""num_warps"": 8, ""pid_type"": ""persistent_interleaved"", ""range_flattens"": [true, true], ""range_multi_buffers"": [false, false], ""range_num_stages"": [0, 2], ""range_unroll_factors"": [1, 0], ""range_warp_specializes"": [false, false]}",ok,283.6799919605255,0.03730440139770508,0
fp8_gemm,FP8_011,128x2048x2048,heldout,1,heuristics,0,a725e7fb330cd444,"{""atomic_indexing"": [], ""block_sizes"": [64, 128, 64], ""indexing"": [""pointer"", ""pointer"", ""pointer""], ""l2_groupings"": [1], ""load_eviction_policies"": ["""", """"], ""loop_orders"": [[0, 1]], ""num_stages"": 3, ""num_warps"": 4, ""pid_type"": ""flat"", ""range_flattens"": [null, null], ""range_multi_buffers"": [null, null], ""range_num_stages"": [0, 0], ""range_unroll_factors"": [0, 0], ""range_warp_specializes"": [null, null]}",ok,19.392000511288643,0.06873130798339844,0
fp8_gemm,FP8_011,128x2048x2048,heldout,1,heuristics,0,b7f6301bcb68ff6b,"{""atomic_indexing"": [], ""block_sizes"": [128, 128, 64], ""indexing"": [""tensor_descriptor"", ""tensor_descriptor"", ""tensor_descriptor""], ""l2_groupings"": [1], ""load_eviction_policies"": ["""", """"], ""loop_orders"": [[0, 1]], ""num_stages"": 4, ""num_warps"": 8, ""pid_type"": ""flat"", ""range_flattens"": [null, null], ""range_multi_buffers"": [null, null], ""range_num_stages"": [0, 0], ""range_unroll_factors"": [0, 0], ""range_warp_specializes"": [null, null]}",ok,19.519999623298645,0.05826425552368164,0
fp8_gemm,FP8_011,128x2048x2048,heldout,1,heuristics,0,783e8c34be12fdf6,"{""atomic_indexing"": [], ""block_sizes"": [64, 128, 64], ""indexing"": [""pointer"", ""pointer"", ""pointer""], ""l2_groupings"": [4], ""load_eviction_policies"": ["""", """"], ""loop_orders"": [[0, 1]], ""num_sm_multiplier"": 1, ""num_stages"": 3, ""num_warps"": 4, ""pid_type"": ""persistent_interleaved"", ""range_flattens"": [null, null], ""range_multi_buffers"": [null, null], ""range_num_stages"": [0, 0], ""range_unroll_factors"": [0, 0], ""range_warp_specializes"": [null, null]}",ok,19.42400075495243,0.042977094650268555,0
fp8_gemm,FP8_011,128x2048x2048,heldout,1,heuristics,0,5fed395b236f8b3e,"{""atomic_indexing"": [], ""block_sizes"": [128, 256, 64], ""epilogue_subtile"": 2, ""indexing"": [""pointer"", ""pointer"", ""pointer""], ""l2_groupings"": [1], ""load_eviction_policies"": [""first"", ""last""], ""loop_orders"": [[0, 1]], ""num_stages"": 4, ""num_warps"": 8, ""pid_type"": ""flat"", ""range_flattens"": [null, null], ""range_multi_buffers"": [null, null], ""range_num_stages"": [0, 0], ""range_unroll_factors"": [0, 0], ""range_warp_specializes"": [null, null]}",ok,17.44000054895878,0.035149574279785156,0
fp8_gemm,FP8_011,128x2048x2048,heldout,1,heuristics,0,d4d126b8b4e80dbe,"{""atomic_indexing"": [], ""block_sizes"": [64, 64, 32], ""indexing"": [""pointer"", ""pointer"", ""pointer""], ""l2_groupings"": [1], ""load_eviction_policies"": ["""", """"], ""loop_orders"": [[0, 1]], ""num_stages"": 2, ""num_warps"": 4, ""pid_type"": ""flat"", ""range_flattens"": [null, null], ""range_multi_buffers"": [null, null], ""range_num_stages"": [0, 0], ""range_unroll_factors"": [0, 0], ""range_warp_specializes"": [null, null]}",ok,46.112000942230225,0.03541922569274902,0
fp8_gemm,FP8_011,128x2048x2048,heldout,2,heuristics,0,fedd0752cdf4f071,"{""atomic_indexing"": [], ""block_sizes"": [128, 256, 64], ""indexing"": [""pointer"", ""pointer"", ""pointer""], ""l2_groupings"": [8], ""load_eviction_policies"": ["""", """"], ""loop_orders"": [[0, 1]], ""num_stages"": 5, ""num_warps"": 4, ""pid_type"": ""flat"", ""range_flattens"": [null, null], ""range_multi_buffers"": [null, null], ""range_num_stages"": [0, 0], ""range_unroll_factors"": [0, 0], ""range_warp_specializes"": [null, null]}",ok,15.424000099301338,3.8682823181152344,1
fp8_gemm,FP8_011,128x2048x2048,heldout,2,heuristics,0,2a4159de248005f4,"{""atomic_indexing"": [], ""block_sizes"": [16, 16, 32], ""indexing"": [""pointer"", ""pointer"", ""pointer""], ""l2_groupings"": [1], ""load_eviction_policies"": ["""", """"], ""loop_orders"": [[0, 1]], ""num_stages"": 1, ""num_warps"": 4, ""pid_type"": ""flat"", ""range_flattens"": [null, null], ""range_multi_buffers"": [null, null], ""range_num_stages"": [0, 0], ""range_unroll_factors"": [0, 0], ""range_warp_specializes"": [null, null]}",ok,64.44799900054932,3.8492019176483154,0
fp8_gemm,FP8_011,128x2048x2048,heldout,2,heuristics,0,ab8455cea6588f01,"{""atomic_indexing"": [], ""block_sizes"": [4, 256, 512], ""indexing"": [""pointer"", ""pointer"", ""pointer""], ""l2_groupings"": [4], ""load_eviction_policies"": [""last"", ""first""], ""loop_orders"": [[0, 1]], ""num_sm_multiplier"": 4, ""num_stages"": 2, ""num_warps"": 32, ""pid_type"": ""persistent_blocked"", ""range_flattens"": [true, null], ""range_multi_buffers"": [true, null], ""range_num_stages"": [0, 3], ""range_unroll_factors"": [0, 0], ""range_warp_specializes"": [true, null]}",error,inf,0.09520220756530762,0
fp8_gemm,FP8_011,128x2048x2048,heldout,2,heuristics,0,77794152b2e42bcc,"{""atomic_indexing"": [], ""block_sizes"": [32, 32, 32], ""epilogue_subtile"": 2, ""indexing"": [""pointer"", ""tensor_descriptor"", ""tensor_descriptor""], ""l2_groupings"": [64], ""load_eviction_policies"": [""last"", """"], ""loop_orders"": [[0, 1]], ""num_stages"": 6, ""num_warps"": 16, ""pid_type"": ""flat"", ""range_flattens"": [null, false], ""range_multi_buffers"": [null, true], ""range_num_stages"": [0, 2], ""range_unroll_factors"": [0, 3], ""range_warp_specializes"": [null, null]}",ok,52.22399905323982,3.824655055999756,0
fp8_gemm,FP8_011,128x2048x2048,heldout,2,heuristics,0,1c5ef4842e8b96f9,"{""atomic_indexing"": [], ""block_sizes"": [2, 32, 32], ""indexing"": [""tensor_descriptor"", ""pointer"", ""tensor_descriptor""], ""l2_groupings"": [32], ""load_eviction_policies"": ["""", """"], ""loop_orders"": [[0, 1]], ""maxnreg"": 64, ""num_sm_multiplier"": 128, ""num_stages"": 4, ""num_warps"": 8, ""pid_type"": ""persistent_interleaved"", ""range_flattens"": [true, true], ""range_multi_buffers"": [false, false], ""range_num_stages"": [0, 2], ""range_unroll_factors"": [1, 0], ""range_warp_specializes"": [false, false]}",ok,283.6640030145645,3.815995454788208,0
fp8_gemm,FP8_011,128x2048x2048,heldout,2,heuristics,0,a725e7fb330cd444,"{""atomic_indexing"": [], ""block_sizes"": [64, 128, 64], ""indexing"": [""pointer"", ""pointer"", ""pointer""], ""l2_groupings"": [1], ""load_eviction_policies"": ["""", """"], ""loop_orders"": [[0, 1]], ""num_stages"": 3, ""num_warps"": 4, ""pid_type"": ""flat"", ""range_flattens"": [null, null], ""range_multi_buffers"": [null, null], ""range_num_stages"": [0, 0], ""range_unroll_factors"": [0, 0], ""range_warp_specializes"": [null, null]}",ok,19.360000267624855,0.05538320541381836,0
fp8_gemm,FP8_011,128x2048x2048,heldout,2,heuristics,0,4eeb08b5d44fc1f2,"{""atomic_indexing"": [], ""block_sizes"": [128, 128, 64], ""indexing"": [""tensor_descriptor"", ""tensor_descriptor"", ""tensor_descriptor""], ""l2_groupings"": [1], ""load_eviction_policies"": ["""", """"], ""loop_orders"": [[0, 1]], ""maxnreg"": 128, ""num_sm_multiplier"": 1, ""num_stages"": 4, ""num_warps"": 8, ""pid_type"": ""persistent_blocked"", ""range_flattens"": [null, null], ""range_multi_buffers"": [null, null], ""range_num_stages"": [0, 0], ""range_unroll_factors"": [0, 0], ""range_warp_specializes"": [null, null]}",ok,21.344000473618507,0.2139270305633545,0
fp8_gemm,FP8_011,128x2048x2048,heldout,2,heuristics,0,68165b4f6685a2bf,"{""atomic_indexing"": [], ""block_sizes"": [64, 64, 64], ""indexing"": [""pointer"", ""pointer"", ""pointer""], ""l2_groupings"": [1], ""load_eviction_policies"": ["""", ""last""], ""loop_orders"": [[0, 1]], ""num_stages"": 3, ""num_warps"": 4, ""pid_type"": ""flat"", ""range_flattens"": [null, null], ""range_multi_buffers"": [null, null], ""range_num_stages"": [0, 0], ""range_unroll_factors"": [0, 0], ""range_warp_specializes"": [null, null]}",ok,17.44000054895878,0.23777294158935547,0
fp8_gemm,FP8_011,128x2048x2048,heldout,2,heuristics,0,c2749ca834117832,"{""atomic_indexing"": [], ""block_sizes"": [128, 64, 32], ""indexing"": [""pointer"", ""pointer"", ""pointer""], ""l2_groupings"": [4], ""load_eviction_policies"": ["""", """"], ""loop_orders"": [[0, 1]], ""num_sm_multiplier"": 1, ""num_stages"": 2, ""num_warps"": 4, ""pid_type"": ""persistent_interleaved"", ""range_flattens"": [null, null], ""range_multi_buffers"": [null, null], ""range_num_stages"": [0, 0], ""range_unroll_factors"": [0, 0], ""range_warp_specializes"": [null, null]}",ok,48.287998884916306,0.23510265350341797,0
fp8_gemm,FP8_011,128x2048x2048,heldout,2,heuristics,0,9118e90a232790d2,"{""atomic_indexing"": [], ""block_sizes"": [64, 128, 128], ""epilogue_subtile"": 2, ""indexing"": [""pointer"", ""pointer"", ""pointer""], ""l2_groupings"": [1], ""load_eviction_policies"": ["""", """"], ""loop_orders"": [[0, 1]], ""num_stages"": 4, ""num_warps"": 8, ""pid_type"": ""flat"", ""range_flattens"": [null, null], ""range_multi_buffers"": [null, true], ""range_num_stages"": [0, 0], ""range_unroll_factors"": [0, 0], ""range_warp_specializes"": [null, null]}",ok,13.248000293970108,0.2872908115386963,0
fp8_gemm,FP8_012,4096x4096x128,heldout,0,heuristics,0,beae352babf77c54,"{""atomic_indexing"": [], ""block_sizes"": [128, 128, 64], ""indexing"": [""pointer"", ""pointer"", ""pointer""], ""l2_groupings"": [16], ""load_eviction_policies"": ["""", """"], ""loop_orders"": [[0, 1]], ""num_stages"": 5, ""num_warps"": 4, ""pid_type"": ""flat"", ""range_flattens"": [null, null], ""range_multi_buffers"": [null, null], ""range_num_stages"": [0, 0], ""range_unroll_factors"": [0, 0], ""range_warp_specializes"": [null, null]}",ok,23.64799939095974,0.34287595748901367,1
fp8_gemm,FP8_012,4096x4096x128,heldout,0,heuristics,0,2a4159de248005f4,"{""atomic_indexing"": [], ""block_sizes"": [16, 16, 32], ""indexing"": [""pointer"", ""pointer"", ""pointer""], ""l2_groupings"": [1], ""load_eviction_policies"": ["""", """"], ""loop_orders"": [[0, 1]], ""num_stages"": 1, ""num_warps"": 4, ""pid_type"": ""flat"", ""range_flattens"": [null, null], ""range_multi_buffers"": [null, null], ""range_num_stages"": [0, 0], ""range_unroll_factors"": [0, 0], ""range_warp_specializes"": [null, null]}",ok,142.20799505710602,0.0381779670715332,0
fp8_gemm,FP8_012,4096x4096x128,heldout,0,heuristics,0,d3a45e693d21ea95,"{""atomic_indexing"": [], ""block_sizes"": [32, 32, 32], ""indexing"": [""pointer"", ""tensor_descriptor"", ""pointer""], ""l2_groupings"": [1], ""load_eviction_policies"": ["""", """"], ""loop_orders"": [[1, 0]], ""maxnreg"": 128, ""num_sm_multiplier"": 128, ""num_stages"": 1, ""num_warps"": 2, ""pid_type"": ""persistent_interleaved"", ""range_flattens"": [true, null], ""range_multi_buffers"": [true, null], ""range_num_stages"": [4, 1], ""range_unroll_factors"": [0, 1], ""range_warp_specializes"": [null, false]}",ok,123.9359974861145,0.15523505210876465,0
fp8_gemm,FP8_012,4096x4096x128,heldout,0,heuristics,0,23b21ad3f6fe0a59,"{""atomic_indexing"": [], ""block_sizes"": [32, 32, 32], ""epilogue_subtile"": 2, ""indexing"": [""pointer"", ""pointer"", ""tensor_descriptor""], ""l2_groupings"": [1], ""load_eviction_policies"": ["""", """"], ""loop_orders"": [[1, 0]], ""num_stages"": 1, ""num_warps"": 8, ""pid_type"": ""flat"", ""range_flattens"": [null, null], ""range_multi_buffers"": [null, true], ""range_num_stages"": [0, 4], ""range_unroll_factors"": [0, 2], ""range_warp_specializes"": [null, null]}",ok,150.59199929237366,0.18649840354919434,0
fp8_gemm,FP8_012,4096x4096x128,heldout,0,heuristics,0,623ee0f403a313f2,"{""atomic_indexing"": [], ""block_sizes"": [32, 2, 64], ""indexing"": [""pointer"", ""tensor_descriptor"", ""tensor_descriptor""], ""l2_groupings"": [64], ""load_eviction_policies"": [""last"", ""first""], ""loop_orders"": [[0, 1]], ""num_stages"": 7, ""num_warps"": 2, ""pid_type"": ""flat"", ""range_flattens"": [null, true], ""range_multi_buffers"": [null, false], ""range_num_stages"": [0, 4], ""range_unroll_factors"": [0, 0], ""range_warp_specializes"": [null, false]}",ok,269.27998661994934,0.15935683250427246,0
fp8_gemm,FP8_012,4096x4096x128,heldout,0,heuristics,0,98d0b656c3e73c5e,"{""atomic_indexing"": [], ""block_sizes"": [128, 128, 64], ""indexing"": [""pointer"", ""pointer"", ""pointer""], ""l2_groupings"": [1], ""load_eviction_policies"": ["""", """"], ""loop_orders"": [[0, 1]], ""num_stages"": 3, ""num_warps"": 8, ""pid_type"": ""flat"", ""range_flattens"": [null, null], ""range_multi_buffers"": [null, null], ""range_num_stages"": [0, 0], ""range_unroll_factors"": [0, 0], ""range_warp_specializes"": [null, null]}",ok,37.91999816894531,0.054854393005371094,0
fp8_gemm,FP8_012,4096x4096x128,heldout,0,heuristics,0,892801291dc8ea5b,"{""atomic_indexing"": [], ""block_sizes"": [64, 128, 64], ""indexing"": [""pointer"", ""pointer"", ""pointer""], ""l2_groupings"": [1], ""load_eviction_policies"": ["""", """"], ""loop_orders"": [[0, 1]], ""num_stages"": 4, ""num_warps"": 4, ""pid_type"": ""flat"", ""range_flattens"": [null, null], ""range_multi_buffers"": [null, null], ""range_num_stages"": [0, 0], ""range_unroll_factors"": [0, 0], ""range_warp_specializes"": [null, null]}",ok,25.50400048494339,0.0372922420501709,0
fp8_gemm,FP8_012,4096x4096x128,heldout,0,heuristics,0,577fcfd7d81303df,"{""atomic_indexing"": [], ""block_sizes"": [128, 64, 64], ""indexing"": [""pointer"", ""pointer"", ""pointer""], ""l2_groupings"": [4], ""load_eviction_policies"": ["""", """"], ""loop_orders"": [[0, 1]], ""num_sm_multiplier"": 1, ""num_stages"": 3, ""num_warps"": 8, ""pid_type"": ""persistent_blocked"", ""range_flattens"": [null, null], ""range_multi_buffers"": [null, null], ""range_num_stages"": [0, 0], ""range_unroll_factors"": [0, 0], ""range_warp_specializes"": [null, null]}",ok,37.856001406908035,0.21790194511413574,0
fp8_gemm,FP8_012,4096x4096x128,heldout,0,heuristics,0,a6c2a76e8b6c7137,"{""atomic_indexing"": [], ""block_sizes"": [256, 128, 64], ""indexing"": [""pointer"", ""pointer"", ""pointer""], ""l2_groupings"": [1], ""load_eviction_policies"": [""first"", ""first""], ""loop_orders"": [[0, 1]], ""num_stages"": 4, ""num_warps"": 8, ""pid_type"": ""flat"", ""range_flattens"": [null, null], ""range_multi_buffers"": [null, null], ""range_num_stages"": [0, 0], ""range_unroll_factors"": [0, 0], ""range_warp_specializes"": [null, null]}",ok,29.823999851942062,0.28365063667297363,0
fp8_gemm,FP8_012,4096x4096x128,heldout,0,heuristics,0,d4d126b8b4e80dbe,"{""atomic_indexing"": [], ""block_sizes"": [64, 64, 32], ""indexing"": [""pointer"", ""pointer"", ""pointer""], ""l2_groupings"": [1], ""load_eviction_policies"": ["""", """"], ""loop_orders"": [[0, 1]], ""num_stages"": 2, ""num_warps"": 4, ""pid_type"": ""flat"", ""range_flattens"": [null, null], ""range_multi_buffers"": [null, null], ""range_num_stages"": [0, 0], ""range_unroll_factors"": [0, 0], ""range_warp_specializes"": [null, null]}",ok,74.75200295448303,0.20207715034484863,0
fp8_gemm,FP8_012,4096x4096x128,heldout,1,heuristics,0,beae352babf77c54,"{""atomic_indexing"": [], ""block_sizes"": [128, 128, 64], ""indexing"": [""pointer"", ""pointer"", ""pointer""], ""l2_groupings"": [16], ""load_eviction_policies"": ["""", """"], ""loop_orders"": [[0, 1]], ""num_stages"": 5, ""num_warps"": 4, ""pid_type"": ""flat"", ""range_flattens"": [null, null], ""range_multi_buffers"": [null, null], ""range_num_stages"": [0, 0], ""range_unroll_factors"": [0, 0], ""range_warp_specializes"": [null, null]}",ok,23.615999147295952,0.03960013389587402,1
fp8_gemm,FP8_012,4096x4096x128,heldout,1,heuristics,0,2a4159de248005f4,"{""atomic_indexing"": [], ""block_sizes"": [16, 16, 32], ""indexing"": [""pointer"", ""pointer"", ""pointer""], ""l2_groupings"": [1], ""load_eviction_policies"": ["""", """"], ""loop_orders"": [[0, 1]], ""num_stages"": 1, ""num_warps"": 4, ""pid_type"": ""flat"", ""range_flattens"": [null, null], ""range_multi_buffers"": [null, null], ""range_num_stages"": [0, 0], ""range_unroll_factors"": [0, 0], ""range_warp_specializes"": [null, null]}",ok,141.4719969034195,0.032457828521728516,0
fp8_gemm,FP8_012,4096x4096x128,heldout,1,heuristics,0,d3a45e693d21ea95,"{""atomic_indexing"": [], ""block_sizes"": [32, 32, 32], ""indexing"": [""pointer"", ""tensor_descriptor"", ""pointer""], ""l2_groupings"": [1], ""load_eviction_policies"": ["""", """"], ""loop_orders"": [[1, 0]], ""maxnreg"": 128, ""num_sm_multiplier"": 128, ""num_stages"": 1, ""num_warps"": 2, ""pid_type"": ""persistent_interleaved"", ""range_flattens"": [true, null], ""range_multi_buffers"": [true, null], ""range_num_stages"": [4, 1], ""range_unroll_factors"": [0, 1], ""range_warp_specializes"": [null, false]}",ok,123.9359974861145,0.02392292022705078,0
fp8_gemm,FP8_012,4096x4096x128,heldout,1,heuristics,0,23b21ad3f6fe0a59,"{""atomic_indexing"": [], ""block_sizes"": [32, 32, 32], ""epilogue_subtile"": 2, ""indexing"": [""pointer"", ""pointer"", ""tensor_descriptor""], ""l2_groupings"": [1], ""load_eviction_policies"": ["""", """"], ""loop_orders"": [[1, 0]], ""num_stages"": 1, ""num_warps"": 8, ""pid_type"": ""flat"", ""range_flattens"": [null, null], ""range_multi_buffers"": [null, true], ""range_num_stages"": [0, 4], ""range_unroll_factors"": [0, 2], ""range_warp_specializes"": [null, null]}",ok,150.59199929237366,0.021061182022094727,0
fp8_gemm,FP8_012,4096x4096x128,heldout,1,heuristics,0,623ee0f403a313f2,"{""atomic_indexing"": [], ""block_sizes"": [32, 2, 64], ""indexing"": [""pointer"", ""tensor_descriptor"", ""tensor_descriptor""], ""l2_groupings"": [64], ""load_eviction_policies"": [""last"", ""first""], ""loop_orders"": [[0, 1]], ""num_stages"": 7, ""num_warps"": 2, ""pid_type"": ""flat"", ""range_flattens"": [null, true], ""range_multi_buffers"": [null, false], ""range_num_stages"": [0, 4], ""range_unroll_factors"": [0, 0], ""range_warp_specializes"": [null, false]}",ok,269.27998661994934,0.021445274353027344,0
fp8_gemm,FP8_012,4096x4096x128,heldout,1,heuristics,0,98d0b656c3e73c5e,"{""atomic_indexing"": [], ""block_sizes"": [128, 128, 64], ""indexing"": [""pointer"", ""pointer"", ""pointer""], ""l2_groupings"": [1], ""load_eviction_policies"": ["""", """"], ""loop_orders"": [[0, 1]], ""num_stages"": 3, ""num_warps"": 8, ""pid_type"": ""flat"", ""range_flattens"": [null, null], ""range_multi_buffers"": [null, null], ""range_num_stages"": [0, 0], ""range_unroll_factors"": [0, 0], ""range_warp_specializes"": [null, null]}",ok,37.88800165057182,0.06600737571716309,0
fp8_gemm,FP8_012,4096x4096x128,heldout,1,heuristics,0,892801291dc8ea5b,"{""atomic_indexing"": [], ""block_sizes"": [64, 128, 64], ""indexing"": [""pointer"", ""pointer"", ""pointer""], ""l2_groupings"": [1], ""load_eviction_policies"": ["""", """"], ""loop_orders"": [[0, 1]], ""num_stages"": 4, ""num_warps"": 4, ""pid_type"": ""flat"", ""range_flattens"": [null, null], ""range_multi_buffers"": [null, null], ""range_num_stages"": [0, 0], ""range_unroll_factors"": [0, 0], ""range_warp_specializes"": [null, null]}",ok,25.488000363111496,0.04903292655944824,0
fp8_gemm,FP8_012,4096x4096x128,heldout,1,heuristics,0,015f1aa24ef2e73c,"{""atomic_indexing"": [], ""block_sizes"": [128, 128, 32], ""indexing"": [""tensor_descriptor"", ""tensor_descriptor"", ""tensor_descriptor""], ""l2_groupings"": [1], ""load_eviction_policies"": ["""", """"], ""loop_orders"": [[0, 1]], ""num_sm_multiplier"": 1, ""num_stages"": 3, ""num_warps"": 8, ""pid_type"": ""persistent_blocked"", ""range_flattens"": [null, null], ""range_multi_buffers"": [null, null], ""range_num_stages"": [0, 0], ""range_unroll_factors"": [0, 0], ""range_warp_specializes"": [null, null]}",ok,54.368000477552414,0.03717231750488281,0
fp8_gemm,FP8_012,4096x4096x128,heldout,1,heuristics,0,88ef67c8ae87e217,"{""atomic_indexing"": [], ""block_sizes"": [256, 128, 64], ""epilogue_subtile"": 2, ""indexing"": [""pointer"", ""pointer"", ""pointer""], ""l2_groupings"": [1], ""load_eviction_policies"": [""first"", ""first""], ""loop_orders"": [[0, 1]], ""num_stages"": 4, ""num_warps"": 8, ""pid_type"": ""flat"", ""range_flattens"": [null, null], ""range_multi_buffers"": [null, null], ""range_num_stages"": [0, 0], ""range_unroll_factors"": [0, 0], ""range_warp_specializes"": [null, null]}",ok,31.647998839616776,0.03748059272766113,0
fp8_gemm,FP8_012,4096x4096x128,heldout,1,heuristics,0,e5dada4f43c27fb8,"{""atomic_indexing"": [], ""block_sizes"": [64, 64, 64], ""indexing"": [""pointer"", ""pointer"", ""pointer""], ""l2_groupings"": [1], ""load_eviction_policies"": ["""", """"], ""loop_orders"": [[0, 1]], ""num_stages"": 2, ""num_warps"": 4, ""pid_type"": ""flat"", ""range_flattens"": [null, null], ""range_multi_buffers"": [null, null], ""range_num_stages"": [0, 0], ""range_unroll_factors"": [0, 0], ""range_warp_specializes"": [null, null]}",ok,48.19199815392494,0.04762911796569824,0
fp8_gemm,FP8_012,4096x4096x128,heldout,2,heuristics,0,beae352babf77c54,"{""atomic_indexing"": [], ""block_sizes"": [128, 128, 64], ""indexing"": [""pointer"", ""pointer"", ""pointer""], ""l2_groupings"": [16], ""load_eviction_policies"": ["""", """"], ""loop_orders"": [[0, 1]], ""num_stages"": 5, ""num_warps"": 4, ""pid_type"": ""flat"", ""range_flattens"": [null, null], ""range_multi_buffers"": [null, null], ""range_num_stages"": [0, 0], ""range_unroll_factors"": [0, 0], ""range_warp_specializes"": [null, null]}",ok,23.64799939095974,0.05685687065124512,1
fp8_gemm,FP8_012,4096x4096x128,heldout,2,heuristics,0,2a4159de248005f4,"{""atomic_indexing"": [], ""block_sizes"": [16, 16, 32], ""indexing"": [""pointer"", ""pointer"", ""pointer""], ""l2_groupings"": [1], ""load_eviction_policies"": ["""", """"], ""loop_orders"": [[0, 1]], ""num_stages"": 1, ""num_warps"": 4, ""pid_type"": ""flat"", ""range_flattens"": [null, null], ""range_multi_buffers"": [null, null], ""range_num_stages"": [0, 0], ""range_unroll_factors"": [0, 0], ""range_warp_specializes"": [null, null]}",ok,142.2400027513504,0.039968252182006836,0
fp8_gemm,FP8_012,4096x4096x128,heldout,2,heuristics,0,d3a45e693d21ea95,"{""atomic_indexing"": [], ""block_sizes"": [32, 32, 32], ""indexing"": [""pointer"", ""tensor_descriptor"", ""pointer""], ""l2_groupings"": [1], ""load_eviction_policies"": ["""", """"], ""loop_orders"": [[1, 0]], ""maxnreg"": 128, ""num_sm_multiplier"": 128, ""num_stages"": 1, ""num_warps"": 2, ""pid_type"": ""persistent_interleaved"", ""range_flattens"": [true, null], ""range_multi_buffers"": [true, null], ""range_num_stages"": [4, 1], ""range_unroll_factors"": [0, 1], ""range_warp_specializes"": [null, false]}",ok,123.96799772977829,0.024078369140625,0
fp8_gemm,FP8_012,4096x4096x128,heldout,2,heuristics,0,23b21ad3f6fe0a59,"{""atomic_indexing"": [], ""block_sizes"": [32, 32, 32], ""epilogue_subtile"": 2, ""indexing"": [""pointer"", ""pointer"", ""tensor_descriptor""], ""l2_groupings"": [1], ""load_eviction_policies"": ["""", """"], ""loop_orders"": [[1, 0]], ""num_stages"": 1, ""num_warps"": 8, ""pid_type"": ""flat"", ""range_flattens"": [null, null], ""range_multi_buffers"": [null, true], ""range_num_stages"": [0, 4], ""range_unroll_factors"": [0, 2], ""range_warp_specializes"": [null, null]}",ok,150.59199929237366,0.023529052734375,0
fp8_gemm,FP8_012,4096x4096x128,heldout,2,heuristics,0,623ee0f403a313f2,"{""atomic_indexing"": [], ""block_sizes"": [32, 2, 64], ""indexing"": [""pointer"", ""tensor_descriptor"", ""tensor_descriptor""], ""l2_groupings"": [64], ""load_eviction_policies"": [""last"", ""first""], ""loop_orders"": [[0, 1]], ""num_stages"": 7, ""num_warps"": 2, ""pid_type"": ""flat"", ""range_flattens"": [null, true], ""range_multi_buffers"": [null, false], ""range_num_stages"": [0, 4], ""range_unroll_factors"": [0, 0], ""range_warp_specializes"": [null, false]}",ok,269.27998661994934,0.033651113510131836,0
fp8_gemm,FP8_012,4096x4096x128,heldout,2,heuristics,0,a725e7fb330cd444,"{""atomic_indexing"": [], ""block_sizes"": [64, 128, 64], ""indexing"": [""pointer"", ""pointer"", ""pointer""], ""l2_groupings"": [1], ""load_eviction_policies"": ["""", """"], ""loop_orders"": [[0, 1]], ""num_stages"": 3, ""num_warps"": 4, ""pid_type"": ""flat"", ""range_flattens"": [null, null], ""range_multi_buffers"": [null, null], ""range_num_stages"": [0, 0], ""range_unroll_factors"": [0, 0], ""range_warp_specializes"": [null, null]}",ok,35.77600046992302,0.26087021827697754,0
fp8_gemm,FP8_012,4096x4096x128,heldout,2,heuristics,0,64ca9b0a8ce451f8,"{""atomic_indexing"": [], ""block_sizes"": [128, 128, 64], ""indexing"": [""pointer"", ""pointer"", ""pointer""], ""l2_groupings"": [1], ""load_eviction_policies"": ["""", """"], ""loop_orders"": [[0, 1]], ""num_sm_multiplier"": 1, ""num_stages"": 3, ""num_warps"": 8, ""pid_type"": ""persistent_blocked"", ""range_flattens"": [null, null], ""range_multi_buffers"": [null, null], ""range_num_stages"": [0, 0], ""range_unroll_factors"": [0, 0], ""range_warp_specializes"": [null, null]}",ok,37.91999816894531,0.03986358642578125,0
fp8_gemm,FP8_012,4096x4096x128,heldout,2,heuristics,0,ef3936b2672057c6,"{""atomic_indexing"": [], ""block_sizes"": [32, 128, 64], ""indexing"": [""pointer"", ""pointer"", ""pointer""], ""l2_groupings"": [1], ""load_eviction_policies"": ["""", """"], ""loop_orders"": [[0, 1]], ""num_sm_multiplier"": 1, ""num_stages"": 4, ""num_warps"": 4, ""pid_type"": ""persistent_interleaved"", ""range_flattens"": [null, null], ""range_multi_buffers"": [null, null], ""range_num_stages"": [0, 0], ""range_unroll_factors"": [0, 0], ""range_warp_specializes"": [null, null]}",ok,31.775999814271927,0.2408454418182373,0
fp8_gemm,FP8_012,4096x4096x128,heldout,2,heuristics,0,32e79824ed4d8364,"{""atomic_indexing"": [], ""block_sizes"": [64, 128, 128], ""indexing"": [""tensor_descriptor"", ""tensor_descriptor"", ""tensor_descriptor""], ""l2_groupings"": [1], ""load_eviction_policies"": ["""", """"], ""loop_orders"": [[0, 1]], ""num_stages"": 3, ""num_warps"": 8, ""pid_type"": ""flat"", ""range_flattens"": [null, null], ""range_multi_buffers"": [null, null], ""range_num_stages"": [0, 0], ""range_unroll_factors"": [0, 0], ""range_warp_specializes"": [null, null]}",ok,25.696000084280968,0.027263641357421875,0
fp8_gemm,FP8_012,4096x4096x128,heldout,2,heuristics,0,b560006f2162e336,"{""atomic_indexing"": [], ""block_sizes"": [128, 128, 32], ""indexing"": [""pointer"", ""pointer"", ""pointer""], ""l2_groupings"": [1], ""load_eviction_policies"": [""first"", ""first""], ""loop_orders"": [[0, 1]], ""num_stages"": 4, ""num_warps"": 8, ""pid_type"": ""flat"", ""range_flattens"": [null, null], ""range_multi_buffers"": [null, null], ""range_num_stages"": [0, 0], ""range_unroll_factors"": [0, 0], ""range_warp_specializes"": [null, null]}",ok,42.01599955558777,0.21152520179748535,0
