kernel,shape_id,shape_label,split,repeat,arm,generation,config_hash,config,status,perf_ms,compile_time_s,seeded_by_heuristic
matmul,MM_001,256x256x256,train,0,heuristics,0,862031b0b5ae7122,"{""atomic_indexing"": [], ""block_sizes"": [32, 64, 128], ""indexing"": [""pointer"", ""pointer"", ""pointer""], ""l2_groupings"": [1], ""load_eviction_policies"": ["""", """"], ""loop_orders"": [[0, 1]], ""num_stages"": 5, ""num_warps"": 4, ""pid_type"": ""flat"", ""range_flattens"": [null, null], ""range_multi_buffers"": [null, null], ""range_num_stages"": [0, 0], ""range_unroll_factors"": [0, 0], ""range_warp_specializes"": [null, null]}",ok,7.23200011998415,0.20563745498657227,1
matmul,MM_001,256x256x256,train,0,heuristics,0,7d0aff38f0ba9fdd,"{""atomic_indexing"": [], ""block_sizes"": [16, 16, 16], ""indexing"": [""pointer"", ""pointer"", ""pointer""], ""l2_groupings"": [1], ""load_eviction_policies"": ["""", """"], ""loop_orders"": [[0, 1]], ""num_stages"": 1, ""num_warps"": 4, ""pid_type"": ""flat"", ""range_flattens"": [null, null], ""range_multi_buffers"": [null, null], ""range_num_stages"": [0, 0], ""range_unroll_factors"": [0, 0], ""range_warp_specializes"": [null, null]}",ok,15.32800029963255,0.0332183837890625,0
matmul,MM_001,256x256x256,train,0,heuristics,0,cdbd06d326616714,"{""atomic_indexing"": [], ""block_sizes"": [4, 16, 16], ""indexing"": [""pointer"", ""tensor_descriptor"", ""pointer""], ""l2_groupings"": [16], ""load_eviction_policies"": [""first"", """"], ""loop_orders"": [[1, 0]], ""num_stages"": 8, ""num_warps"": 4, ""pid_type"": ""flat"", ""range_flattens"": [null, null], ""range_multi_buffers"": [null, null], ""range_num_stages"": [0, 0], ""range_unroll_factors"": [0, 0], ""range_warp_specializes"": [null, true]}",ok,56.28800019621849,0.12944579124450684,0
matmul,MM_001,256x256x256,train,0,heuristics,0,d2d67801ad30424f,"{""atomic_indexing"": [], ""block_sizes"": [8, 4, 32], ""indexing"": [""pointer"", ""tensor_descriptor"", ""tensor_descriptor""], ""l2_groupings"": [16], ""load_eviction_policies"": [""last"", ""last""], ""loop_orders"": [[1, 0]], ""maxnreg"": 128, ""num_sm_multiplier"": 32, ""num_stages"": 2, ""num_warps"": 2, ""pid_type"": ""persistent_blocked"", ""range_flattens"": [false, null], ""range_multi_buffers"": [false, null], ""range_num_stages"": [0, 0], ""range_unroll_factors"": [0, 0], ""range_warp_specializes"": [false, false]}",ok,13.344000093638897,0.1134185791015625,0
matmul,MM_001,256x256x256,train,0,heuristics,0,7dcfcccef97bbf92,"{""atomic_indexing"": [], ""block_sizes"": [16, 4, 16], ""indexing"": [""tensor_descriptor"", ""tensor_descriptor"", ""tensor_descriptor""], ""l2_groupings"": [2], ""load_eviction_policies"": [""first"", ""first""], ""loop_orders"": [[1, 0]], ""maxnreg"": 64, ""num_sm_multiplier"": 8, ""num_stages"": 2, ""num_warps"": 4, ""pid_type"": ""persistent_interleaved"", ""range_flattens"": [null, false], ""range_multi_buffers"": [true, true], ""range_num_stages"": [0, 0], ""range_unroll_factors"": [0, 0], ""range_warp_specializes"": [null, true]}",ok,29.664000496268272,0.1344153881072998,0
matmul,MM_001,256x256x256,train,0,heuristics,0,331468133066d661,"{""atomic_indexing"": [], ""block_sizes"": [64, 64, 32], ""indexing"": [""pointer"", ""pointer"", ""pointer""], ""l2_groupings"": [1], ""load_eviction_policies"": ["""", """"], ""loop_orders"": [[0, 1]], ""num_stages"": 3, ""num_warps"": 4, ""pid_type"": ""flat"", ""range_flattens"": [null, null], ""range_multi_buffers"": [null, null], ""range_num_stages"": [0, 0], ""range_unroll_factors"": [0, 0], ""range_warp_specializes"": [null, null]}",ok,10.239999741315842,0.0456385612487793,0
matmul,MM_001,256x256x256,train,0,heuristics,0,015f1aa24ef2e73c,"{""atomic_indexing"": [], ""block_sizes"": [128, 128, 32], ""indexing"": [""tensor_descriptor"", ""tensor_descriptor"", ""tensor_descriptor""], ""l2_groupings"": [1], ""load_eviction_policies"": ["""", """"], ""loop_orders"": [[0, 1]], ""num_sm_multiplier"": 1, ""num_stages"": 3, ""num_warps"": 8, ""pid_type"": ""persistent_blocked"", ""range_flattens"": [null, null], ""range_multi_buffers"": [null, null], ""range_num_stages"": [0, 0], ""range_unroll_factors"": [0, 0], ""range_warp_specializes"": [null, null]}",ok,13.376000337302685,0.032212018966674805,0
matmul,MM_001,256x256x256,train,0,heuristics,0,054204e7c7bb8c10,"{""atomic_indexing"": [], ""block_sizes"": [64, 128, 64], ""indexing"": [""pointer"", ""pointer"", ""pointer""], ""l2_groupings"": [1], ""load_eviction_policies"": ["""", """"], ""loop_orders"": [[0, 1]], ""num_stages"": 4, ""num_warps"": 4, ""pid_type"": ""flat"", ""range_flattens"": [null, null], ""range_multi_buffers"": [null, true], ""range_num_stages"": [0, 0], ""range_unroll_factors"": [0, 0], ""range_warp_specializes"": [null, null]}",ok,9.184000082314014,0.021071672439575195,0
matmul,MM_001,256x256x256,train,0,heuristics,0,f3283367110980de,"{""atomic_indexing"": [], ""block_sizes"": [128, 64, 32], ""indexing"": [""pointer"", ""pointer"", ""pointer""], ""l2_groupings"": [4], ""load_eviction_policies"": ["""", """"], ""loop_orders"": [[0, 1]], ""num_sm_multiplier"": 1, ""num_stages"": 3, ""num_warps"": 8, ""pid_type"": ""persistent_interleaved"", ""range_flattens"": [null, null], ""range_multi_buffers"": [null, null], ""range_num_stages"": [0, 0], ""range_unroll_factors"": [0, 0], ""range_warp_specializes"": [null, null]}",ok,11.19999960064888,0.022027015686035156,0
matmul,MM_001,256x256x256,train,0,heuristics,0,688d007483fd2862,"{""atomic_indexing"": [], ""block_sizes"": [128, 128, 64], ""indexing"": [""tensor_descriptor"", ""tensor_descriptor"", ""tensor_descriptor""], ""l2_groupings"": [1], ""load_eviction_policies"": [""last"", ""last""], ""loop_orders"": [[0, 1]], ""num_stages"": 4, ""num_warps"": 8, ""pid_type"": ""flat"", ""range_flattens"": [null, null], ""range_multi_buffers"": [null, null], ""range_num_stages"": [0, 0], ""range_unroll_factors"": [0, 0], ""range_warp_specializes"": [null, null]}",ok,13.183999806642532,0.1539006233215332,0
matmul,MM_001,256x256x256,train,1,heuristics,0,862031b0b5ae7122,"{""atomic_indexing"": [], ""block_sizes"": [32, 64, 128], ""indexing"": [""pointer"", ""pointer"", ""pointer""], ""l2_groupings"": [1], ""load_eviction_policies"": ["""", """"], ""loop_orders"": [[0, 1]], ""num_stages"": 5, ""num_warps"": 4, ""pid_type"": ""flat"", ""range_flattens"": [null, null], ""range_multi_buffers"": [null, null], ""range_num_stages"": [0, 0], ""range_unroll_factors"": [0, 0], ""range_warp_specializes"": [null, null]}",ok,7.2480000089854,0.03393149375915527,1
matmul,MM_001,256x256x256,train,1,heuristics,0,7d0aff38f0ba9fdd,"{""atomic_indexing"": [], ""block_sizes"": [16, 16, 16], ""indexing"": [""pointer"", ""pointer"", ""pointer""], ""l2_groupings"": [1], ""load_eviction_policies"": ["""", """"], ""loop_orders"": [[0, 1]], ""num_stages"": 1, ""num_warps"": 4, ""pid_type"": ""flat"", ""range_flattens"": [null, null], ""range_multi_buffers"": [null, null], ""range_num_stages"": [0, 0], ""range_unroll_factors"": [0, 0], ""range_warp_specializes"": [null, null]}",ok,15.296000055968761,0.02737736701965332,0
matmul,MM_001,256x256x256,train,1,heuristics,0,cdbd06d326616714,"{""atomic_indexing"": [], ""block_sizes"": [4, 16, 16], ""indexing"": [""pointer"", ""tensor_descriptor"", ""pointer""], ""l2_groupings"": [16], ""load_eviction_policies"": [""first"", """"], ""loop_orders"": [[1, 0]], ""num_stages"": 8, ""num_warps"": 4, ""pid_type"": ""flat"", ""range_flattens"": [null, null], ""range_multi_buffers"": [null, null], ""range_num_stages"": [0, 0], ""range_unroll_factors"": [0, 0], ""range_warp_specializes"": [null, true]}",ok,56.2559999525547,0.02110743522644043,0
matmul,MM_001,256x256x256,train,1,heuristics,0,d2d67801ad30424f,"{""atomic_indexing"": [], ""block_sizes"": [8, 4, 32], ""indexing"": [""pointer"", ""tensor_descriptor"", ""tensor_descriptor""], ""l2_groupings"": [16], ""load_eviction_policies"": [""last"", ""last""], ""loop_orders"": [[1, 0]], ""maxnreg"": 128, ""num_sm_multiplier"": 32, ""num_stages"": 2, ""num_warps"": 2, ""pid_type"": ""persistent_blocked"", ""range_flattens"": [false, null], ""range_multi_buffers"": [false, null], ""range_num_stages"": [0, 0], ""range_unroll_factors"": [0, 0], ""range_warp_specializes"": [false, false]}",ok,13.344000093638897,0.029869794845581055,0
matmul,MM_001,256x256x256,train,1,heuristics,0,7dcfcccef97bbf92,"{""atomic_indexing"": [], ""block_sizes"": [16, 4, 16], ""indexing"": [""tensor_descriptor"", ""tensor_descriptor"", ""tensor_descriptor""], ""l2_groupings"": [2], ""load_eviction_policies"": [""first"", ""first""], ""loop_orders"": [[1, 0]], ""maxnreg"": 64, ""num_sm_multiplier"": 8, ""num_stages"": 2, ""num_warps"": 4, ""pid_type"": ""persistent_interleaved"", ""range_flattens"": [null, false], ""range_multi_buffers"": [true, true], ""range_num_stages"": [0, 0], ""range_unroll_factors"": [0, 0], ""range_warp_specializes"": [null, true]}",ok,29.632000252604485,0.029698610305786133,0
matmul,MM_001,256x256x256,train,1,heuristics,0,331468133066d661,"{""atomic_indexing"": [], ""block_sizes"": [64, 64, 32], ""indexing"": [""pointer"", ""pointer"", ""pointer""], ""l2_groupings"": [1], ""load_eviction_policies"": ["""", """"], ""loop_orders"": [[0, 1]], ""num_stages"": 3, ""num_warps"": 4, ""pid_type"": ""flat"", ""range_flattens"": [null, null], ""range_multi_buffers"": [null, null], ""range_num_stages"": [0, 0], ""range_unroll_factors"": [0, 0], ""range_warp_specializes"": [null, null]}",ok,10.239999741315842,0.05994153022766113,0
matmul,MM_001,256x256x256,train,1,heuristics,0,4f4f9459c1f0c006,"{""atomic_indexing"": [], ""block_sizes"": [128, 128, 32], ""indexing"": [""tensor_descriptor"", ""tensor_descriptor"", ""tensor_descriptor""], ""l2_groupings"": [1], ""load_eviction_policies"": ["""", """"], ""loop_orders"": [[0, 1]], ""num_stages"": 3, ""num_warps"": 8, ""pid_type"": ""flat"", ""range_flattens"": [null, null], ""range_multi_buffers"": [null, null], ""range_num_stages"": [0, 0], ""range_unroll_factors"": [0, 0], ""range_warp_specializes"": [null, null]}",ok,13.376000337302685,0.045487403869628906,0
matmul,MM_001,256x256x256,train,1,heuristics,0,105f9e4a378e01a7,"{""atomic_indexing"": [], ""block_sizes"": [64, 128, 64], ""indexing"": [""pointer"", ""pointer"", ""pointer""], ""l2_groupings"": [4], ""load_eviction_policies"": ["""", """"], ""loop_orders"": [[0, 1]], ""num_sm_multiplier"": 1, ""num_stages"": 4, ""num_warps"": 4, ""pid_type"": ""persistent_interleaved"", ""range_flattens"": [null, null], ""range_multi_buffers"": [null, null], ""range_num_stages"": [0, 0], ""range_unroll_factors"": [0, 0], ""range_warp_specializes"": [null, null]}",ok,9.184000082314014,0.03339743614196777,0
matmul,MM_001,256x256x256,train,1,heuristics,0,e3e952266eafb51b,"{""atomic_indexing"": [], ""block_sizes"": [128, 64, 32], ""indexing"": [""pointer"", ""pointer"", ""pointer""], ""l2_groupings"": [1], ""load_eviction_policies"": ["""", """"], ""loop_orders"": [[0, 1]], ""num_stages"": 3, ""num_warps"": 8, ""pid_type"": ""flat"", ""range_flattens"": [null, null], ""range_multi_buffers"": [null, true], ""range_num_stages"": [0, 0], ""range_unroll_factors"": [0, 0], ""range_warp_specializes"": [null, null]}",ok,11.19999960064888,0.024187803268432617,0
matmul,MM_001,256x256x256,train,1,heuristics,0,021952382e2dfd13,"{""atomic_indexing"": [], ""block_sizes"": [128, 128, 64], ""indexing"": [""tensor_descriptor"", ""tensor_descriptor"", ""tensor_descriptor""], ""l2_groupings"": [2], ""load_eviction_policies"": ["""", """"], ""loop_orders"": [[0, 1]], ""num_sm_multiplier"": 1, ""num_stages"": 4, ""num_warps"": 8, ""pid_type"": ""persistent_blocked"", ""range_flattens"": [null, null], ""range_multi_buffers"": [null, null], ""range_num_stages"": [0, 0], ""range_unroll_factors"": [0, 0], ""range_warp_specializes"": [null, null]}",ok,12.44799979031086,0.03312420845031738,0
matmul,MM_001,256x256x256,train,2,heuristics,0,862031b0b5ae7122,"{""atomic_indexing"": [], ""block_sizes"": [32, 64, 128], ""indexing"": [""pointer"", ""pointer"", ""pointer""], ""l2_groupings"": [1], ""load_eviction_policies"": ["""", """"], ""loop_orders"": [[0, 1]], ""num_stages"": 5, ""num_warps"": 4, ""pid_type"": ""flat"", ""range_flattens"": [null, null], ""range_multi_buffers"": [null, null], ""range_num_stages"": [0, 0], ""range_unroll_factors"": [0, 0], ""range_warp_specializes"": [null, null]}",ok,7.199999876320362,0.05790114402770996,1
matmul,MM_001,256x256x256,train,2,heuristics,0,7d0aff38f0ba9fdd,"{""atomic_indexing"": [], ""block_sizes"": [16, 16, 16], ""indexing"": [""pointer"", ""pointer"", ""pointer""], ""l2_groupings"": [1], ""load_eviction_policies"": ["""", """"], ""loop_orders"": [[0, 1]], ""num_stages"": 1, ""num_warps"": 4, ""pid_type"": ""flat"", ""range_flattens"": [null, null], ""range_multi_buffers"": [null, null], ""range_num_stages"": [0, 0], ""range_unroll_factors"": [0, 0], ""range_warp_specializes"": [null, null]}",ok,15.296000055968761,0.04391670227050781,0
matmul,MM_001,256x256x256,train,2,heuristics,0,cdbd06d326616714,"{""atomic_indexing"": [], ""block_sizes"": [4, 16, 16], ""indexing"": [""pointer"", ""tensor_descriptor"", ""pointer""], ""l2_groupings"": [16], ""load_eviction_policies"": [""first"", """"], ""loop_orders"": [[1, 0]], ""num_stages"": 8, ""num_warps"": 4, ""pid_type"": ""flat"", ""range_flattens"": [null, null], ""range_multi_buffers"": [null, null], ""range_num_stages"": [0, 0], ""range_unroll_factors"": [0, 0], ""range_warp_specializes"": [null, true]}",ok,56.2559999525547,0.03275775909423828,0
matmul,MM_001,256x256x256,train,2,heuristics,0,d2d67801ad30424f,"{""atomic_indexing"": [], ""block_sizes"": [8, 4, 32], ""indexing"": [""pointer"", ""tensor_descriptor"", ""tensor_descriptor""], ""l2_groupings"": [16], ""load_eviction_policies"": [""last"", ""last""], ""loop_orders"": [[1, 0]], ""maxnreg"": 128, ""num_sm_multiplier"": 32, ""num_stages"": 2, ""num_warps"": 2, ""pid_type"": ""persistent_blocked"", ""range_flattens"": [false, null], ""range_multi_buffers"": [false, null], ""range_num_stages"": [0, 0], ""range_unroll_factors"": [0, 0], ""range_warp_specializes"": [false, false]}",ok,13.344000093638897,0.03965163230895996,0
matmul,MM_001,256x256x256,train,2,heuristics,0,7dcfcccef97bbf92,"{""atomic_indexing"": [], ""block_sizes"": [16, 4, 16], ""indexing"": [""tensor_descriptor"", ""tensor_descriptor"", ""tensor_descriptor""], ""l2_groupings"": [2], ""load_eviction_policies"": [""first"", ""first""], ""loop_orders"": [[1, 0]], ""maxnreg"": 64, ""num_sm_multiplier"": 8, ""num_stages"": 2, ""num_warps"": 4, ""pid_type"": ""persistent_interleaved"", ""range_flattens"": [null, false], ""range_multi_buffers"": [true, true], ""range_num_stages"": [0, 0], ""range_unroll_factors"": [0, 0], ""range_warp_specializes"": [null, true]}",ok,29.664000496268272,0.030089378356933594,0
matmul,MM_001,256x256x256,train,2,heuristics,0,331468133066d661,"{""atomic_indexing"": [], ""block_sizes"": [64, 64, 32], ""indexing"": [""pointer"", ""pointer"", ""pointer""], ""l2_groupings"": [1], ""load_eviction_policies"": ["""", """"], ""loop_orders"": [[0, 1]], ""num_stages"": 3, ""num_warps"": 4, ""pid_type"": ""flat"", ""range_flattens"": [null, null], ""range_multi_buffers"": [null, null], ""range_num_stages"": [0, 0], ""range_unroll_factors"": [0, 0], ""range_warp_specializes"": [null, null]}",ok,10.33599954098463,0.047010183334350586,0
matmul,MM_001,256x256x256,train,2,heuristics,0,7f6b503323abbc40,"{""atomic_indexing"": [], ""block_sizes"": [128, 128, 32], ""indexing"": [""tensor_descriptor"", ""tensor_descriptor"", ""tensor_descriptor""], ""l2_groupings"": [1], ""load_eviction_policies"": ["""", """"], ""loop_orders"": [[0, 1]], ""num_sm_multiplier"": 1, ""num_stages"": 4, ""num_warps"": 8, ""pid_type"": ""persistent_blocked"", ""range_flattens"": [null, null], ""range_multi_buffers"": [null, null], ""range_num_stages"": [0, 0], ""range_unroll_factors"": [0, 0], ""range_warp_specializes"": [null, null]}",ok,13.279999606311321,0.033115386962890625,0
matmul,MM_001,256x256x256,train,2,heuristics,0,176b40a12e297828,"{""atomic_indexing"": [], ""block_sizes"": [64, 128, 64], ""indexing"": [""pointer"", ""pointer"", ""pointer""], ""l2_groupings"": [4], ""load_eviction_policies"": ["""", """"], ""loop_orders"": [[0, 1]], ""num_stages"": 3, ""num_warps"": 8, ""pid_type"": ""flat"", ""range_flattens"": [null, null], ""range_multi_buffers"": [null, null], ""range_num_stages"": [0, 0], ""range_unroll_factors"": [0, 0], ""range_warp_specializes"": [null, null]}",ok,9.247999638319016,0.22072792053222656,0
matmul,MM_001,256x256x256,train,2,heuristics,0,0ffb378a8b4f8934,"{""atomic_indexing"": [], ""block_sizes"": [128, 64, 32], ""indexing"": [""pointer"", ""pointer"", ""pointer""], ""l2_groupings"": [1], ""load_eviction_policies"": ["""", """"], ""loop_orders"": [[0, 1]], ""num_sm_multiplier"": 1, ""num_stages"": 3, ""num_warps"": 4, ""pid_type"": ""persistent_interleaved"", ""range_flattens"": [null, null], ""range_multi_buffers"": [true, null], ""range_num_stages"": [0, 0], ""range_unroll_factors"": [0, 0], ""range_warp_specializes"": [null, null]}",ok,11.19999960064888,0.20262432098388672,0
matmul,MM_001,256x256x256,train,2,heuristics,0,e559e2f79b18af30,"{""atomic_indexing"": [], ""block_sizes"": [128, 128, 64], ""indexing"": [""pointer"", ""pointer"", ""pointer""], ""l2_groupings"": [1], ""load_eviction_policies"": [""first"", ""first""], ""loop_orders"": [[0, 1]], ""num_stages"": 4, ""num_warps"": 8, ""pid_type"": ""flat"", ""range_flattens"": [null, null], ""range_multi_buffers"": [null, null], ""range_num_stages"": [0, 0], ""range_unroll_factors"": [0, 0], ""range_warp_specializes"": [null, null]}",ok,9.279999881982803,0.22524333000183105,0
matmul,MM_002,512x512x512,train,0,heuristics,0,862031b0b5ae7122,"{""atomic_indexing"": [], ""block_sizes"": [32, 64, 128], ""indexing"": [""pointer"", ""pointer"", ""pointer""], ""l2_groupings"": [1], ""load_eviction_policies"": ["""", """"], ""loop_orders"": [[0, 1]], ""num_stages"": 5, ""num_warps"": 4, ""pid_type"": ""flat"", ""range_flattens"": [null, null], ""range_multi_buffers"": [null, null], ""range_num_stages"": [0, 0], ""range_unroll_factors"": [0, 0], ""range_warp_specializes"": [null, null]}",ok,9.151999838650227,0.21170282363891602,1
matmul,MM_002,512x512x512,train,0,heuristics,0,7d0aff38f0ba9fdd,"{""atomic_indexing"": [], ""block_sizes"": [16, 16, 16], ""indexing"": [""pointer"", ""pointer"", ""pointer""], ""l2_groupings"": [1], ""load_eviction_policies"": ["""", """"], ""loop_orders"": [[0, 1]], ""num_stages"": 1, ""num_warps"": 4, ""pid_type"": ""flat"", ""range_flattens"": [null, null], ""range_multi_buffers"": [null, null], ""range_num_stages"": [0, 0], ""range_unroll_factors"": [0, 0], ""range_warp_specializes"": [null, null]}",ok,26.72000043094158,0.048407793045043945,0
matmul,MM_002,512x512x512,train,0,heuristics,0,de6b205815021582,"{""atomic_indexing"": [], ""block_sizes"": [8, 16, 16], ""indexing"": [""pointer"", ""tensor_descriptor"", ""pointer""], ""l2_groupings"": [16], ""load_eviction_policies"": [""first"", """"], ""loop_orders"": [[1, 0]], ""num_stages"": 8, ""num_warps"": 4, ""pid_type"": ""flat"", ""range_flattens"": [null, null], ""range_multi_buffers"": [null, null], ""range_num_stages"": [0, 0], ""range_unroll_factors"": [0, 0], ""range_warp_specializes"": [null, true]}",ok,180.35200238227844,0.1304154396057129,0
matmul,MM_002,512x512x512,train,0,heuristics,0,925785f3faa59528,"{""atomic_indexing"": [], ""block_sizes"": [16, 8, 16], ""indexing"": [""pointer"", ""tensor_descriptor"", ""tensor_descriptor""], ""l2_groupings"": [16], ""load_eviction_policies"": [""last"", ""last""], ""loop_orders"": [[1, 0]], ""maxnreg"": 128, ""num_sm_multiplier"": 32, ""num_stages"": 2, ""num_warps"": 2, ""pid_type"": ""persistent_blocked"", ""range_flattens"": [false, null], ""range_multi_buffers"": [false, null], ""range_num_stages"": [0, 0], ""range_unroll_factors"": [0, 0], ""range_warp_specializes"": [false, false]}",ok,35.87200120091438,0.12050819396972656,0
matmul,MM_002,512x512x512,train,0,heuristics,0,2c7dd9668dcb04bf,"{""atomic_indexing"": [], ""block_sizes"": [16, 8, 16], ""indexing"": [""tensor_descriptor"", ""tensor_descriptor"", ""tensor_descriptor""], ""l2_groupings"": [2], ""load_eviction_policies"": [""first"", ""first""], ""loop_orders"": [[1, 0]], ""maxnreg"": 64, ""num_sm_multiplier"": 8, ""num_stages"": 2, ""num_warps"": 4, ""pid_type"": ""persistent_interleaved"", ""range_flattens"": [null, false], ""range_multi_buffers"": [true, true], ""range_num_stages"": [0, 0], ""range_unroll_factors"": [0, 0], ""range_warp_specializes"": [null, true]}",ok,55.456001311540604,0.13756585121154785,0
matmul,MM_002,512x512x512,train,0,heuristics,0,98d0b656c3e73c5e,"{""atomic_indexing"": [], ""block_sizes"": [128, 128, 64], ""indexing"": [""pointer"", ""pointer"", ""pointer""], ""l2_groupings"": [1], ""load_eviction_policies"": ["""", """"], ""loop_orders"": [[0, 1]], ""num_stages"": 3, ""num_warps"": 8, ""pid_type"": ""flat"", ""range_flattens"": [null, null], ""range_multi_buffers"": [null, null], ""range_num_stages"": [0, 0], ""range_unroll_factors"": [0, 0], ""range_warp_specializes"": [null, null]}",ok,11.264000087976456,0.044086456298828125,0
matmul,MM_002,512x512x512,train,0,heuristics,0,bd921237dddbe5c8,"{""atomic_indexing"": [], ""block_sizes"": [64, 128, 64], ""indexing"": [""tensor_descriptor"", ""tensor_descriptor"", ""tensor_descriptor""], ""l2_groupings"": [1], ""load_eviction_policies"": ["""", """"], ""loop_orders"": [[0, 1]], ""num_sm_multiplier"": 1, ""num_stages"": 4, ""num_warps"": 4, ""pid_type"": ""persistent_blocked"", ""range_flattens"": [null, null], ""range_multi_buffers"": [null, null], ""range_num_stages"": [0, 0], ""range_unroll_factors"": [0, 0], ""range_warp_specializes"": [null, null]}",ok,13.376000337302685,0.1788332462310791,0
matmul,MM_002,512x512x512,train,0,heuristics,0,a1e8c6a8c1a45e19,"{""atomic_indexing"": [], ""block_sizes"": [128, 256, 64], ""indexing"": [""pointer"", ""pointer"", ""pointer""], ""l2_groupings"": [4], ""load_eviction_policies"": ["""", """"], ""loop_orders"": [[0, 1]], ""num_stages"": 4, ""num_warps"": 8, ""pid_type"": ""flat"", ""range_flattens"": [null, null], ""range_multi_buffers"": [null, null], ""range_num_stages"": [0, 0], ""range_unroll_factors"": [0, 0], ""range_warp_specializes"": [null, null]}",ok,13.21600005030632,0.2903585433959961,0
matmul,MM_002,512x512x512,train,0,heuristics,0,d334246795a56058,"{""atomic_indexing"": [], ""block_sizes"": [128, 128, 32], ""indexing"": [""pointer"", ""pointer"", ""pointer""], ""l2_groupings"": [8], ""load_eviction_policies"": ["""", """"], ""loop_orders"": [[0, 1]], ""num_sm_multiplier"": 1, ""num_stages"": 3, ""num_warps"": 8, ""pid_type"": ""persistent_interleaved"", ""range_flattens"": [null, null], ""range_multi_buffers"": [null, null], ""range_num_stages"": [0, 0], ""range_unroll_factors"": [0, 0], ""range_warp_specializes"": [null, null]}",ok,15.296000055968761,0.20923256874084473,0
matmul,MM_002,512x512x512,train,0,heuristics,0,d4d126b8b4e80dbe,"{""atomic_indexing"": [], ""block_sizes"": [64, 64, 32], ""indexing"": [""pointer"", ""pointer"", ""pointer""], ""l2_groupings"": [1], ""load_eviction_policies"": ["""", """"], ""loop_orders"": [[0, 1]], ""num_stages"": 2, ""num_warps"": 4, ""pid_type"": ""flat"", ""range_flattens"": [null, null], ""range_multi_buffers"": [null, null], ""range_num_stages"": [0, 0], ""range_unroll_factors"": [0, 0], ""range_warp_specializes"": [null, null]}",ok,19.42400075495243,0.02201223373413086,0
matmul,MM_002,512x512x512,train,1,heuristics,0,862031b0b5ae7122,"{""atomic_indexing"": [], ""block_sizes"": [32, 64, 128], ""indexing"": [""pointer"", ""pointer"", ""pointer""], ""l2_groupings"": [1], ""load_eviction_policies"": ["""", """"], ""loop_orders"": [[0, 1]], ""num_stages"": 5, ""num_warps"": 4, ""pid_type"": ""flat"", ""range_flattens"": [null, null], ""range_multi_buffers"": [null, null], ""range_num_stages"": [0, 0], ""range_unroll_factors"": [0, 0], ""range_warp_specializes"": [null, null]}",ok,9.184000082314014,0.0556950569152832,1
matmul,MM_002,512x512x512,train,1,heuristics,0,7d0aff38f0ba9fdd,"{""atomic_indexing"": [], ""block_sizes"": [16, 16, 16], ""indexing"": [""pointer"", ""pointer"", ""pointer""], ""l2_groupings"": [1], ""load_eviction_policies"": ["""", """"], ""loop_orders"": [[0, 1]], ""num_stages"": 1, ""num_warps"": 4, ""pid_type"": ""flat"", ""range_flattens"": [null, null], ""range_multi_buffers"": [null, null], ""range_num_stages"": [0, 0], ""range_unroll_factors"": [0, 0], ""range_warp_specializes"": [null, null]}",ok,26.72000043094158,0.044428348541259766,0
matmul,MM_002,512x512x512,train,1,heuristics,0,de6b205815021582,"{""atomic_indexing"": [], ""block_sizes"": [8, 16, 16], ""indexing"": [""pointer"", ""tensor_descriptor"", ""pointer""], ""l2_groupings"": [16], ""load_eviction_policies"": [""first"", """"], ""loop_orders"": [[1, 0]], ""num_stages"": 8, ""num_warps"": 4, ""pid_type"": ""flat"", ""range_flattens"": [null, null], ""range_multi_buffers"": [null, null], ""range_num_stages"": [0, 0], ""range_unroll_factors"": [0, 0], ""range_warp_specializes"": [null, true]}",ok,180.39999902248383,0.0342562198638916,0
matmul,MM_002,512x512x512,train,1,heuristics,0,925785f3faa59528,"{""atomic_indexing"": [], ""block_sizes"": [16, 8, 16], ""indexing"": [""pointer"", ""tensor_descriptor"", ""tensor_descriptor""], ""l2_groupings"": [16], ""load_eviction_policies"": [""last"", ""last""], ""loop_orders"": [[1, 0]], ""maxnreg"": 128, ""num_sm_multiplier"": 32, ""num_stages"": 2, ""num_warps"": 2, ""pid_type"": ""persistent_blocked"", ""range_flattens"": [false, null], ""range_multi_buffers"": [false, null], ""range_num_stages"": [0, 0], ""range_unroll_factors"": [0, 0], ""range_warp_specializes"": [false, false]}",ok,35.87200120091438,0.03942060470581055,0
matmul,MM_002,512x512x512,train,1,heuristics,0,2c7dd9668dcb04bf,"{""atomic_indexing"": [], ""block_sizes"": [16, 8, 16], ""indexing"": [""tensor_descriptor"", ""tensor_descriptor"", ""tensor_descriptor""], ""l2_groupings"": [2], ""load_eviction_policies"": [""first"", ""first""], ""loop_orders"": [[1, 0]], ""maxnreg"": 64, ""num_sm_multiplier"": 8, ""num_stages"": 2, ""num_warps"": 4, ""pid_type"": ""persistent_interleaved"", ""range_flattens"": [null, false], ""range_multi_buffers"": [true, true], ""range_num_stages"": [0, 0], ""range_unroll_factors"": [0, 0], ""range_warp_specializes"": [null, true]}",ok,56.15999922156334,0.029987573623657227,0
matmul,MM_002,512x512x512,train,1,heuristics,0,98d0b656c3e73c5e,"{""atomic_indexing"": [], ""block_sizes"": [128, 128, 64], ""indexing"": [""pointer"", ""pointer"", ""pointer""], ""l2_groupings"": [1], ""load_eviction_policies"": ["""", """"], ""loop_orders"": [[0, 1]], ""num_stages"": 3, ""num_warps"": 8, ""pid_type"": ""flat"", ""range_flattens"": [null, null], ""range_multi_buffers"": [null, null], ""range_num_stages"": [0, 0], ""range_unroll_factors"": [0, 0], ""range_warp_specializes"": [null, null]}",ok,11.296000331640244,0.05566096305847168,0
matmul,MM_002,512x512x512,train,1,heuristics,0,892801291dc8ea5b,"{""atomic_indexing"": [], ""block_sizes"": [64, 128, 64], ""indexing"": [""pointer"", ""pointer"", ""pointer""], ""l2_groupings"": [1], ""load_eviction_policies"": ["""", """"], ""loop_orders"": [[0, 1]], ""num_stages"": 4, ""num_warps"": 4, ""pid_type"": ""flat"", ""range_flattens"": [null, null], ""range_multi_buffers"": [null, null], ""range_num_stages"": [0, 0], ""range_unroll_factors"": [0, 0], ""range_warp_specializes"": [null, null]}",ok,10.239999741315842,0.04268598556518555,0
matmul,MM_002,512x512x512,train,1,heuristics,0,07adc60e45f77c0b,"{""atomic_indexing"": [], ""block_sizes"": [128, 256, 32], ""indexing"": [""tensor_descriptor"", ""tensor_descriptor"", ""tensor_descriptor""], ""l2_groupings"": [4], ""load_eviction_policies"": ["""", """"], ""loop_orders"": [[0, 1]], ""num_sm_multiplier"": 1, ""num_stages"": 3, ""num_warps"": 8, ""pid_type"": ""persistent_blocked"", ""range_flattens"": [null, null], ""range_multi_buffers"": [null, null], ""range_num_stages"": [0, 0], ""range_unroll_factors"": [0, 0], ""range_warp_specializes"": [null, null]}",ok,19.42400075495243,0.1989150047302246,0
matmul,MM_002,512x512x512,train,1,heuristics,0,c1cb5b81fc0bec84,"{""atomic_indexing"": [], ""block_sizes"": [128, 128, 32], ""indexing"": [""pointer"", ""pointer"", ""pointer""], ""l2_groupings"": [2], ""load_eviction_policies"": [""first"", ""last""], ""loop_orders"": [[0, 1]], ""num_sm_multiplier"": 1, ""num_stages"": 4, ""num_warps"": 8, ""pid_type"": ""persistent_interleaved"", ""range_flattens"": [null, null], ""range_multi_buffers"": [null, null], ""range_num_stages"": [0, 0], ""range_unroll_factors"": [0, 0], ""range_warp_specializes"": [null, null]}",ok,13.248000293970108,0.21083879470825195,0
matmul,MM_002,512x512x512,train,1,heuristics,0,d4d126b8b4e80dbe,"{""atomic_indexing"": [], ""block_sizes"": [64, 64, 32], ""indexing"": [""pointer"", ""pointer"", ""pointer""], ""l2_groupings"": [1], ""load_eviction_policies"": ["""", """"], ""loop_orders"": [[0, 1]], ""num_stages"": 2, ""num_warps"": 4, ""pid_type"": ""flat"", ""range_flattens"": [null, null], ""range_multi_buffers"": [null, null], ""range_num_stages"": [0, 0], ""range_unroll_factors"": [0, 0], ""range_warp_specializes"": [null, null]}",ok,19.42400075495243,0.04038357734680176,0
matmul,MM_002,512x512x512,train,2,heuristics,0,862031b0b5ae7122,"{""atomic_indexing"": [], ""block_sizes"": [32, 64, 128], ""indexing"": [""pointer"", ""pointer"", ""pointer""], ""l2_groupings"": [1], ""load_eviction_policies"": ["""", """"], ""loop_orders"": [[0, 1]], ""num_stages"": 5, ""num_warps"": 4, ""pid_type"": ""flat"", ""range_flattens"": [null, null], ""range_multi_buffers"": [null, null], ""range_num_stages"": [0, 0], ""range_unroll_factors"": [0, 0], ""range_warp_specializes"": [null, null]}",ok,9.151999838650227,0.0561070442199707,1
matmul,MM_002,512x512x512,train,2,heuristics,0,7d0aff38f0ba9fdd,"{""atomic_indexing"": [], ""block_sizes"": [16, 16, 16], ""indexing"": [""pointer"", ""pointer"", ""pointer""], ""l2_groupings"": [1], ""load_eviction_policies"": ["""", """"], ""loop_orders"": [[0, 1]], ""num_stages"": 1, ""num_warps"": 4, ""pid_type"": ""flat"", ""range_flattens"": [null, null], ""range_multi_buffers"": [null, null], ""range_num_stages"": [0, 0], ""range_unroll_factors"": [0, 0], ""range_warp_specializes"": [null, null]}",ok,26.72000043094158,0.044327497482299805,0
matmul,MM_002,512x512x512,train,2,heuristics,0,de6b205815021582,"{""atomic_indexing"": [], ""block_sizes"": [8, 16, 16], ""indexing"": [""pointer"", ""tensor_descriptor"", ""pointer""], ""l2_groupings"": [16], ""load_eviction_policies"": [""first"", """"], ""loop_orders"": [[1, 0]], ""num_stages"": 8, ""num_warps"": 4, ""pid_type"": ""flat"", ""range_flattens"": [null, null], ""range_multi_buffers"": [null, null], ""range_num_stages"": [0, 0], ""range_unroll_factors"": [0, 0], ""range_warp_specializes"": [null, true]}",ok,180.4479956626892,0.03217625617980957,0
matmul,MM_002,512x512x512,train,2,heuristics,0,925785f3faa59528,"{""atomic_indexing"": [], ""block_sizes"": [16, 8, 16], ""indexing"": [""pointer"", ""tensor_descriptor"", ""tensor_descriptor""], ""l2_groupings"": [16], ""load_eviction_policies"": [""last"", ""last""], ""loop_orders"": [[1, 0]], ""maxnreg"": 128, ""num_sm_multiplier"": 32, ""num_stages"": 2, ""num_warps"": 2, ""pid_type"": ""persistent_blocked"", ""range_flattens"": [false, null], ""range_multi_buffers"": [false, null], ""range_num_stages"": [0, 0], ""range_unroll_factors"": [0, 0], ""range_warp_specializes"": [false, false]}",ok,35.90400144457817,0.029433488845825195,0
matmul,MM_002,512x512x512,train,2,heuristics,0,2c7dd9668dcb04bf,"{""atomic_indexing"": [], ""block_sizes"": [16, 8, 16], ""indexing"": [""tensor_descriptor"", ""tensor_descriptor"", ""tensor_descriptor""], ""l2_groupings"": [2], ""load_eviction_policies"": [""first"", ""first""], ""loop_orders"": [[1, 0]], ""maxnreg"": 64, ""num_sm_multiplier"": 8, ""num_stages"": 2, ""num_warps"": 4, ""pid_type"": ""persistent_interleaved"", ""range_flattens"": [null, false], ""range_multi_buffers"": [true, true], ""range_num_stages"": [0, 0], ""range_unroll_factors"": [0, 0], ""range_warp_specializes"": [null, true]}",ok,56.223999708890915,0.021248817443847656,0
matmul,MM_002,512x512x512,train,2,heuristics,0,98d0b656c3e73c5e,"{""atomic_indexing"": [], ""block_sizes"": [128, 128, 64], ""indexing"": [""pointer"", ""pointer"", ""pointer""], ""l2_groupings"": [1], ""load_eviction_policies"": ["""", """"], ""loop_orders"": [[0, 1]], ""num_stages"": 3, ""num_warps"": 8, ""pid_type"": ""flat"", ""range_flattens"": [null, null], ""range_multi_buffers"": [null, null], ""range_num_stages"": [0, 0], ""range_unroll_factors"": [0, 0], ""range_warp_specializes"": [null, null]}",ok,11.296000331640244,0.03477644920349121,0
matmul,MM_002,512x512x512,train,2,heuristics,0,892801291dc8ea5b,"{""atomic_indexing"": [], ""block_sizes"": [64, 128, 64], ""indexing"": [""pointer"", ""pointer"", ""pointer""], ""l2_groupings"": [1], ""load_eviction_policies"": ["""", """"], ""loop_orders"": [[0, 1]], ""num_stages"": 4, ""num_warps"": 4, ""pid_type"": ""flat"", ""range_flattens"": [null, null], ""range_multi_buffers"": [null, null], ""range_num_stages"": [0, 0], ""range_unroll_factors"": [0, 0], ""range_warp_specializes"": [null, null]}",ok,10.463999584317207,0.027533769607543945,0
matmul,MM_002,512x512x512,train,2,heuristics,0,65beac1e09900d94,"{""atomic_indexing"": [], ""block_sizes"": [128, 256, 64], ""indexing"": [""tensor_descriptor"", ""tensor_descriptor"", ""tensor_descriptor""], ""l2_groupings"": [4], ""load_eviction_policies"": ["""", """"], ""loop_orders"": [[0, 1]], ""num_sm_multiplier"": 1, ""num_stages"": 3, ""num_warps"": 8, ""pid_type"": ""persistent_blocked"", ""range_flattens"": [null, null], ""range_multi_buffers"": [null, null], ""range_num_stages"": [0, 0], ""range_unroll_factors"": [0, 0], ""range_warp_specializes"": [null, null]}",ok,15.39199985563755,0.20714020729064941,0
matmul,MM_002,512x512x512,train,2,heuristics,0,770972ab1a23d567,"{""atomic_indexing"": [], ""block_sizes"": [128, 128, 32], ""indexing"": [""pointer"", ""pointer"", ""pointer""], ""l2_groupings"": [8], ""load_eviction_policies"": [""first"", ""first""], ""loop_orders"": [[0, 1]], ""num_sm_multiplier"": 1, ""num_stages"": 4, ""num_warps"": 8, ""pid_type"": ""persistent_interleaved"", ""range_flattens"": [null, null], ""range_multi_buffers"": [null, null], ""range_num_stages"": [0, 0], ""range_unroll_factors"": [0, 0], ""range_warp_specializes"": [null, null]}",ok,13.248000293970108,0.21254396438598633,0
matmul,MM_002,512x512x512,train,2,heuristics,0,d4d126b8b4e80dbe,"{""atomic_indexing"": [], ""block_sizes"": [64, 64, 32], ""indexing"": [""pointer"", ""pointer"", ""pointer""], ""l2_groupings"": [1], ""load_eviction_policies"": ["""", """"], ""loop_orders"": [[0, 1]], ""num_stages"": 2, ""num_warps"": 4, ""pid_type"": ""flat"", ""range_flattens"": [null, null], ""range_multi_buffers"": [null, null], ""range_num_stages"": [0, 0], ""range_unroll_factors"": [0, 0], ""range_warp_specializes"": [null, null]}",ok,19.42400075495243,0.030631065368652344,0
matmul,MM_003,1024x1024x1024,train,0,heuristics,0,eeb5e5e3250f759a,"{""atomic_indexing"": [], ""block_sizes"": [64, 128, 64], ""indexing"": [""pointer"", ""pointer"", ""pointer""], ""l2_groupings"": [4], ""load_eviction_policies"": ["""", """"], ""loop_orders"": [[0, 1]], ""num_stages"": 6, ""num_warps"": 4, ""pid_type"": ""flat"", ""range_flattens"": [null, null], ""range_multi_buffers"": [null, null], ""range_num_stages"": [0, 0], ""range_unroll_factors"": [0, 0], ""range_warp_specializes"": [null, null]}",ok,11.327999643981457,0.31620049476623535,1
matmul,MM_003,1024x1024x1024,train,0,heuristics,0,7d0aff38f0ba9fdd,"{""atomic_indexing"": [], ""block_sizes"": [16, 16, 16], ""indexing"": [""pointer"", ""pointer"", ""pointer""], ""l2_groupings"": [1], ""load_eviction_policies"": ["""", """"], ""loop_orders"": [[0, 1]], ""num_stages"": 1, ""num_warps"": 4, ""pid_type"": ""flat"", ""range_flattens"": [null, null], ""range_multi_buffers"": [null, null], ""range_num_stages"": [0, 0], ""range_unroll_factors"": [0, 0], ""range_warp_specializes"": [null, null]}",ok,94.27200257778168,0.03516697883605957,0
matmul,MM_003,1024x1024x1024,train,0,heuristics,0,f9636b516f5ee45f,"{""atomic_indexing"": [], ""block_sizes"": [16, 16, 16], ""indexing"": [""pointer"", ""tensor_descriptor"", ""pointer""], ""l2_groupings"": [16], ""load_eviction_policies"": [""first"", """"], ""loop_orders"": [[1, 0]], ""num_stages"": 8, ""num_warps"": 4, ""pid_type"": ""flat"", ""range_flattens"": [null, null], ""range_multi_buffers"": [null, null], ""range_num_stages"": [0, 0], ""range_unroll_factors"": [0, 0], ""range_warp_specializes"": [null, true]}",ok,291.80800914764404,0.15253162384033203,0
matmul,MM_003,1024x1024x1024,train,0,heuristics,0,0b00e6df87e6d68c,"{""atomic_indexing"": [], ""block_sizes"": [16, 16, 16], ""epilogue_subtile"": 2, ""indexing"": [""pointer"", ""tensor_descriptor"", ""tensor_descriptor""], ""l2_groupings"": [16], ""load_eviction_policies"": [""last"", ""last""], ""loop_orders"": [[1, 0]], ""maxnreg"": 128, ""num_sm_multiplier"": 32, ""num_stages"": 2, ""num_warps"": 2, ""pid_type"": ""persistent_blocked"", ""range_flattens"": [false, null], ""range_multi_buffers"": [false, null], ""range_num_stages"": [0, 0], ""range_unroll_factors"": [0, 0], ""range_warp_specializes"": [false, false]}",ok,108.64000022411346,0.127610445022583,0
matmul,MM_003,1024x1024x1024,train,0,heuristics,0,99b16046e6a2df72,"{""atomic_indexing"": [], ""block_sizes"": [16, 16, 16], ""indexing"": [""tensor_descriptor"", ""tensor_descriptor"", ""pointer""], ""l2_groupings"": [4], ""load_eviction_policies"": [""first"", """"], ""loop_orders"": [[0, 1]], ""maxnreg"": 32, ""num_sm_multiplier"": 128, ""num_stages"": 7, ""num_warps"": 32, ""pid_type"": ""persistent_blocked"", ""range_flattens"": [true, null], ""range_multi_buffers"": [false, false], ""range_num_stages"": [0, 0], ""range_unroll_factors"": [0, 0], ""range_warp_specializes"": [true, null]}",error,inf,0.1512441635131836,0
matmul,MM_003,1024x1024x1024,train,0,heuristics,0,98d0b656c3e73c5e,"{""atomic_indexing"": [], ""block_sizes"": [128, 128, 64], ""indexing"": [""pointer"", ""pointer"", ""pointer""], ""l2_groupings"": [1], ""load_eviction_policies"": ["""", """"], ""loop_orders"": [[0, 1]], ""num_stages"": 3, ""num_warps"": 8, ""pid_type"": ""flat"", ""range_flattens"": [null, null], ""range_multi_buffers"": [null, null], ""range_num_stages"": [0, 0], ""range_unroll_factors"": [0, 0], ""range_warp_specializes"": [null, null]}",ok,15.424000099301338,0.03367948532104492,0
matmul,MM_003,1024x1024x1024,train,0,heuristics,0,98d4f311ecb381a6,"{""atomic_indexing"": [], ""block_sizes"": [64, 128, 64], ""indexing"": [""tensor_descriptor"", ""tensor_descriptor"", ""tensor_descriptor""], ""l2_groupings"": [4], ""load_eviction_policies"": ["""", """"], ""loop_orders"": [[0, 1]], ""num_sm_multiplier"": 1, ""num_stages"": 4, ""num_warps"": 4, ""pid_type"": ""persistent_blocked"", ""range_flattens"": [null, null], ""range_multi_buffers"": [null, null], ""range_num_stages"": [0, 0], ""range_unroll_factors"": [0, 0], ""range_warp_specializes"": [null, null]}",ok,15.424000099301338,0.02660822868347168,0
matmul,MM_003,1024x1024x1024,train,0,heuristics,0,f87db14a8f5e0abc,"{""atomic_indexing"": [], ""block_sizes"": [128, 256, 64], ""indexing"": [""pointer"", ""pointer"", ""pointer""], ""l2_groupings"": [8], ""load_eviction_policies"": ["""", ""first""], ""loop_orders"": [[0, 1]], ""maxnreg"": 128, ""num_sm_multiplier"": 1, ""num_stages"": 3, ""num_warps"": 8, ""pid_type"": ""persistent_interleaved"", ""range_flattens"": [null, null], ""range_multi_buffers"": [true, true], ""range_num_stages"": [0, 0], ""range_unroll_factors"": [0, 0], ""range_warp_specializes"": [null, null]}",ok,17.40800030529499,0.26004815101623535,0
matmul,MM_003,1024x1024x1024,train,0,heuristics,0,2e0049752ee7e9c6,"{""atomic_indexing"": [], ""block_sizes"": [128, 128, 32], ""epilogue_subtile"": 2, ""indexing"": [""pointer"", ""pointer"", ""pointer""], ""l2_groupings"": [4], ""load_eviction_policies"": ["""", """"], ""loop_orders"": [[0, 1]], ""num_stages"": 4, ""num_warps"": 4, ""pid_type"": ""flat"", ""range_flattens"": [null, null], ""range_multi_buffers"": [null, null], ""range_num_stages"": [0, 0], ""range_unroll_factors"": [0, 0], ""range_warp_specializes"": [null, null]}",ok,17.40800030529499,0.28495335578918457,0
matmul,MM_003,1024x1024x1024,train,0,heuristics,0,d4d126b8b4e80dbe,"{""atomic_indexing"": [], ""block_sizes"": [64, 64, 32], ""indexing"": [""pointer"", ""pointer"", ""pointer""], ""l2_groupings"": [1], ""load_eviction_policies"": ["""", """"], ""loop_orders"": [[0, 1]], ""num_stages"": 2, ""num_warps"": 4, ""pid_type"": ""flat"", ""range_flattens"": [null, null], ""range_multi_buffers"": [null, null], ""range_num_stages"": [0, 0], ""range_unroll_factors"": [0, 0], ""range_warp_specializes"": [null, null]}",ok,31.775999814271927,0.02167201042175293,0
matmul,MM_003,1024x1024x1024,train,1,heuristics,0,eeb5e5e3250f759a,"{""atomic_indexing"": [], ""block_sizes"": [64, 128, 64], ""indexing"": [""pointer"", ""pointer"", ""pointer""], ""l2_groupings"": [4], ""load_eviction_policies"": ["""", """"], ""loop_orders"": [[0, 1]], ""num_stages"": 6, ""num_warps"": 4, ""pid_type"": ""flat"", ""range_flattens"": [null, null], ""range_multi_buffers"": [null, null], ""range_num_stages"": [0, 0], ""range_unroll_factors"": [0, 0], ""range_warp_specializes"": [null, null]}",ok,11.296000331640244,0.035828590393066406,1
matmul,MM_003,1024x1024x1024,train,1,heuristics,0,7d0aff38f0ba9fdd,"{""atomic_indexing"": [], ""block_sizes"": [16, 16, 16], ""indexing"": [""pointer"", ""pointer"", ""pointer""], ""l2_groupings"": [1], ""load_eviction_policies"": ["""", """"], ""loop_orders"": [[0, 1]], ""num_stages"": 1, ""num_warps"": 4, ""pid_type"": ""flat"", ""range_flattens"": [null, null], ""range_multi_buffers"": [null, null], ""range_num_stages"": [0, 0], ""range_unroll_factors"": [0, 0], ""range_warp_specializes"": [null, null]}",ok,94.24000233411789,0.029034852981567383,0
matmul,MM_003,1024x1024x1024,train,1,heuristics,0,f9636b516f5ee45f,"{""atomic_indexing"": [], ""block_sizes"": [16, 16, 16], ""indexing"": [""pointer"", ""tensor_descriptor"", ""pointer""], ""l2_groupings"": [16], ""load_eviction_policies"": [""first"", """"], ""loop_orders"": [[1, 0]], ""num_stages"": 8, ""num_warps"": 4, ""pid_type"": ""flat"", ""range_flattens"": [null, null], ""range_multi_buffers"": [null, null], ""range_num_stages"": [0, 0], ""range_unroll_factors"": [0, 0], ""range_warp_specializes"": [null, true]}",ok,291.80800914764404,0.021719694137573242,0
matmul,MM_003,1024x1024x1024,train,1,heuristics,0,0b00e6df87e6d68c,"{""atomic_indexing"": [], ""block_sizes"": [16, 16, 16], ""epilogue_subtile"": 2, ""indexing"": [""pointer"", ""tensor_descriptor"", ""tensor_descriptor""], ""l2_groupings"": [16], ""load_eviction_policies"": [""last"", ""last""], ""loop_orders"": [[1, 0]], ""maxnreg"": 128, ""num_sm_multiplier"": 32, ""num_stages"": 2, ""num_warps"": 2, ""pid_type"": ""persistent_blocked"", ""range_flattens"": [false, null], ""range_multi_buffers"": [false, null], ""range_num_stages"": [0, 0], ""range_unroll_factors"": [0, 0], ""range_warp_specializes"": [false, false]}",ok,108.60799998044968,0.018589019775390625,0
matmul,MM_003,1024x1024x1024,train,1,heuristics,0,99b16046e6a2df72,"{""atomic_indexing"": [], ""block_sizes"": [16, 16, 16], ""indexing"": [""tensor_descriptor"", ""tensor_descriptor"", ""pointer""], ""l2_groupings"": [4], ""load_eviction_policies"": [""first"", """"], ""loop_orders"": [[0, 1]], ""maxnreg"": 32, ""num_sm_multiplier"": 128, ""num_stages"": 7, ""num_warps"": 32, ""pid_type"": ""persistent_blocked"", ""range_flattens"": [true, null], ""range_multi_buffers"": [false, false], ""range_num_stages"": [0, 0], ""range_unroll_factors"": [0, 0], ""range_warp_specializes"": [true, null]}",error,inf,0.0195770263671875,0
matmul,MM_003,1024x1024x1024,train,1,heuristics,0,c959c35020e66fce,"{""atomic_indexing"": [], ""block_sizes"": [128, 128, 64], ""indexing"": [""pointer"", ""pointer"", ""pointer""], ""l2_groupings"": [1], ""load_eviction_policies"": ["""", """"], ""loop_orders"": [[0, 1]], ""num_stages"": 3, ""num_warps"": 4, ""pid_type"": ""flat"", ""range_flattens"": [null, null], ""range_multi_buffers"": [null, null], ""range_num_stages"": [0, 0], ""range_unroll_factors"": [0, 0], ""range_warp_specializes"": [null, null]}",ok,15.424000099301338,0.28502702713012695,0
matmul,MM_003,1024x1024x1024,train,1,heuristics,0,bc6be527cbb91d5f,"{""atomic_indexing"": [], ""block_sizes"": [64, 128, 64], ""indexing"": [""pointer"", ""pointer"", ""pointer""], ""l2_groupings"": [4], ""load_eviction_policies"": ["""", """"], ""loop_orders"": [[0, 1]], ""num_stages"": 4, ""num_warps"": 4, ""pid_type"": ""flat"", ""range_flattens"": [null, null], ""range_multi_buffers"": [null, null], ""range_num_stages"": [0, 0], ""range_unroll_factors"": [0, 0], ""range_warp_specializes"": [null, null]}",ok,13.248000293970108,0.26789307594299316,0
matmul,MM_003,1024x1024x1024,train,1,heuristics,0,eb75e0d0a73ad5e8,"{""atomic_indexing"": [], ""block_sizes"": [128, 256, 64], ""indexing"": [""tensor_descriptor"", ""tensor_descriptor"", ""tensor_descriptor""], ""l2_groupings"": [1], ""load_eviction_policies"": ["""", """"], ""loop_orders"": [[0, 1]], ""maxnreg"": 256, ""num_sm_multiplier"": 1, ""num_stages"": 3, ""num_warps"": 8, ""pid_type"": ""persistent_interleaved"", ""range_flattens"": [null, null], ""range_multi_buffers"": [null, null], ""range_num_stages"": [0, 0], ""range_unroll_factors"": [0, 0], ""range_warp_specializes"": [null, null]}",ok,21.43999934196472,0.1930255889892578,0
matmul,MM_003,1024x1024x1024,train,1,heuristics,0,e79b4bc306e74342,"{""atomic_indexing"": [], ""block_sizes"": [128, 128, 32], ""indexing"": [""pointer"", ""pointer"", ""pointer""], ""l2_groupings"": [8], ""load_eviction_policies"": [""first"", ""first""], ""loop_orders"": [[0, 1]], ""num_sm_multiplier"": 1, ""num_stages"": 4, ""num_warps"": 4, ""pid_type"": ""persistent_blocked"", ""range_flattens"": [null, null], ""range_multi_buffers"": [null, null], ""range_num_stages"": [0, 0], ""range_unroll_factors"": [0, 0], ""range_warp_specializes"": [null, null]}",ok,17.44000054895878,0.2867107391357422,0
matmul,MM_003,1024x1024x1024,train,1,heuristics,0,6c658ab83e1ea43a,"{""atomic_indexing"": [], ""block_sizes"": [256, 128, 64], ""epilogue_subtile"": 2, ""indexing"": [""pointer"", ""pointer"", ""pointer""], ""l2_groupings"": [1], ""load_eviction_policies"": ["""", """"], ""loop_orders"": [[0, 1]], ""num_stages"": 3, ""num_warps"": 8, ""pid_type"": ""flat"", ""range_flattens"": [null, null], ""range_multi_buffers"": [null, true], ""range_num_stages"": [0, 0], ""range_unroll_factors"": [0, 0], ""range_warp_specializes"": [null, null]}",ok,17.56799966096878,0.30116963386535645,0
matmul,MM_003,1024x1024x1024,train,2,heuristics,0,eeb5e5e3250f759a,"{""atomic_indexing"": [], ""block_sizes"": [64, 128, 64], ""indexing"": [""pointer"", ""pointer"", ""pointer""], ""l2_groupings"": [4], ""load_eviction_policies"": ["""", """"], ""loop_orders"": [[0, 1]], ""num_stages"": 6, ""num_warps"": 4, ""pid_type"": ""flat"", ""range_flattens"": [null, null], ""range_multi_buffers"": [null, null], ""range_num_stages"": [0, 0], ""range_unroll_factors"": [0, 0], ""range_warp_specializes"": [null, null]}",ok,11.327999643981457,0.04701519012451172,1
matmul,MM_003,1024x1024x1024,train,2,heuristics,0,7d0aff38f0ba9fdd,"{""atomic_indexing"": [], ""block_sizes"": [16, 16, 16], ""indexing"": [""pointer"", ""pointer"", ""pointer""], ""l2_groupings"": [1], ""load_eviction_policies"": ["""", """"], ""loop_orders"": [[0, 1]], ""num_stages"": 1, ""num_warps"": 4, ""pid_type"": ""flat"", ""range_flattens"": [null, null], ""range_multi_buffers"": [null, null], ""range_num_stages"": [0, 0], ""range_unroll_factors"": [0, 0], ""range_warp_specializes"": [null, null]}",ok,93.28000247478485,0.034502506256103516,0
matmul,MM_003,1024x1024x1024,train,2,heuristics,0,f9636b516f5ee45f,"{""atomic_indexing"": [], ""block_sizes"": [16, 16, 16], ""indexing"": [""pointer"", ""tensor_descriptor"", ""pointer""], ""l2_groupings"": [16], ""load_eviction_policies"": [""first"", """"], ""loop_orders"": [[1, 0]], ""num_stages"": 8, ""num_warps"": 4, ""pid_type"": ""flat"", ""range_flattens"": [null, null], ""range_multi_buffers"": [null, null], ""range_num_stages"": [0, 0], ""range_unroll_factors"": [0, 0], ""range_warp_specializes"": [null, true]}",ok,291.80800914764404,0.021776676177978516,0
matmul,MM_003,1024x1024x1024,train,2,heuristics,0,0b00e6df87e6d68c,"{""atomic_indexing"": [], ""block_sizes"": [16, 16, 16], ""epilogue_subtile"": 2, ""indexing"": [""pointer"", ""tensor_descriptor"", ""tensor_descriptor""], ""l2_groupings"": [16], ""load_eviction_policies"": [""last"", ""last""], ""loop_orders"": [[1, 0]], ""maxnreg"": 128, ""num_sm_multiplier"": 32, ""num_stages"": 2, ""num_warps"": 2, ""pid_type"": ""persistent_blocked"", ""range_flattens"": [false, null], ""range_multi_buffers"": [false, null], ""range_num_stages"": [0, 0], ""range_unroll_factors"": [0, 0], ""range_warp_specializes"": [false, false]}",ok,108.64000022411346,0.027151823043823242,0
matmul,MM_003,1024x1024x1024,train,2,heuristics,0,99b16046e6a2df72,"{""atomic_indexing"": [], ""block_sizes"": [16, 16, 16], ""indexing"": [""tensor_descriptor"", ""tensor_descriptor"", ""pointer""], ""l2_groupings"": [4], ""load_eviction_policies"": [""first"", """"], ""loop_orders"": [[0, 1]], ""maxnreg"": 32, ""num_sm_multiplier"": 128, ""num_stages"": 7, ""num_warps"": 32, ""pid_type"": ""persistent_blocked"", ""range_flattens"": [true, null], ""range_multi_buffers"": [false, false], ""range_num_stages"": [0, 0], ""range_unroll_factors"": [0, 0], ""range_warp_specializes"": [true, null]}",error,inf,0.018802642822265625,0
matmul,MM_003,1024x1024x1024,train,2,heuristics,0,98d0b656c3e73c5e,"{""atomic_indexing"": [], ""block_sizes"": [128, 128, 64], ""indexing"": [""pointer"", ""pointer"", ""pointer""], ""l2_groupings"": [1], ""load_eviction_policies"": ["""", """"], ""loop_orders"": [[0, 1]], ""num_stages"": 3, ""num_warps"": 8, ""pid_type"": ""flat"", ""range_flattens"": [null, null], ""range_multi_buffers"": [null, null], ""range_num_stages"": [0, 0], ""range_unroll_factors"": [0, 0], ""range_warp_specializes"": [null, null]}",ok,15.424000099301338,0.033458709716796875,0
matmul,MM_003,1024x1024x1024,train,2,heuristics,0,e0ebda3564d47575,"{""atomic_indexing"": [], ""block_sizes"": [64, 128, 64], ""indexing"": [""pointer"", ""pointer"", ""pointer""], ""l2_groupings"": [1], ""load_eviction_policies"": ["""", ""last""], ""loop_orders"": [[0, 1]], ""num_stages"": 4, ""num_warps"": 4, ""pid_type"": ""flat"", ""range_flattens"": [null, null], ""range_multi_buffers"": [null, null], ""range_num_stages"": [0, 0], ""range_unroll_factors"": [0, 0], ""range_warp_specializes"": [null, null]}",ok,13.311999849975109,0.026697158813476562,0
matmul,MM_003,1024x1024x1024,train,2,heuristics,0,6072cfd7fc7bc641,"{""atomic_indexing"": [], ""block_sizes"": [128, 256, 64], ""indexing"": [""tensor_descriptor"", ""tensor_descriptor"", ""tensor_descriptor""], ""l2_groupings"": [4], ""load_eviction_policies"": ["""", """"], ""loop_orders"": [[0, 1]], ""num_sm_multiplier"": 1, ""num_stages"": 3, ""num_warps"": 8, ""pid_type"": ""persistent_interleaved"", ""range_flattens"": [null, null], ""range_multi_buffers"": [null, null], ""range_num_stages"": [0, 0], ""range_unroll_factors"": [0, 0], ""range_warp_specializes"": [null, null]}",ok,21.31200022995472,0.20224833488464355,0
matmul,MM_003,1024x1024x1024,train,2,heuristics,0,16ee40e8ebb2e97f,"{""atomic_indexing"": [], ""block_sizes"": [128, 128, 32], ""indexing"": [""pointer"", ""pointer"", ""pointer""], ""l2_groupings"": [8], ""load_eviction_policies"": ["""", """"], ""loop_orders"": [[0, 1]], ""maxnreg"": 128, ""num_sm_multiplier"": 1, ""num_stages"": 4, ""num_warps"": 8, ""pid_type"": ""persistent_blocked"", ""range_flattens"": [null, null], ""range_multi_buffers"": [null, null], ""range_num_stages"": [0, 0], ""range_unroll_factors"": [0, 0], ""range_warp_specializes"": [null, null]}",ok,17.44000054895878,0.21214699745178223,0
matmul,MM_003,1024x1024x1024,train,2,heuristics,0,d45d0f6cf9bc6c8d,"{""atomic_indexing"": [], ""block_sizes"": [256, 128, 32], ""epilogue_subtile"": 2, ""indexing"": [""pointer"", ""pointer"", ""pointer""], ""l2_groupings"": [1], ""load_eviction_policies"": ["""", """"], ""loop_orders"": [[0, 1]], ""num_stages"": 3, ""num_warps"": 8, ""pid_type"": ""flat"", ""range_flattens"": [null, null], ""range_multi_buffers"": [null, null], ""range_num_stages"": [0, 0], ""range_unroll_factors"": [0, 0], ""range_warp_specializes"": [null, null]}",ok,23.584000766277313,0.02141714096069336,0
matmul,MM_004,1536x1536x1536,train,0,heuristics,0,3a5af88febd239ad,"{""atomic_indexing"": [], ""block_sizes"": [128, 256, 32], ""indexing"": [""pointer"", ""pointer"", ""pointer""], ""l2_groupings"": [8], ""load_eviction_policies"": ["""", """"], ""loop_orders"": [[0, 1]], ""num_stages"": 6, ""num_warps"": 4, ""pid_type"": ""flat"", ""range_flattens"": [null, null], ""range_multi_buffers"": [null, null], ""range_num_stages"": [0, 0], ""range_unroll_factors"": [0, 0], ""range_warp_specializes"": [null, null]}",ok,21.503999829292297,0.4232800006866455,1
matmul,MM_004,1536x1536x1536,train,0,heuristics,0,7d0aff38f0ba9fdd,"{""atomic_indexing"": [], ""block_sizes"": [16, 16, 16], ""indexing"": [""pointer"", ""pointer"", ""pointer""], ""l2_groupings"": [1], ""load_eviction_policies"": ["""", """"], ""loop_orders"": [[0, 1]], ""num_stages"": 1, ""num_warps"": 4, ""pid_type"": ""flat"", ""range_flattens"": [null, null], ""range_multi_buffers"": [null, null], ""range_num_stages"": [0, 0], ""range_unroll_factors"": [0, 0], ""range_warp_specializes"": [null, null]}",ok,268.44799518585205,0.02708125114440918,0
matmul,MM_004,1536x1536x1536,train,0,heuristics,0,f9636b516f5ee45f,"{""atomic_indexing"": [], ""block_sizes"": [16, 16, 16], ""indexing"": [""pointer"", ""tensor_descriptor"", ""pointer""], ""l2_groupings"": [16], ""load_eviction_policies"": [""first"", """"], ""loop_orders"": [[1, 0]], ""num_stages"": 8, ""num_warps"": 4, ""pid_type"": ""flat"", ""range_flattens"": [null, null], ""range_multi_buffers"": [null, null], ""range_num_stages"": [0, 0], ""range_unroll_factors"": [0, 0], ""range_warp_specializes"": [null, true]}",ok,878.5920143127441,0.1567690372467041,0
matmul,MM_004,1536x1536x1536,train,0,heuristics,0,c2ec0c17c018e0dd,"{""atomic_indexing"": [], ""block_sizes"": [16, 16, 16], ""epilogue_subtile"": 2, ""indexing"": [""tensor_descriptor"", ""tensor_descriptor"", ""tensor_descriptor""], ""l2_groupings"": [2], ""load_eviction_policies"": [""first"", ""first""], ""loop_orders"": [[0, 1]], ""maxnreg"": null, ""num_sm_multiplier"": 128, ""num_stages"": 1, ""num_warps"": 1, ""pid_type"": ""persistent_blocked"", ""range_flattens"": [null, null], ""range_multi_buffers"": [null, false], ""range_num_stages"": [0, 0], ""range_unroll_factors"": [0, 0], ""range_warp_specializes"": [true, null]}",ok,2188.3039474487305,0.14806914329528809,0
matmul,MM_004,1536x1536x1536,train,0,heuristics,0,026f76b88a49b769,"{""atomic_indexing"": [], ""block_sizes"": [16, 16, 16], ""indexing"": [""tensor_descriptor"", ""tensor_descriptor"", ""tensor_descriptor""], ""l2_groupings"": [32], ""load_eviction_policies"": [""last"", ""last""], ""loop_orders"": [[0, 1]], ""num_stages"": 4, ""num_warps"": 4, ""pid_type"": ""flat"", ""range_flattens"": [null, true], ""range_multi_buffers"": [null, false], ""range_num_stages"": [0, 0], ""range_unroll_factors"": [0, 0], ""range_warp_specializes"": [null, false]}",ok,371.8560039997101,0.10878491401672363,0
matmul,MM_004,1536x1536x1536,train,0,heuristics,0,98d0b656c3e73c5e,"{""atomic_indexing"": [], ""block_sizes"": [128, 128, 64], ""indexing"": [""pointer"", ""pointer"", ""pointer""], ""l2_groupings"": [1], ""load_eviction_policies"": ["""", """"], ""loop_orders"": [[0, 1]], ""num_stages"": 3, ""num_warps"": 8, ""pid_type"": ""flat"", ""range_flattens"": [null, null], ""range_multi_buffers"": [null, null], ""range_num_stages"": [0, 0], ""range_unroll_factors"": [0, 0], ""range_warp_specializes"": [null, null]}",ok,20.608000457286835,0.035152435302734375,0
matmul,MM_004,1536x1536x1536,train,0,heuristics,0,98d4f311ecb381a6,"{""atomic_indexing"": [], ""block_sizes"": [64, 128, 64], ""indexing"": [""tensor_descriptor"", ""tensor_descriptor"", ""tensor_descriptor""], ""l2_groupings"": [4], ""load_eviction_policies"": ["""", """"], ""loop_orders"": [[0, 1]], ""num_sm_multiplier"": 1, ""num_stages"": 4, ""num_warps"": 4, ""pid_type"": ""persistent_blocked"", ""range_flattens"": [null, null], ""range_multi_buffers"": [null, null], ""range_num_stages"": [0, 0], ""range_unroll_factors"": [0, 0], ""range_warp_specializes"": [null, null]}",ok,26.72000043094158,0.02747821807861328,0
matmul,MM_004,1536x1536x1536,train,0,heuristics,0,2414def0edca9c1e,"{""atomic_indexing"": [], ""block_sizes"": [128, 256, 64], ""indexing"": [""pointer"", ""pointer"", ""pointer""], ""l2_groupings"": [8], ""load_eviction_policies"": ["""", """"], ""loop_orders"": [[0, 1]], ""num_stages"": 3, ""num_warps"": 8, ""pid_type"": ""flat"", ""range_flattens"": [null, null], ""range_multi_buffers"": [null, null], ""range_num_stages"": [0, 0], ""range_unroll_factors"": [0, 0], ""range_warp_specializes"": [null, null]}",ok,21.536000072956085,0.022335529327392578,0
matmul,MM_004,1536x1536x1536,train,0,heuristics,0,8f72b2e1b4b290c2,"{""atomic_indexing"": [], ""block_sizes"": [128, 128, 32], ""epilogue_subtile"": 2, ""indexing"": [""pointer"", ""pointer"", ""pointer""], ""l2_groupings"": [4], ""load_eviction_policies"": ["""", """"], ""loop_orders"": [[0, 1]], ""num_sm_multiplier"": 1, ""num_stages"": 4, ""num_warps"": 8, ""pid_type"": ""persistent_interleaved"", ""range_flattens"": [null, null], ""range_multi_buffers"": [null, null], ""range_num_stages"": [0, 0], ""range_unroll_factors"": [0, 0], ""range_warp_specializes"": [null, null]}",ok,21.568000316619873,0.02278590202331543,0
matmul,MM_004,1536x1536x1536,train,0,heuristics,0,d4d126b8b4e80dbe,"{""atomic_indexing"": [], ""block_sizes"": [64, 64, 32], ""indexing"": [""pointer"", ""pointer"", ""pointer""], ""l2_groupings"": [1], ""load_eviction_policies"": ["""", """"], ""loop_orders"": [[0, 1]], ""num_stages"": 2, ""num_warps"": 4, ""pid_type"": ""flat"", ""range_flattens"": [null, null], ""range_multi_buffers"": [null, null], ""range_num_stages"": [0, 0], ""range_unroll_factors"": [0, 0], ""range_warp_specializes"": [null, null]}",ok,47.10400104522705,0.020298480987548828,0
matmul,MM_004,1536x1536x1536,train,1,heuristics,0,3a5af88febd239ad,"{""atomic_indexing"": [], ""block_sizes"": [128, 256, 32], ""indexing"": [""pointer"", ""pointer"", ""pointer""], ""l2_groupings"": [8], ""load_eviction_policies"": ["""", """"], ""loop_orders"": [[0, 1]], ""num_stages"": 6, ""num_warps"": 4, ""pid_type"": ""flat"", ""range_flattens"": [null, null], ""range_multi_buffers"": [null, null], ""range_num_stages"": [0, 0], ""range_unroll_factors"": [0, 0], ""range_warp_specializes"": [null, null]}",ok,21.503999829292297,0.03508734703063965,1
matmul,MM_004,1536x1536x1536,train,1,heuristics,0,7d0aff38f0ba9fdd,"{""atomic_indexing"": [], ""block_sizes"": [16, 16, 16], ""indexing"": [""pointer"", ""pointer"", ""pointer""], ""l2_groupings"": [1], ""load_eviction_policies"": ["""", """"], ""loop_orders"": [[0, 1]], ""num_stages"": 1, ""num_warps"": 4, ""pid_type"": ""flat"", ""range_flattens"": [null, null], ""range_multi_buffers"": [null, null], ""range_num_stages"": [0, 0], ""range_unroll_factors"": [0, 0], ""range_warp_specializes"": [null, null]}",ok,268.4960067272186,0.028186559677124023,0
matmul,MM_004,1536x1536x1536,train,1,heuristics,0,f9636b516f5ee45f,"{""atomic_indexing"": [], ""block_sizes"": [16, 16, 16], ""indexing"": [""pointer"", ""tensor_descriptor"", ""pointer""], ""l2_groupings"": [16], ""load_eviction_policies"": [""first"", """"], ""loop_orders"": [[1, 0]], ""num_stages"": 8, ""num_warps"": 4, ""pid_type"": ""flat"", ""range_flattens"": [null, null], ""range_multi_buffers"": [null, null], ""range_num_stages"": [0, 0], ""range_unroll_factors"": [0, 0], ""range_warp_specializes"": [null, true]}",ok,877.6640295982361,0.021692991256713867,0
matmul,MM_004,1536x1536x1536,train,1,heuristics,0,c2ec0c17c018e0dd,"{""atomic_indexing"": [], ""block_sizes"": [16, 16, 16], ""epilogue_subtile"": 2, ""indexing"": [""tensor_descriptor"", ""tensor_descriptor"", ""tensor_descriptor""], ""l2_groupings"": [2], ""load_eviction_policies"": [""first"", ""first""], ""loop_orders"": [[0, 1]], ""maxnreg"": null, ""num_sm_multiplier"": 128, ""num_stages"": 1, ""num_warps"": 1, ""pid_type"": ""persistent_blocked"", ""range_flattens"": [null, null], ""range_multi_buffers"": [null, false], ""range_num_stages"": [0, 0], ""range_unroll_factors"": [0, 0], ""range_warp_specializes"": [true, null]}",ok,2187.2960329055786,0.019307613372802734,0
matmul,MM_004,1536x1536x1536,train,1,heuristics,0,026f76b88a49b769,"{""atomic_indexing"": [], ""block_sizes"": [16, 16, 16], ""indexing"": [""tensor_descriptor"", ""tensor_descriptor"", ""tensor_descriptor""], ""l2_groupings"": [32], ""load_eviction_policies"": [""last"", ""last""], ""loop_orders"": [[0, 1]], ""num_stages"": 4, ""num_warps"": 4, ""pid_type"": ""flat"", ""range_flattens"": [null, true], ""range_multi_buffers"": [null, false], ""range_num_stages"": [0, 0], ""range_unroll_factors"": [0, 0], ""range_warp_specializes"": [null, false]}",ok,371.7440068721771,0.01827383041381836,0
matmul,MM_004,1536x1536x1536,train,1,heuristics,0,98d0b656c3e73c5e,"{""atomic_indexing"": [], ""block_sizes"": [128, 128, 64], ""indexing"": [""pointer"", ""pointer"", ""pointer""], ""l2_groupings"": [1], ""load_eviction_policies"": ["""", """"], ""loop_orders"": [[0, 1]], ""num_stages"": 3, ""num_warps"": 8, ""pid_type"": ""flat"", ""range_flattens"": [null, null], ""range_multi_buffers"": [null, null], ""range_num_stages"": [0, 0], ""range_unroll_factors"": [0, 0], ""range_warp_specializes"": [null, null]}",ok,20.67199908196926,0.0359349250793457,0
matmul,MM_004,1536x1536x1536,train,1,heuristics,0,98d4f311ecb381a6,"{""atomic_indexing"": [], ""block_sizes"": [64, 128, 64], ""indexing"": [""tensor_descriptor"", ""tensor_descriptor"", ""tensor_descriptor""], ""l2_groupings"": [4], ""load_eviction_policies"": ["""", """"], ""loop_orders"": [[0, 1]], ""num_sm_multiplier"": 1, ""num_stages"": 4, ""num_warps"": 4, ""pid_type"": ""persistent_blocked"", ""range_flattens"": [null, null], ""range_multi_buffers"": [null, null], ""range_num_stages"": [0, 0], ""range_unroll_factors"": [0, 0], ""range_warp_specializes"": [null, null]}",ok,26.75200067460537,0.0287778377532959,0
matmul,MM_004,1536x1536x1536,train,1,heuristics,0,f5804a2e3b09320a,"{""atomic_indexing"": [], ""block_sizes"": [128, 256, 64], ""indexing"": [""pointer"", ""pointer"", ""pointer""], ""l2_groupings"": [8], ""load_eviction_policies"": ["""", """"], ""loop_orders"": [[0, 1]], ""maxnreg"": 128, ""num_sm_multiplier"": 1, ""num_stages"": 3, ""num_warps"": 8, ""pid_type"": ""persistent_interleaved"", ""range_flattens"": [null, null], ""range_multi_buffers"": [true, null], ""range_num_stages"": [0, 0], ""range_unroll_factors"": [0, 0], ""range_warp_specializes"": [null, null]}",ok,23.423999547958374,0.28849148750305176,0
matmul,MM_004,1536x1536x1536,train,1,heuristics,0,8927f3c504ce3078,"{""atomic_indexing"": [], ""block_sizes"": [128, 128, 32], ""epilogue_subtile"": 2, ""indexing"": [""pointer"", ""pointer"", ""pointer""], ""l2_groupings"": [1], ""load_eviction_policies"": [""first"", ""first""], ""loop_orders"": [[0, 1]], ""num_stages"": 4, ""num_warps"": 4, ""pid_type"": ""flat"", ""range_flattens"": [null, null], ""range_multi_buffers"": [null, null], ""range_num_stages"": [0, 0], ""range_unroll_factors"": [0, 0], ""range_warp_specializes"": [null, null]}",ok,23.520000278949738,0.28270745277404785,0
matmul,MM_004,1536x1536x1536,train,1,heuristics,0,d4d126b8b4e80dbe,"{""atomic_indexing"": [], ""block_sizes"": [64, 64, 32], ""indexing"": [""pointer"", ""pointer"", ""pointer""], ""l2_groupings"": [1], ""load_eviction_policies"": ["""", """"], ""loop_orders"": [[0, 1]], ""num_stages"": 2, ""num_warps"": 4, ""pid_type"": ""flat"", ""range_flattens"": [null, null], ""range_multi_buffers"": [null, null], ""range_num_stages"": [0, 0], ""range_unroll_factors"": [0, 0], ""range_warp_specializes"": [null, null]}",ok,47.13600128889084,0.0200502872467041,0
matmul,MM_004,1536x1536x1536,train,2,heuristics,0,3a5af88febd239ad,"{""atomic_indexing"": [], ""block_sizes"": [128, 256, 32], ""indexing"": [""pointer"", ""pointer"", ""pointer""], ""l2_groupings"": [8], ""load_eviction_policies"": ["""", """"], ""loop_orders"": [[0, 1]], ""num_stages"": 6, ""num_warps"": 4, ""pid_type"": ""flat"", ""range_flattens"": [null, null], ""range_multi_buffers"": [null, null], ""range_num_stages"": [0, 0], ""range_unroll_factors"": [0, 0], ""range_warp_specializes"": [null, null]}",ok,21.536000072956085,0.03853178024291992,1
matmul,MM_004,1536x1536x1536,train,2,heuristics,0,7d0aff38f0ba9fdd,"{""atomic_indexing"": [], ""block_sizes"": [16, 16, 16], ""indexing"": [""pointer"", ""pointer"", ""pointer""], ""l2_groupings"": [1], ""load_eviction_policies"": ["""", """"], ""loop_orders"": [[0, 1]], ""num_stages"": 1, ""num_warps"": 4, ""pid_type"": ""flat"", ""range_flattens"": [null, null], ""range_multi_buffers"": [null, null], ""range_num_stages"": [0, 0], ""range_unroll_factors"": [0, 0], ""range_warp_specializes"": [null, null]}",ok,269.19999718666077,0.029866933822631836,0
matmul,MM_004,1536x1536x1536,train,2,heuristics,0,f9636b516f5ee45f,"{""atomic_indexing"": [], ""block_sizes"": [16, 16, 16], ""indexing"": [""pointer"", ""tensor_descriptor"", ""pointer""], ""l2_groupings"": [16], ""load_eviction_policies"": [""first"", """"], ""loop_orders"": [[1, 0]], ""num_stages"": 8, ""num_warps"": 4, ""pid_type"": ""flat"", ""range_flattens"": [null, null], ""range_multi_buffers"": [null, null], ""range_num_stages"": [0, 0], ""range_unroll_factors"": [0, 0], ""range_warp_specializes"": [null, true]}",ok,878.5440027713776,0.022422313690185547,0
matmul,MM_004,1536x1536x1536,train,2,heuristics,0,c2ec0c17c018e0dd,"{""atomic_indexing"": [], ""block_sizes"": [16, 16, 16], ""epilogue_subtile"": 2, ""indexing"": [""tensor_descriptor"", ""tensor_descriptor"", ""tensor_descriptor""], ""l2_groupings"": [2], ""load_eviction_policies"": [""first"", ""first""], ""loop_orders"": [[0, 1]], ""maxnreg"": null, ""num_sm_multiplier"": 128, ""num_stages"": 1, ""num_warps"": 1, ""pid_type"": ""persistent_blocked"", ""range_flattens"": [null, null], ""range_multi_buffers"": [null, false], ""range_num_stages"": [0, 0], ""range_unroll_factors"": [0, 0], ""range_warp_specializes"": [true, null]}",ok,2188.1920099258423,0.019882678985595703,0
matmul,MM_004,1536x1536x1536,train,2,heuristics,0,026f76b88a49b769,"{""atomic_indexing"": [], ""block_sizes"": [16, 16, 16], ""indexing"": [""tensor_descriptor"", ""tensor_descriptor"", ""tensor_descriptor""], ""l2_groupings"": [32], ""load_eviction_policies"": [""last"", ""last""], ""loop_orders"": [[0, 1]], ""num_stages"": 4, ""num_warps"": 4, ""pid_type"": ""flat"", ""range_flattens"": [null, true], ""range_multi_buffers"": [null, false], ""range_num_stages"": [0, 0], ""range_unroll_factors"": [0, 0], ""range_warp_specializes"": [null, false]}",ok,371.8079924583435,0.019991397857666016,0
matmul,MM_004,1536x1536x1536,train,2,heuristics,0,98d0b656c3e73c5e,"{""atomic_indexing"": [], ""block_sizes"": [128, 128, 64], ""indexing"": [""pointer"", ""pointer"", ""pointer""], ""l2_groupings"": [1], ""load_eviction_policies"": ["""", """"], ""loop_orders"": [[0, 1]], ""num_stages"": 3, ""num_warps"": 8, ""pid_type"": ""flat"", ""range_flattens"": [null, null], ""range_multi_buffers"": [null, null], ""range_num_stages"": [0, 0], ""range_unroll_factors"": [0, 0], ""range_warp_specializes"": [null, null]}",ok,20.640000700950623,0.0637509822845459,0
matmul,MM_004,1536x1536x1536,train,2,heuristics,0,98d4f311ecb381a6,"{""atomic_indexing"": [], ""block_sizes"": [64, 128, 64], ""indexing"": [""tensor_descriptor"", ""tensor_descriptor"", ""tensor_descriptor""], ""l2_groupings"": [4], ""load_eviction_policies"": ["""", """"], ""loop_orders"": [[0, 1]], ""num_sm_multiplier"": 1, ""num_stages"": 4, ""num_warps"": 4, ""pid_type"": ""persistent_blocked"", ""range_flattens"": [null, null], ""range_multi_buffers"": [null, null], ""range_num_stages"": [0, 0], ""range_unroll_factors"": [0, 0], ""range_warp_specializes"": [null, null]}",ok,26.72000043094158,0.04847073554992676,0
matmul,MM_004,1536x1536x1536,train,2,heuristics,0,98608b3ecce9e008,"{""atomic_indexing"": [], ""block_sizes"": [128, 256, 64], ""indexing"": [""pointer"", ""pointer"", ""pointer""], ""l2_groupings"": [8], ""load_eviction_policies"": [""first"", ""first""], ""loop_orders"": [[0, 1]], ""maxnreg"": 128, ""num_sm_multiplier"": 1, ""num_stages"": 3, ""num_warps"": 8, ""pid_type"": ""persistent_interleaved"", ""range_flattens"": [null, null], ""range_multi_buffers"": [true, null], ""range_num_stages"": [0, 0], ""range_unroll_factors"": [0, 0], ""range_warp_specializes"": [null, null]}",ok,22.71999977529049,0.3092315196990967,0
matmul,MM_004,1536x1536x1536,train,2,heuristics,0,0f89c4cdf751e65f,"{""atomic_indexing"": [], ""block_sizes"": [128, 128, 32], ""epilogue_subtile"": 2, ""indexing"": [""pointer"", ""pointer"", ""pointer""], ""l2_groupings"": [4], ""load_eviction_policies"": ["""", """"], ""loop_orders"": [[0, 1]], ""num_stages"": 4, ""num_warps"": 8, ""pid_type"": ""flat"", ""range_flattens"": [null, null], ""range_multi_buffers"": [null, null], ""range_num_stages"": [0, 0], ""range_unroll_factors"": [0, 0], ""range_warp_specializes"": [null, null]}",ok,21.536000072956085,0.26496052742004395,0
matmul,MM_004,1536x1536x1536,train,2,heuristics,0,d4d126b8b4e80dbe,"{""atomic_indexing"": [], ""block_sizes"": [64, 64, 32], ""indexing"": [""pointer"", ""pointer"", ""pointer""], ""l2_groupings"": [1], ""load_eviction_policies"": ["""", """"], ""loop_orders"": [[0, 1]], ""num_stages"": 2, ""num_warps"": 4, ""pid_type"": ""flat"", ""range_flattens"": [null, null], ""range_multi_buffers"": [null, null], ""range_num_stages"": [0, 0], ""range_unroll_factors"": [0, 0], ""range_warp_specializes"": [null, null]}",ok,46.20800167322159,0.040036678314208984,0
matmul,MM_005,2048x2048x2048,train,0,heuristics,0,4cc88bcb80a4e93a,"{""atomic_indexing"": [], ""block_sizes"": [128, 256, 32], ""indexing"": [""pointer"", ""pointer"", ""pointer""], ""l2_groupings"": [8], ""load_eviction_policies"": ["""", """"], ""loop_orders"": [[0, 1]], ""num_stages"": 4, ""num_warps"": 8, ""pid_type"": ""flat"", ""range_flattens"": [null, null], ""range_multi_buffers"": [null, null], ""range_num_stages"": [0, 0], ""range_unroll_factors"": [0, 0], ""range_warp_specializes"": [null, null]}",ok,29.791999608278275,0.2871260643005371,1
matmul,MM_005,2048x2048x2048,train,0,heuristics,0,7d0aff38f0ba9fdd,"{""atomic_indexing"": [], ""block_sizes"": [16, 16, 16], ""indexing"": [""pointer"", ""pointer"", ""pointer""], ""l2_groupings"": [1], ""load_eviction_policies"": ["""", """"], ""loop_orders"": [[0, 1]], ""num_stages"": 1, ""num_warps"": 4, ""pid_type"": ""flat"", ""range_flattens"": [null, null], ""range_multi_buffers"": [null, null], ""range_num_stages"": [0, 0], ""range_unroll_factors"": [0, 0], ""range_warp_specializes"": [null, null]}",ok,602.2560000419617,0.036047935485839844,0
matmul,MM_005,2048x2048x2048,train,0,heuristics,0,f9636b516f5ee45f,"{""atomic_indexing"": [], ""block_sizes"": [16, 16, 16], ""indexing"": [""pointer"", ""tensor_descriptor"", ""pointer""], ""l2_groupings"": [16], ""load_eviction_policies"": [""first"", """"], ""loop_orders"": [[1, 0]], ""num_stages"": 8, ""num_warps"": 4, ""pid_type"": ""flat"", ""range_flattens"": [null, null], ""range_multi_buffers"": [null, null], ""range_num_stages"": [0, 0], ""range_unroll_factors"": [0, 0], ""range_warp_specializes"": [null, true]}",ok,1971.1679816246033,0.1710495948791504,0
matmul,MM_005,2048x2048x2048,train,0,heuristics,0,c2ec0c17c018e0dd,"{""atomic_indexing"": [], ""block_sizes"": [16, 16, 16], ""epilogue_subtile"": 2, ""indexing"": [""tensor_descriptor"", ""tensor_descriptor"", ""tensor_descriptor""], ""l2_groupings"": [2], ""load_eviction_policies"": [""first"", ""first""], ""loop_orders"": [[0, 1]], ""maxnreg"": null, ""num_sm_multiplier"": 128, ""num_stages"": 1, ""num_warps"": 1, ""pid_type"": ""persistent_blocked"", ""range_flattens"": [null, null], ""range_multi_buffers"": [null, false], ""range_num_stages"": [0, 0], ""range_unroll_factors"": [0, 0], ""range_warp_specializes"": [true, null]}",ok,4534.143924713135,0.14827394485473633,0
matmul,MM_005,2048x2048x2048,train,0,heuristics,0,026f76b88a49b769,"{""atomic_indexing"": [], ""block_sizes"": [16, 16, 16], ""indexing"": [""tensor_descriptor"", ""tensor_descriptor"", ""tensor_descriptor""], ""l2_groupings"": [32], ""load_eviction_policies"": [""last"", ""last""], ""loop_orders"": [[0, 1]], ""num_stages"": 4, ""num_warps"": 4, ""pid_type"": ""flat"", ""range_flattens"": [null, true], ""range_multi_buffers"": [null, false], ""range_num_stages"": [0, 0], ""range_unroll_factors"": [0, 0], ""range_warp_specializes"": [null, false]}",ok,835.6159925460815,0.10818290710449219,0
matmul,MM_005,2048x2048x2048,train,0,heuristics,0,090aec8abf44546c,"{""atomic_indexing"": [], ""block_sizes"": [128, 128, 64], ""indexing"": [""pointer"", ""pointer"", ""pointer""], ""l2_groupings"": [8], ""load_eviction_policies"": ["""", """"], ""loop_orders"": [[0, 1]], ""num_sm_multiplier"": 1, ""num_stages"": 3, ""num_warps"": 8, ""pid_type"": ""persistent_blocked"", ""range_flattens"": [null, null], ""range_multi_buffers"": [null, null], ""range_num_stages"": [0, 0], ""range_unroll_factors"": [0, 0], ""range_warp_specializes"": [null, null]}",ok,37.9519984126091,0.05116534233093262,0
matmul,MM_005,2048x2048x2048,train,0,heuristics,0,3d43570053353335,"{""atomic_indexing"": [], ""block_sizes"": [64, 128, 64], ""indexing"": [""tensor_descriptor"", ""tensor_descriptor"", ""tensor_descriptor""], ""l2_groupings"": [16], ""load_eviction_policies"": ["""", """"], ""loop_orders"": [[0, 1]], ""num_sm_multiplier"": 1, ""num_stages"": 4, ""num_warps"": 4, ""pid_type"": ""persistent_blocked"", ""range_flattens"": [null, null], ""range_multi_buffers"": [null, null], ""range_num_stages"": [0, 0], ""range_unroll_factors"": [0, 0], ""range_warp_specializes"": [null, null]}",ok,50.08000135421753,0.03518223762512207,0
matmul,MM_005,2048x2048x2048,train,0,heuristics,0,f5804a2e3b09320a,"{""atomic_indexing"": [], ""block_sizes"": [128, 256, 64], ""indexing"": [""pointer"", ""pointer"", ""pointer""], ""l2_groupings"": [8], ""load_eviction_policies"": ["""", """"], ""loop_orders"": [[0, 1]], ""maxnreg"": 128, ""num_sm_multiplier"": 1, ""num_stages"": 3, ""num_warps"": 8, ""pid_type"": ""persistent_interleaved"", ""range_flattens"": [null, null], ""range_multi_buffers"": [true, null], ""range_num_stages"": [0, 0], ""range_unroll_factors"": [0, 0], ""range_warp_specializes"": [null, null]}",ok,27.583999559283257,0.02334117889404297,0
matmul,MM_005,2048x2048x2048,train,0,heuristics,0,0460ca44e705d6d7,"{""atomic_indexing"": [], ""block_sizes"": [128, 128, 32], ""indexing"": [""pointer"", ""pointer"", ""pointer""], ""l2_groupings"": [4], ""load_eviction_policies"": ["""", """"], ""loop_orders"": [[0, 1]], ""num_stages"": 3, ""num_warps"": 4, ""pid_type"": ""flat"", ""range_flattens"": [null, null], ""range_multi_buffers"": [null, null], ""range_num_stages"": [0, 0], ""range_unroll_factors"": [0, 0], ""range_warp_specializes"": [null, null]}",ok,36.99199855327606,0.022929668426513672,0
matmul,MM_005,2048x2048x2048,train,0,heuristics,0,d4d126b8b4e80dbe,"{""atomic_indexing"": [], ""block_sizes"": [64, 64, 32], ""indexing"": [""pointer"", ""pointer"", ""pointer""], ""l2_groupings"": [1], ""load_eviction_policies"": ["""", """"], ""loop_orders"": [[0, 1]], ""num_stages"": 2, ""num_warps"": 4, ""pid_type"": ""flat"", ""range_flattens"": [null, null], ""range_multi_buffers"": [null, null], ""range_num_stages"": [0, 0], ""range_unroll_factors"": [0, 0], ""range_warp_specializes"": [null, null]}",ok,61.47199869155884,0.022815227508544922,0
matmul,MM_005,2048x2048x2048,train,1,heuristics,0,4cc88bcb80a4e93a,"{""atomic_indexing"": [], ""block_sizes"": [128, 256, 32], ""indexing"": [""pointer"", ""pointer"", ""pointer""], ""l2_groupings"": [8], ""load_eviction_policies"": ["""", """"], ""loop_orders"": [[0, 1]], ""num_stages"": 4, ""num_warps"": 8, ""pid_type"": ""flat"", ""range_flattens"": [null, null], ""range_multi_buffers"": [null, null], ""range_num_stages"": [0, 0], ""range_unroll_factors"": [0, 0], ""range_warp_specializes"": [null, null]}",ok,29.791999608278275,0.04040384292602539,1
matmul,MM_005,2048x2048x2048,train,1,heuristics,0,7d0aff38f0ba9fdd,"{""atomic_indexing"": [], ""block_sizes"": [16, 16, 16], ""indexing"": [""pointer"", ""pointer"", ""pointer""], ""l2_groupings"": [1], ""load_eviction_policies"": ["""", """"], ""loop_orders"": [[0, 1]], ""num_stages"": 1, ""num_warps"": 4, ""pid_type"": ""flat"", ""range_flattens"": [null, null], ""range_multi_buffers"": [null, null], ""range_num_stages"": [0, 0], ""range_unroll_factors"": [0, 0], ""range_warp_specializes"": [null, null]}",ok,601.0879874229431,0.032411813735961914,0
matmul,MM_005,2048x2048x2048,train,1,heuristics,0,f9636b516f5ee45f,"{""atomic_indexing"": [], ""block_sizes"": [16, 16, 16], ""indexing"": [""pointer"", ""tensor_descriptor"", ""pointer""], ""l2_groupings"": [16], ""load_eviction_policies"": [""first"", """"], ""loop_orders"": [[1, 0]], ""num_stages"": 8, ""num_warps"": 4, ""pid_type"": ""flat"", ""range_flattens"": [null, null], ""range_multi_buffers"": [null, null], ""range_num_stages"": [0, 0], ""range_unroll_factors"": [0, 0], ""range_warp_specializes"": [null, true]}",ok,1971.2160229682922,0.023491621017456055,0
matmul,MM_005,2048x2048x2048,train,1,heuristics,0,c2ec0c17c018e0dd,"{""atomic_indexing"": [], ""block_sizes"": [16, 16, 16], ""epilogue_subtile"": 2, ""indexing"": [""tensor_descriptor"", ""tensor_descriptor"", ""tensor_descriptor""], ""l2_groupings"": [2], ""load_eviction_policies"": [""first"", ""first""], ""loop_orders"": [[0, 1]], ""maxnreg"": null, ""num_sm_multiplier"": 128, ""num_stages"": 1, ""num_warps"": 1, ""pid_type"": ""persistent_blocked"", ""range_flattens"": [null, null], ""range_multi_buffers"": [null, false], ""range_num_stages"": [0, 0], ""range_unroll_factors"": [0, 0], ""range_warp_specializes"": [true, null]}",ok,4533.792018890381,0.03123307228088379,0
matmul,MM_005,2048x2048x2048,train,1,heuristics,0,026f76b88a49b769,"{""atomic_indexing"": [], ""block_sizes"": [16, 16, 16], ""indexing"": [""tensor_descriptor"", ""tensor_descriptor"", ""tensor_descriptor""], ""l2_groupings"": [32], ""load_eviction_policies"": [""last"", ""last""], ""loop_orders"": [[0, 1]], ""num_stages"": 4, ""num_warps"": 4, ""pid_type"": ""flat"", ""range_flattens"": [null, true], ""range_multi_buffers"": [null, false], ""range_num_stages"": [0, 0], ""range_unroll_factors"": [0, 0], ""range_warp_specializes"": [null, false]}",ok,835.3919982910156,0.030819416046142578,0
matmul,MM_005,2048x2048x2048,train,1,heuristics,0,949477b0c86c71e4,"{""atomic_indexing"": [], ""block_sizes"": [128, 128, 64], ""indexing"": [""pointer"", ""pointer"", ""pointer""], ""l2_groupings"": [8], ""load_eviction_policies"": ["""", """"], ""loop_orders"": [[0, 1]], ""num_sm_multiplier"": 1, ""num_stages"": 3, ""num_warps"": 4, ""pid_type"": ""persistent_blocked"", ""range_flattens"": [null, null], ""range_multi_buffers"": [null, null], ""range_num_stages"": [0, 0], ""range_unroll_factors"": [0, 0], ""range_warp_specializes"": [null, null]}",ok,38.91199827194214,0.3434298038482666,0
matmul,MM_005,2048x2048x2048,train,1,heuristics,0,1c97929c2519b2f4,"{""atomic_indexing"": [], ""block_sizes"": [128, 256, 64], ""indexing"": [""tensor_descriptor"", ""tensor_descriptor"", ""tensor_descriptor""], ""l2_groupings"": [8], ""load_eviction_policies"": ["""", """"], ""loop_orders"": [[0, 1]], ""maxnreg"": 128, ""num_sm_multiplier"": 1, ""num_stages"": 4, ""num_warps"": 8, ""pid_type"": ""persistent_blocked"", ""range_flattens"": [null, null], ""range_multi_buffers"": [null, null], ""range_num_stages"": [0, 0], ""range_unroll_factors"": [0, 0], ""range_warp_specializes"": [null, null]}",error,inf,0.224320650100708,0
matmul,MM_005,2048x2048x2048,train,1,heuristics,0,7e001e71a5c362e9,"{""atomic_indexing"": [], ""block_sizes"": [64, 128, 64], ""indexing"": [""pointer"", ""pointer"", ""pointer""], ""l2_groupings"": [16], ""load_eviction_policies"": ["""", """"], ""loop_orders"": [[0, 1]], ""num_sm_multiplier"": 1, ""num_stages"": 3, ""num_warps"": 4, ""pid_type"": ""persistent_interleaved"", ""range_flattens"": [null, null], ""range_multi_buffers"": [true, null], ""range_num_stages"": [0, 0], ""range_unroll_factors"": [0, 0], ""range_warp_specializes"": [null, null]}",ok,56.28800019621849,0.2855992317199707,0
matmul,MM_005,2048x2048x2048,train,1,heuristics,0,37b6bc9b1dfbc442,"{""atomic_indexing"": [], ""block_sizes"": [128, 128, 32], ""indexing"": [""pointer"", ""pointer"", ""pointer""], ""l2_groupings"": [4], ""load_eviction_policies"": ["""", """"], ""loop_orders"": [[0, 1]], ""num_stages"": 2, ""num_warps"": 4, ""pid_type"": ""flat"", ""range_flattens"": [null, null], ""range_multi_buffers"": [null, null], ""range_num_stages"": [0, 0], ""range_unroll_factors"": [0, 0], ""range_warp_specializes"": [null, null]}",ok,60.47999858856201,0.27874135971069336,0
matmul,MM_005,2048x2048x2048,train,1,heuristics,0,751929c7c539c785,"{""atomic_indexing"": [], ""block_sizes"": [256, 128, 64], ""epilogue_subtile"": 2, ""indexing"": [""tensor_descriptor"", ""tensor_descriptor"", ""tensor_descriptor""], ""l2_groupings"": [16], ""load_eviction_policies"": ["""", """"], ""loop_orders"": [[0, 1]], ""maxnreg"": 256, ""num_sm_multiplier"": 1, ""num_stages"": 4, ""num_warps"": 8, ""pid_type"": ""persistent_blocked"", ""range_flattens"": [null, null], ""range_multi_buffers"": [null, null], ""range_num_stages"": [0, 0], ""range_unroll_factors"": [0, 0], ""range_warp_specializes"": [null, null]}",ok,27.648000046610832,0.2523612976074219,0
matmul,MM_005,2048x2048x2048,train,2,heuristics,0,4cc88bcb80a4e93a,"{""atomic_indexing"": [], ""block_sizes"": [128, 256, 32], ""indexing"": [""pointer"", ""pointer"", ""pointer""], ""l2_groupings"": [8], ""load_eviction_policies"": ["""", """"], ""loop_orders"": [[0, 1]], ""num_stages"": 4, ""num_warps"": 8, ""pid_type"": ""flat"", ""range_flattens"": [null, null], ""range_multi_buffers"": [null, null], ""range_num_stages"": [0, 0], ""range_unroll_factors"": [0, 0], ""range_warp_specializes"": [null, null]}",ok,30.688000842928886,0.04027128219604492,1
matmul,MM_005,2048x2048x2048,train,2,heuristics,0,7d0aff38f0ba9fdd,"{""atomic_indexing"": [], ""block_sizes"": [16, 16, 16], ""indexing"": [""pointer"", ""pointer"", ""pointer""], ""l2_groupings"": [1], ""load_eviction_policies"": ["""", """"], ""loop_orders"": [[0, 1]], ""num_stages"": 1, ""num_warps"": 4, ""pid_type"": ""flat"", ""range_flattens"": [null, null], ""range_multi_buffers"": [null, null], ""range_num_stages"": [0, 0], ""range_unroll_factors"": [0, 0], ""range_warp_specializes"": [null, null]}",ok,602.1119952201843,0.03193020820617676,0
matmul,MM_005,2048x2048x2048,train,2,heuristics,0,f9636b516f5ee45f,"{""atomic_indexing"": [], ""block_sizes"": [16, 16, 16], ""indexing"": [""pointer"", ""tensor_descriptor"", ""pointer""], ""l2_groupings"": [16], ""load_eviction_policies"": [""first"", """"], ""loop_orders"": [[1, 0]], ""num_stages"": 8, ""num_warps"": 4, ""pid_type"": ""flat"", ""range_flattens"": [null, null], ""range_multi_buffers"": [null, null], ""range_num_stages"": [0, 0], ""range_unroll_factors"": [0, 0], ""range_warp_specializes"": [null, true]}",ok,1971.2320566177368,0.024111509323120117,0
matmul,MM_005,2048x2048x2048,train,2,heuristics,0,c2ec0c17c018e0dd,"{""atomic_indexing"": [], ""block_sizes"": [16, 16, 16], ""epilogue_subtile"": 2, ""indexing"": [""tensor_descriptor"", ""tensor_descriptor"", ""tensor_descriptor""], ""l2_groupings"": [2], ""load_eviction_policies"": [""first"", ""first""], ""loop_orders"": [[0, 1]], ""maxnreg"": null, ""num_sm_multiplier"": 128, ""num_stages"": 1, ""num_warps"": 1, ""pid_type"": ""persistent_blocked"", ""range_flattens"": [null, null], ""range_multi_buffers"": [null, false], ""range_num_stages"": [0, 0], ""range_unroll_factors"": [0, 0], ""range_warp_specializes"": [true, null]}",ok,4532.0799350738525,0.020552873611450195,0
matmul,MM_005,2048x2048x2048,train,2,heuristics,0,026f76b88a49b769,"{""atomic_indexing"": [], ""block_sizes"": [16, 16, 16], ""indexing"": [""tensor_descriptor"", ""tensor_descriptor"", ""tensor_descriptor""], ""l2_groupings"": [32], ""load_eviction_policies"": [""last"", ""last""], ""loop_orders"": [[0, 1]], ""num_stages"": 4, ""num_warps"": 4, ""pid_type"": ""flat"", ""range_flattens"": [null, true], ""range_multi_buffers"": [null, false], ""range_num_stages"": [0, 0], ""range_unroll_factors"": [0, 0], ""range_warp_specializes"": [null, false]}",ok,835.7120156288147,0.020340919494628906,0
matmul,MM_005,2048x2048x2048,train,2,heuristics,0,090aec8abf44546c,"{""atomic_indexing"": [], ""block_sizes"": [128, 128, 64], ""indexing"": [""pointer"", ""pointer"", ""pointer""], ""l2_groupings"": [8], ""load_eviction_policies"": ["""", """"], ""loop_orders"": [[0, 1]], ""num_sm_multiplier"": 1, ""num_stages"": 3, ""num_warps"": 8, ""pid_type"": ""persistent_blocked"", ""range_flattens"": [null, null], ""range_multi_buffers"": [null, null], ""range_num_stages"": [0, 0], ""range_unroll_factors"": [0, 0], ""range_warp_specializes"": [null, null]}",ok,37.91999816894531,0.03514719009399414,0
matmul,MM_005,2048x2048x2048,train,2,heuristics,0,3d43570053353335,"{""atomic_indexing"": [], ""block_sizes"": [64, 128, 64], ""indexing"": [""tensor_descriptor"", ""tensor_descriptor"", ""tensor_descriptor""], ""l2_groupings"": [16], ""load_eviction_policies"": ["""", """"], ""loop_orders"": [[0, 1]], ""num_sm_multiplier"": 1, ""num_stages"": 4, ""num_warps"": 4, ""pid_type"": ""persistent_blocked"", ""range_flattens"": [null, null], ""range_multi_buffers"": [null, null], ""range_num_stages"": [0, 0], ""range_unroll_factors"": [0, 0], ""range_warp_specializes"": [null, null]}",ok,50.08000135421753,0.028319835662841797,0
matmul,MM_005,2048x2048x2048,train,2,heuristics,0,99627137aca4b7d9,"{""atomic_indexing"": [], ""block_sizes"": [128, 256, 64], ""indexing"": [""pointer"", ""pointer"", ""pointer""], ""l2_groupings"": [8], ""load_eviction_policies"": ["""", """"], ""loop_orders"": [[0, 1]], ""maxnreg"": 256, ""num_sm_multiplier"": 1, ""num_stages"": 3, ""num_warps"": 8, ""pid_type"": ""persistent_interleaved"", ""range_flattens"": [null, null], ""range_multi_buffers"": [true, null], ""range_num_stages"": [0, 0], ""range_unroll_factors"": [0, 0], ""range_warp_specializes"": [null, null]}",ok,27.456000447273254,0.023366928100585938,0
matmul,MM_005,2048x2048x2048,train,2,heuristics,0,d4d126b8b4e80dbe,"{""atomic_indexing"": [], ""block_sizes"": [64, 64, 32], ""indexing"": [""pointer"", ""pointer"", ""pointer""], ""l2_groupings"": [1], ""load_eviction_policies"": ["""", """"], ""loop_orders"": [[0, 1]], ""num_stages"": 2, ""num_warps"": 4, ""pid_type"": ""flat"", ""range_flattens"": [null, null], ""range_multi_buffers"": [null, null], ""range_num_stages"": [0, 0], ""range_unroll_factors"": [0, 0], ""range_warp_specializes"": [null, null]}",ok,61.47199869155884,0.020888090133666992,0
matmul,MM_005,2048x2048x2048,train,2,heuristics,0,71f1f2f877b8cb09,"{""atomic_indexing"": [], ""block_sizes"": [128, 128, 32], ""epilogue_subtile"": 2, ""indexing"": [""pointer"", ""pointer"", ""pointer""], ""l2_groupings"": [32], ""load_eviction_policies"": [""first"", ""last""], ""loop_orders"": [[0, 1]], ""num_sm_multiplier"": 1, ""num_stages"": 4, ""num_warps"": 8, ""pid_type"": ""persistent_blocked"", ""range_flattens"": [null, null], ""range_multi_buffers"": [null, null], ""range_num_stages"": [0, 0], ""range_unroll_factors"": [0, 0], ""range_warp_specializes"": [null, null]}",ok,44.03200000524521,0.27239274978637695,0
matmul,MM_006,3072x3072x3072,train,0,heuristics,0,61e92bd6b24c170e,"{""atomic_indexing"": [], ""block_sizes"": [256, 256, 32], ""indexing"": [""pointer"", ""pointer"", ""pointer""], ""l2_groupings"": [16], ""load_eviction_policies"": ["""", """"], ""loop_orders"": [[0, 1]], ""num_stages"": 4, ""num_warps"": 8, ""pid_type"": ""flat"", ""range_flattens"": [null, null], ""range_multi_buffers"": [null, null], ""range_num_stages"": [0, 0], ""range_unroll_factors"": [0, 0], ""range_warp_specializes"": [null, null]}",ok,48.16000163555145,0.3604307174682617,1
matmul,MM_006,3072x3072x3072,train,0,heuristics,0,7d0aff38f0ba9fdd,"{""atomic_indexing"": [], ""block_sizes"": [16, 16, 16], ""indexing"": [""pointer"", ""pointer"", ""pointer""], ""l2_groupings"": [1], ""load_eviction_policies"": ["""", """"], ""loop_orders"": [[0, 1]], ""num_stages"": 1, ""num_warps"": 4, ""pid_type"": ""flat"", ""range_flattens"": [null, null], ""range_multi_buffers"": [null, null], ""range_num_stages"": [0, 0], ""range_unroll_factors"": [0, 0], ""range_warp_specializes"": [null, null]}",ok,1843.6800241470337,0.02682185173034668,0
matmul,MM_006,3072x3072x3072,train,0,heuristics,0,f9636b516f5ee45f,"{""atomic_indexing"": [], ""block_sizes"": [16, 16, 16], ""indexing"": [""pointer"", ""tensor_descriptor"", ""pointer""], ""l2_groupings"": [16], ""load_eviction_policies"": [""first"", """"], ""loop_orders"": [[1, 0]], ""num_stages"": 8, ""num_warps"": 4, ""pid_type"": ""flat"", ""range_flattens"": [null, null], ""range_multi_buffers"": [null, null], ""range_num_stages"": [0, 0], ""range_unroll_factors"": [0, 0], ""range_warp_specializes"": [null, true]}",ok,6287.392139434814,0.16105198860168457,0
matmul,MM_006,3072x3072x3072,train,0,heuristics,0,c2ec0c17c018e0dd,"{""atomic_indexing"": [], ""block_sizes"": [16, 16, 16], ""epilogue_subtile"": 2, ""indexing"": [""tensor_descriptor"", ""tensor_descriptor"", ""tensor_descriptor""], ""l2_groupings"": [2], ""load_eviction_policies"": [""first"", ""first""], ""loop_orders"": [[0, 1]], ""maxnreg"": null, ""num_sm_multiplier"": 128, ""num_stages"": 1, ""num_warps"": 1, ""pid_type"": ""persistent_blocked"", ""range_flattens"": [null, null], ""range_multi_buffers"": [null, false], ""range_num_stages"": [0, 0], ""range_unroll_factors"": [0, 0], ""range_warp_specializes"": [true, null]}",ok,13894.75154876709,0.15779781341552734,0
matmul,MM_006,3072x3072x3072,train,0,heuristics,0,026f76b88a49b769,"{""atomic_indexing"": [], ""block_sizes"": [16, 16, 16], ""indexing"": [""tensor_descriptor"", ""tensor_descriptor"", ""tensor_descriptor""], ""l2_groupings"": [32], ""load_eviction_policies"": [""last"", ""last""], ""loop_orders"": [[0, 1]], ""num_stages"": 4, ""num_warps"": 4, ""pid_type"": ""flat"", ""range_flattens"": [null, true], ""range_multi_buffers"": [null, false], ""range_num_stages"": [0, 0], ""range_unroll_factors"": [0, 0], ""range_warp_specializes"": [null, false]}",ok,2696.128010749817,0.11003279685974121,0
matmul,MM_006,3072x3072x3072,train,0,heuristics,0,090aec8abf44546c,"{""atomic_indexing"": [], ""block_sizes"": [128, 128, 64], ""indexing"": [""pointer"", ""pointer"", ""pointer""], ""l2_groupings"": [8], ""load_eviction_policies"": ["""", """"], ""loop_orders"": [[0, 1]], ""num_sm_multiplier"": 1, ""num_stages"": 3, ""num_warps"": 8, ""pid_type"": ""persistent_blocked"", ""range_flattens"": [null, null], ""range_multi_buffers"": [null, null], ""range_num_stages"": [0, 0], ""range_unroll_factors"": [0, 0], ""range_warp_specializes"": [null, null]}",ok,97.18400239944458,0.03595876693725586,0
matmul,MM_006,3072x3072x3072,train,0,heuristics,0,3d43570053353335,"{""atomic_indexing"": [], ""block_sizes"": [64, 128, 64], ""indexing"": [""tensor_descriptor"", ""tensor_descriptor"", ""tensor_descriptor""], ""l2_groupings"": [16], ""load_eviction_policies"": ["""", """"], ""loop_orders"": [[0, 1]], ""num_sm_multiplier"": 1, ""num_stages"": 4, ""num_warps"": 4, ""pid_type"": ""persistent_blocked"", ""range_flattens"": [null, null], ""range_multi_buffers"": [null, null], ""range_num_stages"": [0, 0], ""range_unroll_factors"": [0, 0], ""range_warp_specializes"": [null, null]}",ok,122.84799665212631,0.02837228775024414,0
matmul,MM_006,3072x3072x3072,train,0,heuristics,0,f5804a2e3b09320a,"{""atomic_indexing"": [], ""block_sizes"": [128, 256, 64], ""indexing"": [""pointer"", ""pointer"", ""pointer""], ""l2_groupings"": [8], ""load_eviction_policies"": ["""", """"], ""loop_orders"": [[0, 1]], ""maxnreg"": 128, ""num_sm_multiplier"": 1, ""num_stages"": 3, ""num_warps"": 8, ""pid_type"": ""persistent_interleaved"", ""range_flattens"": [null, null], ""range_multi_buffers"": [true, null], ""range_num_stages"": [0, 0], ""range_unroll_factors"": [0, 0], ""range_warp_specializes"": [null, null]}",ok,62.39999830722809,0.03615140914916992,0
matmul,MM_006,3072x3072x3072,train,0,heuristics,0,0460ca44e705d6d7,"{""atomic_indexing"": [], ""block_sizes"": [128, 128, 32], ""indexing"": [""pointer"", ""pointer"", ""pointer""], ""l2_groupings"": [4], ""load_eviction_policies"": ["""", """"], ""loop_orders"": [[0, 1]], ""num_stages"": 3, ""num_warps"": 4, ""pid_type"": ""flat"", ""range_flattens"": [null, null], ""range_multi_buffers"": [null, null], ""range_num_stages"": [0, 0], ""range_unroll_factors"": [0, 0], ""range_warp_specializes"": [null, null]}",ok,93.18400174379349,0.03561687469482422,0
matmul,MM_006,3072x3072x3072,train,0,heuristics,0,bcd8ef91739b5d2f,"{""atomic_indexing"": [], ""block_sizes"": [256, 128, 64], ""epilogue_subtile"": 2, ""indexing"": [""pointer"", ""pointer"", ""pointer""], ""l2_groupings"": [32], ""load_eviction_policies"": [""first"", ""first""], ""loop_orders"": [[0, 1]], ""maxnreg"": 256, ""num_sm_multiplier"": 1, ""num_stages"": 4, ""num_warps"": 8, ""pid_type"": ""persistent_blocked"", ""range_flattens"": [null, null], ""range_multi_buffers"": [null, null], ""range_num_stages"": [0, 0], ""range_unroll_factors"": [0, 0], ""range_warp_specializes"": [null, null]}",ok,55.424001067876816,0.37018632888793945,0
matmul,MM_006,3072x3072x3072,train,1,heuristics,0,61e92bd6b24c170e,"{""atomic_indexing"": [], ""block_sizes"": [256, 256, 32], ""indexing"": [""pointer"", ""pointer"", ""pointer""], ""l2_groupings"": [16], ""load_eviction_policies"": ["""", """"], ""loop_orders"": [[0, 1]], ""num_stages"": 4, ""num_warps"": 8, ""pid_type"": ""flat"", ""range_flattens"": [null, null], ""range_multi_buffers"": [null, null], ""range_num_stages"": [0, 0], ""range_unroll_factors"": [0, 0], ""range_warp_specializes"": [null, null]}",ok,48.22399839758873,0.05838465690612793,1
matmul,MM_006,3072x3072x3072,train,1,heuristics,0,7d0aff38f0ba9fdd,"{""atomic_indexing"": [], ""block_sizes"": [16, 16, 16], ""indexing"": [""pointer"", ""pointer"", ""pointer""], ""l2_groupings"": [1], ""load_eviction_policies"": ["""", """"], ""loop_orders"": [[0, 1]], ""num_stages"": 1, ""num_warps"": 4, ""pid_type"": ""flat"", ""range_flattens"": [null, null], ""range_multi_buffers"": [null, null], ""range_num_stages"": [0, 0], ""range_unroll_factors"": [0, 0], ""range_warp_specializes"": [null, null]}",ok,1843.6480164527893,0.04691648483276367,0
matmul,MM_006,3072x3072x3072,train,1,heuristics,0,f9636b516f5ee45f,"{""atomic_indexing"": [], ""block_sizes"": [16, 16, 16], ""indexing"": [""pointer"", ""tensor_descriptor"", ""pointer""], ""l2_groupings"": [16], ""load_eviction_policies"": [""first"", """"], ""loop_orders"": [[1, 0]], ""num_stages"": 8, ""num_warps"": 4, ""pid_type"": ""flat"", ""range_flattens"": [null, null], ""range_multi_buffers"": [null, null], ""range_num_stages"": [0, 0], ""range_unroll_factors"": [0, 0], ""range_warp_specializes"": [null, true]}",ok,6287.424087524414,0.03480839729309082,0
matmul,MM_006,3072x3072x3072,train,1,heuristics,0,c2ec0c17c018e0dd,"{""atomic_indexing"": [], ""block_sizes"": [16, 16, 16], ""epilogue_subtile"": 2, ""indexing"": [""tensor_descriptor"", ""tensor_descriptor"", ""tensor_descriptor""], ""l2_groupings"": [2], ""load_eviction_policies"": [""first"", ""first""], ""loop_orders"": [[0, 1]], ""maxnreg"": null, ""num_sm_multiplier"": 128, ""num_stages"": 1, ""num_warps"": 1, ""pid_type"": ""persistent_blocked"", ""range_flattens"": [null, null], ""range_multi_buffers"": [null, false], ""range_num_stages"": [0, 0], ""range_unroll_factors"": [0, 0], ""range_warp_specializes"": [true, null]}",ok,13892.607688903809,0.03254103660583496,0
matmul,MM_006,3072x3072x3072,train,1,heuristics,0,026f76b88a49b769,"{""atomic_indexing"": [], ""block_sizes"": [16, 16, 16], ""indexing"": [""tensor_descriptor"", ""tensor_descriptor"", ""tensor_descriptor""], ""l2_groupings"": [32], ""load_eviction_policies"": [""last"", ""last""], ""loop_orders"": [[0, 1]], ""num_stages"": 4, ""num_warps"": 4, ""pid_type"": ""flat"", ""range_flattens"": [null, true], ""range_multi_buffers"": [null, false], ""range_num_stages"": [0, 0], ""range_unroll_factors"": [0, 0], ""range_warp_specializes"": [null, false]}",ok,2697.2960233688354,0.03230643272399902,0
matmul,MM_006,3072x3072x3072,train,1,heuristics,0,090aec8abf44546c,"{""atomic_indexing"": [], ""block_sizes"": [128, 128, 64], ""indexing"": [""pointer"", ""pointer"", ""pointer""], ""l2_groupings"": [8], ""load_eviction_policies"": ["""", """"], ""loop_orders"": [[0, 1]], ""num_sm_multiplier"": 1, ""num_stages"": 3, ""num_warps"": 8, ""pid_type"": ""persistent_blocked"", ""range_flattens"": [null, null], ""range_multi_buffers"": [null, null], ""range_num_stages"": [0, 0], ""range_unroll_factors"": [0, 0], ""range_warp_specializes"": [null, null]}",ok,97.21600264310837,0.06089591979980469,0
matmul,MM_006,3072x3072x3072,train,1,heuristics,0,3d43570053353335,"{""atomic_indexing"": [], ""block_sizes"": [64, 128, 64], ""indexing"": [""tensor_descriptor"", ""tensor_descriptor"", ""tensor_descriptor""], ""l2_groupings"": [16], ""load_eviction_policies"": ["""", """"], ""loop_orders"": [[0, 1]], ""num_sm_multiplier"": 1, ""num_stages"": 4, ""num_warps"": 4, ""pid_type"": ""persistent_blocked"", ""range_flattens"": [null, null], ""range_multi_buffers"": [null, null], ""range_num_stages"": [0, 0], ""range_unroll_factors"": [0, 0], ""range_warp_specializes"": [null, null]}",ok,122.94399738311768,0.04530453681945801,0
matmul,MM_006,3072x3072x3072,train,1,heuristics,0,99627137aca4b7d9,"{""atomic_indexing"": [], ""block_sizes"": [128, 256, 64], ""indexing"": [""pointer"", ""pointer"", ""pointer""], ""l2_groupings"": [8], ""load_eviction_policies"": ["""", """"], ""loop_orders"": [[0, 1]], ""maxnreg"": 256, ""num_sm_multiplier"": 1, ""num_stages"": 3, ""num_warps"": 8, ""pid_type"": ""persistent_interleaved"", ""range_flattens"": [null, null], ""range_multi_buffers"": [true, null], ""range_num_stages"": [0, 0], ""range_unroll_factors"": [0, 0], ""range_warp_specializes"": [null, null]}",ok,60.416001826524734,0.031106948852539062,0
matmul,MM_006,3072x3072x3072,train,1,heuristics,0,3e1e8d0ce98475de,"{""atomic_indexing"": [], ""block_sizes"": [128, 128, 32], ""indexing"": [""pointer"", ""pointer"", ""pointer""], ""l2_groupings"": [1], ""load_eviction_policies"": ["""", """"], ""loop_orders"": [[0, 1]], ""num_stages"": 2, ""num_warps"": 4, ""pid_type"": ""flat"", ""range_flattens"": [null, null], ""range_multi_buffers"": [null, null], ""range_num_stages"": [0, 0], ""range_unroll_factors"": [0, 0], ""range_warp_specializes"": [null, null]}",ok,160.76800227165222,0.025478363037109375,0
matmul,MM_006,3072x3072x3072,train,1,heuristics,0,50dc5146d01cc172,"{""atomic_indexing"": [], ""block_sizes"": [64, 64, 32], ""indexing"": [""pointer"", ""pointer"", ""pointer""], ""l2_groupings"": [4], ""load_eviction_policies"": ["""", """"], ""loop_orders"": [[0, 1]], ""num_sm_multiplier"": 1, ""num_stages"": 2, ""num_warps"": 4, ""pid_type"": ""persistent_blocked"", ""range_flattens"": [null, null], ""range_multi_buffers"": [null, null], ""range_num_stages"": [0, 0], ""range_unroll_factors"": [0, 0], ""range_warp_specializes"": [null, null]}",ok,698.5119879245758,0.2476205825805664,0
matmul,MM_006,3072x3072x3072,train,2,heuristics,0,61e92bd6b24c170e,"{""atomic_indexing"": [], ""block_sizes"": [256, 256, 32], ""indexing"": [""pointer"", ""pointer"", ""pointer""], ""l2_groupings"": [16], ""load_eviction_policies"": ["""", """"], ""loop_orders"": [[0, 1]], ""num_stages"": 4, ""num_warps"": 8, ""pid_type"": ""flat"", ""range_flattens"": [null, null], ""range_multi_buffers"": [null, null], ""range_num_stages"": [0, 0], ""range_unroll_factors"": [0, 0], ""range_warp_specializes"": [null, null]}",ok,48.128001391887665,0.06163644790649414,1
matmul,MM_006,3072x3072x3072,train,2,heuristics,0,7d0aff38f0ba9fdd,"{""atomic_indexing"": [], ""block_sizes"": [16, 16, 16], ""indexing"": [""pointer"", ""pointer"", ""pointer""], ""l2_groupings"": [1], ""load_eviction_policies"": ["""", """"], ""loop_orders"": [[0, 1]], ""num_stages"": 1, ""num_warps"": 4, ""pid_type"": ""flat"", ""range_flattens"": [null, null], ""range_multi_buffers"": [null, null], ""range_num_stages"": [0, 0], ""range_unroll_factors"": [0, 0], ""range_warp_specializes"": [null, null]}",ok,1843.3600068092346,0.04551506042480469,0
matmul,MM_006,3072x3072x3072,train,2,heuristics,0,f9636b516f5ee45f,"{""atomic_indexing"": [], ""block_sizes"": [16, 16, 16], ""indexing"": [""pointer"", ""tensor_descriptor"", ""pointer""], ""l2_groupings"": [16], ""load_eviction_policies"": [""first"", """"], ""loop_orders"": [[1, 0]], ""num_stages"": 8, ""num_warps"": 4, ""pid_type"": ""flat"", ""range_flattens"": [null, null], ""range_multi_buffers"": [null, null], ""range_num_stages"": [0, 0], ""range_unroll_factors"": [0, 0], ""range_warp_specializes"": [null, true]}",ok,6288.447856903076,0.0325162410736084,0
matmul,MM_006,3072x3072x3072,train,2,heuristics,0,c2ec0c17c018e0dd,"{""atomic_indexing"": [], ""block_sizes"": [16, 16, 16], ""epilogue_subtile"": 2, ""indexing"": [""tensor_descriptor"", ""tensor_descriptor"", ""tensor_descriptor""], ""l2_groupings"": [2], ""load_eviction_policies"": [""first"", ""first""], ""loop_orders"": [[0, 1]], ""maxnreg"": null, ""num_sm_multiplier"": 128, ""num_stages"": 1, ""num_warps"": 1, ""pid_type"": ""persistent_blocked"", ""range_flattens"": [null, null], ""range_multi_buffers"": [null, false], ""range_num_stages"": [0, 0], ""range_unroll_factors"": [0, 0], ""range_warp_specializes"": [true, null]}",ok,13893.600463867188,0.026232242584228516,0
matmul,MM_006,3072x3072x3072,train,2,heuristics,0,026f76b88a49b769,"{""atomic_indexing"": [], ""block_sizes"": [16, 16, 16], ""indexing"": [""tensor_descriptor"", ""tensor_descriptor"", ""tensor_descriptor""], ""l2_groupings"": [32], ""load_eviction_policies"": [""last"", ""last""], ""loop_orders"": [[0, 1]], ""num_stages"": 4, ""num_warps"": 4, ""pid_type"": ""flat"", ""range_flattens"": [null, true], ""range_multi_buffers"": [null, false], ""range_num_stages"": [0, 0], ""range_unroll_factors"": [0, 0], ""range_warp_specializes"": [null, false]}",ok,2697.216033935547,0.042398691177368164,0
matmul,MM_006,3072x3072x3072,train,2,heuristics,0,949477b0c86c71e4,"{""atomic_indexing"": [], ""block_sizes"": [128, 128, 64], ""indexing"": [""pointer"", ""pointer"", ""pointer""], ""l2_groupings"": [8], ""load_eviction_policies"": ["""", """"], ""loop_orders"": [[0, 1]], ""num_sm_multiplier"": 1, ""num_stages"": 3, ""num_warps"": 4, ""pid_type"": ""persistent_blocked"", ""range_flattens"": [null, null], ""range_multi_buffers"": [null, null], ""range_num_stages"": [0, 0], ""range_unroll_factors"": [0, 0], ""range_warp_specializes"": [null, null]}",ok,98.27200323343277,0.05022120475769043,0
matmul,MM_006,3072x3072x3072,train,2,heuristics,0,3e4eb3883b3ed971,"{""atomic_indexing"": [], ""block_sizes"": [128, 128, 32], ""indexing"": [""tensor_descriptor"", ""tensor_descriptor"", ""tensor_descriptor""], ""l2_groupings"": [16], ""load_eviction_policies"": ["""", """"], ""loop_orders"": [[0, 1]], ""num_sm_multiplier"": 1, ""num_stages"": 4, ""num_warps"": 4, ""pid_type"": ""persistent_blocked"", ""range_flattens"": [null, null], ""range_multi_buffers"": [null, null], ""range_num_stages"": [0, 0], ""range_unroll_factors"": [0, 0], ""range_warp_specializes"": [null, null]}",ok,115.64800143241882,0.2251126766204834,0
matmul,MM_006,3072x3072x3072,train,2,heuristics,0,62ed7e4c27107991,"{""atomic_indexing"": [], ""block_sizes"": [64, 128, 64], ""indexing"": [""pointer"", ""pointer"", ""pointer""], ""l2_groupings"": [8], ""load_eviction_policies"": ["""", """"], ""loop_orders"": [[0, 1]], ""num_sm_multiplier"": 1, ""num_stages"": 3, ""num_warps"": 4, ""pid_type"": ""persistent_interleaved"", ""range_flattens"": [null, null], ""range_multi_buffers"": [true, null], ""range_num_stages"": [0, 0], ""range_unroll_factors"": [0, 0], ""range_warp_specializes"": [null, null]}",ok,140.32000303268433,0.02493572235107422,0
matmul,MM_006,3072x3072x3072,train,2,heuristics,0,4961c33091893afd,"{""atomic_indexing"": [], ""block_sizes"": [128, 256, 64], ""indexing"": [""pointer"", ""pointer"", ""pointer""], ""l2_groupings"": [8], ""load_eviction_policies"": [""first"", ""first""], ""loop_orders"": [[0, 1]], ""maxnreg"": 128, ""num_sm_multiplier"": 1, ""num_stages"": 3, ""num_warps"": 8, ""pid_type"": ""persistent_blocked"", ""range_flattens"": [null, null], ""range_multi_buffers"": [null, null], ""range_num_stages"": [0, 0], ""range_unroll_factors"": [0, 0], ""range_warp_specializes"": [null, null]}",ok,60.54399907588959,0.3295450210571289,0
matmul,MM_006,3072x3072x3072,train,2,heuristics,0,d4d126b8b4e80dbe,"{""atomic_indexing"": [], ""block_sizes"": [64, 64, 32], ""indexing"": [""pointer"", ""pointer"", ""pointer""], ""l2_groupings"": [1], ""load_eviction_policies"": ["""", """"], ""loop_orders"": [[0, 1]], ""num_stages"": 2, ""num_warps"": 4, ""pid_type"": ""flat"", ""range_flattens"": [null, null], ""range_multi_buffers"": [null, null], ""range_num_stages"": [0, 0], ""range_unroll_factors"": [0, 0], ""range_warp_specializes"": [null, null]}",ok,168.94400119781494,0.0255277156829834,0
matmul,MM_007,3840x3840x3840,train,0,heuristics,0,61e92bd6b24c170e,"{""atomic_indexing"": [], ""block_sizes"": [256, 256, 32], ""indexing"": [""pointer"", ""pointer"", ""pointer""], ""l2_groupings"": [16], ""load_eviction_policies"": ["""", """"], ""loop_orders"": [[0, 1]], ""num_stages"": 4, ""num_warps"": 8, ""pid_type"": ""flat"", ""range_flattens"": [null, null], ""range_multi_buffers"": [null, null], ""range_num_stages"": [0, 0], ""range_unroll_factors"": [0, 0], ""range_warp_specializes"": [null, null]}",ok,103.58399897813797,0.3766000270843506,1
matmul,MM_007,3840x3840x3840,train,0,heuristics,0,7d0aff38f0ba9fdd,"{""atomic_indexing"": [], ""block_sizes"": [16, 16, 16], ""indexing"": [""pointer"", ""pointer"", ""pointer""], ""l2_groupings"": [1], ""load_eviction_policies"": ["""", """"], ""loop_orders"": [[0, 1]], ""num_stages"": 1, ""num_warps"": 4, ""pid_type"": ""flat"", ""range_flattens"": [null, null], ""range_multi_buffers"": [null, null], ""range_num_stages"": [0, 0], ""range_unroll_factors"": [0, 0], ""range_warp_specializes"": [null, null]}",ok,3598.144054412842,0.03600955009460449,0
matmul,MM_007,3840x3840x3840,train,0,heuristics,0,f9636b516f5ee45f,"{""atomic_indexing"": [], ""block_sizes"": [16, 16, 16], ""indexing"": [""pointer"", ""tensor_descriptor"", ""pointer""], ""l2_groupings"": [16], ""load_eviction_policies"": [""first"", """"], ""loop_orders"": [[1, 0]], ""num_stages"": 8, ""num_warps"": 4, ""pid_type"": ""flat"", ""range_flattens"": [null, null], ""range_multi_buffers"": [null, null], ""range_num_stages"": [0, 0], ""range_unroll_factors"": [0, 0], ""range_warp_specializes"": [null, true]}",ok,12015.615940093994,0.1678779125213623,0
matmul,MM_007,3840x3840x3840,train,0,heuristics,0,c2ec0c17c018e0dd,"{""atomic_indexing"": [], ""block_sizes"": [16, 16, 16], ""epilogue_subtile"": 2, ""indexing"": [""tensor_descriptor"", ""tensor_descriptor"", ""tensor_descriptor""], ""l2_groupings"": [2], ""load_eviction_policies"": [""first"", ""first""], ""loop_orders"": [[0, 1]], ""maxnreg"": null, ""num_sm_multiplier"": 128, ""num_stages"": 1, ""num_warps"": 1, ""pid_type"": ""persistent_blocked"", ""range_flattens"": [null, null], ""range_multi_buffers"": [null, false], ""range_num_stages"": [0, 0], ""range_unroll_factors"": [0, 0], ""range_warp_specializes"": [true, null]}",ok,26148.86474609375,0.1600492000579834,0
matmul,MM_007,3840x3840x3840,train,0,heuristics,0,026f76b88a49b769,"{""atomic_indexing"": [], ""block_sizes"": [16, 16, 16], ""indexing"": [""tensor_descriptor"", ""tensor_descriptor"", ""tensor_descriptor""], ""l2_groupings"": [32], ""load_eviction_policies"": [""last"", ""last""], ""loop_orders"": [[0, 1]], ""num_stages"": 4, ""num_warps"": 4, ""pid_type"": ""flat"", ""range_flattens"": [null, true], ""range_multi_buffers"": [null, false], ""range_num_stages"": [0, 0], ""range_unroll_factors"": [0, 0], ""range_warp_specializes"": [null, false]}",ok,5177.343845367432,0.11188936233520508,0
matmul,MM_007,3840x3840x3840,train,0,heuristics,0,090aec8abf44546c,"{""atomic_indexing"": [], ""block_sizes"": [128, 128, 64], ""indexing"": [""pointer"", ""pointer"", ""pointer""], ""l2_groupings"": [8], ""load_eviction_policies"": ["""", """"], ""loop_orders"": [[0, 1]], ""num_sm_multiplier"": 1, ""num_stages"": 3, ""num_warps"": 8, ""pid_type"": ""persistent_blocked"", ""range_flattens"": [null, null], ""range_multi_buffers"": [null, null], ""range_num_stages"": [0, 0], ""range_unroll_factors"": [0, 0], ""range_warp_specializes"": [null, null]}",ok,193.53599846363068,0.0384521484375,0
matmul,MM_007,3840x3840x3840,train,0,heuristics,0,e11ff6212b22864d,"{""atomic_indexing"": [], ""block_sizes"": [128, 256, 64], ""indexing"": [""tensor_descriptor"", ""tensor_descriptor"", ""tensor_descriptor""], ""l2_groupings"": [16], ""load_eviction_policies"": ["""", """"], ""loop_orders"": [[0, 1]], ""num_sm_multiplier"": 1, ""num_stages"": 4, ""num_warps"": 8, ""pid_type"": ""persistent_blocked"", ""range_flattens"": [null, null], ""range_multi_buffers"": [true, null], ""range_num_stages"": [0, 0], ""range_unroll_factors"": [0, 0], ""range_warp_specializes"": [null, null]}",error,inf,0.22282099723815918,0
matmul,MM_007,3840x3840x3840,train,0,heuristics,0,11bced38861af1d5,"{""atomic_indexing"": [], ""block_sizes"": [64, 128, 64], ""indexing"": [""pointer"", ""pointer"", ""pointer""], ""l2_groupings"": [8], ""load_eviction_policies"": ["""", """"], ""loop_orders"": [[0, 1]], ""num_sm_multiplier"": 1, ""num_stages"": 3, ""num_warps"": 4, ""pid_type"": ""persistent_interleaved"", ""range_flattens"": [null, null], ""range_multi_buffers"": [null, null], ""range_num_stages"": [0, 0], ""range_unroll_factors"": [0, 0], ""range_warp_specializes"": [null, null]}",ok,252.06398963928223,0.02594137191772461,0
matmul,MM_007,3840x3840x3840,train,0,heuristics,0,6875f9d24fa13ec8,"{""atomic_indexing"": [], ""block_sizes"": [128, 128, 32], ""indexing"": [""pointer"", ""pointer"", ""pointer""], ""l2_groupings"": [4], ""load_eviction_policies"": ["""", """"], ""loop_orders"": [[0, 1]], ""maxnreg"": 128, ""num_sm_multiplier"": 1, ""num_stages"": 3, ""num_warps"": 8, ""pid_type"": ""persistent_blocked"", ""range_flattens"": [null, null], ""range_multi_buffers"": [null, null], ""range_num_stages"": [0, 0], ""range_unroll_factors"": [0, 0], ""range_warp_specializes"": [null, null]}",ok,326.7199993133545,0.23503851890563965,0
matmul,MM_007,3840x3840x3840,train,0,heuristics,0,449e89bf72ac40d1,"{""atomic_indexing"": [], ""block_sizes"": [256, 128, 64], ""epilogue_subtile"": 2, ""indexing"": [""tensor_descriptor"", ""tensor_descriptor"", ""tensor_descriptor""], ""l2_groupings"": [16], ""load_eviction_policies"": [""first"", ""first""], ""loop_orders"": [[0, 1]], ""num_sm_multiplier"": 1, ""num_stages"": 4, ""num_warps"": 8, ""pid_type"": ""persistent_blocked"", ""range_flattens"": [null, null], ""range_multi_buffers"": [null, null], ""range_num_stages"": [0, 0], ""range_unroll_factors"": [0, 0], ""range_warp_specializes"": [null, null]}",ok,126.08000636100769,0.23947548866271973,0
matmul,MM_007,3840x3840x3840,train,1,heuristics,0,61e92bd6b24c170e,"{""atomic_indexing"": [], ""block_sizes"": [256, 256, 32], ""indexing"": [""pointer"", ""pointer"", ""pointer""], ""l2_groupings"": [16], ""load_eviction_policies"": ["""", """"], ""loop_orders"": [[0, 1]], ""num_stages"": 4, ""num_warps"": 8, ""pid_type"": ""flat"", ""range_flattens"": [null, null], ""range_multi_buffers"": [null, null], ""range_num_stages"": [0, 0], ""range_unroll_factors"": [0, 0], ""range_warp_specializes"": [null, null]}",ok,103.4879982471466,0.035773515701293945,1
matmul,MM_007,3840x3840x3840,train,1,heuristics,0,7d0aff38f0ba9fdd,"{""atomic_indexing"": [], ""block_sizes"": [16, 16, 16], ""indexing"": [""pointer"", ""pointer"", ""pointer""], ""l2_groupings"": [1], ""load_eviction_policies"": ["""", """"], ""loop_orders"": [[0, 1]], ""num_stages"": 1, ""num_warps"": 4, ""pid_type"": ""flat"", ""range_flattens"": [null, null], ""range_multi_buffers"": [null, null], ""range_num_stages"": [0, 0], ""range_unroll_factors"": [0, 0], ""range_warp_specializes"": [null, null]}",ok,3598.4320640563965,0.03012394905090332,0
matmul,MM_007,3840x3840x3840,train,1,heuristics,0,f9636b516f5ee45f,"{""atomic_indexing"": [], ""block_sizes"": [16, 16, 16], ""indexing"": [""pointer"", ""tensor_descriptor"", ""pointer""], ""l2_groupings"": [16], ""load_eviction_policies"": [""first"", """"], ""loop_orders"": [[1, 0]], ""num_stages"": 8, ""num_warps"": 4, ""pid_type"": ""flat"", ""range_flattens"": [null, null], ""range_multi_buffers"": [null, null], ""range_num_stages"": [0, 0], ""range_unroll_factors"": [0, 0], ""range_warp_specializes"": [null, true]}",ok,12013.055801391602,0.023221969604492188,0
matmul,MM_007,3840x3840x3840,train,1,heuristics,0,c2ec0c17c018e0dd,"{""atomic_indexing"": [], ""block_sizes"": [16, 16, 16], ""epilogue_subtile"": 2, ""indexing"": [""tensor_descriptor"", ""tensor_descriptor"", ""tensor_descriptor""], ""l2_groupings"": [2], ""load_eviction_policies"": [""first"", ""first""], ""loop_orders"": [[0, 1]], ""maxnreg"": null, ""num_sm_multiplier"": 128, ""num_stages"": 1, ""num_warps"": 1, ""pid_type"": ""persistent_blocked"", ""range_flattens"": [null, null], ""range_multi_buffers"": [null, false], ""range_num_stages"": [0, 0], ""range_unroll_factors"": [0, 0], ""range_warp_specializes"": [true, null]}",ok,26169.376373291016,0.020096540451049805,0
matmul,MM_007,3840x3840x3840,train,1,heuristics,0,026f76b88a49b769,"{""atomic_indexing"": [], ""block_sizes"": [16, 16, 16], ""indexing"": [""tensor_descriptor"", ""tensor_descriptor"", ""tensor_descriptor""], ""l2_groupings"": [32], ""load_eviction_policies"": [""last"", ""last""], ""loop_orders"": [[0, 1]], ""num_stages"": 4, ""num_warps"": 4, ""pid_type"": ""flat"", ""range_flattens"": [null, true], ""range_multi_buffers"": [null, false], ""range_num_stages"": [0, 0], ""range_unroll_factors"": [0, 0], ""range_warp_specializes"": [null, false]}",ok,5183.296203613281,0.020485401153564453,0
matmul,MM_007,3840x3840x3840,train,1,heuristics,0,090aec8abf44546c,"{""atomic_indexing"": [], ""block_sizes"": [128, 128, 64], ""indexing"": [""pointer"", ""pointer"", ""pointer""], ""l2_groupings"": [8], ""load_eviction_policies"": ["""", """"], ""loop_orders"": [[0, 1]], ""num_sm_multiplier"": 1, ""num_stages"": 3, ""num_warps"": 8, ""pid_type"": ""persistent_blocked"", ""range_flattens"": [null, null], ""range_multi_buffers"": [null, null], ""range_num_stages"": [0, 0], ""range_unroll_factors"": [0, 0], ""range_warp_specializes"": [null, null]}",ok,191.42399728298187,0.03618979454040527,0
matmul,MM_007,3840x3840x3840,train,1,heuristics,0,821949f2b73e72ce,"{""atomic_indexing"": [], ""block_sizes"": [128, 256, 64], ""indexing"": [""tensor_descriptor"", ""tensor_descriptor"", ""tensor_descriptor""], ""l2_groupings"": [16], ""load_eviction_policies"": ["""", """"], ""loop_orders"": [[0, 1]], ""maxnreg"": 256, ""num_sm_multiplier"": 1, ""num_stages"": 4, ""num_warps"": 8, ""pid_type"": ""persistent_blocked"", ""range_flattens"": [null, null], ""range_multi_buffers"": [true, null], ""range_num_stages"": [0, 0], ""range_unroll_factors"": [0, 0], ""range_warp_specializes"": [null, null]}",error,inf,0.22694039344787598,0
matmul,MM_007,3840x3840x3840,train,1,heuristics,0,11bced38861af1d5,"{""atomic_indexing"": [], ""block_sizes"": [64, 128, 64], ""indexing"": [""pointer"", ""pointer"", ""pointer""], ""l2_groupings"": [8], ""load_eviction_policies"": ["""", """"], ""loop_orders"": [[0, 1]], ""num_sm_multiplier"": 1, ""num_stages"": 3, ""num_warps"": 4, ""pid_type"": ""persistent_interleaved"", ""range_flattens"": [null, null], ""range_multi_buffers"": [null, null], ""range_num_stages"": [0, 0], ""range_unroll_factors"": [0, 0], ""range_warp_specializes"": [null, null]}",ok,250.0160038471222,0.021872997283935547,0
matmul,MM_007,3840x3840x3840,train,1,heuristics,0,525c68972e725caf,"{""atomic_indexing"": [], ""block_sizes"": [128, 128, 32], ""indexing"": [""pointer"", ""pointer"", ""pointer""], ""l2_groupings"": [1], ""load_eviction_policies"": ["""", """"], ""loop_orders"": [[0, 1]], ""num_stages"": 3, ""num_warps"": 8, ""pid_type"": ""flat"", ""range_flattens"": [null, null], ""range_multi_buffers"": [null, null], ""range_num_stages"": [0, 0], ""range_unroll_factors"": [0, 0], ""range_warp_specializes"": [null, null]}",ok,188.54400515556335,0.21500635147094727,0
matmul,MM_007,3840x3840x3840,train,1,heuristics,0,c3b4983ac77f2904,"{""atomic_indexing"": [], ""block_sizes"": [256, 128, 64], ""epilogue_subtile"": 2, ""indexing"": [""tensor_descriptor"", ""tensor_descriptor"", ""tensor_descriptor""], ""l2_groupings"": [32], ""load_eviction_policies"": ["""", """"], ""loop_orders"": [[0, 1]], ""maxnreg"": 128, ""num_sm_multiplier"": 1, ""num_stages"": 4, ""num_warps"": 8, ""pid_type"": ""persistent_blocked"", ""range_flattens"": [null, null], ""range_multi_buffers"": [null, null], ""range_num_stages"": [0, 0], ""range_unroll_factors"": [0, 0], ""range_warp_specializes"": [null, null]}",ok,126.11199915409088,0.026270627975463867,0
matmul,MM_007,3840x3840x3840,train,2,heuristics,0,61e92bd6b24c170e,"{""atomic_indexing"": [], ""block_sizes"": [256, 256, 32], ""indexing"": [""pointer"", ""pointer"", ""pointer""], ""l2_groupings"": [16], ""load_eviction_policies"": ["""", """"], ""loop_orders"": [[0, 1]], ""num_stages"": 4, ""num_warps"": 8, ""pid_type"": ""flat"", ""range_flattens"": [null, null], ""range_multi_buffers"": [null, null], ""range_num_stages"": [0, 0], ""range_unroll_factors"": [0, 0], ""range_warp_specializes"": [null, null]}",ok,104.54399883747101,0.03693556785583496,1
matmul,MM_007,3840x3840x3840,train,2,heuristics,0,7d0aff38f0ba9fdd,"{""atomic_indexing"": [], ""block_sizes"": [16, 16, 16], ""indexing"": [""pointer"", ""pointer"", ""pointer""], ""l2_groupings"": [1], ""load_eviction_policies"": ["""", """"], ""loop_orders"": [[0, 1]], ""num_stages"": 1, ""num_warps"": 4, ""pid_type"": ""flat"", ""range_flattens"": [null, null], ""range_multi_buffers"": [null, null], ""range_num_stages"": [0, 0], ""range_unroll_factors"": [0, 0], ""range_warp_specializes"": [null, null]}",ok,3597.343921661377,0.02989029884338379,0
matmul,MM_007,3840x3840x3840,train,2,heuristics,0,f9636b516f5ee45f,"{""atomic_indexing"": [], ""block_sizes"": [16, 16, 16], ""indexing"": [""pointer"", ""tensor_descriptor"", ""pointer""], ""l2_groupings"": [16], ""load_eviction_policies"": [""first"", """"], ""loop_orders"": [[1, 0]], ""num_stages"": 8, ""num_warps"": 4, ""pid_type"": ""flat"", ""range_flattens"": [null, null], ""range_multi_buffers"": [null, null], ""range_num_stages"": [0, 0], ""range_unroll_factors"": [0, 0], ""range_warp_specializes"": [null, true]}",ok,12014.063835144043,0.023181676864624023,0
matmul,MM_007,3840x3840x3840,train,2,heuristics,0,c2ec0c17c018e0dd,"{""atomic_indexing"": [], ""block_sizes"": [16, 16, 16], ""epilogue_subtile"": 2, ""indexing"": [""tensor_descriptor"", ""tensor_descriptor"", ""tensor_descriptor""], ""l2_groupings"": [2], ""load_eviction_policies"": [""first"", ""first""], ""loop_orders"": [[0, 1]], ""maxnreg"": null, ""num_sm_multiplier"": 128, ""num_stages"": 1, ""num_warps"": 1, ""pid_type"": ""persistent_blocked"", ""range_flattens"": [null, null], ""range_multi_buffers"": [null, false], ""range_num_stages"": [0, 0], ""range_unroll_factors"": [0, 0], ""range_warp_specializes"": [true, null]}",ok,26181.631088256836,0.018683433532714844,0
matmul,MM_007,3840x3840x3840,train,2,heuristics,0,026f76b88a49b769,"{""atomic_indexing"": [], ""block_sizes"": [16, 16, 16], ""indexing"": [""tensor_descriptor"", ""tensor_descriptor"", ""tensor_descriptor""], ""l2_groupings"": [32], ""load_eviction_policies"": [""last"", ""last""], ""loop_orders"": [[0, 1]], ""num_stages"": 4, ""num_warps"": 4, ""pid_type"": ""flat"", ""range_flattens"": [null, true], ""range_multi_buffers"": [null, false], ""range_num_stages"": [0, 0], ""range_unroll_factors"": [0, 0], ""range_warp_specializes"": [null, false]}",ok,5184.512138366699,0.019856929779052734,0
matmul,MM_007,3840x3840x3840,train,2,heuristics,0,090aec8abf44546c,"{""atomic_indexing"": [], ""block_sizes"": [128, 128, 64], ""indexing"": [""pointer"", ""pointer"", ""pointer""], ""l2_groupings"": [8], ""load_eviction_policies"": ["""", """"], ""loop_orders"": [[0, 1]], ""num_sm_multiplier"": 1, ""num_stages"": 3, ""num_warps"": 8, ""pid_type"": ""persistent_blocked"", ""range_flattens"": [null, null], ""range_multi_buffers"": [null, null], ""range_num_stages"": [0, 0], ""range_unroll_factors"": [0, 0], ""range_warp_specializes"": [null, null]}",ok,193.4719979763031,0.03713560104370117,0
matmul,MM_007,3840x3840x3840,train,2,heuristics,0,4e4b100e2052c86a,"{""atomic_indexing"": [], ""block_sizes"": [128, 256, 64], ""indexing"": [""tensor_descriptor"", ""tensor_descriptor"", ""tensor_descriptor""], ""l2_groupings"": [16], ""load_eviction_policies"": ["""", """"], ""loop_orders"": [[0, 1]], ""maxnreg"": 256, ""num_sm_multiplier"": 1, ""num_stages"": 4, ""num_warps"": 8, ""pid_type"": ""persistent_blocked"", ""range_flattens"": [null, null], ""range_multi_buffers"": [null, null], ""range_num_stages"": [0, 0], ""range_unroll_factors"": [0, 0], ""range_warp_specializes"": [null, null]}",error,inf,0.029810428619384766,0
matmul,MM_007,3840x3840x3840,train,2,heuristics,0,11bced38861af1d5,"{""atomic_indexing"": [], ""block_sizes"": [64, 128, 64], ""indexing"": [""pointer"", ""pointer"", ""pointer""], ""l2_groupings"": [8], ""load_eviction_policies"": ["""", """"], ""loop_orders"": [[0, 1]], ""num_sm_multiplier"": 1, ""num_stages"": 3, ""num_warps"": 4, ""pid_type"": ""persistent_interleaved"", ""range_flattens"": [null, null], ""range_multi_buffers"": [null, null], ""range_num_stages"": [0, 0], ""range_unroll_factors"": [0, 0], ""range_warp_specializes"": [null, null]}",ok,251.00800395011902,0.022722959518432617,0
matmul,MM_007,3840x3840x3840,train,2,heuristics,0,f358e563c17beaa9,"{""atomic_indexing"": [], ""block_sizes"": [128, 128, 32], ""indexing"": [""pointer"", ""pointer"", ""pointer""], ""l2_groupings"": [16], ""load_eviction_policies"": [""first"", ""last""], ""loop_orders"": [[0, 1]], ""num_sm_multiplier"": 1, ""num_stages"": 4, ""num_warps"": 8, ""pid_type"": ""persistent_blocked"", ""range_flattens"": [null, null], ""range_multi_buffers"": [true, null], ""range_num_stages"": [0, 0], ""range_unroll_factors"": [0, 0], ""range_warp_specializes"": [null, null]}",ok,232.4800044298172,0.27022814750671387,0
matmul,MM_007,3840x3840x3840,train,2,heuristics,0,abf7c72da3028a5b,"{""atomic_indexing"": [], ""block_sizes"": [256, 128, 32], ""epilogue_subtile"": 2, ""indexing"": [""pointer"", ""pointer"", ""pointer""], ""l2_groupings"": [32], ""load_eviction_policies"": ["""", """"], ""loop_orders"": [[0, 1]], ""maxnreg"": 128, ""num_sm_multiplier"": 1, ""num_stages"": 3, ""num_warps"": 8, ""pid_type"": ""persistent_blocked"", ""range_flattens"": [null, null], ""range_multi_buffers"": [null, null], ""range_num_stages"": [0, 0], ""range_unroll_factors"": [0, 0], ""range_warp_specializes"": [null, null]}",ok,218.1120067834854,0.3276653289794922,0
matmul,MM_008,4096x4096x4096,heldout,0,heuristics,0,61e92bd6b24c170e,"{""atomic_indexing"": [], ""block_sizes"": [256, 256, 32], ""indexing"": [""pointer"", ""pointer"", ""pointer""], ""l2_groupings"": [16], ""load_eviction_policies"": ["""", """"], ""loop_orders"": [[0, 1]], ""num_stages"": 4, ""num_warps"": 8, ""pid_type"": ""flat"", ""range_flattens"": [null, null], ""range_multi_buffers"": [null, null], ""range_num_stages"": [0, 0], ""range_unroll_factors"": [0, 0], ""range_warp_specializes"": [null, null]}",ok,115.61600118875504,0.3709852695465088,1
matmul,MM_008,4096x4096x4096,heldout,0,heuristics,0,7d0aff38f0ba9fdd,"{""atomic_indexing"": [], ""block_sizes"": [16, 16, 16], ""indexing"": [""pointer"", ""pointer"", ""pointer""], ""l2_groupings"": [1], ""load_eviction_policies"": ["""", """"], ""loop_orders"": [[0, 1]], ""num_stages"": 1, ""num_warps"": 4, ""pid_type"": ""flat"", ""range_flattens"": [null, null], ""range_multi_buffers"": [null, null], ""range_num_stages"": [0, 0], ""range_unroll_factors"": [0, 0], ""range_warp_specializes"": [null, null]}",ok,4495.887994766235,0.03446149826049805,0
matmul,MM_008,4096x4096x4096,heldout,0,heuristics,0,f9636b516f5ee45f,"{""atomic_indexing"": [], ""block_sizes"": [16, 16, 16], ""indexing"": [""pointer"", ""tensor_descriptor"", ""pointer""], ""l2_groupings"": [16], ""load_eviction_policies"": [""first"", """"], ""loop_orders"": [[1, 0]], ""num_stages"": 8, ""num_warps"": 4, ""pid_type"": ""flat"", ""range_flattens"": [null, null], ""range_multi_buffers"": [null, null], ""range_num_stages"": [0, 0], ""range_unroll_factors"": [0, 0], ""range_warp_specializes"": [null, true]}",ok,14502.943992614746,0.16611433029174805,0
matmul,MM_008,4096x4096x4096,heldout,0,heuristics,0,c2ec0c17c018e0dd,"{""atomic_indexing"": [], ""block_sizes"": [16, 16, 16], ""epilogue_subtile"": 2, ""indexing"": [""tensor_descriptor"", ""tensor_descriptor"", ""tensor_descriptor""], ""l2_groupings"": [2], ""load_eviction_policies"": [""first"", ""first""], ""loop_orders"": [[0, 1]], ""maxnreg"": null, ""num_sm_multiplier"": 128, ""num_stages"": 1, ""num_warps"": 1, ""pid_type"": ""persistent_blocked"", ""range_flattens"": [null, null], ""range_multi_buffers"": [null, false], ""range_num_stages"": [0, 0], ""range_unroll_factors"": [0, 0], ""range_warp_specializes"": [true, null]}",ok,31543.296813964844,0.1793067455291748,0
matmul,MM_008,4096x4096x4096,heldout,0,heuristics,0,026f76b88a49b769,"{""atomic_indexing"": [], ""block_sizes"": [16, 16, 16], ""indexing"": [""tensor_descriptor"", ""tensor_descriptor"", ""tensor_descriptor""], ""l2_groupings"": [32], ""load_eviction_policies"": [""last"", ""last""], ""loop_orders"": [[0, 1]], ""num_stages"": 4, ""num_warps"": 4, ""pid_type"": ""flat"", ""range_flattens"": [null, true], ""range_multi_buffers"": [null, false], ""range_num_stages"": [0, 0], ""range_unroll_factors"": [0, 0], ""range_warp_specializes"": [null, false]}",ok,6265.727996826172,0.11738204956054688,0
matmul,MM_008,4096x4096x4096,heldout,0,heuristics,0,090aec8abf44546c,"{""atomic_indexing"": [], ""block_sizes"": [128, 128, 64], ""indexing"": [""pointer"", ""pointer"", ""pointer""], ""l2_groupings"": [8], ""load_eviction_policies"": ["""", """"], ""loop_orders"": [[0, 1]], ""num_sm_multiplier"": 1, ""num_stages"": 3, ""num_warps"": 8, ""pid_type"": ""persistent_blocked"", ""range_flattens"": [null, null], ""range_multi_buffers"": [null, null], ""range_num_stages"": [0, 0], ""range_unroll_factors"": [0, 0], ""range_warp_specializes"": [null, null]}",ok,219.2319929599762,0.04875683784484863,0
matmul,MM_008,4096x4096x4096,heldout,0,heuristics,0,e11ff6212b22864d,"{""atomic_indexing"": [], ""block_sizes"": [128, 256, 64], ""indexing"": [""tensor_descriptor"", ""tensor_descriptor"", ""tensor_descriptor""], ""l2_groupings"": [16], ""load_eviction_policies"": ["""", """"], ""loop_orders"": [[0, 1]], ""num_sm_multiplier"": 1, ""num_stages"": 4, ""num_warps"": 8, ""pid_type"": ""persistent_blocked"", ""range_flattens"": [null, null], ""range_multi_buffers"": [true, null], ""range_num_stages"": [0, 0], ""range_unroll_factors"": [0, 0], ""range_warp_specializes"": [null, null]}",error,inf,0.03431248664855957,0
matmul,MM_008,4096x4096x4096,heldout,0,heuristics,0,783e8c34be12fdf6,"{""atomic_indexing"": [], ""block_sizes"": [64, 128, 64], ""indexing"": [""pointer"", ""pointer"", ""pointer""], ""l2_groupings"": [4], ""load_eviction_policies"": ["""", """"], ""loop_orders"": [[0, 1]], ""num_sm_multiplier"": 1, ""num_stages"": 3, ""num_warps"": 4, ""pid_type"": ""persistent_interleaved"", ""range_flattens"": [null, null], ""range_multi_buffers"": [null, null], ""range_num_stages"": [0, 0], ""range_unroll_factors"": [0, 0], ""range_warp_specializes"": [null, null]}",ok,271.39198780059814,0.021340370178222656,0
matmul,MM_008,4096x4096x4096,heldout,0,heuristics,0,525c68972e725caf,"{""atomic_indexing"": [], ""block_sizes"": [128, 128, 32], ""indexing"": [""pointer"", ""pointer"", ""pointer""], ""l2_groupings"": [1], ""load_eviction_policies"": ["""", """"], ""loop_orders"": [[0, 1]], ""num_stages"": 3, ""num_warps"": 8, ""pid_type"": ""flat"", ""range_flattens"": [null, null], ""range_multi_buffers"": [null, null], ""range_num_stages"": [0, 0], ""range_unroll_factors"": [0, 0], ""range_warp_specializes"": [null, null]}",ok,222.27199375629425,0.2108604907989502,0
matmul,MM_008,4096x4096x4096,heldout,0,heuristics,0,703c5f230a7a9f58,"{""atomic_indexing"": [], ""block_sizes"": [256, 128, 64], ""epilogue_subtile"": 2, ""indexing"": [""tensor_descriptor"", ""tensor_descriptor"", ""tensor_descriptor""], ""l2_groupings"": [32], ""load_eviction_policies"": ["""", """"], ""loop_orders"": [[0, 1]], ""maxnreg"": 256, ""num_sm_multiplier"": 1, ""num_stages"": 4, ""num_warps"": 8, ""pid_type"": ""persistent_blocked"", ""range_flattens"": [null, null], ""range_multi_buffers"": [null, null], ""range_num_stages"": [0, 0], ""range_unroll_factors"": [0, 0], ""range_warp_specializes"": [null, null]}",ok,134.11200046539307,0.023272275924682617,0
matmul,MM_008,4096x4096x4096,heldout,1,heuristics,0,61e92bd6b24c170e,"{""atomic_indexing"": [], ""block_sizes"": [256, 256, 32], ""indexing"": [""pointer"", ""pointer"", ""pointer""], ""l2_groupings"": [16], ""load_eviction_policies"": ["""", """"], ""loop_orders"": [[0, 1]], ""num_stages"": 4, ""num_warps"": 8, ""pid_type"": ""flat"", ""range_flattens"": [null, null], ""range_multi_buffers"": [null, null], ""range_num_stages"": [0, 0], ""range_unroll_factors"": [0, 0], ""range_warp_specializes"": [null, null]}",ok,115.55200070142746,0.03419899940490723,1
matmul,MM_008,4096x4096x4096,heldout,1,heuristics,0,7d0aff38f0ba9fdd,"{""atomic_indexing"": [], ""block_sizes"": [16, 16, 16], ""indexing"": [""pointer"", ""pointer"", ""pointer""], ""l2_groupings"": [1], ""load_eviction_policies"": ["""", """"], ""loop_orders"": [[0, 1]], ""num_stages"": 1, ""num_warps"": 4, ""pid_type"": ""flat"", ""range_flattens"": [null, null], ""range_multi_buffers"": [null, null], ""range_num_stages"": [0, 0], ""range_unroll_factors"": [0, 0], ""range_warp_specializes"": [null, null]}",ok,4511.264085769653,0.027870893478393555,0
matmul,MM_008,4096x4096x4096,heldout,1,heuristics,0,f9636b516f5ee45f,"{""atomic_indexing"": [], ""block_sizes"": [16, 16, 16], ""indexing"": [""pointer"", ""tensor_descriptor"", ""pointer""], ""l2_groupings"": [16], ""load_eviction_policies"": [""first"", """"], ""loop_orders"": [[1, 0]], ""num_stages"": 8, ""num_warps"": 4, ""pid_type"": ""flat"", ""range_flattens"": [null, null], ""range_multi_buffers"": [null, null], ""range_num_stages"": [0, 0], ""range_unroll_factors"": [0, 0], ""range_warp_specializes"": [null, true]}",ok,14502.943992614746,0.02149343490600586,0
matmul,MM_008,4096x4096x4096,heldout,1,heuristics,0,c2ec0c17c018e0dd,"{""atomic_indexing"": [], ""block_sizes"": [16, 16, 16], ""epilogue_subtile"": 2, ""indexing"": [""tensor_descriptor"", ""tensor_descriptor"", ""tensor_descriptor""], ""l2_groupings"": [2], ""load_eviction_policies"": [""first"", ""first""], ""loop_orders"": [[0, 1]], ""maxnreg"": null, ""num_sm_multiplier"": 128, ""num_stages"": 1, ""num_warps"": 1, ""pid_type"": ""persistent_blocked"", ""range_flattens"": [null, null], ""range_multi_buffers"": [null, false], ""range_num_stages"": [0, 0], ""range_unroll_factors"": [0, 0], ""range_warp_specializes"": [true, null]}",ok,31551.456451416016,0.01917243003845215,0
matmul,MM_008,4096x4096x4096,heldout,1,heuristics,0,026f76b88a49b769,"{""atomic_indexing"": [], ""block_sizes"": [16, 16, 16], ""indexing"": [""tensor_descriptor"", ""tensor_descriptor"", ""tensor_descriptor""], ""l2_groupings"": [32], ""load_eviction_policies"": [""last"", ""last""], ""loop_orders"": [[0, 1]], ""num_stages"": 4, ""num_warps"": 4, ""pid_type"": ""flat"", ""range_flattens"": [null, true], ""range_multi_buffers"": [null, false], ""range_num_stages"": [0, 0], ""range_unroll_factors"": [0, 0], ""range_warp_specializes"": [null, false]}",ok,6267.96817779541,0.01987624168395996,0
matmul,MM_008,4096x4096x4096,heldout,1,heuristics,0,090aec8abf44546c,"{""atomic_indexing"": [], ""block_sizes"": [128, 128, 64], ""indexing"": [""pointer"", ""pointer"", ""pointer""], ""l2_groupings"": [8], ""load_eviction_policies"": ["""", """"], ""loop_orders"": [[0, 1]], ""num_sm_multiplier"": 1, ""num_stages"": 3, ""num_warps"": 8, ""pid_type"": ""persistent_blocked"", ""range_flattens"": [null, null], ""range_multi_buffers"": [null, null], ""range_num_stages"": [0, 0], ""range_unroll_factors"": [0, 0], ""range_warp_specializes"": [null, null]}",ok,218.1439995765686,0.03484988212585449,0
matmul,MM_008,4096x4096x4096,heldout,1,heuristics,0,4e4b100e2052c86a,"{""atomic_indexing"": [], ""block_sizes"": [128, 256, 64], ""indexing"": [""tensor_descriptor"", ""tensor_descriptor"", ""tensor_descriptor""], ""l2_groupings"": [16], ""load_eviction_policies"": ["""", """"], ""loop_orders"": [[0, 1]], ""maxnreg"": 256, ""num_sm_multiplier"": 1, ""num_stages"": 4, ""num_warps"": 8, ""pid_type"": ""persistent_blocked"", ""range_flattens"": [null, null], ""range_multi_buffers"": [null, null], ""range_num_stages"": [0, 0], ""range_unroll_factors"": [0, 0], ""range_warp_specializes"": [null, null]}",error,inf,0.22236156463623047,0
matmul,MM_008,4096x4096x4096,heldout,1,heuristics,0,11bced38861af1d5,"{""atomic_indexing"": [], ""block_sizes"": [64, 128, 64], ""indexing"": [""pointer"", ""pointer"", ""pointer""], ""l2_groupings"": [8], ""load_eviction_policies"": ["""", """"], ""loop_orders"": [[0, 1]], ""num_sm_multiplier"": 1, ""num_stages"": 3, ""num_warps"": 4, ""pid_type"": ""persistent_interleaved"", ""range_flattens"": [null, null], ""range_multi_buffers"": [null, null], ""range_num_stages"": [0, 0], ""range_unroll_factors"": [0, 0], ""range_warp_specializes"": [null, null]}",ok,291.85599088668823,0.023944377899169922,0
matmul,MM_008,4096x4096x4096,heldout,1,heuristics,0,a9a7d389e9dda0ca,"{""atomic_indexing"": [], ""block_sizes"": [128, 128, 32], ""indexing"": [""pointer"", ""pointer"", ""pointer""], ""l2_groupings"": [4], ""load_eviction_policies"": ["""", """"], ""loop_orders"": [[0, 1]], ""num_stages"": 3, ""num_warps"": 8, ""pid_type"": ""flat"", ""range_flattens"": [null, null], ""range_multi_buffers"": [null, null], ""range_num_stages"": [0, 0], ""range_unroll_factors"": [0, 0], ""range_warp_specializes"": [null, null]}",ok,198.62399995326996,0.02167487144470215,0
matmul,MM_008,4096x4096x4096,heldout,1,heuristics,0,c3b4983ac77f2904,"{""atomic_indexing"": [], ""block_sizes"": [256, 128, 64], ""epilogue_subtile"": 2, ""indexing"": [""tensor_descriptor"", ""tensor_descriptor"", ""tensor_descriptor""], ""l2_groupings"": [32], ""load_eviction_policies"": ["""", """"], ""loop_orders"": [[0, 1]], ""maxnreg"": 128, ""num_sm_multiplier"": 1, ""num_stages"": 4, ""num_warps"": 8, ""pid_type"": ""persistent_blocked"", ""range_flattens"": [null, null], ""range_multi_buffers"": [null, null], ""range_num_stages"": [0, 0], ""range_unroll_factors"": [0, 0], ""range_warp_specializes"": [null, null]}",ok,134.0160071849823,0.22707200050354004,0
matmul,MM_008,4096x4096x4096,heldout,2,heuristics,0,61e92bd6b24c170e,"{""atomic_indexing"": [], ""block_sizes"": [256, 256, 32], ""indexing"": [""pointer"", ""pointer"", ""pointer""], ""l2_groupings"": [16], ""load_eviction_policies"": ["""", """"], ""loop_orders"": [[0, 1]], ""num_stages"": 4, ""num_warps"": 8, ""pid_type"": ""flat"", ""range_flattens"": [null, null], ""range_multi_buffers"": [null, null], ""range_num_stages"": [0, 0], ""range_unroll_factors"": [0, 0], ""range_warp_specializes"": [null, null]}",ok,113.63200098276138,0.036214590072631836,1
matmul,MM_008,4096x4096x4096,heldout,2,heuristics,0,7d0aff38f0ba9fdd,"{""atomic_indexing"": [], ""block_sizes"": [16, 16, 16], ""indexing"": [""pointer"", ""pointer"", ""pointer""], ""l2_groupings"": [1], ""load_eviction_policies"": ["""", """"], ""loop_orders"": [[0, 1]], ""num_stages"": 1, ""num_warps"": 4, ""pid_type"": ""flat"", ""range_flattens"": [null, null], ""range_multi_buffers"": [null, null], ""range_num_stages"": [0, 0], ""range_unroll_factors"": [0, 0], ""range_warp_specializes"": [null, null]}",ok,4471.839904785156,0.029076337814331055,0
matmul,MM_008,4096x4096x4096,heldout,2,heuristics,0,f9636b516f5ee45f,"{""atomic_indexing"": [], ""block_sizes"": [16, 16, 16], ""indexing"": [""pointer"", ""tensor_descriptor"", ""pointer""], ""l2_groupings"": [16], ""load_eviction_policies"": [""first"", """"], ""loop_orders"": [[1, 0]], ""num_stages"": 8, ""num_warps"": 4, ""pid_type"": ""flat"", ""range_flattens"": [null, null], ""range_multi_buffers"": [null, null], ""range_num_stages"": [0, 0], ""range_unroll_factors"": [0, 0], ""range_warp_specializes"": [null, true]}",ok,14500.896453857422,0.022374629974365234,0
matmul,MM_008,4096x4096x4096,heldout,2,heuristics,0,c2ec0c17c018e0dd,"{""atomic_indexing"": [], ""block_sizes"": [16, 16, 16], ""epilogue_subtile"": 2, ""indexing"": [""tensor_descriptor"", ""tensor_descriptor"", ""tensor_descriptor""], ""l2_groupings"": [2], ""load_eviction_policies"": [""first"", ""first""], ""loop_orders"": [[0, 1]], ""maxnreg"": null, ""num_sm_multiplier"": 128, ""num_stages"": 1, ""num_warps"": 1, ""pid_type"": ""persistent_blocked"", ""range_flattens"": [null, null], ""range_multi_buffers"": [null, false], ""range_num_stages"": [0, 0], ""range_unroll_factors"": [0, 0], ""range_warp_specializes"": [true, null]}",ok,31567.87109375,0.01999068260192871,0
matmul,MM_008,4096x4096x4096,heldout,2,heuristics,0,026f76b88a49b769,"{""atomic_indexing"": [], ""block_sizes"": [16, 16, 16], ""indexing"": [""tensor_descriptor"", ""tensor_descriptor"", ""tensor_descriptor""], ""l2_groupings"": [32], ""load_eviction_policies"": [""last"", ""last""], ""loop_orders"": [[0, 1]], ""num_stages"": 4, ""num_warps"": 4, ""pid_type"": ""flat"", ""range_flattens"": [null, true], ""range_multi_buffers"": [null, false], ""range_num_stages"": [0, 0], ""range_unroll_factors"": [0, 0], ""range_warp_specializes"": [null, false]}",ok,6268.959999084473,0.019329071044921875,0
matmul,MM_008,4096x4096x4096,heldout,2,heuristics,0,090aec8abf44546c,"{""atomic_indexing"": [], ""block_sizes"": [128, 128, 64], ""indexing"": [""pointer"", ""pointer"", ""pointer""], ""l2_groupings"": [8], ""load_eviction_policies"": ["""", """"], ""loop_orders"": [[0, 1]], ""num_sm_multiplier"": 1, ""num_stages"": 3, ""num_warps"": 8, ""pid_type"": ""persistent_blocked"", ""range_flattens"": [null, null], ""range_multi_buffers"": [null, null], ""range_num_stages"": [0, 0], ""range_unroll_factors"": [0, 0], ""range_warp_specializes"": [null, null]}",ok,219.26400065422058,0.034696340560913086,0
matmul,MM_008,4096x4096x4096,heldout,2,heuristics,0,3d43570053353335,"{""atomic_indexing"": [], ""block_sizes"": [64, 128, 64], ""indexing"": [""tensor_descriptor"", ""tensor_descriptor"", ""tensor_descriptor""], ""l2_groupings"": [16], ""load_eviction_policies"": ["""", """"], ""loop_orders"": [[0, 1]], ""num_sm_multiplier"": 1, ""num_stages"": 4, ""num_warps"": 4, ""pid_type"": ""persistent_blocked"", ""range_flattens"": [null, null], ""range_multi_buffers"": [null, null], ""range_num_stages"": [0, 0], ""range_unroll_factors"": [0, 0], ""range_warp_specializes"": [null, null]}",ok,279.53600883483887,0.20381712913513184,0
matmul,MM_008,4096x4096x4096,heldout,2,heuristics,0,99627137aca4b7d9,"{""atomic_indexing"": [], ""block_sizes"": [128, 256, 64], ""indexing"": [""pointer"", ""pointer"", ""pointer""], ""l2_groupings"": [8], ""load_eviction_policies"": ["""", """"], ""loop_orders"": [[0, 1]], ""maxnreg"": 256, ""num_sm_multiplier"": 1, ""num_stages"": 3, ""num_warps"": 8, ""pid_type"": ""persistent_interleaved"", ""range_flattens"": [null, null], ""range_multi_buffers"": [true, null], ""range_num_stages"": [0, 0], ""range_unroll_factors"": [0, 0], ""range_warp_specializes"": [null, null]}",ok,136.09600067138672,0.28325891494750977,0
matmul,MM_008,4096x4096x4096,heldout,2,heuristics,0,37b6bc9b1dfbc442,"{""atomic_indexing"": [], ""block_sizes"": [128, 128, 32], ""indexing"": [""pointer"", ""pointer"", ""pointer""], ""l2_groupings"": [4], ""load_eviction_policies"": ["""", """"], ""loop_orders"": [[0, 1]], ""num_stages"": 2, ""num_warps"": 4, ""pid_type"": ""flat"", ""range_flattens"": [null, null], ""range_multi_buffers"": [null, null], ""range_num_stages"": [0, 0], ""range_unroll_factors"": [0, 0], ""range_warp_specializes"": [null, null]}",ok,274.4959890842438,0.2594327926635742,0
matmul,MM_008,4096x4096x4096,heldout,2,heuristics,0,8a26568b3e320b8d,"{""atomic_indexing"": [], ""block_sizes"": [256, 128, 64], ""epilogue_subtile"": 2, ""indexing"": [""tensor_descriptor"", ""tensor_descriptor"", ""tensor_descriptor""], ""l2_groupings"": [32], ""load_eviction_policies"": ["""", """"], ""loop_orders"": [[0, 1]], ""num_sm_multiplier"": 1, ""num_stages"": 3, ""num_warps"": 8, ""pid_type"": ""persistent_blocked"", ""range_flattens"": [null, null], ""range_multi_buffers"": [null, null], ""range_num_stages"": [0, 0], ""range_unroll_factors"": [0, 0], ""range_warp_specializes"": [null, null]}",ok,168.86399686336517,0.24965596199035645,0
matmul,MM_009,2048x1024x2048,heldout,0,heuristics,0,4cc88bcb80a4e93a,"{""atomic_indexing"": [], ""block_sizes"": [128, 256, 32], ""indexing"": [""pointer"", ""pointer"", ""pointer""], ""l2_groupings"": [8], ""load_eviction_policies"": ["""", """"], ""loop_orders"": [[0, 1]], ""num_stages"": 4, ""num_warps"": 8, ""pid_type"": ""flat"", ""range_flattens"": [null, null], ""range_multi_buffers"": [null, null], ""range_num_stages"": [0, 0], ""range_unroll_factors"": [0, 0], ""range_warp_specializes"": [null, null]}",ok,19.487999379634857,0.2640650272369385,1
matmul,MM_009,2048x1024x2048,heldout,0,heuristics,0,7d0aff38f0ba9fdd,"{""atomic_indexing"": [], ""block_sizes"": [16, 16, 16], ""indexing"": [""pointer"", ""pointer"", ""pointer""], ""l2_groupings"": [1], ""load_eviction_policies"": ["""", """"], ""loop_orders"": [[0, 1]], ""num_stages"": 1, ""num_warps"": 4, ""pid_type"": ""flat"", ""range_flattens"": [null, null], ""range_multi_buffers"": [null, null], ""range_num_stages"": [0, 0], ""range_unroll_factors"": [0, 0], ""range_warp_specializes"": [null, null]}",ok,306.2720000743866,0.03166365623474121,0
matmul,MM_009,2048x1024x2048,heldout,0,heuristics,0,f9636b516f5ee45f,"{""atomic_indexing"": [], ""block_sizes"": [16, 16, 16], ""indexing"": [""pointer"", ""tensor_descriptor"", ""pointer""], ""l2_groupings"": [16], ""load_eviction_policies"": [""first"", """"], ""loop_orders"": [[1, 0]], ""num_stages"": 8, ""num_warps"": 4, ""pid_type"": ""flat"", ""range_flattens"": [null, null], ""range_multi_buffers"": [null, null], ""range_num_stages"": [0, 0], ""range_unroll_factors"": [0, 0], ""range_warp_specializes"": [null, true]}",ok,1130.3999423980713,0.1711723804473877,0
matmul,MM_009,2048x1024x2048,heldout,0,heuristics,0,0b00e6df87e6d68c,"{""atomic_indexing"": [], ""block_sizes"": [16, 16, 16], ""epilogue_subtile"": 2, ""indexing"": [""pointer"", ""tensor_descriptor"", ""tensor_descriptor""], ""l2_groupings"": [16], ""load_eviction_policies"": [""last"", ""last""], ""loop_orders"": [[1, 0]], ""maxnreg"": 128, ""num_sm_multiplier"": 32, ""num_stages"": 2, ""num_warps"": 2, ""pid_type"": ""persistent_blocked"", ""range_flattens"": [false, null], ""range_multi_buffers"": [false, null], ""range_num_stages"": [0, 0], ""range_unroll_factors"": [0, 0], ""range_warp_specializes"": [false, false]}",ok,312.3520016670227,0.15671730041503906,0
matmul,MM_009,2048x1024x2048,heldout,0,heuristics,0,99b16046e6a2df72,"{""atomic_indexing"": [], ""block_sizes"": [16, 16, 16], ""indexing"": [""tensor_descriptor"", ""tensor_descriptor"", ""pointer""], ""l2_groupings"": [4], ""load_eviction_policies"": [""first"", """"], ""loop_orders"": [[0, 1]], ""maxnreg"": 32, ""num_sm_multiplier"": 128, ""num_stages"": 7, ""num_warps"": 32, ""pid_type"": ""persistent_blocked"", ""range_flattens"": [true, null], ""range_multi_buffers"": [false, false], ""range_num_stages"": [0, 0], ""range_unroll_factors"": [0, 0], ""range_warp_specializes"": [true, null]}",error,inf,0.1683058738708496,0
matmul,MM_009,2048x1024x2048,heldout,0,heuristics,0,090aec8abf44546c,"{""atomic_indexing"": [], ""block_sizes"": [128, 128, 64], ""indexing"": [""pointer"", ""pointer"", ""pointer""], ""l2_groupings"": [8], ""load_eviction_policies"": ["""", """"], ""loop_orders"": [[0, 1]], ""num_sm_multiplier"": 1, ""num_stages"": 3, ""num_warps"": 8, ""pid_type"": ""persistent_blocked"", ""range_flattens"": [null, null], ""range_multi_buffers"": [null, null], ""range_num_stages"": [0, 0], ""range_unroll_factors"": [0, 0], ""range_warp_specializes"": [null, null]}",ok,24.639999493956566,0.03802061080932617,0
matmul,MM_009,2048x1024x2048,heldout,0,heuristics,0,e11ff6212b22864d,"{""atomic_indexing"": [], ""block_sizes"": [128, 256, 64], ""indexing"": [""tensor_descriptor"", ""tensor_descriptor"", ""tensor_descriptor""], ""l2_groupings"": [16], ""load_eviction_policies"": ["""", """"], ""loop_orders"": [[0, 1]], ""num_sm_multiplier"": 1, ""num_stages"": 4, ""num_warps"": 8, ""pid_type"": ""persistent_blocked"", ""range_flattens"": [null, null], ""range_multi_buffers"": [true, null], ""range_num_stages"": [0, 0], ""range_unroll_factors"": [0, 0], ""range_warp_specializes"": [null, null]}",error,inf,0.20955324172973633,0
matmul,MM_009,2048x1024x2048,heldout,0,heuristics,0,11bced38861af1d5,"{""atomic_indexing"": [], ""block_sizes"": [64, 128, 64], ""indexing"": [""pointer"", ""pointer"", ""pointer""], ""l2_groupings"": [8], ""load_eviction_policies"": ["""", """"], ""loop_orders"": [[0, 1]], ""num_sm_multiplier"": 1, ""num_stages"": 3, ""num_warps"": 4, ""pid_type"": ""persistent_interleaved"", ""range_flattens"": [null, null], ""range_multi_buffers"": [null, null], ""range_num_stages"": [0, 0], ""range_unroll_factors"": [0, 0], ""range_warp_specializes"": [null, null]}",ok,31.71199932694435,0.023531198501586914,0
matmul,MM_009,2048x1024x2048,heldout,0,heuristics,0,a9a7d389e9dda0ca,"{""atomic_indexing"": [], ""block_sizes"": [128, 128, 32], ""indexing"": [""pointer"", ""pointer"", ""pointer""], ""l2_groupings"": [4], ""load_eviction_policies"": ["""", """"], ""loop_orders"": [[0, 1]], ""num_stages"": 3, ""num_warps"": 8, ""pid_type"": ""flat"", ""range_flattens"": [null, null], ""range_multi_buffers"": [null, null], ""range_num_stages"": [0, 0], ""range_unroll_factors"": [0, 0], ""range_warp_specializes"": [null, null]}",ok,23.520000278949738,0.20706796646118164,0
matmul,MM_009,2048x1024x2048,heldout,0,heuristics,0,3e75eb73d28f16d1,"{""atomic_indexing"": [], ""block_sizes"": [256, 128, 64], ""epilogue_subtile"": 2, ""indexing"": [""pointer"", ""pointer"", ""pointer""], ""l2_groupings"": [32], ""load_eviction_policies"": ["""", """"], ""loop_orders"": [[0, 1]], ""maxnreg"": 256, ""num_sm_multiplier"": 1, ""num_stages"": 4, ""num_warps"": 8, ""pid_type"": ""persistent_blocked"", ""range_flattens"": [null, null], ""range_multi_buffers"": [null, null], ""range_num_stages"": [0, 0], ""range_unroll_factors"": [0, 0], ""range_warp_specializes"": [null, null]}",ok,17.44000054895878,0.32039546966552734,0
matmul,MM_009,2048x1024x2048,heldout,1,heuristics,0,4cc88bcb80a4e93a,"{""atomic_indexing"": [], ""block_sizes"": [128, 256, 32], ""indexing"": [""pointer"", ""pointer"", ""pointer""], ""l2_groupings"": [8], ""load_eviction_policies"": ["""", """"], ""loop_orders"": [[0, 1]], ""num_stages"": 4, ""num_warps"": 8, ""pid_type"": ""flat"", ""range_flattens"": [null, null], ""range_multi_buffers"": [null, null], ""range_num_stages"": [0, 0], ""range_unroll_factors"": [0, 0], ""range_warp_specializes"": [null, null]}",ok,19.519999623298645,0.03671741485595703,1
matmul,MM_009,2048x1024x2048,heldout,1,heuristics,0,7d0aff38f0ba9fdd,"{""atomic_indexing"": [], ""block_sizes"": [16, 16, 16], ""indexing"": [""pointer"", ""pointer"", ""pointer""], ""l2_groupings"": [1], ""load_eviction_policies"": ["""", """"], ""loop_orders"": [[0, 1]], ""num_stages"": 1, ""num_warps"": 4, ""pid_type"": ""flat"", ""range_flattens"": [null, null], ""range_multi_buffers"": [null, null], ""range_num_stages"": [0, 0], ""range_unroll_factors"": [0, 0], ""range_warp_specializes"": [null, null]}",ok,306.2399923801422,0.029736042022705078,0
matmul,MM_009,2048x1024x2048,heldout,1,heuristics,0,f9636b516f5ee45f,"{""atomic_indexing"": [], ""block_sizes"": [16, 16, 16], ""indexing"": [""pointer"", ""tensor_descriptor"", ""pointer""], ""l2_groupings"": [16], ""load_eviction_policies"": [""first"", """"], ""loop_orders"": [[1, 0]], ""num_stages"": 8, ""num_warps"": 4, ""pid_type"": ""flat"", ""range_flattens"": [null, null], ""range_multi_buffers"": [null, null], ""range_num_stages"": [0, 0], ""range_unroll_factors"": [0, 0], ""range_warp_specializes"": [null, true]}",ok,1129.5999884605408,0.022112607955932617,0
matmul,MM_009,2048x1024x2048,heldout,1,heuristics,0,0b00e6df87e6d68c,"{""atomic_indexing"": [], ""block_sizes"": [16, 16, 16], ""epilogue_subtile"": 2, ""indexing"": [""pointer"", ""tensor_descriptor"", ""tensor_descriptor""], ""l2_groupings"": [16], ""load_eviction_policies"": [""last"", ""last""], ""loop_orders"": [[1, 0]], ""maxnreg"": 128, ""num_sm_multiplier"": 32, ""num_stages"": 2, ""num_warps"": 2, ""pid_type"": ""persistent_blocked"", ""range_flattens"": [false, null], ""range_multi_buffers"": [false, null], ""range_num_stages"": [0, 0], ""range_unroll_factors"": [0, 0], ""range_warp_specializes"": [false, false]}",ok,312.3520016670227,0.019182920455932617,0
matmul,MM_009,2048x1024x2048,heldout,1,heuristics,0,99b16046e6a2df72,"{""atomic_indexing"": [], ""block_sizes"": [16, 16, 16], ""indexing"": [""tensor_descriptor"", ""tensor_descriptor"", ""pointer""], ""l2_groupings"": [4], ""load_eviction_policies"": [""first"", """"], ""loop_orders"": [[0, 1]], ""maxnreg"": 32, ""num_sm_multiplier"": 128, ""num_stages"": 7, ""num_warps"": 32, ""pid_type"": ""persistent_blocked"", ""range_flattens"": [true, null], ""range_multi_buffers"": [false, false], ""range_num_stages"": [0, 0], ""range_unroll_factors"": [0, 0], ""range_warp_specializes"": [true, null]}",error,inf,0.019339799880981445,0
matmul,MM_009,2048x1024x2048,heldout,1,heuristics,0,090aec8abf44546c,"{""atomic_indexing"": [], ""block_sizes"": [128, 128, 64], ""indexing"": [""pointer"", ""pointer"", ""pointer""], ""l2_groupings"": [8], ""load_eviction_policies"": ["""", """"], ""loop_orders"": [[0, 1]], ""num_sm_multiplier"": 1, ""num_stages"": 3, ""num_warps"": 8, ""pid_type"": ""persistent_blocked"", ""range_flattens"": [null, null], ""range_multi_buffers"": [null, null], ""range_num_stages"": [0, 0], ""range_unroll_factors"": [0, 0], ""range_warp_specializes"": [null, null]}",ok,24.639999493956566,0.0348055362701416,0
matmul,MM_009,2048x1024x2048,heldout,1,heuristics,0,3d43570053353335,"{""atomic_indexing"": [], ""block_sizes"": [64, 128, 64], ""indexing"": [""tensor_descriptor"", ""tensor_descriptor"", ""tensor_descriptor""], ""l2_groupings"": [16], ""load_eviction_policies"": ["""", """"], ""loop_orders"": [[0, 1]], ""num_sm_multiplier"": 1, ""num_stages"": 4, ""num_warps"": 4, ""pid_type"": ""persistent_blocked"", ""range_flattens"": [null, null], ""range_multi_buffers"": [null, null], ""range_num_stages"": [0, 0], ""range_unroll_factors"": [0, 0], ""range_warp_specializes"": [null, null]}",ok,31.74399957060814,0.02763652801513672,0
matmul,MM_009,2048x1024x2048,heldout,1,heuristics,0,99627137aca4b7d9,"{""atomic_indexing"": [], ""block_sizes"": [128, 256, 64], ""indexing"": [""pointer"", ""pointer"", ""pointer""], ""l2_groupings"": [8], ""load_eviction_policies"": ["""", """"], ""loop_orders"": [[0, 1]], ""maxnreg"": 256, ""num_sm_multiplier"": 1, ""num_stages"": 3, ""num_warps"": 8, ""pid_type"": ""persistent_interleaved"", ""range_flattens"": [null, null], ""range_multi_buffers"": [true, null], ""range_num_stages"": [0, 0], ""range_unroll_factors"": [0, 0], ""range_warp_specializes"": [null, null]}",ok,18.432000651955605,0.2922627925872803,0
matmul,MM_009,2048x1024x2048,heldout,1,heuristics,0,3e1e8d0ce98475de,"{""atomic_indexing"": [], ""block_sizes"": [128, 128, 32], ""indexing"": [""pointer"", ""pointer"", ""pointer""], ""l2_groupings"": [1], ""load_eviction_policies"": ["""", """"], ""loop_orders"": [[0, 1]], ""num_stages"": 2, ""num_warps"": 4, ""pid_type"": ""flat"", ""range_flattens"": [null, null], ""range_multi_buffers"": [null, null], ""range_num_stages"": [0, 0], ""range_unroll_factors"": [0, 0], ""range_warp_specializes"": [null, null]}",ok,35.840000957250595,0.022460460662841797,0
matmul,MM_009,2048x1024x2048,heldout,1,heuristics,0,d4d126b8b4e80dbe,"{""atomic_indexing"": [], ""block_sizes"": [64, 64, 32], ""indexing"": [""pointer"", ""pointer"", ""pointer""], ""l2_groupings"": [1], ""load_eviction_policies"": ["""", """"], ""loop_orders"": [[0, 1]], ""num_stages"": 2, ""num_warps"": 4, ""pid_type"": ""flat"", ""range_flattens"": [null, null], ""range_multi_buffers"": [null, null], ""range_num_stages"": [0, 0], ""range_unroll_factors"": [0, 0], ""range_warp_specializes"": [null, null]}",ok,36.99199855327606,0.033147573471069336,0
matmul,MM_009,2048x1024x2048,heldout,2,heuristics,0,4cc88bcb80a4e93a,"{""atomic_indexing"": [], ""block_sizes"": [128, 256, 32], ""indexing"": [""pointer"", ""pointer"", ""pointer""], ""l2_groupings"": [8], ""load_eviction_policies"": ["""", """"], ""loop_orders"": [[0, 1]], ""num_stages"": 4, ""num_warps"": 8, ""pid_type"": ""flat"", ""range_flattens"": [null, null], ""range_multi_buffers"": [null, null], ""range_num_stages"": [0, 0], ""range_unroll_factors"": [0, 0], ""range_warp_specializes"": [null, null]}",ok,19.551999866962433,0.07151937484741211,1
matmul,MM_009,2048x1024x2048,heldout,2,heuristics,0,7d0aff38f0ba9fdd,"{""atomic_indexing"": [], ""block_sizes"": [16, 16, 16], ""indexing"": [""pointer"", ""pointer"", ""pointer""], ""l2_groupings"": [1], ""load_eviction_policies"": ["""", """"], ""loop_orders"": [[0, 1]], ""num_stages"": 1, ""num_warps"": 4, ""pid_type"": ""flat"", ""range_flattens"": [null, null], ""range_multi_buffers"": [null, null], ""range_num_stages"": [0, 0], ""range_unroll_factors"": [0, 0], ""range_warp_specializes"": [null, null]}",ok,306.2399923801422,0.057366132736206055,0
matmul,MM_009,2048x1024x2048,heldout,2,heuristics,0,f9636b516f5ee45f,"{""atomic_indexing"": [], ""block_sizes"": [16, 16, 16], ""indexing"": [""pointer"", ""tensor_descriptor"", ""pointer""], ""l2_groupings"": [16], ""load_eviction_policies"": [""first"", """"], ""loop_orders"": [[1, 0]], ""num_stages"": 8, ""num_warps"": 4, ""pid_type"": ""flat"", ""range_flattens"": [null, null], ""range_multi_buffers"": [null, null], ""range_num_stages"": [0, 0], ""range_unroll_factors"": [0, 0], ""range_warp_specializes"": [null, true]}",ok,1129.5199990272522,0.04370570182800293,0
matmul,MM_009,2048x1024x2048,heldout,2,heuristics,0,0b00e6df87e6d68c,"{""atomic_indexing"": [], ""block_sizes"": [16, 16, 16], ""epilogue_subtile"": 2, ""indexing"": [""pointer"", ""tensor_descriptor"", ""tensor_descriptor""], ""l2_groupings"": [16], ""load_eviction_policies"": [""last"", ""last""], ""loop_orders"": [[1, 0]], ""maxnreg"": 128, ""num_sm_multiplier"": 32, ""num_stages"": 2, ""num_warps"": 2, ""pid_type"": ""persistent_blocked"", ""range_flattens"": [false, null], ""range_multi_buffers"": [false, null], ""range_num_stages"": [0, 0], ""range_unroll_factors"": [0, 0], ""range_warp_specializes"": [false, false]}",ok,312.3520016670227,0.026218652725219727,0
matmul,MM_009,2048x1024x2048,heldout,2,heuristics,0,99b16046e6a2df72,"{""atomic_indexing"": [], ""block_sizes"": [16, 16, 16], ""indexing"": [""tensor_descriptor"", ""tensor_descriptor"", ""pointer""], ""l2_groupings"": [4], ""load_eviction_policies"": [""first"", """"], ""loop_orders"": [[0, 1]], ""maxnreg"": 32, ""num_sm_multiplier"": 128, ""num_stages"": 7, ""num_warps"": 32, ""pid_type"": ""persistent_blocked"", ""range_flattens"": [true, null], ""range_multi_buffers"": [false, false], ""range_num_stages"": [0, 0], ""range_unroll_factors"": [0, 0], ""range_warp_specializes"": [true, null]}",error,inf,0.043959617614746094,0
matmul,MM_009,2048x1024x2048,heldout,2,heuristics,0,090aec8abf44546c,"{""atomic_indexing"": [], ""block_sizes"": [128, 128, 64], ""indexing"": [""pointer"", ""pointer"", ""pointer""], ""l2_groupings"": [8], ""load_eviction_policies"": ["""", """"], ""loop_orders"": [[0, 1]], ""num_sm_multiplier"": 1, ""num_stages"": 3, ""num_warps"": 8, ""pid_type"": ""persistent_blocked"", ""range_flattens"": [null, null], ""range_multi_buffers"": [null, null], ""range_num_stages"": [0, 0], ""range_unroll_factors"": [0, 0], ""range_warp_specializes"": [null, null]}",ok,24.73600022494793,0.06160783767700195,0
matmul,MM_009,2048x1024x2048,heldout,2,heuristics,0,3d43570053353335,"{""atomic_indexing"": [], ""block_sizes"": [64, 128, 64], ""indexing"": [""tensor_descriptor"", ""tensor_descriptor"", ""tensor_descriptor""], ""l2_groupings"": [16], ""load_eviction_policies"": ["""", """"], ""loop_orders"": [[0, 1]], ""num_sm_multiplier"": 1, ""num_stages"": 4, ""num_warps"": 4, ""pid_type"": ""persistent_blocked"", ""range_flattens"": [null, null], ""range_multi_buffers"": [null, null], ""range_num_stages"": [0, 0], ""range_unroll_factors"": [0, 0], ""range_warp_specializes"": [null, null]}",ok,31.74399957060814,0.04557538032531738,0
matmul,MM_009,2048x1024x2048,heldout,2,heuristics,0,f5804a2e3b09320a,"{""atomic_indexing"": [], ""block_sizes"": [128, 256, 64], ""indexing"": [""pointer"", ""pointer"", ""pointer""], ""l2_groupings"": [8], ""load_eviction_policies"": ["""", """"], ""loop_orders"": [[0, 1]], ""maxnreg"": 128, ""num_sm_multiplier"": 1, ""num_stages"": 3, ""num_warps"": 8, ""pid_type"": ""persistent_interleaved"", ""range_flattens"": [null, null], ""range_multi_buffers"": [true, null], ""range_num_stages"": [0, 0], ""range_unroll_factors"": [0, 0], ""range_warp_specializes"": [null, null]}",ok,17.472000792622566,0.28544092178344727,0
matmul,MM_009,2048x1024x2048,heldout,2,heuristics,0,a9a7d389e9dda0ca,"{""atomic_indexing"": [], ""block_sizes"": [128, 128, 32], ""indexing"": [""pointer"", ""pointer"", ""pointer""], ""l2_groupings"": [4], ""load_eviction_policies"": ["""", """"], ""loop_orders"": [[0, 1]], ""num_stages"": 3, ""num_warps"": 8, ""pid_type"": ""flat"", ""range_flattens"": [null, null], ""range_multi_buffers"": [null, null], ""range_num_stages"": [0, 0], ""range_unroll_factors"": [0, 0], ""range_warp_specializes"": [null, null]}",ok,23.48800003528595,0.028561115264892578,0
matmul,MM_009,2048x1024x2048,heldout,2,heuristics,0,d4d126b8b4e80dbe,"{""atomic_indexing"": [], ""block_sizes"": [64, 64, 32], ""indexing"": [""pointer"", ""pointer"", ""pointer""], ""l2_groupings"": [1], ""load_eviction_policies"": ["""", """"], ""loop_orders"": [[0, 1]], ""num_stages"": 2, ""num_warps"": 4, ""pid_type"": ""flat"", ""range_flattens"": [null, null], ""range_multi_buffers"": [null, null], ""range_num_stages"": [0, 0], ""range_unroll_factors"": [0, 0], ""range_warp_specializes"": [null, null]}",ok,36.959998309612274,0.041936397552490234,0
matmul,MM_010,1024x2048x4096,heldout,0,heuristics,0,61e92bd6b24c170e,"{""atomic_indexing"": [], ""block_sizes"": [256, 256, 32], ""indexing"": [""pointer"", ""pointer"", ""pointer""], ""l2_groupings"": [16], ""load_eviction_policies"": ["""", """"], ""loop_orders"": [[0, 1]], ""num_stages"": 4, ""num_warps"": 8, ""pid_type"": ""flat"", ""range_flattens"": [null, null], ""range_multi_buffers"": [null, null], ""range_num_stages"": [0, 0], ""range_unroll_factors"": [0, 0], ""range_warp_specializes"": [null, null]}",ok,33.824000507593155,0.35365819931030273,1
matmul,MM_010,1024x2048x4096,heldout,0,heuristics,0,7d0aff38f0ba9fdd,"{""atomic_indexing"": [], ""block_sizes"": [16, 16, 16], ""indexing"": [""pointer"", ""pointer"", ""pointer""], ""l2_groupings"": [1], ""load_eviction_policies"": ["""", """"], ""loop_orders"": [[0, 1]], ""num_stages"": 1, ""num_warps"": 4, ""pid_type"": ""flat"", ""range_flattens"": [null, null], ""range_multi_buffers"": [null, null], ""range_num_stages"": [0, 0], ""range_unroll_factors"": [0, 0], ""range_warp_specializes"": [null, null]}",ok,615.3600215911865,0.03574013710021973,0
matmul,MM_010,1024x2048x4096,heldout,0,heuristics,0,f9636b516f5ee45f,"{""atomic_indexing"": [], ""block_sizes"": [16, 16, 16], ""indexing"": [""pointer"", ""tensor_descriptor"", ""pointer""], ""l2_groupings"": [16], ""load_eviction_policies"": [""first"", """"], ""loop_orders"": [[1, 0]], ""num_stages"": 8, ""num_warps"": 4, ""pid_type"": ""flat"", ""range_flattens"": [null, null], ""range_multi_buffers"": [null, null], ""range_num_stages"": [0, 0], ""range_unroll_factors"": [0, 0], ""range_warp_specializes"": [null, true]}",ok,1966.1279916763306,0.17750978469848633,0
matmul,MM_010,1024x2048x4096,heldout,0,heuristics,0,c2ec0c17c018e0dd,"{""atomic_indexing"": [], ""block_sizes"": [16, 16, 16], ""epilogue_subtile"": 2, ""indexing"": [""tensor_descriptor"", ""tensor_descriptor"", ""tensor_descriptor""], ""l2_groupings"": [2], ""load_eviction_policies"": [""first"", ""first""], ""loop_orders"": [[0, 1]], ""maxnreg"": null, ""num_sm_multiplier"": 128, ""num_stages"": 1, ""num_warps"": 1, ""pid_type"": ""persistent_blocked"", ""range_flattens"": [null, null], ""range_multi_buffers"": [null, false], ""range_num_stages"": [0, 0], ""range_unroll_factors"": [0, 0], ""range_warp_specializes"": [true, null]}",ok,4564.368009567261,0.16987037658691406,0
matmul,MM_010,1024x2048x4096,heldout,0,heuristics,0,026f76b88a49b769,"{""atomic_indexing"": [], ""block_sizes"": [16, 16, 16], ""indexing"": [""tensor_descriptor"", ""tensor_descriptor"", ""tensor_descriptor""], ""l2_groupings"": [32], ""load_eviction_policies"": [""last"", ""last""], ""loop_orders"": [[0, 1]], ""num_stages"": 4, ""num_warps"": 4, ""pid_type"": ""flat"", ""range_flattens"": [null, true], ""range_multi_buffers"": [null, false], ""range_num_stages"": [0, 0], ""range_unroll_factors"": [0, 0], ""range_warp_specializes"": [null, false]}",ok,835.6480002403259,0.13496065139770508,0
matmul,MM_010,1024x2048x4096,heldout,0,heuristics,0,090aec8abf44546c,"{""atomic_indexing"": [], ""block_sizes"": [128, 128, 64], ""indexing"": [""pointer"", ""pointer"", ""pointer""], ""l2_groupings"": [8], ""load_eviction_policies"": ["""", """"], ""loop_orders"": [[0, 1]], ""num_sm_multiplier"": 1, ""num_stages"": 3, ""num_warps"": 8, ""pid_type"": ""persistent_blocked"", ""range_flattens"": [null, null], ""range_multi_buffers"": [null, null], ""range_num_stages"": [0, 0], ""range_unroll_factors"": [0, 0], ""range_warp_specializes"": [null, null]}",ok,37.9519984126091,0.03838682174682617,0
matmul,MM_010,1024x2048x4096,heldout,0,heuristics,0,3d43570053353335,"{""atomic_indexing"": [], ""block_sizes"": [64, 128, 64], ""indexing"": [""tensor_descriptor"", ""tensor_descriptor"", ""tensor_descriptor""], ""l2_groupings"": [16], ""load_eviction_policies"": ["""", """"], ""loop_orders"": [[0, 1]], ""num_sm_multiplier"": 1, ""num_stages"": 4, ""num_warps"": 4, ""pid_type"": ""persistent_blocked"", ""range_flattens"": [null, null], ""range_multi_buffers"": [null, null], ""range_num_stages"": [0, 0], ""range_unroll_factors"": [0, 0], ""range_warp_specializes"": [null, null]}",ok,50.08000135421753,0.029909372329711914,0
matmul,MM_010,1024x2048x4096,heldout,0,heuristics,0,6fb4083c90022c5e,"{""atomic_indexing"": [], ""block_sizes"": [128, 256, 64], ""indexing"": [""pointer"", ""pointer"", ""pointer""], ""l2_groupings"": [8], ""load_eviction_policies"": ["""", """"], ""loop_orders"": [[0, 1]], ""maxnreg"": 128, ""num_sm_multiplier"": 1, ""num_stages"": 3, ""num_warps"": 8, ""pid_type"": ""persistent_blocked"", ""range_flattens"": [null, null], ""range_multi_buffers"": [true, null], ""range_num_stages"": [0, 0], ""range_unroll_factors"": [0, 0], ""range_warp_specializes"": [null, null]}",ok,27.583999559283257,0.024003028869628906,0
matmul,MM_010,1024x2048x4096,heldout,0,heuristics,0,ba686662527c395a,"{""atomic_indexing"": [], ""block_sizes"": [128, 128, 32], ""indexing"": [""pointer"", ""pointer"", ""pointer""], ""l2_groupings"": [1], ""load_eviction_policies"": ["""", """"], ""loop_orders"": [[0, 1]], ""num_stages"": 2, ""num_warps"": 8, ""pid_type"": ""flat"", ""range_flattens"": [null, null], ""range_multi_buffers"": [null, null], ""range_num_stages"": [0, 0], ""range_unroll_factors"": [0, 0], ""range_warp_specializes"": [null, null]}",ok,63.61600011587143,0.021668672561645508,0
matmul,MM_010,1024x2048x4096,heldout,0,heuristics,0,d4d126b8b4e80dbe,"{""atomic_indexing"": [], ""block_sizes"": [64, 64, 32], ""indexing"": [""pointer"", ""pointer"", ""pointer""], ""l2_groupings"": [1], ""load_eviction_policies"": ["""", """"], ""loop_orders"": [[0, 1]], ""num_stages"": 2, ""num_warps"": 4, ""pid_type"": ""flat"", ""range_flattens"": [null, null], ""range_multi_buffers"": [null, null], ""range_num_stages"": [0, 0], ""range_unroll_factors"": [0, 0], ""range_warp_specializes"": [null, null]}",ok,62.49599903821945,0.02196216583251953,0
matmul,MM_010,1024x2048x4096,heldout,1,heuristics,0,61e92bd6b24c170e,"{""atomic_indexing"": [], ""block_sizes"": [256, 256, 32], ""indexing"": [""pointer"", ""pointer"", ""pointer""], ""l2_groupings"": [16], ""load_eviction_policies"": ["""", """"], ""loop_orders"": [[0, 1]], ""num_stages"": 4, ""num_warps"": 8, ""pid_type"": ""flat"", ""range_flattens"": [null, null], ""range_multi_buffers"": [null, null], ""range_num_stages"": [0, 0], ""range_unroll_factors"": [0, 0], ""range_warp_specializes"": [null, null]}",ok,33.824000507593155,0.0344538688659668,1
matmul,MM_010,1024x2048x4096,heldout,1,heuristics,0,7d0aff38f0ba9fdd,"{""atomic_indexing"": [], ""block_sizes"": [16, 16, 16], ""indexing"": [""pointer"", ""pointer"", ""pointer""], ""l2_groupings"": [1], ""load_eviction_policies"": ["""", """"], ""loop_orders"": [[0, 1]], ""num_stages"": 1, ""num_warps"": 4, ""pid_type"": ""flat"", ""range_flattens"": [null, null], ""range_multi_buffers"": [null, null], ""range_num_stages"": [0, 0], ""range_unroll_factors"": [0, 0], ""range_warp_specializes"": [null, null]}",ok,614.3680214881897,0.028119564056396484,0
matmul,MM_010,1024x2048x4096,heldout,1,heuristics,0,f9636b516f5ee45f,"{""atomic_indexing"": [], ""block_sizes"": [16, 16, 16], ""indexing"": [""pointer"", ""tensor_descriptor"", ""pointer""], ""l2_groupings"": [16], ""load_eviction_policies"": [""first"", """"], ""loop_orders"": [[1, 0]], ""num_stages"": 8, ""num_warps"": 4, ""pid_type"": ""flat"", ""range_flattens"": [null, null], ""range_multi_buffers"": [null, null], ""range_num_stages"": [0, 0], ""range_unroll_factors"": [0, 0], ""range_warp_specializes"": [null, true]}",ok,1966.0959839820862,0.02149677276611328,0
matmul,MM_010,1024x2048x4096,heldout,1,heuristics,0,c2ec0c17c018e0dd,"{""atomic_indexing"": [], ""block_sizes"": [16, 16, 16], ""epilogue_subtile"": 2, ""indexing"": [""tensor_descriptor"", ""tensor_descriptor"", ""tensor_descriptor""], ""l2_groupings"": [2], ""load_eviction_policies"": [""first"", ""first""], ""loop_orders"": [[0, 1]], ""maxnreg"": null, ""num_sm_multiplier"": 128, ""num_stages"": 1, ""num_warps"": 1, ""pid_type"": ""persistent_blocked"", ""range_flattens"": [null, null], ""range_multi_buffers"": [null, false], ""range_num_stages"": [0, 0], ""range_unroll_factors"": [0, 0], ""range_warp_specializes"": [true, null]}",ok,4557.29603767395,0.019755125045776367,0
matmul,MM_010,1024x2048x4096,heldout,1,heuristics,0,026f76b88a49b769,"{""atomic_indexing"": [], ""block_sizes"": [16, 16, 16], ""indexing"": [""tensor_descriptor"", ""tensor_descriptor"", ""tensor_descriptor""], ""l2_groupings"": [32], ""load_eviction_policies"": [""last"", ""last""], ""loop_orders"": [[0, 1]], ""num_stages"": 4, ""num_warps"": 4, ""pid_type"": ""flat"", ""range_flattens"": [null, true], ""range_multi_buffers"": [null, false], ""range_num_stages"": [0, 0], ""range_unroll_factors"": [0, 0], ""range_warp_specializes"": [null, false]}",ok,835.6159925460815,0.018773317337036133,0
matmul,MM_010,1024x2048x4096,heldout,1,heuristics,0,949477b0c86c71e4,"{""atomic_indexing"": [], ""block_sizes"": [128, 128, 64], ""indexing"": [""pointer"", ""pointer"", ""pointer""], ""l2_groupings"": [8], ""load_eviction_policies"": ["""", """"], ""loop_orders"": [[0, 1]], ""num_sm_multiplier"": 1, ""num_stages"": 3, ""num_warps"": 4, ""pid_type"": ""persistent_blocked"", ""range_flattens"": [null, null], ""range_multi_buffers"": [null, null], ""range_num_stages"": [0, 0], ""range_unroll_factors"": [0, 0], ""range_warp_specializes"": [null, null]}",ok,39.8080013692379,0.3256204128265381,0
matmul,MM_010,1024x2048x4096,heldout,1,heuristics,0,3d43570053353335,"{""atomic_indexing"": [], ""block_sizes"": [64, 128, 64], ""indexing"": [""tensor_descriptor"", ""tensor_descriptor"", ""tensor_descriptor""], ""l2_groupings"": [16], ""load_eviction_policies"": ["""", """"], ""loop_orders"": [[0, 1]], ""num_sm_multiplier"": 1, ""num_stages"": 4, ""num_warps"": 4, ""pid_type"": ""persistent_blocked"", ""range_flattens"": [null, null], ""range_multi_buffers"": [null, null], ""range_num_stages"": [0, 0], ""range_unroll_factors"": [0, 0], ""range_warp_specializes"": [null, null]}",ok,50.11200159788132,0.027530431747436523,0
matmul,MM_010,1024x2048x4096,heldout,1,heuristics,0,6fb4083c90022c5e,"{""atomic_indexing"": [], ""block_sizes"": [128, 256, 64], ""indexing"": [""pointer"", ""pointer"", ""pointer""], ""l2_groupings"": [8], ""load_eviction_policies"": ["""", """"], ""loop_orders"": [[0, 1]], ""maxnreg"": 128, ""num_sm_multiplier"": 1, ""num_stages"": 3, ""num_warps"": 8, ""pid_type"": ""persistent_blocked"", ""range_flattens"": [null, null], ""range_multi_buffers"": [true, null], ""range_num_stages"": [0, 0], ""range_unroll_factors"": [0, 0], ""range_warp_specializes"": [null, null]}",ok,27.615999802947044,0.021102428436279297,0
matmul,MM_010,1024x2048x4096,heldout,1,heuristics,0,3e1e8d0ce98475de,"{""atomic_indexing"": [], ""block_sizes"": [128, 128, 32], ""indexing"": [""pointer"", ""pointer"", ""pointer""], ""l2_groupings"": [1], ""load_eviction_policies"": ["""", """"], ""loop_orders"": [[0, 1]], ""num_stages"": 2, ""num_warps"": 4, ""pid_type"": ""flat"", ""range_flattens"": [null, null], ""range_multi_buffers"": [null, null], ""range_num_stages"": [0, 0], ""range_unroll_factors"": [0, 0], ""range_warp_specializes"": [null, null]}",ok,63.48799914121628,0.02312302589416504,0
matmul,MM_010,1024x2048x4096,heldout,1,heuristics,0,e01f416d58f7577b,"{""atomic_indexing"": [], ""block_sizes"": [256, 128, 64], ""epilogue_subtile"": 2, ""indexing"": [""pointer"", ""pointer"", ""pointer""], ""l2_groupings"": [4], ""load_eviction_policies"": ["""", """"], ""loop_orders"": [[0, 1]], ""num_sm_multiplier"": 1, ""num_stages"": 3, ""num_warps"": 8, ""pid_type"": ""persistent_interleaved"", ""range_flattens"": [null, null], ""range_multi_buffers"": [null, null], ""range_num_stages"": [0, 0], ""range_unroll_factors"": [0, 0], ""range_warp_specializes"": [null, null]}",ok,28.64000014960766,0.3364284038543701,0
matmul,MM_010,1024x2048x4096,heldout,2,heuristics,0,61e92bd6b24c170e,"{""atomic_indexing"": [], ""block_sizes"": [256, 256, 32], ""indexing"": [""pointer"", ""pointer"", ""pointer""], ""l2_groupings"": [16], ""load_eviction_policies"": ["""", """"], ""loop_orders"": [[0, 1]], ""num_stages"": 4, ""num_warps"": 8, ""pid_type"": ""flat"", ""range_flattens"": [null, null], ""range_multi_buffers"": [null, null], ""range_num_stages"": [0, 0], ""range_unroll_factors"": [0, 0], ""range_warp_specializes"": [null, null]}",ok,33.824000507593155,0.05363106727600098,1
matmul,MM_010,1024x2048x4096,heldout,2,heuristics,0,7d0aff38f0ba9fdd,"{""atomic_indexing"": [], ""block_sizes"": [16, 16, 16], ""indexing"": [""pointer"", ""pointer"", ""pointer""], ""l2_groupings"": [1], ""load_eviction_policies"": ["""", """"], ""loop_orders"": [[0, 1]], ""num_stages"": 1, ""num_warps"": 4, ""pid_type"": ""flat"", ""range_flattens"": [null, null], ""range_multi_buffers"": [null, null], ""range_num_stages"": [0, 0], ""range_unroll_factors"": [0, 0], ""range_warp_specializes"": [null, null]}",ok,613.4399771690369,0.03695082664489746,0
matmul,MM_010,1024x2048x4096,heldout,2,heuristics,0,f9636b516f5ee45f,"{""atomic_indexing"": [], ""block_sizes"": [16, 16, 16], ""indexing"": [""pointer"", ""tensor_descriptor"", ""pointer""], ""l2_groupings"": [16], ""load_eviction_policies"": [""first"", """"], ""loop_orders"": [[1, 0]], ""num_stages"": 8, ""num_warps"": 4, ""pid_type"": ""flat"", ""range_flattens"": [null, null], ""range_multi_buffers"": [null, null], ""range_num_stages"": [0, 0], ""range_unroll_factors"": [0, 0], ""range_warp_specializes"": [null, true]}",ok,1966.159999370575,0.02228832244873047,0
matmul,MM_010,1024x2048x4096,heldout,2,heuristics,0,c2ec0c17c018e0dd,"{""atomic_indexing"": [], ""block_sizes"": [16, 16, 16], ""epilogue_subtile"": 2, ""indexing"": [""tensor_descriptor"", ""tensor_descriptor"", ""tensor_descriptor""], ""l2_groupings"": [2], ""load_eviction_policies"": [""first"", ""first""], ""loop_orders"": [[0, 1]], ""maxnreg"": null, ""num_sm_multiplier"": 128, ""num_stages"": 1, ""num_warps"": 1, ""pid_type"": ""persistent_blocked"", ""range_flattens"": [null, null], ""range_multi_buffers"": [null, false], ""range_num_stages"": [0, 0], ""range_unroll_factors"": [0, 0], ""range_warp_specializes"": [true, null]}",ok,4559.872150421143,0.02776622772216797,0
matmul,MM_010,1024x2048x4096,heldout,2,heuristics,0,026f76b88a49b769,"{""atomic_indexing"": [], ""block_sizes"": [16, 16, 16], ""indexing"": [""tensor_descriptor"", ""tensor_descriptor"", ""tensor_descriptor""], ""l2_groupings"": [32], ""load_eviction_policies"": [""last"", ""last""], ""loop_orders"": [[0, 1]], ""num_stages"": 4, ""num_warps"": 4, ""pid_type"": ""flat"", ""range_flattens"": [null, true], ""range_multi_buffers"": [null, false], ""range_num_stages"": [0, 0], ""range_unroll_factors"": [0, 0], ""range_warp_specializes"": [null, false]}",ok,836.575984954834,0.019320011138916016,0
matmul,MM_010,1024x2048x4096,heldout,2,heuristics,0,090aec8abf44546c,"{""atomic_indexing"": [], ""block_sizes"": [128, 128, 64], ""indexing"": [""pointer"", ""pointer"", ""pointer""], ""l2_groupings"": [8], ""load_eviction_policies"": ["""", """"], ""loop_orders"": [[0, 1]], ""num_sm_multiplier"": 1, ""num_stages"": 3, ""num_warps"": 8, ""pid_type"": ""persistent_blocked"", ""range_flattens"": [null, null], ""range_multi_buffers"": [null, null], ""range_num_stages"": [0, 0], ""range_unroll_factors"": [0, 0], ""range_warp_specializes"": [null, null]}",ok,37.98399865627289,0.03419947624206543,0
matmul,MM_010,1024x2048x4096,heldout,2,heuristics,0,3d43570053353335,"{""atomic_indexing"": [], ""block_sizes"": [64, 128, 64], ""indexing"": [""tensor_descriptor"", ""tensor_descriptor"", ""tensor_descriptor""], ""l2_groupings"": [16], ""load_eviction_policies"": ["""", """"], ""loop_orders"": [[0, 1]], ""num_sm_multiplier"": 1, ""num_stages"": 4, ""num_warps"": 4, ""pid_type"": ""persistent_blocked"", ""range_flattens"": [null, null], ""range_multi_buffers"": [null, null], ""range_num_stages"": [0, 0], ""range_unroll_factors"": [0, 0], ""range_warp_specializes"": [null, null]}",ok,50.08000135421753,0.027432680130004883,0
matmul,MM_010,1024x2048x4096,heldout,2,heuristics,0,3ef02d55ffd82d2c,"{""atomic_indexing"": [], ""block_sizes"": [128, 256, 64], ""indexing"": [""pointer"", ""pointer"", ""pointer""], ""l2_groupings"": [8], ""load_eviction_policies"": ["""", """"], ""loop_orders"": [[0, 1]], ""maxnreg"": 256, ""num_sm_multiplier"": 1, ""num_stages"": 3, ""num_warps"": 8, ""pid_type"": ""persistent_blocked"", ""range_flattens"": [null, null], ""range_multi_buffers"": [true, null], ""range_num_stages"": [0, 0], ""range_unroll_factors"": [0, 0], ""range_warp_specializes"": [null, null]}",ok,27.583999559283257,0.024258136749267578,0
matmul,MM_010,1024x2048x4096,heldout,2,heuristics,0,5f5b5ac0cf621145,"{""atomic_indexing"": [], ""block_sizes"": [128, 128, 32], ""indexing"": [""pointer"", ""pointer"", ""pointer""], ""l2_groupings"": [4], ""load_eviction_policies"": ["""", """"], ""loop_orders"": [[0, 1]], ""num_stages"": 2, ""num_warps"": 8, ""pid_type"": ""flat"", ""range_flattens"": [null, null], ""range_multi_buffers"": [null, null], ""range_num_stages"": [0, 0], ""range_unroll_factors"": [0, 0], ""range_warp_specializes"": [null, null]}",ok,63.61600011587143,0.20005106925964355,0
matmul,MM_010,1024x2048x4096,heldout,2,heuristics,0,d4d126b8b4e80dbe,"{""atomic_indexing"": [], ""block_sizes"": [64, 64, 32], ""indexing"": [""pointer"", ""pointer"", ""pointer""], ""l2_groupings"": [1], ""load_eviction_policies"": ["""", """"], ""loop_orders"": [[0, 1]], ""num_stages"": 2, ""num_warps"": 4, ""pid_type"": ""flat"", ""range_flattens"": [null, null], ""range_multi_buffers"": [null, null], ""range_num_stages"": [0, 0], ""range_unroll_factors"": [0, 0], ""range_warp_specializes"": [null, null]}",ok,62.463998794555664,0.0195767879486084,0
matmul,MM_011,128x2048x2048,heldout,0,heuristics,0,09ae4f6df93b6fba,"{""atomic_indexing"": [], ""block_sizes"": [128, 256, 32], ""indexing"": [""pointer"", ""pointer"", ""pointer""], ""l2_groupings"": [8], ""load_eviction_policies"": ["""", """"], ""loop_orders"": [[0, 1]], ""num_stages"": 5, ""num_warps"": 4, ""pid_type"": ""flat"", ""range_flattens"": [null, null], ""range_multi_buffers"": [null, null], ""range_num_stages"": [0, 0], ""range_unroll_factors"": [0, 0], ""range_warp_specializes"": [null, null]}",ok,25.567999109625816,0.3902463912963867,1
matmul,MM_011,128x2048x2048,heldout,0,heuristics,0,7d0aff38f0ba9fdd,"{""atomic_indexing"": [], ""block_sizes"": [16, 16, 16], ""indexing"": [""pointer"", ""pointer"", ""pointer""], ""l2_groupings"": [1], ""load_eviction_policies"": ["""", """"], ""loop_orders"": [[0, 1]], ""num_stages"": 1, ""num_warps"": 4, ""pid_type"": ""flat"", ""range_flattens"": [null, null], ""range_multi_buffers"": [null, null], ""range_num_stages"": [0, 0], ""range_unroll_factors"": [0, 0], ""range_warp_specializes"": [null, null]}",ok,87.00799942016602,0.028530359268188477,0
matmul,MM_011,128x2048x2048,heldout,0,heuristics,0,523a089e2533a0af,"{""atomic_indexing"": [], ""block_sizes"": [2, 16, 16], ""indexing"": [""pointer"", ""tensor_descriptor"", ""pointer""], ""l2_groupings"": [16], ""load_eviction_policies"": [""first"", """"], ""loop_orders"": [[1, 0]], ""num_stages"": 8, ""num_warps"": 4, ""pid_type"": ""flat"", ""range_flattens"": [null, null], ""range_multi_buffers"": [null, null], ""range_num_stages"": [0, 0], ""range_unroll_factors"": [0, 0], ""range_warp_specializes"": [null, true]}",ok,1973.151981830597,0.13349604606628418,0
matmul,MM_011,128x2048x2048,heldout,0,heuristics,0,3c7f62183d276ab0,"{""atomic_indexing"": [], ""block_sizes"": [2, 16, 16], ""epilogue_subtile"": 2, ""indexing"": [""tensor_descriptor"", ""tensor_descriptor"", ""tensor_descriptor""], ""l2_groupings"": [2], ""load_eviction_policies"": [""first"", ""first""], ""loop_orders"": [[0, 1]], ""maxnreg"": null, ""num_sm_multiplier"": 128, ""num_stages"": 1, ""num_warps"": 1, ""pid_type"": ""persistent_blocked"", ""range_flattens"": [null, null], ""range_multi_buffers"": [null, false], ""range_num_stages"": [0, 0], ""range_unroll_factors"": [0, 0], ""range_warp_specializes"": [true, null]}",ok,2303.999900817871,0.1516284942626953,0
matmul,MM_011,128x2048x2048,heldout,0,heuristics,0,83d8544ab5a456bc,"{""atomic_indexing"": [], ""block_sizes"": [8, 16, 16], ""indexing"": [""tensor_descriptor"", ""tensor_descriptor"", ""tensor_descriptor""], ""l2_groupings"": [32], ""load_eviction_policies"": [""last"", ""last""], ""loop_orders"": [[0, 1]], ""num_stages"": 4, ""num_warps"": 4, ""pid_type"": ""flat"", ""range_flattens"": [null, true], ""range_multi_buffers"": [null, false], ""range_num_stages"": [0, 0], ""range_unroll_factors"": [0, 0], ""range_warp_specializes"": [null, false]}",ok,117.69600212574005,0.10779881477355957,0
matmul,MM_011,128x2048x2048,heldout,0,heuristics,0,a725e7fb330cd444,"{""atomic_indexing"": [], ""block_sizes"": [64, 128, 64], ""indexing"": [""pointer"", ""pointer"", ""pointer""], ""l2_groupings"": [1], ""load_eviction_policies"": ["""", """"], ""loop_orders"": [[0, 1]], ""num_stages"": 3, ""num_warps"": 4, ""pid_type"": ""flat"", ""range_flattens"": [null, null], ""range_multi_buffers"": [null, null], ""range_num_stages"": [0, 0], ""range_unroll_factors"": [0, 0], ""range_warp_specializes"": [null, null]}",ok,23.455999791622162,0.04780936241149902,0
matmul,MM_011,128x2048x2048,heldout,0,heuristics,0,3a9212187ed23517,"{""atomic_indexing"": [], ""block_sizes"": [128, 128, 64], ""indexing"": [""tensor_descriptor"", ""tensor_descriptor"", ""tensor_descriptor""], ""l2_groupings"": [1], ""load_eviction_policies"": ["""", """"], ""loop_orders"": [[0, 1]], ""num_sm_multiplier"": 1, ""num_stages"": 4, ""num_warps"": 8, ""pid_type"": ""persistent_blocked"", ""range_flattens"": [null, null], ""range_multi_buffers"": [null, null], ""range_num_stages"": [0, 0], ""range_unroll_factors"": [0, 0], ""range_warp_specializes"": [null, null]}",ok,23.552000522613525,0.033437252044677734,0
matmul,MM_011,128x2048x2048,heldout,0,heuristics,0,93c54e6cd02df342,"{""atomic_indexing"": [], ""block_sizes"": [64, 128, 64], ""indexing"": [""pointer"", ""pointer"", ""pointer""], ""l2_groupings"": [1], ""load_eviction_policies"": [""first"", """"], ""loop_orders"": [[0, 1]], ""num_stages"": 4, ""num_warps"": 4, ""pid_type"": ""flat"", ""range_flattens"": [null, null], ""range_multi_buffers"": [null, true], ""range_num_stages"": [0, 0], ""range_unroll_factors"": [0, 0], ""range_warp_specializes"": [null, null]}",ok,17.472000792622566,0.2716102600097656,0
matmul,MM_011,128x2048x2048,heldout,0,heuristics,0,e563a2edcbadf9ea,"{""atomic_indexing"": [], ""block_sizes"": [128, 64, 32], ""indexing"": [""pointer"", ""pointer"", ""pointer""], ""l2_groupings"": [4], ""load_eviction_policies"": ["""", """"], ""loop_orders"": [[0, 1]], ""num_sm_multiplier"": 1, ""num_stages"": 3, ""num_warps"": 4, ""pid_type"": ""persistent_interleaved"", ""range_flattens"": [null, null], ""range_multi_buffers"": [null, null], ""range_num_stages"": [0, 0], ""range_unroll_factors"": [0, 0], ""range_warp_specializes"": [null, null]}",ok,33.85600075125694,0.2247917652130127,0
matmul,MM_011,128x2048x2048,heldout,0,heuristics,0,b9c143ec09ef420e,"{""atomic_indexing"": [], ""block_sizes"": [64, 256, 32], ""epilogue_subtile"": 2, ""indexing"": [""pointer"", ""pointer"", ""pointer""], ""l2_groupings"": [1], ""load_eviction_policies"": ["""", """"], ""loop_orders"": [[0, 1]], ""num_stages"": 3, ""num_warps"": 8, ""pid_type"": ""flat"", ""range_flattens"": [null, null], ""range_multi_buffers"": [null, null], ""range_num_stages"": [0, 0], ""range_unroll_factors"": [0, 0], ""range_warp_specializes"": [null, null]}",ok,35.87200120091438,0.25190043449401855,0
matmul,MM_011,128x2048x2048,heldout,1,heuristics,0,09ae4f6df93b6fba,"{""atomic_indexing"": [], ""block_sizes"": [128, 256, 32], ""indexing"": [""pointer"", ""pointer"", ""pointer""], ""l2_groupings"": [8], ""load_eviction_policies"": ["""", """"], ""loop_orders"": [[0, 1]], ""num_stages"": 5, ""num_warps"": 4, ""pid_type"": ""flat"", ""range_flattens"": [null, null], ""range_multi_buffers"": [null, null], ""range_num_stages"": [0, 0], ""range_unroll_factors"": [0, 0], ""range_warp_specializes"": [null, null]}",ok,25.536000728607178,0.05100512504577637,1
matmul,MM_011,128x2048x2048,heldout,1,heuristics,0,7d0aff38f0ba9fdd,"{""atomic_indexing"": [], ""block_sizes"": [16, 16, 16], ""indexing"": [""pointer"", ""pointer"", ""pointer""], ""l2_groupings"": [1], ""load_eviction_policies"": ["""", """"], ""loop_orders"": [[0, 1]], ""num_stages"": 1, ""num_warps"": 4, ""pid_type"": ""flat"", ""range_flattens"": [null, null], ""range_multi_buffers"": [null, null], ""range_num_stages"": [0, 0], ""range_unroll_factors"": [0, 0], ""range_warp_specializes"": [null, null]}",ok,87.00799942016602,0.03564953804016113,0
matmul,MM_011,128x2048x2048,heldout,1,heuristics,0,523a089e2533a0af,"{""atomic_indexing"": [], ""block_sizes"": [2, 16, 16], ""indexing"": [""pointer"", ""tensor_descriptor"", ""pointer""], ""l2_groupings"": [16], ""load_eviction_policies"": [""first"", """"], ""loop_orders"": [[1, 0]], ""num_stages"": 8, ""num_warps"": 4, ""pid_type"": ""flat"", ""range_flattens"": [null, null], ""range_multi_buffers"": [null, null], ""range_num_stages"": [0, 0], ""range_unroll_factors"": [0, 0], ""range_warp_specializes"": [null, true]}",ok,1969.7120189666748,0.021724224090576172,0
matmul,MM_011,128x2048x2048,heldout,1,heuristics,0,3c7f62183d276ab0,"{""atomic_indexing"": [], ""block_sizes"": [2, 16, 16], ""epilogue_subtile"": 2, ""indexing"": [""tensor_descriptor"", ""tensor_descriptor"", ""tensor_descriptor""], ""l2_groupings"": [2], ""load_eviction_policies"": [""first"", ""first""], ""loop_orders"": [[0, 1]], ""maxnreg"": null, ""num_sm_multiplier"": 128, ""num_stages"": 1, ""num_warps"": 1, ""pid_type"": ""persistent_blocked"", ""range_flattens"": [null, null], ""range_multi_buffers"": [null, false], ""range_num_stages"": [0, 0], ""range_unroll_factors"": [0, 0], ""range_warp_specializes"": [true, null]}",ok,2303.9679527282715,0.02136707305908203,0
matmul,MM_011,128x2048x2048,heldout,1,heuristics,0,83d8544ab5a456bc,"{""atomic_indexing"": [], ""block_sizes"": [8, 16, 16], ""indexing"": [""tensor_descriptor"", ""tensor_descriptor"", ""tensor_descriptor""], ""l2_groupings"": [32], ""load_eviction_policies"": [""last"", ""last""], ""loop_orders"": [[0, 1]], ""num_stages"": 4, ""num_warps"": 4, ""pid_type"": ""flat"", ""range_flattens"": [null, true], ""range_multi_buffers"": [null, false], ""range_num_stages"": [0, 0], ""range_unroll_factors"": [0, 0], ""range_warp_specializes"": [null, false]}",ok,117.69600212574005,0.01954960823059082,0
matmul,MM_011,128x2048x2048,heldout,1,heuristics,0,a725e7fb330cd444,"{""atomic_indexing"": [], ""block_sizes"": [64, 128, 64], ""indexing"": [""pointer"", ""pointer"", ""pointer""], ""l2_groupings"": [1], ""load_eviction_policies"": ["""", """"], ""loop_orders"": [[0, 1]], ""num_stages"": 3, ""num_warps"": 4, ""pid_type"": ""flat"", ""range_flattens"": [null, null], ""range_multi_buffers"": [null, null], ""range_num_stages"": [0, 0], ""range_unroll_factors"": [0, 0], ""range_warp_specializes"": [null, null]}",ok,22.6879995316267,0.03592252731323242,0
matmul,MM_011,128x2048x2048,heldout,1,heuristics,0,3a9212187ed23517,"{""atomic_indexing"": [], ""block_sizes"": [128, 128, 64], ""indexing"": [""tensor_descriptor"", ""tensor_descriptor"", ""tensor_descriptor""], ""l2_groupings"": [1], ""load_eviction_policies"": ["""", """"], ""loop_orders"": [[0, 1]], ""num_sm_multiplier"": 1, ""num_stages"": 4, ""num_warps"": 8, ""pid_type"": ""persistent_blocked"", ""range_flattens"": [null, null], ""range_multi_buffers"": [null, null], ""range_num_stages"": [0, 0], ""range_unroll_factors"": [0, 0], ""range_warp_specializes"": [null, null]}",ok,23.520000278949738,0.029026508331298828,0
matmul,MM_011,128x2048x2048,heldout,1,heuristics,0,ad3484024d3992d8,"{""atomic_indexing"": [], ""block_sizes"": [64, 128, 32], ""indexing"": [""pointer"", ""pointer"", ""pointer""], ""l2_groupings"": [4], ""load_eviction_policies"": ["""", """"], ""loop_orders"": [[0, 1]], ""num_stages"": 3, ""num_warps"": 4, ""pid_type"": ""flat"", ""range_flattens"": [null, null], ""range_multi_buffers"": [null, null], ""range_num_stages"": [0, 0], ""range_unroll_factors"": [0, 0], ""range_warp_specializes"": [null, null]}",ok,33.79200026392937,0.024207592010498047,0
matmul,MM_011,128x2048x2048,heldout,1,heuristics,0,9d6e4a06e99aee48,"{""atomic_indexing"": [], ""block_sizes"": [128, 64, 64], ""indexing"": [""pointer"", ""pointer"", ""pointer""], ""l2_groupings"": [1], ""load_eviction_policies"": [""first"", """"], ""loop_orders"": [[0, 1]], ""num_stages"": 4, ""num_warps"": 8, ""pid_type"": ""flat"", ""range_flattens"": [null, null], ""range_multi_buffers"": [null, null], ""range_num_stages"": [0, 0], ""range_unroll_factors"": [0, 0], ""range_warp_specializes"": [null, null]}",ok,18.432000651955605,0.21741557121276855,0
matmul,MM_011,128x2048x2048,heldout,1,heuristics,0,d90fdd7154d9d76a,"{""atomic_indexing"": [], ""block_sizes"": [64, 256, 64], ""epilogue_subtile"": 2, ""indexing"": [""pointer"", ""pointer"", ""pointer""], ""l2_groupings"": [1], ""load_eviction_policies"": ["""", """"], ""loop_orders"": [[0, 1]], ""num_sm_multiplier"": 1, ""num_stages"": 3, ""num_warps"": 8, ""pid_type"": ""persistent_interleaved"", ""range_flattens"": [null, null], ""range_multi_buffers"": [null, null], ""range_num_stages"": [0, 0], ""range_unroll_factors"": [0, 0], ""range_warp_specializes"": [null, null]}",ok,25.567999109625816,0.02280902862548828,0
matmul,MM_011,128x2048x2048,heldout,2,heuristics,0,09ae4f6df93b6fba,"{""atomic_indexing"": [], ""block_sizes"": [128, 256, 32], ""indexing"": [""pointer"", ""pointer"", ""pointer""], ""l2_groupings"": [8], ""load_eviction_policies"": ["""", """"], ""loop_orders"": [[0, 1]], ""num_stages"": 5, ""num_warps"": 4, ""pid_type"": ""flat"", ""range_flattens"": [null, null], ""range_multi_buffers"": [null, null], ""range_num_stages"": [0, 0], ""range_unroll_factors"": [0, 0], ""range_warp_specializes"": [null, null]}",ok,25.567999109625816,0.05000495910644531,1
matmul,MM_011,128x2048x2048,heldout,2,heuristics,0,7d0aff38f0ba9fdd,"{""atomic_indexing"": [], ""block_sizes"": [16, 16, 16], ""indexing"": [""pointer"", ""pointer"", ""pointer""], ""l2_groupings"": [1], ""load_eviction_policies"": ["""", """"], ""loop_orders"": [[0, 1]], ""num_stages"": 1, ""num_warps"": 4, ""pid_type"": ""flat"", ""range_flattens"": [null, null], ""range_multi_buffers"": [null, null], ""range_num_stages"": [0, 0], ""range_unroll_factors"": [0, 0], ""range_warp_specializes"": [null, null]}",ok,87.00799942016602,0.042841196060180664,0
matmul,MM_011,128x2048x2048,heldout,2,heuristics,0,523a089e2533a0af,"{""atomic_indexing"": [], ""block_sizes"": [2, 16, 16], ""indexing"": [""pointer"", ""tensor_descriptor"", ""pointer""], ""l2_groupings"": [16], ""load_eviction_policies"": [""first"", """"], ""loop_orders"": [[1, 0]], ""num_stages"": 8, ""num_warps"": 4, ""pid_type"": ""flat"", ""range_flattens"": [null, null], ""range_multi_buffers"": [null, null], ""range_num_stages"": [0, 0], ""range_unroll_factors"": [0, 0], ""range_warp_specializes"": [null, true]}",ok,1969.6640372276306,0.03526782989501953,0
matmul,MM_011,128x2048x2048,heldout,2,heuristics,0,3c7f62183d276ab0,"{""atomic_indexing"": [], ""block_sizes"": [2, 16, 16], ""epilogue_subtile"": 2, ""indexing"": [""tensor_descriptor"", ""tensor_descriptor"", ""tensor_descriptor""], ""l2_groupings"": [2], ""load_eviction_policies"": [""first"", ""first""], ""loop_orders"": [[0, 1]], ""maxnreg"": null, ""num_sm_multiplier"": 128, ""num_stages"": 1, ""num_warps"": 1, ""pid_type"": ""persistent_blocked"", ""range_flattens"": [null, null], ""range_multi_buffers"": [null, false], ""range_num_stages"": [0, 0], ""range_unroll_factors"": [0, 0], ""range_warp_specializes"": [true, null]}",ok,2303.0080795288086,0.03108668327331543,0
matmul,MM_011,128x2048x2048,heldout,2,heuristics,0,83d8544ab5a456bc,"{""atomic_indexing"": [], ""block_sizes"": [8, 16, 16], ""indexing"": [""tensor_descriptor"", ""tensor_descriptor"", ""tensor_descriptor""], ""l2_groupings"": [32], ""load_eviction_policies"": [""last"", ""last""], ""loop_orders"": [[0, 1]], ""num_stages"": 4, ""num_warps"": 4, ""pid_type"": ""flat"", ""range_flattens"": [null, true], ""range_multi_buffers"": [null, false], ""range_num_stages"": [0, 0], ""range_unroll_factors"": [0, 0], ""range_warp_specializes"": [null, false]}",ok,117.69600212574005,0.03225564956665039,0
matmul,MM_011,128x2048x2048,heldout,2,heuristics,0,a725e7fb330cd444,"{""atomic_indexing"": [], ""block_sizes"": [64, 128, 64], ""indexing"": [""pointer"", ""pointer"", ""pointer""], ""l2_groupings"": [1], ""load_eviction_policies"": ["""", """"], ""loop_orders"": [[0, 1]], ""num_stages"": 3, ""num_warps"": 4, ""pid_type"": ""flat"", ""range_flattens"": [null, null], ""range_multi_buffers"": [null, null], ""range_num_stages"": [0, 0], ""range_unroll_factors"": [0, 0], ""range_warp_specializes"": [null, null]}",ok,22.624000906944275,0.05409431457519531,0
matmul,MM_011,128x2048x2048,heldout,2,heuristics,0,3a9212187ed23517,"{""atomic_indexing"": [], ""block_sizes"": [128, 128, 64], ""indexing"": [""tensor_descriptor"", ""tensor_descriptor"", ""tensor_descriptor""], ""l2_groupings"": [1], ""load_eviction_policies"": ["""", """"], ""loop_orders"": [[0, 1]], ""num_sm_multiplier"": 1, ""num_stages"": 4, ""num_warps"": 8, ""pid_type"": ""persistent_blocked"", ""range_flattens"": [null, null], ""range_multi_buffers"": [null, null], ""range_num_stages"": [0, 0], ""range_unroll_factors"": [0, 0], ""range_warp_specializes"": [null, null]}",ok,23.520000278949738,0.03764462471008301,0
matmul,MM_011,128x2048x2048,heldout,2,heuristics,0,ad3484024d3992d8,"{""atomic_indexing"": [], ""block_sizes"": [64, 128, 32], ""indexing"": [""pointer"", ""pointer"", ""pointer""], ""l2_groupings"": [4], ""load_eviction_policies"": ["""", """"], ""loop_orders"": [[0, 1]], ""num_stages"": 3, ""num_warps"": 4, ""pid_type"": ""flat"", ""range_flattens"": [null, null], ""range_multi_buffers"": [null, null], ""range_num_stages"": [0, 0], ""range_unroll_factors"": [0, 0], ""range_warp_specializes"": [null, null]}",ok,33.79200026392937,0.022822141647338867,0
matmul,MM_011,128x2048x2048,heldout,2,heuristics,0,bd9546bd983e89d4,"{""atomic_indexing"": [], ""block_sizes"": [128, 64, 64], ""indexing"": [""pointer"", ""pointer"", ""pointer""], ""l2_groupings"": [1], ""load_eviction_policies"": [""first"", """"], ""loop_orders"": [[0, 1]], ""maxnreg"": 128, ""num_sm_multiplier"": 1, ""num_stages"": 4, ""num_warps"": 8, ""pid_type"": ""persistent_interleaved"", ""range_flattens"": [null, null], ""range_multi_buffers"": [null, null], ""range_num_stages"": [0, 0], ""range_unroll_factors"": [0, 0], ""range_warp_specializes"": [null, null]}",ok,18.49599927663803,0.2302720546722412,0
matmul,MM_011,128x2048x2048,heldout,2,heuristics,0,d4d126b8b4e80dbe,"{""atomic_indexing"": [], ""block_sizes"": [64, 64, 32], ""indexing"": [""pointer"", ""pointer"", ""pointer""], ""l2_groupings"": [1], ""load_eviction_policies"": ["""", """"], ""loop_orders"": [[0, 1]], ""num_stages"": 2, ""num_warps"": 4, ""pid_type"": ""flat"", ""range_flattens"": [null, null], ""range_multi_buffers"": [null, null], ""range_num_stages"": [0, 0], ""range_unroll_factors"": [0, 0], ""range_warp_specializes"": [null, null]}",ok,56.44800141453743,0.02484583854675293,0
matmul,MM_012,4096x4096x128,heldout,0,heuristics,0,2b7b00b4336efba0,"{""atomic_indexing"": [], ""block_sizes"": [256, 128, 32], ""indexing"": [""pointer"", ""pointer"", ""pointer""], ""l2_groupings"": [16], ""load_eviction_policies"": ["""", """"], ""loop_orders"": [[0, 1]], ""num_stages"": 6, ""num_warps"": 4, ""pid_type"": ""flat"", ""range_flattens"": [null, null], ""range_multi_buffers"": [null, null], ""range_num_stages"": [0, 0], ""range_unroll_factors"": [0, 0], ""range_warp_specializes"": [null, null]}",ok,42.047999799251556,0.44652605056762695,1
matmul,MM_012,4096x4096x128,heldout,0,heuristics,0,7d0aff38f0ba9fdd,"{""atomic_indexing"": [], ""block_sizes"": [16, 16, 16], ""indexing"": [""pointer"", ""pointer"", ""pointer""], ""l2_groupings"": [1], ""load_eviction_policies"": ["""", """"], ""loop_orders"": [[0, 1]], ""num_stages"": 1, ""num_warps"": 4, ""pid_type"": ""flat"", ""range_flattens"": [null, null], ""range_multi_buffers"": [null, null], ""range_num_stages"": [0, 0], ""range_unroll_factors"": [0, 0], ""range_warp_specializes"": [null, null]}",ok,160.71999818086624,0.029117107391357422,0
matmul,MM_012,4096x4096x128,heldout,0,heuristics,0,f9636b516f5ee45f,"{""atomic_indexing"": [], ""block_sizes"": [16, 16, 16], ""indexing"": [""pointer"", ""tensor_descriptor"", ""pointer""], ""l2_groupings"": [16], ""load_eviction_policies"": [""first"", """"], ""loop_orders"": [[1, 0]], ""num_stages"": 8, ""num_warps"": 4, ""pid_type"": ""flat"", ""range_flattens"": [null, null], ""range_multi_buffers"": [null, null], ""range_num_stages"": [0, 0], ""range_unroll_factors"": [0, 0], ""range_warp_specializes"": [null, true]}",ok,474.16000068187714,0.17888498306274414,0
matmul,MM_012,4096x4096x128,heldout,0,heuristics,0,30b5f1e11d30b76e,"{""atomic_indexing"": [], ""block_sizes"": [16, 4, 16], ""epilogue_subtile"": 2, ""indexing"": [""tensor_descriptor"", ""tensor_descriptor"", ""tensor_descriptor""], ""l2_groupings"": [2], ""load_eviction_policies"": [""first"", ""first""], ""loop_orders"": [[0, 1]], ""maxnreg"": null, ""num_sm_multiplier"": 128, ""num_stages"": 1, ""num_warps"": 1, ""pid_type"": ""persistent_blocked"", ""range_flattens"": [null, null], ""range_multi_buffers"": [null, false], ""range_num_stages"": [0, 0], ""range_unroll_factors"": [0, 0], ""range_warp_specializes"": [true, null]}",ok,6445.055961608887,0.17758560180664062,0
matmul,MM_012,4096x4096x128,heldout,0,heuristics,0,026f76b88a49b769,"{""atomic_indexing"": [], ""block_sizes"": [16, 16, 16], ""indexing"": [""tensor_descriptor"", ""tensor_descriptor"", ""tensor_descriptor""], ""l2_groupings"": [32], ""load_eviction_policies"": [""last"", ""last""], ""loop_orders"": [[0, 1]], ""num_stages"": 4, ""num_warps"": 4, ""pid_type"": ""flat"", ""range_flattens"": [null, true], ""range_multi_buffers"": [null, false], ""range_num_stages"": [0, 0], ""range_unroll_factors"": [0, 0], ""range_warp_specializes"": [null, false]}",ok,224.2240011692047,0.12356400489807129,0
matmul,MM_012,4096x4096x128,heldout,0,heuristics,0,c959c35020e66fce,"{""atomic_indexing"": [], ""block_sizes"": [128, 128, 64], ""indexing"": [""pointer"", ""pointer"", ""pointer""], ""l2_groupings"": [1], ""load_eviction_policies"": ["""", """"], ""loop_orders"": [[0, 1]], ""num_stages"": 3, ""num_warps"": 4, ""pid_type"": ""flat"", ""range_flattens"": [null, null], ""range_multi_buffers"": [null, null], ""range_num_stages"": [0, 0], ""range_unroll_factors"": [0, 0], ""range_warp_specializes"": [null, null]}",ok,41.152000427246094,0.03575444221496582,0
matmul,MM_012,4096x4096x128,heldout,0,heuristics,0,892801291dc8ea5b,"{""atomic_indexing"": [], ""block_sizes"": [64, 128, 64], ""indexing"": [""pointer"", ""pointer"", ""pointer""], ""l2_groupings"": [1], ""load_eviction_policies"": ["""", """"], ""loop_orders"": [[0, 1]], ""num_stages"": 4, ""num_warps"": 4, ""pid_type"": ""flat"", ""range_flattens"": [null, null], ""range_multi_buffers"": [null, null], ""range_num_stages"": [0, 0], ""range_unroll_factors"": [0, 0], ""range_warp_specializes"": [null, null]}",ok,29.759999364614487,0.02817082405090332,0
matmul,MM_012,4096x4096x128,heldout,0,heuristics,0,211af75e41e8794b,"{""atomic_indexing"": [], ""block_sizes"": [256, 128, 32], ""indexing"": [""pointer"", ""pointer"", ""pointer""], ""l2_groupings"": [1], ""load_eviction_policies"": ["""", """"], ""loop_orders"": [[0, 1]], ""num_stages"": 3, ""num_warps"": 8, ""pid_type"": ""flat"", ""range_flattens"": [null, null], ""range_multi_buffers"": [null, null], ""range_num_stages"": [0, 0], ""range_unroll_factors"": [0, 0], ""range_warp_specializes"": [null, null]}",ok,74.75200295448303,0.024042606353759766,0
matmul,MM_012,4096x4096x128,heldout,0,heuristics,0,2f2350a789c77eed,"{""atomic_indexing"": [], ""block_sizes"": [128, 128, 64], ""indexing"": [""tensor_descriptor"", ""tensor_descriptor"", ""tensor_descriptor""], ""l2_groupings"": [1], ""load_eviction_policies"": ["""", """"], ""loop_orders"": [[0, 1]], ""num_stages"": 3, ""num_warps"": 8, ""pid_type"": ""flat"", ""range_flattens"": [null, null], ""range_multi_buffers"": [null, null], ""range_num_stages"": [0, 0], ""range_unroll_factors"": [0, 0], ""range_warp_specializes"": [null, null]}",ok,44.064000248909,0.02345752716064453,0
matmul,MM_012,4096x4096x128,heldout,0,heuristics,0,cd4accdea2a1e4a9,"{""atomic_indexing"": [], ""block_sizes"": [128, 128, 64], ""indexing"": [""pointer"", ""pointer"", ""pointer""], ""l2_groupings"": [1], ""load_eviction_policies"": [""first"", """"], ""loop_orders"": [[0, 1]], ""num_stages"": 4, ""num_warps"": 8, ""pid_type"": ""flat"", ""range_flattens"": [null, null], ""range_multi_buffers"": [null, true], ""range_num_stages"": [0, 0], ""range_unroll_factors"": [0, 0], ""range_warp_specializes"": [null, null]}",ok,31.679999083280563,0.2616310119628906,0
matmul,MM_012,4096x4096x128,heldout,1,heuristics,0,2b7b00b4336efba0,"{""atomic_indexing"": [], ""block_sizes"": [256, 128, 32], ""indexing"": [""pointer"", ""pointer"", ""pointer""], ""l2_groupings"": [16], ""load_eviction_policies"": ["""", """"], ""loop_orders"": [[0, 1]], ""num_stages"": 6, ""num_warps"": 4, ""pid_type"": ""flat"", ""range_flattens"": [null, null], ""range_multi_buffers"": [null, null], ""range_num_stages"": [0, 0], ""range_unroll_factors"": [0, 0], ""range_warp_specializes"": [null, null]}",ok,42.080000042915344,0.038190603256225586,1
matmul,MM_012,4096x4096x128,heldout,1,heuristics,0,7d0aff38f0ba9fdd,"{""atomic_indexing"": [], ""block_sizes"": [16, 16, 16], ""indexing"": [""pointer"", ""pointer"", ""pointer""], ""l2_groupings"": [1], ""load_eviction_policies"": ["""", """"], ""loop_orders"": [[0, 1]], ""num_stages"": 1, ""num_warps"": 4, ""pid_type"": ""flat"", ""range_flattens"": [null, null], ""range_multi_buffers"": [null, null], ""range_num_stages"": [0, 0], ""range_unroll_factors"": [0, 0], ""range_warp_specializes"": [null, null]}",ok,160.67199409008026,0.031116962432861328,0
matmul,MM_012,4096x4096x128,heldout,1,heuristics,0,f9636b516f5ee45f,"{""atomic_indexing"": [], ""block_sizes"": [16, 16, 16], ""indexing"": [""pointer"", ""tensor_descriptor"", ""pointer""], ""l2_groupings"": [16], ""load_eviction_policies"": [""first"", """"], ""loop_orders"": [[1, 0]], ""num_stages"": 8, ""num_warps"": 4, ""pid_type"": ""flat"", ""range_flattens"": [null, null], ""range_multi_buffers"": [null, null], ""range_num_stages"": [0, 0], ""range_unroll_factors"": [0, 0], ""range_warp_specializes"": [null, true]}",ok,474.14401173591614,0.023179054260253906,0
matmul,MM_012,4096x4096x128,heldout,1,heuristics,0,30b5f1e11d30b76e,"{""atomic_indexing"": [], ""block_sizes"": [16, 4, 16], ""epilogue_subtile"": 2, ""indexing"": [""tensor_descriptor"", ""tensor_descriptor"", ""tensor_descriptor""], ""l2_groupings"": [2], ""load_eviction_policies"": [""first"", ""first""], ""loop_orders"": [[0, 1]], ""maxnreg"": null, ""num_sm_multiplier"": 128, ""num_stages"": 1, ""num_warps"": 1, ""pid_type"": ""persistent_blocked"", ""range_flattens"": [null, null], ""range_multi_buffers"": [null, false], ""range_num_stages"": [0, 0], ""range_unroll_factors"": [0, 0], ""range_warp_specializes"": [true, null]}",ok,6394.944190979004,0.02065253257751465,0
matmul,MM_012,4096x4096x128,heldout,1,heuristics,0,026f76b88a49b769,"{""atomic_indexing"": [], ""block_sizes"": [16, 16, 16], ""indexing"": [""tensor_descriptor"", ""tensor_descriptor"", ""tensor_descriptor""], ""l2_groupings"": [32], ""load_eviction_policies"": [""last"", ""last""], ""loop_orders"": [[0, 1]], ""num_stages"": 4, ""num_warps"": 4, ""pid_type"": ""flat"", ""range_flattens"": [null, true], ""range_multi_buffers"": [null, false], ""range_num_stages"": [0, 0], ""range_unroll_factors"": [0, 0], ""range_warp_specializes"": [null, false]}",ok,224.2240011692047,0.02110600471496582,0
matmul,MM_012,4096x4096x128,heldout,1,heuristics,0,c959c35020e66fce,"{""atomic_indexing"": [], ""block_sizes"": [128, 128, 64], ""indexing"": [""pointer"", ""pointer"", ""pointer""], ""l2_groupings"": [1], ""load_eviction_policies"": ["""", """"], ""loop_orders"": [[0, 1]], ""num_stages"": 3, ""num_warps"": 4, ""pid_type"": ""flat"", ""range_flattens"": [null, null], ""range_multi_buffers"": [null, null], ""range_num_stages"": [0, 0], ""range_unroll_factors"": [0, 0], ""range_warp_specializes"": [null, null]}",ok,41.88799858093262,0.05409860610961914,0
matmul,MM_012,4096x4096x128,heldout,1,heuristics,0,892801291dc8ea5b,"{""atomic_indexing"": [], ""block_sizes"": [64, 128, 64], ""indexing"": [""pointer"", ""pointer"", ""pointer""], ""l2_groupings"": [1], ""load_eviction_policies"": ["""", """"], ""loop_orders"": [[0, 1]], ""num_stages"": 4, ""num_warps"": 4, ""pid_type"": ""flat"", ""range_flattens"": [null, null], ""range_multi_buffers"": [null, null], ""range_num_stages"": [0, 0], ""range_unroll_factors"": [0, 0], ""range_warp_specializes"": [null, null]}",ok,29.7279991209507,0.03735685348510742,0
matmul,MM_012,4096x4096x128,heldout,1,heuristics,0,e32c7bc0d20f514e,"{""atomic_indexing"": [], ""block_sizes"": [128, 64, 32], ""indexing"": [""pointer"", ""pointer"", ""pointer""], ""l2_groupings"": [4], ""load_eviction_policies"": ["""", """"], ""loop_orders"": [[0, 1]], ""num_sm_multiplier"": 1, ""num_stages"": 3, ""num_warps"": 8, ""pid_type"": ""persistent_blocked"", ""range_flattens"": [null, null], ""range_multi_buffers"": [null, null], ""range_num_stages"": [0, 0], ""range_unroll_factors"": [0, 0], ""range_warp_specializes"": [null, null]}",ok,66.52799993753433,0.2236166000366211,0
matmul,MM_012,4096x4096x128,heldout,1,heuristics,0,4dc40ee465f4665f,"{""atomic_indexing"": [], ""block_sizes"": [256, 128, 64], ""indexing"": [""tensor_descriptor"", ""tensor_descriptor"", ""tensor_descriptor""], ""l2_groupings"": [1], ""load_eviction_policies"": ["""", ""last""], ""loop_orders"": [[0, 1]], ""num_stages"": 4, ""num_warps"": 8, ""pid_type"": ""flat"", ""range_flattens"": [null, null], ""range_multi_buffers"": [null, null], ""range_num_stages"": [0, 0], ""range_unroll_factors"": [0, 0], ""range_warp_specializes"": [null, null]}",ok,39.96799886226654,0.22800779342651367,0
matmul,MM_012,4096x4096x128,heldout,1,heuristics,0,d4d126b8b4e80dbe,"{""atomic_indexing"": [], ""block_sizes"": [64, 64, 32], ""indexing"": [""pointer"", ""pointer"", ""pointer""], ""l2_groupings"": [1], ""load_eviction_policies"": ["""", """"], ""loop_orders"": [[0, 1]], ""num_stages"": 2, ""num_warps"": 4, ""pid_type"": ""flat"", ""range_flattens"": [null, null], ""range_multi_buffers"": [null, null], ""range_num_stages"": [0, 0], ""range_unroll_factors"": [0, 0], ""range_warp_specializes"": [null, null]}",ok,98.4639972448349,0.023931264877319336,0
matmul,MM_012,4096x4096x128,heldout,2,heuristics,0,2b7b00b4336efba0,"{""atomic_indexing"": [], ""block_sizes"": [256, 128, 32], ""indexing"": [""pointer"", ""pointer"", ""pointer""], ""l2_groupings"": [16], ""load_eviction_policies"": ["""", """"], ""loop_orders"": [[0, 1]], ""num_stages"": 6, ""num_warps"": 4, ""pid_type"": ""flat"", ""range_flattens"": [null, null], ""range_multi_buffers"": [null, null], ""range_num_stages"": [0, 0], ""range_unroll_factors"": [0, 0], ""range_warp_specializes"": [null, null]}",ok,42.03199967741966,0.036243438720703125,1
matmul,MM_012,4096x4096x128,heldout,2,heuristics,0,7d0aff38f0ba9fdd,"{""atomic_indexing"": [], ""block_sizes"": [16, 16, 16], ""indexing"": [""pointer"", ""pointer"", ""pointer""], ""l2_groupings"": [1], ""load_eviction_policies"": ["""", """"], ""loop_orders"": [[0, 1]], ""num_stages"": 1, ""num_warps"": 4, ""pid_type"": ""flat"", ""range_flattens"": [null, null], ""range_multi_buffers"": [null, null], ""range_num_stages"": [0, 0], ""range_unroll_factors"": [0, 0], ""range_warp_specializes"": [null, null]}",ok,160.70400178432465,0.02923870086669922,0
matmul,MM_012,4096x4096x128,heldout,2,heuristics,0,f9636b516f5ee45f,"{""atomic_indexing"": [], ""block_sizes"": [16, 16, 16], ""indexing"": [""pointer"", ""tensor_descriptor"", ""pointer""], ""l2_groupings"": [16], ""load_eviction_policies"": [""first"", """"], ""loop_orders"": [[1, 0]], ""num_stages"": 8, ""num_warps"": 4, ""pid_type"": ""flat"", ""range_flattens"": [null, null], ""range_multi_buffers"": [null, null], ""range_num_stages"": [0, 0], ""range_unroll_factors"": [0, 0], ""range_warp_specializes"": [null, true]}",ok,474.2400050163269,0.02146744728088379,0
matmul,MM_012,4096x4096x128,heldout,2,heuristics,0,30b5f1e11d30b76e,"{""atomic_indexing"": [], ""block_sizes"": [16, 4, 16], ""epilogue_subtile"": 2, ""indexing"": [""tensor_descriptor"", ""tensor_descriptor"", ""tensor_descriptor""], ""l2_groupings"": [2], ""load_eviction_policies"": [""first"", ""first""], ""loop_orders"": [[0, 1]], ""maxnreg"": null, ""num_sm_multiplier"": 128, ""num_stages"": 1, ""num_warps"": 1, ""pid_type"": ""persistent_blocked"", ""range_flattens"": [null, null], ""range_multi_buffers"": [null, false], ""range_num_stages"": [0, 0], ""range_unroll_factors"": [0, 0], ""range_warp_specializes"": [true, null]}",ok,6501.311779022217,0.0202791690826416,0
matmul,MM_012,4096x4096x128,heldout,2,heuristics,0,026f76b88a49b769,"{""atomic_indexing"": [], ""block_sizes"": [16, 16, 16], ""indexing"": [""tensor_descriptor"", ""tensor_descriptor"", ""tensor_descriptor""], ""l2_groupings"": [32], ""load_eviction_policies"": [""last"", ""last""], ""loop_orders"": [[0, 1]], ""num_stages"": 4, ""num_warps"": 4, ""pid_type"": ""flat"", ""range_flattens"": [null, true], ""range_multi_buffers"": [null, false], ""range_num_stages"": [0, 0], ""range_unroll_factors"": [0, 0], ""range_warp_specializes"": [null, false]}",ok,224.2240011692047,0.01987433433532715,0
matmul,MM_012,4096x4096x128,heldout,2,heuristics,0,c959c35020e66fce,"{""atomic_indexing"": [], ""block_sizes"": [128, 128, 64], ""indexing"": [""pointer"", ""pointer"", ""pointer""], ""l2_groupings"": [1], ""load_eviction_policies"": ["""", """"], ""loop_orders"": [[0, 1]], ""num_stages"": 3, ""num_warps"": 4, ""pid_type"": ""flat"", ""range_flattens"": [null, null], ""range_multi_buffers"": [null, null], ""range_num_stages"": [0, 0], ""range_unroll_factors"": [0, 0], ""range_warp_specializes"": [null, null]}",ok,41.120000183582306,0.037485599517822266,0
matmul,MM_012,4096x4096x128,heldout,2,heuristics,0,b7f6301bcb68ff6b,"{""atomic_indexing"": [], ""block_sizes"": [128, 128, 64], ""indexing"": [""tensor_descriptor"", ""tensor_descriptor"", ""tensor_descriptor""], ""l2_groupings"": [1], ""load_eviction_policies"": ["""", """"], ""loop_orders"": [[0, 1]], ""num_stages"": 4, ""num_warps"": 8, ""pid_type"": ""flat"", ""range_flattens"": [null, null], ""range_multi_buffers"": [null, null], ""range_num_stages"": [0, 0], ""range_unroll_factors"": [0, 0], ""range_warp_specializes"": [null, null]}",ok,34.912001341581345,0.20708370208740234,0
matmul,MM_012,4096x4096x128,heldout,2,heuristics,0,2cd2545140c3aacd,"{""atomic_indexing"": [], ""block_sizes"": [64, 128, 64], ""indexing"": [""pointer"", ""pointer"", ""pointer""], ""l2_groupings"": [1], ""load_eviction_policies"": ["""", ""last""], ""loop_orders"": [[0, 1]], ""num_stages"": 3, ""num_warps"": 4, ""pid_type"": ""flat"", ""range_flattens"": [null, null], ""range_multi_buffers"": [null, null], ""range_num_stages"": [0, 0], ""range_unroll_factors"": [0, 0], ""range_warp_specializes"": [null, null]}",ok,39.03999924659729,0.28922295570373535,0
matmul,MM_012,4096x4096x128,heldout,2,heuristics,0,211af75e41e8794b,"{""atomic_indexing"": [], ""block_sizes"": [256, 128, 32], ""indexing"": [""pointer"", ""pointer"", ""pointer""], ""l2_groupings"": [1], ""load_eviction_policies"": ["""", """"], ""loop_orders"": [[0, 1]], ""num_stages"": 3, ""num_warps"": 8, ""pid_type"": ""flat"", ""range_flattens"": [null, null], ""range_multi_buffers"": [null, null], ""range_num_stages"": [0, 0], ""range_unroll_factors"": [0, 0], ""range_warp_specializes"": [null, null]}",ok,74.72000271081924,0.032584190368652344,0
matmul,MM_012,4096x4096x128,heldout,2,heuristics,0,3e1e8d0ce98475de,"{""atomic_indexing"": [], ""block_sizes"": [128, 128, 32], ""indexing"": [""pointer"", ""pointer"", ""pointer""], ""l2_groupings"": [1], ""load_eviction_policies"": ["""", """"], ""loop_orders"": [[0, 1]], ""num_stages"": 2, ""num_warps"": 4, ""pid_type"": ""flat"", ""range_flattens"": [null, null], ""range_multi_buffers"": [null, null], ""range_num_stages"": [0, 0], ""range_unroll_factors"": [0, 0], ""range_warp_specializes"": [null, null]}",ok,111.58400028944016,0.28215503692626953,0
