kernel,shape_id,shape_label,split,repeat,arm,generation,config_hash,config,status,perf_ms,compile_time_s,seeded_by_heuristic
fp8_gemm,FP8_001,256x256x256,train,0,heuristics,0,624a083ab734ca3c,"{""atomic_indexing"": [], ""block_sizes"": [16, 32, 256], ""indexing"": [""pointer"", ""pointer"", ""pointer""], ""l2_groupings"": [16], ""load_eviction_policies"": [""first"", """"], ""loop_orders"": [[0, 1]], ""num_stages"": 1, ""num_warps"": 4, ""pid_type"": ""flat"", ""range_flattens"": [null, true], ""range_multi_buffers"": [null, null], ""range_num_stages"": [0, 3], ""range_unroll_factors"": [0, 1], ""range_warp_specializes"": [null, null]}",ok,7.199999876320362,0.16697335243225098,1
fp8_gemm,FP8_001,256x256x256,train,0,heuristics,0,2a4159de248005f4,"{""atomic_indexing"": [], ""block_sizes"": [16, 16, 32], ""indexing"": [""pointer"", ""pointer"", ""pointer""], ""l2_groupings"": [1], ""load_eviction_policies"": ["""", """"], ""loop_orders"": [[0, 1]], ""num_stages"": 1, ""num_warps"": 4, ""pid_type"": ""flat"", ""range_flattens"": [null, null], ""range_multi_buffers"": [null, null], ""range_num_stages"": [0, 0], ""range_unroll_factors"": [0, 0], ""range_warp_specializes"": [null, null]}",ok,13.311999849975109,0.0364377498626709,0
fp8_gemm,FP8_001,256x256x256,train,0,heuristics,0,3b3f74ed7100155e,"{""atomic_indexing"": [], ""block_sizes"": [32, 4, 32], ""indexing"": [""pointer"", ""tensor_descriptor"", ""pointer""], ""l2_groupings"": [64], ""load_eviction_policies"": ["""", ""first""], ""loop_orders"": [[1, 0]], ""num_stages"": 2, ""num_warps"": 2, ""pid_type"": ""flat"", ""range_flattens"": [null, true], ""range_multi_buffers"": [null, true], ""range_num_stages"": [0, 1], ""range_unroll_factors"": [0, 0], ""range_warp_specializes"": [null, true]}",error,inf,0.04780840873718262,0
fp8_gemm,FP8_001,256x256x256,train,0,heuristics,0,ba6721eecaa028ce,"{""atomic_indexing"": [], ""block_sizes"": [256, 8, 32], ""indexing"": [""tensor_descriptor"", ""pointer"", ""pointer""], ""l2_groupings"": [8], ""load_eviction_policies"": ["""", """"], ""loop_orders"": [[0, 1]], ""num_stages"": 1, ""num_warps"": 32, ""pid_type"": ""flat"", ""range_flattens"": [null, false], ""range_multi_buffers"": [null, false], ""range_num_stages"": [0, 0], ""range_unroll_factors"": [0, 3], ""range_warp_specializes"": [null, false]}",ok,17.44000054895878,0.16594338417053223,0
fp8_gemm,FP8_001,256x256x256,train,0,heuristics,0,eaf4e692de820350,"{""atomic_indexing"": [], ""block_sizes"": [2, 16, 64], ""indexing"": [""tensor_descriptor"", ""tensor_descriptor"", ""tensor_descriptor""], ""l2_groupings"": [32], ""load_eviction_policies"": ["""", ""first""], ""loop_orders"": [[1, 0]], ""num_stages"": 8, ""num_warps"": 1, ""pid_type"": ""flat"", ""range_flattens"": [null, true], ""range_multi_buffers"": [null, null], ""range_num_stages"": [0, 1], ""range_unroll_factors"": [0, 0], ""range_warp_specializes"": [null, true]}",ok,60.447998344898224,0.1512131690979004,0
fp8_gemm,FP8_001,256x256x256,train,0,heuristics,0,331468133066d661,"{""atomic_indexing"": [], ""block_sizes"": [64, 64, 32], ""indexing"": [""pointer"", ""pointer"", ""pointer""], ""l2_groupings"": [1], ""load_eviction_policies"": ["""", """"], ""loop_orders"": [[0, 1]], ""num_stages"": 3, ""num_warps"": 4, ""pid_type"": ""flat"", ""range_flattens"": [null, null], ""range_multi_buffers"": [null, null], ""range_num_stages"": [0, 0], ""range_unroll_factors"": [0, 0], ""range_warp_specializes"": [null, null]}",ok,9.279999881982803,0.05354046821594238,0
fp8_gemm,FP8_001,256x256x256,train,0,heuristics,0,64ca9b0a8ce451f8,"{""atomic_indexing"": [], ""block_sizes"": [128, 128, 64], ""indexing"": [""pointer"", ""pointer"", ""pointer""], ""l2_groupings"": [1], ""load_eviction_policies"": ["""", """"], ""loop_orders"": [[0, 1]], ""num_sm_multiplier"": 1, ""num_stages"": 3, ""num_warps"": 8, ""pid_type"": ""persistent_blocked"", ""range_flattens"": [null, null], ""range_multi_buffers"": [null, null], ""range_num_stages"": [0, 0], ""range_unroll_factors"": [0, 0], ""range_warp_specializes"": [null, null]}",ok,9.247999638319016,0.037393808364868164,0
fp8_gemm,FP8_001,256x256x256,train,0,heuristics,0,eaab5b23506e71d0,"{""atomic_indexing"": [], ""block_sizes"": [64, 128, 64], ""indexing"": [""tensor_descriptor"", ""tensor_descriptor"", ""tensor_descriptor""], ""l2_groupings"": [1], ""load_eviction_policies"": ["""", """"], ""loop_orders"": [[0, 1]], ""num_stages"": 4, ""num_warps"": 8, ""pid_type"": ""flat"", ""range_flattens"": [null, null], ""range_multi_buffers"": [null, null], ""range_num_stages"": [0, 0], ""range_unroll_factors"": [0, 0], ""range_warp_specializes"": [null, null]}",ok,13.344000093638897,0.17001581192016602,0
fp8_gemm,FP8_001,256x256x256,train,0,heuristics,0,c2749ca834117832,"{""atomic_indexing"": [], ""block_sizes"": [128, 64, 32], ""indexing"": [""pointer"", ""pointer"", ""pointer""], ""l2_groupings"": [4], ""load_eviction_policies"": ["""", """"], ""loop_orders"": [[0, 1]], ""num_sm_multiplier"": 1, ""num_stages"": 2, ""num_warps"": 4, ""pid_type"": ""persistent_interleaved"", ""range_flattens"": [null, null], ""range_multi_buffers"": [null, null], ""range_num_stages"": [0, 0], ""range_unroll_factors"": [0, 0], ""range_warp_specializes"": [null, null]}",ok,13.344000093638897,0.20008540153503418,0
fp8_gemm,FP8_001,256x256x256,train,0,heuristics,0,27da5d60a75de688,"{""atomic_indexing"": [], ""block_sizes"": [128, 128, 32], ""indexing"": [""pointer"", ""pointer"", ""pointer""], ""l2_groupings"": [1], ""load_eviction_policies"": [""first"", ""last""], ""loop_orders"": [[0, 1]], ""num_stages"": 4, ""num_warps"": 8, ""pid_type"": ""flat"", ""range_flattens"": [null, null], ""range_multi_buffers"": [null, null], ""range_num_stages"": [0, 0], ""range_unroll_factors"": [0, 0], ""range_warp_specializes"": [null, null]}",ok,10.975999757647514,0.022992610931396484,0
fp8_gemm,FP8_001,256x256x256,train,1,heuristics,0,624a083ab734ca3c,"{""atomic_indexing"": [], ""block_sizes"": [16, 32, 256], ""indexing"": [""pointer"", ""pointer"", ""pointer""], ""l2_groupings"": [16], ""load_eviction_policies"": [""first"", """"], ""loop_orders"": [[0, 1]], ""num_stages"": 1, ""num_warps"": 4, ""pid_type"": ""flat"", ""range_flattens"": [null, true], ""range_multi_buffers"": [null, null], ""range_num_stages"": [0, 3], ""range_unroll_factors"": [0, 1], ""range_warp_specializes"": [null, null]}",ok,7.199999876320362,0.05207371711730957,1
fp8_gemm,FP8_001,256x256x256,train,1,heuristics,0,2a4159de248005f4,"{""atomic_indexing"": [], ""block_sizes"": [16, 16, 32], ""indexing"": [""pointer"", ""pointer"", ""pointer""], ""l2_groupings"": [1], ""load_eviction_policies"": ["""", """"], ""loop_orders"": [[0, 1]], ""num_stages"": 1, ""num_warps"": 4, ""pid_type"": ""flat"", ""range_flattens"": [null, null], ""range_multi_buffers"": [null, null], ""range_num_stages"": [0, 0], ""range_unroll_factors"": [0, 0], ""range_warp_specializes"": [null, null]}",ok,13.311999849975109,0.03846430778503418,0
fp8_gemm,FP8_001,256x256x256,train,1,heuristics,0,3b3f74ed7100155e,"{""atomic_indexing"": [], ""block_sizes"": [32, 4, 32], ""indexing"": [""pointer"", ""tensor_descriptor"", ""pointer""], ""l2_groupings"": [64], ""load_eviction_policies"": ["""", ""first""], ""loop_orders"": [[1, 0]], ""num_stages"": 2, ""num_warps"": 2, ""pid_type"": ""flat"", ""range_flattens"": [null, true], ""range_multi_buffers"": [null, true], ""range_num_stages"": [0, 1], ""range_unroll_factors"": [0, 0], ""range_warp_specializes"": [null, true]}",error,inf,0.048357486724853516,0
fp8_gemm,FP8_001,256x256x256,train,1,heuristics,0,ba6721eecaa028ce,"{""atomic_indexing"": [], ""block_sizes"": [256, 8, 32], ""indexing"": [""tensor_descriptor"", ""pointer"", ""pointer""], ""l2_groupings"": [8], ""load_eviction_policies"": ["""", """"], ""loop_orders"": [[0, 1]], ""num_stages"": 1, ""num_warps"": 32, ""pid_type"": ""flat"", ""range_flattens"": [null, false], ""range_multi_buffers"": [null, false], ""range_num_stages"": [0, 0], ""range_unroll_factors"": [0, 3], ""range_warp_specializes"": [null, false]}",ok,17.44000054895878,0.031009435653686523,0
fp8_gemm,FP8_001,256x256x256,train,1,heuristics,0,eaf4e692de820350,"{""atomic_indexing"": [], ""block_sizes"": [2, 16, 64], ""indexing"": [""tensor_descriptor"", ""tensor_descriptor"", ""tensor_descriptor""], ""l2_groupings"": [32], ""load_eviction_policies"": ["""", ""first""], ""loop_orders"": [[1, 0]], ""num_stages"": 8, ""num_warps"": 1, ""pid_type"": ""flat"", ""range_flattens"": [null, true], ""range_multi_buffers"": [null, null], ""range_num_stages"": [0, 1], ""range_unroll_factors"": [0, 0], ""range_warp_specializes"": [null, true]}",ok,60.447998344898224,0.030552148818969727,0
fp8_gemm,FP8_001,256x256x256,train,1,heuristics,0,d0aefac2a17d044b,"{""atomic_indexing"": [], ""block_sizes"": [64, 64, 64], ""indexing"": [""pointer"", ""pointer"", ""pointer""], ""l2_groupings"": [1], ""load_eviction_policies"": ["""", """"], ""loop_orders"": [[0, 1]], ""num_stages"": 3, ""num_warps"": 4, ""pid_type"": ""flat"", ""range_flattens"": [null, null], ""range_multi_buffers"": [null, null], ""range_num_stages"": [0, 0], ""range_unroll_factors"": [0, 0], ""range_warp_specializes"": [null, null]}",ok,9.216000325977802,0.04904985427856445,0
fp8_gemm,FP8_001,256x256x256,train,1,heuristics,0,be16a5286ffa4f6a,"{""atomic_indexing"": [], ""block_sizes"": [128, 128, 32], ""indexing"": [""pointer"", ""pointer"", ""pointer""], ""l2_groupings"": [1], ""load_eviction_policies"": ["""", """"], ""loop_orders"": [[0, 1]], ""num_stages"": 4, ""num_warps"": 8, ""pid_type"": ""flat"", ""range_flattens"": [null, null], ""range_multi_buffers"": [null, null], ""range_num_stages"": [0, 0], ""range_unroll_factors"": [0, 0], ""range_warp_specializes"": [null, null]}",ok,11.136000044643879,0.2077028751373291,0
fp8_gemm,FP8_001,256x256x256,train,1,heuristics,0,46c32dce2364e910,"{""atomic_indexing"": [], ""block_sizes"": [64, 128, 64], ""indexing"": [""tensor_descriptor"", ""tensor_descriptor"", ""tensor_descriptor""], ""l2_groupings"": [1], ""load_eviction_policies"": ["""", """"], ""loop_orders"": [[0, 1]], ""num_sm_multiplier"": 1, ""num_stages"": 3, ""num_warps"": 8, ""pid_type"": ""persistent_blocked"", ""range_flattens"": [null, null], ""range_multi_buffers"": [null, null], ""range_num_stages"": [0, 0], ""range_unroll_factors"": [0, 0], ""range_warp_specializes"": [null, null]}",ok,13.344000093638897,0.16846942901611328,0
fp8_gemm,FP8_001,256x256x256,train,1,heuristics,0,3d270ca7ca7cfdd6,"{""atomic_indexing"": [], ""block_sizes"": [128, 64, 64], ""indexing"": [""pointer"", ""pointer"", ""pointer""], ""l2_groupings"": [1], ""load_eviction_policies"": [""first"", ""last""], ""loop_orders"": [[0, 1]], ""num_stages"": 4, ""num_warps"": 8, ""pid_type"": ""flat"", ""range_flattens"": [null, null], ""range_multi_buffers"": [null, true], ""range_num_stages"": [0, 0], ""range_unroll_factors"": [0, 0], ""range_warp_specializes"": [null, null]}",ok,9.247999638319016,0.17731070518493652,0
fp8_gemm,FP8_001,256x256x256,train,1,heuristics,0,721f46a0e9c50693,"{""atomic_indexing"": [], ""block_sizes"": [128, 128, 64], ""indexing"": [""pointer"", ""pointer"", ""pointer""], ""l2_groupings"": [4], ""load_eviction_policies"": ["""", """"], ""loop_orders"": [[0, 1]], ""num_sm_multiplier"": 1, ""num_stages"": 3, ""num_warps"": 8, ""pid_type"": ""persistent_interleaved"", ""range_flattens"": [null, null], ""range_multi_buffers"": [null, null], ""range_num_stages"": [0, 0], ""range_unroll_factors"": [0, 0], ""range_warp_specializes"": [null, null]}",ok,9.216000325977802,0.21369123458862305,0
fp8_gemm,FP8_001,256x256x256,train,2,heuristics,0,624a083ab734ca3c,"{""atomic_indexing"": [], ""block_sizes"": [16, 32, 256], ""indexing"": [""pointer"", ""pointer"", ""pointer""], ""l2_groupings"": [16], ""load_eviction_policies"": [""first"", """"], ""loop_orders"": [[0, 1]], ""num_stages"": 1, ""num_warps"": 4, ""pid_type"": ""flat"", ""range_flattens"": [null, true], ""range_multi_buffers"": [null, null], ""range_num_stages"": [0, 3], ""range_unroll_factors"": [0, 1], ""range_warp_specializes"": [null, null]}",ok,7.199999876320362,0.06913399696350098,1
fp8_gemm,FP8_001,256x256x256,train,2,heuristics,0,2a4159de248005f4,"{""atomic_indexing"": [], ""block_sizes"": [16, 16, 32], ""indexing"": [""pointer"", ""pointer"", ""pointer""], ""l2_groupings"": [1], ""load_eviction_policies"": ["""", """"], ""loop_orders"": [[0, 1]], ""num_stages"": 1, ""num_warps"": 4, ""pid_type"": ""flat"", ""range_flattens"": [null, null], ""range_multi_buffers"": [null, null], ""range_num_stages"": [0, 0], ""range_unroll_factors"": [0, 0], ""range_warp_specializes"": [null, null]}",ok,13.311999849975109,0.05239582061767578,0
fp8_gemm,FP8_001,256x256x256,train,2,heuristics,0,3b3f74ed7100155e,"{""atomic_indexing"": [], ""block_sizes"": [32, 4, 32], ""indexing"": [""pointer"", ""tensor_descriptor"", ""pointer""], ""l2_groupings"": [64], ""load_eviction_policies"": ["""", ""first""], ""loop_orders"": [[1, 0]], ""num_stages"": 2, ""num_warps"": 2, ""pid_type"": ""flat"", ""range_flattens"": [null, true], ""range_multi_buffers"": [null, true], ""range_num_stages"": [0, 1], ""range_unroll_factors"": [0, 0], ""range_warp_specializes"": [null, true]}",error,inf,0.06786012649536133,0
fp8_gemm,FP8_001,256x256x256,train,2,heuristics,0,ba6721eecaa028ce,"{""atomic_indexing"": [], ""block_sizes"": [256, 8, 32], ""indexing"": [""tensor_descriptor"", ""pointer"", ""pointer""], ""l2_groupings"": [8], ""load_eviction_policies"": ["""", """"], ""loop_orders"": [[0, 1]], ""num_stages"": 1, ""num_warps"": 32, ""pid_type"": ""flat"", ""range_flattens"": [null, false], ""range_multi_buffers"": [null, false], ""range_num_stages"": [0, 0], ""range_unroll_factors"": [0, 3], ""range_warp_specializes"": [null, false]}",ok,17.44000054895878,0.026070594787597656,0
fp8_gemm,FP8_001,256x256x256,train,2,heuristics,0,eaf4e692de820350,"{""atomic_indexing"": [], ""block_sizes"": [2, 16, 64], ""indexing"": [""tensor_descriptor"", ""tensor_descriptor"", ""tensor_descriptor""], ""l2_groupings"": [32], ""load_eviction_policies"": ["""", ""first""], ""loop_orders"": [[1, 0]], ""num_stages"": 8, ""num_warps"": 1, ""pid_type"": ""flat"", ""range_flattens"": [null, true], ""range_multi_buffers"": [null, null], ""range_num_stages"": [0, 1], ""range_unroll_factors"": [0, 0], ""range_warp_specializes"": [null, true]}",ok,60.447998344898224,0.033464670181274414,0
fp8_gemm,FP8_001,256x256x256,train,2,heuristics,0,331468133066d661,"{""atomic_indexing"": [], ""block_sizes"": [64, 64, 32], ""indexing"": [""pointer"", ""pointer"", ""pointer""], ""l2_groupings"": [1], ""load_eviction_policies"": ["""", """"], ""loop_orders"": [[0, 1]], ""num_stages"": 3, ""num_warps"": 4, ""pid_type"": ""flat"", ""range_flattens"": [null, null], ""range_multi_buffers"": [null, null], ""range_num_stages"": [0, 0], ""range_unroll_factors"": [0, 0], ""range_warp_specializes"": [null, null]}",ok,9.312000125646591,0.06330442428588867,0
fp8_gemm,FP8_001,256x256x256,train,2,heuristics,0,98d0b656c3e73c5e,"{""atomic_indexing"": [], ""block_sizes"": [128, 128, 64], ""indexing"": [""pointer"", ""pointer"", ""pointer""], ""l2_groupings"": [1], ""load_eviction_policies"": ["""", """"], ""loop_orders"": [[0, 1]], ""num_stages"": 3, ""num_warps"": 8, ""pid_type"": ""flat"", ""range_flattens"": [null, null], ""range_multi_buffers"": [null, null], ""range_num_stages"": [0, 0], ""range_unroll_factors"": [0, 0], ""range_warp_specializes"": [null, null]}",ok,9.247999638319016,0.046932220458984375,0
fp8_gemm,FP8_001,256x256x256,train,2,heuristics,0,8a22634be3ec8a71,"{""atomic_indexing"": [], ""block_sizes"": [64, 128, 64], ""indexing"": [""tensor_descriptor"", ""tensor_descriptor"", ""tensor_descriptor""], ""l2_groupings"": [1], ""load_eviction_policies"": ["""", """"], ""loop_orders"": [[0, 1]], ""num_sm_multiplier"": 1, ""num_stages"": 4, ""num_warps"": 8, ""pid_type"": ""persistent_interleaved"", ""range_flattens"": [null, null], ""range_multi_buffers"": [null, null], ""range_num_stages"": [0, 0], ""range_unroll_factors"": [0, 0], ""range_warp_specializes"": [null, null]}",ok,13.344000093638897,0.03225445747375488,0
fp8_gemm,FP8_001,256x256x256,train,2,heuristics,0,746d175fb3b81684,"{""atomic_indexing"": [], ""block_sizes"": [128, 64, 64], ""indexing"": [""pointer"", ""pointer"", ""pointer""], ""l2_groupings"": [4], ""load_eviction_policies"": [""first"", ""last""], ""loop_orders"": [[0, 1]], ""num_stages"": 3, ""num_warps"": 8, ""pid_type"": ""flat"", ""range_flattens"": [null, null], ""range_multi_buffers"": [null, null], ""range_num_stages"": [0, 0], ""range_unroll_factors"": [0, 0], ""range_warp_specializes"": [null, null]}",ok,9.247999638319016,0.18015432357788086,0
fp8_gemm,FP8_001,256x256x256,train,2,heuristics,0,5c4fd2d8de9a43e4,"{""atomic_indexing"": [], ""block_sizes"": [128, 128, 32], ""indexing"": [""pointer"", ""pointer"", ""pointer""], ""l2_groupings"": [2], ""load_eviction_policies"": ["""", """"], ""loop_orders"": [[0, 1]], ""num_sm_multiplier"": 1, ""num_stages"": 2, ""num_warps"": 8, ""pid_type"": ""persistent_blocked"", ""range_flattens"": [null, null], ""range_multi_buffers"": [null, null], ""range_num_stages"": [0, 0], ""range_unroll_factors"": [0, 0], ""range_warp_specializes"": [null, null]}",ok,13.344000093638897,0.21147942543029785,0
fp8_gemm,FP8_002,512x512x512,train,0,heuristics,0,29f31680bbdbca33,"{""atomic_indexing"": [], ""block_sizes"": [128, 32, 128], ""indexing"": [""pointer"", ""pointer"", ""pointer""], ""l2_groupings"": [1], ""load_eviction_policies"": [""last"", ""last""], ""loop_orders"": [[1, 0]], ""num_stages"": 5, ""num_warps"": 4, ""pid_type"": ""flat"", ""range_flattens"": [null, null], ""range_multi_buffers"": [null, false], ""range_num_stages"": [0, 4], ""range_unroll_factors"": [0, 1], ""range_warp_specializes"": [null, false]}",ok,9.247999638319016,0.2348794937133789,1
fp8_gemm,FP8_002,512x512x512,train,0,heuristics,0,2a4159de248005f4,"{""atomic_indexing"": [], ""block_sizes"": [16, 16, 32], ""indexing"": [""pointer"", ""pointer"", ""pointer""], ""l2_groupings"": [1], ""load_eviction_policies"": ["""", """"], ""loop_orders"": [[0, 1]], ""num_stages"": 1, ""num_warps"": 4, ""pid_type"": ""flat"", ""range_flattens"": [null, null], ""range_multi_buffers"": [null, null], ""range_num_stages"": [0, 0], ""range_unroll_factors"": [0, 0], ""range_warp_specializes"": [null, null]}",ok,21.536000072956085,0.0341646671295166,0
fp8_gemm,FP8_002,512x512x512,train,0,heuristics,0,dd7cb54b59ee5edd,"{""atomic_indexing"": [], ""block_sizes"": [32, 8, 32], ""indexing"": [""pointer"", ""tensor_descriptor"", ""pointer""], ""l2_groupings"": [2], ""load_eviction_policies"": ["""", ""first""], ""loop_orders"": [[0, 1]], ""num_stages"": 2, ""num_warps"": 2, ""pid_type"": ""flat"", ""range_flattens"": [null, true], ""range_multi_buffers"": [null, true], ""range_num_stages"": [0, 1], ""range_unroll_factors"": [0, 0], ""range_warp_specializes"": [null, true]}",error,inf,0.049095869064331055,0
fp8_gemm,FP8_002,512x512x512,train,0,heuristics,0,1a88739415fb2b50,"{""atomic_indexing"": [], ""block_sizes"": [128, 16, 32], ""indexing"": [""tensor_descriptor"", ""pointer"", ""pointer""], ""l2_groupings"": [8], ""load_eviction_policies"": ["""", """"], ""loop_orders"": [[0, 1]], ""num_stages"": 1, ""num_warps"": 32, ""pid_type"": ""flat"", ""range_flattens"": [null, false], ""range_multi_buffers"": [null, false], ""range_num_stages"": [0, 0], ""range_unroll_factors"": [0, 3], ""range_warp_specializes"": [null, false]}",ok,29.69600073993206,0.1770946979522705,0
fp8_gemm,FP8_002,512x512x512,train,0,heuristics,0,bbc765da2e104643,"{""atomic_indexing"": [], ""block_sizes"": [4, 32, 64], ""indexing"": [""tensor_descriptor"", ""tensor_descriptor"", ""tensor_descriptor""], ""l2_groupings"": [32], ""load_eviction_policies"": ["""", ""first""], ""loop_orders"": [[1, 0]], ""num_stages"": 8, ""num_warps"": 1, ""pid_type"": ""flat"", ""range_flattens"": [null, true], ""range_multi_buffers"": [null, null], ""range_num_stages"": [0, 1], ""range_unroll_factors"": [0, 0], ""range_warp_specializes"": [null, true]}",ok,84.95999872684479,0.15764331817626953,0
fp8_gemm,FP8_002,512x512x512,train,0,heuristics,0,331468133066d661,"{""atomic_indexing"": [], ""block_sizes"": [64, 64, 32], ""indexing"": [""pointer"", ""pointer"", ""pointer""], ""l2_groupings"": [1], ""load_eviction_policies"": ["""", """"], ""loop_orders"": [[0, 1]], ""num_stages"": 3, ""num_warps"": 4, ""pid_type"": ""flat"", ""range_flattens"": [null, null], ""range_multi_buffers"": [null, null], ""range_num_stages"": [0, 0], ""range_unroll_factors"": [0, 0], ""range_warp_specializes"": [null, null]}",ok,13.344000093638897,0.18914175033569336,0
fp8_gemm,FP8_002,512x512x512,train,0,heuristics,0,64ca9b0a8ce451f8,"{""atomic_indexing"": [], ""block_sizes"": [128, 128, 64], ""indexing"": [""pointer"", ""pointer"", ""pointer""], ""l2_groupings"": [1], ""load_eviction_policies"": ["""", """"], ""loop_orders"": [[0, 1]], ""num_sm_multiplier"": 1, ""num_stages"": 3, ""num_warps"": 8, ""pid_type"": ""persistent_blocked"", ""range_flattens"": [null, null], ""range_multi_buffers"": [null, null], ""range_num_stages"": [0, 0], ""range_unroll_factors"": [0, 0], ""range_warp_specializes"": [null, null]}",ok,11.296000331640244,0.22643518447875977,0
fp8_gemm,FP8_002,512x512x512,train,0,heuristics,0,892801291dc8ea5b,"{""atomic_indexing"": [], ""block_sizes"": [64, 128, 64], ""indexing"": [""pointer"", ""pointer"", ""pointer""], ""l2_groupings"": [1], ""load_eviction_policies"": ["""", """"], ""loop_orders"": [[0, 1]], ""num_stages"": 4, ""num_warps"": 4, ""pid_type"": ""flat"", ""range_flattens"": [null, null], ""range_multi_buffers"": [null, null], ""range_num_stages"": [0, 0], ""range_unroll_factors"": [0, 0], ""range_warp_specializes"": [null, null]}",ok,9.247999638319016,0.23966073989868164,0
fp8_gemm,FP8_002,512x512x512,train,0,heuristics,0,06e74d3bed0890ff,"{""atomic_indexing"": [], ""block_sizes"": [128, 128, 32], ""indexing"": [""tensor_descriptor"", ""tensor_descriptor"", ""tensor_descriptor""], ""l2_groupings"": [4], ""load_eviction_policies"": ["""", """"], ""loop_orders"": [[0, 1]], ""num_sm_multiplier"": 1, ""num_stages"": 3, ""num_warps"": 8, ""pid_type"": ""persistent_interleaved"", ""range_flattens"": [null, null], ""range_multi_buffers"": [null, null], ""range_num_stages"": [0, 0], ""range_unroll_factors"": [0, 0], ""range_warp_specializes"": [null, null]}",ok,17.535999417304993,0.1644597053527832,0
fp8_gemm,FP8_002,512x512x512,train,0,heuristics,0,037320783bef45f8,"{""atomic_indexing"": [], ""block_sizes"": [128, 64, 64], ""indexing"": [""pointer"", ""pointer"", ""pointer""], ""l2_groupings"": [1], ""load_eviction_policies"": [""first"", ""last""], ""loop_orders"": [[0, 1]], ""num_stages"": 4, ""num_warps"": 8, ""pid_type"": ""flat"", ""range_flattens"": [null, null], ""range_multi_buffers"": [null, null], ""range_num_stages"": [0, 0], ""range_unroll_factors"": [0, 0], ""range_warp_specializes"": [null, null]}",ok,9.247999638319016,0.1918811798095703,0
fp8_gemm,FP8_002,512x512x512,train,1,heuristics,0,29f31680bbdbca33,"{""atomic_indexing"": [], ""block_sizes"": [128, 32, 128], ""indexing"": [""pointer"", ""pointer"", ""pointer""], ""l2_groupings"": [1], ""load_eviction_policies"": [""last"", ""last""], ""loop_orders"": [[1, 0]], ""num_stages"": 5, ""num_warps"": 4, ""pid_type"": ""flat"", ""range_flattens"": [null, null], ""range_multi_buffers"": [null, false], ""range_num_stages"": [0, 4], ""range_unroll_factors"": [0, 1], ""range_warp_specializes"": [null, false]}",ok,9.216000325977802,0.05893349647521973,1
fp8_gemm,FP8_002,512x512x512,train,1,heuristics,0,2a4159de248005f4,"{""atomic_indexing"": [], ""block_sizes"": [16, 16, 32], ""indexing"": [""pointer"", ""pointer"", ""pointer""], ""l2_groupings"": [1], ""load_eviction_policies"": ["""", """"], ""loop_orders"": [[0, 1]], ""num_stages"": 1, ""num_warps"": 4, ""pid_type"": ""flat"", ""range_flattens"": [null, null], ""range_multi_buffers"": [null, null], ""range_num_stages"": [0, 0], ""range_unroll_factors"": [0, 0], ""range_warp_specializes"": [null, null]}",ok,21.536000072956085,0.046379804611206055,0
fp8_gemm,FP8_002,512x512x512,train,1,heuristics,0,dd7cb54b59ee5edd,"{""atomic_indexing"": [], ""block_sizes"": [32, 8, 32], ""indexing"": [""pointer"", ""tensor_descriptor"", ""pointer""], ""l2_groupings"": [2], ""load_eviction_policies"": ["""", ""first""], ""loop_orders"": [[0, 1]], ""num_stages"": 2, ""num_warps"": 2, ""pid_type"": ""flat"", ""range_flattens"": [null, true], ""range_multi_buffers"": [null, true], ""range_num_stages"": [0, 1], ""range_unroll_factors"": [0, 0], ""range_warp_specializes"": [null, true]}",error,inf,0.06783294677734375,0
fp8_gemm,FP8_002,512x512x512,train,1,heuristics,0,1a88739415fb2b50,"{""atomic_indexing"": [], ""block_sizes"": [128, 16, 32], ""indexing"": [""tensor_descriptor"", ""pointer"", ""pointer""], ""l2_groupings"": [8], ""load_eviction_policies"": ["""", """"], ""loop_orders"": [[0, 1]], ""num_stages"": 1, ""num_warps"": 32, ""pid_type"": ""flat"", ""range_flattens"": [null, false], ""range_multi_buffers"": [null, false], ""range_num_stages"": [0, 0], ""range_unroll_factors"": [0, 3], ""range_warp_specializes"": [null, false]}",ok,29.69600073993206,0.022243499755859375,0
fp8_gemm,FP8_002,512x512x512,train,1,heuristics,0,bbc765da2e104643,"{""atomic_indexing"": [], ""block_sizes"": [4, 32, 64], ""indexing"": [""tensor_descriptor"", ""tensor_descriptor"", ""tensor_descriptor""], ""l2_groupings"": [32], ""load_eviction_policies"": ["""", ""first""], ""loop_orders"": [[1, 0]], ""num_stages"": 8, ""num_warps"": 1, ""pid_type"": ""flat"", ""range_flattens"": [null, true], ""range_multi_buffers"": [null, null], ""range_num_stages"": [0, 1], ""range_unroll_factors"": [0, 0], ""range_warp_specializes"": [null, true]}",ok,84.99199897050858,0.0313260555267334,0
fp8_gemm,FP8_002,512x512x512,train,1,heuristics,0,d0aefac2a17d044b,"{""atomic_indexing"": [], ""block_sizes"": [64, 64, 64], ""indexing"": [""pointer"", ""pointer"", ""pointer""], ""l2_groupings"": [1], ""load_eviction_policies"": ["""", """"], ""loop_orders"": [[0, 1]], ""num_stages"": 3, ""num_warps"": 4, ""pid_type"": ""flat"", ""range_flattens"": [null, null], ""range_multi_buffers"": [null, null], ""range_num_stages"": [0, 0], ""range_unroll_factors"": [0, 0], ""range_warp_specializes"": [null, null]}",ok,11.296000331640244,0.054534912109375,0
fp8_gemm,FP8_002,512x512x512,train,1,heuristics,0,917b87e03ee6b603,"{""atomic_indexing"": [], ""block_sizes"": [128, 128, 64], ""indexing"": [""pointer"", ""pointer"", ""pointer""], ""l2_groupings"": [4], ""load_eviction_policies"": ["""", """"], ""loop_orders"": [[0, 1]], ""num_sm_multiplier"": 1, ""num_stages"": 3, ""num_warps"": 8, ""pid_type"": ""persistent_blocked"", ""range_flattens"": [null, null], ""range_multi_buffers"": [null, null], ""range_num_stages"": [0, 0], ""range_unroll_factors"": [0, 0], ""range_warp_specializes"": [null, null]}",ok,11.264000087976456,0.03793907165527344,0
fp8_gemm,FP8_002,512x512x512,train,1,heuristics,0,eaab5b23506e71d0,"{""atomic_indexing"": [], ""block_sizes"": [64, 128, 64], ""indexing"": [""tensor_descriptor"", ""tensor_descriptor"", ""tensor_descriptor""], ""l2_groupings"": [1], ""load_eviction_policies"": ["""", """"], ""loop_orders"": [[0, 1]], ""num_stages"": 4, ""num_warps"": 8, ""pid_type"": ""flat"", ""range_flattens"": [null, null], ""range_multi_buffers"": [null, null], ""range_num_stages"": [0, 0], ""range_unroll_factors"": [0, 0], ""range_warp_specializes"": [null, null]}",ok,13.344000093638897,0.031987905502319336,0
fp8_gemm,FP8_002,512x512x512,train,1,heuristics,0,f9b37306ae178728,"{""atomic_indexing"": [], ""block_sizes"": [128, 128, 32], ""indexing"": [""pointer"", ""pointer"", ""pointer""], ""l2_groupings"": [1], ""load_eviction_policies"": [""first"", ""last""], ""loop_orders"": [[0, 1]], ""num_sm_multiplier"": 1, ""num_stages"": 3, ""num_warps"": 8, ""pid_type"": ""persistent_interleaved"", ""range_flattens"": [null, null], ""range_multi_buffers"": [true, null], ""range_num_stages"": [0, 0], ""range_unroll_factors"": [0, 0], ""range_warp_specializes"": [null, null]}",ok,15.359999611973763,0.20463252067565918,0
fp8_gemm,FP8_002,512x512x512,train,1,heuristics,0,c23e1ce9197e20c2,"{""atomic_indexing"": [], ""block_sizes"": [128, 64, 64], ""indexing"": [""pointer"", ""pointer"", ""pointer""], ""l2_groupings"": [2], ""load_eviction_policies"": ["""", """"], ""loop_orders"": [[0, 1]], ""num_stages"": 4, ""num_warps"": 4, ""pid_type"": ""flat"", ""range_flattens"": [null, null], ""range_multi_buffers"": [null, null], ""range_num_stages"": [0, 0], ""range_unroll_factors"": [0, 2], ""range_warp_specializes"": [null, null]}",error,inf,0.44590020179748535,0
fp8_gemm,FP8_002,512x512x512,train,2,heuristics,0,29f31680bbdbca33,"{""atomic_indexing"": [], ""block_sizes"": [128, 32, 128], ""indexing"": [""pointer"", ""pointer"", ""pointer""], ""l2_groupings"": [1], ""load_eviction_policies"": [""last"", ""last""], ""loop_orders"": [[1, 0]], ""num_stages"": 5, ""num_warps"": 4, ""pid_type"": ""flat"", ""range_flattens"": [null, null], ""range_multi_buffers"": [null, false], ""range_num_stages"": [0, 4], ""range_unroll_factors"": [0, 1], ""range_warp_specializes"": [null, false]}",ok,9.247999638319016,0.08598661422729492,1
fp8_gemm,FP8_002,512x512x512,train,2,heuristics,0,2a4159de248005f4,"{""atomic_indexing"": [], ""block_sizes"": [16, 16, 32], ""indexing"": [""pointer"", ""pointer"", ""pointer""], ""l2_groupings"": [1], ""load_eviction_policies"": ["""", """"], ""loop_orders"": [[0, 1]], ""num_stages"": 1, ""num_warps"": 4, ""pid_type"": ""flat"", ""range_flattens"": [null, null], ""range_multi_buffers"": [null, null], ""range_num_stages"": [0, 0], ""range_unroll_factors"": [0, 0], ""range_warp_specializes"": [null, null]}",ok,21.536000072956085,0.06585025787353516,0
fp8_gemm,FP8_002,512x512x512,train,2,heuristics,0,dd7cb54b59ee5edd,"{""atomic_indexing"": [], ""block_sizes"": [32, 8, 32], ""indexing"": [""pointer"", ""tensor_descriptor"", ""pointer""], ""l2_groupings"": [2], ""load_eviction_policies"": ["""", ""first""], ""loop_orders"": [[0, 1]], ""num_stages"": 2, ""num_warps"": 2, ""pid_type"": ""flat"", ""range_flattens"": [null, true], ""range_multi_buffers"": [null, true], ""range_num_stages"": [0, 1], ""range_unroll_factors"": [0, 0], ""range_warp_specializes"": [null, true]}",error,inf,0.07864093780517578,0
fp8_gemm,FP8_002,512x512x512,train,2,heuristics,0,1a88739415fb2b50,"{""atomic_indexing"": [], ""block_sizes"": [128, 16, 32], ""indexing"": [""tensor_descriptor"", ""pointer"", ""pointer""], ""l2_groupings"": [8], ""load_eviction_policies"": ["""", """"], ""loop_orders"": [[0, 1]], ""num_stages"": 1, ""num_warps"": 32, ""pid_type"": ""flat"", ""range_flattens"": [null, false], ""range_multi_buffers"": [null, false], ""range_num_stages"": [0, 0], ""range_unroll_factors"": [0, 3], ""range_warp_specializes"": [null, false]}",ok,29.69600073993206,0.04002976417541504,0
fp8_gemm,FP8_002,512x512x512,train,2,heuristics,0,bbc765da2e104643,"{""atomic_indexing"": [], ""block_sizes"": [4, 32, 64], ""indexing"": [""tensor_descriptor"", ""tensor_descriptor"", ""tensor_descriptor""], ""l2_groupings"": [32], ""load_eviction_policies"": ["""", ""first""], ""loop_orders"": [[1, 0]], ""num_stages"": 8, ""num_warps"": 1, ""pid_type"": ""flat"", ""range_flattens"": [null, true], ""range_multi_buffers"": [null, null], ""range_num_stages"": [0, 1], ""range_unroll_factors"": [0, 0], ""range_warp_specializes"": [null, true]}",ok,84.927998483181,0.03969836235046387,0
fp8_gemm,FP8_002,512x512x512,train,2,heuristics,0,331468133066d661,"{""atomic_indexing"": [], ""block_sizes"": [64, 64, 32], ""indexing"": [""pointer"", ""pointer"", ""pointer""], ""l2_groupings"": [1], ""load_eviction_policies"": ["""", """"], ""loop_orders"": [[0, 1]], ""num_stages"": 3, ""num_warps"": 4, ""pid_type"": ""flat"", ""range_flattens"": [null, null], ""range_multi_buffers"": [null, null], ""range_num_stages"": [0, 0], ""range_unroll_factors"": [0, 0], ""range_warp_specializes"": [null, null]}",ok,13.344000093638897,0.06636261940002441,0
fp8_gemm,FP8_002,512x512x512,train,2,heuristics,0,64ca9b0a8ce451f8,"{""atomic_indexing"": [], ""block_sizes"": [128, 128, 64], ""indexing"": [""pointer"", ""pointer"", ""pointer""], ""l2_groupings"": [1], ""load_eviction_policies"": ["""", """"], ""loop_orders"": [[0, 1]], ""num_sm_multiplier"": 1, ""num_stages"": 3, ""num_warps"": 8, ""pid_type"": ""persistent_blocked"", ""range_flattens"": [null, null], ""range_multi_buffers"": [null, null], ""range_num_stages"": [0, 0], ""range_unroll_factors"": [0, 0], ""range_warp_specializes"": [null, null]}",ok,11.296000331640244,0.0457460880279541,0
fp8_gemm,FP8_002,512x512x512,train,2,heuristics,0,8673d0b77a5b013a,"{""atomic_indexing"": [], ""block_sizes"": [64, 128, 64], ""indexing"": [""pointer"", ""pointer"", ""pointer""], ""l2_groupings"": [1], ""load_eviction_policies"": ["""", """"], ""loop_orders"": [[0, 1]], ""num_stages"": 4, ""num_warps"": 8, ""pid_type"": ""flat"", ""range_flattens"": [null, null], ""range_multi_buffers"": [null, null], ""range_num_stages"": [0, 0], ""range_unroll_factors"": [0, 0], ""range_warp_specializes"": [null, null]}",ok,9.247999638319016,0.19887924194335938,0
fp8_gemm,FP8_002,512x512x512,train,2,heuristics,0,29d06ca0a2e07d84,"{""atomic_indexing"": [], ""block_sizes"": [128, 128, 32], ""indexing"": [""tensor_descriptor"", ""tensor_descriptor"", ""tensor_descriptor""], ""l2_groupings"": [1], ""load_eviction_policies"": ["""", """"], ""loop_orders"": [[0, 1]], ""num_sm_multiplier"": 1, ""num_stages"": 3, ""num_warps"": 8, ""pid_type"": ""persistent_interleaved"", ""range_flattens"": [null, null], ""range_multi_buffers"": [null, null], ""range_num_stages"": [0, 0], ""range_unroll_factors"": [0, 0], ""range_warp_specializes"": [null, null]}",ok,17.535999417304993,0.1679379940032959,0
fp8_gemm,FP8_002,512x512x512,train,2,heuristics,0,6bfa577f43d55bcc,"{""atomic_indexing"": [], ""block_sizes"": [128, 64, 64], ""indexing"": [""pointer"", ""pointer"", ""pointer""], ""l2_groupings"": [4], ""load_eviction_policies"": [""first"", ""first""], ""loop_orders"": [[0, 1]], ""num_stages"": 4, ""num_warps"": 4, ""pid_type"": ""flat"", ""range_flattens"": [null, null], ""range_multi_buffers"": [null, null], ""range_num_stages"": [0, 0], ""range_unroll_factors"": [0, 0], ""range_warp_specializes"": [null, null]}",ok,9.279999881982803,0.22335195541381836,0
fp8_gemm,FP8_003,1024x1024x1024,train,0,heuristics,0,29f31680bbdbca33,"{""atomic_indexing"": [], ""block_sizes"": [128, 32, 128], ""indexing"": [""pointer"", ""pointer"", ""pointer""], ""l2_groupings"": [1], ""load_eviction_policies"": [""last"", ""last""], ""loop_orders"": [[1, 0]], ""num_stages"": 5, ""num_warps"": 4, ""pid_type"": ""flat"", ""range_flattens"": [null, null], ""range_multi_buffers"": [null, false], ""range_num_stages"": [0, 4], ""range_unroll_factors"": [0, 1], ""range_warp_specializes"": [null, false]}",ok,11.264000087976456,0.22029638290405273,1
fp8_gemm,FP8_003,1024x1024x1024,train,0,heuristics,0,2a4159de248005f4,"{""atomic_indexing"": [], ""block_sizes"": [16, 16, 32], ""indexing"": [""pointer"", ""pointer"", ""pointer""], ""l2_groupings"": [1], ""load_eviction_policies"": ["""", """"], ""loop_orders"": [[0, 1]], ""num_stages"": 1, ""num_warps"": 4, ""pid_type"": ""flat"", ""range_flattens"": [null, null], ""range_multi_buffers"": [null, null], ""range_num_stages"": [0, 0], ""range_unroll_factors"": [0, 0], ""range_warp_specializes"": [null, null]}",ok,76.80000364780426,0.0355532169342041,0
fp8_gemm,FP8_003,1024x1024x1024,train,0,heuristics,0,7837d1a22cd26215,"{""atomic_indexing"": [], ""block_sizes"": [32, 16, 32], ""epilogue_subtile"": 2, ""indexing"": [""pointer"", ""tensor_descriptor"", ""tensor_descriptor""], ""l2_groupings"": [2], ""load_eviction_policies"": ["""", ""first""], ""loop_orders"": [[0, 1]], ""num_stages"": 2, ""num_warps"": 2, ""pid_type"": ""flat"", ""range_flattens"": [null, true], ""range_multi_buffers"": [null, true], ""range_num_stages"": [0, 1], ""range_unroll_factors"": [0, 0], ""range_warp_specializes"": [null, true]}",ok,205.6960016489029,0.15163111686706543,0
fp8_gemm,FP8_003,1024x1024x1024,train,0,heuristics,0,fe1bdb09263ffd7e,"{""atomic_indexing"": [], ""block_sizes"": [32, 8, 64], ""indexing"": [""pointer"", ""pointer"", ""pointer""], ""l2_groupings"": [1], ""load_eviction_policies"": ["""", """"], ""loop_orders"": [[1, 0]], ""maxnreg"": 128, ""num_sm_multiplier"": 1, ""num_stages"": 6, ""num_warps"": 1, ""pid_type"": ""persistent_blocked"", ""range_flattens"": [false, true], ""range_multi_buffers"": [false, false], ""range_num_stages"": [0, 2], ""range_unroll_factors"": [3, 3], ""range_warp_specializes"": [false, null]}",ok,209.98400449752808,0.7741036415100098,0
fp8_gemm,FP8_003,1024x1024x1024,train,0,heuristics,0,3e2bfec3de523259,"{""atomic_indexing"": [], ""block_sizes"": [32, 32, 32], ""epilogue_subtile"": 2, ""indexing"": [""tensor_descriptor"", ""tensor_descriptor"", ""tensor_descriptor""], ""l2_groupings"": [4], ""load_eviction_policies"": ["""", ""first""], ""loop_orders"": [[1, 0]], ""maxnreg"": 64, ""num_sm_multiplier"": 32, ""num_stages"": 6, ""num_warps"": 8, ""pid_type"": ""persistent_interleaved"", ""range_flattens"": [null, true], ""range_multi_buffers"": [null, true], ""range_num_stages"": [4, 1], ""range_unroll_factors"": [2, 4], ""range_warp_specializes"": [false, null]}",ok,48.16000163555145,0.14014172554016113,0
fp8_gemm,FP8_003,1024x1024x1024,train,0,heuristics,0,98d0b656c3e73c5e,"{""atomic_indexing"": [], ""block_sizes"": [128, 128, 64], ""indexing"": [""pointer"", ""pointer"", ""pointer""], ""l2_groupings"": [1], ""load_eviction_policies"": ["""", """"], ""loop_orders"": [[0, 1]], ""num_stages"": 3, ""num_warps"": 8, ""pid_type"": ""flat"", ""range_flattens"": [null, null], ""range_multi_buffers"": [null, null], ""range_num_stages"": [0, 0], ""range_unroll_factors"": [0, 0], ""range_warp_specializes"": [null, null]}",ok,15.39199985563755,0.061205387115478516,0
fp8_gemm,FP8_003,1024x1024x1024,train,0,heuristics,0,892801291dc8ea5b,"{""atomic_indexing"": [], ""block_sizes"": [64, 128, 64], ""indexing"": [""pointer"", ""pointer"", ""pointer""], ""l2_groupings"": [1], ""load_eviction_policies"": ["""", """"], ""loop_orders"": [[0, 1]], ""num_stages"": 4, ""num_warps"": 4, ""pid_type"": ""flat"", ""range_flattens"": [null, null], ""range_multi_buffers"": [null, null], ""range_num_stages"": [0, 0], ""range_unroll_factors"": [0, 0], ""range_warp_specializes"": [null, null]}",ok,13.344000093638897,0.04300069808959961,0
fp8_gemm,FP8_003,1024x1024x1024,train,0,heuristics,0,65beac1e09900d94,"{""atomic_indexing"": [], ""block_sizes"": [128, 256, 64], ""indexing"": [""tensor_descriptor"", ""tensor_descriptor"", ""tensor_descriptor""], ""l2_groupings"": [4], ""load_eviction_policies"": ["""", """"], ""loop_orders"": [[0, 1]], ""num_sm_multiplier"": 1, ""num_stages"": 3, ""num_warps"": 8, ""pid_type"": ""persistent_blocked"", ""range_flattens"": [null, null], ""range_multi_buffers"": [null, null], ""range_num_stages"": [0, 0], ""range_unroll_factors"": [0, 0], ""range_warp_specializes"": [null, null]}",ok,19.487999379634857,0.0421602725982666,0
fp8_gemm,FP8_003,1024x1024x1024,train,0,heuristics,0,b5459973a57fefb1,"{""atomic_indexing"": [], ""block_sizes"": [128, 128, 32], ""indexing"": [""pointer"", ""pointer"", ""pointer""], ""l2_groupings"": [8], ""load_eviction_policies"": [""first"", ""first""], ""loop_orders"": [[0, 1]], ""num_sm_multiplier"": 1, ""num_stages"": 2, ""num_warps"": 8, ""pid_type"": ""persistent_interleaved"", ""range_flattens"": [null, null], ""range_multi_buffers"": [null, null], ""range_num_stages"": [0, 0], ""range_unroll_factors"": [0, 0], ""range_warp_specializes"": [null, null]}",ok,33.79200026392937,0.21120476722717285,0
fp8_gemm,FP8_003,1024x1024x1024,train,0,heuristics,0,d4d126b8b4e80dbe,"{""atomic_indexing"": [], ""block_sizes"": [64, 64, 32], ""indexing"": [""pointer"", ""pointer"", ""pointer""], ""l2_groupings"": [1], ""load_eviction_policies"": ["""", """"], ""loop_orders"": [[0, 1]], ""num_stages"": 2, ""num_warps"": 4, ""pid_type"": ""flat"", ""range_flattens"": [null, null], ""range_multi_buffers"": [null, null], ""range_num_stages"": [0, 0], ""range_unroll_factors"": [0, 0], ""range_warp_specializes"": [null, null]}",ok,31.74399957060814,0.040370941162109375,0
fp8_gemm,FP8_003,1024x1024x1024,train,1,heuristics,0,29f31680bbdbca33,"{""atomic_indexing"": [], ""block_sizes"": [128, 32, 128], ""indexing"": [""pointer"", ""pointer"", ""pointer""], ""l2_groupings"": [1], ""load_eviction_policies"": [""last"", ""last""], ""loop_orders"": [[1, 0]], ""num_stages"": 5, ""num_warps"": 4, ""pid_type"": ""flat"", ""range_flattens"": [null, null], ""range_multi_buffers"": [null, false], ""range_num_stages"": [0, 4], ""range_unroll_factors"": [0, 1], ""range_warp_specializes"": [null, false]}",ok,11.296000331640244,0.06659173965454102,1
fp8_gemm,FP8_003,1024x1024x1024,train,1,heuristics,0,2a4159de248005f4,"{""atomic_indexing"": [], ""block_sizes"": [16, 16, 32], ""indexing"": [""pointer"", ""pointer"", ""pointer""], ""l2_groupings"": [1], ""load_eviction_policies"": ["""", """"], ""loop_orders"": [[0, 1]], ""num_stages"": 1, ""num_warps"": 4, ""pid_type"": ""flat"", ""range_flattens"": [null, null], ""range_multi_buffers"": [null, null], ""range_num_stages"": [0, 0], ""range_unroll_factors"": [0, 0], ""range_warp_specializes"": [null, null]}",ok,76.80000364780426,0.047727108001708984,0
fp8_gemm,FP8_003,1024x1024x1024,train,1,heuristics,0,7837d1a22cd26215,"{""atomic_indexing"": [], ""block_sizes"": [32, 16, 32], ""epilogue_subtile"": 2, ""indexing"": [""pointer"", ""tensor_descriptor"", ""tensor_descriptor""], ""l2_groupings"": [2], ""load_eviction_policies"": ["""", ""first""], ""loop_orders"": [[0, 1]], ""num_stages"": 2, ""num_warps"": 2, ""pid_type"": ""flat"", ""range_flattens"": [null, true], ""range_multi_buffers"": [null, true], ""range_num_stages"": [0, 1], ""range_unroll_factors"": [0, 0], ""range_warp_specializes"": [null, true]}",ok,205.31199872493744,0.028406143188476562,0
fp8_gemm,FP8_003,1024x1024x1024,train,1,heuristics,0,fe1bdb09263ffd7e,"{""atomic_indexing"": [], ""block_sizes"": [32, 8, 64], ""indexing"": [""pointer"", ""pointer"", ""pointer""], ""l2_groupings"": [1], ""load_eviction_policies"": ["""", """"], ""loop_orders"": [[1, 0]], ""maxnreg"": 128, ""num_sm_multiplier"": 1, ""num_stages"": 6, ""num_warps"": 1, ""pid_type"": ""persistent_blocked"", ""range_flattens"": [false, true], ""range_multi_buffers"": [false, false], ""range_num_stages"": [0, 2], ""range_unroll_factors"": [3, 3], ""range_warp_specializes"": [false, null]}",ok,209.98400449752808,0.0377805233001709,0
fp8_gemm,FP8_003,1024x1024x1024,train,1,heuristics,0,3e2bfec3de523259,"{""atomic_indexing"": [], ""block_sizes"": [32, 32, 32], ""epilogue_subtile"": 2, ""indexing"": [""tensor_descriptor"", ""tensor_descriptor"", ""tensor_descriptor""], ""l2_groupings"": [4], ""load_eviction_policies"": ["""", ""first""], ""loop_orders"": [[1, 0]], ""maxnreg"": 64, ""num_sm_multiplier"": 32, ""num_stages"": 6, ""num_warps"": 8, ""pid_type"": ""persistent_interleaved"", ""range_flattens"": [null, true], ""range_multi_buffers"": [null, true], ""range_num_stages"": [4, 1], ""range_unroll_factors"": [2, 4], ""range_warp_specializes"": [false, null]}",ok,48.19199815392494,0.0364534854888916,0
fp8_gemm,FP8_003,1024x1024x1024,train,1,heuristics,0,98d0b656c3e73c5e,"{""atomic_indexing"": [], ""block_sizes"": [128, 128, 64], ""indexing"": [""pointer"", ""pointer"", ""pointer""], ""l2_groupings"": [1], ""load_eviction_policies"": ["""", """"], ""loop_orders"": [[0, 1]], ""num_stages"": 3, ""num_warps"": 8, ""pid_type"": ""flat"", ""range_flattens"": [null, null], ""range_multi_buffers"": [null, null], ""range_num_stages"": [0, 0], ""range_unroll_factors"": [0, 0], ""range_warp_specializes"": [null, null]}",ok,15.39199985563755,0.06647825241088867,0
fp8_gemm,FP8_003,1024x1024x1024,train,1,heuristics,0,273299486a90e48d,"{""atomic_indexing"": [], ""block_sizes"": [64, 128, 64], ""indexing"": [""pointer"", ""pointer"", ""pointer""], ""l2_groupings"": [1], ""load_eviction_policies"": ["""", ""first""], ""loop_orders"": [[0, 1]], ""num_stages"": 4, ""num_warps"": 4, ""pid_type"": ""flat"", ""range_flattens"": [null, null], ""range_multi_buffers"": [null, null], ""range_num_stages"": [0, 0], ""range_unroll_factors"": [0, 0], ""range_warp_specializes"": [null, null]}",ok,13.311999849975109,0.04669022560119629,0
fp8_gemm,FP8_003,1024x1024x1024,train,1,heuristics,0,65beac1e09900d94,"{""atomic_indexing"": [], ""block_sizes"": [128, 256, 64], ""indexing"": [""tensor_descriptor"", ""tensor_descriptor"", ""tensor_descriptor""], ""l2_groupings"": [4], ""load_eviction_policies"": ["""", """"], ""loop_orders"": [[0, 1]], ""num_sm_multiplier"": 1, ""num_stages"": 3, ""num_warps"": 8, ""pid_type"": ""persistent_blocked"", ""range_flattens"": [null, null], ""range_multi_buffers"": [null, null], ""range_num_stages"": [0, 0], ""range_unroll_factors"": [0, 0], ""range_warp_specializes"": [null, null]}",ok,19.487999379634857,0.027533292770385742,0
fp8_gemm,FP8_003,1024x1024x1024,train,1,heuristics,0,ebb4d137fda91b06,"{""atomic_indexing"": [], ""block_sizes"": [128, 128, 32], ""epilogue_subtile"": 2, ""indexing"": [""pointer"", ""pointer"", ""pointer""], ""l2_groupings"": [8], ""load_eviction_policies"": ["""", """"], ""loop_orders"": [[0, 1]], ""num_sm_multiplier"": 1, ""num_stages"": 3, ""num_warps"": 8, ""pid_type"": ""persistent_interleaved"", ""range_flattens"": [null, null], ""range_multi_buffers"": [null, null], ""range_num_stages"": [0, 0], ""range_unroll_factors"": [0, 0], ""range_warp_specializes"": [null, null]}",ok,21.536000072956085,0.23845982551574707,0
fp8_gemm,FP8_003,1024x1024x1024,train,1,heuristics,0,d0aefac2a17d044b,"{""atomic_indexing"": [], ""block_sizes"": [64, 64, 64], ""indexing"": [""pointer"", ""pointer"", ""pointer""], ""l2_groupings"": [1], ""load_eviction_policies"": ["""", """"], ""loop_orders"": [[0, 1]], ""num_stages"": 3, ""num_warps"": 4, ""pid_type"": ""flat"", ""range_flattens"": [null, null], ""range_multi_buffers"": [null, null], ""range_num_stages"": [0, 0], ""range_unroll_factors"": [0, 0], ""range_warp_specializes"": [null, null]}",ok,15.39199985563755,0.026995420455932617,0
fp8_gemm,FP8_003,1024x1024x1024,train,2,heuristics,0,29f31680bbdbca33,"{""atomic_indexing"": [], ""block_sizes"": [128, 32, 128], ""indexing"": [""pointer"", ""pointer"", ""pointer""], ""l2_groupings"": [1], ""load_eviction_policies"": [""last"", ""last""], ""loop_orders"": [[1, 0]], ""num_stages"": 5, ""num_warps"": 4, ""pid_type"": ""flat"", ""range_flattens"": [null, null], ""range_multi_buffers"": [null, false], ""range_num_stages"": [0, 4], ""range_unroll_factors"": [0, 1], ""range_warp_specializes"": [null, false]}",ok,11.264000087976456,0.062003135681152344,1
fp8_gemm,FP8_003,1024x1024x1024,train,2,heuristics,0,2a4159de248005f4,"{""atomic_indexing"": [], ""block_sizes"": [16, 16, 32], ""indexing"": [""pointer"", ""pointer"", ""pointer""], ""l2_groupings"": [1], ""load_eviction_policies"": ["""", """"], ""loop_orders"": [[0, 1]], ""num_stages"": 1, ""num_warps"": 4, ""pid_type"": ""flat"", ""range_flattens"": [null, null], ""range_multi_buffers"": [null, null], ""range_num_stages"": [0, 0], ""range_unroll_factors"": [0, 0], ""range_warp_specializes"": [null, null]}",ok,76.80000364780426,0.0530400276184082,0
fp8_gemm,FP8_003,1024x1024x1024,train,2,heuristics,0,7837d1a22cd26215,"{""atomic_indexing"": [], ""block_sizes"": [32, 16, 32], ""epilogue_subtile"": 2, ""indexing"": [""pointer"", ""tensor_descriptor"", ""tensor_descriptor""], ""l2_groupings"": [2], ""load_eviction_policies"": ["""", ""first""], ""loop_orders"": [[0, 1]], ""num_stages"": 2, ""num_warps"": 2, ""pid_type"": ""flat"", ""range_flattens"": [null, true], ""range_multi_buffers"": [null, true], ""range_num_stages"": [0, 1], ""range_unroll_factors"": [0, 0], ""range_warp_specializes"": [null, true]}",ok,205.6639939546585,0.0433802604675293,0
fp8_gemm,FP8_003,1024x1024x1024,train,2,heuristics,0,fe1bdb09263ffd7e,"{""atomic_indexing"": [], ""block_sizes"": [32, 8, 64], ""indexing"": [""pointer"", ""pointer"", ""pointer""], ""l2_groupings"": [1], ""load_eviction_policies"": ["""", """"], ""loop_orders"": [[1, 0]], ""maxnreg"": 128, ""num_sm_multiplier"": 1, ""num_stages"": 6, ""num_warps"": 1, ""pid_type"": ""persistent_blocked"", ""range_flattens"": [false, true], ""range_multi_buffers"": [false, false], ""range_num_stages"": [0, 2], ""range_unroll_factors"": [3, 3], ""range_warp_specializes"": [false, null]}",ok,210.01599729061127,0.039406538009643555,0
fp8_gemm,FP8_003,1024x1024x1024,train,2,heuristics,0,3e2bfec3de523259,"{""atomic_indexing"": [], ""block_sizes"": [32, 32, 32], ""epilogue_subtile"": 2, ""indexing"": [""tensor_descriptor"", ""tensor_descriptor"", ""tensor_descriptor""], ""l2_groupings"": [4], ""load_eviction_policies"": ["""", ""first""], ""loop_orders"": [[1, 0]], ""maxnreg"": 64, ""num_sm_multiplier"": 32, ""num_stages"": 6, ""num_warps"": 8, ""pid_type"": ""persistent_interleaved"", ""range_flattens"": [null, true], ""range_multi_buffers"": [null, true], ""range_num_stages"": [4, 1], ""range_unroll_factors"": [2, 4], ""range_warp_specializes"": [false, null]}",ok,48.16000163555145,0.025265932083129883,0
fp8_gemm,FP8_003,1024x1024x1024,train,2,heuristics,0,98d0b656c3e73c5e,"{""atomic_indexing"": [], ""block_sizes"": [128, 128, 64], ""indexing"": [""pointer"", ""pointer"", ""pointer""], ""l2_groupings"": [1], ""load_eviction_policies"": ["""", """"], ""loop_orders"": [[0, 1]], ""num_stages"": 3, ""num_warps"": 8, ""pid_type"": ""flat"", ""range_flattens"": [null, null], ""range_multi_buffers"": [null, null], ""range_num_stages"": [0, 0], ""range_unroll_factors"": [0, 0], ""range_warp_specializes"": [null, null]}",ok,15.39199985563755,0.053484201431274414,0
fp8_gemm,FP8_003,1024x1024x1024,train,2,heuristics,0,7005ec74ced12c46,"{""atomic_indexing"": [], ""block_sizes"": [64, 128, 64], ""indexing"": [""pointer"", ""pointer"", ""pointer""], ""l2_groupings"": [1], ""load_eviction_policies"": ["""", """"], ""loop_orders"": [[0, 1]], ""maxnreg"": 128, ""num_sm_multiplier"": 1, ""num_stages"": 4, ""num_warps"": 4, ""pid_type"": ""persistent_blocked"", ""range_flattens"": [null, null], ""range_multi_buffers"": [true, null], ""range_num_stages"": [0, 0], ""range_unroll_factors"": [0, 0], ""range_warp_specializes"": [null, null]}",ok,13.344000093638897,0.27609825134277344,0
fp8_gemm,FP8_003,1024x1024x1024,train,2,heuristics,0,19def8474465e065,"{""atomic_indexing"": [], ""block_sizes"": [128, 256, 64], ""indexing"": [""tensor_descriptor"", ""tensor_descriptor"", ""tensor_descriptor""], ""l2_groupings"": [4], ""load_eviction_policies"": ["""", """"], ""loop_orders"": [[0, 1]], ""num_stages"": 3, ""num_warps"": 8, ""pid_type"": ""flat"", ""range_flattens"": [null, null], ""range_multi_buffers"": [null, null], ""range_num_stages"": [0, 0], ""range_unroll_factors"": [0, 0], ""range_warp_specializes"": [null, null]}",ok,19.487999379634857,0.22848963737487793,0
fp8_gemm,FP8_003,1024x1024x1024,train,2,heuristics,0,f2fdda6ad43dc521,"{""atomic_indexing"": [], ""block_sizes"": [128, 128, 32], ""indexing"": [""pointer"", ""pointer"", ""pointer""], ""l2_groupings"": [8], ""load_eviction_policies"": ["""", ""last""], ""loop_orders"": [[0, 1]], ""num_sm_multiplier"": 1, ""num_stages"": 2, ""num_warps"": 8, ""pid_type"": ""persistent_interleaved"", ""range_flattens"": [null, null], ""range_multi_buffers"": [null, null], ""range_num_stages"": [0, 0], ""range_unroll_factors"": [0, 0], ""range_warp_specializes"": [null, null]}",ok,33.79200026392937,0.22029709815979004,0
fp8_gemm,FP8_003,1024x1024x1024,train,2,heuristics,0,a7dd04a5da50e947,"{""atomic_indexing"": [], ""block_sizes"": [64, 64, 64], ""epilogue_subtile"": 2, ""indexing"": [""pointer"", ""pointer"", ""pointer""], ""l2_groupings"": [1], ""load_eviction_policies"": ["""", """"], ""loop_orders"": [[0, 1]], ""num_stages"": 3, ""num_warps"": 4, ""pid_type"": ""flat"", ""range_flattens"": [null, null], ""range_multi_buffers"": [null, null], ""range_num_stages"": [0, 0], ""range_unroll_factors"": [0, 0], ""range_warp_specializes"": [null, null]}",ok,15.39199985563755,0.041550636291503906,0
fp8_gemm,FP8_004,1536x1536x1536,train,0,heuristics,0,0c1b0f86bc298f05,"{""atomic_indexing"": [], ""block_sizes"": [128, 128, 128], ""epilogue_subtile"": 2, ""indexing"": [""pointer"", ""pointer"", ""tensor_descriptor""], ""l2_groupings"": [8], ""load_eviction_policies"": [""last"", """"], ""loop_orders"": [[0, 1]], ""num_stages"": 5, ""num_warps"": 4, ""pid_type"": ""flat"", ""range_flattens"": [null, null], ""range_multi_buffers"": [null, false], ""range_num_stages"": [0, 0], ""range_unroll_factors"": [0, 2], ""range_warp_specializes"": [null, false]}",ok,13.344000093638897,0.3801276683807373,1
fp8_gemm,FP8_004,1536x1536x1536,train,0,heuristics,0,2a4159de248005f4,"{""atomic_indexing"": [], ""block_sizes"": [16, 16, 32], ""indexing"": [""pointer"", ""pointer"", ""pointer""], ""l2_groupings"": [1], ""load_eviction_policies"": ["""", """"], ""loop_orders"": [[0, 1]], ""num_stages"": 1, ""num_warps"": 4, ""pid_type"": ""flat"", ""range_flattens"": [null, null], ""range_multi_buffers"": [null, null], ""range_num_stages"": [0, 0], ""range_unroll_factors"": [0, 0], ""range_warp_specializes"": [null, null]}",ok,218.23999285697937,0.06643295288085938,0
fp8_gemm,FP8_004,1536x1536x1536,train,0,heuristics,0,7837d1a22cd26215,"{""atomic_indexing"": [], ""block_sizes"": [32, 16, 32], ""epilogue_subtile"": 2, ""indexing"": [""pointer"", ""tensor_descriptor"", ""tensor_descriptor""], ""l2_groupings"": [2], ""load_eviction_policies"": ["""", ""first""], ""loop_orders"": [[0, 1]], ""num_stages"": 2, ""num_warps"": 2, ""pid_type"": ""flat"", ""range_flattens"": [null, true], ""range_multi_buffers"": [null, true], ""range_num_stages"": [0, 1], ""range_unroll_factors"": [0, 0], ""range_warp_specializes"": [null, true]}",ok,591.9679999351501,0.1611940860748291,0
fp8_gemm,FP8_004,1536x1536x1536,train,0,heuristics,0,fe1bdb09263ffd7e,"{""atomic_indexing"": [], ""block_sizes"": [32, 8, 64], ""indexing"": [""pointer"", ""pointer"", ""pointer""], ""l2_groupings"": [1], ""load_eviction_policies"": ["""", """"], ""loop_orders"": [[1, 0]], ""maxnreg"": 128, ""num_sm_multiplier"": 1, ""num_stages"": 6, ""num_warps"": 1, ""pid_type"": ""persistent_blocked"", ""range_flattens"": [false, true], ""range_multi_buffers"": [false, false], ""range_num_stages"": [0, 2], ""range_unroll_factors"": [3, 3], ""range_warp_specializes"": [false, null]}",ok,733.4079742431641,0.6811766624450684,0
fp8_gemm,FP8_004,1536x1536x1536,train,0,heuristics,0,3e2bfec3de523259,"{""atomic_indexing"": [], ""block_sizes"": [32, 32, 32], ""epilogue_subtile"": 2, ""indexing"": [""tensor_descriptor"", ""tensor_descriptor"", ""tensor_descriptor""], ""l2_groupings"": [4], ""load_eviction_policies"": ["""", ""first""], ""loop_orders"": [[1, 0]], ""maxnreg"": 64, ""num_sm_multiplier"": 32, ""num_stages"": 6, ""num_warps"": 8, ""pid_type"": ""persistent_interleaved"", ""range_flattens"": [null, true], ""range_multi_buffers"": [null, true], ""range_num_stages"": [4, 1], ""range_unroll_factors"": [2, 4], ""range_warp_specializes"": [false, null]}",ok,115.74400216341019,0.17341899871826172,0
fp8_gemm,FP8_004,1536x1536x1536,train,0,heuristics,0,98d0b656c3e73c5e,"{""atomic_indexing"": [], ""block_sizes"": [128, 128, 64], ""indexing"": [""pointer"", ""pointer"", ""pointer""], ""l2_groupings"": [1], ""load_eviction_policies"": ["""", """"], ""loop_orders"": [[0, 1]], ""num_stages"": 3, ""num_warps"": 8, ""pid_type"": ""flat"", ""range_flattens"": [null, null], ""range_multi_buffers"": [null, null], ""range_num_stages"": [0, 0], ""range_unroll_factors"": [0, 0], ""range_warp_specializes"": [null, null]}",ok,19.487999379634857,0.06873869895935059,0
fp8_gemm,FP8_004,1536x1536x1536,train,0,heuristics,0,892801291dc8ea5b,"{""atomic_indexing"": [], ""block_sizes"": [64, 128, 64], ""indexing"": [""pointer"", ""pointer"", ""pointer""], ""l2_groupings"": [1], ""load_eviction_policies"": ["""", """"], ""loop_orders"": [[0, 1]], ""num_stages"": 4, ""num_warps"": 4, ""pid_type"": ""flat"", ""range_flattens"": [null, null], ""range_multi_buffers"": [null, null], ""range_num_stages"": [0, 0], ""range_unroll_factors"": [0, 0], ""range_warp_specializes"": [null, null]}",ok,15.39199985563755,0.047591209411621094,0
fp8_gemm,FP8_004,1536x1536x1536,train,0,heuristics,0,65beac1e09900d94,"{""atomic_indexing"": [], ""block_sizes"": [128, 256, 64], ""indexing"": [""tensor_descriptor"", ""tensor_descriptor"", ""tensor_descriptor""], ""l2_groupings"": [4], ""load_eviction_policies"": ["""", """"], ""loop_orders"": [[0, 1]], ""num_sm_multiplier"": 1, ""num_stages"": 3, ""num_warps"": 8, ""pid_type"": ""persistent_blocked"", ""range_flattens"": [null, null], ""range_multi_buffers"": [null, null], ""range_num_stages"": [0, 0], ""range_unroll_factors"": [0, 0], ""range_warp_specializes"": [null, null]}",ok,23.584000766277313,0.027571916580200195,0
fp8_gemm,FP8_004,1536x1536x1536,train,0,heuristics,0,c7277e23c35d3c17,"{""atomic_indexing"": [], ""block_sizes"": [128, 128, 32], ""indexing"": [""pointer"", ""pointer"", ""pointer""], ""l2_groupings"": [4], ""load_eviction_policies"": [""first"", ""first""], ""loop_orders"": [[0, 1]], ""num_stages"": 2, ""num_warps"": 4, ""pid_type"": ""flat"", ""range_flattens"": [null, null], ""range_multi_buffers"": [null, null], ""range_num_stages"": [0, 0], ""range_unroll_factors"": [0, 0], ""range_warp_specializes"": [null, null]}",ok,42.080000042915344,0.25885438919067383,0
fp8_gemm,FP8_004,1536x1536x1536,train,0,heuristics,0,5afc8eb8dc49422b,"{""atomic_indexing"": [], ""block_sizes"": [256, 128, 64], ""epilogue_subtile"": 2, ""indexing"": [""pointer"", ""pointer"", ""pointer""], ""l2_groupings"": [1], ""load_eviction_policies"": ["""", """"], ""loop_orders"": [[0, 1]], ""maxnreg"": 256, ""num_sm_multiplier"": 1, ""num_stages"": 4, ""num_warps"": 8, ""pid_type"": ""persistent_interleaved"", ""range_flattens"": [null, null], ""range_multi_buffers"": [null, null], ""range_num_stages"": [0, 0], ""range_unroll_factors"": [0, 0], ""range_warp_specializes"": [null, null]}",ok,17.40800030529499,0.3059370517730713,0
fp8_gemm,FP8_004,1536x1536x1536,train,1,heuristics,0,0c1b0f86bc298f05,"{""atomic_indexing"": [], ""block_sizes"": [128, 128, 128], ""epilogue_subtile"": 2, ""indexing"": [""pointer"", ""pointer"", ""tensor_descriptor""], ""l2_groupings"": [8], ""load_eviction_policies"": [""last"", """"], ""loop_orders"": [[0, 1]], ""num_stages"": 5, ""num_warps"": 4, ""pid_type"": ""flat"", ""range_flattens"": [null, null], ""range_multi_buffers"": [null, false], ""range_num_stages"": [0, 0], ""range_unroll_factors"": [0, 2], ""range_warp_specializes"": [null, false]}",ok,13.344000093638897,0.06201529502868652,1
fp8_gemm,FP8_004,1536x1536x1536,train,1,heuristics,0,2a4159de248005f4,"{""atomic_indexing"": [], ""block_sizes"": [16, 16, 32], ""indexing"": [""pointer"", ""pointer"", ""pointer""], ""l2_groupings"": [1], ""load_eviction_policies"": ["""", """"], ""loop_orders"": [[0, 1]], ""num_stages"": 1, ""num_warps"": 4, ""pid_type"": ""flat"", ""range_flattens"": [null, null], ""range_multi_buffers"": [null, null], ""range_num_stages"": [0, 0], ""range_unroll_factors"": [0, 0], ""range_warp_specializes"": [null, null]}",ok,218.22399646043777,0.05194211006164551,0
fp8_gemm,FP8_004,1536x1536x1536,train,1,heuristics,0,7837d1a22cd26215,"{""atomic_indexing"": [], ""block_sizes"": [32, 16, 32], ""epilogue_subtile"": 2, ""indexing"": [""pointer"", ""tensor_descriptor"", ""tensor_descriptor""], ""l2_groupings"": [2], ""load_eviction_policies"": ["""", ""first""], ""loop_orders"": [[0, 1]], ""num_stages"": 2, ""num_warps"": 2, ""pid_type"": ""flat"", ""range_flattens"": [null, true], ""range_multi_buffers"": [null, true], ""range_num_stages"": [0, 1], ""range_unroll_factors"": [0, 0], ""range_warp_specializes"": [null, true]}",ok,592.8959846496582,0.04199028015136719,0
fp8_gemm,FP8_004,1536x1536x1536,train,1,heuristics,0,fe1bdb09263ffd7e,"{""atomic_indexing"": [], ""block_sizes"": [32, 8, 64], ""indexing"": [""pointer"", ""pointer"", ""pointer""], ""l2_groupings"": [1], ""load_eviction_policies"": ["""", """"], ""loop_orders"": [[1, 0]], ""maxnreg"": 128, ""num_sm_multiplier"": 1, ""num_stages"": 6, ""num_warps"": 1, ""pid_type"": ""persistent_blocked"", ""range_flattens"": [false, true], ""range_multi_buffers"": [false, false], ""range_num_stages"": [0, 2], ""range_unroll_factors"": [3, 3], ""range_warp_specializes"": [false, null]}",ok,734.1439723968506,0.03200578689575195,0
fp8_gemm,FP8_004,1536x1536x1536,train,1,heuristics,0,3e2bfec3de523259,"{""atomic_indexing"": [], ""block_sizes"": [32, 32, 32], ""epilogue_subtile"": 2, ""indexing"": [""tensor_descriptor"", ""tensor_descriptor"", ""tensor_descriptor""], ""l2_groupings"": [4], ""load_eviction_policies"": ["""", ""first""], ""loop_orders"": [[1, 0]], ""maxnreg"": 64, ""num_sm_multiplier"": 32, ""num_stages"": 6, ""num_warps"": 8, ""pid_type"": ""persistent_interleaved"", ""range_flattens"": [null, true], ""range_multi_buffers"": [null, true], ""range_num_stages"": [4, 1], ""range_unroll_factors"": [2, 4], ""range_warp_specializes"": [false, null]}",ok,115.77600240707397,0.0397639274597168,0
fp8_gemm,FP8_004,1536x1536x1536,train,1,heuristics,0,98d0b656c3e73c5e,"{""atomic_indexing"": [], ""block_sizes"": [128, 128, 64], ""indexing"": [""pointer"", ""pointer"", ""pointer""], ""l2_groupings"": [1], ""load_eviction_policies"": ["""", """"], ""loop_orders"": [[0, 1]], ""num_stages"": 3, ""num_warps"": 8, ""pid_type"": ""flat"", ""range_flattens"": [null, null], ""range_multi_buffers"": [null, null], ""range_num_stages"": [0, 0], ""range_unroll_factors"": [0, 0], ""range_warp_specializes"": [null, null]}",ok,19.487999379634857,0.04859304428100586,0
fp8_gemm,FP8_004,1536x1536x1536,train,1,heuristics,0,d87db13f243258a4,"{""atomic_indexing"": [], ""block_sizes"": [64, 128, 64], ""indexing"": [""pointer"", ""pointer"", ""pointer""], ""l2_groupings"": [1], ""load_eviction_policies"": [""first"", """"], ""loop_orders"": [[0, 1]], ""num_stages"": 4, ""num_warps"": 4, ""pid_type"": ""flat"", ""range_flattens"": [null, null], ""range_multi_buffers"": [null, null], ""range_num_stages"": [0, 0], ""range_unroll_factors"": [0, 0], ""range_warp_specializes"": [null, null]}",ok,15.39199985563755,0.27927684783935547,0
fp8_gemm,FP8_004,1536x1536x1536,train,1,heuristics,0,65beac1e09900d94,"{""atomic_indexing"": [], ""block_sizes"": [128, 256, 64], ""indexing"": [""tensor_descriptor"", ""tensor_descriptor"", ""tensor_descriptor""], ""l2_groupings"": [4], ""load_eviction_policies"": ["""", """"], ""loop_orders"": [[0, 1]], ""num_sm_multiplier"": 1, ""num_stages"": 3, ""num_warps"": 8, ""pid_type"": ""persistent_blocked"", ""range_flattens"": [null, null], ""range_multi_buffers"": [null, null], ""range_num_stages"": [0, 0], ""range_unroll_factors"": [0, 0], ""range_warp_specializes"": [null, null]}",ok,23.584000766277313,0.02673029899597168,0
fp8_gemm,FP8_004,1536x1536x1536,train,1,heuristics,0,3f663d6d45214d71,"{""atomic_indexing"": [], ""block_sizes"": [128, 128, 32], ""epilogue_subtile"": 2, ""indexing"": [""pointer"", ""pointer"", ""pointer""], ""l2_groupings"": [8], ""load_eviction_policies"": ["""", """"], ""loop_orders"": [[0, 1]], ""num_stages"": 4, ""num_warps"": 8, ""pid_type"": ""flat"", ""range_flattens"": [null, null], ""range_multi_buffers"": [null, null], ""range_num_stages"": [0, 0], ""range_unroll_factors"": [0, 0], ""range_warp_specializes"": [null, null]}",ok,21.536000072956085,0.261974573135376,0
fp8_gemm,FP8_004,1536x1536x1536,train,1,heuristics,0,ee92b822d512fb38,"{""atomic_indexing"": [], ""block_sizes"": [256, 128, 64], ""indexing"": [""pointer"", ""pointer"", ""pointer""], ""l2_groupings"": [1], ""load_eviction_policies"": ["""", """"], ""loop_orders"": [[0, 1]], ""maxnreg"": 256, ""num_sm_multiplier"": 1, ""num_stages"": 3, ""num_warps"": 8, ""pid_type"": ""persistent_interleaved"", ""range_flattens"": [null, null], ""range_multi_buffers"": [true, null], ""range_num_stages"": [0, 0], ""range_unroll_factors"": [0, 0], ""range_warp_specializes"": [null, null]}",ok,21.536000072956085,0.04087710380554199,0
fp8_gemm,FP8_004,1536x1536x1536,train,2,heuristics,0,0c1b0f86bc298f05,"{""atomic_indexing"": [], ""block_sizes"": [128, 128, 128], ""epilogue_subtile"": 2, ""indexing"": [""pointer"", ""pointer"", ""tensor_descriptor""], ""l2_groupings"": [8], ""load_eviction_policies"": [""last"", """"], ""loop_orders"": [[0, 1]], ""num_stages"": 5, ""num_warps"": 4, ""pid_type"": ""flat"", ""range_flattens"": [null, null], ""range_multi_buffers"": [null, false], ""range_num_stages"": [0, 0], ""range_unroll_factors"": [0, 2], ""range_warp_specializes"": [null, false]}",ok,13.344000093638897,0.09140300750732422,1
fp8_gemm,FP8_004,1536x1536x1536,train,2,heuristics,0,2a4159de248005f4,"{""atomic_indexing"": [], ""block_sizes"": [16, 16, 32], ""indexing"": [""pointer"", ""pointer"", ""pointer""], ""l2_groupings"": [1], ""load_eviction_policies"": ["""", """"], ""loop_orders"": [[0, 1]], ""num_stages"": 1, ""num_warps"": 4, ""pid_type"": ""flat"", ""range_flattens"": [null, null], ""range_multi_buffers"": [null, null], ""range_num_stages"": [0, 0], ""range_unroll_factors"": [0, 0], ""range_warp_specializes"": [null, null]}",ok,218.23999285697937,0.07294344902038574,0
fp8_gemm,FP8_004,1536x1536x1536,train,2,heuristics,0,7837d1a22cd26215,"{""atomic_indexing"": [], ""block_sizes"": [32, 16, 32], ""epilogue_subtile"": 2, ""indexing"": [""pointer"", ""tensor_descriptor"", ""tensor_descriptor""], ""l2_groupings"": [2], ""load_eviction_policies"": ["""", ""first""], ""loop_orders"": [[0, 1]], ""num_stages"": 2, ""num_warps"": 2, ""pid_type"": ""flat"", ""range_flattens"": [null, true], ""range_multi_buffers"": [null, true], ""range_num_stages"": [0, 1], ""range_unroll_factors"": [0, 0], ""range_warp_specializes"": [null, true]}",ok,592.8000211715698,0.056046485900878906,0
fp8_gemm,FP8_004,1536x1536x1536,train,2,heuristics,0,fe1bdb09263ffd7e,"{""atomic_indexing"": [], ""block_sizes"": [32, 8, 64], ""indexing"": [""pointer"", ""pointer"", ""pointer""], ""l2_groupings"": [1], ""load_eviction_policies"": ["""", """"], ""loop_orders"": [[1, 0]], ""maxnreg"": 128, ""num_sm_multiplier"": 1, ""num_stages"": 6, ""num_warps"": 1, ""pid_type"": ""persistent_blocked"", ""range_flattens"": [false, true], ""range_multi_buffers"": [false, false], ""range_num_stages"": [0, 2], ""range_unroll_factors"": [3, 3], ""range_warp_specializes"": [false, null]}",ok,734.0160012245178,0.039010047912597656,0
fp8_gemm,FP8_004,1536x1536x1536,train,2,heuristics,0,3e2bfec3de523259,"{""atomic_indexing"": [], ""block_sizes"": [32, 32, 32], ""epilogue_subtile"": 2, ""indexing"": [""tensor_descriptor"", ""tensor_descriptor"", ""tensor_descriptor""], ""l2_groupings"": [4], ""load_eviction_policies"": ["""", ""first""], ""loop_orders"": [[1, 0]], ""maxnreg"": 64, ""num_sm_multiplier"": 32, ""num_stages"": 6, ""num_warps"": 8, ""pid_type"": ""persistent_interleaved"", ""range_flattens"": [null, true], ""range_multi_buffers"": [null, true], ""range_num_stages"": [4, 1], ""range_unroll_factors"": [2, 4], ""range_warp_specializes"": [false, null]}",ok,115.77600240707397,0.05007505416870117,0
fp8_gemm,FP8_004,1536x1536x1536,train,2,heuristics,0,98d0b656c3e73c5e,"{""atomic_indexing"": [], ""block_sizes"": [128, 128, 64], ""indexing"": [""pointer"", ""pointer"", ""pointer""], ""l2_groupings"": [1], ""load_eviction_policies"": ["""", """"], ""loop_orders"": [[0, 1]], ""num_stages"": 3, ""num_warps"": 8, ""pid_type"": ""flat"", ""range_flattens"": [null, null], ""range_multi_buffers"": [null, null], ""range_num_stages"": [0, 0], ""range_unroll_factors"": [0, 0], ""range_warp_specializes"": [null, null]}",ok,19.487999379634857,0.06439471244812012,0
fp8_gemm,FP8_004,1536x1536x1536,train,2,heuristics,0,892801291dc8ea5b,"{""atomic_indexing"": [], ""block_sizes"": [64, 128, 64], ""indexing"": [""pointer"", ""pointer"", ""pointer""], ""l2_groupings"": [1], ""load_eviction_policies"": ["""", """"], ""loop_orders"": [[0, 1]], ""num_stages"": 4, ""num_warps"": 4, ""pid_type"": ""flat"", ""range_flattens"": [null, null], ""range_multi_buffers"": [null, null], ""range_num_stages"": [0, 0], ""range_unroll_factors"": [0, 0], ""range_warp_specializes"": [null, null]}",ok,15.359999611973763,0.04491591453552246,0
fp8_gemm,FP8_004,1536x1536x1536,train,2,heuristics,0,65beac1e09900d94,"{""atomic_indexing"": [], ""block_sizes"": [128, 256, 64], ""indexing"": [""tensor_descriptor"", ""tensor_descriptor"", ""tensor_descriptor""], ""l2_groupings"": [4], ""load_eviction_policies"": ["""", """"], ""loop_orders"": [[0, 1]], ""num_sm_multiplier"": 1, ""num_stages"": 3, ""num_warps"": 8, ""pid_type"": ""persistent_blocked"", ""range_flattens"": [null, null], ""range_multi_buffers"": [null, null], ""range_num_stages"": [0, 0], ""range_unroll_factors"": [0, 0], ""range_warp_specializes"": [null, null]}",ok,23.584000766277313,0.026298046112060547,0
fp8_gemm,FP8_004,1536x1536x1536,train,2,heuristics,0,7c57585d82c40bad,"{""atomic_indexing"": [], ""block_sizes"": [128, 128, 32], ""indexing"": [""pointer"", ""pointer"", ""pointer""], ""l2_groupings"": [8], ""load_eviction_policies"": [""first"", ""first""], ""loop_orders"": [[0, 1]], ""num_sm_multiplier"": 1, ""num_stages"": 4, ""num_warps"": 4, ""pid_type"": ""persistent_interleaved"", ""range_flattens"": [null, null], ""range_multi_buffers"": [null, null], ""range_num_stages"": [0, 0], ""range_unroll_factors"": [0, 0], ""range_warp_specializes"": [null, null]}",ok,21.536000072956085,0.28318071365356445,0
fp8_gemm,FP8_004,1536x1536x1536,train,2,heuristics,0,ffefeb62bb277757,"{""atomic_indexing"": [], ""block_sizes"": [256, 128, 64], ""epilogue_subtile"": 2, ""indexing"": [""pointer"", ""pointer"", ""pointer""], ""l2_groupings"": [1], ""load_eviction_policies"": ["""", """"], ""loop_orders"": [[0, 1]], ""num_stages"": 4, ""num_warps"": 8, ""pid_type"": ""flat"", ""range_flattens"": [null, null], ""range_multi_buffers"": [null, null], ""range_num_stages"": [0, 0], ""range_unroll_factors"": [0, 0], ""range_warp_specializes"": [null, null]}",ok,17.44000054895878,0.30525994300842285,0
fp8_gemm,FP8_005,2048x2048x2048,train,0,heuristics,0,3a47c4265d412fe2,"{""atomic_indexing"": [], ""block_sizes"": [128, 256, 128], ""epilogue_subtile"": 2, ""indexing"": [""pointer"", ""pointer"", ""tensor_descriptor""], ""l2_groupings"": [32], ""load_eviction_policies"": [""last"", ""last""], ""loop_orders"": [[0, 1]], ""num_stages"": 4, ""num_warps"": 8, ""pid_type"": ""flat"", ""range_flattens"": [null, false], ""range_multi_buffers"": [null, null], ""range_num_stages"": [0, 3], ""range_unroll_factors"": [0, 2], ""range_warp_specializes"": [null, false]}",ok,17.44000054895878,0.33287978172302246,1
fp8_gemm,FP8_005,2048x2048x2048,train,0,heuristics,0,2a4159de248005f4,"{""atomic_indexing"": [], ""block_sizes"": [16, 16, 32], ""indexing"": [""pointer"", ""pointer"", ""pointer""], ""l2_groupings"": [1], ""load_eviction_policies"": ["""", """"], ""loop_orders"": [[0, 1]], ""num_stages"": 1, ""num_warps"": 4, ""pid_type"": ""flat"", ""range_flattens"": [null, null], ""range_multi_buffers"": [null, null], ""range_num_stages"": [0, 0], ""range_unroll_factors"": [0, 0], ""range_warp_specializes"": [null, null]}",ok,494.6559965610504,0.03731036186218262,0
fp8_gemm,FP8_005,2048x2048x2048,train,0,heuristics,0,62d97381ed43af71,"{""atomic_indexing"": [], ""block_sizes"": [32, 32, 32], ""epilogue_subtile"": 2, ""indexing"": [""pointer"", ""tensor_descriptor"", ""tensor_descriptor""], ""l2_groupings"": [2], ""load_eviction_policies"": ["""", ""first""], ""loop_orders"": [[0, 1]], ""num_stages"": 2, ""num_warps"": 2, ""pid_type"": ""flat"", ""range_flattens"": [null, true], ""range_multi_buffers"": [null, true], ""range_num_stages"": [0, 1], ""range_unroll_factors"": [0, 0], ""range_warp_specializes"": [null, true]}",ok,749.6320009231567,0.1689455509185791,0
fp8_gemm,FP8_005,2048x2048x2048,train,0,heuristics,0,f51d24e2860aa7c5,"{""atomic_indexing"": [], ""block_sizes"": [64, 16, 64], ""indexing"": [""pointer"", ""pointer"", ""pointer""], ""l2_groupings"": [1], ""load_eviction_policies"": ["""", """"], ""loop_orders"": [[1, 0]], ""maxnreg"": 128, ""num_sm_multiplier"": 1, ""num_stages"": 6, ""num_warps"": 1, ""pid_type"": ""persistent_blocked"", ""range_flattens"": [false, true], ""range_multi_buffers"": [false, false], ""range_num_stages"": [0, 2], ""range_unroll_factors"": [3, 3], ""range_warp_specializes"": [false, null]}",ok,654.3359756469727,1.638329267501831,0
fp8_gemm,FP8_005,2048x2048x2048,train,0,heuristics,0,3e2bfec3de523259,"{""atomic_indexing"": [], ""block_sizes"": [32, 32, 32], ""epilogue_subtile"": 2, ""indexing"": [""tensor_descriptor"", ""tensor_descriptor"", ""tensor_descriptor""], ""l2_groupings"": [4], ""load_eviction_policies"": ["""", ""first""], ""loop_orders"": [[1, 0]], ""maxnreg"": 64, ""num_sm_multiplier"": 32, ""num_stages"": 6, ""num_warps"": 8, ""pid_type"": ""persistent_interleaved"", ""range_flattens"": [null, true], ""range_multi_buffers"": [null, true], ""range_num_stages"": [4, 1], ""range_unroll_factors"": [2, 4], ""range_warp_specializes"": [false, null]}",ok,244.73600089550018,0.17299532890319824,0
fp8_gemm,FP8_005,2048x2048x2048,train,0,heuristics,0,090aec8abf44546c,"{""atomic_indexing"": [], ""block_sizes"": [128, 128, 64], ""indexing"": [""pointer"", ""pointer"", ""pointer""], ""l2_groupings"": [8], ""load_eviction_policies"": ["""", """"], ""loop_orders"": [[0, 1]], ""num_sm_multiplier"": 1, ""num_stages"": 3, ""num_warps"": 8, ""pid_type"": ""persistent_blocked"", ""range_flattens"": [null, null], ""range_multi_buffers"": [null, null], ""range_num_stages"": [0, 0], ""range_unroll_factors"": [0, 0], ""range_warp_specializes"": [null, null]}",ok,35.840000957250595,0.0874335765838623,0
fp8_gemm,FP8_005,2048x2048x2048,train,0,heuristics,0,87df1710203c8789,"{""atomic_indexing"": [], ""block_sizes"": [64, 128, 64], ""indexing"": [""pointer"", ""pointer"", ""pointer""], ""l2_groupings"": [16], ""load_eviction_policies"": ["""", """"], ""loop_orders"": [[0, 1]], ""maxnreg"": 128, ""num_sm_multiplier"": 1, ""num_stages"": 4, ""num_warps"": 4, ""pid_type"": ""persistent_blocked"", ""range_flattens"": [null, null], ""range_multi_buffers"": [true, null], ""range_num_stages"": [0, 0], ""range_unroll_factors"": [0, 0], ""range_warp_specializes"": [null, null]}",ok,39.96799886226654,0.06738710403442383,0
fp8_gemm,FP8_005,2048x2048x2048,train,0,heuristics,0,ba8916370523aaa6,"{""atomic_indexing"": [], ""block_sizes"": [128, 256, 64], ""epilogue_subtile"": 2, ""indexing"": [""tensor_descriptor"", ""tensor_descriptor"", ""tensor_descriptor""], ""l2_groupings"": [8], ""load_eviction_policies"": ["""", """"], ""loop_orders"": [[0, 1]], ""maxnreg"": 256, ""num_sm_multiplier"": 1, ""num_stages"": 3, ""num_warps"": 8, ""pid_type"": ""persistent_blocked"", ""range_flattens"": [null, null], ""range_multi_buffers"": [null, null], ""range_num_stages"": [0, 0], ""range_unroll_factors"": [0, 0], ""range_warp_specializes"": [null, null]}",ok,27.68000029027462,0.2817037105560303,0
fp8_gemm,FP8_005,2048x2048x2048,train,0,heuristics,0,4b5d4f3827df2177,"{""atomic_indexing"": [], ""block_sizes"": [128, 128, 32], ""indexing"": [""pointer"", ""pointer"", ""pointer""], ""l2_groupings"": [4], ""load_eviction_policies"": ["""", """"], ""loop_orders"": [[0, 1]], ""num_sm_multiplier"": 1, ""num_stages"": 2, ""num_warps"": 8, ""pid_type"": ""persistent_interleaved"", ""range_flattens"": [null, null], ""range_multi_buffers"": [null, null], ""range_num_stages"": [0, 0], ""range_unroll_factors"": [0, 0], ""range_warp_specializes"": [null, null]}",ok,93.21600198745728,0.26682472229003906,0
fp8_gemm,FP8_005,2048x2048x2048,train,0,heuristics,0,d0aefac2a17d044b,"{""atomic_indexing"": [], ""block_sizes"": [64, 64, 64], ""indexing"": [""pointer"", ""pointer"", ""pointer""], ""l2_groupings"": [1], ""load_eviction_policies"": ["""", """"], ""loop_orders"": [[0, 1]], ""num_stages"": 3, ""num_warps"": 4, ""pid_type"": ""flat"", ""range_flattens"": [null, null], ""range_multi_buffers"": [null, null], ""range_num_stages"": [0, 0], ""range_unroll_factors"": [0, 0], ""range_warp_specializes"": [null, null]}",ok,31.775999814271927,0.2544560432434082,0
fp8_gemm,FP8_005,2048x2048x2048,train,1,heuristics,0,3a47c4265d412fe2,"{""atomic_indexing"": [], ""block_sizes"": [128, 256, 128], ""epilogue_subtile"": 2, ""indexing"": [""pointer"", ""pointer"", ""tensor_descriptor""], ""l2_groupings"": [32], ""load_eviction_policies"": [""last"", ""last""], ""loop_orders"": [[0, 1]], ""num_stages"": 4, ""num_warps"": 8, ""pid_type"": ""flat"", ""range_flattens"": [null, false], ""range_multi_buffers"": [null, null], ""range_num_stages"": [0, 3], ""range_unroll_factors"": [0, 2], ""range_warp_specializes"": [null, false]}",ok,17.44000054895878,0.07858657836914062,1
fp8_gemm,FP8_005,2048x2048x2048,train,1,heuristics,0,2a4159de248005f4,"{""atomic_indexing"": [], ""block_sizes"": [16, 16, 32], ""indexing"": [""pointer"", ""pointer"", ""pointer""], ""l2_groupings"": [1], ""load_eviction_policies"": ["""", """"], ""loop_orders"": [[0, 1]], ""num_stages"": 1, ""num_warps"": 4, ""pid_type"": ""flat"", ""range_flattens"": [null, null], ""range_multi_buffers"": [null, null], ""range_num_stages"": [0, 0], ""range_unroll_factors"": [0, 0], ""range_warp_specializes"": [null, null]}",ok,494.6720004081726,0.06654834747314453,0
fp8_gemm,FP8_005,2048x2048x2048,train,1,heuristics,0,62d97381ed43af71,"{""atomic_indexing"": [], ""block_sizes"": [32, 32, 32], ""epilogue_subtile"": 2, ""indexing"": [""pointer"", ""tensor_descriptor"", ""tensor_descriptor""], ""l2_groupings"": [2], ""load_eviction_policies"": ["""", ""first""], ""loop_orders"": [[0, 1]], ""num_stages"": 2, ""num_warps"": 2, ""pid_type"": ""flat"", ""range_flattens"": [null, true], ""range_multi_buffers"": [null, true], ""range_num_stages"": [0, 1], ""range_unroll_factors"": [0, 0], ""range_warp_specializes"": [null, true]}",ok,750.6240010261536,0.05551338195800781,0
fp8_gemm,FP8_005,2048x2048x2048,train,1,heuristics,0,f51d24e2860aa7c5,"{""atomic_indexing"": [], ""block_sizes"": [64, 16, 64], ""indexing"": [""pointer"", ""pointer"", ""pointer""], ""l2_groupings"": [1], ""load_eviction_policies"": ["""", """"], ""loop_orders"": [[1, 0]], ""maxnreg"": 128, ""num_sm_multiplier"": 1, ""num_stages"": 6, ""num_warps"": 1, ""pid_type"": ""persistent_blocked"", ""range_flattens"": [false, true], ""range_multi_buffers"": [false, false], ""range_num_stages"": [0, 2], ""range_unroll_factors"": [3, 3], ""range_warp_specializes"": [false, null]}",ok,654.4319987297058,0.04575777053833008,0
fp8_gemm,FP8_005,2048x2048x2048,train,1,heuristics,0,3e2bfec3de523259,"{""atomic_indexing"": [], ""block_sizes"": [32, 32, 32], ""epilogue_subtile"": 2, ""indexing"": [""tensor_descriptor"", ""tensor_descriptor"", ""tensor_descriptor""], ""l2_groupings"": [4], ""load_eviction_policies"": ["""", ""first""], ""loop_orders"": [[1, 0]], ""maxnreg"": 64, ""num_sm_multiplier"": 32, ""num_stages"": 6, ""num_warps"": 8, ""pid_type"": ""persistent_interleaved"", ""range_flattens"": [null, true], ""range_multi_buffers"": [null, true], ""range_num_stages"": [4, 1], ""range_unroll_factors"": [2, 4], ""range_warp_specializes"": [false, null]}",ok,244.73600089550018,0.05191183090209961,0
fp8_gemm,FP8_005,2048x2048x2048,train,1,heuristics,0,090aec8abf44546c,"{""atomic_indexing"": [], ""block_sizes"": [128, 128, 64], ""indexing"": [""pointer"", ""pointer"", ""pointer""], ""l2_groupings"": [8], ""load_eviction_policies"": ["""", """"], ""loop_orders"": [[0, 1]], ""num_sm_multiplier"": 1, ""num_stages"": 3, ""num_warps"": 8, ""pid_type"": ""persistent_blocked"", ""range_flattens"": [null, null], ""range_multi_buffers"": [null, null], ""range_num_stages"": [0, 0], ""range_unroll_factors"": [0, 0], ""range_warp_specializes"": [null, null]}",ok,35.840000957250595,0.09853553771972656,0
fp8_gemm,FP8_005,2048x2048x2048,train,1,heuristics,0,87df1710203c8789,"{""atomic_indexing"": [], ""block_sizes"": [64, 128, 64], ""indexing"": [""pointer"", ""pointer"", ""pointer""], ""l2_groupings"": [16], ""load_eviction_policies"": ["""", """"], ""loop_orders"": [[0, 1]], ""maxnreg"": 128, ""num_sm_multiplier"": 1, ""num_stages"": 4, ""num_warps"": 4, ""pid_type"": ""persistent_blocked"", ""range_flattens"": [null, null], ""range_multi_buffers"": [true, null], ""range_num_stages"": [0, 0], ""range_unroll_factors"": [0, 0], ""range_warp_specializes"": [null, null]}",ok,39.96799886226654,0.07644534111022949,0
fp8_gemm,FP8_005,2048x2048x2048,train,1,heuristics,0,444b006e81c84413,"{""atomic_indexing"": [], ""block_sizes"": [128, 256, 64], ""epilogue_subtile"": 2, ""indexing"": [""tensor_descriptor"", ""tensor_descriptor"", ""tensor_descriptor""], ""l2_groupings"": [8], ""load_eviction_policies"": ["""", """"], ""loop_orders"": [[0, 1]], ""num_sm_multiplier"": 1, ""num_stages"": 3, ""num_warps"": 8, ""pid_type"": ""persistent_blocked"", ""range_flattens"": [null, null], ""range_multi_buffers"": [null, null], ""range_num_stages"": [0, 0], ""range_unroll_factors"": [0, 0], ""range_warp_specializes"": [null, null]}",ok,27.68000029027462,0.05717015266418457,0
fp8_gemm,FP8_005,2048x2048x2048,train,1,heuristics,0,5f5b5ac0cf621145,"{""atomic_indexing"": [], ""block_sizes"": [128, 128, 32], ""indexing"": [""pointer"", ""pointer"", ""pointer""], ""l2_groupings"": [4], ""load_eviction_policies"": ["""", """"], ""loop_orders"": [[0, 1]], ""num_stages"": 2, ""num_warps"": 8, ""pid_type"": ""flat"", ""range_flattens"": [null, null], ""range_multi_buffers"": [null, null], ""range_num_stages"": [0, 0], ""range_unroll_factors"": [0, 0], ""range_warp_specializes"": [null, null]}",ok,58.400001376867294,0.03687548637390137,0
fp8_gemm,FP8_005,2048x2048x2048,train,1,heuristics,0,37863524a097e867,"{""atomic_indexing"": [], ""block_sizes"": [256, 128, 64], ""indexing"": [""pointer"", ""pointer"", ""pointer""], ""l2_groupings"": [32], ""load_eviction_policies"": [""first"", ""first""], ""loop_orders"": [[0, 1]], ""maxnreg"": 256, ""num_sm_multiplier"": 1, ""num_stages"": 4, ""num_warps"": 8, ""pid_type"": ""persistent_blocked"", ""range_flattens"": [null, null], ""range_multi_buffers"": [true, true], ""range_num_stages"": [0, 0], ""range_unroll_factors"": [0, 0], ""range_warp_specializes"": [null, null]}",ok,21.536000072956085,0.04492545127868652,0
fp8_gemm,FP8_005,2048x2048x2048,train,2,heuristics,0,3a47c4265d412fe2,"{""atomic_indexing"": [], ""block_sizes"": [128, 256, 128], ""epilogue_subtile"": 2, ""indexing"": [""pointer"", ""pointer"", ""tensor_descriptor""], ""l2_groupings"": [32], ""load_eviction_policies"": [""last"", ""last""], ""loop_orders"": [[0, 1]], ""num_stages"": 4, ""num_warps"": 8, ""pid_type"": ""flat"", ""range_flattens"": [null, false], ""range_multi_buffers"": [null, null], ""range_num_stages"": [0, 3], ""range_unroll_factors"": [0, 2], ""range_warp_specializes"": [null, false]}",ok,17.40800030529499,0.07952618598937988,1
fp8_gemm,FP8_005,2048x2048x2048,train,2,heuristics,0,2a4159de248005f4,"{""atomic_indexing"": [], ""block_sizes"": [16, 16, 32], ""indexing"": [""pointer"", ""pointer"", ""pointer""], ""l2_groupings"": [1], ""load_eviction_policies"": ["""", """"], ""loop_orders"": [[0, 1]], ""num_stages"": 1, ""num_warps"": 4, ""pid_type"": ""flat"", ""range_flattens"": [null, null], ""range_multi_buffers"": [null, null], ""range_num_stages"": [0, 0], ""range_unroll_factors"": [0, 0], ""range_warp_specializes"": [null, null]}",ok,494.6880042552948,0.06886172294616699,0
fp8_gemm,FP8_005,2048x2048x2048,train,2,heuristics,0,62d97381ed43af71,"{""atomic_indexing"": [], ""block_sizes"": [32, 32, 32], ""epilogue_subtile"": 2, ""indexing"": [""pointer"", ""tensor_descriptor"", ""tensor_descriptor""], ""l2_groupings"": [2], ""load_eviction_policies"": ["""", ""first""], ""loop_orders"": [[0, 1]], ""num_stages"": 2, ""num_warps"": 2, ""pid_type"": ""flat"", ""range_flattens"": [null, true], ""range_multi_buffers"": [null, true], ""range_num_stages"": [0, 1], ""range_unroll_factors"": [0, 0], ""range_warp_specializes"": [null, true]}",ok,749.6960163116455,0.05808424949645996,0
fp8_gemm,FP8_005,2048x2048x2048,train,2,heuristics,0,f51d24e2860aa7c5,"{""atomic_indexing"": [], ""block_sizes"": [64, 16, 64], ""indexing"": [""pointer"", ""pointer"", ""pointer""], ""l2_groupings"": [1], ""load_eviction_policies"": ["""", """"], ""loop_orders"": [[1, 0]], ""maxnreg"": 128, ""num_sm_multiplier"": 1, ""num_stages"": 6, ""num_warps"": 1, ""pid_type"": ""persistent_blocked"", ""range_flattens"": [false, true], ""range_multi_buffers"": [false, false], ""range_num_stages"": [0, 2], ""range_unroll_factors"": [3, 3], ""range_warp_specializes"": [false, null]}",ok,654.3519794940948,0.034964561462402344,0
fp8_gemm,FP8_005,2048x2048x2048,train,2,heuristics,0,3e2bfec3de523259,"{""atomic_indexing"": [], ""block_sizes"": [32, 32, 32], ""epilogue_subtile"": 2, ""indexing"": [""tensor_descriptor"", ""tensor_descriptor"", ""tensor_descriptor""], ""l2_groupings"": [4], ""load_eviction_policies"": ["""", ""first""], ""loop_orders"": [[1, 0]], ""maxnreg"": 64, ""num_sm_multiplier"": 32, ""num_stages"": 6, ""num_warps"": 8, ""pid_type"": ""persistent_interleaved"", ""range_flattens"": [null, true], ""range_multi_buffers"": [null, true], ""range_num_stages"": [4, 1], ""range_unroll_factors"": [2, 4], ""range_warp_specializes"": [false, null]}",ok,244.73600089550018,0.05329442024230957,0
fp8_gemm,FP8_005,2048x2048x2048,train,2,heuristics,0,090aec8abf44546c,"{""atomic_indexing"": [], ""block_sizes"": [128, 128, 64], ""indexing"": [""pointer"", ""pointer"", ""pointer""], ""l2_groupings"": [8], ""load_eviction_policies"": ["""", """"], ""loop_orders"": [[0, 1]], ""num_sm_multiplier"": 1, ""num_stages"": 3, ""num_warps"": 8, ""pid_type"": ""persistent_blocked"", ""range_flattens"": [null, null], ""range_multi_buffers"": [null, null], ""range_num_stages"": [0, 0], ""range_unroll_factors"": [0, 0], ""range_warp_specializes"": [null, null]}",ok,35.840000957250595,0.06862187385559082,0
fp8_gemm,FP8_005,2048x2048x2048,train,2,heuristics,0,38eda11584663f4d,"{""atomic_indexing"": [], ""block_sizes"": [64, 128, 64], ""indexing"": [""pointer"", ""pointer"", ""pointer""], ""l2_groupings"": [16], ""load_eviction_policies"": ["""", """"], ""loop_orders"": [[0, 1]], ""maxnreg"": 128, ""num_sm_multiplier"": 1, ""num_stages"": 4, ""num_warps"": 8, ""pid_type"": ""persistent_blocked"", ""range_flattens"": [null, null], ""range_multi_buffers"": [true, null], ""range_num_stages"": [0, 0], ""range_unroll_factors"": [0, 0], ""range_warp_specializes"": [null, null]}",ok,39.96799886226654,0.04697060585021973,0
fp8_gemm,FP8_005,2048x2048x2048,train,2,heuristics,0,444b006e81c84413,"{""atomic_indexing"": [], ""block_sizes"": [128, 256, 64], ""epilogue_subtile"": 2, ""indexing"": [""tensor_descriptor"", ""tensor_descriptor"", ""tensor_descriptor""], ""l2_groupings"": [8], ""load_eviction_policies"": ["""", """"], ""loop_orders"": [[0, 1]], ""num_sm_multiplier"": 1, ""num_stages"": 3, ""num_warps"": 8, ""pid_type"": ""persistent_blocked"", ""range_flattens"": [null, null], ""range_multi_buffers"": [null, null], ""range_num_stages"": [0, 0], ""range_unroll_factors"": [0, 0], ""range_warp_specializes"": [null, null]}",ok,27.68000029027462,0.027461767196655273,0
fp8_gemm,FP8_005,2048x2048x2048,train,2,heuristics,0,3e1e8d0ce98475de,"{""atomic_indexing"": [], ""block_sizes"": [128, 128, 32], ""indexing"": [""pointer"", ""pointer"", ""pointer""], ""l2_groupings"": [1], ""load_eviction_policies"": ["""", """"], ""loop_orders"": [[0, 1]], ""num_stages"": 2, ""num_warps"": 4, ""pid_type"": ""flat"", ""range_flattens"": [null, null], ""range_multi_buffers"": [null, null], ""range_num_stages"": [0, 0], ""range_unroll_factors"": [0, 0], ""range_warp_specializes"": [null, null]}",ok,60.416001826524734,0.2870361804962158,0
fp8_gemm,FP8_005,2048x2048x2048,train,2,heuristics,0,8888411104fb3dfb,"{""atomic_indexing"": [], ""block_sizes"": [256, 128, 64], ""indexing"": [""pointer"", ""pointer"", ""pointer""], ""l2_groupings"": [32], ""load_eviction_policies"": [""first"", ""last""], ""loop_orders"": [[0, 1]], ""maxnreg"": 256, ""num_sm_multiplier"": 1, ""num_stages"": 4, ""num_warps"": 8, ""pid_type"": ""persistent_blocked"", ""range_flattens"": [null, null], ""range_multi_buffers"": [true, true], ""range_num_stages"": [0, 0], ""range_unroll_factors"": [0, 0], ""range_warp_specializes"": [null, null]}",ok,21.536000072956085,0.3331010341644287,0
fp8_gemm,FP8_006,3072x3072x3072,train,0,heuristics,0,16a07255b95bc9cc,"{""atomic_indexing"": [], ""block_sizes"": [256, 256, 64], ""indexing"": [""tensor_descriptor"", ""pointer"", ""tensor_descriptor""], ""l2_groupings"": [4], ""load_eviction_policies"": [""first"", ""first""], ""loop_orders"": [[1, 0]], ""num_stages"": 6, ""num_warps"": 8, ""pid_type"": ""flat"", ""range_flattens"": [null, true], ""range_multi_buffers"": [null, null], ""range_num_stages"": [0, 1], ""range_unroll_factors"": [0, 2], ""range_warp_specializes"": [null, null]}",ok,29.69600073993206,0.36412596702575684,1
fp8_gemm,FP8_006,3072x3072x3072,train,0,heuristics,0,2a4159de248005f4,"{""atomic_indexing"": [], ""block_sizes"": [16, 16, 32], ""indexing"": [""pointer"", ""pointer"", ""pointer""], ""l2_groupings"": [1], ""load_eviction_policies"": ["""", """"], ""loop_orders"": [[0, 1]], ""num_stages"": 1, ""num_warps"": 4, ""pid_type"": ""flat"", ""range_flattens"": [null, null], ""range_multi_buffers"": [null, null], ""range_num_stages"": [0, 0], ""range_unroll_factors"": [0, 0], ""range_warp_specializes"": [null, null]}",ok,1587.231993675232,0.038199663162231445,0
fp8_gemm,FP8_006,3072x3072x3072,train,0,heuristics,0,7ac966090bdd3b68,"{""atomic_indexing"": [], ""block_sizes"": [32, 32, 32], ""epilogue_subtile"": 2, ""indexing"": [""pointer"", ""tensor_descriptor"", ""tensor_descriptor""], ""l2_groupings"": [64], ""load_eviction_policies"": ["""", ""first""], ""loop_orders"": [[1, 0]], ""num_stages"": 2, ""num_warps"": 2, ""pid_type"": ""flat"", ""range_flattens"": [null, true], ""range_multi_buffers"": [null, true], ""range_num_stages"": [0, 1], ""range_unroll_factors"": [0, 0], ""range_warp_specializes"": [null, true]}",ok,2479.1040420532227,0.19008684158325195,0
fp8_gemm,FP8_006,3072x3072x3072,train,0,heuristics,0,90e6c79f2ac49508,"{""atomic_indexing"": [], ""block_sizes"": [32, 16, 128], ""indexing"": [""pointer"", ""pointer"", ""pointer""], ""l2_groupings"": [1], ""load_eviction_policies"": ["""", """"], ""loop_orders"": [[1, 0]], ""maxnreg"": 128, ""num_sm_multiplier"": 1, ""num_stages"": 6, ""num_warps"": 1, ""pid_type"": ""persistent_blocked"", ""range_flattens"": [false, true], ""range_multi_buffers"": [false, false], ""range_num_stages"": [0, 2], ""range_unroll_factors"": [3, 3], ""range_warp_specializes"": [false, null]}",ok,2474.015951156616,1.656620740890503,0
fp8_gemm,FP8_006,3072x3072x3072,train,0,heuristics,0,3e2bfec3de523259,"{""atomic_indexing"": [], ""block_sizes"": [32, 32, 32], ""epilogue_subtile"": 2, ""indexing"": [""tensor_descriptor"", ""tensor_descriptor"", ""tensor_descriptor""], ""l2_groupings"": [4], ""load_eviction_policies"": ["""", ""first""], ""loop_orders"": [[1, 0]], ""maxnreg"": 64, ""num_sm_multiplier"": 32, ""num_stages"": 6, ""num_warps"": 8, ""pid_type"": ""persistent_interleaved"", ""range_flattens"": [null, true], ""range_multi_buffers"": [null, true], ""range_num_stages"": [4, 1], ""range_unroll_factors"": [2, 4], ""range_warp_specializes"": [false, null]}",ok,768.4959769248962,0.19954609870910645,0
fp8_gemm,FP8_006,3072x3072x3072,train,0,heuristics,0,090aec8abf44546c,"{""atomic_indexing"": [], ""block_sizes"": [128, 128, 64], ""indexing"": [""pointer"", ""pointer"", ""pointer""], ""l2_groupings"": [8], ""load_eviction_policies"": ["""", """"], ""loop_orders"": [[0, 1]], ""num_sm_multiplier"": 1, ""num_stages"": 3, ""num_warps"": 8, ""pid_type"": ""persistent_blocked"", ""range_flattens"": [null, null], ""range_multi_buffers"": [null, null], ""range_num_stages"": [0, 0], ""range_unroll_factors"": [0, 0], ""range_warp_specializes"": [null, null]}",ok,89.03999999165535,0.10526251792907715,0
fp8_gemm,FP8_006,3072x3072x3072,train,0,heuristics,0,38eda11584663f4d,"{""atomic_indexing"": [], ""block_sizes"": [64, 128, 64], ""indexing"": [""pointer"", ""pointer"", ""pointer""], ""l2_groupings"": [16], ""load_eviction_policies"": ["""", """"], ""loop_orders"": [[0, 1]], ""maxnreg"": 128, ""num_sm_multiplier"": 1, ""num_stages"": 4, ""num_warps"": 8, ""pid_type"": ""persistent_blocked"", ""range_flattens"": [null, null], ""range_multi_buffers"": [true, null], ""range_num_stages"": [0, 0], ""range_unroll_factors"": [0, 0], ""range_warp_specializes"": [null, null]}",ok,99.35999661684036,0.29125165939331055,0
fp8_gemm,FP8_006,3072x3072x3072,train,0,heuristics,0,444b006e81c84413,"{""atomic_indexing"": [], ""block_sizes"": [128, 256, 64], ""epilogue_subtile"": 2, ""indexing"": [""tensor_descriptor"", ""tensor_descriptor"", ""tensor_descriptor""], ""l2_groupings"": [8], ""load_eviction_policies"": ["""", """"], ""loop_orders"": [[0, 1]], ""num_sm_multiplier"": 1, ""num_stages"": 3, ""num_warps"": 8, ""pid_type"": ""persistent_blocked"", ""range_flattens"": [null, null], ""range_multi_buffers"": [null, null], ""range_num_stages"": [0, 0], ""range_unroll_factors"": [0, 0], ""range_warp_specializes"": [null, null]}",ok,56.32000043988228,0.06487822532653809,0
fp8_gemm,FP8_006,3072x3072x3072,train,0,heuristics,0,3e1e8d0ce98475de,"{""atomic_indexing"": [], ""block_sizes"": [128, 128, 32], ""indexing"": [""pointer"", ""pointer"", ""pointer""], ""l2_groupings"": [1], ""load_eviction_policies"": ["""", """"], ""loop_orders"": [[0, 1]], ""num_stages"": 2, ""num_warps"": 4, ""pid_type"": ""flat"", ""range_flattens"": [null, null], ""range_multi_buffers"": [null, null], ""range_num_stages"": [0, 0], ""range_unroll_factors"": [0, 0], ""range_warp_specializes"": [null, null]}",ok,150.59199929237366,0.05611586570739746,0
fp8_gemm,FP8_006,3072x3072x3072,train,0,heuristics,0,c2cd92939ff75fbc,"{""atomic_indexing"": [], ""block_sizes"": [256, 128, 64], ""indexing"": [""pointer"", ""pointer"", ""pointer""], ""l2_groupings"": [32], ""load_eviction_policies"": [""first"", ""first""], ""loop_orders"": [[0, 1]], ""maxnreg"": 256, ""num_sm_multiplier"": 1, ""num_stages"": 4, ""num_warps"": 8, ""pid_type"": ""persistent_interleaved"", ""range_flattens"": [null, null], ""range_multi_buffers"": [null, null], ""range_num_stages"": [0, 0], ""range_unroll_factors"": [0, 0], ""range_warp_specializes"": [null, null]}",ok,46.08000069856644,0.37563633918762207,0
fp8_gemm,FP8_006,3072x3072x3072,train,1,heuristics,0,16a07255b95bc9cc,"{""atomic_indexing"": [], ""block_sizes"": [256, 256, 64], ""indexing"": [""tensor_descriptor"", ""pointer"", ""tensor_descriptor""], ""l2_groupings"": [4], ""load_eviction_policies"": [""first"", ""first""], ""loop_orders"": [[1, 0]], ""num_stages"": 6, ""num_warps"": 8, ""pid_type"": ""flat"", ""range_flattens"": [null, true], ""range_multi_buffers"": [null, null], ""range_num_stages"": [0, 1], ""range_unroll_factors"": [0, 2], ""range_warp_specializes"": [null, null]}",ok,29.69600073993206,0.10110855102539062,1
fp8_gemm,FP8_006,3072x3072x3072,train,1,heuristics,0,2a4159de248005f4,"{""atomic_indexing"": [], ""block_sizes"": [16, 16, 32], ""indexing"": [""pointer"", ""pointer"", ""pointer""], ""l2_groupings"": [1], ""load_eviction_policies"": ["""", """"], ""loop_orders"": [[0, 1]], ""num_stages"": 1, ""num_warps"": 4, ""pid_type"": ""flat"", ""range_flattens"": [null, null], ""range_multi_buffers"": [null, null], ""range_num_stages"": [0, 0], ""range_unroll_factors"": [0, 0], ""range_warp_specializes"": [null, null]}",ok,1587.2000455856323,0.07893705368041992,0
fp8_gemm,FP8_006,3072x3072x3072,train,1,heuristics,0,7ac966090bdd3b68,"{""atomic_indexing"": [], ""block_sizes"": [32, 32, 32], ""epilogue_subtile"": 2, ""indexing"": [""pointer"", ""tensor_descriptor"", ""tensor_descriptor""], ""l2_groupings"": [64], ""load_eviction_policies"": ["""", ""first""], ""loop_orders"": [[1, 0]], ""num_stages"": 2, ""num_warps"": 2, ""pid_type"": ""flat"", ""range_flattens"": [null, true], ""range_multi_buffers"": [null, true], ""range_num_stages"": [0, 1], ""range_unroll_factors"": [0, 0], ""range_warp_specializes"": [null, true]}",ok,2482.3360443115234,0.059583187103271484,0
fp8_gemm,FP8_006,3072x3072x3072,train,1,heuristics,0,90e6c79f2ac49508,"{""atomic_indexing"": [], ""block_sizes"": [32, 16, 128], ""indexing"": [""pointer"", ""pointer"", ""pointer""], ""l2_groupings"": [1], ""load_eviction_policies"": ["""", """"], ""loop_orders"": [[1, 0]], ""maxnreg"": 128, ""num_sm_multiplier"": 1, ""num_stages"": 6, ""num_warps"": 1, ""pid_type"": ""persistent_blocked"", ""range_flattens"": [false, true], ""range_multi_buffers"": [false, false], ""range_num_stages"": [0, 2], ""range_unroll_factors"": [3, 3], ""range_warp_specializes"": [false, null]}",ok,2471.967935562134,0.03948020935058594,0
fp8_gemm,FP8_006,3072x3072x3072,train,1,heuristics,0,3e2bfec3de523259,"{""atomic_indexing"": [], ""block_sizes"": [32, 32, 32], ""epilogue_subtile"": 2, ""indexing"": [""tensor_descriptor"", ""tensor_descriptor"", ""tensor_descriptor""], ""l2_groupings"": [4], ""load_eviction_policies"": ["""", ""first""], ""loop_orders"": [[1, 0]], ""maxnreg"": 64, ""num_sm_multiplier"": 32, ""num_stages"": 6, ""num_warps"": 8, ""pid_type"": ""persistent_interleaved"", ""range_flattens"": [null, true], ""range_multi_buffers"": [null, true], ""range_num_stages"": [4, 1], ""range_unroll_factors"": [2, 4], ""range_warp_specializes"": [false, null]}",ok,768.1280076503754,0.05217576026916504,0
fp8_gemm,FP8_006,3072x3072x3072,train,1,heuristics,0,090aec8abf44546c,"{""atomic_indexing"": [], ""block_sizes"": [128, 128, 64], ""indexing"": [""pointer"", ""pointer"", ""pointer""], ""l2_groupings"": [8], ""load_eviction_policies"": ["""", """"], ""loop_orders"": [[0, 1]], ""num_sm_multiplier"": 1, ""num_stages"": 3, ""num_warps"": 8, ""pid_type"": ""persistent_blocked"", ""range_flattens"": [null, null], ""range_multi_buffers"": [null, null], ""range_num_stages"": [0, 0], ""range_unroll_factors"": [0, 0], ""range_warp_specializes"": [null, null]}",ok,89.08800035715103,0.09927105903625488,0
fp8_gemm,FP8_006,3072x3072x3072,train,1,heuristics,0,87df1710203c8789,"{""atomic_indexing"": [], ""block_sizes"": [64, 128, 64], ""indexing"": [""pointer"", ""pointer"", ""pointer""], ""l2_groupings"": [16], ""load_eviction_policies"": ["""", """"], ""loop_orders"": [[0, 1]], ""maxnreg"": 128, ""num_sm_multiplier"": 1, ""num_stages"": 4, ""num_warps"": 4, ""pid_type"": ""persistent_blocked"", ""range_flattens"": [null, null], ""range_multi_buffers"": [true, null], ""range_num_stages"": [0, 0], ""range_unroll_factors"": [0, 0], ""range_warp_specializes"": [null, null]}",ok,99.29600358009338,0.07759785652160645,0
fp8_gemm,FP8_006,3072x3072x3072,train,1,heuristics,0,444b006e81c84413,"{""atomic_indexing"": [], ""block_sizes"": [128, 256, 64], ""epilogue_subtile"": 2, ""indexing"": [""tensor_descriptor"", ""tensor_descriptor"", ""tensor_descriptor""], ""l2_groupings"": [8], ""load_eviction_policies"": ["""", """"], ""loop_orders"": [[0, 1]], ""num_sm_multiplier"": 1, ""num_stages"": 3, ""num_warps"": 8, ""pid_type"": ""persistent_blocked"", ""range_flattens"": [null, null], ""range_multi_buffers"": [null, null], ""range_num_stages"": [0, 0], ""range_unroll_factors"": [0, 0], ""range_warp_specializes"": [null, null]}",ok,56.352000683546066,0.05720973014831543,0
fp8_gemm,FP8_006,3072x3072x3072,train,1,heuristics,0,5f5b5ac0cf621145,"{""atomic_indexing"": [], ""block_sizes"": [128, 128, 32], ""indexing"": [""pointer"", ""pointer"", ""pointer""], ""l2_groupings"": [4], ""load_eviction_policies"": ["""", """"], ""loop_orders"": [[0, 1]], ""num_stages"": 2, ""num_warps"": 8, ""pid_type"": ""flat"", ""range_flattens"": [null, null], ""range_multi_buffers"": [null, null], ""range_num_stages"": [0, 0], ""range_unroll_factors"": [0, 0], ""range_warp_specializes"": [null, null]}",ok,125.98399817943573,0.037110328674316406,0
fp8_gemm,FP8_006,3072x3072x3072,train,1,heuristics,0,386cd2655a08a11b,"{""atomic_indexing"": [], ""block_sizes"": [256, 128, 64], ""indexing"": [""pointer"", ""pointer"", ""pointer""], ""l2_groupings"": [32], ""load_eviction_policies"": [""first"", ""first""], ""loop_orders"": [[0, 1]], ""maxnreg"": 256, ""num_sm_multiplier"": 1, ""num_stages"": 4, ""num_warps"": 8, ""pid_type"": ""persistent_blocked"", ""range_flattens"": [null, null], ""range_multi_buffers"": [true, null], ""range_num_stages"": [0, 0], ""range_unroll_factors"": [0, 0], ""range_warp_specializes"": [null, null]}",ok,44.03200000524521,0.3634192943572998,0
fp8_gemm,FP8_006,3072x3072x3072,train,2,heuristics,0,16a07255b95bc9cc,"{""atomic_indexing"": [], ""block_sizes"": [256, 256, 64], ""indexing"": [""tensor_descriptor"", ""pointer"", ""tensor_descriptor""], ""l2_groupings"": [4], ""load_eviction_policies"": [""first"", ""first""], ""loop_orders"": [[1, 0]], ""num_stages"": 6, ""num_warps"": 8, ""pid_type"": ""flat"", ""range_flattens"": [null, true], ""range_multi_buffers"": [null, null], ""range_num_stages"": [0, 1], ""range_unroll_factors"": [0, 2], ""range_warp_specializes"": [null, null]}",ok,29.69600073993206,0.10218644142150879,1
fp8_gemm,FP8_006,3072x3072x3072,train,2,heuristics,0,2a4159de248005f4,"{""atomic_indexing"": [], ""block_sizes"": [16, 16, 32], ""indexing"": [""pointer"", ""pointer"", ""pointer""], ""l2_groupings"": [1], ""load_eviction_policies"": ["""", """"], ""loop_orders"": [[0, 1]], ""num_stages"": 1, ""num_warps"": 4, ""pid_type"": ""flat"", ""range_flattens"": [null, null], ""range_multi_buffers"": [null, null], ""range_num_stages"": [0, 0], ""range_unroll_factors"": [0, 0], ""range_warp_specializes"": [null, null]}",ok,1587.231993675232,0.08035016059875488,0
fp8_gemm,FP8_006,3072x3072x3072,train,2,heuristics,0,7ac966090bdd3b68,"{""atomic_indexing"": [], ""block_sizes"": [32, 32, 32], ""epilogue_subtile"": 2, ""indexing"": [""pointer"", ""tensor_descriptor"", ""tensor_descriptor""], ""l2_groupings"": [64], ""load_eviction_policies"": ["""", ""first""], ""loop_orders"": [[1, 0]], ""num_stages"": 2, ""num_warps"": 2, ""pid_type"": ""flat"", ""range_flattens"": [null, true], ""range_multi_buffers"": [null, true], ""range_num_stages"": [0, 1], ""range_unroll_factors"": [0, 0], ""range_warp_specializes"": [null, true]}",ok,2472.928047180176,0.06130862236022949,0
fp8_gemm,FP8_006,3072x3072x3072,train,2,heuristics,0,90e6c79f2ac49508,"{""atomic_indexing"": [], ""block_sizes"": [32, 16, 128], ""indexing"": [""pointer"", ""pointer"", ""pointer""], ""l2_groupings"": [1], ""load_eviction_policies"": ["""", """"], ""loop_orders"": [[1, 0]], ""maxnreg"": 128, ""num_sm_multiplier"": 1, ""num_stages"": 6, ""num_warps"": 1, ""pid_type"": ""persistent_blocked"", ""range_flattens"": [false, true], ""range_multi_buffers"": [false, false], ""range_num_stages"": [0, 2], ""range_unroll_factors"": [3, 3], ""range_warp_specializes"": [false, null]}",ok,2475.935935974121,0.03876614570617676,0
fp8_gemm,FP8_006,3072x3072x3072,train,2,heuristics,0,3e2bfec3de523259,"{""atomic_indexing"": [], ""block_sizes"": [32, 32, 32], ""epilogue_subtile"": 2, ""indexing"": [""tensor_descriptor"", ""tensor_descriptor"", ""tensor_descriptor""], ""l2_groupings"": [4], ""load_eviction_policies"": ["""", ""first""], ""loop_orders"": [[1, 0]], ""maxnreg"": 64, ""num_sm_multiplier"": 32, ""num_stages"": 6, ""num_warps"": 8, ""pid_type"": ""persistent_interleaved"", ""range_flattens"": [null, true], ""range_multi_buffers"": [null, true], ""range_num_stages"": [4, 1], ""range_unroll_factors"": [2, 4], ""range_warp_specializes"": [false, null]}",ok,768.9119875431061,0.05252575874328613,0
fp8_gemm,FP8_006,3072x3072x3072,train,2,heuristics,0,090aec8abf44546c,"{""atomic_indexing"": [], ""block_sizes"": [128, 128, 64], ""indexing"": [""pointer"", ""pointer"", ""pointer""], ""l2_groupings"": [8], ""load_eviction_policies"": ["""", """"], ""loop_orders"": [[0, 1]], ""num_sm_multiplier"": 1, ""num_stages"": 3, ""num_warps"": 8, ""pid_type"": ""persistent_blocked"", ""range_flattens"": [null, null], ""range_multi_buffers"": [null, null], ""range_num_stages"": [0, 0], ""range_unroll_factors"": [0, 0], ""range_warp_specializes"": [null, null]}",ok,89.05600011348724,0.09647297859191895,0
fp8_gemm,FP8_006,3072x3072x3072,train,2,heuristics,0,38eda11584663f4d,"{""atomic_indexing"": [], ""block_sizes"": [64, 128, 64], ""indexing"": [""pointer"", ""pointer"", ""pointer""], ""l2_groupings"": [16], ""load_eviction_policies"": ["""", """"], ""loop_orders"": [[0, 1]], ""maxnreg"": 128, ""num_sm_multiplier"": 1, ""num_stages"": 4, ""num_warps"": 8, ""pid_type"": ""persistent_blocked"", ""range_flattens"": [null, null], ""range_multi_buffers"": [true, null], ""range_num_stages"": [0, 0], ""range_unroll_factors"": [0, 0], ""range_warp_specializes"": [null, null]}",ok,99.35999661684036,0.07512664794921875,0
fp8_gemm,FP8_006,3072x3072x3072,train,2,heuristics,0,444b006e81c84413,"{""atomic_indexing"": [], ""block_sizes"": [128, 256, 64], ""epilogue_subtile"": 2, ""indexing"": [""tensor_descriptor"", ""tensor_descriptor"", ""tensor_descriptor""], ""l2_groupings"": [8], ""load_eviction_policies"": ["""", """"], ""loop_orders"": [[0, 1]], ""num_sm_multiplier"": 1, ""num_stages"": 3, ""num_warps"": 8, ""pid_type"": ""persistent_blocked"", ""range_flattens"": [null, null], ""range_multi_buffers"": [null, null], ""range_num_stages"": [0, 0], ""range_unroll_factors"": [0, 0], ""range_warp_specializes"": [null, null]}",ok,56.352000683546066,0.056699275970458984,0
fp8_gemm,FP8_006,3072x3072x3072,train,2,heuristics,0,a9a7d389e9dda0ca,"{""atomic_indexing"": [], ""block_sizes"": [128, 128, 32], ""indexing"": [""pointer"", ""pointer"", ""pointer""], ""l2_groupings"": [4], ""load_eviction_policies"": ["""", """"], ""loop_orders"": [[0, 1]], ""num_stages"": 3, ""num_warps"": 8, ""pid_type"": ""flat"", ""range_flattens"": [null, null], ""range_multi_buffers"": [null, null], ""range_num_stages"": [0, 0], ""range_unroll_factors"": [0, 0], ""range_warp_specializes"": [null, null]}",ok,76.83199644088745,0.24611401557922363,0
fp8_gemm,FP8_006,3072x3072x3072,train,2,heuristics,0,6962683522f495e2,"{""atomic_indexing"": [], ""block_sizes"": [256, 128, 64], ""indexing"": [""pointer"", ""pointer"", ""pointer""], ""l2_groupings"": [16], ""load_eviction_policies"": [""first"", ""first""], ""loop_orders"": [[0, 1]], ""maxnreg"": 256, ""num_sm_multiplier"": 1, ""num_stages"": 4, ""num_warps"": 8, ""pid_type"": ""persistent_interleaved"", ""range_flattens"": [null, null], ""range_multi_buffers"": [null, null], ""range_num_stages"": [0, 0], ""range_unroll_factors"": [0, 0], ""range_warp_specializes"": [null, null]}",ok,46.112000942230225,0.3337368965148926,0
fp8_gemm,FP8_007,3840x3840x3840,train,0,heuristics,0,16a07255b95bc9cc,"{""atomic_indexing"": [], ""block_sizes"": [256, 256, 64], ""indexing"": [""tensor_descriptor"", ""pointer"", ""tensor_descriptor""], ""l2_groupings"": [4], ""load_eviction_policies"": [""first"", ""first""], ""loop_orders"": [[1, 0]], ""num_stages"": 6, ""num_warps"": 8, ""pid_type"": ""flat"", ""range_flattens"": [null, true], ""range_multi_buffers"": [null, null], ""range_num_stages"": [0, 1], ""range_unroll_factors"": [0, 2], ""range_warp_specializes"": [null, null]}",ok,60.447998344898224,0.3506660461425781,1
fp8_gemm,FP8_007,3840x3840x3840,train,0,heuristics,0,2a4159de248005f4,"{""atomic_indexing"": [], ""block_sizes"": [16, 16, 32], ""indexing"": [""pointer"", ""pointer"", ""pointer""], ""l2_groupings"": [1], ""load_eviction_policies"": ["""", """"], ""loop_orders"": [[0, 1]], ""num_stages"": 1, ""num_warps"": 4, ""pid_type"": ""flat"", ""range_flattens"": [null, null], ""range_multi_buffers"": [null, null], ""range_num_stages"": [0, 0], ""range_unroll_factors"": [0, 0], ""range_warp_specializes"": [null, null]}",ok,3089.4240140914917,0.07150578498840332,0
fp8_gemm,FP8_007,3840x3840x3840,train,0,heuristics,0,7ac966090bdd3b68,"{""atomic_indexing"": [], ""block_sizes"": [32, 32, 32], ""epilogue_subtile"": 2, ""indexing"": [""pointer"", ""tensor_descriptor"", ""tensor_descriptor""], ""l2_groupings"": [64], ""load_eviction_policies"": ["""", ""first""], ""loop_orders"": [[1, 0]], ""num_stages"": 2, ""num_warps"": 2, ""pid_type"": ""flat"", ""range_flattens"": [null, true], ""range_multi_buffers"": [null, true], ""range_num_stages"": [0, 1], ""range_unroll_factors"": [0, 0], ""range_warp_specializes"": [null, true]}",ok,4673.408031463623,0.21355104446411133,0
fp8_gemm,FP8_007,3840x3840x3840,train,0,heuristics,0,90e6c79f2ac49508,"{""atomic_indexing"": [], ""block_sizes"": [32, 16, 128], ""indexing"": [""pointer"", ""pointer"", ""pointer""], ""l2_groupings"": [1], ""load_eviction_policies"": ["""", """"], ""loop_orders"": [[1, 0]], ""maxnreg"": 128, ""num_sm_multiplier"": 1, ""num_stages"": 6, ""num_warps"": 1, ""pid_type"": ""persistent_blocked"", ""range_flattens"": [false, true], ""range_multi_buffers"": [false, false], ""range_num_stages"": [0, 2], ""range_unroll_factors"": [3, 3], ""range_warp_specializes"": [false, null]}",ok,5216.288089752197,1.6149654388427734,0
fp8_gemm,FP8_007,3840x3840x3840,train,0,heuristics,0,3e2bfec3de523259,"{""atomic_indexing"": [], ""block_sizes"": [32, 32, 32], ""epilogue_subtile"": 2, ""indexing"": [""tensor_descriptor"", ""tensor_descriptor"", ""tensor_descriptor""], ""l2_groupings"": [4], ""load_eviction_policies"": ["""", ""first""], ""loop_orders"": [[1, 0]], ""maxnreg"": 64, ""num_sm_multiplier"": 32, ""num_stages"": 6, ""num_warps"": 8, ""pid_type"": ""persistent_interleaved"", ""range_flattens"": [null, true], ""range_multi_buffers"": [null, true], ""range_num_stages"": [4, 1], ""range_unroll_factors"": [2, 4], ""range_warp_specializes"": [false, null]}",ok,1474.560022354126,0.19633221626281738,0
fp8_gemm,FP8_007,3840x3840x3840,train,0,heuristics,0,090aec8abf44546c,"{""atomic_indexing"": [], ""block_sizes"": [128, 128, 64], ""indexing"": [""pointer"", ""pointer"", ""pointer""], ""l2_groupings"": [8], ""load_eviction_policies"": ["""", """"], ""loop_orders"": [[0, 1]], ""num_sm_multiplier"": 1, ""num_stages"": 3, ""num_warps"": 8, ""pid_type"": ""persistent_blocked"", ""range_flattens"": [null, null], ""range_multi_buffers"": [null, null], ""range_num_stages"": [0, 0], ""range_unroll_factors"": [0, 0], ""range_warp_specializes"": [null, null]}",ok,123.83999675512314,0.07313847541809082,0
fp8_gemm,FP8_007,3840x3840x3840,train,0,heuristics,0,ff66642009acf578,"{""atomic_indexing"": [], ""block_sizes"": [64, 128, 64], ""indexing"": [""tensor_descriptor"", ""tensor_descriptor"", ""tensor_descriptor""], ""l2_groupings"": [16], ""load_eviction_policies"": ["""", """"], ""loop_orders"": [[0, 1]], ""maxnreg"": 128, ""num_sm_multiplier"": 1, ""num_stages"": 4, ""num_warps"": 4, ""pid_type"": ""persistent_blocked"", ""range_flattens"": [null, null], ""range_multi_buffers"": [null, null], ""range_num_stages"": [0, 0], ""range_unroll_factors"": [0, 0], ""range_warp_specializes"": [null, null]}",ok,160.70400178432465,0.050788164138793945,0
fp8_gemm,FP8_007,3840x3840x3840,train,0,heuristics,0,99627137aca4b7d9,"{""atomic_indexing"": [], ""block_sizes"": [128, 256, 64], ""indexing"": [""pointer"", ""pointer"", ""pointer""], ""l2_groupings"": [8], ""load_eviction_policies"": ["""", """"], ""loop_orders"": [[0, 1]], ""maxnreg"": 256, ""num_sm_multiplier"": 1, ""num_stages"": 3, ""num_warps"": 8, ""pid_type"": ""persistent_interleaved"", ""range_flattens"": [null, null], ""range_multi_buffers"": [true, null], ""range_num_stages"": [0, 0], ""range_unroll_factors"": [0, 0], ""range_warp_specializes"": [null, null]}",ok,93.1520015001297,0.3325066566467285,0
fp8_gemm,FP8_007,3840x3840x3840,train,0,heuristics,0,3343d2c3a520ed3d,"{""atomic_indexing"": [], ""block_sizes"": [128, 128, 32], ""indexing"": [""pointer"", ""pointer"", ""pointer""], ""l2_groupings"": [32], ""load_eviction_policies"": ["""", """"], ""loop_orders"": [[0, 1]], ""num_sm_multiplier"": 1, ""num_stages"": 2, ""num_warps"": 8, ""pid_type"": ""persistent_blocked"", ""range_flattens"": [null, null], ""range_multi_buffers"": [null, null], ""range_num_stages"": [0, 0], ""range_unroll_factors"": [0, 0], ""range_warp_specializes"": [null, null]}",ok,386.24000549316406,0.2559969425201416,0
fp8_gemm,FP8_007,3840x3840x3840,train,0,heuristics,0,d0aefac2a17d044b,"{""atomic_indexing"": [], ""block_sizes"": [64, 64, 64], ""indexing"": [""pointer"", ""pointer"", ""pointer""], ""l2_groupings"": [1], ""load_eviction_policies"": ["""", """"], ""loop_orders"": [[0, 1]], ""num_stages"": 3, ""num_warps"": 4, ""pid_type"": ""flat"", ""range_flattens"": [null, null], ""range_multi_buffers"": [null, null], ""range_num_stages"": [0, 0], ""range_unroll_factors"": [0, 0], ""range_warp_specializes"": [null, null]}",ok,132.03200697898865,0.029805421829223633,0
fp8_gemm,FP8_007,3840x3840x3840,train,1,heuristics,0,16a07255b95bc9cc,"{""atomic_indexing"": [], ""block_sizes"": [256, 256, 64], ""indexing"": [""tensor_descriptor"", ""pointer"", ""tensor_descriptor""], ""l2_groupings"": [4], ""load_eviction_policies"": [""first"", ""first""], ""loop_orders"": [[1, 0]], ""num_stages"": 6, ""num_warps"": 8, ""pid_type"": ""flat"", ""range_flattens"": [null, true], ""range_multi_buffers"": [null, null], ""range_num_stages"": [0, 1], ""range_unroll_factors"": [0, 2], ""range_warp_specializes"": [null, null]}",ok,60.447998344898224,0.08645868301391602,1
fp8_gemm,FP8_007,3840x3840x3840,train,1,heuristics,0,2a4159de248005f4,"{""atomic_indexing"": [], ""block_sizes"": [16, 16, 32], ""indexing"": [""pointer"", ""pointer"", ""pointer""], ""l2_groupings"": [1], ""load_eviction_policies"": ["""", """"], ""loop_orders"": [[0, 1]], ""num_stages"": 1, ""num_warps"": 4, ""pid_type"": ""flat"", ""range_flattens"": [null, null], ""range_multi_buffers"": [null, null], ""range_num_stages"": [0, 0], ""range_unroll_factors"": [0, 0], ""range_warp_specializes"": [null, null]}",ok,3089.51997756958,0.06439065933227539,0
fp8_gemm,FP8_007,3840x3840x3840,train,1,heuristics,0,7ac966090bdd3b68,"{""atomic_indexing"": [], ""block_sizes"": [32, 32, 32], ""epilogue_subtile"": 2, ""indexing"": [""pointer"", ""tensor_descriptor"", ""tensor_descriptor""], ""l2_groupings"": [64], ""load_eviction_policies"": ["""", ""first""], ""loop_orders"": [[1, 0]], ""num_stages"": 2, ""num_warps"": 2, ""pid_type"": ""flat"", ""range_flattens"": [null, true], ""range_multi_buffers"": [null, true], ""range_num_stages"": [0, 1], ""range_unroll_factors"": [0, 0], ""range_warp_specializes"": [null, true]}",ok,4674.576044082642,0.04569387435913086,0
fp8_gemm,FP8_007,3840x3840x3840,train,1,heuristics,0,90e6c79f2ac49508,"{""atomic_indexing"": [], ""block_sizes"": [32, 16, 128], ""indexing"": [""pointer"", ""pointer"", ""pointer""], ""l2_groupings"": [1], ""load_eviction_policies"": ["""", """"], ""loop_orders"": [[1, 0]], ""maxnreg"": 128, ""num_sm_multiplier"": 1, ""num_stages"": 6, ""num_warps"": 1, ""pid_type"": ""persistent_blocked"", ""range_flattens"": [false, true], ""range_multi_buffers"": [false, false], ""range_num_stages"": [0, 2], ""range_unroll_factors"": [3, 3], ""range_warp_specializes"": [false, null]}",ok,5215.231895446777,0.041658639907836914,0
fp8_gemm,FP8_007,3840x3840x3840,train,1,heuristics,0,3e2bfec3de523259,"{""atomic_indexing"": [], ""block_sizes"": [32, 32, 32], ""epilogue_subtile"": 2, ""indexing"": [""tensor_descriptor"", ""tensor_descriptor"", ""tensor_descriptor""], ""l2_groupings"": [4], ""load_eviction_policies"": ["""", ""first""], ""loop_orders"": [[1, 0]], ""maxnreg"": 64, ""num_sm_multiplier"": 32, ""num_stages"": 6, ""num_warps"": 8, ""pid_type"": ""persistent_interleaved"", ""range_flattens"": [null, true], ""range_multi_buffers"": [null, true], ""range_num_stages"": [4, 1], ""range_unroll_factors"": [2, 4], ""range_warp_specializes"": [false, null]}",ok,1476.5119552612305,0.03979969024658203,0
fp8_gemm,FP8_007,3840x3840x3840,train,1,heuristics,0,090aec8abf44546c,"{""atomic_indexing"": [], ""block_sizes"": [128, 128, 64], ""indexing"": [""pointer"", ""pointer"", ""pointer""], ""l2_groupings"": [8], ""load_eviction_policies"": ["""", """"], ""loop_orders"": [[0, 1]], ""num_sm_multiplier"": 1, ""num_stages"": 3, ""num_warps"": 8, ""pid_type"": ""persistent_blocked"", ""range_flattens"": [null, null], ""range_multi_buffers"": [null, null], ""range_num_stages"": [0, 0], ""range_unroll_factors"": [0, 0], ""range_warp_specializes"": [null, null]}",ok,130.0159990787506,0.07114744186401367,0
fp8_gemm,FP8_007,3840x3840x3840,train,1,heuristics,0,3d43570053353335,"{""atomic_indexing"": [], ""block_sizes"": [64, 128, 64], ""indexing"": [""tensor_descriptor"", ""tensor_descriptor"", ""tensor_descriptor""], ""l2_groupings"": [16], ""load_eviction_policies"": ["""", """"], ""loop_orders"": [[0, 1]], ""num_sm_multiplier"": 1, ""num_stages"": 4, ""num_warps"": 4, ""pid_type"": ""persistent_blocked"", ""range_flattens"": [null, null], ""range_multi_buffers"": [null, null], ""range_num_stages"": [0, 0], ""range_unroll_factors"": [0, 0], ""range_warp_specializes"": [null, null]}",ok,160.8320027589798,0.2808380126953125,0
fp8_gemm,FP8_007,3840x3840x3840,train,1,heuristics,0,3ef02d55ffd82d2c,"{""atomic_indexing"": [], ""block_sizes"": [128, 256, 64], ""indexing"": [""pointer"", ""pointer"", ""pointer""], ""l2_groupings"": [8], ""load_eviction_policies"": ["""", """"], ""loop_orders"": [[0, 1]], ""maxnreg"": 256, ""num_sm_multiplier"": 1, ""num_stages"": 3, ""num_warps"": 8, ""pid_type"": ""persistent_blocked"", ""range_flattens"": [null, null], ""range_multi_buffers"": [true, null], ""range_num_stages"": [0, 0], ""range_unroll_factors"": [0, 0], ""range_warp_specializes"": [null, null]}",ok,123.9359974861145,0.35831475257873535,0
fp8_gemm,FP8_007,3840x3840x3840,train,1,heuristics,0,37b6bc9b1dfbc442,"{""atomic_indexing"": [], ""block_sizes"": [128, 128, 32], ""indexing"": [""pointer"", ""pointer"", ""pointer""], ""l2_groupings"": [4], ""load_eviction_policies"": ["""", """"], ""loop_orders"": [[0, 1]], ""num_stages"": 2, ""num_warps"": 4, ""pid_type"": ""flat"", ""range_flattens"": [null, null], ""range_multi_buffers"": [null, null], ""range_num_stages"": [0, 0], ""range_unroll_factors"": [0, 0], ""range_warp_specializes"": [null, null]}",ok,191.52000546455383,0.3166167736053467,0
fp8_gemm,FP8_007,3840x3840x3840,train,1,heuristics,0,d0aefac2a17d044b,"{""atomic_indexing"": [], ""block_sizes"": [64, 64, 64], ""indexing"": [""pointer"", ""pointer"", ""pointer""], ""l2_groupings"": [1], ""load_eviction_policies"": ["""", """"], ""loop_orders"": [[0, 1]], ""num_stages"": 3, ""num_warps"": 4, ""pid_type"": ""flat"", ""range_flattens"": [null, null], ""range_multi_buffers"": [null, null], ""range_num_stages"": [0, 0], ""range_unroll_factors"": [0, 0], ""range_warp_specializes"": [null, null]}",ok,132.09599256515503,0.04049515724182129,0
fp8_gemm,FP8_007,3840x3840x3840,train,2,heuristics,0,16a07255b95bc9cc,"{""atomic_indexing"": [], ""block_sizes"": [256, 256, 64], ""indexing"": [""tensor_descriptor"", ""pointer"", ""tensor_descriptor""], ""l2_groupings"": [4], ""load_eviction_policies"": [""first"", ""first""], ""loop_orders"": [[1, 0]], ""num_stages"": 6, ""num_warps"": 8, ""pid_type"": ""flat"", ""range_flattens"": [null, true], ""range_multi_buffers"": [null, null], ""range_num_stages"": [0, 1], ""range_unroll_factors"": [0, 2], ""range_warp_specializes"": [null, null]}",ok,60.447998344898224,0.09771203994750977,1
fp8_gemm,FP8_007,3840x3840x3840,train,2,heuristics,0,2a4159de248005f4,"{""atomic_indexing"": [], ""block_sizes"": [16, 16, 32], ""indexing"": [""pointer"", ""pointer"", ""pointer""], ""l2_groupings"": [1], ""load_eviction_policies"": ["""", """"], ""loop_orders"": [[0, 1]], ""num_stages"": 1, ""num_warps"": 4, ""pid_type"": ""flat"", ""range_flattens"": [null, null], ""range_multi_buffers"": [null, null], ""range_num_stages"": [0, 0], ""range_unroll_factors"": [0, 0], ""range_warp_specializes"": [null, null]}",ok,3089.392066001892,0.07863950729370117,0
fp8_gemm,FP8_007,3840x3840x3840,train,2,heuristics,0,7ac966090bdd3b68,"{""atomic_indexing"": [], ""block_sizes"": [32, 32, 32], ""epilogue_subtile"": 2, ""indexing"": [""pointer"", ""tensor_descriptor"", ""tensor_descriptor""], ""l2_groupings"": [64], ""load_eviction_policies"": ["""", ""first""], ""loop_orders"": [[1, 0]], ""num_stages"": 2, ""num_warps"": 2, ""pid_type"": ""flat"", ""range_flattens"": [null, true], ""range_multi_buffers"": [null, true], ""range_num_stages"": [0, 1], ""range_unroll_factors"": [0, 0], ""range_warp_specializes"": [null, true]}",ok,4660.703897476196,0.06028127670288086,0
fp8_gemm,FP8_007,3840x3840x3840,train,2,heuristics,0,90e6c79f2ac49508,"{""atomic_indexing"": [], ""block_sizes"": [32, 16, 128], ""indexing"": [""pointer"", ""pointer"", ""pointer""], ""l2_groupings"": [1], ""load_eviction_policies"": ["""", """"], ""loop_orders"": [[1, 0]], ""maxnreg"": 128, ""num_sm_multiplier"": 1, ""num_stages"": 6, ""num_warps"": 1, ""pid_type"": ""persistent_blocked"", ""range_flattens"": [false, true], ""range_multi_buffers"": [false, false], ""range_num_stages"": [0, 2], ""range_unroll_factors"": [3, 3], ""range_warp_specializes"": [false, null]}",ok,5216.447830200195,0.03751420974731445,0
fp8_gemm,FP8_007,3840x3840x3840,train,2,heuristics,0,3e2bfec3de523259,"{""atomic_indexing"": [], ""block_sizes"": [32, 32, 32], ""epilogue_subtile"": 2, ""indexing"": [""tensor_descriptor"", ""tensor_descriptor"", ""tensor_descriptor""], ""l2_groupings"": [4], ""load_eviction_policies"": ["""", ""first""], ""loop_orders"": [[1, 0]], ""maxnreg"": 64, ""num_sm_multiplier"": 32, ""num_stages"": 6, ""num_warps"": 8, ""pid_type"": ""persistent_interleaved"", ""range_flattens"": [null, true], ""range_multi_buffers"": [null, true], ""range_num_stages"": [4, 1], ""range_unroll_factors"": [2, 4], ""range_warp_specializes"": [false, null]}",ok,1474.6559858322144,0.05424809455871582,0
fp8_gemm,FP8_007,3840x3840x3840,train,2,heuristics,0,090aec8abf44546c,"{""atomic_indexing"": [], ""block_sizes"": [128, 128, 64], ""indexing"": [""pointer"", ""pointer"", ""pointer""], ""l2_groupings"": [8], ""load_eviction_policies"": ["""", """"], ""loop_orders"": [[0, 1]], ""num_sm_multiplier"": 1, ""num_stages"": 3, ""num_warps"": 8, ""pid_type"": ""persistent_blocked"", ""range_flattens"": [null, null], ""range_multi_buffers"": [null, null], ""range_num_stages"": [0, 0], ""range_unroll_factors"": [0, 0], ""range_warp_specializes"": [null, null]}",ok,123.87199699878693,0.07293152809143066,0
fp8_gemm,FP8_007,3840x3840x3840,train,2,heuristics,0,821949f2b73e72ce,"{""atomic_indexing"": [], ""block_sizes"": [128, 256, 64], ""indexing"": [""tensor_descriptor"", ""tensor_descriptor"", ""tensor_descriptor""], ""l2_groupings"": [16], ""load_eviction_policies"": ["""", """"], ""loop_orders"": [[0, 1]], ""maxnreg"": 256, ""num_sm_multiplier"": 1, ""num_stages"": 4, ""num_warps"": 8, ""pid_type"": ""persistent_blocked"", ""range_flattens"": [null, null], ""range_multi_buffers"": [true, null], ""range_num_stages"": [0, 0], ""range_unroll_factors"": [0, 0], ""range_warp_specializes"": [null, null]}",ok,87.00799942016602,0.051192283630371094,0
fp8_gemm,FP8_007,3840x3840x3840,train,2,heuristics,0,bbb89eb2721ad1bf,"{""atomic_indexing"": [], ""block_sizes"": [64, 128, 64], ""indexing"": [""pointer"", ""pointer"", ""pointer""], ""l2_groupings"": [8], ""load_eviction_policies"": ["""", """"], ""loop_orders"": [[0, 1]], ""num_sm_multiplier"": 1, ""num_stages"": 3, ""num_warps"": 4, ""pid_type"": ""persistent_blocked"", ""range_flattens"": [null, null], ""range_multi_buffers"": [null, null], ""range_num_stages"": [0, 0], ""range_unroll_factors"": [0, 0], ""range_warp_specializes"": [null, null]}",ok,173.12000691890717,0.0545656681060791,0
fp8_gemm,FP8_007,3840x3840x3840,train,2,heuristics,0,ba686662527c395a,"{""atomic_indexing"": [], ""block_sizes"": [128, 128, 32], ""indexing"": [""pointer"", ""pointer"", ""pointer""], ""l2_groupings"": [1], ""load_eviction_policies"": ["""", """"], ""loop_orders"": [[0, 1]], ""num_stages"": 2, ""num_warps"": 8, ""pid_type"": ""flat"", ""range_flattens"": [null, null], ""range_multi_buffers"": [null, null], ""range_num_stages"": [0, 0], ""range_unroll_factors"": [0, 0], ""range_warp_specializes"": [null, null]}",ok,317.6000118255615,0.2729353904724121,0
fp8_gemm,FP8_007,3840x3840x3840,train,2,heuristics,0,48d9add0177b54cc,"{""atomic_indexing"": [], ""block_sizes"": [64, 64, 32], ""indexing"": [""pointer"", ""pointer"", ""pointer""], ""l2_groupings"": [4], ""load_eviction_policies"": ["""", """"], ""loop_orders"": [[0, 1]], ""num_sm_multiplier"": 1, ""num_stages"": 2, ""num_warps"": 4, ""pid_type"": ""persistent_interleaved"", ""range_flattens"": [null, null], ""range_multi_buffers"": [null, null], ""range_num_stages"": [0, 0], ""range_unroll_factors"": [0, 0], ""range_warp_specializes"": [null, null]}",ok,1096.7040061950684,0.2687551975250244,0
fp8_gemm,FP8_008,4096x4096x4096,heldout,0,heuristics,0,16a07255b95bc9cc,"{""atomic_indexing"": [], ""block_sizes"": [256, 256, 64], ""indexing"": [""tensor_descriptor"", ""pointer"", ""tensor_descriptor""], ""l2_groupings"": [4], ""load_eviction_policies"": [""first"", ""first""], ""loop_orders"": [[1, 0]], ""num_stages"": 6, ""num_warps"": 8, ""pid_type"": ""flat"", ""range_flattens"": [null, true], ""range_multi_buffers"": [null, null], ""range_num_stages"": [0, 1], ""range_unroll_factors"": [0, 2], ""range_warp_specializes"": [null, null]}",ok,62.49599903821945,0.3868441581726074,1
fp8_gemm,FP8_008,4096x4096x4096,heldout,0,heuristics,0,2a4159de248005f4,"{""atomic_indexing"": [], ""block_sizes"": [16, 16, 32], ""indexing"": [""pointer"", ""pointer"", ""pointer""], ""l2_groupings"": [1], ""load_eviction_policies"": ["""", """"], ""loop_orders"": [[0, 1]], ""num_stages"": 1, ""num_warps"": 4, ""pid_type"": ""flat"", ""range_flattens"": [null, null], ""range_multi_buffers"": [null, null], ""range_num_stages"": [0, 0], ""range_unroll_factors"": [0, 0], ""range_warp_specializes"": [null, null]}",ok,3780.57599067688,0.047611236572265625,0
fp8_gemm,FP8_008,4096x4096x4096,heldout,0,heuristics,0,7ac966090bdd3b68,"{""atomic_indexing"": [], ""block_sizes"": [32, 32, 32], ""epilogue_subtile"": 2, ""indexing"": [""pointer"", ""tensor_descriptor"", ""tensor_descriptor""], ""l2_groupings"": [64], ""load_eviction_policies"": ["""", ""first""], ""loop_orders"": [[1, 0]], ""num_stages"": 2, ""num_warps"": 2, ""pid_type"": ""flat"", ""range_flattens"": [null, true], ""range_multi_buffers"": [null, true], ""range_num_stages"": [0, 1], ""range_unroll_factors"": [0, 0], ""range_warp_specializes"": [null, true]}",ok,5626.943826675415,0.19854402542114258,0
fp8_gemm,FP8_008,4096x4096x4096,heldout,0,heuristics,0,90e6c79f2ac49508,"{""atomic_indexing"": [], ""block_sizes"": [32, 16, 128], ""indexing"": [""pointer"", ""pointer"", ""pointer""], ""l2_groupings"": [1], ""load_eviction_policies"": ["""", """"], ""loop_orders"": [[1, 0]], ""maxnreg"": 128, ""num_sm_multiplier"": 1, ""num_stages"": 6, ""num_warps"": 1, ""pid_type"": ""persistent_blocked"", ""range_flattens"": [false, true], ""range_multi_buffers"": [false, false], ""range_num_stages"": [0, 2], ""range_unroll_factors"": [3, 3], ""range_warp_specializes"": [false, null]}",ok,5668.992042541504,2.161515474319458,0
fp8_gemm,FP8_008,4096x4096x4096,heldout,0,heuristics,0,3e2bfec3de523259,"{""atomic_indexing"": [], ""block_sizes"": [32, 32, 32], ""epilogue_subtile"": 2, ""indexing"": [""tensor_descriptor"", ""tensor_descriptor"", ""tensor_descriptor""], ""l2_groupings"": [4], ""load_eviction_policies"": ["""", ""first""], ""loop_orders"": [[1, 0]], ""maxnreg"": 64, ""num_sm_multiplier"": 32, ""num_stages"": 6, ""num_warps"": 8, ""pid_type"": ""persistent_interleaved"", ""range_flattens"": [null, true], ""range_multi_buffers"": [null, true], ""range_num_stages"": [4, 1], ""range_unroll_factors"": [2, 4], ""range_warp_specializes"": [false, null]}",ok,1767.3920392990112,0.2073514461517334,0
fp8_gemm,FP8_008,4096x4096x4096,heldout,0,heuristics,0,090aec8abf44546c,"{""atomic_indexing"": [], ""block_sizes"": [128, 128, 64], ""indexing"": [""pointer"", ""pointer"", ""pointer""], ""l2_groupings"": [8], ""load_eviction_policies"": ["""", """"], ""loop_orders"": [[0, 1]], ""num_sm_multiplier"": 1, ""num_stages"": 3, ""num_warps"": 8, ""pid_type"": ""persistent_blocked"", ""range_flattens"": [null, null], ""range_multi_buffers"": [null, null], ""range_num_stages"": [0, 0], ""range_unroll_factors"": [0, 0], ""range_warp_specializes"": [null, null]}",ok,152.70400047302246,0.09456467628479004,0
fp8_gemm,FP8_008,4096x4096x4096,heldout,0,heuristics,0,66c30c3a16e74728,"{""atomic_indexing"": [], ""block_sizes"": [128, 256, 64], ""indexing"": [""tensor_descriptor"", ""tensor_descriptor"", ""tensor_descriptor""], ""l2_groupings"": [8], ""load_eviction_policies"": ["""", """"], ""loop_orders"": [[0, 1]], ""maxnreg"": 256, ""num_sm_multiplier"": 1, ""num_stages"": 4, ""num_warps"": 8, ""pid_type"": ""persistent_blocked"", ""range_flattens"": [null, null], ""range_multi_buffers"": [null, null], ""range_num_stages"": [0, 0], ""range_unroll_factors"": [0, 0], ""range_warp_specializes"": [null, null]}",ok,95.16800194978714,0.27039051055908203,0
fp8_gemm,FP8_008,4096x4096x4096,heldout,0,heuristics,0,7e001e71a5c362e9,"{""atomic_indexing"": [], ""block_sizes"": [64, 128, 64], ""indexing"": [""pointer"", ""pointer"", ""pointer""], ""l2_groupings"": [16], ""load_eviction_policies"": ["""", """"], ""loop_orders"": [[0, 1]], ""num_sm_multiplier"": 1, ""num_stages"": 3, ""num_warps"": 4, ""pid_type"": ""persistent_interleaved"", ""range_flattens"": [null, null], ""range_multi_buffers"": [true, null], ""range_num_stages"": [0, 0], ""range_unroll_factors"": [0, 0], ""range_warp_specializes"": [null, null]}",ok,248.86399507522583,0.3242967128753662,0
fp8_gemm,FP8_008,4096x4096x4096,heldout,0,heuristics,0,5f5b5ac0cf621145,"{""atomic_indexing"": [], ""block_sizes"": [128, 128, 32], ""indexing"": [""pointer"", ""pointer"", ""pointer""], ""l2_groupings"": [4], ""load_eviction_policies"": ["""", """"], ""loop_orders"": [[0, 1]], ""num_stages"": 2, ""num_warps"": 8, ""pid_type"": ""flat"", ""range_flattens"": [null, null], ""range_multi_buffers"": [null, null], ""range_num_stages"": [0, 0], ""range_unroll_factors"": [0, 0], ""range_warp_specializes"": [null, null]}",ok,277.72799134254456,0.03897452354431152,0
fp8_gemm,FP8_008,4096x4096x4096,heldout,0,heuristics,0,f516a1704a5a9f1f,"{""atomic_indexing"": [], ""block_sizes"": [256, 128, 64], ""epilogue_subtile"": 2, ""indexing"": [""tensor_descriptor"", ""tensor_descriptor"", ""tensor_descriptor""], ""l2_groupings"": [32], ""load_eviction_policies"": ["""", """"], ""loop_orders"": [[0, 1]], ""maxnreg"": 128, ""num_sm_multiplier"": 1, ""num_stages"": 3, ""num_warps"": 8, ""pid_type"": ""persistent_blocked"", ""range_flattens"": [null, null], ""range_multi_buffers"": [null, null], ""range_num_stages"": [0, 0], ""range_unroll_factors"": [0, 0], ""range_warp_specializes"": [null, null]}",ok,140.32000303268433,0.29654765129089355,0
fp8_gemm,FP8_008,4096x4096x4096,heldout,1,heuristics,0,16a07255b95bc9cc,"{""atomic_indexing"": [], ""block_sizes"": [256, 256, 64], ""indexing"": [""tensor_descriptor"", ""pointer"", ""tensor_descriptor""], ""l2_groupings"": [4], ""load_eviction_policies"": [""first"", ""first""], ""loop_orders"": [[1, 0]], ""num_stages"": 6, ""num_warps"": 8, ""pid_type"": ""flat"", ""range_flattens"": [null, true], ""range_multi_buffers"": [null, null], ""range_num_stages"": [0, 1], ""range_unroll_factors"": [0, 2], ""range_warp_specializes"": [null, null]}",ok,62.52799928188324,0.09387755393981934,1
fp8_gemm,FP8_008,4096x4096x4096,heldout,1,heuristics,0,2a4159de248005f4,"{""atomic_indexing"": [], ""block_sizes"": [16, 16, 32], ""indexing"": [""pointer"", ""pointer"", ""pointer""], ""l2_groupings"": [1], ""load_eviction_policies"": ["""", """"], ""loop_orders"": [[0, 1]], ""num_stages"": 1, ""num_warps"": 4, ""pid_type"": ""flat"", ""range_flattens"": [null, null], ""range_multi_buffers"": [null, null], ""range_num_stages"": [0, 0], ""range_unroll_factors"": [0, 0], ""range_warp_specializes"": [null, null]}",ok,3780.672073364258,0.06966042518615723,0
fp8_gemm,FP8_008,4096x4096x4096,heldout,1,heuristics,0,7ac966090bdd3b68,"{""atomic_indexing"": [], ""block_sizes"": [32, 32, 32], ""epilogue_subtile"": 2, ""indexing"": [""pointer"", ""tensor_descriptor"", ""tensor_descriptor""], ""l2_groupings"": [64], ""load_eviction_policies"": ["""", ""first""], ""loop_orders"": [[1, 0]], ""num_stages"": 2, ""num_warps"": 2, ""pid_type"": ""flat"", ""range_flattens"": [null, true], ""range_multi_buffers"": [null, true], ""range_num_stages"": [0, 1], ""range_unroll_factors"": [0, 0], ""range_warp_specializes"": [null, true]}",ok,5615.103960037231,0.04659008979797363,0
fp8_gemm,FP8_008,4096x4096x4096,heldout,1,heuristics,0,90e6c79f2ac49508,"{""atomic_indexing"": [], ""block_sizes"": [32, 16, 128], ""indexing"": [""pointer"", ""pointer"", ""pointer""], ""l2_groupings"": [1], ""load_eviction_policies"": ["""", """"], ""loop_orders"": [[1, 0]], ""maxnreg"": 128, ""num_sm_multiplier"": 1, ""num_stages"": 6, ""num_warps"": 1, ""pid_type"": ""persistent_blocked"", ""range_flattens"": [false, true], ""range_multi_buffers"": [false, false], ""range_num_stages"": [0, 2], ""range_unroll_factors"": [3, 3], ""range_warp_specializes"": [false, null]}",ok,5667.887926101685,0.05486488342285156,0
fp8_gemm,FP8_008,4096x4096x4096,heldout,1,heuristics,0,3e2bfec3de523259,"{""atomic_indexing"": [], ""block_sizes"": [32, 32, 32], ""epilogue_subtile"": 2, ""indexing"": [""tensor_descriptor"", ""tensor_descriptor"", ""tensor_descriptor""], ""l2_groupings"": [4], ""load_eviction_policies"": ["""", ""first""], ""loop_orders"": [[1, 0]], ""maxnreg"": 64, ""num_sm_multiplier"": 32, ""num_stages"": 6, ""num_warps"": 8, ""pid_type"": ""persistent_interleaved"", ""range_flattens"": [null, true], ""range_multi_buffers"": [null, true], ""range_num_stages"": [4, 1], ""range_unroll_factors"": [2, 4], ""range_warp_specializes"": [false, null]}",ok,1765.4399871826172,0.04572033882141113,0
fp8_gemm,FP8_008,4096x4096x4096,heldout,1,heuristics,0,090aec8abf44546c,"{""atomic_indexing"": [], ""block_sizes"": [128, 128, 64], ""indexing"": [""pointer"", ""pointer"", ""pointer""], ""l2_groupings"": [8], ""load_eviction_policies"": ["""", """"], ""loop_orders"": [[0, 1]], ""num_sm_multiplier"": 1, ""num_stages"": 3, ""num_warps"": 8, ""pid_type"": ""persistent_blocked"", ""range_flattens"": [null, null], ""range_multi_buffers"": [null, null], ""range_num_stages"": [0, 0], ""range_unroll_factors"": [0, 0], ""range_warp_specializes"": [null, null]}",ok,154.7520011663437,0.07419228553771973,0
fp8_gemm,FP8_008,4096x4096x4096,heldout,1,heuristics,0,ff66642009acf578,"{""atomic_indexing"": [], ""block_sizes"": [64, 128, 64], ""indexing"": [""tensor_descriptor"", ""tensor_descriptor"", ""tensor_descriptor""], ""l2_groupings"": [16], ""load_eviction_policies"": ["""", """"], ""loop_orders"": [[0, 1]], ""maxnreg"": 128, ""num_sm_multiplier"": 1, ""num_stages"": 4, ""num_warps"": 4, ""pid_type"": ""persistent_blocked"", ""range_flattens"": [null, null], ""range_multi_buffers"": [null, null], ""range_num_stages"": [0, 0], ""range_unroll_factors"": [0, 0], ""range_warp_specializes"": [null, null]}",ok,187.3600035905838,0.05071735382080078,0
fp8_gemm,FP8_008,4096x4096x4096,heldout,1,heuristics,0,99627137aca4b7d9,"{""atomic_indexing"": [], ""block_sizes"": [128, 256, 64], ""indexing"": [""pointer"", ""pointer"", ""pointer""], ""l2_groupings"": [8], ""load_eviction_policies"": ["""", """"], ""loop_orders"": [[0, 1]], ""maxnreg"": 256, ""num_sm_multiplier"": 1, ""num_stages"": 3, ""num_warps"": 8, ""pid_type"": ""persistent_interleaved"", ""range_flattens"": [null, null], ""range_multi_buffers"": [true, null], ""range_num_stages"": [0, 0], ""range_unroll_factors"": [0, 0], ""range_warp_specializes"": [null, null]}",ok,105.47199845314026,0.3592662811279297,0
fp8_gemm,FP8_008,4096x4096x4096,heldout,1,heuristics,0,4c9a4053ba82a06c,"{""atomic_indexing"": [], ""block_sizes"": [128, 128, 32], ""indexing"": [""pointer"", ""pointer"", ""pointer""], ""l2_groupings"": [4], ""load_eviction_policies"": ["""", """"], ""loop_orders"": [[0, 1]], ""num_sm_multiplier"": 1, ""num_stages"": 2, ""num_warps"": 8, ""pid_type"": ""persistent_blocked"", ""range_flattens"": [null, null], ""range_multi_buffers"": [null, null], ""range_num_stages"": [0, 0], ""range_unroll_factors"": [0, 0], ""range_warp_specializes"": [null, null]}",ok,412.6720130443573,0.27466249465942383,0
fp8_gemm,FP8_008,4096x4096x4096,heldout,1,heuristics,0,d0aefac2a17d044b,"{""atomic_indexing"": [], ""block_sizes"": [64, 64, 64], ""indexing"": [""pointer"", ""pointer"", ""pointer""], ""l2_groupings"": [1], ""load_eviction_policies"": ["""", """"], ""loop_orders"": [[0, 1]], ""num_stages"": 3, ""num_warps"": 4, ""pid_type"": ""flat"", ""range_flattens"": [null, null], ""range_multi_buffers"": [null, null], ""range_num_stages"": [0, 0], ""range_unroll_factors"": [0, 0], ""range_warp_specializes"": [null, null]}",ok,152.70400047302246,0.2577223777770996,0
fp8_gemm,FP8_008,4096x4096x4096,heldout,2,heuristics,0,16a07255b95bc9cc,"{""atomic_indexing"": [], ""block_sizes"": [256, 256, 64], ""indexing"": [""tensor_descriptor"", ""pointer"", ""tensor_descriptor""], ""l2_groupings"": [4], ""load_eviction_policies"": [""first"", ""first""], ""loop_orders"": [[1, 0]], ""num_stages"": 6, ""num_warps"": 8, ""pid_type"": ""flat"", ""range_flattens"": [null, true], ""range_multi_buffers"": [null, null], ""range_num_stages"": [0, 1], ""range_unroll_factors"": [0, 2], ""range_warp_specializes"": [null, null]}",ok,62.463998794555664,0.07181906700134277,1
fp8_gemm,FP8_008,4096x4096x4096,heldout,2,heuristics,0,2a4159de248005f4,"{""atomic_indexing"": [], ""block_sizes"": [16, 16, 32], ""indexing"": [""pointer"", ""pointer"", ""pointer""], ""l2_groupings"": [1], ""load_eviction_policies"": ["""", """"], ""loop_orders"": [[0, 1]], ""num_stages"": 1, ""num_warps"": 4, ""pid_type"": ""flat"", ""range_flattens"": [null, null], ""range_multi_buffers"": [null, null], ""range_num_stages"": [0, 0], ""range_unroll_factors"": [0, 0], ""range_warp_specializes"": [null, null]}",ok,3780.6079387664795,0.049379587173461914,0
fp8_gemm,FP8_008,4096x4096x4096,heldout,2,heuristics,0,7ac966090bdd3b68,"{""atomic_indexing"": [], ""block_sizes"": [32, 32, 32], ""epilogue_subtile"": 2, ""indexing"": [""pointer"", ""tensor_descriptor"", ""tensor_descriptor""], ""l2_groupings"": [64], ""load_eviction_policies"": ["""", ""first""], ""loop_orders"": [[1, 0]], ""num_stages"": 2, ""num_warps"": 2, ""pid_type"": ""flat"", ""range_flattens"": [null, true], ""range_multi_buffers"": [null, true], ""range_num_stages"": [0, 1], ""range_unroll_factors"": [0, 0], ""range_warp_specializes"": [null, true]}",ok,5617.136001586914,0.02933478355407715,0
fp8_gemm,FP8_008,4096x4096x4096,heldout,2,heuristics,0,90e6c79f2ac49508,"{""atomic_indexing"": [], ""block_sizes"": [32, 16, 128], ""indexing"": [""pointer"", ""pointer"", ""pointer""], ""l2_groupings"": [1], ""load_eviction_policies"": ["""", """"], ""loop_orders"": [[1, 0]], ""maxnreg"": 128, ""num_sm_multiplier"": 1, ""num_stages"": 6, ""num_warps"": 1, ""pid_type"": ""persistent_blocked"", ""range_flattens"": [false, true], ""range_multi_buffers"": [false, false], ""range_num_stages"": [0, 2], ""range_unroll_factors"": [3, 3], ""range_warp_specializes"": [false, null]}",ok,5669.919967651367,0.034801483154296875,0
fp8_gemm,FP8_008,4096x4096x4096,heldout,2,heuristics,0,3e2bfec3de523259,"{""atomic_indexing"": [], ""block_sizes"": [32, 32, 32], ""epilogue_subtile"": 2, ""indexing"": [""tensor_descriptor"", ""tensor_descriptor"", ""tensor_descriptor""], ""l2_groupings"": [4], ""load_eviction_policies"": ["""", ""first""], ""loop_orders"": [[1, 0]], ""maxnreg"": 64, ""num_sm_multiplier"": 32, ""num_stages"": 6, ""num_warps"": 8, ""pid_type"": ""persistent_interleaved"", ""range_flattens"": [null, true], ""range_multi_buffers"": [null, true], ""range_num_stages"": [4, 1], ""range_unroll_factors"": [2, 4], ""range_warp_specializes"": [false, null]}",ok,1767.4239873886108,0.0247955322265625,0
fp8_gemm,FP8_008,4096x4096x4096,heldout,2,heuristics,0,090aec8abf44546c,"{""atomic_indexing"": [], ""block_sizes"": [128, 128, 64], ""indexing"": [""pointer"", ""pointer"", ""pointer""], ""l2_groupings"": [8], ""load_eviction_policies"": ["""", """"], ""loop_orders"": [[0, 1]], ""num_sm_multiplier"": 1, ""num_stages"": 3, ""num_warps"": 8, ""pid_type"": ""persistent_blocked"", ""range_flattens"": [null, null], ""range_multi_buffers"": [null, null], ""range_num_stages"": [0, 0], ""range_unroll_factors"": [0, 0], ""range_warp_specializes"": [null, null]}",ok,153.43999862670898,0.050176143646240234,0
fp8_gemm,FP8_008,4096x4096x4096,heldout,2,heuristics,0,821949f2b73e72ce,"{""atomic_indexing"": [], ""block_sizes"": [128, 256, 64], ""indexing"": [""tensor_descriptor"", ""tensor_descriptor"", ""tensor_descriptor""], ""l2_groupings"": [16], ""load_eviction_policies"": ["""", """"], ""loop_orders"": [[0, 1]], ""maxnreg"": 256, ""num_sm_multiplier"": 1, ""num_stages"": 4, ""num_warps"": 8, ""pid_type"": ""persistent_blocked"", ""range_flattens"": [null, null], ""range_multi_buffers"": [true, null], ""range_num_stages"": [0, 0], ""range_unroll_factors"": [0, 0], ""range_warp_specializes"": [null, null]}",ok,91.16800129413605,0.26433682441711426,0
fp8_gemm,FP8_008,4096x4096x4096,heldout,2,heuristics,0,11bced38861af1d5,"{""atomic_indexing"": [], ""block_sizes"": [64, 128, 64], ""indexing"": [""pointer"", ""pointer"", ""pointer""], ""l2_groupings"": [8], ""load_eviction_policies"": ["""", """"], ""loop_orders"": [[0, 1]], ""num_sm_multiplier"": 1, ""num_stages"": 3, ""num_warps"": 4, ""pid_type"": ""persistent_interleaved"", ""range_flattens"": [null, null], ""range_multi_buffers"": [null, null], ""range_num_stages"": [0, 0], ""range_unroll_factors"": [0, 0], ""range_warp_specializes"": [null, null]}",ok,232.5119972229004,0.3136775493621826,0
fp8_gemm,FP8_008,4096x4096x4096,heldout,2,heuristics,0,9823990d8647d2db,"{""atomic_indexing"": [], ""block_sizes"": [128, 128, 32], ""indexing"": [""pointer"", ""pointer"", ""pointer""], ""l2_groupings"": [4], ""load_eviction_policies"": [""last"", ""last""], ""loop_orders"": [[0, 1]], ""num_sm_multiplier"": 1, ""num_stages"": 3, ""num_warps"": 8, ""pid_type"": ""persistent_blocked"", ""range_flattens"": [null, null], ""range_multi_buffers"": [null, null], ""range_num_stages"": [0, 0], ""range_unroll_factors"": [0, 0], ""range_warp_specializes"": [null, null]}",ok,236.40000075101852,0.29825282096862793,0
fp8_gemm,FP8_008,4096x4096x4096,heldout,2,heuristics,0,57780b2243a21a1a,"{""atomic_indexing"": [], ""block_sizes"": [256, 128, 64], ""epilogue_subtile"": 2, ""indexing"": [""pointer"", ""pointer"", ""pointer""], ""l2_groupings"": [32], ""load_eviction_policies"": ["""", """"], ""loop_orders"": [[0, 1]], ""maxnreg"": 128, ""num_sm_multiplier"": 1, ""num_stages"": 4, ""num_warps"": 8, ""pid_type"": ""persistent_blocked"", ""range_flattens"": [null, null], ""range_multi_buffers"": [null, null], ""range_num_stages"": [0, 0], ""range_unroll_factors"": [0, 0], ""range_warp_specializes"": [null, null]}",ok,99.35999661684036,0.3938181400299072,0
fp8_gemm,FP8_009,2048x1024x2048,heldout,0,heuristics,0,3a47c4265d412fe2,"{""atomic_indexing"": [], ""block_sizes"": [128, 256, 128], ""epilogue_subtile"": 2, ""indexing"": [""pointer"", ""pointer"", ""tensor_descriptor""], ""l2_groupings"": [32], ""load_eviction_policies"": [""last"", ""last""], ""loop_orders"": [[0, 1]], ""num_stages"": 4, ""num_warps"": 8, ""pid_type"": ""flat"", ""range_flattens"": [null, false], ""range_multi_buffers"": [null, null], ""range_num_stages"": [0, 3], ""range_unroll_factors"": [0, 2], ""range_warp_specializes"": [null, false]}",ok,15.359999611973763,0.4008786678314209,1
fp8_gemm,FP8_009,2048x1024x2048,heldout,0,heuristics,0,2a4159de248005f4,"{""atomic_indexing"": [], ""block_sizes"": [16, 16, 32], ""indexing"": [""pointer"", ""pointer"", ""pointer""], ""l2_groupings"": [1], ""load_eviction_policies"": ["""", """"], ""loop_orders"": [[0, 1]], ""num_stages"": 1, ""num_warps"": 4, ""pid_type"": ""flat"", ""range_flattens"": [null, null], ""range_multi_buffers"": [null, null], ""range_num_stages"": [0, 0], ""range_unroll_factors"": [0, 0], ""range_warp_specializes"": [null, null]}",ok,252.9599964618683,0.046405792236328125,0
fp8_gemm,FP8_009,2048x1024x2048,heldout,0,heuristics,0,62d97381ed43af71,"{""atomic_indexing"": [], ""block_sizes"": [32, 32, 32], ""epilogue_subtile"": 2, ""indexing"": [""pointer"", ""tensor_descriptor"", ""tensor_descriptor""], ""l2_groupings"": [2], ""load_eviction_policies"": ["""", ""first""], ""loop_orders"": [[0, 1]], ""num_stages"": 2, ""num_warps"": 2, ""pid_type"": ""flat"", ""range_flattens"": [null, true], ""range_multi_buffers"": [null, true], ""range_num_stages"": [0, 1], ""range_unroll_factors"": [0, 0], ""range_warp_specializes"": [null, true]}",ok,422.91200160980225,0.21605515480041504,0
fp8_gemm,FP8_009,2048x1024x2048,heldout,0,heuristics,0,f51d24e2860aa7c5,"{""atomic_indexing"": [], ""block_sizes"": [64, 16, 64], ""indexing"": [""pointer"", ""pointer"", ""pointer""], ""l2_groupings"": [1], ""load_eviction_policies"": ["""", """"], ""loop_orders"": [[1, 0]], ""maxnreg"": 128, ""num_sm_multiplier"": 1, ""num_stages"": 6, ""num_warps"": 1, ""pid_type"": ""persistent_blocked"", ""range_flattens"": [false, true], ""range_multi_buffers"": [false, false], ""range_num_stages"": [0, 2], ""range_unroll_factors"": [3, 3], ""range_warp_specializes"": [false, null]}",ok,328.73600721359253,1.6895661354064941,0
fp8_gemm,FP8_009,2048x1024x2048,heldout,0,heuristics,0,3e2bfec3de523259,"{""atomic_indexing"": [], ""block_sizes"": [32, 32, 32], ""epilogue_subtile"": 2, ""indexing"": [""tensor_descriptor"", ""tensor_descriptor"", ""tensor_descriptor""], ""l2_groupings"": [4], ""load_eviction_policies"": ["""", ""first""], ""loop_orders"": [[1, 0]], ""maxnreg"": 64, ""num_sm_multiplier"": 32, ""num_stages"": 6, ""num_warps"": 8, ""pid_type"": ""persistent_interleaved"", ""range_flattens"": [null, true], ""range_multi_buffers"": [null, true], ""range_num_stages"": [4, 1], ""range_unroll_factors"": [2, 4], ""range_warp_specializes"": [false, null]}",ok,138.2720023393631,0.18132495880126953,0
fp8_gemm,FP8_009,2048x1024x2048,heldout,0,heuristics,0,090aec8abf44546c,"{""atomic_indexing"": [], ""block_sizes"": [128, 128, 64], ""indexing"": [""pointer"", ""pointer"", ""pointer""], ""l2_groupings"": [8], ""load_eviction_policies"": ["""", """"], ""loop_orders"": [[0, 1]], ""num_sm_multiplier"": 1, ""num_stages"": 3, ""num_warps"": 8, ""pid_type"": ""persistent_blocked"", ""range_flattens"": [null, null], ""range_multi_buffers"": [null, null], ""range_num_stages"": [0, 0], ""range_unroll_factors"": [0, 0], ""range_warp_specializes"": [null, null]}",ok,23.423999547958374,0.08537817001342773,0
fp8_gemm,FP8_009,2048x1024x2048,heldout,0,heuristics,0,87df1710203c8789,"{""atomic_indexing"": [], ""block_sizes"": [64, 128, 64], ""indexing"": [""pointer"", ""pointer"", ""pointer""], ""l2_groupings"": [16], ""load_eviction_policies"": ["""", """"], ""loop_orders"": [[0, 1]], ""maxnreg"": 128, ""num_sm_multiplier"": 1, ""num_stages"": 4, ""num_warps"": 4, ""pid_type"": ""persistent_blocked"", ""range_flattens"": [null, null], ""range_multi_buffers"": [true, null], ""range_num_stages"": [0, 0], ""range_unroll_factors"": [0, 0], ""range_warp_specializes"": [null, null]}",ok,25.599999353289604,0.06368255615234375,0
fp8_gemm,FP8_009,2048x1024x2048,heldout,0,heuristics,0,444b006e81c84413,"{""atomic_indexing"": [], ""block_sizes"": [128, 256, 64], ""epilogue_subtile"": 2, ""indexing"": [""tensor_descriptor"", ""tensor_descriptor"", ""tensor_descriptor""], ""l2_groupings"": [8], ""load_eviction_policies"": ["""", """"], ""loop_orders"": [[0, 1]], ""num_sm_multiplier"": 1, ""num_stages"": 3, ""num_warps"": 8, ""pid_type"": ""persistent_blocked"", ""range_flattens"": [null, null], ""range_multi_buffers"": [null, null], ""range_num_stages"": [0, 0], ""range_unroll_factors"": [0, 0], ""range_warp_specializes"": [null, null]}",ok,19.519999623298645,0.043390512466430664,0
fp8_gemm,FP8_009,2048x1024x2048,heldout,0,heuristics,0,d4d126b8b4e80dbe,"{""atomic_indexing"": [], ""block_sizes"": [64, 64, 32], ""indexing"": [""pointer"", ""pointer"", ""pointer""], ""l2_groupings"": [1], ""load_eviction_policies"": ["""", """"], ""loop_orders"": [[0, 1]], ""num_stages"": 2, ""num_warps"": 4, ""pid_type"": ""flat"", ""range_flattens"": [null, null], ""range_multi_buffers"": [null, null], ""range_num_stages"": [0, 0], ""range_unroll_factors"": [0, 0], ""range_warp_specializes"": [null, null]}",ok,35.90400144457817,0.03447437286376953,0
fp8_gemm,FP8_009,2048x1024x2048,heldout,0,heuristics,0,e9498c6fb8e34fa3,"{""atomic_indexing"": [], ""block_sizes"": [128, 128, 32], ""indexing"": [""pointer"", ""pointer"", ""pointer""], ""l2_groupings"": [32], ""load_eviction_policies"": [""first"", ""last""], ""loop_orders"": [[0, 1]], ""maxnreg"": 256, ""num_sm_multiplier"": 1, ""num_stages"": 4, ""num_warps"": 8, ""pid_type"": ""persistent_interleaved"", ""range_flattens"": [null, null], ""range_multi_buffers"": [null, null], ""range_num_stages"": [0, 0], ""range_unroll_factors"": [0, 0], ""range_warp_specializes"": [null, null]}",ok,27.68000029027462,0.055263519287109375,0
fp8_gemm,FP8_009,2048x1024x2048,heldout,1,heuristics,0,3a47c4265d412fe2,"{""atomic_indexing"": [], ""block_sizes"": [128, 256, 128], ""epilogue_subtile"": 2, ""indexing"": [""pointer"", ""pointer"", ""tensor_descriptor""], ""l2_groupings"": [32], ""load_eviction_policies"": [""last"", ""last""], ""loop_orders"": [[0, 1]], ""num_stages"": 4, ""num_warps"": 8, ""pid_type"": ""flat"", ""range_flattens"": [null, false], ""range_multi_buffers"": [null, null], ""range_num_stages"": [0, 3], ""range_unroll_factors"": [0, 2], ""range_warp_specializes"": [null, false]}",ok,15.32800029963255,0.09776139259338379,1
fp8_gemm,FP8_009,2048x1024x2048,heldout,1,heuristics,0,2a4159de248005f4,"{""atomic_indexing"": [], ""block_sizes"": [16, 16, 32], ""indexing"": [""pointer"", ""pointer"", ""pointer""], ""l2_groupings"": [1], ""load_eviction_policies"": ["""", """"], ""loop_orders"": [[0, 1]], ""num_stages"": 1, ""num_warps"": 4, ""pid_type"": ""flat"", ""range_flattens"": [null, null], ""range_multi_buffers"": [null, null], ""range_num_stages"": [0, 0], ""range_unroll_factors"": [0, 0], ""range_warp_specializes"": [null, null]}",ok,252.9599964618683,0.0755457878112793,0
fp8_gemm,FP8_009,2048x1024x2048,heldout,1,heuristics,0,62d97381ed43af71,"{""atomic_indexing"": [], ""block_sizes"": [32, 32, 32], ""epilogue_subtile"": 2, ""indexing"": [""pointer"", ""tensor_descriptor"", ""tensor_descriptor""], ""l2_groupings"": [2], ""load_eviction_policies"": ["""", ""first""], ""loop_orders"": [[0, 1]], ""num_stages"": 2, ""num_warps"": 2, ""pid_type"": ""flat"", ""range_flattens"": [null, true], ""range_multi_buffers"": [null, true], ""range_num_stages"": [0, 1], ""range_unroll_factors"": [0, 0], ""range_warp_specializes"": [null, true]}",ok,422.94400930404663,0.05921578407287598,0
fp8_gemm,FP8_009,2048x1024x2048,heldout,1,heuristics,0,f51d24e2860aa7c5,"{""atomic_indexing"": [], ""block_sizes"": [64, 16, 64], ""indexing"": [""pointer"", ""pointer"", ""pointer""], ""l2_groupings"": [1], ""load_eviction_policies"": ["""", """"], ""loop_orders"": [[1, 0]], ""maxnreg"": 128, ""num_sm_multiplier"": 1, ""num_stages"": 6, ""num_warps"": 1, ""pid_type"": ""persistent_blocked"", ""range_flattens"": [false, true], ""range_multi_buffers"": [false, false], ""range_num_stages"": [0, 2], ""range_unroll_factors"": [3, 3], ""range_warp_specializes"": [false, null]}",ok,330.7200074195862,0.04181528091430664,0
fp8_gemm,FP8_009,2048x1024x2048,heldout,1,heuristics,0,3e2bfec3de523259,"{""atomic_indexing"": [], ""block_sizes"": [32, 32, 32], ""epilogue_subtile"": 2, ""indexing"": [""tensor_descriptor"", ""tensor_descriptor"", ""tensor_descriptor""], ""l2_groupings"": [4], ""load_eviction_policies"": ["""", ""first""], ""loop_orders"": [[1, 0]], ""maxnreg"": 64, ""num_sm_multiplier"": 32, ""num_stages"": 6, ""num_warps"": 8, ""pid_type"": ""persistent_interleaved"", ""range_flattens"": [null, true], ""range_multi_buffers"": [null, true], ""range_num_stages"": [4, 1], ""range_unroll_factors"": [2, 4], ""range_warp_specializes"": [false, null]}",ok,138.2720023393631,0.05581045150756836,0
fp8_gemm,FP8_009,2048x1024x2048,heldout,1,heuristics,0,090aec8abf44546c,"{""atomic_indexing"": [], ""block_sizes"": [128, 128, 64], ""indexing"": [""pointer"", ""pointer"", ""pointer""], ""l2_groupings"": [8], ""load_eviction_policies"": ["""", """"], ""loop_orders"": [[0, 1]], ""num_sm_multiplier"": 1, ""num_stages"": 3, ""num_warps"": 8, ""pid_type"": ""persistent_blocked"", ""range_flattens"": [null, null], ""range_multi_buffers"": [null, null], ""range_num_stages"": [0, 0], ""range_unroll_factors"": [0, 0], ""range_warp_specializes"": [null, null]}",ok,21.568000316619873,0.07786726951599121,0
fp8_gemm,FP8_009,2048x1024x2048,heldout,1,heuristics,0,87df1710203c8789,"{""atomic_indexing"": [], ""block_sizes"": [64, 128, 64], ""indexing"": [""pointer"", ""pointer"", ""pointer""], ""l2_groupings"": [16], ""load_eviction_policies"": ["""", """"], ""loop_orders"": [[0, 1]], ""maxnreg"": 128, ""num_sm_multiplier"": 1, ""num_stages"": 4, ""num_warps"": 4, ""pid_type"": ""persistent_blocked"", ""range_flattens"": [null, null], ""range_multi_buffers"": [true, null], ""range_num_stages"": [0, 0], ""range_unroll_factors"": [0, 0], ""range_warp_specializes"": [null, null]}",ok,25.599999353289604,0.053169965744018555,0
fp8_gemm,FP8_009,2048x1024x2048,heldout,1,heuristics,0,444b006e81c84413,"{""atomic_indexing"": [], ""block_sizes"": [128, 256, 64], ""epilogue_subtile"": 2, ""indexing"": [""tensor_descriptor"", ""tensor_descriptor"", ""tensor_descriptor""], ""l2_groupings"": [8], ""load_eviction_policies"": ["""", """"], ""loop_orders"": [[0, 1]], ""num_sm_multiplier"": 1, ""num_stages"": 3, ""num_warps"": 8, ""pid_type"": ""persistent_blocked"", ""range_flattens"": [null, null], ""range_multi_buffers"": [null, null], ""range_num_stages"": [0, 0], ""range_unroll_factors"": [0, 0], ""range_warp_specializes"": [null, null]}",ok,19.519999623298645,0.028568506240844727,0
fp8_gemm,FP8_009,2048x1024x2048,heldout,1,heuristics,0,a9a7d389e9dda0ca,"{""atomic_indexing"": [], ""block_sizes"": [128, 128, 32], ""indexing"": [""pointer"", ""pointer"", ""pointer""], ""l2_groupings"": [4], ""load_eviction_policies"": ["""", """"], ""loop_orders"": [[0, 1]], ""num_stages"": 3, ""num_warps"": 8, ""pid_type"": ""flat"", ""range_flattens"": [null, null], ""range_multi_buffers"": [null, null], ""range_num_stages"": [0, 0], ""range_unroll_factors"": [0, 0], ""range_warp_specializes"": [null, null]}",ok,21.536000072956085,0.2566404342651367,0
fp8_gemm,FP8_009,2048x1024x2048,heldout,1,heuristics,0,940d844a9182a2a4,"{""atomic_indexing"": [], ""block_sizes"": [256, 128, 64], ""indexing"": [""pointer"", ""pointer"", ""pointer""], ""l2_groupings"": [32], ""load_eviction_policies"": [""first"", ""first""], ""loop_orders"": [[0, 1]], ""maxnreg"": 256, ""num_sm_multiplier"": 1, ""num_stages"": 4, ""num_warps"": 8, ""pid_type"": ""persistent_interleaved"", ""range_flattens"": [null, null], ""range_multi_buffers"": [true, true], ""range_num_stages"": [0, 0], ""range_unroll_factors"": [0, 0], ""range_warp_specializes"": [null, null]}",ok,15.39199985563755,0.3611183166503906,0
fp8_gemm,FP8_009,2048x1024x2048,heldout,2,heuristics,0,3a47c4265d412fe2,"{""atomic_indexing"": [], ""block_sizes"": [128, 256, 128], ""epilogue_subtile"": 2, ""indexing"": [""pointer"", ""pointer"", ""tensor_descriptor""], ""l2_groupings"": [32], ""load_eviction_policies"": [""last"", ""last""], ""loop_orders"": [[0, 1]], ""num_stages"": 4, ""num_warps"": 8, ""pid_type"": ""flat"", ""range_flattens"": [null, false], ""range_multi_buffers"": [null, null], ""range_num_stages"": [0, 3], ""range_unroll_factors"": [0, 2], ""range_warp_specializes"": [null, false]}",ok,15.359999611973763,0.1161198616027832,1
fp8_gemm,FP8_009,2048x1024x2048,heldout,2,heuristics,0,2a4159de248005f4,"{""atomic_indexing"": [], ""block_sizes"": [16, 16, 32], ""indexing"": [""pointer"", ""pointer"", ""pointer""], ""l2_groupings"": [1], ""load_eviction_policies"": ["""", """"], ""loop_orders"": [[0, 1]], ""num_stages"": 1, ""num_warps"": 4, ""pid_type"": ""flat"", ""range_flattens"": [null, null], ""range_multi_buffers"": [null, null], ""range_num_stages"": [0, 0], ""range_unroll_factors"": [0, 0], ""range_warp_specializes"": [null, null]}",ok,252.9599964618683,0.09346413612365723,0
fp8_gemm,FP8_009,2048x1024x2048,heldout,2,heuristics,0,62d97381ed43af71,"{""atomic_indexing"": [], ""block_sizes"": [32, 32, 32], ""epilogue_subtile"": 2, ""indexing"": [""pointer"", ""tensor_descriptor"", ""tensor_descriptor""], ""l2_groupings"": [2], ""load_eviction_policies"": ["""", ""first""], ""loop_orders"": [[0, 1]], ""num_stages"": 2, ""num_warps"": 2, ""pid_type"": ""flat"", ""range_flattens"": [null, true], ""range_multi_buffers"": [null, true], ""range_num_stages"": [0, 1], ""range_unroll_factors"": [0, 0], ""range_warp_specializes"": [null, true]}",ok,422.91200160980225,0.07002544403076172,0
fp8_gemm,FP8_009,2048x1024x2048,heldout,2,heuristics,0,f51d24e2860aa7c5,"{""atomic_indexing"": [], ""block_sizes"": [64, 16, 64], ""indexing"": [""pointer"", ""pointer"", ""pointer""], ""l2_groupings"": [1], ""load_eviction_policies"": ["""", """"], ""loop_orders"": [[1, 0]], ""maxnreg"": 128, ""num_sm_multiplier"": 1, ""num_stages"": 6, ""num_warps"": 1, ""pid_type"": ""persistent_blocked"", ""range_flattens"": [false, true], ""range_multi_buffers"": [false, false], ""range_num_stages"": [0, 2], ""range_unroll_factors"": [3, 3], ""range_warp_specializes"": [false, null]}",ok,328.7679851055145,0.04772472381591797,0
fp8_gemm,FP8_009,2048x1024x2048,heldout,2,heuristics,0,3e2bfec3de523259,"{""atomic_indexing"": [], ""block_sizes"": [32, 32, 32], ""epilogue_subtile"": 2, ""indexing"": [""tensor_descriptor"", ""tensor_descriptor"", ""tensor_descriptor""], ""l2_groupings"": [4], ""load_eviction_policies"": ["""", ""first""], ""loop_orders"": [[1, 0]], ""maxnreg"": 64, ""num_sm_multiplier"": 32, ""num_stages"": 6, ""num_warps"": 8, ""pid_type"": ""persistent_interleaved"", ""range_flattens"": [null, true], ""range_multi_buffers"": [null, true], ""range_num_stages"": [4, 1], ""range_unroll_factors"": [2, 4], ""range_warp_specializes"": [false, null]}",ok,138.2720023393631,0.048276424407958984,0
fp8_gemm,FP8_009,2048x1024x2048,heldout,2,heuristics,0,090aec8abf44546c,"{""atomic_indexing"": [], ""block_sizes"": [128, 128, 64], ""indexing"": [""pointer"", ""pointer"", ""pointer""], ""l2_groupings"": [8], ""load_eviction_policies"": ["""", """"], ""loop_orders"": [[0, 1]], ""num_sm_multiplier"": 1, ""num_stages"": 3, ""num_warps"": 8, ""pid_type"": ""persistent_blocked"", ""range_flattens"": [null, null], ""range_multi_buffers"": [null, null], ""range_num_stages"": [0, 0], ""range_unroll_factors"": [0, 0], ""range_warp_specializes"": [null, null]}",ok,23.423999547958374,0.08345699310302734,0
fp8_gemm,FP8_009,2048x1024x2048,heldout,2,heuristics,0,38eda11584663f4d,"{""atomic_indexing"": [], ""block_sizes"": [64, 128, 64], ""indexing"": [""pointer"", ""pointer"", ""pointer""], ""l2_groupings"": [16], ""load_eviction_policies"": ["""", """"], ""loop_orders"": [[0, 1]], ""maxnreg"": 128, ""num_sm_multiplier"": 1, ""num_stages"": 4, ""num_warps"": 8, ""pid_type"": ""persistent_blocked"", ""range_flattens"": [null, null], ""range_multi_buffers"": [true, null], ""range_num_stages"": [0, 0], ""range_unroll_factors"": [0, 0], ""range_warp_specializes"": [null, null]}",ok,25.631999596953392,0.05779147148132324,0
fp8_gemm,FP8_009,2048x1024x2048,heldout,2,heuristics,0,444b006e81c84413,"{""atomic_indexing"": [], ""block_sizes"": [128, 256, 64], ""epilogue_subtile"": 2, ""indexing"": [""tensor_descriptor"", ""tensor_descriptor"", ""tensor_descriptor""], ""l2_groupings"": [8], ""load_eviction_policies"": ["""", """"], ""loop_orders"": [[0, 1]], ""num_sm_multiplier"": 1, ""num_stages"": 3, ""num_warps"": 8, ""pid_type"": ""persistent_blocked"", ""range_flattens"": [null, null], ""range_multi_buffers"": [null, null], ""range_num_stages"": [0, 0], ""range_unroll_factors"": [0, 0], ""range_warp_specializes"": [null, null]}",ok,19.487999379634857,0.030810117721557617,0
fp8_gemm,FP8_009,2048x1024x2048,heldout,2,heuristics,0,5f5b5ac0cf621145,"{""atomic_indexing"": [], ""block_sizes"": [128, 128, 32], ""indexing"": [""pointer"", ""pointer"", ""pointer""], ""l2_groupings"": [4], ""load_eviction_policies"": ["""", """"], ""loop_orders"": [[0, 1]], ""num_stages"": 2, ""num_warps"": 8, ""pid_type"": ""flat"", ""range_flattens"": [null, null], ""range_multi_buffers"": [null, null], ""range_num_stages"": [0, 0], ""range_unroll_factors"": [0, 0], ""range_warp_specializes"": [null, null]}",ok,33.79200026392937,0.2647702693939209,0
fp8_gemm,FP8_009,2048x1024x2048,heldout,2,heuristics,0,d0cf36503ffc2990,"{""atomic_indexing"": [], ""block_sizes"": [256, 128, 64], ""indexing"": [""pointer"", ""pointer"", ""pointer""], ""l2_groupings"": [32], ""load_eviction_policies"": [""first"", ""first""], ""loop_orders"": [[0, 1]], ""maxnreg"": 256, ""num_sm_multiplier"": 1, ""num_stages"": 4, ""num_warps"": 8, ""pid_type"": ""persistent_blocked"", ""range_flattens"": [null, null], ""range_multi_buffers"": [null, null], ""range_num_stages"": [0, 0], ""range_unroll_factors"": [0, 0], ""range_warp_specializes"": [null, null]}",ok,15.39199985563755,0.3615860939025879,0
fp8_gemm,FP8_010,1024x2048x4096,heldout,0,heuristics,0,29f31680bbdbca33,"{""atomic_indexing"": [], ""block_sizes"": [128, 32, 128], ""indexing"": [""pointer"", ""pointer"", ""pointer""], ""l2_groupings"": [1], ""load_eviction_policies"": [""last"", ""last""], ""loop_orders"": [[1, 0]], ""num_stages"": 5, ""num_warps"": 4, ""pid_type"": ""flat"", ""range_flattens"": [null, null], ""range_multi_buffers"": [null, false], ""range_num_stages"": [0, 4], ""range_unroll_factors"": [0, 1], ""range_warp_specializes"": [null, false]}",ok,35.87200120091438,0.31973791122436523,1
fp8_gemm,FP8_010,1024x2048x4096,heldout,0,heuristics,0,2a4159de248005f4,"{""atomic_indexing"": [], ""block_sizes"": [16, 16, 32], ""indexing"": [""pointer"", ""pointer"", ""pointer""], ""l2_groupings"": [1], ""load_eviction_policies"": ["""", """"], ""loop_orders"": [[0, 1]], ""num_stages"": 1, ""num_warps"": 4, ""pid_type"": ""flat"", ""range_flattens"": [null, null], ""range_multi_buffers"": [null, null], ""range_num_stages"": [0, 0], ""range_unroll_factors"": [0, 0], ""range_warp_specializes"": [null, null]}",ok,502.81602144241333,0.05123734474182129,0
fp8_gemm,FP8_010,1024x2048x4096,heldout,0,heuristics,0,62d97381ed43af71,"{""atomic_indexing"": [], ""block_sizes"": [32, 32, 32], ""epilogue_subtile"": 2, ""indexing"": [""pointer"", ""tensor_descriptor"", ""tensor_descriptor""], ""l2_groupings"": [2], ""load_eviction_policies"": ["""", ""first""], ""loop_orders"": [[0, 1]], ""num_stages"": 2, ""num_warps"": 2, ""pid_type"": ""flat"", ""range_flattens"": [null, true], ""range_multi_buffers"": [null, true], ""range_num_stages"": [0, 1], ""range_unroll_factors"": [0, 0], ""range_warp_specializes"": [null, true]}",ok,697.4400281906128,0.21835660934448242,0
fp8_gemm,FP8_010,1024x2048x4096,heldout,0,heuristics,0,14b085fcba4dcc8c,"{""atomic_indexing"": [], ""block_sizes"": [32, 16, 64], ""indexing"": [""pointer"", ""pointer"", ""pointer""], ""l2_groupings"": [1], ""load_eviction_policies"": ["""", """"], ""loop_orders"": [[1, 0]], ""maxnreg"": 128, ""num_sm_multiplier"": 1, ""num_stages"": 6, ""num_warps"": 1, ""pid_type"": ""persistent_blocked"", ""range_flattens"": [false, true], ""range_multi_buffers"": [false, false], ""range_num_stages"": [0, 2], ""range_unroll_factors"": [3, 3], ""range_warp_specializes"": [false, null]}",ok,778.2080173492432,1.2535240650177002,0
fp8_gemm,FP8_010,1024x2048x4096,heldout,0,heuristics,0,3e2bfec3de523259,"{""atomic_indexing"": [], ""block_sizes"": [32, 32, 32], ""epilogue_subtile"": 2, ""indexing"": [""tensor_descriptor"", ""tensor_descriptor"", ""tensor_descriptor""], ""l2_groupings"": [4], ""load_eviction_policies"": ["""", ""first""], ""loop_orders"": [[1, 0]], ""maxnreg"": 64, ""num_sm_multiplier"": 32, ""num_stages"": 6, ""num_warps"": 8, ""pid_type"": ""persistent_interleaved"", ""range_flattens"": [null, true], ""range_multi_buffers"": [null, true], ""range_num_stages"": [4, 1], ""range_unroll_factors"": [2, 4], ""range_warp_specializes"": [false, null]}",ok,244.76799368858337,0.1927485466003418,0
fp8_gemm,FP8_010,1024x2048x4096,heldout,0,heuristics,0,090aec8abf44546c,"{""atomic_indexing"": [], ""block_sizes"": [128, 128, 64], ""indexing"": [""pointer"", ""pointer"", ""pointer""], ""l2_groupings"": [8], ""load_eviction_policies"": ["""", """"], ""loop_orders"": [[0, 1]], ""num_sm_multiplier"": 1, ""num_stages"": 3, ""num_warps"": 8, ""pid_type"": ""persistent_blocked"", ""range_flattens"": [null, null], ""range_multi_buffers"": [null, null], ""range_num_stages"": [0, 0], ""range_unroll_factors"": [0, 0], ""range_warp_specializes"": [null, null]}",ok,35.840000957250595,0.07350444793701172,0
fp8_gemm,FP8_010,1024x2048x4096,heldout,0,heuristics,0,66c30c3a16e74728,"{""atomic_indexing"": [], ""block_sizes"": [128, 256, 64], ""indexing"": [""tensor_descriptor"", ""tensor_descriptor"", ""tensor_descriptor""], ""l2_groupings"": [8], ""load_eviction_policies"": ["""", """"], ""loop_orders"": [[0, 1]], ""maxnreg"": 256, ""num_sm_multiplier"": 1, ""num_stages"": 4, ""num_warps"": 8, ""pid_type"": ""persistent_blocked"", ""range_flattens"": [null, null], ""range_multi_buffers"": [null, null], ""range_num_stages"": [0, 0], ""range_unroll_factors"": [0, 0], ""range_warp_specializes"": [null, null]}",ok,23.584000766277313,0.2803006172180176,0
fp8_gemm,FP8_010,1024x2048x4096,heldout,0,heuristics,0,ce6853c1dc8b3bf1,"{""atomic_indexing"": [], ""block_sizes"": [64, 128, 64], ""indexing"": [""pointer"", ""pointer"", ""pointer""], ""l2_groupings"": [16], ""load_eviction_policies"": ["""", """"], ""loop_orders"": [[0, 1]], ""num_sm_multiplier"": 1, ""num_stages"": 3, ""num_warps"": 4, ""pid_type"": ""persistent_blocked"", ""range_flattens"": [null, null], ""range_multi_buffers"": [true, null], ""range_num_stages"": [0, 0], ""range_unroll_factors"": [0, 0], ""range_warp_specializes"": [null, null]}",ok,54.30399999022484,0.33301782608032227,0
fp8_gemm,FP8_010,1024x2048x4096,heldout,0,heuristics,0,ba686662527c395a,"{""atomic_indexing"": [], ""block_sizes"": [128, 128, 32], ""indexing"": [""pointer"", ""pointer"", ""pointer""], ""l2_groupings"": [1], ""load_eviction_policies"": ["""", """"], ""loop_orders"": [[0, 1]], ""num_stages"": 2, ""num_warps"": 8, ""pid_type"": ""flat"", ""range_flattens"": [null, null], ""range_multi_buffers"": [null, null], ""range_num_stages"": [0, 0], ""range_unroll_factors"": [0, 0], ""range_warp_specializes"": [null, null]}",ok,60.447998344898224,0.25186920166015625,0
fp8_gemm,FP8_010,1024x2048x4096,heldout,0,heuristics,0,d4d126b8b4e80dbe,"{""atomic_indexing"": [], ""block_sizes"": [64, 64, 32], ""indexing"": [""pointer"", ""pointer"", ""pointer""], ""l2_groupings"": [1], ""load_eviction_policies"": ["""", """"], ""loop_orders"": [[0, 1]], ""num_stages"": 2, ""num_warps"": 4, ""pid_type"": ""flat"", ""range_flattens"": [null, null], ""range_multi_buffers"": [null, null], ""range_num_stages"": [0, 0], ""range_unroll_factors"": [0, 0], ""range_warp_specializes"": [null, null]}",ok,60.447998344898224,0.047986507415771484,0
fp8_gemm,FP8_010,1024x2048x4096,heldout,1,heuristics,0,29f31680bbdbca33,"{""atomic_indexing"": [], ""block_sizes"": [128, 32, 128], ""indexing"": [""pointer"", ""pointer"", ""pointer""], ""l2_groupings"": [1], ""load_eviction_policies"": [""last"", ""last""], ""loop_orders"": [[1, 0]], ""num_stages"": 5, ""num_warps"": 4, ""pid_type"": ""flat"", ""range_flattens"": [null, null], ""range_multi_buffers"": [null, false], ""range_num_stages"": [0, 4], ""range_unroll_factors"": [0, 1], ""range_warp_specializes"": [null, false]}",ok,35.87200120091438,0.10241222381591797,1
fp8_gemm,FP8_010,1024x2048x4096,heldout,1,heuristics,0,2a4159de248005f4,"{""atomic_indexing"": [], ""block_sizes"": [16, 16, 32], ""indexing"": [""pointer"", ""pointer"", ""pointer""], ""l2_groupings"": [1], ""load_eviction_policies"": ["""", """"], ""loop_orders"": [[0, 1]], ""num_stages"": 1, ""num_warps"": 4, ""pid_type"": ""flat"", ""range_flattens"": [null, null], ""range_multi_buffers"": [null, null], ""range_num_stages"": [0, 0], ""range_unroll_factors"": [0, 0], ""range_warp_specializes"": [null, null]}",ok,502.8480291366577,0.07672429084777832,0
fp8_gemm,FP8_010,1024x2048x4096,heldout,1,heuristics,0,62d97381ed43af71,"{""atomic_indexing"": [], ""block_sizes"": [32, 32, 32], ""epilogue_subtile"": 2, ""indexing"": [""pointer"", ""tensor_descriptor"", ""tensor_descriptor""], ""l2_groupings"": [2], ""load_eviction_policies"": ["""", ""first""], ""loop_orders"": [[0, 1]], ""num_stages"": 2, ""num_warps"": 2, ""pid_type"": ""flat"", ""range_flattens"": [null, true], ""range_multi_buffers"": [null, true], ""range_num_stages"": [0, 1], ""range_unroll_factors"": [0, 0], ""range_warp_specializes"": [null, true]}",ok,697.4240243434906,0.05192708969116211,0
fp8_gemm,FP8_010,1024x2048x4096,heldout,1,heuristics,0,14b085fcba4dcc8c,"{""atomic_indexing"": [], ""block_sizes"": [32, 16, 64], ""indexing"": [""pointer"", ""pointer"", ""pointer""], ""l2_groupings"": [1], ""load_eviction_policies"": ["""", """"], ""loop_orders"": [[1, 0]], ""maxnreg"": 128, ""num_sm_multiplier"": 1, ""num_stages"": 6, ""num_warps"": 1, ""pid_type"": ""persistent_blocked"", ""range_flattens"": [false, true], ""range_multi_buffers"": [false, false], ""range_num_stages"": [0, 2], ""range_unroll_factors"": [3, 3], ""range_warp_specializes"": [false, null]}",ok,779.1680097579956,0.06013154983520508,0
fp8_gemm,FP8_010,1024x2048x4096,heldout,1,heuristics,0,3e2bfec3de523259,"{""atomic_indexing"": [], ""block_sizes"": [32, 32, 32], ""epilogue_subtile"": 2, ""indexing"": [""tensor_descriptor"", ""tensor_descriptor"", ""tensor_descriptor""], ""l2_groupings"": [4], ""load_eviction_policies"": ["""", ""first""], ""loop_orders"": [[1, 0]], ""maxnreg"": 64, ""num_sm_multiplier"": 32, ""num_stages"": 6, ""num_warps"": 8, ""pid_type"": ""persistent_interleaved"", ""range_flattens"": [null, true], ""range_multi_buffers"": [null, true], ""range_num_stages"": [4, 1], ""range_unroll_factors"": [2, 4], ""range_warp_specializes"": [false, null]}",ok,244.76799368858337,0.04771709442138672,0
fp8_gemm,FP8_010,1024x2048x4096,heldout,1,heuristics,0,090aec8abf44546c,"{""atomic_indexing"": [], ""block_sizes"": [128, 128, 64], ""indexing"": [""pointer"", ""pointer"", ""pointer""], ""l2_groupings"": [8], ""load_eviction_policies"": ["""", """"], ""loop_orders"": [[0, 1]], ""num_sm_multiplier"": 1, ""num_stages"": 3, ""num_warps"": 8, ""pid_type"": ""persistent_blocked"", ""range_flattens"": [null, null], ""range_multi_buffers"": [null, null], ""range_num_stages"": [0, 0], ""range_unroll_factors"": [0, 0], ""range_warp_specializes"": [null, null]}",ok,35.840000957250595,0.09612822532653809,0
fp8_gemm,FP8_010,1024x2048x4096,heldout,1,heuristics,0,87df1710203c8789,"{""atomic_indexing"": [], ""block_sizes"": [64, 128, 64], ""indexing"": [""pointer"", ""pointer"", ""pointer""], ""l2_groupings"": [16], ""load_eviction_policies"": ["""", """"], ""loop_orders"": [[0, 1]], ""maxnreg"": 128, ""num_sm_multiplier"": 1, ""num_stages"": 4, ""num_warps"": 4, ""pid_type"": ""persistent_blocked"", ""range_flattens"": [null, null], ""range_multi_buffers"": [true, null], ""range_num_stages"": [0, 0], ""range_unroll_factors"": [0, 0], ""range_warp_specializes"": [null, null]}",ok,39.96799886226654,0.0708918571472168,0
fp8_gemm,FP8_010,1024x2048x4096,heldout,1,heuristics,0,444b006e81c84413,"{""atomic_indexing"": [], ""block_sizes"": [128, 256, 64], ""epilogue_subtile"": 2, ""indexing"": [""tensor_descriptor"", ""tensor_descriptor"", ""tensor_descriptor""], ""l2_groupings"": [8], ""load_eviction_policies"": ["""", """"], ""loop_orders"": [[0, 1]], ""num_sm_multiplier"": 1, ""num_stages"": 3, ""num_warps"": 8, ""pid_type"": ""persistent_blocked"", ""range_flattens"": [null, null], ""range_multi_buffers"": [null, null], ""range_num_stages"": [0, 0], ""range_unroll_factors"": [0, 0], ""range_warp_specializes"": [null, null]}",ok,29.56799976527691,0.046842098236083984,0
fp8_gemm,FP8_010,1024x2048x4096,heldout,1,heuristics,0,d4d126b8b4e80dbe,"{""atomic_indexing"": [], ""block_sizes"": [64, 64, 32], ""indexing"": [""pointer"", ""pointer"", ""pointer""], ""l2_groupings"": [1], ""load_eviction_policies"": ["""", """"], ""loop_orders"": [[0, 1]], ""num_stages"": 2, ""num_warps"": 4, ""pid_type"": ""flat"", ""range_flattens"": [null, null], ""range_multi_buffers"": [null, null], ""range_num_stages"": [0, 0], ""range_unroll_factors"": [0, 0], ""range_warp_specializes"": [null, null]}",ok,60.447998344898224,0.03820657730102539,0
fp8_gemm,FP8_010,1024x2048x4096,heldout,1,heuristics,0,f799a7a4ec6b8d30,"{""atomic_indexing"": [], ""block_sizes"": [128, 128, 32], ""indexing"": [""pointer"", ""pointer"", ""pointer""], ""l2_groupings"": [4], ""load_eviction_policies"": [""first"", ""first""], ""loop_orders"": [[0, 1]], ""maxnreg"": 256, ""num_sm_multiplier"": 1, ""num_stages"": 4, ""num_warps"": 8, ""pid_type"": ""persistent_interleaved"", ""range_flattens"": [null, null], ""range_multi_buffers"": [null, null], ""range_num_stages"": [0, 0], ""range_unroll_factors"": [0, 0], ""range_warp_specializes"": [null, null]}",ok,39.99999910593033,0.31518054008483887,0
fp8_gemm,FP8_010,1024x2048x4096,heldout,2,heuristics,0,29f31680bbdbca33,"{""atomic_indexing"": [], ""block_sizes"": [128, 32, 128], ""indexing"": [""pointer"", ""pointer"", ""pointer""], ""l2_groupings"": [1], ""load_eviction_policies"": [""last"", ""last""], ""loop_orders"": [[1, 0]], ""num_stages"": 5, ""num_warps"": 4, ""pid_type"": ""flat"", ""range_flattens"": [null, null], ""range_multi_buffers"": [null, false], ""range_num_stages"": [0, 4], ""range_unroll_factors"": [0, 1], ""range_warp_specializes"": [null, false]}",ok,35.87200120091438,0.1181344985961914,1
fp8_gemm,FP8_010,1024x2048x4096,heldout,2,heuristics,0,2a4159de248005f4,"{""atomic_indexing"": [], ""block_sizes"": [16, 16, 32], ""indexing"": [""pointer"", ""pointer"", ""pointer""], ""l2_groupings"": [1], ""load_eviction_policies"": ["""", """"], ""loop_orders"": [[0, 1]], ""num_stages"": 1, ""num_warps"": 4, ""pid_type"": ""flat"", ""range_flattens"": [null, null], ""range_multi_buffers"": [null, null], ""range_num_stages"": [0, 0], ""range_unroll_factors"": [0, 0], ""range_warp_specializes"": [null, null]}",ok,502.8799772262573,0.09520268440246582,0
fp8_gemm,FP8_010,1024x2048x4096,heldout,2,heuristics,0,62d97381ed43af71,"{""atomic_indexing"": [], ""block_sizes"": [32, 32, 32], ""epilogue_subtile"": 2, ""indexing"": [""pointer"", ""tensor_descriptor"", ""tensor_descriptor""], ""l2_groupings"": [2], ""load_eviction_policies"": ["""", ""first""], ""loop_orders"": [[0, 1]], ""num_stages"": 2, ""num_warps"": 2, ""pid_type"": ""flat"", ""range_flattens"": [null, true], ""range_multi_buffers"": [null, true], ""range_num_stages"": [0, 1], ""range_unroll_factors"": [0, 0], ""range_warp_specializes"": [null, true]}",ok,697.9199945926666,0.07102346420288086,0
fp8_gemm,FP8_010,1024x2048x4096,heldout,2,heuristics,0,14b085fcba4dcc8c,"{""atomic_indexing"": [], ""block_sizes"": [32, 16, 64], ""indexing"": [""pointer"", ""pointer"", ""pointer""], ""l2_groupings"": [1], ""load_eviction_policies"": ["""", """"], ""loop_orders"": [[1, 0]], ""maxnreg"": 128, ""num_sm_multiplier"": 1, ""num_stages"": 6, ""num_warps"": 1, ""pid_type"": ""persistent_blocked"", ""range_flattens"": [false, true], ""range_multi_buffers"": [false, false], ""range_num_stages"": [0, 2], ""range_unroll_factors"": [3, 3], ""range_warp_specializes"": [false, null]}",ok,778.2400250434875,0.04483389854431152,0
fp8_gemm,FP8_010,1024x2048x4096,heldout,2,heuristics,0,3e2bfec3de523259,"{""atomic_indexing"": [], ""block_sizes"": [32, 32, 32], ""epilogue_subtile"": 2, ""indexing"": [""tensor_descriptor"", ""tensor_descriptor"", ""tensor_descriptor""], ""l2_groupings"": [4], ""load_eviction_policies"": ["""", ""first""], ""loop_orders"": [[1, 0]], ""maxnreg"": 64, ""num_sm_multiplier"": 32, ""num_stages"": 6, ""num_warps"": 8, ""pid_type"": ""persistent_interleaved"", ""range_flattens"": [null, true], ""range_multi_buffers"": [null, true], ""range_num_stages"": [4, 1], ""range_unroll_factors"": [2, 4], ""range_warp_specializes"": [false, null]}",ok,244.76799368858337,0.049741506576538086,0
fp8_gemm,FP8_010,1024x2048x4096,heldout,2,heuristics,0,090aec8abf44546c,"{""atomic_indexing"": [], ""block_sizes"": [128, 128, 64], ""indexing"": [""pointer"", ""pointer"", ""pointer""], ""l2_groupings"": [8], ""load_eviction_policies"": ["""", """"], ""loop_orders"": [[0, 1]], ""num_sm_multiplier"": 1, ""num_stages"": 3, ""num_warps"": 8, ""pid_type"": ""persistent_blocked"", ""range_flattens"": [null, null], ""range_multi_buffers"": [null, null], ""range_num_stages"": [0, 0], ""range_unroll_factors"": [0, 0], ""range_warp_specializes"": [null, null]}",ok,35.840000957250595,0.060006141662597656,0
fp8_gemm,FP8_010,1024x2048x4096,heldout,2,heuristics,0,38eda11584663f4d,"{""atomic_indexing"": [], ""block_sizes"": [64, 128, 64], ""indexing"": [""pointer"", ""pointer"", ""pointer""], ""l2_groupings"": [16], ""load_eviction_policies"": ["""", """"], ""loop_orders"": [[0, 1]], ""maxnreg"": 128, ""num_sm_multiplier"": 1, ""num_stages"": 4, ""num_warps"": 8, ""pid_type"": ""persistent_blocked"", ""range_flattens"": [null, null], ""range_multi_buffers"": [true, null], ""range_num_stages"": [0, 0], ""range_unroll_factors"": [0, 0], ""range_warp_specializes"": [null, null]}",ok,39.96799886226654,0.28810906410217285,0
fp8_gemm,FP8_010,1024x2048x4096,heldout,2,heuristics,0,444b006e81c84413,"{""atomic_indexing"": [], ""block_sizes"": [128, 256, 64], ""epilogue_subtile"": 2, ""indexing"": [""tensor_descriptor"", ""tensor_descriptor"", ""tensor_descriptor""], ""l2_groupings"": [8], ""load_eviction_policies"": ["""", """"], ""loop_orders"": [[0, 1]], ""num_sm_multiplier"": 1, ""num_stages"": 3, ""num_warps"": 8, ""pid_type"": ""persistent_blocked"", ""range_flattens"": [null, null], ""range_multi_buffers"": [null, null], ""range_num_stages"": [0, 0], ""range_unroll_factors"": [0, 0], ""range_warp_specializes"": [null, null]}",ok,29.69600073993206,0.030692338943481445,0
fp8_gemm,FP8_010,1024x2048x4096,heldout,2,heuristics,0,3e1e8d0ce98475de,"{""atomic_indexing"": [], ""block_sizes"": [128, 128, 32], ""indexing"": [""pointer"", ""pointer"", ""pointer""], ""l2_groupings"": [1], ""load_eviction_policies"": ["""", """"], ""loop_orders"": [[0, 1]], ""num_stages"": 2, ""num_warps"": 4, ""pid_type"": ""flat"", ""range_flattens"": [null, null], ""range_multi_buffers"": [null, null], ""range_num_stages"": [0, 0], ""range_unroll_factors"": [0, 0], ""range_warp_specializes"": [null, null]}",ok,60.447998344898224,0.29074859619140625,0
fp8_gemm,FP8_010,1024x2048x4096,heldout,2,heuristics,0,940d844a9182a2a4,"{""atomic_indexing"": [], ""block_sizes"": [256, 128, 64], ""indexing"": [""pointer"", ""pointer"", ""pointer""], ""l2_groupings"": [32], ""load_eviction_policies"": [""first"", ""first""], ""loop_orders"": [[0, 1]], ""maxnreg"": 256, ""num_sm_multiplier"": 1, ""num_stages"": 4, ""num_warps"": 8, ""pid_type"": ""persistent_interleaved"", ""range_flattens"": [null, null], ""range_multi_buffers"": [true, true], ""range_num_stages"": [0, 0], ""range_unroll_factors"": [0, 0], ""range_warp_specializes"": [null, null]}",ok,21.536000072956085,0.3651456832885742,0
fp8_gemm,FP8_011,128x2048x2048,heldout,0,heuristics,0,624a083ab734ca3c,"{""atomic_indexing"": [], ""block_sizes"": [16, 32, 256], ""indexing"": [""pointer"", ""pointer"", ""pointer""], ""l2_groupings"": [16], ""load_eviction_policies"": [""first"", """"], ""loop_orders"": [[0, 1]], ""num_stages"": 1, ""num_warps"": 4, ""pid_type"": ""flat"", ""range_flattens"": [null, true], ""range_multi_buffers"": [null, null], ""range_num_stages"": [0, 3], ""range_unroll_factors"": [0, 1], ""range_warp_specializes"": [null, null]}",ok,23.711999878287315,0.2794606685638428,1
fp8_gemm,FP8_011,128x2048x2048,heldout,0,heuristics,0,2a4159de248005f4,"{""atomic_indexing"": [], ""block_sizes"": [16, 16, 32], ""indexing"": [""pointer"", ""pointer"", ""pointer""], ""l2_groupings"": [1], ""load_eviction_policies"": ["""", """"], ""loop_orders"": [[0, 1]], ""num_stages"": 1, ""num_warps"": 4, ""pid_type"": ""flat"", ""range_flattens"": [null, null], ""range_multi_buffers"": [null, null], ""range_num_stages"": [0, 0], ""range_unroll_factors"": [0, 0], ""range_warp_specializes"": [null, null]}",ok,68.60800087451935,0.054529666900634766,0
fp8_gemm,FP8_011,128x2048x2048,heldout,0,heuristics,0,b4c00b33506867d3,"{""atomic_indexing"": [], ""block_sizes"": [16, 32, 32], ""epilogue_subtile"": 2, ""indexing"": [""pointer"", ""tensor_descriptor"", ""tensor_descriptor""], ""l2_groupings"": [2], ""load_eviction_policies"": ["""", ""first""], ""loop_orders"": [[0, 1]], ""num_stages"": 2, ""num_warps"": 2, ""pid_type"": ""flat"", ""range_flattens"": [null, true], ""range_multi_buffers"": [null, true], ""range_num_stages"": [0, 1], ""range_unroll_factors"": [0, 0], ""range_warp_specializes"": [null, true]}",ok,107.45599865913391,0.1931307315826416,0
fp8_gemm,FP8_011,128x2048x2048,heldout,0,heuristics,0,5e0d3115d1f36289,"{""atomic_indexing"": [], ""block_sizes"": [4, 16, 64], ""indexing"": [""pointer"", ""pointer"", ""pointer""], ""l2_groupings"": [1], ""load_eviction_policies"": ["""", """"], ""loop_orders"": [[1, 0]], ""maxnreg"": 128, ""num_sm_multiplier"": 1, ""num_stages"": 6, ""num_warps"": 1, ""pid_type"": ""persistent_blocked"", ""range_flattens"": [false, true], ""range_multi_buffers"": [false, false], ""range_num_stages"": [0, 2], ""range_unroll_factors"": [3, 3], ""range_warp_specializes"": [false, null]}",ok,344.92799639701843,0.8628401756286621,0
fp8_gemm,FP8_011,128x2048x2048,heldout,0,heuristics,0,07210d8cfea6b933,"{""atomic_indexing"": [], ""block_sizes"": [8, 32, 64], ""epilogue_subtile"": 2, ""indexing"": [""tensor_descriptor"", ""tensor_descriptor"", ""tensor_descriptor""], ""l2_groupings"": [4], ""load_eviction_policies"": ["""", ""first""], ""loop_orders"": [[1, 0]], ""maxnreg"": 64, ""num_sm_multiplier"": 32, ""num_stages"": 6, ""num_warps"": 8, ""pid_type"": ""persistent_interleaved"", ""range_flattens"": [null, true], ""range_multi_buffers"": [null, true], ""range_num_stages"": [4, 1], ""range_unroll_factors"": [2, 4], ""range_warp_specializes"": [false, null]}",ok,64.57599997520447,0.2022690773010254,0
fp8_gemm,FP8_011,128x2048x2048,heldout,0,heuristics,0,a725e7fb330cd444,"{""atomic_indexing"": [], ""block_sizes"": [64, 128, 64], ""indexing"": [""pointer"", ""pointer"", ""pointer""], ""l2_groupings"": [1], ""load_eviction_policies"": ["""", """"], ""loop_orders"": [[0, 1]], ""num_stages"": 3, ""num_warps"": 4, ""pid_type"": ""flat"", ""range_flattens"": [null, null], ""range_multi_buffers"": [null, null], ""range_num_stages"": [0, 0], ""range_unroll_factors"": [0, 0], ""range_warp_specializes"": [null, null]}",ok,21.536000072956085,0.07428479194641113,0
fp8_gemm,FP8_011,128x2048x2048,heldout,0,heuristics,0,a9638c1b903a7fa3,"{""atomic_indexing"": [], ""block_sizes"": [128, 128, 64], ""indexing"": [""pointer"", ""pointer"", ""pointer""], ""l2_groupings"": [1], ""load_eviction_policies"": ["""", """"], ""loop_orders"": [[0, 1]], ""num_stages"": 4, ""num_warps"": 8, ""pid_type"": ""flat"", ""range_flattens"": [null, null], ""range_multi_buffers"": [null, null], ""range_num_stages"": [0, 0], ""range_unroll_factors"": [0, 0], ""range_warp_specializes"": [null, null]}",ok,17.44000054895878,0.05060696601867676,0
fp8_gemm,FP8_011,128x2048x2048,heldout,0,heuristics,0,46c32dce2364e910,"{""atomic_indexing"": [], ""block_sizes"": [64, 128, 64], ""indexing"": [""tensor_descriptor"", ""tensor_descriptor"", ""tensor_descriptor""], ""l2_groupings"": [1], ""load_eviction_policies"": ["""", """"], ""loop_orders"": [[0, 1]], ""num_sm_multiplier"": 1, ""num_stages"": 3, ""num_warps"": 8, ""pid_type"": ""persistent_blocked"", ""range_flattens"": [null, null], ""range_multi_buffers"": [null, null], ""range_num_stages"": [0, 0], ""range_unroll_factors"": [0, 0], ""range_warp_specializes"": [null, null]}",ok,25.631999596953392,0.22156167030334473,0
fp8_gemm,FP8_011,128x2048x2048,heldout,0,heuristics,0,d0ae30759d253512,"{""atomic_indexing"": [], ""block_sizes"": [128, 256, 64], ""epilogue_subtile"": 2, ""indexing"": [""pointer"", ""pointer"", ""pointer""], ""l2_groupings"": [4], ""load_eviction_policies"": ["""", ""last""], ""loop_orders"": [[0, 1]], ""num_stages"": 4, ""num_warps"": 8, ""pid_type"": ""flat"", ""range_flattens"": [null, null], ""range_multi_buffers"": [null, null], ""range_num_stages"": [0, 0], ""range_unroll_factors"": [0, 0], ""range_warp_specializes"": [null, null]}",ok,19.487999379634857,0.36055922508239746,0
fp8_gemm,FP8_011,128x2048x2048,heldout,0,heuristics,0,237d8e9197f6f1a7,"{""atomic_indexing"": [], ""block_sizes"": [64, 64, 64], ""indexing"": [""pointer"", ""pointer"", ""pointer""], ""l2_groupings"": [1], ""load_eviction_policies"": ["""", """"], ""loop_orders"": [[0, 1]], ""num_sm_multiplier"": 1, ""num_stages"": 2, ""num_warps"": 4, ""pid_type"": ""persistent_interleaved"", ""range_flattens"": [null, null], ""range_multi_buffers"": [null, null], ""range_num_stages"": [0, 0], ""range_unroll_factors"": [0, 0], ""range_warp_specializes"": [null, null]}",ok,33.72799977660179,0.2428891658782959,0
fp8_gemm,FP8_011,128x2048x2048,heldout,1,heuristics,0,624a083ab734ca3c,"{""atomic_indexing"": [], ""block_sizes"": [16, 32, 256], ""indexing"": [""pointer"", ""pointer"", ""pointer""], ""l2_groupings"": [16], ""load_eviction_policies"": [""first"", """"], ""loop_orders"": [[0, 1]], ""num_stages"": 1, ""num_warps"": 4, ""pid_type"": ""flat"", ""range_flattens"": [null, true], ""range_multi_buffers"": [null, null], ""range_num_stages"": [0, 3], ""range_unroll_factors"": [0, 1], ""range_warp_specializes"": [null, null]}",ok,23.679999634623528,0.05872511863708496,1
fp8_gemm,FP8_011,128x2048x2048,heldout,1,heuristics,0,2a4159de248005f4,"{""atomic_indexing"": [], ""block_sizes"": [16, 16, 32], ""indexing"": [""pointer"", ""pointer"", ""pointer""], ""l2_groupings"": [1], ""load_eviction_policies"": ["""", """"], ""loop_orders"": [[0, 1]], ""num_stages"": 1, ""num_warps"": 4, ""pid_type"": ""flat"", ""range_flattens"": [null, null], ""range_multi_buffers"": [null, null], ""range_num_stages"": [0, 0], ""range_unroll_factors"": [0, 0], ""range_warp_specializes"": [null, null]}",ok,68.60800087451935,0.04352974891662598,0
fp8_gemm,FP8_011,128x2048x2048,heldout,1,heuristics,0,b4c00b33506867d3,"{""atomic_indexing"": [], ""block_sizes"": [16, 32, 32], ""epilogue_subtile"": 2, ""indexing"": [""pointer"", ""tensor_descriptor"", ""tensor_descriptor""], ""l2_groupings"": [2], ""load_eviction_policies"": ["""", ""first""], ""loop_orders"": [[0, 1]], ""num_stages"": 2, ""num_warps"": 2, ""pid_type"": ""flat"", ""range_flattens"": [null, true], ""range_multi_buffers"": [null, true], ""range_num_stages"": [0, 1], ""range_unroll_factors"": [0, 0], ""range_warp_specializes"": [null, true]}",ok,107.4879989027977,0.029760122299194336,0
fp8_gemm,FP8_011,128x2048x2048,heldout,1,heuristics,0,5e0d3115d1f36289,"{""atomic_indexing"": [], ""block_sizes"": [4, 16, 64], ""indexing"": [""pointer"", ""pointer"", ""pointer""], ""l2_groupings"": [1], ""load_eviction_policies"": ["""", """"], ""loop_orders"": [[1, 0]], ""maxnreg"": 128, ""num_sm_multiplier"": 1, ""num_stages"": 6, ""num_warps"": 1, ""pid_type"": ""persistent_blocked"", ""range_flattens"": [false, true], ""range_multi_buffers"": [false, false], ""range_num_stages"": [0, 2], ""range_unroll_factors"": [3, 3], ""range_warp_specializes"": [false, null]}",ok,343.1999981403351,0.027012109756469727,0
fp8_gemm,FP8_011,128x2048x2048,heldout,1,heuristics,0,07210d8cfea6b933,"{""atomic_indexing"": [], ""block_sizes"": [8, 32, 64], ""epilogue_subtile"": 2, ""indexing"": [""tensor_descriptor"", ""tensor_descriptor"", ""tensor_descriptor""], ""l2_groupings"": [4], ""load_eviction_policies"": ["""", ""first""], ""loop_orders"": [[1, 0]], ""maxnreg"": 64, ""num_sm_multiplier"": 32, ""num_stages"": 6, ""num_warps"": 8, ""pid_type"": ""persistent_interleaved"", ""range_flattens"": [null, true], ""range_multi_buffers"": [null, true], ""range_num_stages"": [4, 1], ""range_unroll_factors"": [2, 4], ""range_warp_specializes"": [false, null]}",ok,64.57599997520447,0.042688846588134766,0
fp8_gemm,FP8_011,128x2048x2048,heldout,1,heuristics,0,a725e7fb330cd444,"{""atomic_indexing"": [], ""block_sizes"": [64, 128, 64], ""indexing"": [""pointer"", ""pointer"", ""pointer""], ""l2_groupings"": [1], ""load_eviction_policies"": ["""", """"], ""loop_orders"": [[0, 1]], ""num_stages"": 3, ""num_warps"": 4, ""pid_type"": ""flat"", ""range_flattens"": [null, null], ""range_multi_buffers"": [null, null], ""range_num_stages"": [0, 0], ""range_unroll_factors"": [0, 0], ""range_warp_specializes"": [null, null]}",ok,21.536000072956085,0.08192992210388184,0
fp8_gemm,FP8_011,128x2048x2048,heldout,1,heuristics,0,a9638c1b903a7fa3,"{""atomic_indexing"": [], ""block_sizes"": [128, 128, 64], ""indexing"": [""pointer"", ""pointer"", ""pointer""], ""l2_groupings"": [1], ""load_eviction_policies"": ["""", """"], ""loop_orders"": [[0, 1]], ""num_stages"": 4, ""num_warps"": 8, ""pid_type"": ""flat"", ""range_flattens"": [null, null], ""range_multi_buffers"": [null, null], ""range_num_stages"": [0, 0], ""range_unroll_factors"": [0, 0], ""range_warp_specializes"": [null, null]}",ok,17.44000054895878,0.056409358978271484,0
fp8_gemm,FP8_011,128x2048x2048,heldout,1,heuristics,0,fc3742658296cb2e,"{""atomic_indexing"": [], ""block_sizes"": [64, 128, 64], ""indexing"": [""tensor_descriptor"", ""tensor_descriptor"", ""tensor_descriptor""], ""l2_groupings"": [1], ""load_eviction_policies"": ["""", """"], ""loop_orders"": [[0, 1]], ""num_sm_multiplier"": 1, ""num_stages"": 3, ""num_warps"": 4, ""pid_type"": ""persistent_blocked"", ""range_flattens"": [null, null], ""range_multi_buffers"": [null, null], ""range_num_stages"": [0, 0], ""range_unroll_factors"": [0, 0], ""range_warp_specializes"": [null, null]}",ok,25.631999596953392,0.030031442642211914,0
fp8_gemm,FP8_011,128x2048x2048,heldout,1,heuristics,0,b87e1ee1ebcffebd,"{""atomic_indexing"": [], ""block_sizes"": [128, 64, 64], ""indexing"": [""pointer"", ""pointer"", ""pointer""], ""l2_groupings"": [4], ""load_eviction_policies"": ["""", ""last""], ""loop_orders"": [[0, 1]], ""num_stages"": 3, ""num_warps"": 8, ""pid_type"": ""flat"", ""range_flattens"": [null, null], ""range_multi_buffers"": [null, null], ""range_num_stages"": [0, 0], ""range_unroll_factors"": [0, 0], ""range_warp_specializes"": [null, null]}",ok,21.536000072956085,0.26398348808288574,0
fp8_gemm,FP8_011,128x2048x2048,heldout,1,heuristics,0,ae794f6864210ad0,"{""atomic_indexing"": [], ""block_sizes"": [64, 64, 64], ""epilogue_subtile"": 2, ""indexing"": [""pointer"", ""pointer"", ""pointer""], ""l2_groupings"": [1], ""load_eviction_policies"": ["""", """"], ""loop_orders"": [[0, 1]], ""num_stages"": 2, ""num_warps"": 4, ""pid_type"": ""flat"", ""range_flattens"": [null, null], ""range_multi_buffers"": [null, null], ""range_num_stages"": [0, 0], ""range_unroll_factors"": [0, 0], ""range_warp_specializes"": [null, null]}",ok,31.87200054526329,0.2821180820465088,0
fp8_gemm,FP8_011,128x2048x2048,heldout,2,heuristics,0,624a083ab734ca3c,"{""atomic_indexing"": [], ""block_sizes"": [16, 32, 256], ""indexing"": [""pointer"", ""pointer"", ""pointer""], ""l2_groupings"": [16], ""load_eviction_policies"": [""first"", """"], ""loop_orders"": [[0, 1]], ""num_stages"": 1, ""num_warps"": 4, ""pid_type"": ""flat"", ""range_flattens"": [null, true], ""range_multi_buffers"": [null, null], ""range_num_stages"": [0, 3], ""range_unroll_factors"": [0, 1], ""range_warp_specializes"": [null, null]}",ok,23.744000121951103,0.0675652027130127,1
fp8_gemm,FP8_011,128x2048x2048,heldout,2,heuristics,0,2a4159de248005f4,"{""atomic_indexing"": [], ""block_sizes"": [16, 16, 32], ""indexing"": [""pointer"", ""pointer"", ""pointer""], ""l2_groupings"": [1], ""load_eviction_policies"": ["""", """"], ""loop_orders"": [[0, 1]], ""num_stages"": 1, ""num_warps"": 4, ""pid_type"": ""flat"", ""range_flattens"": [null, null], ""range_multi_buffers"": [null, null], ""range_num_stages"": [0, 0], ""range_unroll_factors"": [0, 0], ""range_warp_specializes"": [null, null]}",ok,68.57600063085556,0.047866106033325195,0
fp8_gemm,FP8_011,128x2048x2048,heldout,2,heuristics,0,b4c00b33506867d3,"{""atomic_indexing"": [], ""block_sizes"": [16, 32, 32], ""epilogue_subtile"": 2, ""indexing"": [""pointer"", ""tensor_descriptor"", ""tensor_descriptor""], ""l2_groupings"": [2], ""load_eviction_policies"": ["""", ""first""], ""loop_orders"": [[0, 1]], ""num_stages"": 2, ""num_warps"": 2, ""pid_type"": ""flat"", ""range_flattens"": [null, true], ""range_multi_buffers"": [null, true], ""range_num_stages"": [0, 1], ""range_unroll_factors"": [0, 0], ""range_warp_specializes"": [null, true]}",ok,107.4879989027977,0.029642581939697266,0
fp8_gemm,FP8_011,128x2048x2048,heldout,2,heuristics,0,5e0d3115d1f36289,"{""atomic_indexing"": [], ""block_sizes"": [4, 16, 64], ""indexing"": [""pointer"", ""pointer"", ""pointer""], ""l2_groupings"": [1], ""load_eviction_policies"": ["""", """"], ""loop_orders"": [[1, 0]], ""maxnreg"": 128, ""num_sm_multiplier"": 1, ""num_stages"": 6, ""num_warps"": 1, ""pid_type"": ""persistent_blocked"", ""range_flattens"": [false, true], ""range_multi_buffers"": [false, false], ""range_num_stages"": [0, 2], ""range_unroll_factors"": [3, 3], ""range_warp_specializes"": [false, null]}",ok,344.1280126571655,0.04326272010803223,0
fp8_gemm,FP8_011,128x2048x2048,heldout,2,heuristics,0,07210d8cfea6b933,"{""atomic_indexing"": [], ""block_sizes"": [8, 32, 64], ""epilogue_subtile"": 2, ""indexing"": [""tensor_descriptor"", ""tensor_descriptor"", ""tensor_descriptor""], ""l2_groupings"": [4], ""load_eviction_policies"": ["""", ""first""], ""loop_orders"": [[1, 0]], ""maxnreg"": 64, ""num_sm_multiplier"": 32, ""num_stages"": 6, ""num_warps"": 8, ""pid_type"": ""persistent_interleaved"", ""range_flattens"": [null, true], ""range_multi_buffers"": [null, true], ""range_num_stages"": [4, 1], ""range_unroll_factors"": [2, 4], ""range_warp_specializes"": [false, null]}",ok,64.57599997520447,0.04238724708557129,0
fp8_gemm,FP8_011,128x2048x2048,heldout,2,heuristics,0,a725e7fb330cd444,"{""atomic_indexing"": [], ""block_sizes"": [64, 128, 64], ""indexing"": [""pointer"", ""pointer"", ""pointer""], ""l2_groupings"": [1], ""load_eviction_policies"": ["""", """"], ""loop_orders"": [[0, 1]], ""num_stages"": 3, ""num_warps"": 4, ""pid_type"": ""flat"", ""range_flattens"": [null, null], ""range_multi_buffers"": [null, null], ""range_num_stages"": [0, 0], ""range_unroll_factors"": [0, 0], ""range_warp_specializes"": [null, null]}",ok,21.536000072956085,0.1178896427154541,0
fp8_gemm,FP8_011,128x2048x2048,heldout,2,heuristics,0,a9638c1b903a7fa3,"{""atomic_indexing"": [], ""block_sizes"": [128, 128, 64], ""indexing"": [""pointer"", ""pointer"", ""pointer""], ""l2_groupings"": [1], ""load_eviction_policies"": ["""", """"], ""loop_orders"": [[0, 1]], ""num_stages"": 4, ""num_warps"": 8, ""pid_type"": ""flat"", ""range_flattens"": [null, null], ""range_multi_buffers"": [null, null], ""range_num_stages"": [0, 0], ""range_unroll_factors"": [0, 0], ""range_warp_specializes"": [null, null]}",ok,17.44000054895878,0.09180593490600586,0
fp8_gemm,FP8_011,128x2048x2048,heldout,2,heuristics,0,46c32dce2364e910,"{""atomic_indexing"": [], ""block_sizes"": [64, 128, 64], ""indexing"": [""tensor_descriptor"", ""tensor_descriptor"", ""tensor_descriptor""], ""l2_groupings"": [1], ""load_eviction_policies"": ["""", """"], ""loop_orders"": [[0, 1]], ""num_sm_multiplier"": 1, ""num_stages"": 3, ""num_warps"": 8, ""pid_type"": ""persistent_blocked"", ""range_flattens"": [null, null], ""range_multi_buffers"": [null, null], ""range_num_stages"": [0, 0], ""range_unroll_factors"": [0, 0], ""range_warp_specializes"": [null, null]}",ok,25.631999596953392,0.06697392463684082,0
fp8_gemm,FP8_011,128x2048x2048,heldout,2,heuristics,0,d0ae30759d253512,"{""atomic_indexing"": [], ""block_sizes"": [128, 256, 64], ""epilogue_subtile"": 2, ""indexing"": [""pointer"", ""pointer"", ""pointer""], ""l2_groupings"": [4], ""load_eviction_policies"": ["""", ""last""], ""loop_orders"": [[0, 1]], ""num_stages"": 4, ""num_warps"": 8, ""pid_type"": ""flat"", ""range_flattens"": [null, null], ""range_multi_buffers"": [null, null], ""range_num_stages"": [0, 0], ""range_unroll_factors"": [0, 0], ""range_warp_specializes"": [null, null]}",ok,19.487999379634857,0.04424023628234863,0
fp8_gemm,FP8_011,128x2048x2048,heldout,2,heuristics,0,40f0c6868c059b4e,"{""atomic_indexing"": [], ""block_sizes"": [64, 64, 64], ""indexing"": [""pointer"", ""pointer"", ""pointer""], ""l2_groupings"": [2], ""load_eviction_policies"": ["""", """"], ""loop_orders"": [[0, 1]], ""num_sm_multiplier"": 1, ""num_stages"": 3, ""num_warps"": 4, ""pid_type"": ""persistent_interleaved"", ""range_flattens"": [null, null], ""range_multi_buffers"": [null, null], ""range_num_stages"": [0, 0], ""range_unroll_factors"": [0, 0], ""range_warp_specializes"": [null, null]}",ok,21.536000072956085,0.297443151473999,0
fp8_gemm,FP8_012,4096x4096x128,heldout,0,heuristics,0,16a07255b95bc9cc,"{""atomic_indexing"": [], ""block_sizes"": [256, 256, 64], ""indexing"": [""tensor_descriptor"", ""pointer"", ""tensor_descriptor""], ""l2_groupings"": [4], ""load_eviction_policies"": [""first"", ""first""], ""loop_orders"": [[1, 0]], ""num_stages"": 6, ""num_warps"": 8, ""pid_type"": ""flat"", ""range_flattens"": [null, true], ""range_multi_buffers"": [null, null], ""range_num_stages"": [0, 1], ""range_unroll_factors"": [0, 2], ""range_warp_specializes"": [null, null]}",ok,31.775999814271927,0.40569639205932617,1
fp8_gemm,FP8_012,4096x4096x128,heldout,0,heuristics,0,2a4159de248005f4,"{""atomic_indexing"": [], ""block_sizes"": [16, 16, 32], ""indexing"": [""pointer"", ""pointer"", ""pointer""], ""l2_groupings"": [1], ""load_eviction_policies"": ["""", """"], ""loop_orders"": [[0, 1]], ""num_stages"": 1, ""num_warps"": 4, ""pid_type"": ""flat"", ""range_flattens"": [null, null], ""range_multi_buffers"": [null, null], ""range_num_stages"": [0, 0], ""range_unroll_factors"": [0, 0], ""range_warp_specializes"": [null, null]}",ok,142.30400323867798,0.06217622756958008,0
fp8_gemm,FP8_012,4096x4096x128,heldout,0,heuristics,0,19343a3b80a880a4,"{""atomic_indexing"": [], ""block_sizes"": [128, 2, 32], ""epilogue_subtile"": 2, ""indexing"": [""pointer"", ""tensor_descriptor"", ""tensor_descriptor""], ""l2_groupings"": [64], ""load_eviction_policies"": ["""", ""first""], ""loop_orders"": [[1, 0]], ""num_stages"": 2, ""num_warps"": 2, ""pid_type"": ""flat"", ""range_flattens"": [null, true], ""range_multi_buffers"": [null, true], ""range_num_stages"": [0, 1], ""range_unroll_factors"": [0, 0], ""range_warp_specializes"": [null, true]}",error,inf,0.10604095458984375,0
fp8_gemm,FP8_012,4096x4096x128,heldout,0,heuristics,0,690762c6e8be84bc,"{""atomic_indexing"": [], ""block_sizes"": [64, 1, 256], ""indexing"": [""pointer"", ""pointer"", ""pointer""], ""l2_groupings"": [1], ""load_eviction_policies"": ["""", """"], ""loop_orders"": [[1, 0]], ""maxnreg"": 128, ""num_sm_multiplier"": 1, ""num_stages"": 6, ""num_warps"": 1, ""pid_type"": ""persistent_blocked"", ""range_flattens"": [false, true], ""range_multi_buffers"": [false, false], ""range_num_stages"": [0, 2], ""range_unroll_factors"": [3, 3], ""range_warp_specializes"": [false, null]}",ok,3452.5279998779297,4.897740125656128,0
fp8_gemm,FP8_012,4096x4096x128,heldout,0,heuristics,0,be46f3fcbee49445,"{""atomic_indexing"": [], ""block_sizes"": [32, 4, 128], ""epilogue_subtile"": 2, ""indexing"": [""tensor_descriptor"", ""tensor_descriptor"", ""tensor_descriptor""], ""l2_groupings"": [4], ""load_eviction_policies"": ["""", ""first""], ""loop_orders"": [[1, 0]], ""maxnreg"": 64, ""num_sm_multiplier"": 32, ""num_stages"": 6, ""num_warps"": 8, ""pid_type"": ""persistent_interleaved"", ""range_flattens"": [null, true], ""range_multi_buffers"": [null, true], ""range_num_stages"": [4, 1], ""range_unroll_factors"": [2, 4], ""range_warp_specializes"": [false, null]}",ok,313.3919984102249,0.2221693992614746,0
fp8_gemm,FP8_012,4096x4096x128,heldout,0,heuristics,0,c959c35020e66fce,"{""atomic_indexing"": [], ""block_sizes"": [128, 128, 64], ""indexing"": [""pointer"", ""pointer"", ""pointer""], ""l2_groupings"": [1], ""load_eviction_policies"": ["""", """"], ""loop_orders"": [[0, 1]], ""num_stages"": 3, ""num_warps"": 4, ""pid_type"": ""flat"", ""range_flattens"": [null, null], ""range_multi_buffers"": [null, null], ""range_num_stages"": [0, 0], ""range_unroll_factors"": [0, 0], ""range_warp_specializes"": [null, null]}",ok,37.88800165057182,0.3999621868133545,0
fp8_gemm,FP8_012,4096x4096x128,heldout,0,heuristics,0,892801291dc8ea5b,"{""atomic_indexing"": [], ""block_sizes"": [64, 128, 64], ""indexing"": [""pointer"", ""pointer"", ""pointer""], ""l2_groupings"": [1], ""load_eviction_policies"": ["""", """"], ""loop_orders"": [[0, 1]], ""num_stages"": 4, ""num_warps"": 4, ""pid_type"": ""flat"", ""range_flattens"": [null, null], ""range_multi_buffers"": [null, null], ""range_num_stages"": [0, 0], ""range_unroll_factors"": [0, 0], ""range_warp_specializes"": [null, null]}",ok,25.631999596953392,0.07910704612731934,0
fp8_gemm,FP8_012,4096x4096x128,heldout,0,heuristics,0,eb0dd6d7116b7346,"{""atomic_indexing"": [], ""block_sizes"": [128, 128, 64], ""indexing"": [""pointer"", ""pointer"", ""pointer""], ""l2_groupings"": [1], ""load_eviction_policies"": [""first"", """"], ""loop_orders"": [[0, 1]], ""num_stages"": 4, ""num_warps"": 8, ""pid_type"": ""flat"", ""range_flattens"": [null, null], ""range_multi_buffers"": [null, null], ""range_num_stages"": [0, 0], ""range_unroll_factors"": [0, 0], ""range_warp_specializes"": [null, null]}",ok,27.55199931561947,0.052735090255737305,0
fp8_gemm,FP8_012,4096x4096x128,heldout,0,heuristics,0,917b87e03ee6b603,"{""atomic_indexing"": [], ""block_sizes"": [128, 128, 64], ""indexing"": [""pointer"", ""pointer"", ""pointer""], ""l2_groupings"": [4], ""load_eviction_policies"": ["""", """"], ""loop_orders"": [[0, 1]], ""num_sm_multiplier"": 1, ""num_stages"": 3, ""num_warps"": 8, ""pid_type"": ""persistent_blocked"", ""range_flattens"": [null, null], ""range_multi_buffers"": [null, null], ""range_num_stages"": [0, 0], ""range_unroll_factors"": [0, 0], ""range_warp_specializes"": [null, null]}",ok,37.91999816894531,0.35364341735839844,0
fp8_gemm,FP8_012,4096x4096x128,heldout,0,heuristics,0,cc9be8f715b6c792,"{""atomic_indexing"": [], ""block_sizes"": [128, 128, 64], ""indexing"": [""tensor_descriptor"", ""tensor_descriptor"", ""tensor_descriptor""], ""l2_groupings"": [1], ""load_eviction_policies"": ["""", """"], ""loop_orders"": [[0, 1]], ""num_stages"": 3, ""num_warps"": 4, ""pid_type"": ""flat"", ""range_flattens"": [null, null], ""range_multi_buffers"": [null, null], ""range_num_stages"": [0, 0], ""range_unroll_factors"": [0, 0], ""range_warp_specializes"": [null, null]}",ok,39.96799886226654,0.32707953453063965,0
fp8_gemm,FP8_012,4096x4096x128,heldout,1,heuristics,0,16a07255b95bc9cc,"{""atomic_indexing"": [], ""block_sizes"": [256, 256, 64], ""indexing"": [""tensor_descriptor"", ""pointer"", ""tensor_descriptor""], ""l2_groupings"": [4], ""load_eviction_policies"": [""first"", ""first""], ""loop_orders"": [[1, 0]], ""num_stages"": 6, ""num_warps"": 8, ""pid_type"": ""flat"", ""range_flattens"": [null, true], ""range_multi_buffers"": [null, null], ""range_num_stages"": [0, 1], ""range_unroll_factors"": [0, 2], ""range_warp_specializes"": [null, null]}",ok,31.775999814271927,0.10883402824401855,1
fp8_gemm,FP8_012,4096x4096x128,heldout,1,heuristics,0,2a4159de248005f4,"{""atomic_indexing"": [], ""block_sizes"": [16, 16, 32], ""indexing"": [""pointer"", ""pointer"", ""pointer""], ""l2_groupings"": [1], ""load_eviction_policies"": ["""", """"], ""loop_orders"": [[0, 1]], ""num_stages"": 1, ""num_warps"": 4, ""pid_type"": ""flat"", ""range_flattens"": [null, null], ""range_multi_buffers"": [null, null], ""range_num_stages"": [0, 0], ""range_unroll_factors"": [0, 0], ""range_warp_specializes"": [null, null]}",ok,142.33599603176117,0.08202576637268066,0
fp8_gemm,FP8_012,4096x4096x128,heldout,1,heuristics,0,19343a3b80a880a4,"{""atomic_indexing"": [], ""block_sizes"": [128, 2, 32], ""epilogue_subtile"": 2, ""indexing"": [""pointer"", ""tensor_descriptor"", ""tensor_descriptor""], ""l2_groupings"": [64], ""load_eviction_policies"": ["""", ""first""], ""loop_orders"": [[1, 0]], ""num_stages"": 2, ""num_warps"": 2, ""pid_type"": ""flat"", ""range_flattens"": [null, true], ""range_multi_buffers"": [null, true], ""range_num_stages"": [0, 1], ""range_unroll_factors"": [0, 0], ""range_warp_specializes"": [null, true]}",error,inf,0.1779618263244629,0
fp8_gemm,FP8_012,4096x4096x128,heldout,1,heuristics,0,690762c6e8be84bc,"{""atomic_indexing"": [], ""block_sizes"": [64, 1, 256], ""indexing"": [""pointer"", ""pointer"", ""pointer""], ""l2_groupings"": [1], ""load_eviction_policies"": ["""", """"], ""loop_orders"": [[1, 0]], ""maxnreg"": 128, ""num_sm_multiplier"": 1, ""num_stages"": 6, ""num_warps"": 1, ""pid_type"": ""persistent_blocked"", ""range_flattens"": [false, true], ""range_multi_buffers"": [false, false], ""range_num_stages"": [0, 2], ""range_unroll_factors"": [3, 3], ""range_warp_specializes"": [false, null]}",ok,3440.608024597168,0.037444114685058594,0
fp8_gemm,FP8_012,4096x4096x128,heldout,1,heuristics,0,be46f3fcbee49445,"{""atomic_indexing"": [], ""block_sizes"": [32, 4, 128], ""epilogue_subtile"": 2, ""indexing"": [""tensor_descriptor"", ""tensor_descriptor"", ""tensor_descriptor""], ""l2_groupings"": [4], ""load_eviction_policies"": ["""", ""first""], ""loop_orders"": [[1, 0]], ""maxnreg"": 64, ""num_sm_multiplier"": 32, ""num_stages"": 6, ""num_warps"": 8, ""pid_type"": ""persistent_interleaved"", ""range_flattens"": [null, true], ""range_multi_buffers"": [null, true], ""range_num_stages"": [4, 1], ""range_unroll_factors"": [2, 4], ""range_warp_specializes"": [false, null]}",ok,313.4079873561859,0.03415393829345703,0
fp8_gemm,FP8_012,4096x4096x128,heldout,1,heuristics,0,98d0b656c3e73c5e,"{""atomic_indexing"": [], ""block_sizes"": [128, 128, 64], ""indexing"": [""pointer"", ""pointer"", ""pointer""], ""l2_groupings"": [1], ""load_eviction_policies"": ["""", """"], ""loop_orders"": [[0, 1]], ""num_stages"": 3, ""num_warps"": 8, ""pid_type"": ""flat"", ""range_flattens"": [null, null], ""range_multi_buffers"": [null, null], ""range_num_stages"": [0, 0], ""range_unroll_factors"": [0, 0], ""range_warp_specializes"": [null, null]}",ok,37.88800165057182,0.08377647399902344,0
fp8_gemm,FP8_012,4096x4096x128,heldout,1,heuristics,0,892801291dc8ea5b,"{""atomic_indexing"": [], ""block_sizes"": [64, 128, 64], ""indexing"": [""pointer"", ""pointer"", ""pointer""], ""l2_groupings"": [1], ""load_eviction_policies"": ["""", """"], ""loop_orders"": [[0, 1]], ""num_stages"": 4, ""num_warps"": 4, ""pid_type"": ""flat"", ""range_flattens"": [null, null], ""range_multi_buffers"": [null, null], ""range_num_stages"": [0, 0], ""range_unroll_factors"": [0, 0], ""range_warp_specializes"": [null, null]}",ok,25.631999596953392,0.05684995651245117,0
fp8_gemm,FP8_012,4096x4096x128,heldout,1,heuristics,0,015f1aa24ef2e73c,"{""atomic_indexing"": [], ""block_sizes"": [128, 128, 32], ""indexing"": [""tensor_descriptor"", ""tensor_descriptor"", ""tensor_descriptor""], ""l2_groupings"": [1], ""load_eviction_policies"": ["""", """"], ""loop_orders"": [[0, 1]], ""num_sm_multiplier"": 1, ""num_stages"": 3, ""num_warps"": 8, ""pid_type"": ""persistent_blocked"", ""range_flattens"": [null, null], ""range_multi_buffers"": [null, null], ""range_num_stages"": [0, 0], ""range_unroll_factors"": [0, 0], ""range_warp_specializes"": [null, null]}",ok,58.27200040221214,0.2663149833679199,0
fp8_gemm,FP8_012,4096x4096x128,heldout,1,heuristics,0,88ef67c8ae87e217,"{""atomic_indexing"": [], ""block_sizes"": [256, 128, 64], ""epilogue_subtile"": 2, ""indexing"": [""pointer"", ""pointer"", ""pointer""], ""l2_groupings"": [1], ""load_eviction_policies"": [""first"", ""first""], ""loop_orders"": [[0, 1]], ""num_stages"": 4, ""num_warps"": 8, ""pid_type"": ""flat"", ""range_flattens"": [null, null], ""range_multi_buffers"": [null, null], ""range_num_stages"": [0, 0], ""range_unroll_factors"": [0, 0], ""range_warp_specializes"": [null, null]}",ok,31.74399957060814,0.031717777252197266,0
fp8_gemm,FP8_012,4096x4096x128,heldout,1,heuristics,0,e5dada4f43c27fb8,"{""atomic_indexing"": [], ""block_sizes"": [64, 64, 64], ""indexing"": [""pointer"", ""pointer"", ""pointer""], ""l2_groupings"": [1], ""load_eviction_policies"": ["""", """"], ""loop_orders"": [[0, 1]], ""num_stages"": 2, ""num_warps"": 4, ""pid_type"": ""flat"", ""range_flattens"": [null, null], ""range_multi_buffers"": [null, null], ""range_num_stages"": [0, 0], ""range_unroll_factors"": [0, 0], ""range_warp_specializes"": [null, null]}",ok,53.279999643564224,0.029706716537475586,0
fp8_gemm,FP8_012,4096x4096x128,heldout,2,heuristics,0,16a07255b95bc9cc,"{""atomic_indexing"": [], ""block_sizes"": [256, 256, 64], ""indexing"": [""tensor_descriptor"", ""pointer"", ""tensor_descriptor""], ""l2_groupings"": [4], ""load_eviction_policies"": [""first"", ""first""], ""loop_orders"": [[1, 0]], ""num_stages"": 6, ""num_warps"": 8, ""pid_type"": ""flat"", ""range_flattens"": [null, true], ""range_multi_buffers"": [null, null], ""range_num_stages"": [0, 1], ""range_unroll_factors"": [0, 2], ""range_warp_specializes"": [null, null]}",ok,31.808000057935715,0.05010342597961426,1
fp8_gemm,FP8_012,4096x4096x128,heldout,2,heuristics,0,2a4159de248005f4,"{""atomic_indexing"": [], ""block_sizes"": [16, 16, 32], ""indexing"": [""pointer"", ""pointer"", ""pointer""], ""l2_groupings"": [1], ""load_eviction_policies"": ["""", """"], ""loop_orders"": [[0, 1]], ""num_stages"": 1, ""num_warps"": 4, ""pid_type"": ""flat"", ""range_flattens"": [null, null], ""range_multi_buffers"": [null, null], ""range_num_stages"": [0, 0], ""range_unroll_factors"": [0, 0], ""range_warp_specializes"": [null, null]}",ok,142.30400323867798,0.04111075401306152,0
fp8_gemm,FP8_012,4096x4096x128,heldout,2,heuristics,0,19343a3b80a880a4,"{""atomic_indexing"": [], ""block_sizes"": [128, 2, 32], ""epilogue_subtile"": 2, ""indexing"": [""pointer"", ""tensor_descriptor"", ""tensor_descriptor""], ""l2_groupings"": [64], ""load_eviction_policies"": ["""", ""first""], ""loop_orders"": [[1, 0]], ""num_stages"": 2, ""num_warps"": 2, ""pid_type"": ""flat"", ""range_flattens"": [null, true], ""range_multi_buffers"": [null, true], ""range_num_stages"": [0, 1], ""range_unroll_factors"": [0, 0], ""range_warp_specializes"": [null, true]}",error,inf,0.15425753593444824,0
fp8_gemm,FP8_012,4096x4096x128,heldout,2,heuristics,0,690762c6e8be84bc,"{""atomic_indexing"": [], ""block_sizes"": [64, 1, 256], ""indexing"": [""pointer"", ""pointer"", ""pointer""], ""l2_groupings"": [1], ""load_eviction_policies"": ["""", """"], ""loop_orders"": [[1, 0]], ""maxnreg"": 128, ""num_sm_multiplier"": 1, ""num_stages"": 6, ""num_warps"": 1, ""pid_type"": ""persistent_blocked"", ""range_flattens"": [false, true], ""range_multi_buffers"": [false, false], ""range_num_stages"": [0, 2], ""range_unroll_factors"": [3, 3], ""range_warp_specializes"": [false, null]}",ok,3454.9760818481445,0.027607202529907227,0
fp8_gemm,FP8_012,4096x4096x128,heldout,2,heuristics,0,be46f3fcbee49445,"{""atomic_indexing"": [], ""block_sizes"": [32, 4, 128], ""epilogue_subtile"": 2, ""indexing"": [""tensor_descriptor"", ""tensor_descriptor"", ""tensor_descriptor""], ""l2_groupings"": [4], ""load_eviction_policies"": ["""", ""first""], ""loop_orders"": [[1, 0]], ""maxnreg"": 64, ""num_sm_multiplier"": 32, ""num_stages"": 6, ""num_warps"": 8, ""pid_type"": ""persistent_interleaved"", ""range_flattens"": [null, true], ""range_multi_buffers"": [null, true], ""range_num_stages"": [4, 1], ""range_unroll_factors"": [2, 4], ""range_warp_specializes"": [false, null]}",ok,313.4720027446747,0.04590177536010742,0
fp8_gemm,FP8_012,4096x4096x128,heldout,2,heuristics,0,c959c35020e66fce,"{""atomic_indexing"": [], ""block_sizes"": [128, 128, 64], ""indexing"": [""pointer"", ""pointer"", ""pointer""], ""l2_groupings"": [1], ""load_eviction_policies"": ["""", """"], ""loop_orders"": [[0, 1]], ""num_stages"": 3, ""num_warps"": 4, ""pid_type"": ""flat"", ""range_flattens"": [null, null], ""range_multi_buffers"": [null, null], ""range_num_stages"": [0, 0], ""range_unroll_factors"": [0, 0], ""range_warp_specializes"": [null, null]}",ok,37.82400116324425,0.08524322509765625,0
fp8_gemm,FP8_012,4096x4096x128,heldout,2,heuristics,0,892801291dc8ea5b,"{""atomic_indexing"": [], ""block_sizes"": [64, 128, 64], ""indexing"": [""pointer"", ""pointer"", ""pointer""], ""l2_groupings"": [1], ""load_eviction_policies"": ["""", """"], ""loop_orders"": [[0, 1]], ""num_stages"": 4, ""num_warps"": 4, ""pid_type"": ""flat"", ""range_flattens"": [null, null], ""range_multi_buffers"": [null, null], ""range_num_stages"": [0, 0], ""range_unroll_factors"": [0, 0], ""range_warp_specializes"": [null, null]}",ok,25.631999596953392,0.05776548385620117,0
fp8_gemm,FP8_012,4096x4096x128,heldout,2,heuristics,0,b25732a501b00699,"{""atomic_indexing"": [], ""block_sizes"": [64, 64, 64], ""indexing"": [""pointer"", ""pointer"", ""pointer""], ""l2_groupings"": [1], ""load_eviction_policies"": ["""", """"], ""loop_orders"": [[0, 1]], ""num_sm_multiplier"": 1, ""num_stages"": 3, ""num_warps"": 4, ""pid_type"": ""persistent_blocked"", ""range_flattens"": [null, null], ""range_multi_buffers"": [null, null], ""range_num_stages"": [0, 0], ""range_unroll_factors"": [0, 0], ""range_warp_specializes"": [null, null]}",ok,33.85600075125694,0.3233456611633301,0
fp8_gemm,FP8_012,4096x4096x128,heldout,2,heuristics,0,5e64bdb31061d021,"{""atomic_indexing"": [], ""block_sizes"": [128, 128, 32], ""indexing"": [""tensor_descriptor"", ""tensor_descriptor"", ""tensor_descriptor""], ""l2_groupings"": [1], ""load_eviction_policies"": ["""", """"], ""loop_orders"": [[0, 1]], ""num_stages"": 2, ""num_warps"": 8, ""pid_type"": ""flat"", ""range_flattens"": [null, null], ""range_multi_buffers"": [null, null], ""range_num_stages"": [0, 0], ""range_unroll_factors"": [0, 0], ""range_warp_specializes"": [null, null]}",ok,99.35999661684036,0.26868486404418945,0
fp8_gemm,FP8_012,4096x4096x128,heldout,2,heuristics,0,33693fd7f2ea1b10,"{""atomic_indexing"": [], ""block_sizes"": [256, 128, 64], ""indexing"": [""pointer"", ""pointer"", ""pointer""], ""l2_groupings"": [1], ""load_eviction_policies"": ["""", ""last""], ""loop_orders"": [[0, 1]], ""num_stages"": 3, ""num_warps"": 8, ""pid_type"": ""flat"", ""range_flattens"": [null, null], ""range_multi_buffers"": [null, null], ""range_num_stages"": [0, 0], ""range_unroll_factors"": [0, 0], ""range_warp_specializes"": [null, null]}",ok,42.01599955558777,0.3750884532928467,0
