# measure phase
# Command: /home/jongsokchoi/.conda/envs/helion/bin/python /home/jongsokchoi/helion_2/examples/aot_pretune/tutorial_kernels.py --kernel fp8_gemm
# Environment: {"HELION_AOT_MODE": "measure", "HELION_AOT_DATA_DIR": "/home/jongsokchoi/helion_2/.helion_aot/job_fp8_gemm/20260501_220932_cb0d7e", "HELION_AUTOTUNE_CACHE": "AOTAutotuneCache"}
# Started: 2026-05-02T02:11:01.881647

AOT mode: measure
=== fp8_gemm ===
[AOT] Mode: measure, Data dir: /home/jongsokchoi/helion_2/.helion_aot/job_fp8_gemm/20260501_220932_cb0d7e, Hardware: cuda_NVIDIA_B200_13.0
[AOT] Loaded 31 existing configs
[0s] Autotune random seed: 3891572246
[AOT measure] Testing 31 configs for fp8_gemm shape_hash=96f27196
Benchmarking exploring neighbors 100% ━━━━━━━━━━━━━━━━━━━━━━━━━━ 1/1 - configs/s
[AOT measure] Config 1/31: 0.0064ms
Benchmarking exploring neighbors 100% ━━━━━━━━━━━━━━━━━━━━━━━━━━ 1/1 - configs/s
[AOT measure] Config 2/31: 0.0063ms
Benchmarking exploring neighbors 100% ━━━━━━━━━━━━━━━━━━━━━━━━━━ 1/1 - configs/s
[AOT measure] Config 3/31: 0.0082ms
Benchmarking exploring neighbors 100% ━━━━━━━━━━━━━━━━━━━━━━━━━━ 1/1 - configs/s
[AOT measure] Config 4/31: 0.0082ms
Benchmarking exploring neighbors 100% ━━━━━━━━━━━━━━━━━━━━━━━━━━ 1/1 - configs/s
[AOT measure] Config 5/31: 0.0082ms
Benchmarking exploring neighbors 100% ━━━━━━━━━━━━━━━━━━━━━━━━━━ 1/1 - configs/s
[AOT measure] Config 6/31: 0.0082ms
Benchmarking exploring neighbors 100% ━━━━━━━━━━━━━━━━━━━━━━━━━━ 1/1 - configs/s
[AOT measure] Config 7/31: 0.0083ms
Benchmarking exploring neighbors 100% ━━━━━━━━━━━━━━━━━━━━━━━━━━ 1/1 - configs/s
[AOT measure] Config 8/31: 0.0102ms
Benchmarking exploring neighbors 100% ━━━━━━━━━━━━━━━━━━━━━━━━━━ 1/1 - configs/s
[AOT measure] Config 9/31: 0.0102ms
Benchmarking exploring neighbors 100% ━━━━━━━━━━━━━━━━━━━━━━━━━━ 1/1 - configs/s
[AOT measure] Config 10/31: 0.0102ms
Benchmarking exploring neighbors 100% ━━━━━━━━━━━━━━━━━━━━━━━━━━ 1/1 - configs/s
[AOT measure] Config 11/31: 0.0102ms
Benchmarking exploring neighbors 100% ━━━━━━━━━━━━━━━━━━━━━━━━━━ 1/1 - configs/s
[AOT measure] Config 12/31: 0.0103ms
Benchmarking exploring neighbors 100% ━━━━━━━━━━━━━━━━━━━━━━━━━━ 1/1 - configs/s
[AOT measure] Config 13/31: 0.0113ms
Benchmarking exploring neighbors 100% ━━━━━━━━━━━━━━━━━━━━━━━━━━ 1/1 - configs/s
[AOT measure] Config 14/31: 0.0123ms
Benchmarking exploring neighbors 100% ━━━━━━━━━━━━━━━━━━━━━━━━━━ 1/1 - configs/s
[AOT measure] Config 15/31: 0.0103ms
Benchmarking exploring neighbors 100% ━━━━━━━━━━━━━━━━━━━━━━━━━━ 1/1 - configs/s
[AOT measure] Config 16/31: 0.0103ms
Benchmarking exploring neighbors 100% ━━━━━━━━━━━━━━━━━━━━━━━━━━ 1/1 - configs/s
[AOT measure] Config 17/31: 0.0143ms
Benchmarking exploring neighbors 100% ━━━━━━━━━━━━━━━━━━━━━━━━━━ 1/1 - configs/s
[AOT measure] Config 18/31: 0.0124ms
Benchmarking exploring neighbors 100% ━━━━━━━━━━━━━━━━━━━━━━━━━━ 1/1 - configs/s
[AOT measure] Config 19/31: 0.0124ms
Benchmarking exploring neighbors 100% ━━━━━━━━━━━━━━━━━━━━━━━━━━ 1/1 - configs/s
[AOT measure] Config 20/31: 0.0102ms
Benchmarking exploring neighbors 100% ━━━━━━━━━━━━━━━━━━━━━━━━━━ 1/1 - configs/s
[AOT measure] Config 21/31: 0.0123ms
Benchmarking exploring neighbors 100% ━━━━━━━━━━━━━━━━━━━━━━━━━━ 1/1 - configs/s
[AOT measure] Config 22/31: 0.0124ms
Benchmarking exploring neighbors 100% ━━━━━━━━━━━━━━━━━━━━━━━━━━ 1/1 - configs/s
[AOT measure] Config 23/31: 0.0143ms
Benchmarking exploring neighbors 100% ━━━━━━━━━━━━━━━━━━━━━━━━━━ 1/1 - configs/s
[AOT measure] Config 24/31: 0.0103ms
Benchmarking exploring neighbors 100% ━━━━━━━━━━━━━━━━━━━━━━━━━━ 1/1 - configs/s
[AOT measure] Config 25/31: 0.0113ms
Benchmarking exploring neighbors 100% ━━━━━━━━━━━━━━━━━━━━━━━━━━ 1/1 - configs/s
[AOT measure] Config 26/31: 0.0123ms
Benchmarking exploring neighbors 100% ━━━━━━━━━━━━━━━━━━━━━━━━━━ 1/1 - configs/s
[AOT measure] Config 27/31: 0.0112ms
Benchmarking exploring neighbors 100% ━━━━━━━━━━━━━━━━━━━━━━━━━━ 1/1 - configs/s
[AOT measure] Config 28/31: 0.0113ms
Benchmarking exploring neighbors 100% ━━━━━━━━━━━━━━━━━━━━━━━━━━ 1/1 - configs/s
[AOT measure] Config 29/31: 0.0103ms
Benchmarking exploring neighbors 100% ━━━━━━━━━━━━━━━━━━━━━━━━━━ 1/1 - configs/s
[AOT measure] Config 30/31: 0.0124ms
Benchmarking exploring neighbors 100% ━━━━━━━━━━━━━━━━━━━━━━━━━━ 1/1 - configs/s
[AOT measure] Config 31/31: 0.0144ms
[AOT measure] Completed: 31/31 configs succeeded
  256x256 @ 256x256 done
[0s] Autotune random seed: 3891572246
[AOT measure] Testing 31 configs for fp8_gemm shape_hash=5b375048
module {
  tt.func public @_helion_fp8_gemm(%arg0: !tt.ptr<f8E4M3FN> {tt.divisibility = 16 : i32}, %arg1: !tt.ptr<f8E4M3FN> {tt.divisibility = 16 : i32}, %arg2: !tt.ptr<f16> {tt.divisibility = 16 : i32}) attributes {noinline = false} {
    %c192_i32 = arith.constant 192 : i32
    %cst = arith.constant dense<0.000000e+00> : tensor<256x32xf8E4M3FN>
    %cst_0 = arith.constant dense<0.000000e+00> : tensor<16x256xf8E4M3FN>
    %c256_i32 = arith.constant 256 : i32
    %c384_i32 = arith.constant 384 : i32
    %c0_i32 = arith.constant 0 : i32
    %cst_1 = arith.constant dense<384> : tensor<256x1xi32>
    %cst_2 = arith.constant dense<384> : tensor<16x1xi32>
    %cst_3 = arith.constant dense<384> : tensor<256xi32>
    %cst_4 = arith.constant dense<0.000000e+00> : tensor<16x32xf32>
    %c32_i32 = arith.constant 32 : i32
    %c16_i32 = arith.constant 16 : i32
    %c24_i32 = arith.constant 24 : i32
    %0 = tt.get_program_id x : i32
    %1 = arith.divsi %0, %c192_i32 : i32
    %2 = arith.muli %1, %c16_i32 : i32
    %3 = arith.subi %c24_i32, %2 : i32
    %4 = arith.minsi %3, %c16_i32 : i32
    %5 = arith.remsi %0, %c192_i32 : i32
    %6 = arith.remsi %5, %4 : i32
    %7 = arith.addi %2, %6 : i32
    %8 = arith.divsi %5, %4 : i32
    %9 = arith.muli %7, %c16_i32 : i32
    %10 = tt.make_range {end = 16 : i32, start = 0 : i32} : tensor<16xi32>
    %11 = tt.splat %9 : i32 -> tensor<16xi32>
    %12 = arith.addi %11, %10 : tensor<16xi32>
    %13 = arith.muli %8, %c32_i32 : i32
    %14 = tt.make_range {end = 32 : i32, start = 0 : i32} : tensor<32xi32>
    %15 = tt.splat %13 : i32 -> tensor<32xi32>
    %16 = arith.addi %15, %14 : tensor<32xi32>
    %17 = scf.for %arg3 = %c0_i32 to %c384_i32 step %c256_i32 iter_args(%arg4 = %cst_4) -> (tensor<16x32xf32>)  : i32 {
      %27 = tt.make_range {end = 256 : i32, start = 0 : i32} : tensor<256xi32>
      %28 = tt.splat %arg3 : i32 -> tensor<256xi32>
      %29 = arith.addi %28, %27 : tensor<256xi32>
      %30 = arith.cmpi slt, %29, %cst_3 : tensor<256xi32>
      %31 = tt.expand_dims %12 {axis = 1 : i32} : tensor<16xi32> -> tensor<16x1xi32>
      %32 = arith.muli %31, %cst_2 : tensor<16x1xi32>
      %33 = tt.expand_dims %29 {axis = 0 : i32} : tensor<256xi32> -> tensor<1x256xi32>
      %34 = tt.broadcast %32 : tensor<16x1xi32> -> tensor<16x256xi32>
      %35 = tt.broadcast %33 : tensor<1x256xi32> -> tensor<16x256xi32>
      %36 = arith.addi %34, %35 : tensor<16x256xi32>
      %37 = tt.splat %arg0 : !tt.ptr<f8E4M3FN> -> tensor<16x256x!tt.ptr<f8E4M3FN>>
      %38 = tt.addptr %37, %36 : tensor<16x256x!tt.ptr<f8E4M3FN>>, tensor<16x256xi32>
      %39 = tt.expand_dims %30 {axis = 0 : i32} : tensor<256xi1> -> tensor<1x256xi1>
      %40 = tt.broadcast %39 : tensor<1x256xi1> -> tensor<16x256xi1>
      %41 = tt.load %38, %40, %cst_0 evictionPolicy = evict_last : tensor<16x256x!tt.ptr<f8E4M3FN>>
      %42 = tt.expand_dims %29 {axis = 1 : i32} : tensor<256xi32> -> tensor<256x1xi32>
      %43 = arith.muli %42, %cst_1 : tensor<256x1xi32>
      %44 = tt.expand_dims %16 {axis = 0 : i32} : tensor<32xi32> -> tensor<1x32xi32>
      %45 = tt.broadcast %43 : tensor<256x1xi32> -> tensor<256x32xi32>
      %46 = tt.broadcast %44 : tensor<1x32xi32> -> tensor<256x32xi32>
      %47 = arith.addi %45, %46 : tensor<256x32xi32>
      %48 = tt.splat %arg1 : !tt.ptr<f8E4M3FN> -> tensor<256x32x!tt.ptr<f8E4M3FN>>
      %49 = tt.addptr %48, %47 : tensor<256x32x!tt.ptr<f8E4M3FN>>, tensor<256x32xi32>
      %50 = tt.expand_dims %30 {axis = 1 : i32} : tensor<256xi1> -> tensor<256x1xi1>
      %51 = tt.broadcast %50 : tensor<256x1xi1> -> tensor<256x32xi1>
      %52 = tt.load %49, %51, %cst : tensor<256x32x!tt.ptr<f8E4M3FN>>
      %53 = tt.dot %41, %52, %arg4, inputPrecision = tf32 : tensor<16x256xf8E4M3FN> * tensor<256x32xf8E4M3FN> -> tensor<16x32xf32>
      scf.yield %53 : tensor<16x32xf32>
    } {tt.loop_unroll_factor = 1 : i32, tt.num_stages = 1 : i32, tt.warp_specialize}
    %18 = arith.truncf %17 : tensor<16x32xf32> to tensor<16x32xf16>
    %19 = tt.expand_dims %12 {axis = 1 : i32} : tensor<16xi32> -> tensor<16x1xi32>
    %20 = arith.muli %19, %cst_2 : tensor<16x1xi32>
    %21 = tt.expand_dims %16 {axis = 0 : i32} : tensor<32xi32> -> tensor<1x32xi32>
    %22 = tt.broadcast %20 : tensor<16x1xi32> -> tensor<16x32xi32>
    %23 = tt.broadcast %21 : tensor<1x32xi32> -> tensor<16x32xi32>
    %24 = arith.addi %22, %23 : tensor<16x32xi32>
    %25 = tt.splat %arg2 : !tt.ptr<f16> -> tensor<16x32x!tt.ptr<f16>>
    %26 = tt.addptr %25, %24 : tensor<16x32x!tt.ptr<f16>>, tensor<16x32xi32>
    tt.store %26, %18 : tensor<16x32x!tt.ptr<f16>>
    tt.return
  }
}

{-#
  external_resources: {
    mlir_reproducer: {
      pipeline: "builtin.module(convert-triton-to-tritongpu{enable-source-remat=false num-ctas=1 num-warps=4 target=cuda:100 threads-per-warp=32}, tritongpu-coalesce, tritongpu-F32DotTC{emu-tf32=true}, triton-nvidia-gpu-plan-cta, tritongpu-remove-layout-conversions, tritongpu-optimize-thread-locality, tritongpu-accelerate-matmul, tritongpu-remove-layout-conversions, tritongpu-optimize-dot-operands{hoist-layout-conversion=true}, triton-nvidia-optimize-descriptor-encoding, triton-loop-aware-cse, tritongpu-fuse-nested-loops, canonicalize{  max-iterations=10 max-num-rewrites=-1 region-simplify=normal test-convergence=false top-down=true}, triton-licm, tritongpu-optimize-accumulator-init, tritongpu-hoist-tmem-alloc{hoist-out-of-if=false}, tritongpu-promote-lhs-to-tmem, tritongpu-assign-latencies{num-stages=8}, tritongpu-schedule-loops, tritongpu-automatic-warp-specialization{num-stages=8}, tritongpu-pipeline{dump-intermediate-steps=false num-stages=8}, tritongpu-optimize-partition-warps, tritongpu-combine-tensor-select-and-if, tritongpu-hoist-tmem-alloc{hoist-out-of-if=true}, triton-nvidia-gpu-remove-tmem-tokens, canonicalize{  max-iterations=10 max-num-rewrites=-1 region-simplify=normal test-convergence=false top-down=true}, triton-loop-aware-cse, tritongpu-prefetch, tritongpu-optimize-dot-operands{hoist-layout-conversion=true}, tritongpu-coalesce-async-copy, triton-nvidia-optimize-tmem-layouts, triton-nvidia-tma-lowering, tritongpu-remove-layout-conversions, triton-nvidia-interleave-tmem, tritongpu-reduce-data-duplication, tritongpu-reorder-instructions, triton-loop-aware-cse, symbol-dce, triton-nvidia-gpu-fence-insertion{compute-capability=100}, triton-nvidia-mma-lowering, sccp, cse, canonicalize{  max-iterations=10 max-num-rewrites=-1 region-simplify=normal test-convergence=false top-down=true})",
      disable_threading: true,
      verify_each: true
    }
  }
#-}
/tmp/torchinductor_jongsokchoi/rt/crtpcndabzbptoijls727uxunxsdepw453bl5og5sxv7zmbzml2b.py:14:0: error: Failures have been detected while processing an MLIR pass pipeline
/tmp/torchinductor_jongsokchoi/rt/crtpcndabzbptoijls727uxunxsdepw453bl5og5sxv7zmbzml2b.py:14:0: note: Pipeline failed while executing [`TritonGPUAutomaticWarpSpecialization` on 'builtin.module' operation, `NVWSInsertAref` on 'builtin.module' operation]: reproducer generated at `std::errs, please share the reproducer above with Triton project.`
Benchmarking exploring neighbors 100% ━━━━━━━━━━━━━━━━━━━━━━━━━━ 1/1 - configs/s
[AOT measure] Config 1/31: invalid (inf timing)
Benchmarking exploring neighbors 100% ━━━━━━━━━━━━━━━━━━━━━━━━━━ 1/1 - configs/s
[AOT measure] Config 2/31: 0.0082ms
Benchmarking exploring neighbors 100% ━━━━━━━━━━━━━━━━━━━━━━━━━━ 1/1 - configs/s
[AOT measure] Config 3/31: 0.0082ms
Benchmarking exploring neighbors 100% ━━━━━━━━━━━━━━━━━━━━━━━━━━ 1/1 - configs/s
[AOT measure] Config 4/31: 0.0082ms
Benchmarking exploring neighbors 100% ━━━━━━━━━━━━━━━━━━━━━━━━━━ 1/1 - configs/s
[AOT measure] Config 5/31: 0.0082ms
Benchmarking exploring neighbors 100% ━━━━━━━━━━━━━━━━━━━━━━━━━━ 1/1 - configs/s
[AOT measure] Config 6/31: 0.0082ms
Benchmarking exploring neighbors 100% ━━━━━━━━━━━━━━━━━━━━━━━━━━ 1/1 - configs/s
[AOT measure] Config 7/31: 0.0102ms
Benchmarking exploring neighbors 100% ━━━━━━━━━━━━━━━━━━━━━━━━━━ 1/1 - configs/s
[AOT measure] Config 8/31: 0.0102ms
Benchmarking exploring neighbors 100% ━━━━━━━━━━━━━━━━━━━━━━━━━━ 1/1 - configs/s
[AOT measure] Config 9/31: 0.0102ms
Benchmarking exploring neighbors 100% ━━━━━━━━━━━━━━━━━━━━━━━━━━ 1/1 - configs/s
[AOT measure] Config 10/31: 0.0102ms
Benchmarking exploring neighbors 100% ━━━━━━━━━━━━━━━━━━━━━━━━━━ 1/1 - configs/s
[AOT measure] Config 11/31: 0.0102ms
Benchmarking exploring neighbors 100% ━━━━━━━━━━━━━━━━━━━━━━━━━━ 1/1 - configs/s
[AOT measure] Config 12/31: 0.0104ms
Benchmarking exploring neighbors 100% ━━━━━━━━━━━━━━━━━━━━━━━━━━ 1/1 - configs/s
[AOT measure] Config 13/31: 0.0123ms
Benchmarking exploring neighbors 100% ━━━━━━━━━━━━━━━━━━━━━━━━━━ 1/1 - configs/s
[AOT measure] Config 14/31: 0.0123ms
Benchmarking exploring neighbors 100% ━━━━━━━━━━━━━━━━━━━━━━━━━━ 1/1 - configs/s
[AOT measure] Config 15/31: 0.0103ms
Benchmarking exploring neighbors 100% ━━━━━━━━━━━━━━━━━━━━━━━━━━ 1/1 - configs/s
[AOT measure] Config 16/31: 0.0104ms
Benchmarking exploring neighbors 100% ━━━━━━━━━━━━━━━━━━━━━━━━━━ 1/1 - configs/s
[AOT measure] Config 17/31: 0.0143ms
Benchmarking exploring neighbors 100% ━━━━━━━━━━━━━━━━━━━━━━━━━━ 1/1 - configs/s
[AOT measure] Config 18/31: 0.0143ms
Benchmarking exploring neighbors 100% ━━━━━━━━━━━━━━━━━━━━━━━━━━ 1/1 - configs/s
[AOT measure] Config 19/31: 0.0134ms
Benchmarking exploring neighbors 100% ━━━━━━━━━━━━━━━━━━━━━━━━━━ 1/1 - configs/s
[AOT measure] Config 20/31: 0.0102ms
Benchmarking exploring neighbors 100% ━━━━━━━━━━━━━━━━━━━━━━━━━━ 1/1 - configs/s
[AOT measure] Config 21/31: 0.0123ms
Benchmarking exploring neighbors 100% ━━━━━━━━━━━━━━━━━━━━━━━━━━ 1/1 - configs/s
[AOT measure] Config 22/31: 0.0143ms
Benchmarking exploring neighbors 100% ━━━━━━━━━━━━━━━━━━━━━━━━━━ 1/1 - configs/s
[AOT measure] Config 23/31: 0.0143ms
Benchmarking exploring neighbors 100% ━━━━━━━━━━━━━━━━━━━━━━━━━━ 1/1 - configs/s
[AOT measure] Config 24/31: 0.0104ms
Benchmarking exploring neighbors 100% ━━━━━━━━━━━━━━━━━━━━━━━━━━ 1/1 - configs/s
[AOT measure] Config 25/31: 0.0123ms
Benchmarking exploring neighbors 100% ━━━━━━━━━━━━━━━━━━━━━━━━━━ 1/1 - configs/s
[AOT measure] Config 26/31: 0.0123ms
Benchmarking exploring neighbors 100% ━━━━━━━━━━━━━━━━━━━━━━━━━━ 1/1 - configs/s
[AOT measure] Config 27/31: 0.0123ms
Benchmarking exploring neighbors 100% ━━━━━━━━━━━━━━━━━━━━━━━━━━ 1/1 - configs/s
[AOT measure] Config 28/31: 0.0123ms
Benchmarking exploring neighbors 100% ━━━━━━━━━━━━━━━━━━━━━━━━━━ 1/1 - configs/s
[AOT measure] Config 29/31: 0.0121ms
Benchmarking exploring neighbors 100% ━━━━━━━━━━━━━━━━━━━━━━━━━━ 1/1 - configs/s
[AOT measure] Config 30/31: 0.0143ms
Benchmarking exploring neighbors 100% ━━━━━━━━━━━━━━━━━━━━━━━━━━ 1/1 - configs/s
[AOT measure] Config 31/31: 0.0144ms
[AOT measure] Completed: 30/31 configs succeeded
  384x384 @ 384x384 done
[0s] Autotune random seed: 3891572246
[AOT measure] Testing 31 configs for fp8_gemm shape_hash=87ad12a4
module {
  tt.func public @_helion_fp8_gemm(%arg0: !tt.ptr<f8E4M3FN> {tt.divisibility = 16 : i32}, %arg1: !tt.ptr<f8E4M3FN> {tt.divisibility = 16 : i32}, %arg2: !tt.ptr<f16> {tt.divisibility = 16 : i32}) attributes {noinline = false} {
    %c256_i32 = arith.constant 256 : i32
    %c512_i32 = arith.constant 512 : i32
    %c0_i32 = arith.constant 0 : i32
    %cst = arith.constant dense<512> : tensor<256x1xi32>
    %cst_0 = arith.constant dense<512> : tensor<16x1xi32>
    %cst_1 = arith.constant dense<0.000000e+00> : tensor<16x32xf32>
    %c32_i32 = arith.constant 32 : i32
    %c16_i32 = arith.constant 16 : i32
    %0 = tt.get_program_id x : i32
    %1 = arith.divsi %0, %c256_i32 : i32
    %2 = arith.muli %1, %c16_i32 : i32
    %3 = arith.subi %c32_i32, %2 : i32
    %4 = arith.minsi %3, %c16_i32 : i32
    %5 = arith.remsi %0, %c256_i32 : i32
    %6 = arith.remsi %5, %4 : i32
    %7 = arith.addi %2, %6 : i32
    %8 = arith.divsi %5, %4 : i32
    %9 = arith.muli %7, %c16_i32 : i32
    %10 = tt.make_range {end = 16 : i32, start = 0 : i32} : tensor<16xi32>
    %11 = tt.splat %9 : i32 -> tensor<16xi32>
    %12 = arith.addi %11, %10 : tensor<16xi32>
    %13 = arith.muli %8, %c32_i32 : i32
    %14 = tt.make_range {end = 32 : i32, start = 0 : i32} : tensor<32xi32>
    %15 = tt.splat %13 : i32 -> tensor<32xi32>
    %16 = arith.addi %15, %14 : tensor<32xi32>
    %17 = scf.for %arg3 = %c0_i32 to %c512_i32 step %c256_i32 iter_args(%arg4 = %cst_1) -> (tensor<16x32xf32>)  : i32 {
      %27 = tt.make_range {end = 256 : i32, start = 0 : i32} : tensor<256xi32>
      %28 = tt.splat %arg3 : i32 -> tensor<256xi32>
      %29 = arith.addi %28, %27 : tensor<256xi32>
      %30 = tt.expand_dims %12 {axis = 1 : i32} : tensor<16xi32> -> tensor<16x1xi32>
      %31 = arith.muli %30, %cst_0 : tensor<16x1xi32>
      %32 = tt.expand_dims %29 {axis = 0 : i32} : tensor<256xi32> -> tensor<1x256xi32>
      %33 = tt.broadcast %31 : tensor<16x1xi32> -> tensor<16x256xi32>
      %34 = tt.broadcast %32 : tensor<1x256xi32> -> tensor<16x256xi32>
      %35 = arith.addi %33, %34 : tensor<16x256xi32>
      %36 = tt.splat %arg0 : !tt.ptr<f8E4M3FN> -> tensor<16x256x!tt.ptr<f8E4M3FN>>
      %37 = tt.addptr %36, %35 : tensor<16x256x!tt.ptr<f8E4M3FN>>, tensor<16x256xi32>
      %38 = tt.load %37 evictionPolicy = evict_last : tensor<16x256x!tt.ptr<f8E4M3FN>>
      %39 = tt.expand_dims %29 {axis = 1 : i32} : tensor<256xi32> -> tensor<256x1xi32>
      %40 = arith.muli %39, %cst : tensor<256x1xi32>
      %41 = tt.expand_dims %16 {axis = 0 : i32} : tensor<32xi32> -> tensor<1x32xi32>
      %42 = tt.broadcast %40 : tensor<256x1xi32> -> tensor<256x32xi32>
      %43 = tt.broadcast %41 : tensor<1x32xi32> -> tensor<256x32xi32>
      %44 = arith.addi %42, %43 : tensor<256x32xi32>
      %45 = tt.splat %arg1 : !tt.ptr<f8E4M3FN> -> tensor<256x32x!tt.ptr<f8E4M3FN>>
      %46 = tt.addptr %45, %44 : tensor<256x32x!tt.ptr<f8E4M3FN>>, tensor<256x32xi32>
      %47 = tt.load %46 : tensor<256x32x!tt.ptr<f8E4M3FN>>
      %48 = tt.dot %38, %47, %arg4, inputPrecision = tf32 : tensor<16x256xf8E4M3FN> * tensor<256x32xf8E4M3FN> -> tensor<16x32xf32>
      scf.yield %48 : tensor<16x32xf32>
    } {tt.loop_unroll_factor = 1 : i32, tt.num_stages = 1 : i32, tt.warp_specialize}
    %18 = arith.truncf %17 : tensor<16x32xf32> to tensor<16x32xf16>
    %19 = tt.expand_dims %12 {axis = 1 : i32} : tensor<16xi32> -> tensor<16x1xi32>
    %20 = arith.muli %19, %cst_0 : tensor<16x1xi32>
    %21 = tt.expand_dims %16 {axis = 0 : i32} : tensor<32xi32> -> tensor<1x32xi32>
    %22 = tt.broadcast %20 : tensor<16x1xi32> -> tensor<16x32xi32>
    %23 = tt.broadcast %21 : tensor<1x32xi32> -> tensor<16x32xi32>
    %24 = arith.addi %22, %23 : tensor<16x32xi32>
    %25 = tt.splat %arg2 : !tt.ptr<f16> -> tensor<16x32x!tt.ptr<f16>>
    %26 = tt.addptr %25, %24 : tensor<16x32x!tt.ptr<f16>>, tensor<16x32xi32>
    tt.store %26, %18 : tensor<16x32x!tt.ptr<f16>>
    tt.return
  }
}

{-#
  external_resources: {
    mlir_reproducer: {
      pipeline: "builtin.module(convert-triton-to-tritongpu{enable-source-remat=false num-ctas=1 num-warps=4 target=cuda:100 threads-per-warp=32}, tritongpu-coalesce, tritongpu-F32DotTC{emu-tf32=true}, triton-nvidia-gpu-plan-cta, tritongpu-remove-layout-conversions, tritongpu-optimize-thread-locality, tritongpu-accelerate-matmul, tritongpu-remove-layout-conversions, tritongpu-optimize-dot-operands{hoist-layout-conversion=true}, triton-nvidia-optimize-descriptor-encoding, triton-loop-aware-cse, tritongpu-fuse-nested-loops, canonicalize{  max-iterations=10 max-num-rewrites=-1 region-simplify=normal test-convergence=false top-down=true}, triton-licm, tritongpu-optimize-accumulator-init, tritongpu-hoist-tmem-alloc{hoist-out-of-if=false}, tritongpu-promote-lhs-to-tmem, tritongpu-assign-latencies{num-stages=8}, tritongpu-schedule-loops, tritongpu-automatic-warp-specialization{num-stages=8}, tritongpu-pipeline{dump-intermediate-steps=false num-stages=8}, tritongpu-optimize-partition-warps, tritongpu-combine-tensor-select-and-if, tritongpu-hoist-tmem-alloc{hoist-out-of-if=true}, triton-nvidia-gpu-remove-tmem-tokens, canonicalize{  max-iterations=10 max-num-rewrites=-1 region-simplify=normal test-convergence=false top-down=true}, triton-loop-aware-cse, tritongpu-prefetch, tritongpu-optimize-dot-operands{hoist-layout-conversion=true}, tritongpu-coalesce-async-copy, triton-nvidia-optimize-tmem-layouts, triton-nvidia-tma-lowering, tritongpu-remove-layout-conversions, triton-nvidia-interleave-tmem, tritongpu-reduce-data-duplication, tritongpu-reorder-instructions, triton-loop-aware-cse, symbol-dce, triton-nvidia-gpu-fence-insertion{compute-capability=100}, triton-nvidia-mma-lowering, sccp, cse, canonicalize{  max-iterations=10 max-num-rewrites=-1 region-simplify=normal test-convergence=false top-down=true})",
      disable_threading: true,
      verify_each: true
    }
  }
#-}
/tmp/torchinductor_jongsokchoi/x3/cx3eodieasolzycc7k6fkyzmvwv6rjlyisp6a6awtiv4alvfczga.py:14:0: error: Failures have been detected while processing an MLIR pass pipeline
/tmp/torchinductor_jongsokchoi/x3/cx3eodieasolzycc7k6fkyzmvwv6rjlyisp6a6awtiv4alvfczga.py:14:0: note: Pipeline failed while executing [`TritonGPUAutomaticWarpSpecialization` on 'builtin.module' operation, `NVWSInsertAref` on 'builtin.module' operation]: reproducer generated at `std::errs, please share the reproducer above with Triton project.`
Benchmarking exploring neighbors 100% ━━━━━━━━━━━━━━━━━━━━━━━━━━ 1/1 - configs/s
[AOT measure] Config 1/31: invalid (inf timing)
Benchmarking exploring neighbors 100% ━━━━━━━━━━━━━━━━━━━━━━━━━━ 1/1 - configs/s
[AOT measure] Config 2/31: 0.0103ms
Benchmarking exploring neighbors 100% ━━━━━━━━━━━━━━━━━━━━━━━━━━ 1/1 - configs/s
[AOT measure] Config 3/31: 0.0082ms
Benchmarking exploring neighbors 100% ━━━━━━━━━━━━━━━━━━━━━━━━━━ 1/1 - configs/s
[AOT measure] Config 4/31: 0.0082ms
Benchmarking exploring neighbors 100% ━━━━━━━━━━━━━━━━━━━━━━━━━━ 1/1 - configs/s
[AOT measure] Config 5/31: 0.0082ms
Benchmarking exploring neighbors 100% ━━━━━━━━━━━━━━━━━━━━━━━━━━ 1/1 - configs/s
[AOT measure] Config 6/31: 0.0101ms
Benchmarking exploring neighbors 100% ━━━━━━━━━━━━━━━━━━━━━━━━━━ 1/1 - configs/s
[AOT measure] Config 7/31: 0.0102ms
Benchmarking exploring neighbors 100% ━━━━━━━━━━━━━━━━━━━━━━━━━━ 1/1 - configs/s
[AOT measure] Config 8/31: 0.0103ms
Benchmarking exploring neighbors 100% ━━━━━━━━━━━━━━━━━━━━━━━━━━ 1/1 - configs/s
[AOT measure] Config 9/31: 0.0103ms
Benchmarking exploring neighbors 100% ━━━━━━━━━━━━━━━━━━━━━━━━━━ 1/1 - configs/s
[AOT measure] Config 10/31: 0.0103ms
Benchmarking exploring neighbors 100% ━━━━━━━━━━━━━━━━━━━━━━━━━━ 1/1 - configs/s
[AOT measure] Config 11/31: 0.0103ms
Benchmarking exploring neighbors 100% ━━━━━━━━━━━━━━━━━━━━━━━━━━ 1/1 - configs/s
[AOT measure] Config 12/31: 0.0123ms
Benchmarking exploring neighbors 100% ━━━━━━━━━━━━━━━━━━━━━━━━━━ 1/1 - configs/s
[AOT measure] Config 13/31: 0.0123ms
Benchmarking exploring neighbors 100% ━━━━━━━━━━━━━━━━━━━━━━━━━━ 1/1 - configs/s
[AOT measure] Config 14/31: 0.0123ms
Benchmarking exploring neighbors 100% ━━━━━━━━━━━━━━━━━━━━━━━━━━ 1/1 - configs/s
[AOT measure] Config 15/31: 0.0113ms
Benchmarking exploring neighbors 100% ━━━━━━━━━━━━━━━━━━━━━━━━━━ 1/1 - configs/s
[AOT measure] Config 16/31: 0.0123ms
Benchmarking exploring neighbors 100% ━━━━━━━━━━━━━━━━━━━━━━━━━━ 1/1 - configs/s
[AOT measure] Config 17/31: 0.0154ms
Benchmarking exploring neighbors 100% ━━━━━━━━━━━━━━━━━━━━━━━━━━ 1/1 - configs/s
[AOT measure] Config 18/31: 0.0144ms
Benchmarking exploring neighbors 100% ━━━━━━━━━━━━━━━━━━━━━━━━━━ 1/1 - configs/s
[AOT measure] Config 19/31: 0.0144ms
Benchmarking exploring neighbors 100% ━━━━━━━━━━━━━━━━━━━━━━━━━━ 1/1 - configs/s
[AOT measure] Config 20/31: 0.0104ms
Benchmarking exploring neighbors 100% ━━━━━━━━━━━━━━━━━━━━━━━━━━ 1/1 - configs/s
[AOT measure] Config 21/31: 0.0124ms
Benchmarking exploring neighbors 100% ━━━━━━━━━━━━━━━━━━━━━━━━━━ 1/1 - configs/s
[AOT measure] Config 22/31: 0.0144ms
Benchmarking exploring neighbors 100% ━━━━━━━━━━━━━━━━━━━━━━━━━━ 1/1 - configs/s
[AOT measure] Config 23/31: 0.0145ms
Benchmarking exploring neighbors 100% ━━━━━━━━━━━━━━━━━━━━━━━━━━ 1/1 - configs/s
[AOT measure] Config 24/31: 0.0123ms
Benchmarking exploring neighbors 100% ━━━━━━━━━━━━━━━━━━━━━━━━━━ 1/1 - configs/s
[AOT measure] Config 25/31: 0.0123ms
Benchmarking exploring neighbors 100% ━━━━━━━━━━━━━━━━━━━━━━━━━━ 1/1 - configs/s
[AOT measure] Config 26/31: 0.0124ms
Benchmarking exploring neighbors 100% ━━━━━━━━━━━━━━━━━━━━━━━━━━ 1/1 - configs/s
[AOT measure] Config 27/31: 0.0123ms
Benchmarking exploring neighbors 100% ━━━━━━━━━━━━━━━━━━━━━━━━━━ 1/1 - configs/s
[AOT measure] Config 28/31: 0.0123ms
Benchmarking exploring neighbors 100% ━━━━━━━━━━━━━━━━━━━━━━━━━━ 1/1 - configs/s
[AOT measure] Config 29/31: 0.0123ms
Benchmarking exploring neighbors 100% ━━━━━━━━━━━━━━━━━━━━━━━━━━ 1/1 - configs/s
[AOT measure] Config 30/31: 0.0144ms
Benchmarking exploring neighbors 100% ━━━━━━━━━━━━━━━━━━━━━━━━━━ 1/1 - configs/s
[AOT measure] Config 31/31: 0.0154ms
[AOT measure] Completed: 30/31 configs succeeded
  512x512 @ 512x512 done
[0s] Autotune random seed: 3891572246
[AOT measure] Testing 31 configs for fp8_gemm shape_hash=44a6ce8f
module {
  tt.func public @_helion_fp8_gemm(%arg0: !tt.ptr<f8E4M3FN> {tt.divisibility = 16 : i32}, %arg1: !tt.ptr<f8E4M3FN> {tt.divisibility = 16 : i32}, %arg2: !tt.ptr<f16> {tt.divisibility = 16 : i32}) attributes {noinline = false} {
    %c320_i32 = arith.constant 320 : i32
    %cst = arith.constant dense<0.000000e+00> : tensor<256x32xf8E4M3FN>
    %cst_0 = arith.constant dense<0.000000e+00> : tensor<16x256xf8E4M3FN>
    %c256_i32 = arith.constant 256 : i32
    %c640_i32 = arith.constant 640 : i32
    %c0_i32 = arith.constant 0 : i32
    %cst_1 = arith.constant dense<640> : tensor<256x1xi32>
    %cst_2 = arith.constant dense<640> : tensor<16x1xi32>
    %cst_3 = arith.constant dense<640> : tensor<256xi32>
    %cst_4 = arith.constant dense<0.000000e+00> : tensor<16x32xf32>
    %c32_i32 = arith.constant 32 : i32
    %c16_i32 = arith.constant 16 : i32
    %c40_i32 = arith.constant 40 : i32
    %0 = tt.get_program_id x : i32
    %1 = arith.divsi %0, %c320_i32 : i32
    %2 = arith.muli %1, %c16_i32 : i32
    %3 = arith.subi %c40_i32, %2 : i32
    %4 = arith.minsi %3, %c16_i32 : i32
    %5 = arith.remsi %0, %c320_i32 : i32
    %6 = arith.remsi %5, %4 : i32
    %7 = arith.addi %2, %6 : i32
    %8 = arith.divsi %5, %4 : i32
    %9 = arith.muli %7, %c16_i32 : i32
    %10 = tt.make_range {end = 16 : i32, start = 0 : i32} : tensor<16xi32>
    %11 = tt.splat %9 : i32 -> tensor<16xi32>
    %12 = arith.addi %11, %10 : tensor<16xi32>
    %13 = arith.muli %8, %c32_i32 : i32
    %14 = tt.make_range {end = 32 : i32, start = 0 : i32} : tensor<32xi32>
    %15 = tt.splat %13 : i32 -> tensor<32xi32>
    %16 = arith.addi %15, %14 : tensor<32xi32>
    %17 = scf.for %arg3 = %c0_i32 to %c640_i32 step %c256_i32 iter_args(%arg4 = %cst_4) -> (tensor<16x32xf32>)  : i32 {
      %27 = tt.make_range {end = 256 : i32, start = 0 : i32} : tensor<256xi32>
      %28 = tt.splat %arg3 : i32 -> tensor<256xi32>
      %29 = arith.addi %28, %27 : tensor<256xi32>
      %30 = arith.cmpi slt, %29, %cst_3 : tensor<256xi32>
      %31 = tt.expand_dims %12 {axis = 1 : i32} : tensor<16xi32> -> tensor<16x1xi32>
      %32 = arith.muli %31, %cst_2 : tensor<16x1xi32>
      %33 = tt.expand_dims %29 {axis = 0 : i32} : tensor<256xi32> -> tensor<1x256xi32>
      %34 = tt.broadcast %32 : tensor<16x1xi32> -> tensor<16x256xi32>
      %35 = tt.broadcast %33 : tensor<1x256xi32> -> tensor<16x256xi32>
      %36 = arith.addi %34, %35 : tensor<16x256xi32>
      %37 = tt.splat %arg0 : !tt.ptr<f8E4M3FN> -> tensor<16x256x!tt.ptr<f8E4M3FN>>
      %38 = tt.addptr %37, %36 : tensor<16x256x!tt.ptr<f8E4M3FN>>, tensor<16x256xi32>
      %39 = tt.expand_dims %30 {axis = 0 : i32} : tensor<256xi1> -> tensor<1x256xi1>
      %40 = tt.broadcast %39 : tensor<1x256xi1> -> tensor<16x256xi1>
      %41 = tt.load %38, %40, %cst_0 evictionPolicy = evict_last : tensor<16x256x!tt.ptr<f8E4M3FN>>
      %42 = tt.expand_dims %29 {axis = 1 : i32} : tensor<256xi32> -> tensor<256x1xi32>
      %43 = arith.muli %42, %cst_1 : tensor<256x1xi32>
      %44 = tt.expand_dims %16 {axis = 0 : i32} : tensor<32xi32> -> tensor<1x32xi32>
      %45 = tt.broadcast %43 : tensor<256x1xi32> -> tensor<256x32xi32>
      %46 = tt.broadcast %44 : tensor<1x32xi32> -> tensor<256x32xi32>
      %47 = arith.addi %45, %46 : tensor<256x32xi32>
      %48 = tt.splat %arg1 : !tt.ptr<f8E4M3FN> -> tensor<256x32x!tt.ptr<f8E4M3FN>>
      %49 = tt.addptr %48, %47 : tensor<256x32x!tt.ptr<f8E4M3FN>>, tensor<256x32xi32>
      %50 = tt.expand_dims %30 {axis = 1 : i32} : tensor<256xi1> -> tensor<256x1xi1>
      %51 = tt.broadcast %50 : tensor<256x1xi1> -> tensor<256x32xi1>
      %52 = tt.load %49, %51, %cst : tensor<256x32x!tt.ptr<f8E4M3FN>>
      %53 = tt.dot %41, %52, %arg4, inputPrecision = tf32 : tensor<16x256xf8E4M3FN> * tensor<256x32xf8E4M3FN> -> tensor<16x32xf32>
      scf.yield %53 : tensor<16x32xf32>
    } {tt.loop_unroll_factor = 1 : i32, tt.num_stages = 1 : i32, tt.warp_specialize}
    %18 = arith.truncf %17 : tensor<16x32xf32> to tensor<16x32xf16>
    %19 = tt.expand_dims %12 {axis = 1 : i32} : tensor<16xi32> -> tensor<16x1xi32>
    %20 = arith.muli %19, %cst_2 : tensor<16x1xi32>
    %21 = tt.expand_dims %16 {axis = 0 : i32} : tensor<32xi32> -> tensor<1x32xi32>
    %22 = tt.broadcast %20 : tensor<16x1xi32> -> tensor<16x32xi32>
    %23 = tt.broadcast %21 : tensor<1x32xi32> -> tensor<16x32xi32>
    %24 = arith.addi %22, %23 : tensor<16x32xi32>
    %25 = tt.splat %arg2 : !tt.ptr<f16> -> tensor<16x32x!tt.ptr<f16>>
    %26 = tt.addptr %25, %24 : tensor<16x32x!tt.ptr<f16>>, tensor<16x32xi32>
    tt.store %26, %18 : tensor<16x32x!tt.ptr<f16>>
    tt.return
  }
}

{-#
  external_resources: {
    mlir_reproducer: {
      pipeline: "builtin.module(convert-triton-to-tritongpu{enable-source-remat=false num-ctas=1 num-warps=4 target=cuda:100 threads-per-warp=32}, tritongpu-coalesce, tritongpu-F32DotTC{emu-tf32=true}, triton-nvidia-gpu-plan-cta, tritongpu-remove-layout-conversions, tritongpu-optimize-thread-locality, tritongpu-accelerate-matmul, tritongpu-remove-layout-conversions, tritongpu-optimize-dot-operands{hoist-layout-conversion=true}, triton-nvidia-optimize-descriptor-encoding, triton-loop-aware-cse, tritongpu-fuse-nested-loops, canonicalize{  max-iterations=10 max-num-rewrites=-1 region-simplify=normal test-convergence=false top-down=true}, triton-licm, tritongpu-optimize-accumulator-init, tritongpu-hoist-tmem-alloc{hoist-out-of-if=false}, tritongpu-promote-lhs-to-tmem, tritongpu-assign-latencies{num-stages=8}, tritongpu-schedule-loops, tritongpu-automatic-warp-specialization{num-stages=8}, tritongpu-pipeline{dump-intermediate-steps=false num-stages=8}, tritongpu-optimize-partition-warps, tritongpu-combine-tensor-select-and-if, tritongpu-hoist-tmem-alloc{hoist-out-of-if=true}, triton-nvidia-gpu-remove-tmem-tokens, canonicalize{  max-iterations=10 max-num-rewrites=-1 region-simplify=normal test-convergence=false top-down=true}, triton-loop-aware-cse, tritongpu-prefetch, tritongpu-optimize-dot-operands{hoist-layout-conversion=true}, tritongpu-coalesce-async-copy, triton-nvidia-optimize-tmem-layouts, triton-nvidia-tma-lowering, tritongpu-remove-layout-conversions, triton-nvidia-interleave-tmem, tritongpu-reduce-data-duplication, tritongpu-reorder-instructions, triton-loop-aware-cse, symbol-dce, triton-nvidia-gpu-fence-insertion{compute-capability=100}, triton-nvidia-mma-lowering, sccp, cse, canonicalize{  max-iterations=10 max-num-rewrites=-1 region-simplify=normal test-convergence=false top-down=true})",
      disable_threading: true,
      verify_each: true
    }
  }
#-}
/tmp/torchinductor_jongsokchoi/fp/cfpfth4t5khvatctw2rv7tjfc4e7tq2ijmeylgznj3ai3cimjdsk.py:14:0: error: Failures have been detected while processing an MLIR pass pipeline
/tmp/torchinductor_jongsokchoi/fp/cfpfth4t5khvatctw2rv7tjfc4e7tq2ijmeylgznj3ai3cimjdsk.py:14:0: note: Pipeline failed while executing [`TritonGPUAutomaticWarpSpecialization` on 'builtin.module' operation, `NVWSInsertAref` on 'builtin.module' operation]: reproducer generated at `std::errs, please share the reproducer above with Triton project.`
Benchmarking exploring neighbors 100% ━━━━━━━━━━━━━━━━━━━━━━━━━━ 1/1 - configs/s
[AOT measure] Config 1/31: invalid (inf timing)
Benchmarking exploring neighbors 100% ━━━━━━━━━━━━━━━━━━━━━━━━━━ 1/1 - configs/s
[AOT measure] Config 2/31: 0.0143ms
Benchmarking exploring neighbors 100% ━━━━━━━━━━━━━━━━━━━━━━━━━━ 1/1 - configs/s
[AOT measure] Config 3/31: 0.0084ms
Benchmarking exploring neighbors 100% ━━━━━━━━━━━━━━━━━━━━━━━━━━ 1/1 - configs/s
[AOT measure] Config 4/31: 0.0082ms
Benchmarking exploring neighbors 100% ━━━━━━━━━━━━━━━━━━━━━━━━━━ 1/1 - configs/s
[AOT measure] Config 5/31: 0.0082ms
Benchmarking exploring neighbors 100% ━━━━━━━━━━━━━━━━━━━━━━━━━━ 1/1 - configs/s
[AOT measure] Config 6/31: 0.0102ms
Benchmarking exploring neighbors 100% ━━━━━━━━━━━━━━━━━━━━━━━━━━ 1/1 - configs/s
[AOT measure] Config 7/31: 0.0102ms
Benchmarking exploring neighbors 100% ━━━━━━━━━━━━━━━━━━━━━━━━━━ 1/1 - configs/s
[AOT measure] Config 8/31: 0.0121ms
Benchmarking exploring neighbors 100% ━━━━━━━━━━━━━━━━━━━━━━━━━━ 1/1 - configs/s
[AOT measure] Config 9/31: 0.0103ms
Benchmarking exploring neighbors 100% ━━━━━━━━━━━━━━━━━━━━━━━━━━ 1/1 - configs/s
[AOT measure] Config 10/31: 0.0103ms
Benchmarking exploring neighbors 100% ━━━━━━━━━━━━━━━━━━━━━━━━━━ 1/1 - configs/s
[AOT measure] Config 11/31: 0.0103ms
Benchmarking exploring neighbors 100% ━━━━━━━━━━━━━━━━━━━━━━━━━━ 1/1 - configs/s
[AOT measure] Config 12/31: 0.0123ms
Benchmarking exploring neighbors 100% ━━━━━━━━━━━━━━━━━━━━━━━━━━ 1/1 - configs/s
[AOT measure] Config 13/31: 0.0125ms
Benchmarking exploring neighbors 100% ━━━━━━━━━━━━━━━━━━━━━━━━━━ 1/1 - configs/s
[AOT measure] Config 14/31: 0.0143ms
Benchmarking exploring neighbors 100% ━━━━━━━━━━━━━━━━━━━━━━━━━━ 1/1 - configs/s
[AOT measure] Config 15/31: 0.0123ms
Benchmarking exploring neighbors 100% ━━━━━━━━━━━━━━━━━━━━━━━━━━ 1/1 - configs/s
[AOT measure] Config 16/31: 0.0124ms
Benchmarking exploring neighbors 100% ━━━━━━━━━━━━━━━━━━━━━━━━━━ 1/1 - configs/s
[AOT measure] Config 17/31: 0.0164ms
Benchmarking exploring neighbors 100% ━━━━━━━━━━━━━━━━━━━━━━━━━━ 1/1 - configs/s
[AOT measure] Config 18/31: 0.0164ms
Benchmarking exploring neighbors 100% ━━━━━━━━━━━━━━━━━━━━━━━━━━ 1/1 - configs/s
[AOT measure] Config 19/31: 0.0144ms
Benchmarking exploring neighbors 100% ━━━━━━━━━━━━━━━━━━━━━━━━━━ 1/1 - configs/s
[AOT measure] Config 20/31: 0.0123ms
Benchmarking exploring neighbors 100% ━━━━━━━━━━━━━━━━━━━━━━━━━━ 1/1 - configs/s
[AOT measure] Config 21/31: 0.0143ms
Benchmarking exploring neighbors 100% ━━━━━━━━━━━━━━━━━━━━━━━━━━ 1/1 - configs/s
[AOT measure] Config 22/31: 0.0164ms
Benchmarking exploring neighbors 100% ━━━━━━━━━━━━━━━━━━━━━━━━━━ 1/1 - configs/s
[AOT measure] Config 23/31: 0.0164ms
Benchmarking exploring neighbors 100% ━━━━━━━━━━━━━━━━━━━━━━━━━━ 1/1 - configs/s
[AOT measure] Config 24/31: 0.0123ms
Benchmarking exploring neighbors 100% ━━━━━━━━━━━━━━━━━━━━━━━━━━ 1/1 - configs/s
[AOT measure] Config 25/31: 0.0132ms
Benchmarking exploring neighbors 100% ━━━━━━━━━━━━━━━━━━━━━━━━━━ 1/1 - configs/s
[AOT measure] Config 26/31: 0.0143ms
Benchmarking exploring neighbors 100% ━━━━━━━━━━━━━━━━━━━━━━━━━━ 1/1 - configs/s
[AOT measure] Config 27/31: 0.0124ms
Benchmarking exploring neighbors 100% ━━━━━━━━━━━━━━━━━━━━━━━━━━ 1/1 - configs/s
[AOT measure] Config 28/31: 0.0133ms
Benchmarking exploring neighbors 100% ━━━━━━━━━━━━━━━━━━━━━━━━━━ 1/1 - configs/s
[AOT measure] Config 29/31: 0.0123ms
Benchmarking exploring neighbors 100% ━━━━━━━━━━━━━━━━━━━━━━━━━━ 1/1 - configs/s
[AOT measure] Config 30/31: 0.0164ms
Benchmarking exploring neighbors 100% ━━━━━━━━━━━━━━━━━━━━━━━━━━ 1/1 - configs/s
[AOT measure] Config 31/31: 0.0164ms
[AOT measure] Completed: 30/31 configs succeeded
  640x640 @ 640x640 done
[0s] Autotune random seed: 3891572246
[AOT measure] Testing 31 configs for fp8_gemm shape_hash=e95c3d02
module {
  tt.func public @_helion_fp8_gemm(%arg0: !tt.ptr<f8E4M3FN> {tt.divisibility = 16 : i32}, %arg1: !tt.ptr<f8E4M3FN> {tt.divisibility = 16 : i32}, %arg2: !tt.ptr<f16> {tt.divisibility = 16 : i32}) attributes {noinline = false} {
    %c384_i32 = arith.constant 384 : i32
    %c256_i32 = arith.constant 256 : i32
    %c768_i32 = arith.constant 768 : i32
    %c0_i32 = arith.constant 0 : i32
    %cst = arith.constant dense<768> : tensor<256x1xi32>
    %cst_0 = arith.constant dense<768> : tensor<16x1xi32>
    %cst_1 = arith.constant dense<0.000000e+00> : tensor<16x32xf32>
    %c32_i32 = arith.constant 32 : i32
    %c16_i32 = arith.constant 16 : i32
    %c48_i32 = arith.constant 48 : i32
    %0 = tt.get_program_id x : i32
    %1 = arith.divsi %0, %c384_i32 : i32
    %2 = arith.muli %1, %c16_i32 : i32
    %3 = arith.subi %c48_i32, %2 : i32
    %4 = arith.minsi %3, %c16_i32 : i32
    %5 = arith.remsi %0, %c384_i32 : i32
    %6 = arith.remsi %5, %4 : i32
    %7 = arith.addi %2, %6 : i32
    %8 = arith.divsi %5, %4 : i32
    %9 = arith.muli %7, %c16_i32 : i32
    %10 = tt.make_range {end = 16 : i32, start = 0 : i32} : tensor<16xi32>
    %11 = tt.splat %9 : i32 -> tensor<16xi32>
    %12 = arith.addi %11, %10 : tensor<16xi32>
    %13 = arith.muli %8, %c32_i32 : i32
    %14 = tt.make_range {end = 32 : i32, start = 0 : i32} : tensor<32xi32>
    %15 = tt.splat %13 : i32 -> tensor<32xi32>
    %16 = arith.addi %15, %14 : tensor<32xi32>
    %17 = scf.for %arg3 = %c0_i32 to %c768_i32 step %c256_i32 iter_args(%arg4 = %cst_1) -> (tensor<16x32xf32>)  : i32 {
      %27 = tt.make_range {end = 256 : i32, start = 0 : i32} : tensor<256xi32>
      %28 = tt.splat %arg3 : i32 -> tensor<256xi32>
      %29 = arith.addi %28, %27 : tensor<256xi32>
      %30 = tt.expand_dims %12 {axis = 1 : i32} : tensor<16xi32> -> tensor<16x1xi32>
      %31 = arith.muli %30, %cst_0 : tensor<16x1xi32>
      %32 = tt.expand_dims %29 {axis = 0 : i32} : tensor<256xi32> -> tensor<1x256xi32>
      %33 = tt.broadcast %31 : tensor<16x1xi32> -> tensor<16x256xi32>
      %34 = tt.broadcast %32 : tensor<1x256xi32> -> tensor<16x256xi32>
      %35 = arith.addi %33, %34 : tensor<16x256xi32>
      %36 = tt.splat %arg0 : !tt.ptr<f8E4M3FN> -> tensor<16x256x!tt.ptr<f8E4M3FN>>
      %37 = tt.addptr %36, %35 : tensor<16x256x!tt.ptr<f8E4M3FN>>, tensor<16x256xi32>
      %38 = tt.load %37 evictionPolicy = evict_last : tensor<16x256x!tt.ptr<f8E4M3FN>>
      %39 = tt.expand_dims %29 {axis = 1 : i32} : tensor<256xi32> -> tensor<256x1xi32>
      %40 = arith.muli %39, %cst : tensor<256x1xi32>
      %41 = tt.expand_dims %16 {axis = 0 : i32} : tensor<32xi32> -> tensor<1x32xi32>
      %42 = tt.broadcast %40 : tensor<256x1xi32> -> tensor<256x32xi32>
      %43 = tt.broadcast %41 : tensor<1x32xi32> -> tensor<256x32xi32>
      %44 = arith.addi %42, %43 : tensor<256x32xi32>
      %45 = tt.splat %arg1 : !tt.ptr<f8E4M3FN> -> tensor<256x32x!tt.ptr<f8E4M3FN>>
      %46 = tt.addptr %45, %44 : tensor<256x32x!tt.ptr<f8E4M3FN>>, tensor<256x32xi32>
      %47 = tt.load %46 : tensor<256x32x!tt.ptr<f8E4M3FN>>
      %48 = tt.dot %38, %47, %arg4, inputPrecision = tf32 : tensor<16x256xf8E4M3FN> * tensor<256x32xf8E4M3FN> -> tensor<16x32xf32>
      scf.yield %48 : tensor<16x32xf32>
    } {tt.loop_unroll_factor = 1 : i32, tt.num_stages = 1 : i32, tt.warp_specialize}
    %18 = arith.truncf %17 : tensor<16x32xf32> to tensor<16x32xf16>
    %19 = tt.expand_dims %12 {axis = 1 : i32} : tensor<16xi32> -> tensor<16x1xi32>
    %20 = arith.muli %19, %cst_0 : tensor<16x1xi32>
    %21 = tt.expand_dims %16 {axis = 0 : i32} : tensor<32xi32> -> tensor<1x32xi32>
    %22 = tt.broadcast %20 : tensor<16x1xi32> -> tensor<16x32xi32>
    %23 = tt.broadcast %21 : tensor<1x32xi32> -> tensor<16x32xi32>
    %24 = arith.addi %22, %23 : tensor<16x32xi32>
    %25 = tt.splat %arg2 : !tt.ptr<f16> -> tensor<16x32x!tt.ptr<f16>>
    %26 = tt.addptr %25, %24 : tensor<16x32x!tt.ptr<f16>>, tensor<16x32xi32>
    tt.store %26, %18 : tensor<16x32x!tt.ptr<f16>>
    tt.return
  }
}

{-#
  external_resources: {
    mlir_reproducer: {
      pipeline: "builtin.module(convert-triton-to-tritongpu{enable-source-remat=false num-ctas=1 num-warps=4 target=cuda:100 threads-per-warp=32}, tritongpu-coalesce, tritongpu-F32DotTC{emu-tf32=true}, triton-nvidia-gpu-plan-cta, tritongpu-remove-layout-conversions, tritongpu-optimize-thread-locality, tritongpu-accelerate-matmul, tritongpu-remove-layout-conversions, tritongpu-optimize-dot-operands{hoist-layout-conversion=true}, triton-nvidia-optimize-descriptor-encoding, triton-loop-aware-cse, tritongpu-fuse-nested-loops, canonicalize{  max-iterations=10 max-num-rewrites=-1 region-simplify=normal test-convergence=false top-down=true}, triton-licm, tritongpu-optimize-accumulator-init, tritongpu-hoist-tmem-alloc{hoist-out-of-if=false}, tritongpu-promote-lhs-to-tmem, tritongpu-assign-latencies{num-stages=8}, tritongpu-schedule-loops, tritongpu-automatic-warp-specialization{num-stages=8}, tritongpu-pipeline{dump-intermediate-steps=false num-stages=8}, tritongpu-optimize-partition-warps, tritongpu-combine-tensor-select-and-if, tritongpu-hoist-tmem-alloc{hoist-out-of-if=true}, triton-nvidia-gpu-remove-tmem-tokens, canonicalize{  max-iterations=10 max-num-rewrites=-1 region-simplify=normal test-convergence=false top-down=true}, triton-loop-aware-cse, tritongpu-prefetch, tritongpu-optimize-dot-operands{hoist-layout-conversion=true}, tritongpu-coalesce-async-copy, triton-nvidia-optimize-tmem-layouts, triton-nvidia-tma-lowering, tritongpu-remove-layout-conversions, triton-nvidia-interleave-tmem, tritongpu-reduce-data-duplication, tritongpu-reorder-instructions, triton-loop-aware-cse, symbol-dce, triton-nvidia-gpu-fence-insertion{compute-capability=100}, triton-nvidia-mma-lowering, sccp, cse, canonicalize{  max-iterations=10 max-num-rewrites=-1 region-simplify=normal test-convergence=false top-down=true})",
      disable_threading: true,
      verify_each: true
    }
  }
#-}
/tmp/torchinductor_jongsokchoi/5x/c5xl7xh52xovx7obkn7nxziyxscveakfbgxwvba2jkbq53ioy7vp.py:14:0: error: Failures have been detected while processing an MLIR pass pipeline
/tmp/torchinductor_jongsokchoi/5x/c5xl7xh52xovx7obkn7nxziyxscveakfbgxwvba2jkbq53ioy7vp.py:14:0: note: Pipeline failed while executing [`TritonGPUAutomaticWarpSpecialization` on 'builtin.module' operation, `NVWSInsertAref` on 'builtin.module' operation]: reproducer generated at `std::errs, please share the reproducer above with Triton project.`
Benchmarking exploring neighbors 100% ━━━━━━━━━━━━━━━━━━━━━━━━━━ 1/1 - configs/s
[AOT measure] Config 1/31: invalid (inf timing)
Benchmarking exploring neighbors 100% ━━━━━━━━━━━━━━━━━━━━━━━━━━ 1/1 - configs/s
[AOT measure] Config 2/31: 0.0184ms
Benchmarking exploring neighbors 100% ━━━━━━━━━━━━━━━━━━━━━━━━━━ 1/1 - configs/s
[AOT measure] Config 3/31: 0.0102ms
Benchmarking exploring neighbors 100% ━━━━━━━━━━━━━━━━━━━━━━━━━━ 1/1 - configs/s
[AOT measure] Config 4/31: 0.0101ms
Benchmarking exploring neighbors 100% ━━━━━━━━━━━━━━━━━━━━━━━━━━ 1/1 - configs/s
[AOT measure] Config 5/31: 0.0082ms
Benchmarking exploring neighbors 100% ━━━━━━━━━━━━━━━━━━━━━━━━━━ 1/1 - configs/s
[AOT measure] Config 6/31: 0.0102ms
Benchmarking exploring neighbors 100% ━━━━━━━━━━━━━━━━━━━━━━━━━━ 1/1 - configs/s
[AOT measure] Config 7/31: 0.0102ms
Benchmarking exploring neighbors 100% ━━━━━━━━━━━━━━━━━━━━━━━━━━ 1/1 - configs/s
[AOT measure] Config 8/31: 0.0123ms
Benchmarking exploring neighbors 100% ━━━━━━━━━━━━━━━━━━━━━━━━━━ 1/1 - configs/s
[AOT measure] Config 9/31: 0.0123ms
Benchmarking exploring neighbors 100% ━━━━━━━━━━━━━━━━━━━━━━━━━━ 1/1 - configs/s
[AOT measure] Config 10/31: 0.0121ms
Benchmarking exploring neighbors 100% ━━━━━━━━━━━━━━━━━━━━━━━━━━ 1/1 - configs/s
[AOT measure] Config 11/31: 0.0123ms
Benchmarking exploring neighbors 100% ━━━━━━━━━━━━━━━━━━━━━━━━━━ 1/1 - configs/s
[AOT measure] Config 12/31: 0.0123ms
Benchmarking exploring neighbors 100% ━━━━━━━━━━━━━━━━━━━━━━━━━━ 1/1 - configs/s
[AOT measure] Config 13/31: 0.0143ms
Benchmarking exploring neighbors 100% ━━━━━━━━━━━━━━━━━━━━━━━━━━ 1/1 - configs/s
[AOT measure] Config 14/31: 0.0143ms
Benchmarking exploring neighbors 100% ━━━━━━━━━━━━━━━━━━━━━━━━━━ 1/1 - configs/s
[AOT measure] Config 15/31: 0.0123ms
Benchmarking exploring neighbors 100% ━━━━━━━━━━━━━━━━━━━━━━━━━━ 1/1 - configs/s
[AOT measure] Config 16/31: 0.0143ms
Benchmarking exploring neighbors 100% ━━━━━━━━━━━━━━━━━━━━━━━━━━ 1/1 - configs/s
[AOT measure] Config 17/31: 0.0164ms
Benchmarking exploring neighbors 100% ━━━━━━━━━━━━━━━━━━━━━━━━━━ 1/1 - configs/s
[AOT measure] Config 18/31: 0.0164ms
Benchmarking exploring neighbors 100% ━━━━━━━━━━━━━━━━━━━━━━━━━━ 1/1 - configs/s
[AOT measure] Config 19/31: 0.0164ms
Benchmarking exploring neighbors 100% ━━━━━━━━━━━━━━━━━━━━━━━━━━ 1/1 - configs/s
[AOT measure] Config 20/31: 0.0123ms
Benchmarking exploring neighbors 100% ━━━━━━━━━━━━━━━━━━━━━━━━━━ 1/1 - configs/s
[AOT measure] Config 21/31: 0.0143ms
Benchmarking exploring neighbors 100% ━━━━━━━━━━━━━━━━━━━━━━━━━━ 1/1 - configs/s
[AOT measure] Config 22/31: 0.0164ms
Benchmarking exploring neighbors 100% ━━━━━━━━━━━━━━━━━━━━━━━━━━ 1/1 - configs/s
[AOT measure] Config 23/31: 0.0164ms
Benchmarking exploring neighbors 100% ━━━━━━━━━━━━━━━━━━━━━━━━━━ 1/1 - configs/s
[AOT measure] Config 24/31: 0.0133ms
Benchmarking exploring neighbors 100% ━━━━━━━━━━━━━━━━━━━━━━━━━━ 1/1 - configs/s
[AOT measure] Config 25/31: 0.0143ms
Benchmarking exploring neighbors 100% ━━━━━━━━━━━━━━━━━━━━━━━━━━ 1/1 - configs/s
[AOT measure] Config 26/31: 0.0143ms
Benchmarking exploring neighbors 100% ━━━━━━━━━━━━━━━━━━━━━━━━━━ 1/1 - configs/s
[AOT measure] Config 27/31: 0.0143ms
Benchmarking exploring neighbors 100% ━━━━━━━━━━━━━━━━━━━━━━━━━━ 1/1 - configs/s
[AOT measure] Config 28/31: 0.0143ms
Benchmarking exploring neighbors 100% ━━━━━━━━━━━━━━━━━━━━━━━━━━ 1/1 - configs/s
[AOT measure] Config 29/31: 0.0143ms
Benchmarking exploring neighbors 100% ━━━━━━━━━━━━━━━━━━━━━━━━━━ 1/1 - configs/s
[AOT measure] Config 30/31: 0.0164ms
Benchmarking exploring neighbors 100% ━━━━━━━━━━━━━━━━━━━━━━━━━━ 1/1 - configs/s
[AOT measure] Config 31/31: 0.0164ms
[AOT measure] Completed: 30/31 configs succeeded
  768x768 @ 768x768 done
[0s] Autotune random seed: 3891572246
[AOT measure] Testing 31 configs for fp8_gemm shape_hash=12b6f4f4
module {
  tt.func public @_helion_fp8_gemm(%arg0: !tt.ptr<f8E4M3FN> {tt.divisibility = 16 : i32}, %arg1: !tt.ptr<f8E4M3FN> {tt.divisibility = 16 : i32}, %arg2: !tt.ptr<f16> {tt.divisibility = 16 : i32}) attributes {noinline = false} {
    %c448_i32 = arith.constant 448 : i32
    %cst = arith.constant dense<0.000000e+00> : tensor<256x32xf8E4M3FN>
    %cst_0 = arith.constant dense<0.000000e+00> : tensor<16x256xf8E4M3FN>
    %c256_i32 = arith.constant 256 : i32
    %c896_i32 = arith.constant 896 : i32
    %c0_i32 = arith.constant 0 : i32
    %cst_1 = arith.constant dense<896> : tensor<256x1xi32>
    %cst_2 = arith.constant dense<896> : tensor<16x1xi32>
    %cst_3 = arith.constant dense<896> : tensor<256xi32>
    %cst_4 = arith.constant dense<0.000000e+00> : tensor<16x32xf32>
    %c32_i32 = arith.constant 32 : i32
    %c16_i32 = arith.constant 16 : i32
    %c56_i32 = arith.constant 56 : i32
    %0 = tt.get_program_id x : i32
    %1 = arith.divsi %0, %c448_i32 : i32
    %2 = arith.muli %1, %c16_i32 : i32
    %3 = arith.subi %c56_i32, %2 : i32
    %4 = arith.minsi %3, %c16_i32 : i32
    %5 = arith.remsi %0, %c448_i32 : i32
    %6 = arith.remsi %5, %4 : i32
    %7 = arith.addi %2, %6 : i32
    %8 = arith.divsi %5, %4 : i32
    %9 = arith.muli %7, %c16_i32 : i32
    %10 = tt.make_range {end = 16 : i32, start = 0 : i32} : tensor<16xi32>
    %11 = tt.splat %9 : i32 -> tensor<16xi32>
    %12 = arith.addi %11, %10 : tensor<16xi32>
    %13 = arith.muli %8, %c32_i32 : i32
    %14 = tt.make_range {end = 32 : i32, start = 0 : i32} : tensor<32xi32>
    %15 = tt.splat %13 : i32 -> tensor<32xi32>
    %16 = arith.addi %15, %14 : tensor<32xi32>
    %17 = scf.for %arg3 = %c0_i32 to %c896_i32 step %c256_i32 iter_args(%arg4 = %cst_4) -> (tensor<16x32xf32>)  : i32 {
      %27 = tt.make_range {end = 256 : i32, start = 0 : i32} : tensor<256xi32>
      %28 = tt.splat %arg3 : i32 -> tensor<256xi32>
      %29 = arith.addi %28, %27 : tensor<256xi32>
      %30 = arith.cmpi slt, %29, %cst_3 : tensor<256xi32>
      %31 = tt.expand_dims %12 {axis = 1 : i32} : tensor<16xi32> -> tensor<16x1xi32>
      %32 = arith.muli %31, %cst_2 : tensor<16x1xi32>
      %33 = tt.expand_dims %29 {axis = 0 : i32} : tensor<256xi32> -> tensor<1x256xi32>
      %34 = tt.broadcast %32 : tensor<16x1xi32> -> tensor<16x256xi32>
      %35 = tt.broadcast %33 : tensor<1x256xi32> -> tensor<16x256xi32>
      %36 = arith.addi %34, %35 : tensor<16x256xi32>
      %37 = tt.splat %arg0 : !tt.ptr<f8E4M3FN> -> tensor<16x256x!tt.ptr<f8E4M3FN>>
      %38 = tt.addptr %37, %36 : tensor<16x256x!tt.ptr<f8E4M3FN>>, tensor<16x256xi32>
      %39 = tt.expand_dims %30 {axis = 0 : i32} : tensor<256xi1> -> tensor<1x256xi1>
      %40 = tt.broadcast %39 : tensor<1x256xi1> -> tensor<16x256xi1>
      %41 = tt.load %38, %40, %cst_0 evictionPolicy = evict_last : tensor<16x256x!tt.ptr<f8E4M3FN>>
      %42 = tt.expand_dims %29 {axis = 1 : i32} : tensor<256xi32> -> tensor<256x1xi32>
      %43 = arith.muli %42, %cst_1 : tensor<256x1xi32>
      %44 = tt.expand_dims %16 {axis = 0 : i32} : tensor<32xi32> -> tensor<1x32xi32>
      %45 = tt.broadcast %43 : tensor<256x1xi32> -> tensor<256x32xi32>
      %46 = tt.broadcast %44 : tensor<1x32xi32> -> tensor<256x32xi32>
      %47 = arith.addi %45, %46 : tensor<256x32xi32>
      %48 = tt.splat %arg1 : !tt.ptr<f8E4M3FN> -> tensor<256x32x!tt.ptr<f8E4M3FN>>
      %49 = tt.addptr %48, %47 : tensor<256x32x!tt.ptr<f8E4M3FN>>, tensor<256x32xi32>
      %50 = tt.expand_dims %30 {axis = 1 : i32} : tensor<256xi1> -> tensor<256x1xi1>
      %51 = tt.broadcast %50 : tensor<256x1xi1> -> tensor<256x32xi1>
      %52 = tt.load %49, %51, %cst : tensor<256x32x!tt.ptr<f8E4M3FN>>
      %53 = tt.dot %41, %52, %arg4, inputPrecision = tf32 : tensor<16x256xf8E4M3FN> * tensor<256x32xf8E4M3FN> -> tensor<16x32xf32>
      scf.yield %53 : tensor<16x32xf32>
    } {tt.loop_unroll_factor = 1 : i32, tt.num_stages = 1 : i32, tt.warp_specialize}
    %18 = arith.truncf %17 : tensor<16x32xf32> to tensor<16x32xf16>
    %19 = tt.expand_dims %12 {axis = 1 : i32} : tensor<16xi32> -> tensor<16x1xi32>
    %20 = arith.muli %19, %cst_2 : tensor<16x1xi32>
    %21 = tt.expand_dims %16 {axis = 0 : i32} : tensor<32xi32> -> tensor<1x32xi32>
    %22 = tt.broadcast %20 : tensor<16x1xi32> -> tensor<16x32xi32>
    %23 = tt.broadcast %21 : tensor<1x32xi32> -> tensor<16x32xi32>
    %24 = arith.addi %22, %23 : tensor<16x32xi32>
    %25 = tt.splat %arg2 : !tt.ptr<f16> -> tensor<16x32x!tt.ptr<f16>>
    %26 = tt.addptr %25, %24 : tensor<16x32x!tt.ptr<f16>>, tensor<16x32xi32>
    tt.store %26, %18 : tensor<16x32x!tt.ptr<f16>>
    tt.return
  }
}

{-#
  external_resources: {
    mlir_reproducer: {
      pipeline: "builtin.module(convert-triton-to-tritongpu{enable-source-remat=false num-ctas=1 num-warps=4 target=cuda:100 threads-per-warp=32}, tritongpu-coalesce, tritongpu-F32DotTC{emu-tf32=true}, triton-nvidia-gpu-plan-cta, tritongpu-remove-layout-conversions, tritongpu-optimize-thread-locality, tritongpu-accelerate-matmul, tritongpu-remove-layout-conversions, tritongpu-optimize-dot-operands{hoist-layout-conversion=true}, triton-nvidia-optimize-descriptor-encoding, triton-loop-aware-cse, tritongpu-fuse-nested-loops, canonicalize{  max-iterations=10 max-num-rewrites=-1 region-simplify=normal test-convergence=false top-down=true}, triton-licm, tritongpu-optimize-accumulator-init, tritongpu-hoist-tmem-alloc{hoist-out-of-if=false}, tritongpu-promote-lhs-to-tmem, tritongpu-assign-latencies{num-stages=8}, tritongpu-schedule-loops, tritongpu-automatic-warp-specialization{num-stages=8}, tritongpu-pipeline{dump-intermediate-steps=false num-stages=8}, tritongpu-optimize-partition-warps, tritongpu-combine-tensor-select-and-if, tritongpu-hoist-tmem-alloc{hoist-out-of-if=true}, triton-nvidia-gpu-remove-tmem-tokens, canonicalize{  max-iterations=10 max-num-rewrites=-1 region-simplify=normal test-convergence=false top-down=true}, triton-loop-aware-cse, tritongpu-prefetch, tritongpu-optimize-dot-operands{hoist-layout-conversion=true}, tritongpu-coalesce-async-copy, triton-nvidia-optimize-tmem-layouts, triton-nvidia-tma-lowering, tritongpu-remove-layout-conversions, triton-nvidia-interleave-tmem, tritongpu-reduce-data-duplication, tritongpu-reorder-instructions, triton-loop-aware-cse, symbol-dce, triton-nvidia-gpu-fence-insertion{compute-capability=100}, triton-nvidia-mma-lowering, sccp, cse, canonicalize{  max-iterations=10 max-num-rewrites=-1 region-simplify=normal test-convergence=false top-down=true})",
      disable_threading: true,
      verify_each: true
    }
  }
#-}
/tmp/torchinductor_jongsokchoi/oy/coyxwtohzp5nhexnxf5eucwvewrnz42oowxapb5aycuwrpsajx75.py:14:0: error: Failures have been detected while processing an MLIR pass pipeline
/tmp/torchinductor_jongsokchoi/oy/coyxwtohzp5nhexnxf5eucwvewrnz42oowxapb5aycuwrpsajx75.py:14:0: note: Pipeline failed while executing [`TritonGPUAutomaticWarpSpecialization` on 'builtin.module' operation, `NVWSInsertAref` on 'builtin.module' operation]: reproducer generated at `std::errs, please share the reproducer above with Triton project.`
Benchmarking exploring neighbors 100% ━━━━━━━━━━━━━━━━━━━━━━━━━━ 1/1 - configs/s
[AOT measure] Config 1/31: invalid (inf timing)
Benchmarking exploring neighbors 100% ━━━━━━━━━━━━━━━━━━━━━━━━━━ 1/1 - configs/s
[AOT measure] Config 2/31: 0.0246ms
Benchmarking exploring neighbors 100% ━━━━━━━━━━━━━━━━━━━━━━━━━━ 1/1 - configs/s
[AOT measure] Config 3/31: 0.0123ms
Benchmarking exploring neighbors 100% ━━━━━━━━━━━━━━━━━━━━━━━━━━ 1/1 - configs/s
[AOT measure] Config 4/31: 0.0102ms
Benchmarking exploring neighbors 100% ━━━━━━━━━━━━━━━━━━━━━━━━━━ 1/1 - configs/s
[AOT measure] Config 5/31: 0.0123ms
Benchmarking exploring neighbors 100% ━━━━━━━━━━━━━━━━━━━━━━━━━━ 1/1 - configs/s
[AOT measure] Config 6/31: 0.0102ms
Benchmarking exploring neighbors 100% ━━━━━━━━━━━━━━━━━━━━━━━━━━ 1/1 - configs/s
[AOT measure] Config 7/31: 0.0102ms
Benchmarking exploring neighbors 100% ━━━━━━━━━━━━━━━━━━━━━━━━━━ 1/1 - configs/s
[AOT measure] Config 8/31: 0.0123ms
Benchmarking exploring neighbors 100% ━━━━━━━━━━━━━━━━━━━━━━━━━━ 1/1 - configs/s
[AOT measure] Config 9/31: 0.0123ms
Benchmarking exploring neighbors 100% ━━━━━━━━━━━━━━━━━━━━━━━━━━ 1/1 - configs/s
[AOT measure] Config 10/31: 0.0123ms
Benchmarking exploring neighbors 100% ━━━━━━━━━━━━━━━━━━━━━━━━━━ 1/1 - configs/s
[AOT measure] Config 11/31: 0.0123ms
Benchmarking exploring neighbors 100% ━━━━━━━━━━━━━━━━━━━━━━━━━━ 1/1 - configs/s
[AOT measure] Config 12/31: 0.0142ms
Benchmarking exploring neighbors 100% ━━━━━━━━━━━━━━━━━━━━━━━━━━ 1/1 - configs/s
[AOT measure] Config 13/31: 0.0143ms
Benchmarking exploring neighbors 100% ━━━━━━━━━━━━━━━━━━━━━━━━━━ 1/1 - configs/s
[AOT measure] Config 14/31: 0.0143ms
Benchmarking exploring neighbors 100% ━━━━━━━━━━━━━━━━━━━━━━━━━━ 1/1 - configs/s
[AOT measure] Config 15/31: 0.0123ms
Benchmarking exploring neighbors 100% ━━━━━━━━━━━━━━━━━━━━━━━━━━ 1/1 - configs/s
[AOT measure] Config 16/31: 0.0143ms
Benchmarking exploring neighbors 100% ━━━━━━━━━━━━━━━━━━━━━━━━━━ 1/1 - configs/s
[AOT measure] Config 17/31: 0.0184ms
Benchmarking exploring neighbors 100% ━━━━━━━━━━━━━━━━━━━━━━━━━━ 1/1 - configs/s
[AOT measure] Config 18/31: 0.0164ms
Benchmarking exploring neighbors 100% ━━━━━━━━━━━━━━━━━━━━━━━━━━ 1/1 - configs/s
[AOT measure] Config 19/31: 0.0164ms
Benchmarking exploring neighbors 100% ━━━━━━━━━━━━━━━━━━━━━━━━━━ 1/1 - configs/s
[AOT measure] Config 20/31: 0.0123ms
Benchmarking exploring neighbors 100% ━━━━━━━━━━━━━━━━━━━━━━━━━━ 1/1 - configs/s
[AOT measure] Config 21/31: 0.0143ms
Benchmarking exploring neighbors 100% ━━━━━━━━━━━━━━━━━━━━━━━━━━ 1/1 - configs/s
[AOT measure] Config 22/31: 0.0164ms
Benchmarking exploring neighbors 100% ━━━━━━━━━━━━━━━━━━━━━━━━━━ 1/1 - configs/s
[AOT measure] Config 23/31: 0.0166ms
Benchmarking exploring neighbors 100% ━━━━━━━━━━━━━━━━━━━━━━━━━━ 1/1 - configs/s
[AOT measure] Config 24/31: 0.0143ms
Benchmarking exploring neighbors 100% ━━━━━━━━━━━━━━━━━━━━━━━━━━ 1/1 - configs/s
[AOT measure] Config 25/31: 0.0143ms
Benchmarking exploring neighbors 100% ━━━━━━━━━━━━━━━━━━━━━━━━━━ 1/1 - configs/s
[AOT measure] Config 26/31: 0.0144ms
Benchmarking exploring neighbors 100% ━━━━━━━━━━━━━━━━━━━━━━━━━━ 1/1 - configs/s
[AOT measure] Config 27/31: 0.0143ms
Benchmarking exploring neighbors 100% ━━━━━━━━━━━━━━━━━━━━━━━━━━ 1/1 - configs/s
[AOT measure] Config 28/31: 0.0143ms
Benchmarking exploring neighbors 100% ━━━━━━━━━━━━━━━━━━━━━━━━━━ 1/1 - configs/s
[AOT measure] Config 29/31: 0.0143ms
Benchmarking exploring neighbors 100% ━━━━━━━━━━━━━━━━━━━━━━━━━━ 1/1 - configs/s
[AOT measure] Config 30/31: 0.0164ms
Benchmarking exploring neighbors 100% ━━━━━━━━━━━━━━━━━━━━━━━━━━ 1/1 - configs/s
[AOT measure] Config 31/31: 0.0184ms
[AOT measure] Completed: 30/31 configs succeeded
  896x896 @ 896x896 done
[0s] Autotune random seed: 3891572246
[AOT measure] Testing 31 configs for fp8_gemm shape_hash=e7c4498d
module {
  tt.func public @_helion_fp8_gemm(%arg0: !tt.ptr<f8E4M3FN> {tt.divisibility = 16 : i32}, %arg1: !tt.ptr<f8E4M3FN> {tt.divisibility = 16 : i32}, %arg2: !tt.ptr<f16> {tt.divisibility = 16 : i32}) attributes {noinline = false} {
    %c512_i32 = arith.constant 512 : i32
    %c256_i32 = arith.constant 256 : i32
    %c1024_i32 = arith.constant 1024 : i32
    %c0_i32 = arith.constant 0 : i32
    %cst = arith.constant dense<1024> : tensor<256x1xi32>
    %cst_0 = arith.constant dense<1024> : tensor<16x1xi32>
    %cst_1 = arith.constant dense<0.000000e+00> : tensor<16x32xf32>
    %c32_i32 = arith.constant 32 : i32
    %c16_i32 = arith.constant 16 : i32
    %c64_i32 = arith.constant 64 : i32
    %0 = tt.get_program_id x : i32
    %1 = arith.divsi %0, %c512_i32 : i32
    %2 = arith.muli %1, %c16_i32 : i32
    %3 = arith.subi %c64_i32, %2 : i32
    %4 = arith.minsi %3, %c16_i32 : i32
    %5 = arith.remsi %0, %c512_i32 : i32
    %6 = arith.remsi %5, %4 : i32
    %7 = arith.addi %2, %6 : i32
    %8 = arith.divsi %5, %4 : i32
    %9 = arith.muli %7, %c16_i32 : i32
    %10 = tt.make_range {end = 16 : i32, start = 0 : i32} : tensor<16xi32>
    %11 = tt.splat %9 : i32 -> tensor<16xi32>
    %12 = arith.addi %11, %10 : tensor<16xi32>
    %13 = arith.muli %8, %c32_i32 : i32
    %14 = tt.make_range {end = 32 : i32, start = 0 : i32} : tensor<32xi32>
    %15 = tt.splat %13 : i32 -> tensor<32xi32>
    %16 = arith.addi %15, %14 : tensor<32xi32>
    %17 = scf.for %arg3 = %c0_i32 to %c1024_i32 step %c256_i32 iter_args(%arg4 = %cst_1) -> (tensor<16x32xf32>)  : i32 {
      %27 = tt.make_range {end = 256 : i32, start = 0 : i32} : tensor<256xi32>
      %28 = tt.splat %arg3 : i32 -> tensor<256xi32>
      %29 = arith.addi %28, %27 : tensor<256xi32>
      %30 = tt.expand_dims %12 {axis = 1 : i32} : tensor<16xi32> -> tensor<16x1xi32>
      %31 = arith.muli %30, %cst_0 : tensor<16x1xi32>
      %32 = tt.expand_dims %29 {axis = 0 : i32} : tensor<256xi32> -> tensor<1x256xi32>
      %33 = tt.broadcast %31 : tensor<16x1xi32> -> tensor<16x256xi32>
      %34 = tt.broadcast %32 : tensor<1x256xi32> -> tensor<16x256xi32>
      %35 = arith.addi %33, %34 : tensor<16x256xi32>
      %36 = tt.splat %arg0 : !tt.ptr<f8E4M3FN> -> tensor<16x256x!tt.ptr<f8E4M3FN>>
      %37 = tt.addptr %36, %35 : tensor<16x256x!tt.ptr<f8E4M3FN>>, tensor<16x256xi32>
      %38 = tt.load %37 evictionPolicy = evict_last : tensor<16x256x!tt.ptr<f8E4M3FN>>
      %39 = tt.expand_dims %29 {axis = 1 : i32} : tensor<256xi32> -> tensor<256x1xi32>
      %40 = arith.muli %39, %cst : tensor<256x1xi32>
      %41 = tt.expand_dims %16 {axis = 0 : i32} : tensor<32xi32> -> tensor<1x32xi32>
      %42 = tt.broadcast %40 : tensor<256x1xi32> -> tensor<256x32xi32>
      %43 = tt.broadcast %41 : tensor<1x32xi32> -> tensor<256x32xi32>
      %44 = arith.addi %42, %43 : tensor<256x32xi32>
      %45 = tt.splat %arg1 : !tt.ptr<f8E4M3FN> -> tensor<256x32x!tt.ptr<f8E4M3FN>>
      %46 = tt.addptr %45, %44 : tensor<256x32x!tt.ptr<f8E4M3FN>>, tensor<256x32xi32>
      %47 = tt.load %46 : tensor<256x32x!tt.ptr<f8E4M3FN>>
      %48 = tt.dot %38, %47, %arg4, inputPrecision = tf32 : tensor<16x256xf8E4M3FN> * tensor<256x32xf8E4M3FN> -> tensor<16x32xf32>
      scf.yield %48 : tensor<16x32xf32>
    } {tt.loop_unroll_factor = 1 : i32, tt.num_stages = 1 : i32, tt.warp_specialize}
    %18 = arith.truncf %17 : tensor<16x32xf32> to tensor<16x32xf16>
    %19 = tt.expand_dims %12 {axis = 1 : i32} : tensor<16xi32> -> tensor<16x1xi32>
    %20 = arith.muli %19, %cst_0 : tensor<16x1xi32>
    %21 = tt.expand_dims %16 {axis = 0 : i32} : tensor<32xi32> -> tensor<1x32xi32>
    %22 = tt.broadcast %20 : tensor<16x1xi32> -> tensor<16x32xi32>
    %23 = tt.broadcast %21 : tensor<1x32xi32> -> tensor<16x32xi32>
    %24 = arith.addi %22, %23 : tensor<16x32xi32>
    %25 = tt.splat %arg2 : !tt.ptr<f16> -> tensor<16x32x!tt.ptr<f16>>
    %26 = tt.addptr %25, %24 : tensor<16x32x!tt.ptr<f16>>, tensor<16x32xi32>
    tt.store %26, %18 : tensor<16x32x!tt.ptr<f16>>
    tt.return
  }
}

{-#
  external_resources: {
    mlir_reproducer: {
      pipeline: "builtin.module(convert-triton-to-tritongpu{enable-source-remat=false num-ctas=1 num-warps=4 target=cuda:100 threads-per-warp=32}, tritongpu-coalesce, tritongpu-F32DotTC{emu-tf32=true}, triton-nvidia-gpu-plan-cta, tritongpu-remove-layout-conversions, tritongpu-optimize-thread-locality, tritongpu-accelerate-matmul, tritongpu-remove-layout-conversions, tritongpu-optimize-dot-operands{hoist-layout-conversion=true}, triton-nvidia-optimize-descriptor-encoding, triton-loop-aware-cse, tritongpu-fuse-nested-loops, canonicalize{  max-iterations=10 max-num-rewrites=-1 region-simplify=normal test-convergence=false top-down=true}, triton-licm, tritongpu-optimize-accumulator-init, tritongpu-hoist-tmem-alloc{hoist-out-of-if=false}, tritongpu-promote-lhs-to-tmem, tritongpu-assign-latencies{num-stages=8}, tritongpu-schedule-loops, tritongpu-automatic-warp-specialization{num-stages=8}, tritongpu-pipeline{dump-intermediate-steps=false num-stages=8}, tritongpu-optimize-partition-warps, tritongpu-combine-tensor-select-and-if, tritongpu-hoist-tmem-alloc{hoist-out-of-if=true}, triton-nvidia-gpu-remove-tmem-tokens, canonicalize{  max-iterations=10 max-num-rewrites=-1 region-simplify=normal test-convergence=false top-down=true}, triton-loop-aware-cse, tritongpu-prefetch, tritongpu-optimize-dot-operands{hoist-layout-conversion=true}, tritongpu-coalesce-async-copy, triton-nvidia-optimize-tmem-layouts, triton-nvidia-tma-lowering, tritongpu-remove-layout-conversions, triton-nvidia-interleave-tmem, tritongpu-reduce-data-duplication, tritongpu-reorder-instructions, triton-loop-aware-cse, symbol-dce, triton-nvidia-gpu-fence-insertion{compute-capability=100}, triton-nvidia-mma-lowering, sccp, cse, canonicalize{  max-iterations=10 max-num-rewrites=-1 region-simplify=normal test-convergence=false top-down=true})",
      disable_threading: true,
      verify_each: true
    }
  }
#-}
/tmp/torchinductor_jongsokchoi/tp/ctpf6snybegudyiek7t4xhtsp2i4j5wz7lpyxou42o4qtnapw3tc.py:14:0: error: Failures have been detected while processing an MLIR pass pipeline
/tmp/torchinductor_jongsokchoi/tp/ctpf6snybegudyiek7t4xhtsp2i4j5wz7lpyxou42o4qtnapw3tc.py:14:0: note: Pipeline failed while executing [`TritonGPUAutomaticWarpSpecialization` on 'builtin.module' operation, `NVWSInsertAref` on 'builtin.module' operation]: reproducer generated at `std::errs, please share the reproducer above with Triton project.`
Benchmarking exploring neighbors 100% ━━━━━━━━━━━━━━━━━━━━━━━━━━ 1/1 - configs/s
[AOT measure] Config 1/31: invalid (inf timing)
Benchmarking exploring neighbors 100% ━━━━━━━━━━━━━━━━━━━━━━━━━━ 1/1 - configs/s
[AOT measure] Config 2/31: 0.0330ms
Benchmarking exploring neighbors 100% ━━━━━━━━━━━━━━━━━━━━━━━━━━ 1/1 - configs/s
[AOT measure] Config 3/31: 0.0144ms
Benchmarking exploring neighbors 100% ━━━━━━━━━━━━━━━━━━━━━━━━━━ 1/1 - configs/s
[AOT measure] Config 4/31: 0.0103ms
Benchmarking exploring neighbors 100% ━━━━━━━━━━━━━━━━━━━━━━━━━━ 1/1 - configs/s
[AOT measure] Config 5/31: 0.0133ms
Benchmarking exploring neighbors 100% ━━━━━━━━━━━━━━━━━━━━━━━━━━ 1/1 - configs/s
[AOT measure] Config 6/31: 0.0103ms
Benchmarking exploring neighbors 100% ━━━━━━━━━━━━━━━━━━━━━━━━━━ 1/1 - configs/s
[AOT measure] Config 7/31: 0.0123ms
Benchmarking exploring neighbors 100% ━━━━━━━━━━━━━━━━━━━━━━━━━━ 1/1 - configs/s
[AOT measure] Config 8/31: 0.0123ms
Benchmarking exploring neighbors 100% ━━━━━━━━━━━━━━━━━━━━━━━━━━ 1/1 - configs/s
[AOT measure] Config 9/31: 0.0123ms
Benchmarking exploring neighbors 100% ━━━━━━━━━━━━━━━━━━━━━━━━━━ 1/1 - configs/s
[AOT measure] Config 10/31: 0.0172ms
Benchmarking exploring neighbors 100% ━━━━━━━━━━━━━━━━━━━━━━━━━━ 1/1 - configs/s
[AOT measure] Config 11/31: 0.0123ms
Benchmarking exploring neighbors 100% ━━━━━━━━━━━━━━━━━━━━━━━━━━ 1/1 - configs/s
[AOT measure] Config 12/31: 0.0143ms
Benchmarking exploring neighbors 100% ━━━━━━━━━━━━━━━━━━━━━━━━━━ 1/1 - configs/s
[AOT measure] Config 13/31: 0.0143ms
Benchmarking exploring neighbors 100% ━━━━━━━━━━━━━━━━━━━━━━━━━━ 1/1 - configs/s
[AOT measure] Config 14/31: 0.0144ms
Benchmarking exploring neighbors 100% ━━━━━━━━━━━━━━━━━━━━━━━━━━ 1/1 - configs/s
[AOT measure] Config 15/31: 0.0125ms
Benchmarking exploring neighbors 100% ━━━━━━━━━━━━━━━━━━━━━━━━━━ 1/1 - configs/s
[AOT measure] Config 16/31: 0.0144ms
Benchmarking exploring neighbors 100% ━━━━━━━━━━━━━━━━━━━━━━━━━━ 1/1 - configs/s
[AOT measure] Config 17/31: 0.0184ms
Benchmarking exploring neighbors 100% ━━━━━━━━━━━━━━━━━━━━━━━━━━ 1/1 - configs/s
[AOT measure] Config 18/31: 0.0184ms
Benchmarking exploring neighbors 100% ━━━━━━━━━━━━━━━━━━━━━━━━━━ 1/1 - configs/s
[AOT measure] Config 19/31: 0.0164ms
Benchmarking exploring neighbors 100% ━━━━━━━━━━━━━━━━━━━━━━━━━━ 1/1 - configs/s
[AOT measure] Config 20/31: 0.0143ms
Benchmarking exploring neighbors 100% ━━━━━━━━━━━━━━━━━━━━━━━━━━ 1/1 - configs/s
[AOT measure] Config 21/31: 0.0163ms
Benchmarking exploring neighbors 100% ━━━━━━━━━━━━━━━━━━━━━━━━━━ 1/1 - configs/s
[AOT measure] Config 22/31: 0.0184ms
Benchmarking exploring neighbors 100% ━━━━━━━━━━━━━━━━━━━━━━━━━━ 1/1 - configs/s
[AOT measure] Config 23/31: 0.0184ms
Benchmarking exploring neighbors 100% ━━━━━━━━━━━━━━━━━━━━━━━━━━ 1/1 - configs/s
[AOT measure] Config 24/31: 0.0144ms
Benchmarking exploring neighbors 100% ━━━━━━━━━━━━━━━━━━━━━━━━━━ 1/1 - configs/s
[AOT measure] Config 25/31: 0.0143ms
Benchmarking exploring neighbors 100% ━━━━━━━━━━━━━━━━━━━━━━━━━━ 1/1 - configs/s
[AOT measure] Config 26/31: 0.0164ms
Benchmarking exploring neighbors 100% ━━━━━━━━━━━━━━━━━━━━━━━━━━ 1/1 - configs/s
[AOT measure] Config 27/31: 0.0143ms
Benchmarking exploring neighbors 100% ━━━━━━━━━━━━━━━━━━━━━━━━━━ 1/1 - configs/s
[AOT measure] Config 28/31: 0.0143ms
Benchmarking exploring neighbors 100% ━━━━━━━━━━━━━━━━━━━━━━━━━━ 1/1 - configs/s
[AOT measure] Config 29/31: 0.0144ms
Benchmarking exploring neighbors 100% ━━━━━━━━━━━━━━━━━━━━━━━━━━ 1/1 - configs/s
[AOT measure] Config 30/31: 0.0184ms
Benchmarking exploring neighbors 100% ━━━━━━━━━━━━━━━━━━━━━━━━━━ 1/1 - configs/s
[AOT measure] Config 31/31: 0.0185ms
[AOT measure] Completed: 30/31 configs succeeded
  1024x1024 @ 1024x1024 done
[0s] Autotune random seed: 3891572246
[AOT measure] Testing 31 configs for fp8_gemm shape_hash=82ca1ec8
module {
  tt.func public @_helion_fp8_gemm(%arg0: !tt.ptr<f8E4M3FN> {tt.divisibility = 16 : i32}, %arg1: !tt.ptr<f8E4M3FN> {tt.divisibility = 16 : i32}, %arg2: !tt.ptr<f16> {tt.divisibility = 16 : i32}) attributes {noinline = false} {
    %c576_i32 = arith.constant 576 : i32
    %cst = arith.constant dense<0.000000e+00> : tensor<256x32xf8E4M3FN>
    %cst_0 = arith.constant dense<0.000000e+00> : tensor<16x256xf8E4M3FN>
    %c256_i32 = arith.constant 256 : i32
    %c1152_i32 = arith.constant 1152 : i32
    %c0_i32 = arith.constant 0 : i32
    %cst_1 = arith.constant dense<1152> : tensor<256x1xi32>
    %cst_2 = arith.constant dense<1152> : tensor<16x1xi32>
    %cst_3 = arith.constant dense<1152> : tensor<256xi32>
    %cst_4 = arith.constant dense<0.000000e+00> : tensor<16x32xf32>
    %c32_i32 = arith.constant 32 : i32
    %c16_i32 = arith.constant 16 : i32
    %c72_i32 = arith.constant 72 : i32
    %0 = tt.get_program_id x : i32
    %1 = arith.divsi %0, %c576_i32 : i32
    %2 = arith.muli %1, %c16_i32 : i32
    %3 = arith.subi %c72_i32, %2 : i32
    %4 = arith.minsi %3, %c16_i32 : i32
    %5 = arith.remsi %0, %c576_i32 : i32
    %6 = arith.remsi %5, %4 : i32
    %7 = arith.addi %2, %6 : i32
    %8 = arith.divsi %5, %4 : i32
    %9 = arith.muli %7, %c16_i32 : i32
    %10 = tt.make_range {end = 16 : i32, start = 0 : i32} : tensor<16xi32>
    %11 = tt.splat %9 : i32 -> tensor<16xi32>
    %12 = arith.addi %11, %10 : tensor<16xi32>
    %13 = arith.muli %8, %c32_i32 : i32
    %14 = tt.make_range {end = 32 : i32, start = 0 : i32} : tensor<32xi32>
    %15 = tt.splat %13 : i32 -> tensor<32xi32>
    %16 = arith.addi %15, %14 : tensor<32xi32>
    %17 = scf.for %arg3 = %c0_i32 to %c1152_i32 step %c256_i32 iter_args(%arg4 = %cst_4) -> (tensor<16x32xf32>)  : i32 {
      %27 = tt.make_range {end = 256 : i32, start = 0 : i32} : tensor<256xi32>
      %28 = tt.splat %arg3 : i32 -> tensor<256xi32>
      %29 = arith.addi %28, %27 : tensor<256xi32>
      %30 = arith.cmpi slt, %29, %cst_3 : tensor<256xi32>
      %31 = tt.expand_dims %12 {axis = 1 : i32} : tensor<16xi32> -> tensor<16x1xi32>
      %32 = arith.muli %31, %cst_2 : tensor<16x1xi32>
      %33 = tt.expand_dims %29 {axis = 0 : i32} : tensor<256xi32> -> tensor<1x256xi32>
      %34 = tt.broadcast %32 : tensor<16x1xi32> -> tensor<16x256xi32>
      %35 = tt.broadcast %33 : tensor<1x256xi32> -> tensor<16x256xi32>
      %36 = arith.addi %34, %35 : tensor<16x256xi32>
      %37 = tt.splat %arg0 : !tt.ptr<f8E4M3FN> -> tensor<16x256x!tt.ptr<f8E4M3FN>>
      %38 = tt.addptr %37, %36 : tensor<16x256x!tt.ptr<f8E4M3FN>>, tensor<16x256xi32>
      %39 = tt.expand_dims %30 {axis = 0 : i32} : tensor<256xi1> -> tensor<1x256xi1>
      %40 = tt.broadcast %39 : tensor<1x256xi1> -> tensor<16x256xi1>
      %41 = tt.load %38, %40, %cst_0 evictionPolicy = evict_last : tensor<16x256x!tt.ptr<f8E4M3FN>>
      %42 = tt.expand_dims %29 {axis = 1 : i32} : tensor<256xi32> -> tensor<256x1xi32>
      %43 = arith.muli %42, %cst_1 : tensor<256x1xi32>
      %44 = tt.expand_dims %16 {axis = 0 : i32} : tensor<32xi32> -> tensor<1x32xi32>
      %45 = tt.broadcast %43 : tensor<256x1xi32> -> tensor<256x32xi32>
      %46 = tt.broadcast %44 : tensor<1x32xi32> -> tensor<256x32xi32>
      %47 = arith.addi %45, %46 : tensor<256x32xi32>
      %48 = tt.splat %arg1 : !tt.ptr<f8E4M3FN> -> tensor<256x32x!tt.ptr<f8E4M3FN>>
      %49 = tt.addptr %48, %47 : tensor<256x32x!tt.ptr<f8E4M3FN>>, tensor<256x32xi32>
      %50 = tt.expand_dims %30 {axis = 1 : i32} : tensor<256xi1> -> tensor<256x1xi1>
      %51 = tt.broadcast %50 : tensor<256x1xi1> -> tensor<256x32xi1>
      %52 = tt.load %49, %51, %cst : tensor<256x32x!tt.ptr<f8E4M3FN>>
      %53 = tt.dot %41, %52, %arg4, inputPrecision = tf32 : tensor<16x256xf8E4M3FN> * tensor<256x32xf8E4M3FN> -> tensor<16x32xf32>
      scf.yield %53 : tensor<16x32xf32>
    } {tt.loop_unroll_factor = 1 : i32, tt.num_stages = 1 : i32, tt.warp_specialize}
    %18 = arith.truncf %17 : tensor<16x32xf32> to tensor<16x32xf16>
    %19 = tt.expand_dims %12 {axis = 1 : i32} : tensor<16xi32> -> tensor<16x1xi32>
    %20 = arith.muli %19, %cst_2 : tensor<16x1xi32>
    %21 = tt.expand_dims %16 {axis = 0 : i32} : tensor<32xi32> -> tensor<1x32xi32>
    %22 = tt.broadcast %20 : tensor<16x1xi32> -> tensor<16x32xi32>
    %23 = tt.broadcast %21 : tensor<1x32xi32> -> tensor<16x32xi32>
    %24 = arith.addi %22, %23 : tensor<16x32xi32>
    %25 = tt.splat %arg2 : !tt.ptr<f16> -> tensor<16x32x!tt.ptr<f16>>
    %26 = tt.addptr %25, %24 : tensor<16x32x!tt.ptr<f16>>, tensor<16x32xi32>
    tt.store %26, %18 : tensor<16x32x!tt.ptr<f16>>
    tt.return
  }
}

{-#
  external_resources: {
    mlir_reproducer: {
      pipeline: "builtin.module(convert-triton-to-tritongpu{enable-source-remat=false num-ctas=1 num-warps=4 target=cuda:100 threads-per-warp=32}, tritongpu-coalesce, tritongpu-F32DotTC{emu-tf32=true}, triton-nvidia-gpu-plan-cta, tritongpu-remove-layout-conversions, tritongpu-optimize-thread-locality, tritongpu-accelerate-matmul, tritongpu-remove-layout-conversions, tritongpu-optimize-dot-operands{hoist-layout-conversion=true}, triton-nvidia-optimize-descriptor-encoding, triton-loop-aware-cse, tritongpu-fuse-nested-loops, canonicalize{  max-iterations=10 max-num-rewrites=-1 region-simplify=normal test-convergence=false top-down=true}, triton-licm, tritongpu-optimize-accumulator-init, tritongpu-hoist-tmem-alloc{hoist-out-of-if=false}, tritongpu-promote-lhs-to-tmem, tritongpu-assign-latencies{num-stages=8}, tritongpu-schedule-loops, tritongpu-automatic-warp-specialization{num-stages=8}, tritongpu-pipeline{dump-intermediate-steps=false num-stages=8}, tritongpu-optimize-partition-warps, tritongpu-combine-tensor-select-and-if, tritongpu-hoist-tmem-alloc{hoist-out-of-if=true}, triton-nvidia-gpu-remove-tmem-tokens, canonicalize{  max-iterations=10 max-num-rewrites=-1 region-simplify=normal test-convergence=false top-down=true}, triton-loop-aware-cse, tritongpu-prefetch, tritongpu-optimize-dot-operands{hoist-layout-conversion=true}, tritongpu-coalesce-async-copy, triton-nvidia-optimize-tmem-layouts, triton-nvidia-tma-lowering, tritongpu-remove-layout-conversions, triton-nvidia-interleave-tmem, tritongpu-reduce-data-duplication, tritongpu-reorder-instructions, triton-loop-aware-cse, symbol-dce, triton-nvidia-gpu-fence-insertion{compute-capability=100}, triton-nvidia-mma-lowering, sccp, cse, canonicalize{  max-iterations=10 max-num-rewrites=-1 region-simplify=normal test-convergence=false top-down=true})",
      disable_threading: true,
      verify_each: true
    }
  }
#-}
/tmp/torchinductor_jongsokchoi/ih/cihk74gvuipwompam2lvlmk3f2sxqwdkm3hshigetxl2xitkizat.py:14:0: error: Failures have been detected while processing an MLIR pass pipeline
/tmp/torchinductor_jongsokchoi/ih/cihk74gvuipwompam2lvlmk3f2sxqwdkm3hshigetxl2xitkizat.py:14:0: note: Pipeline failed while executing [`TritonGPUAutomaticWarpSpecialization` on 'builtin.module' operation, `NVWSInsertAref` on 'builtin.module' operation]: reproducer generated at `std::errs, please share the reproducer above with Triton project.`
Benchmarking exploring neighbors 100% ━━━━━━━━━━━━━━━━━━━━━━━━━━ 1/1 - configs/s
[AOT measure] Config 1/31: invalid (inf timing)
Benchmarking exploring neighbors 100% ━━━━━━━━━━━━━━━━━━━━━━━━━━ 1/1 - configs/s
[AOT measure] Config 2/31: 0.0451ms
Benchmarking exploring neighbors 100% ━━━━━━━━━━━━━━━━━━━━━━━━━━ 1/1 - configs/s
[AOT measure] Config 3/31: 0.0185ms
Benchmarking exploring neighbors 100% ━━━━━━━━━━━━━━━━━━━━━━━━━━ 1/1 - configs/s
[AOT measure] Config 4/31: 0.0144ms
Benchmarking exploring neighbors 100% ━━━━━━━━━━━━━━━━━━━━━━━━━━ 1/1 - configs/s
[AOT measure] Config 5/31: 0.0184ms
Benchmarking exploring neighbors 100% ━━━━━━━━━━━━━━━━━━━━━━━━━━ 1/1 - configs/s
[AOT measure] Config 6/31: 0.0122ms
Benchmarking exploring neighbors 100% ━━━━━━━━━━━━━━━━━━━━━━━━━━ 1/1 - configs/s
[AOT measure] Config 7/31: 0.0164ms
Benchmarking exploring neighbors 100% ━━━━━━━━━━━━━━━━━━━━━━━━━━ 1/1 - configs/s
[AOT measure] Config 8/31: 0.0123ms
Benchmarking exploring neighbors 100% ━━━━━━━━━━━━━━━━━━━━━━━━━━ 1/1 - configs/s
[AOT measure] Config 9/31: 0.0123ms
Benchmarking exploring neighbors 100% ━━━━━━━━━━━━━━━━━━━━━━━━━━ 1/1 - configs/s
[AOT measure] Config 10/31: 0.0123ms
Benchmarking exploring neighbors 100% ━━━━━━━━━━━━━━━━━━━━━━━━━━ 1/1 - configs/s
[AOT measure] Config 11/31: 0.0123ms
Benchmarking exploring neighbors 100% ━━━━━━━━━━━━━━━━━━━━━━━━━━ 1/1 - configs/s
[AOT measure] Config 12/31: 0.0143ms
Benchmarking exploring neighbors 100% ━━━━━━━━━━━━━━━━━━━━━━━━━━ 1/1 - configs/s
[AOT measure] Config 13/31: 0.0143ms
Benchmarking exploring neighbors 100% ━━━━━━━━━━━━━━━━━━━━━━━━━━ 1/1 - configs/s
[AOT measure] Config 14/31: 0.0164ms
Benchmarking exploring neighbors 100% ━━━━━━━━━━━━━━━━━━━━━━━━━━ 1/1 - configs/s
[AOT measure] Config 15/31: 0.0143ms
Benchmarking exploring neighbors 100% ━━━━━━━━━━━━━━━━━━━━━━━━━━ 1/1 - configs/s
[AOT measure] Config 16/31: 0.0146ms
Benchmarking exploring neighbors 100% ━━━━━━━━━━━━━━━━━━━━━━━━━━ 1/1 - configs/s
[AOT measure] Config 17/31: 0.0185ms
Benchmarking exploring neighbors 100% ━━━━━━━━━━━━━━━━━━━━━━━━━━ 1/1 - configs/s
[AOT measure] Config 18/31: 0.0184ms
Benchmarking exploring neighbors 100% ━━━━━━━━━━━━━━━━━━━━━━━━━━ 1/1 - configs/s
[AOT measure] Config 19/31: 0.0184ms
Benchmarking exploring neighbors 100% ━━━━━━━━━━━━━━━━━━━━━━━━━━ 1/1 - configs/s
[AOT measure] Config 20/31: 0.0143ms
Benchmarking exploring neighbors 100% ━━━━━━━━━━━━━━━━━━━━━━━━━━ 1/1 - configs/s
[AOT measure] Config 21/31: 0.0164ms
Benchmarking exploring neighbors 100% ━━━━━━━━━━━━━━━━━━━━━━━━━━ 1/1 - configs/s
[AOT measure] Config 22/31: 0.0184ms
Benchmarking exploring neighbors 100% ━━━━━━━━━━━━━━━━━━━━━━━━━━ 1/1 - configs/s
[AOT measure] Config 23/31: 0.0184ms
Benchmarking exploring neighbors 100% ━━━━━━━━━━━━━━━━━━━━━━━━━━ 1/1 - configs/s
[AOT measure] Config 24/31: 0.0144ms
Benchmarking exploring neighbors 100% ━━━━━━━━━━━━━━━━━━━━━━━━━━ 1/1 - configs/s
[AOT measure] Config 25/31: 0.0143ms
Benchmarking exploring neighbors 100% ━━━━━━━━━━━━━━━━━━━━━━━━━━ 1/1 - configs/s
[AOT measure] Config 26/31: 0.0164ms
Benchmarking exploring neighbors 100% ━━━━━━━━━━━━━━━━━━━━━━━━━━ 1/1 - configs/s
[AOT measure] Config 27/31: 0.0143ms
Benchmarking exploring neighbors 100% ━━━━━━━━━━━━━━━━━━━━━━━━━━ 1/1 - configs/s
[AOT measure] Config 28/31: 0.0143ms
Benchmarking exploring neighbors 100% ━━━━━━━━━━━━━━━━━━━━━━━━━━ 1/1 - configs/s
[AOT measure] Config 29/31: 0.0153ms
Benchmarking exploring neighbors 100% ━━━━━━━━━━━━━━━━━━━━━━━━━━ 1/1 - configs/s
[AOT measure] Config 30/31: 0.0184ms
Benchmarking exploring neighbors 100% ━━━━━━━━━━━━━━━━━━━━━━━━━━ 1/1 - configs/s
[AOT measure] Config 31/31: 0.0185ms
[AOT measure] Completed: 30/31 configs succeeded
  1152x1152 @ 1152x1152 done
[0s] Autotune random seed: 3891572246
[AOT measure] Testing 31 configs for fp8_gemm shape_hash=5cc87d1c
module {
  tt.func public @_helion_fp8_gemm(%arg0: !tt.ptr<f8E4M3FN> {tt.divisibility = 16 : i32}, %arg1: !tt.ptr<f8E4M3FN> {tt.divisibility = 16 : i32}, %arg2: !tt.ptr<f16> {tt.divisibility = 16 : i32}) attributes {noinline = false} {
    %c640_i32 = arith.constant 640 : i32
    %c256_i32 = arith.constant 256 : i32
    %c1280_i32 = arith.constant 1280 : i32
    %c0_i32 = arith.constant 0 : i32
    %cst = arith.constant dense<1280> : tensor<256x1xi32>
    %cst_0 = arith.constant dense<1280> : tensor<16x1xi32>
    %cst_1 = arith.constant dense<0.000000e+00> : tensor<16x32xf32>
    %c32_i32 = arith.constant 32 : i32
    %c16_i32 = arith.constant 16 : i32
    %c80_i32 = arith.constant 80 : i32
    %0 = tt.get_program_id x : i32
    %1 = arith.divsi %0, %c640_i32 : i32
    %2 = arith.muli %1, %c16_i32 : i32
    %3 = arith.subi %c80_i32, %2 : i32
    %4 = arith.minsi %3, %c16_i32 : i32
    %5 = arith.remsi %0, %c640_i32 : i32
    %6 = arith.remsi %5, %4 : i32
    %7 = arith.addi %2, %6 : i32
    %8 = arith.divsi %5, %4 : i32
    %9 = arith.muli %7, %c16_i32 : i32
    %10 = tt.make_range {end = 16 : i32, start = 0 : i32} : tensor<16xi32>
    %11 = tt.splat %9 : i32 -> tensor<16xi32>
    %12 = arith.addi %11, %10 : tensor<16xi32>
    %13 = arith.muli %8, %c32_i32 : i32
    %14 = tt.make_range {end = 32 : i32, start = 0 : i32} : tensor<32xi32>
    %15 = tt.splat %13 : i32 -> tensor<32xi32>
    %16 = arith.addi %15, %14 : tensor<32xi32>
    %17 = scf.for %arg3 = %c0_i32 to %c1280_i32 step %c256_i32 iter_args(%arg4 = %cst_1) -> (tensor<16x32xf32>)  : i32 {
      %27 = tt.make_range {end = 256 : i32, start = 0 : i32} : tensor<256xi32>
      %28 = tt.splat %arg3 : i32 -> tensor<256xi32>
      %29 = arith.addi %28, %27 : tensor<256xi32>
      %30 = tt.expand_dims %12 {axis = 1 : i32} : tensor<16xi32> -> tensor<16x1xi32>
      %31 = arith.muli %30, %cst_0 : tensor<16x1xi32>
      %32 = tt.expand_dims %29 {axis = 0 : i32} : tensor<256xi32> -> tensor<1x256xi32>
      %33 = tt.broadcast %31 : tensor<16x1xi32> -> tensor<16x256xi32>
      %34 = tt.broadcast %32 : tensor<1x256xi32> -> tensor<16x256xi32>
      %35 = arith.addi %33, %34 : tensor<16x256xi32>
      %36 = tt.splat %arg0 : !tt.ptr<f8E4M3FN> -> tensor<16x256x!tt.ptr<f8E4M3FN>>
      %37 = tt.addptr %36, %35 : tensor<16x256x!tt.ptr<f8E4M3FN>>, tensor<16x256xi32>
      %38 = tt.load %37 evictionPolicy = evict_last : tensor<16x256x!tt.ptr<f8E4M3FN>>
      %39 = tt.expand_dims %29 {axis = 1 : i32} : tensor<256xi32> -> tensor<256x1xi32>
      %40 = arith.muli %39, %cst : tensor<256x1xi32>
      %41 = tt.expand_dims %16 {axis = 0 : i32} : tensor<32xi32> -> tensor<1x32xi32>
      %42 = tt.broadcast %40 : tensor<256x1xi32> -> tensor<256x32xi32>
      %43 = tt.broadcast %41 : tensor<1x32xi32> -> tensor<256x32xi32>
      %44 = arith.addi %42, %43 : tensor<256x32xi32>
      %45 = tt.splat %arg1 : !tt.ptr<f8E4M3FN> -> tensor<256x32x!tt.ptr<f8E4M3FN>>
      %46 = tt.addptr %45, %44 : tensor<256x32x!tt.ptr<f8E4M3FN>>, tensor<256x32xi32>
      %47 = tt.load %46 : tensor<256x32x!tt.ptr<f8E4M3FN>>
      %48 = tt.dot %38, %47, %arg4, inputPrecision = tf32 : tensor<16x256xf8E4M3FN> * tensor<256x32xf8E4M3FN> -> tensor<16x32xf32>
      scf.yield %48 : tensor<16x32xf32>
    } {tt.loop_unroll_factor = 1 : i32, tt.num_stages = 1 : i32, tt.warp_specialize}
    %18 = arith.truncf %17 : tensor<16x32xf32> to tensor<16x32xf16>
    %19 = tt.expand_dims %12 {axis = 1 : i32} : tensor<16xi32> -> tensor<16x1xi32>
    %20 = arith.muli %19, %cst_0 : tensor<16x1xi32>
    %21 = tt.expand_dims %16 {axis = 0 : i32} : tensor<32xi32> -> tensor<1x32xi32>
    %22 = tt.broadcast %20 : tensor<16x1xi32> -> tensor<16x32xi32>
    %23 = tt.broadcast %21 : tensor<1x32xi32> -> tensor<16x32xi32>
    %24 = arith.addi %22, %23 : tensor<16x32xi32>
    %25 = tt.splat %arg2 : !tt.ptr<f16> -> tensor<16x32x!tt.ptr<f16>>
    %26 = tt.addptr %25, %24 : tensor<16x32x!tt.ptr<f16>>, tensor<16x32xi32>
    tt.store %26, %18 : tensor<16x32x!tt.ptr<f16>>
    tt.return
  }
}

{-#
  external_resources: {
    mlir_reproducer: {
      pipeline: "builtin.module(convert-triton-to-tritongpu{enable-source-remat=false num-ctas=1 num-warps=4 target=cuda:100 threads-per-warp=32}, tritongpu-coalesce, tritongpu-F32DotTC{emu-tf32=true}, triton-nvidia-gpu-plan-cta, tritongpu-remove-layout-conversions, tritongpu-optimize-thread-locality, tritongpu-accelerate-matmul, tritongpu-remove-layout-conversions, tritongpu-optimize-dot-operands{hoist-layout-conversion=true}, triton-nvidia-optimize-descriptor-encoding, triton-loop-aware-cse, tritongpu-fuse-nested-loops, canonicalize{  max-iterations=10 max-num-rewrites=-1 region-simplify=normal test-convergence=false top-down=true}, triton-licm, tritongpu-optimize-accumulator-init, tritongpu-hoist-tmem-alloc{hoist-out-of-if=false}, tritongpu-promote-lhs-to-tmem, tritongpu-assign-latencies{num-stages=8}, tritongpu-schedule-loops, tritongpu-automatic-warp-specialization{num-stages=8}, tritongpu-pipeline{dump-intermediate-steps=false num-stages=8}, tritongpu-optimize-partition-warps, tritongpu-combine-tensor-select-and-if, tritongpu-hoist-tmem-alloc{hoist-out-of-if=true}, triton-nvidia-gpu-remove-tmem-tokens, canonicalize{  max-iterations=10 max-num-rewrites=-1 region-simplify=normal test-convergence=false top-down=true}, triton-loop-aware-cse, tritongpu-prefetch, tritongpu-optimize-dot-operands{hoist-layout-conversion=true}, tritongpu-coalesce-async-copy, triton-nvidia-optimize-tmem-layouts, triton-nvidia-tma-lowering, tritongpu-remove-layout-conversions, triton-nvidia-interleave-tmem, tritongpu-reduce-data-duplication, tritongpu-reorder-instructions, triton-loop-aware-cse, symbol-dce, triton-nvidia-gpu-fence-insertion{compute-capability=100}, triton-nvidia-mma-lowering, sccp, cse, canonicalize{  max-iterations=10 max-num-rewrites=-1 region-simplify=normal test-convergence=false top-down=true})",
      disable_threading: true,
      verify_each: true
    }
  }
#-}
/tmp/torchinductor_jongsokchoi/nc/cncm2je7wqcww73kpkvbeqhhnmujsgee3ubp2k634ogkjqmq33gz.py:14:0: error: Failures have been detected while processing an MLIR pass pipeline
/tmp/torchinductor_jongsokchoi/nc/cncm2je7wqcww73kpkvbeqhhnmujsgee3ubp2k634ogkjqmq33gz.py:14:0: note: Pipeline failed while executing [`TritonGPUAutomaticWarpSpecialization` on 'builtin.module' operation, `NVWSInsertAref` on 'builtin.module' operation]: reproducer generated at `std::errs, please share the reproducer above with Triton project.`
Benchmarking exploring neighbors 100% ━━━━━━━━━━━━━━━━━━━━━━━━━━ 1/1 - configs/s
[AOT measure] Config 1/31: invalid (inf timing)
Benchmarking exploring neighbors 100% ━━━━━━━━━━━━━━━━━━━━━━━━━━ 1/1 - configs/s
[AOT measure] Config 2/31: 0.0574ms
Benchmarking exploring neighbors 100% ━━━━━━━━━━━━━━━━━━━━━━━━━━ 1/1 - configs/s
[AOT measure] Config 3/31: 0.0205ms
Benchmarking exploring neighbors 100% ━━━━━━━━━━━━━━━━━━━━━━━━━━ 1/1 - configs/s
[AOT measure] Config 4/31: 0.0164ms
Benchmarking exploring neighbors 100% ━━━━━━━━━━━━━━━━━━━━━━━━━━ 1/1 - configs/s
[AOT measure] Config 5/31: 0.0185ms
Benchmarking exploring neighbors 100% ━━━━━━━━━━━━━━━━━━━━━━━━━━ 1/1 - configs/s
[AOT measure] Config 6/31: 0.0123ms
Benchmarking exploring neighbors 100% ━━━━━━━━━━━━━━━━━━━━━━━━━━ 1/1 - configs/s
[AOT measure] Config 7/31: 0.0184ms
Benchmarking exploring neighbors 100% ━━━━━━━━━━━━━━━━━━━━━━━━━━ 1/1 - configs/s
[AOT measure] Config 8/31: 0.0143ms
Benchmarking exploring neighbors 100% ━━━━━━━━━━━━━━━━━━━━━━━━━━ 1/1 - configs/s
[AOT measure] Config 9/31: 0.0143ms
Benchmarking exploring neighbors 100% ━━━━━━━━━━━━━━━━━━━━━━━━━━ 1/1 - configs/s
[AOT measure] Config 10/31: 0.0123ms
Benchmarking exploring neighbors 100% ━━━━━━━━━━━━━━━━━━━━━━━━━━ 1/1 - configs/s
[AOT measure] Config 11/31: 0.0143ms
Benchmarking exploring neighbors 100% ━━━━━━━━━━━━━━━━━━━━━━━━━━ 1/1 - configs/s
[AOT measure] Config 12/31: 0.0145ms
Benchmarking exploring neighbors 100% ━━━━━━━━━━━━━━━━━━━━━━━━━━ 1/1 - configs/s
[AOT measure] Config 13/31: 0.0144ms
Benchmarking exploring neighbors 100% ━━━━━━━━━━━━━━━━━━━━━━━━━━ 1/1 - configs/s
[AOT measure] Config 14/31: 0.0164ms
Benchmarking exploring neighbors 100% ━━━━━━━━━━━━━━━━━━━━━━━━━━ 1/1 - configs/s
[AOT measure] Config 15/31: 0.0143ms
Benchmarking exploring neighbors 100% ━━━━━━━━━━━━━━━━━━━━━━━━━━ 1/1 - configs/s
[AOT measure] Config 16/31: 0.0164ms
Benchmarking exploring neighbors 100% ━━━━━━━━━━━━━━━━━━━━━━━━━━ 1/1 - configs/s
[AOT measure] Config 17/31: 0.0205ms
Benchmarking exploring neighbors 100% ━━━━━━━━━━━━━━━━━━━━━━━━━━ 1/1 - configs/s
[AOT measure] Config 18/31: 0.0185ms
Benchmarking exploring neighbors 100% ━━━━━━━━━━━━━━━━━━━━━━━━━━ 1/1 - configs/s
[AOT measure] Config 19/31: 0.0185ms
Benchmarking exploring neighbors 100% ━━━━━━━━━━━━━━━━━━━━━━━━━━ 1/1 - configs/s
[AOT measure] Config 20/31: 0.0145ms
Benchmarking exploring neighbors 100% ━━━━━━━━━━━━━━━━━━━━━━━━━━ 1/1 - configs/s
[AOT measure] Config 21/31: 0.0172ms
Benchmarking exploring neighbors 100% ━━━━━━━━━━━━━━━━━━━━━━━━━━ 1/1 - configs/s
[AOT measure] Config 22/31: 0.0185ms
Benchmarking exploring neighbors 100% ━━━━━━━━━━━━━━━━━━━━━━━━━━ 1/1 - configs/s
[AOT measure] Config 23/31: 0.0204ms
Benchmarking exploring neighbors 100% ━━━━━━━━━━━━━━━━━━━━━━━━━━ 1/1 - configs/s
[AOT measure] Config 24/31: 0.0164ms
Benchmarking exploring neighbors 100% ━━━━━━━━━━━━━━━━━━━━━━━━━━ 1/1 - configs/s
[AOT measure] Config 25/31: 0.0145ms
Benchmarking exploring neighbors 100% ━━━━━━━━━━━━━━━━━━━━━━━━━━ 1/1 - configs/s
[AOT measure] Config 26/31: 0.0184ms
Benchmarking exploring neighbors 100% ━━━━━━━━━━━━━━━━━━━━━━━━━━ 1/1 - configs/s
[AOT measure] Config 27/31: 0.0144ms
Benchmarking exploring neighbors 100% ━━━━━━━━━━━━━━━━━━━━━━━━━━ 1/1 - configs/s
[AOT measure] Config 28/31: 0.0152ms
Benchmarking exploring neighbors 100% ━━━━━━━━━━━━━━━━━━━━━━━━━━ 1/1 - configs/s
[AOT measure] Config 29/31: 0.0164ms
Benchmarking exploring neighbors 100% ━━━━━━━━━━━━━━━━━━━━━━━━━━ 1/1 - configs/s
[AOT measure] Config 30/31: 0.0185ms
Benchmarking exploring neighbors 100% ━━━━━━━━━━━━━━━━━━━━━━━━━━ 1/1 - configs/s
[AOT measure] Config 31/31: 0.0205ms
[AOT measure] Completed: 30/31 configs succeeded
  1280x1280 @ 1280x1280 done
[0s] Autotune random seed: 3891572246
[AOT measure] Testing 31 configs for fp8_gemm shape_hash=efa89af5
module {
  tt.func public @_helion_fp8_gemm(%arg0: !tt.ptr<f8E4M3FN> {tt.divisibility = 16 : i32}, %arg1: !tt.ptr<f8E4M3FN> {tt.divisibility = 16 : i32}, %arg2: !tt.ptr<f16> {tt.divisibility = 16 : i32}) attributes {noinline = false} {
    %c704_i32 = arith.constant 704 : i32
    %cst = arith.constant dense<0.000000e+00> : tensor<256x32xf8E4M3FN>
    %cst_0 = arith.constant dense<0.000000e+00> : tensor<16x256xf8E4M3FN>
    %c256_i32 = arith.constant 256 : i32
    %c1408_i32 = arith.constant 1408 : i32
    %c0_i32 = arith.constant 0 : i32
    %cst_1 = arith.constant dense<1408> : tensor<256x1xi32>
    %cst_2 = arith.constant dense<1408> : tensor<16x1xi32>
    %cst_3 = arith.constant dense<1408> : tensor<256xi32>
    %cst_4 = arith.constant dense<0.000000e+00> : tensor<16x32xf32>
    %c32_i32 = arith.constant 32 : i32
    %c16_i32 = arith.constant 16 : i32
    %c88_i32 = arith.constant 88 : i32
    %0 = tt.get_program_id x : i32
    %1 = arith.divsi %0, %c704_i32 : i32
    %2 = arith.muli %1, %c16_i32 : i32
    %3 = arith.subi %c88_i32, %2 : i32
    %4 = arith.minsi %3, %c16_i32 : i32
    %5 = arith.remsi %0, %c704_i32 : i32
    %6 = arith.remsi %5, %4 : i32
    %7 = arith.addi %2, %6 : i32
    %8 = arith.divsi %5, %4 : i32
    %9 = arith.muli %7, %c16_i32 : i32
    %10 = tt.make_range {end = 16 : i32, start = 0 : i32} : tensor<16xi32>
    %11 = tt.splat %9 : i32 -> tensor<16xi32>
    %12 = arith.addi %11, %10 : tensor<16xi32>
    %13 = arith.muli %8, %c32_i32 : i32
    %14 = tt.make_range {end = 32 : i32, start = 0 : i32} : tensor<32xi32>
    %15 = tt.splat %13 : i32 -> tensor<32xi32>
    %16 = arith.addi %15, %14 : tensor<32xi32>
    %17 = scf.for %arg3 = %c0_i32 to %c1408_i32 step %c256_i32 iter_args(%arg4 = %cst_4) -> (tensor<16x32xf32>)  : i32 {
      %27 = tt.make_range {end = 256 : i32, start = 0 : i32} : tensor<256xi32>
      %28 = tt.splat %arg3 : i32 -> tensor<256xi32>
      %29 = arith.addi %28, %27 : tensor<256xi32>
      %30 = arith.cmpi slt, %29, %cst_3 : tensor<256xi32>
      %31 = tt.expand_dims %12 {axis = 1 : i32} : tensor<16xi32> -> tensor<16x1xi32>
      %32 = arith.muli %31, %cst_2 : tensor<16x1xi32>
      %33 = tt.expand_dims %29 {axis = 0 : i32} : tensor<256xi32> -> tensor<1x256xi32>
      %34 = tt.broadcast %32 : tensor<16x1xi32> -> tensor<16x256xi32>
      %35 = tt.broadcast %33 : tensor<1x256xi32> -> tensor<16x256xi32>
      %36 = arith.addi %34, %35 : tensor<16x256xi32>
      %37 = tt.splat %arg0 : !tt.ptr<f8E4M3FN> -> tensor<16x256x!tt.ptr<f8E4M3FN>>
      %38 = tt.addptr %37, %36 : tensor<16x256x!tt.ptr<f8E4M3FN>>, tensor<16x256xi32>
      %39 = tt.expand_dims %30 {axis = 0 : i32} : tensor<256xi1> -> tensor<1x256xi1>
      %40 = tt.broadcast %39 : tensor<1x256xi1> -> tensor<16x256xi1>
      %41 = tt.load %38, %40, %cst_0 evictionPolicy = evict_last : tensor<16x256x!tt.ptr<f8E4M3FN>>
      %42 = tt.expand_dims %29 {axis = 1 : i32} : tensor<256xi32> -> tensor<256x1xi32>
      %43 = arith.muli %42, %cst_1 : tensor<256x1xi32>
      %44 = tt.expand_dims %16 {axis = 0 : i32} : tensor<32xi32> -> tensor<1x32xi32>
      %45 = tt.broadcast %43 : tensor<256x1xi32> -> tensor<256x32xi32>
      %46 = tt.broadcast %44 : tensor<1x32xi32> -> tensor<256x32xi32>
      %47 = arith.addi %45, %46 : tensor<256x32xi32>
      %48 = tt.splat %arg1 : !tt.ptr<f8E4M3FN> -> tensor<256x32x!tt.ptr<f8E4M3FN>>
      %49 = tt.addptr %48, %47 : tensor<256x32x!tt.ptr<f8E4M3FN>>, tensor<256x32xi32>
      %50 = tt.expand_dims %30 {axis = 1 : i32} : tensor<256xi1> -> tensor<256x1xi1>
      %51 = tt.broadcast %50 : tensor<256x1xi1> -> tensor<256x32xi1>
      %52 = tt.load %49, %51, %cst : tensor<256x32x!tt.ptr<f8E4M3FN>>
      %53 = tt.dot %41, %52, %arg4, inputPrecision = tf32 : tensor<16x256xf8E4M3FN> * tensor<256x32xf8E4M3FN> -> tensor<16x32xf32>
      scf.yield %53 : tensor<16x32xf32>
    } {tt.loop_unroll_factor = 1 : i32, tt.num_stages = 1 : i32, tt.warp_specialize}
    %18 = arith.truncf %17 : tensor<16x32xf32> to tensor<16x32xf16>
    %19 = tt.expand_dims %12 {axis = 1 : i32} : tensor<16xi32> -> tensor<16x1xi32>
    %20 = arith.muli %19, %cst_2 : tensor<16x1xi32>
    %21 = tt.expand_dims %16 {axis = 0 : i32} : tensor<32xi32> -> tensor<1x32xi32>
    %22 = tt.broadcast %20 : tensor<16x1xi32> -> tensor<16x32xi32>
    %23 = tt.broadcast %21 : tensor<1x32xi32> -> tensor<16x32xi32>
    %24 = arith.addi %22, %23 : tensor<16x32xi32>
    %25 = tt.splat %arg2 : !tt.ptr<f16> -> tensor<16x32x!tt.ptr<f16>>
    %26 = tt.addptr %25, %24 : tensor<16x32x!tt.ptr<f16>>, tensor<16x32xi32>
    tt.store %26, %18 : tensor<16x32x!tt.ptr<f16>>
    tt.return
  }
}

{-#
  external_resources: {
    mlir_reproducer: {
      pipeline: "builtin.module(convert-triton-to-tritongpu{enable-source-remat=false num-ctas=1 num-warps=4 target=cuda:100 threads-per-warp=32}, tritongpu-coalesce, tritongpu-F32DotTC{emu-tf32=true}, triton-nvidia-gpu-plan-cta, tritongpu-remove-layout-conversions, tritongpu-optimize-thread-locality, tritongpu-accelerate-matmul, tritongpu-remove-layout-conversions, tritongpu-optimize-dot-operands{hoist-layout-conversion=true}, triton-nvidia-optimize-descriptor-encoding, triton-loop-aware-cse, tritongpu-fuse-nested-loops, canonicalize{  max-iterations=10 max-num-rewrites=-1 region-simplify=normal test-convergence=false top-down=true}, triton-licm, tritongpu-optimize-accumulator-init, tritongpu-hoist-tmem-alloc{hoist-out-of-if=false}, tritongpu-promote-lhs-to-tmem, tritongpu-assign-latencies{num-stages=8}, tritongpu-schedule-loops, tritongpu-automatic-warp-specialization{num-stages=8}, tritongpu-pipeline{dump-intermediate-steps=false num-stages=8}, tritongpu-optimize-partition-warps, tritongpu-combine-tensor-select-and-if, tritongpu-hoist-tmem-alloc{hoist-out-of-if=true}, triton-nvidia-gpu-remove-tmem-tokens, canonicalize{  max-iterations=10 max-num-rewrites=-1 region-simplify=normal test-convergence=false top-down=true}, triton-loop-aware-cse, tritongpu-prefetch, tritongpu-optimize-dot-operands{hoist-layout-conversion=true}, tritongpu-coalesce-async-copy, triton-nvidia-optimize-tmem-layouts, triton-nvidia-tma-lowering, tritongpu-remove-layout-conversions, triton-nvidia-interleave-tmem, tritongpu-reduce-data-duplication, tritongpu-reorder-instructions, triton-loop-aware-cse, symbol-dce, triton-nvidia-gpu-fence-insertion{compute-capability=100}, triton-nvidia-mma-lowering, sccp, cse, canonicalize{  max-iterations=10 max-num-rewrites=-1 region-simplify=normal test-convergence=false top-down=true})",
      disable_threading: true,
      verify_each: true
    }
  }
#-}
/tmp/torchinductor_jongsokchoi/ci/ccijefa4tbgegbvflarr2u53xj6itjwdutqurekbgroohqcgpbl5.py:14:0: error: Failures have been detected while processing an MLIR pass pipeline
/tmp/torchinductor_jongsokchoi/ci/ccijefa4tbgegbvflarr2u53xj6itjwdutqurekbgroohqcgpbl5.py:14:0: note: Pipeline failed while executing [`TritonGPUAutomaticWarpSpecialization` on 'builtin.module' operation, `NVWSInsertAref` on 'builtin.module' operation]: reproducer generated at `std::errs, please share the reproducer above with Triton project.`
Benchmarking exploring neighbors 100% ━━━━━━━━━━━━━━━━━━━━━━━━━━ 1/1 - configs/s
[AOT measure] Config 1/31: invalid (inf timing)
Benchmarking exploring neighbors 100% ━━━━━━━━━━━━━━━━━━━━━━━━━━ 1/1 - configs/s
[AOT measure] Config 2/31: 0.0758ms
Benchmarking exploring neighbors 100% ━━━━━━━━━━━━━━━━━━━━━━━━━━ 1/1 - configs/s
[AOT measure] Config 3/31: 0.0246ms
Benchmarking exploring neighbors 100% ━━━━━━━━━━━━━━━━━━━━━━━━━━ 1/1 - configs/s
[AOT measure] Config 4/31: 0.0184ms
Benchmarking exploring neighbors 100% ━━━━━━━━━━━━━━━━━━━━━━━━━━ 1/1 - configs/s
[AOT measure] Config 5/31: 0.0246ms
Benchmarking exploring neighbors 100% ━━━━━━━━━━━━━━━━━━━━━━━━━━ 1/1 - configs/s
[AOT measure] Config 6/31: 0.0123ms
Benchmarking exploring neighbors 100% ━━━━━━━━━━━━━━━━━━━━━━━━━━ 1/1 - configs/s
[AOT measure] Config 7/31: 0.0184ms
Benchmarking exploring neighbors 100% ━━━━━━━━━━━━━━━━━━━━━━━━━━ 1/1 - configs/s
[AOT measure] Config 8/31: 0.0143ms
Benchmarking exploring neighbors 100% ━━━━━━━━━━━━━━━━━━━━━━━━━━ 1/1 - configs/s
[AOT measure] Config 9/31: 0.0143ms
Benchmarking exploring neighbors 100% ━━━━━━━━━━━━━━━━━━━━━━━━━━ 1/1 - configs/s
[AOT measure] Config 10/31: 0.0123ms
Benchmarking exploring neighbors 100% ━━━━━━━━━━━━━━━━━━━━━━━━━━ 1/1 - configs/s
[AOT measure] Config 11/31: 0.0143ms
Benchmarking exploring neighbors 100% ━━━━━━━━━━━━━━━━━━━━━━━━━━ 1/1 - configs/s
[AOT measure] Config 12/31: 0.0164ms
Benchmarking exploring neighbors 100% ━━━━━━━━━━━━━━━━━━━━━━━━━━ 1/1 - configs/s
[AOT measure] Config 13/31: 0.0154ms
Benchmarking exploring neighbors 100% ━━━━━━━━━━━━━━━━━━━━━━━━━━ 1/1 - configs/s
[AOT measure] Config 14/31: 0.0164ms
Benchmarking exploring neighbors 100% ━━━━━━━━━━━━━━━━━━━━━━━━━━ 1/1 - configs/s
[AOT measure] Config 15/31: 0.0143ms
Benchmarking exploring neighbors 100% ━━━━━━━━━━━━━━━━━━━━━━━━━━ 1/1 - configs/s
[AOT measure] Config 16/31: 0.0164ms
Benchmarking exploring neighbors 100% ━━━━━━━━━━━━━━━━━━━━━━━━━━ 1/1 - configs/s
[AOT measure] Config 17/31: 0.0205ms
Benchmarking exploring neighbors 100% ━━━━━━━━━━━━━━━━━━━━━━━━━━ 1/1 - configs/s
[AOT measure] Config 18/31: 0.0205ms
Benchmarking exploring neighbors 100% ━━━━━━━━━━━━━━━━━━━━━━━━━━ 1/1 - configs/s
[AOT measure] Config 19/31: 0.0203ms
Benchmarking exploring neighbors 100% ━━━━━━━━━━━━━━━━━━━━━━━━━━ 1/1 - configs/s
[AOT measure] Config 20/31: 0.0164ms
Benchmarking exploring neighbors 100% ━━━━━━━━━━━━━━━━━━━━━━━━━━ 1/1 - configs/s
[AOT measure] Config 21/31: 0.0184ms
Benchmarking exploring neighbors 100% ━━━━━━━━━━━━━━━━━━━━━━━━━━ 1/1 - configs/s
[AOT measure] Config 22/31: 0.0205ms
Benchmarking exploring neighbors 100% ━━━━━━━━━━━━━━━━━━━━━━━━━━ 1/1 - configs/s
[AOT measure] Config 23/31: 0.0205ms
Benchmarking exploring neighbors 100% ━━━━━━━━━━━━━━━━━━━━━━━━━━ 1/1 - configs/s
[AOT measure] Config 24/31: 0.0164ms
Benchmarking exploring neighbors 100% ━━━━━━━━━━━━━━━━━━━━━━━━━━ 1/1 - configs/s
[AOT measure] Config 25/31: 0.0144ms
Benchmarking exploring neighbors 100% ━━━━━━━━━━━━━━━━━━━━━━━━━━ 1/1 - configs/s
[AOT measure] Config 26/31: 0.0184ms
Benchmarking exploring neighbors 100% ━━━━━━━━━━━━━━━━━━━━━━━━━━ 1/1 - configs/s
[AOT measure] Config 27/31: 0.0162ms
Benchmarking exploring neighbors 100% ━━━━━━━━━━━━━━━━━━━━━━━━━━ 1/1 - configs/s
[AOT measure] Config 28/31: 0.0164ms
Benchmarking exploring neighbors 100% ━━━━━━━━━━━━━━━━━━━━━━━━━━ 1/1 - configs/s
[AOT measure] Config 29/31: 0.0164ms
Benchmarking exploring neighbors 100% ━━━━━━━━━━━━━━━━━━━━━━━━━━ 1/1 - configs/s
[AOT measure] Config 30/31: 0.0205ms
Benchmarking exploring neighbors 100% ━━━━━━━━━━━━━━━━━━━━━━━━━━ 1/1 - configs/s
[AOT measure] Config 31/31: 0.0205ms
[AOT measure] Completed: 30/31 configs succeeded
  1408x1408 @ 1408x1408 done
[0s] Autotune random seed: 3891572246
[AOT measure] Testing 31 configs for fp8_gemm shape_hash=3bc5a3dc
module {
  tt.func public @_helion_fp8_gemm(%arg0: !tt.ptr<f8E4M3FN> {tt.divisibility = 16 : i32}, %arg1: !tt.ptr<f8E4M3FN> {tt.divisibility = 16 : i32}, %arg2: !tt.ptr<f16> {tt.divisibility = 16 : i32}) attributes {noinline = false} {
    %c768_i32 = arith.constant 768 : i32
    %c256_i32 = arith.constant 256 : i32
    %c1536_i32 = arith.constant 1536 : i32
    %c0_i32 = arith.constant 0 : i32
    %cst = arith.constant dense<1536> : tensor<256x1xi32>
    %cst_0 = arith.constant dense<1536> : tensor<16x1xi32>
    %cst_1 = arith.constant dense<0.000000e+00> : tensor<16x32xf32>
    %c32_i32 = arith.constant 32 : i32
    %c16_i32 = arith.constant 16 : i32
    %c96_i32 = arith.constant 96 : i32
    %0 = tt.get_program_id x : i32
    %1 = arith.divsi %0, %c768_i32 : i32
    %2 = arith.muli %1, %c16_i32 : i32
    %3 = arith.subi %c96_i32, %2 : i32
    %4 = arith.minsi %3, %c16_i32 : i32
    %5 = arith.remsi %0, %c768_i32 : i32
    %6 = arith.remsi %5, %4 : i32
    %7 = arith.addi %2, %6 : i32
    %8 = arith.divsi %5, %4 : i32
    %9 = arith.muli %7, %c16_i32 : i32
    %10 = tt.make_range {end = 16 : i32, start = 0 : i32} : tensor<16xi32>
    %11 = tt.splat %9 : i32 -> tensor<16xi32>
    %12 = arith.addi %11, %10 : tensor<16xi32>
    %13 = arith.muli %8, %c32_i32 : i32
    %14 = tt.make_range {end = 32 : i32, start = 0 : i32} : tensor<32xi32>
    %15 = tt.splat %13 : i32 -> tensor<32xi32>
    %16 = arith.addi %15, %14 : tensor<32xi32>
    %17 = scf.for %arg3 = %c0_i32 to %c1536_i32 step %c256_i32 iter_args(%arg4 = %cst_1) -> (tensor<16x32xf32>)  : i32 {
      %27 = tt.make_range {end = 256 : i32, start = 0 : i32} : tensor<256xi32>
      %28 = tt.splat %arg3 : i32 -> tensor<256xi32>
      %29 = arith.addi %28, %27 : tensor<256xi32>
      %30 = tt.expand_dims %12 {axis = 1 : i32} : tensor<16xi32> -> tensor<16x1xi32>
      %31 = arith.muli %30, %cst_0 : tensor<16x1xi32>
      %32 = tt.expand_dims %29 {axis = 0 : i32} : tensor<256xi32> -> tensor<1x256xi32>
      %33 = tt.broadcast %31 : tensor<16x1xi32> -> tensor<16x256xi32>
      %34 = tt.broadcast %32 : tensor<1x256xi32> -> tensor<16x256xi32>
      %35 = arith.addi %33, %34 : tensor<16x256xi32>
      %36 = tt.splat %arg0 : !tt.ptr<f8E4M3FN> -> tensor<16x256x!tt.ptr<f8E4M3FN>>
      %37 = tt.addptr %36, %35 : tensor<16x256x!tt.ptr<f8E4M3FN>>, tensor<16x256xi32>
      %38 = tt.load %37 evictionPolicy = evict_last : tensor<16x256x!tt.ptr<f8E4M3FN>>
      %39 = tt.expand_dims %29 {axis = 1 : i32} : tensor<256xi32> -> tensor<256x1xi32>
      %40 = arith.muli %39, %cst : tensor<256x1xi32>
      %41 = tt.expand_dims %16 {axis = 0 : i32} : tensor<32xi32> -> tensor<1x32xi32>
      %42 = tt.broadcast %40 : tensor<256x1xi32> -> tensor<256x32xi32>
      %43 = tt.broadcast %41 : tensor<1x32xi32> -> tensor<256x32xi32>
      %44 = arith.addi %42, %43 : tensor<256x32xi32>
      %45 = tt.splat %arg1 : !tt.ptr<f8E4M3FN> -> tensor<256x32x!tt.ptr<f8E4M3FN>>
      %46 = tt.addptr %45, %44 : tensor<256x32x!tt.ptr<f8E4M3FN>>, tensor<256x32xi32>
      %47 = tt.load %46 : tensor<256x32x!tt.ptr<f8E4M3FN>>
      %48 = tt.dot %38, %47, %arg4, inputPrecision = tf32 : tensor<16x256xf8E4M3FN> * tensor<256x32xf8E4M3FN> -> tensor<16x32xf32>
      scf.yield %48 : tensor<16x32xf32>
    } {tt.loop_unroll_factor = 1 : i32, tt.num_stages = 1 : i32, tt.warp_specialize}
    %18 = arith.truncf %17 : tensor<16x32xf32> to tensor<16x32xf16>
    %19 = tt.expand_dims %12 {axis = 1 : i32} : tensor<16xi32> -> tensor<16x1xi32>
    %20 = arith.muli %19, %cst_0 : tensor<16x1xi32>
    %21 = tt.expand_dims %16 {axis = 0 : i32} : tensor<32xi32> -> tensor<1x32xi32>
    %22 = tt.broadcast %20 : tensor<16x1xi32> -> tensor<16x32xi32>
    %23 = tt.broadcast %21 : tensor<1x32xi32> -> tensor<16x32xi32>
    %24 = arith.addi %22, %23 : tensor<16x32xi32>
    %25 = tt.splat %arg2 : !tt.ptr<f16> -> tensor<16x32x!tt.ptr<f16>>
    %26 = tt.addptr %25, %24 : tensor<16x32x!tt.ptr<f16>>, tensor<16x32xi32>
    tt.store %26, %18 : tensor<16x32x!tt.ptr<f16>>
    tt.return
  }
}

{-#
  external_resources: {
    mlir_reproducer: {
      pipeline: "builtin.module(convert-triton-to-tritongpu{enable-source-remat=false num-ctas=1 num-warps=4 target=cuda:100 threads-per-warp=32}, tritongpu-coalesce, tritongpu-F32DotTC{emu-tf32=true}, triton-nvidia-gpu-plan-cta, tritongpu-remove-layout-conversions, tritongpu-optimize-thread-locality, tritongpu-accelerate-matmul, tritongpu-remove-layout-conversions, tritongpu-optimize-dot-operands{hoist-layout-conversion=true}, triton-nvidia-optimize-descriptor-encoding, triton-loop-aware-cse, tritongpu-fuse-nested-loops, canonicalize{  max-iterations=10 max-num-rewrites=-1 region-simplify=normal test-convergence=false top-down=true}, triton-licm, tritongpu-optimize-accumulator-init, tritongpu-hoist-tmem-alloc{hoist-out-of-if=false}, tritongpu-promote-lhs-to-tmem, tritongpu-assign-latencies{num-stages=8}, tritongpu-schedule-loops, tritongpu-automatic-warp-specialization{num-stages=8}, tritongpu-pipeline{dump-intermediate-steps=false num-stages=8}, tritongpu-optimize-partition-warps, tritongpu-combine-tensor-select-and-if, tritongpu-hoist-tmem-alloc{hoist-out-of-if=true}, triton-nvidia-gpu-remove-tmem-tokens, canonicalize{  max-iterations=10 max-num-rewrites=-1 region-simplify=normal test-convergence=false top-down=true}, triton-loop-aware-cse, tritongpu-prefetch, tritongpu-optimize-dot-operands{hoist-layout-conversion=true}, tritongpu-coalesce-async-copy, triton-nvidia-optimize-tmem-layouts, triton-nvidia-tma-lowering, tritongpu-remove-layout-conversions, triton-nvidia-interleave-tmem, tritongpu-reduce-data-duplication, tritongpu-reorder-instructions, triton-loop-aware-cse, symbol-dce, triton-nvidia-gpu-fence-insertion{compute-capability=100}, triton-nvidia-mma-lowering, sccp, cse, canonicalize{  max-iterations=10 max-num-rewrites=-1 region-simplify=normal test-convergence=false top-down=true})",
      disable_threading: true,
      verify_each: true
    }
  }
#-}
/tmp/torchinductor_jongsokchoi/4f/c4fmt2j5vrzbeqwsoaafupdkg5dht5vmw6vz4e325aalo75kxsv3.py:14:0: error: Failures have been detected while processing an MLIR pass pipeline
/tmp/torchinductor_jongsokchoi/4f/c4fmt2j5vrzbeqwsoaafupdkg5dht5vmw6vz4e325aalo75kxsv3.py:14:0: note: Pipeline failed while executing [`TritonGPUAutomaticWarpSpecialization` on 'builtin.module' operation, `NVWSInsertAref` on 'builtin.module' operation]: reproducer generated at `std::errs, please share the reproducer above with Triton project.`
Benchmarking exploring neighbors 100% ━━━━━━━━━━━━━━━━━━━━━━━━━━ 1/1 - configs/s
[AOT measure] Config 1/31: invalid (inf timing)
Benchmarking exploring neighbors 100% ━━━━━━━━━━━━━━━━━━━━━━━━━━ 1/1 - configs/s
[AOT measure] Config 2/31: 0.0944ms
Benchmarking exploring neighbors 100% ━━━━━━━━━━━━━━━━━━━━━━━━━━ 1/1 - configs/s
[AOT measure] Config 3/31: 0.0267ms
Benchmarking exploring neighbors 100% ━━━━━━━━━━━━━━━━━━━━━━━━━━ 1/1 - configs/s
[AOT measure] Config 4/31: 0.0184ms
Benchmarking exploring neighbors 100% ━━━━━━━━━━━━━━━━━━━━━━━━━━ 1/1 - configs/s
[AOT measure] Config 5/31: 0.0246ms
Benchmarking exploring neighbors 100% ━━━━━━━━━━━━━━━━━━━━━━━━━━ 1/1 - configs/s
[AOT measure] Config 6/31: 0.0123ms
Benchmarking exploring neighbors 100% ━━━━━━━━━━━━━━━━━━━━━━━━━━ 1/1 - configs/s
[AOT measure] Config 7/31: 0.0185ms
Benchmarking exploring neighbors 100% ━━━━━━━━━━━━━━━━━━━━━━━━━━ 1/1 - configs/s
[AOT measure] Config 8/31: 0.0143ms
Benchmarking exploring neighbors 100% ━━━━━━━━━━━━━━━━━━━━━━━━━━ 1/1 - configs/s
[AOT measure] Config 9/31: 0.0143ms
Benchmarking exploring neighbors 100% ━━━━━━━━━━━━━━━━━━━━━━━━━━ 1/1 - configs/s
[AOT measure] Config 10/31: 0.0143ms
Benchmarking exploring neighbors 100% ━━━━━━━━━━━━━━━━━━━━━━━━━━ 1/1 - configs/s
[AOT measure] Config 11/31: 0.0143ms
Benchmarking exploring neighbors 100% ━━━━━━━━━━━━━━━━━━━━━━━━━━ 1/1 - configs/s
[AOT measure] Config 12/31: 0.0164ms
Benchmarking exploring neighbors 100% ━━━━━━━━━━━━━━━━━━━━━━━━━━ 1/1 - configs/s
[AOT measure] Config 13/31: 0.0164ms
Benchmarking exploring neighbors 100% ━━━━━━━━━━━━━━━━━━━━━━━━━━ 1/1 - configs/s
[AOT measure] Config 14/31: 0.0164ms
Benchmarking exploring neighbors 100% ━━━━━━━━━━━━━━━━━━━━━━━━━━ 1/1 - configs/s
[AOT measure] Config 15/31: 0.0144ms
Benchmarking exploring neighbors 100% ━━━━━━━━━━━━━━━━━━━━━━━━━━ 1/1 - configs/s
[AOT measure] Config 16/31: 0.0184ms
Benchmarking exploring neighbors 100% ━━━━━━━━━━━━━━━━━━━━━━━━━━ 1/1 - configs/s
[AOT measure] Config 17/31: 0.0205ms
Benchmarking exploring neighbors 100% ━━━━━━━━━━━━━━━━━━━━━━━━━━ 1/1 - configs/s
[AOT measure] Config 18/31: 0.0205ms
Benchmarking exploring neighbors 100% ━━━━━━━━━━━━━━━━━━━━━━━━━━ 1/1 - configs/s
[AOT measure] Config 19/31: 0.0205ms
Benchmarking exploring neighbors 100% ━━━━━━━━━━━━━━━━━━━━━━━━━━ 1/1 - configs/s
[AOT measure] Config 20/31: 0.0164ms
Benchmarking exploring neighbors 100% ━━━━━━━━━━━━━━━━━━━━━━━━━━ 1/1 - configs/s
[AOT measure] Config 21/31: 0.0184ms
Benchmarking exploring neighbors 100% ━━━━━━━━━━━━━━━━━━━━━━━━━━ 1/1 - configs/s
[AOT measure] Config 22/31: 0.0205ms
Benchmarking exploring neighbors 100% ━━━━━━━━━━━━━━━━━━━━━━━━━━ 1/1 - configs/s
[AOT measure] Config 23/31: 0.0205ms
Benchmarking exploring neighbors 100% ━━━━━━━━━━━━━━━━━━━━━━━━━━ 1/1 - configs/s
[AOT measure] Config 24/31: 0.0164ms
Benchmarking exploring neighbors 100% ━━━━━━━━━━━━━━━━━━━━━━━━━━ 1/1 - configs/s
[AOT measure] Config 25/31: 0.0164ms
Benchmarking exploring neighbors 100% ━━━━━━━━━━━━━━━━━━━━━━━━━━ 1/1 - configs/s
[AOT measure] Config 26/31: 0.0184ms
Benchmarking exploring neighbors 100% ━━━━━━━━━━━━━━━━━━━━━━━━━━ 1/1 - configs/s
[AOT measure] Config 27/31: 0.0164ms
Benchmarking exploring neighbors 100% ━━━━━━━━━━━━━━━━━━━━━━━━━━ 1/1 - configs/s
[AOT measure] Config 28/31: 0.0164ms
Benchmarking exploring neighbors 100% ━━━━━━━━━━━━━━━━━━━━━━━━━━ 1/1 - configs/s
[AOT measure] Config 29/31: 0.0184ms
Benchmarking exploring neighbors 100% ━━━━━━━━━━━━━━━━━━━━━━━━━━ 1/1 - configs/s
[AOT measure] Config 30/31: 0.0205ms
Benchmarking exploring neighbors 100% ━━━━━━━━━━━━━━━━━━━━━━━━━━ 1/1 - configs/s
[AOT measure] Config 31/31: 0.0205ms
[AOT measure] Completed: 30/31 configs succeeded
  1536x1536 @ 1536x1536 done
[0s] Autotune random seed: 3891572246
[AOT measure] Testing 31 configs for fp8_gemm shape_hash=f647a5b8
module {
  tt.func public @_helion_fp8_gemm(%arg0: !tt.ptr<f8E4M3FN> {tt.divisibility = 16 : i32}, %arg1: !tt.ptr<f8E4M3FN> {tt.divisibility = 16 : i32}, %arg2: !tt.ptr<f16> {tt.divisibility = 16 : i32}) attributes {noinline = false} {
    %c832_i32 = arith.constant 832 : i32
    %cst = arith.constant dense<0.000000e+00> : tensor<256x32xf8E4M3FN>
    %cst_0 = arith.constant dense<0.000000e+00> : tensor<16x256xf8E4M3FN>
    %c256_i32 = arith.constant 256 : i32
    %c1664_i32 = arith.constant 1664 : i32
    %c0_i32 = arith.constant 0 : i32
    %cst_1 = arith.constant dense<1664> : tensor<256x1xi32>
    %cst_2 = arith.constant dense<1664> : tensor<16x1xi32>
    %cst_3 = arith.constant dense<1664> : tensor<256xi32>
    %cst_4 = arith.constant dense<0.000000e+00> : tensor<16x32xf32>
    %c32_i32 = arith.constant 32 : i32
    %c16_i32 = arith.constant 16 : i32
    %c104_i32 = arith.constant 104 : i32
    %0 = tt.get_program_id x : i32
    %1 = arith.divsi %0, %c832_i32 : i32
    %2 = arith.muli %1, %c16_i32 : i32
    %3 = arith.subi %c104_i32, %2 : i32
    %4 = arith.minsi %3, %c16_i32 : i32
    %5 = arith.remsi %0, %c832_i32 : i32
    %6 = arith.remsi %5, %4 : i32
    %7 = arith.addi %2, %6 : i32
    %8 = arith.divsi %5, %4 : i32
    %9 = arith.muli %7, %c16_i32 : i32
    %10 = tt.make_range {end = 16 : i32, start = 0 : i32} : tensor<16xi32>
    %11 = tt.splat %9 : i32 -> tensor<16xi32>
    %12 = arith.addi %11, %10 : tensor<16xi32>
    %13 = arith.muli %8, %c32_i32 : i32
    %14 = tt.make_range {end = 32 : i32, start = 0 : i32} : tensor<32xi32>
    %15 = tt.splat %13 : i32 -> tensor<32xi32>
    %16 = arith.addi %15, %14 : tensor<32xi32>
    %17 = scf.for %arg3 = %c0_i32 to %c1664_i32 step %c256_i32 iter_args(%arg4 = %cst_4) -> (tensor<16x32xf32>)  : i32 {
      %27 = tt.make_range {end = 256 : i32, start = 0 : i32} : tensor<256xi32>
      %28 = tt.splat %arg3 : i32 -> tensor<256xi32>
      %29 = arith.addi %28, %27 : tensor<256xi32>
      %30 = arith.cmpi slt, %29, %cst_3 : tensor<256xi32>
      %31 = tt.expand_dims %12 {axis = 1 : i32} : tensor<16xi32> -> tensor<16x1xi32>
      %32 = arith.muli %31, %cst_2 : tensor<16x1xi32>
      %33 = tt.expand_dims %29 {axis = 0 : i32} : tensor<256xi32> -> tensor<1x256xi32>
      %34 = tt.broadcast %32 : tensor<16x1xi32> -> tensor<16x256xi32>
      %35 = tt.broadcast %33 : tensor<1x256xi32> -> tensor<16x256xi32>
      %36 = arith.addi %34, %35 : tensor<16x256xi32>
      %37 = tt.splat %arg0 : !tt.ptr<f8E4M3FN> -> tensor<16x256x!tt.ptr<f8E4M3FN>>
      %38 = tt.addptr %37, %36 : tensor<16x256x!tt.ptr<f8E4M3FN>>, tensor<16x256xi32>
      %39 = tt.expand_dims %30 {axis = 0 : i32} : tensor<256xi1> -> tensor<1x256xi1>
      %40 = tt.broadcast %39 : tensor<1x256xi1> -> tensor<16x256xi1>
      %41 = tt.load %38, %40, %cst_0 evictionPolicy = evict_last : tensor<16x256x!tt.ptr<f8E4M3FN>>
      %42 = tt.expand_dims %29 {axis = 1 : i32} : tensor<256xi32> -> tensor<256x1xi32>
      %43 = arith.muli %42, %cst_1 : tensor<256x1xi32>
      %44 = tt.expand_dims %16 {axis = 0 : i32} : tensor<32xi32> -> tensor<1x32xi32>
      %45 = tt.broadcast %43 : tensor<256x1xi32> -> tensor<256x32xi32>
      %46 = tt.broadcast %44 : tensor<1x32xi32> -> tensor<256x32xi32>
      %47 = arith.addi %45, %46 : tensor<256x32xi32>
      %48 = tt.splat %arg1 : !tt.ptr<f8E4M3FN> -> tensor<256x32x!tt.ptr<f8E4M3FN>>
      %49 = tt.addptr %48, %47 : tensor<256x32x!tt.ptr<f8E4M3FN>>, tensor<256x32xi32>
      %50 = tt.expand_dims %30 {axis = 1 : i32} : tensor<256xi1> -> tensor<256x1xi1>
      %51 = tt.broadcast %50 : tensor<256x1xi1> -> tensor<256x32xi1>
      %52 = tt.load %49, %51, %cst : tensor<256x32x!tt.ptr<f8E4M3FN>>
      %53 = tt.dot %41, %52, %arg4, inputPrecision = tf32 : tensor<16x256xf8E4M3FN> * tensor<256x32xf8E4M3FN> -> tensor<16x32xf32>
      scf.yield %53 : tensor<16x32xf32>
    } {tt.loop_unroll_factor = 1 : i32, tt.num_stages = 1 : i32, tt.warp_specialize}
    %18 = arith.truncf %17 : tensor<16x32xf32> to tensor<16x32xf16>
    %19 = tt.expand_dims %12 {axis = 1 : i32} : tensor<16xi32> -> tensor<16x1xi32>
    %20 = arith.muli %19, %cst_2 : tensor<16x1xi32>
    %21 = tt.expand_dims %16 {axis = 0 : i32} : tensor<32xi32> -> tensor<1x32xi32>
    %22 = tt.broadcast %20 : tensor<16x1xi32> -> tensor<16x32xi32>
    %23 = tt.broadcast %21 : tensor<1x32xi32> -> tensor<16x32xi32>
    %24 = arith.addi %22, %23 : tensor<16x32xi32>
    %25 = tt.splat %arg2 : !tt.ptr<f16> -> tensor<16x32x!tt.ptr<f16>>
    %26 = tt.addptr %25, %24 : tensor<16x32x!tt.ptr<f16>>, tensor<16x32xi32>
    tt.store %26, %18 : tensor<16x32x!tt.ptr<f16>>
    tt.return
  }
}

{-#
  external_resources: {
    mlir_reproducer: {
      pipeline: "builtin.module(convert-triton-to-tritongpu{enable-source-remat=false num-ctas=1 num-warps=4 target=cuda:100 threads-per-warp=32}, tritongpu-coalesce, tritongpu-F32DotTC{emu-tf32=true}, triton-nvidia-gpu-plan-cta, tritongpu-remove-layout-conversions, tritongpu-optimize-thread-locality, tritongpu-accelerate-matmul, tritongpu-remove-layout-conversions, tritongpu-optimize-dot-operands{hoist-layout-conversion=true}, triton-nvidia-optimize-descriptor-encoding, triton-loop-aware-cse, tritongpu-fuse-nested-loops, canonicalize{  max-iterations=10 max-num-rewrites=-1 region-simplify=normal test-convergence=false top-down=true}, triton-licm, tritongpu-optimize-accumulator-init, tritongpu-hoist-tmem-alloc{hoist-out-of-if=false}, tritongpu-promote-lhs-to-tmem, tritongpu-assign-latencies{num-stages=8}, tritongpu-schedule-loops, tritongpu-automatic-warp-specialization{num-stages=8}, tritongpu-pipeline{dump-intermediate-steps=false num-stages=8}, tritongpu-optimize-partition-warps, tritongpu-combine-tensor-select-and-if, tritongpu-hoist-tmem-alloc{hoist-out-of-if=true}, triton-nvidia-gpu-remove-tmem-tokens, canonicalize{  max-iterations=10 max-num-rewrites=-1 region-simplify=normal test-convergence=false top-down=true}, triton-loop-aware-cse, tritongpu-prefetch, tritongpu-optimize-dot-operands{hoist-layout-conversion=true}, tritongpu-coalesce-async-copy, triton-nvidia-optimize-tmem-layouts, triton-nvidia-tma-lowering, tritongpu-remove-layout-conversions, triton-nvidia-interleave-tmem, tritongpu-reduce-data-duplication, tritongpu-reorder-instructions, triton-loop-aware-cse, symbol-dce, triton-nvidia-gpu-fence-insertion{compute-capability=100}, triton-nvidia-mma-lowering, sccp, cse, canonicalize{  max-iterations=10 max-num-rewrites=-1 region-simplify=normal test-convergence=false top-down=true})",
      disable_threading: true,
      verify_each: true
    }
  }
#-}
/tmp/torchinductor_jongsokchoi/ed/cedhtwwfdx43b2uzleau2n235adf6jrzpk55tllu25xwsurjmtnk.py:14:0: error: Failures have been detected while processing an MLIR pass pipeline
/tmp/torchinductor_jongsokchoi/ed/cedhtwwfdx43b2uzleau2n235adf6jrzpk55tllu25xwsurjmtnk.py:14:0: note: Pipeline failed while executing [`TritonGPUAutomaticWarpSpecialization` on 'builtin.module' operation, `NVWSInsertAref` on 'builtin.module' operation]: reproducer generated at `std::errs, please share the reproducer above with Triton project.`
Benchmarking exploring neighbors 100% ━━━━━━━━━━━━━━━━━━━━━━━━━━ 1/1 - configs/s
[AOT measure] Config 1/31: invalid (inf timing)
Benchmarking exploring neighbors 100% ━━━━━━━━━━━━━━━━━━━━━━━━━━ 1/1 - configs/s
[AOT measure] Config 2/31: 0.1168ms
Benchmarking exploring neighbors 100% ━━━━━━━━━━━━━━━━━━━━━━━━━━ 1/1 - configs/s
[AOT measure] Config 3/31: 0.0328ms
Benchmarking exploring neighbors 100% ━━━━━━━━━━━━━━━━━━━━━━━━━━ 1/1 - configs/s
[AOT measure] Config 4/31: 0.0246ms
Benchmarking exploring neighbors 100% ━━━━━━━━━━━━━━━━━━━━━━━━━━ 1/1 - configs/s
[AOT measure] Config 5/31: 0.0307ms
Benchmarking exploring neighbors 100% ━━━━━━━━━━━━━━━━━━━━━━━━━━ 1/1 - configs/s
[AOT measure] Config 6/31: 0.0185ms
Benchmarking exploring neighbors 100% ━━━━━━━━━━━━━━━━━━━━━━━━━━ 1/1 - configs/s
[AOT measure] Config 7/31: 0.0246ms
Benchmarking exploring neighbors 100% ━━━━━━━━━━━━━━━━━━━━━━━━━━ 1/1 - configs/s
[AOT measure] Config 8/31: 0.0226ms
Benchmarking exploring neighbors 100% ━━━━━━━━━━━━━━━━━━━━━━━━━━ 1/1 - configs/s
[AOT measure] Config 9/31: 0.0164ms
Benchmarking exploring neighbors 100% ━━━━━━━━━━━━━━━━━━━━━━━━━━ 1/1 - configs/s
[AOT measure] Config 10/31: 0.0205ms
Benchmarking exploring neighbors 100% ━━━━━━━━━━━━━━━━━━━━━━━━━━ 1/1 - configs/s
[AOT measure] Config 11/31: 0.0164ms
Benchmarking exploring neighbors 100% ━━━━━━━━━━━━━━━━━━━━━━━━━━ 1/1 - configs/s
[AOT measure] Config 12/31: 0.0164ms
Benchmarking exploring neighbors 100% ━━━━━━━━━━━━━━━━━━━━━━━━━━ 1/1 - configs/s
[AOT measure] Config 13/31: 0.0164ms
Benchmarking exploring neighbors 100% ━━━━━━━━━━━━━━━━━━━━━━━━━━ 1/1 - configs/s
[AOT measure] Config 14/31: 0.0166ms
Benchmarking exploring neighbors 100% ━━━━━━━━━━━━━━━━━━━━━━━━━━ 1/1 - configs/s
[AOT measure] Config 15/31: 0.0164ms
Benchmarking exploring neighbors 100% ━━━━━━━━━━━━━━━━━━━━━━━━━━ 1/1 - configs/s
[AOT measure] Config 16/31: 0.0184ms
Benchmarking exploring neighbors 100% ━━━━━━━━━━━━━━━━━━━━━━━━━━ 1/1 - configs/s
[AOT measure] Config 17/31: 0.0225ms
Benchmarking exploring neighbors 100% ━━━━━━━━━━━━━━━━━━━━━━━━━━ 1/1 - configs/s
[AOT measure] Config 18/31: 0.0205ms
Benchmarking exploring neighbors 100% ━━━━━━━━━━━━━━━━━━━━━━━━━━ 1/1 - configs/s
[AOT measure] Config 19/31: 0.0205ms
Benchmarking exploring neighbors 100% ━━━━━━━━━━━━━━━━━━━━━━━━━━ 1/1 - configs/s
[AOT measure] Config 20/31: 0.0185ms
Benchmarking exploring neighbors 100% ━━━━━━━━━━━━━━━━━━━━━━━━━━ 1/1 - configs/s
[AOT measure] Config 21/31: 0.0204ms
Benchmarking exploring neighbors 100% ━━━━━━━━━━━━━━━━━━━━━━━━━━ 1/1 - configs/s
[AOT measure] Config 22/31: 0.0205ms
Benchmarking exploring neighbors 100% ━━━━━━━━━━━━━━━━━━━━━━━━━━ 1/1 - configs/s
[AOT measure] Config 23/31: 0.0225ms
Benchmarking exploring neighbors 100% ━━━━━━━━━━━━━━━━━━━━━━━━━━ 1/1 - configs/s
[AOT measure] Config 24/31: 0.0185ms
Benchmarking exploring neighbors 100% ━━━━━━━━━━━━━━━━━━━━━━━━━━ 1/1 - configs/s
[AOT measure] Config 25/31: 0.0164ms
Benchmarking exploring neighbors 100% ━━━━━━━━━━━━━━━━━━━━━━━━━━ 1/1 - configs/s
[AOT measure] Config 26/31: 0.0204ms
Benchmarking exploring neighbors 100% ━━━━━━━━━━━━━━━━━━━━━━━━━━ 1/1 - configs/s
[AOT measure] Config 27/31: 0.0164ms
Benchmarking exploring neighbors 100% ━━━━━━━━━━━━━━━━━━━━━━━━━━ 1/1 - configs/s
[AOT measure] Config 28/31: 0.0164ms
Benchmarking exploring neighbors 100% ━━━━━━━━━━━━━━━━━━━━━━━━━━ 1/1 - configs/s
[AOT measure] Config 29/31: 0.0184ms
Benchmarking exploring neighbors 100% ━━━━━━━━━━━━━━━━━━━━━━━━━━ 1/1 - configs/s
[AOT measure] Config 30/31: 0.0205ms
Benchmarking exploring neighbors 100% ━━━━━━━━━━━━━━━━━━━━━━━━━━ 1/1 - configs/s
[AOT measure] Config 31/31: 0.0225ms
[AOT measure] Completed: 30/31 configs succeeded
  1664x1664 @ 1664x1664 done
[0s] Autotune random seed: 3891572246
[AOT measure] Testing 31 configs for fp8_gemm shape_hash=4020139c
module {
  tt.func public @_helion_fp8_gemm(%arg0: !tt.ptr<f8E4M3FN> {tt.divisibility = 16 : i32}, %arg1: !tt.ptr<f8E4M3FN> {tt.divisibility = 16 : i32}, %arg2: !tt.ptr<f16> {tt.divisibility = 16 : i32}) attributes {noinline = false} {
    %c896_i32 = arith.constant 896 : i32
    %c256_i32 = arith.constant 256 : i32
    %c1792_i32 = arith.constant 1792 : i32
    %c0_i32 = arith.constant 0 : i32
    %cst = arith.constant dense<1792> : tensor<256x1xi32>
    %cst_0 = arith.constant dense<1792> : tensor<16x1xi32>
    %cst_1 = arith.constant dense<0.000000e+00> : tensor<16x32xf32>
    %c32_i32 = arith.constant 32 : i32
    %c16_i32 = arith.constant 16 : i32
    %c112_i32 = arith.constant 112 : i32
    %0 = tt.get_program_id x : i32
    %1 = arith.divsi %0, %c896_i32 : i32
    %2 = arith.muli %1, %c16_i32 : i32
    %3 = arith.subi %c112_i32, %2 : i32
    %4 = arith.minsi %3, %c16_i32 : i32
    %5 = arith.remsi %0, %c896_i32 : i32
    %6 = arith.remsi %5, %4 : i32
    %7 = arith.addi %2, %6 : i32
    %8 = arith.divsi %5, %4 : i32
    %9 = arith.muli %7, %c16_i32 : i32
    %10 = tt.make_range {end = 16 : i32, start = 0 : i32} : tensor<16xi32>
    %11 = tt.splat %9 : i32 -> tensor<16xi32>
    %12 = arith.addi %11, %10 : tensor<16xi32>
    %13 = arith.muli %8, %c32_i32 : i32
    %14 = tt.make_range {end = 32 : i32, start = 0 : i32} : tensor<32xi32>
    %15 = tt.splat %13 : i32 -> tensor<32xi32>
    %16 = arith.addi %15, %14 : tensor<32xi32>
    %17 = scf.for %arg3 = %c0_i32 to %c1792_i32 step %c256_i32 iter_args(%arg4 = %cst_1) -> (tensor<16x32xf32>)  : i32 {
      %27 = tt.make_range {end = 256 : i32, start = 0 : i32} : tensor<256xi32>
      %28 = tt.splat %arg3 : i32 -> tensor<256xi32>
      %29 = arith.addi %28, %27 : tensor<256xi32>
      %30 = tt.expand_dims %12 {axis = 1 : i32} : tensor<16xi32> -> tensor<16x1xi32>
      %31 = arith.muli %30, %cst_0 : tensor<16x1xi32>
      %32 = tt.expand_dims %29 {axis = 0 : i32} : tensor<256xi32> -> tensor<1x256xi32>
      %33 = tt.broadcast %31 : tensor<16x1xi32> -> tensor<16x256xi32>
      %34 = tt.broadcast %32 : tensor<1x256xi32> -> tensor<16x256xi32>
      %35 = arith.addi %33, %34 : tensor<16x256xi32>
      %36 = tt.splat %arg0 : !tt.ptr<f8E4M3FN> -> tensor<16x256x!tt.ptr<f8E4M3FN>>
      %37 = tt.addptr %36, %35 : tensor<16x256x!tt.ptr<f8E4M3FN>>, tensor<16x256xi32>
      %38 = tt.load %37 evictionPolicy = evict_last : tensor<16x256x!tt.ptr<f8E4M3FN>>
      %39 = tt.expand_dims %29 {axis = 1 : i32} : tensor<256xi32> -> tensor<256x1xi32>
      %40 = arith.muli %39, %cst : tensor<256x1xi32>
      %41 = tt.expand_dims %16 {axis = 0 : i32} : tensor<32xi32> -> tensor<1x32xi32>
      %42 = tt.broadcast %40 : tensor<256x1xi32> -> tensor<256x32xi32>
      %43 = tt.broadcast %41 : tensor<1x32xi32> -> tensor<256x32xi32>
      %44 = arith.addi %42, %43 : tensor<256x32xi32>
      %45 = tt.splat %arg1 : !tt.ptr<f8E4M3FN> -> tensor<256x32x!tt.ptr<f8E4M3FN>>
      %46 = tt.addptr %45, %44 : tensor<256x32x!tt.ptr<f8E4M3FN>>, tensor<256x32xi32>
      %47 = tt.load %46 : tensor<256x32x!tt.ptr<f8E4M3FN>>
      %48 = tt.dot %38, %47, %arg4, inputPrecision = tf32 : tensor<16x256xf8E4M3FN> * tensor<256x32xf8E4M3FN> -> tensor<16x32xf32>
      scf.yield %48 : tensor<16x32xf32>
    } {tt.loop_unroll_factor = 1 : i32, tt.num_stages = 1 : i32, tt.warp_specialize}
    %18 = arith.truncf %17 : tensor<16x32xf32> to tensor<16x32xf16>
    %19 = tt.expand_dims %12 {axis = 1 : i32} : tensor<16xi32> -> tensor<16x1xi32>
    %20 = arith.muli %19, %cst_0 : tensor<16x1xi32>
    %21 = tt.expand_dims %16 {axis = 0 : i32} : tensor<32xi32> -> tensor<1x32xi32>
    %22 = tt.broadcast %20 : tensor<16x1xi32> -> tensor<16x32xi32>
    %23 = tt.broadcast %21 : tensor<1x32xi32> -> tensor<16x32xi32>
    %24 = arith.addi %22, %23 : tensor<16x32xi32>
    %25 = tt.splat %arg2 : !tt.ptr<f16> -> tensor<16x32x!tt.ptr<f16>>
    %26 = tt.addptr %25, %24 : tensor<16x32x!tt.ptr<f16>>, tensor<16x32xi32>
    tt.store %26, %18 : tensor<16x32x!tt.ptr<f16>>
    tt.return
  }
}

{-#
  external_resources: {
    mlir_reproducer: {
      pipeline: "builtin.module(convert-triton-to-tritongpu{enable-source-remat=false num-ctas=1 num-warps=4 target=cuda:100 threads-per-warp=32}, tritongpu-coalesce, tritongpu-F32DotTC{emu-tf32=true}, triton-nvidia-gpu-plan-cta, tritongpu-remove-layout-conversions, tritongpu-optimize-thread-locality, tritongpu-accelerate-matmul, tritongpu-remove-layout-conversions, tritongpu-optimize-dot-operands{hoist-layout-conversion=true}, triton-nvidia-optimize-descriptor-encoding, triton-loop-aware-cse, tritongpu-fuse-nested-loops, canonicalize{  max-iterations=10 max-num-rewrites=-1 region-simplify=normal test-convergence=false top-down=true}, triton-licm, tritongpu-optimize-accumulator-init, tritongpu-hoist-tmem-alloc{hoist-out-of-if=false}, tritongpu-promote-lhs-to-tmem, tritongpu-assign-latencies{num-stages=8}, tritongpu-schedule-loops, tritongpu-automatic-warp-specialization{num-stages=8}, tritongpu-pipeline{dump-intermediate-steps=false num-stages=8}, tritongpu-optimize-partition-warps, tritongpu-combine-tensor-select-and-if, tritongpu-hoist-tmem-alloc{hoist-out-of-if=true}, triton-nvidia-gpu-remove-tmem-tokens, canonicalize{  max-iterations=10 max-num-rewrites=-1 region-simplify=normal test-convergence=false top-down=true}, triton-loop-aware-cse, tritongpu-prefetch, tritongpu-optimize-dot-operands{hoist-layout-conversion=true}, tritongpu-coalesce-async-copy, triton-nvidia-optimize-tmem-layouts, triton-nvidia-tma-lowering, tritongpu-remove-layout-conversions, triton-nvidia-interleave-tmem, tritongpu-reduce-data-duplication, tritongpu-reorder-instructions, triton-loop-aware-cse, symbol-dce, triton-nvidia-gpu-fence-insertion{compute-capability=100}, triton-nvidia-mma-lowering, sccp, cse, canonicalize{  max-iterations=10 max-num-rewrites=-1 region-simplify=normal test-convergence=false top-down=true})",
      disable_threading: true,
      verify_each: true
    }
  }
#-}
/tmp/torchinductor_jongsokchoi/nk/cnkbq2a3phk77gi7a4pod6mkkgmduwuamtpmjw22esv6egvayxdn.py:14:0: error: Failures have been detected while processing an MLIR pass pipeline
/tmp/torchinductor_jongsokchoi/nk/cnkbq2a3phk77gi7a4pod6mkkgmduwuamtpmjw22esv6egvayxdn.py:14:0: note: Pipeline failed while executing [`TritonGPUAutomaticWarpSpecialization` on 'builtin.module' operation, `NVWSInsertAref` on 'builtin.module' operation]: reproducer generated at `std::errs, please share the reproducer above with Triton project.`
Benchmarking exploring neighbors 100% ━━━━━━━━━━━━━━━━━━━━━━━━━━ 1/1 - configs/s
[AOT measure] Config 1/31: invalid (inf timing)
Benchmarking exploring neighbors 100% ━━━━━━━━━━━━━━━━━━━━━━━━━━ 1/1 - configs/s
[AOT measure] Config 2/31: 0.1454ms
Benchmarking exploring neighbors 100% ━━━━━━━━━━━━━━━━━━━━━━━━━━ 1/1 - configs/s
[AOT measure] Config 3/31: 0.0378ms
Benchmarking exploring neighbors 100% ━━━━━━━━━━━━━━━━━━━━━━━━━━ 1/1 - configs/s
[AOT measure] Config 4/31: 0.0266ms
Benchmarking exploring neighbors 100% ━━━━━━━━━━━━━━━━━━━━━━━━━━ 1/1 - configs/s
[AOT measure] Config 5/31: 0.0369ms
Benchmarking exploring neighbors 100% ━━━━━━━━━━━━━━━━━━━━━━━━━━ 1/1 - configs/s
[AOT measure] Config 6/31: 0.0205ms
Benchmarking exploring neighbors 100% ━━━━━━━━━━━━━━━━━━━━━━━━━━ 1/1 - configs/s
[AOT measure] Config 7/31: 0.0267ms
Benchmarking exploring neighbors 100% ━━━━━━━━━━━━━━━━━━━━━━━━━━ 1/1 - configs/s
[AOT measure] Config 8/31: 0.0246ms
Benchmarking exploring neighbors 100% ━━━━━━━━━━━━━━━━━━━━━━━━━━ 1/1 - configs/s
[AOT measure] Config 9/31: 0.0184ms
Benchmarking exploring neighbors 100% ━━━━━━━━━━━━━━━━━━━━━━━━━━ 1/1 - configs/s
[AOT measure] Config 10/31: 0.0225ms
Benchmarking exploring neighbors 100% ━━━━━━━━━━━━━━━━━━━━━━━━━━ 1/1 - configs/s
[AOT measure] Config 11/31: 0.0185ms
Benchmarking exploring neighbors 100% ━━━━━━━━━━━━━━━━━━━━━━━━━━ 1/1 - configs/s
[AOT measure] Config 12/31: 0.0172ms
Benchmarking exploring neighbors 100% ━━━━━━━━━━━━━━━━━━━━━━━━━━ 1/1 - configs/s
[AOT measure] Config 13/31: 0.0164ms
Benchmarking exploring neighbors 100% ━━━━━━━━━━━━━━━━━━━━━━━━━━ 1/1 - configs/s
[AOT measure] Config 14/31: 0.0184ms
Benchmarking exploring neighbors 100% ━━━━━━━━━━━━━━━━━━━━━━━━━━ 1/1 - configs/s
[AOT measure] Config 15/31: 0.0164ms
Benchmarking exploring neighbors 100% ━━━━━━━━━━━━━━━━━━━━━━━━━━ 1/1 - configs/s
[AOT measure] Config 16/31: 0.0205ms
Benchmarking exploring neighbors 100% ━━━━━━━━━━━━━━━━━━━━━━━━━━ 1/1 - configs/s
[AOT measure] Config 17/31: 0.0225ms
Benchmarking exploring neighbors 100% ━━━━━━━━━━━━━━━━━━━━━━━━━━ 1/1 - configs/s
[AOT measure] Config 18/31: 0.0225ms
Benchmarking exploring neighbors 100% ━━━━━━━━━━━━━━━━━━━━━━━━━━ 1/1 - configs/s
[AOT measure] Config 19/31: 0.0225ms
Benchmarking exploring neighbors 100% ━━━━━━━━━━━━━━━━━━━━━━━━━━ 1/1 - configs/s
[AOT measure] Config 20/31: 0.0185ms
Benchmarking exploring neighbors 100% ━━━━━━━━━━━━━━━━━━━━━━━━━━ 1/1 - configs/s
[AOT measure] Config 21/31: 0.0205ms
Benchmarking exploring neighbors 100% ━━━━━━━━━━━━━━━━━━━━━━━━━━ 1/1 - configs/s
[AOT measure] Config 22/31: 0.0225ms
Benchmarking exploring neighbors 100% ━━━━━━━━━━━━━━━━━━━━━━━━━━ 1/1 - configs/s
[AOT measure] Config 23/31: 0.0225ms
Benchmarking exploring neighbors 100% ━━━━━━━━━━━━━━━━━━━━━━━━━━ 1/1 - configs/s
[AOT measure] Config 24/31: 0.0204ms
Benchmarking exploring neighbors 100% ━━━━━━━━━━━━━━━━━━━━━━━━━━ 1/1 - configs/s
[AOT measure] Config 25/31: 0.0164ms
Benchmarking exploring neighbors 100% ━━━━━━━━━━━━━━━━━━━━━━━━━━ 1/1 - configs/s
[AOT measure] Config 26/31: 0.0205ms
Benchmarking exploring neighbors 100% ━━━━━━━━━━━━━━━━━━━━━━━━━━ 1/1 - configs/s
[AOT measure] Config 27/31: 0.0164ms
Benchmarking exploring neighbors 100% ━━━━━━━━━━━━━━━━━━━━━━━━━━ 1/1 - configs/s
[AOT measure] Config 28/31: 0.0165ms
Benchmarking exploring neighbors 100% ━━━━━━━━━━━━━━━━━━━━━━━━━━ 1/1 - configs/s
[AOT measure] Config 29/31: 0.0185ms
Benchmarking exploring neighbors 100% ━━━━━━━━━━━━━━━━━━━━━━━━━━ 1/1 - configs/s
[AOT measure] Config 30/31: 0.0225ms
Benchmarking exploring neighbors 100% ━━━━━━━━━━━━━━━━━━━━━━━━━━ 1/1 - configs/s
[AOT measure] Config 31/31: 0.0225ms
[AOT measure] Completed: 30/31 configs succeeded
  1792x1792 @ 1792x1792 done
[0s] Autotune random seed: 3891572246
[AOT measure] Testing 31 configs for fp8_gemm shape_hash=22adf045
module {
  tt.func public @_helion_fp8_gemm(%arg0: !tt.ptr<f8E4M3FN> {tt.divisibility = 16 : i32}, %arg1: !tt.ptr<f8E4M3FN> {tt.divisibility = 16 : i32}, %arg2: !tt.ptr<f16> {tt.divisibility = 16 : i32}) attributes {noinline = false} {
    %c960_i32 = arith.constant 960 : i32
    %cst = arith.constant dense<0.000000e+00> : tensor<256x32xf8E4M3FN>
    %cst_0 = arith.constant dense<0.000000e+00> : tensor<16x256xf8E4M3FN>
    %c256_i32 = arith.constant 256 : i32
    %c1920_i32 = arith.constant 1920 : i32
    %c0_i32 = arith.constant 0 : i32
    %cst_1 = arith.constant dense<1920> : tensor<256x1xi32>
    %cst_2 = arith.constant dense<1920> : tensor<16x1xi32>
    %cst_3 = arith.constant dense<1920> : tensor<256xi32>
    %cst_4 = arith.constant dense<0.000000e+00> : tensor<16x32xf32>
    %c32_i32 = arith.constant 32 : i32
    %c16_i32 = arith.constant 16 : i32
    %c120_i32 = arith.constant 120 : i32
    %0 = tt.get_program_id x : i32
    %1 = arith.divsi %0, %c960_i32 : i32
    %2 = arith.muli %1, %c16_i32 : i32
    %3 = arith.subi %c120_i32, %2 : i32
    %4 = arith.minsi %3, %c16_i32 : i32
    %5 = arith.remsi %0, %c960_i32 : i32
    %6 = arith.remsi %5, %4 : i32
    %7 = arith.addi %2, %6 : i32
    %8 = arith.divsi %5, %4 : i32
    %9 = arith.muli %7, %c16_i32 : i32
    %10 = tt.make_range {end = 16 : i32, start = 0 : i32} : tensor<16xi32>
    %11 = tt.splat %9 : i32 -> tensor<16xi32>
    %12 = arith.addi %11, %10 : tensor<16xi32>
    %13 = arith.muli %8, %c32_i32 : i32
    %14 = tt.make_range {end = 32 : i32, start = 0 : i32} : tensor<32xi32>
    %15 = tt.splat %13 : i32 -> tensor<32xi32>
    %16 = arith.addi %15, %14 : tensor<32xi32>
    %17 = scf.for %arg3 = %c0_i32 to %c1920_i32 step %c256_i32 iter_args(%arg4 = %cst_4) -> (tensor<16x32xf32>)  : i32 {
      %27 = tt.make_range {end = 256 : i32, start = 0 : i32} : tensor<256xi32>
      %28 = tt.splat %arg3 : i32 -> tensor<256xi32>
      %29 = arith.addi %28, %27 : tensor<256xi32>
      %30 = arith.cmpi slt, %29, %cst_3 : tensor<256xi32>
      %31 = tt.expand_dims %12 {axis = 1 : i32} : tensor<16xi32> -> tensor<16x1xi32>
      %32 = arith.muli %31, %cst_2 : tensor<16x1xi32>
      %33 = tt.expand_dims %29 {axis = 0 : i32} : tensor<256xi32> -> tensor<1x256xi32>
      %34 = tt.broadcast %32 : tensor<16x1xi32> -> tensor<16x256xi32>
      %35 = tt.broadcast %33 : tensor<1x256xi32> -> tensor<16x256xi32>
      %36 = arith.addi %34, %35 : tensor<16x256xi32>
      %37 = tt.splat %arg0 : !tt.ptr<f8E4M3FN> -> tensor<16x256x!tt.ptr<f8E4M3FN>>
      %38 = tt.addptr %37, %36 : tensor<16x256x!tt.ptr<f8E4M3FN>>, tensor<16x256xi32>
      %39 = tt.expand_dims %30 {axis = 0 : i32} : tensor<256xi1> -> tensor<1x256xi1>
      %40 = tt.broadcast %39 : tensor<1x256xi1> -> tensor<16x256xi1>
      %41 = tt.load %38, %40, %cst_0 evictionPolicy = evict_last : tensor<16x256x!tt.ptr<f8E4M3FN>>
      %42 = tt.expand_dims %29 {axis = 1 : i32} : tensor<256xi32> -> tensor<256x1xi32>
      %43 = arith.muli %42, %cst_1 : tensor<256x1xi32>
      %44 = tt.expand_dims %16 {axis = 0 : i32} : tensor<32xi32> -> tensor<1x32xi32>
      %45 = tt.broadcast %43 : tensor<256x1xi32> -> tensor<256x32xi32>
      %46 = tt.broadcast %44 : tensor<1x32xi32> -> tensor<256x32xi32>
      %47 = arith.addi %45, %46 : tensor<256x32xi32>
      %48 = tt.splat %arg1 : !tt.ptr<f8E4M3FN> -> tensor<256x32x!tt.ptr<f8E4M3FN>>
      %49 = tt.addptr %48, %47 : tensor<256x32x!tt.ptr<f8E4M3FN>>, tensor<256x32xi32>
      %50 = tt.expand_dims %30 {axis = 1 : i32} : tensor<256xi1> -> tensor<256x1xi1>
      %51 = tt.broadcast %50 : tensor<256x1xi1> -> tensor<256x32xi1>
      %52 = tt.load %49, %51, %cst : tensor<256x32x!tt.ptr<f8E4M3FN>>
      %53 = tt.dot %41, %52, %arg4, inputPrecision = tf32 : tensor<16x256xf8E4M3FN> * tensor<256x32xf8E4M3FN> -> tensor<16x32xf32>
      scf.yield %53 : tensor<16x32xf32>
    } {tt.loop_unroll_factor = 1 : i32, tt.num_stages = 1 : i32, tt.warp_specialize}
    %18 = arith.truncf %17 : tensor<16x32xf32> to tensor<16x32xf16>
    %19 = tt.expand_dims %12 {axis = 1 : i32} : tensor<16xi32> -> tensor<16x1xi32>
    %20 = arith.muli %19, %cst_2 : tensor<16x1xi32>
    %21 = tt.expand_dims %16 {axis = 0 : i32} : tensor<32xi32> -> tensor<1x32xi32>
    %22 = tt.broadcast %20 : tensor<16x1xi32> -> tensor<16x32xi32>
    %23 = tt.broadcast %21 : tensor<1x32xi32> -> tensor<16x32xi32>
    %24 = arith.addi %22, %23 : tensor<16x32xi32>
    %25 = tt.splat %arg2 : !tt.ptr<f16> -> tensor<16x32x!tt.ptr<f16>>
    %26 = tt.addptr %25, %24 : tensor<16x32x!tt.ptr<f16>>, tensor<16x32xi32>
    tt.store %26, %18 : tensor<16x32x!tt.ptr<f16>>
    tt.return
  }
}

{-#
  external_resources: {
    mlir_reproducer: {
      pipeline: "builtin.module(convert-triton-to-tritongpu{enable-source-remat=false num-ctas=1 num-warps=4 target=cuda:100 threads-per-warp=32}, tritongpu-coalesce, tritongpu-F32DotTC{emu-tf32=true}, triton-nvidia-gpu-plan-cta, tritongpu-remove-layout-conversions, tritongpu-optimize-thread-locality, tritongpu-accelerate-matmul, tritongpu-remove-layout-conversions, tritongpu-optimize-dot-operands{hoist-layout-conversion=true}, triton-nvidia-optimize-descriptor-encoding, triton-loop-aware-cse, tritongpu-fuse-nested-loops, canonicalize{  max-iterations=10 max-num-rewrites=-1 region-simplify=normal test-convergence=false top-down=true}, triton-licm, tritongpu-optimize-accumulator-init, tritongpu-hoist-tmem-alloc{hoist-out-of-if=false}, tritongpu-promote-lhs-to-tmem, tritongpu-assign-latencies{num-stages=8}, tritongpu-schedule-loops, tritongpu-automatic-warp-specialization{num-stages=8}, tritongpu-pipeline{dump-intermediate-steps=false num-stages=8}, tritongpu-optimize-partition-warps, tritongpu-combine-tensor-select-and-if, tritongpu-hoist-tmem-alloc{hoist-out-of-if=true}, triton-nvidia-gpu-remove-tmem-tokens, canonicalize{  max-iterations=10 max-num-rewrites=-1 region-simplify=normal test-convergence=false top-down=true}, triton-loop-aware-cse, tritongpu-prefetch, tritongpu-optimize-dot-operands{hoist-layout-conversion=true}, tritongpu-coalesce-async-copy, triton-nvidia-optimize-tmem-layouts, triton-nvidia-tma-lowering, tritongpu-remove-layout-conversions, triton-nvidia-interleave-tmem, tritongpu-reduce-data-duplication, tritongpu-reorder-instructions, triton-loop-aware-cse, symbol-dce, triton-nvidia-gpu-fence-insertion{compute-capability=100}, triton-nvidia-mma-lowering, sccp, cse, canonicalize{  max-iterations=10 max-num-rewrites=-1 region-simplify=normal test-convergence=false top-down=true})",
      disable_threading: true,
      verify_each: true
    }
  }
#-}
/tmp/torchinductor_jongsokchoi/nh/cnh2gjed2n5v2t2jrxx4qv5m6adsydngs42hwyydbyt23pk2rjva.py:14:0: error: Failures have been detected while processing an MLIR pass pipeline
/tmp/torchinductor_jongsokchoi/nh/cnh2gjed2n5v2t2jrxx4qv5m6adsydngs42hwyydbyt23pk2rjva.py:14:0: note: Pipeline failed while executing [`TritonGPUAutomaticWarpSpecialization` on 'builtin.module' operation, `NVWSInsertAref` on 'builtin.module' operation]: reproducer generated at `std::errs, please share the reproducer above with Triton project.`
Benchmarking exploring neighbors 100% ━━━━━━━━━━━━━━━━━━━━━━━━━━ 1/1 - configs/s
[AOT measure] Config 1/31: invalid (inf timing)
Benchmarking exploring neighbors 100% ━━━━━━━━━━━━━━━━━━━━━━━━━━ 1/1 - configs/s
[AOT measure] Config 2/31: 0.1741ms
Benchmarking exploring neighbors 100% ━━━━━━━━━━━━━━━━━━━━━━━━━━ 1/1 - configs/s
[AOT measure] Config 3/31: 0.0433ms
Benchmarking exploring neighbors 100% ━━━━━━━━━━━━━━━━━━━━━━━━━━ 1/1 - configs/s
[AOT measure] Config 4/31: 0.0328ms
Benchmarking exploring neighbors 100% ━━━━━━━━━━━━━━━━━━━━━━━━━━ 1/1 - configs/s
[AOT measure] Config 5/31: 0.0430ms
Benchmarking exploring neighbors 100% ━━━━━━━━━━━━━━━━━━━━━━━━━━ 1/1 - configs/s
[AOT measure] Config 6/31: 0.0205ms
Benchmarking exploring neighbors 100% ━━━━━━━━━━━━━━━━━━━━━━━━━━ 1/1 - configs/s
[AOT measure] Config 7/31: 0.0329ms
Benchmarking exploring neighbors 100% ━━━━━━━━━━━━━━━━━━━━━━━━━━ 1/1 - configs/s
[AOT measure] Config 8/31: 0.0246ms
Benchmarking exploring neighbors 100% ━━━━━━━━━━━━━━━━━━━━━━━━━━ 1/1 - configs/s
[AOT measure] Config 9/31: 0.0185ms
Benchmarking exploring neighbors 100% ━━━━━━━━━━━━━━━━━━━━━━━━━━ 1/1 - configs/s
[AOT measure] Config 10/31: 0.0225ms
Benchmarking exploring neighbors 100% ━━━━━━━━━━━━━━━━━━━━━━━━━━ 1/1 - configs/s
[AOT measure] Config 11/31: 0.0185ms
Benchmarking exploring neighbors 100% ━━━━━━━━━━━━━━━━━━━━━━━━━━ 1/1 - configs/s
[AOT measure] Config 12/31: 0.0184ms
Benchmarking exploring neighbors 100% ━━━━━━━━━━━━━━━━━━━━━━━━━━ 1/1 - configs/s
[AOT measure] Config 13/31: 0.0174ms
Benchmarking exploring neighbors 100% ━━━━━━━━━━━━━━━━━━━━━━━━━━ 1/1 - configs/s
[AOT measure] Config 14/31: 0.0184ms
Benchmarking exploring neighbors 100% ━━━━━━━━━━━━━━━━━━━━━━━━━━ 1/1 - configs/s
[AOT measure] Config 15/31: 0.0164ms
Benchmarking exploring neighbors 100% ━━━━━━━━━━━━━━━━━━━━━━━━━━ 1/1 - configs/s
[AOT measure] Config 16/31: 0.0205ms
Benchmarking exploring neighbors 100% ━━━━━━━━━━━━━━━━━━━━━━━━━━ 1/1 - configs/s
[AOT measure] Config 17/31: 0.0226ms
Benchmarking exploring neighbors 100% ━━━━━━━━━━━━━━━━━━━━━━━━━━ 1/1 - configs/s
[AOT measure] Config 18/31: 0.0225ms
Benchmarking exploring neighbors 100% ━━━━━━━━━━━━━━━━━━━━━━━━━━ 1/1 - configs/s
[AOT measure] Config 19/31: 0.0225ms
Benchmarking exploring neighbors 100% ━━━━━━━━━━━━━━━━━━━━━━━━━━ 1/1 - configs/s
[AOT measure] Config 20/31: 0.0205ms
Benchmarking exploring neighbors 100% ━━━━━━━━━━━━━━━━━━━━━━━━━━ 1/1 - configs/s
[AOT measure] Config 21/31: 0.0205ms
Benchmarking exploring neighbors 100% ━━━━━━━━━━━━━━━━━━━━━━━━━━ 1/1 - configs/s
[AOT measure] Config 22/31: 0.0225ms
Benchmarking exploring neighbors 100% ━━━━━━━━━━━━━━━━━━━━━━━━━━ 1/1 - configs/s
[AOT measure] Config 23/31: 0.0225ms
Benchmarking exploring neighbors 100% ━━━━━━━━━━━━━━━━━━━━━━━━━━ 1/1 - configs/s
[AOT measure] Config 24/31: 0.0205ms
Benchmarking exploring neighbors 100% ━━━━━━━━━━━━━━━━━━━━━━━━━━ 1/1 - configs/s
[AOT measure] Config 25/31: 0.0164ms
Benchmarking exploring neighbors 100% ━━━━━━━━━━━━━━━━━━━━━━━━━━ 1/1 - configs/s
[AOT measure] Config 26/31: 0.0205ms
Benchmarking exploring neighbors 100% ━━━━━━━━━━━━━━━━━━━━━━━━━━ 1/1 - configs/s
[AOT measure] Config 27/31: 0.0165ms
Benchmarking exploring neighbors 100% ━━━━━━━━━━━━━━━━━━━━━━━━━━ 1/1 - configs/s
[AOT measure] Config 28/31: 0.0184ms
Benchmarking exploring neighbors 100% ━━━━━━━━━━━━━━━━━━━━━━━━━━ 1/1 - configs/s
[AOT measure] Config 29/31: 0.0185ms
Benchmarking exploring neighbors 100% ━━━━━━━━━━━━━━━━━━━━━━━━━━ 1/1 - configs/s
[AOT measure] Config 30/31: 0.0225ms
Benchmarking exploring neighbors 100% ━━━━━━━━━━━━━━━━━━━━━━━━━━ 1/1 - configs/s
[AOT measure] Config 31/31: 0.0244ms
[AOT measure] Completed: 30/31 configs succeeded
  1920x1920 @ 1920x1920 done
[0s] Autotune random seed: 3891572246
[AOT measure] Testing 31 configs for fp8_gemm shape_hash=c1f1c67e
module {
  tt.func public @_helion_fp8_gemm(%arg0: !tt.ptr<f8E4M3FN> {tt.divisibility = 16 : i32}, %arg1: !tt.ptr<f8E4M3FN> {tt.divisibility = 16 : i32}, %arg2: !tt.ptr<f16> {tt.divisibility = 16 : i32}) attributes {noinline = false} {
    %c1024_i32 = arith.constant 1024 : i32
    %c256_i32 = arith.constant 256 : i32
    %c2048_i32 = arith.constant 2048 : i32
    %c0_i32 = arith.constant 0 : i32
    %cst = arith.constant dense<2048> : tensor<256x1xi32>
    %cst_0 = arith.constant dense<2048> : tensor<16x1xi32>
    %cst_1 = arith.constant dense<0.000000e+00> : tensor<16x32xf32>
    %c32_i32 = arith.constant 32 : i32
    %c16_i32 = arith.constant 16 : i32
    %c128_i32 = arith.constant 128 : i32
    %0 = tt.get_program_id x : i32
    %1 = arith.divsi %0, %c1024_i32 : i32
    %2 = arith.muli %1, %c16_i32 : i32
    %3 = arith.subi %c128_i32, %2 : i32
    %4 = arith.minsi %3, %c16_i32 : i32
    %5 = arith.remsi %0, %c1024_i32 : i32
    %6 = arith.remsi %5, %4 : i32
    %7 = arith.addi %2, %6 : i32
    %8 = arith.divsi %5, %4 : i32
    %9 = arith.muli %7, %c16_i32 : i32
    %10 = tt.make_range {end = 16 : i32, start = 0 : i32} : tensor<16xi32>
    %11 = tt.splat %9 : i32 -> tensor<16xi32>
    %12 = arith.addi %11, %10 : tensor<16xi32>
    %13 = arith.muli %8, %c32_i32 : i32
    %14 = tt.make_range {end = 32 : i32, start = 0 : i32} : tensor<32xi32>
    %15 = tt.splat %13 : i32 -> tensor<32xi32>
    %16 = arith.addi %15, %14 : tensor<32xi32>
    %17 = scf.for %arg3 = %c0_i32 to %c2048_i32 step %c256_i32 iter_args(%arg4 = %cst_1) -> (tensor<16x32xf32>)  : i32 {
      %27 = tt.make_range {end = 256 : i32, start = 0 : i32} : tensor<256xi32>
      %28 = tt.splat %arg3 : i32 -> tensor<256xi32>
      %29 = arith.addi %28, %27 : tensor<256xi32>
      %30 = tt.expand_dims %12 {axis = 1 : i32} : tensor<16xi32> -> tensor<16x1xi32>
      %31 = arith.muli %30, %cst_0 : tensor<16x1xi32>
      %32 = tt.expand_dims %29 {axis = 0 : i32} : tensor<256xi32> -> tensor<1x256xi32>
      %33 = tt.broadcast %31 : tensor<16x1xi32> -> tensor<16x256xi32>
      %34 = tt.broadcast %32 : tensor<1x256xi32> -> tensor<16x256xi32>
      %35 = arith.addi %33, %34 : tensor<16x256xi32>
      %36 = tt.splat %arg0 : !tt.ptr<f8E4M3FN> -> tensor<16x256x!tt.ptr<f8E4M3FN>>
      %37 = tt.addptr %36, %35 : tensor<16x256x!tt.ptr<f8E4M3FN>>, tensor<16x256xi32>
      %38 = tt.load %37 evictionPolicy = evict_last : tensor<16x256x!tt.ptr<f8E4M3FN>>
      %39 = tt.expand_dims %29 {axis = 1 : i32} : tensor<256xi32> -> tensor<256x1xi32>
      %40 = arith.muli %39, %cst : tensor<256x1xi32>
      %41 = tt.expand_dims %16 {axis = 0 : i32} : tensor<32xi32> -> tensor<1x32xi32>
      %42 = tt.broadcast %40 : tensor<256x1xi32> -> tensor<256x32xi32>
      %43 = tt.broadcast %41 : tensor<1x32xi32> -> tensor<256x32xi32>
      %44 = arith.addi %42, %43 : tensor<256x32xi32>
      %45 = tt.splat %arg1 : !tt.ptr<f8E4M3FN> -> tensor<256x32x!tt.ptr<f8E4M3FN>>
      %46 = tt.addptr %45, %44 : tensor<256x32x!tt.ptr<f8E4M3FN>>, tensor<256x32xi32>
      %47 = tt.load %46 : tensor<256x32x!tt.ptr<f8E4M3FN>>
      %48 = tt.dot %38, %47, %arg4, inputPrecision = tf32 : tensor<16x256xf8E4M3FN> * tensor<256x32xf8E4M3FN> -> tensor<16x32xf32>
      scf.yield %48 : tensor<16x32xf32>
    } {tt.loop_unroll_factor = 1 : i32, tt.num_stages = 1 : i32, tt.warp_specialize}
    %18 = arith.truncf %17 : tensor<16x32xf32> to tensor<16x32xf16>
    %19 = tt.expand_dims %12 {axis = 1 : i32} : tensor<16xi32> -> tensor<16x1xi32>
    %20 = arith.muli %19, %cst_0 : tensor<16x1xi32>
    %21 = tt.expand_dims %16 {axis = 0 : i32} : tensor<32xi32> -> tensor<1x32xi32>
    %22 = tt.broadcast %20 : tensor<16x1xi32> -> tensor<16x32xi32>
    %23 = tt.broadcast %21 : tensor<1x32xi32> -> tensor<16x32xi32>
    %24 = arith.addi %22, %23 : tensor<16x32xi32>
    %25 = tt.splat %arg2 : !tt.ptr<f16> -> tensor<16x32x!tt.ptr<f16>>
    %26 = tt.addptr %25, %24 : tensor<16x32x!tt.ptr<f16>>, tensor<16x32xi32>
    tt.store %26, %18 : tensor<16x32x!tt.ptr<f16>>
    tt.return
  }
}

{-#
  external_resources: {
    mlir_reproducer: {
      pipeline: "builtin.module(convert-triton-to-tritongpu{enable-source-remat=false num-ctas=1 num-warps=4 target=cuda:100 threads-per-warp=32}, tritongpu-coalesce, tritongpu-F32DotTC{emu-tf32=true}, triton-nvidia-gpu-plan-cta, tritongpu-remove-layout-conversions, tritongpu-optimize-thread-locality, tritongpu-accelerate-matmul, tritongpu-remove-layout-conversions, tritongpu-optimize-dot-operands{hoist-layout-conversion=true}, triton-nvidia-optimize-descriptor-encoding, triton-loop-aware-cse, tritongpu-fuse-nested-loops, canonicalize{  max-iterations=10 max-num-rewrites=-1 region-simplify=normal test-convergence=false top-down=true}, triton-licm, tritongpu-optimize-accumulator-init, tritongpu-hoist-tmem-alloc{hoist-out-of-if=false}, tritongpu-promote-lhs-to-tmem, tritongpu-assign-latencies{num-stages=8}, tritongpu-schedule-loops, tritongpu-automatic-warp-specialization{num-stages=8}, tritongpu-pipeline{dump-intermediate-steps=false num-stages=8}, tritongpu-optimize-partition-warps, tritongpu-combine-tensor-select-and-if, tritongpu-hoist-tmem-alloc{hoist-out-of-if=true}, triton-nvidia-gpu-remove-tmem-tokens, canonicalize{  max-iterations=10 max-num-rewrites=-1 region-simplify=normal test-convergence=false top-down=true}, triton-loop-aware-cse, tritongpu-prefetch, tritongpu-optimize-dot-operands{hoist-layout-conversion=true}, tritongpu-coalesce-async-copy, triton-nvidia-optimize-tmem-layouts, triton-nvidia-tma-lowering, tritongpu-remove-layout-conversions, triton-nvidia-interleave-tmem, tritongpu-reduce-data-duplication, tritongpu-reorder-instructions, triton-loop-aware-cse, symbol-dce, triton-nvidia-gpu-fence-insertion{compute-capability=100}, triton-nvidia-mma-lowering, sccp, cse, canonicalize{  max-iterations=10 max-num-rewrites=-1 region-simplify=normal test-convergence=false top-down=true})",
      disable_threading: true,
      verify_each: true
    }
  }
#-}
/tmp/torchinductor_jongsokchoi/np/cnpb6dql5nocr2ru56l7qix3tac4wajigfjeibslxhd4shmy7guz.py:14:0: error: Failures have been detected while processing an MLIR pass pipeline
/tmp/torchinductor_jongsokchoi/np/cnpb6dql5nocr2ru56l7qix3tac4wajigfjeibslxhd4shmy7guz.py:14:0: note: Pipeline failed while executing [`TritonGPUAutomaticWarpSpecialization` on 'builtin.module' operation, `NVWSInsertAref` on 'builtin.module' operation]: reproducer generated at `std::errs, please share the reproducer above with Triton project.`
Benchmarking exploring neighbors 100% ━━━━━━━━━━━━━━━━━━━━━━━━━━ 1/1 - configs/s
[AOT measure] Config 1/31: invalid (inf timing)
Benchmarking exploring neighbors 100% ━━━━━━━━━━━━━━━━━━━━━━━━━━ 1/1 - configs/s
[AOT measure] Config 2/31: 0.2109ms
Benchmarking exploring neighbors 100% ━━━━━━━━━━━━━━━━━━━━━━━━━━ 1/1 - configs/s
[AOT measure] Config 3/31: 0.0480ms
Benchmarking exploring neighbors 100% ━━━━━━━━━━━━━━━━━━━━━━━━━━ 1/1 - configs/s
[AOT measure] Config 4/31: 0.0348ms
Benchmarking exploring neighbors 100% ━━━━━━━━━━━━━━━━━━━━━━━━━━ 1/1 - configs/s
[AOT measure] Config 5/31: 0.0451ms
Benchmarking exploring neighbors 100% ━━━━━━━━━━━━━━━━━━━━━━━━━━ 1/1 - configs/s
[AOT measure] Config 6/31: 0.0225ms
Benchmarking exploring neighbors 100% ━━━━━━━━━━━━━━━━━━━━━━━━━━ 1/1 - configs/s
[AOT measure] Config 7/31: 0.0349ms
Benchmarking exploring neighbors 100% ━━━━━━━━━━━━━━━━━━━━━━━━━━ 1/1 - configs/s
[AOT measure] Config 8/31: 0.0266ms
Benchmarking exploring neighbors 100% ━━━━━━━━━━━━━━━━━━━━━━━━━━ 1/1 - configs/s
[AOT measure] Config 9/31: 0.0185ms
Benchmarking exploring neighbors 100% ━━━━━━━━━━━━━━━━━━━━━━━━━━ 1/1 - configs/s
[AOT measure] Config 10/31: 0.0226ms
Benchmarking exploring neighbors 100% ━━━━━━━━━━━━━━━━━━━━━━━━━━ 1/1 - configs/s
[AOT measure] Config 11/31: 0.0193ms
Benchmarking exploring neighbors 100% ━━━━━━━━━━━━━━━━━━━━━━━━━━ 1/1 - configs/s
[AOT measure] Config 12/31: 0.0184ms
Benchmarking exploring neighbors 100% ━━━━━━━━━━━━━━━━━━━━━━━━━━ 1/1 - configs/s
[AOT measure] Config 13/31: 0.0184ms
Benchmarking exploring neighbors 100% ━━━━━━━━━━━━━━━━━━━━━━━━━━ 1/1 - configs/s
[AOT measure] Config 14/31: 0.0185ms
Benchmarking exploring neighbors 100% ━━━━━━━━━━━━━━━━━━━━━━━━━━ 1/1 - configs/s
[AOT measure] Config 15/31: 0.0164ms
Benchmarking exploring neighbors 100% ━━━━━━━━━━━━━━━━━━━━━━━━━━ 1/1 - configs/s
[AOT measure] Config 16/31: 0.0206ms
Benchmarking exploring neighbors 100% ━━━━━━━━━━━━━━━━━━━━━━━━━━ 1/1 - configs/s
[AOT measure] Config 17/31: 0.0246ms
Benchmarking exploring neighbors 100% ━━━━━━━━━━━━━━━━━━━━━━━━━━ 1/1 - configs/s
[AOT measure] Config 18/31: 0.0235ms
Benchmarking exploring neighbors 100% ━━━━━━━━━━━━━━━━━━━━━━━━━━ 1/1 - configs/s
[AOT measure] Config 19/31: 0.0227ms
Benchmarking exploring neighbors 100% ━━━━━━━━━━━━━━━━━━━━━━━━━━ 1/1 - configs/s
[AOT measure] Config 20/31: 0.0205ms
Benchmarking exploring neighbors 100% ━━━━━━━━━━━━━━━━━━━━━━━━━━ 1/1 - configs/s
[AOT measure] Config 21/31: 0.0225ms
Benchmarking exploring neighbors 100% ━━━━━━━━━━━━━━━━━━━━━━━━━━ 1/1 - configs/s
[AOT measure] Config 22/31: 0.0235ms
Benchmarking exploring neighbors 100% ━━━━━━━━━━━━━━━━━━━━━━━━━━ 1/1 - configs/s
[AOT measure] Config 23/31: 0.0235ms
Benchmarking exploring neighbors 100% ━━━━━━━━━━━━━━━━━━━━━━━━━━ 1/1 - configs/s
[AOT measure] Config 24/31: 0.0205ms
Benchmarking exploring neighbors 100% ━━━━━━━━━━━━━━━━━━━━━━━━━━ 1/1 - configs/s
[AOT measure] Config 25/31: 0.0184ms
Benchmarking exploring neighbors 100% ━━━━━━━━━━━━━━━━━━━━━━━━━━ 1/1 - configs/s
[AOT measure] Config 26/31: 0.0225ms
Benchmarking exploring neighbors 100% ━━━━━━━━━━━━━━━━━━━━━━━━━━ 1/1 - configs/s
[AOT measure] Config 27/31: 0.0184ms
Benchmarking exploring neighbors 100% ━━━━━━━━━━━━━━━━━━━━━━━━━━ 1/1 - configs/s
[AOT measure] Config 28/31: 0.0184ms
Benchmarking exploring neighbors 100% ━━━━━━━━━━━━━━━━━━━━━━━━━━ 1/1 - configs/s
[AOT measure] Config 29/31: 0.0205ms
Benchmarking exploring neighbors 100% ━━━━━━━━━━━━━━━━━━━━━━━━━━ 1/1 - configs/s
[AOT measure] Config 30/31: 0.0235ms
Benchmarking exploring neighbors 100% ━━━━━━━━━━━━━━━━━━━━━━━━━━ 1/1 - configs/s
[AOT measure] Config 31/31: 0.0246ms
[AOT measure] Completed: 30/31 configs succeeded
  2048x2048 @ 2048x2048 done
[0s] Autotune random seed: 3891572246
[AOT measure] Testing 31 configs for fp8_gemm shape_hash=ffe5b68c
module {
  tt.func public @_helion_fp8_gemm(%arg0: !tt.ptr<f8E4M3FN> {tt.divisibility = 16 : i32}, %arg1: !tt.ptr<f8E4M3FN> {tt.divisibility = 16 : i32}, %arg2: !tt.ptr<f16> {tt.divisibility = 16 : i32}) attributes {noinline = false} {
    %c1088_i32 = arith.constant 1088 : i32
    %cst = arith.constant dense<0.000000e+00> : tensor<256x32xf8E4M3FN>
    %cst_0 = arith.constant dense<0.000000e+00> : tensor<16x256xf8E4M3FN>
    %c256_i32 = arith.constant 256 : i32
    %c2176_i32 = arith.constant 2176 : i32
    %c0_i32 = arith.constant 0 : i32
    %cst_1 = arith.constant dense<2176> : tensor<256x1xi32>
    %cst_2 = arith.constant dense<2176> : tensor<16x1xi32>
    %cst_3 = arith.constant dense<2176> : tensor<256xi32>
    %cst_4 = arith.constant dense<0.000000e+00> : tensor<16x32xf32>
    %c32_i32 = arith.constant 32 : i32
    %c16_i32 = arith.constant 16 : i32
    %c136_i32 = arith.constant 136 : i32
    %0 = tt.get_program_id x : i32
    %1 = arith.divsi %0, %c1088_i32 : i32
    %2 = arith.muli %1, %c16_i32 : i32
    %3 = arith.subi %c136_i32, %2 : i32
    %4 = arith.minsi %3, %c16_i32 : i32
    %5 = arith.remsi %0, %c1088_i32 : i32
    %6 = arith.remsi %5, %4 : i32
    %7 = arith.addi %2, %6 : i32
    %8 = arith.divsi %5, %4 : i32
    %9 = arith.muli %7, %c16_i32 : i32
    %10 = tt.make_range {end = 16 : i32, start = 0 : i32} : tensor<16xi32>
    %11 = tt.splat %9 : i32 -> tensor<16xi32>
    %12 = arith.addi %11, %10 : tensor<16xi32>
    %13 = arith.muli %8, %c32_i32 : i32
    %14 = tt.make_range {end = 32 : i32, start = 0 : i32} : tensor<32xi32>
    %15 = tt.splat %13 : i32 -> tensor<32xi32>
    %16 = arith.addi %15, %14 : tensor<32xi32>
    %17 = scf.for %arg3 = %c0_i32 to %c2176_i32 step %c256_i32 iter_args(%arg4 = %cst_4) -> (tensor<16x32xf32>)  : i32 {
      %27 = tt.make_range {end = 256 : i32, start = 0 : i32} : tensor<256xi32>
      %28 = tt.splat %arg3 : i32 -> tensor<256xi32>
      %29 = arith.addi %28, %27 : tensor<256xi32>
      %30 = arith.cmpi slt, %29, %cst_3 : tensor<256xi32>
      %31 = tt.expand_dims %12 {axis = 1 : i32} : tensor<16xi32> -> tensor<16x1xi32>
      %32 = arith.muli %31, %cst_2 : tensor<16x1xi32>
      %33 = tt.expand_dims %29 {axis = 0 : i32} : tensor<256xi32> -> tensor<1x256xi32>
      %34 = tt.broadcast %32 : tensor<16x1xi32> -> tensor<16x256xi32>
      %35 = tt.broadcast %33 : tensor<1x256xi32> -> tensor<16x256xi32>
      %36 = arith.addi %34, %35 : tensor<16x256xi32>
      %37 = tt.splat %arg0 : !tt.ptr<f8E4M3FN> -> tensor<16x256x!tt.ptr<f8E4M3FN>>
      %38 = tt.addptr %37, %36 : tensor<16x256x!tt.ptr<f8E4M3FN>>, tensor<16x256xi32>
      %39 = tt.expand_dims %30 {axis = 0 : i32} : tensor<256xi1> -> tensor<1x256xi1>
      %40 = tt.broadcast %39 : tensor<1x256xi1> -> tensor<16x256xi1>
      %41 = tt.load %38, %40, %cst_0 evictionPolicy = evict_last : tensor<16x256x!tt.ptr<f8E4M3FN>>
      %42 = tt.expand_dims %29 {axis = 1 : i32} : tensor<256xi32> -> tensor<256x1xi32>
      %43 = arith.muli %42, %cst_1 : tensor<256x1xi32>
      %44 = tt.expand_dims %16 {axis = 0 : i32} : tensor<32xi32> -> tensor<1x32xi32>
      %45 = tt.broadcast %43 : tensor<256x1xi32> -> tensor<256x32xi32>
      %46 = tt.broadcast %44 : tensor<1x32xi32> -> tensor<256x32xi32>
      %47 = arith.addi %45, %46 : tensor<256x32xi32>
      %48 = tt.splat %arg1 : !tt.ptr<f8E4M3FN> -> tensor<256x32x!tt.ptr<f8E4M3FN>>
      %49 = tt.addptr %48, %47 : tensor<256x32x!tt.ptr<f8E4M3FN>>, tensor<256x32xi32>
      %50 = tt.expand_dims %30 {axis = 1 : i32} : tensor<256xi1> -> tensor<256x1xi1>
      %51 = tt.broadcast %50 : tensor<256x1xi1> -> tensor<256x32xi1>
      %52 = tt.load %49, %51, %cst : tensor<256x32x!tt.ptr<f8E4M3FN>>
      %53 = tt.dot %41, %52, %arg4, inputPrecision = tf32 : tensor<16x256xf8E4M3FN> * tensor<256x32xf8E4M3FN> -> tensor<16x32xf32>
      scf.yield %53 : tensor<16x32xf32>
    } {tt.loop_unroll_factor = 1 : i32, tt.num_stages = 1 : i32, tt.warp_specialize}
    %18 = arith.truncf %17 : tensor<16x32xf32> to tensor<16x32xf16>
    %19 = tt.expand_dims %12 {axis = 1 : i32} : tensor<16xi32> -> tensor<16x1xi32>
    %20 = arith.muli %19, %cst_2 : tensor<16x1xi32>
    %21 = tt.expand_dims %16 {axis = 0 : i32} : tensor<32xi32> -> tensor<1x32xi32>
    %22 = tt.broadcast %20 : tensor<16x1xi32> -> tensor<16x32xi32>
    %23 = tt.broadcast %21 : tensor<1x32xi32> -> tensor<16x32xi32>
    %24 = arith.addi %22, %23 : tensor<16x32xi32>
    %25 = tt.splat %arg2 : !tt.ptr<f16> -> tensor<16x32x!tt.ptr<f16>>
    %26 = tt.addptr %25, %24 : tensor<16x32x!tt.ptr<f16>>, tensor<16x32xi32>
    tt.store %26, %18 : tensor<16x32x!tt.ptr<f16>>
    tt.return
  }
}

{-#
  external_resources: {
    mlir_reproducer: {
      pipeline: "builtin.module(convert-triton-to-tritongpu{enable-source-remat=false num-ctas=1 num-warps=4 target=cuda:100 threads-per-warp=32}, tritongpu-coalesce, tritongpu-F32DotTC{emu-tf32=true}, triton-nvidia-gpu-plan-cta, tritongpu-remove-layout-conversions, tritongpu-optimize-thread-locality, tritongpu-accelerate-matmul, tritongpu-remove-layout-conversions, tritongpu-optimize-dot-operands{hoist-layout-conversion=true}, triton-nvidia-optimize-descriptor-encoding, triton-loop-aware-cse, tritongpu-fuse-nested-loops, canonicalize{  max-iterations=10 max-num-rewrites=-1 region-simplify=normal test-convergence=false top-down=true}, triton-licm, tritongpu-optimize-accumulator-init, tritongpu-hoist-tmem-alloc{hoist-out-of-if=false}, tritongpu-promote-lhs-to-tmem, tritongpu-assign-latencies{num-stages=8}, tritongpu-schedule-loops, tritongpu-automatic-warp-specialization{num-stages=8}, tritongpu-pipeline{dump-intermediate-steps=false num-stages=8}, tritongpu-optimize-partition-warps, tritongpu-combine-tensor-select-and-if, tritongpu-hoist-tmem-alloc{hoist-out-of-if=true}, triton-nvidia-gpu-remove-tmem-tokens, canonicalize{  max-iterations=10 max-num-rewrites=-1 region-simplify=normal test-convergence=false top-down=true}, triton-loop-aware-cse, tritongpu-prefetch, tritongpu-optimize-dot-operands{hoist-layout-conversion=true}, tritongpu-coalesce-async-copy, triton-nvidia-optimize-tmem-layouts, triton-nvidia-tma-lowering, tritongpu-remove-layout-conversions, triton-nvidia-interleave-tmem, tritongpu-reduce-data-duplication, tritongpu-reorder-instructions, triton-loop-aware-cse, symbol-dce, triton-nvidia-gpu-fence-insertion{compute-capability=100}, triton-nvidia-mma-lowering, sccp, cse, canonicalize{  max-iterations=10 max-num-rewrites=-1 region-simplify=normal test-convergence=false top-down=true})",
      disable_threading: true,
      verify_each: true
    }
  }
#-}
/tmp/torchinductor_jongsokchoi/77/c772vb26kjjacs4wbykijsg6ojeyah2iplic4mdzbag6t3xxtlm3.py:14:0: error: Failures have been detected while processing an MLIR pass pipeline
/tmp/torchinductor_jongsokchoi/77/c772vb26kjjacs4wbykijsg6ojeyah2iplic4mdzbag6t3xxtlm3.py:14:0: note: Pipeline failed while executing [`TritonGPUAutomaticWarpSpecialization` on 'builtin.module' operation, `NVWSInsertAref` on 'builtin.module' operation]: reproducer generated at `std::errs, please share the reproducer above with Triton project.`
Benchmarking exploring neighbors 100% ━━━━━━━━━━━━━━━━━━━━━━━━━━ 1/1 - configs/s
[AOT measure] Config 1/31: invalid (inf timing)
Benchmarking exploring neighbors 100% ━━━━━━━━━━━━━━━━━━━━━━━━━━ 1/1 - configs/s
[AOT measure] Config 2/31: 0.2518ms
Benchmarking exploring neighbors 100% ━━━━━━━━━━━━━━━━━━━━━━━━━━ 1/1 - configs/s
[AOT measure] Config 3/31: 0.0553ms
Benchmarking exploring neighbors 100% ━━━━━━━━━━━━━━━━━━━━━━━━━━ 1/1 - configs/s
[AOT measure] Config 4/31: 0.0369ms
Benchmarking exploring neighbors 100% ━━━━━━━━━━━━━━━━━━━━━━━━━━ 1/1 - configs/s
[AOT measure] Config 5/31: 0.0533ms
Benchmarking exploring neighbors 100% ━━━━━━━━━━━━━━━━━━━━━━━━━━ 1/1 - configs/s
[AOT measure] Config 6/31: 0.0225ms
Benchmarking exploring neighbors 100% ━━━━━━━━━━━━━━━━━━━━━━━━━━ 1/1 - configs/s
[AOT measure] Config 7/31: 0.0369ms
Benchmarking exploring neighbors 100% ━━━━━━━━━━━━━━━━━━━━━━━━━━ 1/1 - configs/s
[AOT measure] Config 8/31: 0.0367ms
Benchmarking exploring neighbors 100% ━━━━━━━━━━━━━━━━━━━━━━━━━━ 1/1 - configs/s
[AOT measure] Config 9/31: 0.0204ms
Benchmarking exploring neighbors 100% ━━━━━━━━━━━━━━━━━━━━━━━━━━ 1/1 - configs/s
[AOT measure] Config 10/31: 0.0246ms
Benchmarking exploring neighbors 100% ━━━━━━━━━━━━━━━━━━━━━━━━━━ 1/1 - configs/s
[AOT measure] Config 11/31: 0.0204ms
Benchmarking exploring neighbors 100% ━━━━━━━━━━━━━━━━━━━━━━━━━━ 1/1 - configs/s
[AOT measure] Config 12/31: 0.0307ms
Benchmarking exploring neighbors 100% ━━━━━━━━━━━━━━━━━━━━━━━━━━ 1/1 - configs/s
[AOT measure] Config 13/31: 0.0287ms
Benchmarking exploring neighbors 100% ━━━━━━━━━━━━━━━━━━━━━━━━━━ 1/1 - configs/s
[AOT measure] Config 14/31: 0.0308ms
Benchmarking exploring neighbors 100% ━━━━━━━━━━━━━━━━━━━━━━━━━━ 1/1 - configs/s
[AOT measure] Config 15/31: 0.0266ms
Benchmarking exploring neighbors 100% ━━━━━━━━━━━━━━━━━━━━━━━━━━ 1/1 - configs/s
[AOT measure] Config 16/31: 0.0225ms
Benchmarking exploring neighbors 100% ━━━━━━━━━━━━━━━━━━━━━━━━━━ 1/1 - configs/s
[AOT measure] Config 17/31: 0.0246ms
Benchmarking exploring neighbors 100% ━━━━━━━━━━━━━━━━━━━━━━━━━━ 1/1 - configs/s
[AOT measure] Config 18/31: 0.0246ms
Benchmarking exploring neighbors 100% ━━━━━━━━━━━━━━━━━━━━━━━━━━ 1/1 - configs/s
[AOT measure] Config 19/31: 0.0246ms
Benchmarking exploring neighbors 100% ━━━━━━━━━━━━━━━━━━━━━━━━━━ 1/1 - configs/s
[AOT measure] Config 20/31: 0.0205ms
Benchmarking exploring neighbors 100% ━━━━━━━━━━━━━━━━━━━━━━━━━━ 1/1 - configs/s
[AOT measure] Config 21/31: 0.0244ms
Benchmarking exploring neighbors 100% ━━━━━━━━━━━━━━━━━━━━━━━━━━ 1/1 - configs/s
[AOT measure] Config 22/31: 0.0246ms
Benchmarking exploring neighbors 100% ━━━━━━━━━━━━━━━━━━━━━━━━━━ 1/1 - configs/s
[AOT measure] Config 23/31: 0.0246ms
Benchmarking exploring neighbors 100% ━━━━━━━━━━━━━━━━━━━━━━━━━━ 1/1 - configs/s
[AOT measure] Config 24/31: 0.0225ms
Benchmarking exploring neighbors 100% ━━━━━━━━━━━━━━━━━━━━━━━━━━ 1/1 - configs/s
[AOT measure] Config 25/31: 0.0287ms
Benchmarking exploring neighbors 100% ━━━━━━━━━━━━━━━━━━━━━━━━━━ 1/1 - configs/s
[AOT measure] Config 26/31: 0.0225ms
Benchmarking exploring neighbors 100% ━━━━━━━━━━━━━━━━━━━━━━━━━━ 1/1 - configs/s
[AOT measure] Config 27/31: 0.0287ms
Benchmarking exploring neighbors 100% ━━━━━━━━━━━━━━━━━━━━━━━━━━ 1/1 - configs/s
[AOT measure] Config 28/31: 0.0287ms
Benchmarking exploring neighbors 100% ━━━━━━━━━━━━━━━━━━━━━━━━━━ 1/1 - configs/s
[AOT measure] Config 29/31: 0.0236ms
Benchmarking exploring neighbors 100% ━━━━━━━━━━━━━━━━━━━━━━━━━━ 1/1 - configs/s
[AOT measure] Config 30/31: 0.0246ms
Benchmarking exploring neighbors 100% ━━━━━━━━━━━━━━━━━━━━━━━━━━ 1/1 - configs/s
[AOT measure] Config 31/31: 0.0246ms
[AOT measure] Completed: 30/31 configs succeeded
  2176x2176 @ 2176x2176 done
[0s] Autotune random seed: 3891572246
[AOT measure] Testing 31 configs for fp8_gemm shape_hash=f4228a16
module {
  tt.func public @_helion_fp8_gemm(%arg0: !tt.ptr<f8E4M3FN> {tt.divisibility = 16 : i32}, %arg1: !tt.ptr<f8E4M3FN> {tt.divisibility = 16 : i32}, %arg2: !tt.ptr<f16> {tt.divisibility = 16 : i32}) attributes {noinline = false} {
    %c1152_i32 = arith.constant 1152 : i32
    %c256_i32 = arith.constant 256 : i32
    %c2304_i32 = arith.constant 2304 : i32
    %c0_i32 = arith.constant 0 : i32
    %cst = arith.constant dense<2304> : tensor<256x1xi32>
    %cst_0 = arith.constant dense<2304> : tensor<16x1xi32>
    %cst_1 = arith.constant dense<0.000000e+00> : tensor<16x32xf32>
    %c32_i32 = arith.constant 32 : i32
    %c16_i32 = arith.constant 16 : i32
    %c144_i32 = arith.constant 144 : i32
    %0 = tt.get_program_id x : i32
    %1 = arith.divsi %0, %c1152_i32 : i32
    %2 = arith.muli %1, %c16_i32 : i32
    %3 = arith.subi %c144_i32, %2 : i32
    %4 = arith.minsi %3, %c16_i32 : i32
    %5 = arith.remsi %0, %c1152_i32 : i32
    %6 = arith.remsi %5, %4 : i32
    %7 = arith.addi %2, %6 : i32
    %8 = arith.divsi %5, %4 : i32
    %9 = arith.muli %7, %c16_i32 : i32
    %10 = tt.make_range {end = 16 : i32, start = 0 : i32} : tensor<16xi32>
    %11 = tt.splat %9 : i32 -> tensor<16xi32>
    %12 = arith.addi %11, %10 : tensor<16xi32>
    %13 = arith.muli %8, %c32_i32 : i32
    %14 = tt.make_range {end = 32 : i32, start = 0 : i32} : tensor<32xi32>
    %15 = tt.splat %13 : i32 -> tensor<32xi32>
    %16 = arith.addi %15, %14 : tensor<32xi32>
    %17 = scf.for %arg3 = %c0_i32 to %c2304_i32 step %c256_i32 iter_args(%arg4 = %cst_1) -> (tensor<16x32xf32>)  : i32 {
      %27 = tt.make_range {end = 256 : i32, start = 0 : i32} : tensor<256xi32>
      %28 = tt.splat %arg3 : i32 -> tensor<256xi32>
      %29 = arith.addi %28, %27 : tensor<256xi32>
      %30 = tt.expand_dims %12 {axis = 1 : i32} : tensor<16xi32> -> tensor<16x1xi32>
      %31 = arith.muli %30, %cst_0 : tensor<16x1xi32>
      %32 = tt.expand_dims %29 {axis = 0 : i32} : tensor<256xi32> -> tensor<1x256xi32>
      %33 = tt.broadcast %31 : tensor<16x1xi32> -> tensor<16x256xi32>
      %34 = tt.broadcast %32 : tensor<1x256xi32> -> tensor<16x256xi32>
      %35 = arith.addi %33, %34 : tensor<16x256xi32>
      %36 = tt.splat %arg0 : !tt.ptr<f8E4M3FN> -> tensor<16x256x!tt.ptr<f8E4M3FN>>
      %37 = tt.addptr %36, %35 : tensor<16x256x!tt.ptr<f8E4M3FN>>, tensor<16x256xi32>
      %38 = tt.load %37 evictionPolicy = evict_last : tensor<16x256x!tt.ptr<f8E4M3FN>>
      %39 = tt.expand_dims %29 {axis = 1 : i32} : tensor<256xi32> -> tensor<256x1xi32>
      %40 = arith.muli %39, %cst : tensor<256x1xi32>
      %41 = tt.expand_dims %16 {axis = 0 : i32} : tensor<32xi32> -> tensor<1x32xi32>
      %42 = tt.broadcast %40 : tensor<256x1xi32> -> tensor<256x32xi32>
      %43 = tt.broadcast %41 : tensor<1x32xi32> -> tensor<256x32xi32>
      %44 = arith.addi %42, %43 : tensor<256x32xi32>
      %45 = tt.splat %arg1 : !tt.ptr<f8E4M3FN> -> tensor<256x32x!tt.ptr<f8E4M3FN>>
      %46 = tt.addptr %45, %44 : tensor<256x32x!tt.ptr<f8E4M3FN>>, tensor<256x32xi32>
      %47 = tt.load %46 : tensor<256x32x!tt.ptr<f8E4M3FN>>
      %48 = tt.dot %38, %47, %arg4, inputPrecision = tf32 : tensor<16x256xf8E4M3FN> * tensor<256x32xf8E4M3FN> -> tensor<16x32xf32>
      scf.yield %48 : tensor<16x32xf32>
    } {tt.loop_unroll_factor = 1 : i32, tt.num_stages = 1 : i32, tt.warp_specialize}
    %18 = arith.truncf %17 : tensor<16x32xf32> to tensor<16x32xf16>
    %19 = tt.expand_dims %12 {axis = 1 : i32} : tensor<16xi32> -> tensor<16x1xi32>
    %20 = arith.muli %19, %cst_0 : tensor<16x1xi32>
    %21 = tt.expand_dims %16 {axis = 0 : i32} : tensor<32xi32> -> tensor<1x32xi32>
    %22 = tt.broadcast %20 : tensor<16x1xi32> -> tensor<16x32xi32>
    %23 = tt.broadcast %21 : tensor<1x32xi32> -> tensor<16x32xi32>
    %24 = arith.addi %22, %23 : tensor<16x32xi32>
    %25 = tt.splat %arg2 : !tt.ptr<f16> -> tensor<16x32x!tt.ptr<f16>>
    %26 = tt.addptr %25, %24 : tensor<16x32x!tt.ptr<f16>>, tensor<16x32xi32>
    tt.store %26, %18 : tensor<16x32x!tt.ptr<f16>>
    tt.return
  }
}

{-#
  external_resources: {
    mlir_reproducer: {
      pipeline: "builtin.module(convert-triton-to-tritongpu{enable-source-remat=false num-ctas=1 num-warps=4 target=cuda:100 threads-per-warp=32}, tritongpu-coalesce, tritongpu-F32DotTC{emu-tf32=true}, triton-nvidia-gpu-plan-cta, tritongpu-remove-layout-conversions, tritongpu-optimize-thread-locality, tritongpu-accelerate-matmul, tritongpu-remove-layout-conversions, tritongpu-optimize-dot-operands{hoist-layout-conversion=true}, triton-nvidia-optimize-descriptor-encoding, triton-loop-aware-cse, tritongpu-fuse-nested-loops, canonicalize{  max-iterations=10 max-num-rewrites=-1 region-simplify=normal test-convergence=false top-down=true}, triton-licm, tritongpu-optimize-accumulator-init, tritongpu-hoist-tmem-alloc{hoist-out-of-if=false}, tritongpu-promote-lhs-to-tmem, tritongpu-assign-latencies{num-stages=8}, tritongpu-schedule-loops, tritongpu-automatic-warp-specialization{num-stages=8}, tritongpu-pipeline{dump-intermediate-steps=false num-stages=8}, tritongpu-optimize-partition-warps, tritongpu-combine-tensor-select-and-if, tritongpu-hoist-tmem-alloc{hoist-out-of-if=true}, triton-nvidia-gpu-remove-tmem-tokens, canonicalize{  max-iterations=10 max-num-rewrites=-1 region-simplify=normal test-convergence=false top-down=true}, triton-loop-aware-cse, tritongpu-prefetch, tritongpu-optimize-dot-operands{hoist-layout-conversion=true}, tritongpu-coalesce-async-copy, triton-nvidia-optimize-tmem-layouts, triton-nvidia-tma-lowering, tritongpu-remove-layout-conversions, triton-nvidia-interleave-tmem, tritongpu-reduce-data-duplication, tritongpu-reorder-instructions, triton-loop-aware-cse, symbol-dce, triton-nvidia-gpu-fence-insertion{compute-capability=100}, triton-nvidia-mma-lowering, sccp, cse, canonicalize{  max-iterations=10 max-num-rewrites=-1 region-simplify=normal test-convergence=false top-down=true})",
      disable_threading: true,
      verify_each: true
    }
  }
#-}
/tmp/torchinductor_jongsokchoi/wh/cwhciuh4od2iqw2sebdn2invprgd7qvcll4xhvjnc5cn5w53o2um.py:14:0: error: Failures have been detected while processing an MLIR pass pipeline
/tmp/torchinductor_jongsokchoi/wh/cwhciuh4od2iqw2sebdn2invprgd7qvcll4xhvjnc5cn5w53o2um.py:14:0: note: Pipeline failed while executing [`TritonGPUAutomaticWarpSpecialization` on 'builtin.module' operation, `NVWSInsertAref` on 'builtin.module' operation]: reproducer generated at `std::errs, please share the reproducer above with Triton project.`
Benchmarking exploring neighbors 100% ━━━━━━━━━━━━━━━━━━━━━━━━━━ 1/1 - configs/s
[AOT measure] Config 1/31: invalid (inf timing)
Benchmarking exploring neighbors 100% ━━━━━━━━━━━━━━━━━━━━━━━━━━ 1/1 - configs/s
[AOT measure] Config 2/31: 0.2950ms
Benchmarking exploring neighbors 100% ━━━━━━━━━━━━━━━━━━━━━━━━━━ 1/1 - configs/s
[AOT measure] Config 3/31: 0.0616ms
Benchmarking exploring neighbors 100% ━━━━━━━━━━━━━━━━━━━━━━━━━━ 1/1 - configs/s
[AOT measure] Config 4/31: 0.0450ms
Benchmarking exploring neighbors 100% ━━━━━━━━━━━━━━━━━━━━━━━━━━ 1/1 - configs/s
[AOT measure] Config 5/31: 0.0595ms
Benchmarking exploring neighbors 100% ━━━━━━━━━━━━━━━━━━━━━━━━━━ 1/1 - configs/s
[AOT measure] Config 6/31: 0.0287ms
Benchmarking exploring neighbors 100% ━━━━━━━━━━━━━━━━━━━━━━━━━━ 1/1 - configs/s
[AOT measure] Config 7/31: 0.0451ms
Benchmarking exploring neighbors 100% ━━━━━━━━━━━━━━━━━━━━━━━━━━ 1/1 - configs/s
[AOT measure] Config 8/31: 0.0389ms
Benchmarking exploring neighbors 100% ━━━━━━━━━━━━━━━━━━━━━━━━━━ 1/1 - configs/s
[AOT measure] Config 9/31: 0.0287ms
Benchmarking exploring neighbors 100% ━━━━━━━━━━━━━━━━━━━━━━━━━━ 1/1 - configs/s
[AOT measure] Config 10/31: 0.0328ms
Benchmarking exploring neighbors 100% ━━━━━━━━━━━━━━━━━━━━━━━━━━ 1/1 - configs/s
[AOT measure] Config 11/31: 0.0287ms
Benchmarking exploring neighbors 100% ━━━━━━━━━━━━━━━━━━━━━━━━━━ 1/1 - configs/s
[AOT measure] Config 12/31: 0.0308ms
Benchmarking exploring neighbors 100% ━━━━━━━━━━━━━━━━━━━━━━━━━━ 1/1 - configs/s
[AOT measure] Config 13/31: 0.0307ms
Benchmarking exploring neighbors 100% ━━━━━━━━━━━━━━━━━━━━━━━━━━ 1/1 - configs/s
[AOT measure] Config 14/31: 0.0328ms
Benchmarking exploring neighbors 100% ━━━━━━━━━━━━━━━━━━━━━━━━━━ 1/1 - configs/s
[AOT measure] Config 15/31: 0.0287ms
Benchmarking exploring neighbors 100% ━━━━━━━━━━━━━━━━━━━━━━━━━━ 1/1 - configs/s
[AOT measure] Config 16/31: 0.0247ms
Benchmarking exploring neighbors 100% ━━━━━━━━━━━━━━━━━━━━━━━━━━ 1/1 - configs/s
[AOT measure] Config 17/31: 0.0246ms
Benchmarking exploring neighbors 100% ━━━━━━━━━━━━━━━━━━━━━━━━━━ 1/1 - configs/s
[AOT measure] Config 18/31: 0.0246ms
Benchmarking exploring neighbors 100% ━━━━━━━━━━━━━━━━━━━━━━━━━━ 1/1 - configs/s
[AOT measure] Config 19/31: 0.0246ms
Benchmarking exploring neighbors 100% ━━━━━━━━━━━━━━━━━━━━━━━━━━ 1/1 - configs/s
[AOT measure] Config 20/31: 0.0246ms
Benchmarking exploring neighbors 100% ━━━━━━━━━━━━━━━━━━━━━━━━━━ 1/1 - configs/s
[AOT measure] Config 21/31: 0.0246ms
Benchmarking exploring neighbors 100% ━━━━━━━━━━━━━━━━━━━━━━━━━━ 1/1 - configs/s
[AOT measure] Config 22/31: 0.0246ms
Benchmarking exploring neighbors 100% ━━━━━━━━━━━━━━━━━━━━━━━━━━ 1/1 - configs/s
[AOT measure] Config 23/31: 0.0246ms
Benchmarking exploring neighbors 100% ━━━━━━━━━━━━━━━━━━━━━━━━━━ 1/1 - configs/s
[AOT measure] Config 24/31: 0.0246ms
Benchmarking exploring neighbors 100% ━━━━━━━━━━━━━━━━━━━━━━━━━━ 1/1 - configs/s
[AOT measure] Config 25/31: 0.0287ms
Benchmarking exploring neighbors 100% ━━━━━━━━━━━━━━━━━━━━━━━━━━ 1/1 - configs/s
[AOT measure] Config 26/31: 0.0246ms
Benchmarking exploring neighbors 100% ━━━━━━━━━━━━━━━━━━━━━━━━━━ 1/1 - configs/s
[AOT measure] Config 27/31: 0.0297ms
Benchmarking exploring neighbors 100% ━━━━━━━━━━━━━━━━━━━━━━━━━━ 1/1 - configs/s
[AOT measure] Config 28/31: 0.0306ms
Benchmarking exploring neighbors 100% ━━━━━━━━━━━━━━━━━━━━━━━━━━ 1/1 - configs/s
[AOT measure] Config 29/31: 0.0246ms
Benchmarking exploring neighbors 100% ━━━━━━━━━━━━━━━━━━━━━━━━━━ 1/1 - configs/s
[AOT measure] Config 30/31: 0.0246ms
Benchmarking exploring neighbors 100% ━━━━━━━━━━━━━━━━━━━━━━━━━━ 1/1 - configs/s
[AOT measure] Config 31/31: 0.0247ms
[AOT measure] Completed: 30/31 configs succeeded
  2304x2304 @ 2304x2304 done
[0s] Autotune random seed: 3891572246
[AOT measure] Testing 31 configs for fp8_gemm shape_hash=384aaadf
module {
  tt.func public @_helion_fp8_gemm(%arg0: !tt.ptr<f8E4M3FN> {tt.divisibility = 16 : i32}, %arg1: !tt.ptr<f8E4M3FN> {tt.divisibility = 16 : i32}, %arg2: !tt.ptr<f16> {tt.divisibility = 16 : i32}) attributes {noinline = false} {
    %c1216_i32 = arith.constant 1216 : i32
    %cst = arith.constant dense<0.000000e+00> : tensor<256x32xf8E4M3FN>
    %cst_0 = arith.constant dense<0.000000e+00> : tensor<16x256xf8E4M3FN>
    %c256_i32 = arith.constant 256 : i32
    %c2432_i32 = arith.constant 2432 : i32
    %c0_i32 = arith.constant 0 : i32
    %cst_1 = arith.constant dense<2432> : tensor<256x1xi32>
    %cst_2 = arith.constant dense<2432> : tensor<16x1xi32>
    %cst_3 = arith.constant dense<2432> : tensor<256xi32>
    %cst_4 = arith.constant dense<0.000000e+00> : tensor<16x32xf32>
    %c32_i32 = arith.constant 32 : i32
    %c16_i32 = arith.constant 16 : i32
    %c152_i32 = arith.constant 152 : i32
    %0 = tt.get_program_id x : i32
    %1 = arith.divsi %0, %c1216_i32 : i32
    %2 = arith.muli %1, %c16_i32 : i32
    %3 = arith.subi %c152_i32, %2 : i32
    %4 = arith.minsi %3, %c16_i32 : i32
    %5 = arith.remsi %0, %c1216_i32 : i32
    %6 = arith.remsi %5, %4 : i32
    %7 = arith.addi %2, %6 : i32
    %8 = arith.divsi %5, %4 : i32
    %9 = arith.muli %7, %c16_i32 : i32
    %10 = tt.make_range {end = 16 : i32, start = 0 : i32} : tensor<16xi32>
    %11 = tt.splat %9 : i32 -> tensor<16xi32>
    %12 = arith.addi %11, %10 : tensor<16xi32>
    %13 = arith.muli %8, %c32_i32 : i32
    %14 = tt.make_range {end = 32 : i32, start = 0 : i32} : tensor<32xi32>
    %15 = tt.splat %13 : i32 -> tensor<32xi32>
    %16 = arith.addi %15, %14 : tensor<32xi32>
    %17 = scf.for %arg3 = %c0_i32 to %c2432_i32 step %c256_i32 iter_args(%arg4 = %cst_4) -> (tensor<16x32xf32>)  : i32 {
      %27 = tt.make_range {end = 256 : i32, start = 0 : i32} : tensor<256xi32>
      %28 = tt.splat %arg3 : i32 -> tensor<256xi32>
      %29 = arith.addi %28, %27 : tensor<256xi32>
      %30 = arith.cmpi slt, %29, %cst_3 : tensor<256xi32>
      %31 = tt.expand_dims %12 {axis = 1 : i32} : tensor<16xi32> -> tensor<16x1xi32>
      %32 = arith.muli %31, %cst_2 : tensor<16x1xi32>
      %33 = tt.expand_dims %29 {axis = 0 : i32} : tensor<256xi32> -> tensor<1x256xi32>
      %34 = tt.broadcast %32 : tensor<16x1xi32> -> tensor<16x256xi32>
      %35 = tt.broadcast %33 : tensor<1x256xi32> -> tensor<16x256xi32>
      %36 = arith.addi %34, %35 : tensor<16x256xi32>
      %37 = tt.splat %arg0 : !tt.ptr<f8E4M3FN> -> tensor<16x256x!tt.ptr<f8E4M3FN>>
      %38 = tt.addptr %37, %36 : tensor<16x256x!tt.ptr<f8E4M3FN>>, tensor<16x256xi32>
      %39 = tt.expand_dims %30 {axis = 0 : i32} : tensor<256xi1> -> tensor<1x256xi1>
      %40 = tt.broadcast %39 : tensor<1x256xi1> -> tensor<16x256xi1>
      %41 = tt.load %38, %40, %cst_0 evictionPolicy = evict_last : tensor<16x256x!tt.ptr<f8E4M3FN>>
      %42 = tt.expand_dims %29 {axis = 1 : i32} : tensor<256xi32> -> tensor<256x1xi32>
      %43 = arith.muli %42, %cst_1 : tensor<256x1xi32>
      %44 = tt.expand_dims %16 {axis = 0 : i32} : tensor<32xi32> -> tensor<1x32xi32>
      %45 = tt.broadcast %43 : tensor<256x1xi32> -> tensor<256x32xi32>
      %46 = tt.broadcast %44 : tensor<1x32xi32> -> tensor<256x32xi32>
      %47 = arith.addi %45, %46 : tensor<256x32xi32>
      %48 = tt.splat %arg1 : !tt.ptr<f8E4M3FN> -> tensor<256x32x!tt.ptr<f8E4M3FN>>
      %49 = tt.addptr %48, %47 : tensor<256x32x!tt.ptr<f8E4M3FN>>, tensor<256x32xi32>
      %50 = tt.expand_dims %30 {axis = 1 : i32} : tensor<256xi1> -> tensor<256x1xi1>
      %51 = tt.broadcast %50 : tensor<256x1xi1> -> tensor<256x32xi1>
      %52 = tt.load %49, %51, %cst : tensor<256x32x!tt.ptr<f8E4M3FN>>
      %53 = tt.dot %41, %52, %arg4, inputPrecision = tf32 : tensor<16x256xf8E4M3FN> * tensor<256x32xf8E4M3FN> -> tensor<16x32xf32>
      scf.yield %53 : tensor<16x32xf32>
    } {tt.loop_unroll_factor = 1 : i32, tt.num_stages = 1 : i32, tt.warp_specialize}
    %18 = arith.truncf %17 : tensor<16x32xf32> to tensor<16x32xf16>
    %19 = tt.expand_dims %12 {axis = 1 : i32} : tensor<16xi32> -> tensor<16x1xi32>
    %20 = arith.muli %19, %cst_2 : tensor<16x1xi32>
    %21 = tt.expand_dims %16 {axis = 0 : i32} : tensor<32xi32> -> tensor<1x32xi32>
    %22 = tt.broadcast %20 : tensor<16x1xi32> -> tensor<16x32xi32>
    %23 = tt.broadcast %21 : tensor<1x32xi32> -> tensor<16x32xi32>
    %24 = arith.addi %22, %23 : tensor<16x32xi32>
    %25 = tt.splat %arg2 : !tt.ptr<f16> -> tensor<16x32x!tt.ptr<f16>>
    %26 = tt.addptr %25, %24 : tensor<16x32x!tt.ptr<f16>>, tensor<16x32xi32>
    tt.store %26, %18 : tensor<16x32x!tt.ptr<f16>>
    tt.return
  }
}

{-#
  external_resources: {
    mlir_reproducer: {
      pipeline: "builtin.module(convert-triton-to-tritongpu{enable-source-remat=false num-ctas=1 num-warps=4 target=cuda:100 threads-per-warp=32}, tritongpu-coalesce, tritongpu-F32DotTC{emu-tf32=true}, triton-nvidia-gpu-plan-cta, tritongpu-remove-layout-conversions, tritongpu-optimize-thread-locality, tritongpu-accelerate-matmul, tritongpu-remove-layout-conversions, tritongpu-optimize-dot-operands{hoist-layout-conversion=true}, triton-nvidia-optimize-descriptor-encoding, triton-loop-aware-cse, tritongpu-fuse-nested-loops, canonicalize{  max-iterations=10 max-num-rewrites=-1 region-simplify=normal test-convergence=false top-down=true}, triton-licm, tritongpu-optimize-accumulator-init, tritongpu-hoist-tmem-alloc{hoist-out-of-if=false}, tritongpu-promote-lhs-to-tmem, tritongpu-assign-latencies{num-stages=8}, tritongpu-schedule-loops, tritongpu-automatic-warp-specialization{num-stages=8}, tritongpu-pipeline{dump-intermediate-steps=false num-stages=8}, tritongpu-optimize-partition-warps, tritongpu-combine-tensor-select-and-if, tritongpu-hoist-tmem-alloc{hoist-out-of-if=true}, triton-nvidia-gpu-remove-tmem-tokens, canonicalize{  max-iterations=10 max-num-rewrites=-1 region-simplify=normal test-convergence=false top-down=true}, triton-loop-aware-cse, tritongpu-prefetch, tritongpu-optimize-dot-operands{hoist-layout-conversion=true}, tritongpu-coalesce-async-copy, triton-nvidia-optimize-tmem-layouts, triton-nvidia-tma-lowering, tritongpu-remove-layout-conversions, triton-nvidia-interleave-tmem, tritongpu-reduce-data-duplication, tritongpu-reorder-instructions, triton-loop-aware-cse, symbol-dce, triton-nvidia-gpu-fence-insertion{compute-capability=100}, triton-nvidia-mma-lowering, sccp, cse, canonicalize{  max-iterations=10 max-num-rewrites=-1 region-simplify=normal test-convergence=false top-down=true})",
      disable_threading: true,
      verify_each: true
    }
  }
#-}
/tmp/torchinductor_jongsokchoi/p5/cp5hgz74tfrvzw6rwntjwjxibvljmz5nxvszubkggq4j36lesibp.py:14:0: error: Failures have been detected while processing an MLIR pass pipeline
/tmp/torchinductor_jongsokchoi/p5/cp5hgz74tfrvzw6rwntjwjxibvljmz5nxvszubkggq4j36lesibp.py:14:0: note: Pipeline failed while executing [`TritonGPUAutomaticWarpSpecialization` on 'builtin.module' operation, `NVWSInsertAref` on 'builtin.module' operation]: reproducer generated at `std::errs, please share the reproducer above with Triton project.`
Benchmarking exploring neighbors 100% ━━━━━━━━━━━━━━━━━━━━━━━━━━ 1/1 - configs/s
[AOT measure] Config 1/31: invalid (inf timing)
Benchmarking exploring neighbors 100% ━━━━━━━━━━━━━━━━━━━━━━━━━━ 1/1 - configs/s
[AOT measure] Config 2/31: 0.3461ms
Benchmarking exploring neighbors 100% ━━━━━━━━━━━━━━━━━━━━━━━━━━ 1/1 - configs/s
[AOT measure] Config 3/31: 0.0718ms
Benchmarking exploring neighbors 100% ━━━━━━━━━━━━━━━━━━━━━━━━━━ 1/1 - configs/s
[AOT measure] Config 4/31: 0.0471ms
Benchmarking exploring neighbors 100% ━━━━━━━━━━━━━━━━━━━━━━━━━━ 1/1 - configs/s
[AOT measure] Config 5/31: 0.0697ms
Benchmarking exploring neighbors 100% ━━━━━━━━━━━━━━━━━━━━━━━━━━ 1/1 - configs/s
[AOT measure] Config 6/31: 0.0328ms
Benchmarking exploring neighbors 100% ━━━━━━━━━━━━━━━━━━━━━━━━━━ 1/1 - configs/s
[AOT measure] Config 7/31: 0.0471ms
Benchmarking exploring neighbors 100% ━━━━━━━━━━━━━━━━━━━━━━━━━━ 1/1 - configs/s
[AOT measure] Config 8/31: 0.0389ms
Benchmarking exploring neighbors 100% ━━━━━━━━━━━━━━━━━━━━━━━━━━ 1/1 - configs/s
[AOT measure] Config 9/31: 0.0307ms
Benchmarking exploring neighbors 100% ━━━━━━━━━━━━━━━━━━━━━━━━━━ 1/1 - configs/s
[AOT measure] Config 10/31: 0.0330ms
Benchmarking exploring neighbors 100% ━━━━━━━━━━━━━━━━━━━━━━━━━━ 1/1 - configs/s
[AOT measure] Config 11/31: 0.0307ms
Benchmarking exploring neighbors 100% ━━━━━━━━━━━━━━━━━━━━━━━━━━ 1/1 - configs/s
[AOT measure] Config 12/31: 0.0348ms
Benchmarking exploring neighbors 100% ━━━━━━━━━━━━━━━━━━━━━━━━━━ 1/1 - configs/s
[AOT measure] Config 13/31: 0.0308ms
Benchmarking exploring neighbors 100% ━━━━━━━━━━━━━━━━━━━━━━━━━━ 1/1 - configs/s
[AOT measure] Config 14/31: 0.0348ms
Benchmarking exploring neighbors 100% ━━━━━━━━━━━━━━━━━━━━━━━━━━ 1/1 - configs/s
[AOT measure] Config 15/31: 0.0295ms
Benchmarking exploring neighbors 100% ━━━━━━━━━━━━━━━━━━━━━━━━━━ 1/1 - configs/s
[AOT measure] Config 16/31: 0.0267ms
Benchmarking exploring neighbors 100% ━━━━━━━━━━━━━━━━━━━━━━━━━━ 1/1 - configs/s
[AOT measure] Config 17/31: 0.0266ms
Benchmarking exploring neighbors 100% ━━━━━━━━━━━━━━━━━━━━━━━━━━ 1/1 - configs/s
[AOT measure] Config 18/31: 0.0265ms
Benchmarking exploring neighbors 100% ━━━━━━━━━━━━━━━━━━━━━━━━━━ 1/1 - configs/s
[AOT measure] Config 19/31: 0.0266ms
Benchmarking exploring neighbors 100% ━━━━━━━━━━━━━━━━━━━━━━━━━━ 1/1 - configs/s
[AOT measure] Config 20/31: 0.0256ms
Benchmarking exploring neighbors 100% ━━━━━━━━━━━━━━━━━━━━━━━━━━ 1/1 - configs/s
[AOT measure] Config 21/31: 0.0266ms
Benchmarking exploring neighbors 100% ━━━━━━━━━━━━━━━━━━━━━━━━━━ 1/1 - configs/s
[AOT measure] Config 22/31: 0.0266ms
Benchmarking exploring neighbors 100% ━━━━━━━━━━━━━━━━━━━━━━━━━━ 1/1 - configs/s
[AOT measure] Config 23/31: 0.0266ms
Benchmarking exploring neighbors 100% ━━━━━━━━━━━━━━━━━━━━━━━━━━ 1/1 - configs/s
[AOT measure] Config 24/31: 0.0267ms
Benchmarking exploring neighbors 100% ━━━━━━━━━━━━━━━━━━━━━━━━━━ 1/1 - configs/s
[AOT measure] Config 25/31: 0.0308ms
Benchmarking exploring neighbors 100% ━━━━━━━━━━━━━━━━━━━━━━━━━━ 1/1 - configs/s
[AOT measure] Config 26/31: 0.0265ms
Benchmarking exploring neighbors 100% ━━━━━━━━━━━━━━━━━━━━━━━━━━ 1/1 - configs/s
[AOT measure] Config 27/31: 0.0308ms
Benchmarking exploring neighbors 100% ━━━━━━━━━━━━━━━━━━━━━━━━━━ 1/1 - configs/s
[AOT measure] Config 28/31: 0.0308ms
Benchmarking exploring neighbors 100% ━━━━━━━━━━━━━━━━━━━━━━━━━━ 1/1 - configs/s
[AOT measure] Config 29/31: 0.0266ms
Benchmarking exploring neighbors 100% ━━━━━━━━━━━━━━━━━━━━━━━━━━ 1/1 - configs/s
[AOT measure] Config 30/31: 0.0266ms
Benchmarking exploring neighbors 100% ━━━━━━━━━━━━━━━━━━━━━━━━━━ 1/1 - configs/s
[AOT measure] Config 31/31: 0.0266ms
[AOT measure] Completed: 30/31 configs succeeded
  2432x2432 @ 2432x2432 done
[0s] Autotune random seed: 3891572246
[AOT measure] Testing 31 configs for fp8_gemm shape_hash=34097f16
module {
  tt.func public @_helion_fp8_gemm(%arg0: !tt.ptr<f8E4M3FN> {tt.divisibility = 16 : i32}, %arg1: !tt.ptr<f8E4M3FN> {tt.divisibility = 16 : i32}, %arg2: !tt.ptr<f16> {tt.divisibility = 16 : i32}) attributes {noinline = false} {
    %c1280_i32 = arith.constant 1280 : i32
    %c256_i32 = arith.constant 256 : i32
    %c2560_i32 = arith.constant 2560 : i32
    %c0_i32 = arith.constant 0 : i32
    %cst = arith.constant dense<2560> : tensor<256x1xi32>
    %cst_0 = arith.constant dense<2560> : tensor<16x1xi32>
    %cst_1 = arith.constant dense<0.000000e+00> : tensor<16x32xf32>
    %c32_i32 = arith.constant 32 : i32
    %c16_i32 = arith.constant 16 : i32
    %c160_i32 = arith.constant 160 : i32
    %0 = tt.get_program_id x : i32
    %1 = arith.divsi %0, %c1280_i32 : i32
    %2 = arith.muli %1, %c16_i32 : i32
    %3 = arith.subi %c160_i32, %2 : i32
    %4 = arith.minsi %3, %c16_i32 : i32
    %5 = arith.remsi %0, %c1280_i32 : i32
    %6 = arith.remsi %5, %4 : i32
    %7 = arith.addi %2, %6 : i32
    %8 = arith.divsi %5, %4 : i32
    %9 = arith.muli %7, %c16_i32 : i32
    %10 = tt.make_range {end = 16 : i32, start = 0 : i32} : tensor<16xi32>
    %11 = tt.splat %9 : i32 -> tensor<16xi32>
    %12 = arith.addi %11, %10 : tensor<16xi32>
    %13 = arith.muli %8, %c32_i32 : i32
    %14 = tt.make_range {end = 32 : i32, start = 0 : i32} : tensor<32xi32>
    %15 = tt.splat %13 : i32 -> tensor<32xi32>
    %16 = arith.addi %15, %14 : tensor<32xi32>
    %17 = scf.for %arg3 = %c0_i32 to %c2560_i32 step %c256_i32 iter_args(%arg4 = %cst_1) -> (tensor<16x32xf32>)  : i32 {
      %27 = tt.make_range {end = 256 : i32, start = 0 : i32} : tensor<256xi32>
      %28 = tt.splat %arg3 : i32 -> tensor<256xi32>
      %29 = arith.addi %28, %27 : tensor<256xi32>
      %30 = tt.expand_dims %12 {axis = 1 : i32} : tensor<16xi32> -> tensor<16x1xi32>
      %31 = arith.muli %30, %cst_0 : tensor<16x1xi32>
      %32 = tt.expand_dims %29 {axis = 0 : i32} : tensor<256xi32> -> tensor<1x256xi32>
      %33 = tt.broadcast %31 : tensor<16x1xi32> -> tensor<16x256xi32>
      %34 = tt.broadcast %32 : tensor<1x256xi32> -> tensor<16x256xi32>
      %35 = arith.addi %33, %34 : tensor<16x256xi32>
      %36 = tt.splat %arg0 : !tt.ptr<f8E4M3FN> -> tensor<16x256x!tt.ptr<f8E4M3FN>>
      %37 = tt.addptr %36, %35 : tensor<16x256x!tt.ptr<f8E4M3FN>>, tensor<16x256xi32>
      %38 = tt.load %37 evictionPolicy = evict_last : tensor<16x256x!tt.ptr<f8E4M3FN>>
      %39 = tt.expand_dims %29 {axis = 1 : i32} : tensor<256xi32> -> tensor<256x1xi32>
      %40 = arith.muli %39, %cst : tensor<256x1xi32>
      %41 = tt.expand_dims %16 {axis = 0 : i32} : tensor<32xi32> -> tensor<1x32xi32>
      %42 = tt.broadcast %40 : tensor<256x1xi32> -> tensor<256x32xi32>
      %43 = tt.broadcast %41 : tensor<1x32xi32> -> tensor<256x32xi32>
      %44 = arith.addi %42, %43 : tensor<256x32xi32>
      %45 = tt.splat %arg1 : !tt.ptr<f8E4M3FN> -> tensor<256x32x!tt.ptr<f8E4M3FN>>
      %46 = tt.addptr %45, %44 : tensor<256x32x!tt.ptr<f8E4M3FN>>, tensor<256x32xi32>
      %47 = tt.load %46 : tensor<256x32x!tt.ptr<f8E4M3FN>>
      %48 = tt.dot %38, %47, %arg4, inputPrecision = tf32 : tensor<16x256xf8E4M3FN> * tensor<256x32xf8E4M3FN> -> tensor<16x32xf32>
      scf.yield %48 : tensor<16x32xf32>
    } {tt.loop_unroll_factor = 1 : i32, tt.num_stages = 1 : i32, tt.warp_specialize}
    %18 = arith.truncf %17 : tensor<16x32xf32> to tensor<16x32xf16>
    %19 = tt.expand_dims %12 {axis = 1 : i32} : tensor<16xi32> -> tensor<16x1xi32>
    %20 = arith.muli %19, %cst_0 : tensor<16x1xi32>
    %21 = tt.expand_dims %16 {axis = 0 : i32} : tensor<32xi32> -> tensor<1x32xi32>
    %22 = tt.broadcast %20 : tensor<16x1xi32> -> tensor<16x32xi32>
    %23 = tt.broadcast %21 : tensor<1x32xi32> -> tensor<16x32xi32>
    %24 = arith.addi %22, %23 : tensor<16x32xi32>
    %25 = tt.splat %arg2 : !tt.ptr<f16> -> tensor<16x32x!tt.ptr<f16>>
    %26 = tt.addptr %25, %24 : tensor<16x32x!tt.ptr<f16>>, tensor<16x32xi32>
    tt.store %26, %18 : tensor<16x32x!tt.ptr<f16>>
    tt.return
  }
}

{-#
  external_resources: {
    mlir_reproducer: {
      pipeline: "builtin.module(convert-triton-to-tritongpu{enable-source-remat=false num-ctas=1 num-warps=4 target=cuda:100 threads-per-warp=32}, tritongpu-coalesce, tritongpu-F32DotTC{emu-tf32=true}, triton-nvidia-gpu-plan-cta, tritongpu-remove-layout-conversions, tritongpu-optimize-thread-locality, tritongpu-accelerate-matmul, tritongpu-remove-layout-conversions, tritongpu-optimize-dot-operands{hoist-layout-conversion=true}, triton-nvidia-optimize-descriptor-encoding, triton-loop-aware-cse, tritongpu-fuse-nested-loops, canonicalize{  max-iterations=10 max-num-rewrites=-1 region-simplify=normal test-convergence=false top-down=true}, triton-licm, tritongpu-optimize-accumulator-init, tritongpu-hoist-tmem-alloc{hoist-out-of-if=false}, tritongpu-promote-lhs-to-tmem, tritongpu-assign-latencies{num-stages=8}, tritongpu-schedule-loops, tritongpu-automatic-warp-specialization{num-stages=8}, tritongpu-pipeline{dump-intermediate-steps=false num-stages=8}, tritongpu-optimize-partition-warps, tritongpu-combine-tensor-select-and-if, tritongpu-hoist-tmem-alloc{hoist-out-of-if=true}, triton-nvidia-gpu-remove-tmem-tokens, canonicalize{  max-iterations=10 max-num-rewrites=-1 region-simplify=normal test-convergence=false top-down=true}, triton-loop-aware-cse, tritongpu-prefetch, tritongpu-optimize-dot-operands{hoist-layout-conversion=true}, tritongpu-coalesce-async-copy, triton-nvidia-optimize-tmem-layouts, triton-nvidia-tma-lowering, tritongpu-remove-layout-conversions, triton-nvidia-interleave-tmem, tritongpu-reduce-data-duplication, tritongpu-reorder-instructions, triton-loop-aware-cse, symbol-dce, triton-nvidia-gpu-fence-insertion{compute-capability=100}, triton-nvidia-mma-lowering, sccp, cse, canonicalize{  max-iterations=10 max-num-rewrites=-1 region-simplify=normal test-convergence=false top-down=true})",
      disable_threading: true,
      verify_each: true
    }
  }
#-}
/tmp/torchinductor_jongsokchoi/cp/ccpronpdoom2kiuyyg2nxutx45wsbixojm3ikpbqnz32jarihojh.py:14:0: error: Failures have been detected while processing an MLIR pass pipeline
/tmp/torchinductor_jongsokchoi/cp/ccpronpdoom2kiuyyg2nxutx45wsbixojm3ikpbqnz32jarihojh.py:14:0: note: Pipeline failed while executing [`TritonGPUAutomaticWarpSpecialization` on 'builtin.module' operation, `NVWSInsertAref` on 'builtin.module' operation]: reproducer generated at `std::errs, please share the reproducer above with Triton project.`
Benchmarking exploring neighbors 100% ━━━━━━━━━━━━━━━━━━━━━━━━━━ 1/1 - configs/s
[AOT measure] Config 1/31: invalid (inf timing)
Benchmarking exploring neighbors 100% ━━━━━━━━━━━━━━━━━━━━━━━━━━ 1/1 - configs/s
[AOT measure] Config 2/31: 0.4014ms
Benchmarking exploring neighbors 100% ━━━━━━━━━━━━━━━━━━━━━━━━━━ 1/1 - configs/s
[AOT measure] Config 3/31: 0.0799ms
Benchmarking exploring neighbors 100% ━━━━━━━━━━━━━━━━━━━━━━━━━━ 1/1 - configs/s
[AOT measure] Config 4/31: 0.0553ms
Benchmarking exploring neighbors 100% ━━━━━━━━━━━━━━━━━━━━━━━━━━ 1/1 - configs/s
[AOT measure] Config 5/31: 0.0737ms
Benchmarking exploring neighbors 100% ━━━━━━━━━━━━━━━━━━━━━━━━━━ 1/1 - configs/s
[AOT measure] Config 6/31: 0.0328ms
Benchmarking exploring neighbors 100% ━━━━━━━━━━━━━━━━━━━━━━━━━━ 1/1 - configs/s
[AOT measure] Config 7/31: 0.0553ms
Benchmarking exploring neighbors 100% ━━━━━━━━━━━━━━━━━━━━━━━━━━ 1/1 - configs/s
[AOT measure] Config 8/31: 0.0410ms
Benchmarking exploring neighbors 100% ━━━━━━━━━━━━━━━━━━━━━━━━━━ 1/1 - configs/s
[AOT measure] Config 9/31: 0.0307ms
Benchmarking exploring neighbors 100% ━━━━━━━━━━━━━━━━━━━━━━━━━━ 1/1 - configs/s
[AOT measure] Config 10/31: 0.0348ms
Benchmarking exploring neighbors 100% ━━━━━━━━━━━━━━━━━━━━━━━━━━ 1/1 - configs/s
[AOT measure] Config 11/31: 0.0307ms
Benchmarking exploring neighbors 100% ━━━━━━━━━━━━━━━━━━━━━━━━━━ 1/1 - configs/s
[AOT measure] Config 12/31: 0.0348ms
Benchmarking exploring neighbors 100% ━━━━━━━━━━━━━━━━━━━━━━━━━━ 1/1 - configs/s
[AOT measure] Config 13/31: 0.0327ms
Benchmarking exploring neighbors 100% ━━━━━━━━━━━━━━━━━━━━━━━━━━ 1/1 - configs/s
[AOT measure] Config 14/31: 0.0348ms
Benchmarking exploring neighbors 100% ━━━━━━━━━━━━━━━━━━━━━━━━━━ 1/1 - configs/s
[AOT measure] Config 15/31: 0.0307ms
Benchmarking exploring neighbors 100% ━━━━━━━━━━━━━━━━━━━━━━━━━━ 1/1 - configs/s
[AOT measure] Config 16/31: 0.0267ms
Benchmarking exploring neighbors 100% ━━━━━━━━━━━━━━━━━━━━━━━━━━ 1/1 - configs/s
[AOT measure] Config 17/31: 0.0266ms
Benchmarking exploring neighbors 100% ━━━━━━━━━━━━━━━━━━━━━━━━━━ 1/1 - configs/s
[AOT measure] Config 18/31: 0.0266ms
Benchmarking exploring neighbors 100% ━━━━━━━━━━━━━━━━━━━━━━━━━━ 1/1 - configs/s
[AOT measure] Config 19/31: 0.0266ms
Benchmarking exploring neighbors 100% ━━━━━━━━━━━━━━━━━━━━━━━━━━ 1/1 - configs/s
[AOT measure] Config 20/31: 0.0266ms
Benchmarking exploring neighbors 100% ━━━━━━━━━━━━━━━━━━━━━━━━━━ 1/1 - configs/s
[AOT measure] Config 21/31: 0.0266ms
Benchmarking exploring neighbors 100% ━━━━━━━━━━━━━━━━━━━━━━━━━━ 1/1 - configs/s
[AOT measure] Config 22/31: 0.0266ms
Benchmarking exploring neighbors 100% ━━━━━━━━━━━━━━━━━━━━━━━━━━ 1/1 - configs/s
[AOT measure] Config 23/31: 0.0266ms
Benchmarking exploring neighbors 100% ━━━━━━━━━━━━━━━━━━━━━━━━━━ 1/1 - configs/s
[AOT measure] Config 24/31: 0.0267ms
Benchmarking exploring neighbors 100% ━━━━━━━━━━━━━━━━━━━━━━━━━━ 1/1 - configs/s
[AOT measure] Config 25/31: 0.0307ms
Benchmarking exploring neighbors 100% ━━━━━━━━━━━━━━━━━━━━━━━━━━ 1/1 - configs/s
[AOT measure] Config 26/31: 0.0266ms
Benchmarking exploring neighbors 100% ━━━━━━━━━━━━━━━━━━━━━━━━━━ 1/1 - configs/s
[AOT measure] Config 27/31: 0.0308ms
Benchmarking exploring neighbors 100% ━━━━━━━━━━━━━━━━━━━━━━━━━━ 1/1 - configs/s
[AOT measure] Config 28/31: 0.0316ms
Benchmarking exploring neighbors 100% ━━━━━━━━━━━━━━━━━━━━━━━━━━ 1/1 - configs/s
[AOT measure] Config 29/31: 0.0266ms
Benchmarking exploring neighbors 100% ━━━━━━━━━━━━━━━━━━━━━━━━━━ 1/1 - configs/s
[AOT measure] Config 30/31: 0.0266ms
Benchmarking exploring neighbors 100% ━━━━━━━━━━━━━━━━━━━━━━━━━━ 1/1 - configs/s
[AOT measure] Config 31/31: 0.0266ms
[AOT measure] Completed: 30/31 configs succeeded
  2560x2560 @ 2560x2560 done
[0s] Autotune random seed: 3891572246
[AOT measure] Testing 31 configs for fp8_gemm shape_hash=04504712
module {
  tt.func public @_helion_fp8_gemm(%arg0: !tt.ptr<f8E4M3FN> {tt.divisibility = 16 : i32}, %arg1: !tt.ptr<f8E4M3FN> {tt.divisibility = 16 : i32}, %arg2: !tt.ptr<f16> {tt.divisibility = 16 : i32}) attributes {noinline = false} {
    %c1344_i32 = arith.constant 1344 : i32
    %cst = arith.constant dense<0.000000e+00> : tensor<256x32xf8E4M3FN>
    %cst_0 = arith.constant dense<0.000000e+00> : tensor<16x256xf8E4M3FN>
    %c256_i32 = arith.constant 256 : i32
    %c2688_i32 = arith.constant 2688 : i32
    %c0_i32 = arith.constant 0 : i32
    %cst_1 = arith.constant dense<2688> : tensor<256x1xi32>
    %cst_2 = arith.constant dense<2688> : tensor<16x1xi32>
    %cst_3 = arith.constant dense<2688> : tensor<256xi32>
    %cst_4 = arith.constant dense<0.000000e+00> : tensor<16x32xf32>
    %c32_i32 = arith.constant 32 : i32
    %c16_i32 = arith.constant 16 : i32
    %c168_i32 = arith.constant 168 : i32
    %0 = tt.get_program_id x : i32
    %1 = arith.divsi %0, %c1344_i32 : i32
    %2 = arith.muli %1, %c16_i32 : i32
    %3 = arith.subi %c168_i32, %2 : i32
    %4 = arith.minsi %3, %c16_i32 : i32
    %5 = arith.remsi %0, %c1344_i32 : i32
    %6 = arith.remsi %5, %4 : i32
    %7 = arith.addi %2, %6 : i32
    %8 = arith.divsi %5, %4 : i32
    %9 = arith.muli %7, %c16_i32 : i32
    %10 = tt.make_range {end = 16 : i32, start = 0 : i32} : tensor<16xi32>
    %11 = tt.splat %9 : i32 -> tensor<16xi32>
    %12 = arith.addi %11, %10 : tensor<16xi32>
    %13 = arith.muli %8, %c32_i32 : i32
    %14 = tt.make_range {end = 32 : i32, start = 0 : i32} : tensor<32xi32>
    %15 = tt.splat %13 : i32 -> tensor<32xi32>
    %16 = arith.addi %15, %14 : tensor<32xi32>
    %17 = scf.for %arg3 = %c0_i32 to %c2688_i32 step %c256_i32 iter_args(%arg4 = %cst_4) -> (tensor<16x32xf32>)  : i32 {
      %27 = tt.make_range {end = 256 : i32, start = 0 : i32} : tensor<256xi32>
      %28 = tt.splat %arg3 : i32 -> tensor<256xi32>
      %29 = arith.addi %28, %27 : tensor<256xi32>
      %30 = arith.cmpi slt, %29, %cst_3 : tensor<256xi32>
      %31 = tt.expand_dims %12 {axis = 1 : i32} : tensor<16xi32> -> tensor<16x1xi32>
      %32 = arith.muli %31, %cst_2 : tensor<16x1xi32>
      %33 = tt.expand_dims %29 {axis = 0 : i32} : tensor<256xi32> -> tensor<1x256xi32>
      %34 = tt.broadcast %32 : tensor<16x1xi32> -> tensor<16x256xi32>
      %35 = tt.broadcast %33 : tensor<1x256xi32> -> tensor<16x256xi32>
      %36 = arith.addi %34, %35 : tensor<16x256xi32>
      %37 = tt.splat %arg0 : !tt.ptr<f8E4M3FN> -> tensor<16x256x!tt.ptr<f8E4M3FN>>
      %38 = tt.addptr %37, %36 : tensor<16x256x!tt.ptr<f8E4M3FN>>, tensor<16x256xi32>
      %39 = tt.expand_dims %30 {axis = 0 : i32} : tensor<256xi1> -> tensor<1x256xi1>
      %40 = tt.broadcast %39 : tensor<1x256xi1> -> tensor<16x256xi1>
      %41 = tt.load %38, %40, %cst_0 evictionPolicy = evict_last : tensor<16x256x!tt.ptr<f8E4M3FN>>
      %42 = tt.expand_dims %29 {axis = 1 : i32} : tensor<256xi32> -> tensor<256x1xi32>
      %43 = arith.muli %42, %cst_1 : tensor<256x1xi32>
      %44 = tt.expand_dims %16 {axis = 0 : i32} : tensor<32xi32> -> tensor<1x32xi32>
      %45 = tt.broadcast %43 : tensor<256x1xi32> -> tensor<256x32xi32>
      %46 = tt.broadcast %44 : tensor<1x32xi32> -> tensor<256x32xi32>
      %47 = arith.addi %45, %46 : tensor<256x32xi32>
      %48 = tt.splat %arg1 : !tt.ptr<f8E4M3FN> -> tensor<256x32x!tt.ptr<f8E4M3FN>>
      %49 = tt.addptr %48, %47 : tensor<256x32x!tt.ptr<f8E4M3FN>>, tensor<256x32xi32>
      %50 = tt.expand_dims %30 {axis = 1 : i32} : tensor<256xi1> -> tensor<256x1xi1>
      %51 = tt.broadcast %50 : tensor<256x1xi1> -> tensor<256x32xi1>
      %52 = tt.load %49, %51, %cst : tensor<256x32x!tt.ptr<f8E4M3FN>>
      %53 = tt.dot %41, %52, %arg4, inputPrecision = tf32 : tensor<16x256xf8E4M3FN> * tensor<256x32xf8E4M3FN> -> tensor<16x32xf32>
      scf.yield %53 : tensor<16x32xf32>
    } {tt.loop_unroll_factor = 1 : i32, tt.num_stages = 1 : i32, tt.warp_specialize}
    %18 = arith.truncf %17 : tensor<16x32xf32> to tensor<16x32xf16>
    %19 = tt.expand_dims %12 {axis = 1 : i32} : tensor<16xi32> -> tensor<16x1xi32>
    %20 = arith.muli %19, %cst_2 : tensor<16x1xi32>
    %21 = tt.expand_dims %16 {axis = 0 : i32} : tensor<32xi32> -> tensor<1x32xi32>
    %22 = tt.broadcast %20 : tensor<16x1xi32> -> tensor<16x32xi32>
    %23 = tt.broadcast %21 : tensor<1x32xi32> -> tensor<16x32xi32>
    %24 = arith.addi %22, %23 : tensor<16x32xi32>
    %25 = tt.splat %arg2 : !tt.ptr<f16> -> tensor<16x32x!tt.ptr<f16>>
    %26 = tt.addptr %25, %24 : tensor<16x32x!tt.ptr<f16>>, tensor<16x32xi32>
    tt.store %26, %18 : tensor<16x32x!tt.ptr<f16>>
    tt.return
  }
}

{-#
  external_resources: {
    mlir_reproducer: {
      pipeline: "builtin.module(convert-triton-to-tritongpu{enable-source-remat=false num-ctas=1 num-warps=4 target=cuda:100 threads-per-warp=32}, tritongpu-coalesce, tritongpu-F32DotTC{emu-tf32=true}, triton-nvidia-gpu-plan-cta, tritongpu-remove-layout-conversions, tritongpu-optimize-thread-locality, tritongpu-accelerate-matmul, tritongpu-remove-layout-conversions, tritongpu-optimize-dot-operands{hoist-layout-conversion=true}, triton-nvidia-optimize-descriptor-encoding, triton-loop-aware-cse, tritongpu-fuse-nested-loops, canonicalize{  max-iterations=10 max-num-rewrites=-1 region-simplify=normal test-convergence=false top-down=true}, triton-licm, tritongpu-optimize-accumulator-init, tritongpu-hoist-tmem-alloc{hoist-out-of-if=false}, tritongpu-promote-lhs-to-tmem, tritongpu-assign-latencies{num-stages=8}, tritongpu-schedule-loops, tritongpu-automatic-warp-specialization{num-stages=8}, tritongpu-pipeline{dump-intermediate-steps=false num-stages=8}, tritongpu-optimize-partition-warps, tritongpu-combine-tensor-select-and-if, tritongpu-hoist-tmem-alloc{hoist-out-of-if=true}, triton-nvidia-gpu-remove-tmem-tokens, canonicalize{  max-iterations=10 max-num-rewrites=-1 region-simplify=normal test-convergence=false top-down=true}, triton-loop-aware-cse, tritongpu-prefetch, tritongpu-optimize-dot-operands{hoist-layout-conversion=true}, tritongpu-coalesce-async-copy, triton-nvidia-optimize-tmem-layouts, triton-nvidia-tma-lowering, tritongpu-remove-layout-conversions, triton-nvidia-interleave-tmem, tritongpu-reduce-data-duplication, tritongpu-reorder-instructions, triton-loop-aware-cse, symbol-dce, triton-nvidia-gpu-fence-insertion{compute-capability=100}, triton-nvidia-mma-lowering, sccp, cse, canonicalize{  max-iterations=10 max-num-rewrites=-1 region-simplify=normal test-convergence=false top-down=true})",
      disable_threading: true,
      verify_each: true
    }
  }
#-}
/tmp/torchinductor_jongsokchoi/q3/cq3bumzvfbdbgsjh6tefezhsl7ghlgsxcxszj2rklskq4ka4nbra.py:14:0: error: Failures have been detected while processing an MLIR pass pipeline
/tmp/torchinductor_jongsokchoi/q3/cq3bumzvfbdbgsjh6tefezhsl7ghlgsxcxszj2rklskq4ka4nbra.py:14:0: note: Pipeline failed while executing [`TritonGPUAutomaticWarpSpecialization` on 'builtin.module' operation, `NVWSInsertAref` on 'builtin.module' operation]: reproducer generated at `std::errs, please share the reproducer above with Triton project.`
Benchmarking exploring neighbors 100% ━━━━━━━━━━━━━━━━━━━━━━━━━━ 1/1 - configs/s
[AOT measure] Config 1/31: invalid (inf timing)
Benchmarking exploring neighbors 100% ━━━━━━━━━━━━━━━━━━━━━━━━━━ 1/1 - configs/s
[AOT measure] Config 2/31: 0.4629ms
Benchmarking exploring neighbors 100% ━━━━━━━━━━━━━━━━━━━━━━━━━━ 1/1 - configs/s
[AOT measure] Config 3/31: 0.0901ms
Benchmarking exploring neighbors 100% ━━━━━━━━━━━━━━━━━━━━━━━━━━ 1/1 - configs/s
[AOT measure] Config 4/31: 0.0594ms
Benchmarking exploring neighbors 100% ━━━━━━━━━━━━━━━━━━━━━━━━━━ 1/1 - configs/s
[AOT measure] Config 5/31: 0.0881ms
Benchmarking exploring neighbors 100% ━━━━━━━━━━━━━━━━━━━━━━━━━━ 1/1 - configs/s
[AOT measure] Config 6/31: 0.0348ms
Benchmarking exploring neighbors 100% ━━━━━━━━━━━━━━━━━━━━━━━━━━ 1/1 - configs/s
[AOT measure] Config 7/31: 0.0574ms
Benchmarking exploring neighbors 100% ━━━━━━━━━━━━━━━━━━━━━━━━━━ 1/1 - configs/s
[AOT measure] Config 8/31: 0.0513ms
Benchmarking exploring neighbors 100% ━━━━━━━━━━━━━━━━━━━━━━━━━━ 1/1 - configs/s
[AOT measure] Config 9/31: 0.0348ms
Benchmarking exploring neighbors 100% ━━━━━━━━━━━━━━━━━━━━━━━━━━ 1/1 - configs/s
[AOT measure] Config 10/31: 0.0369ms
Benchmarking exploring neighbors 100% ━━━━━━━━━━━━━━━━━━━━━━━━━━ 1/1 - configs/s
[AOT measure] Config 11/31: 0.0347ms
Benchmarking exploring neighbors 100% ━━━━━━━━━━━━━━━━━━━━━━━━━━ 1/1 - configs/s
[AOT measure] Config 12/31: 0.0369ms
Benchmarking exploring neighbors 100% ━━━━━━━━━━━━━━━━━━━━━━━━━━ 1/1 - configs/s
[AOT measure] Config 13/31: 0.0328ms
Benchmarking exploring neighbors 100% ━━━━━━━━━━━━━━━━━━━━━━━━━━ 1/1 - configs/s
[AOT measure] Config 14/31: 0.0369ms
Benchmarking exploring neighbors 100% ━━━━━━━━━━━━━━━━━━━━━━━━━━ 1/1 - configs/s
[AOT measure] Config 15/31: 0.0308ms
Benchmarking exploring neighbors 100% ━━━━━━━━━━━━━━━━━━━━━━━━━━ 1/1 - configs/s
[AOT measure] Config 16/31: 0.0287ms
Benchmarking exploring neighbors 100% ━━━━━━━━━━━━━━━━━━━━━━━━━━ 1/1 - configs/s
[AOT measure] Config 17/31: 0.0276ms
Benchmarking exploring neighbors 100% ━━━━━━━━━━━━━━━━━━━━━━━━━━ 1/1 - configs/s
[AOT measure] Config 18/31: 0.0266ms
Benchmarking exploring neighbors 100% ━━━━━━━━━━━━━━━━━━━━━━━━━━ 1/1 - configs/s
[AOT measure] Config 19/31: 0.0285ms
Benchmarking exploring neighbors 100% ━━━━━━━━━━━━━━━━━━━━━━━━━━ 1/1 - configs/s
[AOT measure] Config 20/31: 0.0266ms
Benchmarking exploring neighbors 100% ━━━━━━━━━━━━━━━━━━━━━━━━━━ 1/1 - configs/s
[AOT measure] Config 21/31: 0.0286ms
Benchmarking exploring neighbors 100% ━━━━━━━━━━━━━━━━━━━━━━━━━━ 1/1 - configs/s
[AOT measure] Config 22/31: 0.0267ms
Benchmarking exploring neighbors 100% ━━━━━━━━━━━━━━━━━━━━━━━━━━ 1/1 - configs/s
[AOT measure] Config 23/31: 0.0268ms
Benchmarking exploring neighbors 100% ━━━━━━━━━━━━━━━━━━━━━━━━━━ 1/1 - configs/s
[AOT measure] Config 24/31: 0.0287ms
Benchmarking exploring neighbors 100% ━━━━━━━━━━━━━━━━━━━━━━━━━━ 1/1 - configs/s
[AOT measure] Config 25/31: 0.0328ms
Benchmarking exploring neighbors 100% ━━━━━━━━━━━━━━━━━━━━━━━━━━ 1/1 - configs/s
[AOT measure] Config 26/31: 0.0286ms
Benchmarking exploring neighbors 100% ━━━━━━━━━━━━━━━━━━━━━━━━━━ 1/1 - configs/s
[AOT measure] Config 27/31: 0.0328ms
Benchmarking exploring neighbors 100% ━━━━━━━━━━━━━━━━━━━━━━━━━━ 1/1 - configs/s
[AOT measure] Config 28/31: 0.0328ms
Benchmarking exploring neighbors 100% ━━━━━━━━━━━━━━━━━━━━━━━━━━ 1/1 - configs/s
[AOT measure] Config 29/31: 0.0286ms
Benchmarking exploring neighbors 100% ━━━━━━━━━━━━━━━━━━━━━━━━━━ 1/1 - configs/s
[AOT measure] Config 30/31: 0.0267ms
Benchmarking exploring neighbors 100% ━━━━━━━━━━━━━━━━━━━━━━━━━━ 1/1 - configs/s
[AOT measure] Config 31/31: 0.0286ms
[AOT measure] Completed: 30/31 configs succeeded
  2688x2688 @ 2688x2688 done
[0s] Autotune random seed: 3891572246
[AOT measure] Testing 31 configs for fp8_gemm shape_hash=7205859a
module {
  tt.func public @_helion_fp8_gemm(%arg0: !tt.ptr<f8E4M3FN> {tt.divisibility = 16 : i32}, %arg1: !tt.ptr<f8E4M3FN> {tt.divisibility = 16 : i32}, %arg2: !tt.ptr<f16> {tt.divisibility = 16 : i32}) attributes {noinline = false} {
    %c1408_i32 = arith.constant 1408 : i32
    %c256_i32 = arith.constant 256 : i32
    %c2816_i32 = arith.constant 2816 : i32
    %c0_i32 = arith.constant 0 : i32
    %cst = arith.constant dense<2816> : tensor<256x1xi32>
    %cst_0 = arith.constant dense<2816> : tensor<16x1xi32>
    %cst_1 = arith.constant dense<0.000000e+00> : tensor<16x32xf32>
    %c32_i32 = arith.constant 32 : i32
    %c16_i32 = arith.constant 16 : i32
    %c176_i32 = arith.constant 176 : i32
    %0 = tt.get_program_id x : i32
    %1 = arith.divsi %0, %c1408_i32 : i32
    %2 = arith.muli %1, %c16_i32 : i32
    %3 = arith.subi %c176_i32, %2 : i32
    %4 = arith.minsi %3, %c16_i32 : i32
    %5 = arith.remsi %0, %c1408_i32 : i32
    %6 = arith.remsi %5, %4 : i32
    %7 = arith.addi %2, %6 : i32
    %8 = arith.divsi %5, %4 : i32
    %9 = arith.muli %7, %c16_i32 : i32
    %10 = tt.make_range {end = 16 : i32, start = 0 : i32} : tensor<16xi32>
    %11 = tt.splat %9 : i32 -> tensor<16xi32>
    %12 = arith.addi %11, %10 : tensor<16xi32>
    %13 = arith.muli %8, %c32_i32 : i32
    %14 = tt.make_range {end = 32 : i32, start = 0 : i32} : tensor<32xi32>
    %15 = tt.splat %13 : i32 -> tensor<32xi32>
    %16 = arith.addi %15, %14 : tensor<32xi32>
    %17 = scf.for %arg3 = %c0_i32 to %c2816_i32 step %c256_i32 iter_args(%arg4 = %cst_1) -> (tensor<16x32xf32>)  : i32 {
      %27 = tt.make_range {end = 256 : i32, start = 0 : i32} : tensor<256xi32>
      %28 = tt.splat %arg3 : i32 -> tensor<256xi32>
      %29 = arith.addi %28, %27 : tensor<256xi32>
      %30 = tt.expand_dims %12 {axis = 1 : i32} : tensor<16xi32> -> tensor<16x1xi32>
      %31 = arith.muli %30, %cst_0 : tensor<16x1xi32>
      %32 = tt.expand_dims %29 {axis = 0 : i32} : tensor<256xi32> -> tensor<1x256xi32>
      %33 = tt.broadcast %31 : tensor<16x1xi32> -> tensor<16x256xi32>
      %34 = tt.broadcast %32 : tensor<1x256xi32> -> tensor<16x256xi32>
      %35 = arith.addi %33, %34 : tensor<16x256xi32>
      %36 = tt.splat %arg0 : !tt.ptr<f8E4M3FN> -> tensor<16x256x!tt.ptr<f8E4M3FN>>
      %37 = tt.addptr %36, %35 : tensor<16x256x!tt.ptr<f8E4M3FN>>, tensor<16x256xi32>
      %38 = tt.load %37 evictionPolicy = evict_last : tensor<16x256x!tt.ptr<f8E4M3FN>>
      %39 = tt.expand_dims %29 {axis = 1 : i32} : tensor<256xi32> -> tensor<256x1xi32>
      %40 = arith.muli %39, %cst : tensor<256x1xi32>
      %41 = tt.expand_dims %16 {axis = 0 : i32} : tensor<32xi32> -> tensor<1x32xi32>
      %42 = tt.broadcast %40 : tensor<256x1xi32> -> tensor<256x32xi32>
      %43 = tt.broadcast %41 : tensor<1x32xi32> -> tensor<256x32xi32>
      %44 = arith.addi %42, %43 : tensor<256x32xi32>
      %45 = tt.splat %arg1 : !tt.ptr<f8E4M3FN> -> tensor<256x32x!tt.ptr<f8E4M3FN>>
      %46 = tt.addptr %45, %44 : tensor<256x32x!tt.ptr<f8E4M3FN>>, tensor<256x32xi32>
      %47 = tt.load %46 : tensor<256x32x!tt.ptr<f8E4M3FN>>
      %48 = tt.dot %38, %47, %arg4, inputPrecision = tf32 : tensor<16x256xf8E4M3FN> * tensor<256x32xf8E4M3FN> -> tensor<16x32xf32>
      scf.yield %48 : tensor<16x32xf32>
    } {tt.loop_unroll_factor = 1 : i32, tt.num_stages = 1 : i32, tt.warp_specialize}
    %18 = arith.truncf %17 : tensor<16x32xf32> to tensor<16x32xf16>
    %19 = tt.expand_dims %12 {axis = 1 : i32} : tensor<16xi32> -> tensor<16x1xi32>
    %20 = arith.muli %19, %cst_0 : tensor<16x1xi32>
    %21 = tt.expand_dims %16 {axis = 0 : i32} : tensor<32xi32> -> tensor<1x32xi32>
    %22 = tt.broadcast %20 : tensor<16x1xi32> -> tensor<16x32xi32>
    %23 = tt.broadcast %21 : tensor<1x32xi32> -> tensor<16x32xi32>
    %24 = arith.addi %22, %23 : tensor<16x32xi32>
    %25 = tt.splat %arg2 : !tt.ptr<f16> -> tensor<16x32x!tt.ptr<f16>>
    %26 = tt.addptr %25, %24 : tensor<16x32x!tt.ptr<f16>>, tensor<16x32xi32>
    tt.store %26, %18 : tensor<16x32x!tt.ptr<f16>>
    tt.return
  }
}

{-#
  external_resources: {
    mlir_reproducer: {
      pipeline: "builtin.module(convert-triton-to-tritongpu{enable-source-remat=false num-ctas=1 num-warps=4 target=cuda:100 threads-per-warp=32}, tritongpu-coalesce, tritongpu-F32DotTC{emu-tf32=true}, triton-nvidia-gpu-plan-cta, tritongpu-remove-layout-conversions, tritongpu-optimize-thread-locality, tritongpu-accelerate-matmul, tritongpu-remove-layout-conversions, tritongpu-optimize-dot-operands{hoist-layout-conversion=true}, triton-nvidia-optimize-descriptor-encoding, triton-loop-aware-cse, tritongpu-fuse-nested-loops, canonicalize{  max-iterations=10 max-num-rewrites=-1 region-simplify=normal test-convergence=false top-down=true}, triton-licm, tritongpu-optimize-accumulator-init, tritongpu-hoist-tmem-alloc{hoist-out-of-if=false}, tritongpu-promote-lhs-to-tmem, tritongpu-assign-latencies{num-stages=8}, tritongpu-schedule-loops, tritongpu-automatic-warp-specialization{num-stages=8}, tritongpu-pipeline{dump-intermediate-steps=false num-stages=8}, tritongpu-optimize-partition-warps, tritongpu-combine-tensor-select-and-if, tritongpu-hoist-tmem-alloc{hoist-out-of-if=true}, triton-nvidia-gpu-remove-tmem-tokens, canonicalize{  max-iterations=10 max-num-rewrites=-1 region-simplify=normal test-convergence=false top-down=true}, triton-loop-aware-cse, tritongpu-prefetch, tritongpu-optimize-dot-operands{hoist-layout-conversion=true}, tritongpu-coalesce-async-copy, triton-nvidia-optimize-tmem-layouts, triton-nvidia-tma-lowering, tritongpu-remove-layout-conversions, triton-nvidia-interleave-tmem, tritongpu-reduce-data-duplication, tritongpu-reorder-instructions, triton-loop-aware-cse, symbol-dce, triton-nvidia-gpu-fence-insertion{compute-capability=100}, triton-nvidia-mma-lowering, sccp, cse, canonicalize{  max-iterations=10 max-num-rewrites=-1 region-simplify=normal test-convergence=false top-down=true})",
      disable_threading: true,
      verify_each: true
    }
  }
#-}
/tmp/torchinductor_jongsokchoi/m3/cm3ubutm4jvhs57relp7tmjfjpfzbkl3pgm5on6fjcbszvjajy5n.py:14:0: error: Failures have been detected while processing an MLIR pass pipeline
/tmp/torchinductor_jongsokchoi/m3/cm3ubutm4jvhs57relp7tmjfjpfzbkl3pgm5on6fjcbszvjajy5n.py:14:0: note: Pipeline failed while executing [`TritonGPUAutomaticWarpSpecialization` on 'builtin.module' operation, `NVWSInsertAref` on 'builtin.module' operation]: reproducer generated at `std::errs, please share the reproducer above with Triton project.`
Benchmarking exploring neighbors 100% ━━━━━━━━━━━━━━━━━━━━━━━━━━ 1/1 - configs/s
[AOT measure] Config 1/31: invalid (inf timing)
Benchmarking exploring neighbors 100% ━━━━━━━━━━━━━━━━━━━━━━━━━━ 1/1 - configs/s
[AOT measure] Config 2/31: 0.5305ms
Benchmarking exploring neighbors 100% ━━━━━━━━━━━━━━━━━━━━━━━━━━ 1/1 - configs/s
[AOT measure] Config 3/31: 0.0983ms
Benchmarking exploring neighbors 100% ━━━━━━━━━━━━━━━━━━━━━━━━━━ 1/1 - configs/s
[AOT measure] Config 4/31: 0.0676ms
Benchmarking exploring neighbors 100% ━━━━━━━━━━━━━━━━━━━━━━━━━━ 1/1 - configs/s
[AOT measure] Config 5/31: 0.1004ms
Benchmarking exploring neighbors 100% ━━━━━━━━━━━━━━━━━━━━━━━━━━ 1/1 - configs/s
[AOT measure] Config 6/31: 0.0430ms
Benchmarking exploring neighbors 100% ━━━━━━━━━━━━━━━━━━━━━━━━━━ 1/1 - configs/s
[AOT measure] Config 7/31: 0.0676ms
Benchmarking exploring neighbors 100% ━━━━━━━━━━━━━━━━━━━━━━━━━━ 1/1 - configs/s
[AOT measure] Config 8/31: 0.0553ms
Benchmarking exploring neighbors 100% ━━━━━━━━━━━━━━━━━━━━━━━━━━ 1/1 - configs/s
[AOT measure] Config 9/31: 0.0369ms
Benchmarking exploring neighbors 100% ━━━━━━━━━━━━━━━━━━━━━━━━━━ 1/1 - configs/s
[AOT measure] Config 10/31: 0.0451ms
Benchmarking exploring neighbors 100% ━━━━━━━━━━━━━━━━━━━━━━━━━━ 1/1 - configs/s
[AOT measure] Config 11/31: 0.0369ms
Benchmarking exploring neighbors 100% ━━━━━━━━━━━━━━━━━━━━━━━━━━ 1/1 - configs/s
[AOT measure] Config 12/31: 0.0369ms
Benchmarking exploring neighbors 100% ━━━━━━━━━━━━━━━━━━━━━━━━━━ 1/1 - configs/s
[AOT measure] Config 13/31: 0.0330ms
Benchmarking exploring neighbors 100% ━━━━━━━━━━━━━━━━━━━━━━━━━━ 1/1 - configs/s
[AOT measure] Config 14/31: 0.0369ms
Benchmarking exploring neighbors 100% ━━━━━━━━━━━━━━━━━━━━━━━━━━ 1/1 - configs/s
[AOT measure] Config 15/31: 0.0328ms
Benchmarking exploring neighbors 100% ━━━━━━━━━━━━━━━━━━━━━━━━━━ 1/1 - configs/s
[AOT measure] Config 16/31: 0.0389ms
Benchmarking exploring neighbors 100% ━━━━━━━━━━━━━━━━━━━━━━━━━━ 1/1 - configs/s
[AOT measure] Config 17/31: 0.0287ms
Benchmarking exploring neighbors 100% ━━━━━━━━━━━━━━━━━━━━━━━━━━ 1/1 - configs/s
[AOT measure] Config 18/31: 0.0287ms
Benchmarking exploring neighbors 100% ━━━━━━━━━━━━━━━━━━━━━━━━━━ 1/1 - configs/s
[AOT measure] Config 19/31: 0.0287ms
Benchmarking exploring neighbors 100% ━━━━━━━━━━━━━━━━━━━━━━━━━━ 1/1 - configs/s
[AOT measure] Config 20/31: 0.0369ms
Benchmarking exploring neighbors 100% ━━━━━━━━━━━━━━━━━━━━━━━━━━ 1/1 - configs/s
[AOT measure] Config 21/31: 0.0287ms
Benchmarking exploring neighbors 100% ━━━━━━━━━━━━━━━━━━━━━━━━━━ 1/1 - configs/s
[AOT measure] Config 22/31: 0.0287ms
Benchmarking exploring neighbors 100% ━━━━━━━━━━━━━━━━━━━━━━━━━━ 1/1 - configs/s
[AOT measure] Config 23/31: 0.0287ms
Benchmarking exploring neighbors 100% ━━━━━━━━━━━━━━━━━━━━━━━━━━ 1/1 - configs/s
[AOT measure] Config 24/31: 0.0430ms
Benchmarking exploring neighbors 100% ━━━━━━━━━━━━━━━━━━━━━━━━━━ 1/1 - configs/s
[AOT measure] Config 25/31: 0.0328ms
Benchmarking exploring neighbors 100% ━━━━━━━━━━━━━━━━━━━━━━━━━━ 1/1 - configs/s
[AOT measure] Config 26/31: 0.0287ms
Benchmarking exploring neighbors 100% ━━━━━━━━━━━━━━━━━━━━━━━━━━ 1/1 - configs/s
[AOT measure] Config 27/31: 0.0328ms
Benchmarking exploring neighbors 100% ━━━━━━━━━━━━━━━━━━━━━━━━━━ 1/1 - configs/s
[AOT measure] Config 28/31: 0.0348ms
Benchmarking exploring neighbors 100% ━━━━━━━━━━━━━━━━━━━━━━━━━━ 1/1 - configs/s
[AOT measure] Config 29/31: 0.0287ms
Benchmarking exploring neighbors 100% ━━━━━━━━━━━━━━━━━━━━━━━━━━ 1/1 - configs/s
[AOT measure] Config 30/31: 0.0287ms
Benchmarking exploring neighbors 100% ━━━━━━━━━━━━━━━━━━━━━━━━━━ 1/1 - configs/s
[AOT measure] Config 31/31: 0.0287ms
[AOT measure] Completed: 30/31 configs succeeded
  2816x2816 @ 2816x2816 done
[0s] Autotune random seed: 3891572246
[AOT measure] Testing 31 configs for fp8_gemm shape_hash=baf9066d
module {
  tt.func public @_helion_fp8_gemm(%arg0: !tt.ptr<f8E4M3FN> {tt.divisibility = 16 : i32}, %arg1: !tt.ptr<f8E4M3FN> {tt.divisibility = 16 : i32}, %arg2: !tt.ptr<f16> {tt.divisibility = 16 : i32}) attributes {noinline = false} {
    %c1472_i32 = arith.constant 1472 : i32
    %cst = arith.constant dense<0.000000e+00> : tensor<256x32xf8E4M3FN>
    %cst_0 = arith.constant dense<0.000000e+00> : tensor<16x256xf8E4M3FN>
    %c256_i32 = arith.constant 256 : i32
    %c2944_i32 = arith.constant 2944 : i32
    %c0_i32 = arith.constant 0 : i32
    %cst_1 = arith.constant dense<2944> : tensor<256x1xi32>
    %cst_2 = arith.constant dense<2944> : tensor<16x1xi32>
    %cst_3 = arith.constant dense<2944> : tensor<256xi32>
    %cst_4 = arith.constant dense<0.000000e+00> : tensor<16x32xf32>
    %c32_i32 = arith.constant 32 : i32
    %c16_i32 = arith.constant 16 : i32
    %c184_i32 = arith.constant 184 : i32
    %0 = tt.get_program_id x : i32
    %1 = arith.divsi %0, %c1472_i32 : i32
    %2 = arith.muli %1, %c16_i32 : i32
    %3 = arith.subi %c184_i32, %2 : i32
    %4 = arith.minsi %3, %c16_i32 : i32
    %5 = arith.remsi %0, %c1472_i32 : i32
    %6 = arith.remsi %5, %4 : i32
    %7 = arith.addi %2, %6 : i32
    %8 = arith.divsi %5, %4 : i32
    %9 = arith.muli %7, %c16_i32 : i32
    %10 = tt.make_range {end = 16 : i32, start = 0 : i32} : tensor<16xi32>
    %11 = tt.splat %9 : i32 -> tensor<16xi32>
    %12 = arith.addi %11, %10 : tensor<16xi32>
    %13 = arith.muli %8, %c32_i32 : i32
    %14 = tt.make_range {end = 32 : i32, start = 0 : i32} : tensor<32xi32>
    %15 = tt.splat %13 : i32 -> tensor<32xi32>
    %16 = arith.addi %15, %14 : tensor<32xi32>
    %17 = scf.for %arg3 = %c0_i32 to %c2944_i32 step %c256_i32 iter_args(%arg4 = %cst_4) -> (tensor<16x32xf32>)  : i32 {
      %27 = tt.make_range {end = 256 : i32, start = 0 : i32} : tensor<256xi32>
      %28 = tt.splat %arg3 : i32 -> tensor<256xi32>
      %29 = arith.addi %28, %27 : tensor<256xi32>
      %30 = arith.cmpi slt, %29, %cst_3 : tensor<256xi32>
      %31 = tt.expand_dims %12 {axis = 1 : i32} : tensor<16xi32> -> tensor<16x1xi32>
      %32 = arith.muli %31, %cst_2 : tensor<16x1xi32>
      %33 = tt.expand_dims %29 {axis = 0 : i32} : tensor<256xi32> -> tensor<1x256xi32>
      %34 = tt.broadcast %32 : tensor<16x1xi32> -> tensor<16x256xi32>
      %35 = tt.broadcast %33 : tensor<1x256xi32> -> tensor<16x256xi32>
      %36 = arith.addi %34, %35 : tensor<16x256xi32>
      %37 = tt.splat %arg0 : !tt.ptr<f8E4M3FN> -> tensor<16x256x!tt.ptr<f8E4M3FN>>
      %38 = tt.addptr %37, %36 : tensor<16x256x!tt.ptr<f8E4M3FN>>, tensor<16x256xi32>
      %39 = tt.expand_dims %30 {axis = 0 : i32} : tensor<256xi1> -> tensor<1x256xi1>
      %40 = tt.broadcast %39 : tensor<1x256xi1> -> tensor<16x256xi1>
      %41 = tt.load %38, %40, %cst_0 evictionPolicy = evict_last : tensor<16x256x!tt.ptr<f8E4M3FN>>
      %42 = tt.expand_dims %29 {axis = 1 : i32} : tensor<256xi32> -> tensor<256x1xi32>
      %43 = arith.muli %42, %cst_1 : tensor<256x1xi32>
      %44 = tt.expand_dims %16 {axis = 0 : i32} : tensor<32xi32> -> tensor<1x32xi32>
      %45 = tt.broadcast %43 : tensor<256x1xi32> -> tensor<256x32xi32>
      %46 = tt.broadcast %44 : tensor<1x32xi32> -> tensor<256x32xi32>
      %47 = arith.addi %45, %46 : tensor<256x32xi32>
      %48 = tt.splat %arg1 : !tt.ptr<f8E4M3FN> -> tensor<256x32x!tt.ptr<f8E4M3FN>>
      %49 = tt.addptr %48, %47 : tensor<256x32x!tt.ptr<f8E4M3FN>>, tensor<256x32xi32>
      %50 = tt.expand_dims %30 {axis = 1 : i32} : tensor<256xi1> -> tensor<256x1xi1>
      %51 = tt.broadcast %50 : tensor<256x1xi1> -> tensor<256x32xi1>
      %52 = tt.load %49, %51, %cst : tensor<256x32x!tt.ptr<f8E4M3FN>>
      %53 = tt.dot %41, %52, %arg4, inputPrecision = tf32 : tensor<16x256xf8E4M3FN> * tensor<256x32xf8E4M3FN> -> tensor<16x32xf32>
      scf.yield %53 : tensor<16x32xf32>
    } {tt.loop_unroll_factor = 1 : i32, tt.num_stages = 1 : i32, tt.warp_specialize}
    %18 = arith.truncf %17 : tensor<16x32xf32> to tensor<16x32xf16>
    %19 = tt.expand_dims %12 {axis = 1 : i32} : tensor<16xi32> -> tensor<16x1xi32>
    %20 = arith.muli %19, %cst_2 : tensor<16x1xi32>
    %21 = tt.expand_dims %16 {axis = 0 : i32} : tensor<32xi32> -> tensor<1x32xi32>
    %22 = tt.broadcast %20 : tensor<16x1xi32> -> tensor<16x32xi32>
    %23 = tt.broadcast %21 : tensor<1x32xi32> -> tensor<16x32xi32>
    %24 = arith.addi %22, %23 : tensor<16x32xi32>
    %25 = tt.splat %arg2 : !tt.ptr<f16> -> tensor<16x32x!tt.ptr<f16>>
    %26 = tt.addptr %25, %24 : tensor<16x32x!tt.ptr<f16>>, tensor<16x32xi32>
    tt.store %26, %18 : tensor<16x32x!tt.ptr<f16>>
    tt.return
  }
}

{-#
  external_resources: {
    mlir_reproducer: {
      pipeline: "builtin.module(convert-triton-to-tritongpu{enable-source-remat=false num-ctas=1 num-warps=4 target=cuda:100 threads-per-warp=32}, tritongpu-coalesce, tritongpu-F32DotTC{emu-tf32=true}, triton-nvidia-gpu-plan-cta, tritongpu-remove-layout-conversions, tritongpu-optimize-thread-locality, tritongpu-accelerate-matmul, tritongpu-remove-layout-conversions, tritongpu-optimize-dot-operands{hoist-layout-conversion=true}, triton-nvidia-optimize-descriptor-encoding, triton-loop-aware-cse, tritongpu-fuse-nested-loops, canonicalize{  max-iterations=10 max-num-rewrites=-1 region-simplify=normal test-convergence=false top-down=true}, triton-licm, tritongpu-optimize-accumulator-init, tritongpu-hoist-tmem-alloc{hoist-out-of-if=false}, tritongpu-promote-lhs-to-tmem, tritongpu-assign-latencies{num-stages=8}, tritongpu-schedule-loops, tritongpu-automatic-warp-specialization{num-stages=8}, tritongpu-pipeline{dump-intermediate-steps=false num-stages=8}, tritongpu-optimize-partition-warps, tritongpu-combine-tensor-select-and-if, tritongpu-hoist-tmem-alloc{hoist-out-of-if=true}, triton-nvidia-gpu-remove-tmem-tokens, canonicalize{  max-iterations=10 max-num-rewrites=-1 region-simplify=normal test-convergence=false top-down=true}, triton-loop-aware-cse, tritongpu-prefetch, tritongpu-optimize-dot-operands{hoist-layout-conversion=true}, tritongpu-coalesce-async-copy, triton-nvidia-optimize-tmem-layouts, triton-nvidia-tma-lowering, tritongpu-remove-layout-conversions, triton-nvidia-interleave-tmem, tritongpu-reduce-data-duplication, tritongpu-reorder-instructions, triton-loop-aware-cse, symbol-dce, triton-nvidia-gpu-fence-insertion{compute-capability=100}, triton-nvidia-mma-lowering, sccp, cse, canonicalize{  max-iterations=10 max-num-rewrites=-1 region-simplify=normal test-convergence=false top-down=true})",
      disable_threading: true,
      verify_each: true
    }
  }
#-}
/tmp/torchinductor_jongsokchoi/nw/cnwh3si6dh3jl5h6lavomh5dx4bg5yhrr3v22i6chrnl6r7tbttm.py:14:0: error: Failures have been detected while processing an MLIR pass pipeline
/tmp/torchinductor_jongsokchoi/nw/cnwh3si6dh3jl5h6lavomh5dx4bg5yhrr3v22i6chrnl6r7tbttm.py:14:0: note: Pipeline failed while executing [`TritonGPUAutomaticWarpSpecialization` on 'builtin.module' operation, `NVWSInsertAref` on 'builtin.module' operation]: reproducer generated at `std::errs, please share the reproducer above with Triton project.`
Benchmarking exploring neighbors 100% ━━━━━━━━━━━━━━━━━━━━━━━━━━ 1/1 - configs/s
[AOT measure] Config 1/31: invalid (inf timing)
Benchmarking exploring neighbors 100% ━━━━━━━━━━━━━━━━━━━━━━━━━━ 1/1 - configs/s
[AOT measure] Config 2/31: 0.6052ms
Benchmarking exploring neighbors 100% ━━━━━━━━━━━━━━━━━━━━━━━━━━ 1/1 - configs/s
[AOT measure] Config 3/31: 0.1127ms
Benchmarking exploring neighbors 100% ━━━━━━━━━━━━━━━━━━━━━━━━━━ 1/1 - configs/s
[AOT measure] Config 4/31: 0.0767ms
Benchmarking exploring neighbors 100% ━━━━━━━━━━━━━━━━━━━━━━━━━━ 1/1 - configs/s
[AOT measure] Config 5/31: 0.1147ms
Benchmarking exploring neighbors 100% ━━━━━━━━━━━━━━━━━━━━━━━━━━ 1/1 - configs/s
[AOT measure] Config 6/31: 0.0451ms
Benchmarking exploring neighbors 100% ━━━━━━━━━━━━━━━━━━━━━━━━━━ 1/1 - configs/s
[AOT measure] Config 7/31: 0.0758ms
Benchmarking exploring neighbors 100% ━━━━━━━━━━━━━━━━━━━━━━━━━━ 1/1 - configs/s
[AOT measure] Config 8/31: 0.0572ms
Benchmarking exploring neighbors 100% ━━━━━━━━━━━━━━━━━━━━━━━━━━ 1/1 - configs/s
[AOT measure] Config 9/31: 0.0389ms
Benchmarking exploring neighbors 100% ━━━━━━━━━━━━━━━━━━━━━━━━━━ 1/1 - configs/s
[AOT measure] Config 10/31: 0.0472ms
Benchmarking exploring neighbors 100% ━━━━━━━━━━━━━━━━━━━━━━━━━━ 1/1 - configs/s
[AOT measure] Config 11/31: 0.0389ms
Benchmarking exploring neighbors 100% ━━━━━━━━━━━━━━━━━━━━━━━━━━ 1/1 - configs/s
[AOT measure] Config 12/31: 0.0389ms
Benchmarking exploring neighbors 100% ━━━━━━━━━━━━━━━━━━━━━━━━━━ 1/1 - configs/s
[AOT measure] Config 13/31: 0.0348ms
Benchmarking exploring neighbors 100% ━━━━━━━━━━━━━━━━━━━━━━━━━━ 1/1 - configs/s
[AOT measure] Config 14/31: 0.0389ms
Benchmarking exploring neighbors 100% ━━━━━━━━━━━━━━━━━━━━━━━━━━ 1/1 - configs/s
[AOT measure] Config 15/31: 0.0328ms
Benchmarking exploring neighbors 100% ━━━━━━━━━━━━━━━━━━━━━━━━━━ 1/1 - configs/s
[AOT measure] Config 16/31: 0.0450ms
Benchmarking exploring neighbors 100% ━━━━━━━━━━━━━━━━━━━━━━━━━━ 1/1 - configs/s
[AOT measure] Config 17/31: 0.0288ms
Benchmarking exploring neighbors 100% ━━━━━━━━━━━━━━━━━━━━━━━━━━ 1/1 - configs/s
[AOT measure] Config 18/31: 0.0287ms
Benchmarking exploring neighbors 100% ━━━━━━━━━━━━━━━━━━━━━━━━━━ 1/1 - configs/s
[AOT measure] Config 19/31: 0.0308ms
Benchmarking exploring neighbors 100% ━━━━━━━━━━━━━━━━━━━━━━━━━━ 1/1 - configs/s
[AOT measure] Config 20/31: 0.0389ms
Benchmarking exploring neighbors 100% ━━━━━━━━━━━━━━━━━━━━━━━━━━ 1/1 - configs/s
[AOT measure] Config 21/31: 0.0288ms
Benchmarking exploring neighbors 100% ━━━━━━━━━━━━━━━━━━━━━━━━━━ 1/1 - configs/s
[AOT measure] Config 22/31: 0.0287ms
Benchmarking exploring neighbors 100% ━━━━━━━━━━━━━━━━━━━━━━━━━━ 1/1 - configs/s
[AOT measure] Config 23/31: 0.0288ms
Benchmarking exploring neighbors 100% ━━━━━━━━━━━━━━━━━━━━━━━━━━ 1/1 - configs/s
[AOT measure] Config 24/31: 0.0441ms
Benchmarking exploring neighbors 100% ━━━━━━━━━━━━━━━━━━━━━━━━━━ 1/1 - configs/s
[AOT measure] Config 25/31: 0.0348ms
Benchmarking exploring neighbors 100% ━━━━━━━━━━━━━━━━━━━━━━━━━━ 1/1 - configs/s
[AOT measure] Config 26/31: 0.0288ms
Benchmarking exploring neighbors 100% ━━━━━━━━━━━━━━━━━━━━━━━━━━ 1/1 - configs/s
[AOT measure] Config 27/31: 0.0348ms
Benchmarking exploring neighbors 100% ━━━━━━━━━━━━━━━━━━━━━━━━━━ 1/1 - configs/s
[AOT measure] Config 28/31: 0.0348ms
Benchmarking exploring neighbors 100% ━━━━━━━━━━━━━━━━━━━━━━━━━━ 1/1 - configs/s
[AOT measure] Config 29/31: 0.0287ms
Benchmarking exploring neighbors 100% ━━━━━━━━━━━━━━━━━━━━━━━━━━ 1/1 - configs/s
[AOT measure] Config 30/31: 0.0287ms
Benchmarking exploring neighbors 100% ━━━━━━━━━━━━━━━━━━━━━━━━━━ 1/1 - configs/s
[AOT measure] Config 31/31: 0.0305ms
[AOT measure] Completed: 30/31 configs succeeded
  2944x2944 @ 2944x2944 done
[0s] Autotune random seed: 3891572246
[AOT measure] Testing 31 configs for fp8_gemm shape_hash=105244a2
module {
  tt.func public @_helion_fp8_gemm(%arg0: !tt.ptr<f8E4M3FN> {tt.divisibility = 16 : i32}, %arg1: !tt.ptr<f8E4M3FN> {tt.divisibility = 16 : i32}, %arg2: !tt.ptr<f16> {tt.divisibility = 16 : i32}) attributes {noinline = false} {
    %c1536_i32 = arith.constant 1536 : i32
    %c256_i32 = arith.constant 256 : i32
    %c3072_i32 = arith.constant 3072 : i32
    %c0_i32 = arith.constant 0 : i32
    %cst = arith.constant dense<3072> : tensor<256x1xi32>
    %cst_0 = arith.constant dense<3072> : tensor<16x1xi32>
    %cst_1 = arith.constant dense<0.000000e+00> : tensor<16x32xf32>
    %c32_i32 = arith.constant 32 : i32
    %c16_i32 = arith.constant 16 : i32
    %c192_i32 = arith.constant 192 : i32
    %0 = tt.get_program_id x : i32
    %1 = arith.divsi %0, %c1536_i32 : i32
    %2 = arith.muli %1, %c16_i32 : i32
    %3 = arith.subi %c192_i32, %2 : i32
    %4 = arith.minsi %3, %c16_i32 : i32
    %5 = arith.remsi %0, %c1536_i32 : i32
    %6 = arith.remsi %5, %4 : i32
    %7 = arith.addi %2, %6 : i32
    %8 = arith.divsi %5, %4 : i32
    %9 = arith.muli %7, %c16_i32 : i32
    %10 = tt.make_range {end = 16 : i32, start = 0 : i32} : tensor<16xi32>
    %11 = tt.splat %9 : i32 -> tensor<16xi32>
    %12 = arith.addi %11, %10 : tensor<16xi32>
    %13 = arith.muli %8, %c32_i32 : i32
    %14 = tt.make_range {end = 32 : i32, start = 0 : i32} : tensor<32xi32>
    %15 = tt.splat %13 : i32 -> tensor<32xi32>
    %16 = arith.addi %15, %14 : tensor<32xi32>
    %17 = scf.for %arg3 = %c0_i32 to %c3072_i32 step %c256_i32 iter_args(%arg4 = %cst_1) -> (tensor<16x32xf32>)  : i32 {
      %27 = tt.make_range {end = 256 : i32, start = 0 : i32} : tensor<256xi32>
      %28 = tt.splat %arg3 : i32 -> tensor<256xi32>
      %29 = arith.addi %28, %27 : tensor<256xi32>
      %30 = tt.expand_dims %12 {axis = 1 : i32} : tensor<16xi32> -> tensor<16x1xi32>
      %31 = arith.muli %30, %cst_0 : tensor<16x1xi32>
      %32 = tt.expand_dims %29 {axis = 0 : i32} : tensor<256xi32> -> tensor<1x256xi32>
      %33 = tt.broadcast %31 : tensor<16x1xi32> -> tensor<16x256xi32>
      %34 = tt.broadcast %32 : tensor<1x256xi32> -> tensor<16x256xi32>
      %35 = arith.addi %33, %34 : tensor<16x256xi32>
      %36 = tt.splat %arg0 : !tt.ptr<f8E4M3FN> -> tensor<16x256x!tt.ptr<f8E4M3FN>>
      %37 = tt.addptr %36, %35 : tensor<16x256x!tt.ptr<f8E4M3FN>>, tensor<16x256xi32>
      %38 = tt.load %37 evictionPolicy = evict_last : tensor<16x256x!tt.ptr<f8E4M3FN>>
      %39 = tt.expand_dims %29 {axis = 1 : i32} : tensor<256xi32> -> tensor<256x1xi32>
      %40 = arith.muli %39, %cst : tensor<256x1xi32>
      %41 = tt.expand_dims %16 {axis = 0 : i32} : tensor<32xi32> -> tensor<1x32xi32>
      %42 = tt.broadcast %40 : tensor<256x1xi32> -> tensor<256x32xi32>
      %43 = tt.broadcast %41 : tensor<1x32xi32> -> tensor<256x32xi32>
      %44 = arith.addi %42, %43 : tensor<256x32xi32>
      %45 = tt.splat %arg1 : !tt.ptr<f8E4M3FN> -> tensor<256x32x!tt.ptr<f8E4M3FN>>
      %46 = tt.addptr %45, %44 : tensor<256x32x!tt.ptr<f8E4M3FN>>, tensor<256x32xi32>
      %47 = tt.load %46 : tensor<256x32x!tt.ptr<f8E4M3FN>>
      %48 = tt.dot %38, %47, %arg4, inputPrecision = tf32 : tensor<16x256xf8E4M3FN> * tensor<256x32xf8E4M3FN> -> tensor<16x32xf32>
      scf.yield %48 : tensor<16x32xf32>
    } {tt.loop_unroll_factor = 1 : i32, tt.num_stages = 1 : i32, tt.warp_specialize}
    %18 = arith.truncf %17 : tensor<16x32xf32> to tensor<16x32xf16>
    %19 = tt.expand_dims %12 {axis = 1 : i32} : tensor<16xi32> -> tensor<16x1xi32>
    %20 = arith.muli %19, %cst_0 : tensor<16x1xi32>
    %21 = tt.expand_dims %16 {axis = 0 : i32} : tensor<32xi32> -> tensor<1x32xi32>
    %22 = tt.broadcast %20 : tensor<16x1xi32> -> tensor<16x32xi32>
    %23 = tt.broadcast %21 : tensor<1x32xi32> -> tensor<16x32xi32>
    %24 = arith.addi %22, %23 : tensor<16x32xi32>
    %25 = tt.splat %arg2 : !tt.ptr<f16> -> tensor<16x32x!tt.ptr<f16>>
    %26 = tt.addptr %25, %24 : tensor<16x32x!tt.ptr<f16>>, tensor<16x32xi32>
    tt.store %26, %18 : tensor<16x32x!tt.ptr<f16>>
    tt.return
  }
}

{-#
  external_resources: {
    mlir_reproducer: {
      pipeline: "builtin.module(convert-triton-to-tritongpu{enable-source-remat=false num-ctas=1 num-warps=4 target=cuda:100 threads-per-warp=32}, tritongpu-coalesce, tritongpu-F32DotTC{emu-tf32=true}, triton-nvidia-gpu-plan-cta, tritongpu-remove-layout-conversions, tritongpu-optimize-thread-locality, tritongpu-accelerate-matmul, tritongpu-remove-layout-conversions, tritongpu-optimize-dot-operands{hoist-layout-conversion=true}, triton-nvidia-optimize-descriptor-encoding, triton-loop-aware-cse, tritongpu-fuse-nested-loops, canonicalize{  max-iterations=10 max-num-rewrites=-1 region-simplify=normal test-convergence=false top-down=true}, triton-licm, tritongpu-optimize-accumulator-init, tritongpu-hoist-tmem-alloc{hoist-out-of-if=false}, tritongpu-promote-lhs-to-tmem, tritongpu-assign-latencies{num-stages=8}, tritongpu-schedule-loops, tritongpu-automatic-warp-specialization{num-stages=8}, tritongpu-pipeline{dump-intermediate-steps=false num-stages=8}, tritongpu-optimize-partition-warps, tritongpu-combine-tensor-select-and-if, tritongpu-hoist-tmem-alloc{hoist-out-of-if=true}, triton-nvidia-gpu-remove-tmem-tokens, canonicalize{  max-iterations=10 max-num-rewrites=-1 region-simplify=normal test-convergence=false top-down=true}, triton-loop-aware-cse, tritongpu-prefetch, tritongpu-optimize-dot-operands{hoist-layout-conversion=true}, tritongpu-coalesce-async-copy, triton-nvidia-optimize-tmem-layouts, triton-nvidia-tma-lowering, tritongpu-remove-layout-conversions, triton-nvidia-interleave-tmem, tritongpu-reduce-data-duplication, tritongpu-reorder-instructions, triton-loop-aware-cse, symbol-dce, triton-nvidia-gpu-fence-insertion{compute-capability=100}, triton-nvidia-mma-lowering, sccp, cse, canonicalize{  max-iterations=10 max-num-rewrites=-1 region-simplify=normal test-convergence=false top-down=true})",
      disable_threading: true,
      verify_each: true
    }
  }
#-}
/tmp/torchinductor_jongsokchoi/sd/csd6u65vvlyztkomjroaklxxpagz5g7kb7xnvlb6vxq4i7ezq5gd.py:14:0: error: Failures have been detected while processing an MLIR pass pipeline
/tmp/torchinductor_jongsokchoi/sd/csd6u65vvlyztkomjroaklxxpagz5g7kb7xnvlb6vxq4i7ezq5gd.py:14:0: note: Pipeline failed while executing [`TritonGPUAutomaticWarpSpecialization` on 'builtin.module' operation, `NVWSInsertAref` on 'builtin.module' operation]: reproducer generated at `std::errs, please share the reproducer above with Triton project.`
Benchmarking exploring neighbors 100% ━━━━━━━━━━━━━━━━━━━━━━━━━━ 1/1 - configs/s
[AOT measure] Config 1/31: invalid (inf timing)
Benchmarking exploring neighbors 100% ━━━━━━━━━━━━━━━━━━━━━━━━━━ 1/1 - configs/s
[AOT measure] Config 2/31: 0.6860ms
Benchmarking exploring neighbors 100% ━━━━━━━━━━━━━━━━━━━━━━━━━━ 1/1 - configs/s
[AOT measure] Config 3/31: 0.1249ms
Benchmarking exploring neighbors 100% ━━━━━━━━━━━━━━━━━━━━━━━━━━ 1/1 - configs/s
[AOT measure] Config 4/31: 0.0819ms
Benchmarking exploring neighbors 100% ━━━━━━━━━━━━━━━━━━━━━━━━━━ 1/1 - configs/s
[AOT measure] Config 5/31: 0.1167ms
Benchmarking exploring neighbors 100% ━━━━━━━━━━━━━━━━━━━━━━━━━━ 1/1 - configs/s
[AOT measure] Config 6/31: 0.0471ms
Benchmarking exploring neighbors 100% ━━━━━━━━━━━━━━━━━━━━━━━━━━ 1/1 - configs/s
[AOT measure] Config 7/31: 0.0799ms
Benchmarking exploring neighbors 100% ━━━━━━━━━━━━━━━━━━━━━━━━━━ 1/1 - configs/s
[AOT measure] Config 8/31: 0.0614ms
Benchmarking exploring neighbors 100% ━━━━━━━━━━━━━━━━━━━━━━━━━━ 1/1 - configs/s
[AOT measure] Config 9/31: 0.0389ms
Benchmarking exploring neighbors 100% ━━━━━━━━━━━━━━━━━━━━━━━━━━ 1/1 - configs/s
[AOT measure] Config 10/31: 0.0492ms
Benchmarking exploring neighbors 100% ━━━━━━━━━━━━━━━━━━━━━━━━━━ 1/1 - configs/s
[AOT measure] Config 11/31: 0.0389ms
Benchmarking exploring neighbors 100% ━━━━━━━━━━━━━━━━━━━━━━━━━━ 1/1 - configs/s
[AOT measure] Config 12/31: 0.0389ms
Benchmarking exploring neighbors 100% ━━━━━━━━━━━━━━━━━━━━━━━━━━ 1/1 - configs/s
[AOT measure] Config 13/31: 0.0368ms
Benchmarking exploring neighbors 100% ━━━━━━━━━━━━━━━━━━━━━━━━━━ 1/1 - configs/s
[AOT measure] Config 14/31: 0.0410ms
Benchmarking exploring neighbors 100% ━━━━━━━━━━━━━━━━━━━━━━━━━━ 1/1 - configs/s
[AOT measure] Config 15/31: 0.0348ms
Benchmarking exploring neighbors 100% ━━━━━━━━━━━━━━━━━━━━━━━━━━ 1/1 - configs/s
[AOT measure] Config 16/31: 0.0451ms
Benchmarking exploring neighbors 100% ━━━━━━━━━━━━━━━━━━━━━━━━━━ 1/1 - configs/s
[AOT measure] Config 17/31: 0.0307ms
Benchmarking exploring neighbors 100% ━━━━━━━━━━━━━━━━━━━━━━━━━━ 1/1 - configs/s
[AOT measure] Config 18/31: 0.0307ms
Benchmarking exploring neighbors 100% ━━━━━━━━━━━━━━━━━━━━━━━━━━ 1/1 - configs/s
[AOT measure] Config 19/31: 0.0327ms
Benchmarking exploring neighbors 100% ━━━━━━━━━━━━━━━━━━━━━━━━━━ 1/1 - configs/s
[AOT measure] Config 20/31: 0.0430ms
Benchmarking exploring neighbors 100% ━━━━━━━━━━━━━━━━━━━━━━━━━━ 1/1 - configs/s
[AOT measure] Config 21/31: 0.0307ms
Benchmarking exploring neighbors 100% ━━━━━━━━━━━━━━━━━━━━━━━━━━ 1/1 - configs/s
[AOT measure] Config 22/31: 0.0307ms
Benchmarking exploring neighbors 100% ━━━━━━━━━━━━━━━━━━━━━━━━━━ 1/1 - configs/s
[AOT measure] Config 23/31: 0.0307ms
Benchmarking exploring neighbors 100% ━━━━━━━━━━━━━━━━━━━━━━━━━━ 1/1 - configs/s
[AOT measure] Config 24/31: 0.0451ms
Benchmarking exploring neighbors 100% ━━━━━━━━━━━━━━━━━━━━━━━━━━ 1/1 - configs/s
[AOT measure] Config 25/31: 0.0368ms
Benchmarking exploring neighbors 100% ━━━━━━━━━━━━━━━━━━━━━━━━━━ 1/1 - configs/s
[AOT measure] Config 26/31: 0.0307ms
Benchmarking exploring neighbors 100% ━━━━━━━━━━━━━━━━━━━━━━━━━━ 1/1 - configs/s
[AOT measure] Config 27/31: 0.0349ms
Benchmarking exploring neighbors 100% ━━━━━━━━━━━━━━━━━━━━━━━━━━ 1/1 - configs/s
[AOT measure] Config 28/31: 0.0368ms
Benchmarking exploring neighbors 100% ━━━━━━━━━━━━━━━━━━━━━━━━━━ 1/1 - configs/s
[AOT measure] Config 29/31: 0.0307ms
Benchmarking exploring neighbors 100% ━━━━━━━━━━━━━━━━━━━━━━━━━━ 1/1 - configs/s
[AOT measure] Config 30/31: 0.0307ms
Benchmarking exploring neighbors 100% ━━━━━━━━━━━━━━━━━━━━━━━━━━ 1/1 - configs/s
[AOT measure] Config 31/31: 0.0307ms
[AOT measure] Completed: 30/31 configs succeeded
  3072x3072 @ 3072x3072 done
[0s] Autotune random seed: 3891572246
[AOT measure] Testing 31 configs for fp8_gemm shape_hash=58ea241e
module {
  tt.func public @_helion_fp8_gemm(%arg0: !tt.ptr<f8E4M3FN> {tt.divisibility = 16 : i32}, %arg1: !tt.ptr<f8E4M3FN> {tt.divisibility = 16 : i32}, %arg2: !tt.ptr<f16> {tt.divisibility = 16 : i32}) attributes {noinline = false} {
    %c1600_i32 = arith.constant 1600 : i32
    %cst = arith.constant dense<0.000000e+00> : tensor<256x32xf8E4M3FN>
    %cst_0 = arith.constant dense<0.000000e+00> : tensor<16x256xf8E4M3FN>
    %c256_i32 = arith.constant 256 : i32
    %c3200_i32 = arith.constant 3200 : i32
    %c0_i32 = arith.constant 0 : i32
    %cst_1 = arith.constant dense<3200> : tensor<256x1xi32>
    %cst_2 = arith.constant dense<3200> : tensor<16x1xi32>
    %cst_3 = arith.constant dense<3200> : tensor<256xi32>
    %cst_4 = arith.constant dense<0.000000e+00> : tensor<16x32xf32>
    %c32_i32 = arith.constant 32 : i32
    %c16_i32 = arith.constant 16 : i32
    %c200_i32 = arith.constant 200 : i32
    %0 = tt.get_program_id x : i32
    %1 = arith.divsi %0, %c1600_i32 : i32
    %2 = arith.muli %1, %c16_i32 : i32
    %3 = arith.subi %c200_i32, %2 : i32
    %4 = arith.minsi %3, %c16_i32 : i32
    %5 = arith.remsi %0, %c1600_i32 : i32
    %6 = arith.remsi %5, %4 : i32
    %7 = arith.addi %2, %6 : i32
    %8 = arith.divsi %5, %4 : i32
    %9 = arith.muli %7, %c16_i32 : i32
    %10 = tt.make_range {end = 16 : i32, start = 0 : i32} : tensor<16xi32>
    %11 = tt.splat %9 : i32 -> tensor<16xi32>
    %12 = arith.addi %11, %10 : tensor<16xi32>
    %13 = arith.muli %8, %c32_i32 : i32
    %14 = tt.make_range {end = 32 : i32, start = 0 : i32} : tensor<32xi32>
    %15 = tt.splat %13 : i32 -> tensor<32xi32>
    %16 = arith.addi %15, %14 : tensor<32xi32>
    %17 = scf.for %arg3 = %c0_i32 to %c3200_i32 step %c256_i32 iter_args(%arg4 = %cst_4) -> (tensor<16x32xf32>)  : i32 {
      %27 = tt.make_range {end = 256 : i32, start = 0 : i32} : tensor<256xi32>
      %28 = tt.splat %arg3 : i32 -> tensor<256xi32>
      %29 = arith.addi %28, %27 : tensor<256xi32>
      %30 = arith.cmpi slt, %29, %cst_3 : tensor<256xi32>
      %31 = tt.expand_dims %12 {axis = 1 : i32} : tensor<16xi32> -> tensor<16x1xi32>
      %32 = arith.muli %31, %cst_2 : tensor<16x1xi32>
      %33 = tt.expand_dims %29 {axis = 0 : i32} : tensor<256xi32> -> tensor<1x256xi32>
      %34 = tt.broadcast %32 : tensor<16x1xi32> -> tensor<16x256xi32>
      %35 = tt.broadcast %33 : tensor<1x256xi32> -> tensor<16x256xi32>
      %36 = arith.addi %34, %35 : tensor<16x256xi32>
      %37 = tt.splat %arg0 : !tt.ptr<f8E4M3FN> -> tensor<16x256x!tt.ptr<f8E4M3FN>>
      %38 = tt.addptr %37, %36 : tensor<16x256x!tt.ptr<f8E4M3FN>>, tensor<16x256xi32>
      %39 = tt.expand_dims %30 {axis = 0 : i32} : tensor<256xi1> -> tensor<1x256xi1>
      %40 = tt.broadcast %39 : tensor<1x256xi1> -> tensor<16x256xi1>
      %41 = tt.load %38, %40, %cst_0 evictionPolicy = evict_last : tensor<16x256x!tt.ptr<f8E4M3FN>>
      %42 = tt.expand_dims %29 {axis = 1 : i32} : tensor<256xi32> -> tensor<256x1xi32>
      %43 = arith.muli %42, %cst_1 : tensor<256x1xi32>
      %44 = tt.expand_dims %16 {axis = 0 : i32} : tensor<32xi32> -> tensor<1x32xi32>
      %45 = tt.broadcast %43 : tensor<256x1xi32> -> tensor<256x32xi32>
      %46 = tt.broadcast %44 : tensor<1x32xi32> -> tensor<256x32xi32>
      %47 = arith.addi %45, %46 : tensor<256x32xi32>
      %48 = tt.splat %arg1 : !tt.ptr<f8E4M3FN> -> tensor<256x32x!tt.ptr<f8E4M3FN>>
      %49 = tt.addptr %48, %47 : tensor<256x32x!tt.ptr<f8E4M3FN>>, tensor<256x32xi32>
      %50 = tt.expand_dims %30 {axis = 1 : i32} : tensor<256xi1> -> tensor<256x1xi1>
      %51 = tt.broadcast %50 : tensor<256x1xi1> -> tensor<256x32xi1>
      %52 = tt.load %49, %51, %cst : tensor<256x32x!tt.ptr<f8E4M3FN>>
      %53 = tt.dot %41, %52, %arg4, inputPrecision = tf32 : tensor<16x256xf8E4M3FN> * tensor<256x32xf8E4M3FN> -> tensor<16x32xf32>
      scf.yield %53 : tensor<16x32xf32>
    } {tt.loop_unroll_factor = 1 : i32, tt.num_stages = 1 : i32, tt.warp_specialize}
    %18 = arith.truncf %17 : tensor<16x32xf32> to tensor<16x32xf16>
    %19 = tt.expand_dims %12 {axis = 1 : i32} : tensor<16xi32> -> tensor<16x1xi32>
    %20 = arith.muli %19, %cst_2 : tensor<16x1xi32>
    %21 = tt.expand_dims %16 {axis = 0 : i32} : tensor<32xi32> -> tensor<1x32xi32>
    %22 = tt.broadcast %20 : tensor<16x1xi32> -> tensor<16x32xi32>
    %23 = tt.broadcast %21 : tensor<1x32xi32> -> tensor<16x32xi32>
    %24 = arith.addi %22, %23 : tensor<16x32xi32>
    %25 = tt.splat %arg2 : !tt.ptr<f16> -> tensor<16x32x!tt.ptr<f16>>
    %26 = tt.addptr %25, %24 : tensor<16x32x!tt.ptr<f16>>, tensor<16x32xi32>
    tt.store %26, %18 : tensor<16x32x!tt.ptr<f16>>
    tt.return
  }
}

{-#
  external_resources: {
    mlir_reproducer: {
      pipeline: "builtin.module(convert-triton-to-tritongpu{enable-source-remat=false num-ctas=1 num-warps=4 target=cuda:100 threads-per-warp=32}, tritongpu-coalesce, tritongpu-F32DotTC{emu-tf32=true}, triton-nvidia-gpu-plan-cta, tritongpu-remove-layout-conversions, tritongpu-optimize-thread-locality, tritongpu-accelerate-matmul, tritongpu-remove-layout-conversions, tritongpu-optimize-dot-operands{hoist-layout-conversion=true}, triton-nvidia-optimize-descriptor-encoding, triton-loop-aware-cse, tritongpu-fuse-nested-loops, canonicalize{  max-iterations=10 max-num-rewrites=-1 region-simplify=normal test-convergence=false top-down=true}, triton-licm, tritongpu-optimize-accumulator-init, tritongpu-hoist-tmem-alloc{hoist-out-of-if=false}, tritongpu-promote-lhs-to-tmem, tritongpu-assign-latencies{num-stages=8}, tritongpu-schedule-loops, tritongpu-automatic-warp-specialization{num-stages=8}, tritongpu-pipeline{dump-intermediate-steps=false num-stages=8}, tritongpu-optimize-partition-warps, tritongpu-combine-tensor-select-and-if, tritongpu-hoist-tmem-alloc{hoist-out-of-if=true}, triton-nvidia-gpu-remove-tmem-tokens, canonicalize{  max-iterations=10 max-num-rewrites=-1 region-simplify=normal test-convergence=false top-down=true}, triton-loop-aware-cse, tritongpu-prefetch, tritongpu-optimize-dot-operands{hoist-layout-conversion=true}, tritongpu-coalesce-async-copy, triton-nvidia-optimize-tmem-layouts, triton-nvidia-tma-lowering, tritongpu-remove-layout-conversions, triton-nvidia-interleave-tmem, tritongpu-reduce-data-duplication, tritongpu-reorder-instructions, triton-loop-aware-cse, symbol-dce, triton-nvidia-gpu-fence-insertion{compute-capability=100}, triton-nvidia-mma-lowering, sccp, cse, canonicalize{  max-iterations=10 max-num-rewrites=-1 region-simplify=normal test-convergence=false top-down=true})",
      disable_threading: true,
      verify_each: true
    }
  }
#-}
/tmp/torchinductor_jongsokchoi/f4/cf4vw7osriolswrallhwik6rc4dq3bjfkjrzuxxlzykhvgqeaaoj.py:14:0: error: Failures have been detected while processing an MLIR pass pipeline
/tmp/torchinductor_jongsokchoi/f4/cf4vw7osriolswrallhwik6rc4dq3bjfkjrzuxxlzykhvgqeaaoj.py:14:0: note: Pipeline failed while executing [`TritonGPUAutomaticWarpSpecialization` on 'builtin.module' operation, `NVWSInsertAref` on 'builtin.module' operation]: reproducer generated at `std::errs, please share the reproducer above with Triton project.`
Benchmarking exploring neighbors 100% ━━━━━━━━━━━━━━━━━━━━━━━━━━ 1/1 - configs/s
[AOT measure] Config 1/31: invalid (inf timing)
Benchmarking exploring neighbors 100% ━━━━━━━━━━━━━━━━━━━━━━━━━━ 1/1 - configs/s
[AOT measure] Config 2/31: 0.7720ms
Benchmarking exploring neighbors 100% ━━━━━━━━━━━━━━━━━━━━━━━━━━ 1/1 - configs/s
[AOT measure] Config 3/31: 0.1353ms
Benchmarking exploring neighbors 100% ━━━━━━━━━━━━━━━━━━━━━━━━━━ 1/1 - configs/s
[AOT measure] Config 4/31: 0.0942ms
Benchmarking exploring neighbors 100% ━━━━━━━━━━━━━━━━━━━━━━━━━━ 1/1 - configs/s
[AOT measure] Config 5/31: 0.1372ms
Benchmarking exploring neighbors 100% ━━━━━━━━━━━━━━━━━━━━━━━━━━ 1/1 - configs/s
[AOT measure] Config 6/31: 0.0574ms
Benchmarking exploring neighbors 100% ━━━━━━━━━━━━━━━━━━━━━━━━━━ 1/1 - configs/s
[AOT measure] Config 7/31: 0.0921ms
Benchmarking exploring neighbors 100% ━━━━━━━━━━━━━━━━━━━━━━━━━━ 1/1 - configs/s
[AOT measure] Config 8/31: 0.0717ms
Benchmarking exploring neighbors 100% ━━━━━━━━━━━━━━━━━━━━━━━━━━ 1/1 - configs/s
[AOT measure] Config 9/31: 0.0512ms
Benchmarking exploring neighbors 100% ━━━━━━━━━━━━━━━━━━━━━━━━━━ 1/1 - configs/s
[AOT measure] Config 10/31: 0.0594ms
Benchmarking exploring neighbors 100% ━━━━━━━━━━━━━━━━━━━━━━━━━━ 1/1 - configs/s
[AOT measure] Config 11/31: 0.0512ms
Benchmarking exploring neighbors 100% ━━━━━━━━━━━━━━━━━━━━━━━━━━ 1/1 - configs/s
[AOT measure] Config 12/31: 0.0554ms
Benchmarking exploring neighbors 100% ━━━━━━━━━━━━━━━━━━━━━━━━━━ 1/1 - configs/s
[AOT measure] Config 13/31: 0.0492ms
Benchmarking exploring neighbors 100% ━━━━━━━━━━━━━━━━━━━━━━━━━━ 1/1 - configs/s
[AOT measure] Config 14/31: 0.0573ms
Benchmarking exploring neighbors 100% ━━━━━━━━━━━━━━━━━━━━━━━━━━ 1/1 - configs/s
[AOT measure] Config 15/31: 0.0471ms
Benchmarking exploring neighbors 100% ━━━━━━━━━━━━━━━━━━━━━━━━━━ 1/1 - configs/s
[AOT measure] Config 16/31: 0.0472ms
Benchmarking exploring neighbors 100% ━━━━━━━━━━━━━━━━━━━━━━━━━━ 1/1 - configs/s
[AOT measure] Config 17/31: 0.0514ms
Benchmarking exploring neighbors 100% ━━━━━━━━━━━━━━━━━━━━━━━━━━ 1/1 - configs/s
[AOT measure] Config 18/31: 0.0512ms
Benchmarking exploring neighbors 100% ━━━━━━━━━━━━━━━━━━━━━━━━━━ 1/1 - configs/s
[AOT measure] Config 19/31: 0.0532ms
Benchmarking exploring neighbors 100% ━━━━━━━━━━━━━━━━━━━━━━━━━━ 1/1 - configs/s
[AOT measure] Config 20/31: 0.0451ms
Benchmarking exploring neighbors 100% ━━━━━━━━━━━━━━━━━━━━━━━━━━ 1/1 - configs/s
[AOT measure] Config 21/31: 0.0471ms
Benchmarking exploring neighbors 100% ━━━━━━━━━━━━━━━━━━━━━━━━━━ 1/1 - configs/s
[AOT measure] Config 22/31: 0.0512ms
Benchmarking exploring neighbors 100% ━━━━━━━━━━━━━━━━━━━━━━━━━━ 1/1 - configs/s
[AOT measure] Config 23/31: 0.0532ms
Benchmarking exploring neighbors 100% ━━━━━━━━━━━━━━━━━━━━━━━━━━ 1/1 - configs/s
[AOT measure] Config 24/31: 0.0472ms
Benchmarking exploring neighbors 100% ━━━━━━━━━━━━━━━━━━━━━━━━━━ 1/1 - configs/s
[AOT measure] Config 25/31: 0.0491ms
Benchmarking exploring neighbors 100% ━━━━━━━━━━━━━━━━━━━━━━━━━━ 1/1 - configs/s
[AOT measure] Config 26/31: 0.0471ms
Benchmarking exploring neighbors 100% ━━━━━━━━━━━━━━━━━━━━━━━━━━ 1/1 - configs/s
[AOT measure] Config 27/31: 0.0492ms
Benchmarking exploring neighbors 100% ━━━━━━━━━━━━━━━━━━━━━━━━━━ 1/1 - configs/s
[AOT measure] Config 28/31: 0.0492ms
Benchmarking exploring neighbors 100% ━━━━━━━━━━━━━━━━━━━━━━━━━━ 1/1 - configs/s
[AOT measure] Config 29/31: 0.0471ms
Benchmarking exploring neighbors 100% ━━━━━━━━━━━━━━━━━━━━━━━━━━ 1/1 - configs/s
[AOT measure] Config 30/31: 0.0512ms
Benchmarking exploring neighbors 100% ━━━━━━━━━━━━━━━━━━━━━━━━━━ 1/1 - configs/s
[AOT measure] Config 31/31: 0.0532ms
[AOT measure] Completed: 30/31 configs succeeded
  3200x3200 @ 3200x3200 done
[0s] Autotune random seed: 3891572246
[AOT measure] Testing 31 configs for fp8_gemm shape_hash=8a180347
module {
  tt.func public @_helion_fp8_gemm(%arg0: !tt.ptr<f8E4M3FN> {tt.divisibility = 16 : i32}, %arg1: !tt.ptr<f8E4M3FN> {tt.divisibility = 16 : i32}, %arg2: !tt.ptr<f16> {tt.divisibility = 16 : i32}) attributes {noinline = false} {
    %c1664_i32 = arith.constant 1664 : i32
    %c256_i32 = arith.constant 256 : i32
    %c3328_i32 = arith.constant 3328 : i32
    %c0_i32 = arith.constant 0 : i32
    %cst = arith.constant dense<3328> : tensor<256x1xi32>
    %cst_0 = arith.constant dense<3328> : tensor<16x1xi32>
    %cst_1 = arith.constant dense<0.000000e+00> : tensor<16x32xf32>
    %c32_i32 = arith.constant 32 : i32
    %c16_i32 = arith.constant 16 : i32
    %c208_i32 = arith.constant 208 : i32
    %0 = tt.get_program_id x : i32
    %1 = arith.divsi %0, %c1664_i32 : i32
    %2 = arith.muli %1, %c16_i32 : i32
    %3 = arith.subi %c208_i32, %2 : i32
    %4 = arith.minsi %3, %c16_i32 : i32
    %5 = arith.remsi %0, %c1664_i32 : i32
    %6 = arith.remsi %5, %4 : i32
    %7 = arith.addi %2, %6 : i32
    %8 = arith.divsi %5, %4 : i32
    %9 = arith.muli %7, %c16_i32 : i32
    %10 = tt.make_range {end = 16 : i32, start = 0 : i32} : tensor<16xi32>
    %11 = tt.splat %9 : i32 -> tensor<16xi32>
    %12 = arith.addi %11, %10 : tensor<16xi32>
    %13 = arith.muli %8, %c32_i32 : i32
    %14 = tt.make_range {end = 32 : i32, start = 0 : i32} : tensor<32xi32>
    %15 = tt.splat %13 : i32 -> tensor<32xi32>
    %16 = arith.addi %15, %14 : tensor<32xi32>
    %17 = scf.for %arg3 = %c0_i32 to %c3328_i32 step %c256_i32 iter_args(%arg4 = %cst_1) -> (tensor<16x32xf32>)  : i32 {
      %27 = tt.make_range {end = 256 : i32, start = 0 : i32} : tensor<256xi32>
      %28 = tt.splat %arg3 : i32 -> tensor<256xi32>
      %29 = arith.addi %28, %27 : tensor<256xi32>
      %30 = tt.expand_dims %12 {axis = 1 : i32} : tensor<16xi32> -> tensor<16x1xi32>
      %31 = arith.muli %30, %cst_0 : tensor<16x1xi32>
      %32 = tt.expand_dims %29 {axis = 0 : i32} : tensor<256xi32> -> tensor<1x256xi32>
      %33 = tt.broadcast %31 : tensor<16x1xi32> -> tensor<16x256xi32>
      %34 = tt.broadcast %32 : tensor<1x256xi32> -> tensor<16x256xi32>
      %35 = arith.addi %33, %34 : tensor<16x256xi32>
      %36 = tt.splat %arg0 : !tt.ptr<f8E4M3FN> -> tensor<16x256x!tt.ptr<f8E4M3FN>>
      %37 = tt.addptr %36, %35 : tensor<16x256x!tt.ptr<f8E4M3FN>>, tensor<16x256xi32>
      %38 = tt.load %37 evictionPolicy = evict_last : tensor<16x256x!tt.ptr<f8E4M3FN>>
      %39 = tt.expand_dims %29 {axis = 1 : i32} : tensor<256xi32> -> tensor<256x1xi32>
      %40 = arith.muli %39, %cst : tensor<256x1xi32>
      %41 = tt.expand_dims %16 {axis = 0 : i32} : tensor<32xi32> -> tensor<1x32xi32>
      %42 = tt.broadcast %40 : tensor<256x1xi32> -> tensor<256x32xi32>
      %43 = tt.broadcast %41 : tensor<1x32xi32> -> tensor<256x32xi32>
      %44 = arith.addi %42, %43 : tensor<256x32xi32>
      %45 = tt.splat %arg1 : !tt.ptr<f8E4M3FN> -> tensor<256x32x!tt.ptr<f8E4M3FN>>
      %46 = tt.addptr %45, %44 : tensor<256x32x!tt.ptr<f8E4M3FN>>, tensor<256x32xi32>
      %47 = tt.load %46 : tensor<256x32x!tt.ptr<f8E4M3FN>>
      %48 = tt.dot %38, %47, %arg4, inputPrecision = tf32 : tensor<16x256xf8E4M3FN> * tensor<256x32xf8E4M3FN> -> tensor<16x32xf32>
      scf.yield %48 : tensor<16x32xf32>
    } {tt.loop_unroll_factor = 1 : i32, tt.num_stages = 1 : i32, tt.warp_specialize}
    %18 = arith.truncf %17 : tensor<16x32xf32> to tensor<16x32xf16>
    %19 = tt.expand_dims %12 {axis = 1 : i32} : tensor<16xi32> -> tensor<16x1xi32>
    %20 = arith.muli %19, %cst_0 : tensor<16x1xi32>
    %21 = tt.expand_dims %16 {axis = 0 : i32} : tensor<32xi32> -> tensor<1x32xi32>
    %22 = tt.broadcast %20 : tensor<16x1xi32> -> tensor<16x32xi32>
    %23 = tt.broadcast %21 : tensor<1x32xi32> -> tensor<16x32xi32>
    %24 = arith.addi %22, %23 : tensor<16x32xi32>
    %25 = tt.splat %arg2 : !tt.ptr<f16> -> tensor<16x32x!tt.ptr<f16>>
    %26 = tt.addptr %25, %24 : tensor<16x32x!tt.ptr<f16>>, tensor<16x32xi32>
    tt.store %26, %18 : tensor<16x32x!tt.ptr<f16>>
    tt.return
  }
}

{-#
  external_resources: {
    mlir_reproducer: {
      pipeline: "builtin.module(convert-triton-to-tritongpu{enable-source-remat=false num-ctas=1 num-warps=4 target=cuda:100 threads-per-warp=32}, tritongpu-coalesce, tritongpu-F32DotTC{emu-tf32=true}, triton-nvidia-gpu-plan-cta, tritongpu-remove-layout-conversions, tritongpu-optimize-thread-locality, tritongpu-accelerate-matmul, tritongpu-remove-layout-conversions, tritongpu-optimize-dot-operands{hoist-layout-conversion=true}, triton-nvidia-optimize-descriptor-encoding, triton-loop-aware-cse, tritongpu-fuse-nested-loops, canonicalize{  max-iterations=10 max-num-rewrites=-1 region-simplify=normal test-convergence=false top-down=true}, triton-licm, tritongpu-optimize-accumulator-init, tritongpu-hoist-tmem-alloc{hoist-out-of-if=false}, tritongpu-promote-lhs-to-tmem, tritongpu-assign-latencies{num-stages=8}, tritongpu-schedule-loops, tritongpu-automatic-warp-specialization{num-stages=8}, tritongpu-pipeline{dump-intermediate-steps=false num-stages=8}, tritongpu-optimize-partition-warps, tritongpu-combine-tensor-select-and-if, tritongpu-hoist-tmem-alloc{hoist-out-of-if=true}, triton-nvidia-gpu-remove-tmem-tokens, canonicalize{  max-iterations=10 max-num-rewrites=-1 region-simplify=normal test-convergence=false top-down=true}, triton-loop-aware-cse, tritongpu-prefetch, tritongpu-optimize-dot-operands{hoist-layout-conversion=true}, tritongpu-coalesce-async-copy, triton-nvidia-optimize-tmem-layouts, triton-nvidia-tma-lowering, tritongpu-remove-layout-conversions, triton-nvidia-interleave-tmem, tritongpu-reduce-data-duplication, tritongpu-reorder-instructions, triton-loop-aware-cse, symbol-dce, triton-nvidia-gpu-fence-insertion{compute-capability=100}, triton-nvidia-mma-lowering, sccp, cse, canonicalize{  max-iterations=10 max-num-rewrites=-1 region-simplify=normal test-convergence=false top-down=true})",
      disable_threading: true,
      verify_each: true
    }
  }
#-}
/tmp/torchinductor_jongsokchoi/zr/czrxhbgkqi7r3g5u5z3wjwhkmpntr77iynzqbclcoefich4lckkq.py:14:0: error: Failures have been detected while processing an MLIR pass pipeline
/tmp/torchinductor_jongsokchoi/zr/czrxhbgkqi7r3g5u5z3wjwhkmpntr77iynzqbclcoefich4lckkq.py:14:0: note: Pipeline failed while executing [`TritonGPUAutomaticWarpSpecialization` on 'builtin.module' operation, `NVWSInsertAref` on 'builtin.module' operation]: reproducer generated at `std::errs, please share the reproducer above with Triton project.`
Benchmarking exploring neighbors 100% ━━━━━━━━━━━━━━━━━━━━━━━━━━ 1/1 - configs/s
[AOT measure] Config 1/31: invalid (inf timing)
Benchmarking exploring neighbors 100% ━━━━━━━━━━━━━━━━━━━━━━━━━━ 1/1 - configs/s
[AOT measure] Config 2/31: 0.8663ms
Benchmarking exploring neighbors 100% ━━━━━━━━━━━━━━━━━━━━━━━━━━ 1/1 - configs/s
[AOT measure] Config 3/31: 0.1495ms
Benchmarking exploring neighbors 100% ━━━━━━━━━━━━━━━━━━━━━━━━━━ 1/1 - configs/s
[AOT measure] Config 4/31: 0.1044ms
Benchmarking exploring neighbors 100% ━━━━━━━━━━━━━━━━━━━━━━━━━━ 1/1 - configs/s
[AOT measure] Config 5/31: 0.1495ms
Benchmarking exploring neighbors 100% ━━━━━━━━━━━━━━━━━━━━━━━━━━ 1/1 - configs/s
[AOT measure] Config 6/31: 0.0594ms
Benchmarking exploring neighbors 100% ━━━━━━━━━━━━━━━━━━━━━━━━━━ 1/1 - configs/s
[AOT measure] Config 7/31: 0.0984ms
Benchmarking exploring neighbors 100% ━━━━━━━━━━━━━━━━━━━━━━━━━━ 1/1 - configs/s
[AOT measure] Config 8/31: 0.0758ms
Benchmarking exploring neighbors 100% ━━━━━━━━━━━━━━━━━━━━━━━━━━ 1/1 - configs/s
[AOT measure] Config 9/31: 0.0532ms
Benchmarking exploring neighbors 100% ━━━━━━━━━━━━━━━━━━━━━━━━━━ 1/1 - configs/s
[AOT measure] Config 10/31: 0.0614ms
Benchmarking exploring neighbors 100% ━━━━━━━━━━━━━━━━━━━━━━━━━━ 1/1 - configs/s
[AOT measure] Config 11/31: 0.0533ms
Benchmarking exploring neighbors 100% ━━━━━━━━━━━━━━━━━━━━━━━━━━ 1/1 - configs/s
[AOT measure] Config 12/31: 0.0573ms
Benchmarking exploring neighbors 100% ━━━━━━━━━━━━━━━━━━━━━━━━━━ 1/1 - configs/s
[AOT measure] Config 13/31: 0.0512ms
Benchmarking exploring neighbors 100% ━━━━━━━━━━━━━━━━━━━━━━━━━━ 1/1 - configs/s
[AOT measure] Config 14/31: 0.0574ms
Benchmarking exploring neighbors 100% ━━━━━━━━━━━━━━━━━━━━━━━━━━ 1/1 - configs/s
[AOT measure] Config 15/31: 0.0492ms
Benchmarking exploring neighbors 100% ━━━━━━━━━━━━━━━━━━━━━━━━━━ 1/1 - configs/s
[AOT measure] Config 16/31: 0.0492ms
Benchmarking exploring neighbors 100% ━━━━━━━━━━━━━━━━━━━━━━━━━━ 1/1 - configs/s
[AOT measure] Config 17/31: 0.0551ms
Benchmarking exploring neighbors 100% ━━━━━━━━━━━━━━━━━━━━━━━━━━ 1/1 - configs/s
[AOT measure] Config 18/31: 0.0532ms
Benchmarking exploring neighbors 100% ━━━━━━━━━━━━━━━━━━━━━━━━━━ 1/1 - configs/s
[AOT measure] Config 19/31: 0.0551ms
Benchmarking exploring neighbors 100% ━━━━━━━━━━━━━━━━━━━━━━━━━━ 1/1 - configs/s
[AOT measure] Config 20/31: 0.0471ms
Benchmarking exploring neighbors 100% ━━━━━━━━━━━━━━━━━━━━━━━━━━ 1/1 - configs/s
[AOT measure] Config 21/31: 0.0492ms
Benchmarking exploring neighbors 100% ━━━━━━━━━━━━━━━━━━━━━━━━━━ 1/1 - configs/s
[AOT measure] Config 22/31: 0.0532ms
Benchmarking exploring neighbors 100% ━━━━━━━━━━━━━━━━━━━━━━━━━━ 1/1 - configs/s
[AOT measure] Config 23/31: 0.0532ms
Benchmarking exploring neighbors 100% ━━━━━━━━━━━━━━━━━━━━━━━━━━ 1/1 - configs/s
[AOT measure] Config 24/31: 0.0534ms
Benchmarking exploring neighbors 100% ━━━━━━━━━━━━━━━━━━━━━━━━━━ 1/1 - configs/s
[AOT measure] Config 25/31: 0.0492ms
Benchmarking exploring neighbors 100% ━━━━━━━━━━━━━━━━━━━━━━━━━━ 1/1 - configs/s
[AOT measure] Config 26/31: 0.0510ms
Benchmarking exploring neighbors 100% ━━━━━━━━━━━━━━━━━━━━━━━━━━ 1/1 - configs/s
[AOT measure] Config 27/31: 0.0512ms
Benchmarking exploring neighbors 100% ━━━━━━━━━━━━━━━━━━━━━━━━━━ 1/1 - configs/s
[AOT measure] Config 28/31: 0.0512ms
Benchmarking exploring neighbors 100% ━━━━━━━━━━━━━━━━━━━━━━━━━━ 1/1 - configs/s
[AOT measure] Config 29/31: 0.0492ms
Benchmarking exploring neighbors 100% ━━━━━━━━━━━━━━━━━━━━━━━━━━ 1/1 - configs/s
[AOT measure] Config 30/31: 0.0532ms
Benchmarking exploring neighbors 100% ━━━━━━━━━━━━━━━━━━━━━━━━━━ 1/1 - configs/s
[AOT measure] Config 31/31: 0.0551ms
[AOT measure] Completed: 30/31 configs succeeded
  3328x3328 @ 3328x3328 done
[0s] Autotune random seed: 3891572246
[AOT measure] Testing 31 configs for fp8_gemm shape_hash=22c871d7
module {
  tt.func public @_helion_fp8_gemm(%arg0: !tt.ptr<f8E4M3FN> {tt.divisibility = 16 : i32}, %arg1: !tt.ptr<f8E4M3FN> {tt.divisibility = 16 : i32}, %arg2: !tt.ptr<f16> {tt.divisibility = 16 : i32}) attributes {noinline = false} {
    %c1728_i32 = arith.constant 1728 : i32
    %cst = arith.constant dense<0.000000e+00> : tensor<256x32xf8E4M3FN>
    %cst_0 = arith.constant dense<0.000000e+00> : tensor<16x256xf8E4M3FN>
    %c256_i32 = arith.constant 256 : i32
    %c3456_i32 = arith.constant 3456 : i32
    %c0_i32 = arith.constant 0 : i32
    %cst_1 = arith.constant dense<3456> : tensor<256x1xi32>
    %cst_2 = arith.constant dense<3456> : tensor<16x1xi32>
    %cst_3 = arith.constant dense<3456> : tensor<256xi32>
    %cst_4 = arith.constant dense<0.000000e+00> : tensor<16x32xf32>
    %c32_i32 = arith.constant 32 : i32
    %c16_i32 = arith.constant 16 : i32
    %c216_i32 = arith.constant 216 : i32
    %0 = tt.get_program_id x : i32
    %1 = arith.divsi %0, %c1728_i32 : i32
    %2 = arith.muli %1, %c16_i32 : i32
    %3 = arith.subi %c216_i32, %2 : i32
    %4 = arith.minsi %3, %c16_i32 : i32
    %5 = arith.remsi %0, %c1728_i32 : i32
    %6 = arith.remsi %5, %4 : i32
    %7 = arith.addi %2, %6 : i32
    %8 = arith.divsi %5, %4 : i32
    %9 = arith.muli %7, %c16_i32 : i32
    %10 = tt.make_range {end = 16 : i32, start = 0 : i32} : tensor<16xi32>
    %11 = tt.splat %9 : i32 -> tensor<16xi32>
    %12 = arith.addi %11, %10 : tensor<16xi32>
    %13 = arith.muli %8, %c32_i32 : i32
    %14 = tt.make_range {end = 32 : i32, start = 0 : i32} : tensor<32xi32>
    %15 = tt.splat %13 : i32 -> tensor<32xi32>
    %16 = arith.addi %15, %14 : tensor<32xi32>
    %17 = scf.for %arg3 = %c0_i32 to %c3456_i32 step %c256_i32 iter_args(%arg4 = %cst_4) -> (tensor<16x32xf32>)  : i32 {
      %27 = tt.make_range {end = 256 : i32, start = 0 : i32} : tensor<256xi32>
      %28 = tt.splat %arg3 : i32 -> tensor<256xi32>
      %29 = arith.addi %28, %27 : tensor<256xi32>
      %30 = arith.cmpi slt, %29, %cst_3 : tensor<256xi32>
      %31 = tt.expand_dims %12 {axis = 1 : i32} : tensor<16xi32> -> tensor<16x1xi32>
      %32 = arith.muli %31, %cst_2 : tensor<16x1xi32>
      %33 = tt.expand_dims %29 {axis = 0 : i32} : tensor<256xi32> -> tensor<1x256xi32>
      %34 = tt.broadcast %32 : tensor<16x1xi32> -> tensor<16x256xi32>
      %35 = tt.broadcast %33 : tensor<1x256xi32> -> tensor<16x256xi32>
      %36 = arith.addi %34, %35 : tensor<16x256xi32>
      %37 = tt.splat %arg0 : !tt.ptr<f8E4M3FN> -> tensor<16x256x!tt.ptr<f8E4M3FN>>
      %38 = tt.addptr %37, %36 : tensor<16x256x!tt.ptr<f8E4M3FN>>, tensor<16x256xi32>
      %39 = tt.expand_dims %30 {axis = 0 : i32} : tensor<256xi1> -> tensor<1x256xi1>
      %40 = tt.broadcast %39 : tensor<1x256xi1> -> tensor<16x256xi1>
      %41 = tt.load %38, %40, %cst_0 evictionPolicy = evict_last : tensor<16x256x!tt.ptr<f8E4M3FN>>
      %42 = tt.expand_dims %29 {axis = 1 : i32} : tensor<256xi32> -> tensor<256x1xi32>
      %43 = arith.muli %42, %cst_1 : tensor<256x1xi32>
      %44 = tt.expand_dims %16 {axis = 0 : i32} : tensor<32xi32> -> tensor<1x32xi32>
      %45 = tt.broadcast %43 : tensor<256x1xi32> -> tensor<256x32xi32>
      %46 = tt.broadcast %44 : tensor<1x32xi32> -> tensor<256x32xi32>
      %47 = arith.addi %45, %46 : tensor<256x32xi32>
      %48 = tt.splat %arg1 : !tt.ptr<f8E4M3FN> -> tensor<256x32x!tt.ptr<f8E4M3FN>>
      %49 = tt.addptr %48, %47 : tensor<256x32x!tt.ptr<f8E4M3FN>>, tensor<256x32xi32>
      %50 = tt.expand_dims %30 {axis = 1 : i32} : tensor<256xi1> -> tensor<256x1xi1>
      %51 = tt.broadcast %50 : tensor<256x1xi1> -> tensor<256x32xi1>
      %52 = tt.load %49, %51, %cst : tensor<256x32x!tt.ptr<f8E4M3FN>>
      %53 = tt.dot %41, %52, %arg4, inputPrecision = tf32 : tensor<16x256xf8E4M3FN> * tensor<256x32xf8E4M3FN> -> tensor<16x32xf32>
      scf.yield %53 : tensor<16x32xf32>
    } {tt.loop_unroll_factor = 1 : i32, tt.num_stages = 1 : i32, tt.warp_specialize}
    %18 = arith.truncf %17 : tensor<16x32xf32> to tensor<16x32xf16>
    %19 = tt.expand_dims %12 {axis = 1 : i32} : tensor<16xi32> -> tensor<16x1xi32>
    %20 = arith.muli %19, %cst_2 : tensor<16x1xi32>
    %21 = tt.expand_dims %16 {axis = 0 : i32} : tensor<32xi32> -> tensor<1x32xi32>
    %22 = tt.broadcast %20 : tensor<16x1xi32> -> tensor<16x32xi32>
    %23 = tt.broadcast %21 : tensor<1x32xi32> -> tensor<16x32xi32>
    %24 = arith.addi %22, %23 : tensor<16x32xi32>
    %25 = tt.splat %arg2 : !tt.ptr<f16> -> tensor<16x32x!tt.ptr<f16>>
    %26 = tt.addptr %25, %24 : tensor<16x32x!tt.ptr<f16>>, tensor<16x32xi32>
    tt.store %26, %18 : tensor<16x32x!tt.ptr<f16>>
    tt.return
  }
}

{-#
  external_resources: {
    mlir_reproducer: {
      pipeline: "builtin.module(convert-triton-to-tritongpu{enable-source-remat=false num-ctas=1 num-warps=4 target=cuda:100 threads-per-warp=32}, tritongpu-coalesce, tritongpu-F32DotTC{emu-tf32=true}, triton-nvidia-gpu-plan-cta, tritongpu-remove-layout-conversions, tritongpu-optimize-thread-locality, tritongpu-accelerate-matmul, tritongpu-remove-layout-conversions, tritongpu-optimize-dot-operands{hoist-layout-conversion=true}, triton-nvidia-optimize-descriptor-encoding, triton-loop-aware-cse, tritongpu-fuse-nested-loops, canonicalize{  max-iterations=10 max-num-rewrites=-1 region-simplify=normal test-convergence=false top-down=true}, triton-licm, tritongpu-optimize-accumulator-init, tritongpu-hoist-tmem-alloc{hoist-out-of-if=false}, tritongpu-promote-lhs-to-tmem, tritongpu-assign-latencies{num-stages=8}, tritongpu-schedule-loops, tritongpu-automatic-warp-specialization{num-stages=8}, tritongpu-pipeline{dump-intermediate-steps=false num-stages=8}, tritongpu-optimize-partition-warps, tritongpu-combine-tensor-select-and-if, tritongpu-hoist-tmem-alloc{hoist-out-of-if=true}, triton-nvidia-gpu-remove-tmem-tokens, canonicalize{  max-iterations=10 max-num-rewrites=-1 region-simplify=normal test-convergence=false top-down=true}, triton-loop-aware-cse, tritongpu-prefetch, tritongpu-optimize-dot-operands{hoist-layout-conversion=true}, tritongpu-coalesce-async-copy, triton-nvidia-optimize-tmem-layouts, triton-nvidia-tma-lowering, tritongpu-remove-layout-conversions, triton-nvidia-interleave-tmem, tritongpu-reduce-data-duplication, tritongpu-reorder-instructions, triton-loop-aware-cse, symbol-dce, triton-nvidia-gpu-fence-insertion{compute-capability=100}, triton-nvidia-mma-lowering, sccp, cse, canonicalize{  max-iterations=10 max-num-rewrites=-1 region-simplify=normal test-convergence=false top-down=true})",
      disable_threading: true,
      verify_each: true
    }
  }
#-}
/tmp/torchinductor_jongsokchoi/7z/c7z2ses37fyse4ncovprzg2hykgt4wovygjfxsyfdysuyktfsm4y.py:14:0: error: Failures have been detected while processing an MLIR pass pipeline
/tmp/torchinductor_jongsokchoi/7z/c7z2ses37fyse4ncovprzg2hykgt4wovygjfxsyfdysuyktfsm4y.py:14:0: note: Pipeline failed while executing [`TritonGPUAutomaticWarpSpecialization` on 'builtin.module' operation, `NVWSInsertAref` on 'builtin.module' operation]: reproducer generated at `std::errs, please share the reproducer above with Triton project.`
Benchmarking exploring neighbors 100% ━━━━━━━━━━━━━━━━━━━━━━━━━━ 1/1 - configs/s
[AOT measure] Config 1/31: invalid (inf timing)
Benchmarking exploring neighbors 100% ━━━━━━━━━━━━━━━━━━━━━━━━━━ 1/1 - configs/s
[AOT measure] Config 2/31: 0.9698ms
Benchmarking exploring neighbors 100% ━━━━━━━━━━━━━━━━━━━━━━━━━━ 1/1 - configs/s
[AOT measure] Config 3/31: 0.1659ms
Benchmarking exploring neighbors 100% ━━━━━━━━━━━━━━━━━━━━━━━━━━ 1/1 - configs/s
[AOT measure] Config 4/31: 0.1107ms
Benchmarking exploring neighbors 100% ━━━━━━━━━━━━━━━━━━━━━━━━━━ 1/1 - configs/s
[AOT measure] Config 5/31: 0.1680ms
Benchmarking exploring neighbors 100% ━━━━━━━━━━━━━━━━━━━━━━━━━━ 1/1 - configs/s
[AOT measure] Config 6/31: 0.0625ms
Benchmarking exploring neighbors 100% ━━━━━━━━━━━━━━━━━━━━━━━━━━ 1/1 - configs/s
[AOT measure] Config 7/31: 0.1055ms
Benchmarking exploring neighbors 100% ━━━━━━━━━━━━━━━━━━━━━━━━━━ 1/1 - configs/s
[AOT measure] Config 8/31: 0.0881ms
Benchmarking exploring neighbors 100% ━━━━━━━━━━━━━━━━━━━━━━━━━━ 1/1 - configs/s
[AOT measure] Config 9/31: 0.0574ms
Benchmarking exploring neighbors 100% ━━━━━━━━━━━━━━━━━━━━━━━━━━ 1/1 - configs/s
[AOT measure] Config 10/31: 0.0635ms
Benchmarking exploring neighbors 100% ━━━━━━━━━━━━━━━━━━━━━━━━━━ 1/1 - configs/s
[AOT measure] Config 11/31: 0.0574ms
Benchmarking exploring neighbors 100% ━━━━━━━━━━━━━━━━━━━━━━━━━━ 1/1 - configs/s
[AOT measure] Config 12/31: 0.0595ms
Benchmarking exploring neighbors 100% ━━━━━━━━━━━━━━━━━━━━━━━━━━ 1/1 - configs/s
[AOT measure] Config 13/31: 0.0532ms
Benchmarking exploring neighbors 100% ━━━━━━━━━━━━━━━━━━━━━━━━━━ 1/1 - configs/s
[AOT measure] Config 14/31: 0.0596ms
Benchmarking exploring neighbors 100% ━━━━━━━━━━━━━━━━━━━━━━━━━━ 1/1 - configs/s
[AOT measure] Config 15/31: 0.0512ms
Benchmarking exploring neighbors 100% ━━━━━━━━━━━━━━━━━━━━━━━━━━ 1/1 - configs/s
[AOT measure] Config 16/31: 0.0553ms
Benchmarking exploring neighbors 100% ━━━━━━━━━━━━━━━━━━━━━━━━━━ 1/1 - configs/s
[AOT measure] Config 17/31: 0.0573ms
Benchmarking exploring neighbors 100% ━━━━━━━━━━━━━━━━━━━━━━━━━━ 1/1 - configs/s
[AOT measure] Config 18/31: 0.0553ms
Benchmarking exploring neighbors 100% ━━━━━━━━━━━━━━━━━━━━━━━━━━ 1/1 - configs/s
[AOT measure] Config 19/31: 0.0573ms
Benchmarking exploring neighbors 100% ━━━━━━━━━━━━━━━━━━━━━━━━━━ 1/1 - configs/s
[AOT measure] Config 20/31: 0.0540ms
Benchmarking exploring neighbors 100% ━━━━━━━━━━━━━━━━━━━━━━━━━━ 1/1 - configs/s
[AOT measure] Config 21/31: 0.0514ms
Benchmarking exploring neighbors 100% ━━━━━━━━━━━━━━━━━━━━━━━━━━ 1/1 - configs/s
[AOT measure] Config 22/31: 0.0553ms
Benchmarking exploring neighbors 100% ━━━━━━━━━━━━━━━━━━━━━━━━━━ 1/1 - configs/s
[AOT measure] Config 23/31: 0.0556ms
Benchmarking exploring neighbors 100% ━━━━━━━━━━━━━━━━━━━━━━━━━━ 1/1 - configs/s
[AOT measure] Config 24/31: 0.0555ms
Benchmarking exploring neighbors 100% ━━━━━━━━━━━━━━━━━━━━━━━━━━ 1/1 - configs/s
[AOT measure] Config 25/31: 0.0513ms
Benchmarking exploring neighbors 100% ━━━━━━━━━━━━━━━━━━━━━━━━━━ 1/1 - configs/s
[AOT measure] Config 26/31: 0.0513ms
Benchmarking exploring neighbors 100% ━━━━━━━━━━━━━━━━━━━━━━━━━━ 1/1 - configs/s
[AOT measure] Config 27/31: 0.0532ms
Benchmarking exploring neighbors 100% ━━━━━━━━━━━━━━━━━━━━━━━━━━ 1/1 - configs/s
[AOT measure] Config 28/31: 0.0532ms
Benchmarking exploring neighbors 100% ━━━━━━━━━━━━━━━━━━━━━━━━━━ 1/1 - configs/s
[AOT measure] Config 29/31: 0.0512ms
Benchmarking exploring neighbors 100% ━━━━━━━━━━━━━━━━━━━━━━━━━━ 1/1 - configs/s
[AOT measure] Config 30/31: 0.0553ms
Benchmarking exploring neighbors 100% ━━━━━━━━━━━━━━━━━━━━━━━━━━ 1/1 - configs/s
[AOT measure] Config 31/31: 0.0573ms
[AOT measure] Completed: 30/31 configs succeeded
  3456x3456 @ 3456x3456 done
[0s] Autotune random seed: 3891572246
[AOT measure] Testing 31 configs for fp8_gemm shape_hash=1669f8cf
module {
  tt.func public @_helion_fp8_gemm(%arg0: !tt.ptr<f8E4M3FN> {tt.divisibility = 16 : i32}, %arg1: !tt.ptr<f8E4M3FN> {tt.divisibility = 16 : i32}, %arg2: !tt.ptr<f16> {tt.divisibility = 16 : i32}) attributes {noinline = false} {
    %c1792_i32 = arith.constant 1792 : i32
    %c256_i32 = arith.constant 256 : i32
    %c3584_i32 = arith.constant 3584 : i32
    %c0_i32 = arith.constant 0 : i32
    %cst = arith.constant dense<3584> : tensor<256x1xi32>
    %cst_0 = arith.constant dense<3584> : tensor<16x1xi32>
    %cst_1 = arith.constant dense<0.000000e+00> : tensor<16x32xf32>
    %c32_i32 = arith.constant 32 : i32
    %c16_i32 = arith.constant 16 : i32
    %c224_i32 = arith.constant 224 : i32
    %0 = tt.get_program_id x : i32
    %1 = arith.divsi %0, %c1792_i32 : i32
    %2 = arith.muli %1, %c16_i32 : i32
    %3 = arith.subi %c224_i32, %2 : i32
    %4 = arith.minsi %3, %c16_i32 : i32
    %5 = arith.remsi %0, %c1792_i32 : i32
    %6 = arith.remsi %5, %4 : i32
    %7 = arith.addi %2, %6 : i32
    %8 = arith.divsi %5, %4 : i32
    %9 = arith.muli %7, %c16_i32 : i32
    %10 = tt.make_range {end = 16 : i32, start = 0 : i32} : tensor<16xi32>
    %11 = tt.splat %9 : i32 -> tensor<16xi32>
    %12 = arith.addi %11, %10 : tensor<16xi32>
    %13 = arith.muli %8, %c32_i32 : i32
    %14 = tt.make_range {end = 32 : i32, start = 0 : i32} : tensor<32xi32>
    %15 = tt.splat %13 : i32 -> tensor<32xi32>
    %16 = arith.addi %15, %14 : tensor<32xi32>
    %17 = scf.for %arg3 = %c0_i32 to %c3584_i32 step %c256_i32 iter_args(%arg4 = %cst_1) -> (tensor<16x32xf32>)  : i32 {
      %27 = tt.make_range {end = 256 : i32, start = 0 : i32} : tensor<256xi32>
      %28 = tt.splat %arg3 : i32 -> tensor<256xi32>
      %29 = arith.addi %28, %27 : tensor<256xi32>
      %30 = tt.expand_dims %12 {axis = 1 : i32} : tensor<16xi32> -> tensor<16x1xi32>
      %31 = arith.muli %30, %cst_0 : tensor<16x1xi32>
      %32 = tt.expand_dims %29 {axis = 0 : i32} : tensor<256xi32> -> tensor<1x256xi32>
      %33 = tt.broadcast %31 : tensor<16x1xi32> -> tensor<16x256xi32>
      %34 = tt.broadcast %32 : tensor<1x256xi32> -> tensor<16x256xi32>
      %35 = arith.addi %33, %34 : tensor<16x256xi32>
      %36 = tt.splat %arg0 : !tt.ptr<f8E4M3FN> -> tensor<16x256x!tt.ptr<f8E4M3FN>>
      %37 = tt.addptr %36, %35 : tensor<16x256x!tt.ptr<f8E4M3FN>>, tensor<16x256xi32>
      %38 = tt.load %37 evictionPolicy = evict_last : tensor<16x256x!tt.ptr<f8E4M3FN>>
      %39 = tt.expand_dims %29 {axis = 1 : i32} : tensor<256xi32> -> tensor<256x1xi32>
      %40 = arith.muli %39, %cst : tensor<256x1xi32>
      %41 = tt.expand_dims %16 {axis = 0 : i32} : tensor<32xi32> -> tensor<1x32xi32>
      %42 = tt.broadcast %40 : tensor<256x1xi32> -> tensor<256x32xi32>
      %43 = tt.broadcast %41 : tensor<1x32xi32> -> tensor<256x32xi32>
      %44 = arith.addi %42, %43 : tensor<256x32xi32>
      %45 = tt.splat %arg1 : !tt.ptr<f8E4M3FN> -> tensor<256x32x!tt.ptr<f8E4M3FN>>
      %46 = tt.addptr %45, %44 : tensor<256x32x!tt.ptr<f8E4M3FN>>, tensor<256x32xi32>
      %47 = tt.load %46 : tensor<256x32x!tt.ptr<f8E4M3FN>>
      %48 = tt.dot %38, %47, %arg4, inputPrecision = tf32 : tensor<16x256xf8E4M3FN> * tensor<256x32xf8E4M3FN> -> tensor<16x32xf32>
      scf.yield %48 : tensor<16x32xf32>
    } {tt.loop_unroll_factor = 1 : i32, tt.num_stages = 1 : i32, tt.warp_specialize}
    %18 = arith.truncf %17 : tensor<16x32xf32> to tensor<16x32xf16>
    %19 = tt.expand_dims %12 {axis = 1 : i32} : tensor<16xi32> -> tensor<16x1xi32>
    %20 = arith.muli %19, %cst_0 : tensor<16x1xi32>
    %21 = tt.expand_dims %16 {axis = 0 : i32} : tensor<32xi32> -> tensor<1x32xi32>
    %22 = tt.broadcast %20 : tensor<16x1xi32> -> tensor<16x32xi32>
    %23 = tt.broadcast %21 : tensor<1x32xi32> -> tensor<16x32xi32>
    %24 = arith.addi %22, %23 : tensor<16x32xi32>
    %25 = tt.splat %arg2 : !tt.ptr<f16> -> tensor<16x32x!tt.ptr<f16>>
    %26 = tt.addptr %25, %24 : tensor<16x32x!tt.ptr<f16>>, tensor<16x32xi32>
    tt.store %26, %18 : tensor<16x32x!tt.ptr<f16>>
    tt.return
  }
}

{-#
  external_resources: {
    mlir_reproducer: {
      pipeline: "builtin.module(convert-triton-to-tritongpu{enable-source-remat=false num-ctas=1 num-warps=4 target=cuda:100 threads-per-warp=32}, tritongpu-coalesce, tritongpu-F32DotTC{emu-tf32=true}, triton-nvidia-gpu-plan-cta, tritongpu-remove-layout-conversions, tritongpu-optimize-thread-locality, tritongpu-accelerate-matmul, tritongpu-remove-layout-conversions, tritongpu-optimize-dot-operands{hoist-layout-conversion=true}, triton-nvidia-optimize-descriptor-encoding, triton-loop-aware-cse, tritongpu-fuse-nested-loops, canonicalize{  max-iterations=10 max-num-rewrites=-1 region-simplify=normal test-convergence=false top-down=true}, triton-licm, tritongpu-optimize-accumulator-init, tritongpu-hoist-tmem-alloc{hoist-out-of-if=false}, tritongpu-promote-lhs-to-tmem, tritongpu-assign-latencies{num-stages=8}, tritongpu-schedule-loops, tritongpu-automatic-warp-specialization{num-stages=8}, tritongpu-pipeline{dump-intermediate-steps=false num-stages=8}, tritongpu-optimize-partition-warps, tritongpu-combine-tensor-select-and-if, tritongpu-hoist-tmem-alloc{hoist-out-of-if=true}, triton-nvidia-gpu-remove-tmem-tokens, canonicalize{  max-iterations=10 max-num-rewrites=-1 region-simplify=normal test-convergence=false top-down=true}, triton-loop-aware-cse, tritongpu-prefetch, tritongpu-optimize-dot-operands{hoist-layout-conversion=true}, tritongpu-coalesce-async-copy, triton-nvidia-optimize-tmem-layouts, triton-nvidia-tma-lowering, tritongpu-remove-layout-conversions, triton-nvidia-interleave-tmem, tritongpu-reduce-data-duplication, tritongpu-reorder-instructions, triton-loop-aware-cse, symbol-dce, triton-nvidia-gpu-fence-insertion{compute-capability=100}, triton-nvidia-mma-lowering, sccp, cse, canonicalize{  max-iterations=10 max-num-rewrites=-1 region-simplify=normal test-convergence=false top-down=true})",
      disable_threading: true,
      verify_each: true
    }
  }
#-}
/tmp/torchinductor_jongsokchoi/xi/cxih65s7ljvacybprex4pa3jsj7dvgcvkkez4urzckaye3ah7fcw.py:14:0: error: Failures have been detected while processing an MLIR pass pipeline
/tmp/torchinductor_jongsokchoi/xi/cxih65s7ljvacybprex4pa3jsj7dvgcvkkez4urzckaye3ah7fcw.py:14:0: note: Pipeline failed while executing [`TritonGPUAutomaticWarpSpecialization` on 'builtin.module' operation, `NVWSInsertAref` on 'builtin.module' operation]: reproducer generated at `std::errs, please share the reproducer above with Triton project.`
Benchmarking exploring neighbors 100% ━━━━━━━━━━━━━━━━━━━━━━━━━━ 1/1 - configs/s
[AOT measure] Config 1/31: invalid (inf timing)
Benchmarking exploring neighbors 100% ━━━━━━━━━━━━━━━━━━━━━━━━━━ 1/1 - configs/s
[AOT measure] Config 2/31: 1.0825ms
Benchmarking exploring neighbors 100% ━━━━━━━━━━━━━━━━━━━━━━━━━━ 1/1 - configs/s
[AOT measure] Config 3/31: 0.1843ms
Benchmarking exploring neighbors 100% ━━━━━━━━━━━━━━━━━━━━━━━━━━ 1/1 - configs/s
[AOT measure] Config 4/31: 0.1229ms
Benchmarking exploring neighbors 100% ━━━━━━━━━━━━━━━━━━━━━━━━━━ 1/1 - configs/s
[AOT measure] Config 5/31: 0.1720ms
Benchmarking exploring neighbors 100% ━━━━━━━━━━━━━━━━━━━━━━━━━━ 1/1 - configs/s
[AOT measure] Config 6/31: 0.0716ms
Benchmarking exploring neighbors 100% ━━━━━━━━━━━━━━━━━━━━━━━━━━ 1/1 - configs/s
[AOT measure] Config 7/31: 0.1167ms
Benchmarking exploring neighbors 100% ━━━━━━━━━━━━━━━━━━━━━━━━━━ 1/1 - configs/s
[AOT measure] Config 8/31: 0.0963ms
Benchmarking exploring neighbors 100% ━━━━━━━━━━━━━━━━━━━━━━━━━━ 1/1 - configs/s
[AOT measure] Config 9/31: 0.0614ms
Benchmarking exploring neighbors 100% ━━━━━━━━━━━━━━━━━━━━━━━━━━ 1/1 - configs/s
[AOT measure] Config 10/31: 0.0758ms
Benchmarking exploring neighbors 100% ━━━━━━━━━━━━━━━━━━━━━━━━━━ 1/1 - configs/s
[AOT measure] Config 11/31: 0.0614ms
Benchmarking exploring neighbors 100% ━━━━━━━━━━━━━━━━━━━━━━━━━━ 1/1 - configs/s
[AOT measure] Config 12/31: 0.0614ms
Benchmarking exploring neighbors 100% ━━━━━━━━━━━━━━━━━━━━━━━━━━ 1/1 - configs/s
[AOT measure] Config 13/31: 0.0532ms
Benchmarking exploring neighbors 100% ━━━━━━━━━━━━━━━━━━━━━━━━━━ 1/1 - configs/s
[AOT measure] Config 14/31: 0.0614ms
Benchmarking exploring neighbors 100% ━━━━━━━━━━━━━━━━━━━━━━━━━━ 1/1 - configs/s
[AOT measure] Config 15/31: 0.0532ms
Benchmarking exploring neighbors 100% ━━━━━━━━━━━━━━━━━━━━━━━━━━ 1/1 - configs/s
[AOT measure] Config 16/31: 0.0573ms
Benchmarking exploring neighbors 100% ━━━━━━━━━━━━━━━━━━━━━━━━━━ 1/1 - configs/s
[AOT measure] Config 17/31: 0.0573ms
Benchmarking exploring neighbors 100% ━━━━━━━━━━━━━━━━━━━━━━━━━━ 1/1 - configs/s
[AOT measure] Config 18/31: 0.0573ms
Benchmarking exploring neighbors 100% ━━━━━━━━━━━━━━━━━━━━━━━━━━ 1/1 - configs/s
[AOT measure] Config 19/31: 0.0592ms
Benchmarking exploring neighbors 100% ━━━━━━━━━━━━━━━━━━━━━━━━━━ 1/1 - configs/s
[AOT measure] Config 20/31: 0.0573ms
Benchmarking exploring neighbors 100% ━━━━━━━━━━━━━━━━━━━━━━━━━━ 1/1 - configs/s
[AOT measure] Config 21/31: 0.0553ms
Benchmarking exploring neighbors 100% ━━━━━━━━━━━━━━━━━━━━━━━━━━ 1/1 - configs/s
[AOT measure] Config 22/31: 0.0573ms
Benchmarking exploring neighbors 100% ━━━━━━━━━━━━━━━━━━━━━━━━━━ 1/1 - configs/s
[AOT measure] Config 23/31: 0.0573ms
Benchmarking exploring neighbors 100% ━━━━━━━━━━━━━━━━━━━━━━━━━━ 1/1 - configs/s
[AOT measure] Config 24/31: 0.0574ms
Benchmarking exploring neighbors 100% ━━━━━━━━━━━━━━━━━━━━━━━━━━ 1/1 - configs/s
[AOT measure] Config 25/31: 0.0532ms
Benchmarking exploring neighbors 100% ━━━━━━━━━━━━━━━━━━━━━━━━━━ 1/1 - configs/s
[AOT measure] Config 26/31: 0.0533ms
Benchmarking exploring neighbors 100% ━━━━━━━━━━━━━━━━━━━━━━━━━━ 1/1 - configs/s
[AOT measure] Config 27/31: 0.0532ms
Benchmarking exploring neighbors 100% ━━━━━━━━━━━━━━━━━━━━━━━━━━ 1/1 - configs/s
[AOT measure] Config 28/31: 0.0552ms
Benchmarking exploring neighbors 100% ━━━━━━━━━━━━━━━━━━━━━━━━━━ 1/1 - configs/s
[AOT measure] Config 29/31: 0.0532ms
Benchmarking exploring neighbors 100% ━━━━━━━━━━━━━━━━━━━━━━━━━━ 1/1 - configs/s
[AOT measure] Config 30/31: 0.0573ms
Benchmarking exploring neighbors 100% ━━━━━━━━━━━━━━━━━━━━━━━━━━ 1/1 - configs/s
[AOT measure] Config 31/31: 0.0573ms
[AOT measure] Completed: 30/31 configs succeeded
  3584x3584 @ 3584x3584 done
[0s] Autotune random seed: 3891572246
[AOT measure] Testing 31 configs for fp8_gemm shape_hash=da9adb57
module {
  tt.func public @_helion_fp8_gemm(%arg0: !tt.ptr<f8E4M3FN> {tt.divisibility = 16 : i32}, %arg1: !tt.ptr<f8E4M3FN> {tt.divisibility = 16 : i32}, %arg2: !tt.ptr<f16> {tt.divisibility = 16 : i32}) attributes {noinline = false} {
    %c1856_i32 = arith.constant 1856 : i32
    %cst = arith.constant dense<0.000000e+00> : tensor<256x32xf8E4M3FN>
    %cst_0 = arith.constant dense<0.000000e+00> : tensor<16x256xf8E4M3FN>
    %c256_i32 = arith.constant 256 : i32
    %c3712_i32 = arith.constant 3712 : i32
    %c0_i32 = arith.constant 0 : i32
    %cst_1 = arith.constant dense<3712> : tensor<256x1xi32>
    %cst_2 = arith.constant dense<3712> : tensor<16x1xi32>
    %cst_3 = arith.constant dense<3712> : tensor<256xi32>
    %cst_4 = arith.constant dense<0.000000e+00> : tensor<16x32xf32>
    %c32_i32 = arith.constant 32 : i32
    %c16_i32 = arith.constant 16 : i32
    %c232_i32 = arith.constant 232 : i32
    %0 = tt.get_program_id x : i32
    %1 = arith.divsi %0, %c1856_i32 : i32
    %2 = arith.muli %1, %c16_i32 : i32
    %3 = arith.subi %c232_i32, %2 : i32
    %4 = arith.minsi %3, %c16_i32 : i32
    %5 = arith.remsi %0, %c1856_i32 : i32
    %6 = arith.remsi %5, %4 : i32
    %7 = arith.addi %2, %6 : i32
    %8 = arith.divsi %5, %4 : i32
    %9 = arith.muli %7, %c16_i32 : i32
    %10 = tt.make_range {end = 16 : i32, start = 0 : i32} : tensor<16xi32>
    %11 = tt.splat %9 : i32 -> tensor<16xi32>
    %12 = arith.addi %11, %10 : tensor<16xi32>
    %13 = arith.muli %8, %c32_i32 : i32
    %14 = tt.make_range {end = 32 : i32, start = 0 : i32} : tensor<32xi32>
    %15 = tt.splat %13 : i32 -> tensor<32xi32>
    %16 = arith.addi %15, %14 : tensor<32xi32>
    %17 = scf.for %arg3 = %c0_i32 to %c3712_i32 step %c256_i32 iter_args(%arg4 = %cst_4) -> (tensor<16x32xf32>)  : i32 {
      %27 = tt.make_range {end = 256 : i32, start = 0 : i32} : tensor<256xi32>
      %28 = tt.splat %arg3 : i32 -> tensor<256xi32>
      %29 = arith.addi %28, %27 : tensor<256xi32>
      %30 = arith.cmpi slt, %29, %cst_3 : tensor<256xi32>
      %31 = tt.expand_dims %12 {axis = 1 : i32} : tensor<16xi32> -> tensor<16x1xi32>
      %32 = arith.muli %31, %cst_2 : tensor<16x1xi32>
      %33 = tt.expand_dims %29 {axis = 0 : i32} : tensor<256xi32> -> tensor<1x256xi32>
      %34 = tt.broadcast %32 : tensor<16x1xi32> -> tensor<16x256xi32>
      %35 = tt.broadcast %33 : tensor<1x256xi32> -> tensor<16x256xi32>
      %36 = arith.addi %34, %35 : tensor<16x256xi32>
      %37 = tt.splat %arg0 : !tt.ptr<f8E4M3FN> -> tensor<16x256x!tt.ptr<f8E4M3FN>>
      %38 = tt.addptr %37, %36 : tensor<16x256x!tt.ptr<f8E4M3FN>>, tensor<16x256xi32>
      %39 = tt.expand_dims %30 {axis = 0 : i32} : tensor<256xi1> -> tensor<1x256xi1>
      %40 = tt.broadcast %39 : tensor<1x256xi1> -> tensor<16x256xi1>
      %41 = tt.load %38, %40, %cst_0 evictionPolicy = evict_last : tensor<16x256x!tt.ptr<f8E4M3FN>>
      %42 = tt.expand_dims %29 {axis = 1 : i32} : tensor<256xi32> -> tensor<256x1xi32>
      %43 = arith.muli %42, %cst_1 : tensor<256x1xi32>
      %44 = tt.expand_dims %16 {axis = 0 : i32} : tensor<32xi32> -> tensor<1x32xi32>
      %45 = tt.broadcast %43 : tensor<256x1xi32> -> tensor<256x32xi32>
      %46 = tt.broadcast %44 : tensor<1x32xi32> -> tensor<256x32xi32>
      %47 = arith.addi %45, %46 : tensor<256x32xi32>
      %48 = tt.splat %arg1 : !tt.ptr<f8E4M3FN> -> tensor<256x32x!tt.ptr<f8E4M3FN>>
      %49 = tt.addptr %48, %47 : tensor<256x32x!tt.ptr<f8E4M3FN>>, tensor<256x32xi32>
      %50 = tt.expand_dims %30 {axis = 1 : i32} : tensor<256xi1> -> tensor<256x1xi1>
      %51 = tt.broadcast %50 : tensor<256x1xi1> -> tensor<256x32xi1>
      %52 = tt.load %49, %51, %cst : tensor<256x32x!tt.ptr<f8E4M3FN>>
      %53 = tt.dot %41, %52, %arg4, inputPrecision = tf32 : tensor<16x256xf8E4M3FN> * tensor<256x32xf8E4M3FN> -> tensor<16x32xf32>
      scf.yield %53 : tensor<16x32xf32>
    } {tt.loop_unroll_factor = 1 : i32, tt.num_stages = 1 : i32, tt.warp_specialize}
    %18 = arith.truncf %17 : tensor<16x32xf32> to tensor<16x32xf16>
    %19 = tt.expand_dims %12 {axis = 1 : i32} : tensor<16xi32> -> tensor<16x1xi32>
    %20 = arith.muli %19, %cst_2 : tensor<16x1xi32>
    %21 = tt.expand_dims %16 {axis = 0 : i32} : tensor<32xi32> -> tensor<1x32xi32>
    %22 = tt.broadcast %20 : tensor<16x1xi32> -> tensor<16x32xi32>
    %23 = tt.broadcast %21 : tensor<1x32xi32> -> tensor<16x32xi32>
    %24 = arith.addi %22, %23 : tensor<16x32xi32>
    %25 = tt.splat %arg2 : !tt.ptr<f16> -> tensor<16x32x!tt.ptr<f16>>
    %26 = tt.addptr %25, %24 : tensor<16x32x!tt.ptr<f16>>, tensor<16x32xi32>
    tt.store %26, %18 : tensor<16x32x!tt.ptr<f16>>
    tt.return
  }
}

{-#
  external_resources: {
    mlir_reproducer: {
      pipeline: "builtin.module(convert-triton-to-tritongpu{enable-source-remat=false num-ctas=1 num-warps=4 target=cuda:100 threads-per-warp=32}, tritongpu-coalesce, tritongpu-F32DotTC{emu-tf32=true}, triton-nvidia-gpu-plan-cta, tritongpu-remove-layout-conversions, tritongpu-optimize-thread-locality, tritongpu-accelerate-matmul, tritongpu-remove-layout-conversions, tritongpu-optimize-dot-operands{hoist-layout-conversion=true}, triton-nvidia-optimize-descriptor-encoding, triton-loop-aware-cse, tritongpu-fuse-nested-loops, canonicalize{  max-iterations=10 max-num-rewrites=-1 region-simplify=normal test-convergence=false top-down=true}, triton-licm, tritongpu-optimize-accumulator-init, tritongpu-hoist-tmem-alloc{hoist-out-of-if=false}, tritongpu-promote-lhs-to-tmem, tritongpu-assign-latencies{num-stages=8}, tritongpu-schedule-loops, tritongpu-automatic-warp-specialization{num-stages=8}, tritongpu-pipeline{dump-intermediate-steps=false num-stages=8}, tritongpu-optimize-partition-warps, tritongpu-combine-tensor-select-and-if, tritongpu-hoist-tmem-alloc{hoist-out-of-if=true}, triton-nvidia-gpu-remove-tmem-tokens, canonicalize{  max-iterations=10 max-num-rewrites=-1 region-simplify=normal test-convergence=false top-down=true}, triton-loop-aware-cse, tritongpu-prefetch, tritongpu-optimize-dot-operands{hoist-layout-conversion=true}, tritongpu-coalesce-async-copy, triton-nvidia-optimize-tmem-layouts, triton-nvidia-tma-lowering, tritongpu-remove-layout-conversions, triton-nvidia-interleave-tmem, tritongpu-reduce-data-duplication, tritongpu-reorder-instructions, triton-loop-aware-cse, symbol-dce, triton-nvidia-gpu-fence-insertion{compute-capability=100}, triton-nvidia-mma-lowering, sccp, cse, canonicalize{  max-iterations=10 max-num-rewrites=-1 region-simplify=normal test-convergence=false top-down=true})",
      disable_threading: true,
      verify_each: true
    }
  }
#-}
/tmp/torchinductor_jongsokchoi/zk/czk4kqobcoyphr3tyfsa2opzaauqaf7sh6fsr2nhuomve322ypmv.py:14:0: error: Failures have been detected while processing an MLIR pass pipeline
/tmp/torchinductor_jongsokchoi/zk/czk4kqobcoyphr3tyfsa2opzaauqaf7sh6fsr2nhuomve322ypmv.py:14:0: note: Pipeline failed while executing [`TritonGPUAutomaticWarpSpecialization` on 'builtin.module' operation, `NVWSInsertAref` on 'builtin.module' operation]: reproducer generated at `std::errs, please share the reproducer above with Triton project.`
Benchmarking exploring neighbors 100% ━━━━━━━━━━━━━━━━━━━━━━━━━━ 1/1 - configs/s
[AOT measure] Config 1/31: invalid (inf timing)
Benchmarking exploring neighbors 100% ━━━━━━━━━━━━━━━━━━━━━━━━━━ 1/1 - configs/s
[AOT measure] Config 2/31: 1.1981ms
Benchmarking exploring neighbors 100% ━━━━━━━━━━━━━━━━━━━━━━━━━━ 1/1 - configs/s
[AOT measure] Config 3/31: 0.1987ms
Benchmarking exploring neighbors 100% ━━━━━━━━━━━━━━━━━━━━━━━━━━ 1/1 - configs/s
[AOT measure] Config 4/31: 0.1332ms
Benchmarking exploring neighbors 100% ━━━━━━━━━━━━━━━━━━━━━━━━━━ 1/1 - configs/s
[AOT measure] Config 5/31: 0.2028ms
Benchmarking exploring neighbors 100% ━━━━━━━━━━━━━━━━━━━━━━━━━━ 1/1 - configs/s
[AOT measure] Config 6/31: 0.0738ms
Benchmarking exploring neighbors 100% ━━━━━━━━━━━━━━━━━━━━━━━━━━ 1/1 - configs/s
[AOT measure] Config 7/31: 0.1268ms
Benchmarking exploring neighbors 100% ━━━━━━━━━━━━━━━━━━━━━━━━━━ 1/1 - configs/s
[AOT measure] Config 8/31: 0.0942ms
Benchmarking exploring neighbors 100% ━━━━━━━━━━━━━━━━━━━━━━━━━━ 1/1 - configs/s
[AOT measure] Config 9/31: 0.0614ms
Benchmarking exploring neighbors 100% ━━━━━━━━━━━━━━━━━━━━━━━━━━ 1/1 - configs/s
[AOT measure] Config 10/31: 0.0778ms
Benchmarking exploring neighbors 100% ━━━━━━━━━━━━━━━━━━━━━━━━━━ 1/1 - configs/s
[AOT measure] Config 11/31: 0.0614ms
Benchmarking exploring neighbors 100% ━━━━━━━━━━━━━━━━━━━━━━━━━━ 1/1 - configs/s
[AOT measure] Config 12/31: 0.0637ms
Benchmarking exploring neighbors 100% ━━━━━━━━━━━━━━━━━━━━━━━━━━ 1/1 - configs/s
[AOT measure] Config 13/31: 0.0553ms
Benchmarking exploring neighbors 100% ━━━━━━━━━━━━━━━━━━━━━━━━━━ 1/1 - configs/s
[AOT measure] Config 14/31: 0.0635ms
Benchmarking exploring neighbors 100% ━━━━━━━━━━━━━━━━━━━━━━━━━━ 1/1 - configs/s
[AOT measure] Config 15/31: 0.0532ms
Benchmarking exploring neighbors 100% ━━━━━━━━━━━━━━━━━━━━━━━━━━ 1/1 - configs/s
[AOT measure] Config 16/31: 0.0594ms
Benchmarking exploring neighbors 100% ━━━━━━━━━━━━━━━━━━━━━━━━━━ 1/1 - configs/s
[AOT measure] Config 17/31: 0.0594ms
Benchmarking exploring neighbors 100% ━━━━━━━━━━━━━━━━━━━━━━━━━━ 1/1 - configs/s
[AOT measure] Config 18/31: 0.0574ms
Benchmarking exploring neighbors 100% ━━━━━━━━━━━━━━━━━━━━━━━━━━ 1/1 - configs/s
[AOT measure] Config 19/31: 0.0614ms
Benchmarking exploring neighbors 100% ━━━━━━━━━━━━━━━━━━━━━━━━━━ 1/1 - configs/s
[AOT measure] Config 20/31: 0.0573ms
Benchmarking exploring neighbors 100% ━━━━━━━━━━━━━━━━━━━━━━━━━━ 1/1 - configs/s
[AOT measure] Config 21/31: 0.0594ms
Benchmarking exploring neighbors 100% ━━━━━━━━━━━━━━━━━━━━━━━━━━ 1/1 - configs/s
[AOT measure] Config 22/31: 0.0613ms
Benchmarking exploring neighbors 100% ━━━━━━━━━━━━━━━━━━━━━━━━━━ 1/1 - configs/s
[AOT measure] Config 23/31: 0.0594ms
Benchmarking exploring neighbors 100% ━━━━━━━━━━━━━━━━━━━━━━━━━━ 1/1 - configs/s
[AOT measure] Config 24/31: 0.0594ms
Benchmarking exploring neighbors 100% ━━━━━━━━━━━━━━━━━━━━━━━━━━ 1/1 - configs/s
[AOT measure] Config 25/31: 0.0553ms
Benchmarking exploring neighbors 100% ━━━━━━━━━━━━━━━━━━━━━━━━━━ 1/1 - configs/s
[AOT measure] Config 26/31: 0.0573ms
Benchmarking exploring neighbors 100% ━━━━━━━━━━━━━━━━━━━━━━━━━━ 1/1 - configs/s
[AOT measure] Config 27/31: 0.0553ms
Benchmarking exploring neighbors 100% ━━━━━━━━━━━━━━━━━━━━━━━━━━ 1/1 - configs/s
[AOT measure] Config 28/31: 0.0573ms
Benchmarking exploring neighbors 100% ━━━━━━━━━━━━━━━━━━━━━━━━━━ 1/1 - configs/s
[AOT measure] Config 29/31: 0.0532ms
Benchmarking exploring neighbors 100% ━━━━━━━━━━━━━━━━━━━━━━━━━━ 1/1 - configs/s
[AOT measure] Config 30/31: 0.0612ms
Benchmarking exploring neighbors 100% ━━━━━━━━━━━━━━━━━━━━━━━━━━ 1/1 - configs/s
[AOT measure] Config 31/31: 0.0595ms
[AOT measure] Completed: 30/31 configs succeeded
  3712x3712 @ 3712x3712 done
[0s] Autotune random seed: 3891572246
[AOT measure] Testing 31 configs for fp8_gemm shape_hash=9a885ab1
module {
  tt.func public @_helion_fp8_gemm(%arg0: !tt.ptr<f8E4M3FN> {tt.divisibility = 16 : i32}, %arg1: !tt.ptr<f8E4M3FN> {tt.divisibility = 16 : i32}, %arg2: !tt.ptr<f16> {tt.divisibility = 16 : i32}) attributes {noinline = false} {
    %c1920_i32 = arith.constant 1920 : i32
    %c256_i32 = arith.constant 256 : i32
    %c3840_i32 = arith.constant 3840 : i32
    %c0_i32 = arith.constant 0 : i32
    %cst = arith.constant dense<3840> : tensor<256x1xi32>
    %cst_0 = arith.constant dense<3840> : tensor<16x1xi32>
    %cst_1 = arith.constant dense<0.000000e+00> : tensor<16x32xf32>
    %c32_i32 = arith.constant 32 : i32
    %c16_i32 = arith.constant 16 : i32
    %c240_i32 = arith.constant 240 : i32
    %0 = tt.get_program_id x : i32
    %1 = arith.divsi %0, %c1920_i32 : i32
    %2 = arith.muli %1, %c16_i32 : i32
    %3 = arith.subi %c240_i32, %2 : i32
    %4 = arith.minsi %3, %c16_i32 : i32
    %5 = arith.remsi %0, %c1920_i32 : i32
    %6 = arith.remsi %5, %4 : i32
    %7 = arith.addi %2, %6 : i32
    %8 = arith.divsi %5, %4 : i32
    %9 = arith.muli %7, %c16_i32 : i32
    %10 = tt.make_range {end = 16 : i32, start = 0 : i32} : tensor<16xi32>
    %11 = tt.splat %9 : i32 -> tensor<16xi32>
    %12 = arith.addi %11, %10 : tensor<16xi32>
    %13 = arith.muli %8, %c32_i32 : i32
    %14 = tt.make_range {end = 32 : i32, start = 0 : i32} : tensor<32xi32>
    %15 = tt.splat %13 : i32 -> tensor<32xi32>
    %16 = arith.addi %15, %14 : tensor<32xi32>
    %17 = scf.for %arg3 = %c0_i32 to %c3840_i32 step %c256_i32 iter_args(%arg4 = %cst_1) -> (tensor<16x32xf32>)  : i32 {
      %27 = tt.make_range {end = 256 : i32, start = 0 : i32} : tensor<256xi32>
      %28 = tt.splat %arg3 : i32 -> tensor<256xi32>
      %29 = arith.addi %28, %27 : tensor<256xi32>
      %30 = tt.expand_dims %12 {axis = 1 : i32} : tensor<16xi32> -> tensor<16x1xi32>
      %31 = arith.muli %30, %cst_0 : tensor<16x1xi32>
      %32 = tt.expand_dims %29 {axis = 0 : i32} : tensor<256xi32> -> tensor<1x256xi32>
      %33 = tt.broadcast %31 : tensor<16x1xi32> -> tensor<16x256xi32>
      %34 = tt.broadcast %32 : tensor<1x256xi32> -> tensor<16x256xi32>
      %35 = arith.addi %33, %34 : tensor<16x256xi32>
      %36 = tt.splat %arg0 : !tt.ptr<f8E4M3FN> -> tensor<16x256x!tt.ptr<f8E4M3FN>>
      %37 = tt.addptr %36, %35 : tensor<16x256x!tt.ptr<f8E4M3FN>>, tensor<16x256xi32>
      %38 = tt.load %37 evictionPolicy = evict_last : tensor<16x256x!tt.ptr<f8E4M3FN>>
      %39 = tt.expand_dims %29 {axis = 1 : i32} : tensor<256xi32> -> tensor<256x1xi32>
      %40 = arith.muli %39, %cst : tensor<256x1xi32>
      %41 = tt.expand_dims %16 {axis = 0 : i32} : tensor<32xi32> -> tensor<1x32xi32>
      %42 = tt.broadcast %40 : tensor<256x1xi32> -> tensor<256x32xi32>
      %43 = tt.broadcast %41 : tensor<1x32xi32> -> tensor<256x32xi32>
      %44 = arith.addi %42, %43 : tensor<256x32xi32>
      %45 = tt.splat %arg1 : !tt.ptr<f8E4M3FN> -> tensor<256x32x!tt.ptr<f8E4M3FN>>
      %46 = tt.addptr %45, %44 : tensor<256x32x!tt.ptr<f8E4M3FN>>, tensor<256x32xi32>
      %47 = tt.load %46 : tensor<256x32x!tt.ptr<f8E4M3FN>>
      %48 = tt.dot %38, %47, %arg4, inputPrecision = tf32 : tensor<16x256xf8E4M3FN> * tensor<256x32xf8E4M3FN> -> tensor<16x32xf32>
      scf.yield %48 : tensor<16x32xf32>
    } {tt.loop_unroll_factor = 1 : i32, tt.num_stages = 1 : i32, tt.warp_specialize}
    %18 = arith.truncf %17 : tensor<16x32xf32> to tensor<16x32xf16>
    %19 = tt.expand_dims %12 {axis = 1 : i32} : tensor<16xi32> -> tensor<16x1xi32>
    %20 = arith.muli %19, %cst_0 : tensor<16x1xi32>
    %21 = tt.expand_dims %16 {axis = 0 : i32} : tensor<32xi32> -> tensor<1x32xi32>
    %22 = tt.broadcast %20 : tensor<16x1xi32> -> tensor<16x32xi32>
    %23 = tt.broadcast %21 : tensor<1x32xi32> -> tensor<16x32xi32>
    %24 = arith.addi %22, %23 : tensor<16x32xi32>
    %25 = tt.splat %arg2 : !tt.ptr<f16> -> tensor<16x32x!tt.ptr<f16>>
    %26 = tt.addptr %25, %24 : tensor<16x32x!tt.ptr<f16>>, tensor<16x32xi32>
    tt.store %26, %18 : tensor<16x32x!tt.ptr<f16>>
    tt.return
  }
}

{-#
  external_resources: {
    mlir_reproducer: {
      pipeline: "builtin.module(convert-triton-to-tritongpu{enable-source-remat=false num-ctas=1 num-warps=4 target=cuda:100 threads-per-warp=32}, tritongpu-coalesce, tritongpu-F32DotTC{emu-tf32=true}, triton-nvidia-gpu-plan-cta, tritongpu-remove-layout-conversions, tritongpu-optimize-thread-locality, tritongpu-accelerate-matmul, tritongpu-remove-layout-conversions, tritongpu-optimize-dot-operands{hoist-layout-conversion=true}, triton-nvidia-optimize-descriptor-encoding, triton-loop-aware-cse, tritongpu-fuse-nested-loops, canonicalize{  max-iterations=10 max-num-rewrites=-1 region-simplify=normal test-convergence=false top-down=true}, triton-licm, tritongpu-optimize-accumulator-init, tritongpu-hoist-tmem-alloc{hoist-out-of-if=false}, tritongpu-promote-lhs-to-tmem, tritongpu-assign-latencies{num-stages=8}, tritongpu-schedule-loops, tritongpu-automatic-warp-specialization{num-stages=8}, tritongpu-pipeline{dump-intermediate-steps=false num-stages=8}, tritongpu-optimize-partition-warps, tritongpu-combine-tensor-select-and-if, tritongpu-hoist-tmem-alloc{hoist-out-of-if=true}, triton-nvidia-gpu-remove-tmem-tokens, canonicalize{  max-iterations=10 max-num-rewrites=-1 region-simplify=normal test-convergence=false top-down=true}, triton-loop-aware-cse, tritongpu-prefetch, tritongpu-optimize-dot-operands{hoist-layout-conversion=true}, tritongpu-coalesce-async-copy, triton-nvidia-optimize-tmem-layouts, triton-nvidia-tma-lowering, tritongpu-remove-layout-conversions, triton-nvidia-interleave-tmem, tritongpu-reduce-data-duplication, tritongpu-reorder-instructions, triton-loop-aware-cse, symbol-dce, triton-nvidia-gpu-fence-insertion{compute-capability=100}, triton-nvidia-mma-lowering, sccp, cse, canonicalize{  max-iterations=10 max-num-rewrites=-1 region-simplify=normal test-convergence=false top-down=true})",
      disable_threading: true,
      verify_each: true
    }
  }
#-}
/tmp/torchinductor_jongsokchoi/xb/cxbtuoum3nyojennsdu2g3x26g7m3g6brieme3agal7gpfbsys5k.py:14:0: error: Failures have been detected while processing an MLIR pass pipeline
/tmp/torchinductor_jongsokchoi/xb/cxbtuoum3nyojennsdu2g3x26g7m3g6brieme3agal7gpfbsys5k.py:14:0: note: Pipeline failed while executing [`TritonGPUAutomaticWarpSpecialization` on 'builtin.module' operation, `NVWSInsertAref` on 'builtin.module' operation]: reproducer generated at `std::errs, please share the reproducer above with Triton project.`
Benchmarking exploring neighbors 100% ━━━━━━━━━━━━━━━━━━━━━━━━━━ 1/1 - configs/s
[AOT measure] Config 1/31: invalid (inf timing)
Benchmarking exploring neighbors 100% ━━━━━━━━━━━━━━━━━━━━━━━━━━ 1/1 - configs/s
[AOT measure] Config 2/31: 1.3241ms
Benchmarking exploring neighbors 100% ━━━━━━━━━━━━━━━━━━━━━━━━━━ 1/1 - configs/s
[AOT measure] Config 3/31: 0.2170ms
Benchmarking exploring neighbors 100% ━━━━━━━━━━━━━━━━━━━━━━━━━━ 1/1 - configs/s
[AOT measure] Config 4/31: 0.1476ms
Benchmarking exploring neighbors 100% ━━━━━━━━━━━━━━━━━━━━━━━━━━ 1/1 - configs/s
[AOT measure] Config 5/31: 0.2150ms
Benchmarking exploring neighbors 100% ━━━━━━━━━━━━━━━━━━━━━━━━━━ 1/1 - configs/s
[AOT measure] Config 6/31: 0.0828ms
Benchmarking exploring neighbors 100% ━━━━━━━━━━━━━━━━━━━━━━━━━━ 1/1 - configs/s
[AOT measure] Config 7/31: 0.1393ms
Benchmarking exploring neighbors 100% ━━━━━━━━━━━━━━━━━━━━━━━━━━ 1/1 - configs/s
[AOT measure] Config 8/31: 0.1127ms
Benchmarking exploring neighbors 100% ━━━━━━━━━━━━━━━━━━━━━━━━━━ 1/1 - configs/s
[AOT measure] Config 9/31: 0.0758ms
Benchmarking exploring neighbors 100% ━━━━━━━━━━━━━━━━━━━━━━━━━━ 1/1 - configs/s
[AOT measure] Config 10/31: 0.0881ms
Benchmarking exploring neighbors 100% ━━━━━━━━━━━━━━━━━━━━━━━━━━ 1/1 - configs/s
[AOT measure] Config 11/31: 0.0758ms
Benchmarking exploring neighbors 100% ━━━━━━━━━━━━━━━━━━━━━━━━━━ 1/1 - configs/s
[AOT measure] Config 12/31: 0.0798ms
Benchmarking exploring neighbors 100% ━━━━━━━━━━━━━━━━━━━━━━━━━━ 1/1 - configs/s
[AOT measure] Config 13/31: 0.0697ms
Benchmarking exploring neighbors 100% ━━━━━━━━━━━━━━━━━━━━━━━━━━ 1/1 - configs/s
[AOT measure] Config 14/31: 0.0819ms
Benchmarking exploring neighbors 100% ━━━━━━━━━━━━━━━━━━━━━━━━━━ 1/1 - configs/s
[AOT measure] Config 15/31: 0.0676ms
Benchmarking exploring neighbors 100% ━━━━━━━━━━━━━━━━━━━━━━━━━━ 1/1 - configs/s
[AOT measure] Config 16/31: 0.0737ms
Benchmarking exploring neighbors 100% ━━━━━━━━━━━━━━━━━━━━━━━━━━ 1/1 - configs/s
[AOT measure] Config 17/31: 0.0614ms
Benchmarking exploring neighbors 100% ━━━━━━━━━━━━━━━━━━━━━━━━━━ 1/1 - configs/s
[AOT measure] Config 18/31: 0.0594ms
Benchmarking exploring neighbors 100% ━━━━━━━━━━━━━━━━━━━━━━━━━━ 1/1 - configs/s
[AOT measure] Config 19/31: 0.0614ms
Benchmarking exploring neighbors 100% ━━━━━━━━━━━━━━━━━━━━━━━━━━ 1/1 - configs/s
[AOT measure] Config 20/31: 0.0717ms
Benchmarking exploring neighbors 100% ━━━━━━━━━━━━━━━━━━━━━━━━━━ 1/1 - configs/s
[AOT measure] Config 21/31: 0.0594ms
Benchmarking exploring neighbors 100% ━━━━━━━━━━━━━━━━━━━━━━━━━━ 1/1 - configs/s
[AOT measure] Config 22/31: 0.0614ms
Benchmarking exploring neighbors 100% ━━━━━━━━━━━━━━━━━━━━━━━━━━ 1/1 - configs/s
[AOT measure] Config 23/31: 0.0614ms
Benchmarking exploring neighbors 100% ━━━━━━━━━━━━━━━━━━━━━━━━━━ 1/1 - configs/s
[AOT measure] Config 24/31: 0.0738ms
Benchmarking exploring neighbors 100% ━━━━━━━━━━━━━━━━━━━━━━━━━━ 1/1 - configs/s
[AOT measure] Config 25/31: 0.0677ms
Benchmarking exploring neighbors 100% ━━━━━━━━━━━━━━━━━━━━━━━━━━ 1/1 - configs/s
[AOT measure] Config 26/31: 0.0594ms
Benchmarking exploring neighbors 100% ━━━━━━━━━━━━━━━━━━━━━━━━━━ 1/1 - configs/s
[AOT measure] Config 27/31: 0.0696ms
Benchmarking exploring neighbors 100% ━━━━━━━━━━━━━━━━━━━━━━━━━━ 1/1 - configs/s
[AOT measure] Config 28/31: 0.0696ms
Benchmarking exploring neighbors 100% ━━━━━━━━━━━━━━━━━━━━━━━━━━ 1/1 - configs/s
[AOT measure] Config 29/31: 0.0574ms
Benchmarking exploring neighbors 100% ━━━━━━━━━━━━━━━━━━━━━━━━━━ 1/1 - configs/s
[AOT measure] Config 30/31: 0.0614ms
Benchmarking exploring neighbors 100% ━━━━━━━━━━━━━━━━━━━━━━━━━━ 1/1 - configs/s
[AOT measure] Config 31/31: 0.0615ms
[AOT measure] Completed: 30/31 configs succeeded
  3840x3840 @ 3840x3840 done
[0s] Autotune random seed: 3891572246
[AOT measure] Testing 31 configs for fp8_gemm shape_hash=243b0b1b
module {
  tt.func public @_helion_fp8_gemm(%arg0: !tt.ptr<f8E4M3FN> {tt.divisibility = 16 : i32}, %arg1: !tt.ptr<f8E4M3FN> {tt.divisibility = 16 : i32}, %arg2: !tt.ptr<f16> {tt.divisibility = 16 : i32}) attributes {noinline = false} {
    %c1984_i32 = arith.constant 1984 : i32
    %cst = arith.constant dense<0.000000e+00> : tensor<256x32xf8E4M3FN>
    %cst_0 = arith.constant dense<0.000000e+00> : tensor<16x256xf8E4M3FN>
    %c256_i32 = arith.constant 256 : i32
    %c3968_i32 = arith.constant 3968 : i32
    %c0_i32 = arith.constant 0 : i32
    %cst_1 = arith.constant dense<3968> : tensor<256x1xi32>
    %cst_2 = arith.constant dense<3968> : tensor<16x1xi32>
    %cst_3 = arith.constant dense<3968> : tensor<256xi32>
    %cst_4 = arith.constant dense<0.000000e+00> : tensor<16x32xf32>
    %c32_i32 = arith.constant 32 : i32
    %c16_i32 = arith.constant 16 : i32
    %c248_i32 = arith.constant 248 : i32
    %0 = tt.get_program_id x : i32
    %1 = arith.divsi %0, %c1984_i32 : i32
    %2 = arith.muli %1, %c16_i32 : i32
    %3 = arith.subi %c248_i32, %2 : i32
    %4 = arith.minsi %3, %c16_i32 : i32
    %5 = arith.remsi %0, %c1984_i32 : i32
    %6 = arith.remsi %5, %4 : i32
    %7 = arith.addi %2, %6 : i32
    %8 = arith.divsi %5, %4 : i32
    %9 = arith.muli %7, %c16_i32 : i32
    %10 = tt.make_range {end = 16 : i32, start = 0 : i32} : tensor<16xi32>
    %11 = tt.splat %9 : i32 -> tensor<16xi32>
    %12 = arith.addi %11, %10 : tensor<16xi32>
    %13 = arith.muli %8, %c32_i32 : i32
    %14 = tt.make_range {end = 32 : i32, start = 0 : i32} : tensor<32xi32>
    %15 = tt.splat %13 : i32 -> tensor<32xi32>
    %16 = arith.addi %15, %14 : tensor<32xi32>
    %17 = scf.for %arg3 = %c0_i32 to %c3968_i32 step %c256_i32 iter_args(%arg4 = %cst_4) -> (tensor<16x32xf32>)  : i32 {
      %27 = tt.make_range {end = 256 : i32, start = 0 : i32} : tensor<256xi32>
      %28 = tt.splat %arg3 : i32 -> tensor<256xi32>
      %29 = arith.addi %28, %27 : tensor<256xi32>
      %30 = arith.cmpi slt, %29, %cst_3 : tensor<256xi32>
      %31 = tt.expand_dims %12 {axis = 1 : i32} : tensor<16xi32> -> tensor<16x1xi32>
      %32 = arith.muli %31, %cst_2 : tensor<16x1xi32>
      %33 = tt.expand_dims %29 {axis = 0 : i32} : tensor<256xi32> -> tensor<1x256xi32>
      %34 = tt.broadcast %32 : tensor<16x1xi32> -> tensor<16x256xi32>
      %35 = tt.broadcast %33 : tensor<1x256xi32> -> tensor<16x256xi32>
      %36 = arith.addi %34, %35 : tensor<16x256xi32>
      %37 = tt.splat %arg0 : !tt.ptr<f8E4M3FN> -> tensor<16x256x!tt.ptr<f8E4M3FN>>
      %38 = tt.addptr %37, %36 : tensor<16x256x!tt.ptr<f8E4M3FN>>, tensor<16x256xi32>
      %39 = tt.expand_dims %30 {axis = 0 : i32} : tensor<256xi1> -> tensor<1x256xi1>
      %40 = tt.broadcast %39 : tensor<1x256xi1> -> tensor<16x256xi1>
      %41 = tt.load %38, %40, %cst_0 evictionPolicy = evict_last : tensor<16x256x!tt.ptr<f8E4M3FN>>
      %42 = tt.expand_dims %29 {axis = 1 : i32} : tensor<256xi32> -> tensor<256x1xi32>
      %43 = arith.muli %42, %cst_1 : tensor<256x1xi32>
      %44 = tt.expand_dims %16 {axis = 0 : i32} : tensor<32xi32> -> tensor<1x32xi32>
      %45 = tt.broadcast %43 : tensor<256x1xi32> -> tensor<256x32xi32>
      %46 = tt.broadcast %44 : tensor<1x32xi32> -> tensor<256x32xi32>
      %47 = arith.addi %45, %46 : tensor<256x32xi32>
      %48 = tt.splat %arg1 : !tt.ptr<f8E4M3FN> -> tensor<256x32x!tt.ptr<f8E4M3FN>>
      %49 = tt.addptr %48, %47 : tensor<256x32x!tt.ptr<f8E4M3FN>>, tensor<256x32xi32>
      %50 = tt.expand_dims %30 {axis = 1 : i32} : tensor<256xi1> -> tensor<256x1xi1>
      %51 = tt.broadcast %50 : tensor<256x1xi1> -> tensor<256x32xi1>
      %52 = tt.load %49, %51, %cst : tensor<256x32x!tt.ptr<f8E4M3FN>>
      %53 = tt.dot %41, %52, %arg4, inputPrecision = tf32 : tensor<16x256xf8E4M3FN> * tensor<256x32xf8E4M3FN> -> tensor<16x32xf32>
      scf.yield %53 : tensor<16x32xf32>
    } {tt.loop_unroll_factor = 1 : i32, tt.num_stages = 1 : i32, tt.warp_specialize}
    %18 = arith.truncf %17 : tensor<16x32xf32> to tensor<16x32xf16>
    %19 = tt.expand_dims %12 {axis = 1 : i32} : tensor<16xi32> -> tensor<16x1xi32>
    %20 = arith.muli %19, %cst_2 : tensor<16x1xi32>
    %21 = tt.expand_dims %16 {axis = 0 : i32} : tensor<32xi32> -> tensor<1x32xi32>
    %22 = tt.broadcast %20 : tensor<16x1xi32> -> tensor<16x32xi32>
    %23 = tt.broadcast %21 : tensor<1x32xi32> -> tensor<16x32xi32>
    %24 = arith.addi %22, %23 : tensor<16x32xi32>
    %25 = tt.splat %arg2 : !tt.ptr<f16> -> tensor<16x32x!tt.ptr<f16>>
    %26 = tt.addptr %25, %24 : tensor<16x32x!tt.ptr<f16>>, tensor<16x32xi32>
    tt.store %26, %18 : tensor<16x32x!tt.ptr<f16>>
    tt.return
  }
}

{-#
  external_resources: {
    mlir_reproducer: {
      pipeline: "builtin.module(convert-triton-to-tritongpu{enable-source-remat=false num-ctas=1 num-warps=4 target=cuda:100 threads-per-warp=32}, tritongpu-coalesce, tritongpu-F32DotTC{emu-tf32=true}, triton-nvidia-gpu-plan-cta, tritongpu-remove-layout-conversions, tritongpu-optimize-thread-locality, tritongpu-accelerate-matmul, tritongpu-remove-layout-conversions, tritongpu-optimize-dot-operands{hoist-layout-conversion=true}, triton-nvidia-optimize-descriptor-encoding, triton-loop-aware-cse, tritongpu-fuse-nested-loops, canonicalize{  max-iterations=10 max-num-rewrites=-1 region-simplify=normal test-convergence=false top-down=true}, triton-licm, tritongpu-optimize-accumulator-init, tritongpu-hoist-tmem-alloc{hoist-out-of-if=false}, tritongpu-promote-lhs-to-tmem, tritongpu-assign-latencies{num-stages=8}, tritongpu-schedule-loops, tritongpu-automatic-warp-specialization{num-stages=8}, tritongpu-pipeline{dump-intermediate-steps=false num-stages=8}, tritongpu-optimize-partition-warps, tritongpu-combine-tensor-select-and-if, tritongpu-hoist-tmem-alloc{hoist-out-of-if=true}, triton-nvidia-gpu-remove-tmem-tokens, canonicalize{  max-iterations=10 max-num-rewrites=-1 region-simplify=normal test-convergence=false top-down=true}, triton-loop-aware-cse, tritongpu-prefetch, tritongpu-optimize-dot-operands{hoist-layout-conversion=true}, tritongpu-coalesce-async-copy, triton-nvidia-optimize-tmem-layouts, triton-nvidia-tma-lowering, tritongpu-remove-layout-conversions, triton-nvidia-interleave-tmem, tritongpu-reduce-data-duplication, tritongpu-reorder-instructions, triton-loop-aware-cse, symbol-dce, triton-nvidia-gpu-fence-insertion{compute-capability=100}, triton-nvidia-mma-lowering, sccp, cse, canonicalize{  max-iterations=10 max-num-rewrites=-1 region-simplify=normal test-convergence=false top-down=true})",
      disable_threading: true,
      verify_each: true
    }
  }
#-}
/tmp/torchinductor_jongsokchoi/te/cteny6wtf7ad6pc7mt5ittsooz475snsahbid3eeajsya2vyap5m.py:14:0: error: Failures have been detected while processing an MLIR pass pipeline
/tmp/torchinductor_jongsokchoi/te/cteny6wtf7ad6pc7mt5ittsooz475snsahbid3eeajsya2vyap5m.py:14:0: note: Pipeline failed while executing [`TritonGPUAutomaticWarpSpecialization` on 'builtin.module' operation, `NVWSInsertAref` on 'builtin.module' operation]: reproducer generated at `std::errs, please share the reproducer above with Triton project.`
Benchmarking exploring neighbors 100% ━━━━━━━━━━━━━━━━━━━━━━━━━━ 1/1 - configs/s
[AOT measure] Config 1/31: invalid (inf timing)
Benchmarking exploring neighbors 100% ━━━━━━━━━━━━━━━━━━━━━━━━━━ 1/1 - configs/s
[AOT measure] Config 2/31: 1.4612ms
Benchmarking exploring neighbors 100% ━━━━━━━━━━━━━━━━━━━━━━━━━━ 1/1 - configs/s
[AOT measure] Config 3/31: 0.2356ms
Benchmarking exploring neighbors 100% ━━━━━━━━━━━━━━━━━━━━━━━━━━ 1/1 - configs/s
[AOT measure] Config 4/31: 0.1557ms
Benchmarking exploring neighbors 100% ━━━━━━━━━━━━━━━━━━━━━━━━━━ 1/1 - configs/s
[AOT measure] Config 5/31: 0.2396ms
Benchmarking exploring neighbors 100% ━━━━━━━━━━━━━━━━━━━━━━━━━━ 1/1 - configs/s
[AOT measure] Config 6/31: 0.0880ms
Benchmarking exploring neighbors 100% ━━━━━━━━━━━━━━━━━━━━━━━━━━ 1/1 - configs/s
[AOT measure] Config 7/31: 0.1475ms
Benchmarking exploring neighbors 100% ━━━━━━━━━━━━━━━━━━━━━━━━━━ 1/1 - configs/s
[AOT measure] Config 8/31: 0.1127ms
Benchmarking exploring neighbors 100% ━━━━━━━━━━━━━━━━━━━━━━━━━━ 1/1 - configs/s
[AOT measure] Config 9/31: 0.0779ms
Benchmarking exploring neighbors 100% ━━━━━━━━━━━━━━━━━━━━━━━━━━ 1/1 - configs/s
[AOT measure] Config 10/31: 0.0922ms
Benchmarking exploring neighbors 100% ━━━━━━━━━━━━━━━━━━━━━━━━━━ 1/1 - configs/s
[AOT measure] Config 11/31: 0.0819ms
Benchmarking exploring neighbors 100% ━━━━━━━━━━━━━━━━━━━━━━━━━━ 1/1 - configs/s
[AOT measure] Config 12/31: 0.0840ms
Benchmarking exploring neighbors 100% ━━━━━━━━━━━━━━━━━━━━━━━━━━ 1/1 - configs/s
[AOT measure] Config 13/31: 0.0718ms
Benchmarking exploring neighbors 100% ━━━━━━━━━━━━━━━━━━━━━━━━━━ 1/1 - configs/s
[AOT measure] Config 14/31: 0.0840ms
Benchmarking exploring neighbors 100% ━━━━━━━━━━━━━━━━━━━━━━━━━━ 1/1 - configs/s
[AOT measure] Config 15/31: 0.0696ms
Benchmarking exploring neighbors 100% ━━━━━━━━━━━━━━━━━━━━━━━━━━ 1/1 - configs/s
[AOT measure] Config 16/31: 0.0799ms
Benchmarking exploring neighbors 100% ━━━━━━━━━━━━━━━━━━━━━━━━━━ 1/1 - configs/s
[AOT measure] Config 17/31: 0.0635ms
Benchmarking exploring neighbors 100% ━━━━━━━━━━━━━━━━━━━━━━━━━━ 1/1 - configs/s
[AOT measure] Config 18/31: 0.0614ms
Benchmarking exploring neighbors 100% ━━━━━━━━━━━━━━━━━━━━━━━━━━ 1/1 - configs/s
[AOT measure] Config 19/31: 0.0635ms
Benchmarking exploring neighbors 100% ━━━━━━━━━━━━━━━━━━━━━━━━━━ 1/1 - configs/s
[AOT measure] Config 20/31: 0.0758ms
Benchmarking exploring neighbors 100% ━━━━━━━━━━━━━━━━━━━━━━━━━━ 1/1 - configs/s
[AOT measure] Config 21/31: 0.0634ms
Benchmarking exploring neighbors 100% ━━━━━━━━━━━━━━━━━━━━━━━━━━ 1/1 - configs/s
[AOT measure] Config 22/31: 0.0615ms
Benchmarking exploring neighbors 100% ━━━━━━━━━━━━━━━━━━━━━━━━━━ 1/1 - configs/s
[AOT measure] Config 23/31: 0.0635ms
Benchmarking exploring neighbors 100% ━━━━━━━━━━━━━━━━━━━━━━━━━━ 1/1 - configs/s
[AOT measure] Config 24/31: 0.0799ms
Benchmarking exploring neighbors 100% ━━━━━━━━━━━━━━━━━━━━━━━━━━ 1/1 - configs/s
[AOT measure] Config 25/31: 0.0715ms
Benchmarking exploring neighbors 100% ━━━━━━━━━━━━━━━━━━━━━━━━━━ 1/1 - configs/s
[AOT measure] Config 26/31: 0.0614ms
Benchmarking exploring neighbors 100% ━━━━━━━━━━━━━━━━━━━━━━━━━━ 1/1 - configs/s
[AOT measure] Config 27/31: 0.0717ms
Benchmarking exploring neighbors 100% ━━━━━━━━━━━━━━━━━━━━━━━━━━ 1/1 - configs/s
[AOT measure] Config 28/31: 0.0737ms
Benchmarking exploring neighbors 100% ━━━━━━━━━━━━━━━━━━━━━━━━━━ 1/1 - configs/s
[AOT measure] Config 29/31: 0.0635ms
Benchmarking exploring neighbors 100% ━━━━━━━━━━━━━━━━━━━━━━━━━━ 1/1 - configs/s
[AOT measure] Config 30/31: 0.0614ms
Benchmarking exploring neighbors 100% ━━━━━━━━━━━━━━━━━━━━━━━━━━ 1/1 - configs/s
[AOT measure] Config 31/31: 0.0635ms
[AOT measure] Completed: 30/31 configs succeeded
  3968x3968 @ 3968x3968 done
[0s] Autotune random seed: 3891572246
[AOT measure] Testing 31 configs for fp8_gemm shape_hash=2918d806
module {
  tt.func public @_helion_fp8_gemm(%arg0: !tt.ptr<f8E4M3FN> {tt.divisibility = 16 : i32}, %arg1: !tt.ptr<f8E4M3FN> {tt.divisibility = 16 : i32}, %arg2: !tt.ptr<f16> {tt.divisibility = 16 : i32}) attributes {noinline = false} {
    %c2048_i32 = arith.constant 2048 : i32
    %c256_i32 = arith.constant 256 : i32
    %c4096_i32 = arith.constant 4096 : i32
    %c0_i32 = arith.constant 0 : i32
    %cst = arith.constant dense<4096> : tensor<256x1xi32>
    %cst_0 = arith.constant dense<4096> : tensor<16x1xi32>
    %cst_1 = arith.constant dense<0.000000e+00> : tensor<16x32xf32>
    %c32_i32 = arith.constant 32 : i32
    %c16_i32 = arith.constant 16 : i32
    %0 = tt.get_program_id x : i32
    %1 = arith.divsi %0, %c2048_i32 : i32
    %2 = arith.muli %1, %c16_i32 : i32
    %3 = arith.subi %c256_i32, %2 : i32
    %4 = arith.minsi %3, %c16_i32 : i32
    %5 = arith.remsi %0, %c2048_i32 : i32
    %6 = arith.remsi %5, %4 : i32
    %7 = arith.addi %2, %6 : i32
    %8 = arith.divsi %5, %4 : i32
    %9 = arith.muli %7, %c16_i32 : i32
    %10 = tt.make_range {end = 16 : i32, start = 0 : i32} : tensor<16xi32>
    %11 = tt.splat %9 : i32 -> tensor<16xi32>
    %12 = arith.addi %11, %10 : tensor<16xi32>
    %13 = arith.muli %8, %c32_i32 : i32
    %14 = tt.make_range {end = 32 : i32, start = 0 : i32} : tensor<32xi32>
    %15 = tt.splat %13 : i32 -> tensor<32xi32>
    %16 = arith.addi %15, %14 : tensor<32xi32>
    %17 = scf.for %arg3 = %c0_i32 to %c4096_i32 step %c256_i32 iter_args(%arg4 = %cst_1) -> (tensor<16x32xf32>)  : i32 {
      %27 = tt.make_range {end = 256 : i32, start = 0 : i32} : tensor<256xi32>
      %28 = tt.splat %arg3 : i32 -> tensor<256xi32>
      %29 = arith.addi %28, %27 : tensor<256xi32>
      %30 = tt.expand_dims %12 {axis = 1 : i32} : tensor<16xi32> -> tensor<16x1xi32>
      %31 = arith.muli %30, %cst_0 : tensor<16x1xi32>
      %32 = tt.expand_dims %29 {axis = 0 : i32} : tensor<256xi32> -> tensor<1x256xi32>
      %33 = tt.broadcast %31 : tensor<16x1xi32> -> tensor<16x256xi32>
      %34 = tt.broadcast %32 : tensor<1x256xi32> -> tensor<16x256xi32>
      %35 = arith.addi %33, %34 : tensor<16x256xi32>
      %36 = tt.splat %arg0 : !tt.ptr<f8E4M3FN> -> tensor<16x256x!tt.ptr<f8E4M3FN>>
      %37 = tt.addptr %36, %35 : tensor<16x256x!tt.ptr<f8E4M3FN>>, tensor<16x256xi32>
      %38 = tt.load %37 evictionPolicy = evict_last : tensor<16x256x!tt.ptr<f8E4M3FN>>
      %39 = tt.expand_dims %29 {axis = 1 : i32} : tensor<256xi32> -> tensor<256x1xi32>
      %40 = arith.muli %39, %cst : tensor<256x1xi32>
      %41 = tt.expand_dims %16 {axis = 0 : i32} : tensor<32xi32> -> tensor<1x32xi32>
      %42 = tt.broadcast %40 : tensor<256x1xi32> -> tensor<256x32xi32>
      %43 = tt.broadcast %41 : tensor<1x32xi32> -> tensor<256x32xi32>
      %44 = arith.addi %42, %43 : tensor<256x32xi32>
      %45 = tt.splat %arg1 : !tt.ptr<f8E4M3FN> -> tensor<256x32x!tt.ptr<f8E4M3FN>>
      %46 = tt.addptr %45, %44 : tensor<256x32x!tt.ptr<f8E4M3FN>>, tensor<256x32xi32>
      %47 = tt.load %46 : tensor<256x32x!tt.ptr<f8E4M3FN>>
      %48 = tt.dot %38, %47, %arg4, inputPrecision = tf32 : tensor<16x256xf8E4M3FN> * tensor<256x32xf8E4M3FN> -> tensor<16x32xf32>
      scf.yield %48 : tensor<16x32xf32>
    } {tt.loop_unroll_factor = 1 : i32, tt.num_stages = 1 : i32, tt.warp_specialize}
    %18 = arith.truncf %17 : tensor<16x32xf32> to tensor<16x32xf16>
    %19 = tt.expand_dims %12 {axis = 1 : i32} : tensor<16xi32> -> tensor<16x1xi32>
    %20 = arith.muli %19, %cst_0 : tensor<16x1xi32>
    %21 = tt.expand_dims %16 {axis = 0 : i32} : tensor<32xi32> -> tensor<1x32xi32>
    %22 = tt.broadcast %20 : tensor<16x1xi32> -> tensor<16x32xi32>
    %23 = tt.broadcast %21 : tensor<1x32xi32> -> tensor<16x32xi32>
    %24 = arith.addi %22, %23 : tensor<16x32xi32>
    %25 = tt.splat %arg2 : !tt.ptr<f16> -> tensor<16x32x!tt.ptr<f16>>
    %26 = tt.addptr %25, %24 : tensor<16x32x!tt.ptr<f16>>, tensor<16x32xi32>
    tt.store %26, %18 : tensor<16x32x!tt.ptr<f16>>
    tt.return
  }
}

{-#
  external_resources: {
    mlir_reproducer: {
      pipeline: "builtin.module(convert-triton-to-tritongpu{enable-source-remat=false num-ctas=1 num-warps=4 target=cuda:100 threads-per-warp=32}, tritongpu-coalesce, tritongpu-F32DotTC{emu-tf32=true}, triton-nvidia-gpu-plan-cta, tritongpu-remove-layout-conversions, tritongpu-optimize-thread-locality, tritongpu-accelerate-matmul, tritongpu-remove-layout-conversions, tritongpu-optimize-dot-operands{hoist-layout-conversion=true}, triton-nvidia-optimize-descriptor-encoding, triton-loop-aware-cse, tritongpu-fuse-nested-loops, canonicalize{  max-iterations=10 max-num-rewrites=-1 region-simplify=normal test-convergence=false top-down=true}, triton-licm, tritongpu-optimize-accumulator-init, tritongpu-hoist-tmem-alloc{hoist-out-of-if=false}, tritongpu-promote-lhs-to-tmem, tritongpu-assign-latencies{num-stages=8}, tritongpu-schedule-loops, tritongpu-automatic-warp-specialization{num-stages=8}, tritongpu-pipeline{dump-intermediate-steps=false num-stages=8}, tritongpu-optimize-partition-warps, tritongpu-combine-tensor-select-and-if, tritongpu-hoist-tmem-alloc{hoist-out-of-if=true}, triton-nvidia-gpu-remove-tmem-tokens, canonicalize{  max-iterations=10 max-num-rewrites=-1 region-simplify=normal test-convergence=false top-down=true}, triton-loop-aware-cse, tritongpu-prefetch, tritongpu-optimize-dot-operands{hoist-layout-conversion=true}, tritongpu-coalesce-async-copy, triton-nvidia-optimize-tmem-layouts, triton-nvidia-tma-lowering, tritongpu-remove-layout-conversions, triton-nvidia-interleave-tmem, tritongpu-reduce-data-duplication, tritongpu-reorder-instructions, triton-loop-aware-cse, symbol-dce, triton-nvidia-gpu-fence-insertion{compute-capability=100}, triton-nvidia-mma-lowering, sccp, cse, canonicalize{  max-iterations=10 max-num-rewrites=-1 region-simplify=normal test-convergence=false top-down=true})",
      disable_threading: true,
      verify_each: true
    }
  }
#-}
/tmp/torchinductor_jongsokchoi/hi/chid4rwzqpvozleqbi23pwa3ofmza5f27iaiyrzkz3mhhurks5d4.py:14:0: error: Failures have been detected while processing an MLIR pass pipeline
/tmp/torchinductor_jongsokchoi/hi/chid4rwzqpvozleqbi23pwa3ofmza5f27iaiyrzkz3mhhurks5d4.py:14:0: note: Pipeline failed while executing [`TritonGPUAutomaticWarpSpecialization` on 'builtin.module' operation, `NVWSInsertAref` on 'builtin.module' operation]: reproducer generated at `std::errs, please share the reproducer above with Triton project.`
Benchmarking exploring neighbors 100% ━━━━━━━━━━━━━━━━━━━━━━━━━━ 1/1 - configs/s
[AOT measure] Config 1/31: invalid (inf timing)
Benchmarking exploring neighbors 100% ━━━━━━━━━━━━━━━━━━━━━━━━━━ 1/1 - configs/s
[AOT measure] Config 2/31: 1.6005ms
Benchmarking exploring neighbors 100% ━━━━━━━━━━━━━━━━━━━━━━━━━━ 1/1 - configs/s
[AOT measure] Config 3/31: 0.2847ms
Benchmarking exploring neighbors 100% ━━━━━━━━━━━━━━━━━━━━━━━━━━ 1/1 - configs/s
[AOT measure] Config 4/31: 0.1700ms
Benchmarking exploring neighbors 100% ━━━━━━━━━━━━━━━━━━━━━━━━━━ 1/1 - configs/s
[AOT measure] Config 5/31: 0.2726ms
Benchmarking exploring neighbors 100% ━━━━━━━━━━━━━━━━━━━━━━━━━━ 1/1 - configs/s
[AOT measure] Config 6/31: 0.0901ms
Benchmarking exploring neighbors 100% ━━━━━━━━━━━━━━━━━━━━━━━━━━ 1/1 - configs/s
[AOT measure] Config 7/31: 0.1578ms
Benchmarking exploring neighbors 100% ━━━━━━━━━━━━━━━━━━━━━━━━━━ 1/1 - configs/s
[AOT measure] Config 8/31: 0.1227ms
Benchmarking exploring neighbors 100% ━━━━━━━━━━━━━━━━━━━━━━━━━━ 1/1 - configs/s
[AOT measure] Config 9/31: 0.0819ms
Benchmarking exploring neighbors 100% ━━━━━━━━━━━━━━━━━━━━━━━━━━ 1/1 - configs/s
[AOT measure] Config 10/31: 0.0942ms
Benchmarking exploring neighbors 100% ━━━━━━━━━━━━━━━━━━━━━━━━━━ 1/1 - configs/s
[AOT measure] Config 11/31: 0.0820ms
Benchmarking exploring neighbors 100% ━━━━━━━━━━━━━━━━━━━━━━━━━━ 1/1 - configs/s
[AOT measure] Config 12/31: 0.0839ms
Benchmarking exploring neighbors 100% ━━━━━━━━━━━━━━━━━━━━━━━━━━ 1/1 - configs/s
[AOT measure] Config 13/31: 0.0738ms
Benchmarking exploring neighbors 100% ━━━━━━━━━━━━━━━━━━━━━━━━━━ 1/1 - configs/s
[AOT measure] Config 14/31: 0.0860ms
Benchmarking exploring neighbors 100% ━━━━━━━━━━━━━━━━━━━━━━━━━━ 1/1 - configs/s
[AOT measure] Config 15/31: 0.0737ms
Benchmarking exploring neighbors 100% ━━━━━━━━━━━━━━━━━━━━━━━━━━ 1/1 - configs/s
[AOT measure] Config 16/31: 0.0820ms
Benchmarking exploring neighbors 100% ━━━━━━━━━━━━━━━━━━━━━━━━━━ 1/1 - configs/s
[AOT measure] Config 17/31: 0.0655ms
Benchmarking exploring neighbors 100% ━━━━━━━━━━━━━━━━━━━━━━━━━━ 1/1 - configs/s
[AOT measure] Config 18/31: 0.0635ms
Benchmarking exploring neighbors 100% ━━━━━━━━━━━━━━━━━━━━━━━━━━ 1/1 - configs/s
[AOT measure] Config 19/31: 0.0655ms
Benchmarking exploring neighbors 100% ━━━━━━━━━━━━━━━━━━━━━━━━━━ 1/1 - configs/s
[AOT measure] Config 20/31: 0.0779ms
Benchmarking exploring neighbors 100% ━━━━━━━━━━━━━━━━━━━━━━━━━━ 1/1 - configs/s
[AOT measure] Config 21/31: 0.0635ms
Benchmarking exploring neighbors 100% ━━━━━━━━━━━━━━━━━━━━━━━━━━ 1/1 - configs/s
[AOT measure] Config 22/31: 0.0635ms
Benchmarking exploring neighbors 100% ━━━━━━━━━━━━━━━━━━━━━━━━━━ 1/1 - configs/s
[AOT measure] Config 23/31: 0.0635ms
Benchmarking exploring neighbors 100% ━━━━━━━━━━━━━━━━━━━━━━━━━━ 1/1 - configs/s
[AOT measure] Config 24/31: 0.0829ms
Benchmarking exploring neighbors 100% ━━━━━━━━━━━━━━━━━━━━━━━━━━ 1/1 - configs/s
[AOT measure] Config 25/31: 0.0717ms
Benchmarking exploring neighbors 100% ━━━━━━━━━━━━━━━━━━━━━━━━━━ 1/1 - configs/s
[AOT measure] Config 26/31: 0.0635ms
Benchmarking exploring neighbors 100% ━━━━━━━━━━━━━━━━━━━━━━━━━━ 1/1 - configs/s
[AOT measure] Config 27/31: 0.0737ms
Benchmarking exploring neighbors 100% ━━━━━━━━━━━━━━━━━━━━━━━━━━ 1/1 - configs/s
[AOT measure] Config 28/31: 0.0758ms
Benchmarking exploring neighbors 100% ━━━━━━━━━━━━━━━━━━━━━━━━━━ 1/1 - configs/s
[AOT measure] Config 29/31: 0.0635ms
Benchmarking exploring neighbors 100% ━━━━━━━━━━━━━━━━━━━━━━━━━━ 1/1 - configs/s
[AOT measure] Config 30/31: 0.0635ms
Benchmarking exploring neighbors 100% ━━━━━━━━━━━━━━━━━━━━━━━━━━ 1/1 - configs/s
[AOT measure] Config 31/31: 0.0655ms
[AOT measure] Completed: 30/31 configs succeeded
  4096x4096 @ 4096x4096 done

# Finished: 2026-05-02T02:19:58.791750
# Return code: 0
