kernel_name,shape_hash,config_hash,config,shape_features,timing_ms
layer_norm,e729f459b57a68e6,0531906226c3040e,"{""block_sizes"": [1], ""reduction_loops"": [4096], ""range_unroll_factors"": [0], ""range_warp_specializes"": [null], ""range_num_stages"": [0], ""range_multi_buffers"": [null], ""range_flattens"": [null], ""load_eviction_policies"": [""last"", """", ""first"", """", """", """", """", ""last""], ""num_warps"": 16, ""num_stages"": 5, ""indexing"": [""pointer"", ""pointer"", ""pointer"", ""pointer"", ""pointer"", ""pointer"", ""tensor_descriptor"", ""pointer"", ""pointer"", ""tensor_descriptor""], ""pid_type"": ""flat""}","{""arg0_ndim"": 2, ""arg0_dim0"": 4096, ""arg0_dim1"": 1024, ""arg0_numel"": 4194304, ""arg0_dtype"": ""torch.float16"", ""arg0_dtype_size"": 2, ""arg0_dtype_cat"": 2, ""arg1_ndim"": 1, ""arg1_dim0"": 1024, ""arg1_numel"": 1024, ""arg1_dtype"": ""torch.float16"", ""arg1_dtype_size"": 2, ""arg1_dtype_cat"": 2, ""arg2_ndim"": 1, ""arg2_dim0"": 1024, ""arg2_numel"": 1024, ""arg2_dtype"": ""torch.float16"", ""arg2_dtype_size"": 2, ""arg2_dtype_cat"": 2}",0.024646930636858
layer_norm,8baf0dd224ad9805,0531906226c3040e,"{""block_sizes"": [1], ""reduction_loops"": [4096], ""range_unroll_factors"": [0], ""range_warp_specializes"": [null], ""range_num_stages"": [0], ""range_multi_buffers"": [null], ""range_flattens"": [null], ""load_eviction_policies"": [""last"", """", ""first"", """", """", """", """", ""last""], ""num_warps"": 16, ""num_stages"": 5, ""indexing"": [""pointer"", ""pointer"", ""pointer"", ""pointer"", ""pointer"", ""pointer"", ""tensor_descriptor"", ""pointer"", ""pointer"", ""tensor_descriptor""], ""pid_type"": ""flat""}","{""arg0_ndim"": 2, ""arg0_dim0"": 4096, ""arg0_dim1"": 2048, ""arg0_numel"": 8388608, ""arg0_dtype"": ""torch.float16"", ""arg0_dtype_size"": 2, ""arg0_dtype_cat"": 2, ""arg1_ndim"": 1, ""arg1_dim0"": 2048, ""arg1_numel"": 2048, ""arg1_dtype"": ""torch.float16"", ""arg1_dtype_size"": 2, ""arg1_dtype_cat"": 2, ""arg2_ndim"": 1, ""arg2_dim0"": 2048, ""arg2_numel"": 2048, ""arg2_dtype"": ""torch.float16"", ""arg2_dtype_size"": 2, ""arg2_dtype_cat"": 2}",0.025194696789734555
layer_norm,734abf833efb1beb,0531906226c3040e,"{""block_sizes"": [1], ""reduction_loops"": [4096], ""range_unroll_factors"": [0], ""range_warp_specializes"": [null], ""range_num_stages"": [0], ""range_multi_buffers"": [null], ""range_flattens"": [null], ""load_eviction_policies"": [""last"", """", ""first"", """", """", """", """", ""last""], ""num_warps"": 16, ""num_stages"": 5, ""indexing"": [""pointer"", ""pointer"", ""pointer"", ""pointer"", ""pointer"", ""pointer"", ""tensor_descriptor"", ""pointer"", ""pointer"", ""tensor_descriptor""], ""pid_type"": ""flat""}","{""arg0_ndim"": 2, ""arg0_dim0"": 4096, ""arg0_dim1"": 3072, ""arg0_numel"": 12582912, ""arg0_dtype"": ""torch.float16"", ""arg0_dtype_size"": 2, ""arg0_dtype_cat"": 2, ""arg1_ndim"": 1, ""arg1_dim0"": 3072, ""arg1_numel"": 3072, ""arg1_dtype"": ""torch.float16"", ""arg1_dtype_size"": 2, ""arg1_dtype_cat"": 2, ""arg2_ndim"": 1, ""arg2_dim0"": 3072, ""arg2_numel"": 3072, ""arg2_dtype"": ""torch.float16"", ""arg2_dtype_size"": 2, ""arg2_dtype_cat"": 2}",0.02665360163998099
layer_norm,821fc5b0706bb961,0531906226c3040e,"{""block_sizes"": [1], ""reduction_loops"": [4096], ""range_unroll_factors"": [0], ""range_warp_specializes"": [null], ""range_num_stages"": [0], ""range_multi_buffers"": [null], ""range_flattens"": [null], ""load_eviction_policies"": [""last"", """", ""first"", """", """", """", """", ""last""], ""num_warps"": 16, ""num_stages"": 5, ""indexing"": [""pointer"", ""pointer"", ""pointer"", ""pointer"", ""pointer"", ""pointer"", ""tensor_descriptor"", ""pointer"", ""pointer"", ""tensor_descriptor""], ""pid_type"": ""flat""}","{""arg0_ndim"": 2, ""arg0_dim0"": 4096, ""arg0_dim1"": 4096, ""arg0_numel"": 16777216, ""arg0_dtype"": ""torch.float16"", ""arg0_dtype_size"": 2, ""arg0_dtype_cat"": 2, ""arg1_ndim"": 1, ""arg1_dim0"": 4096, ""arg1_numel"": 4096, ""arg1_dtype"": ""torch.float16"", ""arg1_dtype_size"": 2, ""arg1_dtype_cat"": 2, ""arg2_ndim"": 1, ""arg2_dim0"": 4096, ""arg2_numel"": 4096, ""arg2_dtype"": ""torch.float16"", ""arg2_dtype_size"": 2, ""arg2_dtype_cat"": 2}",0.028674699500385772
layer_norm,93a74e8591eadff7,0531906226c3040e,"{""block_sizes"": [1], ""reduction_loops"": [4096], ""range_unroll_factors"": [0], ""range_warp_specializes"": [null], ""range_num_stages"": [0], ""range_multi_buffers"": [null], ""range_flattens"": [null], ""load_eviction_policies"": [""last"", """", ""first"", """", """", """", """", ""last""], ""num_warps"": 16, ""num_stages"": 5, ""indexing"": [""pointer"", ""pointer"", ""pointer"", ""pointer"", ""pointer"", ""pointer"", ""tensor_descriptor"", ""pointer"", ""pointer"", ""tensor_descriptor""], ""pid_type"": ""flat""}","{""arg0_ndim"": 2, ""arg0_dim0"": 4096, ""arg0_dim1"": 5120, ""arg0_numel"": 20971520, ""arg0_dtype"": ""torch.float16"", ""arg0_dtype_size"": 2, ""arg0_dtype_cat"": 2, ""arg1_ndim"": 1, ""arg1_dim0"": 5120, ""arg1_numel"": 5120, ""arg1_dtype"": ""torch.float16"", ""arg1_dtype_size"": 2, ""arg1_dtype_cat"": 2, ""arg2_ndim"": 1, ""arg2_dim0"": 5120, ""arg2_numel"": 5120, ""arg2_dtype"": ""torch.float16"", ""arg2_dtype_size"": 2, ""arg2_dtype_cat"": 2}",0.036858394241333005
layer_norm,76dce875a17ac883,0531906226c3040e,"{""block_sizes"": [1], ""reduction_loops"": [4096], ""range_unroll_factors"": [0], ""range_warp_specializes"": [null], ""range_num_stages"": [0], ""range_multi_buffers"": [null], ""range_flattens"": [null], ""load_eviction_policies"": [""last"", """", ""first"", """", """", """", """", ""last""], ""num_warps"": 16, ""num_stages"": 5, ""indexing"": [""pointer"", ""pointer"", ""pointer"", ""pointer"", ""pointer"", ""pointer"", ""tensor_descriptor"", ""pointer"", ""pointer"", ""tensor_descriptor""], ""pid_type"": ""flat""}","{""arg0_ndim"": 2, ""arg0_dim0"": 4096, ""arg0_dim1"": 6144, ""arg0_numel"": 25165824, ""arg0_dtype"": ""torch.float16"", ""arg0_dtype_size"": 2, ""arg0_dtype_cat"": 2, ""arg1_ndim"": 1, ""arg1_dim0"": 6144, ""arg1_numel"": 6144, ""arg1_dtype"": ""torch.float16"", ""arg1_dtype_size"": 2, ""arg1_dtype_cat"": 2, ""arg2_ndim"": 1, ""arg2_dim0"": 6144, ""arg2_numel"": 6144, ""arg2_dtype"": ""torch.float16"", ""arg2_dtype_size"": 2, ""arg2_dtype_cat"": 2}",0.03689710403611622
layer_norm,be1d93123bdcc453,0531906226c3040e,"{""block_sizes"": [1], ""reduction_loops"": [4096], ""range_unroll_factors"": [0], ""range_warp_specializes"": [null], ""range_num_stages"": [0], ""range_multi_buffers"": [null], ""range_flattens"": [null], ""load_eviction_policies"": [""last"", """", ""first"", """", """", """", """", ""last""], ""num_warps"": 16, ""num_stages"": 5, ""indexing"": [""pointer"", ""pointer"", ""pointer"", ""pointer"", ""pointer"", ""pointer"", ""tensor_descriptor"", ""pointer"", ""pointer"", ""tensor_descriptor""], ""pid_type"": ""flat""}","{""arg0_ndim"": 2, ""arg0_dim0"": 4096, ""arg0_dim1"": 7168, ""arg0_numel"": 29360128, ""arg0_dtype"": ""torch.float16"", ""arg0_dtype_size"": 2, ""arg0_dtype_cat"": 2, ""arg1_ndim"": 1, ""arg1_dim0"": 7168, ""arg1_numel"": 7168, ""arg1_dtype"": ""torch.float16"", ""arg1_dtype_size"": 2, ""arg1_dtype_cat"": 2, ""arg2_ndim"": 1, ""arg2_dim0"": 7168, ""arg2_numel"": 7168, ""arg2_dtype"": ""torch.float16"", ""arg2_dtype_size"": 2, ""arg2_dtype_cat"": 2}",0.03689286482621388
layer_norm,91c00f708d3eb2f9,0531906226c3040e,"{""block_sizes"": [1], ""reduction_loops"": [4096], ""range_unroll_factors"": [0], ""range_warp_specializes"": [null], ""range_num_stages"": [0], ""range_multi_buffers"": [null], ""range_flattens"": [null], ""load_eviction_policies"": [""last"", """", ""first"", """", """", """", """", ""last""], ""num_warps"": 16, ""num_stages"": 5, ""indexing"": [""pointer"", ""pointer"", ""pointer"", ""pointer"", ""pointer"", ""pointer"", ""tensor_descriptor"", ""pointer"", ""pointer"", ""tensor_descriptor""], ""pid_type"": ""flat""}","{""arg0_ndim"": 2, ""arg0_dim0"": 4096, ""arg0_dim1"": 8192, ""arg0_numel"": 33554432, ""arg0_dtype"": ""torch.float16"", ""arg0_dtype_size"": 2, ""arg0_dtype_cat"": 2, ""arg1_ndim"": 1, ""arg1_dim0"": 8192, ""arg1_numel"": 8192, ""arg1_dtype"": ""torch.float16"", ""arg1_dtype_size"": 2, ""arg1_dtype_cat"": 2, ""arg2_ndim"": 1, ""arg2_dim0"": 8192, ""arg2_numel"": 8192, ""arg2_dtype"": ""torch.float16"", ""arg2_dtype_size"": 2, ""arg2_dtype_cat"": 2}",0.038329303805434596
layer_norm,88f0b773ab53eaab,0531906226c3040e,"{""block_sizes"": [1], ""reduction_loops"": [4096], ""range_unroll_factors"": [0], ""range_warp_specializes"": [null], ""range_num_stages"": [0], ""range_multi_buffers"": [null], ""range_flattens"": [null], ""load_eviction_policies"": [""last"", """", ""first"", """", """", """", """", ""last""], ""num_warps"": 16, ""num_stages"": 5, ""indexing"": [""pointer"", ""pointer"", ""pointer"", ""pointer"", ""pointer"", ""pointer"", ""tensor_descriptor"", ""pointer"", ""pointer"", ""tensor_descriptor""], ""pid_type"": ""flat""}","{""arg0_ndim"": 2, ""arg0_dim0"": 4096, ""arg0_dim1"": 9216, ""arg0_numel"": 37748736, ""arg0_dtype"": ""torch.float16"", ""arg0_dtype_size"": 2, ""arg0_dtype_cat"": 2, ""arg1_ndim"": 1, ""arg1_dim0"": 9216, ""arg1_numel"": 9216, ""arg1_dtype"": ""torch.float16"", ""arg1_dtype_size"": 2, ""arg1_dtype_cat"": 2, ""arg2_ndim"": 1, ""arg2_dim0"": 9216, ""arg2_numel"": 9216, ""arg2_dtype"": ""torch.float16"", ""arg2_dtype_size"": 2, ""arg2_dtype_cat"": 2}",0.04908336130412001
layer_norm,c118e8d22fe0fdb8,0531906226c3040e,"{""block_sizes"": [1], ""reduction_loops"": [4096], ""range_unroll_factors"": [0], ""range_warp_specializes"": [null], ""range_num_stages"": [0], ""range_multi_buffers"": [null], ""range_flattens"": [null], ""load_eviction_policies"": [""last"", """", ""first"", """", """", """", """", ""last""], ""num_warps"": 16, ""num_stages"": 5, ""indexing"": [""pointer"", ""pointer"", ""pointer"", ""pointer"", ""pointer"", ""pointer"", ""tensor_descriptor"", ""pointer"", ""pointer"", ""tensor_descriptor""], ""pid_type"": ""flat""}","{""arg0_ndim"": 2, ""arg0_dim0"": 4096, ""arg0_dim1"": 10240, ""arg0_numel"": 41943040, ""arg0_dtype"": ""torch.float16"", ""arg0_dtype_size"": 2, ""arg0_dtype_cat"": 2, ""arg1_ndim"": 1, ""arg1_dim0"": 10240, ""arg1_numel"": 10240, ""arg1_dtype"": ""torch.float16"", ""arg1_dtype_size"": 2, ""arg1_dtype_cat"": 2, ""arg2_ndim"": 1, ""arg2_dim0"": 10240, ""arg2_numel"": 10240, ""arg2_dtype"": ""torch.float16"", ""arg2_dtype_size"": 2, ""arg2_dtype_cat"": 2}",0.04919365380354767
layer_norm,048c7f61d5470389,0531906226c3040e,"{""block_sizes"": [1], ""reduction_loops"": [4096], ""range_unroll_factors"": [0], ""range_warp_specializes"": [null], ""range_num_stages"": [0], ""range_multi_buffers"": [null], ""range_flattens"": [null], ""load_eviction_policies"": [""last"", """", ""first"", """", """", """", """", ""last""], ""num_warps"": 16, ""num_stages"": 5, ""indexing"": [""pointer"", ""pointer"", ""pointer"", ""pointer"", ""pointer"", ""pointer"", ""tensor_descriptor"", ""pointer"", ""pointer"", ""tensor_descriptor""], ""pid_type"": ""flat""}","{""arg0_ndim"": 2, ""arg0_dim0"": 4096, ""arg0_dim1"": 11264, ""arg0_numel"": 46137344, ""arg0_dtype"": ""torch.float16"", ""arg0_dtype_size"": 2, ""arg0_dtype_cat"": 2, ""arg1_ndim"": 1, ""arg1_dim0"": 11264, ""arg1_numel"": 11264, ""arg1_dtype"": ""torch.float16"", ""arg1_dtype_size"": 2, ""arg1_dtype_cat"": 2, ""arg2_ndim"": 1, ""arg2_dim0"": 11264, ""arg2_numel"": 11264, ""arg2_dtype"": ""torch.float16"", ""arg2_dtype_size"": 2, ""arg2_dtype_cat"": 2}",0.05100543104724236
layer_norm,c382bfaa9e60ddfe,0531906226c3040e,"{""block_sizes"": [1], ""reduction_loops"": [4096], ""range_unroll_factors"": [0], ""range_warp_specializes"": [null], ""range_num_stages"": [0], ""range_multi_buffers"": [null], ""range_flattens"": [null], ""load_eviction_policies"": [""last"", """", ""first"", """", """", """", """", ""last""], ""num_warps"": 16, ""num_stages"": 5, ""indexing"": [""pointer"", ""pointer"", ""pointer"", ""pointer"", ""pointer"", ""pointer"", ""tensor_descriptor"", ""pointer"", ""pointer"", ""tensor_descriptor""], ""pid_type"": ""flat""}","{""arg0_ndim"": 2, ""arg0_dim0"": 4096, ""arg0_dim1"": 12288, ""arg0_numel"": 50331648, ""arg0_dtype"": ""torch.float16"", ""arg0_dtype_size"": 2, ""arg0_dtype_cat"": 2, ""arg1_ndim"": 1, ""arg1_dim0"": 12288, ""arg1_numel"": 12288, ""arg1_dtype"": ""torch.float16"", ""arg1_dtype_size"": 2, ""arg1_dtype_cat"": 2, ""arg2_ndim"": 1, ""arg2_dim0"": 12288, ""arg2_numel"": 12288, ""arg2_dtype"": ""torch.float16"", ""arg2_dtype_size"": 2, ""arg2_dtype_cat"": 2}",0.05126196913294156
layer_norm,3190fb5e30e5e79c,0531906226c3040e,"{""block_sizes"": [1], ""reduction_loops"": [4096], ""range_unroll_factors"": [0], ""range_warp_specializes"": [null], ""range_num_stages"": [0], ""range_multi_buffers"": [null], ""range_flattens"": [null], ""load_eviction_policies"": [""last"", """", ""first"", """", """", """", """", ""last""], ""num_warps"": 16, ""num_stages"": 5, ""indexing"": [""pointer"", ""pointer"", ""pointer"", ""pointer"", ""pointer"", ""pointer"", ""tensor_descriptor"", ""pointer"", ""pointer"", ""tensor_descriptor""], ""pid_type"": ""flat""}","{""arg0_ndim"": 2, ""arg0_dim0"": 4096, ""arg0_dim1"": 13312, ""arg0_numel"": 54525952, ""arg0_dtype"": ""torch.float16"", ""arg0_dtype_size"": 2, ""arg0_dtype_cat"": 2, ""arg1_ndim"": 1, ""arg1_dim0"": 13312, ""arg1_numel"": 13312, ""arg1_dtype"": ""torch.float16"", ""arg1_dtype_size"": 2, ""arg1_dtype_cat"": 2, ""arg2_ndim"": 1, ""arg2_dim0"": 13312, ""arg2_numel"": 13312, ""arg2_dtype"": ""torch.float16"", ""arg2_dtype_size"": 2, ""arg2_dtype_cat"": 2}",0.059379418541065064
layer_norm,0ffdde8ebdf8ea99,0531906226c3040e,"{""block_sizes"": [1], ""reduction_loops"": [4096], ""range_unroll_factors"": [0], ""range_warp_specializes"": [null], ""range_num_stages"": [0], ""range_multi_buffers"": [null], ""range_flattens"": [null], ""load_eviction_policies"": [""last"", """", ""first"", """", """", """", """", ""last""], ""num_warps"": 16, ""num_stages"": 5, ""indexing"": [""pointer"", ""pointer"", ""pointer"", ""pointer"", ""pointer"", ""pointer"", ""tensor_descriptor"", ""pointer"", ""pointer"", ""tensor_descriptor""], ""pid_type"": ""flat""}","{""arg0_ndim"": 2, ""arg0_dim0"": 4096, ""arg0_dim1"": 14336, ""arg0_numel"": 58720256, ""arg0_dtype"": ""torch.float16"", ""arg0_dtype_size"": 2, ""arg0_dtype_cat"": 2, ""arg1_ndim"": 1, ""arg1_dim0"": 14336, ""arg1_numel"": 14336, ""arg1_dtype"": ""torch.float16"", ""arg1_dtype_size"": 2, ""arg1_dtype_cat"": 2, ""arg2_ndim"": 1, ""arg2_dim0"": 14336, ""arg2_numel"": 14336, ""arg2_dtype"": ""torch.float16"", ""arg2_dtype_size"": 2, ""arg2_dtype_cat"": 2}",0.059505427859074346
layer_norm,c5a7230b2121df07,0531906226c3040e,"{""block_sizes"": [1], ""reduction_loops"": [4096], ""range_unroll_factors"": [0], ""range_warp_specializes"": [null], ""range_num_stages"": [0], ""range_multi_buffers"": [null], ""range_flattens"": [null], ""load_eviction_policies"": [""last"", """", ""first"", """", """", """", """", ""last""], ""num_warps"": 16, ""num_stages"": 5, ""indexing"": [""pointer"", ""pointer"", ""pointer"", ""pointer"", ""pointer"", ""pointer"", ""tensor_descriptor"", ""pointer"", ""pointer"", ""tensor_descriptor""], ""pid_type"": ""flat""}","{""arg0_ndim"": 2, ""arg0_dim0"": 4096, ""arg0_dim1"": 15360, ""arg0_numel"": 62914560, ""arg0_dtype"": ""torch.float16"", ""arg0_dtype_size"": 2, ""arg0_dtype_cat"": 2, ""arg1_ndim"": 1, ""arg1_dim0"": 15360, ""arg1_numel"": 15360, ""arg1_dtype"": ""torch.float16"", ""arg1_dtype_size"": 2, ""arg1_dtype_cat"": 2, ""arg2_ndim"": 1, ""arg2_dim0"": 15360, ""arg2_numel"": 15360, ""arg2_dtype"": ""torch.float16"", ""arg2_dtype_size"": 2, ""arg2_dtype_cat"": 2}",0.06133430638964987
layer_norm,a4fb80c35effe844,0531906226c3040e,"{""block_sizes"": [1], ""reduction_loops"": [4096], ""range_unroll_factors"": [0], ""range_warp_specializes"": [null], ""range_num_stages"": [0], ""range_multi_buffers"": [null], ""range_flattens"": [null], ""load_eviction_policies"": [""last"", """", ""first"", """", """", """", """", ""last""], ""num_warps"": 16, ""num_stages"": 5, ""indexing"": [""pointer"", ""pointer"", ""pointer"", ""pointer"", ""pointer"", ""pointer"", ""tensor_descriptor"", ""pointer"", ""pointer"", ""tensor_descriptor""], ""pid_type"": ""flat""}","{""arg0_ndim"": 2, ""arg0_dim0"": 4096, ""arg0_dim1"": 16384, ""arg0_numel"": 67108864, ""arg0_dtype"": ""torch.float16"", ""arg0_dtype_size"": 2, ""arg0_dtype_cat"": 2, ""arg1_ndim"": 1, ""arg1_dim0"": 16384, ""arg1_numel"": 16384, ""arg1_dtype"": ""torch.float16"", ""arg1_dtype_size"": 2, ""arg1_dtype_cat"": 2, ""arg2_ndim"": 1, ""arg2_dim0"": 16384, ""arg2_numel"": 16384, ""arg2_dtype"": ""torch.float16"", ""arg2_dtype_size"": 2, ""arg2_dtype_cat"": 2}",0.0615038964917273
layer_norm,b09906937947de37,0531906226c3040e,"{""block_sizes"": [1], ""reduction_loops"": [4096], ""range_unroll_factors"": [0], ""range_warp_specializes"": [null], ""range_num_stages"": [0], ""range_multi_buffers"": [null], ""range_flattens"": [null], ""load_eviction_policies"": [""last"", """", ""first"", """", """", """", """", ""last""], ""num_warps"": 16, ""num_stages"": 5, ""indexing"": [""pointer"", ""pointer"", ""pointer"", ""pointer"", ""pointer"", ""pointer"", ""tensor_descriptor"", ""pointer"", ""pointer"", ""tensor_descriptor""], ""pid_type"": ""flat""}","{""arg0_ndim"": 2, ""arg0_dim0"": 4096, ""arg0_dim1"": 17408, ""arg0_numel"": 71303168, ""arg0_dtype"": ""torch.float16"", ""arg0_dtype_size"": 2, ""arg0_dtype_cat"": 2, ""arg1_ndim"": 1, ""arg1_dim0"": 17408, ""arg1_numel"": 17408, ""arg1_dtype"": ""torch.float16"", ""arg1_dtype_size"": 2, ""arg1_dtype_cat"": 2, ""arg2_ndim"": 1, ""arg2_dim0"": 17408, ""arg2_numel"": 17408, ""arg2_dtype"": ""torch.float16"", ""arg2_dtype_size"": 2, ""arg2_dtype_cat"": 2}",0.0717947464718841
layer_norm,40721143d5c196e3,0531906226c3040e,"{""block_sizes"": [1], ""reduction_loops"": [4096], ""range_unroll_factors"": [0], ""range_warp_specializes"": [null], ""range_num_stages"": [0], ""range_multi_buffers"": [null], ""range_flattens"": [null], ""load_eviction_policies"": [""last"", """", ""first"", """", """", """", """", ""last""], ""num_warps"": 16, ""num_stages"": 5, ""indexing"": [""pointer"", ""pointer"", ""pointer"", ""pointer"", ""pointer"", ""pointer"", ""tensor_descriptor"", ""pointer"", ""pointer"", ""tensor_descriptor""], ""pid_type"": ""flat""}","{""arg0_ndim"": 2, ""arg0_dim0"": 4096, ""arg0_dim1"": 18432, ""arg0_numel"": 75497472, ""arg0_dtype"": ""torch.float16"", ""arg0_dtype_size"": 2, ""arg0_dtype_cat"": 2, ""arg1_ndim"": 1, ""arg1_dim0"": 18432, ""arg1_numel"": 18432, ""arg1_dtype"": ""torch.float16"", ""arg1_dtype_size"": 2, ""arg1_dtype_cat"": 2, ""arg2_ndim"": 1, ""arg2_dim0"": 18432, ""arg2_numel"": 18432, ""arg2_dtype"": ""torch.float16"", ""arg2_dtype_size"": 2, ""arg2_dtype_cat"": 2}",0.07374812334566541
layer_norm,2a690cdab1f31db8,0531906226c3040e,"{""block_sizes"": [1], ""reduction_loops"": [4096], ""range_unroll_factors"": [0], ""range_warp_specializes"": [null], ""range_num_stages"": [0], ""range_multi_buffers"": [null], ""range_flattens"": [null], ""load_eviction_policies"": [""last"", """", ""first"", """", """", """", """", ""last""], ""num_warps"": 16, ""num_stages"": 5, ""indexing"": [""pointer"", ""pointer"", ""pointer"", ""pointer"", ""pointer"", ""pointer"", ""tensor_descriptor"", ""pointer"", ""pointer"", ""tensor_descriptor""], ""pid_type"": ""flat""}","{""arg0_ndim"": 2, ""arg0_dim0"": 4096, ""arg0_dim1"": 19456, ""arg0_numel"": 79691776, ""arg0_dtype"": ""torch.float16"", ""arg0_dtype_size"": 2, ""arg0_dtype_cat"": 2, ""arg1_ndim"": 1, ""arg1_dim0"": 19456, ""arg1_numel"": 19456, ""arg1_dtype"": ""torch.float16"", ""arg1_dtype_size"": 2, ""arg1_dtype_cat"": 2, ""arg2_ndim"": 1, ""arg2_dim0"": 19456, ""arg2_numel"": 19456, ""arg2_dtype"": ""torch.float16"", ""arg2_dtype_size"": 2, ""arg2_dtype_cat"": 2}",0.0749976414856579
layer_norm,1b2b849d68a5644b,0531906226c3040e,"{""block_sizes"": [1], ""reduction_loops"": [4096], ""range_unroll_factors"": [0], ""range_warp_specializes"": [null], ""range_num_stages"": [0], ""range_multi_buffers"": [null], ""range_flattens"": [null], ""load_eviction_policies"": [""last"", """", ""first"", """", """", """", """", ""last""], ""num_warps"": 16, ""num_stages"": 5, ""indexing"": [""pointer"", ""pointer"", ""pointer"", ""pointer"", ""pointer"", ""pointer"", ""tensor_descriptor"", ""pointer"", ""pointer"", ""tensor_descriptor""], ""pid_type"": ""flat""}","{""arg0_ndim"": 2, ""arg0_dim0"": 4096, ""arg0_dim1"": 20480, ""arg0_numel"": 83886080, ""arg0_dtype"": ""torch.float16"", ""arg0_dtype_size"": 2, ""arg0_dtype_cat"": 2, ""arg1_ndim"": 1, ""arg1_dim0"": 20480, ""arg1_numel"": 20480, ""arg1_dtype"": ""torch.float16"", ""arg1_dtype_size"": 2, ""arg1_dtype_cat"": 2, ""arg2_ndim"": 1, ""arg2_dim0"": 20480, ""arg2_numel"": 20480, ""arg2_dtype"": ""torch.float16"", ""arg2_dtype_size"": 2, ""arg2_dtype_cat"": 2}",0.07712649231729067
layer_norm,af4689b25aba1e0e,0531906226c3040e,"{""block_sizes"": [1], ""reduction_loops"": [4096], ""range_unroll_factors"": [0], ""range_warp_specializes"": [null], ""range_num_stages"": [0], ""range_multi_buffers"": [null], ""range_flattens"": [null], ""load_eviction_policies"": [""last"", """", ""first"", """", """", """", """", ""last""], ""num_warps"": 16, ""num_stages"": 5, ""indexing"": [""pointer"", ""pointer"", ""pointer"", ""pointer"", ""pointer"", ""pointer"", ""tensor_descriptor"", ""pointer"", ""pointer"", ""tensor_descriptor""], ""pid_type"": ""flat""}","{""arg0_ndim"": 2, ""arg0_dim0"": 4096, ""arg0_dim1"": 21504, ""arg0_numel"": 88080384, ""arg0_dtype"": ""torch.float16"", ""arg0_dtype_size"": 2, ""arg0_dtype_cat"": 2, ""arg1_ndim"": 1, ""arg1_dim0"": 21504, ""arg1_numel"": 21504, ""arg1_dtype"": ""torch.float16"", ""arg1_dtype_size"": 2, ""arg1_dtype_cat"": 2, ""arg2_ndim"": 1, ""arg2_dim0"": 21504, ""arg2_numel"": 21504, ""arg2_dtype"": ""torch.float16"", ""arg2_dtype_size"": 2, ""arg2_dtype_cat"": 2}",0.08453976554281517
layer_norm,05937047ceaa332e,0531906226c3040e,"{""block_sizes"": [1], ""reduction_loops"": [4096], ""range_unroll_factors"": [0], ""range_warp_specializes"": [null], ""range_num_stages"": [0], ""range_multi_buffers"": [null], ""range_flattens"": [null], ""load_eviction_policies"": [""last"", """", ""first"", """", """", """", """", ""last""], ""num_warps"": 16, ""num_stages"": 5, ""indexing"": [""pointer"", ""pointer"", ""pointer"", ""pointer"", ""pointer"", ""pointer"", ""tensor_descriptor"", ""pointer"", ""pointer"", ""tensor_descriptor""], ""pid_type"": ""flat""}","{""arg0_ndim"": 2, ""arg0_dim0"": 4096, ""arg0_dim1"": 22528, ""arg0_numel"": 92274688, ""arg0_dtype"": ""torch.float16"", ""arg0_dtype_size"": 2, ""arg0_dtype_cat"": 2, ""arg1_ndim"": 1, ""arg1_dim0"": 22528, ""arg1_numel"": 22528, ""arg1_dtype"": ""torch.float16"", ""arg1_dtype_size"": 2, ""arg1_dtype_cat"": 2, ""arg2_ndim"": 1, ""arg2_dim0"": 22528, ""arg2_numel"": 22528, ""arg2_dtype"": ""torch.float16"", ""arg2_dtype_size"": 2, ""arg2_dtype_cat"": 2}",0.08669376472502402
layer_norm,7be561e5c4569227,0531906226c3040e,"{""block_sizes"": [1], ""reduction_loops"": [4096], ""range_unroll_factors"": [0], ""range_warp_specializes"": [null], ""range_num_stages"": [0], ""range_multi_buffers"": [null], ""range_flattens"": [null], ""load_eviction_policies"": [""last"", """", ""first"", """", """", """", """", ""last""], ""num_warps"": 16, ""num_stages"": 5, ""indexing"": [""pointer"", ""pointer"", ""pointer"", ""pointer"", ""pointer"", ""pointer"", ""tensor_descriptor"", ""pointer"", ""pointer"", ""tensor_descriptor""], ""pid_type"": ""flat""}","{""arg0_ndim"": 2, ""arg0_dim0"": 4096, ""arg0_dim1"": 23552, ""arg0_numel"": 96468992, ""arg0_dtype"": ""torch.float16"", ""arg0_dtype_size"": 2, ""arg0_dtype_cat"": 2, ""arg1_ndim"": 1, ""arg1_dim0"": 23552, ""arg1_numel"": 23552, ""arg1_dtype"": ""torch.float16"", ""arg1_dtype_size"": 2, ""arg1_dtype_cat"": 2, ""arg2_ndim"": 1, ""arg2_dim0"": 23552, ""arg2_numel"": 23552, ""arg2_dtype"": ""torch.float16"", ""arg2_dtype_size"": 2, ""arg2_dtype_cat"": 2}",0.08801142573945607
layer_norm,fa0631180763ad4f,0531906226c3040e,"{""block_sizes"": [1], ""reduction_loops"": [4096], ""range_unroll_factors"": [0], ""range_warp_specializes"": [null], ""range_num_stages"": [0], ""range_multi_buffers"": [null], ""range_flattens"": [null], ""load_eviction_policies"": [""last"", """", ""first"", """", """", """", """", ""last""], ""num_warps"": 16, ""num_stages"": 5, ""indexing"": [""pointer"", ""pointer"", ""pointer"", ""pointer"", ""pointer"", ""pointer"", ""tensor_descriptor"", ""pointer"", ""pointer"", ""tensor_descriptor""], ""pid_type"": ""flat""}","{""arg0_ndim"": 2, ""arg0_dim0"": 4096, ""arg0_dim1"": 24576, ""arg0_numel"": 100663296, ""arg0_dtype"": ""torch.float16"", ""arg0_dtype_size"": 2, ""arg0_dtype_cat"": 2, ""arg1_ndim"": 1, ""arg1_dim0"": 24576, ""arg1_numel"": 24576, ""arg1_dtype"": ""torch.float16"", ""arg1_dtype_size"": 2, ""arg1_dtype_cat"": 2, ""arg2_ndim"": 1, ""arg2_dim0"": 24576, ""arg2_numel"": 24576, ""arg2_dtype"": ""torch.float16"", ""arg2_dtype_size"": 2, ""arg2_dtype_cat"": 2}",0.09079236964263566
layer_norm,98b5e39742523aad,0531906226c3040e,"{""block_sizes"": [1], ""reduction_loops"": [4096], ""range_unroll_factors"": [0], ""range_warp_specializes"": [null], ""range_num_stages"": [0], ""range_multi_buffers"": [null], ""range_flattens"": [null], ""load_eviction_policies"": [""last"", """", ""first"", """", """", """", """", ""last""], ""num_warps"": 16, ""num_stages"": 5, ""indexing"": [""pointer"", ""pointer"", ""pointer"", ""pointer"", ""pointer"", ""pointer"", ""tensor_descriptor"", ""pointer"", ""pointer"", ""tensor_descriptor""], ""pid_type"": ""flat""}","{""arg0_ndim"": 2, ""arg0_dim0"": 4096, ""arg0_dim1"": 25600, ""arg0_numel"": 104857600, ""arg0_dtype"": ""torch.float16"", ""arg0_dtype_size"": 2, ""arg0_dtype_cat"": 2, ""arg1_ndim"": 1, ""arg1_dim0"": 25600, ""arg1_numel"": 25600, ""arg1_dtype"": ""torch.float16"", ""arg1_dtype_size"": 2, ""arg1_dtype_cat"": 2, ""arg2_ndim"": 1, ""arg2_dim0"": 25600, ""arg2_numel"": 25600, ""arg2_dtype"": ""torch.float16"", ""arg2_dtype_size"": 2, ""arg2_dtype_cat"": 2}",0.09979286056765649
layer_norm,012fcd7bd496ba20,0531906226c3040e,"{""block_sizes"": [1], ""reduction_loops"": [4096], ""range_unroll_factors"": [0], ""range_warp_specializes"": [null], ""range_num_stages"": [0], ""range_multi_buffers"": [null], ""range_flattens"": [null], ""load_eviction_policies"": [""last"", """", ""first"", """", """", """", """", ""last""], ""num_warps"": 16, ""num_stages"": 5, ""indexing"": [""pointer"", ""pointer"", ""pointer"", ""pointer"", ""pointer"", ""pointer"", ""tensor_descriptor"", ""pointer"", ""pointer"", ""tensor_descriptor""], ""pid_type"": ""flat""}","{""arg0_ndim"": 2, ""arg0_dim0"": 4096, ""arg0_dim1"": 26624, ""arg0_numel"": 109051904, ""arg0_dtype"": ""torch.float16"", ""arg0_dtype_size"": 2, ""arg0_dtype_cat"": 2, ""arg1_ndim"": 1, ""arg1_dim0"": 26624, ""arg1_numel"": 26624, ""arg1_dtype"": ""torch.float16"", ""arg1_dtype_size"": 2, ""arg1_dtype_cat"": 2, ""arg2_ndim"": 1, ""arg2_dim0"": 26624, ""arg2_numel"": 26624, ""arg2_dtype"": ""torch.float16"", ""arg2_dtype_size"": 2, ""arg2_dtype_cat"": 2}",0.10116901932203251
layer_norm,a95b1ff86aae70fb,0531906226c3040e,"{""block_sizes"": [1], ""reduction_loops"": [4096], ""range_unroll_factors"": [0], ""range_warp_specializes"": [null], ""range_num_stages"": [0], ""range_multi_buffers"": [null], ""range_flattens"": [null], ""load_eviction_policies"": [""last"", """", ""first"", """", """", """", """", ""last""], ""num_warps"": 16, ""num_stages"": 5, ""indexing"": [""pointer"", ""pointer"", ""pointer"", ""pointer"", ""pointer"", ""pointer"", ""tensor_descriptor"", ""pointer"", ""pointer"", ""tensor_descriptor""], ""pid_type"": ""flat""}","{""arg0_ndim"": 2, ""arg0_dim0"": 4096, ""arg0_dim1"": 27648, ""arg0_numel"": 113246208, ""arg0_dtype"": ""torch.float16"", ""arg0_dtype_size"": 2, ""arg0_dtype_cat"": 2, ""arg1_ndim"": 1, ""arg1_dim0"": 27648, ""arg1_numel"": 27648, ""arg1_dtype"": ""torch.float16"", ""arg1_dtype_size"": 2, ""arg1_dtype_cat"": 2, ""arg2_ndim"": 1, ""arg2_dim0"": 27648, ""arg2_numel"": 27648, ""arg2_dtype"": ""torch.float16"", ""arg2_dtype_size"": 2, ""arg2_dtype_cat"": 2}",0.10264852884566406
layer_norm,bb58378c1f0ddd53,0531906226c3040e,"{""block_sizes"": [1], ""reduction_loops"": [4096], ""range_unroll_factors"": [0], ""range_warp_specializes"": [null], ""range_num_stages"": [0], ""range_multi_buffers"": [null], ""range_flattens"": [null], ""load_eviction_policies"": [""last"", """", ""first"", """", """", """", """", ""last""], ""num_warps"": 16, ""num_stages"": 5, ""indexing"": [""pointer"", ""pointer"", ""pointer"", ""pointer"", ""pointer"", ""pointer"", ""tensor_descriptor"", ""pointer"", ""pointer"", ""tensor_descriptor""], ""pid_type"": ""flat""}","{""arg0_ndim"": 2, ""arg0_dim0"": 4096, ""arg0_dim1"": 28672, ""arg0_numel"": 117440512, ""arg0_dtype"": ""torch.float16"", ""arg0_dtype_size"": 2, ""arg0_dtype_cat"": 2, ""arg1_ndim"": 1, ""arg1_dim0"": 28672, ""arg1_numel"": 28672, ""arg1_dtype"": ""torch.float16"", ""arg1_dtype_size"": 2, ""arg1_dtype_cat"": 2, ""arg2_ndim"": 1, ""arg2_dim0"": 28672, ""arg2_numel"": 28672, ""arg2_dtype"": ""torch.float16"", ""arg2_dtype_size"": 2, ""arg2_dtype_cat"": 2}",0.10324569101384068
layer_norm,4ee5afbb1d11e75d,0531906226c3040e,"{""block_sizes"": [1], ""reduction_loops"": [4096], ""range_unroll_factors"": [0], ""range_warp_specializes"": [null], ""range_num_stages"": [0], ""range_multi_buffers"": [null], ""range_flattens"": [null], ""load_eviction_policies"": [""last"", """", ""first"", """", """", """", """", ""last""], ""num_warps"": 16, ""num_stages"": 5, ""indexing"": [""pointer"", ""pointer"", ""pointer"", ""pointer"", ""pointer"", ""pointer"", ""tensor_descriptor"", ""pointer"", ""pointer"", ""tensor_descriptor""], ""pid_type"": ""flat""}","{""arg0_ndim"": 2, ""arg0_dim0"": 4096, ""arg0_dim1"": 29696, ""arg0_numel"": 121634816, ""arg0_dtype"": ""torch.float16"", ""arg0_dtype_size"": 2, ""arg0_dtype_cat"": 2, ""arg1_ndim"": 1, ""arg1_dim0"": 29696, ""arg1_numel"": 29696, ""arg1_dtype"": ""torch.float16"", ""arg1_dtype_size"": 2, ""arg1_dtype_cat"": 2, ""arg2_ndim"": 1, ""arg2_dim0"": 29696, ""arg2_numel"": 29696, ""arg2_dtype"": ""torch.float16"", ""arg2_dtype_size"": 2, ""arg2_dtype_cat"": 2}",0.11260033362915432
layer_norm,e729f459b57a68e6,0531906226c3040e,"{""block_sizes"": [1], ""reduction_loops"": [4096], ""range_unroll_factors"": [0], ""range_warp_specializes"": [null], ""range_num_stages"": [0], ""range_multi_buffers"": [null], ""range_flattens"": [null], ""load_eviction_policies"": [""last"", """", ""first"", """", """", """", """", ""last""], ""num_warps"": 16, ""num_stages"": 5, ""indexing"": [""pointer"", ""pointer"", ""pointer"", ""pointer"", ""pointer"", ""pointer"", ""tensor_descriptor"", ""pointer"", ""pointer"", ""tensor_descriptor""], ""pid_type"": ""flat""}","{""arg0_ndim"": 2, ""arg0_dim0"": 4096, ""arg0_dim1"": 1024, ""arg0_numel"": 4194304, ""arg0_dtype"": ""torch.float16"", ""arg0_dtype_size"": 2, ""arg0_dtype_cat"": 2, ""arg1_ndim"": 1, ""arg1_dim0"": 1024, ""arg1_numel"": 1024, ""arg1_dtype"": ""torch.float16"", ""arg1_dtype_size"": 2, ""arg1_dtype_cat"": 2, ""arg2_ndim"": 1, ""arg2_dim0"": 1024, ""arg2_numel"": 1024, ""arg2_dtype"": ""torch.float16"", ""arg2_dtype_size"": 2, ""arg2_dtype_cat"": 2}",0.02457600086927414
layer_norm,8baf0dd224ad9805,0531906226c3040e,"{""block_sizes"": [1], ""reduction_loops"": [4096], ""range_unroll_factors"": [0], ""range_warp_specializes"": [null], ""range_num_stages"": [0], ""range_multi_buffers"": [null], ""range_flattens"": [null], ""load_eviction_policies"": [""last"", """", ""first"", """", """", """", """", ""last""], ""num_warps"": 16, ""num_stages"": 5, ""indexing"": [""pointer"", ""pointer"", ""pointer"", ""pointer"", ""pointer"", ""pointer"", ""tensor_descriptor"", ""pointer"", ""pointer"", ""tensor_descriptor""], ""pid_type"": ""flat""}","{""arg0_ndim"": 2, ""arg0_dim0"": 4096, ""arg0_dim1"": 2048, ""arg0_numel"": 8388608, ""arg0_dtype"": ""torch.float16"", ""arg0_dtype_size"": 2, ""arg0_dtype_cat"": 2, ""arg1_ndim"": 1, ""arg1_dim0"": 2048, ""arg1_numel"": 2048, ""arg1_dtype"": ""torch.float16"", ""arg1_dtype_size"": 2, ""arg1_dtype_cat"": 2, ""arg2_ndim"": 1, ""arg2_dim0"": 2048, ""arg2_numel"": 2048, ""arg2_dtype"": ""torch.float16"", ""arg2_dtype_size"": 2, ""arg2_dtype_cat"": 2}",0.024639999493956566
layer_norm,734abf833efb1beb,0531906226c3040e,"{""block_sizes"": [1], ""reduction_loops"": [4096], ""range_unroll_factors"": [0], ""range_warp_specializes"": [null], ""range_num_stages"": [0], ""range_multi_buffers"": [null], ""range_flattens"": [null], ""load_eviction_policies"": [""last"", """", ""first"", """", """", """", """", ""last""], ""num_warps"": 16, ""num_stages"": 5, ""indexing"": [""pointer"", ""pointer"", ""pointer"", ""pointer"", ""pointer"", ""pointer"", ""tensor_descriptor"", ""pointer"", ""pointer"", ""tensor_descriptor""], ""pid_type"": ""flat""}","{""arg0_ndim"": 2, ""arg0_dim0"": 4096, ""arg0_dim1"": 3072, ""arg0_numel"": 12582912, ""arg0_dtype"": ""torch.float16"", ""arg0_dtype_size"": 2, ""arg0_dtype_cat"": 2, ""arg1_ndim"": 1, ""arg1_dim0"": 3072, ""arg1_numel"": 3072, ""arg1_dtype"": ""torch.float16"", ""arg1_dtype_size"": 2, ""arg1_dtype_cat"": 2, ""arg2_ndim"": 1, ""arg2_dim0"": 3072, ""arg2_numel"": 3072, ""arg2_dtype"": ""torch.float16"", ""arg2_dtype_size"": 2, ""arg2_dtype_cat"": 2}",0.026623999699950218
layer_norm,821fc5b0706bb961,0531906226c3040e,"{""block_sizes"": [1], ""reduction_loops"": [4096], ""range_unroll_factors"": [0], ""range_warp_specializes"": [null], ""range_num_stages"": [0], ""range_multi_buffers"": [null], ""range_flattens"": [null], ""load_eviction_policies"": [""last"", """", ""first"", """", """", """", """", ""last""], ""num_warps"": 16, ""num_stages"": 5, ""indexing"": [""pointer"", ""pointer"", ""pointer"", ""pointer"", ""pointer"", ""pointer"", ""tensor_descriptor"", ""pointer"", ""pointer"", ""tensor_descriptor""], ""pid_type"": ""flat""}","{""arg0_ndim"": 2, ""arg0_dim0"": 4096, ""arg0_dim1"": 4096, ""arg0_numel"": 16777216, ""arg0_dtype"": ""torch.float16"", ""arg0_dtype_size"": 2, ""arg0_dtype_cat"": 2, ""arg1_ndim"": 1, ""arg1_dim0"": 4096, ""arg1_numel"": 4096, ""arg1_dtype"": ""torch.float16"", ""arg1_dtype_size"": 2, ""arg1_dtype_cat"": 2, ""arg2_ndim"": 1, ""arg2_dim0"": 4096, ""arg2_numel"": 4096, ""arg2_dtype"": ""torch.float16"", ""arg2_dtype_size"": 2, ""arg2_dtype_cat"": 2}",0.028672000393271446
layer_norm,93a74e8591eadff7,0531906226c3040e,"{""block_sizes"": [1], ""reduction_loops"": [4096], ""range_unroll_factors"": [0], ""range_warp_specializes"": [null], ""range_num_stages"": [0], ""range_multi_buffers"": [null], ""range_flattens"": [null], ""load_eviction_policies"": [""last"", """", ""first"", """", """", """", """", ""last""], ""num_warps"": 16, ""num_stages"": 5, ""indexing"": [""pointer"", ""pointer"", ""pointer"", ""pointer"", ""pointer"", ""pointer"", ""tensor_descriptor"", ""pointer"", ""pointer"", ""tensor_descriptor""], ""pid_type"": ""flat""}","{""arg0_ndim"": 2, ""arg0_dim0"": 4096, ""arg0_dim1"": 5120, ""arg0_numel"": 20971520, ""arg0_dtype"": ""torch.float16"", ""arg0_dtype_size"": 2, ""arg0_dtype_cat"": 2, ""arg1_ndim"": 1, ""arg1_dim0"": 5120, ""arg1_numel"": 5120, ""arg1_dtype"": ""torch.float16"", ""arg1_dtype_size"": 2, ""arg1_dtype_cat"": 2, ""arg2_ndim"": 1, ""arg2_dim0"": 5120, ""arg2_numel"": 5120, ""arg2_dtype"": ""torch.float16"", ""arg2_dtype_size"": 2, ""arg2_dtype_cat"": 2}",0.03686400130391121
layer_norm,76dce875a17ac883,0531906226c3040e,"{""block_sizes"": [1], ""reduction_loops"": [4096], ""range_unroll_factors"": [0], ""range_warp_specializes"": [null], ""range_num_stages"": [0], ""range_multi_buffers"": [null], ""range_flattens"": [null], ""load_eviction_policies"": [""last"", """", ""first"", """", """", """", """", ""last""], ""num_warps"": 16, ""num_stages"": 5, ""indexing"": [""pointer"", ""pointer"", ""pointer"", ""pointer"", ""pointer"", ""pointer"", ""tensor_descriptor"", ""pointer"", ""pointer"", ""tensor_descriptor""], ""pid_type"": ""flat""}","{""arg0_ndim"": 2, ""arg0_dim0"": 4096, ""arg0_dim1"": 6144, ""arg0_numel"": 25165824, ""arg0_dtype"": ""torch.float16"", ""arg0_dtype_size"": 2, ""arg0_dtype_cat"": 2, ""arg1_ndim"": 1, ""arg1_dim0"": 6144, ""arg1_numel"": 6144, ""arg1_dtype"": ""torch.float16"", ""arg1_dtype_size"": 2, ""arg1_dtype_cat"": 2, ""arg2_ndim"": 1, ""arg2_dim0"": 6144, ""arg2_numel"": 6144, ""arg2_dtype"": ""torch.float16"", ""arg2_dtype_size"": 2, ""arg2_dtype_cat"": 2}",0.03686400130391121
layer_norm,be1d93123bdcc453,0531906226c3040e,"{""block_sizes"": [1], ""reduction_loops"": [4096], ""range_unroll_factors"": [0], ""range_warp_specializes"": [null], ""range_num_stages"": [0], ""range_multi_buffers"": [null], ""range_flattens"": [null], ""load_eviction_policies"": [""last"", """", ""first"", """", """", """", """", ""last""], ""num_warps"": 16, ""num_stages"": 5, ""indexing"": [""pointer"", ""pointer"", ""pointer"", ""pointer"", ""pointer"", ""pointer"", ""tensor_descriptor"", ""pointer"", ""pointer"", ""tensor_descriptor""], ""pid_type"": ""flat""}","{""arg0_ndim"": 2, ""arg0_dim0"": 4096, ""arg0_dim1"": 7168, ""arg0_numel"": 29360128, ""arg0_dtype"": ""torch.float16"", ""arg0_dtype_size"": 2, ""arg0_dtype_cat"": 2, ""arg1_ndim"": 1, ""arg1_dim0"": 7168, ""arg1_numel"": 7168, ""arg1_dtype"": ""torch.float16"", ""arg1_dtype_size"": 2, ""arg1_dtype_cat"": 2, ""arg2_ndim"": 1, ""arg2_dim0"": 7168, ""arg2_numel"": 7168, ""arg2_dtype"": ""torch.float16"", ""arg2_dtype_size"": 2, ""arg2_dtype_cat"": 2}",0.03686400130391121
layer_norm,91c00f708d3eb2f9,0531906226c3040e,"{""block_sizes"": [1], ""reduction_loops"": [4096], ""range_unroll_factors"": [0], ""range_warp_specializes"": [null], ""range_num_stages"": [0], ""range_multi_buffers"": [null], ""range_flattens"": [null], ""load_eviction_policies"": [""last"", """", ""first"", """", """", """", """", ""last""], ""num_warps"": 16, ""num_stages"": 5, ""indexing"": [""pointer"", ""pointer"", ""pointer"", ""pointer"", ""pointer"", ""pointer"", ""tensor_descriptor"", ""pointer"", ""pointer"", ""tensor_descriptor""], ""pid_type"": ""flat""}","{""arg0_ndim"": 2, ""arg0_dim0"": 4096, ""arg0_dim1"": 8192, ""arg0_numel"": 33554432, ""arg0_dtype"": ""torch.float16"", ""arg0_dtype_size"": 2, ""arg0_dtype_cat"": 2, ""arg1_ndim"": 1, ""arg1_dim0"": 8192, ""arg1_numel"": 8192, ""arg1_dtype"": ""torch.float16"", ""arg1_dtype_size"": 2, ""arg1_dtype_cat"": 2, ""arg2_ndim"": 1, ""arg2_dim0"": 8192, ""arg2_numel"": 8192, ""arg2_dtype"": ""torch.float16"", ""arg2_dtype_size"": 2, ""arg2_dtype_cat"": 2}",0.03891199827194214
layer_norm,88f0b773ab53eaab,0531906226c3040e,"{""block_sizes"": [1], ""reduction_loops"": [4096], ""range_unroll_factors"": [0], ""range_warp_specializes"": [null], ""range_num_stages"": [0], ""range_multi_buffers"": [null], ""range_flattens"": [null], ""load_eviction_policies"": [""last"", """", ""first"", """", """", """", """", ""last""], ""num_warps"": 16, ""num_stages"": 5, ""indexing"": [""pointer"", ""pointer"", ""pointer"", ""pointer"", ""pointer"", ""pointer"", ""tensor_descriptor"", ""pointer"", ""pointer"", ""tensor_descriptor""], ""pid_type"": ""flat""}","{""arg0_ndim"": 2, ""arg0_dim0"": 4096, ""arg0_dim1"": 9216, ""arg0_numel"": 37748736, ""arg0_dtype"": ""torch.float16"", ""arg0_dtype_size"": 2, ""arg0_dtype_cat"": 2, ""arg1_ndim"": 1, ""arg1_dim0"": 9216, ""arg1_numel"": 9216, ""arg1_dtype"": ""torch.float16"", ""arg1_dtype_size"": 2, ""arg1_dtype_cat"": 2, ""arg2_ndim"": 1, ""arg2_dim0"": 9216, ""arg2_numel"": 9216, ""arg2_dtype"": ""torch.float16"", ""arg2_dtype_size"": 2, ""arg2_dtype_cat"": 2}",0.04915200173854828
layer_norm,c118e8d22fe0fdb8,0531906226c3040e,"{""block_sizes"": [1], ""reduction_loops"": [4096], ""range_unroll_factors"": [0], ""range_warp_specializes"": [null], ""range_num_stages"": [0], ""range_multi_buffers"": [null], ""range_flattens"": [null], ""load_eviction_policies"": [""last"", """", ""first"", """", """", """", """", ""last""], ""num_warps"": 16, ""num_stages"": 5, ""indexing"": [""pointer"", ""pointer"", ""pointer"", ""pointer"", ""pointer"", ""pointer"", ""tensor_descriptor"", ""pointer"", ""pointer"", ""tensor_descriptor""], ""pid_type"": ""flat""}","{""arg0_ndim"": 2, ""arg0_dim0"": 4096, ""arg0_dim1"": 10240, ""arg0_numel"": 41943040, ""arg0_dtype"": ""torch.float16"", ""arg0_dtype_size"": 2, ""arg0_dtype_cat"": 2, ""arg1_ndim"": 1, ""arg1_dim0"": 10240, ""arg1_numel"": 10240, ""arg1_dtype"": ""torch.float16"", ""arg1_dtype_size"": 2, ""arg1_dtype_cat"": 2, ""arg2_ndim"": 1, ""arg2_dim0"": 10240, ""arg2_numel"": 10240, ""arg2_dtype"": ""torch.float16"", ""arg2_dtype_size"": 2, ""arg2_dtype_cat"": 2}",0.04915200173854828
layer_norm,048c7f61d5470389,0531906226c3040e,"{""block_sizes"": [1], ""reduction_loops"": [4096], ""range_unroll_factors"": [0], ""range_warp_specializes"": [null], ""range_num_stages"": [0], ""range_multi_buffers"": [null], ""range_flattens"": [null], ""load_eviction_policies"": [""last"", """", ""first"", """", """", """", """", ""last""], ""num_warps"": 16, ""num_stages"": 5, ""indexing"": [""pointer"", ""pointer"", ""pointer"", ""pointer"", ""pointer"", ""pointer"", ""tensor_descriptor"", ""pointer"", ""pointer"", ""tensor_descriptor""], ""pid_type"": ""flat""}","{""arg0_ndim"": 2, ""arg0_dim0"": 4096, ""arg0_dim1"": 11264, ""arg0_numel"": 46137344, ""arg0_dtype"": ""torch.float16"", ""arg0_dtype_size"": 2, ""arg0_dtype_cat"": 2, ""arg1_ndim"": 1, ""arg1_dim0"": 11264, ""arg1_numel"": 11264, ""arg1_dtype"": ""torch.float16"", ""arg1_dtype_size"": 2, ""arg1_dtype_cat"": 2, ""arg2_ndim"": 1, ""arg2_dim0"": 11264, ""arg2_numel"": 11264, ""arg2_dtype"": ""torch.float16"", ""arg2_dtype_size"": 2, ""arg2_dtype_cat"": 2}",0.051231998950242996
layer_norm,c382bfaa9e60ddfe,0531906226c3040e,"{""block_sizes"": [1], ""reduction_loops"": [4096], ""range_unroll_factors"": [0], ""range_warp_specializes"": [null], ""range_num_stages"": [0], ""range_multi_buffers"": [null], ""range_flattens"": [null], ""load_eviction_policies"": [""last"", """", ""first"", """", """", """", """", ""last""], ""num_warps"": 16, ""num_stages"": 5, ""indexing"": [""pointer"", ""pointer"", ""pointer"", ""pointer"", ""pointer"", ""pointer"", ""tensor_descriptor"", ""pointer"", ""pointer"", ""tensor_descriptor""], ""pid_type"": ""flat""}","{""arg0_ndim"": 2, ""arg0_dim0"": 4096, ""arg0_dim1"": 12288, ""arg0_numel"": 50331648, ""arg0_dtype"": ""torch.float16"", ""arg0_dtype_size"": 2, ""arg0_dtype_cat"": 2, ""arg1_ndim"": 1, ""arg1_dim0"": 12288, ""arg1_numel"": 12288, ""arg1_dtype"": ""torch.float16"", ""arg1_dtype_size"": 2, ""arg1_dtype_cat"": 2, ""arg2_ndim"": 1, ""arg2_dim0"": 12288, ""arg2_numel"": 12288, ""arg2_dtype"": ""torch.float16"", ""arg2_dtype_size"": 2, ""arg2_dtype_cat"": 2}",0.05119999870657921
layer_norm,3190fb5e30e5e79c,0531906226c3040e,"{""block_sizes"": [1], ""reduction_loops"": [4096], ""range_unroll_factors"": [0], ""range_warp_specializes"": [null], ""range_num_stages"": [0], ""range_multi_buffers"": [null], ""range_flattens"": [null], ""load_eviction_policies"": [""last"", """", ""first"", """", """", """", """", ""last""], ""num_warps"": 16, ""num_stages"": 5, ""indexing"": [""pointer"", ""pointer"", ""pointer"", ""pointer"", ""pointer"", ""pointer"", ""tensor_descriptor"", ""pointer"", ""pointer"", ""tensor_descriptor""], ""pid_type"": ""flat""}","{""arg0_ndim"": 2, ""arg0_dim0"": 4096, ""arg0_dim1"": 13312, ""arg0_numel"": 54525952, ""arg0_dtype"": ""torch.float16"", ""arg0_dtype_size"": 2, ""arg0_dtype_cat"": 2, ""arg1_ndim"": 1, ""arg1_dim0"": 13312, ""arg1_numel"": 13312, ""arg1_dtype"": ""torch.float16"", ""arg1_dtype_size"": 2, ""arg1_dtype_cat"": 2, ""arg2_ndim"": 1, ""arg2_dim0"": 13312, ""arg2_numel"": 13312, ""arg2_dtype"": ""torch.float16"", ""arg2_dtype_size"": 2, ""arg2_dtype_cat"": 2}",0.05939200147986412
layer_norm,0ffdde8ebdf8ea99,0531906226c3040e,"{""block_sizes"": [1], ""reduction_loops"": [4096], ""range_unroll_factors"": [0], ""range_warp_specializes"": [null], ""range_num_stages"": [0], ""range_multi_buffers"": [null], ""range_flattens"": [null], ""load_eviction_policies"": [""last"", """", ""first"", """", """", """", """", ""last""], ""num_warps"": 16, ""num_stages"": 5, ""indexing"": [""pointer"", ""pointer"", ""pointer"", ""pointer"", ""pointer"", ""pointer"", ""tensor_descriptor"", ""pointer"", ""pointer"", ""tensor_descriptor""], ""pid_type"": ""flat""}","{""arg0_ndim"": 2, ""arg0_dim0"": 4096, ""arg0_dim1"": 14336, ""arg0_numel"": 58720256, ""arg0_dtype"": ""torch.float16"", ""arg0_dtype_size"": 2, ""arg0_dtype_cat"": 2, ""arg1_ndim"": 1, ""arg1_dim0"": 14336, ""arg1_numel"": 14336, ""arg1_dtype"": ""torch.float16"", ""arg1_dtype_size"": 2, ""arg1_dtype_cat"": 2, ""arg2_ndim"": 1, ""arg2_dim0"": 14336, ""arg2_numel"": 14336, ""arg2_dtype"": ""torch.float16"", ""arg2_dtype_size"": 2, ""arg2_dtype_cat"": 2}",0.05939200147986412
layer_norm,c5a7230b2121df07,0531906226c3040e,"{""block_sizes"": [1], ""reduction_loops"": [4096], ""range_unroll_factors"": [0], ""range_warp_specializes"": [null], ""range_num_stages"": [0], ""range_multi_buffers"": [null], ""range_flattens"": [null], ""load_eviction_policies"": [""last"", """", ""first"", """", """", """", """", ""last""], ""num_warps"": 16, ""num_stages"": 5, ""indexing"": [""pointer"", ""pointer"", ""pointer"", ""pointer"", ""pointer"", ""pointer"", ""tensor_descriptor"", ""pointer"", ""pointer"", ""tensor_descriptor""], ""pid_type"": ""flat""}","{""arg0_ndim"": 2, ""arg0_dim0"": 4096, ""arg0_dim1"": 15360, ""arg0_numel"": 62914560, ""arg0_dtype"": ""torch.float16"", ""arg0_dtype_size"": 2, ""arg0_dtype_cat"": 2, ""arg1_ndim"": 1, ""arg1_dim0"": 15360, ""arg1_numel"": 15360, ""arg1_dtype"": ""torch.float16"", ""arg1_dtype_size"": 2, ""arg1_dtype_cat"": 2, ""arg2_ndim"": 1, ""arg2_dim0"": 15360, ""arg2_numel"": 15360, ""arg2_dtype"": ""torch.float16"", ""arg2_dtype_size"": 2, ""arg2_dtype_cat"": 2}",0.06147199869155884
layer_norm,a4fb80c35effe844,0531906226c3040e,"{""block_sizes"": [1], ""reduction_loops"": [4096], ""range_unroll_factors"": [0], ""range_warp_specializes"": [null], ""range_num_stages"": [0], ""range_multi_buffers"": [null], ""range_flattens"": [null], ""load_eviction_policies"": [""last"", """", ""first"", """", """", """", """", ""last""], ""num_warps"": 16, ""num_stages"": 5, ""indexing"": [""pointer"", ""pointer"", ""pointer"", ""pointer"", ""pointer"", ""pointer"", ""tensor_descriptor"", ""pointer"", ""pointer"", ""tensor_descriptor""], ""pid_type"": ""flat""}","{""arg0_ndim"": 2, ""arg0_dim0"": 4096, ""arg0_dim1"": 16384, ""arg0_numel"": 67108864, ""arg0_dtype"": ""torch.float16"", ""arg0_dtype_size"": 2, ""arg0_dtype_cat"": 2, ""arg1_ndim"": 1, ""arg1_dim0"": 16384, ""arg1_numel"": 16384, ""arg1_dtype"": ""torch.float16"", ""arg1_dtype_size"": 2, ""arg1_dtype_cat"": 2, ""arg2_ndim"": 1, ""arg2_dim0"": 16384, ""arg2_numel"": 16384, ""arg2_dtype"": ""torch.float16"", ""arg2_dtype_size"": 2, ""arg2_dtype_cat"": 2}",0.06143999844789505
layer_norm,b09906937947de37,0531906226c3040e,"{""block_sizes"": [1], ""reduction_loops"": [4096], ""range_unroll_factors"": [0], ""range_warp_specializes"": [null], ""range_num_stages"": [0], ""range_multi_buffers"": [null], ""range_flattens"": [null], ""load_eviction_policies"": [""last"", """", ""first"", """", """", """", """", ""last""], ""num_warps"": 16, ""num_stages"": 5, ""indexing"": [""pointer"", ""pointer"", ""pointer"", ""pointer"", ""pointer"", ""pointer"", ""tensor_descriptor"", ""pointer"", ""pointer"", ""tensor_descriptor""], ""pid_type"": ""flat""}","{""arg0_ndim"": 2, ""arg0_dim0"": 4096, ""arg0_dim1"": 17408, ""arg0_numel"": 71303168, ""arg0_dtype"": ""torch.float16"", ""arg0_dtype_size"": 2, ""arg0_dtype_cat"": 2, ""arg1_ndim"": 1, ""arg1_dim0"": 17408, ""arg1_numel"": 17408, ""arg1_dtype"": ""torch.float16"", ""arg1_dtype_size"": 2, ""arg1_dtype_cat"": 2, ""arg2_ndim"": 1, ""arg2_dim0"": 17408, ""arg2_numel"": 17408, ""arg2_dtype"": ""torch.float16"", ""arg2_dtype_size"": 2, ""arg2_dtype_cat"": 2}",0.07168000191450119
layer_norm,40721143d5c196e3,0531906226c3040e,"{""block_sizes"": [1], ""reduction_loops"": [4096], ""range_unroll_factors"": [0], ""range_warp_specializes"": [null], ""range_num_stages"": [0], ""range_multi_buffers"": [null], ""range_flattens"": [null], ""load_eviction_policies"": [""last"", """", ""first"", """", """", """", """", ""last""], ""num_warps"": 16, ""num_stages"": 5, ""indexing"": [""pointer"", ""pointer"", ""pointer"", ""pointer"", ""pointer"", ""pointer"", ""tensor_descriptor"", ""pointer"", ""pointer"", ""tensor_descriptor""], ""pid_type"": ""flat""}","{""arg0_ndim"": 2, ""arg0_dim0"": 4096, ""arg0_dim1"": 18432, ""arg0_numel"": 75497472, ""arg0_dtype"": ""torch.float16"", ""arg0_dtype_size"": 2, ""arg0_dtype_cat"": 2, ""arg1_ndim"": 1, ""arg1_dim0"": 18432, ""arg1_numel"": 18432, ""arg1_dtype"": ""torch.float16"", ""arg1_dtype_size"": 2, ""arg1_dtype_cat"": 2, ""arg2_ndim"": 1, ""arg2_dim0"": 18432, ""arg2_numel"": 18432, ""arg2_dtype"": ""torch.float16"", ""arg2_dtype_size"": 2, ""arg2_dtype_cat"": 2}",0.07372800260782242
layer_norm,2a690cdab1f31db8,0531906226c3040e,"{""block_sizes"": [1], ""reduction_loops"": [4096], ""range_unroll_factors"": [0], ""range_warp_specializes"": [null], ""range_num_stages"": [0], ""range_multi_buffers"": [null], ""range_flattens"": [null], ""load_eviction_policies"": [""last"", """", ""first"", """", """", """", """", ""last""], ""num_warps"": 16, ""num_stages"": 5, ""indexing"": [""pointer"", ""pointer"", ""pointer"", ""pointer"", ""pointer"", ""pointer"", ""tensor_descriptor"", ""pointer"", ""pointer"", ""tensor_descriptor""], ""pid_type"": ""flat""}","{""arg0_ndim"": 2, ""arg0_dim0"": 4096, ""arg0_dim1"": 19456, ""arg0_numel"": 79691776, ""arg0_dtype"": ""torch.float16"", ""arg0_dtype_size"": 2, ""arg0_dtype_cat"": 2, ""arg1_ndim"": 1, ""arg1_dim0"": 19456, ""arg1_numel"": 19456, ""arg1_dtype"": ""torch.float16"", ""arg1_dtype_size"": 2, ""arg1_dtype_cat"": 2, ""arg2_ndim"": 1, ""arg2_dim0"": 19456, ""arg2_numel"": 19456, ""arg2_dtype"": ""torch.float16"", ""arg2_dtype_size"": 2, ""arg2_dtype_cat"": 2}",0.07382400333881378
layer_norm,1b2b849d68a5644b,0531906226c3040e,"{""block_sizes"": [1], ""reduction_loops"": [4096], ""range_unroll_factors"": [0], ""range_warp_specializes"": [null], ""range_num_stages"": [0], ""range_multi_buffers"": [null], ""range_flattens"": [null], ""load_eviction_policies"": [""last"", """", ""first"", """", """", """", """", ""last""], ""num_warps"": 16, ""num_stages"": 5, ""indexing"": [""pointer"", ""pointer"", ""pointer"", ""pointer"", ""pointer"", ""pointer"", ""tensor_descriptor"", ""pointer"", ""pointer"", ""tensor_descriptor""], ""pid_type"": ""flat""}","{""arg0_ndim"": 2, ""arg0_dim0"": 4096, ""arg0_dim1"": 20480, ""arg0_numel"": 83886080, ""arg0_dtype"": ""torch.float16"", ""arg0_dtype_size"": 2, ""arg0_dtype_cat"": 2, ""arg1_ndim"": 1, ""arg1_dim0"": 20480, ""arg1_numel"": 20480, ""arg1_dtype"": ""torch.float16"", ""arg1_dtype_size"": 2, ""arg1_dtype_cat"": 2, ""arg2_ndim"": 1, ""arg2_dim0"": 20480, ""arg2_numel"": 20480, ""arg2_dtype"": ""torch.float16"", ""arg2_dtype_size"": 2, ""arg2_dtype_cat"": 2}",0.07577600330114365
layer_norm,af4689b25aba1e0e,0531906226c3040e,"{""block_sizes"": [1], ""reduction_loops"": [4096], ""range_unroll_factors"": [0], ""range_warp_specializes"": [null], ""range_num_stages"": [0], ""range_multi_buffers"": [null], ""range_flattens"": [null], ""load_eviction_policies"": [""last"", """", ""first"", """", """", """", """", ""last""], ""num_warps"": 16, ""num_stages"": 5, ""indexing"": [""pointer"", ""pointer"", ""pointer"", ""pointer"", ""pointer"", ""pointer"", ""tensor_descriptor"", ""pointer"", ""pointer"", ""tensor_descriptor""], ""pid_type"": ""flat""}","{""arg0_ndim"": 2, ""arg0_dim0"": 4096, ""arg0_dim1"": 21504, ""arg0_numel"": 88080384, ""arg0_dtype"": ""torch.float16"", ""arg0_dtype_size"": 2, ""arg0_dtype_cat"": 2, ""arg1_ndim"": 1, ""arg1_dim0"": 21504, ""arg1_numel"": 21504, ""arg1_dtype"": ""torch.float16"", ""arg1_dtype_size"": 2, ""arg1_dtype_cat"": 2, ""arg2_ndim"": 1, ""arg2_dim0"": 21504, ""arg2_numel"": 21504, ""arg2_dtype"": ""torch.float16"", ""arg2_dtype_size"": 2, ""arg2_dtype_cat"": 2}",0.08399999886751175
layer_norm,05937047ceaa332e,0531906226c3040e,"{""block_sizes"": [1], ""reduction_loops"": [4096], ""range_unroll_factors"": [0], ""range_warp_specializes"": [null], ""range_num_stages"": [0], ""range_multi_buffers"": [null], ""range_flattens"": [null], ""load_eviction_policies"": [""last"", """", ""first"", """", """", """", """", ""last""], ""num_warps"": 16, ""num_stages"": 5, ""indexing"": [""pointer"", ""pointer"", ""pointer"", ""pointer"", ""pointer"", ""pointer"", ""tensor_descriptor"", ""pointer"", ""pointer"", ""tensor_descriptor""], ""pid_type"": ""flat""}","{""arg0_ndim"": 2, ""arg0_dim0"": 4096, ""arg0_dim1"": 22528, ""arg0_numel"": 92274688, ""arg0_dtype"": ""torch.float16"", ""arg0_dtype_size"": 2, ""arg0_dtype_cat"": 2, ""arg1_ndim"": 1, ""arg1_dim0"": 22528, ""arg1_numel"": 22528, ""arg1_dtype"": ""torch.float16"", ""arg1_dtype_size"": 2, ""arg1_dtype_cat"": 2, ""arg2_ndim"": 1, ""arg2_dim0"": 22528, ""arg2_numel"": 22528, ""arg2_dtype"": ""torch.float16"", ""arg2_dtype_size"": 2, ""arg2_dtype_cat"": 2}",0.08396799862384796
layer_norm,7be561e5c4569227,0531906226c3040e,"{""block_sizes"": [1], ""reduction_loops"": [4096], ""range_unroll_factors"": [0], ""range_warp_specializes"": [null], ""range_num_stages"": [0], ""range_multi_buffers"": [null], ""range_flattens"": [null], ""load_eviction_policies"": [""last"", """", ""first"", """", """", """", """", ""last""], ""num_warps"": 16, ""num_stages"": 5, ""indexing"": [""pointer"", ""pointer"", ""pointer"", ""pointer"", ""pointer"", ""pointer"", ""tensor_descriptor"", ""pointer"", ""pointer"", ""tensor_descriptor""], ""pid_type"": ""flat""}","{""arg0_ndim"": 2, ""arg0_dim0"": 4096, ""arg0_dim1"": 23552, ""arg0_numel"": 96468992, ""arg0_dtype"": ""torch.float16"", ""arg0_dtype_size"": 2, ""arg0_dtype_cat"": 2, ""arg1_ndim"": 1, ""arg1_dim0"": 23552, ""arg1_numel"": 23552, ""arg1_dtype"": ""torch.float16"", ""arg1_dtype_size"": 2, ""arg1_dtype_cat"": 2, ""arg2_ndim"": 1, ""arg2_dim0"": 23552, ""arg2_numel"": 23552, ""arg2_dtype"": ""torch.float16"", ""arg2_dtype_size"": 2, ""arg2_dtype_cat"": 2}",0.08508799970149994
layer_norm,fa0631180763ad4f,0531906226c3040e,"{""block_sizes"": [1], ""reduction_loops"": [4096], ""range_unroll_factors"": [0], ""range_warp_specializes"": [null], ""range_num_stages"": [0], ""range_multi_buffers"": [null], ""range_flattens"": [null], ""load_eviction_policies"": [""last"", """", ""first"", """", """", """", """", ""last""], ""num_warps"": 16, ""num_stages"": 5, ""indexing"": [""pointer"", ""pointer"", ""pointer"", ""pointer"", ""pointer"", ""pointer"", ""tensor_descriptor"", ""pointer"", ""pointer"", ""tensor_descriptor""], ""pid_type"": ""flat""}","{""arg0_ndim"": 2, ""arg0_dim0"": 4096, ""arg0_dim1"": 24576, ""arg0_numel"": 100663296, ""arg0_dtype"": ""torch.float16"", ""arg0_dtype_size"": 2, ""arg0_dtype_cat"": 2, ""arg1_ndim"": 1, ""arg1_dim0"": 24576, ""arg1_numel"": 24576, ""arg1_dtype"": ""torch.float16"", ""arg1_dtype_size"": 2, ""arg1_dtype_cat"": 2, ""arg2_ndim"": 1, ""arg2_dim0"": 24576, ""arg2_numel"": 24576, ""arg2_dtype"": ""torch.float16"", ""arg2_dtype_size"": 2, ""arg2_dtype_cat"": 2}",0.08614400029182434
layer_norm,98b5e39742523aad,0531906226c3040e,"{""block_sizes"": [1], ""reduction_loops"": [4096], ""range_unroll_factors"": [0], ""range_warp_specializes"": [null], ""range_num_stages"": [0], ""range_multi_buffers"": [null], ""range_flattens"": [null], ""load_eviction_policies"": [""last"", """", ""first"", """", """", """", """", ""last""], ""num_warps"": 16, ""num_stages"": 5, ""indexing"": [""pointer"", ""pointer"", ""pointer"", ""pointer"", ""pointer"", ""pointer"", ""tensor_descriptor"", ""pointer"", ""pointer"", ""tensor_descriptor""], ""pid_type"": ""flat""}","{""arg0_ndim"": 2, ""arg0_dim0"": 4096, ""arg0_dim1"": 25600, ""arg0_numel"": 104857600, ""arg0_dtype"": ""torch.float16"", ""arg0_dtype_size"": 2, ""arg0_dtype_cat"": 2, ""arg1_ndim"": 1, ""arg1_dim0"": 25600, ""arg1_numel"": 25600, ""arg1_dtype"": ""torch.float16"", ""arg1_dtype_size"": 2, ""arg1_dtype_cat"": 2, ""arg2_ndim"": 1, ""arg2_dim0"": 25600, ""arg2_numel"": 25600, ""arg2_dtype"": ""torch.float16"", ""arg2_dtype_size"": 2, ""arg2_dtype_cat"": 2}",0.09628800302743912
layer_norm,012fcd7bd496ba20,0531906226c3040e,"{""block_sizes"": [1], ""reduction_loops"": [4096], ""range_unroll_factors"": [0], ""range_warp_specializes"": [null], ""range_num_stages"": [0], ""range_multi_buffers"": [null], ""range_flattens"": [null], ""load_eviction_policies"": [""last"", """", ""first"", """", """", """", """", ""last""], ""num_warps"": 16, ""num_stages"": 5, ""indexing"": [""pointer"", ""pointer"", ""pointer"", ""pointer"", ""pointer"", ""pointer"", ""tensor_descriptor"", ""pointer"", ""pointer"", ""tensor_descriptor""], ""pid_type"": ""flat""}","{""arg0_ndim"": 2, ""arg0_dim0"": 4096, ""arg0_dim1"": 26624, ""arg0_numel"": 109051904, ""arg0_dtype"": ""torch.float16"", ""arg0_dtype_size"": 2, ""arg0_dtype_cat"": 2, ""arg1_ndim"": 1, ""arg1_dim0"": 26624, ""arg1_numel"": 26624, ""arg1_dtype"": ""torch.float16"", ""arg1_dtype_size"": 2, ""arg1_dtype_cat"": 2, ""arg2_ndim"": 1, ""arg2_dim0"": 26624, ""arg2_numel"": 26624, ""arg2_dtype"": ""torch.float16"", ""arg2_dtype_size"": 2, ""arg2_dtype_cat"": 2}",0.09833600372076035
layer_norm,a95b1ff86aae70fb,0531906226c3040e,"{""block_sizes"": [1], ""reduction_loops"": [4096], ""range_unroll_factors"": [0], ""range_warp_specializes"": [null], ""range_num_stages"": [0], ""range_multi_buffers"": [null], ""range_flattens"": [null], ""load_eviction_policies"": [""last"", """", ""first"", """", """", """", """", ""last""], ""num_warps"": 16, ""num_stages"": 5, ""indexing"": [""pointer"", ""pointer"", ""pointer"", ""pointer"", ""pointer"", ""pointer"", ""tensor_descriptor"", ""pointer"", ""pointer"", ""tensor_descriptor""], ""pid_type"": ""flat""}","{""arg0_ndim"": 2, ""arg0_dim0"": 4096, ""arg0_dim1"": 27648, ""arg0_numel"": 113246208, ""arg0_dtype"": ""torch.float16"", ""arg0_dtype_size"": 2, ""arg0_dtype_cat"": 2, ""arg1_ndim"": 1, ""arg1_dim0"": 27648, ""arg1_numel"": 27648, ""arg1_dtype"": ""torch.float16"", ""arg1_dtype_size"": 2, ""arg1_dtype_cat"": 2, ""arg2_ndim"": 1, ""arg2_dim0"": 27648, ""arg2_numel"": 27648, ""arg2_dtype"": ""torch.float16"", ""arg2_dtype_size"": 2, ""arg2_dtype_cat"": 2}",0.10038399696350098
layer_norm,bb58378c1f0ddd53,0531906226c3040e,"{""block_sizes"": [1], ""reduction_loops"": [4096], ""range_unroll_factors"": [0], ""range_warp_specializes"": [null], ""range_num_stages"": [0], ""range_multi_buffers"": [null], ""range_flattens"": [null], ""load_eviction_policies"": [""last"", """", ""first"", """", """", """", """", ""last""], ""num_warps"": 16, ""num_stages"": 5, ""indexing"": [""pointer"", ""pointer"", ""pointer"", ""pointer"", ""pointer"", ""pointer"", ""tensor_descriptor"", ""pointer"", ""pointer"", ""tensor_descriptor""], ""pid_type"": ""flat""}","{""arg0_ndim"": 2, ""arg0_dim0"": 4096, ""arg0_dim1"": 28672, ""arg0_numel"": 117440512, ""arg0_dtype"": ""torch.float16"", ""arg0_dtype_size"": 2, ""arg0_dtype_cat"": 2, ""arg1_ndim"": 1, ""arg1_dim0"": 28672, ""arg1_numel"": 28672, ""arg1_dtype"": ""torch.float16"", ""arg1_dtype_size"": 2, ""arg1_dtype_cat"": 2, ""arg2_ndim"": 1, ""arg2_dim0"": 28672, ""arg2_numel"": 28672, ""arg2_dtype"": ""torch.float16"", ""arg2_dtype_size"": 2, ""arg2_dtype_cat"": 2}",0.1005759984254837
layer_norm,4ee5afbb1d11e75d,0531906226c3040e,"{""block_sizes"": [1], ""reduction_loops"": [4096], ""range_unroll_factors"": [0], ""range_warp_specializes"": [null], ""range_num_stages"": [0], ""range_multi_buffers"": [null], ""range_flattens"": [null], ""load_eviction_policies"": [""last"", """", ""first"", """", """", """", """", ""last""], ""num_warps"": 16, ""num_stages"": 5, ""indexing"": [""pointer"", ""pointer"", ""pointer"", ""pointer"", ""pointer"", ""pointer"", ""tensor_descriptor"", ""pointer"", ""pointer"", ""tensor_descriptor""], ""pid_type"": ""flat""}","{""arg0_ndim"": 2, ""arg0_dim0"": 4096, ""arg0_dim1"": 29696, ""arg0_numel"": 121634816, ""arg0_dtype"": ""torch.float16"", ""arg0_dtype_size"": 2, ""arg0_dtype_cat"": 2, ""arg1_ndim"": 1, ""arg1_dim0"": 29696, ""arg1_numel"": 29696, ""arg1_dtype"": ""torch.float16"", ""arg1_dtype_size"": 2, ""arg1_dtype_cat"": 2, ""arg2_ndim"": 1, ""arg2_dim0"": 29696, ""arg2_numel"": 29696, ""arg2_dtype"": ""torch.float16"", ""arg2_dtype_size"": 2, ""arg2_dtype_cat"": 2}",0.10857599973678589
layer_norm,e729f459b57a68e6,04b1dd92c370cc99,"{""block_sizes"": [2], ""reduction_loops"": [null], ""range_unroll_factors"": [0], ""range_warp_specializes"": [null], ""range_num_stages"": [0], ""range_multi_buffers"": [null], ""range_flattens"": [null], ""load_eviction_policies"": [""last"", """", ""last"", ""last"", ""first"", ""first"", """", ""last""], ""num_warps"": 4, ""num_stages"": 1, ""indexing"": [""pointer"", ""pointer"", ""pointer"", ""tensor_descriptor"", ""tensor_descriptor"", ""tensor_descriptor"", ""tensor_descriptor"", ""tensor_descriptor"", ""tensor_descriptor"", ""pointer""], ""atomic_indexing"": [], ""pid_type"": ""flat""}","{""arg0_ndim"": 2, ""arg0_dim0"": 4096, ""arg0_dim1"": 1024, ""arg0_numel"": 4194304, ""arg0_dtype"": ""torch.float16"", ""arg0_dtype_size"": 2, ""arg0_dtype_cat"": 2, ""arg1_ndim"": 1, ""arg1_dim0"": 1024, ""arg1_numel"": 1024, ""arg1_dtype"": ""torch.float16"", ""arg1_dtype_size"": 2, ""arg1_dtype_cat"": 2, ""arg2_ndim"": 1, ""arg2_dim0"": 1024, ""arg2_numel"": 1024, ""arg2_dtype"": ""torch.float16"", ""arg2_dtype_size"": 2, ""arg2_dtype_cat"": 2}",0.008259414897486802
layer_norm,e729f459b57a68e6,186fed3761377dbd,"{""block_sizes"": [1], ""reduction_loops"": [null], ""range_unroll_factors"": [0], ""range_warp_specializes"": [null], ""range_num_stages"": [0], ""range_multi_buffers"": [null], ""range_flattens"": [null], ""load_eviction_policies"": ["""", """", ""last"", """", ""last"", ""first"", ""last"", ""first""], ""num_warps"": 4, ""num_stages"": 7, ""indexing"": [""tensor_descriptor"", ""pointer"", ""tensor_descriptor"", ""pointer"", ""tensor_descriptor"", ""tensor_descriptor"", ""pointer"", ""pointer"", ""tensor_descriptor"", ""tensor_descriptor""], ""atomic_indexing"": [], ""pid_type"": ""flat""}","{""arg0_ndim"": 2, ""arg0_dim0"": 4096, ""arg0_dim1"": 1024, ""arg0_numel"": 4194304, ""arg0_dtype"": ""torch.float16"", ""arg0_dtype_size"": 2, ""arg0_dtype_cat"": 2, ""arg1_ndim"": 1, ""arg1_dim0"": 1024, ""arg1_numel"": 1024, ""arg1_dtype"": ""torch.float16"", ""arg1_dtype_size"": 2, ""arg1_dtype_cat"": 2, ""arg2_ndim"": 1, ""arg2_dim0"": 1024, ""arg2_numel"": 1024, ""arg2_dtype"": ""torch.float16"", ""arg2_dtype_size"": 2, ""arg2_dtype_cat"": 2}",0.01020621213411862
layer_norm,937e37d1885236d4,04b1dd92c370cc99,"{""block_sizes"": [2], ""reduction_loops"": [null], ""range_unroll_factors"": [0], ""range_warp_specializes"": [null], ""range_num_stages"": [0], ""range_multi_buffers"": [null], ""range_flattens"": [null], ""load_eviction_policies"": [""last"", """", ""last"", ""last"", ""first"", ""first"", """", ""last""], ""num_warps"": 4, ""num_stages"": 1, ""indexing"": [""pointer"", ""pointer"", ""pointer"", ""tensor_descriptor"", ""tensor_descriptor"", ""tensor_descriptor"", ""tensor_descriptor"", ""tensor_descriptor"", ""tensor_descriptor"", ""pointer""], ""atomic_indexing"": [], ""pid_type"": ""flat""}","{""arg0_ndim"": 2, ""arg0_dim0"": 4096, ""arg0_dim1"": 1536, ""arg0_numel"": 6291456, ""arg0_dtype"": ""torch.float16"", ""arg0_dtype_size"": 2, ""arg0_dtype_cat"": 2, ""arg1_ndim"": 1, ""arg1_dim0"": 1536, ""arg1_numel"": 1536, ""arg1_dtype"": ""torch.float16"", ""arg1_dtype_size"": 2, ""arg1_dtype_cat"": 2, ""arg2_ndim"": 1, ""arg2_dim0"": 1536, ""arg2_numel"": 1536, ""arg2_dtype"": ""torch.float16"", ""arg2_dtype_size"": 2, ""arg2_dtype_cat"": 2}",0.010285214474029254
layer_norm,937e37d1885236d4,186fed3761377dbd,"{""block_sizes"": [1], ""reduction_loops"": [null], ""range_unroll_factors"": [0], ""range_warp_specializes"": [null], ""range_num_stages"": [0], ""range_multi_buffers"": [null], ""range_flattens"": [null], ""load_eviction_policies"": ["""", """", ""last"", """", ""last"", ""first"", ""last"", ""first""], ""num_warps"": 4, ""num_stages"": 7, ""indexing"": [""tensor_descriptor"", ""pointer"", ""tensor_descriptor"", ""pointer"", ""tensor_descriptor"", ""tensor_descriptor"", ""pointer"", ""pointer"", ""tensor_descriptor"", ""tensor_descriptor""], ""atomic_indexing"": [], ""pid_type"": ""flat""}","{""arg0_ndim"": 2, ""arg0_dim0"": 4096, ""arg0_dim1"": 1536, ""arg0_numel"": 6291456, ""arg0_dtype"": ""torch.float16"", ""arg0_dtype_size"": 2, ""arg0_dtype_cat"": 2, ""arg1_ndim"": 1, ""arg1_dim0"": 1536, ""arg1_numel"": 1536, ""arg1_dtype"": ""torch.float16"", ""arg1_dtype_size"": 2, ""arg1_dtype_cat"": 2, ""arg2_ndim"": 1, ""arg2_dim0"": 1536, ""arg2_numel"": 1536, ""arg2_dtype"": ""torch.float16"", ""arg2_dtype_size"": 2, ""arg2_dtype_cat"": 2}",0.011171345771639831
layer_norm,8baf0dd224ad9805,04b1dd92c370cc99,"{""block_sizes"": [2], ""reduction_loops"": [null], ""range_unroll_factors"": [0], ""range_warp_specializes"": [null], ""range_num_stages"": [0], ""range_multi_buffers"": [null], ""range_flattens"": [null], ""load_eviction_policies"": [""last"", """", ""last"", ""last"", ""first"", ""first"", """", ""last""], ""num_warps"": 4, ""num_stages"": 1, ""indexing"": [""pointer"", ""pointer"", ""pointer"", ""tensor_descriptor"", ""tensor_descriptor"", ""tensor_descriptor"", ""tensor_descriptor"", ""tensor_descriptor"", ""tensor_descriptor"", ""pointer""], ""atomic_indexing"": [], ""pid_type"": ""flat""}","{""arg0_ndim"": 2, ""arg0_dim0"": 4096, ""arg0_dim1"": 2048, ""arg0_numel"": 8388608, ""arg0_dtype"": ""torch.float16"", ""arg0_dtype_size"": 2, ""arg0_dtype_cat"": 2, ""arg1_ndim"": 1, ""arg1_dim0"": 2048, ""arg1_numel"": 2048, ""arg1_dtype"": ""torch.float16"", ""arg1_dtype_size"": 2, ""arg1_dtype_cat"": 2, ""arg2_ndim"": 1, ""arg2_dim0"": 2048, ""arg2_numel"": 2048, ""arg2_dtype"": ""torch.float16"", ""arg2_dtype_size"": 2, ""arg2_dtype_cat"": 2}",0.011661036466164863
layer_norm,8baf0dd224ad9805,186fed3761377dbd,"{""block_sizes"": [1], ""reduction_loops"": [null], ""range_unroll_factors"": [0], ""range_warp_specializes"": [null], ""range_num_stages"": [0], ""range_multi_buffers"": [null], ""range_flattens"": [null], ""load_eviction_policies"": ["""", """", ""last"", """", ""last"", ""first"", ""last"", ""first""], ""num_warps"": 4, ""num_stages"": 7, ""indexing"": [""tensor_descriptor"", ""pointer"", ""tensor_descriptor"", ""pointer"", ""tensor_descriptor"", ""tensor_descriptor"", ""pointer"", ""pointer"", ""tensor_descriptor"", ""tensor_descriptor""], ""atomic_indexing"": [], ""pid_type"": ""flat""}","{""arg0_ndim"": 2, ""arg0_dim0"": 4096, ""arg0_dim1"": 2048, ""arg0_numel"": 8388608, ""arg0_dtype"": ""torch.float16"", ""arg0_dtype_size"": 2, ""arg0_dtype_cat"": 2, ""arg1_ndim"": 1, ""arg1_dim0"": 2048, ""arg1_numel"": 2048, ""arg1_dtype"": ""torch.float16"", ""arg1_dtype_size"": 2, ""arg1_dtype_cat"": 2, ""arg2_ndim"": 1, ""arg2_dim0"": 2048, ""arg2_numel"": 2048, ""arg2_dtype"": ""torch.float16"", ""arg2_dtype_size"": 2, ""arg2_dtype_cat"": 2}",0.012274709118861858
layer_norm,3f0dc6cdcb9e3ba6,04b1dd92c370cc99,"{""block_sizes"": [2], ""reduction_loops"": [null], ""range_unroll_factors"": [0], ""range_warp_specializes"": [null], ""range_num_stages"": [0], ""range_multi_buffers"": [null], ""range_flattens"": [null], ""load_eviction_policies"": [""last"", """", ""last"", ""last"", ""first"", ""first"", """", ""last""], ""num_warps"": 4, ""num_stages"": 1, ""indexing"": [""pointer"", ""pointer"", ""pointer"", ""tensor_descriptor"", ""tensor_descriptor"", ""tensor_descriptor"", ""tensor_descriptor"", ""tensor_descriptor"", ""tensor_descriptor"", ""pointer""], ""atomic_indexing"": [], ""pid_type"": ""flat""}","{""arg0_ndim"": 2, ""arg0_dim0"": 4096, ""arg0_dim1"": 2560, ""arg0_numel"": 10485760, ""arg0_dtype"": ""torch.float16"", ""arg0_dtype_size"": 2, ""arg0_dtype_cat"": 2, ""arg1_ndim"": 1, ""arg1_dim0"": 2560, ""arg1_numel"": 2560, ""arg1_dtype"": ""torch.float16"", ""arg1_dtype_size"": 2, ""arg1_dtype_cat"": 2, ""arg2_ndim"": 1, ""arg2_dim0"": 2560, ""arg2_numel"": 2560, ""arg2_dtype"": ""torch.float16"", ""arg2_dtype_size"": 2, ""arg2_dtype_cat"": 2}",0.014385869593673346
layer_norm,3f0dc6cdcb9e3ba6,186fed3761377dbd,"{""block_sizes"": [1], ""reduction_loops"": [null], ""range_unroll_factors"": [0], ""range_warp_specializes"": [null], ""range_num_stages"": [0], ""range_multi_buffers"": [null], ""range_flattens"": [null], ""load_eviction_policies"": ["""", """", ""last"", """", ""last"", ""first"", ""last"", ""first""], ""num_warps"": 4, ""num_stages"": 7, ""indexing"": [""tensor_descriptor"", ""pointer"", ""tensor_descriptor"", ""pointer"", ""tensor_descriptor"", ""tensor_descriptor"", ""pointer"", ""pointer"", ""tensor_descriptor"", ""tensor_descriptor""], ""atomic_indexing"": [], ""pid_type"": ""flat""}","{""arg0_ndim"": 2, ""arg0_dim0"": 4096, ""arg0_dim1"": 2560, ""arg0_numel"": 10485760, ""arg0_dtype"": ""torch.float16"", ""arg0_dtype_size"": 2, ""arg0_dtype_cat"": 2, ""arg1_ndim"": 1, ""arg1_dim0"": 2560, ""arg1_numel"": 2560, ""arg1_dtype"": ""torch.float16"", ""arg1_dtype_size"": 2, ""arg1_dtype_cat"": 2, ""arg2_ndim"": 1, ""arg2_dim0"": 2560, ""arg2_numel"": 2560, ""arg2_dtype"": ""torch.float16"", ""arg2_dtype_size"": 2, ""arg2_dtype_cat"": 2}",0.01438935140728833
layer_norm,734abf833efb1beb,04b1dd92c370cc99,"{""block_sizes"": [2], ""reduction_loops"": [null], ""range_unroll_factors"": [0], ""range_warp_specializes"": [null], ""range_num_stages"": [0], ""range_multi_buffers"": [null], ""range_flattens"": [null], ""load_eviction_policies"": [""last"", """", ""last"", ""last"", ""first"", ""first"", """", ""last""], ""num_warps"": 4, ""num_stages"": 1, ""indexing"": [""pointer"", ""pointer"", ""pointer"", ""tensor_descriptor"", ""tensor_descriptor"", ""tensor_descriptor"", ""tensor_descriptor"", ""tensor_descriptor"", ""tensor_descriptor"", ""pointer""], ""atomic_indexing"": [], ""pid_type"": ""flat""}","{""arg0_ndim"": 2, ""arg0_dim0"": 4096, ""arg0_dim1"": 3072, ""arg0_numel"": 12582912, ""arg0_dtype"": ""torch.float16"", ""arg0_dtype_size"": 2, ""arg0_dtype_cat"": 2, ""arg1_ndim"": 1, ""arg1_dim0"": 3072, ""arg1_numel"": 3072, ""arg1_dtype"": ""torch.float16"", ""arg1_dtype_size"": 2, ""arg1_dtype_cat"": 2, ""arg2_ndim"": 1, ""arg2_dim0"": 3072, ""arg2_numel"": 3072, ""arg2_dtype"": ""torch.float16"", ""arg2_dtype_size"": 2, ""arg2_dtype_cat"": 2}",0.01636574898236983
layer_norm,734abf833efb1beb,186fed3761377dbd,"{""block_sizes"": [1], ""reduction_loops"": [null], ""range_unroll_factors"": [0], ""range_warp_specializes"": [null], ""range_num_stages"": [0], ""range_multi_buffers"": [null], ""range_flattens"": [null], ""load_eviction_policies"": ["""", """", ""last"", """", ""last"", ""first"", ""last"", ""first""], ""num_warps"": 4, ""num_stages"": 7, ""indexing"": [""tensor_descriptor"", ""pointer"", ""tensor_descriptor"", ""pointer"", ""tensor_descriptor"", ""tensor_descriptor"", ""pointer"", ""pointer"", ""tensor_descriptor"", ""tensor_descriptor""], ""atomic_indexing"": [], ""pid_type"": ""flat""}","{""arg0_ndim"": 2, ""arg0_dim0"": 4096, ""arg0_dim1"": 3072, ""arg0_numel"": 12582912, ""arg0_dtype"": ""torch.float16"", ""arg0_dtype_size"": 2, ""arg0_dtype_cat"": 2, ""arg1_ndim"": 1, ""arg1_dim0"": 3072, ""arg1_numel"": 3072, ""arg1_dtype"": ""torch.float16"", ""arg1_dtype_size"": 2, ""arg1_dtype_cat"": 2, ""arg2_ndim"": 1, ""arg2_dim0"": 3072, ""arg2_numel"": 3072, ""arg2_dtype"": ""torch.float16"", ""arg2_dtype_size"": 2, ""arg2_dtype_cat"": 2}",0.01629369413229198
layer_norm,08173297e740bac8,04b1dd92c370cc99,"{""block_sizes"": [2], ""reduction_loops"": [null], ""range_unroll_factors"": [0], ""range_warp_specializes"": [null], ""range_num_stages"": [0], ""range_multi_buffers"": [null], ""range_flattens"": [null], ""load_eviction_policies"": [""last"", """", ""last"", ""last"", ""first"", ""first"", """", ""last""], ""num_warps"": 4, ""num_stages"": 1, ""indexing"": [""pointer"", ""pointer"", ""pointer"", ""tensor_descriptor"", ""tensor_descriptor"", ""tensor_descriptor"", ""tensor_descriptor"", ""tensor_descriptor"", ""tensor_descriptor"", ""pointer""], ""atomic_indexing"": [], ""pid_type"": ""flat""}","{""arg0_ndim"": 2, ""arg0_dim0"": 4096, ""arg0_dim1"": 3584, ""arg0_numel"": 14680064, ""arg0_dtype"": ""torch.float16"", ""arg0_dtype_size"": 2, ""arg0_dtype_cat"": 2, ""arg1_ndim"": 1, ""arg1_dim0"": 3584, ""arg1_numel"": 3584, ""arg1_dtype"": ""torch.float16"", ""arg1_dtype_size"": 2, ""arg1_dtype_cat"": 2, ""arg2_ndim"": 1, ""arg2_dim0"": 3584, ""arg2_numel"": 3584, ""arg2_dtype"": ""torch.float16"", ""arg2_dtype_size"": 2, ""arg2_dtype_cat"": 2}",0.018427152987417376
layer_norm,08173297e740bac8,186fed3761377dbd,"{""block_sizes"": [1], ""reduction_loops"": [null], ""range_unroll_factors"": [0], ""range_warp_specializes"": [null], ""range_num_stages"": [0], ""range_multi_buffers"": [null], ""range_flattens"": [null], ""load_eviction_policies"": ["""", """", ""last"", """", ""last"", ""first"", ""last"", ""first""], ""num_warps"": 4, ""num_stages"": 7, ""indexing"": [""tensor_descriptor"", ""pointer"", ""tensor_descriptor"", ""pointer"", ""tensor_descriptor"", ""tensor_descriptor"", ""pointer"", ""pointer"", ""tensor_descriptor"", ""tensor_descriptor""], ""atomic_indexing"": [], ""pid_type"": ""flat""}","{""arg0_ndim"": 2, ""arg0_dim0"": 4096, ""arg0_dim1"": 3584, ""arg0_numel"": 14680064, ""arg0_dtype"": ""torch.float16"", ""arg0_dtype_size"": 2, ""arg0_dtype_cat"": 2, ""arg1_ndim"": 1, ""arg1_dim0"": 3584, ""arg1_numel"": 3584, ""arg1_dtype"": ""torch.float16"", ""arg1_dtype_size"": 2, ""arg1_dtype_cat"": 2, ""arg2_ndim"": 1, ""arg2_dim0"": 3584, ""arg2_numel"": 3584, ""arg2_dtype"": ""torch.float16"", ""arg2_dtype_size"": 2, ""arg2_dtype_cat"": 2}",0.01641132856551866
layer_norm,821fc5b0706bb961,04b1dd92c370cc99,"{""block_sizes"": [2], ""reduction_loops"": [null], ""range_unroll_factors"": [0], ""range_warp_specializes"": [null], ""range_num_stages"": [0], ""range_multi_buffers"": [null], ""range_flattens"": [null], ""load_eviction_policies"": [""last"", """", ""last"", ""last"", ""first"", ""first"", """", ""last""], ""num_warps"": 4, ""num_stages"": 1, ""indexing"": [""pointer"", ""pointer"", ""pointer"", ""tensor_descriptor"", ""tensor_descriptor"", ""tensor_descriptor"", ""tensor_descriptor"", ""tensor_descriptor"", ""tensor_descriptor"", ""pointer""], ""atomic_indexing"": [], ""pid_type"": ""flat""}","{""arg0_ndim"": 2, ""arg0_dim0"": 4096, ""arg0_dim1"": 4096, ""arg0_numel"": 16777216, ""arg0_dtype"": ""torch.float16"", ""arg0_dtype_size"": 2, ""arg0_dtype_cat"": 2, ""arg1_ndim"": 1, ""arg1_dim0"": 4096, ""arg1_numel"": 4096, ""arg1_dtype"": ""torch.float16"", ""arg1_dtype_size"": 2, ""arg1_dtype_cat"": 2, ""arg2_ndim"": 1, ""arg2_dim0"": 4096, ""arg2_numel"": 4096, ""arg2_dtype"": ""torch.float16"", ""arg2_dtype_size"": 2, ""arg2_dtype_cat"": 2}",0.01983080344672956
layer_norm,821fc5b0706bb961,186fed3761377dbd,"{""block_sizes"": [1], ""reduction_loops"": [null], ""range_unroll_factors"": [0], ""range_warp_specializes"": [null], ""range_num_stages"": [0], ""range_multi_buffers"": [null], ""range_flattens"": [null], ""load_eviction_policies"": ["""", """", ""last"", """", ""last"", ""first"", ""last"", ""first""], ""num_warps"": 4, ""num_stages"": 7, ""indexing"": [""tensor_descriptor"", ""pointer"", ""tensor_descriptor"", ""pointer"", ""tensor_descriptor"", ""tensor_descriptor"", ""pointer"", ""pointer"", ""tensor_descriptor"", ""tensor_descriptor""], ""atomic_indexing"": [], ""pid_type"": ""flat""}","{""arg0_ndim"": 2, ""arg0_dim0"": 4096, ""arg0_dim1"": 4096, ""arg0_numel"": 16777216, ""arg0_dtype"": ""torch.float16"", ""arg0_dtype_size"": 2, ""arg0_dtype_cat"": 2, ""arg1_ndim"": 1, ""arg1_dim0"": 4096, ""arg1_numel"": 4096, ""arg1_dtype"": ""torch.float16"", ""arg1_dtype_size"": 2, ""arg1_dtype_cat"": 2, ""arg2_ndim"": 1, ""arg2_dim0"": 4096, ""arg2_numel"": 4096, ""arg2_dtype"": ""torch.float16"", ""arg2_dtype_size"": 2, ""arg2_dtype_cat"": 2}",0.018376242639692304
layer_norm,18cf8a14312b2233,04b1dd92c370cc99,"{""block_sizes"": [2], ""reduction_loops"": [null], ""range_unroll_factors"": [0], ""range_warp_specializes"": [null], ""range_num_stages"": [0], ""range_multi_buffers"": [null], ""range_flattens"": [null], ""load_eviction_policies"": [""last"", """", ""last"", ""last"", ""first"", ""first"", """", ""last""], ""num_warps"": 4, ""num_stages"": 1, ""indexing"": [""pointer"", ""pointer"", ""pointer"", ""tensor_descriptor"", ""tensor_descriptor"", ""tensor_descriptor"", ""tensor_descriptor"", ""tensor_descriptor"", ""tensor_descriptor"", ""pointer""], ""atomic_indexing"": [], ""pid_type"": ""flat""}","{""arg0_ndim"": 2, ""arg0_dim0"": 4096, ""arg0_dim1"": 4608, ""arg0_numel"": 18874368, ""arg0_dtype"": ""torch.float16"", ""arg0_dtype_size"": 2, ""arg0_dtype_cat"": 2, ""arg1_ndim"": 1, ""arg1_dim0"": 4608, ""arg1_numel"": 4608, ""arg1_dtype"": ""torch.float16"", ""arg1_dtype_size"": 2, ""arg1_dtype_cat"": 2, ""arg2_ndim"": 1, ""arg2_dim0"": 4608, ""arg2_numel"": 4608, ""arg2_dtype"": ""torch.float16"", ""arg2_dtype_size"": 2, ""arg2_dtype_cat"": 2}",0.030761541318028204
layer_norm,18cf8a14312b2233,186fed3761377dbd,"{""block_sizes"": [1], ""reduction_loops"": [null], ""range_unroll_factors"": [0], ""range_warp_specializes"": [null], ""range_num_stages"": [0], ""range_multi_buffers"": [null], ""range_flattens"": [null], ""load_eviction_policies"": ["""", """", ""last"", """", ""last"", ""first"", ""last"", ""first""], ""num_warps"": 4, ""num_stages"": 7, ""indexing"": [""tensor_descriptor"", ""pointer"", ""tensor_descriptor"", ""pointer"", ""tensor_descriptor"", ""tensor_descriptor"", ""pointer"", ""pointer"", ""tensor_descriptor"", ""tensor_descriptor""], ""atomic_indexing"": [], ""pid_type"": ""flat""}","{""arg0_ndim"": 2, ""arg0_dim0"": 4096, ""arg0_dim1"": 4608, ""arg0_numel"": 18874368, ""arg0_dtype"": ""torch.float16"", ""arg0_dtype_size"": 2, ""arg0_dtype_cat"": 2, ""arg1_ndim"": 1, ""arg1_dim0"": 4608, ""arg1_numel"": 4608, ""arg1_dtype"": ""torch.float16"", ""arg1_dtype_size"": 2, ""arg1_dtype_cat"": 2, ""arg2_ndim"": 1, ""arg2_dim0"": 4608, ""arg2_numel"": 4608, ""arg2_dtype"": ""torch.float16"", ""arg2_dtype_size"": 2, ""arg2_dtype_cat"": 2}",0.028659670299717357
layer_norm,93a74e8591eadff7,04b1dd92c370cc99,"{""block_sizes"": [2], ""reduction_loops"": [null], ""range_unroll_factors"": [0], ""range_warp_specializes"": [null], ""range_num_stages"": [0], ""range_multi_buffers"": [null], ""range_flattens"": [null], ""load_eviction_policies"": [""last"", """", ""last"", ""last"", ""first"", ""first"", """", ""last""], ""num_warps"": 4, ""num_stages"": 1, ""indexing"": [""pointer"", ""pointer"", ""pointer"", ""tensor_descriptor"", ""tensor_descriptor"", ""tensor_descriptor"", ""tensor_descriptor"", ""tensor_descriptor"", ""tensor_descriptor"", ""pointer""], ""atomic_indexing"": [], ""pid_type"": ""flat""}","{""arg0_ndim"": 2, ""arg0_dim0"": 4096, ""arg0_dim1"": 5120, ""arg0_numel"": 20971520, ""arg0_dtype"": ""torch.float16"", ""arg0_dtype_size"": 2, ""arg0_dtype_cat"": 2, ""arg1_ndim"": 1, ""arg1_dim0"": 5120, ""arg1_numel"": 5120, ""arg1_dtype"": ""torch.float16"", ""arg1_dtype_size"": 2, ""arg1_dtype_cat"": 2, ""arg2_ndim"": 1, ""arg2_dim0"": 5120, ""arg2_numel"": 5120, ""arg2_dtype"": ""torch.float16"", ""arg2_dtype_size"": 2, ""arg2_dtype_cat"": 2}",0.032642275463053566
layer_norm,93a74e8591eadff7,186fed3761377dbd,"{""block_sizes"": [1], ""reduction_loops"": [null], ""range_unroll_factors"": [0], ""range_warp_specializes"": [null], ""range_num_stages"": [0], ""range_multi_buffers"": [null], ""range_flattens"": [null], ""load_eviction_policies"": ["""", """", ""last"", """", ""last"", ""first"", ""last"", ""first""], ""num_warps"": 4, ""num_stages"": 7, ""indexing"": [""tensor_descriptor"", ""pointer"", ""tensor_descriptor"", ""pointer"", ""tensor_descriptor"", ""tensor_descriptor"", ""pointer"", ""pointer"", ""tensor_descriptor"", ""tensor_descriptor""], ""atomic_indexing"": [], ""pid_type"": ""flat""}","{""arg0_ndim"": 2, ""arg0_dim0"": 4096, ""arg0_dim1"": 5120, ""arg0_numel"": 20971520, ""arg0_dtype"": ""torch.float16"", ""arg0_dtype_size"": 2, ""arg0_dtype_cat"": 2, ""arg1_ndim"": 1, ""arg1_dim0"": 5120, ""arg1_numel"": 5120, ""arg1_dtype"": ""torch.float16"", ""arg1_dtype_size"": 2, ""arg1_dtype_cat"": 2, ""arg2_ndim"": 1, ""arg2_dim0"": 5120, ""arg2_numel"": 5120, ""arg2_dtype"": ""torch.float16"", ""arg2_dtype_size"": 2, ""arg2_dtype_cat"": 2}",0.029980836737698163
layer_norm,8be1c16b145d0d29,04b1dd92c370cc99,"{""block_sizes"": [2], ""reduction_loops"": [null], ""range_unroll_factors"": [0], ""range_warp_specializes"": [null], ""range_num_stages"": [0], ""range_multi_buffers"": [null], ""range_flattens"": [null], ""load_eviction_policies"": [""last"", """", ""last"", ""last"", ""first"", ""first"", """", ""last""], ""num_warps"": 4, ""num_stages"": 1, ""indexing"": [""pointer"", ""pointer"", ""pointer"", ""tensor_descriptor"", ""tensor_descriptor"", ""tensor_descriptor"", ""tensor_descriptor"", ""tensor_descriptor"", ""tensor_descriptor"", ""pointer""], ""atomic_indexing"": [], ""pid_type"": ""flat""}","{""arg0_ndim"": 2, ""arg0_dim0"": 4096, ""arg0_dim1"": 5632, ""arg0_numel"": 23068672, ""arg0_dtype"": ""torch.float16"", ""arg0_dtype_size"": 2, ""arg0_dtype_cat"": 2, ""arg1_ndim"": 1, ""arg1_dim0"": 5632, ""arg1_numel"": 5632, ""arg1_dtype"": ""torch.float16"", ""arg1_dtype_size"": 2, ""arg1_dtype_cat"": 2, ""arg2_ndim"": 1, ""arg2_dim0"": 5632, ""arg2_numel"": 5632, ""arg2_dtype"": ""torch.float16"", ""arg2_dtype_size"": 2, ""arg2_dtype_cat"": 2}",0.032767659128335964
layer_norm,8be1c16b145d0d29,186fed3761377dbd,"{""block_sizes"": [1], ""reduction_loops"": [null], ""range_unroll_factors"": [0], ""range_warp_specializes"": [null], ""range_num_stages"": [0], ""range_multi_buffers"": [null], ""range_flattens"": [null], ""load_eviction_policies"": ["""", """", ""last"", """", ""last"", ""first"", ""last"", ""first""], ""num_warps"": 4, ""num_stages"": 7, ""indexing"": [""tensor_descriptor"", ""pointer"", ""tensor_descriptor"", ""pointer"", ""tensor_descriptor"", ""tensor_descriptor"", ""pointer"", ""pointer"", ""tensor_descriptor"", ""tensor_descriptor""], ""atomic_indexing"": [], ""pid_type"": ""flat""}","{""arg0_ndim"": 2, ""arg0_dim0"": 4096, ""arg0_dim1"": 5632, ""arg0_numel"": 23068672, ""arg0_dtype"": ""torch.float16"", ""arg0_dtype_size"": 2, ""arg0_dtype_cat"": 2, ""arg1_ndim"": 1, ""arg1_dim0"": 5632, ""arg1_numel"": 5632, ""arg1_dtype"": ""torch.float16"", ""arg1_dtype_size"": 2, ""arg1_dtype_cat"": 2, ""arg2_ndim"": 1, ""arg2_dim0"": 5632, ""arg2_numel"": 5632, ""arg2_dtype"": ""torch.float16"", ""arg2_dtype_size"": 2, ""arg2_dtype_cat"": 2}",0.030793064654039626
layer_norm,76dce875a17ac883,04b1dd92c370cc99,"{""block_sizes"": [2], ""reduction_loops"": [null], ""range_unroll_factors"": [0], ""range_warp_specializes"": [null], ""range_num_stages"": [0], ""range_multi_buffers"": [null], ""range_flattens"": [null], ""load_eviction_policies"": [""last"", """", ""last"", ""last"", ""first"", ""first"", """", ""last""], ""num_warps"": 4, ""num_stages"": 1, ""indexing"": [""pointer"", ""pointer"", ""pointer"", ""tensor_descriptor"", ""tensor_descriptor"", ""tensor_descriptor"", ""tensor_descriptor"", ""tensor_descriptor"", ""tensor_descriptor"", ""pointer""], ""atomic_indexing"": [], ""pid_type"": ""flat""}","{""arg0_ndim"": 2, ""arg0_dim0"": 4096, ""arg0_dim1"": 6144, ""arg0_numel"": 25165824, ""arg0_dtype"": ""torch.float16"", ""arg0_dtype_size"": 2, ""arg0_dtype_cat"": 2, ""arg1_ndim"": 1, ""arg1_dim0"": 6144, ""arg1_numel"": 6144, ""arg1_dtype"": ""torch.float16"", ""arg1_dtype_size"": 2, ""arg1_dtype_cat"": 2, ""arg2_ndim"": 1, ""arg2_dim0"": 6144, ""arg2_numel"": 6144, ""arg2_dtype"": ""torch.float16"", ""arg2_dtype_size"": 2, ""arg2_dtype_cat"": 2}",0.03285807681580385
layer_norm,76dce875a17ac883,186fed3761377dbd,"{""block_sizes"": [1], ""reduction_loops"": [null], ""range_unroll_factors"": [0], ""range_warp_specializes"": [null], ""range_num_stages"": [0], ""range_multi_buffers"": [null], ""range_flattens"": [null], ""load_eviction_policies"": ["""", """", ""last"", """", ""last"", ""first"", ""last"", ""first""], ""num_warps"": 4, ""num_stages"": 7, ""indexing"": [""tensor_descriptor"", ""pointer"", ""tensor_descriptor"", ""pointer"", ""tensor_descriptor"", ""tensor_descriptor"", ""pointer"", ""pointer"", ""tensor_descriptor"", ""tensor_descriptor""], ""atomic_indexing"": [], ""pid_type"": ""flat""}","{""arg0_ndim"": 2, ""arg0_dim0"": 4096, ""arg0_dim1"": 6144, ""arg0_numel"": 25165824, ""arg0_dtype"": ""torch.float16"", ""arg0_dtype_size"": 2, ""arg0_dtype_cat"": 2, ""arg1_ndim"": 1, ""arg1_dim0"": 6144, ""arg1_numel"": 6144, ""arg1_dtype"": ""torch.float16"", ""arg1_dtype_size"": 2, ""arg1_dtype_cat"": 2, ""arg2_ndim"": 1, ""arg2_dim0"": 6144, ""arg2_numel"": 6144, ""arg2_dtype"": ""torch.float16"", ""arg2_dtype_size"": 2, ""arg2_dtype_cat"": 2}",0.03249431129802378
layer_norm,316af1228858a93c,04b1dd92c370cc99,"{""block_sizes"": [2], ""reduction_loops"": [null], ""range_unroll_factors"": [0], ""range_warp_specializes"": [null], ""range_num_stages"": [0], ""range_multi_buffers"": [null], ""range_flattens"": [null], ""load_eviction_policies"": [""last"", """", ""last"", ""last"", ""first"", ""first"", """", ""last""], ""num_warps"": 4, ""num_stages"": 1, ""indexing"": [""pointer"", ""pointer"", ""pointer"", ""tensor_descriptor"", ""tensor_descriptor"", ""tensor_descriptor"", ""tensor_descriptor"", ""tensor_descriptor"", ""tensor_descriptor"", ""pointer""], ""atomic_indexing"": [], ""pid_type"": ""flat""}","{""arg0_ndim"": 2, ""arg0_dim0"": 4096, ""arg0_dim1"": 6656, ""arg0_numel"": 27262976, ""arg0_dtype"": ""torch.float16"", ""arg0_dtype_size"": 2, ""arg0_dtype_cat"": 2, ""arg1_ndim"": 1, ""arg1_dim0"": 6656, ""arg1_numel"": 6656, ""arg1_dtype"": ""torch.float16"", ""arg1_dtype_size"": 2, ""arg1_dtype_cat"": 2, ""arg2_ndim"": 1, ""arg2_dim0"": 6656, ""arg2_numel"": 6656, ""arg2_dtype"": ""torch.float16"", ""arg2_dtype_size"": 2, ""arg2_dtype_cat"": 2}",0.034756431592017245
layer_norm,316af1228858a93c,186fed3761377dbd,"{""block_sizes"": [1], ""reduction_loops"": [null], ""range_unroll_factors"": [0], ""range_warp_specializes"": [null], ""range_num_stages"": [0], ""range_multi_buffers"": [null], ""range_flattens"": [null], ""load_eviction_policies"": ["""", """", ""last"", """", ""last"", ""first"", ""last"", ""first""], ""num_warps"": 4, ""num_stages"": 7, ""indexing"": [""tensor_descriptor"", ""pointer"", ""tensor_descriptor"", ""pointer"", ""tensor_descriptor"", ""tensor_descriptor"", ""pointer"", ""pointer"", ""tensor_descriptor"", ""tensor_descriptor""], ""atomic_indexing"": [], ""pid_type"": ""flat""}","{""arg0_ndim"": 2, ""arg0_dim0"": 4096, ""arg0_dim1"": 6656, ""arg0_numel"": 27262976, ""arg0_dtype"": ""torch.float16"", ""arg0_dtype_size"": 2, ""arg0_dtype_cat"": 2, ""arg1_ndim"": 1, ""arg1_dim0"": 6656, ""arg1_numel"": 6656, ""arg1_dtype"": ""torch.float16"", ""arg1_dtype_size"": 2, ""arg1_dtype_cat"": 2, ""arg2_ndim"": 1, ""arg2_dim0"": 6656, ""arg2_numel"": 6656, ""arg2_dtype"": ""torch.float16"", ""arg2_dtype_size"": 2, ""arg2_dtype_cat"": 2}",0.03375386286177029
layer_norm,be1d93123bdcc453,04b1dd92c370cc99,"{""block_sizes"": [2], ""reduction_loops"": [null], ""range_unroll_factors"": [0], ""range_warp_specializes"": [null], ""range_num_stages"": [0], ""range_multi_buffers"": [null], ""range_flattens"": [null], ""load_eviction_policies"": [""last"", """", ""last"", ""last"", ""first"", ""first"", """", ""last""], ""num_warps"": 4, ""num_stages"": 1, ""indexing"": [""pointer"", ""pointer"", ""pointer"", ""tensor_descriptor"", ""tensor_descriptor"", ""tensor_descriptor"", ""tensor_descriptor"", ""tensor_descriptor"", ""tensor_descriptor"", ""pointer""], ""atomic_indexing"": [], ""pid_type"": ""flat""}","{""arg0_ndim"": 2, ""arg0_dim0"": 4096, ""arg0_dim1"": 7168, ""arg0_numel"": 29360128, ""arg0_dtype"": ""torch.float16"", ""arg0_dtype_size"": 2, ""arg0_dtype_cat"": 2, ""arg1_ndim"": 1, ""arg1_dim0"": 7168, ""arg1_numel"": 7168, ""arg1_dtype"": ""torch.float16"", ""arg1_dtype_size"": 2, ""arg1_dtype_cat"": 2, ""arg2_ndim"": 1, ""arg2_dim0"": 7168, ""arg2_numel"": 7168, ""arg2_dtype"": ""torch.float16"", ""arg2_dtype_size"": 2, ""arg2_dtype_cat"": 2}",0.034842280747266266
layer_norm,be1d93123bdcc453,186fed3761377dbd,"{""block_sizes"": [1], ""reduction_loops"": [null], ""range_unroll_factors"": [0], ""range_warp_specializes"": [null], ""range_num_stages"": [0], ""range_multi_buffers"": [null], ""range_flattens"": [null], ""load_eviction_policies"": ["""", """", ""last"", """", ""last"", ""first"", ""last"", ""first""], ""num_warps"": 4, ""num_stages"": 7, ""indexing"": [""tensor_descriptor"", ""pointer"", ""tensor_descriptor"", ""pointer"", ""tensor_descriptor"", ""tensor_descriptor"", ""pointer"", ""pointer"", ""tensor_descriptor"", ""tensor_descriptor""], ""atomic_indexing"": [], ""pid_type"": ""flat""}","{""arg0_ndim"": 2, ""arg0_dim0"": 4096, ""arg0_dim1"": 7168, ""arg0_numel"": 29360128, ""arg0_dtype"": ""torch.float16"", ""arg0_dtype_size"": 2, ""arg0_dtype_cat"": 2, ""arg1_ndim"": 1, ""arg1_dim0"": 7168, ""arg1_numel"": 7168, ""arg1_dtype"": ""torch.float16"", ""arg1_dtype_size"": 2, ""arg1_dtype_cat"": 2, ""arg2_ndim"": 1, ""arg2_dim0"": 7168, ""arg2_numel"": 7168, ""arg2_dtype"": ""torch.float16"", ""arg2_dtype_size"": 2, ""arg2_dtype_cat"": 2}",0.03482258494039647
layer_norm,b58c87b45e3d395a,04b1dd92c370cc99,"{""block_sizes"": [2], ""reduction_loops"": [null], ""range_unroll_factors"": [0], ""range_warp_specializes"": [null], ""range_num_stages"": [0], ""range_multi_buffers"": [null], ""range_flattens"": [null], ""load_eviction_policies"": [""last"", """", ""last"", ""last"", ""first"", ""first"", """", ""last""], ""num_warps"": 4, ""num_stages"": 1, ""indexing"": [""pointer"", ""pointer"", ""pointer"", ""tensor_descriptor"", ""tensor_descriptor"", ""tensor_descriptor"", ""tensor_descriptor"", ""tensor_descriptor"", ""tensor_descriptor"", ""pointer""], ""atomic_indexing"": [], ""pid_type"": ""flat""}","{""arg0_ndim"": 2, ""arg0_dim0"": 4096, ""arg0_dim1"": 7680, ""arg0_numel"": 31457280, ""arg0_dtype"": ""torch.float16"", ""arg0_dtype_size"": 2, ""arg0_dtype_cat"": 2, ""arg1_ndim"": 1, ""arg1_dim0"": 7680, ""arg1_numel"": 7680, ""arg1_dtype"": ""torch.float16"", ""arg1_dtype_size"": 2, ""arg1_dtype_cat"": 2, ""arg2_ndim"": 1, ""arg2_dim0"": 7680, ""arg2_numel"": 7680, ""arg2_dtype"": ""torch.float16"", ""arg2_dtype_size"": 2, ""arg2_dtype_cat"": 2}",0.03497922631100781
layer_norm,b58c87b45e3d395a,186fed3761377dbd,"{""block_sizes"": [1], ""reduction_loops"": [null], ""range_unroll_factors"": [0], ""range_warp_specializes"": [null], ""range_num_stages"": [0], ""range_multi_buffers"": [null], ""range_flattens"": [null], ""load_eviction_policies"": ["""", """", ""last"", """", ""last"", ""first"", ""last"", ""first""], ""num_warps"": 4, ""num_stages"": 7, ""indexing"": [""tensor_descriptor"", ""pointer"", ""tensor_descriptor"", ""pointer"", ""tensor_descriptor"", ""tensor_descriptor"", ""pointer"", ""pointer"", ""tensor_descriptor"", ""tensor_descriptor""], ""atomic_indexing"": [], ""pid_type"": ""flat""}","{""arg0_ndim"": 2, ""arg0_dim0"": 4096, ""arg0_dim1"": 7680, ""arg0_numel"": 31457280, ""arg0_dtype"": ""torch.float16"", ""arg0_dtype_size"": 2, ""arg0_dtype_cat"": 2, ""arg1_ndim"": 1, ""arg1_dim0"": 7680, ""arg1_numel"": 7680, ""arg1_dtype"": ""torch.float16"", ""arg1_dtype_size"": 2, ""arg1_dtype_cat"": 2, ""arg2_ndim"": 1, ""arg2_dim0"": 7680, ""arg2_numel"": 7680, ""arg2_dtype"": ""torch.float16"", ""arg2_dtype_size"": 2, ""arg2_dtype_cat"": 2}",0.03549764885929433
layer_norm,91c00f708d3eb2f9,04b1dd92c370cc99,"{""block_sizes"": [2], ""reduction_loops"": [null], ""range_unroll_factors"": [0], ""range_warp_specializes"": [null], ""range_num_stages"": [0], ""range_multi_buffers"": [null], ""range_flattens"": [null], ""load_eviction_policies"": [""last"", """", ""last"", ""last"", ""first"", ""first"", """", ""last""], ""num_warps"": 4, ""num_stages"": 1, ""indexing"": [""pointer"", ""pointer"", ""pointer"", ""tensor_descriptor"", ""tensor_descriptor"", ""tensor_descriptor"", ""tensor_descriptor"", ""tensor_descriptor"", ""tensor_descriptor"", ""pointer""], ""atomic_indexing"": [], ""pid_type"": ""flat""}","{""arg0_ndim"": 2, ""arg0_dim0"": 4096, ""arg0_dim1"": 8192, ""arg0_numel"": 33554432, ""arg0_dtype"": ""torch.float16"", ""arg0_dtype_size"": 2, ""arg0_dtype_cat"": 2, ""arg1_ndim"": 1, ""arg1_dim0"": 8192, ""arg1_numel"": 8192, ""arg1_dtype"": ""torch.float16"", ""arg1_dtype_size"": 2, ""arg1_dtype_cat"": 2, ""arg2_ndim"": 1, ""arg2_dim0"": 8192, ""arg2_numel"": 8192, ""arg2_dtype"": ""torch.float16"", ""arg2_dtype_size"": 2, ""arg2_dtype_cat"": 2}",0.036772270615053906
layer_norm,91c00f708d3eb2f9,186fed3761377dbd,"{""block_sizes"": [1], ""reduction_loops"": [null], ""range_unroll_factors"": [0], ""range_warp_specializes"": [null], ""range_num_stages"": [0], ""range_multi_buffers"": [null], ""range_flattens"": [null], ""load_eviction_policies"": ["""", """", ""last"", """", ""last"", ""first"", ""last"", ""first""], ""num_warps"": 4, ""num_stages"": 7, ""indexing"": [""tensor_descriptor"", ""pointer"", ""tensor_descriptor"", ""pointer"", ""tensor_descriptor"", ""tensor_descriptor"", ""pointer"", ""pointer"", ""tensor_descriptor"", ""tensor_descriptor""], ""atomic_indexing"": [], ""pid_type"": ""flat""}","{""arg0_ndim"": 2, ""arg0_dim0"": 4096, ""arg0_dim1"": 8192, ""arg0_numel"": 33554432, ""arg0_dtype"": ""torch.float16"", ""arg0_dtype_size"": 2, ""arg0_dtype_cat"": 2, ""arg1_ndim"": 1, ""arg1_dim0"": 8192, ""arg1_numel"": 8192, ""arg1_dtype"": ""torch.float16"", ""arg1_dtype_size"": 2, ""arg1_dtype_cat"": 2, ""arg2_ndim"": 1, ""arg2_dim0"": 8192, ""arg2_numel"": 8192, ""arg2_dtype"": ""torch.float16"", ""arg2_dtype_size"": 2, ""arg2_dtype_cat"": 2}",0.03688370259611524
layer_norm,c51d446941a9ae9e,04b1dd92c370cc99,"{""block_sizes"": [2], ""reduction_loops"": [null], ""range_unroll_factors"": [0], ""range_warp_specializes"": [null], ""range_num_stages"": [0], ""range_multi_buffers"": [null], ""range_flattens"": [null], ""load_eviction_policies"": [""last"", """", ""last"", ""last"", ""first"", ""first"", """", ""last""], ""num_warps"": 4, ""num_stages"": 1, ""indexing"": [""pointer"", ""pointer"", ""pointer"", ""tensor_descriptor"", ""tensor_descriptor"", ""tensor_descriptor"", ""tensor_descriptor"", ""tensor_descriptor"", ""tensor_descriptor"", ""pointer""], ""atomic_indexing"": [], ""pid_type"": ""flat""}","{""arg0_ndim"": 2, ""arg0_dim0"": 4096, ""arg0_dim1"": 8704, ""arg0_numel"": 35651584, ""arg0_dtype"": ""torch.float16"", ""arg0_dtype_size"": 2, ""arg0_dtype_cat"": 2, ""arg1_ndim"": 1, ""arg1_dim0"": 8704, ""arg1_numel"": 8704, ""arg1_dtype"": ""torch.float16"", ""arg1_dtype_size"": 2, ""arg1_dtype_cat"": 2, ""arg2_ndim"": 1, ""arg2_dim0"": 8704, ""arg2_numel"": 8704, ""arg2_dtype"": ""torch.float16"", ""arg2_dtype_size"": 2, ""arg2_dtype_cat"": 2}",0.49337494373321533
layer_norm,c51d446941a9ae9e,186fed3761377dbd,"{""block_sizes"": [1], ""reduction_loops"": [null], ""range_unroll_factors"": [0], ""range_warp_specializes"": [null], ""range_num_stages"": [0], ""range_multi_buffers"": [null], ""range_flattens"": [null], ""load_eviction_policies"": ["""", """", ""last"", """", ""last"", ""first"", ""last"", ""first""], ""num_warps"": 4, ""num_stages"": 7, ""indexing"": [""tensor_descriptor"", ""pointer"", ""tensor_descriptor"", ""pointer"", ""tensor_descriptor"", ""tensor_descriptor"", ""pointer"", ""pointer"", ""tensor_descriptor"", ""tensor_descriptor""], ""atomic_indexing"": [], ""pid_type"": ""flat""}","{""arg0_ndim"": 2, ""arg0_dim0"": 4096, ""arg0_dim1"": 8704, ""arg0_numel"": 35651584, ""arg0_dtype"": ""torch.float16"", ""arg0_dtype_size"": 2, ""arg0_dtype_cat"": 2, ""arg1_ndim"": 1, ""arg1_dim0"": 8704, ""arg1_numel"": 8704, ""arg1_dtype"": ""torch.float16"", ""arg1_dtype_size"": 2, ""arg1_dtype_cat"": 2, ""arg2_ndim"": 1, ""arg2_dim0"": 8704, ""arg2_numel"": 8704, ""arg2_dtype"": ""torch.float16"", ""arg2_dtype_size"": 2, ""arg2_dtype_cat"": 2}",0.05846052457477317
layer_norm,88f0b773ab53eaab,04b1dd92c370cc99,"{""block_sizes"": [2], ""reduction_loops"": [null], ""range_unroll_factors"": [0], ""range_warp_specializes"": [null], ""range_num_stages"": [0], ""range_multi_buffers"": [null], ""range_flattens"": [null], ""load_eviction_policies"": [""last"", """", ""last"", ""last"", ""first"", ""first"", """", ""last""], ""num_warps"": 4, ""num_stages"": 1, ""indexing"": [""pointer"", ""pointer"", ""pointer"", ""tensor_descriptor"", ""tensor_descriptor"", ""tensor_descriptor"", ""tensor_descriptor"", ""tensor_descriptor"", ""tensor_descriptor"", ""pointer""], ""atomic_indexing"": [], ""pid_type"": ""flat""}","{""arg0_ndim"": 2, ""arg0_dim0"": 4096, ""arg0_dim1"": 9216, ""arg0_numel"": 37748736, ""arg0_dtype"": ""torch.float16"", ""arg0_dtype_size"": 2, ""arg0_dtype_cat"": 2, ""arg1_ndim"": 1, ""arg1_dim0"": 9216, ""arg1_numel"": 9216, ""arg1_dtype"": ""torch.float16"", ""arg1_dtype_size"": 2, ""arg1_dtype_cat"": 2, ""arg2_ndim"": 1, ""arg2_dim0"": 9216, ""arg2_numel"": 9216, ""arg2_dtype"": ""torch.float16"", ""arg2_dtype_size"": 2, ""arg2_dtype_cat"": 2}",0.4950907100093821
layer_norm,88f0b773ab53eaab,186fed3761377dbd,"{""block_sizes"": [1], ""reduction_loops"": [null], ""range_unroll_factors"": [0], ""range_warp_specializes"": [null], ""range_num_stages"": [0], ""range_multi_buffers"": [null], ""range_flattens"": [null], ""load_eviction_policies"": ["""", """", ""last"", """", ""last"", ""first"", ""last"", ""first""], ""num_warps"": 4, ""num_stages"": 7, ""indexing"": [""tensor_descriptor"", ""pointer"", ""tensor_descriptor"", ""pointer"", ""tensor_descriptor"", ""tensor_descriptor"", ""pointer"", ""pointer"", ""tensor_descriptor"", ""tensor_descriptor""], ""atomic_indexing"": [], ""pid_type"": ""flat""}","{""arg0_ndim"": 2, ""arg0_dim0"": 4096, ""arg0_dim1"": 9216, ""arg0_numel"": 37748736, ""arg0_dtype"": ""torch.float16"", ""arg0_dtype_size"": 2, ""arg0_dtype_cat"": 2, ""arg1_ndim"": 1, ""arg1_dim0"": 9216, ""arg1_numel"": 9216, ""arg1_dtype"": ""torch.float16"", ""arg1_dtype_size"": 2, ""arg1_dtype_cat"": 2, ""arg2_ndim"": 1, ""arg2_dim0"": 9216, ""arg2_numel"": 9216, ""arg2_dtype"": ""torch.float16"", ""arg2_dtype_size"": 2, ""arg2_dtype_cat"": 2}",0.05889476975475146
layer_norm,a8ceaf8d64ea6d58,04b1dd92c370cc99,"{""block_sizes"": [2], ""reduction_loops"": [null], ""range_unroll_factors"": [0], ""range_warp_specializes"": [null], ""range_num_stages"": [0], ""range_multi_buffers"": [null], ""range_flattens"": [null], ""load_eviction_policies"": [""last"", """", ""last"", ""last"", ""first"", ""first"", """", ""last""], ""num_warps"": 4, ""num_stages"": 1, ""indexing"": [""pointer"", ""pointer"", ""pointer"", ""tensor_descriptor"", ""tensor_descriptor"", ""tensor_descriptor"", ""tensor_descriptor"", ""tensor_descriptor"", ""tensor_descriptor"", ""pointer""], ""atomic_indexing"": [], ""pid_type"": ""flat""}","{""arg0_ndim"": 2, ""arg0_dim0"": 4096, ""arg0_dim1"": 9728, ""arg0_numel"": 39845888, ""arg0_dtype"": ""torch.float16"", ""arg0_dtype_size"": 2, ""arg0_dtype_cat"": 2, ""arg1_ndim"": 1, ""arg1_dim0"": 9728, ""arg1_numel"": 9728, ""arg1_dtype"": ""torch.float16"", ""arg1_dtype_size"": 2, ""arg1_dtype_cat"": 2, ""arg2_ndim"": 1, ""arg2_dim0"": 9728, ""arg2_numel"": 9728, ""arg2_dtype"": ""torch.float16"", ""arg2_dtype_size"": 2, ""arg2_dtype_cat"": 2}",0.4972861199105372
layer_norm,a8ceaf8d64ea6d58,186fed3761377dbd,"{""block_sizes"": [1], ""reduction_loops"": [null], ""range_unroll_factors"": [0], ""range_warp_specializes"": [null], ""range_num_stages"": [0], ""range_multi_buffers"": [null], ""range_flattens"": [null], ""load_eviction_policies"": ["""", """", ""last"", """", ""last"", ""first"", ""last"", ""first""], ""num_warps"": 4, ""num_stages"": 7, ""indexing"": [""tensor_descriptor"", ""pointer"", ""tensor_descriptor"", ""pointer"", ""tensor_descriptor"", ""tensor_descriptor"", ""pointer"", ""pointer"", ""tensor_descriptor"", ""tensor_descriptor""], ""atomic_indexing"": [], ""pid_type"": ""flat""}","{""arg0_ndim"": 2, ""arg0_dim0"": 4096, ""arg0_dim1"": 9728, ""arg0_numel"": 39845888, ""arg0_dtype"": ""torch.float16"", ""arg0_dtype_size"": 2, ""arg0_dtype_cat"": 2, ""arg1_ndim"": 1, ""arg1_dim0"": 9728, ""arg1_numel"": 9728, ""arg1_dtype"": ""torch.float16"", ""arg1_dtype_size"": 2, ""arg1_dtype_cat"": 2, ""arg2_ndim"": 1, ""arg2_dim0"": 9728, ""arg2_numel"": 9728, ""arg2_dtype"": ""torch.float16"", ""arg2_dtype_size"": 2, ""arg2_dtype_cat"": 2}",0.059442580042749035
layer_norm,c118e8d22fe0fdb8,04b1dd92c370cc99,"{""block_sizes"": [2], ""reduction_loops"": [null], ""range_unroll_factors"": [0], ""range_warp_specializes"": [null], ""range_num_stages"": [0], ""range_multi_buffers"": [null], ""range_flattens"": [null], ""load_eviction_policies"": [""last"", """", ""last"", ""last"", ""first"", ""first"", """", ""last""], ""num_warps"": 4, ""num_stages"": 1, ""indexing"": [""pointer"", ""pointer"", ""pointer"", ""tensor_descriptor"", ""tensor_descriptor"", ""tensor_descriptor"", ""tensor_descriptor"", ""tensor_descriptor"", ""tensor_descriptor"", ""pointer""], ""atomic_indexing"": [], ""pid_type"": ""flat""}","{""arg0_ndim"": 2, ""arg0_dim0"": 4096, ""arg0_dim1"": 10240, ""arg0_numel"": 41943040, ""arg0_dtype"": ""torch.float16"", ""arg0_dtype_size"": 2, ""arg0_dtype_cat"": 2, ""arg1_ndim"": 1, ""arg1_dim0"": 10240, ""arg1_numel"": 10240, ""arg1_dtype"": ""torch.float16"", ""arg1_dtype_size"": 2, ""arg1_dtype_cat"": 2, ""arg2_ndim"": 1, ""arg2_dim0"": 10240, ""arg2_numel"": 10240, ""arg2_dtype"": ""torch.float16"", ""arg2_dtype_size"": 2, ""arg2_dtype_cat"": 2}",0.49833687407071475
layer_norm,c118e8d22fe0fdb8,186fed3761377dbd,"{""block_sizes"": [1], ""reduction_loops"": [null], ""range_unroll_factors"": [0], ""range_warp_specializes"": [null], ""range_num_stages"": [0], ""range_multi_buffers"": [null], ""range_flattens"": [null], ""load_eviction_policies"": ["""", """", ""last"", """", ""last"", ""first"", ""last"", ""first""], ""num_warps"": 4, ""num_stages"": 7, ""indexing"": [""tensor_descriptor"", ""pointer"", ""tensor_descriptor"", ""pointer"", ""tensor_descriptor"", ""tensor_descriptor"", ""pointer"", ""pointer"", ""tensor_descriptor"", ""tensor_descriptor""], ""atomic_indexing"": [], ""pid_type"": ""flat""}","{""arg0_ndim"": 2, ""arg0_dim0"": 4096, ""arg0_dim1"": 10240, ""arg0_numel"": 41943040, ""arg0_dtype"": ""torch.float16"", ""arg0_dtype_size"": 2, ""arg0_dtype_cat"": 2, ""arg1_ndim"": 1, ""arg1_dim0"": 10240, ""arg1_numel"": 10240, ""arg1_dtype"": ""torch.float16"", ""arg1_dtype_size"": 2, ""arg1_dtype_cat"": 2, ""arg2_ndim"": 1, ""arg2_dim0"": 10240, ""arg2_numel"": 10240, ""arg2_dtype"": ""torch.float16"", ""arg2_dtype_size"": 2, ""arg2_dtype_cat"": 2}",0.06039469982497394
layer_norm,9802ec14f2d90d23,04b1dd92c370cc99,"{""block_sizes"": [2], ""reduction_loops"": [null], ""range_unroll_factors"": [0], ""range_warp_specializes"": [null], ""range_num_stages"": [0], ""range_multi_buffers"": [null], ""range_flattens"": [null], ""load_eviction_policies"": [""last"", """", ""last"", ""last"", ""first"", ""first"", """", ""last""], ""num_warps"": 4, ""num_stages"": 1, ""indexing"": [""pointer"", ""pointer"", ""pointer"", ""tensor_descriptor"", ""tensor_descriptor"", ""tensor_descriptor"", ""tensor_descriptor"", ""tensor_descriptor"", ""tensor_descriptor"", ""pointer""], ""atomic_indexing"": [], ""pid_type"": ""flat""}","{""arg0_ndim"": 2, ""arg0_dim0"": 4096, ""arg0_dim1"": 10752, ""arg0_numel"": 44040192, ""arg0_dtype"": ""torch.float16"", ""arg0_dtype_size"": 2, ""arg0_dtype_cat"": 2, ""arg1_ndim"": 1, ""arg1_dim0"": 10752, ""arg1_numel"": 10752, ""arg1_dtype"": ""torch.float16"", ""arg1_dtype_size"": 2, ""arg1_dtype_cat"": 2, ""arg2_ndim"": 1, ""arg2_dim0"": 10752, ""arg2_numel"": 10752, ""arg2_dtype"": ""torch.float16"", ""arg2_dtype_size"": 2, ""arg2_dtype_cat"": 2}",0.5002378924534872
layer_norm,9802ec14f2d90d23,186fed3761377dbd,"{""block_sizes"": [1], ""reduction_loops"": [null], ""range_unroll_factors"": [0], ""range_warp_specializes"": [null], ""range_num_stages"": [0], ""range_multi_buffers"": [null], ""range_flattens"": [null], ""load_eviction_policies"": ["""", """", ""last"", """", ""last"", ""first"", ""last"", ""first""], ""num_warps"": 4, ""num_stages"": 7, ""indexing"": [""tensor_descriptor"", ""pointer"", ""tensor_descriptor"", ""pointer"", ""tensor_descriptor"", ""tensor_descriptor"", ""pointer"", ""pointer"", ""tensor_descriptor"", ""tensor_descriptor""], ""atomic_indexing"": [], ""pid_type"": ""flat""}","{""arg0_ndim"": 2, ""arg0_dim0"": 4096, ""arg0_dim1"": 10752, ""arg0_numel"": 44040192, ""arg0_dtype"": ""torch.float16"", ""arg0_dtype_size"": 2, ""arg0_dtype_cat"": 2, ""arg1_ndim"": 1, ""arg1_dim0"": 10752, ""arg1_numel"": 10752, ""arg1_dtype"": ""torch.float16"", ""arg1_dtype_size"": 2, ""arg1_dtype_cat"": 2, ""arg2_ndim"": 1, ""arg2_dim0"": 10752, ""arg2_numel"": 10752, ""arg2_dtype"": ""torch.float16"", ""arg2_dtype_size"": 2, ""arg2_dtype_cat"": 2}",0.06371955918761005
layer_norm,048c7f61d5470389,04b1dd92c370cc99,"{""block_sizes"": [2], ""reduction_loops"": [null], ""range_unroll_factors"": [0], ""range_warp_specializes"": [null], ""range_num_stages"": [0], ""range_multi_buffers"": [null], ""range_flattens"": [null], ""load_eviction_policies"": [""last"", """", ""last"", ""last"", ""first"", ""first"", """", ""last""], ""num_warps"": 4, ""num_stages"": 1, ""indexing"": [""pointer"", ""pointer"", ""pointer"", ""tensor_descriptor"", ""tensor_descriptor"", ""tensor_descriptor"", ""tensor_descriptor"", ""tensor_descriptor"", ""tensor_descriptor"", ""pointer""], ""atomic_indexing"": [], ""pid_type"": ""flat""}","{""arg0_ndim"": 2, ""arg0_dim0"": 4096, ""arg0_dim1"": 11264, ""arg0_numel"": 46137344, ""arg0_dtype"": ""torch.float16"", ""arg0_dtype_size"": 2, ""arg0_dtype_cat"": 2, ""arg1_ndim"": 1, ""arg1_dim0"": 11264, ""arg1_numel"": 11264, ""arg1_dtype"": ""torch.float16"", ""arg1_dtype_size"": 2, ""arg1_dtype_cat"": 2, ""arg2_ndim"": 1, ""arg2_dim0"": 11264, ""arg2_numel"": 11264, ""arg2_dtype"": ""torch.float16"", ""arg2_dtype_size"": 2, ""arg2_dtype_cat"": 2}",0.5026707713093076
layer_norm,048c7f61d5470389,186fed3761377dbd,"{""block_sizes"": [1], ""reduction_loops"": [null], ""range_unroll_factors"": [0], ""range_warp_specializes"": [null], ""range_num_stages"": [0], ""range_multi_buffers"": [null], ""range_flattens"": [null], ""load_eviction_policies"": ["""", """", ""last"", """", ""last"", ""first"", ""last"", ""first""], ""num_warps"": 4, ""num_stages"": 7, ""indexing"": [""tensor_descriptor"", ""pointer"", ""tensor_descriptor"", ""pointer"", ""tensor_descriptor"", ""tensor_descriptor"", ""pointer"", ""pointer"", ""tensor_descriptor"", ""tensor_descriptor""], ""atomic_indexing"": [], ""pid_type"": ""flat""}","{""arg0_ndim"": 2, ""arg0_dim0"": 4096, ""arg0_dim1"": 11264, ""arg0_numel"": 46137344, ""arg0_dtype"": ""torch.float16"", ""arg0_dtype_size"": 2, ""arg0_dtype_cat"": 2, ""arg1_ndim"": 1, ""arg1_dim0"": 11264, ""arg1_numel"": 11264, ""arg1_dtype"": ""torch.float16"", ""arg1_dtype_size"": 2, ""arg1_dtype_cat"": 2, ""arg2_ndim"": 1, ""arg2_dim0"": 11264, ""arg2_numel"": 11264, ""arg2_dtype"": ""torch.float16"", ""arg2_dtype_size"": 2, ""arg2_dtype_cat"": 2}",0.0672833933993908
layer_norm,a8896b4052c364e8,04b1dd92c370cc99,"{""block_sizes"": [2], ""reduction_loops"": [null], ""range_unroll_factors"": [0], ""range_warp_specializes"": [null], ""range_num_stages"": [0], ""range_multi_buffers"": [null], ""range_flattens"": [null], ""load_eviction_policies"": [""last"", """", ""last"", ""last"", ""first"", ""first"", """", ""last""], ""num_warps"": 4, ""num_stages"": 1, ""indexing"": [""pointer"", ""pointer"", ""pointer"", ""tensor_descriptor"", ""tensor_descriptor"", ""tensor_descriptor"", ""tensor_descriptor"", ""tensor_descriptor"", ""tensor_descriptor"", ""pointer""], ""atomic_indexing"": [], ""pid_type"": ""flat""}","{""arg0_ndim"": 2, ""arg0_dim0"": 4096, ""arg0_dim1"": 11776, ""arg0_numel"": 48234496, ""arg0_dtype"": ""torch.float16"", ""arg0_dtype_size"": 2, ""arg0_dtype_cat"": 2, ""arg1_ndim"": 1, ""arg1_dim0"": 11776, ""arg1_numel"": 11776, ""arg1_dtype"": ""torch.float16"", ""arg1_dtype_size"": 2, ""arg1_dtype_cat"": 2, ""arg2_ndim"": 1, ""arg2_dim0"": 11776, ""arg2_numel"": 11776, ""arg2_dtype"": ""torch.float16"", ""arg2_dtype_size"": 2, ""arg2_dtype_cat"": 2}",0.5038118933775149
layer_norm,a8896b4052c364e8,186fed3761377dbd,"{""block_sizes"": [1], ""reduction_loops"": [null], ""range_unroll_factors"": [0], ""range_warp_specializes"": [null], ""range_num_stages"": [0], ""range_multi_buffers"": [null], ""range_flattens"": [null], ""load_eviction_policies"": ["""", """", ""last"", """", ""last"", ""first"", ""last"", ""first""], ""num_warps"": 4, ""num_stages"": 7, ""indexing"": [""tensor_descriptor"", ""pointer"", ""tensor_descriptor"", ""pointer"", ""tensor_descriptor"", ""tensor_descriptor"", ""pointer"", ""pointer"", ""tensor_descriptor"", ""tensor_descriptor""], ""atomic_indexing"": [], ""pid_type"": ""flat""}","{""arg0_ndim"": 2, ""arg0_dim0"": 4096, ""arg0_dim1"": 11776, ""arg0_numel"": 48234496, ""arg0_dtype"": ""torch.float16"", ""arg0_dtype_size"": 2, ""arg0_dtype_cat"": 2, ""arg1_ndim"": 1, ""arg1_dim0"": 11776, ""arg1_numel"": 11776, ""arg1_dtype"": ""torch.float16"", ""arg1_dtype_size"": 2, ""arg1_dtype_cat"": 2, ""arg2_ndim"": 1, ""arg2_dim0"": 11776, ""arg2_numel"": 11776, ""arg2_dtype"": ""torch.float16"", ""arg2_dtype_size"": 2, ""arg2_dtype_cat"": 2}",0.0685112818322155
layer_norm,c382bfaa9e60ddfe,04b1dd92c370cc99,"{""block_sizes"": [2], ""reduction_loops"": [null], ""range_unroll_factors"": [0], ""range_warp_specializes"": [null], ""range_num_stages"": [0], ""range_multi_buffers"": [null], ""range_flattens"": [null], ""load_eviction_policies"": [""last"", """", ""last"", ""last"", ""first"", ""first"", """", ""last""], ""num_warps"": 4, ""num_stages"": 1, ""indexing"": [""pointer"", ""pointer"", ""pointer"", ""tensor_descriptor"", ""tensor_descriptor"", ""tensor_descriptor"", ""tensor_descriptor"", ""tensor_descriptor"", ""tensor_descriptor"", ""pointer""], ""atomic_indexing"": [], ""pid_type"": ""flat""}","{""arg0_ndim"": 2, ""arg0_dim0"": 4096, ""arg0_dim1"": 12288, ""arg0_numel"": 50331648, ""arg0_dtype"": ""torch.float16"", ""arg0_dtype_size"": 2, ""arg0_dtype_cat"": 2, ""arg1_ndim"": 1, ""arg1_dim0"": 12288, ""arg1_numel"": 12288, ""arg1_dtype"": ""torch.float16"", ""arg1_dtype_size"": 2, ""arg1_dtype_cat"": 2, ""arg2_ndim"": 1, ""arg2_dim0"": 12288, ""arg2_numel"": 12288, ""arg2_dtype"": ""torch.float16"", ""arg2_dtype_size"": 2, ""arg2_dtype_cat"": 2}",0.5057159135739009
layer_norm,c382bfaa9e60ddfe,186fed3761377dbd,"{""block_sizes"": [1], ""reduction_loops"": [null], ""range_unroll_factors"": [0], ""range_warp_specializes"": [null], ""range_num_stages"": [0], ""range_multi_buffers"": [null], ""range_flattens"": [null], ""load_eviction_policies"": ["""", """", ""last"", """", ""last"", ""first"", ""last"", ""first""], ""num_warps"": 4, ""num_stages"": 7, ""indexing"": [""tensor_descriptor"", ""pointer"", ""tensor_descriptor"", ""pointer"", ""tensor_descriptor"", ""tensor_descriptor"", ""pointer"", ""pointer"", ""tensor_descriptor"", ""tensor_descriptor""], ""atomic_indexing"": [], ""pid_type"": ""flat""}","{""arg0_ndim"": 2, ""arg0_dim0"": 4096, ""arg0_dim1"": 12288, ""arg0_numel"": 50331648, ""arg0_dtype"": ""torch.float16"", ""arg0_dtype_size"": 2, ""arg0_dtype_cat"": 2, ""arg1_ndim"": 1, ""arg1_dim0"": 12288, ""arg1_numel"": 12288, ""arg1_dtype"": ""torch.float16"", ""arg1_dtype_size"": 2, ""arg1_dtype_cat"": 2, ""arg2_ndim"": 1, ""arg2_dim0"": 12288, ""arg2_numel"": 12288, ""arg2_dtype"": ""torch.float16"", ""arg2_dtype_size"": 2, ""arg2_dtype_cat"": 2}",0.0695503473867861
layer_norm,031145e8287a4b4d,04b1dd92c370cc99,"{""block_sizes"": [2], ""reduction_loops"": [null], ""range_unroll_factors"": [0], ""range_warp_specializes"": [null], ""range_num_stages"": [0], ""range_multi_buffers"": [null], ""range_flattens"": [null], ""load_eviction_policies"": [""last"", """", ""last"", ""last"", ""first"", ""first"", """", ""last""], ""num_warps"": 4, ""num_stages"": 1, ""indexing"": [""pointer"", ""pointer"", ""pointer"", ""tensor_descriptor"", ""tensor_descriptor"", ""tensor_descriptor"", ""tensor_descriptor"", ""tensor_descriptor"", ""tensor_descriptor"", ""pointer""], ""atomic_indexing"": [], ""pid_type"": ""flat""}","{""arg0_ndim"": 2, ""arg0_dim0"": 4096, ""arg0_dim1"": 12800, ""arg0_numel"": 52428800, ""arg0_dtype"": ""torch.float16"", ""arg0_dtype_size"": 2, ""arg0_dtype_cat"": 2, ""arg1_ndim"": 1, ""arg1_dim0"": 12800, ""arg1_numel"": 12800, ""arg1_dtype"": ""torch.float16"", ""arg1_dtype_size"": 2, ""arg1_dtype_cat"": 2, ""arg2_ndim"": 1, ""arg2_dim0"": 12800, ""arg2_numel"": 12800, ""arg2_dtype"": ""torch.float16"", ""arg2_dtype_size"": 2, ""arg2_dtype_cat"": 2}",0.5068575466535368
layer_norm,031145e8287a4b4d,186fed3761377dbd,"{""block_sizes"": [1], ""reduction_loops"": [null], ""range_unroll_factors"": [0], ""range_warp_specializes"": [null], ""range_num_stages"": [0], ""range_multi_buffers"": [null], ""range_flattens"": [null], ""load_eviction_policies"": ["""", """", ""last"", """", ""last"", ""first"", ""last"", ""first""], ""num_warps"": 4, ""num_stages"": 7, ""indexing"": [""tensor_descriptor"", ""pointer"", ""tensor_descriptor"", ""pointer"", ""tensor_descriptor"", ""tensor_descriptor"", ""pointer"", ""pointer"", ""tensor_descriptor"", ""tensor_descriptor""], ""atomic_indexing"": [], ""pid_type"": ""flat""}","{""arg0_ndim"": 2, ""arg0_dim0"": 4096, ""arg0_dim1"": 12800, ""arg0_numel"": 52428800, ""arg0_dtype"": ""torch.float16"", ""arg0_dtype_size"": 2, ""arg0_dtype_cat"": 2, ""arg1_ndim"": 1, ""arg1_dim0"": 12800, ""arg1_numel"": 12800, ""arg1_dtype"": ""torch.float16"", ""arg1_dtype_size"": 2, ""arg1_dtype_cat"": 2, ""arg2_ndim"": 1, ""arg2_dim0"": 12800, ""arg2_numel"": 12800, ""arg2_dtype"": ""torch.float16"", ""arg2_dtype_size"": 2, ""arg2_dtype_cat"": 2}",0.07025843122879753
layer_norm,3190fb5e30e5e79c,04b1dd92c370cc99,"{""block_sizes"": [2], ""reduction_loops"": [null], ""range_unroll_factors"": [0], ""range_warp_specializes"": [null], ""range_num_stages"": [0], ""range_multi_buffers"": [null], ""range_flattens"": [null], ""load_eviction_policies"": [""last"", """", ""last"", ""last"", ""first"", ""first"", """", ""last""], ""num_warps"": 4, ""num_stages"": 1, ""indexing"": [""pointer"", ""pointer"", ""pointer"", ""tensor_descriptor"", ""tensor_descriptor"", ""tensor_descriptor"", ""tensor_descriptor"", ""tensor_descriptor"", ""tensor_descriptor"", ""pointer""], ""atomic_indexing"": [], ""pid_type"": ""flat""}","{""arg0_ndim"": 2, ""arg0_dim0"": 4096, ""arg0_dim1"": 13312, ""arg0_numel"": 54525952, ""arg0_dtype"": ""torch.float16"", ""arg0_dtype_size"": 2, ""arg0_dtype_cat"": 2, ""arg1_ndim"": 1, ""arg1_dim0"": 13312, ""arg1_numel"": 13312, ""arg1_dtype"": ""torch.float16"", ""arg1_dtype_size"": 2, ""arg1_dtype_cat"": 2, ""arg2_ndim"": 1, ""arg2_dim0"": 13312, ""arg2_numel"": 13312, ""arg2_dtype"": ""torch.float16"", ""arg2_dtype_size"": 2, ""arg2_dtype_cat"": 2}",0.508463645974795
layer_norm,3190fb5e30e5e79c,186fed3761377dbd,"{""block_sizes"": [1], ""reduction_loops"": [null], ""range_unroll_factors"": [0], ""range_warp_specializes"": [null], ""range_num_stages"": [0], ""range_multi_buffers"": [null], ""range_flattens"": [null], ""load_eviction_policies"": ["""", """", ""last"", """", ""last"", ""first"", ""last"", ""first""], ""num_warps"": 4, ""num_stages"": 7, ""indexing"": [""tensor_descriptor"", ""pointer"", ""tensor_descriptor"", ""pointer"", ""tensor_descriptor"", ""tensor_descriptor"", ""pointer"", ""pointer"", ""tensor_descriptor"", ""tensor_descriptor""], ""atomic_indexing"": [], ""pid_type"": ""flat""}","{""arg0_ndim"": 2, ""arg0_dim0"": 4096, ""arg0_dim1"": 13312, ""arg0_numel"": 54525952, ""arg0_dtype"": ""torch.float16"", ""arg0_dtype_size"": 2, ""arg0_dtype_cat"": 2, ""arg1_ndim"": 1, ""arg1_dim0"": 13312, ""arg1_numel"": 13312, ""arg1_dtype"": ""torch.float16"", ""arg1_dtype_size"": 2, ""arg1_dtype_cat"": 2, ""arg2_ndim"": 1, ""arg2_dim0"": 13312, ""arg2_numel"": 13312, ""arg2_dtype"": ""torch.float16"", ""arg2_dtype_size"": 2, ""arg2_dtype_cat"": 2}",0.07172544055948954
layer_norm,5d7b9ec06482ca12,04b1dd92c370cc99,"{""block_sizes"": [2], ""reduction_loops"": [null], ""range_unroll_factors"": [0], ""range_warp_specializes"": [null], ""range_num_stages"": [0], ""range_multi_buffers"": [null], ""range_flattens"": [null], ""load_eviction_policies"": [""last"", """", ""last"", ""last"", ""first"", ""first"", """", ""last""], ""num_warps"": 4, ""num_stages"": 1, ""indexing"": [""pointer"", ""pointer"", ""pointer"", ""tensor_descriptor"", ""tensor_descriptor"", ""tensor_descriptor"", ""tensor_descriptor"", ""tensor_descriptor"", ""tensor_descriptor"", ""pointer""], ""atomic_indexing"": [], ""pid_type"": ""flat""}","{""arg0_ndim"": 2, ""arg0_dim0"": 4096, ""arg0_dim1"": 13824, ""arg0_numel"": 56623104, ""arg0_dtype"": ""torch.float16"", ""arg0_dtype_size"": 2, ""arg0_dtype_cat"": 2, ""arg1_ndim"": 1, ""arg1_dim0"": 13824, ""arg1_numel"": 13824, ""arg1_dtype"": ""torch.float16"", ""arg1_dtype_size"": 2, ""arg1_dtype_cat"": 2, ""arg2_ndim"": 1, ""arg2_dim0"": 13824, ""arg2_numel"": 13824, ""arg2_dtype"": ""torch.float16"", ""arg2_dtype_size"": 2, ""arg2_dtype_cat"": 2}",0.5105158423578273
layer_norm,5d7b9ec06482ca12,186fed3761377dbd,"{""block_sizes"": [1], ""reduction_loops"": [null], ""range_unroll_factors"": [0], ""range_warp_specializes"": [null], ""range_num_stages"": [0], ""range_multi_buffers"": [null], ""range_flattens"": [null], ""load_eviction_policies"": ["""", """", ""last"", """", ""last"", ""first"", ""last"", ""first""], ""num_warps"": 4, ""num_stages"": 7, ""indexing"": [""tensor_descriptor"", ""pointer"", ""tensor_descriptor"", ""pointer"", ""tensor_descriptor"", ""tensor_descriptor"", ""pointer"", ""pointer"", ""tensor_descriptor"", ""tensor_descriptor""], ""atomic_indexing"": [], ""pid_type"": ""flat""}","{""arg0_ndim"": 2, ""arg0_dim0"": 4096, ""arg0_dim1"": 13824, ""arg0_numel"": 56623104, ""arg0_dtype"": ""torch.float16"", ""arg0_dtype_size"": 2, ""arg0_dtype_cat"": 2, ""arg1_ndim"": 1, ""arg1_dim0"": 13824, ""arg1_numel"": 13824, ""arg1_dtype"": ""torch.float16"", ""arg1_dtype_size"": 2, ""arg1_dtype_cat"": 2, ""arg2_ndim"": 1, ""arg2_dim0"": 13824, ""arg2_numel"": 13824, ""arg2_dtype"": ""torch.float16"", ""arg2_dtype_size"": 2, ""arg2_dtype_cat"": 2}",0.07337664019648737
layer_norm,0ffdde8ebdf8ea99,04b1dd92c370cc99,"{""block_sizes"": [2], ""reduction_loops"": [null], ""range_unroll_factors"": [0], ""range_warp_specializes"": [null], ""range_num_stages"": [0], ""range_multi_buffers"": [null], ""range_flattens"": [null], ""load_eviction_policies"": [""last"", """", ""last"", ""last"", ""first"", ""first"", """", ""last""], ""num_warps"": 4, ""num_stages"": 1, ""indexing"": [""pointer"", ""pointer"", ""pointer"", ""tensor_descriptor"", ""tensor_descriptor"", ""tensor_descriptor"", ""tensor_descriptor"", ""tensor_descriptor"", ""tensor_descriptor"", ""pointer""], ""atomic_indexing"": [], ""pid_type"": ""flat""}","{""arg0_ndim"": 2, ""arg0_dim0"": 4096, ""arg0_dim1"": 14336, ""arg0_numel"": 58720256, ""arg0_dtype"": ""torch.float16"", ""arg0_dtype_size"": 2, ""arg0_dtype_cat"": 2, ""arg1_ndim"": 1, ""arg1_dim0"": 14336, ""arg1_numel"": 14336, ""arg1_dtype"": ""torch.float16"", ""arg1_dtype_size"": 2, ""arg1_dtype_cat"": 2, ""arg2_ndim"": 1, ""arg2_dim0"": 14336, ""arg2_numel"": 14336, ""arg2_dtype"": ""torch.float16"", ""arg2_dtype_size"": 2, ""arg2_dtype_cat"": 2}",0.5118484450190255
layer_norm,0ffdde8ebdf8ea99,186fed3761377dbd,"{""block_sizes"": [1], ""reduction_loops"": [null], ""range_unroll_factors"": [0], ""range_warp_specializes"": [null], ""range_num_stages"": [0], ""range_multi_buffers"": [null], ""range_flattens"": [null], ""load_eviction_policies"": ["""", """", ""last"", """", ""last"", ""first"", ""last"", ""first""], ""num_warps"": 4, ""num_stages"": 7, ""indexing"": [""tensor_descriptor"", ""pointer"", ""tensor_descriptor"", ""pointer"", ""tensor_descriptor"", ""tensor_descriptor"", ""pointer"", ""pointer"", ""tensor_descriptor"", ""tensor_descriptor""], ""atomic_indexing"": [], ""pid_type"": ""flat""}","{""arg0_ndim"": 2, ""arg0_dim0"": 4096, ""arg0_dim1"": 14336, ""arg0_numel"": 58720256, ""arg0_dtype"": ""torch.float16"", ""arg0_dtype_size"": 2, ""arg0_dtype_cat"": 2, ""arg1_ndim"": 1, ""arg1_dim0"": 14336, ""arg1_numel"": 14336, ""arg1_dtype"": ""torch.float16"", ""arg1_dtype_size"": 2, ""arg1_dtype_cat"": 2, ""arg2_ndim"": 1, ""arg2_dim0"": 14336, ""arg2_numel"": 14336, ""arg2_dtype"": ""torch.float16"", ""arg2_dtype_size"": 2, ""arg2_dtype_cat"": 2}",0.0735421542597963
layer_norm,365699ba6f519c66,04b1dd92c370cc99,"{""block_sizes"": [2], ""reduction_loops"": [null], ""range_unroll_factors"": [0], ""range_warp_specializes"": [null], ""range_num_stages"": [0], ""range_multi_buffers"": [null], ""range_flattens"": [null], ""load_eviction_policies"": [""last"", """", ""last"", ""last"", ""first"", ""first"", """", ""last""], ""num_warps"": 4, ""num_stages"": 1, ""indexing"": [""pointer"", ""pointer"", ""pointer"", ""tensor_descriptor"", ""tensor_descriptor"", ""tensor_descriptor"", ""tensor_descriptor"", ""tensor_descriptor"", ""tensor_descriptor"", ""pointer""], ""atomic_indexing"": [], ""pid_type"": ""flat""}","{""arg0_ndim"": 2, ""arg0_dim0"": 4096, ""arg0_dim1"": 14848, ""arg0_numel"": 60817408, ""arg0_dtype"": ""torch.float16"", ""arg0_dtype_size"": 2, ""arg0_dtype_cat"": 2, ""arg1_ndim"": 1, ""arg1_dim0"": 14848, ""arg1_numel"": 14848, ""arg1_dtype"": ""torch.float16"", ""arg1_dtype_size"": 2, ""arg1_dtype_cat"": 2, ""arg2_ndim"": 1, ""arg2_dim0"": 14848, ""arg2_numel"": 14848, ""arg2_dtype"": ""torch.float16"", ""arg2_dtype_size"": 2, ""arg2_dtype_cat"": 2}",0.5147771637761192
layer_norm,365699ba6f519c66,186fed3761377dbd,"{""block_sizes"": [1], ""reduction_loops"": [null], ""range_unroll_factors"": [0], ""range_warp_specializes"": [null], ""range_num_stages"": [0], ""range_multi_buffers"": [null], ""range_flattens"": [null], ""load_eviction_policies"": ["""", """", ""last"", """", ""last"", ""first"", ""last"", ""first""], ""num_warps"": 4, ""num_stages"": 7, ""indexing"": [""tensor_descriptor"", ""pointer"", ""tensor_descriptor"", ""pointer"", ""tensor_descriptor"", ""tensor_descriptor"", ""pointer"", ""pointer"", ""tensor_descriptor"", ""tensor_descriptor""], ""atomic_indexing"": [], ""pid_type"": ""flat""}","{""arg0_ndim"": 2, ""arg0_dim0"": 4096, ""arg0_dim1"": 14848, ""arg0_numel"": 60817408, ""arg0_dtype"": ""torch.float16"", ""arg0_dtype_size"": 2, ""arg0_dtype_cat"": 2, ""arg1_ndim"": 1, ""arg1_dim0"": 14848, ""arg1_numel"": 14848, ""arg1_dtype"": ""torch.float16"", ""arg1_dtype_size"": 2, ""arg1_dtype_cat"": 2, ""arg2_ndim"": 1, ""arg2_dim0"": 14848, ""arg2_numel"": 14848, ""arg2_dtype"": ""torch.float16"", ""arg2_dtype_size"": 2, ""arg2_dtype_cat"": 2}",0.07546007347886874
layer_norm,c5a7230b2121df07,04b1dd92c370cc99,"{""block_sizes"": [2], ""reduction_loops"": [null], ""range_unroll_factors"": [0], ""range_warp_specializes"": [null], ""range_num_stages"": [0], ""range_multi_buffers"": [null], ""range_flattens"": [null], ""load_eviction_policies"": [""last"", """", ""last"", ""last"", ""first"", ""first"", """", ""last""], ""num_warps"": 4, ""num_stages"": 1, ""indexing"": [""pointer"", ""pointer"", ""pointer"", ""tensor_descriptor"", ""tensor_descriptor"", ""tensor_descriptor"", ""tensor_descriptor"", ""tensor_descriptor"", ""tensor_descriptor"", ""pointer""], ""atomic_indexing"": [], ""pid_type"": ""flat""}","{""arg0_ndim"": 2, ""arg0_dim0"": 4096, ""arg0_dim1"": 15360, ""arg0_numel"": 62914560, ""arg0_dtype"": ""torch.float16"", ""arg0_dtype_size"": 2, ""arg0_dtype_cat"": 2, ""arg1_ndim"": 1, ""arg1_dim0"": 15360, ""arg1_numel"": 15360, ""arg1_dtype"": ""torch.float16"", ""arg1_dtype_size"": 2, ""arg1_dtype_cat"": 2, ""arg2_ndim"": 1, ""arg2_dim0"": 15360, ""arg2_numel"": 15360, ""arg2_dtype"": ""torch.float16"", ""arg2_dtype_size"": 2, ""arg2_dtype_cat"": 2}",0.5170696357434447
layer_norm,c5a7230b2121df07,186fed3761377dbd,"{""block_sizes"": [1], ""reduction_loops"": [null], ""range_unroll_factors"": [0], ""range_warp_specializes"": [null], ""range_num_stages"": [0], ""range_multi_buffers"": [null], ""range_flattens"": [null], ""load_eviction_policies"": ["""", """", ""last"", """", ""last"", ""first"", ""last"", ""first""], ""num_warps"": 4, ""num_stages"": 7, ""indexing"": [""tensor_descriptor"", ""pointer"", ""tensor_descriptor"", ""pointer"", ""tensor_descriptor"", ""tensor_descriptor"", ""pointer"", ""pointer"", ""tensor_descriptor"", ""tensor_descriptor""], ""atomic_indexing"": [], ""pid_type"": ""flat""}","{""arg0_ndim"": 2, ""arg0_dim0"": 4096, ""arg0_dim1"": 15360, ""arg0_numel"": 62914560, ""arg0_dtype"": ""torch.float16"", ""arg0_dtype_size"": 2, ""arg0_dtype_cat"": 2, ""arg1_ndim"": 1, ""arg1_dim0"": 15360, ""arg1_numel"": 15360, ""arg1_dtype"": ""torch.float16"", ""arg1_dtype_size"": 2, ""arg1_dtype_cat"": 2, ""arg2_ndim"": 1, ""arg2_dim0"": 15360, ""arg2_numel"": 15360, ""arg2_dtype"": ""torch.float16"", ""arg2_dtype_size"": 2, ""arg2_dtype_cat"": 2}",0.07576782948077436
layer_norm,ccd5a95d3f234011,04b1dd92c370cc99,"{""block_sizes"": [2], ""reduction_loops"": [null], ""range_unroll_factors"": [0], ""range_warp_specializes"": [null], ""range_num_stages"": [0], ""range_multi_buffers"": [null], ""range_flattens"": [null], ""load_eviction_policies"": [""last"", """", ""last"", ""last"", ""first"", ""first"", """", ""last""], ""num_warps"": 4, ""num_stages"": 1, ""indexing"": [""pointer"", ""pointer"", ""pointer"", ""tensor_descriptor"", ""tensor_descriptor"", ""tensor_descriptor"", ""tensor_descriptor"", ""tensor_descriptor"", ""tensor_descriptor"", ""pointer""], ""atomic_indexing"": [], ""pid_type"": ""flat""}","{""arg0_ndim"": 2, ""arg0_dim0"": 4096, ""arg0_dim1"": 15872, ""arg0_numel"": 65011712, ""arg0_dtype"": ""torch.float16"", ""arg0_dtype_size"": 2, ""arg0_dtype_cat"": 2, ""arg1_ndim"": 1, ""arg1_dim0"": 15872, ""arg1_numel"": 15872, ""arg1_dtype"": ""torch.float16"", ""arg1_dtype_size"": 2, ""arg1_dtype_cat"": 2, ""arg2_ndim"": 1, ""arg2_dim0"": 15872, ""arg2_numel"": 15872, ""arg2_dtype"": ""torch.float16"", ""arg2_dtype_size"": 2, ""arg2_dtype_cat"": 2}",0.5177683160129913
layer_norm,ccd5a95d3f234011,186fed3761377dbd,"{""block_sizes"": [1], ""reduction_loops"": [null], ""range_unroll_factors"": [0], ""range_warp_specializes"": [null], ""range_num_stages"": [0], ""range_multi_buffers"": [null], ""range_flattens"": [null], ""load_eviction_policies"": ["""", """", ""last"", """", ""last"", ""first"", ""last"", ""first""], ""num_warps"": 4, ""num_stages"": 7, ""indexing"": [""tensor_descriptor"", ""pointer"", ""tensor_descriptor"", ""pointer"", ""tensor_descriptor"", ""tensor_descriptor"", ""pointer"", ""pointer"", ""tensor_descriptor"", ""tensor_descriptor""], ""atomic_indexing"": [], ""pid_type"": ""flat""}","{""arg0_ndim"": 2, ""arg0_dim0"": 4096, ""arg0_dim1"": 15872, ""arg0_numel"": 65011712, ""arg0_dtype"": ""torch.float16"", ""arg0_dtype_size"": 2, ""arg0_dtype_cat"": 2, ""arg1_ndim"": 1, ""arg1_dim0"": 15872, ""arg1_numel"": 15872, ""arg1_dtype"": ""torch.float16"", ""arg1_dtype_size"": 2, ""arg1_dtype_cat"": 2, ""arg2_ndim"": 1, ""arg2_dim0"": 15872, ""arg2_numel"": 15872, ""arg2_dtype"": ""torch.float16"", ""arg2_dtype_size"": 2, ""arg2_dtype_cat"": 2}",0.07781094966402043
layer_norm,e729f459b57a68e6,04b1dd92c370cc99,"{""block_sizes"": [2], ""reduction_loops"": [null], ""range_unroll_factors"": [0], ""range_warp_specializes"": [null], ""range_num_stages"": [0], ""range_multi_buffers"": [null], ""range_flattens"": [null], ""load_eviction_policies"": [""last"", """", ""last"", ""last"", ""first"", ""first"", """", ""last""], ""num_warps"": 4, ""num_stages"": 1, ""indexing"": [""pointer"", ""pointer"", ""pointer"", ""tensor_descriptor"", ""tensor_descriptor"", ""tensor_descriptor"", ""tensor_descriptor"", ""tensor_descriptor"", ""tensor_descriptor"", ""pointer""], ""atomic_indexing"": [], ""pid_type"": ""flat""}","{""arg0_ndim"": 2, ""arg0_dim0"": 4096, ""arg0_dim1"": 1024, ""arg0_numel"": 4194304, ""arg0_dtype"": ""torch.float16"", ""arg0_dtype_size"": 2, ""arg0_dtype_cat"": 2, ""arg1_ndim"": 1, ""arg1_dim0"": 1024, ""arg1_numel"": 1024, ""arg1_dtype"": ""torch.float16"", ""arg1_dtype_size"": 2, ""arg1_dtype_cat"": 2, ""arg2_ndim"": 1, ""arg2_dim0"": 1024, ""arg2_numel"": 1024, ""arg2_dtype"": ""torch.float16"", ""arg2_dtype_size"": 2, ""arg2_dtype_cat"": 2}",0.008191999979317188
layer_norm,e729f459b57a68e6,186fed3761377dbd,"{""block_sizes"": [1], ""reduction_loops"": [null], ""range_unroll_factors"": [0], ""range_warp_specializes"": [null], ""range_num_stages"": [0], ""range_multi_buffers"": [null], ""range_flattens"": [null], ""load_eviction_policies"": ["""", """", ""last"", """", ""last"", ""first"", ""last"", ""first""], ""num_warps"": 4, ""num_stages"": 7, ""indexing"": [""tensor_descriptor"", ""pointer"", ""tensor_descriptor"", ""pointer"", ""tensor_descriptor"", ""tensor_descriptor"", ""pointer"", ""pointer"", ""tensor_descriptor"", ""tensor_descriptor""], ""atomic_indexing"": [], ""pid_type"": ""flat""}","{""arg0_ndim"": 2, ""arg0_dim0"": 4096, ""arg0_dim1"": 1024, ""arg0_numel"": 4194304, ""arg0_dtype"": ""torch.float16"", ""arg0_dtype_size"": 2, ""arg0_dtype_cat"": 2, ""arg1_ndim"": 1, ""arg1_dim0"": 1024, ""arg1_numel"": 1024, ""arg1_dtype"": ""torch.float16"", ""arg1_dtype_size"": 2, ""arg1_dtype_cat"": 2, ""arg2_ndim"": 1, ""arg2_dim0"": 1024, ""arg2_numel"": 1024, ""arg2_dtype"": ""torch.float16"", ""arg2_dtype_size"": 2, ""arg2_dtype_cat"": 2}",0.010239999741315842
layer_norm,937e37d1885236d4,04b1dd92c370cc99,"{""block_sizes"": [2], ""reduction_loops"": [null], ""range_unroll_factors"": [0], ""range_warp_specializes"": [null], ""range_num_stages"": [0], ""range_multi_buffers"": [null], ""range_flattens"": [null], ""load_eviction_policies"": [""last"", """", ""last"", ""last"", ""first"", ""first"", """", ""last""], ""num_warps"": 4, ""num_stages"": 1, ""indexing"": [""pointer"", ""pointer"", ""pointer"", ""tensor_descriptor"", ""tensor_descriptor"", ""tensor_descriptor"", ""tensor_descriptor"", ""tensor_descriptor"", ""tensor_descriptor"", ""pointer""], ""atomic_indexing"": [], ""pid_type"": ""flat""}","{""arg0_ndim"": 2, ""arg0_dim0"": 4096, ""arg0_dim1"": 1536, ""arg0_numel"": 6291456, ""arg0_dtype"": ""torch.float16"", ""arg0_dtype_size"": 2, ""arg0_dtype_cat"": 2, ""arg1_ndim"": 1, ""arg1_dim0"": 1536, ""arg1_numel"": 1536, ""arg1_dtype"": ""torch.float16"", ""arg1_dtype_size"": 2, ""arg1_dtype_cat"": 2, ""arg2_ndim"": 1, ""arg2_dim0"": 1536, ""arg2_numel"": 1536, ""arg2_dtype"": ""torch.float16"", ""arg2_dtype_size"": 2, ""arg2_dtype_cat"": 2}",0.010239999741315842
layer_norm,937e37d1885236d4,186fed3761377dbd,"{""block_sizes"": [1], ""reduction_loops"": [null], ""range_unroll_factors"": [0], ""range_warp_specializes"": [null], ""range_num_stages"": [0], ""range_multi_buffers"": [null], ""range_flattens"": [null], ""load_eviction_policies"": ["""", """", ""last"", """", ""last"", ""first"", ""last"", ""first""], ""num_warps"": 4, ""num_stages"": 7, ""indexing"": [""tensor_descriptor"", ""pointer"", ""tensor_descriptor"", ""pointer"", ""tensor_descriptor"", ""tensor_descriptor"", ""pointer"", ""pointer"", ""tensor_descriptor"", ""tensor_descriptor""], ""atomic_indexing"": [], ""pid_type"": ""flat""}","{""arg0_ndim"": 2, ""arg0_dim0"": 4096, ""arg0_dim1"": 1536, ""arg0_numel"": 6291456, ""arg0_dtype"": ""torch.float16"", ""arg0_dtype_size"": 2, ""arg0_dtype_cat"": 2, ""arg1_ndim"": 1, ""arg1_dim0"": 1536, ""arg1_numel"": 1536, ""arg1_dtype"": ""torch.float16"", ""arg1_dtype_size"": 2, ""arg1_dtype_cat"": 2, ""arg2_ndim"": 1, ""arg2_dim0"": 1536, ""arg2_numel"": 1536, ""arg2_dtype"": ""torch.float16"", ""arg2_dtype_size"": 2, ""arg2_dtype_cat"": 2}",0.010239999741315842
layer_norm,8baf0dd224ad9805,04b1dd92c370cc99,"{""block_sizes"": [2], ""reduction_loops"": [null], ""range_unroll_factors"": [0], ""range_warp_specializes"": [null], ""range_num_stages"": [0], ""range_multi_buffers"": [null], ""range_flattens"": [null], ""load_eviction_policies"": [""last"", """", ""last"", ""last"", ""first"", ""first"", """", ""last""], ""num_warps"": 4, ""num_stages"": 1, ""indexing"": [""pointer"", ""pointer"", ""pointer"", ""tensor_descriptor"", ""tensor_descriptor"", ""tensor_descriptor"", ""tensor_descriptor"", ""tensor_descriptor"", ""tensor_descriptor"", ""pointer""], ""atomic_indexing"": [], ""pid_type"": ""flat""}","{""arg0_ndim"": 2, ""arg0_dim0"": 4096, ""arg0_dim1"": 2048, ""arg0_numel"": 8388608, ""arg0_dtype"": ""torch.float16"", ""arg0_dtype_size"": 2, ""arg0_dtype_cat"": 2, ""arg1_ndim"": 1, ""arg1_dim0"": 2048, ""arg1_numel"": 2048, ""arg1_dtype"": ""torch.float16"", ""arg1_dtype_size"": 2, ""arg1_dtype_cat"": 2, ""arg2_ndim"": 1, ""arg2_dim0"": 2048, ""arg2_numel"": 2048, ""arg2_dtype"": ""torch.float16"", ""arg2_dtype_size"": 2, ""arg2_dtype_cat"": 2}",0.012095999903976917
layer_norm,8baf0dd224ad9805,186fed3761377dbd,"{""block_sizes"": [1], ""reduction_loops"": [null], ""range_unroll_factors"": [0], ""range_warp_specializes"": [null], ""range_num_stages"": [0], ""range_multi_buffers"": [null], ""range_flattens"": [null], ""load_eviction_policies"": ["""", """", ""last"", """", ""last"", ""first"", ""last"", ""first""], ""num_warps"": 4, ""num_stages"": 7, ""indexing"": [""tensor_descriptor"", ""pointer"", ""tensor_descriptor"", ""pointer"", ""tensor_descriptor"", ""tensor_descriptor"", ""pointer"", ""pointer"", ""tensor_descriptor"", ""tensor_descriptor""], ""atomic_indexing"": [], ""pid_type"": ""flat""}","{""arg0_ndim"": 2, ""arg0_dim0"": 4096, ""arg0_dim1"": 2048, ""arg0_numel"": 8388608, ""arg0_dtype"": ""torch.float16"", ""arg0_dtype_size"": 2, ""arg0_dtype_cat"": 2, ""arg1_ndim"": 1, ""arg1_dim0"": 2048, ""arg1_numel"": 2048, ""arg1_dtype"": ""torch.float16"", ""arg1_dtype_size"": 2, ""arg1_dtype_cat"": 2, ""arg2_ndim"": 1, ""arg2_dim0"": 2048, ""arg2_numel"": 2048, ""arg2_dtype"": ""torch.float16"", ""arg2_dtype_size"": 2, ""arg2_dtype_cat"": 2}",0.01228800043463707
layer_norm,3f0dc6cdcb9e3ba6,04b1dd92c370cc99,"{""block_sizes"": [2], ""reduction_loops"": [null], ""range_unroll_factors"": [0], ""range_warp_specializes"": [null], ""range_num_stages"": [0], ""range_multi_buffers"": [null], ""range_flattens"": [null], ""load_eviction_policies"": [""last"", """", ""last"", ""last"", ""first"", ""first"", """", ""last""], ""num_warps"": 4, ""num_stages"": 1, ""indexing"": [""pointer"", ""pointer"", ""pointer"", ""tensor_descriptor"", ""tensor_descriptor"", ""tensor_descriptor"", ""tensor_descriptor"", ""tensor_descriptor"", ""tensor_descriptor"", ""pointer""], ""atomic_indexing"": [], ""pid_type"": ""flat""}","{""arg0_ndim"": 2, ""arg0_dim0"": 4096, ""arg0_dim1"": 2560, ""arg0_numel"": 10485760, ""arg0_dtype"": ""torch.float16"", ""arg0_dtype_size"": 2, ""arg0_dtype_cat"": 2, ""arg1_ndim"": 1, ""arg1_dim0"": 2560, ""arg1_numel"": 2560, ""arg1_dtype"": ""torch.float16"", ""arg1_dtype_size"": 2, ""arg1_dtype_cat"": 2, ""arg2_ndim"": 1, ""arg2_dim0"": 2560, ""arg2_numel"": 2560, ""arg2_dtype"": ""torch.float16"", ""arg2_dtype_size"": 2, ""arg2_dtype_cat"": 2}",0.014336000196635723
layer_norm,3f0dc6cdcb9e3ba6,186fed3761377dbd,"{""block_sizes"": [1], ""reduction_loops"": [null], ""range_unroll_factors"": [0], ""range_warp_specializes"": [null], ""range_num_stages"": [0], ""range_multi_buffers"": [null], ""range_flattens"": [null], ""load_eviction_policies"": ["""", """", ""last"", """", ""last"", ""first"", ""last"", ""first""], ""num_warps"": 4, ""num_stages"": 7, ""indexing"": [""tensor_descriptor"", ""pointer"", ""tensor_descriptor"", ""pointer"", ""tensor_descriptor"", ""tensor_descriptor"", ""pointer"", ""pointer"", ""tensor_descriptor"", ""tensor_descriptor""], ""atomic_indexing"": [], ""pid_type"": ""flat""}","{""arg0_ndim"": 2, ""arg0_dim0"": 4096, ""arg0_dim1"": 2560, ""arg0_numel"": 10485760, ""arg0_dtype"": ""torch.float16"", ""arg0_dtype_size"": 2, ""arg0_dtype_cat"": 2, ""arg1_ndim"": 1, ""arg1_dim0"": 2560, ""arg1_numel"": 2560, ""arg1_dtype"": ""torch.float16"", ""arg1_dtype_size"": 2, ""arg1_dtype_cat"": 2, ""arg2_ndim"": 1, ""arg2_dim0"": 2560, ""arg2_numel"": 2560, ""arg2_dtype"": ""torch.float16"", ""arg2_dtype_size"": 2, ""arg2_dtype_cat"": 2}",0.014336000196635723
layer_norm,734abf833efb1beb,04b1dd92c370cc99,"{""block_sizes"": [2], ""reduction_loops"": [null], ""range_unroll_factors"": [0], ""range_warp_specializes"": [null], ""range_num_stages"": [0], ""range_multi_buffers"": [null], ""range_flattens"": [null], ""load_eviction_policies"": [""last"", """", ""last"", ""last"", ""first"", ""first"", """", ""last""], ""num_warps"": 4, ""num_stages"": 1, ""indexing"": [""pointer"", ""pointer"", ""pointer"", ""tensor_descriptor"", ""tensor_descriptor"", ""tensor_descriptor"", ""tensor_descriptor"", ""tensor_descriptor"", ""tensor_descriptor"", ""pointer""], ""atomic_indexing"": [], ""pid_type"": ""flat""}","{""arg0_ndim"": 2, ""arg0_dim0"": 4096, ""arg0_dim1"": 3072, ""arg0_numel"": 12582912, ""arg0_dtype"": ""torch.float16"", ""arg0_dtype_size"": 2, ""arg0_dtype_cat"": 2, ""arg1_ndim"": 1, ""arg1_dim0"": 3072, ""arg1_numel"": 3072, ""arg1_dtype"": ""torch.float16"", ""arg1_dtype_size"": 2, ""arg1_dtype_cat"": 2, ""arg2_ndim"": 1, ""arg2_dim0"": 3072, ""arg2_numel"": 3072, ""arg2_dtype"": ""torch.float16"", ""arg2_dtype_size"": 2, ""arg2_dtype_cat"": 2}",0.016383999958634377
layer_norm,734abf833efb1beb,186fed3761377dbd,"{""block_sizes"": [1], ""reduction_loops"": [null], ""range_unroll_factors"": [0], ""range_warp_specializes"": [null], ""range_num_stages"": [0], ""range_multi_buffers"": [null], ""range_flattens"": [null], ""load_eviction_policies"": ["""", """", ""last"", """", ""last"", ""first"", ""last"", ""first""], ""num_warps"": 4, ""num_stages"": 7, ""indexing"": [""tensor_descriptor"", ""pointer"", ""tensor_descriptor"", ""pointer"", ""tensor_descriptor"", ""tensor_descriptor"", ""pointer"", ""pointer"", ""tensor_descriptor"", ""tensor_descriptor""], ""atomic_indexing"": [], ""pid_type"": ""flat""}","{""arg0_ndim"": 2, ""arg0_dim0"": 4096, ""arg0_dim1"": 3072, ""arg0_numel"": 12582912, ""arg0_dtype"": ""torch.float16"", ""arg0_dtype_size"": 2, ""arg0_dtype_cat"": 2, ""arg1_ndim"": 1, ""arg1_dim0"": 3072, ""arg1_numel"": 3072, ""arg1_dtype"": ""torch.float16"", ""arg1_dtype_size"": 2, ""arg1_dtype_cat"": 2, ""arg2_ndim"": 1, ""arg2_dim0"": 3072, ""arg2_numel"": 3072, ""arg2_dtype"": ""torch.float16"", ""arg2_dtype_size"": 2, ""arg2_dtype_cat"": 2}",0.016383999958634377
layer_norm,08173297e740bac8,04b1dd92c370cc99,"{""block_sizes"": [2], ""reduction_loops"": [null], ""range_unroll_factors"": [0], ""range_warp_specializes"": [null], ""range_num_stages"": [0], ""range_multi_buffers"": [null], ""range_flattens"": [null], ""load_eviction_policies"": [""last"", """", ""last"", ""last"", ""first"", ""first"", """", ""last""], ""num_warps"": 4, ""num_stages"": 1, ""indexing"": [""pointer"", ""pointer"", ""pointer"", ""tensor_descriptor"", ""tensor_descriptor"", ""tensor_descriptor"", ""tensor_descriptor"", ""tensor_descriptor"", ""tensor_descriptor"", ""pointer""], ""atomic_indexing"": [], ""pid_type"": ""flat""}","{""arg0_ndim"": 2, ""arg0_dim0"": 4096, ""arg0_dim1"": 3584, ""arg0_numel"": 14680064, ""arg0_dtype"": ""torch.float16"", ""arg0_dtype_size"": 2, ""arg0_dtype_cat"": 2, ""arg1_ndim"": 1, ""arg1_dim0"": 3584, ""arg1_numel"": 3584, ""arg1_dtype"": ""torch.float16"", ""arg1_dtype_size"": 2, ""arg1_dtype_cat"": 2, ""arg2_ndim"": 1, ""arg2_dim0"": 3584, ""arg2_numel"": 3584, ""arg2_dtype"": ""torch.float16"", ""arg2_dtype_size"": 2, ""arg2_dtype_cat"": 2}",0.018303999677300453
layer_norm,08173297e740bac8,186fed3761377dbd,"{""block_sizes"": [1], ""reduction_loops"": [null], ""range_unroll_factors"": [0], ""range_warp_specializes"": [null], ""range_num_stages"": [0], ""range_multi_buffers"": [null], ""range_flattens"": [null], ""load_eviction_policies"": ["""", """", ""last"", """", ""last"", ""first"", ""last"", ""first""], ""num_warps"": 4, ""num_stages"": 7, ""indexing"": [""tensor_descriptor"", ""pointer"", ""tensor_descriptor"", ""pointer"", ""tensor_descriptor"", ""tensor_descriptor"", ""pointer"", ""pointer"", ""tensor_descriptor"", ""tensor_descriptor""], ""atomic_indexing"": [], ""pid_type"": ""flat""}","{""arg0_ndim"": 2, ""arg0_dim0"": 4096, ""arg0_dim1"": 3584, ""arg0_numel"": 14680064, ""arg0_dtype"": ""torch.float16"", ""arg0_dtype_size"": 2, ""arg0_dtype_cat"": 2, ""arg1_ndim"": 1, ""arg1_dim0"": 3584, ""arg1_numel"": 3584, ""arg1_dtype"": ""torch.float16"", ""arg1_dtype_size"": 2, ""arg1_dtype_cat"": 2, ""arg2_ndim"": 1, ""arg2_dim0"": 3584, ""arg2_numel"": 3584, ""arg2_dtype"": ""torch.float16"", ""arg2_dtype_size"": 2, ""arg2_dtype_cat"": 2}",0.016383999958634377
layer_norm,821fc5b0706bb961,04b1dd92c370cc99,"{""block_sizes"": [2], ""reduction_loops"": [null], ""range_unroll_factors"": [0], ""range_warp_specializes"": [null], ""range_num_stages"": [0], ""range_multi_buffers"": [null], ""range_flattens"": [null], ""load_eviction_policies"": [""last"", """", ""last"", ""last"", ""first"", ""first"", """", ""last""], ""num_warps"": 4, ""num_stages"": 1, ""indexing"": [""pointer"", ""pointer"", ""pointer"", ""tensor_descriptor"", ""tensor_descriptor"", ""tensor_descriptor"", ""tensor_descriptor"", ""tensor_descriptor"", ""tensor_descriptor"", ""pointer""], ""atomic_indexing"": [], ""pid_type"": ""flat""}","{""arg0_ndim"": 2, ""arg0_dim0"": 4096, ""arg0_dim1"": 4096, ""arg0_numel"": 16777216, ""arg0_dtype"": ""torch.float16"", ""arg0_dtype_size"": 2, ""arg0_dtype_cat"": 2, ""arg1_ndim"": 1, ""arg1_dim0"": 4096, ""arg1_numel"": 4096, ""arg1_dtype"": ""torch.float16"", ""arg1_dtype_size"": 2, ""arg1_dtype_cat"": 2, ""arg2_ndim"": 1, ""arg2_dim0"": 4096, ""arg2_numel"": 4096, ""arg2_dtype"": ""torch.float16"", ""arg2_dtype_size"": 2, ""arg2_dtype_cat"": 2}",0.018432000651955605
layer_norm,821fc5b0706bb961,186fed3761377dbd,"{""block_sizes"": [1], ""reduction_loops"": [null], ""range_unroll_factors"": [0], ""range_warp_specializes"": [null], ""range_num_stages"": [0], ""range_multi_buffers"": [null], ""range_flattens"": [null], ""load_eviction_policies"": ["""", """", ""last"", """", ""last"", ""first"", ""last"", ""first""], ""num_warps"": 4, ""num_stages"": 7, ""indexing"": [""tensor_descriptor"", ""pointer"", ""tensor_descriptor"", ""pointer"", ""tensor_descriptor"", ""tensor_descriptor"", ""pointer"", ""pointer"", ""tensor_descriptor"", ""tensor_descriptor""], ""atomic_indexing"": [], ""pid_type"": ""flat""}","{""arg0_ndim"": 2, ""arg0_dim0"": 4096, ""arg0_dim1"": 4096, ""arg0_numel"": 16777216, ""arg0_dtype"": ""torch.float16"", ""arg0_dtype_size"": 2, ""arg0_dtype_cat"": 2, ""arg1_ndim"": 1, ""arg1_dim0"": 4096, ""arg1_numel"": 4096, ""arg1_dtype"": ""torch.float16"", ""arg1_dtype_size"": 2, ""arg1_dtype_cat"": 2, ""arg2_ndim"": 1, ""arg2_dim0"": 4096, ""arg2_numel"": 4096, ""arg2_dtype"": ""torch.float16"", ""arg2_dtype_size"": 2, ""arg2_dtype_cat"": 2}",0.018432000651955605
layer_norm,18cf8a14312b2233,04b1dd92c370cc99,"{""block_sizes"": [2], ""reduction_loops"": [null], ""range_unroll_factors"": [0], ""range_warp_specializes"": [null], ""range_num_stages"": [0], ""range_multi_buffers"": [null], ""range_flattens"": [null], ""load_eviction_policies"": [""last"", """", ""last"", ""last"", ""first"", ""first"", """", ""last""], ""num_warps"": 4, ""num_stages"": 1, ""indexing"": [""pointer"", ""pointer"", ""pointer"", ""tensor_descriptor"", ""tensor_descriptor"", ""tensor_descriptor"", ""tensor_descriptor"", ""tensor_descriptor"", ""tensor_descriptor"", ""pointer""], ""atomic_indexing"": [], ""pid_type"": ""flat""}","{""arg0_ndim"": 2, ""arg0_dim0"": 4096, ""arg0_dim1"": 4608, ""arg0_numel"": 18874368, ""arg0_dtype"": ""torch.float16"", ""arg0_dtype_size"": 2, ""arg0_dtype_cat"": 2, ""arg1_ndim"": 1, ""arg1_dim0"": 4608, ""arg1_numel"": 4608, ""arg1_dtype"": ""torch.float16"", ""arg1_dtype_size"": 2, ""arg1_dtype_cat"": 2, ""arg2_ndim"": 1, ""arg2_dim0"": 4608, ""arg2_numel"": 4608, ""arg2_dtype"": ""torch.float16"", ""arg2_dtype_size"": 2, ""arg2_dtype_cat"": 2}",0.030719999223947525
layer_norm,18cf8a14312b2233,186fed3761377dbd,"{""block_sizes"": [1], ""reduction_loops"": [null], ""range_unroll_factors"": [0], ""range_warp_specializes"": [null], ""range_num_stages"": [0], ""range_multi_buffers"": [null], ""range_flattens"": [null], ""load_eviction_policies"": ["""", """", ""last"", """", ""last"", ""first"", ""last"", ""first""], ""num_warps"": 4, ""num_stages"": 7, ""indexing"": [""tensor_descriptor"", ""pointer"", ""tensor_descriptor"", ""pointer"", ""tensor_descriptor"", ""tensor_descriptor"", ""pointer"", ""pointer"", ""tensor_descriptor"", ""tensor_descriptor""], ""atomic_indexing"": [], ""pid_type"": ""flat""}","{""arg0_ndim"": 2, ""arg0_dim0"": 4096, ""arg0_dim1"": 4608, ""arg0_numel"": 18874368, ""arg0_dtype"": ""torch.float16"", ""arg0_dtype_size"": 2, ""arg0_dtype_cat"": 2, ""arg1_ndim"": 1, ""arg1_dim0"": 4608, ""arg1_numel"": 4608, ""arg1_dtype"": ""torch.float16"", ""arg1_dtype_size"": 2, ""arg1_dtype_cat"": 2, ""arg2_ndim"": 1, ""arg2_dim0"": 4608, ""arg2_numel"": 4608, ""arg2_dtype"": ""torch.float16"", ""arg2_dtype_size"": 2, ""arg2_dtype_cat"": 2}",0.028672000393271446
layer_norm,93a74e8591eadff7,04b1dd92c370cc99,"{""block_sizes"": [2], ""reduction_loops"": [null], ""range_unroll_factors"": [0], ""range_warp_specializes"": [null], ""range_num_stages"": [0], ""range_multi_buffers"": [null], ""range_flattens"": [null], ""load_eviction_policies"": [""last"", """", ""last"", ""last"", ""first"", ""first"", """", ""last""], ""num_warps"": 4, ""num_stages"": 1, ""indexing"": [""pointer"", ""pointer"", ""pointer"", ""tensor_descriptor"", ""tensor_descriptor"", ""tensor_descriptor"", ""tensor_descriptor"", ""tensor_descriptor"", ""tensor_descriptor"", ""pointer""], ""atomic_indexing"": [], ""pid_type"": ""flat""}","{""arg0_ndim"": 2, ""arg0_dim0"": 4096, ""arg0_dim1"": 5120, ""arg0_numel"": 20971520, ""arg0_dtype"": ""torch.float16"", ""arg0_dtype_size"": 2, ""arg0_dtype_cat"": 2, ""arg1_ndim"": 1, ""arg1_dim0"": 5120, ""arg1_numel"": 5120, ""arg1_dtype"": ""torch.float16"", ""arg1_dtype_size"": 2, ""arg1_dtype_cat"": 2, ""arg2_ndim"": 1, ""arg2_dim0"": 5120, ""arg2_numel"": 5120, ""arg2_dtype"": ""torch.float16"", ""arg2_dtype_size"": 2, ""arg2_dtype_cat"": 2}",0.03276799991726875
layer_norm,93a74e8591eadff7,186fed3761377dbd,"{""block_sizes"": [1], ""reduction_loops"": [null], ""range_unroll_factors"": [0], ""range_warp_specializes"": [null], ""range_num_stages"": [0], ""range_multi_buffers"": [null], ""range_flattens"": [null], ""load_eviction_policies"": ["""", """", ""last"", """", ""last"", ""first"", ""last"", ""first""], ""num_warps"": 4, ""num_stages"": 7, ""indexing"": [""tensor_descriptor"", ""pointer"", ""tensor_descriptor"", ""pointer"", ""tensor_descriptor"", ""tensor_descriptor"", ""pointer"", ""pointer"", ""tensor_descriptor"", ""tensor_descriptor""], ""atomic_indexing"": [], ""pid_type"": ""flat""}","{""arg0_ndim"": 2, ""arg0_dim0"": 4096, ""arg0_dim1"": 5120, ""arg0_numel"": 20971520, ""arg0_dtype"": ""torch.float16"", ""arg0_dtype_size"": 2, ""arg0_dtype_cat"": 2, ""arg1_ndim"": 1, ""arg1_dim0"": 5120, ""arg1_numel"": 5120, ""arg1_dtype"": ""torch.float16"", ""arg1_dtype_size"": 2, ""arg1_dtype_cat"": 2, ""arg2_ndim"": 1, ""arg2_dim0"": 5120, ""arg2_numel"": 5120, ""arg2_dtype"": ""torch.float16"", ""arg2_dtype_size"": 2, ""arg2_dtype_cat"": 2}",0.030592000111937523
layer_norm,8be1c16b145d0d29,04b1dd92c370cc99,"{""block_sizes"": [2], ""reduction_loops"": [null], ""range_unroll_factors"": [0], ""range_warp_specializes"": [null], ""range_num_stages"": [0], ""range_multi_buffers"": [null], ""range_flattens"": [null], ""load_eviction_policies"": [""last"", """", ""last"", ""last"", ""first"", ""first"", """", ""last""], ""num_warps"": 4, ""num_stages"": 1, ""indexing"": [""pointer"", ""pointer"", ""pointer"", ""tensor_descriptor"", ""tensor_descriptor"", ""tensor_descriptor"", ""tensor_descriptor"", ""tensor_descriptor"", ""tensor_descriptor"", ""pointer""], ""atomic_indexing"": [], ""pid_type"": ""flat""}","{""arg0_ndim"": 2, ""arg0_dim0"": 4096, ""arg0_dim1"": 5632, ""arg0_numel"": 23068672, ""arg0_dtype"": ""torch.float16"", ""arg0_dtype_size"": 2, ""arg0_dtype_cat"": 2, ""arg1_ndim"": 1, ""arg1_dim0"": 5632, ""arg1_numel"": 5632, ""arg1_dtype"": ""torch.float16"", ""arg1_dtype_size"": 2, ""arg1_dtype_cat"": 2, ""arg2_ndim"": 1, ""arg2_dim0"": 5632, ""arg2_numel"": 5632, ""arg2_dtype"": ""torch.float16"", ""arg2_dtype_size"": 2, ""arg2_dtype_cat"": 2}",0.03276799991726875
layer_norm,8be1c16b145d0d29,186fed3761377dbd,"{""block_sizes"": [1], ""reduction_loops"": [null], ""range_unroll_factors"": [0], ""range_warp_specializes"": [null], ""range_num_stages"": [0], ""range_multi_buffers"": [null], ""range_flattens"": [null], ""load_eviction_policies"": ["""", """", ""last"", """", ""last"", ""first"", ""last"", ""first""], ""num_warps"": 4, ""num_stages"": 7, ""indexing"": [""tensor_descriptor"", ""pointer"", ""tensor_descriptor"", ""pointer"", ""tensor_descriptor"", ""tensor_descriptor"", ""pointer"", ""pointer"", ""tensor_descriptor"", ""tensor_descriptor""], ""atomic_indexing"": [], ""pid_type"": ""flat""}","{""arg0_ndim"": 2, ""arg0_dim0"": 4096, ""arg0_dim1"": 5632, ""arg0_numel"": 23068672, ""arg0_dtype"": ""torch.float16"", ""arg0_dtype_size"": 2, ""arg0_dtype_cat"": 2, ""arg1_ndim"": 1, ""arg1_dim0"": 5632, ""arg1_numel"": 5632, ""arg1_dtype"": ""torch.float16"", ""arg1_dtype_size"": 2, ""arg1_dtype_cat"": 2, ""arg2_ndim"": 1, ""arg2_dim0"": 5632, ""arg2_numel"": 5632, ""arg2_dtype"": ""torch.float16"", ""arg2_dtype_size"": 2, ""arg2_dtype_cat"": 2}",0.030719999223947525
layer_norm,76dce875a17ac883,04b1dd92c370cc99,"{""block_sizes"": [2], ""reduction_loops"": [null], ""range_unroll_factors"": [0], ""range_warp_specializes"": [null], ""range_num_stages"": [0], ""range_multi_buffers"": [null], ""range_flattens"": [null], ""load_eviction_policies"": [""last"", """", ""last"", ""last"", ""first"", ""first"", """", ""last""], ""num_warps"": 4, ""num_stages"": 1, ""indexing"": [""pointer"", ""pointer"", ""pointer"", ""tensor_descriptor"", ""tensor_descriptor"", ""tensor_descriptor"", ""tensor_descriptor"", ""tensor_descriptor"", ""tensor_descriptor"", ""pointer""], ""atomic_indexing"": [], ""pid_type"": ""flat""}","{""arg0_ndim"": 2, ""arg0_dim0"": 4096, ""arg0_dim1"": 6144, ""arg0_numel"": 25165824, ""arg0_dtype"": ""torch.float16"", ""arg0_dtype_size"": 2, ""arg0_dtype_cat"": 2, ""arg1_ndim"": 1, ""arg1_dim0"": 6144, ""arg1_numel"": 6144, ""arg1_dtype"": ""torch.float16"", ""arg1_dtype_size"": 2, ""arg1_dtype_cat"": 2, ""arg2_ndim"": 1, ""arg2_dim0"": 6144, ""arg2_numel"": 6144, ""arg2_dtype"": ""torch.float16"", ""arg2_dtype_size"": 2, ""arg2_dtype_cat"": 2}",0.03276799991726875
layer_norm,76dce875a17ac883,186fed3761377dbd,"{""block_sizes"": [1], ""reduction_loops"": [null], ""range_unroll_factors"": [0], ""range_warp_specializes"": [null], ""range_num_stages"": [0], ""range_multi_buffers"": [null], ""range_flattens"": [null], ""load_eviction_policies"": ["""", """", ""last"", """", ""last"", ""first"", ""last"", ""first""], ""num_warps"": 4, ""num_stages"": 7, ""indexing"": [""tensor_descriptor"", ""pointer"", ""tensor_descriptor"", ""pointer"", ""tensor_descriptor"", ""tensor_descriptor"", ""pointer"", ""pointer"", ""tensor_descriptor"", ""tensor_descriptor""], ""atomic_indexing"": [], ""pid_type"": ""flat""}","{""arg0_ndim"": 2, ""arg0_dim0"": 4096, ""arg0_dim1"": 6144, ""arg0_numel"": 25165824, ""arg0_dtype"": ""torch.float16"", ""arg0_dtype_size"": 2, ""arg0_dtype_cat"": 2, ""arg1_ndim"": 1, ""arg1_dim0"": 6144, ""arg1_numel"": 6144, ""arg1_dtype"": ""torch.float16"", ""arg1_dtype_size"": 2, ""arg1_dtype_cat"": 2, ""arg2_ndim"": 1, ""arg2_dim0"": 6144, ""arg2_numel"": 6144, ""arg2_dtype"": ""torch.float16"", ""arg2_dtype_size"": 2, ""arg2_dtype_cat"": 2}",0.032735999673604965
layer_norm,316af1228858a93c,04b1dd92c370cc99,"{""block_sizes"": [2], ""reduction_loops"": [null], ""range_unroll_factors"": [0], ""range_warp_specializes"": [null], ""range_num_stages"": [0], ""range_multi_buffers"": [null], ""range_flattens"": [null], ""load_eviction_policies"": [""last"", """", ""last"", ""last"", ""first"", ""first"", """", ""last""], ""num_warps"": 4, ""num_stages"": 1, ""indexing"": [""pointer"", ""pointer"", ""pointer"", ""tensor_descriptor"", ""tensor_descriptor"", ""tensor_descriptor"", ""tensor_descriptor"", ""tensor_descriptor"", ""tensor_descriptor"", ""pointer""], ""atomic_indexing"": [], ""pid_type"": ""flat""}","{""arg0_ndim"": 2, ""arg0_dim0"": 4096, ""arg0_dim1"": 6656, ""arg0_numel"": 27262976, ""arg0_dtype"": ""torch.float16"", ""arg0_dtype_size"": 2, ""arg0_dtype_cat"": 2, ""arg1_ndim"": 1, ""arg1_dim0"": 6656, ""arg1_numel"": 6656, ""arg1_dtype"": ""torch.float16"", ""arg1_dtype_size"": 2, ""arg1_dtype_cat"": 2, ""arg2_ndim"": 1, ""arg2_dim0"": 6656, ""arg2_numel"": 6656, ""arg2_dtype"": ""torch.float16"", ""arg2_dtype_size"": 2, ""arg2_dtype_cat"": 2}",0.03481600061058998
layer_norm,316af1228858a93c,186fed3761377dbd,"{""block_sizes"": [1], ""reduction_loops"": [null], ""range_unroll_factors"": [0], ""range_warp_specializes"": [null], ""range_num_stages"": [0], ""range_multi_buffers"": [null], ""range_flattens"": [null], ""load_eviction_policies"": ["""", """", ""last"", """", ""last"", ""first"", ""last"", ""first""], ""num_warps"": 4, ""num_stages"": 7, ""indexing"": [""tensor_descriptor"", ""pointer"", ""tensor_descriptor"", ""pointer"", ""tensor_descriptor"", ""tensor_descriptor"", ""pointer"", ""pointer"", ""tensor_descriptor"", ""tensor_descriptor""], ""atomic_indexing"": [], ""pid_type"": ""flat""}","{""arg0_ndim"": 2, ""arg0_dim0"": 4096, ""arg0_dim1"": 6656, ""arg0_numel"": 27262976, ""arg0_dtype"": ""torch.float16"", ""arg0_dtype_size"": 2, ""arg0_dtype_cat"": 2, ""arg1_ndim"": 1, ""arg1_dim0"": 6656, ""arg1_numel"": 6656, ""arg1_dtype"": ""torch.float16"", ""arg1_dtype_size"": 2, ""arg1_dtype_cat"": 2, ""arg2_ndim"": 1, ""arg2_dim0"": 6656, ""arg2_numel"": 6656, ""arg2_dtype"": ""torch.float16"", ""arg2_dtype_size"": 2, ""arg2_dtype_cat"": 2}",0.03283200040459633
layer_norm,be1d93123bdcc453,04b1dd92c370cc99,"{""block_sizes"": [2], ""reduction_loops"": [null], ""range_unroll_factors"": [0], ""range_warp_specializes"": [null], ""range_num_stages"": [0], ""range_multi_buffers"": [null], ""range_flattens"": [null], ""load_eviction_policies"": [""last"", """", ""last"", ""last"", ""first"", ""first"", """", ""last""], ""num_warps"": 4, ""num_stages"": 1, ""indexing"": [""pointer"", ""pointer"", ""pointer"", ""tensor_descriptor"", ""tensor_descriptor"", ""tensor_descriptor"", ""tensor_descriptor"", ""tensor_descriptor"", ""tensor_descriptor"", ""pointer""], ""atomic_indexing"": [], ""pid_type"": ""flat""}","{""arg0_ndim"": 2, ""arg0_dim0"": 4096, ""arg0_dim1"": 7168, ""arg0_numel"": 29360128, ""arg0_dtype"": ""torch.float16"", ""arg0_dtype_size"": 2, ""arg0_dtype_cat"": 2, ""arg1_ndim"": 1, ""arg1_dim0"": 7168, ""arg1_numel"": 7168, ""arg1_dtype"": ""torch.float16"", ""arg1_dtype_size"": 2, ""arg1_dtype_cat"": 2, ""arg2_ndim"": 1, ""arg2_dim0"": 7168, ""arg2_numel"": 7168, ""arg2_dtype"": ""torch.float16"", ""arg2_dtype_size"": 2, ""arg2_dtype_cat"": 2}",0.03481600061058998
layer_norm,be1d93123bdcc453,186fed3761377dbd,"{""block_sizes"": [1], ""reduction_loops"": [null], ""range_unroll_factors"": [0], ""range_warp_specializes"": [null], ""range_num_stages"": [0], ""range_multi_buffers"": [null], ""range_flattens"": [null], ""load_eviction_policies"": ["""", """", ""last"", """", ""last"", ""first"", ""last"", ""first""], ""num_warps"": 4, ""num_stages"": 7, ""indexing"": [""tensor_descriptor"", ""pointer"", ""tensor_descriptor"", ""pointer"", ""tensor_descriptor"", ""tensor_descriptor"", ""pointer"", ""pointer"", ""tensor_descriptor"", ""tensor_descriptor""], ""atomic_indexing"": [], ""pid_type"": ""flat""}","{""arg0_ndim"": 2, ""arg0_dim0"": 4096, ""arg0_dim1"": 7168, ""arg0_numel"": 29360128, ""arg0_dtype"": ""torch.float16"", ""arg0_dtype_size"": 2, ""arg0_dtype_cat"": 2, ""arg1_ndim"": 1, ""arg1_dim0"": 7168, ""arg1_numel"": 7168, ""arg1_dtype"": ""torch.float16"", ""arg1_dtype_size"": 2, ""arg1_dtype_cat"": 2, ""arg2_ndim"": 1, ""arg2_dim0"": 7168, ""arg2_numel"": 7168, ""arg2_dtype"": ""torch.float16"", ""arg2_dtype_size"": 2, ""arg2_dtype_cat"": 2}",0.03481600061058998
layer_norm,b58c87b45e3d395a,04b1dd92c370cc99,"{""block_sizes"": [2], ""reduction_loops"": [null], ""range_unroll_factors"": [0], ""range_warp_specializes"": [null], ""range_num_stages"": [0], ""range_multi_buffers"": [null], ""range_flattens"": [null], ""load_eviction_policies"": [""last"", """", ""last"", ""last"", ""first"", ""first"", """", ""last""], ""num_warps"": 4, ""num_stages"": 1, ""indexing"": [""pointer"", ""pointer"", ""pointer"", ""tensor_descriptor"", ""tensor_descriptor"", ""tensor_descriptor"", ""tensor_descriptor"", ""tensor_descriptor"", ""tensor_descriptor"", ""pointer""], ""atomic_indexing"": [], ""pid_type"": ""flat""}","{""arg0_ndim"": 2, ""arg0_dim0"": 4096, ""arg0_dim1"": 7680, ""arg0_numel"": 31457280, ""arg0_dtype"": ""torch.float16"", ""arg0_dtype_size"": 2, ""arg0_dtype_cat"": 2, ""arg1_ndim"": 1, ""arg1_dim0"": 7680, ""arg1_numel"": 7680, ""arg1_dtype"": ""torch.float16"", ""arg1_dtype_size"": 2, ""arg1_dtype_cat"": 2, ""arg2_ndim"": 1, ""arg2_dim0"": 7680, ""arg2_numel"": 7680, ""arg2_dtype"": ""torch.float16"", ""arg2_dtype_size"": 2, ""arg2_dtype_cat"": 2}",0.03481600061058998
layer_norm,b58c87b45e3d395a,186fed3761377dbd,"{""block_sizes"": [1], ""reduction_loops"": [null], ""range_unroll_factors"": [0], ""range_warp_specializes"": [null], ""range_num_stages"": [0], ""range_multi_buffers"": [null], ""range_flattens"": [null], ""load_eviction_policies"": ["""", """", ""last"", """", ""last"", ""first"", ""last"", ""first""], ""num_warps"": 4, ""num_stages"": 7, ""indexing"": [""tensor_descriptor"", ""pointer"", ""tensor_descriptor"", ""pointer"", ""tensor_descriptor"", ""tensor_descriptor"", ""pointer"", ""pointer"", ""tensor_descriptor"", ""tensor_descriptor""], ""atomic_indexing"": [], ""pid_type"": ""flat""}","{""arg0_ndim"": 2, ""arg0_dim0"": 4096, ""arg0_dim1"": 7680, ""arg0_numel"": 31457280, ""arg0_dtype"": ""torch.float16"", ""arg0_dtype_size"": 2, ""arg0_dtype_cat"": 2, ""arg1_ndim"": 1, ""arg1_dim0"": 7680, ""arg1_numel"": 7680, ""arg1_dtype"": ""torch.float16"", ""arg1_dtype_size"": 2, ""arg1_dtype_cat"": 2, ""arg2_ndim"": 1, ""arg2_dim0"": 7680, ""arg2_numel"": 7680, ""arg2_dtype"": ""torch.float16"", ""arg2_dtype_size"": 2, ""arg2_dtype_cat"": 2}",0.03484800085425377
layer_norm,91c00f708d3eb2f9,04b1dd92c370cc99,"{""block_sizes"": [2], ""reduction_loops"": [null], ""range_unroll_factors"": [0], ""range_warp_specializes"": [null], ""range_num_stages"": [0], ""range_multi_buffers"": [null], ""range_flattens"": [null], ""load_eviction_policies"": [""last"", """", ""last"", ""last"", ""first"", ""first"", """", ""last""], ""num_warps"": 4, ""num_stages"": 1, ""indexing"": [""pointer"", ""pointer"", ""pointer"", ""tensor_descriptor"", ""tensor_descriptor"", ""tensor_descriptor"", ""tensor_descriptor"", ""tensor_descriptor"", ""tensor_descriptor"", ""pointer""], ""atomic_indexing"": [], ""pid_type"": ""flat""}","{""arg0_ndim"": 2, ""arg0_dim0"": 4096, ""arg0_dim1"": 8192, ""arg0_numel"": 33554432, ""arg0_dtype"": ""torch.float16"", ""arg0_dtype_size"": 2, ""arg0_dtype_cat"": 2, ""arg1_ndim"": 1, ""arg1_dim0"": 8192, ""arg1_numel"": 8192, ""arg1_dtype"": ""torch.float16"", ""arg1_dtype_size"": 2, ""arg1_dtype_cat"": 2, ""arg2_ndim"": 1, ""arg2_dim0"": 8192, ""arg2_numel"": 8192, ""arg2_dtype"": ""torch.float16"", ""arg2_dtype_size"": 2, ""arg2_dtype_cat"": 2}",0.03686400130391121
layer_norm,91c00f708d3eb2f9,186fed3761377dbd,"{""block_sizes"": [1], ""reduction_loops"": [null], ""range_unroll_factors"": [0], ""range_warp_specializes"": [null], ""range_num_stages"": [0], ""range_multi_buffers"": [null], ""range_flattens"": [null], ""load_eviction_policies"": ["""", """", ""last"", """", ""last"", ""first"", ""last"", ""first""], ""num_warps"": 4, ""num_stages"": 7, ""indexing"": [""tensor_descriptor"", ""pointer"", ""tensor_descriptor"", ""pointer"", ""tensor_descriptor"", ""tensor_descriptor"", ""pointer"", ""pointer"", ""tensor_descriptor"", ""tensor_descriptor""], ""atomic_indexing"": [], ""pid_type"": ""flat""}","{""arg0_ndim"": 2, ""arg0_dim0"": 4096, ""arg0_dim1"": 8192, ""arg0_numel"": 33554432, ""arg0_dtype"": ""torch.float16"", ""arg0_dtype_size"": 2, ""arg0_dtype_cat"": 2, ""arg1_ndim"": 1, ""arg1_dim0"": 8192, ""arg1_numel"": 8192, ""arg1_dtype"": ""torch.float16"", ""arg1_dtype_size"": 2, ""arg1_dtype_cat"": 2, ""arg2_ndim"": 1, ""arg2_dim0"": 8192, ""arg2_numel"": 8192, ""arg2_dtype"": ""torch.float16"", ""arg2_dtype_size"": 2, ""arg2_dtype_cat"": 2}",0.03686400130391121
layer_norm,c51d446941a9ae9e,04b1dd92c370cc99,"{""block_sizes"": [2], ""reduction_loops"": [null], ""range_unroll_factors"": [0], ""range_warp_specializes"": [null], ""range_num_stages"": [0], ""range_multi_buffers"": [null], ""range_flattens"": [null], ""load_eviction_policies"": [""last"", """", ""last"", ""last"", ""first"", ""first"", """", ""last""], ""num_warps"": 4, ""num_stages"": 1, ""indexing"": [""pointer"", ""pointer"", ""pointer"", ""tensor_descriptor"", ""tensor_descriptor"", ""tensor_descriptor"", ""tensor_descriptor"", ""tensor_descriptor"", ""tensor_descriptor"", ""pointer""], ""atomic_indexing"": [], ""pid_type"": ""flat""}","{""arg0_ndim"": 2, ""arg0_dim0"": 4096, ""arg0_dim1"": 8704, ""arg0_numel"": 35651584, ""arg0_dtype"": ""torch.float16"", ""arg0_dtype_size"": 2, ""arg0_dtype_cat"": 2, ""arg1_ndim"": 1, ""arg1_dim0"": 8704, ""arg1_numel"": 8704, ""arg1_dtype"": ""torch.float16"", ""arg1_dtype_size"": 2, ""arg1_dtype_cat"": 2, ""arg2_ndim"": 1, ""arg2_dim0"": 8704, ""arg2_numel"": 8704, ""arg2_dtype"": ""torch.float16"", ""arg2_dtype_size"": 2, ""arg2_dtype_cat"": 2}",0.4875359982252121
layer_norm,c51d446941a9ae9e,186fed3761377dbd,"{""block_sizes"": [1], ""reduction_loops"": [null], ""range_unroll_factors"": [0], ""range_warp_specializes"": [null], ""range_num_stages"": [0], ""range_multi_buffers"": [null], ""range_flattens"": [null], ""load_eviction_policies"": ["""", """", ""last"", """", ""last"", ""first"", ""last"", ""first""], ""num_warps"": 4, ""num_stages"": 7, ""indexing"": [""tensor_descriptor"", ""pointer"", ""tensor_descriptor"", ""pointer"", ""tensor_descriptor"", ""tensor_descriptor"", ""pointer"", ""pointer"", ""tensor_descriptor"", ""tensor_descriptor""], ""atomic_indexing"": [], ""pid_type"": ""flat""}","{""arg0_ndim"": 2, ""arg0_dim0"": 4096, ""arg0_dim1"": 8704, ""arg0_numel"": 35651584, ""arg0_dtype"": ""torch.float16"", ""arg0_dtype_size"": 2, ""arg0_dtype_cat"": 2, ""arg1_ndim"": 1, ""arg1_dim0"": 8704, ""arg1_numel"": 8704, ""arg1_dtype"": ""torch.float16"", ""arg1_dtype_size"": 2, ""arg1_dtype_cat"": 2, ""arg2_ndim"": 1, ""arg2_dim0"": 8704, ""arg2_numel"": 8704, ""arg2_dtype"": ""torch.float16"", ""arg2_dtype_size"": 2, ""arg2_dtype_cat"": 2}",0.05939200147986412
layer_norm,88f0b773ab53eaab,04b1dd92c370cc99,"{""block_sizes"": [2], ""reduction_loops"": [null], ""range_unroll_factors"": [0], ""range_warp_specializes"": [null], ""range_num_stages"": [0], ""range_multi_buffers"": [null], ""range_flattens"": [null], ""load_eviction_policies"": [""last"", """", ""last"", ""last"", ""first"", ""first"", """", ""last""], ""num_warps"": 4, ""num_stages"": 1, ""indexing"": [""pointer"", ""pointer"", ""pointer"", ""tensor_descriptor"", ""tensor_descriptor"", ""tensor_descriptor"", ""tensor_descriptor"", ""tensor_descriptor"", ""tensor_descriptor"", ""pointer""], ""atomic_indexing"": [], ""pid_type"": ""flat""}","{""arg0_ndim"": 2, ""arg0_dim0"": 4096, ""arg0_dim1"": 9216, ""arg0_numel"": 37748736, ""arg0_dtype"": ""torch.float16"", ""arg0_dtype_size"": 2, ""arg0_dtype_cat"": 2, ""arg1_ndim"": 1, ""arg1_dim0"": 9216, ""arg1_numel"": 9216, ""arg1_dtype"": ""torch.float16"", ""arg1_dtype_size"": 2, ""arg1_dtype_cat"": 2, ""arg2_ndim"": 1, ""arg2_dim0"": 9216, ""arg2_numel"": 9216, ""arg2_dtype"": ""torch.float16"", ""arg2_dtype_size"": 2, ""arg2_dtype_cat"": 2}",0.48848000168800354
layer_norm,88f0b773ab53eaab,186fed3761377dbd,"{""block_sizes"": [1], ""reduction_loops"": [null], ""range_unroll_factors"": [0], ""range_warp_specializes"": [null], ""range_num_stages"": [0], ""range_multi_buffers"": [null], ""range_flattens"": [null], ""load_eviction_policies"": ["""", """", ""last"", """", ""last"", ""first"", ""last"", ""first""], ""num_warps"": 4, ""num_stages"": 7, ""indexing"": [""tensor_descriptor"", ""pointer"", ""tensor_descriptor"", ""pointer"", ""tensor_descriptor"", ""tensor_descriptor"", ""pointer"", ""pointer"", ""tensor_descriptor"", ""tensor_descriptor""], ""atomic_indexing"": [], ""pid_type"": ""flat""}","{""arg0_ndim"": 2, ""arg0_dim0"": 4096, ""arg0_dim1"": 9216, ""arg0_numel"": 37748736, ""arg0_dtype"": ""torch.float16"", ""arg0_dtype_size"": 2, ""arg0_dtype_cat"": 2, ""arg1_ndim"": 1, ""arg1_dim0"": 9216, ""arg1_numel"": 9216, ""arg1_dtype"": ""torch.float16"", ""arg1_dtype_size"": 2, ""arg1_dtype_cat"": 2, ""arg2_ndim"": 1, ""arg2_dim0"": 9216, ""arg2_numel"": 9216, ""arg2_dtype"": ""torch.float16"", ""arg2_dtype_size"": 2, ""arg2_dtype_cat"": 2}",0.05939200147986412
layer_norm,a8ceaf8d64ea6d58,04b1dd92c370cc99,"{""block_sizes"": [2], ""reduction_loops"": [null], ""range_unroll_factors"": [0], ""range_warp_specializes"": [null], ""range_num_stages"": [0], ""range_multi_buffers"": [null], ""range_flattens"": [null], ""load_eviction_policies"": [""last"", """", ""last"", ""last"", ""first"", ""first"", """", ""last""], ""num_warps"": 4, ""num_stages"": 1, ""indexing"": [""pointer"", ""pointer"", ""pointer"", ""tensor_descriptor"", ""tensor_descriptor"", ""tensor_descriptor"", ""tensor_descriptor"", ""tensor_descriptor"", ""tensor_descriptor"", ""pointer""], ""atomic_indexing"": [], ""pid_type"": ""flat""}","{""arg0_ndim"": 2, ""arg0_dim0"": 4096, ""arg0_dim1"": 9728, ""arg0_numel"": 39845888, ""arg0_dtype"": ""torch.float16"", ""arg0_dtype_size"": 2, ""arg0_dtype_cat"": 2, ""arg1_ndim"": 1, ""arg1_dim0"": 9728, ""arg1_numel"": 9728, ""arg1_dtype"": ""torch.float16"", ""arg1_dtype_size"": 2, ""arg1_dtype_cat"": 2, ""arg2_ndim"": 1, ""arg2_dim0"": 9728, ""arg2_numel"": 9728, ""arg2_dtype"": ""torch.float16"", ""arg2_dtype_size"": 2, ""arg2_dtype_cat"": 2}",0.49136000871658325
layer_norm,a8ceaf8d64ea6d58,186fed3761377dbd,"{""block_sizes"": [1], ""reduction_loops"": [null], ""range_unroll_factors"": [0], ""range_warp_specializes"": [null], ""range_num_stages"": [0], ""range_multi_buffers"": [null], ""range_flattens"": [null], ""load_eviction_policies"": ["""", """", ""last"", """", ""last"", ""first"", ""last"", ""first""], ""num_warps"": 4, ""num_stages"": 7, ""indexing"": [""tensor_descriptor"", ""pointer"", ""tensor_descriptor"", ""pointer"", ""tensor_descriptor"", ""tensor_descriptor"", ""pointer"", ""pointer"", ""tensor_descriptor"", ""tensor_descriptor""], ""atomic_indexing"": [], ""pid_type"": ""flat""}","{""arg0_ndim"": 2, ""arg0_dim0"": 4096, ""arg0_dim1"": 9728, ""arg0_numel"": 39845888, ""arg0_dtype"": ""torch.float16"", ""arg0_dtype_size"": 2, ""arg0_dtype_cat"": 2, ""arg1_ndim"": 1, ""arg1_dim0"": 9728, ""arg1_numel"": 9728, ""arg1_dtype"": ""torch.float16"", ""arg1_dtype_size"": 2, ""arg1_dtype_cat"": 2, ""arg2_ndim"": 1, ""arg2_dim0"": 9728, ""arg2_numel"": 9728, ""arg2_dtype"": ""torch.float16"", ""arg2_dtype_size"": 2, ""arg2_dtype_cat"": 2}",0.05939200147986412
layer_norm,c118e8d22fe0fdb8,04b1dd92c370cc99,"{""block_sizes"": [2], ""reduction_loops"": [null], ""range_unroll_factors"": [0], ""range_warp_specializes"": [null], ""range_num_stages"": [0], ""range_multi_buffers"": [null], ""range_flattens"": [null], ""load_eviction_policies"": [""last"", """", ""last"", ""last"", ""first"", ""first"", """", ""last""], ""num_warps"": 4, ""num_stages"": 1, ""indexing"": [""pointer"", ""pointer"", ""pointer"", ""tensor_descriptor"", ""tensor_descriptor"", ""tensor_descriptor"", ""tensor_descriptor"", ""tensor_descriptor"", ""tensor_descriptor"", ""pointer""], ""atomic_indexing"": [], ""pid_type"": ""flat""}","{""arg0_ndim"": 2, ""arg0_dim0"": 4096, ""arg0_dim1"": 10240, ""arg0_numel"": 41943040, ""arg0_dtype"": ""torch.float16"", ""arg0_dtype_size"": 2, ""arg0_dtype_cat"": 2, ""arg1_ndim"": 1, ""arg1_dim0"": 10240, ""arg1_numel"": 10240, ""arg1_dtype"": ""torch.float16"", ""arg1_dtype_size"": 2, ""arg1_dtype_cat"": 2, ""arg2_ndim"": 1, ""arg2_dim0"": 10240, ""arg2_numel"": 10240, ""arg2_dtype"": ""torch.float16"", ""arg2_dtype_size"": 2, ""arg2_dtype_cat"": 2}",0.49164798855781555
layer_norm,c118e8d22fe0fdb8,186fed3761377dbd,"{""block_sizes"": [1], ""reduction_loops"": [null], ""range_unroll_factors"": [0], ""range_warp_specializes"": [null], ""range_num_stages"": [0], ""range_multi_buffers"": [null], ""range_flattens"": [null], ""load_eviction_policies"": ["""", """", ""last"", """", ""last"", ""first"", ""last"", ""first""], ""num_warps"": 4, ""num_stages"": 7, ""indexing"": [""tensor_descriptor"", ""pointer"", ""tensor_descriptor"", ""pointer"", ""tensor_descriptor"", ""tensor_descriptor"", ""pointer"", ""pointer"", ""tensor_descriptor"", ""tensor_descriptor""], ""atomic_indexing"": [], ""pid_type"": ""flat""}","{""arg0_ndim"": 2, ""arg0_dim0"": 4096, ""arg0_dim1"": 10240, ""arg0_numel"": 41943040, ""arg0_dtype"": ""torch.float16"", ""arg0_dtype_size"": 2, ""arg0_dtype_cat"": 2, ""arg1_ndim"": 1, ""arg1_dim0"": 10240, ""arg1_numel"": 10240, ""arg1_dtype"": ""torch.float16"", ""arg1_dtype_size"": 2, ""arg1_dtype_cat"": 2, ""arg2_ndim"": 1, ""arg2_dim0"": 10240, ""arg2_numel"": 10240, ""arg2_dtype"": ""torch.float16"", ""arg2_dtype_size"": 2, ""arg2_dtype_cat"": 2}",0.059487998485565186
layer_norm,9802ec14f2d90d23,04b1dd92c370cc99,"{""block_sizes"": [2], ""reduction_loops"": [null], ""range_unroll_factors"": [0], ""range_warp_specializes"": [null], ""range_num_stages"": [0], ""range_multi_buffers"": [null], ""range_flattens"": [null], ""load_eviction_policies"": [""last"", """", ""last"", ""last"", ""first"", ""first"", """", ""last""], ""num_warps"": 4, ""num_stages"": 1, ""indexing"": [""pointer"", ""pointer"", ""pointer"", ""tensor_descriptor"", ""tensor_descriptor"", ""tensor_descriptor"", ""tensor_descriptor"", ""tensor_descriptor"", ""tensor_descriptor"", ""pointer""], ""atomic_indexing"": [], ""pid_type"": ""flat""}","{""arg0_ndim"": 2, ""arg0_dim0"": 4096, ""arg0_dim1"": 10752, ""arg0_numel"": 44040192, ""arg0_dtype"": ""torch.float16"", ""arg0_dtype_size"": 2, ""arg0_dtype_cat"": 2, ""arg1_ndim"": 1, ""arg1_dim0"": 10752, ""arg1_numel"": 10752, ""arg1_dtype"": ""torch.float16"", ""arg1_dtype_size"": 2, ""arg1_dtype_cat"": 2, ""arg2_ndim"": 1, ""arg2_dim0"": 10752, ""arg2_numel"": 10752, ""arg2_dtype"": ""torch.float16"", ""arg2_dtype_size"": 2, ""arg2_dtype_cat"": 2}",0.49459201097488403
layer_norm,9802ec14f2d90d23,186fed3761377dbd,"{""block_sizes"": [1], ""reduction_loops"": [null], ""range_unroll_factors"": [0], ""range_warp_specializes"": [null], ""range_num_stages"": [0], ""range_multi_buffers"": [null], ""range_flattens"": [null], ""load_eviction_policies"": ["""", """", ""last"", """", ""last"", ""first"", ""last"", ""first""], ""num_warps"": 4, ""num_stages"": 7, ""indexing"": [""tensor_descriptor"", ""pointer"", ""tensor_descriptor"", ""pointer"", ""tensor_descriptor"", ""tensor_descriptor"", ""pointer"", ""pointer"", ""tensor_descriptor"", ""tensor_descriptor""], ""atomic_indexing"": [], ""pid_type"": ""flat""}","{""arg0_ndim"": 2, ""arg0_dim0"": 4096, ""arg0_dim1"": 10752, ""arg0_numel"": 44040192, ""arg0_dtype"": ""torch.float16"", ""arg0_dtype_size"": 2, ""arg0_dtype_cat"": 2, ""arg1_ndim"": 1, ""arg1_dim0"": 10752, ""arg1_numel"": 10752, ""arg1_dtype"": ""torch.float16"", ""arg1_dtype_size"": 2, ""arg1_dtype_cat"": 2, ""arg2_ndim"": 1, ""arg2_dim0"": 10752, ""arg2_numel"": 10752, ""arg2_dtype"": ""torch.float16"", ""arg2_dtype_size"": 2, ""arg2_dtype_cat"": 2}",0.06355199962854385
layer_norm,048c7f61d5470389,04b1dd92c370cc99,"{""block_sizes"": [2], ""reduction_loops"": [null], ""range_unroll_factors"": [0], ""range_warp_specializes"": [null], ""range_num_stages"": [0], ""range_multi_buffers"": [null], ""range_flattens"": [null], ""load_eviction_policies"": [""last"", """", ""last"", ""last"", ""first"", ""first"", """", ""last""], ""num_warps"": 4, ""num_stages"": 1, ""indexing"": [""pointer"", ""pointer"", ""pointer"", ""tensor_descriptor"", ""tensor_descriptor"", ""tensor_descriptor"", ""tensor_descriptor"", ""tensor_descriptor"", ""tensor_descriptor"", ""pointer""], ""atomic_indexing"": [], ""pid_type"": ""flat""}","{""arg0_ndim"": 2, ""arg0_dim0"": 4096, ""arg0_dim1"": 11264, ""arg0_numel"": 46137344, ""arg0_dtype"": ""torch.float16"", ""arg0_dtype_size"": 2, ""arg0_dtype_cat"": 2, ""arg1_ndim"": 1, ""arg1_dim0"": 11264, ""arg1_numel"": 11264, ""arg1_dtype"": ""torch.float16"", ""arg1_dtype_size"": 2, ""arg1_dtype_cat"": 2, ""arg2_ndim"": 1, ""arg2_dim0"": 11264, ""arg2_numel"": 11264, ""arg2_dtype"": ""torch.float16"", ""arg2_dtype_size"": 2, ""arg2_dtype_cat"": 2}",0.4976640045642853
layer_norm,048c7f61d5470389,186fed3761377dbd,"{""block_sizes"": [1], ""reduction_loops"": [null], ""range_unroll_factors"": [0], ""range_warp_specializes"": [null], ""range_num_stages"": [0], ""range_multi_buffers"": [null], ""range_flattens"": [null], ""load_eviction_policies"": ["""", """", ""last"", """", ""last"", ""first"", ""last"", ""first""], ""num_warps"": 4, ""num_stages"": 7, ""indexing"": [""tensor_descriptor"", ""pointer"", ""tensor_descriptor"", ""pointer"", ""tensor_descriptor"", ""tensor_descriptor"", ""pointer"", ""pointer"", ""tensor_descriptor"", ""tensor_descriptor""], ""atomic_indexing"": [], ""pid_type"": ""flat""}","{""arg0_ndim"": 2, ""arg0_dim0"": 4096, ""arg0_dim1"": 11264, ""arg0_numel"": 46137344, ""arg0_dtype"": ""torch.float16"", ""arg0_dtype_size"": 2, ""arg0_dtype_cat"": 2, ""arg1_ndim"": 1, ""arg1_dim0"": 11264, ""arg1_numel"": 11264, ""arg1_dtype"": ""torch.float16"", ""arg1_dtype_size"": 2, ""arg1_dtype_cat"": 2, ""arg2_ndim"": 1, ""arg2_dim0"": 11264, ""arg2_numel"": 11264, ""arg2_dtype"": ""torch.float16"", ""arg2_dtype_size"": 2, ""arg2_dtype_cat"": 2}",0.06752000004053116
layer_norm,a8896b4052c364e8,04b1dd92c370cc99,"{""block_sizes"": [2], ""reduction_loops"": [null], ""range_unroll_factors"": [0], ""range_warp_specializes"": [null], ""range_num_stages"": [0], ""range_multi_buffers"": [null], ""range_flattens"": [null], ""load_eviction_policies"": [""last"", """", ""last"", ""last"", ""first"", ""first"", """", ""last""], ""num_warps"": 4, ""num_stages"": 1, ""indexing"": [""pointer"", ""pointer"", ""pointer"", ""tensor_descriptor"", ""tensor_descriptor"", ""tensor_descriptor"", ""tensor_descriptor"", ""tensor_descriptor"", ""tensor_descriptor"", ""pointer""], ""atomic_indexing"": [], ""pid_type"": ""flat""}","{""arg0_ndim"": 2, ""arg0_dim0"": 4096, ""arg0_dim1"": 11776, ""arg0_numel"": 48234496, ""arg0_dtype"": ""torch.float16"", ""arg0_dtype_size"": 2, ""arg0_dtype_cat"": 2, ""arg1_ndim"": 1, ""arg1_dim0"": 11776, ""arg1_numel"": 11776, ""arg1_dtype"": ""torch.float16"", ""arg1_dtype_size"": 2, ""arg1_dtype_cat"": 2, ""arg2_ndim"": 1, ""arg2_dim0"": 11776, ""arg2_numel"": 11776, ""arg2_dtype"": ""torch.float16"", ""arg2_dtype_size"": 2, ""arg2_dtype_cat"": 2}",0.49769601225852966
layer_norm,a8896b4052c364e8,186fed3761377dbd,"{""block_sizes"": [1], ""reduction_loops"": [null], ""range_unroll_factors"": [0], ""range_warp_specializes"": [null], ""range_num_stages"": [0], ""range_multi_buffers"": [null], ""range_flattens"": [null], ""load_eviction_policies"": ["""", """", ""last"", """", ""last"", ""first"", ""last"", ""first""], ""num_warps"": 4, ""num_stages"": 7, ""indexing"": [""tensor_descriptor"", ""pointer"", ""tensor_descriptor"", ""pointer"", ""tensor_descriptor"", ""tensor_descriptor"", ""pointer"", ""pointer"", ""tensor_descriptor"", ""tensor_descriptor""], ""atomic_indexing"": [], ""pid_type"": ""flat""}","{""arg0_ndim"": 2, ""arg0_dim0"": 4096, ""arg0_dim1"": 11776, ""arg0_numel"": 48234496, ""arg0_dtype"": ""torch.float16"", ""arg0_dtype_size"": 2, ""arg0_dtype_cat"": 2, ""arg1_ndim"": 1, ""arg1_dim0"": 11776, ""arg1_numel"": 11776, ""arg1_dtype"": ""torch.float16"", ""arg1_dtype_size"": 2, ""arg1_dtype_cat"": 2, ""arg2_ndim"": 1, ""arg2_dim0"": 11776, ""arg2_numel"": 11776, ""arg2_dtype"": ""torch.float16"", ""arg2_dtype_size"": 2, ""arg2_dtype_cat"": 2}",0.06758400052785873
layer_norm,c382bfaa9e60ddfe,04b1dd92c370cc99,"{""block_sizes"": [2], ""reduction_loops"": [null], ""range_unroll_factors"": [0], ""range_warp_specializes"": [null], ""range_num_stages"": [0], ""range_multi_buffers"": [null], ""range_flattens"": [null], ""load_eviction_policies"": [""last"", """", ""last"", ""last"", ""first"", ""first"", """", ""last""], ""num_warps"": 4, ""num_stages"": 1, ""indexing"": [""pointer"", ""pointer"", ""pointer"", ""tensor_descriptor"", ""tensor_descriptor"", ""tensor_descriptor"", ""tensor_descriptor"", ""tensor_descriptor"", ""tensor_descriptor"", ""pointer""], ""atomic_indexing"": [], ""pid_type"": ""flat""}","{""arg0_ndim"": 2, ""arg0_dim0"": 4096, ""arg0_dim1"": 12288, ""arg0_numel"": 50331648, ""arg0_dtype"": ""torch.float16"", ""arg0_dtype_size"": 2, ""arg0_dtype_cat"": 2, ""arg1_ndim"": 1, ""arg1_dim0"": 12288, ""arg1_numel"": 12288, ""arg1_dtype"": ""torch.float16"", ""arg1_dtype_size"": 2, ""arg1_dtype_cat"": 2, ""arg2_ndim"": 1, ""arg2_dim0"": 12288, ""arg2_numel"": 12288, ""arg2_dtype"": ""torch.float16"", ""arg2_dtype_size"": 2, ""arg2_dtype_cat"": 2}",0.49955199658870697
layer_norm,c382bfaa9e60ddfe,186fed3761377dbd,"{""block_sizes"": [1], ""reduction_loops"": [null], ""range_unroll_factors"": [0], ""range_warp_specializes"": [null], ""range_num_stages"": [0], ""range_multi_buffers"": [null], ""range_flattens"": [null], ""load_eviction_policies"": ["""", """", ""last"", """", ""last"", ""first"", ""last"", ""first""], ""num_warps"": 4, ""num_stages"": 7, ""indexing"": [""tensor_descriptor"", ""pointer"", ""tensor_descriptor"", ""pointer"", ""tensor_descriptor"", ""tensor_descriptor"", ""pointer"", ""pointer"", ""tensor_descriptor"", ""tensor_descriptor""], ""atomic_indexing"": [], ""pid_type"": ""flat""}","{""arg0_ndim"": 2, ""arg0_dim0"": 4096, ""arg0_dim1"": 12288, ""arg0_numel"": 50331648, ""arg0_dtype"": ""torch.float16"", ""arg0_dtype_size"": 2, ""arg0_dtype_cat"": 2, ""arg1_ndim"": 1, ""arg1_dim0"": 12288, ""arg1_numel"": 12288, ""arg1_dtype"": ""torch.float16"", ""arg1_dtype_size"": 2, ""arg1_dtype_cat"": 2, ""arg2_ndim"": 1, ""arg2_dim0"": 12288, ""arg2_numel"": 12288, ""arg2_dtype"": ""torch.float16"", ""arg2_dtype_size"": 2, ""arg2_dtype_cat"": 2}",0.06950400024652481
layer_norm,031145e8287a4b4d,04b1dd92c370cc99,"{""block_sizes"": [2], ""reduction_loops"": [null], ""range_unroll_factors"": [0], ""range_warp_specializes"": [null], ""range_num_stages"": [0], ""range_multi_buffers"": [null], ""range_flattens"": [null], ""load_eviction_policies"": [""last"", """", ""last"", ""last"", ""first"", ""first"", """", ""last""], ""num_warps"": 4, ""num_stages"": 1, ""indexing"": [""pointer"", ""pointer"", ""pointer"", ""tensor_descriptor"", ""tensor_descriptor"", ""tensor_descriptor"", ""tensor_descriptor"", ""tensor_descriptor"", ""tensor_descriptor"", ""pointer""], ""atomic_indexing"": [], ""pid_type"": ""flat""}","{""arg0_ndim"": 2, ""arg0_dim0"": 4096, ""arg0_dim1"": 12800, ""arg0_numel"": 52428800, ""arg0_dtype"": ""torch.float16"", ""arg0_dtype_size"": 2, ""arg0_dtype_cat"": 2, ""arg1_ndim"": 1, ""arg1_dim0"": 12800, ""arg1_numel"": 12800, ""arg1_dtype"": ""torch.float16"", ""arg1_dtype_size"": 2, ""arg1_dtype_cat"": 2, ""arg2_ndim"": 1, ""arg2_dim0"": 12800, ""arg2_numel"": 12800, ""arg2_dtype"": ""torch.float16"", ""arg2_dtype_size"": 2, ""arg2_dtype_cat"": 2}",0.5015680193901062
layer_norm,031145e8287a4b4d,186fed3761377dbd,"{""block_sizes"": [1], ""reduction_loops"": [null], ""range_unroll_factors"": [0], ""range_warp_specializes"": [null], ""range_num_stages"": [0], ""range_multi_buffers"": [null], ""range_flattens"": [null], ""load_eviction_policies"": ["""", """", ""last"", """", ""last"", ""first"", ""last"", ""first""], ""num_warps"": 4, ""num_stages"": 7, ""indexing"": [""tensor_descriptor"", ""pointer"", ""tensor_descriptor"", ""pointer"", ""tensor_descriptor"", ""tensor_descriptor"", ""pointer"", ""pointer"", ""tensor_descriptor"", ""tensor_descriptor""], ""atomic_indexing"": [], ""pid_type"": ""flat""}","{""arg0_ndim"": 2, ""arg0_dim0"": 4096, ""arg0_dim1"": 12800, ""arg0_numel"": 52428800, ""arg0_dtype"": ""torch.float16"", ""arg0_dtype_size"": 2, ""arg0_dtype_cat"": 2, ""arg1_ndim"": 1, ""arg1_dim0"": 12800, ""arg1_numel"": 12800, ""arg1_dtype"": ""torch.float16"", ""arg1_dtype_size"": 2, ""arg1_dtype_cat"": 2, ""arg2_ndim"": 1, ""arg2_dim0"": 12800, ""arg2_numel"": 12800, ""arg2_dtype"": ""torch.float16"", ""arg2_dtype_size"": 2, ""arg2_dtype_cat"": 2}",0.07152000069618225
layer_norm,3190fb5e30e5e79c,04b1dd92c370cc99,"{""block_sizes"": [2], ""reduction_loops"": [null], ""range_unroll_factors"": [0], ""range_warp_specializes"": [null], ""range_num_stages"": [0], ""range_multi_buffers"": [null], ""range_flattens"": [null], ""load_eviction_policies"": [""last"", """", ""last"", ""last"", ""first"", ""first"", """", ""last""], ""num_warps"": 4, ""num_stages"": 1, ""indexing"": [""pointer"", ""pointer"", ""pointer"", ""tensor_descriptor"", ""tensor_descriptor"", ""tensor_descriptor"", ""tensor_descriptor"", ""tensor_descriptor"", ""tensor_descriptor"", ""pointer""], ""atomic_indexing"": [], ""pid_type"": ""flat""}","{""arg0_ndim"": 2, ""arg0_dim0"": 4096, ""arg0_dim1"": 13312, ""arg0_numel"": 54525952, ""arg0_dtype"": ""torch.float16"", ""arg0_dtype_size"": 2, ""arg0_dtype_cat"": 2, ""arg1_ndim"": 1, ""arg1_dim0"": 13312, ""arg1_numel"": 13312, ""arg1_dtype"": ""torch.float16"", ""arg1_dtype_size"": 2, ""arg1_dtype_cat"": 2, ""arg2_ndim"": 1, ""arg2_dim0"": 13312, ""arg2_numel"": 13312, ""arg2_dtype"": ""torch.float16"", ""arg2_dtype_size"": 2, ""arg2_dtype_cat"": 2}",0.5033279955387115
layer_norm,3190fb5e30e5e79c,186fed3761377dbd,"{""block_sizes"": [1], ""reduction_loops"": [null], ""range_unroll_factors"": [0], ""range_warp_specializes"": [null], ""range_num_stages"": [0], ""range_multi_buffers"": [null], ""range_flattens"": [null], ""load_eviction_policies"": ["""", """", ""last"", """", ""last"", ""first"", ""last"", ""first""], ""num_warps"": 4, ""num_stages"": 7, ""indexing"": [""tensor_descriptor"", ""pointer"", ""tensor_descriptor"", ""pointer"", ""tensor_descriptor"", ""tensor_descriptor"", ""pointer"", ""pointer"", ""tensor_descriptor"", ""tensor_descriptor""], ""atomic_indexing"": [], ""pid_type"": ""flat""}","{""arg0_ndim"": 2, ""arg0_dim0"": 4096, ""arg0_dim1"": 13312, ""arg0_numel"": 54525952, ""arg0_dtype"": ""torch.float16"", ""arg0_dtype_size"": 2, ""arg0_dtype_cat"": 2, ""arg1_ndim"": 1, ""arg1_dim0"": 13312, ""arg1_numel"": 13312, ""arg1_dtype"": ""torch.float16"", ""arg1_dtype_size"": 2, ""arg1_dtype_cat"": 2, ""arg2_ndim"": 1, ""arg2_dim0"": 13312, ""arg2_numel"": 13312, ""arg2_dtype"": ""torch.float16"", ""arg2_dtype_size"": 2, ""arg2_dtype_cat"": 2}",0.07168000191450119
layer_norm,5d7b9ec06482ca12,04b1dd92c370cc99,"{""block_sizes"": [2], ""reduction_loops"": [null], ""range_unroll_factors"": [0], ""range_warp_specializes"": [null], ""range_num_stages"": [0], ""range_multi_buffers"": [null], ""range_flattens"": [null], ""load_eviction_policies"": [""last"", """", ""last"", ""last"", ""first"", ""first"", """", ""last""], ""num_warps"": 4, ""num_stages"": 1, ""indexing"": [""pointer"", ""pointer"", ""pointer"", ""tensor_descriptor"", ""tensor_descriptor"", ""tensor_descriptor"", ""tensor_descriptor"", ""tensor_descriptor"", ""tensor_descriptor"", ""pointer""], ""atomic_indexing"": [], ""pid_type"": ""flat""}","{""arg0_ndim"": 2, ""arg0_dim0"": 4096, ""arg0_dim1"": 13824, ""arg0_numel"": 56623104, ""arg0_dtype"": ""torch.float16"", ""arg0_dtype_size"": 2, ""arg0_dtype_cat"": 2, ""arg1_ndim"": 1, ""arg1_dim0"": 13824, ""arg1_numel"": 13824, ""arg1_dtype"": ""torch.float16"", ""arg1_dtype_size"": 2, ""arg1_dtype_cat"": 2, ""arg2_ndim"": 1, ""arg2_dim0"": 13824, ""arg2_numel"": 13824, ""arg2_dtype"": ""torch.float16"", ""arg2_dtype_size"": 2, ""arg2_dtype_cat"": 2}",0.5038400292396545
layer_norm,5d7b9ec06482ca12,186fed3761377dbd,"{""block_sizes"": [1], ""reduction_loops"": [null], ""range_unroll_factors"": [0], ""range_warp_specializes"": [null], ""range_num_stages"": [0], ""range_multi_buffers"": [null], ""range_flattens"": [null], ""load_eviction_policies"": ["""", """", ""last"", """", ""last"", ""first"", ""last"", ""first""], ""num_warps"": 4, ""num_stages"": 7, ""indexing"": [""tensor_descriptor"", ""pointer"", ""tensor_descriptor"", ""pointer"", ""tensor_descriptor"", ""tensor_descriptor"", ""pointer"", ""pointer"", ""tensor_descriptor"", ""tensor_descriptor""], ""atomic_indexing"": [], ""pid_type"": ""flat""}","{""arg0_ndim"": 2, ""arg0_dim0"": 4096, ""arg0_dim1"": 13824, ""arg0_numel"": 56623104, ""arg0_dtype"": ""torch.float16"", ""arg0_dtype_size"": 2, ""arg0_dtype_cat"": 2, ""arg1_ndim"": 1, ""arg1_dim0"": 13824, ""arg1_numel"": 13824, ""arg1_dtype"": ""torch.float16"", ""arg1_dtype_size"": 2, ""arg1_dtype_cat"": 2, ""arg2_ndim"": 1, ""arg2_dim0"": 13824, ""arg2_numel"": 13824, ""arg2_dtype"": ""torch.float16"", ""arg2_dtype_size"": 2, ""arg2_dtype_cat"": 2}",0.07372800260782242
layer_norm,0ffdde8ebdf8ea99,04b1dd92c370cc99,"{""block_sizes"": [2], ""reduction_loops"": [null], ""range_unroll_factors"": [0], ""range_warp_specializes"": [null], ""range_num_stages"": [0], ""range_multi_buffers"": [null], ""range_flattens"": [null], ""load_eviction_policies"": [""last"", """", ""last"", ""last"", ""first"", ""first"", """", ""last""], ""num_warps"": 4, ""num_stages"": 1, ""indexing"": [""pointer"", ""pointer"", ""pointer"", ""tensor_descriptor"", ""tensor_descriptor"", ""tensor_descriptor"", ""tensor_descriptor"", ""tensor_descriptor"", ""tensor_descriptor"", ""pointer""], ""atomic_indexing"": [], ""pid_type"": ""flat""}","{""arg0_ndim"": 2, ""arg0_dim0"": 4096, ""arg0_dim1"": 14336, ""arg0_numel"": 58720256, ""arg0_dtype"": ""torch.float16"", ""arg0_dtype_size"": 2, ""arg0_dtype_cat"": 2, ""arg1_ndim"": 1, ""arg1_dim0"": 14336, ""arg1_numel"": 14336, ""arg1_dtype"": ""torch.float16"", ""arg1_dtype_size"": 2, ""arg1_dtype_cat"": 2, ""arg2_ndim"": 1, ""arg2_dim0"": 14336, ""arg2_numel"": 14336, ""arg2_dtype"": ""torch.float16"", ""arg2_dtype_size"": 2, ""arg2_dtype_cat"": 2}",0.505952000617981
layer_norm,0ffdde8ebdf8ea99,186fed3761377dbd,"{""block_sizes"": [1], ""reduction_loops"": [null], ""range_unroll_factors"": [0], ""range_warp_specializes"": [null], ""range_num_stages"": [0], ""range_multi_buffers"": [null], ""range_flattens"": [null], ""load_eviction_policies"": ["""", """", ""last"", """", ""last"", ""first"", ""last"", ""first""], ""num_warps"": 4, ""num_stages"": 7, ""indexing"": [""tensor_descriptor"", ""pointer"", ""tensor_descriptor"", ""pointer"", ""tensor_descriptor"", ""tensor_descriptor"", ""pointer"", ""pointer"", ""tensor_descriptor"", ""tensor_descriptor""], ""atomic_indexing"": [], ""pid_type"": ""flat""}","{""arg0_ndim"": 2, ""arg0_dim0"": 4096, ""arg0_dim1"": 14336, ""arg0_numel"": 58720256, ""arg0_dtype"": ""torch.float16"", ""arg0_dtype_size"": 2, ""arg0_dtype_cat"": 2, ""arg1_ndim"": 1, ""arg1_dim0"": 14336, ""arg1_numel"": 14336, ""arg1_dtype"": ""torch.float16"", ""arg1_dtype_size"": 2, ""arg1_dtype_cat"": 2, ""arg2_ndim"": 1, ""arg2_dim0"": 14336, ""arg2_numel"": 14336, ""arg2_dtype"": ""torch.float16"", ""arg2_dtype_size"": 2, ""arg2_dtype_cat"": 2}",0.07372800260782242
layer_norm,365699ba6f519c66,04b1dd92c370cc99,"{""block_sizes"": [2], ""reduction_loops"": [null], ""range_unroll_factors"": [0], ""range_warp_specializes"": [null], ""range_num_stages"": [0], ""range_multi_buffers"": [null], ""range_flattens"": [null], ""load_eviction_policies"": [""last"", """", ""last"", ""last"", ""first"", ""first"", """", ""last""], ""num_warps"": 4, ""num_stages"": 1, ""indexing"": [""pointer"", ""pointer"", ""pointer"", ""tensor_descriptor"", ""tensor_descriptor"", ""tensor_descriptor"", ""tensor_descriptor"", ""tensor_descriptor"", ""tensor_descriptor"", ""pointer""], ""atomic_indexing"": [], ""pid_type"": ""flat""}","{""arg0_ndim"": 2, ""arg0_dim0"": 4096, ""arg0_dim1"": 14848, ""arg0_numel"": 60817408, ""arg0_dtype"": ""torch.float16"", ""arg0_dtype_size"": 2, ""arg0_dtype_cat"": 2, ""arg1_ndim"": 1, ""arg1_dim0"": 14848, ""arg1_numel"": 14848, ""arg1_dtype"": ""torch.float16"", ""arg1_dtype_size"": 2, ""arg1_dtype_cat"": 2, ""arg2_ndim"": 1, ""arg2_dim0"": 14848, ""arg2_numel"": 14848, ""arg2_dtype"": ""torch.float16"", ""arg2_dtype_size"": 2, ""arg2_dtype_cat"": 2}",0.5080000162124634
layer_norm,365699ba6f519c66,186fed3761377dbd,"{""block_sizes"": [1], ""reduction_loops"": [null], ""range_unroll_factors"": [0], ""range_warp_specializes"": [null], ""range_num_stages"": [0], ""range_multi_buffers"": [null], ""range_flattens"": [null], ""load_eviction_policies"": ["""", """", ""last"", """", ""last"", ""first"", ""last"", ""first""], ""num_warps"": 4, ""num_stages"": 7, ""indexing"": [""tensor_descriptor"", ""pointer"", ""tensor_descriptor"", ""pointer"", ""tensor_descriptor"", ""tensor_descriptor"", ""pointer"", ""pointer"", ""tensor_descriptor"", ""tensor_descriptor""], ""atomic_indexing"": [], ""pid_type"": ""flat""}","{""arg0_ndim"": 2, ""arg0_dim0"": 4096, ""arg0_dim1"": 14848, ""arg0_numel"": 60817408, ""arg0_dtype"": ""torch.float16"", ""arg0_dtype_size"": 2, ""arg0_dtype_cat"": 2, ""arg1_ndim"": 1, ""arg1_dim0"": 14848, ""arg1_numel"": 14848, ""arg1_dtype"": ""torch.float16"", ""arg1_dtype_size"": 2, ""arg1_dtype_cat"": 2, ""arg2_ndim"": 1, ""arg2_dim0"": 14848, ""arg2_numel"": 14848, ""arg2_dtype"": ""torch.float16"", ""arg2_dtype_size"": 2, ""arg2_dtype_cat"": 2}",0.07577600330114365
layer_norm,c5a7230b2121df07,04b1dd92c370cc99,"{""block_sizes"": [2], ""reduction_loops"": [null], ""range_unroll_factors"": [0], ""range_warp_specializes"": [null], ""range_num_stages"": [0], ""range_multi_buffers"": [null], ""range_flattens"": [null], ""load_eviction_policies"": [""last"", """", ""last"", ""last"", ""first"", ""first"", """", ""last""], ""num_warps"": 4, ""num_stages"": 1, ""indexing"": [""pointer"", ""pointer"", ""pointer"", ""tensor_descriptor"", ""tensor_descriptor"", ""tensor_descriptor"", ""tensor_descriptor"", ""tensor_descriptor"", ""tensor_descriptor"", ""pointer""], ""atomic_indexing"": [], ""pid_type"": ""flat""}","{""arg0_ndim"": 2, ""arg0_dim0"": 4096, ""arg0_dim1"": 15360, ""arg0_numel"": 62914560, ""arg0_dtype"": ""torch.float16"", ""arg0_dtype_size"": 2, ""arg0_dtype_cat"": 2, ""arg1_ndim"": 1, ""arg1_dim0"": 15360, ""arg1_numel"": 15360, ""arg1_dtype"": ""torch.float16"", ""arg1_dtype_size"": 2, ""arg1_dtype_cat"": 2, ""arg2_ndim"": 1, ""arg2_dim0"": 15360, ""arg2_numel"": 15360, ""arg2_dtype"": ""torch.float16"", ""arg2_dtype_size"": 2, ""arg2_dtype_cat"": 2}",0.5100959837436676
layer_norm,c5a7230b2121df07,186fed3761377dbd,"{""block_sizes"": [1], ""reduction_loops"": [null], ""range_unroll_factors"": [0], ""range_warp_specializes"": [null], ""range_num_stages"": [0], ""range_multi_buffers"": [null], ""range_flattens"": [null], ""load_eviction_policies"": ["""", """", ""last"", """", ""last"", ""first"", ""last"", ""first""], ""num_warps"": 4, ""num_stages"": 7, ""indexing"": [""tensor_descriptor"", ""pointer"", ""tensor_descriptor"", ""pointer"", ""tensor_descriptor"", ""tensor_descriptor"", ""pointer"", ""pointer"", ""tensor_descriptor"", ""tensor_descriptor""], ""atomic_indexing"": [], ""pid_type"": ""flat""}","{""arg0_ndim"": 2, ""arg0_dim0"": 4096, ""arg0_dim1"": 15360, ""arg0_numel"": 62914560, ""arg0_dtype"": ""torch.float16"", ""arg0_dtype_size"": 2, ""arg0_dtype_cat"": 2, ""arg1_ndim"": 1, ""arg1_dim0"": 15360, ""arg1_numel"": 15360, ""arg1_dtype"": ""torch.float16"", ""arg1_dtype_size"": 2, ""arg1_dtype_cat"": 2, ""arg2_ndim"": 1, ""arg2_dim0"": 15360, ""arg2_numel"": 15360, ""arg2_dtype"": ""torch.float16"", ""arg2_dtype_size"": 2, ""arg2_dtype_cat"": 2}",0.07577600330114365
layer_norm,ccd5a95d3f234011,04b1dd92c370cc99,"{""block_sizes"": [2], ""reduction_loops"": [null], ""range_unroll_factors"": [0], ""range_warp_specializes"": [null], ""range_num_stages"": [0], ""range_multi_buffers"": [null], ""range_flattens"": [null], ""load_eviction_policies"": [""last"", """", ""last"", ""last"", ""first"", ""first"", """", ""last""], ""num_warps"": 4, ""num_stages"": 1, ""indexing"": [""pointer"", ""pointer"", ""pointer"", ""tensor_descriptor"", ""tensor_descriptor"", ""tensor_descriptor"", ""tensor_descriptor"", ""tensor_descriptor"", ""tensor_descriptor"", ""pointer""], ""atomic_indexing"": [], ""pid_type"": ""flat""}","{""arg0_ndim"": 2, ""arg0_dim0"": 4096, ""arg0_dim1"": 15872, ""arg0_numel"": 65011712, ""arg0_dtype"": ""torch.float16"", ""arg0_dtype_size"": 2, ""arg0_dtype_cat"": 2, ""arg1_ndim"": 1, ""arg1_dim0"": 15872, ""arg1_numel"": 15872, ""arg1_dtype"": ""torch.float16"", ""arg1_dtype_size"": 2, ""arg1_dtype_cat"": 2, ""arg2_ndim"": 1, ""arg2_dim0"": 15872, ""arg2_numel"": 15872, ""arg2_dtype"": ""torch.float16"", ""arg2_dtype_size"": 2, ""arg2_dtype_cat"": 2}",0.5108959972858429
layer_norm,ccd5a95d3f234011,186fed3761377dbd,"{""block_sizes"": [1], ""reduction_loops"": [null], ""range_unroll_factors"": [0], ""range_warp_specializes"": [null], ""range_num_stages"": [0], ""range_multi_buffers"": [null], ""range_flattens"": [null], ""load_eviction_policies"": ["""", """", ""last"", """", ""last"", ""first"", ""last"", ""first""], ""num_warps"": 4, ""num_stages"": 7, ""indexing"": [""tensor_descriptor"", ""pointer"", ""tensor_descriptor"", ""pointer"", ""tensor_descriptor"", ""tensor_descriptor"", ""pointer"", ""pointer"", ""tensor_descriptor"", ""tensor_descriptor""], ""atomic_indexing"": [], ""pid_type"": ""flat""}","{""arg0_ndim"": 2, ""arg0_dim0"": 4096, ""arg0_dim1"": 15872, ""arg0_numel"": 65011712, ""arg0_dtype"": ""torch.float16"", ""arg0_dtype_size"": 2, ""arg0_dtype_cat"": 2, ""arg1_ndim"": 1, ""arg1_dim0"": 15872, ""arg1_numel"": 15872, ""arg1_dtype"": ""torch.float16"", ""arg1_dtype_size"": 2, ""arg1_dtype_cat"": 2, ""arg2_ndim"": 1, ""arg2_dim0"": 15872, ""arg2_numel"": 15872, ""arg2_dtype"": ""torch.float16"", ""arg2_dtype_size"": 2, ""arg2_dtype_cat"": 2}",0.07782399654388428
layer_norm,e729f459b57a68e6,178e7391546ae2da,"{""block_sizes"": [1], ""reduction_loops"": [null], ""range_unroll_factors"": [0], ""range_warp_specializes"": [null], ""range_num_stages"": [0], ""range_multi_buffers"": [null], ""range_flattens"": [null], ""load_eviction_policies"": [""first"", """", ""last"", """", ""last"", ""last"", ""last"", """"], ""num_warps"": 4, ""num_stages"": 7, ""indexing"": [""pointer"", ""pointer"", ""tensor_descriptor"", ""pointer"", ""tensor_descriptor"", ""pointer"", ""tensor_descriptor"", ""pointer"", ""pointer"", ""pointer""], ""atomic_indexing"": [], ""pid_type"": ""flat""}","{""arg0_ndim"": 2, ""arg0_dim0"": 4096, ""arg0_dim1"": 1024, ""arg0_numel"": 4194304, ""arg0_dtype"": ""torch.float16"", ""arg0_dtype_size"": 2, ""arg0_dtype_cat"": 2, ""arg1_ndim"": 1, ""arg1_dim0"": 1024, ""arg1_numel"": 1024, ""arg1_dtype"": ""torch.float16"", ""arg1_dtype_size"": 2, ""arg1_dtype_cat"": 2, ""arg2_ndim"": 1, ""arg2_dim0"": 1024, ""arg2_numel"": 1024, ""arg2_dtype"": ""torch.float16"", ""arg2_dtype_size"": 2, ""arg2_dtype_cat"": 2}",0.0102872096253273
layer_norm,e729f459b57a68e6,decf2056869ee2b5,"{""block_sizes"": [1], ""reduction_loops"": [1024], ""range_unroll_factors"": [0], ""range_warp_specializes"": [null], ""range_num_stages"": [0], ""range_multi_buffers"": [null], ""range_flattens"": [null], ""load_eviction_policies"": ["""", ""last"", ""first"", """", ""last"", ""first"", ""last"", ""last""], ""num_warps"": 1, ""num_stages"": 2, ""indexing"": [""pointer"", ""tensor_descriptor"", ""pointer"", ""tensor_descriptor"", ""tensor_descriptor"", ""pointer"", ""pointer"", ""pointer"", ""tensor_descriptor"", ""pointer""], ""atomic_indexing"": [], ""pid_type"": ""flat""}","{""arg0_ndim"": 2, ""arg0_dim0"": 4096, ""arg0_dim1"": 1024, ""arg0_numel"": 4194304, ""arg0_dtype"": ""torch.float16"", ""arg0_dtype_size"": 2, ""arg0_dtype_cat"": 2, ""arg1_ndim"": 1, ""arg1_dim0"": 1024, ""arg1_numel"": 1024, ""arg1_dtype"": ""torch.float16"", ""arg1_dtype_size"": 2, ""arg1_dtype_cat"": 2, ""arg2_ndim"": 1, ""arg2_dim0"": 1024, ""arg2_numel"": 1024, ""arg2_dtype"": ""torch.float16"", ""arg2_dtype_size"": 2, ""arg2_dtype_cat"": 2}",0.010352294690269303
layer_norm,e729f459b57a68e6,43acbd1ca50d4ca3,"{""block_sizes"": [1], ""reduction_loops"": [null], ""range_unroll_factors"": [0], ""range_warp_specializes"": [null], ""range_num_stages"": [0], ""range_multi_buffers"": [null], ""range_flattens"": [null], ""load_eviction_policies"": [""first"", """", """", ""first"", """", ""last"", ""first"", """"], ""num_warps"": 8, ""num_stages"": 4, ""indexing"": [""pointer"", ""tensor_descriptor"", ""pointer"", ""pointer"", ""pointer"", ""pointer"", ""tensor_descriptor"", ""pointer"", ""tensor_descriptor"", ""tensor_descriptor""], ""atomic_indexing"": [], ""pid_type"": ""flat""}","{""arg0_ndim"": 2, ""arg0_dim0"": 4096, ""arg0_dim1"": 1024, ""arg0_numel"": 4194304, ""arg0_dtype"": ""torch.float16"", ""arg0_dtype_size"": 2, ""arg0_dtype_cat"": 2, ""arg1_ndim"": 1, ""arg1_dim0"": 1024, ""arg1_numel"": 1024, ""arg1_dtype"": ""torch.float16"", ""arg1_dtype_size"": 2, ""arg1_dtype_cat"": 2, ""arg2_ndim"": 1, ""arg2_dim0"": 1024, ""arg2_numel"": 1024, ""arg2_dtype"": ""torch.float16"", ""arg2_dtype_size"": 2, ""arg2_dtype_cat"": 2}",0.012296796304072249
layer_norm,e729f459b57a68e6,869c54e4b955a8c6,"{""block_sizes"": [1], ""reduction_loops"": [2048], ""range_unroll_factors"": [0], ""range_warp_specializes"": [null], ""range_num_stages"": [0], ""range_multi_buffers"": [null], ""range_flattens"": [null], ""load_eviction_policies"": [""last"", """", ""first"", """", """", ""last"", """", ""last""], ""num_warps"": 8, ""num_stages"": 4, ""indexing"": [""tensor_descriptor"", ""pointer"", ""pointer"", ""tensor_descriptor"", ""pointer"", ""tensor_descriptor"", ""pointer"", ""pointer"", ""tensor_descriptor"", ""tensor_descriptor""], ""atomic_indexing"": [], ""pid_type"": ""flat""}","{""arg0_ndim"": 2, ""arg0_dim0"": 4096, ""arg0_dim1"": 1024, ""arg0_numel"": 4194304, ""arg0_dtype"": ""torch.float16"", ""arg0_dtype_size"": 2, ""arg0_dtype_cat"": 2, ""arg1_ndim"": 1, ""arg1_dim0"": 1024, ""arg1_numel"": 1024, ""arg1_dtype"": ""torch.float16"", ""arg1_dtype_size"": 2, ""arg1_dtype_cat"": 2, ""arg2_ndim"": 1, ""arg2_dim0"": 1024, ""arg2_numel"": 1024, ""arg2_dtype"": ""torch.float16"", ""arg2_dtype_size"": 2, ""arg2_dtype_cat"": 2}",0.015998736614417385
layer_norm,937e37d1885236d4,178e7391546ae2da,"{""block_sizes"": [1], ""reduction_loops"": [null], ""range_unroll_factors"": [0], ""range_warp_specializes"": [null], ""range_num_stages"": [0], ""range_multi_buffers"": [null], ""range_flattens"": [null], ""load_eviction_policies"": [""first"", """", ""last"", """", ""last"", ""last"", ""last"", """"], ""num_warps"": 4, ""num_stages"": 7, ""indexing"": [""pointer"", ""pointer"", ""tensor_descriptor"", ""pointer"", ""tensor_descriptor"", ""pointer"", ""tensor_descriptor"", ""pointer"", ""pointer"", ""pointer""], ""atomic_indexing"": [], ""pid_type"": ""flat""}","{""arg0_ndim"": 2, ""arg0_dim0"": 4096, ""arg0_dim1"": 1536, ""arg0_numel"": 6291456, ""arg0_dtype"": ""torch.float16"", ""arg0_dtype_size"": 2, ""arg0_dtype_cat"": 2, ""arg1_ndim"": 1, ""arg1_dim0"": 1536, ""arg1_numel"": 1536, ""arg1_dtype"": ""torch.float16"", ""arg1_dtype_size"": 2, ""arg1_dtype_cat"": 2, ""arg2_ndim"": 1, ""arg2_dim0"": 1536, ""arg2_numel"": 1536, ""arg2_dtype"": ""torch.float16"", ""arg2_dtype_size"": 2, ""arg2_dtype_cat"": 2}",0.012314749918878078
layer_norm,937e37d1885236d4,decf2056869ee2b5,"{""block_sizes"": [1], ""reduction_loops"": [1024], ""range_unroll_factors"": [0], ""range_warp_specializes"": [null], ""range_num_stages"": [0], ""range_multi_buffers"": [null], ""range_flattens"": [null], ""load_eviction_policies"": ["""", ""last"", ""first"", """", ""last"", ""first"", ""last"", ""last""], ""num_warps"": 1, ""num_stages"": 2, ""indexing"": [""pointer"", ""tensor_descriptor"", ""pointer"", ""tensor_descriptor"", ""tensor_descriptor"", ""pointer"", ""pointer"", ""pointer"", ""tensor_descriptor"", ""pointer""], ""atomic_indexing"": [], ""pid_type"": ""flat""}","{""arg0_ndim"": 2, ""arg0_dim0"": 4096, ""arg0_dim1"": 1536, ""arg0_numel"": 6291456, ""arg0_dtype"": ""torch.float16"", ""arg0_dtype_size"": 2, ""arg0_dtype_cat"": 2, ""arg1_ndim"": 1, ""arg1_dim0"": 1536, ""arg1_numel"": 1536, ""arg1_dtype"": ""torch.float16"", ""arg1_dtype_size"": 2, ""arg1_dtype_cat"": 2, ""arg2_ndim"": 1, ""arg2_dim0"": 1536, ""arg2_numel"": 1536, ""arg2_dtype"": ""torch.float16"", ""arg2_dtype_size"": 2, ""arg2_dtype_cat"": 2}",0.01435040203677479
layer_norm,937e37d1885236d4,43acbd1ca50d4ca3,"{""block_sizes"": [1], ""reduction_loops"": [null], ""range_unroll_factors"": [0], ""range_warp_specializes"": [null], ""range_num_stages"": [0], ""range_multi_buffers"": [null], ""range_flattens"": [null], ""load_eviction_policies"": [""first"", """", """", ""first"", """", ""last"", ""first"", """"], ""num_warps"": 8, ""num_stages"": 4, ""indexing"": [""pointer"", ""tensor_descriptor"", ""pointer"", ""pointer"", ""pointer"", ""pointer"", ""tensor_descriptor"", ""pointer"", ""tensor_descriptor"", ""tensor_descriptor""], ""atomic_indexing"": [], ""pid_type"": ""flat""}","{""arg0_ndim"": 2, ""arg0_dim0"": 4096, ""arg0_dim1"": 1536, ""arg0_numel"": 6291456, ""arg0_dtype"": ""torch.float16"", ""arg0_dtype_size"": 2, ""arg0_dtype_cat"": 2, ""arg1_ndim"": 1, ""arg1_dim0"": 1536, ""arg1_numel"": 1536, ""arg1_dtype"": ""torch.float16"", ""arg1_dtype_size"": 2, ""arg1_dtype_cat"": 2, ""arg2_ndim"": 1, ""arg2_dim0"": 1536, ""arg2_numel"": 1536, ""arg2_dtype"": ""torch.float16"", ""arg2_dtype_size"": 2, ""arg2_dtype_cat"": 2}",0.014327668318338819
layer_norm,937e37d1885236d4,869c54e4b955a8c6,"{""block_sizes"": [1], ""reduction_loops"": [2048], ""range_unroll_factors"": [0], ""range_warp_specializes"": [null], ""range_num_stages"": [0], ""range_multi_buffers"": [null], ""range_flattens"": [null], ""load_eviction_policies"": [""last"", """", ""first"", """", """", ""last"", """", ""last""], ""num_warps"": 8, ""num_stages"": 4, ""indexing"": [""tensor_descriptor"", ""pointer"", ""pointer"", ""tensor_descriptor"", ""pointer"", ""tensor_descriptor"", ""pointer"", ""pointer"", ""tensor_descriptor"", ""tensor_descriptor""], ""atomic_indexing"": [], ""pid_type"": ""flat""}","{""arg0_ndim"": 2, ""arg0_dim0"": 4096, ""arg0_dim1"": 1536, ""arg0_numel"": 6291456, ""arg0_dtype"": ""torch.float16"", ""arg0_dtype_size"": 2, ""arg0_dtype_cat"": 2, ""arg1_ndim"": 1, ""arg1_dim0"": 1536, ""arg1_numel"": 1536, ""arg1_dtype"": ""torch.float16"", ""arg1_dtype_size"": 2, ""arg1_dtype_cat"": 2, ""arg2_ndim"": 1, ""arg2_dim0"": 1536, ""arg2_numel"": 1536, ""arg2_dtype"": ""torch.float16"", ""arg2_dtype_size"": 2, ""arg2_dtype_cat"": 2}",0.01636850120926119
layer_norm,8baf0dd224ad9805,178e7391546ae2da,"{""block_sizes"": [1], ""reduction_loops"": [null], ""range_unroll_factors"": [0], ""range_warp_specializes"": [null], ""range_num_stages"": [0], ""range_multi_buffers"": [null], ""range_flattens"": [null], ""load_eviction_policies"": [""first"", """", ""last"", """", ""last"", ""last"", ""last"", """"], ""num_warps"": 4, ""num_stages"": 7, ""indexing"": [""pointer"", ""pointer"", ""tensor_descriptor"", ""pointer"", ""tensor_descriptor"", ""pointer"", ""tensor_descriptor"", ""pointer"", ""pointer"", ""pointer""], ""atomic_indexing"": [], ""pid_type"": ""flat""}","{""arg0_ndim"": 2, ""arg0_dim0"": 4096, ""arg0_dim1"": 2048, ""arg0_numel"": 8388608, ""arg0_dtype"": ""torch.float16"", ""arg0_dtype_size"": 2, ""arg0_dtype_cat"": 2, ""arg1_ndim"": 1, ""arg1_dim0"": 2048, ""arg1_numel"": 2048, ""arg1_dtype"": ""torch.float16"", ""arg1_dtype_size"": 2, ""arg1_dtype_cat"": 2, ""arg2_ndim"": 1, ""arg2_dim0"": 2048, ""arg2_numel"": 2048, ""arg2_dtype"": ""torch.float16"", ""arg2_dtype_size"": 2, ""arg2_dtype_cat"": 2}",0.013808043955636756
layer_norm,8baf0dd224ad9805,decf2056869ee2b5,"{""block_sizes"": [1], ""reduction_loops"": [1024], ""range_unroll_factors"": [0], ""range_warp_specializes"": [null], ""range_num_stages"": [0], ""range_multi_buffers"": [null], ""range_flattens"": [null], ""load_eviction_policies"": ["""", ""last"", ""first"", """", ""last"", ""first"", ""last"", ""last""], ""num_warps"": 1, ""num_stages"": 2, ""indexing"": [""pointer"", ""tensor_descriptor"", ""pointer"", ""tensor_descriptor"", ""tensor_descriptor"", ""pointer"", ""pointer"", ""pointer"", ""tensor_descriptor"", ""pointer""], ""atomic_indexing"": [], ""pid_type"": ""flat""}","{""arg0_ndim"": 2, ""arg0_dim0"": 4096, ""arg0_dim1"": 2048, ""arg0_numel"": 8388608, ""arg0_dtype"": ""torch.float16"", ""arg0_dtype_size"": 2, ""arg0_dtype_cat"": 2, ""arg1_ndim"": 1, ""arg1_dim0"": 2048, ""arg1_numel"": 2048, ""arg1_dtype"": ""torch.float16"", ""arg1_dtype_size"": 2, ""arg1_dtype_cat"": 2, ""arg2_ndim"": 1, ""arg2_dim0"": 2048, ""arg2_numel"": 2048, ""arg2_dtype"": ""torch.float16"", ""arg2_dtype_size"": 2, ""arg2_dtype_cat"": 2}",0.014370580712410574
layer_norm,8baf0dd224ad9805,43acbd1ca50d4ca3,"{""block_sizes"": [1], ""reduction_loops"": [null], ""range_unroll_factors"": [0], ""range_warp_specializes"": [null], ""range_num_stages"": [0], ""range_multi_buffers"": [null], ""range_flattens"": [null], ""load_eviction_policies"": [""first"", """", """", ""first"", """", ""last"", ""first"", """"], ""num_warps"": 8, ""num_stages"": 4, ""indexing"": [""pointer"", ""tensor_descriptor"", ""pointer"", ""pointer"", ""pointer"", ""pointer"", ""tensor_descriptor"", ""pointer"", ""tensor_descriptor"", ""tensor_descriptor""], ""atomic_indexing"": [], ""pid_type"": ""flat""}","{""arg0_ndim"": 2, ""arg0_dim0"": 4096, ""arg0_dim1"": 2048, ""arg0_numel"": 8388608, ""arg0_dtype"": ""torch.float16"", ""arg0_dtype_size"": 2, ""arg0_dtype_cat"": 2, ""arg1_ndim"": 1, ""arg1_dim0"": 2048, ""arg1_numel"": 2048, ""arg1_dtype"": ""torch.float16"", ""arg1_dtype_size"": 2, ""arg1_dtype_cat"": 2, ""arg2_ndim"": 1, ""arg2_dim0"": 2048, ""arg2_numel"": 2048, ""arg2_dtype"": ""torch.float16"", ""arg2_dtype_size"": 2, ""arg2_dtype_cat"": 2}",0.014314934475845734
layer_norm,8baf0dd224ad9805,869c54e4b955a8c6,"{""block_sizes"": [1], ""reduction_loops"": [2048], ""range_unroll_factors"": [0], ""range_warp_specializes"": [null], ""range_num_stages"": [0], ""range_multi_buffers"": [null], ""range_flattens"": [null], ""load_eviction_policies"": [""last"", """", ""first"", """", """", ""last"", """", ""last""], ""num_warps"": 8, ""num_stages"": 4, ""indexing"": [""tensor_descriptor"", ""pointer"", ""pointer"", ""tensor_descriptor"", ""pointer"", ""tensor_descriptor"", ""pointer"", ""pointer"", ""tensor_descriptor"", ""tensor_descriptor""], ""atomic_indexing"": [], ""pid_type"": ""flat""}","{""arg0_ndim"": 2, ""arg0_dim0"": 4096, ""arg0_dim1"": 2048, ""arg0_numel"": 8388608, ""arg0_dtype"": ""torch.float16"", ""arg0_dtype_size"": 2, ""arg0_dtype_cat"": 2, ""arg1_ndim"": 1, ""arg1_dim0"": 2048, ""arg1_numel"": 2048, ""arg1_dtype"": ""torch.float16"", ""arg1_dtype_size"": 2, ""arg1_dtype_cat"": 2, ""arg2_ndim"": 1, ""arg2_dim0"": 2048, ""arg2_numel"": 2048, ""arg2_dtype"": ""torch.float16"", ""arg2_dtype_size"": 2, ""arg2_dtype_cat"": 2}",0.01639140196355074
layer_norm,3f0dc6cdcb9e3ba6,178e7391546ae2da,"{""block_sizes"": [1], ""reduction_loops"": [null], ""range_unroll_factors"": [0], ""range_warp_specializes"": [null], ""range_num_stages"": [0], ""range_multi_buffers"": [null], ""range_flattens"": [null], ""load_eviction_policies"": [""first"", """", ""last"", """", ""last"", ""last"", ""last"", """"], ""num_warps"": 4, ""num_stages"": 7, ""indexing"": [""pointer"", ""pointer"", ""tensor_descriptor"", ""pointer"", ""tensor_descriptor"", ""pointer"", ""tensor_descriptor"", ""pointer"", ""pointer"", ""pointer""], ""atomic_indexing"": [], ""pid_type"": ""flat""}","{""arg0_ndim"": 2, ""arg0_dim0"": 4096, ""arg0_dim1"": 2560, ""arg0_numel"": 10485760, ""arg0_dtype"": ""torch.float16"", ""arg0_dtype_size"": 2, ""arg0_dtype_cat"": 2, ""arg1_ndim"": 1, ""arg1_dim0"": 2560, ""arg1_numel"": 2560, ""arg1_dtype"": ""torch.float16"", ""arg1_dtype_size"": 2, ""arg1_dtype_cat"": 2, ""arg2_ndim"": 1, ""arg2_dim0"": 2560, ""arg2_numel"": 2560, ""arg2_dtype"": ""torch.float16"", ""arg2_dtype_size"": 2, ""arg2_dtype_cat"": 2}",0.016446537745753154
layer_norm,3f0dc6cdcb9e3ba6,decf2056869ee2b5,"{""block_sizes"": [1], ""reduction_loops"": [1024], ""range_unroll_factors"": [0], ""range_warp_specializes"": [null], ""range_num_stages"": [0], ""range_multi_buffers"": [null], ""range_flattens"": [null], ""load_eviction_policies"": ["""", ""last"", ""first"", """", ""last"", ""first"", ""last"", ""last""], ""num_warps"": 1, ""num_stages"": 2, ""indexing"": [""pointer"", ""tensor_descriptor"", ""pointer"", ""tensor_descriptor"", ""tensor_descriptor"", ""pointer"", ""pointer"", ""pointer"", ""tensor_descriptor"", ""pointer""], ""atomic_indexing"": [], ""pid_type"": ""flat""}","{""arg0_ndim"": 2, ""arg0_dim0"": 4096, ""arg0_dim1"": 2560, ""arg0_numel"": 10485760, ""arg0_dtype"": ""torch.float16"", ""arg0_dtype_size"": 2, ""arg0_dtype_cat"": 2, ""arg1_ndim"": 1, ""arg1_dim0"": 2560, ""arg1_numel"": 2560, ""arg1_dtype"": ""torch.float16"", ""arg1_dtype_size"": 2, ""arg1_dtype_cat"": 2, ""arg2_ndim"": 1, ""arg2_dim0"": 2560, ""arg2_numel"": 2560, ""arg2_dtype"": ""torch.float16"", ""arg2_dtype_size"": 2, ""arg2_dtype_cat"": 2}",0.017248133153157156
layer_norm,3f0dc6cdcb9e3ba6,43acbd1ca50d4ca3,"{""block_sizes"": [1], ""reduction_loops"": [null], ""range_unroll_factors"": [0], ""range_warp_specializes"": [null], ""range_num_stages"": [0], ""range_multi_buffers"": [null], ""range_flattens"": [null], ""load_eviction_policies"": [""first"", """", """", ""first"", """", ""last"", ""first"", """"], ""num_warps"": 8, ""num_stages"": 4, ""indexing"": [""pointer"", ""tensor_descriptor"", ""pointer"", ""pointer"", ""pointer"", ""pointer"", ""tensor_descriptor"", ""pointer"", ""tensor_descriptor"", ""tensor_descriptor""], ""atomic_indexing"": [], ""pid_type"": ""flat""}","{""arg0_ndim"": 2, ""arg0_dim0"": 4096, ""arg0_dim1"": 2560, ""arg0_numel"": 10485760, ""arg0_dtype"": ""torch.float16"", ""arg0_dtype_size"": 2, ""arg0_dtype_cat"": 2, ""arg1_ndim"": 1, ""arg1_dim0"": 2560, ""arg1_numel"": 2560, ""arg1_dtype"": ""torch.float16"", ""arg1_dtype_size"": 2, ""arg1_dtype_cat"": 2, ""arg2_ndim"": 1, ""arg2_dim0"": 2560, ""arg2_numel"": 2560, ""arg2_dtype"": ""torch.float16"", ""arg2_dtype_size"": 2, ""arg2_dtype_cat"": 2}",0.017562249346055846
layer_norm,3f0dc6cdcb9e3ba6,869c54e4b955a8c6,"{""block_sizes"": [1], ""reduction_loops"": [2048], ""range_unroll_factors"": [0], ""range_warp_specializes"": [null], ""range_num_stages"": [0], ""range_multi_buffers"": [null], ""range_flattens"": [null], ""load_eviction_policies"": [""last"", """", ""first"", """", """", ""last"", """", ""last""], ""num_warps"": 8, ""num_stages"": 4, ""indexing"": [""tensor_descriptor"", ""pointer"", ""pointer"", ""tensor_descriptor"", ""pointer"", ""tensor_descriptor"", ""pointer"", ""pointer"", ""tensor_descriptor"", ""tensor_descriptor""], ""atomic_indexing"": [], ""pid_type"": ""flat""}","{""arg0_ndim"": 2, ""arg0_dim0"": 4096, ""arg0_dim1"": 2560, ""arg0_numel"": 10485760, ""arg0_dtype"": ""torch.float16"", ""arg0_dtype_size"": 2, ""arg0_dtype_cat"": 2, ""arg1_ndim"": 1, ""arg1_dim0"": 2560, ""arg1_numel"": 2560, ""arg1_dtype"": ""torch.float16"", ""arg1_dtype_size"": 2, ""arg1_dtype_cat"": 2, ""arg2_ndim"": 1, ""arg2_dim0"": 2560, ""arg2_numel"": 2560, ""arg2_dtype"": ""torch.float16"", ""arg2_dtype_size"": 2, ""arg2_dtype_cat"": 2}",0.020512604305956993
layer_norm,734abf833efb1beb,178e7391546ae2da,"{""block_sizes"": [1], ""reduction_loops"": [null], ""range_unroll_factors"": [0], ""range_warp_specializes"": [null], ""range_num_stages"": [0], ""range_multi_buffers"": [null], ""range_flattens"": [null], ""load_eviction_policies"": [""first"", """", ""last"", """", ""last"", ""last"", ""last"", """"], ""num_warps"": 4, ""num_stages"": 7, ""indexing"": [""pointer"", ""pointer"", ""tensor_descriptor"", ""pointer"", ""tensor_descriptor"", ""pointer"", ""tensor_descriptor"", ""pointer"", ""pointer"", ""pointer""], ""atomic_indexing"": [], ""pid_type"": ""flat""}","{""arg0_ndim"": 2, ""arg0_dim0"": 4096, ""arg0_dim1"": 3072, ""arg0_numel"": 12582912, ""arg0_dtype"": ""torch.float16"", ""arg0_dtype_size"": 2, ""arg0_dtype_cat"": 2, ""arg1_ndim"": 1, ""arg1_dim0"": 3072, ""arg1_numel"": 3072, ""arg1_dtype"": ""torch.float16"", ""arg1_dtype_size"": 2, ""arg1_dtype_cat"": 2, ""arg2_ndim"": 1, ""arg2_dim0"": 3072, ""arg2_numel"": 3072, ""arg2_dtype"": ""torch.float16"", ""arg2_dtype_size"": 2, ""arg2_dtype_cat"": 2}",0.01804069881665384
layer_norm,734abf833efb1beb,decf2056869ee2b5,"{""block_sizes"": [1], ""reduction_loops"": [1024], ""range_unroll_factors"": [0], ""range_warp_specializes"": [null], ""range_num_stages"": [0], ""range_multi_buffers"": [null], ""range_flattens"": [null], ""load_eviction_policies"": ["""", ""last"", ""first"", """", ""last"", ""first"", ""last"", ""last""], ""num_warps"": 1, ""num_stages"": 2, ""indexing"": [""pointer"", ""tensor_descriptor"", ""pointer"", ""tensor_descriptor"", ""tensor_descriptor"", ""pointer"", ""pointer"", ""pointer"", ""tensor_descriptor"", ""pointer""], ""atomic_indexing"": [], ""pid_type"": ""flat""}","{""arg0_ndim"": 2, ""arg0_dim0"": 4096, ""arg0_dim1"": 3072, ""arg0_numel"": 12582912, ""arg0_dtype"": ""torch.float16"", ""arg0_dtype_size"": 2, ""arg0_dtype_cat"": 2, ""arg1_ndim"": 1, ""arg1_dim0"": 3072, ""arg1_numel"": 3072, ""arg1_dtype"": ""torch.float16"", ""arg1_dtype_size"": 2, ""arg1_dtype_cat"": 2, ""arg2_ndim"": 1, ""arg2_dim0"": 3072, ""arg2_numel"": 3072, ""arg2_dtype"": ""torch.float16"", ""arg2_dtype_size"": 2, ""arg2_dtype_cat"": 2}",0.017915790672983017
layer_norm,734abf833efb1beb,43acbd1ca50d4ca3,"{""block_sizes"": [1], ""reduction_loops"": [null], ""range_unroll_factors"": [0], ""range_warp_specializes"": [null], ""range_num_stages"": [0], ""range_multi_buffers"": [null], ""range_flattens"": [null], ""load_eviction_policies"": [""first"", """", """", ""first"", """", ""last"", ""first"", """"], ""num_warps"": 8, ""num_stages"": 4, ""indexing"": [""pointer"", ""tensor_descriptor"", ""pointer"", ""pointer"", ""pointer"", ""pointer"", ""tensor_descriptor"", ""pointer"", ""tensor_descriptor"", ""tensor_descriptor""], ""atomic_indexing"": [], ""pid_type"": ""flat""}","{""arg0_ndim"": 2, ""arg0_dim0"": 4096, ""arg0_dim1"": 3072, ""arg0_numel"": 12582912, ""arg0_dtype"": ""torch.float16"", ""arg0_dtype_size"": 2, ""arg0_dtype_cat"": 2, ""arg1_ndim"": 1, ""arg1_dim0"": 3072, ""arg1_numel"": 3072, ""arg1_dtype"": ""torch.float16"", ""arg1_dtype_size"": 2, ""arg1_dtype_cat"": 2, ""arg2_ndim"": 1, ""arg2_dim0"": 3072, ""arg2_numel"": 3072, ""arg2_dtype"": ""torch.float16"", ""arg2_dtype_size"": 2, ""arg2_dtype_cat"": 2}",0.01842534332479511
layer_norm,734abf833efb1beb,869c54e4b955a8c6,"{""block_sizes"": [1], ""reduction_loops"": [2048], ""range_unroll_factors"": [0], ""range_warp_specializes"": [null], ""range_num_stages"": [0], ""range_multi_buffers"": [null], ""range_flattens"": [null], ""load_eviction_policies"": [""last"", """", ""first"", """", """", ""last"", """", ""last""], ""num_warps"": 8, ""num_stages"": 4, ""indexing"": [""tensor_descriptor"", ""pointer"", ""pointer"", ""tensor_descriptor"", ""pointer"", ""tensor_descriptor"", ""pointer"", ""pointer"", ""tensor_descriptor"", ""tensor_descriptor""], ""atomic_indexing"": [], ""pid_type"": ""flat""}","{""arg0_ndim"": 2, ""arg0_dim0"": 4096, ""arg0_dim1"": 3072, ""arg0_numel"": 12582912, ""arg0_dtype"": ""torch.float16"", ""arg0_dtype_size"": 2, ""arg0_dtype_cat"": 2, ""arg1_ndim"": 1, ""arg1_dim0"": 3072, ""arg1_numel"": 3072, ""arg1_dtype"": ""torch.float16"", ""arg1_dtype_size"": 2, ""arg1_dtype_cat"": 2, ""arg2_ndim"": 1, ""arg2_dim0"": 3072, ""arg2_numel"": 3072, ""arg2_dtype"": ""torch.float16"", ""arg2_dtype_size"": 2, ""arg2_dtype_cat"": 2}",0.020522603599236303
layer_norm,08173297e740bac8,178e7391546ae2da,"{""block_sizes"": [1], ""reduction_loops"": [null], ""range_unroll_factors"": [0], ""range_warp_specializes"": [null], ""range_num_stages"": [0], ""range_multi_buffers"": [null], ""range_flattens"": [null], ""load_eviction_policies"": [""first"", """", ""last"", """", ""last"", ""last"", ""last"", """"], ""num_warps"": 4, ""num_stages"": 7, ""indexing"": [""pointer"", ""pointer"", ""tensor_descriptor"", ""pointer"", ""tensor_descriptor"", ""pointer"", ""tensor_descriptor"", ""pointer"", ""pointer"", ""pointer""], ""atomic_indexing"": [], ""pid_type"": ""flat""}","{""arg0_ndim"": 2, ""arg0_dim0"": 4096, ""arg0_dim1"": 3584, ""arg0_numel"": 14680064, ""arg0_dtype"": ""torch.float16"", ""arg0_dtype_size"": 2, ""arg0_dtype_cat"": 2, ""arg1_ndim"": 1, ""arg1_dim0"": 3584, ""arg1_numel"": 3584, ""arg1_dtype"": ""torch.float16"", ""arg1_dtype_size"": 2, ""arg1_dtype_cat"": 2, ""arg2_ndim"": 1, ""arg2_dim0"": 3584, ""arg2_numel"": 3584, ""arg2_dtype"": ""torch.float16"", ""arg2_dtype_size"": 2, ""arg2_dtype_cat"": 2}",0.01846350488301955
layer_norm,08173297e740bac8,decf2056869ee2b5,"{""block_sizes"": [1], ""reduction_loops"": [1024], ""range_unroll_factors"": [0], ""range_warp_specializes"": [null], ""range_num_stages"": [0], ""range_multi_buffers"": [null], ""range_flattens"": [null], ""load_eviction_policies"": ["""", ""last"", ""first"", """", ""last"", ""first"", ""last"", ""last""], ""num_warps"": 1, ""num_stages"": 2, ""indexing"": [""pointer"", ""tensor_descriptor"", ""pointer"", ""tensor_descriptor"", ""tensor_descriptor"", ""pointer"", ""pointer"", ""pointer"", ""tensor_descriptor"", ""pointer""], ""atomic_indexing"": [], ""pid_type"": ""flat""}","{""arg0_ndim"": 2, ""arg0_dim0"": 4096, ""arg0_dim1"": 3584, ""arg0_numel"": 14680064, ""arg0_dtype"": ""torch.float16"", ""arg0_dtype_size"": 2, ""arg0_dtype_cat"": 2, ""arg1_ndim"": 1, ""arg1_dim0"": 3584, ""arg1_numel"": 3584, ""arg1_dtype"": ""torch.float16"", ""arg1_dtype_size"": 2, ""arg1_dtype_cat"": 2, ""arg2_ndim"": 1, ""arg2_dim0"": 3584, ""arg2_numel"": 3584, ""arg2_dtype"": ""torch.float16"", ""arg2_dtype_size"": 2, ""arg2_dtype_cat"": 2}",0.020511605732785133
layer_norm,08173297e740bac8,43acbd1ca50d4ca3,"{""block_sizes"": [1], ""reduction_loops"": [null], ""range_unroll_factors"": [0], ""range_warp_specializes"": [null], ""range_num_stages"": [0], ""range_multi_buffers"": [null], ""range_flattens"": [null], ""load_eviction_policies"": [""first"", """", """", ""first"", """", ""last"", ""first"", """"], ""num_warps"": 8, ""num_stages"": 4, ""indexing"": [""pointer"", ""tensor_descriptor"", ""pointer"", ""pointer"", ""pointer"", ""pointer"", ""tensor_descriptor"", ""pointer"", ""tensor_descriptor"", ""tensor_descriptor""], ""atomic_indexing"": [], ""pid_type"": ""flat""}","{""arg0_ndim"": 2, ""arg0_dim0"": 4096, ""arg0_dim1"": 3584, ""arg0_numel"": 14680064, ""arg0_dtype"": ""torch.float16"", ""arg0_dtype_size"": 2, ""arg0_dtype_cat"": 2, ""arg1_ndim"": 1, ""arg1_dim0"": 3584, ""arg1_numel"": 3584, ""arg1_dtype"": ""torch.float16"", ""arg1_dtype_size"": 2, ""arg1_dtype_cat"": 2, ""arg2_ndim"": 1, ""arg2_dim0"": 3584, ""arg2_numel"": 3584, ""arg2_dtype"": ""torch.float16"", ""arg2_dtype_size"": 2, ""arg2_dtype_cat"": 2}",0.01845536404799579
layer_norm,08173297e740bac8,869c54e4b955a8c6,"{""block_sizes"": [1], ""reduction_loops"": [2048], ""range_unroll_factors"": [0], ""range_warp_specializes"": [null], ""range_num_stages"": [0], ""range_multi_buffers"": [null], ""range_flattens"": [null], ""load_eviction_policies"": [""last"", """", ""first"", """", """", ""last"", """", ""last""], ""num_warps"": 8, ""num_stages"": 4, ""indexing"": [""tensor_descriptor"", ""pointer"", ""pointer"", ""tensor_descriptor"", ""pointer"", ""tensor_descriptor"", ""pointer"", ""pointer"", ""tensor_descriptor"", ""tensor_descriptor""], ""atomic_indexing"": [], ""pid_type"": ""flat""}","{""arg0_ndim"": 2, ""arg0_dim0"": 4096, ""arg0_dim1"": 3584, ""arg0_numel"": 14680064, ""arg0_dtype"": ""torch.float16"", ""arg0_dtype_size"": 2, ""arg0_dtype_cat"": 2, ""arg1_ndim"": 1, ""arg1_dim0"": 3584, ""arg1_numel"": 3584, ""arg1_dtype"": ""torch.float16"", ""arg1_dtype_size"": 2, ""arg1_dtype_cat"": 2, ""arg2_ndim"": 1, ""arg2_dim0"": 3584, ""arg2_numel"": 3584, ""arg2_dtype"": ""torch.float16"", ""arg2_dtype_size"": 2, ""arg2_dtype_cat"": 2}",0.021786496368409757
layer_norm,821fc5b0706bb961,178e7391546ae2da,"{""block_sizes"": [1], ""reduction_loops"": [null], ""range_unroll_factors"": [0], ""range_warp_specializes"": [null], ""range_num_stages"": [0], ""range_multi_buffers"": [null], ""range_flattens"": [null], ""load_eviction_policies"": [""first"", """", ""last"", """", ""last"", ""last"", ""last"", """"], ""num_warps"": 4, ""num_stages"": 7, ""indexing"": [""pointer"", ""pointer"", ""tensor_descriptor"", ""pointer"", ""tensor_descriptor"", ""pointer"", ""tensor_descriptor"", ""pointer"", ""pointer"", ""pointer""], ""atomic_indexing"": [], ""pid_type"": ""flat""}","{""arg0_ndim"": 2, ""arg0_dim0"": 4096, ""arg0_dim1"": 4096, ""arg0_numel"": 16777216, ""arg0_dtype"": ""torch.float16"", ""arg0_dtype_size"": 2, ""arg0_dtype_cat"": 2, ""arg1_ndim"": 1, ""arg1_dim0"": 4096, ""arg1_numel"": 4096, ""arg1_dtype"": ""torch.float16"", ""arg1_dtype_size"": 2, ""arg1_dtype_cat"": 2, ""arg2_ndim"": 1, ""arg2_dim0"": 4096, ""arg2_numel"": 4096, ""arg2_dtype"": ""torch.float16"", ""arg2_dtype_size"": 2, ""arg2_dtype_cat"": 2}",0.019780215060512824
layer_norm,821fc5b0706bb961,decf2056869ee2b5,"{""block_sizes"": [1], ""reduction_loops"": [1024], ""range_unroll_factors"": [0], ""range_warp_specializes"": [null], ""range_num_stages"": [0], ""range_multi_buffers"": [null], ""range_flattens"": [null], ""load_eviction_policies"": ["""", ""last"", ""first"", """", ""last"", ""first"", ""last"", ""last""], ""num_warps"": 1, ""num_stages"": 2, ""indexing"": [""pointer"", ""tensor_descriptor"", ""pointer"", ""tensor_descriptor"", ""tensor_descriptor"", ""pointer"", ""pointer"", ""pointer"", ""tensor_descriptor"", ""pointer""], ""atomic_indexing"": [], ""pid_type"": ""flat""}","{""arg0_ndim"": 2, ""arg0_dim0"": 4096, ""arg0_dim1"": 4096, ""arg0_numel"": 16777216, ""arg0_dtype"": ""torch.float16"", ""arg0_dtype_size"": 2, ""arg0_dtype_cat"": 2, ""arg1_ndim"": 1, ""arg1_dim0"": 4096, ""arg1_numel"": 4096, ""arg1_dtype"": ""torch.float16"", ""arg1_dtype_size"": 2, ""arg1_dtype_cat"": 2, ""arg2_ndim"": 1, ""arg2_dim0"": 4096, ""arg2_numel"": 4096, ""arg2_dtype"": ""torch.float16"", ""arg2_dtype_size"": 2, ""arg2_dtype_cat"": 2}",0.02052044910435872
layer_norm,821fc5b0706bb961,43acbd1ca50d4ca3,"{""block_sizes"": [1], ""reduction_loops"": [null], ""range_unroll_factors"": [0], ""range_warp_specializes"": [null], ""range_num_stages"": [0], ""range_multi_buffers"": [null], ""range_flattens"": [null], ""load_eviction_policies"": [""first"", """", """", ""first"", """", ""last"", ""first"", """"], ""num_warps"": 8, ""num_stages"": 4, ""indexing"": [""pointer"", ""tensor_descriptor"", ""pointer"", ""pointer"", ""pointer"", ""pointer"", ""tensor_descriptor"", ""pointer"", ""tensor_descriptor"", ""tensor_descriptor""], ""atomic_indexing"": [], ""pid_type"": ""flat""}","{""arg0_ndim"": 2, ""arg0_dim0"": 4096, ""arg0_dim1"": 4096, ""arg0_numel"": 16777216, ""arg0_dtype"": ""torch.float16"", ""arg0_dtype_size"": 2, ""arg0_dtype_cat"": 2, ""arg1_ndim"": 1, ""arg1_dim0"": 4096, ""arg1_numel"": 4096, ""arg1_dtype"": ""torch.float16"", ""arg1_dtype_size"": 2, ""arg1_dtype_cat"": 2, ""arg2_ndim"": 1, ""arg2_dim0"": 4096, ""arg2_numel"": 4096, ""arg2_dtype"": ""torch.float16"", ""arg2_dtype_size"": 2, ""arg2_dtype_cat"": 2}",0.018465072078795948
layer_norm,821fc5b0706bb961,869c54e4b955a8c6,"{""block_sizes"": [1], ""reduction_loops"": [2048], ""range_unroll_factors"": [0], ""range_warp_specializes"": [null], ""range_num_stages"": [0], ""range_multi_buffers"": [null], ""range_flattens"": [null], ""load_eviction_policies"": [""last"", """", ""first"", """", """", ""last"", """", ""last""], ""num_warps"": 8, ""num_stages"": 4, ""indexing"": [""tensor_descriptor"", ""pointer"", ""pointer"", ""tensor_descriptor"", ""pointer"", ""tensor_descriptor"", ""pointer"", ""pointer"", ""tensor_descriptor"", ""tensor_descriptor""], ""atomic_indexing"": [], ""pid_type"": ""flat""}","{""arg0_ndim"": 2, ""arg0_dim0"": 4096, ""arg0_dim1"": 4096, ""arg0_numel"": 16777216, ""arg0_dtype"": ""torch.float16"", ""arg0_dtype_size"": 2, ""arg0_dtype_cat"": 2, ""arg1_ndim"": 1, ""arg1_dim0"": 4096, ""arg1_numel"": 4096, ""arg1_dtype"": ""torch.float16"", ""arg1_dtype_size"": 2, ""arg1_dtype_cat"": 2, ""arg2_ndim"": 1, ""arg2_dim0"": 4096, ""arg2_numel"": 4096, ""arg2_dtype"": ""torch.float16"", ""arg2_dtype_size"": 2, ""arg2_dtype_cat"": 2}",0.02252592950377589
layer_norm,18cf8a14312b2233,178e7391546ae2da,"{""block_sizes"": [1], ""reduction_loops"": [null], ""range_unroll_factors"": [0], ""range_warp_specializes"": [null], ""range_num_stages"": [0], ""range_multi_buffers"": [null], ""range_flattens"": [null], ""load_eviction_policies"": [""first"", """", ""last"", """", ""last"", ""last"", ""last"", """"], ""num_warps"": 4, ""num_stages"": 7, ""indexing"": [""pointer"", ""pointer"", ""tensor_descriptor"", ""pointer"", ""tensor_descriptor"", ""pointer"", ""tensor_descriptor"", ""pointer"", ""pointer"", ""pointer""], ""atomic_indexing"": [], ""pid_type"": ""flat""}","{""arg0_ndim"": 2, ""arg0_dim0"": 4096, ""arg0_dim1"": 4608, ""arg0_numel"": 18874368, ""arg0_dtype"": ""torch.float16"", ""arg0_dtype_size"": 2, ""arg0_dtype_cat"": 2, ""arg1_ndim"": 1, ""arg1_dim0"": 4608, ""arg1_numel"": 4608, ""arg1_dtype"": ""torch.float16"", ""arg1_dtype_size"": 2, ""arg1_dtype_cat"": 2, ""arg2_ndim"": 1, ""arg2_dim0"": 4608, ""arg2_numel"": 4608, ""arg2_dtype"": ""torch.float16"", ""arg2_dtype_size"": 2, ""arg2_dtype_cat"": 2}",0.03266938537240134
layer_norm,18cf8a14312b2233,decf2056869ee2b5,"{""block_sizes"": [1], ""reduction_loops"": [1024], ""range_unroll_factors"": [0], ""range_warp_specializes"": [null], ""range_num_stages"": [0], ""range_multi_buffers"": [null], ""range_flattens"": [null], ""load_eviction_policies"": ["""", ""last"", ""first"", """", ""last"", ""first"", ""last"", ""last""], ""num_warps"": 1, ""num_stages"": 2, ""indexing"": [""pointer"", ""tensor_descriptor"", ""pointer"", ""tensor_descriptor"", ""tensor_descriptor"", ""pointer"", ""pointer"", ""pointer"", ""tensor_descriptor"", ""pointer""], ""atomic_indexing"": [], ""pid_type"": ""flat""}","{""arg0_ndim"": 2, ""arg0_dim0"": 4096, ""arg0_dim1"": 4608, ""arg0_numel"": 18874368, ""arg0_dtype"": ""torch.float16"", ""arg0_dtype_size"": 2, ""arg0_dtype_cat"": 2, ""arg1_ndim"": 1, ""arg1_dim0"": 4608, ""arg1_numel"": 4608, ""arg1_dtype"": ""torch.float16"", ""arg1_dtype_size"": 2, ""arg1_dtype_cat"": 2, ""arg2_ndim"": 1, ""arg2_dim0"": 4608, ""arg2_numel"": 4608, ""arg2_dtype"": ""torch.float16"", ""arg2_dtype_size"": 2, ""arg2_dtype_cat"": 2}",0.023795225693581896
layer_norm,18cf8a14312b2233,43acbd1ca50d4ca3,"{""block_sizes"": [1], ""reduction_loops"": [null], ""range_unroll_factors"": [0], ""range_warp_specializes"": [null], ""range_num_stages"": [0], ""range_multi_buffers"": [null], ""range_flattens"": [null], ""load_eviction_policies"": [""first"", """", """", ""first"", """", ""last"", ""first"", """"], ""num_warps"": 8, ""num_stages"": 4, ""indexing"": [""pointer"", ""tensor_descriptor"", ""pointer"", ""pointer"", ""pointer"", ""pointer"", ""tensor_descriptor"", ""pointer"", ""tensor_descriptor"", ""tensor_descriptor""], ""atomic_indexing"": [], ""pid_type"": ""flat""}","{""arg0_ndim"": 2, ""arg0_dim0"": 4096, ""arg0_dim1"": 4608, ""arg0_numel"": 18874368, ""arg0_dtype"": ""torch.float16"", ""arg0_dtype_size"": 2, ""arg0_dtype_cat"": 2, ""arg1_ndim"": 1, ""arg1_dim0"": 4608, ""arg1_numel"": 4608, ""arg1_dtype"": ""torch.float16"", ""arg1_dtype_size"": 2, ""arg1_dtype_cat"": 2, ""arg2_ndim"": 1, ""arg2_dim0"": 4608, ""arg2_numel"": 4608, ""arg2_dtype"": ""torch.float16"", ""arg2_dtype_size"": 2, ""arg2_dtype_cat"": 2}",0.025775827057156208
layer_norm,18cf8a14312b2233,869c54e4b955a8c6,"{""block_sizes"": [1], ""reduction_loops"": [2048], ""range_unroll_factors"": [0], ""range_warp_specializes"": [null], ""range_num_stages"": [0], ""range_multi_buffers"": [null], ""range_flattens"": [null], ""load_eviction_policies"": [""last"", """", ""first"", """", """", ""last"", """", ""last""], ""num_warps"": 8, ""num_stages"": 4, ""indexing"": [""tensor_descriptor"", ""pointer"", ""pointer"", ""tensor_descriptor"", ""pointer"", ""tensor_descriptor"", ""pointer"", ""pointer"", ""tensor_descriptor"", ""tensor_descriptor""], ""atomic_indexing"": [], ""pid_type"": ""flat""}","{""arg0_ndim"": 2, ""arg0_dim0"": 4096, ""arg0_dim1"": 4608, ""arg0_numel"": 18874368, ""arg0_dtype"": ""torch.float16"", ""arg0_dtype_size"": 2, ""arg0_dtype_cat"": 2, ""arg1_ndim"": 1, ""arg1_dim0"": 4608, ""arg1_numel"": 4608, ""arg1_dtype"": ""torch.float16"", ""arg1_dtype_size"": 2, ""arg1_dtype_cat"": 2, ""arg2_ndim"": 1, ""arg2_dim0"": 4608, ""arg2_numel"": 4608, ""arg2_dtype"": ""torch.float16"", ""arg2_dtype_size"": 2, ""arg2_dtype_cat"": 2}",0.026850295340859774
layer_norm,93a74e8591eadff7,178e7391546ae2da,"{""block_sizes"": [1], ""reduction_loops"": [null], ""range_unroll_factors"": [0], ""range_warp_specializes"": [null], ""range_num_stages"": [0], ""range_multi_buffers"": [null], ""range_flattens"": [null], ""load_eviction_policies"": [""first"", """", ""last"", """", ""last"", ""last"", ""last"", """"], ""num_warps"": 4, ""num_stages"": 7, ""indexing"": [""pointer"", ""pointer"", ""tensor_descriptor"", ""pointer"", ""tensor_descriptor"", ""pointer"", ""tensor_descriptor"", ""pointer"", ""pointer"", ""pointer""], ""atomic_indexing"": [], ""pid_type"": ""flat""}","{""arg0_ndim"": 2, ""arg0_dim0"": 4096, ""arg0_dim1"": 5120, ""arg0_numel"": 20971520, ""arg0_dtype"": ""torch.float16"", ""arg0_dtype_size"": 2, ""arg0_dtype_cat"": 2, ""arg1_ndim"": 1, ""arg1_dim0"": 5120, ""arg1_numel"": 5120, ""arg1_dtype"": ""torch.float16"", ""arg1_dtype_size"": 2, ""arg1_dtype_cat"": 2, ""arg2_ndim"": 1, ""arg2_dim0"": 5120, ""arg2_numel"": 5120, ""arg2_dtype"": ""torch.float16"", ""arg2_dtype_size"": 2, ""arg2_dtype_cat"": 2}",0.03427663230072663
layer_norm,93a74e8591eadff7,decf2056869ee2b5,"{""block_sizes"": [1], ""reduction_loops"": [1024], ""range_unroll_factors"": [0], ""range_warp_specializes"": [null], ""range_num_stages"": [0], ""range_multi_buffers"": [null], ""range_flattens"": [null], ""load_eviction_policies"": ["""", ""last"", ""first"", """", ""last"", ""first"", ""last"", ""last""], ""num_warps"": 1, ""num_stages"": 2, ""indexing"": [""pointer"", ""tensor_descriptor"", ""pointer"", ""tensor_descriptor"", ""tensor_descriptor"", ""pointer"", ""pointer"", ""pointer"", ""tensor_descriptor"", ""pointer""], ""atomic_indexing"": [], ""pid_type"": ""flat""}","{""arg0_ndim"": 2, ""arg0_dim0"": 4096, ""arg0_dim1"": 5120, ""arg0_numel"": 20971520, ""arg0_dtype"": ""torch.float16"", ""arg0_dtype_size"": 2, ""arg0_dtype_cat"": 2, ""arg1_ndim"": 1, ""arg1_dim0"": 5120, ""arg1_numel"": 5120, ""arg1_dtype"": ""torch.float16"", ""arg1_dtype_size"": 2, ""arg1_dtype_cat"": 2, ""arg2_ndim"": 1, ""arg2_dim0"": 5120, ""arg2_numel"": 5120, ""arg2_dtype"": ""torch.float16"", ""arg2_dtype_size"": 2, ""arg2_dtype_cat"": 2}",0.02451585588584605
layer_norm,93a74e8591eadff7,43acbd1ca50d4ca3,"{""block_sizes"": [1], ""reduction_loops"": [null], ""range_unroll_factors"": [0], ""range_warp_specializes"": [null], ""range_num_stages"": [0], ""range_multi_buffers"": [null], ""range_flattens"": [null], ""load_eviction_policies"": [""first"", """", """", ""first"", """", ""last"", ""first"", """"], ""num_warps"": 8, ""num_stages"": 4, ""indexing"": [""pointer"", ""tensor_descriptor"", ""pointer"", ""pointer"", ""pointer"", ""pointer"", ""tensor_descriptor"", ""pointer"", ""tensor_descriptor"", ""tensor_descriptor""], ""atomic_indexing"": [], ""pid_type"": ""flat""}","{""arg0_ndim"": 2, ""arg0_dim0"": 4096, ""arg0_dim1"": 5120, ""arg0_numel"": 20971520, ""arg0_dtype"": ""torch.float16"", ""arg0_dtype_size"": 2, ""arg0_dtype_cat"": 2, ""arg1_ndim"": 1, ""arg1_dim0"": 5120, ""arg1_numel"": 5120, ""arg1_dtype"": ""torch.float16"", ""arg1_dtype_size"": 2, ""arg1_dtype_cat"": 2, ""arg2_ndim"": 1, ""arg2_dim0"": 5120, ""arg2_numel"": 5120, ""arg2_dtype"": ""torch.float16"", ""arg2_dtype_size"": 2, ""arg2_dtype_cat"": 2}",0.02662449578269267
layer_norm,93a74e8591eadff7,869c54e4b955a8c6,"{""block_sizes"": [1], ""reduction_loops"": [2048], ""range_unroll_factors"": [0], ""range_warp_specializes"": [null], ""range_num_stages"": [0], ""range_multi_buffers"": [null], ""range_flattens"": [null], ""load_eviction_policies"": [""last"", """", ""first"", """", """", ""last"", """", ""last""], ""num_warps"": 8, ""num_stages"": 4, ""indexing"": [""tensor_descriptor"", ""pointer"", ""pointer"", ""tensor_descriptor"", ""pointer"", ""tensor_descriptor"", ""pointer"", ""pointer"", ""tensor_descriptor"", ""tensor_descriptor""], ""atomic_indexing"": [], ""pid_type"": ""flat""}","{""arg0_ndim"": 2, ""arg0_dim0"": 4096, ""arg0_dim1"": 5120, ""arg0_numel"": 20971520, ""arg0_dtype"": ""torch.float16"", ""arg0_dtype_size"": 2, ""arg0_dtype_cat"": 2, ""arg1_ndim"": 1, ""arg1_dim0"": 5120, ""arg1_numel"": 5120, ""arg1_dtype"": ""torch.float16"", ""arg1_dtype_size"": 2, ""arg1_dtype_cat"": 2, ""arg2_ndim"": 1, ""arg2_dim0"": 5120, ""arg2_numel"": 5120, ""arg2_dtype"": ""torch.float16"", ""arg2_dtype_size"": 2, ""arg2_dtype_cat"": 2}",0.0286593997298569
layer_norm,8be1c16b145d0d29,178e7391546ae2da,"{""block_sizes"": [1], ""reduction_loops"": [null], ""range_unroll_factors"": [0], ""range_warp_specializes"": [null], ""range_num_stages"": [0], ""range_multi_buffers"": [null], ""range_flattens"": [null], ""load_eviction_policies"": [""first"", """", ""last"", """", ""last"", ""last"", ""last"", """"], ""num_warps"": 4, ""num_stages"": 7, ""indexing"": [""pointer"", ""pointer"", ""tensor_descriptor"", ""pointer"", ""tensor_descriptor"", ""pointer"", ""tensor_descriptor"", ""pointer"", ""pointer"", ""pointer""], ""atomic_indexing"": [], ""pid_type"": ""flat""}","{""arg0_ndim"": 2, ""arg0_dim0"": 4096, ""arg0_dim1"": 5632, ""arg0_numel"": 23068672, ""arg0_dtype"": ""torch.float16"", ""arg0_dtype_size"": 2, ""arg0_dtype_cat"": 2, ""arg1_ndim"": 1, ""arg1_dim0"": 5632, ""arg1_numel"": 5632, ""arg1_dtype"": ""torch.float16"", ""arg1_dtype_size"": 2, ""arg1_dtype_cat"": 2, ""arg2_ndim"": 1, ""arg2_dim0"": 5632, ""arg2_numel"": 5632, ""arg2_dtype"": ""torch.float16"", ""arg2_dtype_size"": 2, ""arg2_dtype_cat"": 2}",0.034837879316718626
layer_norm,8be1c16b145d0d29,decf2056869ee2b5,"{""block_sizes"": [1], ""reduction_loops"": [1024], ""range_unroll_factors"": [0], ""range_warp_specializes"": [null], ""range_num_stages"": [0], ""range_multi_buffers"": [null], ""range_flattens"": [null], ""load_eviction_policies"": ["""", ""last"", ""first"", """", ""last"", ""first"", ""last"", ""last""], ""num_warps"": 1, ""num_stages"": 2, ""indexing"": [""pointer"", ""tensor_descriptor"", ""pointer"", ""tensor_descriptor"", ""tensor_descriptor"", ""pointer"", ""pointer"", ""pointer"", ""tensor_descriptor"", ""pointer""], ""atomic_indexing"": [], ""pid_type"": ""flat""}","{""arg0_ndim"": 2, ""arg0_dim0"": 4096, ""arg0_dim1"": 5632, ""arg0_numel"": 23068672, ""arg0_dtype"": ""torch.float16"", ""arg0_dtype_size"": 2, ""arg0_dtype_cat"": 2, ""arg1_ndim"": 1, ""arg1_dim0"": 5632, ""arg1_numel"": 5632, ""arg1_dtype"": ""torch.float16"", ""arg1_dtype_size"": 2, ""arg1_dtype_cat"": 2, ""arg2_ndim"": 1, ""arg2_dim0"": 5632, ""arg2_numel"": 5632, ""arg2_dtype"": ""torch.float16"", ""arg2_dtype_size"": 2, ""arg2_dtype_cat"": 2}",0.026894084600511417
layer_norm,8be1c16b145d0d29,43acbd1ca50d4ca3,"{""block_sizes"": [1], ""reduction_loops"": [null], ""range_unroll_factors"": [0], ""range_warp_specializes"": [null], ""range_num_stages"": [0], ""range_multi_buffers"": [null], ""range_flattens"": [null], ""load_eviction_policies"": [""first"", """", """", ""first"", """", ""last"", ""first"", """"], ""num_warps"": 8, ""num_stages"": 4, ""indexing"": [""pointer"", ""tensor_descriptor"", ""pointer"", ""pointer"", ""pointer"", ""pointer"", ""tensor_descriptor"", ""pointer"", ""tensor_descriptor"", ""tensor_descriptor""], ""atomic_indexing"": [], ""pid_type"": ""flat""}","{""arg0_ndim"": 2, ""arg0_dim0"": 4096, ""arg0_dim1"": 5632, ""arg0_numel"": 23068672, ""arg0_dtype"": ""torch.float16"", ""arg0_dtype_size"": 2, ""arg0_dtype_cat"": 2, ""arg1_ndim"": 1, ""arg1_dim0"": 5632, ""arg1_numel"": 5632, ""arg1_dtype"": ""torch.float16"", ""arg1_dtype_size"": 2, ""arg1_dtype_cat"": 2, ""arg2_ndim"": 1, ""arg2_dim0"": 5632, ""arg2_numel"": 5632, ""arg2_dtype"": ""torch.float16"", ""arg2_dtype_size"": 2, ""arg2_dtype_cat"": 2}",0.026654971394953982
layer_norm,8be1c16b145d0d29,869c54e4b955a8c6,"{""block_sizes"": [1], ""reduction_loops"": [2048], ""range_unroll_factors"": [0], ""range_warp_specializes"": [null], ""range_num_stages"": [0], ""range_multi_buffers"": [null], ""range_flattens"": [null], ""load_eviction_policies"": [""last"", """", ""first"", """", """", ""last"", """", ""last""], ""num_warps"": 8, ""num_stages"": 4, ""indexing"": [""tensor_descriptor"", ""pointer"", ""pointer"", ""tensor_descriptor"", ""pointer"", ""tensor_descriptor"", ""pointer"", ""pointer"", ""tensor_descriptor"", ""tensor_descriptor""], ""atomic_indexing"": [], ""pid_type"": ""flat""}","{""arg0_ndim"": 2, ""arg0_dim0"": 4096, ""arg0_dim1"": 5632, ""arg0_numel"": 23068672, ""arg0_dtype"": ""torch.float16"", ""arg0_dtype_size"": 2, ""arg0_dtype_cat"": 2, ""arg1_ndim"": 1, ""arg1_dim0"": 5632, ""arg1_numel"": 5632, ""arg1_dtype"": ""torch.float16"", ""arg1_dtype_size"": 2, ""arg1_dtype_cat"": 2, ""arg2_ndim"": 1, ""arg2_dim0"": 5632, ""arg2_numel"": 5632, ""arg2_dtype"": ""torch.float16"", ""arg2_dtype_size"": 2, ""arg2_dtype_cat"": 2}",0.02870485562470478
layer_norm,76dce875a17ac883,178e7391546ae2da,"{""block_sizes"": [1], ""reduction_loops"": [null], ""range_unroll_factors"": [0], ""range_warp_specializes"": [null], ""range_num_stages"": [0], ""range_multi_buffers"": [null], ""range_flattens"": [null], ""load_eviction_policies"": [""first"", """", ""last"", """", ""last"", ""last"", ""last"", """"], ""num_warps"": 4, ""num_stages"": 7, ""indexing"": [""pointer"", ""pointer"", ""tensor_descriptor"", ""pointer"", ""tensor_descriptor"", ""pointer"", ""tensor_descriptor"", ""pointer"", ""pointer"", ""pointer""], ""atomic_indexing"": [], ""pid_type"": ""flat""}","{""arg0_ndim"": 2, ""arg0_dim0"": 4096, ""arg0_dim1"": 6144, ""arg0_numel"": 25165824, ""arg0_dtype"": ""torch.float16"", ""arg0_dtype_size"": 2, ""arg0_dtype_cat"": 2, ""arg1_ndim"": 1, ""arg1_dim0"": 6144, ""arg1_numel"": 6144, ""arg1_dtype"": ""torch.float16"", ""arg1_dtype_size"": 2, ""arg1_dtype_cat"": 2, ""arg2_ndim"": 1, ""arg2_dim0"": 6144, ""arg2_numel"": 6144, ""arg2_dtype"": ""torch.float16"", ""arg2_dtype_size"": 2, ""arg2_dtype_cat"": 2}",0.03497927037304537
layer_norm,76dce875a17ac883,decf2056869ee2b5,"{""block_sizes"": [1], ""reduction_loops"": [1024], ""range_unroll_factors"": [0], ""range_warp_specializes"": [null], ""range_num_stages"": [0], ""range_multi_buffers"": [null], ""range_flattens"": [null], ""load_eviction_policies"": ["""", ""last"", ""first"", """", ""last"", ""first"", ""last"", ""last""], ""num_warps"": 1, ""num_stages"": 2, ""indexing"": [""pointer"", ""tensor_descriptor"", ""pointer"", ""tensor_descriptor"", ""tensor_descriptor"", ""pointer"", ""pointer"", ""pointer"", ""tensor_descriptor"", ""pointer""], ""atomic_indexing"": [], ""pid_type"": ""flat""}","{""arg0_ndim"": 2, ""arg0_dim0"": 4096, ""arg0_dim1"": 6144, ""arg0_numel"": 25165824, ""arg0_dtype"": ""torch.float16"", ""arg0_dtype_size"": 2, ""arg0_dtype_cat"": 2, ""arg1_ndim"": 1, ""arg1_dim0"": 6144, ""arg1_numel"": 6144, ""arg1_dtype"": ""torch.float16"", ""arg1_dtype_size"": 2, ""arg1_dtype_cat"": 2, ""arg2_ndim"": 1, ""arg2_dim0"": 6144, ""arg2_numel"": 6144, ""arg2_dtype"": ""torch.float16"", ""arg2_dtype_size"": 2, ""arg2_dtype_cat"": 2}",0.028667267289963865
layer_norm,76dce875a17ac883,43acbd1ca50d4ca3,"{""block_sizes"": [1], ""reduction_loops"": [null], ""range_unroll_factors"": [0], ""range_warp_specializes"": [null], ""range_num_stages"": [0], ""range_multi_buffers"": [null], ""range_flattens"": [null], ""load_eviction_policies"": [""first"", """", """", ""first"", """", ""last"", ""first"", """"], ""num_warps"": 8, ""num_stages"": 4, ""indexing"": [""pointer"", ""tensor_descriptor"", ""pointer"", ""pointer"", ""pointer"", ""pointer"", ""tensor_descriptor"", ""pointer"", ""tensor_descriptor"", ""tensor_descriptor""], ""atomic_indexing"": [], ""pid_type"": ""flat""}","{""arg0_ndim"": 2, ""arg0_dim0"": 4096, ""arg0_dim1"": 6144, ""arg0_numel"": 25165824, ""arg0_dtype"": ""torch.float16"", ""arg0_dtype_size"": 2, ""arg0_dtype_cat"": 2, ""arg1_ndim"": 1, ""arg1_dim0"": 6144, ""arg1_numel"": 6144, ""arg1_dtype"": ""torch.float16"", ""arg1_dtype_size"": 2, ""arg1_dtype_cat"": 2, ""arg2_ndim"": 1, ""arg2_dim0"": 6144, ""arg2_numel"": 6144, ""arg2_dtype"": ""torch.float16"", ""arg2_dtype_size"": 2, ""arg2_dtype_cat"": 2}",0.026687905799550903
layer_norm,76dce875a17ac883,869c54e4b955a8c6,"{""block_sizes"": [1], ""reduction_loops"": [2048], ""range_unroll_factors"": [0], ""range_warp_specializes"": [null], ""range_num_stages"": [0], ""range_multi_buffers"": [null], ""range_flattens"": [null], ""load_eviction_policies"": [""last"", """", ""first"", """", """", ""last"", """", ""last""], ""num_warps"": 8, ""num_stages"": 4, ""indexing"": [""tensor_descriptor"", ""pointer"", ""pointer"", ""tensor_descriptor"", ""pointer"", ""tensor_descriptor"", ""pointer"", ""pointer"", ""tensor_descriptor"", ""tensor_descriptor""], ""atomic_indexing"": [], ""pid_type"": ""flat""}","{""arg0_ndim"": 2, ""arg0_dim0"": 4096, ""arg0_dim1"": 6144, ""arg0_numel"": 25165824, ""arg0_dtype"": ""torch.float16"", ""arg0_dtype_size"": 2, ""arg0_dtype_cat"": 2, ""arg1_ndim"": 1, ""arg1_dim0"": 6144, ""arg1_numel"": 6144, ""arg1_dtype"": ""torch.float16"", ""arg1_dtype_size"": 2, ""arg1_dtype_cat"": 2, ""arg2_ndim"": 1, ""arg2_dim0"": 6144, ""arg2_numel"": 6144, ""arg2_dtype"": ""torch.float16"", ""arg2_dtype_size"": 2, ""arg2_dtype_cat"": 2}",0.02888106209661385
layer_norm,316af1228858a93c,178e7391546ae2da,"{""block_sizes"": [1], ""reduction_loops"": [null], ""range_unroll_factors"": [0], ""range_warp_specializes"": [null], ""range_num_stages"": [0], ""range_multi_buffers"": [null], ""range_flattens"": [null], ""load_eviction_policies"": [""first"", """", ""last"", """", ""last"", ""last"", ""last"", """"], ""num_warps"": 4, ""num_stages"": 7, ""indexing"": [""pointer"", ""pointer"", ""tensor_descriptor"", ""pointer"", ""tensor_descriptor"", ""pointer"", ""tensor_descriptor"", ""pointer"", ""pointer"", ""pointer""], ""atomic_indexing"": [], ""pid_type"": ""flat""}","{""arg0_ndim"": 2, ""arg0_dim0"": 4096, ""arg0_dim1"": 6656, ""arg0_numel"": 27262976, ""arg0_dtype"": ""torch.float16"", ""arg0_dtype_size"": 2, ""arg0_dtype_cat"": 2, ""arg1_ndim"": 1, ""arg1_dim0"": 6656, ""arg1_numel"": 6656, ""arg1_dtype"": ""torch.float16"", ""arg1_dtype_size"": 2, ""arg1_dtype_cat"": 2, ""arg2_ndim"": 1, ""arg2_dim0"": 6656, ""arg2_numel"": 6656, ""arg2_dtype"": ""torch.float16"", ""arg2_dtype_size"": 2, ""arg2_dtype_cat"": 2}",0.03691201352779667
layer_norm,316af1228858a93c,decf2056869ee2b5,"{""block_sizes"": [1], ""reduction_loops"": [1024], ""range_unroll_factors"": [0], ""range_warp_specializes"": [null], ""range_num_stages"": [0], ""range_multi_buffers"": [null], ""range_flattens"": [null], ""load_eviction_policies"": ["""", ""last"", ""first"", """", ""last"", ""first"", ""last"", ""last""], ""num_warps"": 1, ""num_stages"": 2, ""indexing"": [""pointer"", ""tensor_descriptor"", ""pointer"", ""tensor_descriptor"", ""tensor_descriptor"", ""pointer"", ""pointer"", ""pointer"", ""tensor_descriptor"", ""pointer""], ""atomic_indexing"": [], ""pid_type"": ""flat""}","{""arg0_ndim"": 2, ""arg0_dim0"": 4096, ""arg0_dim1"": 6656, ""arg0_numel"": 27262976, ""arg0_dtype"": ""torch.float16"", ""arg0_dtype_size"": 2, ""arg0_dtype_cat"": 2, ""arg1_ndim"": 1, ""arg1_dim0"": 6656, ""arg1_numel"": 6656, ""arg1_dtype"": ""torch.float16"", ""arg1_dtype_size"": 2, ""arg1_dtype_cat"": 2, ""arg2_ndim"": 1, ""arg2_dim0"": 6656, ""arg2_numel"": 6656, ""arg2_dtype"": ""torch.float16"", ""arg2_dtype_size"": 2, ""arg2_dtype_cat"": 2}",0.03171328577926839
layer_norm,316af1228858a93c,43acbd1ca50d4ca3,"{""block_sizes"": [1], ""reduction_loops"": [null], ""range_unroll_factors"": [0], ""range_warp_specializes"": [null], ""range_num_stages"": [0], ""range_multi_buffers"": [null], ""range_flattens"": [null], ""load_eviction_policies"": [""first"", """", """", ""first"", """", ""last"", ""first"", """"], ""num_warps"": 8, ""num_stages"": 4, ""indexing"": [""pointer"", ""tensor_descriptor"", ""pointer"", ""pointer"", ""pointer"", ""pointer"", ""tensor_descriptor"", ""pointer"", ""tensor_descriptor"", ""tensor_descriptor""], ""atomic_indexing"": [], ""pid_type"": ""flat""}","{""arg0_ndim"": 2, ""arg0_dim0"": 4096, ""arg0_dim1"": 6656, ""arg0_numel"": 27262976, ""arg0_dtype"": ""torch.float16"", ""arg0_dtype_size"": 2, ""arg0_dtype_cat"": 2, ""arg1_ndim"": 1, ""arg1_dim0"": 6656, ""arg1_numel"": 6656, ""arg1_dtype"": ""torch.float16"", ""arg1_dtype_size"": 2, ""arg1_dtype_cat"": 2, ""arg2_ndim"": 1, ""arg2_dim0"": 6656, ""arg2_numel"": 6656, ""arg2_dtype"": ""torch.float16"", ""arg2_dtype_size"": 2, ""arg2_dtype_cat"": 2}",0.02864648932234128
layer_norm,316af1228858a93c,869c54e4b955a8c6,"{""block_sizes"": [1], ""reduction_loops"": [2048], ""range_unroll_factors"": [0], ""range_warp_specializes"": [null], ""range_num_stages"": [0], ""range_multi_buffers"": [null], ""range_flattens"": [null], ""load_eviction_policies"": [""last"", """", ""first"", """", """", ""last"", """", ""last""], ""num_warps"": 8, ""num_stages"": 4, ""indexing"": [""tensor_descriptor"", ""pointer"", ""pointer"", ""tensor_descriptor"", ""pointer"", ""tensor_descriptor"", ""pointer"", ""pointer"", ""tensor_descriptor"", ""tensor_descriptor""], ""atomic_indexing"": [], ""pid_type"": ""flat""}","{""arg0_ndim"": 2, ""arg0_dim0"": 4096, ""arg0_dim1"": 6656, ""arg0_numel"": 27262976, ""arg0_dtype"": ""torch.float16"", ""arg0_dtype_size"": 2, ""arg0_dtype_cat"": 2, ""arg1_ndim"": 1, ""arg1_dim0"": 6656, ""arg1_numel"": 6656, ""arg1_dtype"": ""torch.float16"", ""arg1_dtype_size"": 2, ""arg1_dtype_cat"": 2, ""arg2_ndim"": 1, ""arg2_dim0"": 6656, ""arg2_numel"": 6656, ""arg2_dtype"": ""torch.float16"", ""arg2_dtype_size"": 2, ""arg2_dtype_cat"": 2}",0.03282767368812575
layer_norm,be1d93123bdcc453,178e7391546ae2da,"{""block_sizes"": [1], ""reduction_loops"": [null], ""range_unroll_factors"": [0], ""range_warp_specializes"": [null], ""range_num_stages"": [0], ""range_multi_buffers"": [null], ""range_flattens"": [null], ""load_eviction_policies"": [""first"", """", ""last"", """", ""last"", ""last"", ""last"", """"], ""num_warps"": 4, ""num_stages"": 7, ""indexing"": [""pointer"", ""pointer"", ""tensor_descriptor"", ""pointer"", ""tensor_descriptor"", ""pointer"", ""tensor_descriptor"", ""pointer"", ""pointer"", ""pointer""], ""atomic_indexing"": [], ""pid_type"": ""flat""}","{""arg0_ndim"": 2, ""arg0_dim0"": 4096, ""arg0_dim1"": 7168, ""arg0_numel"": 29360128, ""arg0_dtype"": ""torch.float16"", ""arg0_dtype_size"": 2, ""arg0_dtype_cat"": 2, ""arg1_ndim"": 1, ""arg1_dim0"": 7168, ""arg1_numel"": 7168, ""arg1_dtype"": ""torch.float16"", ""arg1_dtype_size"": 2, ""arg1_dtype_cat"": 2, ""arg2_ndim"": 1, ""arg2_dim0"": 7168, ""arg2_numel"": 7168, ""arg2_dtype"": ""torch.float16"", ""arg2_dtype_size"": 2, ""arg2_dtype_cat"": 2}",0.038761017067228926
layer_norm,be1d93123bdcc453,decf2056869ee2b5,"{""block_sizes"": [1], ""reduction_loops"": [1024], ""range_unroll_factors"": [0], ""range_warp_specializes"": [null], ""range_num_stages"": [0], ""range_multi_buffers"": [null], ""range_flattens"": [null], ""load_eviction_policies"": ["""", ""last"", ""first"", """", ""last"", ""first"", ""last"", ""last""], ""num_warps"": 1, ""num_stages"": 2, ""indexing"": [""pointer"", ""tensor_descriptor"", ""pointer"", ""tensor_descriptor"", ""tensor_descriptor"", ""pointer"", ""pointer"", ""pointer"", ""tensor_descriptor"", ""pointer""], ""atomic_indexing"": [], ""pid_type"": ""flat""}","{""arg0_ndim"": 2, ""arg0_dim0"": 4096, ""arg0_dim1"": 7168, ""arg0_numel"": 29360128, ""arg0_dtype"": ""torch.float16"", ""arg0_dtype_size"": 2, ""arg0_dtype_cat"": 2, ""arg1_ndim"": 1, ""arg1_dim0"": 7168, ""arg1_numel"": 7168, ""arg1_dtype"": ""torch.float16"", ""arg1_dtype_size"": 2, ""arg1_dtype_cat"": 2, ""arg2_ndim"": 1, ""arg2_dim0"": 7168, ""arg2_numel"": 7168, ""arg2_dtype"": ""torch.float16"", ""arg2_dtype_size"": 2, ""arg2_dtype_cat"": 2}",0.03275694961375792
layer_norm,be1d93123bdcc453,43acbd1ca50d4ca3,"{""block_sizes"": [1], ""reduction_loops"": [null], ""range_unroll_factors"": [0], ""range_warp_specializes"": [null], ""range_num_stages"": [0], ""range_multi_buffers"": [null], ""range_flattens"": [null], ""load_eviction_policies"": [""first"", """", """", ""first"", """", ""last"", ""first"", """"], ""num_warps"": 8, ""num_stages"": 4, ""indexing"": [""pointer"", ""tensor_descriptor"", ""pointer"", ""pointer"", ""pointer"", ""pointer"", ""tensor_descriptor"", ""pointer"", ""tensor_descriptor"", ""tensor_descriptor""], ""atomic_indexing"": [], ""pid_type"": ""flat""}","{""arg0_ndim"": 2, ""arg0_dim0"": 4096, ""arg0_dim1"": 7168, ""arg0_numel"": 29360128, ""arg0_dtype"": ""torch.float16"", ""arg0_dtype_size"": 2, ""arg0_dtype_cat"": 2, ""arg1_ndim"": 1, ""arg1_dim0"": 7168, ""arg1_numel"": 7168, ""arg1_dtype"": ""torch.float16"", ""arg1_dtype_size"": 2, ""arg1_dtype_cat"": 2, ""arg2_ndim"": 1, ""arg2_dim0"": 7168, ""arg2_numel"": 7168, ""arg2_dtype"": ""torch.float16"", ""arg2_dtype_size"": 2, ""arg2_dtype_cat"": 2}",0.028692942170080504
layer_norm,be1d93123bdcc453,869c54e4b955a8c6,"{""block_sizes"": [1], ""reduction_loops"": [2048], ""range_unroll_factors"": [0], ""range_warp_specializes"": [null], ""range_num_stages"": [0], ""range_multi_buffers"": [null], ""range_flattens"": [null], ""load_eviction_policies"": [""last"", """", ""first"", """", """", ""last"", """", ""last""], ""num_warps"": 8, ""num_stages"": 4, ""indexing"": [""tensor_descriptor"", ""pointer"", ""pointer"", ""tensor_descriptor"", ""pointer"", ""tensor_descriptor"", ""pointer"", ""pointer"", ""tensor_descriptor"", ""tensor_descriptor""], ""atomic_indexing"": [], ""pid_type"": ""flat""}","{""arg0_ndim"": 2, ""arg0_dim0"": 4096, ""arg0_dim1"": 7168, ""arg0_numel"": 29360128, ""arg0_dtype"": ""torch.float16"", ""arg0_dtype_size"": 2, ""arg0_dtype_cat"": 2, ""arg1_ndim"": 1, ""arg1_dim0"": 7168, ""arg1_numel"": 7168, ""arg1_dtype"": ""torch.float16"", ""arg1_dtype_size"": 2, ""arg1_dtype_cat"": 2, ""arg2_ndim"": 1, ""arg2_dim0"": 7168, ""arg2_numel"": 7168, ""arg2_dtype"": ""torch.float16"", ""arg2_dtype_size"": 2, ""arg2_dtype_cat"": 2}",0.03331329310841123
layer_norm,b58c87b45e3d395a,178e7391546ae2da,"{""block_sizes"": [1], ""reduction_loops"": [null], ""range_unroll_factors"": [0], ""range_warp_specializes"": [null], ""range_num_stages"": [0], ""range_multi_buffers"": [null], ""range_flattens"": [null], ""load_eviction_policies"": [""first"", """", ""last"", """", ""last"", ""last"", ""last"", """"], ""num_warps"": 4, ""num_stages"": 7, ""indexing"": [""pointer"", ""pointer"", ""tensor_descriptor"", ""pointer"", ""tensor_descriptor"", ""pointer"", ""tensor_descriptor"", ""pointer"", ""pointer"", ""pointer""], ""atomic_indexing"": [], ""pid_type"": ""flat""}","{""arg0_ndim"": 2, ""arg0_dim0"": 4096, ""arg0_dim1"": 7680, ""arg0_numel"": 31457280, ""arg0_dtype"": ""torch.float16"", ""arg0_dtype_size"": 2, ""arg0_dtype_cat"": 2, ""arg1_ndim"": 1, ""arg1_dim0"": 7680, ""arg1_numel"": 7680, ""arg1_dtype"": ""torch.float16"", ""arg1_dtype_size"": 2, ""arg1_dtype_cat"": 2, ""arg2_ndim"": 1, ""arg2_dim0"": 7680, ""arg2_numel"": 7680, ""arg2_dtype"": ""torch.float16"", ""arg2_dtype_size"": 2, ""arg2_dtype_cat"": 2}",0.038933581866958306
layer_norm,b58c87b45e3d395a,decf2056869ee2b5,"{""block_sizes"": [1], ""reduction_loops"": [1024], ""range_unroll_factors"": [0], ""range_warp_specializes"": [null], ""range_num_stages"": [0], ""range_multi_buffers"": [null], ""range_flattens"": [null], ""load_eviction_policies"": ["""", ""last"", ""first"", """", ""last"", ""first"", ""last"", ""last""], ""num_warps"": 1, ""num_stages"": 2, ""indexing"": [""pointer"", ""tensor_descriptor"", ""pointer"", ""tensor_descriptor"", ""tensor_descriptor"", ""pointer"", ""pointer"", ""pointer"", ""tensor_descriptor"", ""pointer""], ""atomic_indexing"": [], ""pid_type"": ""flat""}","{""arg0_ndim"": 2, ""arg0_dim0"": 4096, ""arg0_dim1"": 7680, ""arg0_numel"": 31457280, ""arg0_dtype"": ""torch.float16"", ""arg0_dtype_size"": 2, ""arg0_dtype_cat"": 2, ""arg1_ndim"": 1, ""arg1_dim0"": 7680, ""arg1_numel"": 7680, ""arg1_dtype"": ""torch.float16"", ""arg1_dtype_size"": 2, ""arg1_dtype_cat"": 2, ""arg2_ndim"": 1, ""arg2_dim0"": 7680, ""arg2_numel"": 7680, ""arg2_dtype"": ""torch.float16"", ""arg2_dtype_size"": 2, ""arg2_dtype_cat"": 2}",0.03678826038278155
layer_norm,b58c87b45e3d395a,43acbd1ca50d4ca3,"{""block_sizes"": [1], ""reduction_loops"": [null], ""range_unroll_factors"": [0], ""range_warp_specializes"": [null], ""range_num_stages"": [0], ""range_multi_buffers"": [null], ""range_flattens"": [null], ""load_eviction_policies"": [""first"", """", """", ""first"", """", ""last"", ""first"", """"], ""num_warps"": 8, ""num_stages"": 4, ""indexing"": [""pointer"", ""tensor_descriptor"", ""pointer"", ""pointer"", ""pointer"", ""pointer"", ""tensor_descriptor"", ""pointer"", ""tensor_descriptor"", ""tensor_descriptor""], ""atomic_indexing"": [], ""pid_type"": ""flat""}","{""arg0_ndim"": 2, ""arg0_dim0"": 4096, ""arg0_dim1"": 7680, ""arg0_numel"": 31457280, ""arg0_dtype"": ""torch.float16"", ""arg0_dtype_size"": 2, ""arg0_dtype_cat"": 2, ""arg1_ndim"": 1, ""arg1_dim0"": 7680, ""arg1_numel"": 7680, ""arg1_dtype"": ""torch.float16"", ""arg1_dtype_size"": 2, ""arg1_dtype_cat"": 2, ""arg2_ndim"": 1, ""arg2_dim0"": 7680, ""arg2_numel"": 7680, ""arg2_dtype"": ""torch.float16"", ""arg2_dtype_size"": 2, ""arg2_dtype_cat"": 2}",0.028696465180574136
layer_norm,b58c87b45e3d395a,869c54e4b955a8c6,"{""block_sizes"": [1], ""reduction_loops"": [2048], ""range_unroll_factors"": [0], ""range_warp_specializes"": [null], ""range_num_stages"": [0], ""range_multi_buffers"": [null], ""range_flattens"": [null], ""load_eviction_policies"": [""last"", """", ""first"", """", """", ""last"", """", ""last""], ""num_warps"": 8, ""num_stages"": 4, ""indexing"": [""tensor_descriptor"", ""pointer"", ""pointer"", ""tensor_descriptor"", ""pointer"", ""tensor_descriptor"", ""pointer"", ""pointer"", ""tensor_descriptor"", ""tensor_descriptor""], ""atomic_indexing"": [], ""pid_type"": ""flat""}","{""arg0_ndim"": 2, ""arg0_dim0"": 4096, ""arg0_dim1"": 7680, ""arg0_numel"": 31457280, ""arg0_dtype"": ""torch.float16"", ""arg0_dtype_size"": 2, ""arg0_dtype_cat"": 2, ""arg1_ndim"": 1, ""arg1_dim0"": 7680, ""arg1_numel"": 7680, ""arg1_dtype"": ""torch.float16"", ""arg1_dtype_size"": 2, ""arg1_dtype_cat"": 2, ""arg2_ndim"": 1, ""arg2_dim0"": 7680, ""arg2_numel"": 7680, ""arg2_dtype"": ""torch.float16"", ""arg2_dtype_size"": 2, ""arg2_dtype_cat"": 2}",0.034799309250712396
layer_norm,91c00f708d3eb2f9,178e7391546ae2da,"{""block_sizes"": [1], ""reduction_loops"": [null], ""range_unroll_factors"": [0], ""range_warp_specializes"": [null], ""range_num_stages"": [0], ""range_multi_buffers"": [null], ""range_flattens"": [null], ""load_eviction_policies"": [""first"", """", ""last"", """", ""last"", ""last"", ""last"", """"], ""num_warps"": 4, ""num_stages"": 7, ""indexing"": [""pointer"", ""pointer"", ""tensor_descriptor"", ""pointer"", ""tensor_descriptor"", ""pointer"", ""tensor_descriptor"", ""pointer"", ""pointer"", ""pointer""], ""atomic_indexing"": [], ""pid_type"": ""flat""}","{""arg0_ndim"": 2, ""arg0_dim0"": 4096, ""arg0_dim1"": 8192, ""arg0_numel"": 33554432, ""arg0_dtype"": ""torch.float16"", ""arg0_dtype_size"": 2, ""arg0_dtype_cat"": 2, ""arg1_ndim"": 1, ""arg1_dim0"": 8192, ""arg1_numel"": 8192, ""arg1_dtype"": ""torch.float16"", ""arg1_dtype_size"": 2, ""arg1_dtype_cat"": 2, ""arg2_ndim"": 1, ""arg2_dim0"": 8192, ""arg2_numel"": 8192, ""arg2_dtype"": ""torch.float16"", ""arg2_dtype_size"": 2, ""arg2_dtype_cat"": 2}",0.03916893344220268
layer_norm,91c00f708d3eb2f9,decf2056869ee2b5,"{""block_sizes"": [1], ""reduction_loops"": [1024], ""range_unroll_factors"": [0], ""range_warp_specializes"": [null], ""range_num_stages"": [0], ""range_multi_buffers"": [null], ""range_flattens"": [null], ""load_eviction_policies"": ["""", ""last"", ""first"", """", ""last"", ""first"", ""last"", ""last""], ""num_warps"": 1, ""num_stages"": 2, ""indexing"": [""pointer"", ""tensor_descriptor"", ""pointer"", ""tensor_descriptor"", ""tensor_descriptor"", ""pointer"", ""pointer"", ""pointer"", ""tensor_descriptor"", ""pointer""], ""atomic_indexing"": [], ""pid_type"": ""flat""}","{""arg0_ndim"": 2, ""arg0_dim0"": 4096, ""arg0_dim1"": 8192, ""arg0_numel"": 33554432, ""arg0_dtype"": ""torch.float16"", ""arg0_dtype_size"": 2, ""arg0_dtype_cat"": 2, ""arg1_ndim"": 1, ""arg1_dim0"": 8192, ""arg1_numel"": 8192, ""arg1_dtype"": ""torch.float16"", ""arg1_dtype_size"": 2, ""arg1_dtype_cat"": 2, ""arg2_ndim"": 1, ""arg2_dim0"": 8192, ""arg2_numel"": 8192, ""arg2_dtype"": ""torch.float16"", ""arg2_dtype_size"": 2, ""arg2_dtype_cat"": 2}",0.03706956832633708
layer_norm,91c00f708d3eb2f9,43acbd1ca50d4ca3,"{""block_sizes"": [1], ""reduction_loops"": [null], ""range_unroll_factors"": [0], ""range_warp_specializes"": [null], ""range_num_stages"": [0], ""range_multi_buffers"": [null], ""range_flattens"": [null], ""load_eviction_policies"": [""first"", """", """", ""first"", """", ""last"", ""first"", """"], ""num_warps"": 8, ""num_stages"": 4, ""indexing"": [""pointer"", ""tensor_descriptor"", ""pointer"", ""pointer"", ""pointer"", ""pointer"", ""tensor_descriptor"", ""pointer"", ""tensor_descriptor"", ""tensor_descriptor""], ""atomic_indexing"": [], ""pid_type"": ""flat""}","{""arg0_ndim"": 2, ""arg0_dim0"": 4096, ""arg0_dim1"": 8192, ""arg0_numel"": 33554432, ""arg0_dtype"": ""torch.float16"", ""arg0_dtype_size"": 2, ""arg0_dtype_cat"": 2, ""arg1_ndim"": 1, ""arg1_dim0"": 8192, ""arg1_numel"": 8192, ""arg1_dtype"": ""torch.float16"", ""arg1_dtype_size"": 2, ""arg1_dtype_cat"": 2, ""arg2_ndim"": 1, ""arg2_dim0"": 8192, ""arg2_numel"": 8192, ""arg2_dtype"": ""torch.float16"", ""arg2_dtype_size"": 2, ""arg2_dtype_cat"": 2}",0.030556502970894742
layer_norm,91c00f708d3eb2f9,869c54e4b955a8c6,"{""block_sizes"": [1], ""reduction_loops"": [2048], ""range_unroll_factors"": [0], ""range_warp_specializes"": [null], ""range_num_stages"": [0], ""range_multi_buffers"": [null], ""range_flattens"": [null], ""load_eviction_policies"": [""last"", """", ""first"", """", """", ""last"", """", ""last""], ""num_warps"": 8, ""num_stages"": 4, ""indexing"": [""tensor_descriptor"", ""pointer"", ""pointer"", ""tensor_descriptor"", ""pointer"", ""tensor_descriptor"", ""pointer"", ""pointer"", ""tensor_descriptor"", ""tensor_descriptor""], ""atomic_indexing"": [], ""pid_type"": ""flat""}","{""arg0_ndim"": 2, ""arg0_dim0"": 4096, ""arg0_dim1"": 8192, ""arg0_numel"": 33554432, ""arg0_dtype"": ""torch.float16"", ""arg0_dtype_size"": 2, ""arg0_dtype_cat"": 2, ""arg1_ndim"": 1, ""arg1_dim0"": 8192, ""arg1_numel"": 8192, ""arg1_dtype"": ""torch.float16"", ""arg1_dtype_size"": 2, ""arg1_dtype_cat"": 2, ""arg2_ndim"": 1, ""arg2_dim0"": 8192, ""arg2_numel"": 8192, ""arg2_dtype"": ""torch.float16"", ""arg2_dtype_size"": 2, ""arg2_dtype_cat"": 2}",0.03484957600561143
layer_norm,c51d446941a9ae9e,178e7391546ae2da,"{""block_sizes"": [1], ""reduction_loops"": [null], ""range_unroll_factors"": [0], ""range_warp_specializes"": [null], ""range_num_stages"": [0], ""range_multi_buffers"": [null], ""range_flattens"": [null], ""load_eviction_policies"": [""first"", """", ""last"", """", ""last"", ""last"", ""last"", """"], ""num_warps"": 4, ""num_stages"": 7, ""indexing"": [""pointer"", ""pointer"", ""tensor_descriptor"", ""pointer"", ""tensor_descriptor"", ""pointer"", ""tensor_descriptor"", ""pointer"", ""pointer"", ""pointer""], ""atomic_indexing"": [], ""pid_type"": ""flat""}","{""arg0_ndim"": 2, ""arg0_dim0"": 4096, ""arg0_dim1"": 8704, ""arg0_numel"": 35651584, ""arg0_dtype"": ""torch.float16"", ""arg0_dtype_size"": 2, ""arg0_dtype_cat"": 2, ""arg1_ndim"": 1, ""arg1_dim0"": 8704, ""arg1_numel"": 8704, ""arg1_dtype"": ""torch.float16"", ""arg1_dtype_size"": 2, ""arg1_dtype_cat"": 2, ""arg2_ndim"": 1, ""arg2_dim0"": 8704, ""arg2_numel"": 8704, ""arg2_dtype"": ""torch.float16"", ""arg2_dtype_size"": 2, ""arg2_dtype_cat"": 2}",0.05899545012059015
layer_norm,c51d446941a9ae9e,decf2056869ee2b5,"{""block_sizes"": [1], ""reduction_loops"": [1024], ""range_unroll_factors"": [0], ""range_warp_specializes"": [null], ""range_num_stages"": [0], ""range_multi_buffers"": [null], ""range_flattens"": [null], ""load_eviction_policies"": ["""", ""last"", ""first"", """", ""last"", ""first"", ""last"", ""last""], ""num_warps"": 1, ""num_stages"": 2, ""indexing"": [""pointer"", ""tensor_descriptor"", ""pointer"", ""tensor_descriptor"", ""tensor_descriptor"", ""pointer"", ""pointer"", ""pointer"", ""tensor_descriptor"", ""pointer""], ""atomic_indexing"": [], ""pid_type"": ""flat""}","{""arg0_ndim"": 2, ""arg0_dim0"": 4096, ""arg0_dim1"": 8704, ""arg0_numel"": 35651584, ""arg0_dtype"": ""torch.float16"", ""arg0_dtype_size"": 2, ""arg0_dtype_cat"": 2, ""arg1_ndim"": 1, ""arg1_dim0"": 8704, ""arg1_numel"": 8704, ""arg1_dtype"": ""torch.float16"", ""arg1_dtype_size"": 2, ""arg1_dtype_cat"": 2, ""arg2_ndim"": 1, ""arg2_dim0"": 8704, ""arg2_numel"": 8704, ""arg2_dtype"": ""torch.float16"", ""arg2_dtype_size"": 2, ""arg2_dtype_cat"": 2}",0.041379764150170716
layer_norm,c51d446941a9ae9e,43acbd1ca50d4ca3,"{""block_sizes"": [1], ""reduction_loops"": [null], ""range_unroll_factors"": [0], ""range_warp_specializes"": [null], ""range_num_stages"": [0], ""range_multi_buffers"": [null], ""range_flattens"": [null], ""load_eviction_policies"": [""first"", """", """", ""first"", """", ""last"", ""first"", """"], ""num_warps"": 8, ""num_stages"": 4, ""indexing"": [""pointer"", ""tensor_descriptor"", ""pointer"", ""pointer"", ""pointer"", ""pointer"", ""tensor_descriptor"", ""pointer"", ""tensor_descriptor"", ""tensor_descriptor""], ""atomic_indexing"": [], ""pid_type"": ""flat""}","{""arg0_ndim"": 2, ""arg0_dim0"": 4096, ""arg0_dim1"": 8704, ""arg0_numel"": 35651584, ""arg0_dtype"": ""torch.float16"", ""arg0_dtype_size"": 2, ""arg0_dtype_cat"": 2, ""arg1_ndim"": 1, ""arg1_dim0"": 8704, ""arg1_numel"": 8704, ""arg1_dtype"": ""torch.float16"", ""arg1_dtype_size"": 2, ""arg1_dtype_cat"": 2, ""arg2_ndim"": 1, ""arg2_dim0"": 8704, ""arg2_numel"": 8704, ""arg2_dtype"": ""torch.float16"", ""arg2_dtype_size"": 2, ""arg2_dtype_cat"": 2}",0.05349284189083336
layer_norm,c51d446941a9ae9e,869c54e4b955a8c6,"{""block_sizes"": [1], ""reduction_loops"": [2048], ""range_unroll_factors"": [0], ""range_warp_specializes"": [null], ""range_num_stages"": [0], ""range_multi_buffers"": [null], ""range_flattens"": [null], ""load_eviction_policies"": [""last"", """", ""first"", """", """", ""last"", """", ""last""], ""num_warps"": 8, ""num_stages"": 4, ""indexing"": [""tensor_descriptor"", ""pointer"", ""pointer"", ""tensor_descriptor"", ""pointer"", ""tensor_descriptor"", ""pointer"", ""pointer"", ""tensor_descriptor"", ""tensor_descriptor""], ""atomic_indexing"": [], ""pid_type"": ""flat""}","{""arg0_ndim"": 2, ""arg0_dim0"": 4096, ""arg0_dim1"": 8704, ""arg0_numel"": 35651584, ""arg0_dtype"": ""torch.float16"", ""arg0_dtype_size"": 2, ""arg0_dtype_cat"": 2, ""arg1_ndim"": 1, ""arg1_dim0"": 8704, ""arg1_numel"": 8704, ""arg1_dtype"": ""torch.float16"", ""arg1_dtype_size"": 2, ""arg1_dtype_cat"": 2, ""arg2_ndim"": 1, ""arg2_dim0"": 8704, ""arg2_numel"": 8704, ""arg2_dtype"": ""torch.float16"", ""arg2_dtype_size"": 2, ""arg2_dtype_cat"": 2}",0.03944451616992676
layer_norm,88f0b773ab53eaab,178e7391546ae2da,"{""block_sizes"": [1], ""reduction_loops"": [null], ""range_unroll_factors"": [0], ""range_warp_specializes"": [null], ""range_num_stages"": [0], ""range_multi_buffers"": [null], ""range_flattens"": [null], ""load_eviction_policies"": [""first"", """", ""last"", """", ""last"", ""last"", ""last"", """"], ""num_warps"": 4, ""num_stages"": 7, ""indexing"": [""pointer"", ""pointer"", ""tensor_descriptor"", ""pointer"", ""tensor_descriptor"", ""pointer"", ""tensor_descriptor"", ""pointer"", ""pointer"", ""pointer""], ""atomic_indexing"": [], ""pid_type"": ""flat""}","{""arg0_ndim"": 2, ""arg0_dim0"": 4096, ""arg0_dim1"": 9216, ""arg0_numel"": 37748736, ""arg0_dtype"": ""torch.float16"", ""arg0_dtype_size"": 2, ""arg0_dtype_cat"": 2, ""arg1_ndim"": 1, ""arg1_dim0"": 9216, ""arg1_numel"": 9216, ""arg1_dtype"": ""torch.float16"", ""arg1_dtype_size"": 2, ""arg1_dtype_cat"": 2, ""arg2_ndim"": 1, ""arg2_dim0"": 9216, ""arg2_numel"": 9216, ""arg2_dtype"": ""torch.float16"", ""arg2_dtype_size"": 2, ""arg2_dtype_cat"": 2}",0.059180675365735964
layer_norm,88f0b773ab53eaab,decf2056869ee2b5,"{""block_sizes"": [1], ""reduction_loops"": [1024], ""range_unroll_factors"": [0], ""range_warp_specializes"": [null], ""range_num_stages"": [0], ""range_multi_buffers"": [null], ""range_flattens"": [null], ""load_eviction_policies"": ["""", ""last"", ""first"", """", ""last"", ""first"", ""last"", ""last""], ""num_warps"": 1, ""num_stages"": 2, ""indexing"": [""pointer"", ""tensor_descriptor"", ""pointer"", ""tensor_descriptor"", ""tensor_descriptor"", ""pointer"", ""pointer"", ""pointer"", ""tensor_descriptor"", ""pointer""], ""atomic_indexing"": [], ""pid_type"": ""flat""}","{""arg0_ndim"": 2, ""arg0_dim0"": 4096, ""arg0_dim1"": 9216, ""arg0_numel"": 37748736, ""arg0_dtype"": ""torch.float16"", ""arg0_dtype_size"": 2, ""arg0_dtype_cat"": 2, ""arg1_ndim"": 1, ""arg1_dim0"": 9216, ""arg1_numel"": 9216, ""arg1_dtype"": ""torch.float16"", ""arg1_dtype_size"": 2, ""arg1_dtype_cat"": 2, ""arg2_ndim"": 1, ""arg2_dim0"": 9216, ""arg2_numel"": 9216, ""arg2_dtype"": ""torch.float16"", ""arg2_dtype_size"": 2, ""arg2_dtype_cat"": 2}",0.04303556156331954
layer_norm,88f0b773ab53eaab,43acbd1ca50d4ca3,"{""block_sizes"": [1], ""reduction_loops"": [null], ""range_unroll_factors"": [0], ""range_warp_specializes"": [null], ""range_num_stages"": [0], ""range_multi_buffers"": [null], ""range_flattens"": [null], ""load_eviction_policies"": [""first"", """", """", ""first"", """", ""last"", ""first"", """"], ""num_warps"": 8, ""num_stages"": 4, ""indexing"": [""pointer"", ""tensor_descriptor"", ""pointer"", ""pointer"", ""pointer"", ""pointer"", ""tensor_descriptor"", ""pointer"", ""tensor_descriptor"", ""tensor_descriptor""], ""atomic_indexing"": [], ""pid_type"": ""flat""}","{""arg0_ndim"": 2, ""arg0_dim0"": 4096, ""arg0_dim1"": 9216, ""arg0_numel"": 37748736, ""arg0_dtype"": ""torch.float16"", ""arg0_dtype_size"": 2, ""arg0_dtype_cat"": 2, ""arg1_ndim"": 1, ""arg1_dim0"": 9216, ""arg1_numel"": 9216, ""arg1_dtype"": ""torch.float16"", ""arg1_dtype_size"": 2, ""arg1_dtype_cat"": 2, ""arg2_ndim"": 1, ""arg2_dim0"": 9216, ""arg2_numel"": 9216, ""arg2_dtype"": ""torch.float16"", ""arg2_dtype_size"": 2, ""arg2_dtype_cat"": 2}",0.05515578720549625
layer_norm,88f0b773ab53eaab,869c54e4b955a8c6,"{""block_sizes"": [1], ""reduction_loops"": [2048], ""range_unroll_factors"": [0], ""range_warp_specializes"": [null], ""range_num_stages"": [0], ""range_multi_buffers"": [null], ""range_flattens"": [null], ""load_eviction_policies"": [""last"", """", ""first"", """", """", ""last"", """", ""last""], ""num_warps"": 8, ""num_stages"": 4, ""indexing"": [""tensor_descriptor"", ""pointer"", ""pointer"", ""tensor_descriptor"", ""pointer"", ""tensor_descriptor"", ""pointer"", ""pointer"", ""tensor_descriptor"", ""tensor_descriptor""], ""atomic_indexing"": [], ""pid_type"": ""flat""}","{""arg0_ndim"": 2, ""arg0_dim0"": 4096, ""arg0_dim1"": 9216, ""arg0_numel"": 37748736, ""arg0_dtype"": ""torch.float16"", ""arg0_dtype_size"": 2, ""arg0_dtype_cat"": 2, ""arg1_ndim"": 1, ""arg1_dim0"": 9216, ""arg1_numel"": 9216, ""arg1_dtype"": ""torch.float16"", ""arg1_dtype_size"": 2, ""arg1_dtype_cat"": 2, ""arg2_ndim"": 1, ""arg2_dim0"": 9216, ""arg2_numel"": 9216, ""arg2_dtype"": ""torch.float16"", ""arg2_dtype_size"": 2, ""arg2_dtype_cat"": 2}",0.04096482645530822
layer_norm,a8ceaf8d64ea6d58,178e7391546ae2da,"{""block_sizes"": [1], ""reduction_loops"": [null], ""range_unroll_factors"": [0], ""range_warp_specializes"": [null], ""range_num_stages"": [0], ""range_multi_buffers"": [null], ""range_flattens"": [null], ""load_eviction_policies"": [""first"", """", ""last"", """", ""last"", ""last"", ""last"", """"], ""num_warps"": 4, ""num_stages"": 7, ""indexing"": [""pointer"", ""pointer"", ""tensor_descriptor"", ""pointer"", ""tensor_descriptor"", ""pointer"", ""tensor_descriptor"", ""pointer"", ""pointer"", ""pointer""], ""atomic_indexing"": [], ""pid_type"": ""flat""}","{""arg0_ndim"": 2, ""arg0_dim0"": 4096, ""arg0_dim1"": 9728, ""arg0_numel"": 39845888, ""arg0_dtype"": ""torch.float16"", ""arg0_dtype_size"": 2, ""arg0_dtype_cat"": 2, ""arg1_ndim"": 1, ""arg1_dim0"": 9728, ""arg1_numel"": 9728, ""arg1_dtype"": ""torch.float16"", ""arg1_dtype_size"": 2, ""arg1_dtype_cat"": 2, ""arg2_ndim"": 1, ""arg2_dim0"": 9728, ""arg2_numel"": 9728, ""arg2_dtype"": ""torch.float16"", ""arg2_dtype_size"": 2, ""arg2_dtype_cat"": 2}",0.060047311513669425
layer_norm,a8ceaf8d64ea6d58,decf2056869ee2b5,"{""block_sizes"": [1], ""reduction_loops"": [1024], ""range_unroll_factors"": [0], ""range_warp_specializes"": [null], ""range_num_stages"": [0], ""range_multi_buffers"": [null], ""range_flattens"": [null], ""load_eviction_policies"": ["""", ""last"", ""first"", """", ""last"", ""first"", ""last"", ""last""], ""num_warps"": 1, ""num_stages"": 2, ""indexing"": [""pointer"", ""tensor_descriptor"", ""pointer"", ""tensor_descriptor"", ""tensor_descriptor"", ""pointer"", ""pointer"", ""pointer"", ""tensor_descriptor"", ""pointer""], ""atomic_indexing"": [], ""pid_type"": ""flat""}","{""arg0_ndim"": 2, ""arg0_dim0"": 4096, ""arg0_dim1"": 9728, ""arg0_numel"": 39845888, ""arg0_dtype"": ""torch.float16"", ""arg0_dtype_size"": 2, ""arg0_dtype_cat"": 2, ""arg1_ndim"": 1, ""arg1_dim0"": 9728, ""arg1_numel"": 9728, ""arg1_dtype"": ""torch.float16"", ""arg1_dtype_size"": 2, ""arg1_dtype_cat"": 2, ""arg2_ndim"": 1, ""arg2_dim0"": 9728, ""arg2_numel"": 9728, ""arg2_dtype"": ""torch.float16"", ""arg2_dtype_size"": 2, ""arg2_dtype_cat"": 2}",0.04734250079769238
layer_norm,a8ceaf8d64ea6d58,43acbd1ca50d4ca3,"{""block_sizes"": [1], ""reduction_loops"": [null], ""range_unroll_factors"": [0], ""range_warp_specializes"": [null], ""range_num_stages"": [0], ""range_multi_buffers"": [null], ""range_flattens"": [null], ""load_eviction_policies"": [""first"", """", """", ""first"", """", ""last"", ""first"", """"], ""num_warps"": 8, ""num_stages"": 4, ""indexing"": [""pointer"", ""tensor_descriptor"", ""pointer"", ""pointer"", ""pointer"", ""pointer"", ""tensor_descriptor"", ""pointer"", ""tensor_descriptor"", ""tensor_descriptor""], ""atomic_indexing"": [], ""pid_type"": ""flat""}","{""arg0_ndim"": 2, ""arg0_dim0"": 4096, ""arg0_dim1"": 9728, ""arg0_numel"": 39845888, ""arg0_dtype"": ""torch.float16"", ""arg0_dtype_size"": 2, ""arg0_dtype_cat"": 2, ""arg1_ndim"": 1, ""arg1_dim0"": 9728, ""arg1_numel"": 9728, ""arg1_dtype"": ""torch.float16"", ""arg1_dtype_size"": 2, ""arg1_dtype_cat"": 2, ""arg2_ndim"": 1, ""arg2_dim0"": 9728, ""arg2_numel"": 9728, ""arg2_dtype"": ""torch.float16"", ""arg2_dtype_size"": 2, ""arg2_dtype_cat"": 2}",0.05737735941267833
layer_norm,a8ceaf8d64ea6d58,869c54e4b955a8c6,"{""block_sizes"": [1], ""reduction_loops"": [2048], ""range_unroll_factors"": [0], ""range_warp_specializes"": [null], ""range_num_stages"": [0], ""range_multi_buffers"": [null], ""range_flattens"": [null], ""load_eviction_policies"": [""last"", """", ""first"", """", """", ""last"", """", ""last""], ""num_warps"": 8, ""num_stages"": 4, ""indexing"": [""tensor_descriptor"", ""pointer"", ""pointer"", ""tensor_descriptor"", ""pointer"", ""tensor_descriptor"", ""pointer"", ""pointer"", ""tensor_descriptor"", ""tensor_descriptor""], ""atomic_indexing"": [], ""pid_type"": ""flat""}","{""arg0_ndim"": 2, ""arg0_dim0"": 4096, ""arg0_dim1"": 9728, ""arg0_numel"": 39845888, ""arg0_dtype"": ""torch.float16"", ""arg0_dtype_size"": 2, ""arg0_dtype_cat"": 2, ""arg1_ndim"": 1, ""arg1_dim0"": 9728, ""arg1_numel"": 9728, ""arg1_dtype"": ""torch.float16"", ""arg1_dtype_size"": 2, ""arg1_dtype_cat"": 2, ""arg2_ndim"": 1, ""arg2_dim0"": 9728, ""arg2_numel"": 9728, ""arg2_dtype"": ""torch.float16"", ""arg2_dtype_size"": 2, ""arg2_dtype_cat"": 2}",0.041044877798122416
layer_norm,c118e8d22fe0fdb8,178e7391546ae2da,"{""block_sizes"": [1], ""reduction_loops"": [null], ""range_unroll_factors"": [0], ""range_warp_specializes"": [null], ""range_num_stages"": [0], ""range_multi_buffers"": [null], ""range_flattens"": [null], ""load_eviction_policies"": [""first"", """", ""last"", """", ""last"", ""last"", ""last"", """"], ""num_warps"": 4, ""num_stages"": 7, ""indexing"": [""pointer"", ""pointer"", ""tensor_descriptor"", ""pointer"", ""tensor_descriptor"", ""pointer"", ""tensor_descriptor"", ""pointer"", ""pointer"", ""pointer""], ""atomic_indexing"": [], ""pid_type"": ""flat""}","{""arg0_ndim"": 2, ""arg0_dim0"": 4096, ""arg0_dim1"": 10240, ""arg0_numel"": 41943040, ""arg0_dtype"": ""torch.float16"", ""arg0_dtype_size"": 2, ""arg0_dtype_cat"": 2, ""arg1_ndim"": 1, ""arg1_dim0"": 10240, ""arg1_numel"": 10240, ""arg1_dtype"": ""torch.float16"", ""arg1_dtype_size"": 2, ""arg1_dtype_cat"": 2, ""arg2_ndim"": 1, ""arg2_dim0"": 10240, ""arg2_numel"": 10240, ""arg2_dtype"": ""torch.float16"", ""arg2_dtype_size"": 2, ""arg2_dtype_cat"": 2}",0.061344731812298485
layer_norm,c118e8d22fe0fdb8,decf2056869ee2b5,"{""block_sizes"": [1], ""reduction_loops"": [1024], ""range_unroll_factors"": [0], ""range_warp_specializes"": [null], ""range_num_stages"": [0], ""range_multi_buffers"": [null], ""range_flattens"": [null], ""load_eviction_policies"": ["""", ""last"", ""first"", """", ""last"", ""first"", ""last"", ""last""], ""num_warps"": 1, ""num_stages"": 2, ""indexing"": [""pointer"", ""tensor_descriptor"", ""pointer"", ""tensor_descriptor"", ""tensor_descriptor"", ""pointer"", ""pointer"", ""pointer"", ""tensor_descriptor"", ""pointer""], ""atomic_indexing"": [], ""pid_type"": ""flat""}","{""arg0_ndim"": 2, ""arg0_dim0"": 4096, ""arg0_dim1"": 10240, ""arg0_numel"": 41943040, ""arg0_dtype"": ""torch.float16"", ""arg0_dtype_size"": 2, ""arg0_dtype_cat"": 2, ""arg1_ndim"": 1, ""arg1_dim0"": 10240, ""arg1_numel"": 10240, ""arg1_dtype"": ""torch.float16"", ""arg1_dtype_size"": 2, ""arg1_dtype_cat"": 2, ""arg2_ndim"": 1, ""arg2_dim0"": 10240, ""arg2_numel"": 10240, ""arg2_dtype"": ""torch.float16"", ""arg2_dtype_size"": 2, ""arg2_dtype_cat"": 2}",0.04919875105893655
layer_norm,c118e8d22fe0fdb8,43acbd1ca50d4ca3,"{""block_sizes"": [1], ""reduction_loops"": [null], ""range_unroll_factors"": [0], ""range_warp_specializes"": [null], ""range_num_stages"": [0], ""range_multi_buffers"": [null], ""range_flattens"": [null], ""load_eviction_policies"": [""first"", """", """", ""first"", """", ""last"", ""first"", """"], ""num_warps"": 8, ""num_stages"": 4, ""indexing"": [""pointer"", ""tensor_descriptor"", ""pointer"", ""pointer"", ""pointer"", ""pointer"", ""tensor_descriptor"", ""pointer"", ""tensor_descriptor"", ""tensor_descriptor""], ""atomic_indexing"": [], ""pid_type"": ""flat""}","{""arg0_ndim"": 2, ""arg0_dim0"": 4096, ""arg0_dim1"": 10240, ""arg0_numel"": 41943040, ""arg0_dtype"": ""torch.float16"", ""arg0_dtype_size"": 2, ""arg0_dtype_cat"": 2, ""arg1_ndim"": 1, ""arg1_dim0"": 10240, ""arg1_numel"": 10240, ""arg1_dtype"": ""torch.float16"", ""arg1_dtype_size"": 2, ""arg1_dtype_cat"": 2, ""arg2_ndim"": 1, ""arg2_dim0"": 10240, ""arg2_numel"": 10240, ""arg2_dtype"": ""torch.float16"", ""arg2_dtype_size"": 2, ""arg2_dtype_cat"": 2}",0.0574427377546392
layer_norm,c118e8d22fe0fdb8,869c54e4b955a8c6,"{""block_sizes"": [1], ""reduction_loops"": [2048], ""range_unroll_factors"": [0], ""range_warp_specializes"": [null], ""range_num_stages"": [0], ""range_multi_buffers"": [null], ""range_flattens"": [null], ""load_eviction_policies"": [""last"", """", ""first"", """", """", ""last"", """", ""last""], ""num_warps"": 8, ""num_stages"": 4, ""indexing"": [""tensor_descriptor"", ""pointer"", ""pointer"", ""tensor_descriptor"", ""pointer"", ""tensor_descriptor"", ""pointer"", ""pointer"", ""tensor_descriptor"", ""tensor_descriptor""], ""atomic_indexing"": [], ""pid_type"": ""flat""}","{""arg0_ndim"": 2, ""arg0_dim0"": 4096, ""arg0_dim1"": 10240, ""arg0_numel"": 41943040, ""arg0_dtype"": ""torch.float16"", ""arg0_dtype_size"": 2, ""arg0_dtype_cat"": 2, ""arg1_ndim"": 1, ""arg1_dim0"": 10240, ""arg1_numel"": 10240, ""arg1_dtype"": ""torch.float16"", ""arg1_dtype_size"": 2, ""arg1_dtype_cat"": 2, ""arg2_ndim"": 1, ""arg2_dim0"": 10240, ""arg2_numel"": 10240, ""arg2_dtype"": ""torch.float16"", ""arg2_dtype_size"": 2, ""arg2_dtype_cat"": 2}",0.042124638236871285
layer_norm,9802ec14f2d90d23,178e7391546ae2da,"{""block_sizes"": [1], ""reduction_loops"": [null], ""range_unroll_factors"": [0], ""range_warp_specializes"": [null], ""range_num_stages"": [0], ""range_multi_buffers"": [null], ""range_flattens"": [null], ""load_eviction_policies"": [""first"", """", ""last"", """", ""last"", ""last"", ""last"", """"], ""num_warps"": 4, ""num_stages"": 7, ""indexing"": [""pointer"", ""pointer"", ""tensor_descriptor"", ""pointer"", ""tensor_descriptor"", ""pointer"", ""tensor_descriptor"", ""pointer"", ""pointer"", ""pointer""], ""atomic_indexing"": [], ""pid_type"": ""flat""}","{""arg0_ndim"": 2, ""arg0_dim0"": 4096, ""arg0_dim1"": 10752, ""arg0_numel"": 44040192, ""arg0_dtype"": ""torch.float16"", ""arg0_dtype_size"": 2, ""arg0_dtype_cat"": 2, ""arg1_ndim"": 1, ""arg1_dim0"": 10752, ""arg1_numel"": 10752, ""arg1_dtype"": ""torch.float16"", ""arg1_dtype_size"": 2, ""arg1_dtype_cat"": 2, ""arg2_ndim"": 1, ""arg2_dim0"": 10752, ""arg2_numel"": 10752, ""arg2_dtype"": ""torch.float16"", ""arg2_dtype_size"": 2, ""arg2_dtype_cat"": 2}",0.06713511159022649
layer_norm,9802ec14f2d90d23,decf2056869ee2b5,"{""block_sizes"": [1], ""reduction_loops"": [1024], ""range_unroll_factors"": [0], ""range_warp_specializes"": [null], ""range_num_stages"": [0], ""range_multi_buffers"": [null], ""range_flattens"": [null], ""load_eviction_policies"": ["""", ""last"", ""first"", """", ""last"", ""first"", ""last"", ""last""], ""num_warps"": 1, ""num_stages"": 2, ""indexing"": [""pointer"", ""tensor_descriptor"", ""pointer"", ""tensor_descriptor"", ""tensor_descriptor"", ""pointer"", ""pointer"", ""pointer"", ""tensor_descriptor"", ""pointer""], ""atomic_indexing"": [], ""pid_type"": ""flat""}","{""arg0_ndim"": 2, ""arg0_dim0"": 4096, ""arg0_dim1"": 10752, ""arg0_numel"": 44040192, ""arg0_dtype"": ""torch.float16"", ""arg0_dtype_size"": 2, ""arg0_dtype_cat"": 2, ""arg1_ndim"": 1, ""arg1_dim0"": 10752, ""arg1_numel"": 10752, ""arg1_dtype"": ""torch.float16"", ""arg1_dtype_size"": 2, ""arg1_dtype_cat"": 2, ""arg2_ndim"": 1, ""arg2_dim0"": 10752, ""arg2_numel"": 10752, ""arg2_dtype"": ""torch.float16"", ""arg2_dtype_size"": 2, ""arg2_dtype_cat"": 2}",0.053416271866873935
layer_norm,9802ec14f2d90d23,43acbd1ca50d4ca3,"{""block_sizes"": [1], ""reduction_loops"": [null], ""range_unroll_factors"": [0], ""range_warp_specializes"": [null], ""range_num_stages"": [0], ""range_multi_buffers"": [null], ""range_flattens"": [null], ""load_eviction_policies"": [""first"", """", """", ""first"", """", ""last"", ""first"", """"], ""num_warps"": 8, ""num_stages"": 4, ""indexing"": [""pointer"", ""tensor_descriptor"", ""pointer"", ""pointer"", ""pointer"", ""pointer"", ""tensor_descriptor"", ""pointer"", ""tensor_descriptor"", ""tensor_descriptor""], ""atomic_indexing"": [], ""pid_type"": ""flat""}","{""arg0_ndim"": 2, ""arg0_dim0"": 4096, ""arg0_dim1"": 10752, ""arg0_numel"": 44040192, ""arg0_dtype"": ""torch.float16"", ""arg0_dtype_size"": 2, ""arg0_dtype_cat"": 2, ""arg1_ndim"": 1, ""arg1_dim0"": 10752, ""arg1_numel"": 10752, ""arg1_dtype"": ""torch.float16"", ""arg1_dtype_size"": 2, ""arg1_dtype_cat"": 2, ""arg2_ndim"": 1, ""arg2_dim0"": 10752, ""arg2_numel"": 10752, ""arg2_dtype"": ""torch.float16"", ""arg2_dtype_size"": 2, ""arg2_dtype_cat"": 2}",0.05948898209933123
layer_norm,9802ec14f2d90d23,869c54e4b955a8c6,"{""block_sizes"": [1], ""reduction_loops"": [2048], ""range_unroll_factors"": [0], ""range_warp_specializes"": [null], ""range_num_stages"": [0], ""range_multi_buffers"": [null], ""range_flattens"": [null], ""load_eviction_policies"": [""last"", """", ""first"", """", """", ""last"", """", ""last""], ""num_warps"": 8, ""num_stages"": 4, ""indexing"": [""tensor_descriptor"", ""pointer"", ""pointer"", ""tensor_descriptor"", ""pointer"", ""tensor_descriptor"", ""pointer"", ""pointer"", ""tensor_descriptor"", ""tensor_descriptor""], ""atomic_indexing"": [], ""pid_type"": ""flat""}","{""arg0_ndim"": 2, ""arg0_dim0"": 4096, ""arg0_dim1"": 10752, ""arg0_numel"": 44040192, ""arg0_dtype"": ""torch.float16"", ""arg0_dtype_size"": 2, ""arg0_dtype_cat"": 2, ""arg1_ndim"": 1, ""arg1_dim0"": 10752, ""arg1_numel"": 10752, ""arg1_dtype"": ""torch.float16"", ""arg1_dtype_size"": 2, ""arg1_dtype_cat"": 2, ""arg2_ndim"": 1, ""arg2_dim0"": 10752, ""arg2_numel"": 10752, ""arg2_dtype"": ""torch.float16"", ""arg2_dtype_size"": 2, ""arg2_dtype_cat"": 2}",0.045201254990526234
layer_norm,048c7f61d5470389,178e7391546ae2da,"{""block_sizes"": [1], ""reduction_loops"": [null], ""range_unroll_factors"": [0], ""range_warp_specializes"": [null], ""range_num_stages"": [0], ""range_multi_buffers"": [null], ""range_flattens"": [null], ""load_eviction_policies"": [""first"", """", ""last"", """", ""last"", ""last"", ""last"", """"], ""num_warps"": 4, ""num_stages"": 7, ""indexing"": [""pointer"", ""pointer"", ""tensor_descriptor"", ""pointer"", ""tensor_descriptor"", ""pointer"", ""tensor_descriptor"", ""pointer"", ""pointer"", ""pointer""], ""atomic_indexing"": [], ""pid_type"": ""flat""}","{""arg0_ndim"": 2, ""arg0_dim0"": 4096, ""arg0_dim1"": 11264, ""arg0_numel"": 46137344, ""arg0_dtype"": ""torch.float16"", ""arg0_dtype_size"": 2, ""arg0_dtype_cat"": 2, ""arg1_ndim"": 1, ""arg1_dim0"": 11264, ""arg1_numel"": 11264, ""arg1_dtype"": ""torch.float16"", ""arg1_dtype_size"": 2, ""arg1_dtype_cat"": 2, ""arg2_ndim"": 1, ""arg2_dim0"": 11264, ""arg2_numel"": 11264, ""arg2_dtype"": ""torch.float16"", ""arg2_dtype_size"": 2, ""arg2_dtype_cat"": 2}",0.06966906346506992
layer_norm,048c7f61d5470389,decf2056869ee2b5,"{""block_sizes"": [1], ""reduction_loops"": [1024], ""range_unroll_factors"": [0], ""range_warp_specializes"": [null], ""range_num_stages"": [0], ""range_multi_buffers"": [null], ""range_flattens"": [null], ""load_eviction_policies"": ["""", ""last"", ""first"", """", ""last"", ""first"", ""last"", ""last""], ""num_warps"": 1, ""num_stages"": 2, ""indexing"": [""pointer"", ""tensor_descriptor"", ""pointer"", ""tensor_descriptor"", ""tensor_descriptor"", ""pointer"", ""pointer"", ""pointer"", ""tensor_descriptor"", ""pointer""], ""atomic_indexing"": [], ""pid_type"": ""flat""}","{""arg0_ndim"": 2, ""arg0_dim0"": 4096, ""arg0_dim1"": 11264, ""arg0_numel"": 46137344, ""arg0_dtype"": ""torch.float16"", ""arg0_dtype_size"": 2, ""arg0_dtype_cat"": 2, ""arg1_ndim"": 1, ""arg1_dim0"": 11264, ""arg1_numel"": 11264, ""arg1_dtype"": ""torch.float16"", ""arg1_dtype_size"": 2, ""arg1_dtype_cat"": 2, ""arg2_ndim"": 1, ""arg2_dim0"": 11264, ""arg2_numel"": 11264, ""arg2_dtype"": ""torch.float16"", ""arg2_dtype_size"": 2, ""arg2_dtype_cat"": 2}",0.055343059182812925
layer_norm,048c7f61d5470389,43acbd1ca50d4ca3,"{""block_sizes"": [1], ""reduction_loops"": [null], ""range_unroll_factors"": [0], ""range_warp_specializes"": [null], ""range_num_stages"": [0], ""range_multi_buffers"": [null], ""range_flattens"": [null], ""load_eviction_policies"": [""first"", """", """", ""first"", """", ""last"", ""first"", """"], ""num_warps"": 8, ""num_stages"": 4, ""indexing"": [""pointer"", ""tensor_descriptor"", ""pointer"", ""pointer"", ""pointer"", ""pointer"", ""tensor_descriptor"", ""pointer"", ""tensor_descriptor"", ""tensor_descriptor""], ""atomic_indexing"": [], ""pid_type"": ""flat""}","{""arg0_ndim"": 2, ""arg0_dim0"": 4096, ""arg0_dim1"": 11264, ""arg0_numel"": 46137344, ""arg0_dtype"": ""torch.float16"", ""arg0_dtype_size"": 2, ""arg0_dtype_cat"": 2, ""arg1_ndim"": 1, ""arg1_dim0"": 11264, ""arg1_numel"": 11264, ""arg1_dtype"": ""torch.float16"", ""arg1_dtype_size"": 2, ""arg1_dtype_cat"": 2, ""arg2_ndim"": 1, ""arg2_dim0"": 11264, ""arg2_numel"": 11264, ""arg2_dtype"": ""torch.float16"", ""arg2_dtype_size"": 2, ""arg2_dtype_cat"": 2}",0.05957654836902628
layer_norm,048c7f61d5470389,869c54e4b955a8c6,"{""block_sizes"": [1], ""reduction_loops"": [2048], ""range_unroll_factors"": [0], ""range_warp_specializes"": [null], ""range_num_stages"": [0], ""range_multi_buffers"": [null], ""range_flattens"": [null], ""load_eviction_policies"": [""last"", """", ""first"", """", """", ""last"", """", ""last""], ""num_warps"": 8, ""num_stages"": 4, ""indexing"": [""tensor_descriptor"", ""pointer"", ""pointer"", ""tensor_descriptor"", ""pointer"", ""tensor_descriptor"", ""pointer"", ""pointer"", ""tensor_descriptor"", ""tensor_descriptor""], ""atomic_indexing"": [], ""pid_type"": ""flat""}","{""arg0_ndim"": 2, ""arg0_dim0"": 4096, ""arg0_dim1"": 11264, ""arg0_numel"": 46137344, ""arg0_dtype"": ""torch.float16"", ""arg0_dtype_size"": 2, ""arg0_dtype_cat"": 2, ""arg1_ndim"": 1, ""arg1_dim0"": 11264, ""arg1_numel"": 11264, ""arg1_dtype"": ""torch.float16"", ""arg1_dtype_size"": 2, ""arg1_dtype_cat"": 2, ""arg2_ndim"": 1, ""arg2_dim0"": 11264, ""arg2_numel"": 11264, ""arg2_dtype"": ""torch.float16"", ""arg2_dtype_size"": 2, ""arg2_dtype_cat"": 2}",0.046439199719519875
layer_norm,a8896b4052c364e8,178e7391546ae2da,"{""block_sizes"": [1], ""reduction_loops"": [null], ""range_unroll_factors"": [0], ""range_warp_specializes"": [null], ""range_num_stages"": [0], ""range_multi_buffers"": [null], ""range_flattens"": [null], ""load_eviction_policies"": [""first"", """", ""last"", """", ""last"", ""last"", ""last"", """"], ""num_warps"": 4, ""num_stages"": 7, ""indexing"": [""pointer"", ""pointer"", ""tensor_descriptor"", ""pointer"", ""tensor_descriptor"", ""pointer"", ""tensor_descriptor"", ""pointer"", ""pointer"", ""pointer""], ""atomic_indexing"": [], ""pid_type"": ""flat""}","{""arg0_ndim"": 2, ""arg0_dim0"": 4096, ""arg0_dim1"": 11776, ""arg0_numel"": 48234496, ""arg0_dtype"": ""torch.float16"", ""arg0_dtype_size"": 2, ""arg0_dtype_cat"": 2, ""arg1_ndim"": 1, ""arg1_dim0"": 11776, ""arg1_numel"": 11776, ""arg1_dtype"": ""torch.float16"", ""arg1_dtype_size"": 2, ""arg1_dtype_cat"": 2, ""arg2_ndim"": 1, ""arg2_dim0"": 11776, ""arg2_numel"": 11776, ""arg2_dtype"": ""torch.float16"", ""arg2_dtype_size"": 2, ""arg2_dtype_cat"": 2}",0.07092235036570271
layer_norm,a8896b4052c364e8,decf2056869ee2b5,"{""block_sizes"": [1], ""reduction_loops"": [1024], ""range_unroll_factors"": [0], ""range_warp_specializes"": [null], ""range_num_stages"": [0], ""range_multi_buffers"": [null], ""range_flattens"": [null], ""load_eviction_policies"": ["""", ""last"", ""first"", """", ""last"", ""first"", ""last"", ""last""], ""num_warps"": 1, ""num_stages"": 2, ""indexing"": [""pointer"", ""tensor_descriptor"", ""pointer"", ""tensor_descriptor"", ""tensor_descriptor"", ""pointer"", ""pointer"", ""pointer"", ""tensor_descriptor"", ""pointer""], ""atomic_indexing"": [], ""pid_type"": ""flat""}","{""arg0_ndim"": 2, ""arg0_dim0"": 4096, ""arg0_dim1"": 11776, ""arg0_numel"": 48234496, ""arg0_dtype"": ""torch.float16"", ""arg0_dtype_size"": 2, ""arg0_dtype_cat"": 2, ""arg1_ndim"": 1, ""arg1_dim0"": 11776, ""arg1_numel"": 11776, ""arg1_dtype"": ""torch.float16"", ""arg1_dtype_size"": 2, ""arg1_dtype_cat"": 2, ""arg2_ndim"": 1, ""arg2_dim0"": 11776, ""arg2_numel"": 11776, ""arg2_dtype"": ""torch.float16"", ""arg2_dtype_size"": 2, ""arg2_dtype_cat"": 2}",0.059630453895714856
layer_norm,a8896b4052c364e8,43acbd1ca50d4ca3,"{""block_sizes"": [1], ""reduction_loops"": [null], ""range_unroll_factors"": [0], ""range_warp_specializes"": [null], ""range_num_stages"": [0], ""range_multi_buffers"": [null], ""range_flattens"": [null], ""load_eviction_policies"": [""first"", """", """", ""first"", """", ""last"", ""first"", """"], ""num_warps"": 8, ""num_stages"": 4, ""indexing"": [""pointer"", ""tensor_descriptor"", ""pointer"", ""pointer"", ""pointer"", ""pointer"", ""tensor_descriptor"", ""pointer"", ""tensor_descriptor"", ""tensor_descriptor""], ""atomic_indexing"": [], ""pid_type"": ""flat""}","{""arg0_ndim"": 2, ""arg0_dim0"": 4096, ""arg0_dim1"": 11776, ""arg0_numel"": 48234496, ""arg0_dtype"": ""torch.float16"", ""arg0_dtype_size"": 2, ""arg0_dtype_cat"": 2, ""arg1_ndim"": 1, ""arg1_dim0"": 11776, ""arg1_numel"": 11776, ""arg1_dtype"": ""torch.float16"", ""arg1_dtype_size"": 2, ""arg1_dtype_cat"": 2, ""arg2_ndim"": 1, ""arg2_dim0"": 11776, ""arg2_numel"": 11776, ""arg2_dtype"": ""torch.float16"", ""arg2_dtype_size"": 2, ""arg2_dtype_cat"": 2}",0.06152927492552533
layer_norm,a8896b4052c364e8,869c54e4b955a8c6,"{""block_sizes"": [1], ""reduction_loops"": [2048], ""range_unroll_factors"": [0], ""range_warp_specializes"": [null], ""range_num_stages"": [0], ""range_multi_buffers"": [null], ""range_flattens"": [null], ""load_eviction_policies"": [""last"", """", ""first"", """", """", ""last"", """", ""last""], ""num_warps"": 8, ""num_stages"": 4, ""indexing"": [""tensor_descriptor"", ""pointer"", ""pointer"", ""tensor_descriptor"", ""pointer"", ""tensor_descriptor"", ""pointer"", ""pointer"", ""tensor_descriptor"", ""tensor_descriptor""], ""atomic_indexing"": [], ""pid_type"": ""flat""}","{""arg0_ndim"": 2, ""arg0_dim0"": 4096, ""arg0_dim1"": 11776, ""arg0_numel"": 48234496, ""arg0_dtype"": ""torch.float16"", ""arg0_dtype_size"": 2, ""arg0_dtype_cat"": 2, ""arg1_ndim"": 1, ""arg1_dim0"": 11776, ""arg1_numel"": 11776, ""arg1_dtype"": ""torch.float16"", ""arg1_dtype_size"": 2, ""arg1_dtype_cat"": 2, ""arg2_ndim"": 1, ""arg2_dim0"": 11776, ""arg2_numel"": 11776, ""arg2_dtype"": ""torch.float16"", ""arg2_dtype_size"": 2, ""arg2_dtype_cat"": 2}",0.047095750004025674
layer_norm,c382bfaa9e60ddfe,178e7391546ae2da,"{""block_sizes"": [1], ""reduction_loops"": [null], ""range_unroll_factors"": [0], ""range_warp_specializes"": [null], ""range_num_stages"": [0], ""range_multi_buffers"": [null], ""range_flattens"": [null], ""load_eviction_policies"": [""first"", """", ""last"", """", ""last"", ""last"", ""last"", """"], ""num_warps"": 4, ""num_stages"": 7, ""indexing"": [""pointer"", ""pointer"", ""tensor_descriptor"", ""pointer"", ""tensor_descriptor"", ""pointer"", ""tensor_descriptor"", ""pointer"", ""pointer"", ""pointer""], ""atomic_indexing"": [], ""pid_type"": ""flat""}","{""arg0_ndim"": 2, ""arg0_dim0"": 4096, ""arg0_dim1"": 12288, ""arg0_numel"": 50331648, ""arg0_dtype"": ""torch.float16"", ""arg0_dtype_size"": 2, ""arg0_dtype_cat"": 2, ""arg1_ndim"": 1, ""arg1_dim0"": 12288, ""arg1_numel"": 12288, ""arg1_dtype"": ""torch.float16"", ""arg1_dtype_size"": 2, ""arg1_dtype_cat"": 2, ""arg2_ndim"": 1, ""arg2_dim0"": 12288, ""arg2_numel"": 12288, ""arg2_dtype"": ""torch.float16"", ""arg2_dtype_size"": 2, ""arg2_dtype_cat"": 2}",0.07152055815155785
layer_norm,c382bfaa9e60ddfe,decf2056869ee2b5,"{""block_sizes"": [1], ""reduction_loops"": [1024], ""range_unroll_factors"": [0], ""range_warp_specializes"": [null], ""range_num_stages"": [0], ""range_multi_buffers"": [null], ""range_flattens"": [null], ""load_eviction_policies"": ["""", ""last"", ""first"", """", ""last"", ""first"", ""last"", ""last""], ""num_warps"": 1, ""num_stages"": 2, ""indexing"": [""pointer"", ""tensor_descriptor"", ""pointer"", ""tensor_descriptor"", ""tensor_descriptor"", ""pointer"", ""pointer"", ""pointer"", ""tensor_descriptor"", ""pointer""], ""atomic_indexing"": [], ""pid_type"": ""flat""}","{""arg0_ndim"": 2, ""arg0_dim0"": 4096, ""arg0_dim1"": 12288, ""arg0_numel"": 50331648, ""arg0_dtype"": ""torch.float16"", ""arg0_dtype_size"": 2, ""arg0_dtype_cat"": 2, ""arg1_ndim"": 1, ""arg1_dim0"": 12288, ""arg1_numel"": 12288, ""arg1_dtype"": ""torch.float16"", ""arg1_dtype_size"": 2, ""arg1_dtype_cat"": 2, ""arg2_ndim"": 1, ""arg2_dim0"": 12288, ""arg2_numel"": 12288, ""arg2_dtype"": ""torch.float16"", ""arg2_dtype_size"": 2, ""arg2_dtype_cat"": 2}",0.06154097994364528
layer_norm,c382bfaa9e60ddfe,43acbd1ca50d4ca3,"{""block_sizes"": [1], ""reduction_loops"": [null], ""range_unroll_factors"": [0], ""range_warp_specializes"": [null], ""range_num_stages"": [0], ""range_multi_buffers"": [null], ""range_flattens"": [null], ""load_eviction_policies"": [""first"", """", """", ""first"", """", ""last"", ""first"", """"], ""num_warps"": 8, ""num_stages"": 4, ""indexing"": [""pointer"", ""tensor_descriptor"", ""pointer"", ""pointer"", ""pointer"", ""pointer"", ""tensor_descriptor"", ""pointer"", ""tensor_descriptor"", ""tensor_descriptor""], ""atomic_indexing"": [], ""pid_type"": ""flat""}","{""arg0_ndim"": 2, ""arg0_dim0"": 4096, ""arg0_dim1"": 12288, ""arg0_numel"": 50331648, ""arg0_dtype"": ""torch.float16"", ""arg0_dtype_size"": 2, ""arg0_dtype_cat"": 2, ""arg1_ndim"": 1, ""arg1_dim0"": 12288, ""arg1_numel"": 12288, ""arg1_dtype"": ""torch.float16"", ""arg1_dtype_size"": 2, ""arg1_dtype_cat"": 2, ""arg2_ndim"": 1, ""arg2_dim0"": 12288, ""arg2_numel"": 12288, ""arg2_dtype"": ""torch.float16"", ""arg2_dtype_size"": 2, ""arg2_dtype_cat"": 2}",0.06182560763336758
layer_norm,c382bfaa9e60ddfe,869c54e4b955a8c6,"{""block_sizes"": [1], ""reduction_loops"": [2048], ""range_unroll_factors"": [0], ""range_warp_specializes"": [null], ""range_num_stages"": [0], ""range_multi_buffers"": [null], ""range_flattens"": [null], ""load_eviction_policies"": [""last"", """", ""first"", """", """", ""last"", """", ""last""], ""num_warps"": 8, ""num_stages"": 4, ""indexing"": [""tensor_descriptor"", ""pointer"", ""pointer"", ""tensor_descriptor"", ""pointer"", ""tensor_descriptor"", ""pointer"", ""pointer"", ""tensor_descriptor"", ""tensor_descriptor""], ""atomic_indexing"": [], ""pid_type"": ""flat""}","{""arg0_ndim"": 2, ""arg0_dim0"": 4096, ""arg0_dim1"": 12288, ""arg0_numel"": 50331648, ""arg0_dtype"": ""torch.float16"", ""arg0_dtype_size"": 2, ""arg0_dtype_cat"": 2, ""arg1_ndim"": 1, ""arg1_dim0"": 12288, ""arg1_numel"": 12288, ""arg1_dtype"": ""torch.float16"", ""arg1_dtype_size"": 2, ""arg1_dtype_cat"": 2, ""arg2_ndim"": 1, ""arg2_dim0"": 12288, ""arg2_numel"": 12288, ""arg2_dtype"": ""torch.float16"", ""arg2_dtype_size"": 2, ""arg2_dtype_cat"": 2}",0.047159830882527315
layer_norm,031145e8287a4b4d,178e7391546ae2da,"{""block_sizes"": [1], ""reduction_loops"": [null], ""range_unroll_factors"": [0], ""range_warp_specializes"": [null], ""range_num_stages"": [0], ""range_multi_buffers"": [null], ""range_flattens"": [null], ""load_eviction_policies"": [""first"", """", ""last"", """", ""last"", ""last"", ""last"", """"], ""num_warps"": 4, ""num_stages"": 7, ""indexing"": [""pointer"", ""pointer"", ""tensor_descriptor"", ""pointer"", ""tensor_descriptor"", ""pointer"", ""tensor_descriptor"", ""pointer"", ""pointer"", ""pointer""], ""atomic_indexing"": [], ""pid_type"": ""flat""}","{""arg0_ndim"": 2, ""arg0_dim0"": 4096, ""arg0_dim1"": 12800, ""arg0_numel"": 52428800, ""arg0_dtype"": ""torch.float16"", ""arg0_dtype_size"": 2, ""arg0_dtype_cat"": 2, ""arg1_ndim"": 1, ""arg1_dim0"": 12800, ""arg1_numel"": 12800, ""arg1_dtype"": ""torch.float16"", ""arg1_dtype_size"": 2, ""arg1_dtype_cat"": 2, ""arg2_ndim"": 1, ""arg2_dim0"": 12800, ""arg2_numel"": 12800, ""arg2_dtype"": ""torch.float16"", ""arg2_dtype_size"": 2, ""arg2_dtype_cat"": 2}",0.07257383570712139
layer_norm,031145e8287a4b4d,decf2056869ee2b5,"{""block_sizes"": [1], ""reduction_loops"": [1024], ""range_unroll_factors"": [0], ""range_warp_specializes"": [null], ""range_num_stages"": [0], ""range_multi_buffers"": [null], ""range_flattens"": [null], ""load_eviction_policies"": ["""", ""last"", ""first"", """", ""last"", ""first"", ""last"", ""last""], ""num_warps"": 1, ""num_stages"": 2, ""indexing"": [""pointer"", ""tensor_descriptor"", ""pointer"", ""tensor_descriptor"", ""tensor_descriptor"", ""pointer"", ""pointer"", ""pointer"", ""tensor_descriptor"", ""pointer""], ""atomic_indexing"": [], ""pid_type"": ""flat""}","{""arg0_ndim"": 2, ""arg0_dim0"": 4096, ""arg0_dim1"": 12800, ""arg0_numel"": 52428800, ""arg0_dtype"": ""torch.float16"", ""arg0_dtype_size"": 2, ""arg0_dtype_cat"": 2, ""arg1_ndim"": 1, ""arg1_dim0"": 12800, ""arg1_numel"": 12800, ""arg1_dtype"": ""torch.float16"", ""arg1_dtype_size"": 2, ""arg1_dtype_cat"": 2, ""arg2_ndim"": 1, ""arg2_dim0"": 12800, ""arg2_numel"": 12800, ""arg2_dtype"": ""torch.float16"", ""arg2_dtype_size"": 2, ""arg2_dtype_cat"": 2}",0.06552603346885112
layer_norm,031145e8287a4b4d,43acbd1ca50d4ca3,"{""block_sizes"": [1], ""reduction_loops"": [null], ""range_unroll_factors"": [0], ""range_warp_specializes"": [null], ""range_num_stages"": [0], ""range_multi_buffers"": [null], ""range_flattens"": [null], ""load_eviction_policies"": [""first"", """", """", ""first"", """", ""last"", ""first"", """"], ""num_warps"": 8, ""num_stages"": 4, ""indexing"": [""pointer"", ""tensor_descriptor"", ""pointer"", ""pointer"", ""pointer"", ""pointer"", ""tensor_descriptor"", ""pointer"", ""tensor_descriptor"", ""tensor_descriptor""], ""atomic_indexing"": [], ""pid_type"": ""flat""}","{""arg0_ndim"": 2, ""arg0_dim0"": 4096, ""arg0_dim1"": 12800, ""arg0_numel"": 52428800, ""arg0_dtype"": ""torch.float16"", ""arg0_dtype_size"": 2, ""arg0_dtype_cat"": 2, ""arg1_ndim"": 1, ""arg1_dim0"": 12800, ""arg1_numel"": 12800, ""arg1_dtype"": ""torch.float16"", ""arg1_dtype_size"": 2, ""arg1_dtype_cat"": 2, ""arg2_ndim"": 1, ""arg2_dim0"": 12800, ""arg2_numel"": 12800, ""arg2_dtype"": ""torch.float16"", ""arg2_dtype_size"": 2, ""arg2_dtype_cat"": 2}",0.06375848540375309
layer_norm,031145e8287a4b4d,869c54e4b955a8c6,"{""block_sizes"": [1], ""reduction_loops"": [2048], ""range_unroll_factors"": [0], ""range_warp_specializes"": [null], ""range_num_stages"": [0], ""range_multi_buffers"": [null], ""range_flattens"": [null], ""load_eviction_policies"": [""last"", """", ""first"", """", """", ""last"", """", ""last""], ""num_warps"": 8, ""num_stages"": 4, ""indexing"": [""tensor_descriptor"", ""pointer"", ""pointer"", ""tensor_descriptor"", ""pointer"", ""tensor_descriptor"", ""pointer"", ""pointer"", ""tensor_descriptor"", ""tensor_descriptor""], ""atomic_indexing"": [], ""pid_type"": ""flat""}","{""arg0_ndim"": 2, ""arg0_dim0"": 4096, ""arg0_dim1"": 12800, ""arg0_numel"": 52428800, ""arg0_dtype"": ""torch.float16"", ""arg0_dtype_size"": 2, ""arg0_dtype_cat"": 2, ""arg1_ndim"": 1, ""arg1_dim0"": 12800, ""arg1_numel"": 12800, ""arg1_dtype"": ""torch.float16"", ""arg1_dtype_size"": 2, ""arg1_dtype_cat"": 2, ""arg2_ndim"": 1, ""arg2_dim0"": 12800, ""arg2_numel"": 12800, ""arg2_dtype"": ""torch.float16"", ""arg2_dtype_size"": 2, ""arg2_dtype_cat"": 2}",0.05162474059401064
layer_norm,3190fb5e30e5e79c,178e7391546ae2da,"{""block_sizes"": [1], ""reduction_loops"": [null], ""range_unroll_factors"": [0], ""range_warp_specializes"": [null], ""range_num_stages"": [0], ""range_multi_buffers"": [null], ""range_flattens"": [null], ""load_eviction_policies"": [""first"", """", ""last"", """", ""last"", ""last"", ""last"", """"], ""num_warps"": 4, ""num_stages"": 7, ""indexing"": [""pointer"", ""pointer"", ""tensor_descriptor"", ""pointer"", ""tensor_descriptor"", ""pointer"", ""tensor_descriptor"", ""pointer"", ""pointer"", ""pointer""], ""atomic_indexing"": [], ""pid_type"": ""flat""}","{""arg0_ndim"": 2, ""arg0_dim0"": 4096, ""arg0_dim1"": 13312, ""arg0_numel"": 54525952, ""arg0_dtype"": ""torch.float16"", ""arg0_dtype_size"": 2, ""arg0_dtype_cat"": 2, ""arg1_ndim"": 1, ""arg1_dim0"": 13312, ""arg1_numel"": 13312, ""arg1_dtype"": ""torch.float16"", ""arg1_dtype_size"": 2, ""arg1_dtype_cat"": 2, ""arg2_ndim"": 1, ""arg2_dim0"": 13312, ""arg2_numel"": 13312, ""arg2_dtype"": ""torch.float16"", ""arg2_dtype_size"": 2, ""arg2_dtype_cat"": 2}",0.07372247149748228
layer_norm,3190fb5e30e5e79c,decf2056869ee2b5,"{""block_sizes"": [1], ""reduction_loops"": [1024], ""range_unroll_factors"": [0], ""range_warp_specializes"": [null], ""range_num_stages"": [0], ""range_multi_buffers"": [null], ""range_flattens"": [null], ""load_eviction_policies"": ["""", ""last"", ""first"", """", ""last"", ""first"", ""last"", ""last""], ""num_warps"": 1, ""num_stages"": 2, ""indexing"": [""pointer"", ""tensor_descriptor"", ""pointer"", ""tensor_descriptor"", ""tensor_descriptor"", ""pointer"", ""pointer"", ""pointer"", ""tensor_descriptor"", ""pointer""], ""atomic_indexing"": [], ""pid_type"": ""flat""}","{""arg0_ndim"": 2, ""arg0_dim0"": 4096, ""arg0_dim1"": 13312, ""arg0_numel"": 54525952, ""arg0_dtype"": ""torch.float16"", ""arg0_dtype_size"": 2, ""arg0_dtype_cat"": 2, ""arg1_ndim"": 1, ""arg1_dim0"": 13312, ""arg1_numel"": 13312, ""arg1_dtype"": ""torch.float16"", ""arg1_dtype_size"": 2, ""arg1_dtype_cat"": 2, ""arg2_ndim"": 1, ""arg2_dim0"": 13312, ""arg2_numel"": 13312, ""arg2_dtype"": ""torch.float16"", ""arg2_dtype_size"": 2, ""arg2_dtype_cat"": 2}",0.06719517388989805
layer_norm,3190fb5e30e5e79c,43acbd1ca50d4ca3,"{""block_sizes"": [1], ""reduction_loops"": [null], ""range_unroll_factors"": [0], ""range_warp_specializes"": [null], ""range_num_stages"": [0], ""range_multi_buffers"": [null], ""range_flattens"": [null], ""load_eviction_policies"": [""first"", """", """", ""first"", """", ""last"", ""first"", """"], ""num_warps"": 8, ""num_stages"": 4, ""indexing"": [""pointer"", ""tensor_descriptor"", ""pointer"", ""pointer"", ""pointer"", ""pointer"", ""tensor_descriptor"", ""pointer"", ""tensor_descriptor"", ""tensor_descriptor""], ""atomic_indexing"": [], ""pid_type"": ""flat""}","{""arg0_ndim"": 2, ""arg0_dim0"": 4096, ""arg0_dim1"": 13312, ""arg0_numel"": 54525952, ""arg0_dtype"": ""torch.float16"", ""arg0_dtype_size"": 2, ""arg0_dtype_cat"": 2, ""arg1_ndim"": 1, ""arg1_dim0"": 13312, ""arg1_numel"": 13312, ""arg1_dtype"": ""torch.float16"", ""arg1_dtype_size"": 2, ""arg1_dtype_cat"": 2, ""arg2_ndim"": 1, ""arg2_dim0"": 13312, ""arg2_numel"": 13312, ""arg2_dtype"": ""torch.float16"", ""arg2_dtype_size"": 2, ""arg2_dtype_cat"": 2}",0.06432430593692239
layer_norm,3190fb5e30e5e79c,869c54e4b955a8c6,"{""block_sizes"": [1], ""reduction_loops"": [2048], ""range_unroll_factors"": [0], ""range_warp_specializes"": [null], ""range_num_stages"": [0], ""range_multi_buffers"": [null], ""range_flattens"": [null], ""load_eviction_policies"": [""last"", """", ""first"", """", """", ""last"", """", ""last""], ""num_warps"": 8, ""num_stages"": 4, ""indexing"": [""tensor_descriptor"", ""pointer"", ""pointer"", ""tensor_descriptor"", ""pointer"", ""tensor_descriptor"", ""pointer"", ""pointer"", ""tensor_descriptor"", ""tensor_descriptor""], ""atomic_indexing"": [], ""pid_type"": ""flat""}","{""arg0_ndim"": 2, ""arg0_dim0"": 4096, ""arg0_dim1"": 13312, ""arg0_numel"": 54525952, ""arg0_dtype"": ""torch.float16"", ""arg0_dtype_size"": 2, ""arg0_dtype_cat"": 2, ""arg1_ndim"": 1, ""arg1_dim0"": 13312, ""arg1_numel"": 13312, ""arg1_dtype"": ""torch.float16"", ""arg1_dtype_size"": 2, ""arg1_dtype_cat"": 2, ""arg2_ndim"": 1, ""arg2_dim0"": 13312, ""arg2_numel"": 13312, ""arg2_dtype"": ""torch.float16"", ""arg2_dtype_size"": 2, ""arg2_dtype_cat"": 2}",0.05325917129200944
layer_norm,5d7b9ec06482ca12,178e7391546ae2da,"{""block_sizes"": [1], ""reduction_loops"": [null], ""range_unroll_factors"": [0], ""range_warp_specializes"": [null], ""range_num_stages"": [0], ""range_multi_buffers"": [null], ""range_flattens"": [null], ""load_eviction_policies"": [""first"", """", ""last"", """", ""last"", ""last"", ""last"", """"], ""num_warps"": 4, ""num_stages"": 7, ""indexing"": [""pointer"", ""pointer"", ""tensor_descriptor"", ""pointer"", ""tensor_descriptor"", ""pointer"", ""tensor_descriptor"", ""pointer"", ""pointer"", ""pointer""], ""atomic_indexing"": [], ""pid_type"": ""flat""}","{""arg0_ndim"": 2, ""arg0_dim0"": 4096, ""arg0_dim1"": 13824, ""arg0_numel"": 56623104, ""arg0_dtype"": ""torch.float16"", ""arg0_dtype_size"": 2, ""arg0_dtype_cat"": 2, ""arg1_ndim"": 1, ""arg1_dim0"": 13824, ""arg1_numel"": 13824, ""arg1_dtype"": ""torch.float16"", ""arg1_dtype_size"": 2, ""arg1_dtype_cat"": 2, ""arg2_ndim"": 1, ""arg2_dim0"": 13824, ""arg2_numel"": 13824, ""arg2_dtype"": ""torch.float16"", ""arg2_dtype_size"": 2, ""arg2_dtype_cat"": 2}",0.07494258531257866
layer_norm,5d7b9ec06482ca12,decf2056869ee2b5,"{""block_sizes"": [1], ""reduction_loops"": [1024], ""range_unroll_factors"": [0], ""range_warp_specializes"": [null], ""range_num_stages"": [0], ""range_multi_buffers"": [null], ""range_flattens"": [null], ""load_eviction_policies"": ["""", ""last"", ""first"", """", ""last"", ""first"", ""last"", ""last""], ""num_warps"": 1, ""num_stages"": 2, ""indexing"": [""pointer"", ""tensor_descriptor"", ""pointer"", ""tensor_descriptor"", ""tensor_descriptor"", ""pointer"", ""pointer"", ""pointer"", ""tensor_descriptor"", ""pointer""], ""atomic_indexing"": [], ""pid_type"": ""flat""}","{""arg0_ndim"": 2, ""arg0_dim0"": 4096, ""arg0_dim1"": 13824, ""arg0_numel"": 56623104, ""arg0_dtype"": ""torch.float16"", ""arg0_dtype_size"": 2, ""arg0_dtype_cat"": 2, ""arg1_ndim"": 1, ""arg1_dim0"": 13824, ""arg1_numel"": 13824, ""arg1_dtype"": ""torch.float16"", ""arg1_dtype_size"": 2, ""arg1_dtype_cat"": 2, ""arg2_ndim"": 1, ""arg2_dim0"": 13824, ""arg2_numel"": 13824, ""arg2_dtype"": ""torch.float16"", ""arg2_dtype_size"": 2, ""arg2_dtype_cat"": 2}",0.07076947620738218
layer_norm,5d7b9ec06482ca12,43acbd1ca50d4ca3,"{""block_sizes"": [1], ""reduction_loops"": [null], ""range_unroll_factors"": [0], ""range_warp_specializes"": [null], ""range_num_stages"": [0], ""range_multi_buffers"": [null], ""range_flattens"": [null], ""load_eviction_policies"": [""first"", """", """", ""first"", """", ""last"", ""first"", """"], ""num_warps"": 8, ""num_stages"": 4, ""indexing"": [""pointer"", ""tensor_descriptor"", ""pointer"", ""pointer"", ""pointer"", ""pointer"", ""tensor_descriptor"", ""pointer"", ""tensor_descriptor"", ""tensor_descriptor""], ""atomic_indexing"": [], ""pid_type"": ""flat""}","{""arg0_ndim"": 2, ""arg0_dim0"": 4096, ""arg0_dim1"": 13824, ""arg0_numel"": 56623104, ""arg0_dtype"": ""torch.float16"", ""arg0_dtype_size"": 2, ""arg0_dtype_cat"": 2, ""arg1_ndim"": 1, ""arg1_dim0"": 13824, ""arg1_numel"": 13824, ""arg1_dtype"": ""torch.float16"", ""arg1_dtype_size"": 2, ""arg1_dtype_cat"": 2, ""arg2_ndim"": 1, ""arg2_dim0"": 13824, ""arg2_numel"": 13824, ""arg2_dtype"": ""torch.float16"", ""arg2_dtype_size"": 2, ""arg2_dtype_cat"": 2}",0.067013199182491
layer_norm,5d7b9ec06482ca12,869c54e4b955a8c6,"{""block_sizes"": [1], ""reduction_loops"": [2048], ""range_unroll_factors"": [0], ""range_warp_specializes"": [null], ""range_num_stages"": [0], ""range_multi_buffers"": [null], ""range_flattens"": [null], ""load_eviction_policies"": [""last"", """", ""first"", """", """", ""last"", """", ""last""], ""num_warps"": 8, ""num_stages"": 4, ""indexing"": [""tensor_descriptor"", ""pointer"", ""pointer"", ""tensor_descriptor"", ""pointer"", ""tensor_descriptor"", ""pointer"", ""pointer"", ""tensor_descriptor"", ""tensor_descriptor""], ""atomic_indexing"": [], ""pid_type"": ""flat""}","{""arg0_ndim"": 2, ""arg0_dim0"": 4096, ""arg0_dim1"": 13824, ""arg0_numel"": 56623104, ""arg0_dtype"": ""torch.float16"", ""arg0_dtype_size"": 2, ""arg0_dtype_cat"": 2, ""arg1_ndim"": 1, ""arg1_dim0"": 13824, ""arg1_numel"": 13824, ""arg1_dtype"": ""torch.float16"", ""arg1_dtype_size"": 2, ""arg1_dtype_cat"": 2, ""arg2_ndim"": 1, ""arg2_dim0"": 13824, ""arg2_numel"": 13824, ""arg2_dtype"": ""torch.float16"", ""arg2_dtype_size"": 2, ""arg2_dtype_cat"": 2}",0.05354025589274655
layer_norm,0ffdde8ebdf8ea99,178e7391546ae2da,"{""block_sizes"": [1], ""reduction_loops"": [null], ""range_unroll_factors"": [0], ""range_warp_specializes"": [null], ""range_num_stages"": [0], ""range_multi_buffers"": [null], ""range_flattens"": [null], ""load_eviction_policies"": [""first"", """", ""last"", """", ""last"", ""last"", ""last"", """"], ""num_warps"": 4, ""num_stages"": 7, ""indexing"": [""pointer"", ""pointer"", ""tensor_descriptor"", ""pointer"", ""tensor_descriptor"", ""pointer"", ""tensor_descriptor"", ""pointer"", ""pointer"", ""pointer""], ""atomic_indexing"": [], ""pid_type"": ""flat""}","{""arg0_ndim"": 2, ""arg0_dim0"": 4096, ""arg0_dim1"": 14336, ""arg0_numel"": 58720256, ""arg0_dtype"": ""torch.float16"", ""arg0_dtype_size"": 2, ""arg0_dtype_cat"": 2, ""arg1_ndim"": 1, ""arg1_dim0"": 14336, ""arg1_numel"": 14336, ""arg1_dtype"": ""torch.float16"", ""arg1_dtype_size"": 2, ""arg1_dtype_cat"": 2, ""arg2_ndim"": 1, ""arg2_dim0"": 14336, ""arg2_numel"": 14336, ""arg2_dtype"": ""torch.float16"", ""arg2_dtype_size"": 2, ""arg2_dtype_cat"": 2}",0.07569465050019776
layer_norm,0ffdde8ebdf8ea99,decf2056869ee2b5,"{""block_sizes"": [1], ""reduction_loops"": [1024], ""range_unroll_factors"": [0], ""range_warp_specializes"": [null], ""range_num_stages"": [0], ""range_multi_buffers"": [null], ""range_flattens"": [null], ""load_eviction_policies"": ["""", ""last"", ""first"", """", ""last"", ""first"", ""last"", ""last""], ""num_warps"": 1, ""num_stages"": 2, ""indexing"": [""pointer"", ""tensor_descriptor"", ""pointer"", ""tensor_descriptor"", ""tensor_descriptor"", ""pointer"", ""pointer"", ""pointer"", ""tensor_descriptor"", ""pointer""], ""atomic_indexing"": [], ""pid_type"": ""flat""}","{""arg0_ndim"": 2, ""arg0_dim0"": 4096, ""arg0_dim1"": 14336, ""arg0_numel"": 58720256, ""arg0_dtype"": ""torch.float16"", ""arg0_dtype_size"": 2, ""arg0_dtype_cat"": 2, ""arg1_ndim"": 1, ""arg1_dim0"": 14336, ""arg1_numel"": 14336, ""arg1_dtype"": ""torch.float16"", ""arg1_dtype_size"": 2, ""arg1_dtype_cat"": 2, ""arg2_ndim"": 1, ""arg2_dim0"": 14336, ""arg2_numel"": 14336, ""arg2_dtype"": ""torch.float16"", ""arg2_dtype_size"": 2, ""arg2_dtype_cat"": 2}",0.0726239278446883
layer_norm,0ffdde8ebdf8ea99,43acbd1ca50d4ca3,"{""block_sizes"": [1], ""reduction_loops"": [null], ""range_unroll_factors"": [0], ""range_warp_specializes"": [null], ""range_num_stages"": [0], ""range_multi_buffers"": [null], ""range_flattens"": [null], ""load_eviction_policies"": [""first"", """", """", ""first"", """", ""last"", ""first"", """"], ""num_warps"": 8, ""num_stages"": 4, ""indexing"": [""pointer"", ""tensor_descriptor"", ""pointer"", ""pointer"", ""pointer"", ""pointer"", ""tensor_descriptor"", ""pointer"", ""tensor_descriptor"", ""tensor_descriptor""], ""atomic_indexing"": [], ""pid_type"": ""flat""}","{""arg0_ndim"": 2, ""arg0_dim0"": 4096, ""arg0_dim1"": 14336, ""arg0_numel"": 58720256, ""arg0_dtype"": ""torch.float16"", ""arg0_dtype_size"": 2, ""arg0_dtype_cat"": 2, ""arg1_ndim"": 1, ""arg1_dim0"": 14336, ""arg1_numel"": 14336, ""arg1_dtype"": ""torch.float16"", ""arg1_dtype_size"": 2, ""arg1_dtype_cat"": 2, ""arg2_ndim"": 1, ""arg2_dim0"": 14336, ""arg2_numel"": 14336, ""arg2_dtype"": ""torch.float16"", ""arg2_dtype_size"": 2, ""arg2_dtype_cat"": 2}",0.06758300399820054
layer_norm,0ffdde8ebdf8ea99,869c54e4b955a8c6,"{""block_sizes"": [1], ""reduction_loops"": [2048], ""range_unroll_factors"": [0], ""range_warp_specializes"": [null], ""range_num_stages"": [0], ""range_multi_buffers"": [null], ""range_flattens"": [null], ""load_eviction_policies"": [""last"", """", ""first"", """", """", ""last"", """", ""last""], ""num_warps"": 8, ""num_stages"": 4, ""indexing"": [""tensor_descriptor"", ""pointer"", ""pointer"", ""tensor_descriptor"", ""pointer"", ""tensor_descriptor"", ""pointer"", ""pointer"", ""tensor_descriptor"", ""tensor_descriptor""], ""atomic_indexing"": [], ""pid_type"": ""flat""}","{""arg0_ndim"": 2, ""arg0_dim0"": 4096, ""arg0_dim1"": 14336, ""arg0_numel"": 58720256, ""arg0_dtype"": ""torch.float16"", ""arg0_dtype_size"": 2, ""arg0_dtype_cat"": 2, ""arg1_ndim"": 1, ""arg1_dim0"": 14336, ""arg1_numel"": 14336, ""arg1_dtype"": ""torch.float16"", ""arg1_dtype_size"": 2, ""arg1_dtype_cat"": 2, ""arg2_ndim"": 1, ""arg2_dim0"": 14336, ""arg2_numel"": 14336, ""arg2_dtype"": ""torch.float16"", ""arg2_dtype_size"": 2, ""arg2_dtype_cat"": 2}",0.055087441881210474
layer_norm,365699ba6f519c66,178e7391546ae2da,"{""block_sizes"": [1], ""reduction_loops"": [null], ""range_unroll_factors"": [0], ""range_warp_specializes"": [null], ""range_num_stages"": [0], ""range_multi_buffers"": [null], ""range_flattens"": [null], ""load_eviction_policies"": [""first"", """", ""last"", """", ""last"", ""last"", ""last"", """"], ""num_warps"": 4, ""num_stages"": 7, ""indexing"": [""pointer"", ""pointer"", ""tensor_descriptor"", ""pointer"", ""tensor_descriptor"", ""pointer"", ""tensor_descriptor"", ""pointer"", ""pointer"", ""pointer""], ""atomic_indexing"": [], ""pid_type"": ""flat""}","{""arg0_ndim"": 2, ""arg0_dim0"": 4096, ""arg0_dim1"": 14848, ""arg0_numel"": 60817408, ""arg0_dtype"": ""torch.float16"", ""arg0_dtype_size"": 2, ""arg0_dtype_cat"": 2, ""arg1_ndim"": 1, ""arg1_dim0"": 14848, ""arg1_numel"": 14848, ""arg1_dtype"": ""torch.float16"", ""arg1_dtype_size"": 2, ""arg1_dtype_cat"": 2, ""arg2_ndim"": 1, ""arg2_dim0"": 14848, ""arg2_numel"": 14848, ""arg2_dtype"": ""torch.float16"", ""arg2_dtype_size"": 2, ""arg2_dtype_cat"": 2}",0.07665927672242544
layer_norm,365699ba6f519c66,decf2056869ee2b5,"{""block_sizes"": [1], ""reduction_loops"": [1024], ""range_unroll_factors"": [0], ""range_warp_specializes"": [null], ""range_num_stages"": [0], ""range_multi_buffers"": [null], ""range_flattens"": [null], ""load_eviction_policies"": ["""", ""last"", ""first"", """", ""last"", ""first"", ""last"", ""last""], ""num_warps"": 1, ""num_stages"": 2, ""indexing"": [""pointer"", ""tensor_descriptor"", ""pointer"", ""tensor_descriptor"", ""tensor_descriptor"", ""pointer"", ""pointer"", ""pointer"", ""tensor_descriptor"", ""pointer""], ""atomic_indexing"": [], ""pid_type"": ""flat""}","{""arg0_ndim"": 2, ""arg0_dim0"": 4096, ""arg0_dim1"": 14848, ""arg0_numel"": 60817408, ""arg0_dtype"": ""torch.float16"", ""arg0_dtype_size"": 2, ""arg0_dtype_cat"": 2, ""arg1_ndim"": 1, ""arg1_dim0"": 14848, ""arg1_numel"": 14848, ""arg1_dtype"": ""torch.float16"", ""arg1_dtype_size"": 2, ""arg1_dtype_cat"": 2, ""arg2_ndim"": 1, ""arg2_dim0"": 14848, ""arg2_numel"": 14848, ""arg2_dtype"": ""torch.float16"", ""arg2_dtype_size"": 2, ""arg2_dtype_cat"": 2}",0.07699237993607919
layer_norm,365699ba6f519c66,43acbd1ca50d4ca3,"{""block_sizes"": [1], ""reduction_loops"": [null], ""range_unroll_factors"": [0], ""range_warp_specializes"": [null], ""range_num_stages"": [0], ""range_multi_buffers"": [null], ""range_flattens"": [null], ""load_eviction_policies"": [""first"", """", """", ""first"", """", ""last"", ""first"", """"], ""num_warps"": 8, ""num_stages"": 4, ""indexing"": [""pointer"", ""tensor_descriptor"", ""pointer"", ""pointer"", ""pointer"", ""pointer"", ""tensor_descriptor"", ""pointer"", ""tensor_descriptor"", ""tensor_descriptor""], ""atomic_indexing"": [], ""pid_type"": ""flat""}","{""arg0_ndim"": 2, ""arg0_dim0"": 4096, ""arg0_dim1"": 14848, ""arg0_numel"": 60817408, ""arg0_dtype"": ""torch.float16"", ""arg0_dtype_size"": 2, ""arg0_dtype_cat"": 2, ""arg1_ndim"": 1, ""arg1_dim0"": 14848, ""arg1_numel"": 14848, ""arg1_dtype"": ""torch.float16"", ""arg1_dtype_size"": 2, ""arg1_dtype_cat"": 2, ""arg2_ndim"": 1, ""arg2_dim0"": 14848, ""arg2_numel"": 14848, ""arg2_dtype"": ""torch.float16"", ""arg2_dtype_size"": 2, ""arg2_dtype_cat"": 2}",0.06961007614536707
layer_norm,365699ba6f519c66,869c54e4b955a8c6,"{""block_sizes"": [1], ""reduction_loops"": [2048], ""range_unroll_factors"": [0], ""range_warp_specializes"": [null], ""range_num_stages"": [0], ""range_multi_buffers"": [null], ""range_flattens"": [null], ""load_eviction_policies"": [""last"", """", ""first"", """", """", ""last"", """", ""last""], ""num_warps"": 8, ""num_stages"": 4, ""indexing"": [""tensor_descriptor"", ""pointer"", ""pointer"", ""tensor_descriptor"", ""pointer"", ""tensor_descriptor"", ""pointer"", ""pointer"", ""tensor_descriptor"", ""tensor_descriptor""], ""atomic_indexing"": [], ""pid_type"": ""flat""}","{""arg0_ndim"": 2, ""arg0_dim0"": 4096, ""arg0_dim1"": 14848, ""arg0_numel"": 60817408, ""arg0_dtype"": ""torch.float16"", ""arg0_dtype_size"": 2, ""arg0_dtype_cat"": 2, ""arg1_ndim"": 1, ""arg1_dim0"": 14848, ""arg1_numel"": 14848, ""arg1_dtype"": ""torch.float16"", ""arg1_dtype_size"": 2, ""arg1_dtype_cat"": 2, ""arg2_ndim"": 1, ""arg2_dim0"": 14848, ""arg2_numel"": 14848, ""arg2_dtype"": ""torch.float16"", ""arg2_dtype_size"": 2, ""arg2_dtype_cat"": 2}",0.057871032724036806
layer_norm,c5a7230b2121df07,178e7391546ae2da,"{""block_sizes"": [1], ""reduction_loops"": [null], ""range_unroll_factors"": [0], ""range_warp_specializes"": [null], ""range_num_stages"": [0], ""range_multi_buffers"": [null], ""range_flattens"": [null], ""load_eviction_policies"": [""first"", """", ""last"", """", ""last"", ""last"", ""last"", """"], ""num_warps"": 4, ""num_stages"": 7, ""indexing"": [""pointer"", ""pointer"", ""tensor_descriptor"", ""pointer"", ""tensor_descriptor"", ""pointer"", ""tensor_descriptor"", ""pointer"", ""pointer"", ""pointer""], ""atomic_indexing"": [], ""pid_type"": ""flat""}","{""arg0_ndim"": 2, ""arg0_dim0"": 4096, ""arg0_dim1"": 15360, ""arg0_numel"": 62914560, ""arg0_dtype"": ""torch.float16"", ""arg0_dtype_size"": 2, ""arg0_dtype_cat"": 2, ""arg1_ndim"": 1, ""arg1_dim0"": 15360, ""arg1_numel"": 15360, ""arg1_dtype"": ""torch.float16"", ""arg1_dtype_size"": 2, ""arg1_dtype_cat"": 2, ""arg2_ndim"": 1, ""arg2_dim0"": 15360, ""arg2_numel"": 15360, ""arg2_dtype"": ""torch.float16"", ""arg2_dtype_size"": 2, ""arg2_dtype_cat"": 2}",0.07777696027894693
layer_norm,c5a7230b2121df07,decf2056869ee2b5,"{""block_sizes"": [1], ""reduction_loops"": [1024], ""range_unroll_factors"": [0], ""range_warp_specializes"": [null], ""range_num_stages"": [0], ""range_multi_buffers"": [null], ""range_flattens"": [null], ""load_eviction_policies"": ["""", ""last"", ""first"", """", ""last"", ""first"", ""last"", ""last""], ""num_warps"": 1, ""num_stages"": 2, ""indexing"": [""pointer"", ""tensor_descriptor"", ""pointer"", ""tensor_descriptor"", ""tensor_descriptor"", ""pointer"", ""pointer"", ""pointer"", ""tensor_descriptor"", ""pointer""], ""atomic_indexing"": [], ""pid_type"": ""flat""}","{""arg0_ndim"": 2, ""arg0_dim0"": 4096, ""arg0_dim1"": 15360, ""arg0_numel"": 62914560, ""arg0_dtype"": ""torch.float16"", ""arg0_dtype_size"": 2, ""arg0_dtype_cat"": 2, ""arg1_ndim"": 1, ""arg1_dim0"": 15360, ""arg1_numel"": 15360, ""arg1_dtype"": ""torch.float16"", ""arg1_dtype_size"": 2, ""arg1_dtype_cat"": 2, ""arg2_ndim"": 1, ""arg2_dim0"": 15360, ""arg2_numel"": 15360, ""arg2_dtype"": ""torch.float16"", ""arg2_dtype_size"": 2, ""arg2_dtype_cat"": 2}",0.07938766291392554
layer_norm,c5a7230b2121df07,43acbd1ca50d4ca3,"{""block_sizes"": [1], ""reduction_loops"": [null], ""range_unroll_factors"": [0], ""range_warp_specializes"": [null], ""range_num_stages"": [0], ""range_multi_buffers"": [null], ""range_flattens"": [null], ""load_eviction_policies"": [""first"", """", """", ""first"", """", ""last"", ""first"", """"], ""num_warps"": 8, ""num_stages"": 4, ""indexing"": [""pointer"", ""tensor_descriptor"", ""pointer"", ""pointer"", ""pointer"", ""pointer"", ""tensor_descriptor"", ""pointer"", ""tensor_descriptor"", ""tensor_descriptor""], ""atomic_indexing"": [], ""pid_type"": ""flat""}","{""arg0_ndim"": 2, ""arg0_dim0"": 4096, ""arg0_dim1"": 15360, ""arg0_numel"": 62914560, ""arg0_dtype"": ""torch.float16"", ""arg0_dtype_size"": 2, ""arg0_dtype_cat"": 2, ""arg1_ndim"": 1, ""arg1_dim0"": 15360, ""arg1_numel"": 15360, ""arg1_dtype"": ""torch.float16"", ""arg1_dtype_size"": 2, ""arg1_dtype_cat"": 2, ""arg2_ndim"": 1, ""arg2_dim0"": 15360, ""arg2_numel"": 15360, ""arg2_dtype"": ""torch.float16"", ""arg2_dtype_size"": 2, ""arg2_dtype_cat"": 2}",0.0702525664518676
layer_norm,c5a7230b2121df07,869c54e4b955a8c6,"{""block_sizes"": [1], ""reduction_loops"": [2048], ""range_unroll_factors"": [0], ""range_warp_specializes"": [null], ""range_num_stages"": [0], ""range_multi_buffers"": [null], ""range_flattens"": [null], ""load_eviction_policies"": [""last"", """", ""first"", """", """", ""last"", """", ""last""], ""num_warps"": 8, ""num_stages"": 4, ""indexing"": [""tensor_descriptor"", ""pointer"", ""pointer"", ""tensor_descriptor"", ""pointer"", ""tensor_descriptor"", ""pointer"", ""pointer"", ""tensor_descriptor"", ""tensor_descriptor""], ""atomic_indexing"": [], ""pid_type"": ""flat""}","{""arg0_ndim"": 2, ""arg0_dim0"": 4096, ""arg0_dim1"": 15360, ""arg0_numel"": 62914560, ""arg0_dtype"": ""torch.float16"", ""arg0_dtype_size"": 2, ""arg0_dtype_cat"": 2, ""arg1_ndim"": 1, ""arg1_dim0"": 15360, ""arg1_numel"": 15360, ""arg1_dtype"": ""torch.float16"", ""arg1_dtype_size"": 2, ""arg1_dtype_cat"": 2, ""arg2_ndim"": 1, ""arg2_dim0"": 15360, ""arg2_numel"": 15360, ""arg2_dtype"": ""torch.float16"", ""arg2_dtype_size"": 2, ""arg2_dtype_cat"": 2}",0.05943988553988628
layer_norm,ccd5a95d3f234011,178e7391546ae2da,"{""block_sizes"": [1], ""reduction_loops"": [null], ""range_unroll_factors"": [0], ""range_warp_specializes"": [null], ""range_num_stages"": [0], ""range_multi_buffers"": [null], ""range_flattens"": [null], ""load_eviction_policies"": [""first"", """", ""last"", """", ""last"", ""last"", ""last"", """"], ""num_warps"": 4, ""num_stages"": 7, ""indexing"": [""pointer"", ""pointer"", ""tensor_descriptor"", ""pointer"", ""tensor_descriptor"", ""pointer"", ""tensor_descriptor"", ""pointer"", ""pointer"", ""pointer""], ""atomic_indexing"": [], ""pid_type"": ""flat""}","{""arg0_ndim"": 2, ""arg0_dim0"": 4096, ""arg0_dim1"": 15872, ""arg0_numel"": 65011712, ""arg0_dtype"": ""torch.float16"", ""arg0_dtype_size"": 2, ""arg0_dtype_cat"": 2, ""arg1_ndim"": 1, ""arg1_dim0"": 15872, ""arg1_numel"": 15872, ""arg1_dtype"": ""torch.float16"", ""arg1_dtype_size"": 2, ""arg1_dtype_cat"": 2, ""arg2_ndim"": 1, ""arg2_dim0"": 15872, ""arg2_numel"": 15872, ""arg2_dtype"": ""torch.float16"", ""arg2_dtype_size"": 2, ""arg2_dtype_cat"": 2}",0.0783896438950293
layer_norm,ccd5a95d3f234011,decf2056869ee2b5,"{""block_sizes"": [1], ""reduction_loops"": [1024], ""range_unroll_factors"": [0], ""range_warp_specializes"": [null], ""range_num_stages"": [0], ""range_multi_buffers"": [null], ""range_flattens"": [null], ""load_eviction_policies"": ["""", ""last"", ""first"", """", ""last"", ""first"", ""last"", ""last""], ""num_warps"": 1, ""num_stages"": 2, ""indexing"": [""pointer"", ""tensor_descriptor"", ""pointer"", ""tensor_descriptor"", ""tensor_descriptor"", ""pointer"", ""pointer"", ""pointer"", ""tensor_descriptor"", ""pointer""], ""atomic_indexing"": [], ""pid_type"": ""flat""}","{""arg0_ndim"": 2, ""arg0_dim0"": 4096, ""arg0_dim1"": 15872, ""arg0_numel"": 65011712, ""arg0_dtype"": ""torch.float16"", ""arg0_dtype_size"": 2, ""arg0_dtype_cat"": 2, ""arg1_ndim"": 1, ""arg1_dim0"": 15872, ""arg1_numel"": 15872, ""arg1_dtype"": ""torch.float16"", ""arg1_dtype_size"": 2, ""arg1_dtype_cat"": 2, ""arg2_ndim"": 1, ""arg2_dim0"": 15872, ""arg2_numel"": 15872, ""arg2_dtype"": ""torch.float16"", ""arg2_dtype_size"": 2, ""arg2_dtype_cat"": 2}",0.08236876025534513
layer_norm,ccd5a95d3f234011,43acbd1ca50d4ca3,"{""block_sizes"": [1], ""reduction_loops"": [null], ""range_unroll_factors"": [0], ""range_warp_specializes"": [null], ""range_num_stages"": [0], ""range_multi_buffers"": [null], ""range_flattens"": [null], ""load_eviction_policies"": [""first"", """", """", ""first"", """", ""last"", ""first"", """"], ""num_warps"": 8, ""num_stages"": 4, ""indexing"": [""pointer"", ""tensor_descriptor"", ""pointer"", ""pointer"", ""pointer"", ""pointer"", ""tensor_descriptor"", ""pointer"", ""tensor_descriptor"", ""tensor_descriptor""], ""atomic_indexing"": [], ""pid_type"": ""flat""}","{""arg0_ndim"": 2, ""arg0_dim0"": 4096, ""arg0_dim1"": 15872, ""arg0_numel"": 65011712, ""arg0_dtype"": ""torch.float16"", ""arg0_dtype_size"": 2, ""arg0_dtype_cat"": 2, ""arg1_ndim"": 1, ""arg1_dim0"": 15872, ""arg1_numel"": 15872, ""arg1_dtype"": ""torch.float16"", ""arg1_dtype_size"": 2, ""arg1_dtype_cat"": 2, ""arg2_ndim"": 1, ""arg2_dim0"": 15872, ""arg2_numel"": 15872, ""arg2_dtype"": ""torch.float16"", ""arg2_dtype_size"": 2, ""arg2_dtype_cat"": 2}",0.07223791339041748
layer_norm,ccd5a95d3f234011,869c54e4b955a8c6,"{""block_sizes"": [1], ""reduction_loops"": [2048], ""range_unroll_factors"": [0], ""range_warp_specializes"": [null], ""range_num_stages"": [0], ""range_multi_buffers"": [null], ""range_flattens"": [null], ""load_eviction_policies"": [""last"", """", ""first"", """", """", ""last"", """", ""last""], ""num_warps"": 8, ""num_stages"": 4, ""indexing"": [""tensor_descriptor"", ""pointer"", ""pointer"", ""tensor_descriptor"", ""pointer"", ""tensor_descriptor"", ""pointer"", ""pointer"", ""tensor_descriptor"", ""tensor_descriptor""], ""atomic_indexing"": [], ""pid_type"": ""flat""}","{""arg0_ndim"": 2, ""arg0_dim0"": 4096, ""arg0_dim1"": 15872, ""arg0_numel"": 65011712, ""arg0_dtype"": ""torch.float16"", ""arg0_dtype_size"": 2, ""arg0_dtype_cat"": 2, ""arg1_ndim"": 1, ""arg1_dim0"": 15872, ""arg1_numel"": 15872, ""arg1_dtype"": ""torch.float16"", ""arg1_dtype_size"": 2, ""arg1_dtype_cat"": 2, ""arg2_ndim"": 1, ""arg2_dim0"": 15872, ""arg2_numel"": 15872, ""arg2_dtype"": ""torch.float16"", ""arg2_dtype_size"": 2, ""arg2_dtype_cat"": 2}",0.05958450191275702
layer_norm,e729f459b57a68e6,178e7391546ae2da,"{""block_sizes"": [1], ""reduction_loops"": [null], ""range_unroll_factors"": [0], ""range_warp_specializes"": [null], ""range_num_stages"": [0], ""range_multi_buffers"": [null], ""range_flattens"": [null], ""load_eviction_policies"": [""first"", """", ""last"", """", ""last"", ""last"", ""last"", """"], ""num_warps"": 4, ""num_stages"": 7, ""indexing"": [""pointer"", ""pointer"", ""tensor_descriptor"", ""pointer"", ""tensor_descriptor"", ""pointer"", ""tensor_descriptor"", ""pointer"", ""pointer"", ""pointer""], ""atomic_indexing"": [], ""pid_type"": ""flat""}","{""arg0_ndim"": 2, ""arg0_dim0"": 4096, ""arg0_dim1"": 1024, ""arg0_numel"": 4194304, ""arg0_dtype"": ""torch.float16"", ""arg0_dtype_size"": 2, ""arg0_dtype_cat"": 2, ""arg1_ndim"": 1, ""arg1_dim0"": 1024, ""arg1_numel"": 1024, ""arg1_dtype"": ""torch.float16"", ""arg1_dtype_size"": 2, ""arg1_dtype_cat"": 2, ""arg2_ndim"": 1, ""arg2_dim0"": 1024, ""arg2_numel"": 1024, ""arg2_dtype"": ""torch.float16"", ""arg2_dtype_size"": 2, ""arg2_dtype_cat"": 2}",0.010239999741315842
layer_norm,e729f459b57a68e6,decf2056869ee2b5,"{""block_sizes"": [1], ""reduction_loops"": [1024], ""range_unroll_factors"": [0], ""range_warp_specializes"": [null], ""range_num_stages"": [0], ""range_multi_buffers"": [null], ""range_flattens"": [null], ""load_eviction_policies"": ["""", ""last"", ""first"", """", ""last"", ""first"", ""last"", ""last""], ""num_warps"": 1, ""num_stages"": 2, ""indexing"": [""pointer"", ""tensor_descriptor"", ""pointer"", ""tensor_descriptor"", ""tensor_descriptor"", ""pointer"", ""pointer"", ""pointer"", ""tensor_descriptor"", ""pointer""], ""atomic_indexing"": [], ""pid_type"": ""flat""}","{""arg0_ndim"": 2, ""arg0_dim0"": 4096, ""arg0_dim1"": 1024, ""arg0_numel"": 4194304, ""arg0_dtype"": ""torch.float16"", ""arg0_dtype_size"": 2, ""arg0_dtype_cat"": 2, ""arg1_ndim"": 1, ""arg1_dim0"": 1024, ""arg1_numel"": 1024, ""arg1_dtype"": ""torch.float16"", ""arg1_dtype_size"": 2, ""arg1_dtype_cat"": 2, ""arg2_ndim"": 1, ""arg2_dim0"": 1024, ""arg2_numel"": 1024, ""arg2_dtype"": ""torch.float16"", ""arg2_dtype_size"": 2, ""arg2_dtype_cat"": 2}",0.010239999741315842
layer_norm,e729f459b57a68e6,43acbd1ca50d4ca3,"{""block_sizes"": [1], ""reduction_loops"": [null], ""range_unroll_factors"": [0], ""range_warp_specializes"": [null], ""range_num_stages"": [0], ""range_multi_buffers"": [null], ""range_flattens"": [null], ""load_eviction_policies"": [""first"", """", """", ""first"", """", ""last"", ""first"", """"], ""num_warps"": 8, ""num_stages"": 4, ""indexing"": [""pointer"", ""tensor_descriptor"", ""pointer"", ""pointer"", ""pointer"", ""pointer"", ""tensor_descriptor"", ""pointer"", ""tensor_descriptor"", ""tensor_descriptor""], ""atomic_indexing"": [], ""pid_type"": ""flat""}","{""arg0_ndim"": 2, ""arg0_dim0"": 4096, ""arg0_dim1"": 1024, ""arg0_numel"": 4194304, ""arg0_dtype"": ""torch.float16"", ""arg0_dtype_size"": 2, ""arg0_dtype_cat"": 2, ""arg1_ndim"": 1, ""arg1_dim0"": 1024, ""arg1_numel"": 1024, ""arg1_dtype"": ""torch.float16"", ""arg1_dtype_size"": 2, ""arg1_dtype_cat"": 2, ""arg2_ndim"": 1, ""arg2_dim0"": 1024, ""arg2_numel"": 1024, ""arg2_dtype"": ""torch.float16"", ""arg2_dtype_size"": 2, ""arg2_dtype_cat"": 2}",0.01228800043463707
layer_norm,e729f459b57a68e6,869c54e4b955a8c6,"{""block_sizes"": [1], ""reduction_loops"": [2048], ""range_unroll_factors"": [0], ""range_warp_specializes"": [null], ""range_num_stages"": [0], ""range_multi_buffers"": [null], ""range_flattens"": [null], ""load_eviction_policies"": [""last"", """", ""first"", """", """", ""last"", """", ""last""], ""num_warps"": 8, ""num_stages"": 4, ""indexing"": [""tensor_descriptor"", ""pointer"", ""pointer"", ""tensor_descriptor"", ""pointer"", ""tensor_descriptor"", ""pointer"", ""pointer"", ""tensor_descriptor"", ""tensor_descriptor""], ""atomic_indexing"": [], ""pid_type"": ""flat""}","{""arg0_ndim"": 2, ""arg0_dim0"": 4096, ""arg0_dim1"": 1024, ""arg0_numel"": 4194304, ""arg0_dtype"": ""torch.float16"", ""arg0_dtype_size"": 2, ""arg0_dtype_cat"": 2, ""arg1_ndim"": 1, ""arg1_dim0"": 1024, ""arg1_numel"": 1024, ""arg1_dtype"": ""torch.float16"", ""arg1_dtype_size"": 2, ""arg1_dtype_cat"": 2, ""arg2_ndim"": 1, ""arg2_dim0"": 1024, ""arg2_numel"": 1024, ""arg2_dtype"": ""torch.float16"", ""arg2_dtype_size"": 2, ""arg2_dtype_cat"": 2}",0.016383999958634377
layer_norm,937e37d1885236d4,178e7391546ae2da,"{""block_sizes"": [1], ""reduction_loops"": [null], ""range_unroll_factors"": [0], ""range_warp_specializes"": [null], ""range_num_stages"": [0], ""range_multi_buffers"": [null], ""range_flattens"": [null], ""load_eviction_policies"": [""first"", """", ""last"", """", ""last"", ""last"", ""last"", """"], ""num_warps"": 4, ""num_stages"": 7, ""indexing"": [""pointer"", ""pointer"", ""tensor_descriptor"", ""pointer"", ""tensor_descriptor"", ""pointer"", ""tensor_descriptor"", ""pointer"", ""pointer"", ""pointer""], ""atomic_indexing"": [], ""pid_type"": ""flat""}","{""arg0_ndim"": 2, ""arg0_dim0"": 4096, ""arg0_dim1"": 1536, ""arg0_numel"": 6291456, ""arg0_dtype"": ""torch.float16"", ""arg0_dtype_size"": 2, ""arg0_dtype_cat"": 2, ""arg1_ndim"": 1, ""arg1_dim0"": 1536, ""arg1_numel"": 1536, ""arg1_dtype"": ""torch.float16"", ""arg1_dtype_size"": 2, ""arg1_dtype_cat"": 2, ""arg2_ndim"": 1, ""arg2_dim0"": 1536, ""arg2_numel"": 1536, ""arg2_dtype"": ""torch.float16"", ""arg2_dtype_size"": 2, ""arg2_dtype_cat"": 2}",0.01228800043463707
layer_norm,937e37d1885236d4,decf2056869ee2b5,"{""block_sizes"": [1], ""reduction_loops"": [1024], ""range_unroll_factors"": [0], ""range_warp_specializes"": [null], ""range_num_stages"": [0], ""range_multi_buffers"": [null], ""range_flattens"": [null], ""load_eviction_policies"": ["""", ""last"", ""first"", """", ""last"", ""first"", ""last"", ""last""], ""num_warps"": 1, ""num_stages"": 2, ""indexing"": [""pointer"", ""tensor_descriptor"", ""pointer"", ""tensor_descriptor"", ""tensor_descriptor"", ""pointer"", ""pointer"", ""pointer"", ""tensor_descriptor"", ""pointer""], ""atomic_indexing"": [], ""pid_type"": ""flat""}","{""arg0_ndim"": 2, ""arg0_dim0"": 4096, ""arg0_dim1"": 1536, ""arg0_numel"": 6291456, ""arg0_dtype"": ""torch.float16"", ""arg0_dtype_size"": 2, ""arg0_dtype_cat"": 2, ""arg1_ndim"": 1, ""arg1_dim0"": 1536, ""arg1_numel"": 1536, ""arg1_dtype"": ""torch.float16"", ""arg1_dtype_size"": 2, ""arg1_dtype_cat"": 2, ""arg2_ndim"": 1, ""arg2_dim0"": 1536, ""arg2_numel"": 1536, ""arg2_dtype"": ""torch.float16"", ""arg2_dtype_size"": 2, ""arg2_dtype_cat"": 2}",0.014336000196635723
layer_norm,937e37d1885236d4,43acbd1ca50d4ca3,"{""block_sizes"": [1], ""reduction_loops"": [null], ""range_unroll_factors"": [0], ""range_warp_specializes"": [null], ""range_num_stages"": [0], ""range_multi_buffers"": [null], ""range_flattens"": [null], ""load_eviction_policies"": [""first"", """", """", ""first"", """", ""last"", ""first"", """"], ""num_warps"": 8, ""num_stages"": 4, ""indexing"": [""pointer"", ""tensor_descriptor"", ""pointer"", ""pointer"", ""pointer"", ""pointer"", ""tensor_descriptor"", ""pointer"", ""tensor_descriptor"", ""tensor_descriptor""], ""atomic_indexing"": [], ""pid_type"": ""flat""}","{""arg0_ndim"": 2, ""arg0_dim0"": 4096, ""arg0_dim1"": 1536, ""arg0_numel"": 6291456, ""arg0_dtype"": ""torch.float16"", ""arg0_dtype_size"": 2, ""arg0_dtype_cat"": 2, ""arg1_ndim"": 1, ""arg1_dim0"": 1536, ""arg1_numel"": 1536, ""arg1_dtype"": ""torch.float16"", ""arg1_dtype_size"": 2, ""arg1_dtype_cat"": 2, ""arg2_ndim"": 1, ""arg2_dim0"": 1536, ""arg2_numel"": 1536, ""arg2_dtype"": ""torch.float16"", ""arg2_dtype_size"": 2, ""arg2_dtype_cat"": 2}",0.014336000196635723
layer_norm,937e37d1885236d4,869c54e4b955a8c6,"{""block_sizes"": [1], ""reduction_loops"": [2048], ""range_unroll_factors"": [0], ""range_warp_specializes"": [null], ""range_num_stages"": [0], ""range_multi_buffers"": [null], ""range_flattens"": [null], ""load_eviction_policies"": [""last"", """", ""first"", """", """", ""last"", """", ""last""], ""num_warps"": 8, ""num_stages"": 4, ""indexing"": [""tensor_descriptor"", ""pointer"", ""pointer"", ""tensor_descriptor"", ""pointer"", ""tensor_descriptor"", ""pointer"", ""pointer"", ""tensor_descriptor"", ""tensor_descriptor""], ""atomic_indexing"": [], ""pid_type"": ""flat""}","{""arg0_ndim"": 2, ""arg0_dim0"": 4096, ""arg0_dim1"": 1536, ""arg0_numel"": 6291456, ""arg0_dtype"": ""torch.float16"", ""arg0_dtype_size"": 2, ""arg0_dtype_cat"": 2, ""arg1_ndim"": 1, ""arg1_dim0"": 1536, ""arg1_numel"": 1536, ""arg1_dtype"": ""torch.float16"", ""arg1_dtype_size"": 2, ""arg1_dtype_cat"": 2, ""arg2_ndim"": 1, ""arg2_dim0"": 1536, ""arg2_numel"": 1536, ""arg2_dtype"": ""torch.float16"", ""arg2_dtype_size"": 2, ""arg2_dtype_cat"": 2}",0.016383999958634377
layer_norm,8baf0dd224ad9805,178e7391546ae2da,"{""block_sizes"": [1], ""reduction_loops"": [null], ""range_unroll_factors"": [0], ""range_warp_specializes"": [null], ""range_num_stages"": [0], ""range_multi_buffers"": [null], ""range_flattens"": [null], ""load_eviction_policies"": [""first"", """", ""last"", """", ""last"", ""last"", ""last"", """"], ""num_warps"": 4, ""num_stages"": 7, ""indexing"": [""pointer"", ""pointer"", ""tensor_descriptor"", ""pointer"", ""tensor_descriptor"", ""pointer"", ""tensor_descriptor"", ""pointer"", ""pointer"", ""pointer""], ""atomic_indexing"": [], ""pid_type"": ""flat""}","{""arg0_ndim"": 2, ""arg0_dim0"": 4096, ""arg0_dim1"": 2048, ""arg0_numel"": 8388608, ""arg0_dtype"": ""torch.float16"", ""arg0_dtype_size"": 2, ""arg0_dtype_cat"": 2, ""arg1_ndim"": 1, ""arg1_dim0"": 2048, ""arg1_numel"": 2048, ""arg1_dtype"": ""torch.float16"", ""arg1_dtype_size"": 2, ""arg1_dtype_cat"": 2, ""arg2_ndim"": 1, ""arg2_dim0"": 2048, ""arg2_numel"": 2048, ""arg2_dtype"": ""torch.float16"", ""arg2_dtype_size"": 2, ""arg2_dtype_cat"": 2}",0.014303999952971935
layer_norm,8baf0dd224ad9805,decf2056869ee2b5,"{""block_sizes"": [1], ""reduction_loops"": [1024], ""range_unroll_factors"": [0], ""range_warp_specializes"": [null], ""range_num_stages"": [0], ""range_multi_buffers"": [null], ""range_flattens"": [null], ""load_eviction_policies"": ["""", ""last"", ""first"", """", ""last"", ""first"", ""last"", ""last""], ""num_warps"": 1, ""num_stages"": 2, ""indexing"": [""pointer"", ""tensor_descriptor"", ""pointer"", ""tensor_descriptor"", ""tensor_descriptor"", ""pointer"", ""pointer"", ""pointer"", ""tensor_descriptor"", ""pointer""], ""atomic_indexing"": [], ""pid_type"": ""flat""}","{""arg0_ndim"": 2, ""arg0_dim0"": 4096, ""arg0_dim1"": 2048, ""arg0_numel"": 8388608, ""arg0_dtype"": ""torch.float16"", ""arg0_dtype_size"": 2, ""arg0_dtype_cat"": 2, ""arg1_ndim"": 1, ""arg1_dim0"": 2048, ""arg1_numel"": 2048, ""arg1_dtype"": ""torch.float16"", ""arg1_dtype_size"": 2, ""arg1_dtype_cat"": 2, ""arg2_ndim"": 1, ""arg2_dim0"": 2048, ""arg2_numel"": 2048, ""arg2_dtype"": ""torch.float16"", ""arg2_dtype_size"": 2, ""arg2_dtype_cat"": 2}",0.014336000196635723
layer_norm,8baf0dd224ad9805,43acbd1ca50d4ca3,"{""block_sizes"": [1], ""reduction_loops"": [null], ""range_unroll_factors"": [0], ""range_warp_specializes"": [null], ""range_num_stages"": [0], ""range_multi_buffers"": [null], ""range_flattens"": [null], ""load_eviction_policies"": [""first"", """", """", ""first"", """", ""last"", ""first"", """"], ""num_warps"": 8, ""num_stages"": 4, ""indexing"": [""pointer"", ""tensor_descriptor"", ""pointer"", ""pointer"", ""pointer"", ""pointer"", ""tensor_descriptor"", ""pointer"", ""tensor_descriptor"", ""tensor_descriptor""], ""atomic_indexing"": [], ""pid_type"": ""flat""}","{""arg0_ndim"": 2, ""arg0_dim0"": 4096, ""arg0_dim1"": 2048, ""arg0_numel"": 8388608, ""arg0_dtype"": ""torch.float16"", ""arg0_dtype_size"": 2, ""arg0_dtype_cat"": 2, ""arg1_ndim"": 1, ""arg1_dim0"": 2048, ""arg1_numel"": 2048, ""arg1_dtype"": ""torch.float16"", ""arg1_dtype_size"": 2, ""arg1_dtype_cat"": 2, ""arg2_ndim"": 1, ""arg2_dim0"": 2048, ""arg2_numel"": 2048, ""arg2_dtype"": ""torch.float16"", ""arg2_dtype_size"": 2, ""arg2_dtype_cat"": 2}",0.014336000196635723
layer_norm,8baf0dd224ad9805,869c54e4b955a8c6,"{""block_sizes"": [1], ""reduction_loops"": [2048], ""range_unroll_factors"": [0], ""range_warp_specializes"": [null], ""range_num_stages"": [0], ""range_multi_buffers"": [null], ""range_flattens"": [null], ""load_eviction_policies"": [""last"", """", ""first"", """", """", ""last"", """", ""last""], ""num_warps"": 8, ""num_stages"": 4, ""indexing"": [""tensor_descriptor"", ""pointer"", ""pointer"", ""tensor_descriptor"", ""pointer"", ""tensor_descriptor"", ""pointer"", ""pointer"", ""tensor_descriptor"", ""tensor_descriptor""], ""atomic_indexing"": [], ""pid_type"": ""flat""}","{""arg0_ndim"": 2, ""arg0_dim0"": 4096, ""arg0_dim1"": 2048, ""arg0_numel"": 8388608, ""arg0_dtype"": ""torch.float16"", ""arg0_dtype_size"": 2, ""arg0_dtype_cat"": 2, ""arg1_ndim"": 1, ""arg1_dim0"": 2048, ""arg1_numel"": 2048, ""arg1_dtype"": ""torch.float16"", ""arg1_dtype_size"": 2, ""arg1_dtype_cat"": 2, ""arg2_ndim"": 1, ""arg2_dim0"": 2048, ""arg2_numel"": 2048, ""arg2_dtype"": ""torch.float16"", ""arg2_dtype_size"": 2, ""arg2_dtype_cat"": 2}",0.016383999958634377
layer_norm,3f0dc6cdcb9e3ba6,178e7391546ae2da,"{""block_sizes"": [1], ""reduction_loops"": [null], ""range_unroll_factors"": [0], ""range_warp_specializes"": [null], ""range_num_stages"": [0], ""range_multi_buffers"": [null], ""range_flattens"": [null], ""load_eviction_policies"": [""first"", """", ""last"", """", ""last"", ""last"", ""last"", """"], ""num_warps"": 4, ""num_stages"": 7, ""indexing"": [""pointer"", ""pointer"", ""tensor_descriptor"", ""pointer"", ""tensor_descriptor"", ""pointer"", ""tensor_descriptor"", ""pointer"", ""pointer"", ""pointer""], ""atomic_indexing"": [], ""pid_type"": ""flat""}","{""arg0_ndim"": 2, ""arg0_dim0"": 4096, ""arg0_dim1"": 2560, ""arg0_numel"": 10485760, ""arg0_dtype"": ""torch.float16"", ""arg0_dtype_size"": 2, ""arg0_dtype_cat"": 2, ""arg1_ndim"": 1, ""arg1_dim0"": 2560, ""arg1_numel"": 2560, ""arg1_dtype"": ""torch.float16"", ""arg1_dtype_size"": 2, ""arg1_dtype_cat"": 2, ""arg2_ndim"": 1, ""arg2_dim0"": 2560, ""arg2_numel"": 2560, ""arg2_dtype"": ""torch.float16"", ""arg2_dtype_size"": 2, ""arg2_dtype_cat"": 2}",0.016383999958634377
layer_norm,3f0dc6cdcb9e3ba6,decf2056869ee2b5,"{""block_sizes"": [1], ""reduction_loops"": [1024], ""range_unroll_factors"": [0], ""range_warp_specializes"": [null], ""range_num_stages"": [0], ""range_multi_buffers"": [null], ""range_flattens"": [null], ""load_eviction_policies"": ["""", ""last"", ""first"", """", ""last"", ""first"", ""last"", ""last""], ""num_warps"": 1, ""num_stages"": 2, ""indexing"": [""pointer"", ""tensor_descriptor"", ""pointer"", ""tensor_descriptor"", ""tensor_descriptor"", ""pointer"", ""pointer"", ""pointer"", ""tensor_descriptor"", ""pointer""], ""atomic_indexing"": [], ""pid_type"": ""flat""}","{""arg0_ndim"": 2, ""arg0_dim0"": 4096, ""arg0_dim1"": 2560, ""arg0_numel"": 10485760, ""arg0_dtype"": ""torch.float16"", ""arg0_dtype_size"": 2, ""arg0_dtype_cat"": 2, ""arg1_ndim"": 1, ""arg1_dim0"": 2560, ""arg1_numel"": 2560, ""arg1_dtype"": ""torch.float16"", ""arg1_dtype_size"": 2, ""arg1_dtype_cat"": 2, ""arg2_ndim"": 1, ""arg2_dim0"": 2560, ""arg2_numel"": 2560, ""arg2_dtype"": ""torch.float16"", ""arg2_dtype_size"": 2, ""arg2_dtype_cat"": 2}",0.016416000202298164
layer_norm,3f0dc6cdcb9e3ba6,43acbd1ca50d4ca3,"{""block_sizes"": [1], ""reduction_loops"": [null], ""range_unroll_factors"": [0], ""range_warp_specializes"": [null], ""range_num_stages"": [0], ""range_multi_buffers"": [null], ""range_flattens"": [null], ""load_eviction_policies"": [""first"", """", """", ""first"", """", ""last"", ""first"", """"], ""num_warps"": 8, ""num_stages"": 4, ""indexing"": [""pointer"", ""tensor_descriptor"", ""pointer"", ""pointer"", ""pointer"", ""pointer"", ""tensor_descriptor"", ""pointer"", ""tensor_descriptor"", ""tensor_descriptor""], ""atomic_indexing"": [], ""pid_type"": ""flat""}","{""arg0_ndim"": 2, ""arg0_dim0"": 4096, ""arg0_dim1"": 2560, ""arg0_numel"": 10485760, ""arg0_dtype"": ""torch.float16"", ""arg0_dtype_size"": 2, ""arg0_dtype_cat"": 2, ""arg1_ndim"": 1, ""arg1_dim0"": 2560, ""arg1_numel"": 2560, ""arg1_dtype"": ""torch.float16"", ""arg1_dtype_size"": 2, ""arg1_dtype_cat"": 2, ""arg2_ndim"": 1, ""arg2_dim0"": 2560, ""arg2_numel"": 2560, ""arg2_dtype"": ""torch.float16"", ""arg2_dtype_size"": 2, ""arg2_dtype_cat"": 2}",0.018432000651955605
layer_norm,3f0dc6cdcb9e3ba6,869c54e4b955a8c6,"{""block_sizes"": [1], ""reduction_loops"": [2048], ""range_unroll_factors"": [0], ""range_warp_specializes"": [null], ""range_num_stages"": [0], ""range_multi_buffers"": [null], ""range_flattens"": [null], ""load_eviction_policies"": [""last"", """", ""first"", """", """", ""last"", """", ""last""], ""num_warps"": 8, ""num_stages"": 4, ""indexing"": [""tensor_descriptor"", ""pointer"", ""pointer"", ""tensor_descriptor"", ""pointer"", ""tensor_descriptor"", ""pointer"", ""pointer"", ""tensor_descriptor"", ""tensor_descriptor""], ""atomic_indexing"": [], ""pid_type"": ""flat""}","{""arg0_ndim"": 2, ""arg0_dim0"": 4096, ""arg0_dim1"": 2560, ""arg0_numel"": 10485760, ""arg0_dtype"": ""torch.float16"", ""arg0_dtype_size"": 2, ""arg0_dtype_cat"": 2, ""arg1_ndim"": 1, ""arg1_dim0"": 2560, ""arg1_numel"": 2560, ""arg1_dtype"": ""torch.float16"", ""arg1_dtype_size"": 2, ""arg1_dtype_cat"": 2, ""arg2_ndim"": 1, ""arg2_dim0"": 2560, ""arg2_numel"": 2560, ""arg2_dtype"": ""torch.float16"", ""arg2_dtype_size"": 2, ""arg2_dtype_cat"": 2}",0.020479999482631683
layer_norm,734abf833efb1beb,178e7391546ae2da,"{""block_sizes"": [1], ""reduction_loops"": [null], ""range_unroll_factors"": [0], ""range_warp_specializes"": [null], ""range_num_stages"": [0], ""range_multi_buffers"": [null], ""range_flattens"": [null], ""load_eviction_policies"": [""first"", """", ""last"", """", ""last"", ""last"", ""last"", """"], ""num_warps"": 4, ""num_stages"": 7, ""indexing"": [""pointer"", ""pointer"", ""tensor_descriptor"", ""pointer"", ""tensor_descriptor"", ""pointer"", ""tensor_descriptor"", ""pointer"", ""pointer"", ""pointer""], ""atomic_indexing"": [], ""pid_type"": ""flat""}","{""arg0_ndim"": 2, ""arg0_dim0"": 4096, ""arg0_dim1"": 3072, ""arg0_numel"": 12582912, ""arg0_dtype"": ""torch.float16"", ""arg0_dtype_size"": 2, ""arg0_dtype_cat"": 2, ""arg1_ndim"": 1, ""arg1_dim0"": 3072, ""arg1_numel"": 3072, ""arg1_dtype"": ""torch.float16"", ""arg1_dtype_size"": 2, ""arg1_dtype_cat"": 2, ""arg2_ndim"": 1, ""arg2_dim0"": 3072, ""arg2_numel"": 3072, ""arg2_dtype"": ""torch.float16"", ""arg2_dtype_size"": 2, ""arg2_dtype_cat"": 2}",0.018432000651955605
layer_norm,734abf833efb1beb,decf2056869ee2b5,"{""block_sizes"": [1], ""reduction_loops"": [1024], ""range_unroll_factors"": [0], ""range_warp_specializes"": [null], ""range_num_stages"": [0], ""range_multi_buffers"": [null], ""range_flattens"": [null], ""load_eviction_policies"": ["""", ""last"", ""first"", """", ""last"", ""first"", ""last"", ""last""], ""num_warps"": 1, ""num_stages"": 2, ""indexing"": [""pointer"", ""tensor_descriptor"", ""pointer"", ""tensor_descriptor"", ""tensor_descriptor"", ""pointer"", ""pointer"", ""pointer"", ""tensor_descriptor"", ""pointer""], ""atomic_indexing"": [], ""pid_type"": ""flat""}","{""arg0_ndim"": 2, ""arg0_dim0"": 4096, ""arg0_dim1"": 3072, ""arg0_numel"": 12582912, ""arg0_dtype"": ""torch.float16"", ""arg0_dtype_size"": 2, ""arg0_dtype_cat"": 2, ""arg1_ndim"": 1, ""arg1_dim0"": 3072, ""arg1_numel"": 3072, ""arg1_dtype"": ""torch.float16"", ""arg1_dtype_size"": 2, ""arg1_dtype_cat"": 2, ""arg2_ndim"": 1, ""arg2_dim0"": 3072, ""arg2_numel"": 3072, ""arg2_dtype"": ""torch.float16"", ""arg2_dtype_size"": 2, ""arg2_dtype_cat"": 2}",0.018432000651955605
layer_norm,734abf833efb1beb,43acbd1ca50d4ca3,"{""block_sizes"": [1], ""reduction_loops"": [null], ""range_unroll_factors"": [0], ""range_warp_specializes"": [null], ""range_num_stages"": [0], ""range_multi_buffers"": [null], ""range_flattens"": [null], ""load_eviction_policies"": [""first"", """", """", ""first"", """", ""last"", ""first"", """"], ""num_warps"": 8, ""num_stages"": 4, ""indexing"": [""pointer"", ""tensor_descriptor"", ""pointer"", ""pointer"", ""pointer"", ""pointer"", ""tensor_descriptor"", ""pointer"", ""tensor_descriptor"", ""tensor_descriptor""], ""atomic_indexing"": [], ""pid_type"": ""flat""}","{""arg0_ndim"": 2, ""arg0_dim0"": 4096, ""arg0_dim1"": 3072, ""arg0_numel"": 12582912, ""arg0_dtype"": ""torch.float16"", ""arg0_dtype_size"": 2, ""arg0_dtype_cat"": 2, ""arg1_ndim"": 1, ""arg1_dim0"": 3072, ""arg1_numel"": 3072, ""arg1_dtype"": ""torch.float16"", ""arg1_dtype_size"": 2, ""arg1_dtype_cat"": 2, ""arg2_ndim"": 1, ""arg2_dim0"": 3072, ""arg2_numel"": 3072, ""arg2_dtype"": ""torch.float16"", ""arg2_dtype_size"": 2, ""arg2_dtype_cat"": 2}",0.018432000651955605
layer_norm,734abf833efb1beb,869c54e4b955a8c6,"{""block_sizes"": [1], ""reduction_loops"": [2048], ""range_unroll_factors"": [0], ""range_warp_specializes"": [null], ""range_num_stages"": [0], ""range_multi_buffers"": [null], ""range_flattens"": [null], ""load_eviction_policies"": [""last"", """", ""first"", """", """", ""last"", """", ""last""], ""num_warps"": 8, ""num_stages"": 4, ""indexing"": [""tensor_descriptor"", ""pointer"", ""pointer"", ""tensor_descriptor"", ""pointer"", ""tensor_descriptor"", ""pointer"", ""pointer"", ""tensor_descriptor"", ""tensor_descriptor""], ""atomic_indexing"": [], ""pid_type"": ""flat""}","{""arg0_ndim"": 2, ""arg0_dim0"": 4096, ""arg0_dim1"": 3072, ""arg0_numel"": 12582912, ""arg0_dtype"": ""torch.float16"", ""arg0_dtype_size"": 2, ""arg0_dtype_cat"": 2, ""arg1_ndim"": 1, ""arg1_dim0"": 3072, ""arg1_numel"": 3072, ""arg1_dtype"": ""torch.float16"", ""arg1_dtype_size"": 2, ""arg1_dtype_cat"": 2, ""arg2_ndim"": 1, ""arg2_dim0"": 3072, ""arg2_numel"": 3072, ""arg2_dtype"": ""torch.float16"", ""arg2_dtype_size"": 2, ""arg2_dtype_cat"": 2}",0.020479999482631683
layer_norm,08173297e740bac8,178e7391546ae2da,"{""block_sizes"": [1], ""reduction_loops"": [null], ""range_unroll_factors"": [0], ""range_warp_specializes"": [null], ""range_num_stages"": [0], ""range_multi_buffers"": [null], ""range_flattens"": [null], ""load_eviction_policies"": [""first"", """", ""last"", """", ""last"", ""last"", ""last"", """"], ""num_warps"": 4, ""num_stages"": 7, ""indexing"": [""pointer"", ""pointer"", ""tensor_descriptor"", ""pointer"", ""tensor_descriptor"", ""pointer"", ""tensor_descriptor"", ""pointer"", ""pointer"", ""pointer""], ""atomic_indexing"": [], ""pid_type"": ""flat""}","{""arg0_ndim"": 2, ""arg0_dim0"": 4096, ""arg0_dim1"": 3584, ""arg0_numel"": 14680064, ""arg0_dtype"": ""torch.float16"", ""arg0_dtype_size"": 2, ""arg0_dtype_cat"": 2, ""arg1_ndim"": 1, ""arg1_dim0"": 3584, ""arg1_numel"": 3584, ""arg1_dtype"": ""torch.float16"", ""arg1_dtype_size"": 2, ""arg1_dtype_cat"": 2, ""arg2_ndim"": 1, ""arg2_dim0"": 3584, ""arg2_numel"": 3584, ""arg2_dtype"": ""torch.float16"", ""arg2_dtype_size"": 2, ""arg2_dtype_cat"": 2}",0.018432000651955605
layer_norm,08173297e740bac8,decf2056869ee2b5,"{""block_sizes"": [1], ""reduction_loops"": [1024], ""range_unroll_factors"": [0], ""range_warp_specializes"": [null], ""range_num_stages"": [0], ""range_multi_buffers"": [null], ""range_flattens"": [null], ""load_eviction_policies"": ["""", ""last"", ""first"", """", ""last"", ""first"", ""last"", ""last""], ""num_warps"": 1, ""num_stages"": 2, ""indexing"": [""pointer"", ""tensor_descriptor"", ""pointer"", ""tensor_descriptor"", ""tensor_descriptor"", ""pointer"", ""pointer"", ""pointer"", ""tensor_descriptor"", ""pointer""], ""atomic_indexing"": [], ""pid_type"": ""flat""}","{""arg0_ndim"": 2, ""arg0_dim0"": 4096, ""arg0_dim1"": 3584, ""arg0_numel"": 14680064, ""arg0_dtype"": ""torch.float16"", ""arg0_dtype_size"": 2, ""arg0_dtype_cat"": 2, ""arg1_ndim"": 1, ""arg1_dim0"": 3584, ""arg1_numel"": 3584, ""arg1_dtype"": ""torch.float16"", ""arg1_dtype_size"": 2, ""arg1_dtype_cat"": 2, ""arg2_ndim"": 1, ""arg2_dim0"": 3584, ""arg2_numel"": 3584, ""arg2_dtype"": ""torch.float16"", ""arg2_dtype_size"": 2, ""arg2_dtype_cat"": 2}",0.020479999482631683
layer_norm,08173297e740bac8,43acbd1ca50d4ca3,"{""block_sizes"": [1], ""reduction_loops"": [null], ""range_unroll_factors"": [0], ""range_warp_specializes"": [null], ""range_num_stages"": [0], ""range_multi_buffers"": [null], ""range_flattens"": [null], ""load_eviction_policies"": [""first"", """", """", ""first"", """", ""last"", ""first"", """"], ""num_warps"": 8, ""num_stages"": 4, ""indexing"": [""pointer"", ""tensor_descriptor"", ""pointer"", ""pointer"", ""pointer"", ""pointer"", ""tensor_descriptor"", ""pointer"", ""tensor_descriptor"", ""tensor_descriptor""], ""atomic_indexing"": [], ""pid_type"": ""flat""}","{""arg0_ndim"": 2, ""arg0_dim0"": 4096, ""arg0_dim1"": 3584, ""arg0_numel"": 14680064, ""arg0_dtype"": ""torch.float16"", ""arg0_dtype_size"": 2, ""arg0_dtype_cat"": 2, ""arg1_ndim"": 1, ""arg1_dim0"": 3584, ""arg1_numel"": 3584, ""arg1_dtype"": ""torch.float16"", ""arg1_dtype_size"": 2, ""arg1_dtype_cat"": 2, ""arg2_ndim"": 1, ""arg2_dim0"": 3584, ""arg2_numel"": 3584, ""arg2_dtype"": ""torch.float16"", ""arg2_dtype_size"": 2, ""arg2_dtype_cat"": 2}",0.018432000651955605
layer_norm,08173297e740bac8,869c54e4b955a8c6,"{""block_sizes"": [1], ""reduction_loops"": [2048], ""range_unroll_factors"": [0], ""range_warp_specializes"": [null], ""range_num_stages"": [0], ""range_multi_buffers"": [null], ""range_flattens"": [null], ""load_eviction_policies"": [""last"", """", ""first"", """", """", ""last"", """", ""last""], ""num_warps"": 8, ""num_stages"": 4, ""indexing"": [""tensor_descriptor"", ""pointer"", ""pointer"", ""tensor_descriptor"", ""pointer"", ""tensor_descriptor"", ""pointer"", ""pointer"", ""tensor_descriptor"", ""tensor_descriptor""], ""atomic_indexing"": [], ""pid_type"": ""flat""}","{""arg0_ndim"": 2, ""arg0_dim0"": 4096, ""arg0_dim1"": 3584, ""arg0_numel"": 14680064, ""arg0_dtype"": ""torch.float16"", ""arg0_dtype_size"": 2, ""arg0_dtype_cat"": 2, ""arg1_ndim"": 1, ""arg1_dim0"": 3584, ""arg1_numel"": 3584, ""arg1_dtype"": ""torch.float16"", ""arg1_dtype_size"": 2, ""arg1_dtype_cat"": 2, ""arg2_ndim"": 1, ""arg2_dim0"": 3584, ""arg2_numel"": 3584, ""arg2_dtype"": ""torch.float16"", ""arg2_dtype_size"": 2, ""arg2_dtype_cat"": 2}",0.02051199972629547
layer_norm,821fc5b0706bb961,178e7391546ae2da,"{""block_sizes"": [1], ""reduction_loops"": [null], ""range_unroll_factors"": [0], ""range_warp_specializes"": [null], ""range_num_stages"": [0], ""range_multi_buffers"": [null], ""range_flattens"": [null], ""load_eviction_policies"": [""first"", """", ""last"", """", ""last"", ""last"", ""last"", """"], ""num_warps"": 4, ""num_stages"": 7, ""indexing"": [""pointer"", ""pointer"", ""tensor_descriptor"", ""pointer"", ""tensor_descriptor"", ""pointer"", ""tensor_descriptor"", ""pointer"", ""pointer"", ""pointer""], ""atomic_indexing"": [], ""pid_type"": ""flat""}","{""arg0_ndim"": 2, ""arg0_dim0"": 4096, ""arg0_dim1"": 4096, ""arg0_numel"": 16777216, ""arg0_dtype"": ""torch.float16"", ""arg0_dtype_size"": 2, ""arg0_dtype_cat"": 2, ""arg1_ndim"": 1, ""arg1_dim0"": 4096, ""arg1_numel"": 4096, ""arg1_dtype"": ""torch.float16"", ""arg1_dtype_size"": 2, ""arg1_dtype_cat"": 2, ""arg2_ndim"": 1, ""arg2_dim0"": 4096, ""arg2_numel"": 4096, ""arg2_dtype"": ""torch.float16"", ""arg2_dtype_size"": 2, ""arg2_dtype_cat"": 2}",0.020320000126957893
layer_norm,821fc5b0706bb961,decf2056869ee2b5,"{""block_sizes"": [1], ""reduction_loops"": [1024], ""range_unroll_factors"": [0], ""range_warp_specializes"": [null], ""range_num_stages"": [0], ""range_multi_buffers"": [null], ""range_flattens"": [null], ""load_eviction_policies"": ["""", ""last"", ""first"", """", ""last"", ""first"", ""last"", ""last""], ""num_warps"": 1, ""num_stages"": 2, ""indexing"": [""pointer"", ""tensor_descriptor"", ""pointer"", ""tensor_descriptor"", ""tensor_descriptor"", ""pointer"", ""pointer"", ""pointer"", ""tensor_descriptor"", ""pointer""], ""atomic_indexing"": [], ""pid_type"": ""flat""}","{""arg0_ndim"": 2, ""arg0_dim0"": 4096, ""arg0_dim1"": 4096, ""arg0_numel"": 16777216, ""arg0_dtype"": ""torch.float16"", ""arg0_dtype_size"": 2, ""arg0_dtype_cat"": 2, ""arg1_ndim"": 1, ""arg1_dim0"": 4096, ""arg1_numel"": 4096, ""arg1_dtype"": ""torch.float16"", ""arg1_dtype_size"": 2, ""arg1_dtype_cat"": 2, ""arg2_ndim"": 1, ""arg2_dim0"": 4096, ""arg2_numel"": 4096, ""arg2_dtype"": ""torch.float16"", ""arg2_dtype_size"": 2, ""arg2_dtype_cat"": 2}",0.020479999482631683
layer_norm,821fc5b0706bb961,43acbd1ca50d4ca3,"{""block_sizes"": [1], ""reduction_loops"": [null], ""range_unroll_factors"": [0], ""range_warp_specializes"": [null], ""range_num_stages"": [0], ""range_multi_buffers"": [null], ""range_flattens"": [null], ""load_eviction_policies"": [""first"", """", """", ""first"", """", ""last"", ""first"", """"], ""num_warps"": 8, ""num_stages"": 4, ""indexing"": [""pointer"", ""tensor_descriptor"", ""pointer"", ""pointer"", ""pointer"", ""pointer"", ""tensor_descriptor"", ""pointer"", ""tensor_descriptor"", ""tensor_descriptor""], ""atomic_indexing"": [], ""pid_type"": ""flat""}","{""arg0_ndim"": 2, ""arg0_dim0"": 4096, ""arg0_dim1"": 4096, ""arg0_numel"": 16777216, ""arg0_dtype"": ""torch.float16"", ""arg0_dtype_size"": 2, ""arg0_dtype_cat"": 2, ""arg1_ndim"": 1, ""arg1_dim0"": 4096, ""arg1_numel"": 4096, ""arg1_dtype"": ""torch.float16"", ""arg1_dtype_size"": 2, ""arg1_dtype_cat"": 2, ""arg2_ndim"": 1, ""arg2_dim0"": 4096, ""arg2_numel"": 4096, ""arg2_dtype"": ""torch.float16"", ""arg2_dtype_size"": 2, ""arg2_dtype_cat"": 2}",0.018432000651955605
layer_norm,821fc5b0706bb961,869c54e4b955a8c6,"{""block_sizes"": [1], ""reduction_loops"": [2048], ""range_unroll_factors"": [0], ""range_warp_specializes"": [null], ""range_num_stages"": [0], ""range_multi_buffers"": [null], ""range_flattens"": [null], ""load_eviction_policies"": [""last"", """", ""first"", """", """", ""last"", """", ""last""], ""num_warps"": 8, ""num_stages"": 4, ""indexing"": [""tensor_descriptor"", ""pointer"", ""pointer"", ""tensor_descriptor"", ""pointer"", ""tensor_descriptor"", ""pointer"", ""pointer"", ""tensor_descriptor"", ""tensor_descriptor""], ""atomic_indexing"": [], ""pid_type"": ""flat""}","{""arg0_ndim"": 2, ""arg0_dim0"": 4096, ""arg0_dim1"": 4096, ""arg0_numel"": 16777216, ""arg0_dtype"": ""torch.float16"", ""arg0_dtype_size"": 2, ""arg0_dtype_cat"": 2, ""arg1_ndim"": 1, ""arg1_dim0"": 4096, ""arg1_numel"": 4096, ""arg1_dtype"": ""torch.float16"", ""arg1_dtype_size"": 2, ""arg1_dtype_cat"": 2, ""arg2_ndim"": 1, ""arg2_dim0"": 4096, ""arg2_numel"": 4096, ""arg2_dtype"": ""torch.float16"", ""arg2_dtype_size"": 2, ""arg2_dtype_cat"": 2}",0.02252800017595291
layer_norm,18cf8a14312b2233,178e7391546ae2da,"{""block_sizes"": [1], ""reduction_loops"": [null], ""range_unroll_factors"": [0], ""range_warp_specializes"": [null], ""range_num_stages"": [0], ""range_multi_buffers"": [null], ""range_flattens"": [null], ""load_eviction_policies"": [""first"", """", ""last"", """", ""last"", ""last"", ""last"", """"], ""num_warps"": 4, ""num_stages"": 7, ""indexing"": [""pointer"", ""pointer"", ""tensor_descriptor"", ""pointer"", ""tensor_descriptor"", ""pointer"", ""tensor_descriptor"", ""pointer"", ""pointer"", ""pointer""], ""atomic_indexing"": [], ""pid_type"": ""flat""}","{""arg0_ndim"": 2, ""arg0_dim0"": 4096, ""arg0_dim1"": 4608, ""arg0_numel"": 18874368, ""arg0_dtype"": ""torch.float16"", ""arg0_dtype_size"": 2, ""arg0_dtype_cat"": 2, ""arg1_ndim"": 1, ""arg1_dim0"": 4608, ""arg1_numel"": 4608, ""arg1_dtype"": ""torch.float16"", ""arg1_dtype_size"": 2, ""arg1_dtype_cat"": 2, ""arg2_ndim"": 1, ""arg2_dim0"": 4608, ""arg2_numel"": 4608, ""arg2_dtype"": ""torch.float16"", ""arg2_dtype_size"": 2, ""arg2_dtype_cat"": 2}",0.03276799991726875
layer_norm,18cf8a14312b2233,decf2056869ee2b5,"{""block_sizes"": [1], ""reduction_loops"": [1024], ""range_unroll_factors"": [0], ""range_warp_specializes"": [null], ""range_num_stages"": [0], ""range_multi_buffers"": [null], ""range_flattens"": [null], ""load_eviction_policies"": ["""", ""last"", ""first"", """", ""last"", ""first"", ""last"", ""last""], ""num_warps"": 1, ""num_stages"": 2, ""indexing"": [""pointer"", ""tensor_descriptor"", ""pointer"", ""tensor_descriptor"", ""tensor_descriptor"", ""pointer"", ""pointer"", ""pointer"", ""tensor_descriptor"", ""pointer""], ""atomic_indexing"": [], ""pid_type"": ""flat""}","{""arg0_ndim"": 2, ""arg0_dim0"": 4096, ""arg0_dim1"": 4608, ""arg0_numel"": 18874368, ""arg0_dtype"": ""torch.float16"", ""arg0_dtype_size"": 2, ""arg0_dtype_cat"": 2, ""arg1_ndim"": 1, ""arg1_dim0"": 4608, ""arg1_numel"": 4608, ""arg1_dtype"": ""torch.float16"", ""arg1_dtype_size"": 2, ""arg1_dtype_cat"": 2, ""arg2_ndim"": 1, ""arg2_dim0"": 4608, ""arg2_numel"": 4608, ""arg2_dtype"": ""torch.float16"", ""arg2_dtype_size"": 2, ""arg2_dtype_cat"": 2}",0.024480000138282776
layer_norm,18cf8a14312b2233,43acbd1ca50d4ca3,"{""block_sizes"": [1], ""reduction_loops"": [null], ""range_unroll_factors"": [0], ""range_warp_specializes"": [null], ""range_num_stages"": [0], ""range_multi_buffers"": [null], ""range_flattens"": [null], ""load_eviction_policies"": [""first"", """", """", ""first"", """", ""last"", ""first"", """"], ""num_warps"": 8, ""num_stages"": 4, ""indexing"": [""pointer"", ""tensor_descriptor"", ""pointer"", ""pointer"", ""pointer"", ""pointer"", ""tensor_descriptor"", ""pointer"", ""tensor_descriptor"", ""tensor_descriptor""], ""atomic_indexing"": [], ""pid_type"": ""flat""}","{""arg0_ndim"": 2, ""arg0_dim0"": 4096, ""arg0_dim1"": 4608, ""arg0_numel"": 18874368, ""arg0_dtype"": ""torch.float16"", ""arg0_dtype_size"": 2, ""arg0_dtype_cat"": 2, ""arg1_ndim"": 1, ""arg1_dim0"": 4608, ""arg1_numel"": 4608, ""arg1_dtype"": ""torch.float16"", ""arg1_dtype_size"": 2, ""arg1_dtype_cat"": 2, ""arg2_ndim"": 1, ""arg2_dim0"": 4608, ""arg2_numel"": 4608, ""arg2_dtype"": ""torch.float16"", ""arg2_dtype_size"": 2, ""arg2_dtype_cat"": 2}",0.026623999699950218
layer_norm,18cf8a14312b2233,869c54e4b955a8c6,"{""block_sizes"": [1], ""reduction_loops"": [2048], ""range_unroll_factors"": [0], ""range_warp_specializes"": [null], ""range_num_stages"": [0], ""range_multi_buffers"": [null], ""range_flattens"": [null], ""load_eviction_policies"": [""last"", """", ""first"", """", """", ""last"", """", ""last""], ""num_warps"": 8, ""num_stages"": 4, ""indexing"": [""tensor_descriptor"", ""pointer"", ""pointer"", ""tensor_descriptor"", ""pointer"", ""tensor_descriptor"", ""pointer"", ""pointer"", ""tensor_descriptor"", ""tensor_descriptor""], ""atomic_indexing"": [], ""pid_type"": ""flat""}","{""arg0_ndim"": 2, ""arg0_dim0"": 4096, ""arg0_dim1"": 4608, ""arg0_numel"": 18874368, ""arg0_dtype"": ""torch.float16"", ""arg0_dtype_size"": 2, ""arg0_dtype_cat"": 2, ""arg1_ndim"": 1, ""arg1_dim0"": 4608, ""arg1_numel"": 4608, ""arg1_dtype"": ""torch.float16"", ""arg1_dtype_size"": 2, ""arg1_dtype_cat"": 2, ""arg2_ndim"": 1, ""arg2_dim0"": 4608, ""arg2_numel"": 4608, ""arg2_dtype"": ""torch.float16"", ""arg2_dtype_size"": 2, ""arg2_dtype_cat"": 2}",0.026688000187277794
layer_norm,93a74e8591eadff7,178e7391546ae2da,"{""block_sizes"": [1], ""reduction_loops"": [null], ""range_unroll_factors"": [0], ""range_warp_specializes"": [null], ""range_num_stages"": [0], ""range_multi_buffers"": [null], ""range_flattens"": [null], ""load_eviction_policies"": [""first"", """", ""last"", """", ""last"", ""last"", ""last"", """"], ""num_warps"": 4, ""num_stages"": 7, ""indexing"": [""pointer"", ""pointer"", ""tensor_descriptor"", ""pointer"", ""tensor_descriptor"", ""pointer"", ""tensor_descriptor"", ""pointer"", ""pointer"", ""pointer""], ""atomic_indexing"": [], ""pid_type"": ""flat""}","{""arg0_ndim"": 2, ""arg0_dim0"": 4096, ""arg0_dim1"": 5120, ""arg0_numel"": 20971520, ""arg0_dtype"": ""torch.float16"", ""arg0_dtype_size"": 2, ""arg0_dtype_cat"": 2, ""arg1_ndim"": 1, ""arg1_dim0"": 5120, ""arg1_numel"": 5120, ""arg1_dtype"": ""torch.float16"", ""arg1_dtype_size"": 2, ""arg1_dtype_cat"": 2, ""arg2_ndim"": 1, ""arg2_dim0"": 5120, ""arg2_numel"": 5120, ""arg2_dtype"": ""torch.float16"", ""arg2_dtype_size"": 2, ""arg2_dtype_cat"": 2}",0.033824000507593155
layer_norm,93a74e8591eadff7,decf2056869ee2b5,"{""block_sizes"": [1], ""reduction_loops"": [1024], ""range_unroll_factors"": [0], ""range_warp_specializes"": [null], ""range_num_stages"": [0], ""range_multi_buffers"": [null], ""range_flattens"": [null], ""load_eviction_policies"": ["""", ""last"", ""first"", """", ""last"", ""first"", ""last"", ""last""], ""num_warps"": 1, ""num_stages"": 2, ""indexing"": [""pointer"", ""tensor_descriptor"", ""pointer"", ""tensor_descriptor"", ""tensor_descriptor"", ""pointer"", ""pointer"", ""pointer"", ""tensor_descriptor"", ""pointer""], ""atomic_indexing"": [], ""pid_type"": ""flat""}","{""arg0_ndim"": 2, ""arg0_dim0"": 4096, ""arg0_dim1"": 5120, ""arg0_numel"": 20971520, ""arg0_dtype"": ""torch.float16"", ""arg0_dtype_size"": 2, ""arg0_dtype_cat"": 2, ""arg1_ndim"": 1, ""arg1_dim0"": 5120, ""arg1_numel"": 5120, ""arg1_dtype"": ""torch.float16"", ""arg1_dtype_size"": 2, ""arg1_dtype_cat"": 2, ""arg2_ndim"": 1, ""arg2_dim0"": 5120, ""arg2_numel"": 5120, ""arg2_dtype"": ""torch.float16"", ""arg2_dtype_size"": 2, ""arg2_dtype_cat"": 2}",0.02457600086927414
layer_norm,93a74e8591eadff7,43acbd1ca50d4ca3,"{""block_sizes"": [1], ""reduction_loops"": [null], ""range_unroll_factors"": [0], ""range_warp_specializes"": [null], ""range_num_stages"": [0], ""range_multi_buffers"": [null], ""range_flattens"": [null], ""load_eviction_policies"": [""first"", """", """", ""first"", """", ""last"", ""first"", """"], ""num_warps"": 8, ""num_stages"": 4, ""indexing"": [""pointer"", ""tensor_descriptor"", ""pointer"", ""pointer"", ""pointer"", ""pointer"", ""tensor_descriptor"", ""pointer"", ""tensor_descriptor"", ""tensor_descriptor""], ""atomic_indexing"": [], ""pid_type"": ""flat""}","{""arg0_ndim"": 2, ""arg0_dim0"": 4096, ""arg0_dim1"": 5120, ""arg0_numel"": 20971520, ""arg0_dtype"": ""torch.float16"", ""arg0_dtype_size"": 2, ""arg0_dtype_cat"": 2, ""arg1_ndim"": 1, ""arg1_dim0"": 5120, ""arg1_numel"": 5120, ""arg1_dtype"": ""torch.float16"", ""arg1_dtype_size"": 2, ""arg1_dtype_cat"": 2, ""arg2_ndim"": 1, ""arg2_dim0"": 5120, ""arg2_numel"": 5120, ""arg2_dtype"": ""torch.float16"", ""arg2_dtype_size"": 2, ""arg2_dtype_cat"": 2}",0.026623999699950218
layer_norm,93a74e8591eadff7,869c54e4b955a8c6,"{""block_sizes"": [1], ""reduction_loops"": [2048], ""range_unroll_factors"": [0], ""range_warp_specializes"": [null], ""range_num_stages"": [0], ""range_multi_buffers"": [null], ""range_flattens"": [null], ""load_eviction_policies"": [""last"", """", ""first"", """", """", ""last"", """", ""last""], ""num_warps"": 8, ""num_stages"": 4, ""indexing"": [""tensor_descriptor"", ""pointer"", ""pointer"", ""tensor_descriptor"", ""pointer"", ""tensor_descriptor"", ""pointer"", ""pointer"", ""tensor_descriptor"", ""tensor_descriptor""], ""atomic_indexing"": [], ""pid_type"": ""flat""}","{""arg0_ndim"": 2, ""arg0_dim0"": 4096, ""arg0_dim1"": 5120, ""arg0_numel"": 20971520, ""arg0_dtype"": ""torch.float16"", ""arg0_dtype_size"": 2, ""arg0_dtype_cat"": 2, ""arg1_ndim"": 1, ""arg1_dim0"": 5120, ""arg1_numel"": 5120, ""arg1_dtype"": ""torch.float16"", ""arg1_dtype_size"": 2, ""arg1_dtype_cat"": 2, ""arg2_ndim"": 1, ""arg2_dim0"": 5120, ""arg2_numel"": 5120, ""arg2_dtype"": ""torch.float16"", ""arg2_dtype_size"": 2, ""arg2_dtype_cat"": 2}",0.028672000393271446
layer_norm,8be1c16b145d0d29,178e7391546ae2da,"{""block_sizes"": [1], ""reduction_loops"": [null], ""range_unroll_factors"": [0], ""range_warp_specializes"": [null], ""range_num_stages"": [0], ""range_multi_buffers"": [null], ""range_flattens"": [null], ""load_eviction_policies"": [""first"", """", ""last"", """", ""last"", ""last"", ""last"", """"], ""num_warps"": 4, ""num_stages"": 7, ""indexing"": [""pointer"", ""pointer"", ""tensor_descriptor"", ""pointer"", ""tensor_descriptor"", ""pointer"", ""tensor_descriptor"", ""pointer"", ""pointer"", ""pointer""], ""atomic_indexing"": [], ""pid_type"": ""flat""}","{""arg0_ndim"": 2, ""arg0_dim0"": 4096, ""arg0_dim1"": 5632, ""arg0_numel"": 23068672, ""arg0_dtype"": ""torch.float16"", ""arg0_dtype_size"": 2, ""arg0_dtype_cat"": 2, ""arg1_ndim"": 1, ""arg1_dim0"": 5632, ""arg1_numel"": 5632, ""arg1_dtype"": ""torch.float16"", ""arg1_dtype_size"": 2, ""arg1_dtype_cat"": 2, ""arg2_ndim"": 1, ""arg2_dim0"": 5632, ""arg2_numel"": 5632, ""arg2_dtype"": ""torch.float16"", ""arg2_dtype_size"": 2, ""arg2_dtype_cat"": 2}",0.03481600061058998
layer_norm,8be1c16b145d0d29,decf2056869ee2b5,"{""block_sizes"": [1], ""reduction_loops"": [1024], ""range_unroll_factors"": [0], ""range_warp_specializes"": [null], ""range_num_stages"": [0], ""range_multi_buffers"": [null], ""range_flattens"": [null], ""load_eviction_policies"": ["""", ""last"", ""first"", """", ""last"", ""first"", ""last"", ""last""], ""num_warps"": 1, ""num_stages"": 2, ""indexing"": [""pointer"", ""tensor_descriptor"", ""pointer"", ""tensor_descriptor"", ""tensor_descriptor"", ""pointer"", ""pointer"", ""pointer"", ""tensor_descriptor"", ""pointer""], ""atomic_indexing"": [], ""pid_type"": ""flat""}","{""arg0_ndim"": 2, ""arg0_dim0"": 4096, ""arg0_dim1"": 5632, ""arg0_numel"": 23068672, ""arg0_dtype"": ""torch.float16"", ""arg0_dtype_size"": 2, ""arg0_dtype_cat"": 2, ""arg1_ndim"": 1, ""arg1_dim0"": 5632, ""arg1_numel"": 5632, ""arg1_dtype"": ""torch.float16"", ""arg1_dtype_size"": 2, ""arg1_dtype_cat"": 2, ""arg2_ndim"": 1, ""arg2_dim0"": 5632, ""arg2_numel"": 5632, ""arg2_dtype"": ""torch.float16"", ""arg2_dtype_size"": 2, ""arg2_dtype_cat"": 2}",0.026688000187277794
layer_norm,8be1c16b145d0d29,43acbd1ca50d4ca3,"{""block_sizes"": [1], ""reduction_loops"": [null], ""range_unroll_factors"": [0], ""range_warp_specializes"": [null], ""range_num_stages"": [0], ""range_multi_buffers"": [null], ""range_flattens"": [null], ""load_eviction_policies"": [""first"", """", """", ""first"", """", ""last"", ""first"", """"], ""num_warps"": 8, ""num_stages"": 4, ""indexing"": [""pointer"", ""tensor_descriptor"", ""pointer"", ""pointer"", ""pointer"", ""pointer"", ""tensor_descriptor"", ""pointer"", ""tensor_descriptor"", ""tensor_descriptor""], ""atomic_indexing"": [], ""pid_type"": ""flat""}","{""arg0_ndim"": 2, ""arg0_dim0"": 4096, ""arg0_dim1"": 5632, ""arg0_numel"": 23068672, ""arg0_dtype"": ""torch.float16"", ""arg0_dtype_size"": 2, ""arg0_dtype_cat"": 2, ""arg1_ndim"": 1, ""arg1_dim0"": 5632, ""arg1_numel"": 5632, ""arg1_dtype"": ""torch.float16"", ""arg1_dtype_size"": 2, ""arg1_dtype_cat"": 2, ""arg2_ndim"": 1, ""arg2_dim0"": 5632, ""arg2_numel"": 5632, ""arg2_dtype"": ""torch.float16"", ""arg2_dtype_size"": 2, ""arg2_dtype_cat"": 2}",0.026623999699950218
layer_norm,8be1c16b145d0d29,869c54e4b955a8c6,"{""block_sizes"": [1], ""reduction_loops"": [2048], ""range_unroll_factors"": [0], ""range_warp_specializes"": [null], ""range_num_stages"": [0], ""range_multi_buffers"": [null], ""range_flattens"": [null], ""load_eviction_policies"": [""last"", """", ""first"", """", """", ""last"", """", ""last""], ""num_warps"": 8, ""num_stages"": 4, ""indexing"": [""tensor_descriptor"", ""pointer"", ""pointer"", ""tensor_descriptor"", ""pointer"", ""tensor_descriptor"", ""pointer"", ""pointer"", ""tensor_descriptor"", ""tensor_descriptor""], ""atomic_indexing"": [], ""pid_type"": ""flat""}","{""arg0_ndim"": 2, ""arg0_dim0"": 4096, ""arg0_dim1"": 5632, ""arg0_numel"": 23068672, ""arg0_dtype"": ""torch.float16"", ""arg0_dtype_size"": 2, ""arg0_dtype_cat"": 2, ""arg1_ndim"": 1, ""arg1_dim0"": 5632, ""arg1_numel"": 5632, ""arg1_dtype"": ""torch.float16"", ""arg1_dtype_size"": 2, ""arg1_dtype_cat"": 2, ""arg2_ndim"": 1, ""arg2_dim0"": 5632, ""arg2_numel"": 5632, ""arg2_dtype"": ""torch.float16"", ""arg2_dtype_size"": 2, ""arg2_dtype_cat"": 2}",0.028672000393271446
layer_norm,76dce875a17ac883,178e7391546ae2da,"{""block_sizes"": [1], ""reduction_loops"": [null], ""range_unroll_factors"": [0], ""range_warp_specializes"": [null], ""range_num_stages"": [0], ""range_multi_buffers"": [null], ""range_flattens"": [null], ""load_eviction_policies"": [""first"", """", ""last"", """", ""last"", ""last"", ""last"", """"], ""num_warps"": 4, ""num_stages"": 7, ""indexing"": [""pointer"", ""pointer"", ""tensor_descriptor"", ""pointer"", ""tensor_descriptor"", ""pointer"", ""tensor_descriptor"", ""pointer"", ""pointer"", ""pointer""], ""atomic_indexing"": [], ""pid_type"": ""flat""}","{""arg0_ndim"": 2, ""arg0_dim0"": 4096, ""arg0_dim1"": 6144, ""arg0_numel"": 25165824, ""arg0_dtype"": ""torch.float16"", ""arg0_dtype_size"": 2, ""arg0_dtype_cat"": 2, ""arg1_ndim"": 1, ""arg1_dim0"": 6144, ""arg1_numel"": 6144, ""arg1_dtype"": ""torch.float16"", ""arg1_dtype_size"": 2, ""arg1_dtype_cat"": 2, ""arg2_ndim"": 1, ""arg2_dim0"": 6144, ""arg2_numel"": 6144, ""arg2_dtype"": ""torch.float16"", ""arg2_dtype_size"": 2, ""arg2_dtype_cat"": 2}",0.03484800085425377
layer_norm,76dce875a17ac883,decf2056869ee2b5,"{""block_sizes"": [1], ""reduction_loops"": [1024], ""range_unroll_factors"": [0], ""range_warp_specializes"": [null], ""range_num_stages"": [0], ""range_multi_buffers"": [null], ""range_flattens"": [null], ""load_eviction_policies"": ["""", ""last"", ""first"", """", ""last"", ""first"", ""last"", ""last""], ""num_warps"": 1, ""num_stages"": 2, ""indexing"": [""pointer"", ""tensor_descriptor"", ""pointer"", ""tensor_descriptor"", ""tensor_descriptor"", ""pointer"", ""pointer"", ""pointer"", ""tensor_descriptor"", ""pointer""], ""atomic_indexing"": [], ""pid_type"": ""flat""}","{""arg0_ndim"": 2, ""arg0_dim0"": 4096, ""arg0_dim1"": 6144, ""arg0_numel"": 25165824, ""arg0_dtype"": ""torch.float16"", ""arg0_dtype_size"": 2, ""arg0_dtype_cat"": 2, ""arg1_ndim"": 1, ""arg1_dim0"": 6144, ""arg1_numel"": 6144, ""arg1_dtype"": ""torch.float16"", ""arg1_dtype_size"": 2, ""arg1_dtype_cat"": 2, ""arg2_ndim"": 1, ""arg2_dim0"": 6144, ""arg2_numel"": 6144, ""arg2_dtype"": ""torch.float16"", ""arg2_dtype_size"": 2, ""arg2_dtype_cat"": 2}",0.028672000393271446
layer_norm,76dce875a17ac883,43acbd1ca50d4ca3,"{""block_sizes"": [1], ""reduction_loops"": [null], ""range_unroll_factors"": [0], ""range_warp_specializes"": [null], ""range_num_stages"": [0], ""range_multi_buffers"": [null], ""range_flattens"": [null], ""load_eviction_policies"": [""first"", """", """", ""first"", """", ""last"", ""first"", """"], ""num_warps"": 8, ""num_stages"": 4, ""indexing"": [""pointer"", ""tensor_descriptor"", ""pointer"", ""pointer"", ""pointer"", ""pointer"", ""tensor_descriptor"", ""pointer"", ""tensor_descriptor"", ""tensor_descriptor""], ""atomic_indexing"": [], ""pid_type"": ""flat""}","{""arg0_ndim"": 2, ""arg0_dim0"": 4096, ""arg0_dim1"": 6144, ""arg0_numel"": 25165824, ""arg0_dtype"": ""torch.float16"", ""arg0_dtype_size"": 2, ""arg0_dtype_cat"": 2, ""arg1_ndim"": 1, ""arg1_dim0"": 6144, ""arg1_numel"": 6144, ""arg1_dtype"": ""torch.float16"", ""arg1_dtype_size"": 2, ""arg1_dtype_cat"": 2, ""arg2_ndim"": 1, ""arg2_dim0"": 6144, ""arg2_numel"": 6144, ""arg2_dtype"": ""torch.float16"", ""arg2_dtype_size"": 2, ""arg2_dtype_cat"": 2}",0.026623999699950218
layer_norm,76dce875a17ac883,869c54e4b955a8c6,"{""block_sizes"": [1], ""reduction_loops"": [2048], ""range_unroll_factors"": [0], ""range_warp_specializes"": [null], ""range_num_stages"": [0], ""range_multi_buffers"": [null], ""range_flattens"": [null], ""load_eviction_policies"": [""last"", """", ""first"", """", """", ""last"", """", ""last""], ""num_warps"": 8, ""num_stages"": 4, ""indexing"": [""tensor_descriptor"", ""pointer"", ""pointer"", ""tensor_descriptor"", ""pointer"", ""tensor_descriptor"", ""pointer"", ""pointer"", ""tensor_descriptor"", ""tensor_descriptor""], ""atomic_indexing"": [], ""pid_type"": ""flat""}","{""arg0_ndim"": 2, ""arg0_dim0"": 4096, ""arg0_dim1"": 6144, ""arg0_numel"": 25165824, ""arg0_dtype"": ""torch.float16"", ""arg0_dtype_size"": 2, ""arg0_dtype_cat"": 2, ""arg1_ndim"": 1, ""arg1_dim0"": 6144, ""arg1_numel"": 6144, ""arg1_dtype"": ""torch.float16"", ""arg1_dtype_size"": 2, ""arg1_dtype_cat"": 2, ""arg2_ndim"": 1, ""arg2_dim0"": 6144, ""arg2_numel"": 6144, ""arg2_dtype"": ""torch.float16"", ""arg2_dtype_size"": 2, ""arg2_dtype_cat"": 2}",0.028704000636935234
layer_norm,316af1228858a93c,178e7391546ae2da,"{""block_sizes"": [1], ""reduction_loops"": [null], ""range_unroll_factors"": [0], ""range_warp_specializes"": [null], ""range_num_stages"": [0], ""range_multi_buffers"": [null], ""range_flattens"": [null], ""load_eviction_policies"": [""first"", """", ""last"", """", ""last"", ""last"", ""last"", """"], ""num_warps"": 4, ""num_stages"": 7, ""indexing"": [""pointer"", ""pointer"", ""tensor_descriptor"", ""pointer"", ""tensor_descriptor"", ""pointer"", ""tensor_descriptor"", ""pointer"", ""pointer"", ""pointer""], ""atomic_indexing"": [], ""pid_type"": ""flat""}","{""arg0_ndim"": 2, ""arg0_dim0"": 4096, ""arg0_dim1"": 6656, ""arg0_numel"": 27262976, ""arg0_dtype"": ""torch.float16"", ""arg0_dtype_size"": 2, ""arg0_dtype_cat"": 2, ""arg1_ndim"": 1, ""arg1_dim0"": 6656, ""arg1_numel"": 6656, ""arg1_dtype"": ""torch.float16"", ""arg1_dtype_size"": 2, ""arg1_dtype_cat"": 2, ""arg2_ndim"": 1, ""arg2_dim0"": 6656, ""arg2_numel"": 6656, ""arg2_dtype"": ""torch.float16"", ""arg2_dtype_size"": 2, ""arg2_dtype_cat"": 2}",0.03686400130391121
layer_norm,316af1228858a93c,decf2056869ee2b5,"{""block_sizes"": [1], ""reduction_loops"": [1024], ""range_unroll_factors"": [0], ""range_warp_specializes"": [null], ""range_num_stages"": [0], ""range_multi_buffers"": [null], ""range_flattens"": [null], ""load_eviction_policies"": ["""", ""last"", ""first"", """", ""last"", ""first"", ""last"", ""last""], ""num_warps"": 1, ""num_stages"": 2, ""indexing"": [""pointer"", ""tensor_descriptor"", ""pointer"", ""tensor_descriptor"", ""tensor_descriptor"", ""pointer"", ""pointer"", ""pointer"", ""tensor_descriptor"", ""pointer""], ""atomic_indexing"": [], ""pid_type"": ""flat""}","{""arg0_ndim"": 2, ""arg0_dim0"": 4096, ""arg0_dim1"": 6656, ""arg0_numel"": 27262976, ""arg0_dtype"": ""torch.float16"", ""arg0_dtype_size"": 2, ""arg0_dtype_cat"": 2, ""arg1_ndim"": 1, ""arg1_dim0"": 6656, ""arg1_numel"": 6656, ""arg1_dtype"": ""torch.float16"", ""arg1_dtype_size"": 2, ""arg1_dtype_cat"": 2, ""arg2_ndim"": 1, ""arg2_dim0"": 6656, ""arg2_numel"": 6656, ""arg2_dtype"": ""torch.float16"", ""arg2_dtype_size"": 2, ""arg2_dtype_cat"": 2}",0.0307839997112751
layer_norm,316af1228858a93c,43acbd1ca50d4ca3,"{""block_sizes"": [1], ""reduction_loops"": [null], ""range_unroll_factors"": [0], ""range_warp_specializes"": [null], ""range_num_stages"": [0], ""range_multi_buffers"": [null], ""range_flattens"": [null], ""load_eviction_policies"": [""first"", """", """", ""first"", """", ""last"", ""first"", """"], ""num_warps"": 8, ""num_stages"": 4, ""indexing"": [""pointer"", ""tensor_descriptor"", ""pointer"", ""pointer"", ""pointer"", ""pointer"", ""tensor_descriptor"", ""pointer"", ""tensor_descriptor"", ""tensor_descriptor""], ""atomic_indexing"": [], ""pid_type"": ""flat""}","{""arg0_ndim"": 2, ""arg0_dim0"": 4096, ""arg0_dim1"": 6656, ""arg0_numel"": 27262976, ""arg0_dtype"": ""torch.float16"", ""arg0_dtype_size"": 2, ""arg0_dtype_cat"": 2, ""arg1_ndim"": 1, ""arg1_dim0"": 6656, ""arg1_numel"": 6656, ""arg1_dtype"": ""torch.float16"", ""arg1_dtype_size"": 2, ""arg1_dtype_cat"": 2, ""arg2_ndim"": 1, ""arg2_dim0"": 6656, ""arg2_numel"": 6656, ""arg2_dtype"": ""torch.float16"", ""arg2_dtype_size"": 2, ""arg2_dtype_cat"": 2}",0.028672000393271446
layer_norm,316af1228858a93c,869c54e4b955a8c6,"{""block_sizes"": [1], ""reduction_loops"": [2048], ""range_unroll_factors"": [0], ""range_warp_specializes"": [null], ""range_num_stages"": [0], ""range_multi_buffers"": [null], ""range_flattens"": [null], ""load_eviction_policies"": [""last"", """", ""first"", """", """", ""last"", """", ""last""], ""num_warps"": 8, ""num_stages"": 4, ""indexing"": [""tensor_descriptor"", ""pointer"", ""pointer"", ""tensor_descriptor"", ""pointer"", ""tensor_descriptor"", ""pointer"", ""pointer"", ""tensor_descriptor"", ""tensor_descriptor""], ""atomic_indexing"": [], ""pid_type"": ""flat""}","{""arg0_ndim"": 2, ""arg0_dim0"": 4096, ""arg0_dim1"": 6656, ""arg0_numel"": 27262976, ""arg0_dtype"": ""torch.float16"", ""arg0_dtype_size"": 2, ""arg0_dtype_cat"": 2, ""arg1_ndim"": 1, ""arg1_dim0"": 6656, ""arg1_numel"": 6656, ""arg1_dtype"": ""torch.float16"", ""arg1_dtype_size"": 2, ""arg1_dtype_cat"": 2, ""arg2_ndim"": 1, ""arg2_dim0"": 6656, ""arg2_numel"": 6656, ""arg2_dtype"": ""torch.float16"", ""arg2_dtype_size"": 2, ""arg2_dtype_cat"": 2}",0.03276799991726875
layer_norm,be1d93123bdcc453,178e7391546ae2da,"{""block_sizes"": [1], ""reduction_loops"": [null], ""range_unroll_factors"": [0], ""range_warp_specializes"": [null], ""range_num_stages"": [0], ""range_multi_buffers"": [null], ""range_flattens"": [null], ""load_eviction_policies"": [""first"", """", ""last"", """", ""last"", ""last"", ""last"", """"], ""num_warps"": 4, ""num_stages"": 7, ""indexing"": [""pointer"", ""pointer"", ""tensor_descriptor"", ""pointer"", ""tensor_descriptor"", ""pointer"", ""tensor_descriptor"", ""pointer"", ""pointer"", ""pointer""], ""atomic_indexing"": [], ""pid_type"": ""flat""}","{""arg0_ndim"": 2, ""arg0_dim0"": 4096, ""arg0_dim1"": 7168, ""arg0_numel"": 29360128, ""arg0_dtype"": ""torch.float16"", ""arg0_dtype_size"": 2, ""arg0_dtype_cat"": 2, ""arg1_ndim"": 1, ""arg1_dim0"": 7168, ""arg1_numel"": 7168, ""arg1_dtype"": ""torch.float16"", ""arg1_dtype_size"": 2, ""arg1_dtype_cat"": 2, ""arg2_ndim"": 1, ""arg2_dim0"": 7168, ""arg2_numel"": 7168, ""arg2_dtype"": ""torch.float16"", ""arg2_dtype_size"": 2, ""arg2_dtype_cat"": 2}",0.03891199827194214
layer_norm,be1d93123bdcc453,decf2056869ee2b5,"{""block_sizes"": [1], ""reduction_loops"": [1024], ""range_unroll_factors"": [0], ""range_warp_specializes"": [null], ""range_num_stages"": [0], ""range_multi_buffers"": [null], ""range_flattens"": [null], ""load_eviction_policies"": ["""", ""last"", ""first"", """", ""last"", ""first"", ""last"", ""last""], ""num_warps"": 1, ""num_stages"": 2, ""indexing"": [""pointer"", ""tensor_descriptor"", ""pointer"", ""tensor_descriptor"", ""tensor_descriptor"", ""pointer"", ""pointer"", ""pointer"", ""tensor_descriptor"", ""pointer""], ""atomic_indexing"": [], ""pid_type"": ""flat""}","{""arg0_ndim"": 2, ""arg0_dim0"": 4096, ""arg0_dim1"": 7168, ""arg0_numel"": 29360128, ""arg0_dtype"": ""torch.float16"", ""arg0_dtype_size"": 2, ""arg0_dtype_cat"": 2, ""arg1_ndim"": 1, ""arg1_dim0"": 7168, ""arg1_numel"": 7168, ""arg1_dtype"": ""torch.float16"", ""arg1_dtype_size"": 2, ""arg1_dtype_cat"": 2, ""arg2_ndim"": 1, ""arg2_dim0"": 7168, ""arg2_numel"": 7168, ""arg2_dtype"": ""torch.float16"", ""arg2_dtype_size"": 2, ""arg2_dtype_cat"": 2}",0.03280000016093254
layer_norm,be1d93123bdcc453,43acbd1ca50d4ca3,"{""block_sizes"": [1], ""reduction_loops"": [null], ""range_unroll_factors"": [0], ""range_warp_specializes"": [null], ""range_num_stages"": [0], ""range_multi_buffers"": [null], ""range_flattens"": [null], ""load_eviction_policies"": [""first"", """", """", ""first"", """", ""last"", ""first"", """"], ""num_warps"": 8, ""num_stages"": 4, ""indexing"": [""pointer"", ""tensor_descriptor"", ""pointer"", ""pointer"", ""pointer"", ""pointer"", ""tensor_descriptor"", ""pointer"", ""tensor_descriptor"", ""tensor_descriptor""], ""atomic_indexing"": [], ""pid_type"": ""flat""}","{""arg0_ndim"": 2, ""arg0_dim0"": 4096, ""arg0_dim1"": 7168, ""arg0_numel"": 29360128, ""arg0_dtype"": ""torch.float16"", ""arg0_dtype_size"": 2, ""arg0_dtype_cat"": 2, ""arg1_ndim"": 1, ""arg1_dim0"": 7168, ""arg1_numel"": 7168, ""arg1_dtype"": ""torch.float16"", ""arg1_dtype_size"": 2, ""arg1_dtype_cat"": 2, ""arg2_ndim"": 1, ""arg2_dim0"": 7168, ""arg2_numel"": 7168, ""arg2_dtype"": ""torch.float16"", ""arg2_dtype_size"": 2, ""arg2_dtype_cat"": 2}",0.028672000393271446
layer_norm,be1d93123bdcc453,869c54e4b955a8c6,"{""block_sizes"": [1], ""reduction_loops"": [2048], ""range_unroll_factors"": [0], ""range_warp_specializes"": [null], ""range_num_stages"": [0], ""range_multi_buffers"": [null], ""range_flattens"": [null], ""load_eviction_policies"": [""last"", """", ""first"", """", """", ""last"", """", ""last""], ""num_warps"": 8, ""num_stages"": 4, ""indexing"": [""tensor_descriptor"", ""pointer"", ""pointer"", ""tensor_descriptor"", ""pointer"", ""tensor_descriptor"", ""pointer"", ""pointer"", ""tensor_descriptor"", ""tensor_descriptor""], ""atomic_indexing"": [], ""pid_type"": ""flat""}","{""arg0_ndim"": 2, ""arg0_dim0"": 4096, ""arg0_dim1"": 7168, ""arg0_numel"": 29360128, ""arg0_dtype"": ""torch.float16"", ""arg0_dtype_size"": 2, ""arg0_dtype_cat"": 2, ""arg1_ndim"": 1, ""arg1_dim0"": 7168, ""arg1_numel"": 7168, ""arg1_dtype"": ""torch.float16"", ""arg1_dtype_size"": 2, ""arg1_dtype_cat"": 2, ""arg2_ndim"": 1, ""arg2_dim0"": 7168, ""arg2_numel"": 7168, ""arg2_dtype"": ""torch.float16"", ""arg2_dtype_size"": 2, ""arg2_dtype_cat"": 2}",0.03283200040459633
layer_norm,b58c87b45e3d395a,178e7391546ae2da,"{""block_sizes"": [1], ""reduction_loops"": [null], ""range_unroll_factors"": [0], ""range_warp_specializes"": [null], ""range_num_stages"": [0], ""range_multi_buffers"": [null], ""range_flattens"": [null], ""load_eviction_policies"": [""first"", """", ""last"", """", ""last"", ""last"", ""last"", """"], ""num_warps"": 4, ""num_stages"": 7, ""indexing"": [""pointer"", ""pointer"", ""tensor_descriptor"", ""pointer"", ""tensor_descriptor"", ""pointer"", ""tensor_descriptor"", ""pointer"", ""pointer"", ""pointer""], ""atomic_indexing"": [], ""pid_type"": ""flat""}","{""arg0_ndim"": 2, ""arg0_dim0"": 4096, ""arg0_dim1"": 7680, ""arg0_numel"": 31457280, ""arg0_dtype"": ""torch.float16"", ""arg0_dtype_size"": 2, ""arg0_dtype_cat"": 2, ""arg1_ndim"": 1, ""arg1_dim0"": 7680, ""arg1_numel"": 7680, ""arg1_dtype"": ""torch.float16"", ""arg1_dtype_size"": 2, ""arg1_dtype_cat"": 2, ""arg2_ndim"": 1, ""arg2_dim0"": 7680, ""arg2_numel"": 7680, ""arg2_dtype"": ""torch.float16"", ""arg2_dtype_size"": 2, ""arg2_dtype_cat"": 2}",0.03891199827194214
layer_norm,b58c87b45e3d395a,decf2056869ee2b5,"{""block_sizes"": [1], ""reduction_loops"": [1024], ""range_unroll_factors"": [0], ""range_warp_specializes"": [null], ""range_num_stages"": [0], ""range_multi_buffers"": [null], ""range_flattens"": [null], ""load_eviction_policies"": ["""", ""last"", ""first"", """", ""last"", ""first"", ""last"", ""last""], ""num_warps"": 1, ""num_stages"": 2, ""indexing"": [""pointer"", ""tensor_descriptor"", ""pointer"", ""tensor_descriptor"", ""tensor_descriptor"", ""pointer"", ""pointer"", ""pointer"", ""tensor_descriptor"", ""pointer""], ""atomic_indexing"": [], ""pid_type"": ""flat""}","{""arg0_ndim"": 2, ""arg0_dim0"": 4096, ""arg0_dim1"": 7680, ""arg0_numel"": 31457280, ""arg0_dtype"": ""torch.float16"", ""arg0_dtype_size"": 2, ""arg0_dtype_cat"": 2, ""arg1_ndim"": 1, ""arg1_dim0"": 7680, ""arg1_numel"": 7680, ""arg1_dtype"": ""torch.float16"", ""arg1_dtype_size"": 2, ""arg1_dtype_cat"": 2, ""arg2_ndim"": 1, ""arg2_dim0"": 7680, ""arg2_numel"": 7680, ""arg2_dtype"": ""torch.float16"", ""arg2_dtype_size"": 2, ""arg2_dtype_cat"": 2}",0.036896001547575
layer_norm,b58c87b45e3d395a,43acbd1ca50d4ca3,"{""block_sizes"": [1], ""reduction_loops"": [null], ""range_unroll_factors"": [0], ""range_warp_specializes"": [null], ""range_num_stages"": [0], ""range_multi_buffers"": [null], ""range_flattens"": [null], ""load_eviction_policies"": [""first"", """", """", ""first"", """", ""last"", ""first"", """"], ""num_warps"": 8, ""num_stages"": 4, ""indexing"": [""pointer"", ""tensor_descriptor"", ""pointer"", ""pointer"", ""pointer"", ""pointer"", ""tensor_descriptor"", ""pointer"", ""tensor_descriptor"", ""tensor_descriptor""], ""atomic_indexing"": [], ""pid_type"": ""flat""}","{""arg0_ndim"": 2, ""arg0_dim0"": 4096, ""arg0_dim1"": 7680, ""arg0_numel"": 31457280, ""arg0_dtype"": ""torch.float16"", ""arg0_dtype_size"": 2, ""arg0_dtype_cat"": 2, ""arg1_ndim"": 1, ""arg1_dim0"": 7680, ""arg1_numel"": 7680, ""arg1_dtype"": ""torch.float16"", ""arg1_dtype_size"": 2, ""arg1_dtype_cat"": 2, ""arg2_ndim"": 1, ""arg2_dim0"": 7680, ""arg2_numel"": 7680, ""arg2_dtype"": ""torch.float16"", ""arg2_dtype_size"": 2, ""arg2_dtype_cat"": 2}",0.028672000393271446
layer_norm,b58c87b45e3d395a,869c54e4b955a8c6,"{""block_sizes"": [1], ""reduction_loops"": [2048], ""range_unroll_factors"": [0], ""range_warp_specializes"": [null], ""range_num_stages"": [0], ""range_multi_buffers"": [null], ""range_flattens"": [null], ""load_eviction_policies"": [""last"", """", ""first"", """", """", ""last"", """", ""last""], ""num_warps"": 8, ""num_stages"": 4, ""indexing"": [""tensor_descriptor"", ""pointer"", ""pointer"", ""tensor_descriptor"", ""pointer"", ""tensor_descriptor"", ""pointer"", ""pointer"", ""tensor_descriptor"", ""tensor_descriptor""], ""atomic_indexing"": [], ""pid_type"": ""flat""}","{""arg0_ndim"": 2, ""arg0_dim0"": 4096, ""arg0_dim1"": 7680, ""arg0_numel"": 31457280, ""arg0_dtype"": ""torch.float16"", ""arg0_dtype_size"": 2, ""arg0_dtype_cat"": 2, ""arg1_ndim"": 1, ""arg1_dim0"": 7680, ""arg1_numel"": 7680, ""arg1_dtype"": ""torch.float16"", ""arg1_dtype_size"": 2, ""arg1_dtype_cat"": 2, ""arg2_ndim"": 1, ""arg2_dim0"": 7680, ""arg2_numel"": 7680, ""arg2_dtype"": ""torch.float16"", ""arg2_dtype_size"": 2, ""arg2_dtype_cat"": 2}",0.03481600061058998
layer_norm,91c00f708d3eb2f9,178e7391546ae2da,"{""block_sizes"": [1], ""reduction_loops"": [null], ""range_unroll_factors"": [0], ""range_warp_specializes"": [null], ""range_num_stages"": [0], ""range_multi_buffers"": [null], ""range_flattens"": [null], ""load_eviction_policies"": [""first"", """", ""last"", """", ""last"", ""last"", ""last"", """"], ""num_warps"": 4, ""num_stages"": 7, ""indexing"": [""pointer"", ""pointer"", ""tensor_descriptor"", ""pointer"", ""tensor_descriptor"", ""pointer"", ""tensor_descriptor"", ""pointer"", ""pointer"", ""pointer""], ""atomic_indexing"": [], ""pid_type"": ""flat""}","{""arg0_ndim"": 2, ""arg0_dim0"": 4096, ""arg0_dim1"": 8192, ""arg0_numel"": 33554432, ""arg0_dtype"": ""torch.float16"", ""arg0_dtype_size"": 2, ""arg0_dtype_cat"": 2, ""arg1_ndim"": 1, ""arg1_dim0"": 8192, ""arg1_numel"": 8192, ""arg1_dtype"": ""torch.float16"", ""arg1_dtype_size"": 2, ""arg1_dtype_cat"": 2, ""arg2_ndim"": 1, ""arg2_dim0"": 8192, ""arg2_numel"": 8192, ""arg2_dtype"": ""torch.float16"", ""arg2_dtype_size"": 2, ""arg2_dtype_cat"": 2}",0.04076800122857094
layer_norm,91c00f708d3eb2f9,decf2056869ee2b5,"{""block_sizes"": [1], ""reduction_loops"": [1024], ""range_unroll_factors"": [0], ""range_warp_specializes"": [null], ""range_num_stages"": [0], ""range_multi_buffers"": [null], ""range_flattens"": [null], ""load_eviction_policies"": ["""", ""last"", ""first"", """", ""last"", ""first"", ""last"", ""last""], ""num_warps"": 1, ""num_stages"": 2, ""indexing"": [""pointer"", ""tensor_descriptor"", ""pointer"", ""tensor_descriptor"", ""tensor_descriptor"", ""pointer"", ""pointer"", ""pointer"", ""tensor_descriptor"", ""pointer""], ""atomic_indexing"": [], ""pid_type"": ""flat""}","{""arg0_ndim"": 2, ""arg0_dim0"": 4096, ""arg0_dim1"": 8192, ""arg0_numel"": 33554432, ""arg0_dtype"": ""torch.float16"", ""arg0_dtype_size"": 2, ""arg0_dtype_cat"": 2, ""arg1_ndim"": 1, ""arg1_dim0"": 8192, ""arg1_numel"": 8192, ""arg1_dtype"": ""torch.float16"", ""arg1_dtype_size"": 2, ""arg1_dtype_cat"": 2, ""arg2_ndim"": 1, ""arg2_dim0"": 8192, ""arg2_numel"": 8192, ""arg2_dtype"": ""torch.float16"", ""arg2_dtype_size"": 2, ""arg2_dtype_cat"": 2}",0.036896001547575
layer_norm,91c00f708d3eb2f9,43acbd1ca50d4ca3,"{""block_sizes"": [1], ""reduction_loops"": [null], ""range_unroll_factors"": [0], ""range_warp_specializes"": [null], ""range_num_stages"": [0], ""range_multi_buffers"": [null], ""range_flattens"": [null], ""load_eviction_policies"": [""first"", """", """", ""first"", """", ""last"", ""first"", """"], ""num_warps"": 8, ""num_stages"": 4, ""indexing"": [""pointer"", ""tensor_descriptor"", ""pointer"", ""pointer"", ""pointer"", ""pointer"", ""tensor_descriptor"", ""pointer"", ""tensor_descriptor"", ""tensor_descriptor""], ""atomic_indexing"": [], ""pid_type"": ""flat""}","{""arg0_ndim"": 2, ""arg0_dim0"": 4096, ""arg0_dim1"": 8192, ""arg0_numel"": 33554432, ""arg0_dtype"": ""torch.float16"", ""arg0_dtype_size"": 2, ""arg0_dtype_cat"": 2, ""arg1_ndim"": 1, ""arg1_dim0"": 8192, ""arg1_numel"": 8192, ""arg1_dtype"": ""torch.float16"", ""arg1_dtype_size"": 2, ""arg1_dtype_cat"": 2, ""arg2_ndim"": 1, ""arg2_dim0"": 8192, ""arg2_numel"": 8192, ""arg2_dtype"": ""torch.float16"", ""arg2_dtype_size"": 2, ""arg2_dtype_cat"": 2}",0.030688000842928886
layer_norm,91c00f708d3eb2f9,869c54e4b955a8c6,"{""block_sizes"": [1], ""reduction_loops"": [2048], ""range_unroll_factors"": [0], ""range_warp_specializes"": [null], ""range_num_stages"": [0], ""range_multi_buffers"": [null], ""range_flattens"": [null], ""load_eviction_policies"": [""last"", """", ""first"", """", """", ""last"", """", ""last""], ""num_warps"": 8, ""num_stages"": 4, ""indexing"": [""tensor_descriptor"", ""pointer"", ""pointer"", ""tensor_descriptor"", ""pointer"", ""tensor_descriptor"", ""pointer"", ""pointer"", ""tensor_descriptor"", ""tensor_descriptor""], ""atomic_indexing"": [], ""pid_type"": ""flat""}","{""arg0_ndim"": 2, ""arg0_dim0"": 4096, ""arg0_dim1"": 8192, ""arg0_numel"": 33554432, ""arg0_dtype"": ""torch.float16"", ""arg0_dtype_size"": 2, ""arg0_dtype_cat"": 2, ""arg1_ndim"": 1, ""arg1_dim0"": 8192, ""arg1_numel"": 8192, ""arg1_dtype"": ""torch.float16"", ""arg1_dtype_size"": 2, ""arg1_dtype_cat"": 2, ""arg2_ndim"": 1, ""arg2_dim0"": 8192, ""arg2_numel"": 8192, ""arg2_dtype"": ""torch.float16"", ""arg2_dtype_size"": 2, ""arg2_dtype_cat"": 2}",0.03481600061058998
layer_norm,c51d446941a9ae9e,178e7391546ae2da,"{""block_sizes"": [1], ""reduction_loops"": [null], ""range_unroll_factors"": [0], ""range_warp_specializes"": [null], ""range_num_stages"": [0], ""range_multi_buffers"": [null], ""range_flattens"": [null], ""load_eviction_policies"": [""first"", """", ""last"", """", ""last"", ""last"", ""last"", """"], ""num_warps"": 4, ""num_stages"": 7, ""indexing"": [""pointer"", ""pointer"", ""tensor_descriptor"", ""pointer"", ""tensor_descriptor"", ""pointer"", ""tensor_descriptor"", ""pointer"", ""pointer"", ""pointer""], ""atomic_indexing"": [], ""pid_type"": ""flat""}","{""arg0_ndim"": 2, ""arg0_dim0"": 4096, ""arg0_dim1"": 8704, ""arg0_numel"": 35651584, ""arg0_dtype"": ""torch.float16"", ""arg0_dtype_size"": 2, ""arg0_dtype_cat"": 2, ""arg1_ndim"": 1, ""arg1_dim0"": 8704, ""arg1_numel"": 8704, ""arg1_dtype"": ""torch.float16"", ""arg1_dtype_size"": 2, ""arg1_dtype_cat"": 2, ""arg2_ndim"": 1, ""arg2_dim0"": 8704, ""arg2_numel"": 8704, ""arg2_dtype"": ""torch.float16"", ""arg2_dtype_size"": 2, ""arg2_dtype_cat"": 2}",0.05939200147986412
layer_norm,c51d446941a9ae9e,decf2056869ee2b5,"{""block_sizes"": [1], ""reduction_loops"": [1024], ""range_unroll_factors"": [0], ""range_warp_specializes"": [null], ""range_num_stages"": [0], ""range_multi_buffers"": [null], ""range_flattens"": [null], ""load_eviction_policies"": ["""", ""last"", ""first"", """", ""last"", ""first"", ""last"", ""last""], ""num_warps"": 1, ""num_stages"": 2, ""indexing"": [""pointer"", ""tensor_descriptor"", ""pointer"", ""tensor_descriptor"", ""tensor_descriptor"", ""pointer"", ""pointer"", ""pointer"", ""tensor_descriptor"", ""pointer""], ""atomic_indexing"": [], ""pid_type"": ""flat""}","{""arg0_ndim"": 2, ""arg0_dim0"": 4096, ""arg0_dim1"": 8704, ""arg0_numel"": 35651584, ""arg0_dtype"": ""torch.float16"", ""arg0_dtype_size"": 2, ""arg0_dtype_cat"": 2, ""arg1_ndim"": 1, ""arg1_dim0"": 8704, ""arg1_numel"": 8704, ""arg1_dtype"": ""torch.float16"", ""arg1_dtype_size"": 2, ""arg1_dtype_cat"": 2, ""arg2_ndim"": 1, ""arg2_dim0"": 8704, ""arg2_numel"": 8704, ""arg2_dtype"": ""torch.float16"", ""arg2_dtype_size"": 2, ""arg2_dtype_cat"": 2}",0.040991999208927155
layer_norm,c51d446941a9ae9e,43acbd1ca50d4ca3,"{""block_sizes"": [1], ""reduction_loops"": [null], ""range_unroll_factors"": [0], ""range_warp_specializes"": [null], ""range_num_stages"": [0], ""range_multi_buffers"": [null], ""range_flattens"": [null], ""load_eviction_policies"": [""first"", """", """", ""first"", """", ""last"", ""first"", """"], ""num_warps"": 8, ""num_stages"": 4, ""indexing"": [""pointer"", ""tensor_descriptor"", ""pointer"", ""pointer"", ""pointer"", ""pointer"", ""tensor_descriptor"", ""pointer"", ""tensor_descriptor"", ""tensor_descriptor""], ""atomic_indexing"": [], ""pid_type"": ""flat""}","{""arg0_ndim"": 2, ""arg0_dim0"": 4096, ""arg0_dim1"": 8704, ""arg0_numel"": 35651584, ""arg0_dtype"": ""torch.float16"", ""arg0_dtype_size"": 2, ""arg0_dtype_cat"": 2, ""arg1_ndim"": 1, ""arg1_dim0"": 8704, ""arg1_numel"": 8704, ""arg1_dtype"": ""torch.float16"", ""arg1_dtype_size"": 2, ""arg1_dtype_cat"": 2, ""arg2_ndim"": 1, ""arg2_dim0"": 8704, ""arg2_numel"": 8704, ""arg2_dtype"": ""torch.float16"", ""arg2_dtype_size"": 2, ""arg2_dtype_cat"": 2}",0.053408000618219376
layer_norm,c51d446941a9ae9e,869c54e4b955a8c6,"{""block_sizes"": [1], ""reduction_loops"": [2048], ""range_unroll_factors"": [0], ""range_warp_specializes"": [null], ""range_num_stages"": [0], ""range_multi_buffers"": [null], ""range_flattens"": [null], ""load_eviction_policies"": [""last"", """", ""first"", """", """", ""last"", """", ""last""], ""num_warps"": 8, ""num_stages"": 4, ""indexing"": [""tensor_descriptor"", ""pointer"", ""pointer"", ""tensor_descriptor"", ""pointer"", ""tensor_descriptor"", ""pointer"", ""pointer"", ""tensor_descriptor"", ""tensor_descriptor""], ""atomic_indexing"": [], ""pid_type"": ""flat""}","{""arg0_ndim"": 2, ""arg0_dim0"": 4096, ""arg0_dim1"": 8704, ""arg0_numel"": 35651584, ""arg0_dtype"": ""torch.float16"", ""arg0_dtype_size"": 2, ""arg0_dtype_cat"": 2, ""arg1_ndim"": 1, ""arg1_dim0"": 8704, ""arg1_numel"": 8704, ""arg1_dtype"": ""torch.float16"", ""arg1_dtype_size"": 2, ""arg1_dtype_cat"": 2, ""arg2_ndim"": 1, ""arg2_dim0"": 8704, ""arg2_numel"": 8704, ""arg2_dtype"": ""torch.float16"", ""arg2_dtype_size"": 2, ""arg2_dtype_cat"": 2}",0.038975998759269714
layer_norm,88f0b773ab53eaab,178e7391546ae2da,"{""block_sizes"": [1], ""reduction_loops"": [null], ""range_unroll_factors"": [0], ""range_warp_specializes"": [null], ""range_num_stages"": [0], ""range_multi_buffers"": [null], ""range_flattens"": [null], ""load_eviction_policies"": [""first"", """", ""last"", """", ""last"", ""last"", ""last"", """"], ""num_warps"": 4, ""num_stages"": 7, ""indexing"": [""pointer"", ""pointer"", ""tensor_descriptor"", ""pointer"", ""tensor_descriptor"", ""pointer"", ""tensor_descriptor"", ""pointer"", ""pointer"", ""pointer""], ""atomic_indexing"": [], ""pid_type"": ""flat""}","{""arg0_ndim"": 2, ""arg0_dim0"": 4096, ""arg0_dim1"": 9216, ""arg0_numel"": 37748736, ""arg0_dtype"": ""torch.float16"", ""arg0_dtype_size"": 2, ""arg0_dtype_cat"": 2, ""arg1_ndim"": 1, ""arg1_dim0"": 9216, ""arg1_numel"": 9216, ""arg1_dtype"": ""torch.float16"", ""arg1_dtype_size"": 2, ""arg1_dtype_cat"": 2, ""arg2_ndim"": 1, ""arg2_dim0"": 9216, ""arg2_numel"": 9216, ""arg2_dtype"": ""torch.float16"", ""arg2_dtype_size"": 2, ""arg2_dtype_cat"": 2}",0.05942400172352791
layer_norm,88f0b773ab53eaab,decf2056869ee2b5,"{""block_sizes"": [1], ""reduction_loops"": [1024], ""range_unroll_factors"": [0], ""range_warp_specializes"": [null], ""range_num_stages"": [0], ""range_multi_buffers"": [null], ""range_flattens"": [null], ""load_eviction_policies"": ["""", ""last"", ""first"", """", ""last"", ""first"", ""last"", ""last""], ""num_warps"": 1, ""num_stages"": 2, ""indexing"": [""pointer"", ""tensor_descriptor"", ""pointer"", ""tensor_descriptor"", ""tensor_descriptor"", ""pointer"", ""pointer"", ""pointer"", ""tensor_descriptor"", ""pointer""], ""atomic_indexing"": [], ""pid_type"": ""flat""}","{""arg0_ndim"": 2, ""arg0_dim0"": 4096, ""arg0_dim1"": 9216, ""arg0_numel"": 37748736, ""arg0_dtype"": ""torch.float16"", ""arg0_dtype_size"": 2, ""arg0_dtype_cat"": 2, ""arg1_ndim"": 1, ""arg1_dim0"": 9216, ""arg1_numel"": 9216, ""arg1_dtype"": ""torch.float16"", ""arg1_dtype_size"": 2, ""arg1_dtype_cat"": 2, ""arg2_ndim"": 1, ""arg2_dim0"": 9216, ""arg2_numel"": 9216, ""arg2_dtype"": ""torch.float16"", ""arg2_dtype_size"": 2, ""arg2_dtype_cat"": 2}",0.04303999990224838
layer_norm,88f0b773ab53eaab,43acbd1ca50d4ca3,"{""block_sizes"": [1], ""reduction_loops"": [null], ""range_unroll_factors"": [0], ""range_warp_specializes"": [null], ""range_num_stages"": [0], ""range_multi_buffers"": [null], ""range_flattens"": [null], ""load_eviction_policies"": [""first"", """", """", ""first"", """", ""last"", ""first"", """"], ""num_warps"": 8, ""num_stages"": 4, ""indexing"": [""pointer"", ""tensor_descriptor"", ""pointer"", ""pointer"", ""pointer"", ""pointer"", ""tensor_descriptor"", ""pointer"", ""tensor_descriptor"", ""tensor_descriptor""], ""atomic_indexing"": [], ""pid_type"": ""flat""}","{""arg0_ndim"": 2, ""arg0_dim0"": 4096, ""arg0_dim1"": 9216, ""arg0_numel"": 37748736, ""arg0_dtype"": ""torch.float16"", ""arg0_dtype_size"": 2, ""arg0_dtype_cat"": 2, ""arg1_ndim"": 1, ""arg1_dim0"": 9216, ""arg1_numel"": 9216, ""arg1_dtype"": ""torch.float16"", ""arg1_dtype_size"": 2, ""arg1_dtype_cat"": 2, ""arg2_ndim"": 1, ""arg2_dim0"": 9216, ""arg2_numel"": 9216, ""arg2_dtype"": ""torch.float16"", ""arg2_dtype_size"": 2, ""arg2_dtype_cat"": 2}",0.055296000093221664
layer_norm,88f0b773ab53eaab,869c54e4b955a8c6,"{""block_sizes"": [1], ""reduction_loops"": [2048], ""range_unroll_factors"": [0], ""range_warp_specializes"": [null], ""range_num_stages"": [0], ""range_multi_buffers"": [null], ""range_flattens"": [null], ""load_eviction_policies"": [""last"", """", ""first"", """", """", ""last"", """", ""last""], ""num_warps"": 8, ""num_stages"": 4, ""indexing"": [""tensor_descriptor"", ""pointer"", ""pointer"", ""tensor_descriptor"", ""pointer"", ""tensor_descriptor"", ""pointer"", ""pointer"", ""tensor_descriptor"", ""tensor_descriptor""], ""atomic_indexing"": [], ""pid_type"": ""flat""}","{""arg0_ndim"": 2, ""arg0_dim0"": 4096, ""arg0_dim1"": 9216, ""arg0_numel"": 37748736, ""arg0_dtype"": ""torch.float16"", ""arg0_dtype_size"": 2, ""arg0_dtype_cat"": 2, ""arg1_ndim"": 1, ""arg1_dim0"": 9216, ""arg1_numel"": 9216, ""arg1_dtype"": ""torch.float16"", ""arg1_dtype_size"": 2, ""arg1_dtype_cat"": 2, ""arg2_ndim"": 1, ""arg2_dim0"": 9216, ""arg2_numel"": 9216, ""arg2_dtype"": ""torch.float16"", ""arg2_dtype_size"": 2, ""arg2_dtype_cat"": 2}",0.04095999896526337
layer_norm,a8ceaf8d64ea6d58,178e7391546ae2da,"{""block_sizes"": [1], ""reduction_loops"": [null], ""range_unroll_factors"": [0], ""range_warp_specializes"": [null], ""range_num_stages"": [0], ""range_multi_buffers"": [null], ""range_flattens"": [null], ""load_eviction_policies"": [""first"", """", ""last"", """", ""last"", ""last"", ""last"", """"], ""num_warps"": 4, ""num_stages"": 7, ""indexing"": [""pointer"", ""pointer"", ""tensor_descriptor"", ""pointer"", ""tensor_descriptor"", ""pointer"", ""tensor_descriptor"", ""pointer"", ""pointer"", ""pointer""], ""atomic_indexing"": [], ""pid_type"": ""flat""}","{""arg0_ndim"": 2, ""arg0_dim0"": 4096, ""arg0_dim1"": 9728, ""arg0_numel"": 39845888, ""arg0_dtype"": ""torch.float16"", ""arg0_dtype_size"": 2, ""arg0_dtype_cat"": 2, ""arg1_ndim"": 1, ""arg1_dim0"": 9728, ""arg1_numel"": 9728, ""arg1_dtype"": ""torch.float16"", ""arg1_dtype_size"": 2, ""arg1_dtype_cat"": 2, ""arg2_ndim"": 1, ""arg2_dim0"": 9728, ""arg2_numel"": 9728, ""arg2_dtype"": ""torch.float16"", ""arg2_dtype_size"": 2, ""arg2_dtype_cat"": 2}",0.05951999872922897
layer_norm,a8ceaf8d64ea6d58,decf2056869ee2b5,"{""block_sizes"": [1], ""reduction_loops"": [1024], ""range_unroll_factors"": [0], ""range_warp_specializes"": [null], ""range_num_stages"": [0], ""range_multi_buffers"": [null], ""range_flattens"": [null], ""load_eviction_policies"": ["""", ""last"", ""first"", """", ""last"", ""first"", ""last"", ""last""], ""num_warps"": 1, ""num_stages"": 2, ""indexing"": [""pointer"", ""tensor_descriptor"", ""pointer"", ""tensor_descriptor"", ""tensor_descriptor"", ""pointer"", ""pointer"", ""pointer"", ""tensor_descriptor"", ""pointer""], ""atomic_indexing"": [], ""pid_type"": ""flat""}","{""arg0_ndim"": 2, ""arg0_dim0"": 4096, ""arg0_dim1"": 9728, ""arg0_numel"": 39845888, ""arg0_dtype"": ""torch.float16"", ""arg0_dtype_size"": 2, ""arg0_dtype_cat"": 2, ""arg1_ndim"": 1, ""arg1_dim0"": 9728, ""arg1_numel"": 9728, ""arg1_dtype"": ""torch.float16"", ""arg1_dtype_size"": 2, ""arg1_dtype_cat"": 2, ""arg2_ndim"": 1, ""arg2_dim0"": 9728, ""arg2_numel"": 9728, ""arg2_dtype"": ""torch.float16"", ""arg2_dtype_size"": 2, ""arg2_dtype_cat"": 2}",0.04713600128889084
layer_norm,a8ceaf8d64ea6d58,43acbd1ca50d4ca3,"{""block_sizes"": [1], ""reduction_loops"": [null], ""range_unroll_factors"": [0], ""range_warp_specializes"": [null], ""range_num_stages"": [0], ""range_multi_buffers"": [null], ""range_flattens"": [null], ""load_eviction_policies"": [""first"", """", """", ""first"", """", ""last"", ""first"", """"], ""num_warps"": 8, ""num_stages"": 4, ""indexing"": [""pointer"", ""tensor_descriptor"", ""pointer"", ""pointer"", ""pointer"", ""pointer"", ""tensor_descriptor"", ""pointer"", ""tensor_descriptor"", ""tensor_descriptor""], ""atomic_indexing"": [], ""pid_type"": ""flat""}","{""arg0_ndim"": 2, ""arg0_dim0"": 4096, ""arg0_dim1"": 9728, ""arg0_numel"": 39845888, ""arg0_dtype"": ""torch.float16"", ""arg0_dtype_size"": 2, ""arg0_dtype_cat"": 2, ""arg1_ndim"": 1, ""arg1_dim0"": 9728, ""arg1_numel"": 9728, ""arg1_dtype"": ""torch.float16"", ""arg1_dtype_size"": 2, ""arg1_dtype_cat"": 2, ""arg2_ndim"": 1, ""arg2_dim0"": 9728, ""arg2_numel"": 9728, ""arg2_dtype"": ""torch.float16"", ""arg2_dtype_size"": 2, ""arg2_dtype_cat"": 2}",0.05734400078654289
layer_norm,a8ceaf8d64ea6d58,869c54e4b955a8c6,"{""block_sizes"": [1], ""reduction_loops"": [2048], ""range_unroll_factors"": [0], ""range_warp_specializes"": [null], ""range_num_stages"": [0], ""range_multi_buffers"": [null], ""range_flattens"": [null], ""load_eviction_policies"": [""last"", """", ""first"", """", """", ""last"", """", ""last""], ""num_warps"": 8, ""num_stages"": 4, ""indexing"": [""tensor_descriptor"", ""pointer"", ""pointer"", ""tensor_descriptor"", ""pointer"", ""tensor_descriptor"", ""pointer"", ""pointer"", ""tensor_descriptor"", ""tensor_descriptor""], ""atomic_indexing"": [], ""pid_type"": ""flat""}","{""arg0_ndim"": 2, ""arg0_dim0"": 4096, ""arg0_dim1"": 9728, ""arg0_numel"": 39845888, ""arg0_dtype"": ""torch.float16"", ""arg0_dtype_size"": 2, ""arg0_dtype_cat"": 2, ""arg1_ndim"": 1, ""arg1_dim0"": 9728, ""arg1_numel"": 9728, ""arg1_dtype"": ""torch.float16"", ""arg1_dtype_size"": 2, ""arg1_dtype_cat"": 2, ""arg2_ndim"": 1, ""arg2_dim0"": 9728, ""arg2_numel"": 9728, ""arg2_dtype"": ""torch.float16"", ""arg2_dtype_size"": 2, ""arg2_dtype_cat"": 2}",0.04095999896526337
layer_norm,c118e8d22fe0fdb8,178e7391546ae2da,"{""block_sizes"": [1], ""reduction_loops"": [null], ""range_unroll_factors"": [0], ""range_warp_specializes"": [null], ""range_num_stages"": [0], ""range_multi_buffers"": [null], ""range_flattens"": [null], ""load_eviction_policies"": [""first"", """", ""last"", """", ""last"", ""last"", ""last"", """"], ""num_warps"": 4, ""num_stages"": 7, ""indexing"": [""pointer"", ""pointer"", ""tensor_descriptor"", ""pointer"", ""tensor_descriptor"", ""pointer"", ""tensor_descriptor"", ""pointer"", ""pointer"", ""pointer""], ""atomic_indexing"": [], ""pid_type"": ""flat""}","{""arg0_ndim"": 2, ""arg0_dim0"": 4096, ""arg0_dim1"": 10240, ""arg0_numel"": 41943040, ""arg0_dtype"": ""torch.float16"", ""arg0_dtype_size"": 2, ""arg0_dtype_cat"": 2, ""arg1_ndim"": 1, ""arg1_dim0"": 10240, ""arg1_numel"": 10240, ""arg1_dtype"": ""torch.float16"", ""arg1_dtype_size"": 2, ""arg1_dtype_cat"": 2, ""arg2_ndim"": 1, ""arg2_dim0"": 10240, ""arg2_numel"": 10240, ""arg2_dtype"": ""torch.float16"", ""arg2_dtype_size"": 2, ""arg2_dtype_cat"": 2}",0.06147199869155884
layer_norm,c118e8d22fe0fdb8,decf2056869ee2b5,"{""block_sizes"": [1], ""reduction_loops"": [1024], ""range_unroll_factors"": [0], ""range_warp_specializes"": [null], ""range_num_stages"": [0], ""range_multi_buffers"": [null], ""range_flattens"": [null], ""load_eviction_policies"": ["""", ""last"", ""first"", """", ""last"", ""first"", ""last"", ""last""], ""num_warps"": 1, ""num_stages"": 2, ""indexing"": [""pointer"", ""tensor_descriptor"", ""pointer"", ""tensor_descriptor"", ""tensor_descriptor"", ""pointer"", ""pointer"", ""pointer"", ""tensor_descriptor"", ""pointer""], ""atomic_indexing"": [], ""pid_type"": ""flat""}","{""arg0_ndim"": 2, ""arg0_dim0"": 4096, ""arg0_dim1"": 10240, ""arg0_numel"": 41943040, ""arg0_dtype"": ""torch.float16"", ""arg0_dtype_size"": 2, ""arg0_dtype_cat"": 2, ""arg1_ndim"": 1, ""arg1_dim0"": 10240, ""arg1_numel"": 10240, ""arg1_dtype"": ""torch.float16"", ""arg1_dtype_size"": 2, ""arg1_dtype_cat"": 2, ""arg2_ndim"": 1, ""arg2_dim0"": 10240, ""arg2_numel"": 10240, ""arg2_dtype"": ""torch.float16"", ""arg2_dtype_size"": 2, ""arg2_dtype_cat"": 2}",0.04918399825692177
layer_norm,c118e8d22fe0fdb8,43acbd1ca50d4ca3,"{""block_sizes"": [1], ""reduction_loops"": [null], ""range_unroll_factors"": [0], ""range_warp_specializes"": [null], ""range_num_stages"": [0], ""range_multi_buffers"": [null], ""range_flattens"": [null], ""load_eviction_policies"": [""first"", """", """", ""first"", """", ""last"", ""first"", """"], ""num_warps"": 8, ""num_stages"": 4, ""indexing"": [""pointer"", ""tensor_descriptor"", ""pointer"", ""pointer"", ""pointer"", ""pointer"", ""tensor_descriptor"", ""pointer"", ""tensor_descriptor"", ""tensor_descriptor""], ""atomic_indexing"": [], ""pid_type"": ""flat""}","{""arg0_ndim"": 2, ""arg0_dim0"": 4096, ""arg0_dim1"": 10240, ""arg0_numel"": 41943040, ""arg0_dtype"": ""torch.float16"", ""arg0_dtype_size"": 2, ""arg0_dtype_cat"": 2, ""arg1_ndim"": 1, ""arg1_dim0"": 10240, ""arg1_numel"": 10240, ""arg1_dtype"": ""torch.float16"", ""arg1_dtype_size"": 2, ""arg1_dtype_cat"": 2, ""arg2_ndim"": 1, ""arg2_dim0"": 10240, ""arg2_numel"": 10240, ""arg2_dtype"": ""torch.float16"", ""arg2_dtype_size"": 2, ""arg2_dtype_cat"": 2}",0.05737600103020668
layer_norm,c118e8d22fe0fdb8,869c54e4b955a8c6,"{""block_sizes"": [1], ""reduction_loops"": [2048], ""range_unroll_factors"": [0], ""range_warp_specializes"": [null], ""range_num_stages"": [0], ""range_multi_buffers"": [null], ""range_flattens"": [null], ""load_eviction_policies"": [""last"", """", ""first"", """", """", ""last"", """", ""last""], ""num_warps"": 8, ""num_stages"": 4, ""indexing"": [""tensor_descriptor"", ""pointer"", ""pointer"", ""tensor_descriptor"", ""pointer"", ""tensor_descriptor"", ""pointer"", ""pointer"", ""tensor_descriptor"", ""tensor_descriptor""], ""atomic_indexing"": [], ""pid_type"": ""flat""}","{""arg0_ndim"": 2, ""arg0_dim0"": 4096, ""arg0_dim1"": 10240, ""arg0_numel"": 41943040, ""arg0_dtype"": ""torch.float16"", ""arg0_dtype_size"": 2, ""arg0_dtype_cat"": 2, ""arg1_ndim"": 1, ""arg1_dim0"": 10240, ""arg1_numel"": 10240, ""arg1_dtype"": ""torch.float16"", ""arg1_dtype_size"": 2, ""arg1_dtype_cat"": 2, ""arg2_ndim"": 1, ""arg2_dim0"": 10240, ""arg2_numel"": 10240, ""arg2_dtype"": ""torch.float16"", ""arg2_dtype_size"": 2, ""arg2_dtype_cat"": 2}",0.04105599969625473
layer_norm,9802ec14f2d90d23,178e7391546ae2da,"{""block_sizes"": [1], ""reduction_loops"": [null], ""range_unroll_factors"": [0], ""range_warp_specializes"": [null], ""range_num_stages"": [0], ""range_multi_buffers"": [null], ""range_flattens"": [null], ""load_eviction_policies"": [""first"", """", ""last"", """", ""last"", ""last"", ""last"", """"], ""num_warps"": 4, ""num_stages"": 7, ""indexing"": [""pointer"", ""pointer"", ""tensor_descriptor"", ""pointer"", ""tensor_descriptor"", ""pointer"", ""tensor_descriptor"", ""pointer"", ""pointer"", ""pointer""], ""atomic_indexing"": [], ""pid_type"": ""flat""}","{""arg0_ndim"": 2, ""arg0_dim0"": 4096, ""arg0_dim1"": 10752, ""arg0_numel"": 44040192, ""arg0_dtype"": ""torch.float16"", ""arg0_dtype_size"": 2, ""arg0_dtype_cat"": 2, ""arg1_ndim"": 1, ""arg1_dim0"": 10752, ""arg1_numel"": 10752, ""arg1_dtype"": ""torch.float16"", ""arg1_dtype_size"": 2, ""arg1_dtype_cat"": 2, ""arg2_ndim"": 1, ""arg2_dim0"": 10752, ""arg2_numel"": 10752, ""arg2_dtype"": ""torch.float16"", ""arg2_dtype_size"": 2, ""arg2_dtype_cat"": 2}",0.06758400052785873
layer_norm,9802ec14f2d90d23,decf2056869ee2b5,"{""block_sizes"": [1], ""reduction_loops"": [1024], ""range_unroll_factors"": [0], ""range_warp_specializes"": [null], ""range_num_stages"": [0], ""range_multi_buffers"": [null], ""range_flattens"": [null], ""load_eviction_policies"": ["""", ""last"", ""first"", """", ""last"", ""first"", ""last"", ""last""], ""num_warps"": 1, ""num_stages"": 2, ""indexing"": [""pointer"", ""tensor_descriptor"", ""pointer"", ""tensor_descriptor"", ""tensor_descriptor"", ""pointer"", ""pointer"", ""pointer"", ""tensor_descriptor"", ""pointer""], ""atomic_indexing"": [], ""pid_type"": ""flat""}","{""arg0_ndim"": 2, ""arg0_dim0"": 4096, ""arg0_dim1"": 10752, ""arg0_numel"": 44040192, ""arg0_dtype"": ""torch.float16"", ""arg0_dtype_size"": 2, ""arg0_dtype_cat"": 2, ""arg1_ndim"": 1, ""arg1_dim0"": 10752, ""arg1_numel"": 10752, ""arg1_dtype"": ""torch.float16"", ""arg1_dtype_size"": 2, ""arg1_dtype_cat"": 2, ""arg2_ndim"": 1, ""arg2_dim0"": 10752, ""arg2_numel"": 10752, ""arg2_dtype"": ""torch.float16"", ""arg2_dtype_size"": 2, ""arg2_dtype_cat"": 2}",0.05331199988722801
layer_norm,9802ec14f2d90d23,43acbd1ca50d4ca3,"{""block_sizes"": [1], ""reduction_loops"": [null], ""range_unroll_factors"": [0], ""range_warp_specializes"": [null], ""range_num_stages"": [0], ""range_multi_buffers"": [null], ""range_flattens"": [null], ""load_eviction_policies"": [""first"", """", """", ""first"", """", ""last"", ""first"", """"], ""num_warps"": 8, ""num_stages"": 4, ""indexing"": [""pointer"", ""tensor_descriptor"", ""pointer"", ""pointer"", ""pointer"", ""pointer"", ""tensor_descriptor"", ""pointer"", ""tensor_descriptor"", ""tensor_descriptor""], ""atomic_indexing"": [], ""pid_type"": ""flat""}","{""arg0_ndim"": 2, ""arg0_dim0"": 4096, ""arg0_dim1"": 10752, ""arg0_numel"": 44040192, ""arg0_dtype"": ""torch.float16"", ""arg0_dtype_size"": 2, ""arg0_dtype_cat"": 2, ""arg1_ndim"": 1, ""arg1_dim0"": 10752, ""arg1_numel"": 10752, ""arg1_dtype"": ""torch.float16"", ""arg1_dtype_size"": 2, ""arg1_dtype_cat"": 2, ""arg2_ndim"": 1, ""arg2_dim0"": 10752, ""arg2_numel"": 10752, ""arg2_dtype"": ""torch.float16"", ""arg2_dtype_size"": 2, ""arg2_dtype_cat"": 2}",0.05942400172352791
layer_norm,9802ec14f2d90d23,869c54e4b955a8c6,"{""block_sizes"": [1], ""reduction_loops"": [2048], ""range_unroll_factors"": [0], ""range_warp_specializes"": [null], ""range_num_stages"": [0], ""range_multi_buffers"": [null], ""range_flattens"": [null], ""load_eviction_policies"": [""last"", """", ""first"", """", """", ""last"", """", ""last""], ""num_warps"": 8, ""num_stages"": 4, ""indexing"": [""tensor_descriptor"", ""pointer"", ""pointer"", ""tensor_descriptor"", ""pointer"", ""tensor_descriptor"", ""pointer"", ""pointer"", ""tensor_descriptor"", ""tensor_descriptor""], ""atomic_indexing"": [], ""pid_type"": ""flat""}","{""arg0_ndim"": 2, ""arg0_dim0"": 4096, ""arg0_dim1"": 10752, ""arg0_numel"": 44040192, ""arg0_dtype"": ""torch.float16"", ""arg0_dtype_size"": 2, ""arg0_dtype_cat"": 2, ""arg1_ndim"": 1, ""arg1_dim0"": 10752, ""arg1_numel"": 10752, ""arg1_dtype"": ""torch.float16"", ""arg1_dtype_size"": 2, ""arg1_dtype_cat"": 2, ""arg2_ndim"": 1, ""arg2_dim0"": 10752, ""arg2_numel"": 10752, ""arg2_dtype"": ""torch.float16"", ""arg2_dtype_size"": 2, ""arg2_dtype_cat"": 2}",0.04508800059556961
layer_norm,048c7f61d5470389,178e7391546ae2da,"{""block_sizes"": [1], ""reduction_loops"": [null], ""range_unroll_factors"": [0], ""range_warp_specializes"": [null], ""range_num_stages"": [0], ""range_multi_buffers"": [null], ""range_flattens"": [null], ""load_eviction_policies"": [""first"", """", ""last"", """", ""last"", ""last"", ""last"", """"], ""num_warps"": 4, ""num_stages"": 7, ""indexing"": [""pointer"", ""pointer"", ""tensor_descriptor"", ""pointer"", ""tensor_descriptor"", ""pointer"", ""tensor_descriptor"", ""pointer"", ""pointer"", ""pointer""], ""atomic_indexing"": [], ""pid_type"": ""flat""}","{""arg0_ndim"": 2, ""arg0_dim0"": 4096, ""arg0_dim1"": 11264, ""arg0_numel"": 46137344, ""arg0_dtype"": ""torch.float16"", ""arg0_dtype_size"": 2, ""arg0_dtype_cat"": 2, ""arg1_ndim"": 1, ""arg1_dim0"": 11264, ""arg1_numel"": 11264, ""arg1_dtype"": ""torch.float16"", ""arg1_dtype_size"": 2, ""arg1_dtype_cat"": 2, ""arg2_ndim"": 1, ""arg2_dim0"": 11264, ""arg2_numel"": 11264, ""arg2_dtype"": ""torch.float16"", ""arg2_dtype_size"": 2, ""arg2_dtype_cat"": 2}",0.06963200122117996
layer_norm,048c7f61d5470389,decf2056869ee2b5,"{""block_sizes"": [1], ""reduction_loops"": [1024], ""range_unroll_factors"": [0], ""range_warp_specializes"": [null], ""range_num_stages"": [0], ""range_multi_buffers"": [null], ""range_flattens"": [null], ""load_eviction_policies"": ["""", ""last"", ""first"", """", ""last"", ""first"", ""last"", ""last""], ""num_warps"": 1, ""num_stages"": 2, ""indexing"": [""pointer"", ""tensor_descriptor"", ""pointer"", ""tensor_descriptor"", ""tensor_descriptor"", ""pointer"", ""pointer"", ""pointer"", ""tensor_descriptor"", ""pointer""], ""atomic_indexing"": [], ""pid_type"": ""flat""}","{""arg0_ndim"": 2, ""arg0_dim0"": 4096, ""arg0_dim1"": 11264, ""arg0_numel"": 46137344, ""arg0_dtype"": ""torch.float16"", ""arg0_dtype_size"": 2, ""arg0_dtype_cat"": 2, ""arg1_ndim"": 1, ""arg1_dim0"": 11264, ""arg1_numel"": 11264, ""arg1_dtype"": ""torch.float16"", ""arg1_dtype_size"": 2, ""arg1_dtype_cat"": 2, ""arg2_ndim"": 1, ""arg2_dim0"": 11264, ""arg2_numel"": 11264, ""arg2_dtype"": ""torch.float16"", ""arg2_dtype_size"": 2, ""arg2_dtype_cat"": 2}",0.05532800033688545
layer_norm,048c7f61d5470389,43acbd1ca50d4ca3,"{""block_sizes"": [1], ""reduction_loops"": [null], ""range_unroll_factors"": [0], ""range_warp_specializes"": [null], ""range_num_stages"": [0], ""range_multi_buffers"": [null], ""range_flattens"": [null], ""load_eviction_policies"": [""first"", """", """", ""first"", """", ""last"", ""first"", """"], ""num_warps"": 8, ""num_stages"": 4, ""indexing"": [""pointer"", ""tensor_descriptor"", ""pointer"", ""pointer"", ""pointer"", ""pointer"", ""tensor_descriptor"", ""pointer"", ""tensor_descriptor"", ""tensor_descriptor""], ""atomic_indexing"": [], ""pid_type"": ""flat""}","{""arg0_ndim"": 2, ""arg0_dim0"": 4096, ""arg0_dim1"": 11264, ""arg0_numel"": 46137344, ""arg0_dtype"": ""torch.float16"", ""arg0_dtype_size"": 2, ""arg0_dtype_cat"": 2, ""arg1_ndim"": 1, ""arg1_dim0"": 11264, ""arg1_numel"": 11264, ""arg1_dtype"": ""torch.float16"", ""arg1_dtype_size"": 2, ""arg1_dtype_cat"": 2, ""arg2_ndim"": 1, ""arg2_dim0"": 11264, ""arg2_numel"": 11264, ""arg2_dtype"": ""torch.float16"", ""arg2_dtype_size"": 2, ""arg2_dtype_cat"": 2}",0.059487998485565186
layer_norm,048c7f61d5470389,869c54e4b955a8c6,"{""block_sizes"": [1], ""reduction_loops"": [2048], ""range_unroll_factors"": [0], ""range_warp_specializes"": [null], ""range_num_stages"": [0], ""range_multi_buffers"": [null], ""range_flattens"": [null], ""load_eviction_policies"": [""last"", """", ""first"", """", """", ""last"", """", ""last""], ""num_warps"": 8, ""num_stages"": 4, ""indexing"": [""tensor_descriptor"", ""pointer"", ""pointer"", ""tensor_descriptor"", ""pointer"", ""tensor_descriptor"", ""pointer"", ""pointer"", ""tensor_descriptor"", ""tensor_descriptor""], ""atomic_indexing"": [], ""pid_type"": ""flat""}","{""arg0_ndim"": 2, ""arg0_dim0"": 4096, ""arg0_dim1"": 11264, ""arg0_numel"": 46137344, ""arg0_dtype"": ""torch.float16"", ""arg0_dtype_size"": 2, ""arg0_dtype_cat"": 2, ""arg1_ndim"": 1, ""arg1_dim0"": 11264, ""arg1_numel"": 11264, ""arg1_dtype"": ""torch.float16"", ""arg1_dtype_size"": 2, ""arg1_dtype_cat"": 2, ""arg2_ndim"": 1, ""arg2_dim0"": 11264, ""arg2_numel"": 11264, ""arg2_dtype"": ""torch.float16"", ""arg2_dtype_size"": 2, ""arg2_dtype_cat"": 2}",0.047040000557899475
layer_norm,a8896b4052c364e8,178e7391546ae2da,"{""block_sizes"": [1], ""reduction_loops"": [null], ""range_unroll_factors"": [0], ""range_warp_specializes"": [null], ""range_num_stages"": [0], ""range_multi_buffers"": [null], ""range_flattens"": [null], ""load_eviction_policies"": [""first"", """", ""last"", """", ""last"", ""last"", ""last"", """"], ""num_warps"": 4, ""num_stages"": 7, ""indexing"": [""pointer"", ""pointer"", ""tensor_descriptor"", ""pointer"", ""tensor_descriptor"", ""pointer"", ""tensor_descriptor"", ""pointer"", ""pointer"", ""pointer""], ""atomic_indexing"": [], ""pid_type"": ""flat""}","{""arg0_ndim"": 2, ""arg0_dim0"": 4096, ""arg0_dim1"": 11776, ""arg0_numel"": 48234496, ""arg0_dtype"": ""torch.float16"", ""arg0_dtype_size"": 2, ""arg0_dtype_cat"": 2, ""arg1_ndim"": 1, ""arg1_dim0"": 11776, ""arg1_numel"": 11776, ""arg1_dtype"": ""torch.float16"", ""arg1_dtype_size"": 2, ""arg1_dtype_cat"": 2, ""arg2_ndim"": 1, ""arg2_dim0"": 11776, ""arg2_numel"": 11776, ""arg2_dtype"": ""torch.float16"", ""arg2_dtype_size"": 2, ""arg2_dtype_cat"": 2}",0.07155200093984604
layer_norm,a8896b4052c364e8,decf2056869ee2b5,"{""block_sizes"": [1], ""reduction_loops"": [1024], ""range_unroll_factors"": [0], ""range_warp_specializes"": [null], ""range_num_stages"": [0], ""range_multi_buffers"": [null], ""range_flattens"": [null], ""load_eviction_policies"": ["""", ""last"", ""first"", """", ""last"", ""first"", ""last"", ""last""], ""num_warps"": 1, ""num_stages"": 2, ""indexing"": [""pointer"", ""tensor_descriptor"", ""pointer"", ""tensor_descriptor"", ""tensor_descriptor"", ""pointer"", ""pointer"", ""pointer"", ""tensor_descriptor"", ""pointer""], ""atomic_indexing"": [], ""pid_type"": ""flat""}","{""arg0_ndim"": 2, ""arg0_dim0"": 4096, ""arg0_dim1"": 11776, ""arg0_numel"": 48234496, ""arg0_dtype"": ""torch.float16"", ""arg0_dtype_size"": 2, ""arg0_dtype_cat"": 2, ""arg1_ndim"": 1, ""arg1_dim0"": 11776, ""arg1_numel"": 11776, ""arg1_dtype"": ""torch.float16"", ""arg1_dtype_size"": 2, ""arg1_dtype_cat"": 2, ""arg2_ndim"": 1, ""arg2_dim0"": 11776, ""arg2_numel"": 11776, ""arg2_dtype"": ""torch.float16"", ""arg2_dtype_size"": 2, ""arg2_dtype_cat"": 2}",0.05942400172352791
layer_norm,a8896b4052c364e8,43acbd1ca50d4ca3,"{""block_sizes"": [1], ""reduction_loops"": [null], ""range_unroll_factors"": [0], ""range_warp_specializes"": [null], ""range_num_stages"": [0], ""range_multi_buffers"": [null], ""range_flattens"": [null], ""load_eviction_policies"": [""first"", """", """", ""first"", """", ""last"", ""first"", """"], ""num_warps"": 8, ""num_stages"": 4, ""indexing"": [""pointer"", ""tensor_descriptor"", ""pointer"", ""pointer"", ""pointer"", ""pointer"", ""tensor_descriptor"", ""pointer"", ""tensor_descriptor"", ""tensor_descriptor""], ""atomic_indexing"": [], ""pid_type"": ""flat""}","{""arg0_ndim"": 2, ""arg0_dim0"": 4096, ""arg0_dim1"": 11776, ""arg0_numel"": 48234496, ""arg0_dtype"": ""torch.float16"", ""arg0_dtype_size"": 2, ""arg0_dtype_cat"": 2, ""arg1_ndim"": 1, ""arg1_dim0"": 11776, ""arg1_numel"": 11776, ""arg1_dtype"": ""torch.float16"", ""arg1_dtype_size"": 2, ""arg1_dtype_cat"": 2, ""arg2_ndim"": 1, ""arg2_dim0"": 11776, ""arg2_numel"": 11776, ""arg2_dtype"": ""torch.float16"", ""arg2_dtype_size"": 2, ""arg2_dtype_cat"": 2}",0.06147199869155884
layer_norm,a8896b4052c364e8,869c54e4b955a8c6,"{""block_sizes"": [1], ""reduction_loops"": [2048], ""range_unroll_factors"": [0], ""range_warp_specializes"": [null], ""range_num_stages"": [0], ""range_multi_buffers"": [null], ""range_flattens"": [null], ""load_eviction_policies"": [""last"", """", ""first"", """", """", ""last"", """", ""last""], ""num_warps"": 8, ""num_stages"": 4, ""indexing"": [""tensor_descriptor"", ""pointer"", ""pointer"", ""tensor_descriptor"", ""pointer"", ""tensor_descriptor"", ""pointer"", ""pointer"", ""tensor_descriptor"", ""tensor_descriptor""], ""atomic_indexing"": [], ""pid_type"": ""flat""}","{""arg0_ndim"": 2, ""arg0_dim0"": 4096, ""arg0_dim1"": 11776, ""arg0_numel"": 48234496, ""arg0_dtype"": ""torch.float16"", ""arg0_dtype_size"": 2, ""arg0_dtype_cat"": 2, ""arg1_ndim"": 1, ""arg1_dim0"": 11776, ""arg1_numel"": 11776, ""arg1_dtype"": ""torch.float16"", ""arg1_dtype_size"": 2, ""arg1_dtype_cat"": 2, ""arg2_ndim"": 1, ""arg2_dim0"": 11776, ""arg2_numel"": 11776, ""arg2_dtype"": ""torch.float16"", ""arg2_dtype_size"": 2, ""arg2_dtype_cat"": 2}",0.04710400104522705
layer_norm,c382bfaa9e60ddfe,178e7391546ae2da,"{""block_sizes"": [1], ""reduction_loops"": [null], ""range_unroll_factors"": [0], ""range_warp_specializes"": [null], ""range_num_stages"": [0], ""range_multi_buffers"": [null], ""range_flattens"": [null], ""load_eviction_policies"": [""first"", """", ""last"", """", ""last"", ""last"", ""last"", """"], ""num_warps"": 4, ""num_stages"": 7, ""indexing"": [""pointer"", ""pointer"", ""tensor_descriptor"", ""pointer"", ""tensor_descriptor"", ""pointer"", ""tensor_descriptor"", ""pointer"", ""pointer"", ""pointer""], ""atomic_indexing"": [], ""pid_type"": ""flat""}","{""arg0_ndim"": 2, ""arg0_dim0"": 4096, ""arg0_dim1"": 12288, ""arg0_numel"": 50331648, ""arg0_dtype"": ""torch.float16"", ""arg0_dtype_size"": 2, ""arg0_dtype_cat"": 2, ""arg1_ndim"": 1, ""arg1_dim0"": 12288, ""arg1_numel"": 12288, ""arg1_dtype"": ""torch.float16"", ""arg1_dtype_size"": 2, ""arg1_dtype_cat"": 2, ""arg2_ndim"": 1, ""arg2_dim0"": 12288, ""arg2_numel"": 12288, ""arg2_dtype"": ""torch.float16"", ""arg2_dtype_size"": 2, ""arg2_dtype_cat"": 2}",0.07168000191450119
layer_norm,c382bfaa9e60ddfe,decf2056869ee2b5,"{""block_sizes"": [1], ""reduction_loops"": [1024], ""range_unroll_factors"": [0], ""range_warp_specializes"": [null], ""range_num_stages"": [0], ""range_multi_buffers"": [null], ""range_flattens"": [null], ""load_eviction_policies"": ["""", ""last"", ""first"", """", ""last"", ""first"", ""last"", ""last""], ""num_warps"": 1, ""num_stages"": 2, ""indexing"": [""pointer"", ""tensor_descriptor"", ""pointer"", ""tensor_descriptor"", ""tensor_descriptor"", ""pointer"", ""pointer"", ""pointer"", ""tensor_descriptor"", ""pointer""], ""atomic_indexing"": [], ""pid_type"": ""flat""}","{""arg0_ndim"": 2, ""arg0_dim0"": 4096, ""arg0_dim1"": 12288, ""arg0_numel"": 50331648, ""arg0_dtype"": ""torch.float16"", ""arg0_dtype_size"": 2, ""arg0_dtype_cat"": 2, ""arg1_ndim"": 1, ""arg1_dim0"": 12288, ""arg1_numel"": 12288, ""arg1_dtype"": ""torch.float16"", ""arg1_dtype_size"": 2, ""arg1_dtype_cat"": 2, ""arg2_ndim"": 1, ""arg2_dim0"": 12288, ""arg2_numel"": 12288, ""arg2_dtype"": ""torch.float16"", ""arg2_dtype_size"": 2, ""arg2_dtype_cat"": 2}",0.06147199869155884
layer_norm,c382bfaa9e60ddfe,43acbd1ca50d4ca3,"{""block_sizes"": [1], ""reduction_loops"": [null], ""range_unroll_factors"": [0], ""range_warp_specializes"": [null], ""range_num_stages"": [0], ""range_multi_buffers"": [null], ""range_flattens"": [null], ""load_eviction_policies"": [""first"", """", """", ""first"", """", ""last"", ""first"", """"], ""num_warps"": 8, ""num_stages"": 4, ""indexing"": [""pointer"", ""tensor_descriptor"", ""pointer"", ""pointer"", ""pointer"", ""pointer"", ""tensor_descriptor"", ""pointer"", ""tensor_descriptor"", ""tensor_descriptor""], ""atomic_indexing"": [], ""pid_type"": ""flat""}","{""arg0_ndim"": 2, ""arg0_dim0"": 4096, ""arg0_dim1"": 12288, ""arg0_numel"": 50331648, ""arg0_dtype"": ""torch.float16"", ""arg0_dtype_size"": 2, ""arg0_dtype_cat"": 2, ""arg1_ndim"": 1, ""arg1_dim0"": 12288, ""arg1_numel"": 12288, ""arg1_dtype"": ""torch.float16"", ""arg1_dtype_size"": 2, ""arg1_dtype_cat"": 2, ""arg2_ndim"": 1, ""arg2_dim0"": 12288, ""arg2_numel"": 12288, ""arg2_dtype"": ""torch.float16"", ""arg2_dtype_size"": 2, ""arg2_dtype_cat"": 2}",0.06147199869155884
layer_norm,c382bfaa9e60ddfe,869c54e4b955a8c6,"{""block_sizes"": [1], ""reduction_loops"": [2048], ""range_unroll_factors"": [0], ""range_warp_specializes"": [null], ""range_num_stages"": [0], ""range_multi_buffers"": [null], ""range_flattens"": [null], ""load_eviction_policies"": [""last"", """", ""first"", """", """", ""last"", """", ""last""], ""num_warps"": 8, ""num_stages"": 4, ""indexing"": [""tensor_descriptor"", ""pointer"", ""pointer"", ""tensor_descriptor"", ""pointer"", ""tensor_descriptor"", ""pointer"", ""pointer"", ""tensor_descriptor"", ""tensor_descriptor""], ""atomic_indexing"": [], ""pid_type"": ""flat""}","{""arg0_ndim"": 2, ""arg0_dim0"": 4096, ""arg0_dim1"": 12288, ""arg0_numel"": 50331648, ""arg0_dtype"": ""torch.float16"", ""arg0_dtype_size"": 2, ""arg0_dtype_cat"": 2, ""arg1_ndim"": 1, ""arg1_dim0"": 12288, ""arg1_numel"": 12288, ""arg1_dtype"": ""torch.float16"", ""arg1_dtype_size"": 2, ""arg1_dtype_cat"": 2, ""arg2_ndim"": 1, ""arg2_dim0"": 12288, ""arg2_numel"": 12288, ""arg2_dtype"": ""torch.float16"", ""arg2_dtype_size"": 2, ""arg2_dtype_cat"": 2}",0.04710400104522705
layer_norm,031145e8287a4b4d,178e7391546ae2da,"{""block_sizes"": [1], ""reduction_loops"": [null], ""range_unroll_factors"": [0], ""range_warp_specializes"": [null], ""range_num_stages"": [0], ""range_multi_buffers"": [null], ""range_flattens"": [null], ""load_eviction_policies"": [""first"", """", ""last"", """", ""last"", ""last"", ""last"", """"], ""num_warps"": 4, ""num_stages"": 7, ""indexing"": [""pointer"", ""pointer"", ""tensor_descriptor"", ""pointer"", ""tensor_descriptor"", ""pointer"", ""tensor_descriptor"", ""pointer"", ""pointer"", ""pointer""], ""atomic_indexing"": [], ""pid_type"": ""flat""}","{""arg0_ndim"": 2, ""arg0_dim0"": 4096, ""arg0_dim1"": 12800, ""arg0_numel"": 52428800, ""arg0_dtype"": ""torch.float16"", ""arg0_dtype_size"": 2, ""arg0_dtype_cat"": 2, ""arg1_ndim"": 1, ""arg1_dim0"": 12800, ""arg1_numel"": 12800, ""arg1_dtype"": ""torch.float16"", ""arg1_dtype_size"": 2, ""arg1_dtype_cat"": 2, ""arg2_ndim"": 1, ""arg2_dim0"": 12800, ""arg2_numel"": 12800, ""arg2_dtype"": ""torch.float16"", ""arg2_dtype_size"": 2, ""arg2_dtype_cat"": 2}",0.07171200215816498
layer_norm,031145e8287a4b4d,decf2056869ee2b5,"{""block_sizes"": [1], ""reduction_loops"": [1024], ""range_unroll_factors"": [0], ""range_warp_specializes"": [null], ""range_num_stages"": [0], ""range_multi_buffers"": [null], ""range_flattens"": [null], ""load_eviction_policies"": ["""", ""last"", ""first"", """", ""last"", ""first"", ""last"", ""last""], ""num_warps"": 1, ""num_stages"": 2, ""indexing"": [""pointer"", ""tensor_descriptor"", ""pointer"", ""tensor_descriptor"", ""tensor_descriptor"", ""pointer"", ""pointer"", ""pointer"", ""tensor_descriptor"", ""pointer""], ""atomic_indexing"": [], ""pid_type"": ""flat""}","{""arg0_ndim"": 2, ""arg0_dim0"": 4096, ""arg0_dim1"": 12800, ""arg0_numel"": 52428800, ""arg0_dtype"": ""torch.float16"", ""arg0_dtype_size"": 2, ""arg0_dtype_cat"": 2, ""arg1_ndim"": 1, ""arg1_dim0"": 12800, ""arg1_numel"": 12800, ""arg1_dtype"": ""torch.float16"", ""arg1_dtype_size"": 2, ""arg1_dtype_cat"": 2, ""arg2_ndim"": 1, ""arg2_dim0"": 12800, ""arg2_numel"": 12800, ""arg2_dtype"": ""torch.float16"", ""arg2_dtype_size"": 2, ""arg2_dtype_cat"": 2}",0.0655680000782013
layer_norm,031145e8287a4b4d,43acbd1ca50d4ca3,"{""block_sizes"": [1], ""reduction_loops"": [null], ""range_unroll_factors"": [0], ""range_warp_specializes"": [null], ""range_num_stages"": [0], ""range_multi_buffers"": [null], ""range_flattens"": [null], ""load_eviction_policies"": [""first"", """", """", ""first"", """", ""last"", ""first"", """"], ""num_warps"": 8, ""num_stages"": 4, ""indexing"": [""pointer"", ""tensor_descriptor"", ""pointer"", ""pointer"", ""pointer"", ""pointer"", ""tensor_descriptor"", ""pointer"", ""tensor_descriptor"", ""tensor_descriptor""], ""atomic_indexing"": [], ""pid_type"": ""flat""}","{""arg0_ndim"": 2, ""arg0_dim0"": 4096, ""arg0_dim1"": 12800, ""arg0_numel"": 52428800, ""arg0_dtype"": ""torch.float16"", ""arg0_dtype_size"": 2, ""arg0_dtype_cat"": 2, ""arg1_ndim"": 1, ""arg1_dim0"": 12800, ""arg1_numel"": 12800, ""arg1_dtype"": ""torch.float16"", ""arg1_dtype_size"": 2, ""arg1_dtype_cat"": 2, ""arg2_ndim"": 1, ""arg2_dim0"": 12800, ""arg2_numel"": 12800, ""arg2_dtype"": ""torch.float16"", ""arg2_dtype_size"": 2, ""arg2_dtype_cat"": 2}",0.06351999938488007
layer_norm,031145e8287a4b4d,869c54e4b955a8c6,"{""block_sizes"": [1], ""reduction_loops"": [2048], ""range_unroll_factors"": [0], ""range_warp_specializes"": [null], ""range_num_stages"": [0], ""range_multi_buffers"": [null], ""range_flattens"": [null], ""load_eviction_policies"": [""last"", """", ""first"", """", """", ""last"", """", ""last""], ""num_warps"": 8, ""num_stages"": 4, ""indexing"": [""tensor_descriptor"", ""pointer"", ""pointer"", ""tensor_descriptor"", ""pointer"", ""tensor_descriptor"", ""pointer"", ""pointer"", ""tensor_descriptor"", ""tensor_descriptor""], ""atomic_indexing"": [], ""pid_type"": ""flat""}","{""arg0_ndim"": 2, ""arg0_dim0"": 4096, ""arg0_dim1"": 12800, ""arg0_numel"": 52428800, ""arg0_dtype"": ""torch.float16"", ""arg0_dtype_size"": 2, ""arg0_dtype_cat"": 2, ""arg1_ndim"": 1, ""arg1_dim0"": 12800, ""arg1_numel"": 12800, ""arg1_dtype"": ""torch.float16"", ""arg1_dtype_size"": 2, ""arg1_dtype_cat"": 2, ""arg2_ndim"": 1, ""arg2_dim0"": 12800, ""arg2_numel"": 12800, ""arg2_dtype"": ""torch.float16"", ""arg2_dtype_size"": 2, ""arg2_dtype_cat"": 2}",0.051263999193906784
layer_norm,3190fb5e30e5e79c,178e7391546ae2da,"{""block_sizes"": [1], ""reduction_loops"": [null], ""range_unroll_factors"": [0], ""range_warp_specializes"": [null], ""range_num_stages"": [0], ""range_multi_buffers"": [null], ""range_flattens"": [null], ""load_eviction_policies"": [""first"", """", ""last"", """", ""last"", ""last"", ""last"", """"], ""num_warps"": 4, ""num_stages"": 7, ""indexing"": [""pointer"", ""pointer"", ""tensor_descriptor"", ""pointer"", ""tensor_descriptor"", ""pointer"", ""tensor_descriptor"", ""pointer"", ""pointer"", ""pointer""], ""atomic_indexing"": [], ""pid_type"": ""flat""}","{""arg0_ndim"": 2, ""arg0_dim0"": 4096, ""arg0_dim1"": 13312, ""arg0_numel"": 54525952, ""arg0_dtype"": ""torch.float16"", ""arg0_dtype_size"": 2, ""arg0_dtype_cat"": 2, ""arg1_ndim"": 1, ""arg1_dim0"": 13312, ""arg1_numel"": 13312, ""arg1_dtype"": ""torch.float16"", ""arg1_dtype_size"": 2, ""arg1_dtype_cat"": 2, ""arg2_ndim"": 1, ""arg2_dim0"": 13312, ""arg2_numel"": 13312, ""arg2_dtype"": ""torch.float16"", ""arg2_dtype_size"": 2, ""arg2_dtype_cat"": 2}",0.07372800260782242
layer_norm,3190fb5e30e5e79c,decf2056869ee2b5,"{""block_sizes"": [1], ""reduction_loops"": [1024], ""range_unroll_factors"": [0], ""range_warp_specializes"": [null], ""range_num_stages"": [0], ""range_multi_buffers"": [null], ""range_flattens"": [null], ""load_eviction_policies"": ["""", ""last"", ""first"", """", ""last"", ""first"", ""last"", ""last""], ""num_warps"": 1, ""num_stages"": 2, ""indexing"": [""pointer"", ""tensor_descriptor"", ""pointer"", ""tensor_descriptor"", ""tensor_descriptor"", ""pointer"", ""pointer"", ""pointer"", ""tensor_descriptor"", ""pointer""], ""atomic_indexing"": [], ""pid_type"": ""flat""}","{""arg0_ndim"": 2, ""arg0_dim0"": 4096, ""arg0_dim1"": 13312, ""arg0_numel"": 54525952, ""arg0_dtype"": ""torch.float16"", ""arg0_dtype_size"": 2, ""arg0_dtype_cat"": 2, ""arg1_ndim"": 1, ""arg1_dim0"": 13312, ""arg1_numel"": 13312, ""arg1_dtype"": ""torch.float16"", ""arg1_dtype_size"": 2, ""arg1_dtype_cat"": 2, ""arg2_ndim"": 1, ""arg2_dim0"": 13312, ""arg2_numel"": 13312, ""arg2_dtype"": ""torch.float16"", ""arg2_dtype_size"": 2, ""arg2_dtype_cat"": 2}",0.06755200028419495
layer_norm,3190fb5e30e5e79c,43acbd1ca50d4ca3,"{""block_sizes"": [1], ""reduction_loops"": [null], ""range_unroll_factors"": [0], ""range_warp_specializes"": [null], ""range_num_stages"": [0], ""range_multi_buffers"": [null], ""range_flattens"": [null], ""load_eviction_policies"": [""first"", """", """", ""first"", """", ""last"", ""first"", """"], ""num_warps"": 8, ""num_stages"": 4, ""indexing"": [""pointer"", ""tensor_descriptor"", ""pointer"", ""pointer"", ""pointer"", ""pointer"", ""tensor_descriptor"", ""pointer"", ""tensor_descriptor"", ""tensor_descriptor""], ""atomic_indexing"": [], ""pid_type"": ""flat""}","{""arg0_ndim"": 2, ""arg0_dim0"": 4096, ""arg0_dim1"": 13312, ""arg0_numel"": 54525952, ""arg0_dtype"": ""torch.float16"", ""arg0_dtype_size"": 2, ""arg0_dtype_cat"": 2, ""arg1_ndim"": 1, ""arg1_dim0"": 13312, ""arg1_numel"": 13312, ""arg1_dtype"": ""torch.float16"", ""arg1_dtype_size"": 2, ""arg1_dtype_cat"": 2, ""arg2_ndim"": 1, ""arg2_dim0"": 13312, ""arg2_numel"": 13312, ""arg2_dtype"": ""torch.float16"", ""arg2_dtype_size"": 2, ""arg2_dtype_cat"": 2}",0.06547199934720993
layer_norm,3190fb5e30e5e79c,869c54e4b955a8c6,"{""block_sizes"": [1], ""reduction_loops"": [2048], ""range_unroll_factors"": [0], ""range_warp_specializes"": [null], ""range_num_stages"": [0], ""range_multi_buffers"": [null], ""range_flattens"": [null], ""load_eviction_policies"": [""last"", """", ""first"", """", """", ""last"", """", ""last""], ""num_warps"": 8, ""num_stages"": 4, ""indexing"": [""tensor_descriptor"", ""pointer"", ""pointer"", ""tensor_descriptor"", ""pointer"", ""tensor_descriptor"", ""pointer"", ""pointer"", ""tensor_descriptor"", ""tensor_descriptor""], ""atomic_indexing"": [], ""pid_type"": ""flat""}","{""arg0_ndim"": 2, ""arg0_dim0"": 4096, ""arg0_dim1"": 13312, ""arg0_numel"": 54525952, ""arg0_dtype"": ""torch.float16"", ""arg0_dtype_size"": 2, ""arg0_dtype_cat"": 2, ""arg1_ndim"": 1, ""arg1_dim0"": 13312, ""arg1_numel"": 13312, ""arg1_dtype"": ""torch.float16"", ""arg1_dtype_size"": 2, ""arg1_dtype_cat"": 2, ""arg2_ndim"": 1, ""arg2_dim0"": 13312, ""arg2_numel"": 13312, ""arg2_dtype"": ""torch.float16"", ""arg2_dtype_size"": 2, ""arg2_dtype_cat"": 2}",0.053247999399900436
layer_norm,5d7b9ec06482ca12,178e7391546ae2da,"{""block_sizes"": [1], ""reduction_loops"": [null], ""range_unroll_factors"": [0], ""range_warp_specializes"": [null], ""range_num_stages"": [0], ""range_multi_buffers"": [null], ""range_flattens"": [null], ""load_eviction_policies"": [""first"", """", ""last"", """", ""last"", ""last"", ""last"", """"], ""num_warps"": 4, ""num_stages"": 7, ""indexing"": [""pointer"", ""pointer"", ""tensor_descriptor"", ""pointer"", ""tensor_descriptor"", ""pointer"", ""tensor_descriptor"", ""pointer"", ""pointer"", ""pointer""], ""atomic_indexing"": [], ""pid_type"": ""flat""}","{""arg0_ndim"": 2, ""arg0_dim0"": 4096, ""arg0_dim1"": 13824, ""arg0_numel"": 56623104, ""arg0_dtype"": ""torch.float16"", ""arg0_dtype_size"": 2, ""arg0_dtype_cat"": 2, ""arg1_ndim"": 1, ""arg1_dim0"": 13824, ""arg1_numel"": 13824, ""arg1_dtype"": ""torch.float16"", ""arg1_dtype_size"": 2, ""arg1_dtype_cat"": 2, ""arg2_ndim"": 1, ""arg2_dim0"": 13824, ""arg2_numel"": 13824, ""arg2_dtype"": ""torch.float16"", ""arg2_dtype_size"": 2, ""arg2_dtype_cat"": 2}",0.07571200281381607
layer_norm,5d7b9ec06482ca12,decf2056869ee2b5,"{""block_sizes"": [1], ""reduction_loops"": [1024], ""range_unroll_factors"": [0], ""range_warp_specializes"": [null], ""range_num_stages"": [0], ""range_multi_buffers"": [null], ""range_flattens"": [null], ""load_eviction_policies"": ["""", ""last"", ""first"", """", ""last"", ""first"", ""last"", ""last""], ""num_warps"": 1, ""num_stages"": 2, ""indexing"": [""pointer"", ""tensor_descriptor"", ""pointer"", ""tensor_descriptor"", ""tensor_descriptor"", ""pointer"", ""pointer"", ""pointer"", ""tensor_descriptor"", ""pointer""], ""atomic_indexing"": [], ""pid_type"": ""flat""}","{""arg0_ndim"": 2, ""arg0_dim0"": 4096, ""arg0_dim1"": 13824, ""arg0_numel"": 56623104, ""arg0_dtype"": ""torch.float16"", ""arg0_dtype_size"": 2, ""arg0_dtype_cat"": 2, ""arg1_ndim"": 1, ""arg1_dim0"": 13824, ""arg1_numel"": 13824, ""arg1_dtype"": ""torch.float16"", ""arg1_dtype_size"": 2, ""arg1_dtype_cat"": 2, ""arg2_ndim"": 1, ""arg2_dim0"": 13824, ""arg2_numel"": 13824, ""arg2_dtype"": ""torch.float16"", ""arg2_dtype_size"": 2, ""arg2_dtype_cat"": 2}",0.06972800195217133
layer_norm,5d7b9ec06482ca12,43acbd1ca50d4ca3,"{""block_sizes"": [1], ""reduction_loops"": [null], ""range_unroll_factors"": [0], ""range_warp_specializes"": [null], ""range_num_stages"": [0], ""range_multi_buffers"": [null], ""range_flattens"": [null], ""load_eviction_policies"": [""first"", """", """", ""first"", """", ""last"", ""first"", """"], ""num_warps"": 8, ""num_stages"": 4, ""indexing"": [""pointer"", ""tensor_descriptor"", ""pointer"", ""pointer"", ""pointer"", ""pointer"", ""tensor_descriptor"", ""pointer"", ""tensor_descriptor"", ""tensor_descriptor""], ""atomic_indexing"": [], ""pid_type"": ""flat""}","{""arg0_ndim"": 2, ""arg0_dim0"": 4096, ""arg0_dim1"": 13824, ""arg0_numel"": 56623104, ""arg0_dtype"": ""torch.float16"", ""arg0_dtype_size"": 2, ""arg0_dtype_cat"": 2, ""arg1_ndim"": 1, ""arg1_dim0"": 13824, ""arg1_numel"": 13824, ""arg1_dtype"": ""torch.float16"", ""arg1_dtype_size"": 2, ""arg1_dtype_cat"": 2, ""arg2_ndim"": 1, ""arg2_dim0"": 13824, ""arg2_numel"": 13824, ""arg2_dtype"": ""torch.float16"", ""arg2_dtype_size"": 2, ""arg2_dtype_cat"": 2}",0.0655680000782013
layer_norm,5d7b9ec06482ca12,869c54e4b955a8c6,"{""block_sizes"": [1], ""reduction_loops"": [2048], ""range_unroll_factors"": [0], ""range_warp_specializes"": [null], ""range_num_stages"": [0], ""range_multi_buffers"": [null], ""range_flattens"": [null], ""load_eviction_policies"": [""last"", """", ""first"", """", """", ""last"", """", ""last""], ""num_warps"": 8, ""num_stages"": 4, ""indexing"": [""tensor_descriptor"", ""pointer"", ""pointer"", ""tensor_descriptor"", ""pointer"", ""tensor_descriptor"", ""pointer"", ""pointer"", ""tensor_descriptor"", ""tensor_descriptor""], ""atomic_indexing"": [], ""pid_type"": ""flat""}","{""arg0_ndim"": 2, ""arg0_dim0"": 4096, ""arg0_dim1"": 13824, ""arg0_numel"": 56623104, ""arg0_dtype"": ""torch.float16"", ""arg0_dtype_size"": 2, ""arg0_dtype_cat"": 2, ""arg1_ndim"": 1, ""arg1_dim0"": 13824, ""arg1_numel"": 13824, ""arg1_dtype"": ""torch.float16"", ""arg1_dtype_size"": 2, ""arg1_dtype_cat"": 2, ""arg2_ndim"": 1, ""arg2_dim0"": 13824, ""arg2_numel"": 13824, ""arg2_dtype"": ""torch.float16"", ""arg2_dtype_size"": 2, ""arg2_dtype_cat"": 2}",0.053279999643564224
layer_norm,0ffdde8ebdf8ea99,178e7391546ae2da,"{""block_sizes"": [1], ""reduction_loops"": [null], ""range_unroll_factors"": [0], ""range_warp_specializes"": [null], ""range_num_stages"": [0], ""range_multi_buffers"": [null], ""range_flattens"": [null], ""load_eviction_policies"": [""first"", """", ""last"", """", ""last"", ""last"", ""last"", """"], ""num_warps"": 4, ""num_stages"": 7, ""indexing"": [""pointer"", ""pointer"", ""tensor_descriptor"", ""pointer"", ""tensor_descriptor"", ""pointer"", ""tensor_descriptor"", ""pointer"", ""pointer"", ""pointer""], ""atomic_indexing"": [], ""pid_type"": ""flat""}","{""arg0_ndim"": 2, ""arg0_dim0"": 4096, ""arg0_dim1"": 14336, ""arg0_numel"": 58720256, ""arg0_dtype"": ""torch.float16"", ""arg0_dtype_size"": 2, ""arg0_dtype_cat"": 2, ""arg1_ndim"": 1, ""arg1_dim0"": 14336, ""arg1_numel"": 14336, ""arg1_dtype"": ""torch.float16"", ""arg1_dtype_size"": 2, ""arg1_dtype_cat"": 2, ""arg2_ndim"": 1, ""arg2_dim0"": 14336, ""arg2_numel"": 14336, ""arg2_dtype"": ""torch.float16"", ""arg2_dtype_size"": 2, ""arg2_dtype_cat"": 2}",0.07577600330114365
layer_norm,0ffdde8ebdf8ea99,decf2056869ee2b5,"{""block_sizes"": [1], ""reduction_loops"": [1024], ""range_unroll_factors"": [0], ""range_warp_specializes"": [null], ""range_num_stages"": [0], ""range_multi_buffers"": [null], ""range_flattens"": [null], ""load_eviction_policies"": ["""", ""last"", ""first"", """", ""last"", ""first"", ""last"", ""last""], ""num_warps"": 1, ""num_stages"": 2, ""indexing"": [""pointer"", ""tensor_descriptor"", ""pointer"", ""tensor_descriptor"", ""tensor_descriptor"", ""pointer"", ""pointer"", ""pointer"", ""tensor_descriptor"", ""pointer""], ""atomic_indexing"": [], ""pid_type"": ""flat""}","{""arg0_ndim"": 2, ""arg0_dim0"": 4096, ""arg0_dim1"": 14336, ""arg0_numel"": 58720256, ""arg0_dtype"": ""torch.float16"", ""arg0_dtype_size"": 2, ""arg0_dtype_cat"": 2, ""arg1_ndim"": 1, ""arg1_dim0"": 14336, ""arg1_numel"": 14336, ""arg1_dtype"": ""torch.float16"", ""arg1_dtype_size"": 2, ""arg1_dtype_cat"": 2, ""arg2_ndim"": 1, ""arg2_dim0"": 14336, ""arg2_numel"": 14336, ""arg2_dtype"": ""torch.float16"", ""arg2_dtype_size"": 2, ""arg2_dtype_cat"": 2}",0.07177600264549255
layer_norm,0ffdde8ebdf8ea99,43acbd1ca50d4ca3,"{""block_sizes"": [1], ""reduction_loops"": [null], ""range_unroll_factors"": [0], ""range_warp_specializes"": [null], ""range_num_stages"": [0], ""range_multi_buffers"": [null], ""range_flattens"": [null], ""load_eviction_policies"": [""first"", """", """", ""first"", """", ""last"", ""first"", """"], ""num_warps"": 8, ""num_stages"": 4, ""indexing"": [""pointer"", ""tensor_descriptor"", ""pointer"", ""pointer"", ""pointer"", ""pointer"", ""tensor_descriptor"", ""pointer"", ""tensor_descriptor"", ""tensor_descriptor""], ""atomic_indexing"": [], ""pid_type"": ""flat""}","{""arg0_ndim"": 2, ""arg0_dim0"": 4096, ""arg0_dim1"": 14336, ""arg0_numel"": 58720256, ""arg0_dtype"": ""torch.float16"", ""arg0_dtype_size"": 2, ""arg0_dtype_cat"": 2, ""arg1_ndim"": 1, ""arg1_dim0"": 14336, ""arg1_numel"": 14336, ""arg1_dtype"": ""torch.float16"", ""arg1_dtype_size"": 2, ""arg1_dtype_cat"": 2, ""arg2_ndim"": 1, ""arg2_dim0"": 14336, ""arg2_numel"": 14336, ""arg2_dtype"": ""torch.float16"", ""arg2_dtype_size"": 2, ""arg2_dtype_cat"": 2}",0.06758400052785873
layer_norm,0ffdde8ebdf8ea99,869c54e4b955a8c6,"{""block_sizes"": [1], ""reduction_loops"": [2048], ""range_unroll_factors"": [0], ""range_warp_specializes"": [null], ""range_num_stages"": [0], ""range_multi_buffers"": [null], ""range_flattens"": [null], ""load_eviction_policies"": [""last"", """", ""first"", """", """", ""last"", """", ""last""], ""num_warps"": 8, ""num_stages"": 4, ""indexing"": [""tensor_descriptor"", ""pointer"", ""pointer"", ""tensor_descriptor"", ""pointer"", ""tensor_descriptor"", ""pointer"", ""pointer"", ""tensor_descriptor"", ""tensor_descriptor""], ""atomic_indexing"": [], ""pid_type"": ""flat""}","{""arg0_ndim"": 2, ""arg0_dim0"": 4096, ""arg0_dim1"": 14336, ""arg0_numel"": 58720256, ""arg0_dtype"": ""torch.float16"", ""arg0_dtype_size"": 2, ""arg0_dtype_cat"": 2, ""arg1_ndim"": 1, ""arg1_dim0"": 14336, ""arg1_numel"": 14336, ""arg1_dtype"": ""torch.float16"", ""arg1_dtype_size"": 2, ""arg1_dtype_cat"": 2, ""arg2_ndim"": 1, ""arg2_dim0"": 14336, ""arg2_numel"": 14336, ""arg2_dtype"": ""torch.float16"", ""arg2_dtype_size"": 2, ""arg2_dtype_cat"": 2}",0.05532800033688545
layer_norm,365699ba6f519c66,178e7391546ae2da,"{""block_sizes"": [1], ""reduction_loops"": [null], ""range_unroll_factors"": [0], ""range_warp_specializes"": [null], ""range_num_stages"": [0], ""range_multi_buffers"": [null], ""range_flattens"": [null], ""load_eviction_policies"": [""first"", """", ""last"", """", ""last"", ""last"", ""last"", """"], ""num_warps"": 4, ""num_stages"": 7, ""indexing"": [""pointer"", ""pointer"", ""tensor_descriptor"", ""pointer"", ""tensor_descriptor"", ""pointer"", ""tensor_descriptor"", ""pointer"", ""pointer"", ""pointer""], ""atomic_indexing"": [], ""pid_type"": ""flat""}","{""arg0_ndim"": 2, ""arg0_dim0"": 4096, ""arg0_dim1"": 14848, ""arg0_numel"": 60817408, ""arg0_dtype"": ""torch.float16"", ""arg0_dtype_size"": 2, ""arg0_dtype_cat"": 2, ""arg1_ndim"": 1, ""arg1_dim0"": 14848, ""arg1_numel"": 14848, ""arg1_dtype"": ""torch.float16"", ""arg1_dtype_size"": 2, ""arg1_dtype_cat"": 2, ""arg2_ndim"": 1, ""arg2_dim0"": 14848, ""arg2_numel"": 14848, ""arg2_dtype"": ""torch.float16"", ""arg2_dtype_size"": 2, ""arg2_dtype_cat"": 2}",0.07580800354480743
layer_norm,365699ba6f519c66,decf2056869ee2b5,"{""block_sizes"": [1], ""reduction_loops"": [1024], ""range_unroll_factors"": [0], ""range_warp_specializes"": [null], ""range_num_stages"": [0], ""range_multi_buffers"": [null], ""range_flattens"": [null], ""load_eviction_policies"": ["""", ""last"", ""first"", """", ""last"", ""first"", ""last"", ""last""], ""num_warps"": 1, ""num_stages"": 2, ""indexing"": [""pointer"", ""tensor_descriptor"", ""pointer"", ""tensor_descriptor"", ""tensor_descriptor"", ""pointer"", ""pointer"", ""pointer"", ""tensor_descriptor"", ""pointer""], ""atomic_indexing"": [], ""pid_type"": ""flat""}","{""arg0_ndim"": 2, ""arg0_dim0"": 4096, ""arg0_dim1"": 14848, ""arg0_numel"": 60817408, ""arg0_dtype"": ""torch.float16"", ""arg0_dtype_size"": 2, ""arg0_dtype_cat"": 2, ""arg1_ndim"": 1, ""arg1_dim0"": 14848, ""arg1_numel"": 14848, ""arg1_dtype"": ""torch.float16"", ""arg1_dtype_size"": 2, ""arg1_dtype_cat"": 2, ""arg2_ndim"": 1, ""arg2_dim0"": 14848, ""arg2_numel"": 14848, ""arg2_dtype"": ""torch.float16"", ""arg2_dtype_size"": 2, ""arg2_dtype_cat"": 2}",0.07587199658155441
layer_norm,365699ba6f519c66,43acbd1ca50d4ca3,"{""block_sizes"": [1], ""reduction_loops"": [null], ""range_unroll_factors"": [0], ""range_warp_specializes"": [null], ""range_num_stages"": [0], ""range_multi_buffers"": [null], ""range_flattens"": [null], ""load_eviction_policies"": [""first"", """", """", ""first"", """", ""last"", ""first"", """"], ""num_warps"": 8, ""num_stages"": 4, ""indexing"": [""pointer"", ""tensor_descriptor"", ""pointer"", ""pointer"", ""pointer"", ""pointer"", ""tensor_descriptor"", ""pointer"", ""tensor_descriptor"", ""tensor_descriptor""], ""atomic_indexing"": [], ""pid_type"": ""flat""}","{""arg0_ndim"": 2, ""arg0_dim0"": 4096, ""arg0_dim1"": 14848, ""arg0_numel"": 60817408, ""arg0_dtype"": ""torch.float16"", ""arg0_dtype_size"": 2, ""arg0_dtype_cat"": 2, ""arg1_ndim"": 1, ""arg1_dim0"": 14848, ""arg1_numel"": 14848, ""arg1_dtype"": ""torch.float16"", ""arg1_dtype_size"": 2, ""arg1_dtype_cat"": 2, ""arg2_ndim"": 1, ""arg2_dim0"": 14848, ""arg2_numel"": 14848, ""arg2_dtype"": ""torch.float16"", ""arg2_dtype_size"": 2, ""arg2_dtype_cat"": 2}",0.06963200122117996
layer_norm,365699ba6f519c66,869c54e4b955a8c6,"{""block_sizes"": [1], ""reduction_loops"": [2048], ""range_unroll_factors"": [0], ""range_warp_specializes"": [null], ""range_num_stages"": [0], ""range_multi_buffers"": [null], ""range_flattens"": [null], ""load_eviction_policies"": [""last"", """", ""first"", """", """", ""last"", """", ""last""], ""num_warps"": 8, ""num_stages"": 4, ""indexing"": [""tensor_descriptor"", ""pointer"", ""pointer"", ""tensor_descriptor"", ""pointer"", ""tensor_descriptor"", ""pointer"", ""pointer"", ""tensor_descriptor"", ""tensor_descriptor""], ""atomic_indexing"": [], ""pid_type"": ""flat""}","{""arg0_ndim"": 2, ""arg0_dim0"": 4096, ""arg0_dim1"": 14848, ""arg0_numel"": 60817408, ""arg0_dtype"": ""torch.float16"", ""arg0_dtype_size"": 2, ""arg0_dtype_cat"": 2, ""arg1_ndim"": 1, ""arg1_dim0"": 14848, ""arg1_numel"": 14848, ""arg1_dtype"": ""torch.float16"", ""arg1_dtype_size"": 2, ""arg1_dtype_cat"": 2, ""arg2_ndim"": 1, ""arg2_dim0"": 14848, ""arg2_numel"": 14848, ""arg2_dtype"": ""torch.float16"", ""arg2_dtype_size"": 2, ""arg2_dtype_cat"": 2}",0.05737600103020668
layer_norm,c5a7230b2121df07,178e7391546ae2da,"{""block_sizes"": [1], ""reduction_loops"": [null], ""range_unroll_factors"": [0], ""range_warp_specializes"": [null], ""range_num_stages"": [0], ""range_multi_buffers"": [null], ""range_flattens"": [null], ""load_eviction_policies"": [""first"", """", ""last"", """", ""last"", ""last"", ""last"", """"], ""num_warps"": 4, ""num_stages"": 7, ""indexing"": [""pointer"", ""pointer"", ""tensor_descriptor"", ""pointer"", ""tensor_descriptor"", ""pointer"", ""tensor_descriptor"", ""pointer"", ""pointer"", ""pointer""], ""atomic_indexing"": [], ""pid_type"": ""flat""}","{""arg0_ndim"": 2, ""arg0_dim0"": 4096, ""arg0_dim1"": 15360, ""arg0_numel"": 62914560, ""arg0_dtype"": ""torch.float16"", ""arg0_dtype_size"": 2, ""arg0_dtype_cat"": 2, ""arg1_ndim"": 1, ""arg1_dim0"": 15360, ""arg1_numel"": 15360, ""arg1_dtype"": ""torch.float16"", ""arg1_dtype_size"": 2, ""arg1_dtype_cat"": 2, ""arg2_ndim"": 1, ""arg2_dim0"": 15360, ""arg2_numel"": 15360, ""arg2_dtype"": ""torch.float16"", ""arg2_dtype_size"": 2, ""arg2_dtype_cat"": 2}",0.07782399654388428
layer_norm,c5a7230b2121df07,decf2056869ee2b5,"{""block_sizes"": [1], ""reduction_loops"": [1024], ""range_unroll_factors"": [0], ""range_warp_specializes"": [null], ""range_num_stages"": [0], ""range_multi_buffers"": [null], ""range_flattens"": [null], ""load_eviction_policies"": ["""", ""last"", ""first"", """", ""last"", ""first"", ""last"", ""last""], ""num_warps"": 1, ""num_stages"": 2, ""indexing"": [""pointer"", ""tensor_descriptor"", ""pointer"", ""tensor_descriptor"", ""tensor_descriptor"", ""pointer"", ""pointer"", ""pointer"", ""tensor_descriptor"", ""pointer""], ""atomic_indexing"": [], ""pid_type"": ""flat""}","{""arg0_ndim"": 2, ""arg0_dim0"": 4096, ""arg0_dim1"": 15360, ""arg0_numel"": 62914560, ""arg0_dtype"": ""torch.float16"", ""arg0_dtype_size"": 2, ""arg0_dtype_cat"": 2, ""arg1_ndim"": 1, ""arg1_dim0"": 15360, ""arg1_numel"": 15360, ""arg1_dtype"": ""torch.float16"", ""arg1_dtype_size"": 2, ""arg1_dtype_cat"": 2, ""arg2_ndim"": 1, ""arg2_dim0"": 15360, ""arg2_numel"": 15360, ""arg2_dtype"": ""torch.float16"", ""arg2_dtype_size"": 2, ""arg2_dtype_cat"": 2}",0.07788799703121185
layer_norm,c5a7230b2121df07,43acbd1ca50d4ca3,"{""block_sizes"": [1], ""reduction_loops"": [null], ""range_unroll_factors"": [0], ""range_warp_specializes"": [null], ""range_num_stages"": [0], ""range_multi_buffers"": [null], ""range_flattens"": [null], ""load_eviction_policies"": [""first"", """", """", ""first"", """", ""last"", ""first"", """"], ""num_warps"": 8, ""num_stages"": 4, ""indexing"": [""pointer"", ""tensor_descriptor"", ""pointer"", ""pointer"", ""pointer"", ""pointer"", ""tensor_descriptor"", ""pointer"", ""tensor_descriptor"", ""tensor_descriptor""], ""atomic_indexing"": [], ""pid_type"": ""flat""}","{""arg0_ndim"": 2, ""arg0_dim0"": 4096, ""arg0_dim1"": 15360, ""arg0_numel"": 62914560, ""arg0_dtype"": ""torch.float16"", ""arg0_dtype_size"": 2, ""arg0_dtype_cat"": 2, ""arg1_ndim"": 1, ""arg1_dim0"": 15360, ""arg1_numel"": 15360, ""arg1_dtype"": ""torch.float16"", ""arg1_dtype_size"": 2, ""arg1_dtype_cat"": 2, ""arg2_ndim"": 1, ""arg2_dim0"": 15360, ""arg2_numel"": 15360, ""arg2_dtype"": ""torch.float16"", ""arg2_dtype_size"": 2, ""arg2_dtype_cat"": 2}",0.06966400146484375
layer_norm,c5a7230b2121df07,869c54e4b955a8c6,"{""block_sizes"": [1], ""reduction_loops"": [2048], ""range_unroll_factors"": [0], ""range_warp_specializes"": [null], ""range_num_stages"": [0], ""range_multi_buffers"": [null], ""range_flattens"": [null], ""load_eviction_policies"": [""last"", """", ""first"", """", """", ""last"", """", ""last""], ""num_warps"": 8, ""num_stages"": 4, ""indexing"": [""tensor_descriptor"", ""pointer"", ""pointer"", ""tensor_descriptor"", ""pointer"", ""tensor_descriptor"", ""pointer"", ""pointer"", ""tensor_descriptor"", ""tensor_descriptor""], ""atomic_indexing"": [], ""pid_type"": ""flat""}","{""arg0_ndim"": 2, ""arg0_dim0"": 4096, ""arg0_dim1"": 15360, ""arg0_numel"": 62914560, ""arg0_dtype"": ""torch.float16"", ""arg0_dtype_size"": 2, ""arg0_dtype_cat"": 2, ""arg1_ndim"": 1, ""arg1_dim0"": 15360, ""arg1_numel"": 15360, ""arg1_dtype"": ""torch.float16"", ""arg1_dtype_size"": 2, ""arg1_dtype_cat"": 2, ""arg2_ndim"": 1, ""arg2_dim0"": 15360, ""arg2_numel"": 15360, ""arg2_dtype"": ""torch.float16"", ""arg2_dtype_size"": 2, ""arg2_dtype_cat"": 2}",0.05942400172352791
layer_norm,ccd5a95d3f234011,178e7391546ae2da,"{""block_sizes"": [1], ""reduction_loops"": [null], ""range_unroll_factors"": [0], ""range_warp_specializes"": [null], ""range_num_stages"": [0], ""range_multi_buffers"": [null], ""range_flattens"": [null], ""load_eviction_policies"": [""first"", """", ""last"", """", ""last"", ""last"", ""last"", """"], ""num_warps"": 4, ""num_stages"": 7, ""indexing"": [""pointer"", ""pointer"", ""tensor_descriptor"", ""pointer"", ""tensor_descriptor"", ""pointer"", ""tensor_descriptor"", ""pointer"", ""pointer"", ""pointer""], ""atomic_indexing"": [], ""pid_type"": ""flat""}","{""arg0_ndim"": 2, ""arg0_dim0"": 4096, ""arg0_dim1"": 15872, ""arg0_numel"": 65011712, ""arg0_dtype"": ""torch.float16"", ""arg0_dtype_size"": 2, ""arg0_dtype_cat"": 2, ""arg1_ndim"": 1, ""arg1_dim0"": 15872, ""arg1_numel"": 15872, ""arg1_dtype"": ""torch.float16"", ""arg1_dtype_size"": 2, ""arg1_dtype_cat"": 2, ""arg2_ndim"": 1, ""arg2_dim0"": 15872, ""arg2_numel"": 15872, ""arg2_dtype"": ""torch.float16"", ""arg2_dtype_size"": 2, ""arg2_dtype_cat"": 2}",0.07785599678754807
layer_norm,ccd5a95d3f234011,decf2056869ee2b5,"{""block_sizes"": [1], ""reduction_loops"": [1024], ""range_unroll_factors"": [0], ""range_warp_specializes"": [null], ""range_num_stages"": [0], ""range_multi_buffers"": [null], ""range_flattens"": [null], ""load_eviction_policies"": ["""", ""last"", ""first"", """", ""last"", ""first"", ""last"", ""last""], ""num_warps"": 1, ""num_stages"": 2, ""indexing"": [""pointer"", ""tensor_descriptor"", ""pointer"", ""tensor_descriptor"", ""tensor_descriptor"", ""pointer"", ""pointer"", ""pointer"", ""tensor_descriptor"", ""pointer""], ""atomic_indexing"": [], ""pid_type"": ""flat""}","{""arg0_ndim"": 2, ""arg0_dim0"": 4096, ""arg0_dim1"": 15872, ""arg0_numel"": 65011712, ""arg0_dtype"": ""torch.float16"", ""arg0_dtype_size"": 2, ""arg0_dtype_cat"": 2, ""arg1_ndim"": 1, ""arg1_dim0"": 15872, ""arg1_numel"": 15872, ""arg1_dtype"": ""torch.float16"", ""arg1_dtype_size"": 2, ""arg1_dtype_cat"": 2, ""arg2_ndim"": 1, ""arg2_dim0"": 15872, ""arg2_numel"": 15872, ""arg2_dtype"": ""torch.float16"", ""arg2_dtype_size"": 2, ""arg2_dtype_cat"": 2}",0.08195199817419052
layer_norm,ccd5a95d3f234011,43acbd1ca50d4ca3,"{""block_sizes"": [1], ""reduction_loops"": [null], ""range_unroll_factors"": [0], ""range_warp_specializes"": [null], ""range_num_stages"": [0], ""range_multi_buffers"": [null], ""range_flattens"": [null], ""load_eviction_policies"": [""first"", """", """", ""first"", """", ""last"", ""first"", """"], ""num_warps"": 8, ""num_stages"": 4, ""indexing"": [""pointer"", ""tensor_descriptor"", ""pointer"", ""pointer"", ""pointer"", ""pointer"", ""tensor_descriptor"", ""pointer"", ""tensor_descriptor"", ""tensor_descriptor""], ""atomic_indexing"": [], ""pid_type"": ""flat""}","{""arg0_ndim"": 2, ""arg0_dim0"": 4096, ""arg0_dim1"": 15872, ""arg0_numel"": 65011712, ""arg0_dtype"": ""torch.float16"", ""arg0_dtype_size"": 2, ""arg0_dtype_cat"": 2, ""arg1_ndim"": 1, ""arg1_dim0"": 15872, ""arg1_numel"": 15872, ""arg1_dtype"": ""torch.float16"", ""arg1_dtype_size"": 2, ""arg1_dtype_cat"": 2, ""arg2_ndim"": 1, ""arg2_dim0"": 15872, ""arg2_numel"": 15872, ""arg2_dtype"": ""torch.float16"", ""arg2_dtype_size"": 2, ""arg2_dtype_cat"": 2}",0.07171200215816498
layer_norm,ccd5a95d3f234011,869c54e4b955a8c6,"{""block_sizes"": [1], ""reduction_loops"": [2048], ""range_unroll_factors"": [0], ""range_warp_specializes"": [null], ""range_num_stages"": [0], ""range_multi_buffers"": [null], ""range_flattens"": [null], ""load_eviction_policies"": [""last"", """", ""first"", """", """", ""last"", """", ""last""], ""num_warps"": 8, ""num_stages"": 4, ""indexing"": [""tensor_descriptor"", ""pointer"", ""pointer"", ""tensor_descriptor"", ""pointer"", ""tensor_descriptor"", ""pointer"", ""pointer"", ""tensor_descriptor"", ""tensor_descriptor""], ""atomic_indexing"": [], ""pid_type"": ""flat""}","{""arg0_ndim"": 2, ""arg0_dim0"": 4096, ""arg0_dim1"": 15872, ""arg0_numel"": 65011712, ""arg0_dtype"": ""torch.float16"", ""arg0_dtype_size"": 2, ""arg0_dtype_cat"": 2, ""arg1_ndim"": 1, ""arg1_dim0"": 15872, ""arg1_numel"": 15872, ""arg1_dtype"": ""torch.float16"", ""arg1_dtype_size"": 2, ""arg1_dtype_cat"": 2, ""arg2_ndim"": 1, ""arg2_dim0"": 15872, ""arg2_numel"": 15872, ""arg2_dtype"": ""torch.float16"", ""arg2_dtype_size"": 2, ""arg2_dtype_cat"": 2}",0.05942400172352791
layer_norm,291eaf1478d0c6b8,178e7391546ae2da,"{""block_sizes"": [1], ""reduction_loops"": [null], ""range_unroll_factors"": [0], ""range_warp_specializes"": [null], ""range_num_stages"": [0], ""range_multi_buffers"": [null], ""range_flattens"": [null], ""load_eviction_policies"": [""first"", """", ""last"", """", ""last"", ""last"", ""last"", """"], ""num_warps"": 4, ""num_stages"": 7, ""indexing"": [""pointer"", ""pointer"", ""tensor_descriptor"", ""pointer"", ""tensor_descriptor"", ""pointer"", ""tensor_descriptor"", ""pointer"", ""pointer"", ""pointer""], ""atomic_indexing"": [], ""pid_type"": ""flat""}","{""arg0_ndim"": 2, ""arg0_dim0"": 4096, ""arg0_dim1"": 1024, ""arg0_numel"": 4194304, ""arg0_dtype"": ""torch.float16"", ""arg0_dtype_size"": 2, ""arg0_dtype_cat"": 2, ""arg1_ndim"": 1, ""arg1_dim0"": 1024, ""arg1_numel"": 1024, ""arg1_dtype"": ""torch.float16"", ""arg1_dtype_size"": 2, ""arg1_dtype_cat"": 2, ""arg2_ndim"": 1, ""arg2_dim0"": 1024, ""arg2_numel"": 1024, ""arg2_dtype"": ""torch.float16"", ""arg2_dtype_size"": 2, ""arg2_dtype_cat"": 2}",0.01027199998497963
layer_norm,291eaf1478d0c6b8,decf2056869ee2b5,"{""block_sizes"": [1], ""reduction_loops"": [1024], ""range_unroll_factors"": [0], ""range_warp_specializes"": [null], ""range_num_stages"": [0], ""range_multi_buffers"": [null], ""range_flattens"": [null], ""load_eviction_policies"": ["""", ""last"", ""first"", """", ""last"", ""first"", ""last"", ""last""], ""num_warps"": 1, ""num_stages"": 2, ""indexing"": [""pointer"", ""tensor_descriptor"", ""pointer"", ""tensor_descriptor"", ""tensor_descriptor"", ""pointer"", ""pointer"", ""pointer"", ""tensor_descriptor"", ""pointer""], ""atomic_indexing"": [], ""pid_type"": ""flat""}","{""arg0_ndim"": 2, ""arg0_dim0"": 4096, ""arg0_dim1"": 1024, ""arg0_numel"": 4194304, ""arg0_dtype"": ""torch.float16"", ""arg0_dtype_size"": 2, ""arg0_dtype_cat"": 2, ""arg1_ndim"": 1, ""arg1_dim0"": 1024, ""arg1_numel"": 1024, ""arg1_dtype"": ""torch.float16"", ""arg1_dtype_size"": 2, ""arg1_dtype_cat"": 2, ""arg2_ndim"": 1, ""arg2_dim0"": 1024, ""arg2_numel"": 1024, ""arg2_dtype"": ""torch.float16"", ""arg2_dtype_size"": 2, ""arg2_dtype_cat"": 2}",0.01027199998497963
layer_norm,291eaf1478d0c6b8,43acbd1ca50d4ca3,"{""block_sizes"": [1], ""reduction_loops"": [null], ""range_unroll_factors"": [0], ""range_warp_specializes"": [null], ""range_num_stages"": [0], ""range_multi_buffers"": [null], ""range_flattens"": [null], ""load_eviction_policies"": [""first"", """", """", ""first"", """", ""last"", ""first"", """"], ""num_warps"": 8, ""num_stages"": 4, ""indexing"": [""pointer"", ""tensor_descriptor"", ""pointer"", ""pointer"", ""pointer"", ""pointer"", ""tensor_descriptor"", ""pointer"", ""tensor_descriptor"", ""tensor_descriptor""], ""atomic_indexing"": [], ""pid_type"": ""flat""}","{""arg0_ndim"": 2, ""arg0_dim0"": 4096, ""arg0_dim1"": 1024, ""arg0_numel"": 4194304, ""arg0_dtype"": ""torch.float16"", ""arg0_dtype_size"": 2, ""arg0_dtype_cat"": 2, ""arg1_ndim"": 1, ""arg1_dim0"": 1024, ""arg1_numel"": 1024, ""arg1_dtype"": ""torch.float16"", ""arg1_dtype_size"": 2, ""arg1_dtype_cat"": 2, ""arg2_ndim"": 1, ""arg2_dim0"": 1024, ""arg2_numel"": 1024, ""arg2_dtype"": ""torch.float16"", ""arg2_dtype_size"": 2, ""arg2_dtype_cat"": 2}",0.012319999746978283
layer_norm,291eaf1478d0c6b8,869c54e4b955a8c6,"{""block_sizes"": [1], ""reduction_loops"": [2048], ""range_unroll_factors"": [0], ""range_warp_specializes"": [null], ""range_num_stages"": [0], ""range_multi_buffers"": [null], ""range_flattens"": [null], ""load_eviction_policies"": [""last"", """", ""first"", """", """", ""last"", """", ""last""], ""num_warps"": 8, ""num_stages"": 4, ""indexing"": [""tensor_descriptor"", ""pointer"", ""pointer"", ""tensor_descriptor"", ""pointer"", ""tensor_descriptor"", ""pointer"", ""pointer"", ""tensor_descriptor"", ""tensor_descriptor""], ""atomic_indexing"": [], ""pid_type"": ""flat""}","{""arg0_ndim"": 2, ""arg0_dim0"": 4096, ""arg0_dim1"": 1024, ""arg0_numel"": 4194304, ""arg0_dtype"": ""torch.float16"", ""arg0_dtype_size"": 2, ""arg0_dtype_cat"": 2, ""arg1_ndim"": 1, ""arg1_dim0"": 1024, ""arg1_numel"": 1024, ""arg1_dtype"": ""torch.float16"", ""arg1_dtype_size"": 2, ""arg1_dtype_cat"": 2, ""arg2_ndim"": 1, ""arg2_dim0"": 1024, ""arg2_numel"": 1024, ""arg2_dtype"": ""torch.float16"", ""arg2_dtype_size"": 2, ""arg2_dtype_cat"": 2}",0.016383999958634377
layer_norm,291eaf1478d0c6b8,85df12bd2fb6305f,"{""block_sizes"": [1], ""reduction_loops"": [null], ""range_unroll_factors"": [0], ""range_warp_specializes"": [null], ""range_num_stages"": [0], ""range_multi_buffers"": [null], ""range_flattens"": [null], ""load_eviction_policies"": [""first"", ""last"", ""last"", ""last"", ""first"", ""last"", ""first"", ""first""], ""num_warps"": 8, ""num_stages"": 2, ""indexing"": [""tensor_descriptor"", ""pointer"", ""tensor_descriptor"", ""tensor_descriptor"", ""pointer"", ""tensor_descriptor"", ""tensor_descriptor"", ""tensor_descriptor"", ""pointer"", ""tensor_descriptor""], ""atomic_indexing"": [], ""pid_type"": ""flat""}","{""arg0_ndim"": 2, ""arg0_dim0"": 4096, ""arg0_dim1"": 1024, ""arg0_numel"": 4194304, ""arg0_dtype"": ""torch.float16"", ""arg0_dtype_size"": 2, ""arg0_dtype_cat"": 2, ""arg1_ndim"": 1, ""arg1_dim0"": 1024, ""arg1_numel"": 1024, ""arg1_dtype"": ""torch.float16"", ""arg1_dtype_size"": 2, ""arg1_dtype_cat"": 2, ""arg2_ndim"": 1, ""arg2_dim0"": 1024, ""arg2_numel"": 1024, ""arg2_dtype"": ""torch.float16"", ""arg2_dtype_size"": 2, ""arg2_dtype_cat"": 2}",0.012304000090807676
layer_norm,291eaf1478d0c6b8,2052065dbe652edb,"{""block_sizes"": [1], ""reduction_loops"": [4096], ""range_unroll_factors"": [0], ""range_warp_specializes"": [null], ""range_num_stages"": [0], ""range_multi_buffers"": [null], ""range_flattens"": [null], ""load_eviction_policies"": [""last"", """", ""first"", """", """", ""last"", """", """"], ""num_warps"": 16, ""num_stages"": 2, ""indexing"": [""pointer"", ""tensor_descriptor"", ""pointer"", ""pointer"", ""pointer"", ""tensor_descriptor"", ""pointer"", ""pointer"", ""pointer"", ""pointer""], ""atomic_indexing"": [], ""pid_type"": ""flat""}","{""arg0_ndim"": 2, ""arg0_dim0"": 4096, ""arg0_dim1"": 1024, ""arg0_numel"": 4194304, ""arg0_dtype"": ""torch.float16"", ""arg0_dtype_size"": 2, ""arg0_dtype_cat"": 2, ""arg1_ndim"": 1, ""arg1_dim0"": 1024, ""arg1_numel"": 1024, ""arg1_dtype"": ""torch.float16"", ""arg1_dtype_size"": 2, ""arg1_dtype_cat"": 2, ""arg2_ndim"": 1, ""arg2_dim0"": 1024, ""arg2_numel"": 1024, ""arg2_dtype"": ""torch.float16"", ""arg2_dtype_size"": 2, ""arg2_dtype_cat"": 2}",0.024671999737620354
layer_norm,796a0d2156521146,178e7391546ae2da,"{""block_sizes"": [1], ""reduction_loops"": [null], ""range_unroll_factors"": [0], ""range_warp_specializes"": [null], ""range_num_stages"": [0], ""range_multi_buffers"": [null], ""range_flattens"": [null], ""load_eviction_policies"": [""first"", """", ""last"", """", ""last"", ""last"", ""last"", """"], ""num_warps"": 4, ""num_stages"": 7, ""indexing"": [""pointer"", ""pointer"", ""tensor_descriptor"", ""pointer"", ""tensor_descriptor"", ""pointer"", ""tensor_descriptor"", ""pointer"", ""pointer"", ""pointer""], ""atomic_indexing"": [], ""pid_type"": ""flat""}","{""arg0_ndim"": 2, ""arg0_dim0"": 4096, ""arg0_dim1"": 1536, ""arg0_numel"": 6291456, ""arg0_dtype"": ""torch.float16"", ""arg0_dtype_size"": 2, ""arg0_dtype_cat"": 2, ""arg1_ndim"": 1, ""arg1_dim0"": 1536, ""arg1_numel"": 1536, ""arg1_dtype"": ""torch.float16"", ""arg1_dtype_size"": 2, ""arg1_dtype_cat"": 2, ""arg2_ndim"": 1, ""arg2_dim0"": 1536, ""arg2_numel"": 1536, ""arg2_dtype"": ""torch.float16"", ""arg2_dtype_size"": 2, ""arg2_dtype_cat"": 2}",0.012319999746978283
layer_norm,796a0d2156521146,decf2056869ee2b5,"{""block_sizes"": [1], ""reduction_loops"": [1024], ""range_unroll_factors"": [0], ""range_warp_specializes"": [null], ""range_num_stages"": [0], ""range_multi_buffers"": [null], ""range_flattens"": [null], ""load_eviction_policies"": ["""", ""last"", ""first"", """", ""last"", ""first"", ""last"", ""last""], ""num_warps"": 1, ""num_stages"": 2, ""indexing"": [""pointer"", ""tensor_descriptor"", ""pointer"", ""tensor_descriptor"", ""tensor_descriptor"", ""pointer"", ""pointer"", ""pointer"", ""tensor_descriptor"", ""pointer""], ""atomic_indexing"": [], ""pid_type"": ""flat""}","{""arg0_ndim"": 2, ""arg0_dim0"": 4096, ""arg0_dim1"": 1536, ""arg0_numel"": 6291456, ""arg0_dtype"": ""torch.float16"", ""arg0_dtype_size"": 2, ""arg0_dtype_cat"": 2, ""arg1_ndim"": 1, ""arg1_dim0"": 1536, ""arg1_numel"": 1536, ""arg1_dtype"": ""torch.float16"", ""arg1_dtype_size"": 2, ""arg1_dtype_cat"": 2, ""arg2_ndim"": 1, ""arg2_dim0"": 1536, ""arg2_numel"": 1536, ""arg2_dtype"": ""torch.float16"", ""arg2_dtype_size"": 2, ""arg2_dtype_cat"": 2}",0.014368000440299511
layer_norm,796a0d2156521146,43acbd1ca50d4ca3,"{""block_sizes"": [1], ""reduction_loops"": [null], ""range_unroll_factors"": [0], ""range_warp_specializes"": [null], ""range_num_stages"": [0], ""range_multi_buffers"": [null], ""range_flattens"": [null], ""load_eviction_policies"": [""first"", """", """", ""first"", """", ""last"", ""first"", """"], ""num_warps"": 8, ""num_stages"": 4, ""indexing"": [""pointer"", ""tensor_descriptor"", ""pointer"", ""pointer"", ""pointer"", ""pointer"", ""tensor_descriptor"", ""pointer"", ""tensor_descriptor"", ""tensor_descriptor""], ""atomic_indexing"": [], ""pid_type"": ""flat""}","{""arg0_ndim"": 2, ""arg0_dim0"": 4096, ""arg0_dim1"": 1536, ""arg0_numel"": 6291456, ""arg0_dtype"": ""torch.float16"", ""arg0_dtype_size"": 2, ""arg0_dtype_cat"": 2, ""arg1_ndim"": 1, ""arg1_dim0"": 1536, ""arg1_numel"": 1536, ""arg1_dtype"": ""torch.float16"", ""arg1_dtype_size"": 2, ""arg1_dtype_cat"": 2, ""arg2_ndim"": 1, ""arg2_dim0"": 1536, ""arg2_numel"": 1536, ""arg2_dtype"": ""torch.float16"", ""arg2_dtype_size"": 2, ""arg2_dtype_cat"": 2}",0.014336000196635723
layer_norm,796a0d2156521146,869c54e4b955a8c6,"{""block_sizes"": [1], ""reduction_loops"": [2048], ""range_unroll_factors"": [0], ""range_warp_specializes"": [null], ""range_num_stages"": [0], ""range_multi_buffers"": [null], ""range_flattens"": [null], ""load_eviction_policies"": [""last"", """", ""first"", """", """", ""last"", """", ""last""], ""num_warps"": 8, ""num_stages"": 4, ""indexing"": [""tensor_descriptor"", ""pointer"", ""pointer"", ""tensor_descriptor"", ""pointer"", ""tensor_descriptor"", ""pointer"", ""pointer"", ""tensor_descriptor"", ""tensor_descriptor""], ""atomic_indexing"": [], ""pid_type"": ""flat""}","{""arg0_ndim"": 2, ""arg0_dim0"": 4096, ""arg0_dim1"": 1536, ""arg0_numel"": 6291456, ""arg0_dtype"": ""torch.float16"", ""arg0_dtype_size"": 2, ""arg0_dtype_cat"": 2, ""arg1_ndim"": 1, ""arg1_dim0"": 1536, ""arg1_numel"": 1536, ""arg1_dtype"": ""torch.float16"", ""arg1_dtype_size"": 2, ""arg1_dtype_cat"": 2, ""arg2_ndim"": 1, ""arg2_dim0"": 1536, ""arg2_numel"": 1536, ""arg2_dtype"": ""torch.float16"", ""arg2_dtype_size"": 2, ""arg2_dtype_cat"": 2}",0.016383999958634377
layer_norm,796a0d2156521146,85df12bd2fb6305f,"{""block_sizes"": [1], ""reduction_loops"": [null], ""range_unroll_factors"": [0], ""range_warp_specializes"": [null], ""range_num_stages"": [0], ""range_multi_buffers"": [null], ""range_flattens"": [null], ""load_eviction_policies"": [""first"", ""last"", ""last"", ""last"", ""first"", ""last"", ""first"", ""first""], ""num_warps"": 8, ""num_stages"": 2, ""indexing"": [""tensor_descriptor"", ""pointer"", ""tensor_descriptor"", ""tensor_descriptor"", ""pointer"", ""tensor_descriptor"", ""tensor_descriptor"", ""tensor_descriptor"", ""pointer"", ""tensor_descriptor""], ""atomic_indexing"": [], ""pid_type"": ""flat""}","{""arg0_ndim"": 2, ""arg0_dim0"": 4096, ""arg0_dim1"": 1536, ""arg0_numel"": 6291456, ""arg0_dtype"": ""torch.float16"", ""arg0_dtype_size"": 2, ""arg0_dtype_cat"": 2, ""arg1_ndim"": 1, ""arg1_dim0"": 1536, ""arg1_numel"": 1536, ""arg1_dtype"": ""torch.float16"", ""arg1_dtype_size"": 2, ""arg1_dtype_cat"": 2, ""arg2_ndim"": 1, ""arg2_dim0"": 1536, ""arg2_numel"": 1536, ""arg2_dtype"": ""torch.float16"", ""arg2_dtype_size"": 2, ""arg2_dtype_cat"": 2}",0.014336000196635723
layer_norm,796a0d2156521146,2052065dbe652edb,"{""block_sizes"": [1], ""reduction_loops"": [4096], ""range_unroll_factors"": [0], ""range_warp_specializes"": [null], ""range_num_stages"": [0], ""range_multi_buffers"": [null], ""range_flattens"": [null], ""load_eviction_policies"": [""last"", """", ""first"", """", """", ""last"", """", """"], ""num_warps"": 16, ""num_stages"": 2, ""indexing"": [""pointer"", ""tensor_descriptor"", ""pointer"", ""pointer"", ""pointer"", ""tensor_descriptor"", ""pointer"", ""pointer"", ""pointer"", ""pointer""], ""atomic_indexing"": [], ""pid_type"": ""flat""}","{""arg0_ndim"": 2, ""arg0_dim0"": 4096, ""arg0_dim1"": 1536, ""arg0_numel"": 6291456, ""arg0_dtype"": ""torch.float16"", ""arg0_dtype_size"": 2, ""arg0_dtype_cat"": 2, ""arg1_ndim"": 1, ""arg1_dim0"": 1536, ""arg1_numel"": 1536, ""arg1_dtype"": ""torch.float16"", ""arg1_dtype_size"": 2, ""arg1_dtype_cat"": 2, ""arg2_ndim"": 1, ""arg2_dim0"": 1536, ""arg2_numel"": 1536, ""arg2_dtype"": ""torch.float16"", ""arg2_dtype_size"": 2, ""arg2_dtype_cat"": 2}",0.02473600022494793
layer_norm,732a149596de1970,178e7391546ae2da,"{""block_sizes"": [1], ""reduction_loops"": [null], ""range_unroll_factors"": [0], ""range_warp_specializes"": [null], ""range_num_stages"": [0], ""range_multi_buffers"": [null], ""range_flattens"": [null], ""load_eviction_policies"": [""first"", """", ""last"", """", ""last"", ""last"", ""last"", """"], ""num_warps"": 4, ""num_stages"": 7, ""indexing"": [""pointer"", ""pointer"", ""tensor_descriptor"", ""pointer"", ""tensor_descriptor"", ""pointer"", ""tensor_descriptor"", ""pointer"", ""pointer"", ""pointer""], ""atomic_indexing"": [], ""pid_type"": ""flat""}","{""arg0_ndim"": 2, ""arg0_dim0"": 4096, ""arg0_dim1"": 2048, ""arg0_numel"": 8388608, ""arg0_dtype"": ""torch.float16"", ""arg0_dtype_size"": 2, ""arg0_dtype_cat"": 2, ""arg1_ndim"": 1, ""arg1_dim0"": 2048, ""arg1_numel"": 2048, ""arg1_dtype"": ""torch.float16"", ""arg1_dtype_size"": 2, ""arg1_dtype_cat"": 2, ""arg2_ndim"": 1, ""arg2_dim0"": 2048, ""arg2_numel"": 2048, ""arg2_dtype"": ""torch.float16"", ""arg2_dtype_size"": 2, ""arg2_dtype_cat"": 2}",0.014336000196635723
layer_norm,732a149596de1970,decf2056869ee2b5,"{""block_sizes"": [1], ""reduction_loops"": [1024], ""range_unroll_factors"": [0], ""range_warp_specializes"": [null], ""range_num_stages"": [0], ""range_multi_buffers"": [null], ""range_flattens"": [null], ""load_eviction_policies"": ["""", ""last"", ""first"", """", ""last"", ""first"", ""last"", ""last""], ""num_warps"": 1, ""num_stages"": 2, ""indexing"": [""pointer"", ""tensor_descriptor"", ""pointer"", ""tensor_descriptor"", ""tensor_descriptor"", ""pointer"", ""pointer"", ""pointer"", ""tensor_descriptor"", ""pointer""], ""atomic_indexing"": [], ""pid_type"": ""flat""}","{""arg0_ndim"": 2, ""arg0_dim0"": 4096, ""arg0_dim1"": 2048, ""arg0_numel"": 8388608, ""arg0_dtype"": ""torch.float16"", ""arg0_dtype_size"": 2, ""arg0_dtype_cat"": 2, ""arg1_ndim"": 1, ""arg1_dim0"": 2048, ""arg1_numel"": 2048, ""arg1_dtype"": ""torch.float16"", ""arg1_dtype_size"": 2, ""arg1_dtype_cat"": 2, ""arg2_ndim"": 1, ""arg2_dim0"": 2048, ""arg2_numel"": 2048, ""arg2_dtype"": ""torch.float16"", ""arg2_dtype_size"": 2, ""arg2_dtype_cat"": 2}",0.014399999752640724
layer_norm,732a149596de1970,43acbd1ca50d4ca3,"{""block_sizes"": [1], ""reduction_loops"": [null], ""range_unroll_factors"": [0], ""range_warp_specializes"": [null], ""range_num_stages"": [0], ""range_multi_buffers"": [null], ""range_flattens"": [null], ""load_eviction_policies"": [""first"", """", """", ""first"", """", ""last"", ""first"", """"], ""num_warps"": 8, ""num_stages"": 4, ""indexing"": [""pointer"", ""tensor_descriptor"", ""pointer"", ""pointer"", ""pointer"", ""pointer"", ""tensor_descriptor"", ""pointer"", ""tensor_descriptor"", ""tensor_descriptor""], ""atomic_indexing"": [], ""pid_type"": ""flat""}","{""arg0_ndim"": 2, ""arg0_dim0"": 4096, ""arg0_dim1"": 2048, ""arg0_numel"": 8388608, ""arg0_dtype"": ""torch.float16"", ""arg0_dtype_size"": 2, ""arg0_dtype_cat"": 2, ""arg1_ndim"": 1, ""arg1_dim0"": 2048, ""arg1_numel"": 2048, ""arg1_dtype"": ""torch.float16"", ""arg1_dtype_size"": 2, ""arg1_dtype_cat"": 2, ""arg2_ndim"": 1, ""arg2_dim0"": 2048, ""arg2_numel"": 2048, ""arg2_dtype"": ""torch.float16"", ""arg2_dtype_size"": 2, ""arg2_dtype_cat"": 2}",0.014399999752640724
layer_norm,732a149596de1970,869c54e4b955a8c6,"{""block_sizes"": [1], ""reduction_loops"": [2048], ""range_unroll_factors"": [0], ""range_warp_specializes"": [null], ""range_num_stages"": [0], ""range_multi_buffers"": [null], ""range_flattens"": [null], ""load_eviction_policies"": [""last"", """", ""first"", """", """", ""last"", """", ""last""], ""num_warps"": 8, ""num_stages"": 4, ""indexing"": [""tensor_descriptor"", ""pointer"", ""pointer"", ""tensor_descriptor"", ""pointer"", ""tensor_descriptor"", ""pointer"", ""pointer"", ""tensor_descriptor"", ""tensor_descriptor""], ""atomic_indexing"": [], ""pid_type"": ""flat""}","{""arg0_ndim"": 2, ""arg0_dim0"": 4096, ""arg0_dim1"": 2048, ""arg0_numel"": 8388608, ""arg0_dtype"": ""torch.float16"", ""arg0_dtype_size"": 2, ""arg0_dtype_cat"": 2, ""arg1_ndim"": 1, ""arg1_dim0"": 2048, ""arg1_numel"": 2048, ""arg1_dtype"": ""torch.float16"", ""arg1_dtype_size"": 2, ""arg1_dtype_cat"": 2, ""arg2_ndim"": 1, ""arg2_dim0"": 2048, ""arg2_numel"": 2048, ""arg2_dtype"": ""torch.float16"", ""arg2_dtype_size"": 2, ""arg2_dtype_cat"": 2}",0.016383999958634377
layer_norm,732a149596de1970,85df12bd2fb6305f,"{""block_sizes"": [1], ""reduction_loops"": [null], ""range_unroll_factors"": [0], ""range_warp_specializes"": [null], ""range_num_stages"": [0], ""range_multi_buffers"": [null], ""range_flattens"": [null], ""load_eviction_policies"": [""first"", ""last"", ""last"", ""last"", ""first"", ""last"", ""first"", ""first""], ""num_warps"": 8, ""num_stages"": 2, ""indexing"": [""tensor_descriptor"", ""pointer"", ""tensor_descriptor"", ""tensor_descriptor"", ""pointer"", ""tensor_descriptor"", ""tensor_descriptor"", ""tensor_descriptor"", ""pointer"", ""tensor_descriptor""], ""atomic_indexing"": [], ""pid_type"": ""flat""}","{""arg0_ndim"": 2, ""arg0_dim0"": 4096, ""arg0_dim1"": 2048, ""arg0_numel"": 8388608, ""arg0_dtype"": ""torch.float16"", ""arg0_dtype_size"": 2, ""arg0_dtype_cat"": 2, ""arg1_ndim"": 1, ""arg1_dim0"": 2048, ""arg1_numel"": 2048, ""arg1_dtype"": ""torch.float16"", ""arg1_dtype_size"": 2, ""arg1_dtype_cat"": 2, ""arg2_ndim"": 1, ""arg2_dim0"": 2048, ""arg2_numel"": 2048, ""arg2_dtype"": ""torch.float16"", ""arg2_dtype_size"": 2, ""arg2_dtype_cat"": 2}",0.014368000440299511
layer_norm,732a149596de1970,2052065dbe652edb,"{""block_sizes"": [1], ""reduction_loops"": [4096], ""range_unroll_factors"": [0], ""range_warp_specializes"": [null], ""range_num_stages"": [0], ""range_multi_buffers"": [null], ""range_flattens"": [null], ""load_eviction_policies"": [""last"", """", ""first"", """", """", ""last"", """", """"], ""num_warps"": 16, ""num_stages"": 2, ""indexing"": [""pointer"", ""tensor_descriptor"", ""pointer"", ""pointer"", ""pointer"", ""tensor_descriptor"", ""pointer"", ""pointer"", ""pointer"", ""pointer""], ""atomic_indexing"": [], ""pid_type"": ""flat""}","{""arg0_ndim"": 2, ""arg0_dim0"": 4096, ""arg0_dim1"": 2048, ""arg0_numel"": 8388608, ""arg0_dtype"": ""torch.float16"", ""arg0_dtype_size"": 2, ""arg0_dtype_cat"": 2, ""arg1_ndim"": 1, ""arg1_dim0"": 2048, ""arg1_numel"": 2048, ""arg1_dtype"": ""torch.float16"", ""arg1_dtype_size"": 2, ""arg1_dtype_cat"": 2, ""arg2_ndim"": 1, ""arg2_dim0"": 2048, ""arg2_numel"": 2048, ""arg2_dtype"": ""torch.float16"", ""arg2_dtype_size"": 2, ""arg2_dtype_cat"": 2}",0.02659199945628643
layer_norm,a37c8e9f462050c1,178e7391546ae2da,"{""block_sizes"": [1], ""reduction_loops"": [null], ""range_unroll_factors"": [0], ""range_warp_specializes"": [null], ""range_num_stages"": [0], ""range_multi_buffers"": [null], ""range_flattens"": [null], ""load_eviction_policies"": [""first"", """", ""last"", """", ""last"", ""last"", ""last"", """"], ""num_warps"": 4, ""num_stages"": 7, ""indexing"": [""pointer"", ""pointer"", ""tensor_descriptor"", ""pointer"", ""tensor_descriptor"", ""pointer"", ""tensor_descriptor"", ""pointer"", ""pointer"", ""pointer""], ""atomic_indexing"": [], ""pid_type"": ""flat""}","{""arg0_ndim"": 2, ""arg0_dim0"": 4096, ""arg0_dim1"": 2560, ""arg0_numel"": 10485760, ""arg0_dtype"": ""torch.float16"", ""arg0_dtype_size"": 2, ""arg0_dtype_cat"": 2, ""arg1_ndim"": 1, ""arg1_dim0"": 2560, ""arg1_numel"": 2560, ""arg1_dtype"": ""torch.float16"", ""arg1_dtype_size"": 2, ""arg1_dtype_cat"": 2, ""arg2_ndim"": 1, ""arg2_dim0"": 2560, ""arg2_numel"": 2560, ""arg2_dtype"": ""torch.float16"", ""arg2_dtype_size"": 2, ""arg2_dtype_cat"": 2}",0.016448000445961952
layer_norm,a37c8e9f462050c1,decf2056869ee2b5,"{""block_sizes"": [1], ""reduction_loops"": [1024], ""range_unroll_factors"": [0], ""range_warp_specializes"": [null], ""range_num_stages"": [0], ""range_multi_buffers"": [null], ""range_flattens"": [null], ""load_eviction_policies"": ["""", ""last"", ""first"", """", ""last"", ""first"", ""last"", ""last""], ""num_warps"": 1, ""num_stages"": 2, ""indexing"": [""pointer"", ""tensor_descriptor"", ""pointer"", ""tensor_descriptor"", ""tensor_descriptor"", ""pointer"", ""pointer"", ""pointer"", ""tensor_descriptor"", ""pointer""], ""atomic_indexing"": [], ""pid_type"": ""flat""}","{""arg0_ndim"": 2, ""arg0_dim0"": 4096, ""arg0_dim1"": 2560, ""arg0_numel"": 10485760, ""arg0_dtype"": ""torch.float16"", ""arg0_dtype_size"": 2, ""arg0_dtype_cat"": 2, ""arg1_ndim"": 1, ""arg1_dim0"": 2560, ""arg1_numel"": 2560, ""arg1_dtype"": ""torch.float16"", ""arg1_dtype_size"": 2, ""arg1_dtype_cat"": 2, ""arg2_ndim"": 1, ""arg2_dim0"": 2560, ""arg2_numel"": 2560, ""arg2_dtype"": ""torch.float16"", ""arg2_dtype_size"": 2, ""arg2_dtype_cat"": 2}",0.016543999314308167
layer_norm,a37c8e9f462050c1,43acbd1ca50d4ca3,"{""block_sizes"": [1], ""reduction_loops"": [null], ""range_unroll_factors"": [0], ""range_warp_specializes"": [null], ""range_num_stages"": [0], ""range_multi_buffers"": [null], ""range_flattens"": [null], ""load_eviction_policies"": [""first"", """", """", ""first"", """", ""last"", ""first"", """"], ""num_warps"": 8, ""num_stages"": 4, ""indexing"": [""pointer"", ""tensor_descriptor"", ""pointer"", ""pointer"", ""pointer"", ""pointer"", ""tensor_descriptor"", ""pointer"", ""tensor_descriptor"", ""tensor_descriptor""], ""atomic_indexing"": [], ""pid_type"": ""flat""}","{""arg0_ndim"": 2, ""arg0_dim0"": 4096, ""arg0_dim1"": 2560, ""arg0_numel"": 10485760, ""arg0_dtype"": ""torch.float16"", ""arg0_dtype_size"": 2, ""arg0_dtype_cat"": 2, ""arg1_ndim"": 1, ""arg1_dim0"": 2560, ""arg1_numel"": 2560, ""arg1_dtype"": ""torch.float16"", ""arg1_dtype_size"": 2, ""arg1_dtype_cat"": 2, ""arg2_ndim"": 1, ""arg2_dim0"": 2560, ""arg2_numel"": 2560, ""arg2_dtype"": ""torch.float16"", ""arg2_dtype_size"": 2, ""arg2_dtype_cat"": 2}",0.018432000651955605
layer_norm,a37c8e9f462050c1,869c54e4b955a8c6,"{""block_sizes"": [1], ""reduction_loops"": [2048], ""range_unroll_factors"": [0], ""range_warp_specializes"": [null], ""range_num_stages"": [0], ""range_multi_buffers"": [null], ""range_flattens"": [null], ""load_eviction_policies"": [""last"", """", ""first"", """", """", ""last"", """", ""last""], ""num_warps"": 8, ""num_stages"": 4, ""indexing"": [""tensor_descriptor"", ""pointer"", ""pointer"", ""tensor_descriptor"", ""pointer"", ""tensor_descriptor"", ""pointer"", ""pointer"", ""tensor_descriptor"", ""tensor_descriptor""], ""atomic_indexing"": [], ""pid_type"": ""flat""}","{""arg0_ndim"": 2, ""arg0_dim0"": 4096, ""arg0_dim1"": 2560, ""arg0_numel"": 10485760, ""arg0_dtype"": ""torch.float16"", ""arg0_dtype_size"": 2, ""arg0_dtype_cat"": 2, ""arg1_ndim"": 1, ""arg1_dim0"": 2560, ""arg1_numel"": 2560, ""arg1_dtype"": ""torch.float16"", ""arg1_dtype_size"": 2, ""arg1_dtype_cat"": 2, ""arg2_ndim"": 1, ""arg2_dim0"": 2560, ""arg2_numel"": 2560, ""arg2_dtype"": ""torch.float16"", ""arg2_dtype_size"": 2, ""arg2_dtype_cat"": 2}",0.020479999482631683
layer_norm,a37c8e9f462050c1,85df12bd2fb6305f,"{""block_sizes"": [1], ""reduction_loops"": [null], ""range_unroll_factors"": [0], ""range_warp_specializes"": [null], ""range_num_stages"": [0], ""range_multi_buffers"": [null], ""range_flattens"": [null], ""load_eviction_policies"": [""first"", ""last"", ""last"", ""last"", ""first"", ""last"", ""first"", ""first""], ""num_warps"": 8, ""num_stages"": 2, ""indexing"": [""tensor_descriptor"", ""pointer"", ""tensor_descriptor"", ""tensor_descriptor"", ""pointer"", ""tensor_descriptor"", ""tensor_descriptor"", ""tensor_descriptor"", ""pointer"", ""tensor_descriptor""], ""atomic_indexing"": [], ""pid_type"": ""flat""}","{""arg0_ndim"": 2, ""arg0_dim0"": 4096, ""arg0_dim1"": 2560, ""arg0_numel"": 10485760, ""arg0_dtype"": ""torch.float16"", ""arg0_dtype_size"": 2, ""arg0_dtype_cat"": 2, ""arg1_ndim"": 1, ""arg1_dim0"": 2560, ""arg1_numel"": 2560, ""arg1_dtype"": ""torch.float16"", ""arg1_dtype_size"": 2, ""arg1_dtype_cat"": 2, ""arg2_ndim"": 1, ""arg2_dim0"": 2560, ""arg2_numel"": 2560, ""arg2_dtype"": ""torch.float16"", ""arg2_dtype_size"": 2, ""arg2_dtype_cat"": 2}",0.018432000651955605
layer_norm,a37c8e9f462050c1,2052065dbe652edb,"{""block_sizes"": [1], ""reduction_loops"": [4096], ""range_unroll_factors"": [0], ""range_warp_specializes"": [null], ""range_num_stages"": [0], ""range_multi_buffers"": [null], ""range_flattens"": [null], ""load_eviction_policies"": [""last"", """", ""first"", """", """", ""last"", """", """"], ""num_warps"": 16, ""num_stages"": 2, ""indexing"": [""pointer"", ""tensor_descriptor"", ""pointer"", ""pointer"", ""pointer"", ""tensor_descriptor"", ""pointer"", ""pointer"", ""pointer"", ""pointer""], ""atomic_indexing"": [], ""pid_type"": ""flat""}","{""arg0_ndim"": 2, ""arg0_dim0"": 4096, ""arg0_dim1"": 2560, ""arg0_numel"": 10485760, ""arg0_dtype"": ""torch.float16"", ""arg0_dtype_size"": 2, ""arg0_dtype_cat"": 2, ""arg1_ndim"": 1, ""arg1_dim0"": 2560, ""arg1_numel"": 2560, ""arg1_dtype"": ""torch.float16"", ""arg1_dtype_size"": 2, ""arg1_dtype_cat"": 2, ""arg2_ndim"": 1, ""arg2_dim0"": 2560, ""arg2_numel"": 2560, ""arg2_dtype"": ""torch.float16"", ""arg2_dtype_size"": 2, ""arg2_dtype_cat"": 2}",0.026623999699950218
layer_norm,e586b0097ee4547d,178e7391546ae2da,"{""block_sizes"": [1], ""reduction_loops"": [null], ""range_unroll_factors"": [0], ""range_warp_specializes"": [null], ""range_num_stages"": [0], ""range_multi_buffers"": [null], ""range_flattens"": [null], ""load_eviction_policies"": [""first"", """", ""last"", """", ""last"", ""last"", ""last"", """"], ""num_warps"": 4, ""num_stages"": 7, ""indexing"": [""pointer"", ""pointer"", ""tensor_descriptor"", ""pointer"", ""tensor_descriptor"", ""pointer"", ""tensor_descriptor"", ""pointer"", ""pointer"", ""pointer""], ""atomic_indexing"": [], ""pid_type"": ""flat""}","{""arg0_ndim"": 2, ""arg0_dim0"": 4096, ""arg0_dim1"": 3072, ""arg0_numel"": 12582912, ""arg0_dtype"": ""torch.float16"", ""arg0_dtype_size"": 2, ""arg0_dtype_cat"": 2, ""arg1_ndim"": 1, ""arg1_dim0"": 3072, ""arg1_numel"": 3072, ""arg1_dtype"": ""torch.float16"", ""arg1_dtype_size"": 2, ""arg1_dtype_cat"": 2, ""arg2_ndim"": 1, ""arg2_dim0"": 3072, ""arg2_numel"": 3072, ""arg2_dtype"": ""torch.float16"", ""arg2_dtype_size"": 2, ""arg2_dtype_cat"": 2}",0.018432000651955605
layer_norm,e586b0097ee4547d,decf2056869ee2b5,"{""block_sizes"": [1], ""reduction_loops"": [1024], ""range_unroll_factors"": [0], ""range_warp_specializes"": [null], ""range_num_stages"": [0], ""range_multi_buffers"": [null], ""range_flattens"": [null], ""load_eviction_policies"": ["""", ""last"", ""first"", """", ""last"", ""first"", ""last"", ""last""], ""num_warps"": 1, ""num_stages"": 2, ""indexing"": [""pointer"", ""tensor_descriptor"", ""pointer"", ""tensor_descriptor"", ""tensor_descriptor"", ""pointer"", ""pointer"", ""pointer"", ""tensor_descriptor"", ""pointer""], ""atomic_indexing"": [], ""pid_type"": ""flat""}","{""arg0_ndim"": 2, ""arg0_dim0"": 4096, ""arg0_dim1"": 3072, ""arg0_numel"": 12582912, ""arg0_dtype"": ""torch.float16"", ""arg0_dtype_size"": 2, ""arg0_dtype_cat"": 2, ""arg1_ndim"": 1, ""arg1_dim0"": 3072, ""arg1_numel"": 3072, ""arg1_dtype"": ""torch.float16"", ""arg1_dtype_size"": 2, ""arg1_dtype_cat"": 2, ""arg2_ndim"": 1, ""arg2_dim0"": 3072, ""arg2_numel"": 3072, ""arg2_dtype"": ""torch.float16"", ""arg2_dtype_size"": 2, ""arg2_dtype_cat"": 2}",0.018432000651955605
layer_norm,e586b0097ee4547d,43acbd1ca50d4ca3,"{""block_sizes"": [1], ""reduction_loops"": [null], ""range_unroll_factors"": [0], ""range_warp_specializes"": [null], ""range_num_stages"": [0], ""range_multi_buffers"": [null], ""range_flattens"": [null], ""load_eviction_policies"": [""first"", """", """", ""first"", """", ""last"", ""first"", """"], ""num_warps"": 8, ""num_stages"": 4, ""indexing"": [""pointer"", ""tensor_descriptor"", ""pointer"", ""pointer"", ""pointer"", ""pointer"", ""tensor_descriptor"", ""pointer"", ""tensor_descriptor"", ""tensor_descriptor""], ""atomic_indexing"": [], ""pid_type"": ""flat""}","{""arg0_ndim"": 2, ""arg0_dim0"": 4096, ""arg0_dim1"": 3072, ""arg0_numel"": 12582912, ""arg0_dtype"": ""torch.float16"", ""arg0_dtype_size"": 2, ""arg0_dtype_cat"": 2, ""arg1_ndim"": 1, ""arg1_dim0"": 3072, ""arg1_numel"": 3072, ""arg1_dtype"": ""torch.float16"", ""arg1_dtype_size"": 2, ""arg1_dtype_cat"": 2, ""arg2_ndim"": 1, ""arg2_dim0"": 3072, ""arg2_numel"": 3072, ""arg2_dtype"": ""torch.float16"", ""arg2_dtype_size"": 2, ""arg2_dtype_cat"": 2}",0.018464000895619392
layer_norm,e586b0097ee4547d,869c54e4b955a8c6,"{""block_sizes"": [1], ""reduction_loops"": [2048], ""range_unroll_factors"": [0], ""range_warp_specializes"": [null], ""range_num_stages"": [0], ""range_multi_buffers"": [null], ""range_flattens"": [null], ""load_eviction_policies"": [""last"", """", ""first"", """", """", ""last"", """", ""last""], ""num_warps"": 8, ""num_stages"": 4, ""indexing"": [""tensor_descriptor"", ""pointer"", ""pointer"", ""tensor_descriptor"", ""pointer"", ""tensor_descriptor"", ""pointer"", ""pointer"", ""tensor_descriptor"", ""tensor_descriptor""], ""atomic_indexing"": [], ""pid_type"": ""flat""}","{""arg0_ndim"": 2, ""arg0_dim0"": 4096, ""arg0_dim1"": 3072, ""arg0_numel"": 12582912, ""arg0_dtype"": ""torch.float16"", ""arg0_dtype_size"": 2, ""arg0_dtype_cat"": 2, ""arg1_ndim"": 1, ""arg1_dim0"": 3072, ""arg1_numel"": 3072, ""arg1_dtype"": ""torch.float16"", ""arg1_dtype_size"": 2, ""arg1_dtype_cat"": 2, ""arg2_ndim"": 1, ""arg2_dim0"": 3072, ""arg2_numel"": 3072, ""arg2_dtype"": ""torch.float16"", ""arg2_dtype_size"": 2, ""arg2_dtype_cat"": 2}",0.02051199972629547
layer_norm,e586b0097ee4547d,85df12bd2fb6305f,"{""block_sizes"": [1], ""reduction_loops"": [null], ""range_unroll_factors"": [0], ""range_warp_specializes"": [null], ""range_num_stages"": [0], ""range_multi_buffers"": [null], ""range_flattens"": [null], ""load_eviction_policies"": [""first"", ""last"", ""last"", ""last"", ""first"", ""last"", ""first"", ""first""], ""num_warps"": 8, ""num_stages"": 2, ""indexing"": [""tensor_descriptor"", ""pointer"", ""tensor_descriptor"", ""tensor_descriptor"", ""pointer"", ""tensor_descriptor"", ""tensor_descriptor"", ""tensor_descriptor"", ""pointer"", ""tensor_descriptor""], ""atomic_indexing"": [], ""pid_type"": ""flat""}","{""arg0_ndim"": 2, ""arg0_dim0"": 4096, ""arg0_dim1"": 3072, ""arg0_numel"": 12582912, ""arg0_dtype"": ""torch.float16"", ""arg0_dtype_size"": 2, ""arg0_dtype_cat"": 2, ""arg1_ndim"": 1, ""arg1_dim0"": 3072, ""arg1_numel"": 3072, ""arg1_dtype"": ""torch.float16"", ""arg1_dtype_size"": 2, ""arg1_dtype_cat"": 2, ""arg2_ndim"": 1, ""arg2_dim0"": 3072, ""arg2_numel"": 3072, ""arg2_dtype"": ""torch.float16"", ""arg2_dtype_size"": 2, ""arg2_dtype_cat"": 2}",0.018464000895619392
layer_norm,e586b0097ee4547d,2052065dbe652edb,"{""block_sizes"": [1], ""reduction_loops"": [4096], ""range_unroll_factors"": [0], ""range_warp_specializes"": [null], ""range_num_stages"": [0], ""range_multi_buffers"": [null], ""range_flattens"": [null], ""load_eviction_policies"": [""last"", """", ""first"", """", """", ""last"", """", """"], ""num_warps"": 16, ""num_stages"": 2, ""indexing"": [""pointer"", ""tensor_descriptor"", ""pointer"", ""pointer"", ""pointer"", ""tensor_descriptor"", ""pointer"", ""pointer"", ""pointer"", ""pointer""], ""atomic_indexing"": [], ""pid_type"": ""flat""}","{""arg0_ndim"": 2, ""arg0_dim0"": 4096, ""arg0_dim1"": 3072, ""arg0_numel"": 12582912, ""arg0_dtype"": ""torch.float16"", ""arg0_dtype_size"": 2, ""arg0_dtype_cat"": 2, ""arg1_ndim"": 1, ""arg1_dim0"": 3072, ""arg1_numel"": 3072, ""arg1_dtype"": ""torch.float16"", ""arg1_dtype_size"": 2, ""arg1_dtype_cat"": 2, ""arg2_ndim"": 1, ""arg2_dim0"": 3072, ""arg2_numel"": 3072, ""arg2_dtype"": ""torch.float16"", ""arg2_dtype_size"": 2, ""arg2_dtype_cat"": 2}",0.026655999943614006
layer_norm,946e7f8d86f567de,178e7391546ae2da,"{""block_sizes"": [1], ""reduction_loops"": [null], ""range_unroll_factors"": [0], ""range_warp_specializes"": [null], ""range_num_stages"": [0], ""range_multi_buffers"": [null], ""range_flattens"": [null], ""load_eviction_policies"": [""first"", """", ""last"", """", ""last"", ""last"", ""last"", """"], ""num_warps"": 4, ""num_stages"": 7, ""indexing"": [""pointer"", ""pointer"", ""tensor_descriptor"", ""pointer"", ""tensor_descriptor"", ""pointer"", ""tensor_descriptor"", ""pointer"", ""pointer"", ""pointer""], ""atomic_indexing"": [], ""pid_type"": ""flat""}","{""arg0_ndim"": 2, ""arg0_dim0"": 4096, ""arg0_dim1"": 3584, ""arg0_numel"": 14680064, ""arg0_dtype"": ""torch.float16"", ""arg0_dtype_size"": 2, ""arg0_dtype_cat"": 2, ""arg1_ndim"": 1, ""arg1_dim0"": 3584, ""arg1_numel"": 3584, ""arg1_dtype"": ""torch.float16"", ""arg1_dtype_size"": 2, ""arg1_dtype_cat"": 2, ""arg2_ndim"": 1, ""arg2_dim0"": 3584, ""arg2_numel"": 3584, ""arg2_dtype"": ""torch.float16"", ""arg2_dtype_size"": 2, ""arg2_dtype_cat"": 2}",0.018592000007629395
layer_norm,946e7f8d86f567de,decf2056869ee2b5,"{""block_sizes"": [1], ""reduction_loops"": [1024], ""range_unroll_factors"": [0], ""range_warp_specializes"": [null], ""range_num_stages"": [0], ""range_multi_buffers"": [null], ""range_flattens"": [null], ""load_eviction_policies"": ["""", ""last"", ""first"", """", ""last"", ""first"", ""last"", ""last""], ""num_warps"": 1, ""num_stages"": 2, ""indexing"": [""pointer"", ""tensor_descriptor"", ""pointer"", ""tensor_descriptor"", ""tensor_descriptor"", ""pointer"", ""pointer"", ""pointer"", ""tensor_descriptor"", ""pointer""], ""atomic_indexing"": [], ""pid_type"": ""flat""}","{""arg0_ndim"": 2, ""arg0_dim0"": 4096, ""arg0_dim1"": 3584, ""arg0_numel"": 14680064, ""arg0_dtype"": ""torch.float16"", ""arg0_dtype_size"": 2, ""arg0_dtype_cat"": 2, ""arg1_ndim"": 1, ""arg1_dim0"": 3584, ""arg1_numel"": 3584, ""arg1_dtype"": ""torch.float16"", ""arg1_dtype_size"": 2, ""arg1_dtype_cat"": 2, ""arg2_ndim"": 1, ""arg2_dim0"": 3584, ""arg2_numel"": 3584, ""arg2_dtype"": ""torch.float16"", ""arg2_dtype_size"": 2, ""arg2_dtype_cat"": 2}",0.02051199972629547
layer_norm,946e7f8d86f567de,43acbd1ca50d4ca3,"{""block_sizes"": [1], ""reduction_loops"": [null], ""range_unroll_factors"": [0], ""range_warp_specializes"": [null], ""range_num_stages"": [0], ""range_multi_buffers"": [null], ""range_flattens"": [null], ""load_eviction_policies"": [""first"", """", """", ""first"", """", ""last"", ""first"", """"], ""num_warps"": 8, ""num_stages"": 4, ""indexing"": [""pointer"", ""tensor_descriptor"", ""pointer"", ""pointer"", ""pointer"", ""pointer"", ""tensor_descriptor"", ""pointer"", ""tensor_descriptor"", ""tensor_descriptor""], ""atomic_indexing"": [], ""pid_type"": ""flat""}","{""arg0_ndim"": 2, ""arg0_dim0"": 4096, ""arg0_dim1"": 3584, ""arg0_numel"": 14680064, ""arg0_dtype"": ""torch.float16"", ""arg0_dtype_size"": 2, ""arg0_dtype_cat"": 2, ""arg1_ndim"": 1, ""arg1_dim0"": 3584, ""arg1_numel"": 3584, ""arg1_dtype"": ""torch.float16"", ""arg1_dtype_size"": 2, ""arg1_dtype_cat"": 2, ""arg2_ndim"": 1, ""arg2_dim0"": 3584, ""arg2_numel"": 3584, ""arg2_dtype"": ""torch.float16"", ""arg2_dtype_size"": 2, ""arg2_dtype_cat"": 2}",0.01929599978029728
layer_norm,946e7f8d86f567de,869c54e4b955a8c6,"{""block_sizes"": [1], ""reduction_loops"": [2048], ""range_unroll_factors"": [0], ""range_warp_specializes"": [null], ""range_num_stages"": [0], ""range_multi_buffers"": [null], ""range_flattens"": [null], ""load_eviction_policies"": [""last"", """", ""first"", """", """", ""last"", """", ""last""], ""num_warps"": 8, ""num_stages"": 4, ""indexing"": [""tensor_descriptor"", ""pointer"", ""pointer"", ""tensor_descriptor"", ""pointer"", ""tensor_descriptor"", ""pointer"", ""pointer"", ""tensor_descriptor"", ""tensor_descriptor""], ""atomic_indexing"": [], ""pid_type"": ""flat""}","{""arg0_ndim"": 2, ""arg0_dim0"": 4096, ""arg0_dim1"": 3584, ""arg0_numel"": 14680064, ""arg0_dtype"": ""torch.float16"", ""arg0_dtype_size"": 2, ""arg0_dtype_cat"": 2, ""arg1_ndim"": 1, ""arg1_dim0"": 3584, ""arg1_numel"": 3584, ""arg1_dtype"": ""torch.float16"", ""arg1_dtype_size"": 2, ""arg1_dtype_cat"": 2, ""arg2_ndim"": 1, ""arg2_dim0"": 3584, ""arg2_numel"": 3584, ""arg2_dtype"": ""torch.float16"", ""arg2_dtype_size"": 2, ""arg2_dtype_cat"": 2}",0.02252800017595291
layer_norm,946e7f8d86f567de,85df12bd2fb6305f,"{""block_sizes"": [1], ""reduction_loops"": [null], ""range_unroll_factors"": [0], ""range_warp_specializes"": [null], ""range_num_stages"": [0], ""range_multi_buffers"": [null], ""range_flattens"": [null], ""load_eviction_policies"": [""first"", ""last"", ""last"", ""last"", ""first"", ""last"", ""first"", ""first""], ""num_warps"": 8, ""num_stages"": 2, ""indexing"": [""tensor_descriptor"", ""pointer"", ""tensor_descriptor"", ""tensor_descriptor"", ""pointer"", ""tensor_descriptor"", ""tensor_descriptor"", ""tensor_descriptor"", ""pointer"", ""tensor_descriptor""], ""atomic_indexing"": [], ""pid_type"": ""flat""}","{""arg0_ndim"": 2, ""arg0_dim0"": 4096, ""arg0_dim1"": 3584, ""arg0_numel"": 14680064, ""arg0_dtype"": ""torch.float16"", ""arg0_dtype_size"": 2, ""arg0_dtype_cat"": 2, ""arg1_ndim"": 1, ""arg1_dim0"": 3584, ""arg1_numel"": 3584, ""arg1_dtype"": ""torch.float16"", ""arg1_dtype_size"": 2, ""arg1_dtype_cat"": 2, ""arg2_ndim"": 1, ""arg2_dim0"": 3584, ""arg2_numel"": 3584, ""arg2_dtype"": ""torch.float16"", ""arg2_dtype_size"": 2, ""arg2_dtype_cat"": 2}",0.01929599978029728
layer_norm,946e7f8d86f567de,2052065dbe652edb,"{""block_sizes"": [1], ""reduction_loops"": [4096], ""range_unroll_factors"": [0], ""range_warp_specializes"": [null], ""range_num_stages"": [0], ""range_multi_buffers"": [null], ""range_flattens"": [null], ""load_eviction_policies"": [""last"", """", ""first"", """", """", ""last"", """", """"], ""num_warps"": 16, ""num_stages"": 2, ""indexing"": [""pointer"", ""tensor_descriptor"", ""pointer"", ""pointer"", ""pointer"", ""tensor_descriptor"", ""pointer"", ""pointer"", ""pointer"", ""pointer""], ""atomic_indexing"": [], ""pid_type"": ""flat""}","{""arg0_ndim"": 2, ""arg0_dim0"": 4096, ""arg0_dim1"": 3584, ""arg0_numel"": 14680064, ""arg0_dtype"": ""torch.float16"", ""arg0_dtype_size"": 2, ""arg0_dtype_cat"": 2, ""arg1_ndim"": 1, ""arg1_dim0"": 3584, ""arg1_numel"": 3584, ""arg1_dtype"": ""torch.float16"", ""arg1_dtype_size"": 2, ""arg1_dtype_cat"": 2, ""arg2_ndim"": 1, ""arg2_dim0"": 3584, ""arg2_numel"": 3584, ""arg2_dtype"": ""torch.float16"", ""arg2_dtype_size"": 2, ""arg2_dtype_cat"": 2}",0.02755199931561947
layer_norm,e5fc6d19362b82e7,178e7391546ae2da,"{""block_sizes"": [1], ""reduction_loops"": [null], ""range_unroll_factors"": [0], ""range_warp_specializes"": [null], ""range_num_stages"": [0], ""range_multi_buffers"": [null], ""range_flattens"": [null], ""load_eviction_policies"": [""first"", """", ""last"", """", ""last"", ""last"", ""last"", """"], ""num_warps"": 4, ""num_stages"": 7, ""indexing"": [""pointer"", ""pointer"", ""tensor_descriptor"", ""pointer"", ""tensor_descriptor"", ""pointer"", ""tensor_descriptor"", ""pointer"", ""pointer"", ""pointer""], ""atomic_indexing"": [], ""pid_type"": ""flat""}","{""arg0_ndim"": 2, ""arg0_dim0"": 4096, ""arg0_dim1"": 4096, ""arg0_numel"": 16777216, ""arg0_dtype"": ""torch.float16"", ""arg0_dtype_size"": 2, ""arg0_dtype_cat"": 2, ""arg1_ndim"": 1, ""arg1_dim0"": 4096, ""arg1_numel"": 4096, ""arg1_dtype"": ""torch.float16"", ""arg1_dtype_size"": 2, ""arg1_dtype_cat"": 2, ""arg2_ndim"": 1, ""arg2_dim0"": 4096, ""arg2_numel"": 4096, ""arg2_dtype"": ""torch.float16"", ""arg2_dtype_size"": 2, ""arg2_dtype_cat"": 2}",0.020479999482631683
layer_norm,e5fc6d19362b82e7,decf2056869ee2b5,"{""block_sizes"": [1], ""reduction_loops"": [1024], ""range_unroll_factors"": [0], ""range_warp_specializes"": [null], ""range_num_stages"": [0], ""range_multi_buffers"": [null], ""range_flattens"": [null], ""load_eviction_policies"": ["""", ""last"", ""first"", """", ""last"", ""first"", ""last"", ""last""], ""num_warps"": 1, ""num_stages"": 2, ""indexing"": [""pointer"", ""tensor_descriptor"", ""pointer"", ""tensor_descriptor"", ""tensor_descriptor"", ""pointer"", ""pointer"", ""pointer"", ""tensor_descriptor"", ""pointer""], ""atomic_indexing"": [], ""pid_type"": ""flat""}","{""arg0_ndim"": 2, ""arg0_dim0"": 4096, ""arg0_dim1"": 4096, ""arg0_numel"": 16777216, ""arg0_dtype"": ""torch.float16"", ""arg0_dtype_size"": 2, ""arg0_dtype_cat"": 2, ""arg1_ndim"": 1, ""arg1_dim0"": 4096, ""arg1_numel"": 4096, ""arg1_dtype"": ""torch.float16"", ""arg1_dtype_size"": 2, ""arg1_dtype_cat"": 2, ""arg2_ndim"": 1, ""arg2_dim0"": 4096, ""arg2_numel"": 4096, ""arg2_dtype"": ""torch.float16"", ""arg2_dtype_size"": 2, ""arg2_dtype_cat"": 2}",0.02051199972629547
layer_norm,e5fc6d19362b82e7,43acbd1ca50d4ca3,"{""block_sizes"": [1], ""reduction_loops"": [null], ""range_unroll_factors"": [0], ""range_warp_specializes"": [null], ""range_num_stages"": [0], ""range_multi_buffers"": [null], ""range_flattens"": [null], ""load_eviction_policies"": [""first"", """", """", ""first"", """", ""last"", ""first"", """"], ""num_warps"": 8, ""num_stages"": 4, ""indexing"": [""pointer"", ""tensor_descriptor"", ""pointer"", ""pointer"", ""pointer"", ""pointer"", ""tensor_descriptor"", ""pointer"", ""tensor_descriptor"", ""tensor_descriptor""], ""atomic_indexing"": [], ""pid_type"": ""flat""}","{""arg0_ndim"": 2, ""arg0_dim0"": 4096, ""arg0_dim1"": 4096, ""arg0_numel"": 16777216, ""arg0_dtype"": ""torch.float16"", ""arg0_dtype_size"": 2, ""arg0_dtype_cat"": 2, ""arg1_ndim"": 1, ""arg1_dim0"": 4096, ""arg1_numel"": 4096, ""arg1_dtype"": ""torch.float16"", ""arg1_dtype_size"": 2, ""arg1_dtype_cat"": 2, ""arg2_ndim"": 1, ""arg2_dim0"": 4096, ""arg2_numel"": 4096, ""arg2_dtype"": ""torch.float16"", ""arg2_dtype_size"": 2, ""arg2_dtype_cat"": 2}",0.020479999482631683
layer_norm,e5fc6d19362b82e7,869c54e4b955a8c6,"{""block_sizes"": [1], ""reduction_loops"": [2048], ""range_unroll_factors"": [0], ""range_warp_specializes"": [null], ""range_num_stages"": [0], ""range_multi_buffers"": [null], ""range_flattens"": [null], ""load_eviction_policies"": [""last"", """", ""first"", """", """", ""last"", """", ""last""], ""num_warps"": 8, ""num_stages"": 4, ""indexing"": [""tensor_descriptor"", ""pointer"", ""pointer"", ""tensor_descriptor"", ""pointer"", ""tensor_descriptor"", ""pointer"", ""pointer"", ""tensor_descriptor"", ""tensor_descriptor""], ""atomic_indexing"": [], ""pid_type"": ""flat""}","{""arg0_ndim"": 2, ""arg0_dim0"": 4096, ""arg0_dim1"": 4096, ""arg0_numel"": 16777216, ""arg0_dtype"": ""torch.float16"", ""arg0_dtype_size"": 2, ""arg0_dtype_cat"": 2, ""arg1_ndim"": 1, ""arg1_dim0"": 4096, ""arg1_numel"": 4096, ""arg1_dtype"": ""torch.float16"", ""arg1_dtype_size"": 2, ""arg1_dtype_cat"": 2, ""arg2_ndim"": 1, ""arg2_dim0"": 4096, ""arg2_numel"": 4096, ""arg2_dtype"": ""torch.float16"", ""arg2_dtype_size"": 2, ""arg2_dtype_cat"": 2}",0.02252800017595291
layer_norm,e5fc6d19362b82e7,85df12bd2fb6305f,"{""block_sizes"": [1], ""reduction_loops"": [null], ""range_unroll_factors"": [0], ""range_warp_specializes"": [null], ""range_num_stages"": [0], ""range_multi_buffers"": [null], ""range_flattens"": [null], ""load_eviction_policies"": [""first"", ""last"", ""last"", ""last"", ""first"", ""last"", ""first"", ""first""], ""num_warps"": 8, ""num_stages"": 2, ""indexing"": [""tensor_descriptor"", ""pointer"", ""tensor_descriptor"", ""tensor_descriptor"", ""pointer"", ""tensor_descriptor"", ""tensor_descriptor"", ""tensor_descriptor"", ""pointer"", ""tensor_descriptor""], ""atomic_indexing"": [], ""pid_type"": ""flat""}","{""arg0_ndim"": 2, ""arg0_dim0"": 4096, ""arg0_dim1"": 4096, ""arg0_numel"": 16777216, ""arg0_dtype"": ""torch.float16"", ""arg0_dtype_size"": 2, ""arg0_dtype_cat"": 2, ""arg1_ndim"": 1, ""arg1_dim0"": 4096, ""arg1_numel"": 4096, ""arg1_dtype"": ""torch.float16"", ""arg1_dtype_size"": 2, ""arg1_dtype_cat"": 2, ""arg2_ndim"": 1, ""arg2_dim0"": 4096, ""arg2_numel"": 4096, ""arg2_dtype"": ""torch.float16"", ""arg2_dtype_size"": 2, ""arg2_dtype_cat"": 2}",0.01929599978029728
layer_norm,e5fc6d19362b82e7,2052065dbe652edb,"{""block_sizes"": [1], ""reduction_loops"": [4096], ""range_unroll_factors"": [0], ""range_warp_specializes"": [null], ""range_num_stages"": [0], ""range_multi_buffers"": [null], ""range_flattens"": [null], ""load_eviction_policies"": [""last"", """", ""first"", """", """", ""last"", """", """"], ""num_warps"": 16, ""num_stages"": 2, ""indexing"": [""pointer"", ""tensor_descriptor"", ""pointer"", ""pointer"", ""pointer"", ""tensor_descriptor"", ""pointer"", ""pointer"", ""pointer"", ""pointer""], ""atomic_indexing"": [], ""pid_type"": ""flat""}","{""arg0_ndim"": 2, ""arg0_dim0"": 4096, ""arg0_dim1"": 4096, ""arg0_numel"": 16777216, ""arg0_dtype"": ""torch.float16"", ""arg0_dtype_size"": 2, ""arg0_dtype_cat"": 2, ""arg1_ndim"": 1, ""arg1_dim0"": 4096, ""arg1_numel"": 4096, ""arg1_dtype"": ""torch.float16"", ""arg1_dtype_size"": 2, ""arg1_dtype_cat"": 2, ""arg2_ndim"": 1, ""arg2_dim0"": 4096, ""arg2_numel"": 4096, ""arg2_dtype"": ""torch.float16"", ""arg2_dtype_size"": 2, ""arg2_dtype_cat"": 2}",0.028672000393271446
layer_norm,24c826d6e563c78d,178e7391546ae2da,"{""block_sizes"": [1], ""reduction_loops"": [null], ""range_unroll_factors"": [0], ""range_warp_specializes"": [null], ""range_num_stages"": [0], ""range_multi_buffers"": [null], ""range_flattens"": [null], ""load_eviction_policies"": [""first"", """", ""last"", """", ""last"", ""last"", ""last"", """"], ""num_warps"": 4, ""num_stages"": 7, ""indexing"": [""pointer"", ""pointer"", ""tensor_descriptor"", ""pointer"", ""tensor_descriptor"", ""pointer"", ""tensor_descriptor"", ""pointer"", ""pointer"", ""pointer""], ""atomic_indexing"": [], ""pid_type"": ""flat""}","{""arg0_ndim"": 2, ""arg0_dim0"": 4096, ""arg0_dim1"": 4608, ""arg0_numel"": 18874368, ""arg0_dtype"": ""torch.float16"", ""arg0_dtype_size"": 2, ""arg0_dtype_cat"": 2, ""arg1_ndim"": 1, ""arg1_dim0"": 4608, ""arg1_numel"": 4608, ""arg1_dtype"": ""torch.float16"", ""arg1_dtype_size"": 2, ""arg1_dtype_cat"": 2, ""arg2_ndim"": 1, ""arg2_dim0"": 4608, ""arg2_numel"": 4608, ""arg2_dtype"": ""torch.float16"", ""arg2_dtype_size"": 2, ""arg2_dtype_cat"": 2}",0.03276799991726875
layer_norm,24c826d6e563c78d,decf2056869ee2b5,"{""block_sizes"": [1], ""reduction_loops"": [1024], ""range_unroll_factors"": [0], ""range_warp_specializes"": [null], ""range_num_stages"": [0], ""range_multi_buffers"": [null], ""range_flattens"": [null], ""load_eviction_policies"": ["""", ""last"", ""first"", """", ""last"", ""first"", ""last"", ""last""], ""num_warps"": 1, ""num_stages"": 2, ""indexing"": [""pointer"", ""tensor_descriptor"", ""pointer"", ""tensor_descriptor"", ""tensor_descriptor"", ""pointer"", ""pointer"", ""pointer"", ""tensor_descriptor"", ""pointer""], ""atomic_indexing"": [], ""pid_type"": ""flat""}","{""arg0_ndim"": 2, ""arg0_dim0"": 4096, ""arg0_dim1"": 4608, ""arg0_numel"": 18874368, ""arg0_dtype"": ""torch.float16"", ""arg0_dtype_size"": 2, ""arg0_dtype_cat"": 2, ""arg1_ndim"": 1, ""arg1_dim0"": 4608, ""arg1_numel"": 4608, ""arg1_dtype"": ""torch.float16"", ""arg1_dtype_size"": 2, ""arg1_dtype_cat"": 2, ""arg2_ndim"": 1, ""arg2_dim0"": 4608, ""arg2_numel"": 4608, ""arg2_dtype"": ""torch.float16"", ""arg2_dtype_size"": 2, ""arg2_dtype_cat"": 2}",0.023552000522613525
layer_norm,24c826d6e563c78d,43acbd1ca50d4ca3,"{""block_sizes"": [1], ""reduction_loops"": [null], ""range_unroll_factors"": [0], ""range_warp_specializes"": [null], ""range_num_stages"": [0], ""range_multi_buffers"": [null], ""range_flattens"": [null], ""load_eviction_policies"": [""first"", """", """", ""first"", """", ""last"", ""first"", """"], ""num_warps"": 8, ""num_stages"": 4, ""indexing"": [""pointer"", ""tensor_descriptor"", ""pointer"", ""pointer"", ""pointer"", ""pointer"", ""tensor_descriptor"", ""pointer"", ""tensor_descriptor"", ""tensor_descriptor""], ""atomic_indexing"": [], ""pid_type"": ""flat""}","{""arg0_ndim"": 2, ""arg0_dim0"": 4096, ""arg0_dim1"": 4608, ""arg0_numel"": 18874368, ""arg0_dtype"": ""torch.float16"", ""arg0_dtype_size"": 2, ""arg0_dtype_cat"": 2, ""arg1_ndim"": 1, ""arg1_dim0"": 4608, ""arg1_numel"": 4608, ""arg1_dtype"": ""torch.float16"", ""arg1_dtype_size"": 2, ""arg1_dtype_cat"": 2, ""arg2_ndim"": 1, ""arg2_dim0"": 4608, ""arg2_numel"": 4608, ""arg2_dtype"": ""torch.float16"", ""arg2_dtype_size"": 2, ""arg2_dtype_cat"": 2}",0.026655999943614006
layer_norm,24c826d6e563c78d,869c54e4b955a8c6,"{""block_sizes"": [1], ""reduction_loops"": [2048], ""range_unroll_factors"": [0], ""range_warp_specializes"": [null], ""range_num_stages"": [0], ""range_multi_buffers"": [null], ""range_flattens"": [null], ""load_eviction_policies"": [""last"", """", ""first"", """", """", ""last"", """", ""last""], ""num_warps"": 8, ""num_stages"": 4, ""indexing"": [""tensor_descriptor"", ""pointer"", ""pointer"", ""tensor_descriptor"", ""pointer"", ""tensor_descriptor"", ""pointer"", ""pointer"", ""tensor_descriptor"", ""tensor_descriptor""], ""atomic_indexing"": [], ""pid_type"": ""flat""}","{""arg0_ndim"": 2, ""arg0_dim0"": 4096, ""arg0_dim1"": 4608, ""arg0_numel"": 18874368, ""arg0_dtype"": ""torch.float16"", ""arg0_dtype_size"": 2, ""arg0_dtype_cat"": 2, ""arg1_ndim"": 1, ""arg1_dim0"": 4608, ""arg1_numel"": 4608, ""arg1_dtype"": ""torch.float16"", ""arg1_dtype_size"": 2, ""arg1_dtype_cat"": 2, ""arg2_ndim"": 1, ""arg2_dim0"": 4608, ""arg2_numel"": 4608, ""arg2_dtype"": ""torch.float16"", ""arg2_dtype_size"": 2, ""arg2_dtype_cat"": 2}",0.027488000690937042
layer_norm,24c826d6e563c78d,85df12bd2fb6305f,"{""block_sizes"": [1], ""reduction_loops"": [null], ""range_unroll_factors"": [0], ""range_warp_specializes"": [null], ""range_num_stages"": [0], ""range_multi_buffers"": [null], ""range_flattens"": [null], ""load_eviction_policies"": [""first"", ""last"", ""last"", ""last"", ""first"", ""last"", ""first"", ""first""], ""num_warps"": 8, ""num_stages"": 2, ""indexing"": [""tensor_descriptor"", ""pointer"", ""tensor_descriptor"", ""tensor_descriptor"", ""pointer"", ""tensor_descriptor"", ""tensor_descriptor"", ""tensor_descriptor"", ""pointer"", ""tensor_descriptor""], ""atomic_indexing"": [], ""pid_type"": ""flat""}","{""arg0_ndim"": 2, ""arg0_dim0"": 4096, ""arg0_dim1"": 4608, ""arg0_numel"": 18874368, ""arg0_dtype"": ""torch.float16"", ""arg0_dtype_size"": 2, ""arg0_dtype_cat"": 2, ""arg1_ndim"": 1, ""arg1_dim0"": 4608, ""arg1_numel"": 4608, ""arg1_dtype"": ""torch.float16"", ""arg1_dtype_size"": 2, ""arg1_dtype_cat"": 2, ""arg2_ndim"": 1, ""arg2_dim0"": 4608, ""arg2_numel"": 4608, ""arg2_dtype"": ""torch.float16"", ""arg2_dtype_size"": 2, ""arg2_dtype_cat"": 2}",0.026655999943614006
layer_norm,24c826d6e563c78d,2052065dbe652edb,"{""block_sizes"": [1], ""reduction_loops"": [4096], ""range_unroll_factors"": [0], ""range_warp_specializes"": [null], ""range_num_stages"": [0], ""range_multi_buffers"": [null], ""range_flattens"": [null], ""load_eviction_policies"": [""last"", """", ""first"", """", """", ""last"", """", """"], ""num_warps"": 16, ""num_stages"": 2, ""indexing"": [""pointer"", ""tensor_descriptor"", ""pointer"", ""pointer"", ""pointer"", ""tensor_descriptor"", ""pointer"", ""pointer"", ""pointer"", ""pointer""], ""atomic_indexing"": [], ""pid_type"": ""flat""}","{""arg0_ndim"": 2, ""arg0_dim0"": 4096, ""arg0_dim1"": 4608, ""arg0_numel"": 18874368, ""arg0_dtype"": ""torch.float16"", ""arg0_dtype_size"": 2, ""arg0_dtype_cat"": 2, ""arg1_ndim"": 1, ""arg1_dim0"": 4608, ""arg1_numel"": 4608, ""arg1_dtype"": ""torch.float16"", ""arg1_dtype_size"": 2, ""arg1_dtype_cat"": 2, ""arg2_ndim"": 1, ""arg2_dim0"": 4608, ""arg2_numel"": 4608, ""arg2_dtype"": ""torch.float16"", ""arg2_dtype_size"": 2, ""arg2_dtype_cat"": 2}",0.03686400130391121
layer_norm,72025c4ad6d5b140,178e7391546ae2da,"{""block_sizes"": [1], ""reduction_loops"": [null], ""range_unroll_factors"": [0], ""range_warp_specializes"": [null], ""range_num_stages"": [0], ""range_multi_buffers"": [null], ""range_flattens"": [null], ""load_eviction_policies"": [""first"", """", ""last"", """", ""last"", ""last"", ""last"", """"], ""num_warps"": 4, ""num_stages"": 7, ""indexing"": [""pointer"", ""pointer"", ""tensor_descriptor"", ""pointer"", ""tensor_descriptor"", ""pointer"", ""tensor_descriptor"", ""pointer"", ""pointer"", ""pointer""], ""atomic_indexing"": [], ""pid_type"": ""flat""}","{""arg0_ndim"": 2, ""arg0_dim0"": 4096, ""arg0_dim1"": 5120, ""arg0_numel"": 20971520, ""arg0_dtype"": ""torch.float16"", ""arg0_dtype_size"": 2, ""arg0_dtype_cat"": 2, ""arg1_ndim"": 1, ""arg1_dim0"": 5120, ""arg1_numel"": 5120, ""arg1_dtype"": ""torch.float16"", ""arg1_dtype_size"": 2, ""arg1_dtype_cat"": 2, ""arg2_ndim"": 1, ""arg2_dim0"": 5120, ""arg2_numel"": 5120, ""arg2_dtype"": ""torch.float16"", ""arg2_dtype_size"": 2, ""arg2_dtype_cat"": 2}",0.03359999880194664
layer_norm,72025c4ad6d5b140,decf2056869ee2b5,"{""block_sizes"": [1], ""reduction_loops"": [1024], ""range_unroll_factors"": [0], ""range_warp_specializes"": [null], ""range_num_stages"": [0], ""range_multi_buffers"": [null], ""range_flattens"": [null], ""load_eviction_policies"": ["""", ""last"", ""first"", """", ""last"", ""first"", ""last"", ""last""], ""num_warps"": 1, ""num_stages"": 2, ""indexing"": [""pointer"", ""tensor_descriptor"", ""pointer"", ""tensor_descriptor"", ""tensor_descriptor"", ""pointer"", ""pointer"", ""pointer"", ""tensor_descriptor"", ""pointer""], ""atomic_indexing"": [], ""pid_type"": ""flat""}","{""arg0_ndim"": 2, ""arg0_dim0"": 4096, ""arg0_dim1"": 5120, ""arg0_numel"": 20971520, ""arg0_dtype"": ""torch.float16"", ""arg0_dtype_size"": 2, ""arg0_dtype_cat"": 2, ""arg1_ndim"": 1, ""arg1_dim0"": 5120, ""arg1_numel"": 5120, ""arg1_dtype"": ""torch.float16"", ""arg1_dtype_size"": 2, ""arg1_dtype_cat"": 2, ""arg2_ndim"": 1, ""arg2_dim0"": 5120, ""arg2_numel"": 5120, ""arg2_dtype"": ""torch.float16"", ""arg2_dtype_size"": 2, ""arg2_dtype_cat"": 2}",0.024607999250292778
layer_norm,72025c4ad6d5b140,43acbd1ca50d4ca3,"{""block_sizes"": [1], ""reduction_loops"": [null], ""range_unroll_factors"": [0], ""range_warp_specializes"": [null], ""range_num_stages"": [0], ""range_multi_buffers"": [null], ""range_flattens"": [null], ""load_eviction_policies"": [""first"", """", """", ""first"", """", ""last"", ""first"", """"], ""num_warps"": 8, ""num_stages"": 4, ""indexing"": [""pointer"", ""tensor_descriptor"", ""pointer"", ""pointer"", ""pointer"", ""pointer"", ""tensor_descriptor"", ""pointer"", ""tensor_descriptor"", ""tensor_descriptor""], ""atomic_indexing"": [], ""pid_type"": ""flat""}","{""arg0_ndim"": 2, ""arg0_dim0"": 4096, ""arg0_dim1"": 5120, ""arg0_numel"": 20971520, ""arg0_dtype"": ""torch.float16"", ""arg0_dtype_size"": 2, ""arg0_dtype_cat"": 2, ""arg1_ndim"": 1, ""arg1_dim0"": 5120, ""arg1_numel"": 5120, ""arg1_dtype"": ""torch.float16"", ""arg1_dtype_size"": 2, ""arg1_dtype_cat"": 2, ""arg2_ndim"": 1, ""arg2_dim0"": 5120, ""arg2_numel"": 5120, ""arg2_dtype"": ""torch.float16"", ""arg2_dtype_size"": 2, ""arg2_dtype_cat"": 2}",0.026655999943614006
layer_norm,72025c4ad6d5b140,869c54e4b955a8c6,"{""block_sizes"": [1], ""reduction_loops"": [2048], ""range_unroll_factors"": [0], ""range_warp_specializes"": [null], ""range_num_stages"": [0], ""range_multi_buffers"": [null], ""range_flattens"": [null], ""load_eviction_policies"": [""last"", """", ""first"", """", """", ""last"", """", ""last""], ""num_warps"": 8, ""num_stages"": 4, ""indexing"": [""tensor_descriptor"", ""pointer"", ""pointer"", ""tensor_descriptor"", ""pointer"", ""tensor_descriptor"", ""pointer"", ""pointer"", ""tensor_descriptor"", ""tensor_descriptor""], ""atomic_indexing"": [], ""pid_type"": ""flat""}","{""arg0_ndim"": 2, ""arg0_dim0"": 4096, ""arg0_dim1"": 5120, ""arg0_numel"": 20971520, ""arg0_dtype"": ""torch.float16"", ""arg0_dtype_size"": 2, ""arg0_dtype_cat"": 2, ""arg1_ndim"": 1, ""arg1_dim0"": 5120, ""arg1_numel"": 5120, ""arg1_dtype"": ""torch.float16"", ""arg1_dtype_size"": 2, ""arg1_dtype_cat"": 2, ""arg2_ndim"": 1, ""arg2_dim0"": 5120, ""arg2_numel"": 5120, ""arg2_dtype"": ""torch.float16"", ""arg2_dtype_size"": 2, ""arg2_dtype_cat"": 2}",0.028704000636935234
layer_norm,72025c4ad6d5b140,85df12bd2fb6305f,"{""block_sizes"": [1], ""reduction_loops"": [null], ""range_unroll_factors"": [0], ""range_warp_specializes"": [null], ""range_num_stages"": [0], ""range_multi_buffers"": [null], ""range_flattens"": [null], ""load_eviction_policies"": [""first"", ""last"", ""last"", ""last"", ""first"", ""last"", ""first"", ""first""], ""num_warps"": 8, ""num_stages"": 2, ""indexing"": [""tensor_descriptor"", ""pointer"", ""tensor_descriptor"", ""tensor_descriptor"", ""pointer"", ""tensor_descriptor"", ""tensor_descriptor"", ""tensor_descriptor"", ""pointer"", ""tensor_descriptor""], ""atomic_indexing"": [], ""pid_type"": ""flat""}","{""arg0_ndim"": 2, ""arg0_dim0"": 4096, ""arg0_dim1"": 5120, ""arg0_numel"": 20971520, ""arg0_dtype"": ""torch.float16"", ""arg0_dtype_size"": 2, ""arg0_dtype_cat"": 2, ""arg1_ndim"": 1, ""arg1_dim0"": 5120, ""arg1_numel"": 5120, ""arg1_dtype"": ""torch.float16"", ""arg1_dtype_size"": 2, ""arg1_dtype_cat"": 2, ""arg2_ndim"": 1, ""arg2_dim0"": 5120, ""arg2_numel"": 5120, ""arg2_dtype"": ""torch.float16"", ""arg2_dtype_size"": 2, ""arg2_dtype_cat"": 2}",0.026655999943614006
layer_norm,72025c4ad6d5b140,2052065dbe652edb,"{""block_sizes"": [1], ""reduction_loops"": [4096], ""range_unroll_factors"": [0], ""range_warp_specializes"": [null], ""range_num_stages"": [0], ""range_multi_buffers"": [null], ""range_flattens"": [null], ""load_eviction_policies"": [""last"", """", ""first"", """", """", ""last"", """", """"], ""num_warps"": 16, ""num_stages"": 2, ""indexing"": [""pointer"", ""tensor_descriptor"", ""pointer"", ""pointer"", ""pointer"", ""tensor_descriptor"", ""pointer"", ""pointer"", ""pointer"", ""pointer""], ""atomic_indexing"": [], ""pid_type"": ""flat""}","{""arg0_ndim"": 2, ""arg0_dim0"": 4096, ""arg0_dim1"": 5120, ""arg0_numel"": 20971520, ""arg0_dtype"": ""torch.float16"", ""arg0_dtype_size"": 2, ""arg0_dtype_cat"": 2, ""arg1_ndim"": 1, ""arg1_dim0"": 5120, ""arg1_numel"": 5120, ""arg1_dtype"": ""torch.float16"", ""arg1_dtype_size"": 2, ""arg1_dtype_cat"": 2, ""arg2_ndim"": 1, ""arg2_dim0"": 5120, ""arg2_numel"": 5120, ""arg2_dtype"": ""torch.float16"", ""arg2_dtype_size"": 2, ""arg2_dtype_cat"": 2}",0.036896001547575
layer_norm,79bffefa05e40666,178e7391546ae2da,"{""block_sizes"": [1], ""reduction_loops"": [null], ""range_unroll_factors"": [0], ""range_warp_specializes"": [null], ""range_num_stages"": [0], ""range_multi_buffers"": [null], ""range_flattens"": [null], ""load_eviction_policies"": [""first"", """", ""last"", """", ""last"", ""last"", ""last"", """"], ""num_warps"": 4, ""num_stages"": 7, ""indexing"": [""pointer"", ""pointer"", ""tensor_descriptor"", ""pointer"", ""tensor_descriptor"", ""pointer"", ""tensor_descriptor"", ""pointer"", ""pointer"", ""pointer""], ""atomic_indexing"": [], ""pid_type"": ""flat""}","{""arg0_ndim"": 2, ""arg0_dim0"": 4096, ""arg0_dim1"": 5632, ""arg0_numel"": 23068672, ""arg0_dtype"": ""torch.float16"", ""arg0_dtype_size"": 2, ""arg0_dtype_cat"": 2, ""arg1_ndim"": 1, ""arg1_dim0"": 5632, ""arg1_numel"": 5632, ""arg1_dtype"": ""torch.float16"", ""arg1_dtype_size"": 2, ""arg1_dtype_cat"": 2, ""arg2_ndim"": 1, ""arg2_dim0"": 5632, ""arg2_numel"": 5632, ""arg2_dtype"": ""torch.float16"", ""arg2_dtype_size"": 2, ""arg2_dtype_cat"": 2}",0.03484800085425377
layer_norm,79bffefa05e40666,decf2056869ee2b5,"{""block_sizes"": [1], ""reduction_loops"": [1024], ""range_unroll_factors"": [0], ""range_warp_specializes"": [null], ""range_num_stages"": [0], ""range_multi_buffers"": [null], ""range_flattens"": [null], ""load_eviction_policies"": ["""", ""last"", ""first"", """", ""last"", ""first"", ""last"", ""last""], ""num_warps"": 1, ""num_stages"": 2, ""indexing"": [""pointer"", ""tensor_descriptor"", ""pointer"", ""tensor_descriptor"", ""tensor_descriptor"", ""pointer"", ""pointer"", ""pointer"", ""tensor_descriptor"", ""pointer""], ""atomic_indexing"": [], ""pid_type"": ""flat""}","{""arg0_ndim"": 2, ""arg0_dim0"": 4096, ""arg0_dim1"": 5632, ""arg0_numel"": 23068672, ""arg0_dtype"": ""torch.float16"", ""arg0_dtype_size"": 2, ""arg0_dtype_cat"": 2, ""arg1_ndim"": 1, ""arg1_dim0"": 5632, ""arg1_numel"": 5632, ""arg1_dtype"": ""torch.float16"", ""arg1_dtype_size"": 2, ""arg1_dtype_cat"": 2, ""arg2_ndim"": 1, ""arg2_dim0"": 5632, ""arg2_numel"": 5632, ""arg2_dtype"": ""torch.float16"", ""arg2_dtype_size"": 2, ""arg2_dtype_cat"": 2}",0.027456000447273254
layer_norm,79bffefa05e40666,43acbd1ca50d4ca3,"{""block_sizes"": [1], ""reduction_loops"": [null], ""range_unroll_factors"": [0], ""range_warp_specializes"": [null], ""range_num_stages"": [0], ""range_multi_buffers"": [null], ""range_flattens"": [null], ""load_eviction_policies"": [""first"", """", """", ""first"", """", ""last"", ""first"", """"], ""num_warps"": 8, ""num_stages"": 4, ""indexing"": [""pointer"", ""tensor_descriptor"", ""pointer"", ""pointer"", ""pointer"", ""pointer"", ""tensor_descriptor"", ""pointer"", ""tensor_descriptor"", ""tensor_descriptor""], ""atomic_indexing"": [], ""pid_type"": ""flat""}","{""arg0_ndim"": 2, ""arg0_dim0"": 4096, ""arg0_dim1"": 5632, ""arg0_numel"": 23068672, ""arg0_dtype"": ""torch.float16"", ""arg0_dtype_size"": 2, ""arg0_dtype_cat"": 2, ""arg1_ndim"": 1, ""arg1_dim0"": 5632, ""arg1_numel"": 5632, ""arg1_dtype"": ""torch.float16"", ""arg1_dtype_size"": 2, ""arg1_dtype_cat"": 2, ""arg2_ndim"": 1, ""arg2_dim0"": 5632, ""arg2_numel"": 5632, ""arg2_dtype"": ""torch.float16"", ""arg2_dtype_size"": 2, ""arg2_dtype_cat"": 2}",0.028672000393271446
layer_norm,79bffefa05e40666,869c54e4b955a8c6,"{""block_sizes"": [1], ""reduction_loops"": [2048], ""range_unroll_factors"": [0], ""range_warp_specializes"": [null], ""range_num_stages"": [0], ""range_multi_buffers"": [null], ""range_flattens"": [null], ""load_eviction_policies"": [""last"", """", ""first"", """", """", ""last"", """", ""last""], ""num_warps"": 8, ""num_stages"": 4, ""indexing"": [""tensor_descriptor"", ""pointer"", ""pointer"", ""tensor_descriptor"", ""pointer"", ""tensor_descriptor"", ""pointer"", ""pointer"", ""tensor_descriptor"", ""tensor_descriptor""], ""atomic_indexing"": [], ""pid_type"": ""flat""}","{""arg0_ndim"": 2, ""arg0_dim0"": 4096, ""arg0_dim1"": 5632, ""arg0_numel"": 23068672, ""arg0_dtype"": ""torch.float16"", ""arg0_dtype_size"": 2, ""arg0_dtype_cat"": 2, ""arg1_ndim"": 1, ""arg1_dim0"": 5632, ""arg1_numel"": 5632, ""arg1_dtype"": ""torch.float16"", ""arg1_dtype_size"": 2, ""arg1_dtype_cat"": 2, ""arg2_ndim"": 1, ""arg2_dim0"": 5632, ""arg2_numel"": 5632, ""arg2_dtype"": ""torch.float16"", ""arg2_dtype_size"": 2, ""arg2_dtype_cat"": 2}",0.02879999950528145
layer_norm,79bffefa05e40666,85df12bd2fb6305f,"{""block_sizes"": [1], ""reduction_loops"": [null], ""range_unroll_factors"": [0], ""range_warp_specializes"": [null], ""range_num_stages"": [0], ""range_multi_buffers"": [null], ""range_flattens"": [null], ""load_eviction_policies"": [""first"", ""last"", ""last"", ""last"", ""first"", ""last"", ""first"", ""first""], ""num_warps"": 8, ""num_stages"": 2, ""indexing"": [""tensor_descriptor"", ""pointer"", ""tensor_descriptor"", ""tensor_descriptor"", ""pointer"", ""tensor_descriptor"", ""tensor_descriptor"", ""tensor_descriptor"", ""pointer"", ""tensor_descriptor""], ""atomic_indexing"": [], ""pid_type"": ""flat""}","{""arg0_ndim"": 2, ""arg0_dim0"": 4096, ""arg0_dim1"": 5632, ""arg0_numel"": 23068672, ""arg0_dtype"": ""torch.float16"", ""arg0_dtype_size"": 2, ""arg0_dtype_cat"": 2, ""arg1_ndim"": 1, ""arg1_dim0"": 5632, ""arg1_numel"": 5632, ""arg1_dtype"": ""torch.float16"", ""arg1_dtype_size"": 2, ""arg1_dtype_cat"": 2, ""arg2_ndim"": 1, ""arg2_dim0"": 5632, ""arg2_numel"": 5632, ""arg2_dtype"": ""torch.float16"", ""arg2_dtype_size"": 2, ""arg2_dtype_cat"": 2}",0.027696000412106514
layer_norm,79bffefa05e40666,2052065dbe652edb,"{""block_sizes"": [1], ""reduction_loops"": [4096], ""range_unroll_factors"": [0], ""range_warp_specializes"": [null], ""range_num_stages"": [0], ""range_multi_buffers"": [null], ""range_flattens"": [null], ""load_eviction_policies"": [""last"", """", ""first"", """", """", ""last"", """", """"], ""num_warps"": 16, ""num_stages"": 2, ""indexing"": [""pointer"", ""tensor_descriptor"", ""pointer"", ""pointer"", ""pointer"", ""tensor_descriptor"", ""pointer"", ""pointer"", ""pointer"", ""pointer""], ""atomic_indexing"": [], ""pid_type"": ""flat""}","{""arg0_ndim"": 2, ""arg0_dim0"": 4096, ""arg0_dim1"": 5632, ""arg0_numel"": 23068672, ""arg0_dtype"": ""torch.float16"", ""arg0_dtype_size"": 2, ""arg0_dtype_cat"": 2, ""arg1_ndim"": 1, ""arg1_dim0"": 5632, ""arg1_numel"": 5632, ""arg1_dtype"": ""torch.float16"", ""arg1_dtype_size"": 2, ""arg1_dtype_cat"": 2, ""arg2_ndim"": 1, ""arg2_dim0"": 5632, ""arg2_numel"": 5632, ""arg2_dtype"": ""torch.float16"", ""arg2_dtype_size"": 2, ""arg2_dtype_cat"": 2}",0.036896001547575
layer_norm,9f954004639f8e6d,178e7391546ae2da,"{""block_sizes"": [1], ""reduction_loops"": [null], ""range_unroll_factors"": [0], ""range_warp_specializes"": [null], ""range_num_stages"": [0], ""range_multi_buffers"": [null], ""range_flattens"": [null], ""load_eviction_policies"": [""first"", """", ""last"", """", ""last"", ""last"", ""last"", """"], ""num_warps"": 4, ""num_stages"": 7, ""indexing"": [""pointer"", ""pointer"", ""tensor_descriptor"", ""pointer"", ""tensor_descriptor"", ""pointer"", ""tensor_descriptor"", ""pointer"", ""pointer"", ""pointer""], ""atomic_indexing"": [], ""pid_type"": ""flat""}","{""arg0_ndim"": 2, ""arg0_dim0"": 4096, ""arg0_dim1"": 6144, ""arg0_numel"": 25165824, ""arg0_dtype"": ""torch.float16"", ""arg0_dtype_size"": 2, ""arg0_dtype_cat"": 2, ""arg1_ndim"": 1, ""arg1_dim0"": 6144, ""arg1_numel"": 6144, ""arg1_dtype"": ""torch.float16"", ""arg1_dtype_size"": 2, ""arg1_dtype_cat"": 2, ""arg2_ndim"": 1, ""arg2_dim0"": 6144, ""arg2_numel"": 6144, ""arg2_dtype"": ""torch.float16"", ""arg2_dtype_size"": 2, ""arg2_dtype_cat"": 2}",0.03497600182890892
layer_norm,9f954004639f8e6d,decf2056869ee2b5,"{""block_sizes"": [1], ""reduction_loops"": [1024], ""range_unroll_factors"": [0], ""range_warp_specializes"": [null], ""range_num_stages"": [0], ""range_multi_buffers"": [null], ""range_flattens"": [null], ""load_eviction_policies"": ["""", ""last"", ""first"", """", ""last"", ""first"", ""last"", ""last""], ""num_warps"": 1, ""num_stages"": 2, ""indexing"": [""pointer"", ""tensor_descriptor"", ""pointer"", ""tensor_descriptor"", ""tensor_descriptor"", ""pointer"", ""pointer"", ""pointer"", ""tensor_descriptor"", ""pointer""], ""atomic_indexing"": [], ""pid_type"": ""flat""}","{""arg0_ndim"": 2, ""arg0_dim0"": 4096, ""arg0_dim1"": 6144, ""arg0_numel"": 25165824, ""arg0_dtype"": ""torch.float16"", ""arg0_dtype_size"": 2, ""arg0_dtype_cat"": 2, ""arg1_ndim"": 1, ""arg1_dim0"": 6144, ""arg1_numel"": 6144, ""arg1_dtype"": ""torch.float16"", ""arg1_dtype_size"": 2, ""arg1_dtype_cat"": 2, ""arg2_ndim"": 1, ""arg2_dim0"": 6144, ""arg2_numel"": 6144, ""arg2_dtype"": ""torch.float16"", ""arg2_dtype_size"": 2, ""arg2_dtype_cat"": 2}",0.028704000636935234
layer_norm,9f954004639f8e6d,43acbd1ca50d4ca3,"{""block_sizes"": [1], ""reduction_loops"": [null], ""range_unroll_factors"": [0], ""range_warp_specializes"": [null], ""range_num_stages"": [0], ""range_multi_buffers"": [null], ""range_flattens"": [null], ""load_eviction_policies"": [""first"", """", """", ""first"", """", ""last"", ""first"", """"], ""num_warps"": 8, ""num_stages"": 4, ""indexing"": [""pointer"", ""tensor_descriptor"", ""pointer"", ""pointer"", ""pointer"", ""pointer"", ""tensor_descriptor"", ""pointer"", ""tensor_descriptor"", ""tensor_descriptor""], ""atomic_indexing"": [], ""pid_type"": ""flat""}","{""arg0_ndim"": 2, ""arg0_dim0"": 4096, ""arg0_dim1"": 6144, ""arg0_numel"": 25165824, ""arg0_dtype"": ""torch.float16"", ""arg0_dtype_size"": 2, ""arg0_dtype_cat"": 2, ""arg1_ndim"": 1, ""arg1_dim0"": 6144, ""arg1_numel"": 6144, ""arg1_dtype"": ""torch.float16"", ""arg1_dtype_size"": 2, ""arg1_dtype_cat"": 2, ""arg2_ndim"": 1, ""arg2_dim0"": 6144, ""arg2_numel"": 6144, ""arg2_dtype"": ""torch.float16"", ""arg2_dtype_size"": 2, ""arg2_dtype_cat"": 2}",0.028704000636935234
layer_norm,9f954004639f8e6d,869c54e4b955a8c6,"{""block_sizes"": [1], ""reduction_loops"": [2048], ""range_unroll_factors"": [0], ""range_warp_specializes"": [null], ""range_num_stages"": [0], ""range_multi_buffers"": [null], ""range_flattens"": [null], ""load_eviction_policies"": [""last"", """", ""first"", """", """", ""last"", """", ""last""], ""num_warps"": 8, ""num_stages"": 4, ""indexing"": [""tensor_descriptor"", ""pointer"", ""pointer"", ""tensor_descriptor"", ""pointer"", ""tensor_descriptor"", ""pointer"", ""pointer"", ""tensor_descriptor"", ""tensor_descriptor""], ""atomic_indexing"": [], ""pid_type"": ""flat""}","{""arg0_ndim"": 2, ""arg0_dim0"": 4096, ""arg0_dim1"": 6144, ""arg0_numel"": 25165824, ""arg0_dtype"": ""torch.float16"", ""arg0_dtype_size"": 2, ""arg0_dtype_cat"": 2, ""arg1_ndim"": 1, ""arg1_dim0"": 6144, ""arg1_numel"": 6144, ""arg1_dtype"": ""torch.float16"", ""arg1_dtype_size"": 2, ""arg1_dtype_cat"": 2, ""arg2_ndim"": 1, ""arg2_dim0"": 6144, ""arg2_numel"": 6144, ""arg2_dtype"": ""torch.float16"", ""arg2_dtype_size"": 2, ""arg2_dtype_cat"": 2}",0.029600000008940697
layer_norm,9f954004639f8e6d,85df12bd2fb6305f,"{""block_sizes"": [1], ""reduction_loops"": [null], ""range_unroll_factors"": [0], ""range_warp_specializes"": [null], ""range_num_stages"": [0], ""range_multi_buffers"": [null], ""range_flattens"": [null], ""load_eviction_policies"": [""first"", ""last"", ""last"", ""last"", ""first"", ""last"", ""first"", ""first""], ""num_warps"": 8, ""num_stages"": 2, ""indexing"": [""tensor_descriptor"", ""pointer"", ""tensor_descriptor"", ""tensor_descriptor"", ""pointer"", ""tensor_descriptor"", ""tensor_descriptor"", ""tensor_descriptor"", ""pointer"", ""tensor_descriptor""], ""atomic_indexing"": [], ""pid_type"": ""flat""}","{""arg0_ndim"": 2, ""arg0_dim0"": 4096, ""arg0_dim1"": 6144, ""arg0_numel"": 25165824, ""arg0_dtype"": ""torch.float16"", ""arg0_dtype_size"": 2, ""arg0_dtype_cat"": 2, ""arg1_ndim"": 1, ""arg1_dim0"": 6144, ""arg1_numel"": 6144, ""arg1_dtype"": ""torch.float16"", ""arg1_dtype_size"": 2, ""arg1_dtype_cat"": 2, ""arg2_ndim"": 1, ""arg2_dim0"": 6144, ""arg2_numel"": 6144, ""arg2_dtype"": ""torch.float16"", ""arg2_dtype_size"": 2, ""arg2_dtype_cat"": 2}",0.028672000393271446
layer_norm,9f954004639f8e6d,2052065dbe652edb,"{""block_sizes"": [1], ""reduction_loops"": [4096], ""range_unroll_factors"": [0], ""range_warp_specializes"": [null], ""range_num_stages"": [0], ""range_multi_buffers"": [null], ""range_flattens"": [null], ""load_eviction_policies"": [""last"", """", ""first"", """", """", ""last"", """", """"], ""num_warps"": 16, ""num_stages"": 2, ""indexing"": [""pointer"", ""tensor_descriptor"", ""pointer"", ""pointer"", ""pointer"", ""tensor_descriptor"", ""pointer"", ""pointer"", ""pointer"", ""pointer""], ""atomic_indexing"": [], ""pid_type"": ""flat""}","{""arg0_ndim"": 2, ""arg0_dim0"": 4096, ""arg0_dim1"": 6144, ""arg0_numel"": 25165824, ""arg0_dtype"": ""torch.float16"", ""arg0_dtype_size"": 2, ""arg0_dtype_cat"": 2, ""arg1_ndim"": 1, ""arg1_dim0"": 6144, ""arg1_numel"": 6144, ""arg1_dtype"": ""torch.float16"", ""arg1_dtype_size"": 2, ""arg1_dtype_cat"": 2, ""arg2_ndim"": 1, ""arg2_dim0"": 6144, ""arg2_numel"": 6144, ""arg2_dtype"": ""torch.float16"", ""arg2_dtype_size"": 2, ""arg2_dtype_cat"": 2}",0.03699199855327606
layer_norm,5476608fb7397f95,178e7391546ae2da,"{""block_sizes"": [1], ""reduction_loops"": [null], ""range_unroll_factors"": [0], ""range_warp_specializes"": [null], ""range_num_stages"": [0], ""range_multi_buffers"": [null], ""range_flattens"": [null], ""load_eviction_policies"": [""first"", """", ""last"", """", ""last"", ""last"", ""last"", """"], ""num_warps"": 4, ""num_stages"": 7, ""indexing"": [""pointer"", ""pointer"", ""tensor_descriptor"", ""pointer"", ""tensor_descriptor"", ""pointer"", ""tensor_descriptor"", ""pointer"", ""pointer"", ""pointer""], ""atomic_indexing"": [], ""pid_type"": ""flat""}","{""arg0_ndim"": 2, ""arg0_dim0"": 4096, ""arg0_dim1"": 6656, ""arg0_numel"": 27262976, ""arg0_dtype"": ""torch.float16"", ""arg0_dtype_size"": 2, ""arg0_dtype_cat"": 2, ""arg1_ndim"": 1, ""arg1_dim0"": 6656, ""arg1_numel"": 6656, ""arg1_dtype"": ""torch.float16"", ""arg1_dtype_size"": 2, ""arg1_dtype_cat"": 2, ""arg2_ndim"": 1, ""arg2_dim0"": 6656, ""arg2_numel"": 6656, ""arg2_dtype"": ""torch.float16"", ""arg2_dtype_size"": 2, ""arg2_dtype_cat"": 2}",0.036896001547575
layer_norm,5476608fb7397f95,decf2056869ee2b5,"{""block_sizes"": [1], ""reduction_loops"": [1024], ""range_unroll_factors"": [0], ""range_warp_specializes"": [null], ""range_num_stages"": [0], ""range_multi_buffers"": [null], ""range_flattens"": [null], ""load_eviction_policies"": ["""", ""last"", ""first"", """", ""last"", ""first"", ""last"", ""last""], ""num_warps"": 1, ""num_stages"": 2, ""indexing"": [""pointer"", ""tensor_descriptor"", ""pointer"", ""tensor_descriptor"", ""tensor_descriptor"", ""pointer"", ""pointer"", ""pointer"", ""tensor_descriptor"", ""pointer""], ""atomic_indexing"": [], ""pid_type"": ""flat""}","{""arg0_ndim"": 2, ""arg0_dim0"": 4096, ""arg0_dim1"": 6656, ""arg0_numel"": 27262976, ""arg0_dtype"": ""torch.float16"", ""arg0_dtype_size"": 2, ""arg0_dtype_cat"": 2, ""arg1_ndim"": 1, ""arg1_dim0"": 6656, ""arg1_numel"": 6656, ""arg1_dtype"": ""torch.float16"", ""arg1_dtype_size"": 2, ""arg1_dtype_cat"": 2, ""arg2_ndim"": 1, ""arg2_dim0"": 6656, ""arg2_numel"": 6656, ""arg2_dtype"": ""torch.float16"", ""arg2_dtype_size"": 2, ""arg2_dtype_cat"": 2}",0.0326399989426136
layer_norm,5476608fb7397f95,43acbd1ca50d4ca3,"{""block_sizes"": [1], ""reduction_loops"": [null], ""range_unroll_factors"": [0], ""range_warp_specializes"": [null], ""range_num_stages"": [0], ""range_multi_buffers"": [null], ""range_flattens"": [null], ""load_eviction_policies"": [""first"", """", """", ""first"", """", ""last"", ""first"", """"], ""num_warps"": 8, ""num_stages"": 4, ""indexing"": [""pointer"", ""tensor_descriptor"", ""pointer"", ""pointer"", ""pointer"", ""pointer"", ""tensor_descriptor"", ""pointer"", ""tensor_descriptor"", ""tensor_descriptor""], ""atomic_indexing"": [], ""pid_type"": ""flat""}","{""arg0_ndim"": 2, ""arg0_dim0"": 4096, ""arg0_dim1"": 6656, ""arg0_numel"": 27262976, ""arg0_dtype"": ""torch.float16"", ""arg0_dtype_size"": 2, ""arg0_dtype_cat"": 2, ""arg1_ndim"": 1, ""arg1_dim0"": 6656, ""arg1_numel"": 6656, ""arg1_dtype"": ""torch.float16"", ""arg1_dtype_size"": 2, ""arg1_dtype_cat"": 2, ""arg2_ndim"": 1, ""arg2_dim0"": 6656, ""arg2_numel"": 6656, ""arg2_dtype"": ""torch.float16"", ""arg2_dtype_size"": 2, ""arg2_dtype_cat"": 2}",0.029632000252604485
layer_norm,5476608fb7397f95,869c54e4b955a8c6,"{""block_sizes"": [1], ""reduction_loops"": [2048], ""range_unroll_factors"": [0], ""range_warp_specializes"": [null], ""range_num_stages"": [0], ""range_multi_buffers"": [null], ""range_flattens"": [null], ""load_eviction_policies"": [""last"", """", ""first"", """", """", ""last"", """", ""last""], ""num_warps"": 8, ""num_stages"": 4, ""indexing"": [""tensor_descriptor"", ""pointer"", ""pointer"", ""tensor_descriptor"", ""pointer"", ""tensor_descriptor"", ""pointer"", ""pointer"", ""tensor_descriptor"", ""tensor_descriptor""], ""atomic_indexing"": [], ""pid_type"": ""flat""}","{""arg0_ndim"": 2, ""arg0_dim0"": 4096, ""arg0_dim1"": 6656, ""arg0_numel"": 27262976, ""arg0_dtype"": ""torch.float16"", ""arg0_dtype_size"": 2, ""arg0_dtype_cat"": 2, ""arg1_ndim"": 1, ""arg1_dim0"": 6656, ""arg1_numel"": 6656, ""arg1_dtype"": ""torch.float16"", ""arg1_dtype_size"": 2, ""arg1_dtype_cat"": 2, ""arg2_ndim"": 1, ""arg2_dim0"": 6656, ""arg2_numel"": 6656, ""arg2_dtype"": ""torch.float16"", ""arg2_dtype_size"": 2, ""arg2_dtype_cat"": 2}",0.03286400064826012
layer_norm,5476608fb7397f95,85df12bd2fb6305f,"{""block_sizes"": [1], ""reduction_loops"": [null], ""range_unroll_factors"": [0], ""range_warp_specializes"": [null], ""range_num_stages"": [0], ""range_multi_buffers"": [null], ""range_flattens"": [null], ""load_eviction_policies"": [""first"", ""last"", ""last"", ""last"", ""first"", ""last"", ""first"", ""first""], ""num_warps"": 8, ""num_stages"": 2, ""indexing"": [""tensor_descriptor"", ""pointer"", ""tensor_descriptor"", ""tensor_descriptor"", ""pointer"", ""tensor_descriptor"", ""tensor_descriptor"", ""tensor_descriptor"", ""pointer"", ""tensor_descriptor""], ""atomic_indexing"": [], ""pid_type"": ""flat""}","{""arg0_ndim"": 2, ""arg0_dim0"": 4096, ""arg0_dim1"": 6656, ""arg0_numel"": 27262976, ""arg0_dtype"": ""torch.float16"", ""arg0_dtype_size"": 2, ""arg0_dtype_cat"": 2, ""arg1_ndim"": 1, ""arg1_dim0"": 6656, ""arg1_numel"": 6656, ""arg1_dtype"": ""torch.float16"", ""arg1_dtype_size"": 2, ""arg1_dtype_cat"": 2, ""arg2_ndim"": 1, ""arg2_dim0"": 6656, ""arg2_numel"": 6656, ""arg2_dtype"": ""torch.float16"", ""arg2_dtype_size"": 2, ""arg2_dtype_cat"": 2}",0.028831999748945236
layer_norm,5476608fb7397f95,2052065dbe652edb,"{""block_sizes"": [1], ""reduction_loops"": [4096], ""range_unroll_factors"": [0], ""range_warp_specializes"": [null], ""range_num_stages"": [0], ""range_multi_buffers"": [null], ""range_flattens"": [null], ""load_eviction_policies"": [""last"", """", ""first"", """", """", ""last"", """", """"], ""num_warps"": 16, ""num_stages"": 2, ""indexing"": [""pointer"", ""tensor_descriptor"", ""pointer"", ""pointer"", ""pointer"", ""tensor_descriptor"", ""pointer"", ""pointer"", ""pointer"", ""pointer""], ""atomic_indexing"": [], ""pid_type"": ""flat""}","{""arg0_ndim"": 2, ""arg0_dim0"": 4096, ""arg0_dim1"": 6656, ""arg0_numel"": 27262976, ""arg0_dtype"": ""torch.float16"", ""arg0_dtype_size"": 2, ""arg0_dtype_cat"": 2, ""arg1_ndim"": 1, ""arg1_dim0"": 6656, ""arg1_numel"": 6656, ""arg1_dtype"": ""torch.float16"", ""arg1_dtype_size"": 2, ""arg1_dtype_cat"": 2, ""arg2_ndim"": 1, ""arg2_dim0"": 6656, ""arg2_numel"": 6656, ""arg2_dtype"": ""torch.float16"", ""arg2_dtype_size"": 2, ""arg2_dtype_cat"": 2}",0.03699199855327606
layer_norm,46e5384f059729a3,178e7391546ae2da,"{""block_sizes"": [1], ""reduction_loops"": [null], ""range_unroll_factors"": [0], ""range_warp_specializes"": [null], ""range_num_stages"": [0], ""range_multi_buffers"": [null], ""range_flattens"": [null], ""load_eviction_policies"": [""first"", """", ""last"", """", ""last"", ""last"", ""last"", """"], ""num_warps"": 4, ""num_stages"": 7, ""indexing"": [""pointer"", ""pointer"", ""tensor_descriptor"", ""pointer"", ""tensor_descriptor"", ""pointer"", ""tensor_descriptor"", ""pointer"", ""pointer"", ""pointer""], ""atomic_indexing"": [], ""pid_type"": ""flat""}","{""arg0_ndim"": 2, ""arg0_dim0"": 4096, ""arg0_dim1"": 7168, ""arg0_numel"": 29360128, ""arg0_dtype"": ""torch.float16"", ""arg0_dtype_size"": 2, ""arg0_dtype_cat"": 2, ""arg1_ndim"": 1, ""arg1_dim0"": 7168, ""arg1_numel"": 7168, ""arg1_dtype"": ""torch.float16"", ""arg1_dtype_size"": 2, ""arg1_dtype_cat"": 2, ""arg2_ndim"": 1, ""arg2_dim0"": 7168, ""arg2_numel"": 7168, ""arg2_dtype"": ""torch.float16"", ""arg2_dtype_size"": 2, ""arg2_dtype_cat"": 2}",0.03888000175356865
layer_norm,46e5384f059729a3,decf2056869ee2b5,"{""block_sizes"": [1], ""reduction_loops"": [1024], ""range_unroll_factors"": [0], ""range_warp_specializes"": [null], ""range_num_stages"": [0], ""range_multi_buffers"": [null], ""range_flattens"": [null], ""load_eviction_policies"": ["""", ""last"", ""first"", """", ""last"", ""first"", ""last"", ""last""], ""num_warps"": 1, ""num_stages"": 2, ""indexing"": [""pointer"", ""tensor_descriptor"", ""pointer"", ""tensor_descriptor"", ""tensor_descriptor"", ""pointer"", ""pointer"", ""pointer"", ""tensor_descriptor"", ""pointer""], ""atomic_indexing"": [], ""pid_type"": ""flat""}","{""arg0_ndim"": 2, ""arg0_dim0"": 4096, ""arg0_dim1"": 7168, ""arg0_numel"": 29360128, ""arg0_dtype"": ""torch.float16"", ""arg0_dtype_size"": 2, ""arg0_dtype_cat"": 2, ""arg1_ndim"": 1, ""arg1_dim0"": 7168, ""arg1_numel"": 7168, ""arg1_dtype"": ""torch.float16"", ""arg1_dtype_size"": 2, ""arg1_dtype_cat"": 2, ""arg2_ndim"": 1, ""arg2_dim0"": 7168, ""arg2_numel"": 7168, ""arg2_dtype"": ""torch.float16"", ""arg2_dtype_size"": 2, ""arg2_dtype_cat"": 2}",0.03280000016093254
layer_norm,46e5384f059729a3,43acbd1ca50d4ca3,"{""block_sizes"": [1], ""reduction_loops"": [null], ""range_unroll_factors"": [0], ""range_warp_specializes"": [null], ""range_num_stages"": [0], ""range_multi_buffers"": [null], ""range_flattens"": [null], ""load_eviction_policies"": [""first"", """", """", ""first"", """", ""last"", ""first"", """"], ""num_warps"": 8, ""num_stages"": 4, ""indexing"": [""pointer"", ""tensor_descriptor"", ""pointer"", ""pointer"", ""pointer"", ""pointer"", ""tensor_descriptor"", ""pointer"", ""tensor_descriptor"", ""tensor_descriptor""], ""atomic_indexing"": [], ""pid_type"": ""flat""}","{""arg0_ndim"": 2, ""arg0_dim0"": 4096, ""arg0_dim1"": 7168, ""arg0_numel"": 29360128, ""arg0_dtype"": ""torch.float16"", ""arg0_dtype_size"": 2, ""arg0_dtype_cat"": 2, ""arg1_ndim"": 1, ""arg1_dim0"": 7168, ""arg1_numel"": 7168, ""arg1_dtype"": ""torch.float16"", ""arg1_dtype_size"": 2, ""arg1_dtype_cat"": 2, ""arg2_ndim"": 1, ""arg2_dim0"": 7168, ""arg2_numel"": 7168, ""arg2_dtype"": ""torch.float16"", ""arg2_dtype_size"": 2, ""arg2_dtype_cat"": 2}",0.030751999467611313
layer_norm,46e5384f059729a3,869c54e4b955a8c6,"{""block_sizes"": [1], ""reduction_loops"": [2048], ""range_unroll_factors"": [0], ""range_warp_specializes"": [null], ""range_num_stages"": [0], ""range_multi_buffers"": [null], ""range_flattens"": [null], ""load_eviction_policies"": [""last"", """", ""first"", """", """", ""last"", """", ""last""], ""num_warps"": 8, ""num_stages"": 4, ""indexing"": [""tensor_descriptor"", ""pointer"", ""pointer"", ""tensor_descriptor"", ""pointer"", ""tensor_descriptor"", ""pointer"", ""pointer"", ""tensor_descriptor"", ""tensor_descriptor""], ""atomic_indexing"": [], ""pid_type"": ""flat""}","{""arg0_ndim"": 2, ""arg0_dim0"": 4096, ""arg0_dim1"": 7168, ""arg0_numel"": 29360128, ""arg0_dtype"": ""torch.float16"", ""arg0_dtype_size"": 2, ""arg0_dtype_cat"": 2, ""arg1_ndim"": 1, ""arg1_dim0"": 7168, ""arg1_numel"": 7168, ""arg1_dtype"": ""torch.float16"", ""arg1_dtype_size"": 2, ""arg1_dtype_cat"": 2, ""arg2_ndim"": 1, ""arg2_dim0"": 7168, ""arg2_numel"": 7168, ""arg2_dtype"": ""torch.float16"", ""arg2_dtype_size"": 2, ""arg2_dtype_cat"": 2}",0.03471999987959862
layer_norm,46e5384f059729a3,85df12bd2fb6305f,"{""block_sizes"": [1], ""reduction_loops"": [null], ""range_unroll_factors"": [0], ""range_warp_specializes"": [null], ""range_num_stages"": [0], ""range_multi_buffers"": [null], ""range_flattens"": [null], ""load_eviction_policies"": [""first"", ""last"", ""last"", ""last"", ""first"", ""last"", ""first"", ""first""], ""num_warps"": 8, ""num_stages"": 2, ""indexing"": [""tensor_descriptor"", ""pointer"", ""tensor_descriptor"", ""tensor_descriptor"", ""pointer"", ""tensor_descriptor"", ""tensor_descriptor"", ""tensor_descriptor"", ""pointer"", ""tensor_descriptor""], ""atomic_indexing"": [], ""pid_type"": ""flat""}","{""arg0_ndim"": 2, ""arg0_dim0"": 4096, ""arg0_dim1"": 7168, ""arg0_numel"": 29360128, ""arg0_dtype"": ""torch.float16"", ""arg0_dtype_size"": 2, ""arg0_dtype_cat"": 2, ""arg1_ndim"": 1, ""arg1_dim0"": 7168, ""arg1_numel"": 7168, ""arg1_dtype"": ""torch.float16"", ""arg1_dtype_size"": 2, ""arg1_dtype_cat"": 2, ""arg2_ndim"": 1, ""arg2_dim0"": 7168, ""arg2_numel"": 7168, ""arg2_dtype"": ""torch.float16"", ""arg2_dtype_size"": 2, ""arg2_dtype_cat"": 2}",0.029759999364614487
layer_norm,46e5384f059729a3,2052065dbe652edb,"{""block_sizes"": [1], ""reduction_loops"": [4096], ""range_unroll_factors"": [0], ""range_warp_specializes"": [null], ""range_num_stages"": [0], ""range_multi_buffers"": [null], ""range_flattens"": [null], ""load_eviction_policies"": [""last"", """", ""first"", """", """", ""last"", """", """"], ""num_warps"": 16, ""num_stages"": 2, ""indexing"": [""pointer"", ""tensor_descriptor"", ""pointer"", ""pointer"", ""pointer"", ""tensor_descriptor"", ""pointer"", ""pointer"", ""pointer"", ""pointer""], ""atomic_indexing"": [], ""pid_type"": ""flat""}","{""arg0_ndim"": 2, ""arg0_dim0"": 4096, ""arg0_dim1"": 7168, ""arg0_numel"": 29360128, ""arg0_dtype"": ""torch.float16"", ""arg0_dtype_size"": 2, ""arg0_dtype_cat"": 2, ""arg1_ndim"": 1, ""arg1_dim0"": 7168, ""arg1_numel"": 7168, ""arg1_dtype"": ""torch.float16"", ""arg1_dtype_size"": 2, ""arg1_dtype_cat"": 2, ""arg2_ndim"": 1, ""arg2_dim0"": 7168, ""arg2_numel"": 7168, ""arg2_dtype"": ""torch.float16"", ""arg2_dtype_size"": 2, ""arg2_dtype_cat"": 2}",0.036896001547575
layer_norm,202d67daa652f6ac,178e7391546ae2da,"{""block_sizes"": [1], ""reduction_loops"": [null], ""range_unroll_factors"": [0], ""range_warp_specializes"": [null], ""range_num_stages"": [0], ""range_multi_buffers"": [null], ""range_flattens"": [null], ""load_eviction_policies"": [""first"", """", ""last"", """", ""last"", ""last"", ""last"", """"], ""num_warps"": 4, ""num_stages"": 7, ""indexing"": [""pointer"", ""pointer"", ""tensor_descriptor"", ""pointer"", ""tensor_descriptor"", ""pointer"", ""tensor_descriptor"", ""pointer"", ""pointer"", ""pointer""], ""atomic_indexing"": [], ""pid_type"": ""flat""}","{""arg0_ndim"": 2, ""arg0_dim0"": 4096, ""arg0_dim1"": 7680, ""arg0_numel"": 31457280, ""arg0_dtype"": ""torch.float16"", ""arg0_dtype_size"": 2, ""arg0_dtype_cat"": 2, ""arg1_ndim"": 1, ""arg1_dim0"": 7680, ""arg1_numel"": 7680, ""arg1_dtype"": ""torch.float16"", ""arg1_dtype_size"": 2, ""arg1_dtype_cat"": 2, ""arg2_ndim"": 1, ""arg2_dim0"": 7680, ""arg2_numel"": 7680, ""arg2_dtype"": ""torch.float16"", ""arg2_dtype_size"": 2, ""arg2_dtype_cat"": 2}",0.038943998515605927
layer_norm,202d67daa652f6ac,decf2056869ee2b5,"{""block_sizes"": [1], ""reduction_loops"": [1024], ""range_unroll_factors"": [0], ""range_warp_specializes"": [null], ""range_num_stages"": [0], ""range_multi_buffers"": [null], ""range_flattens"": [null], ""load_eviction_policies"": ["""", ""last"", ""first"", """", ""last"", ""first"", ""last"", ""last""], ""num_warps"": 1, ""num_stages"": 2, ""indexing"": [""pointer"", ""tensor_descriptor"", ""pointer"", ""tensor_descriptor"", ""tensor_descriptor"", ""pointer"", ""pointer"", ""pointer"", ""tensor_descriptor"", ""pointer""], ""atomic_indexing"": [], ""pid_type"": ""flat""}","{""arg0_ndim"": 2, ""arg0_dim0"": 4096, ""arg0_dim1"": 7680, ""arg0_numel"": 31457280, ""arg0_dtype"": ""torch.float16"", ""arg0_dtype_size"": 2, ""arg0_dtype_cat"": 2, ""arg1_ndim"": 1, ""arg1_dim0"": 7680, ""arg1_numel"": 7680, ""arg1_dtype"": ""torch.float16"", ""arg1_dtype_size"": 2, ""arg1_dtype_cat"": 2, ""arg2_ndim"": 1, ""arg2_dim0"": 7680, ""arg2_numel"": 7680, ""arg2_dtype"": ""torch.float16"", ""arg2_dtype_size"": 2, ""arg2_dtype_cat"": 2}",0.036896001547575
layer_norm,202d67daa652f6ac,43acbd1ca50d4ca3,"{""block_sizes"": [1], ""reduction_loops"": [null], ""range_unroll_factors"": [0], ""range_warp_specializes"": [null], ""range_num_stages"": [0], ""range_multi_buffers"": [null], ""range_flattens"": [null], ""load_eviction_policies"": [""first"", """", """", ""first"", """", ""last"", ""first"", """"], ""num_warps"": 8, ""num_stages"": 4, ""indexing"": [""pointer"", ""tensor_descriptor"", ""pointer"", ""pointer"", ""pointer"", ""pointer"", ""tensor_descriptor"", ""pointer"", ""tensor_descriptor"", ""tensor_descriptor""], ""atomic_indexing"": [], ""pid_type"": ""flat""}","{""arg0_ndim"": 2, ""arg0_dim0"": 4096, ""arg0_dim1"": 7680, ""arg0_numel"": 31457280, ""arg0_dtype"": ""torch.float16"", ""arg0_dtype_size"": 2, ""arg0_dtype_cat"": 2, ""arg1_ndim"": 1, ""arg1_dim0"": 7680, ""arg1_numel"": 7680, ""arg1_dtype"": ""torch.float16"", ""arg1_dtype_size"": 2, ""arg1_dtype_cat"": 2, ""arg2_ndim"": 1, ""arg2_dim0"": 7680, ""arg2_numel"": 7680, ""arg2_dtype"": ""torch.float16"", ""arg2_dtype_size"": 2, ""arg2_dtype_cat"": 2}",0.0307839997112751
layer_norm,202d67daa652f6ac,869c54e4b955a8c6,"{""block_sizes"": [1], ""reduction_loops"": [2048], ""range_unroll_factors"": [0], ""range_warp_specializes"": [null], ""range_num_stages"": [0], ""range_multi_buffers"": [null], ""range_flattens"": [null], ""load_eviction_policies"": [""last"", """", ""first"", """", """", ""last"", """", ""last""], ""num_warps"": 8, ""num_stages"": 4, ""indexing"": [""tensor_descriptor"", ""pointer"", ""pointer"", ""tensor_descriptor"", ""pointer"", ""tensor_descriptor"", ""pointer"", ""pointer"", ""tensor_descriptor"", ""tensor_descriptor""], ""atomic_indexing"": [], ""pid_type"": ""flat""}","{""arg0_ndim"": 2, ""arg0_dim0"": 4096, ""arg0_dim1"": 7680, ""arg0_numel"": 31457280, ""arg0_dtype"": ""torch.float16"", ""arg0_dtype_size"": 2, ""arg0_dtype_cat"": 2, ""arg1_ndim"": 1, ""arg1_dim0"": 7680, ""arg1_numel"": 7680, ""arg1_dtype"": ""torch.float16"", ""arg1_dtype_size"": 2, ""arg1_dtype_cat"": 2, ""arg2_ndim"": 1, ""arg2_dim0"": 7680, ""arg2_numel"": 7680, ""arg2_dtype"": ""torch.float16"", ""arg2_dtype_size"": 2, ""arg2_dtype_cat"": 2}",0.03484800085425377
layer_norm,202d67daa652f6ac,85df12bd2fb6305f,"{""block_sizes"": [1], ""reduction_loops"": [null], ""range_unroll_factors"": [0], ""range_warp_specializes"": [null], ""range_num_stages"": [0], ""range_multi_buffers"": [null], ""range_flattens"": [null], ""load_eviction_policies"": [""first"", ""last"", ""last"", ""last"", ""first"", ""last"", ""first"", ""first""], ""num_warps"": 8, ""num_stages"": 2, ""indexing"": [""tensor_descriptor"", ""pointer"", ""tensor_descriptor"", ""tensor_descriptor"", ""pointer"", ""tensor_descriptor"", ""tensor_descriptor"", ""tensor_descriptor"", ""pointer"", ""tensor_descriptor""], ""atomic_indexing"": [], ""pid_type"": ""flat""}","{""arg0_ndim"": 2, ""arg0_dim0"": 4096, ""arg0_dim1"": 7680, ""arg0_numel"": 31457280, ""arg0_dtype"": ""torch.float16"", ""arg0_dtype_size"": 2, ""arg0_dtype_cat"": 2, ""arg1_ndim"": 1, ""arg1_dim0"": 7680, ""arg1_numel"": 7680, ""arg1_dtype"": ""torch.float16"", ""arg1_dtype_size"": 2, ""arg1_dtype_cat"": 2, ""arg2_ndim"": 1, ""arg2_dim0"": 7680, ""arg2_numel"": 7680, ""arg2_dtype"": ""torch.float16"", ""arg2_dtype_size"": 2, ""arg2_dtype_cat"": 2}",0.030751999467611313
layer_norm,202d67daa652f6ac,2052065dbe652edb,"{""block_sizes"": [1], ""reduction_loops"": [4096], ""range_unroll_factors"": [0], ""range_warp_specializes"": [null], ""range_num_stages"": [0], ""range_multi_buffers"": [null], ""range_flattens"": [null], ""load_eviction_policies"": [""last"", """", ""first"", """", """", ""last"", """", """"], ""num_warps"": 16, ""num_stages"": 2, ""indexing"": [""pointer"", ""tensor_descriptor"", ""pointer"", ""pointer"", ""pointer"", ""tensor_descriptor"", ""pointer"", ""pointer"", ""pointer"", ""pointer""], ""atomic_indexing"": [], ""pid_type"": ""flat""}","{""arg0_ndim"": 2, ""arg0_dim0"": 4096, ""arg0_dim1"": 7680, ""arg0_numel"": 31457280, ""arg0_dtype"": ""torch.float16"", ""arg0_dtype_size"": 2, ""arg0_dtype_cat"": 2, ""arg1_ndim"": 1, ""arg1_dim0"": 7680, ""arg1_numel"": 7680, ""arg1_dtype"": ""torch.float16"", ""arg1_dtype_size"": 2, ""arg1_dtype_cat"": 2, ""arg2_ndim"": 1, ""arg2_dim0"": 7680, ""arg2_numel"": 7680, ""arg2_dtype"": ""torch.float16"", ""arg2_dtype_size"": 2, ""arg2_dtype_cat"": 2}",0.03705599904060364
layer_norm,0bde25c23f20eaa6,178e7391546ae2da,"{""block_sizes"": [1], ""reduction_loops"": [null], ""range_unroll_factors"": [0], ""range_warp_specializes"": [null], ""range_num_stages"": [0], ""range_multi_buffers"": [null], ""range_flattens"": [null], ""load_eviction_policies"": [""first"", """", ""last"", """", ""last"", ""last"", ""last"", """"], ""num_warps"": 4, ""num_stages"": 7, ""indexing"": [""pointer"", ""pointer"", ""tensor_descriptor"", ""pointer"", ""tensor_descriptor"", ""pointer"", ""tensor_descriptor"", ""pointer"", ""pointer"", ""pointer""], ""atomic_indexing"": [], ""pid_type"": ""flat""}","{""arg0_ndim"": 2, ""arg0_dim0"": 4096, ""arg0_dim1"": 8192, ""arg0_numel"": 33554432, ""arg0_dtype"": ""torch.float16"", ""arg0_dtype_size"": 2, ""arg0_dtype_cat"": 2, ""arg1_ndim"": 1, ""arg1_dim0"": 8192, ""arg1_numel"": 8192, ""arg1_dtype"": ""torch.float16"", ""arg1_dtype_size"": 2, ""arg1_dtype_cat"": 2, ""arg2_ndim"": 1, ""arg2_dim0"": 8192, ""arg2_numel"": 8192, ""arg2_dtype"": ""torch.float16"", ""arg2_dtype_size"": 2, ""arg2_dtype_cat"": 2}",0.039872001856565475
layer_norm,0bde25c23f20eaa6,decf2056869ee2b5,"{""block_sizes"": [1], ""reduction_loops"": [1024], ""range_unroll_factors"": [0], ""range_warp_specializes"": [null], ""range_num_stages"": [0], ""range_multi_buffers"": [null], ""range_flattens"": [null], ""load_eviction_policies"": ["""", ""last"", ""first"", """", ""last"", ""first"", ""last"", ""last""], ""num_warps"": 1, ""num_stages"": 2, ""indexing"": [""pointer"", ""tensor_descriptor"", ""pointer"", ""tensor_descriptor"", ""tensor_descriptor"", ""pointer"", ""pointer"", ""pointer"", ""tensor_descriptor"", ""pointer""], ""atomic_indexing"": [], ""pid_type"": ""flat""}","{""arg0_ndim"": 2, ""arg0_dim0"": 4096, ""arg0_dim1"": 8192, ""arg0_numel"": 33554432, ""arg0_dtype"": ""torch.float16"", ""arg0_dtype_size"": 2, ""arg0_dtype_cat"": 2, ""arg1_ndim"": 1, ""arg1_dim0"": 8192, ""arg1_numel"": 8192, ""arg1_dtype"": ""torch.float16"", ""arg1_dtype_size"": 2, ""arg1_dtype_cat"": 2, ""arg2_ndim"": 1, ""arg2_dim0"": 8192, ""arg2_numel"": 8192, ""arg2_dtype"": ""torch.float16"", ""arg2_dtype_size"": 2, ""arg2_dtype_cat"": 2}",0.03699199855327606
layer_norm,0bde25c23f20eaa6,43acbd1ca50d4ca3,"{""block_sizes"": [1], ""reduction_loops"": [null], ""range_unroll_factors"": [0], ""range_warp_specializes"": [null], ""range_num_stages"": [0], ""range_multi_buffers"": [null], ""range_flattens"": [null], ""load_eviction_policies"": [""first"", """", """", ""first"", """", ""last"", ""first"", """"], ""num_warps"": 8, ""num_stages"": 4, ""indexing"": [""pointer"", ""tensor_descriptor"", ""pointer"", ""pointer"", ""pointer"", ""pointer"", ""tensor_descriptor"", ""pointer"", ""tensor_descriptor"", ""tensor_descriptor""], ""atomic_indexing"": [], ""pid_type"": ""flat""}","{""arg0_ndim"": 2, ""arg0_dim0"": 4096, ""arg0_dim1"": 8192, ""arg0_numel"": 33554432, ""arg0_dtype"": ""torch.float16"", ""arg0_dtype_size"": 2, ""arg0_dtype_cat"": 2, ""arg1_ndim"": 1, ""arg1_dim0"": 8192, ""arg1_numel"": 8192, ""arg1_dtype"": ""torch.float16"", ""arg1_dtype_size"": 2, ""arg1_dtype_cat"": 2, ""arg2_ndim"": 1, ""arg2_dim0"": 8192, ""arg2_numel"": 8192, ""arg2_dtype"": ""torch.float16"", ""arg2_dtype_size"": 2, ""arg2_dtype_cat"": 2}",0.032735999673604965
layer_norm,0bde25c23f20eaa6,869c54e4b955a8c6,"{""block_sizes"": [1], ""reduction_loops"": [2048], ""range_unroll_factors"": [0], ""range_warp_specializes"": [null], ""range_num_stages"": [0], ""range_multi_buffers"": [null], ""range_flattens"": [null], ""load_eviction_policies"": [""last"", """", ""first"", """", """", ""last"", """", ""last""], ""num_warps"": 8, ""num_stages"": 4, ""indexing"": [""tensor_descriptor"", ""pointer"", ""pointer"", ""tensor_descriptor"", ""pointer"", ""tensor_descriptor"", ""pointer"", ""pointer"", ""tensor_descriptor"", ""tensor_descriptor""], ""atomic_indexing"": [], ""pid_type"": ""flat""}","{""arg0_ndim"": 2, ""arg0_dim0"": 4096, ""arg0_dim1"": 8192, ""arg0_numel"": 33554432, ""arg0_dtype"": ""torch.float16"", ""arg0_dtype_size"": 2, ""arg0_dtype_cat"": 2, ""arg1_ndim"": 1, ""arg1_dim0"": 8192, ""arg1_numel"": 8192, ""arg1_dtype"": ""torch.float16"", ""arg1_dtype_size"": 2, ""arg1_dtype_cat"": 2, ""arg2_ndim"": 1, ""arg2_dim0"": 8192, ""arg2_numel"": 8192, ""arg2_dtype"": ""torch.float16"", ""arg2_dtype_size"": 2, ""arg2_dtype_cat"": 2}",0.034912001341581345
layer_norm,0bde25c23f20eaa6,85df12bd2fb6305f,"{""block_sizes"": [1], ""reduction_loops"": [null], ""range_unroll_factors"": [0], ""range_warp_specializes"": [null], ""range_num_stages"": [0], ""range_multi_buffers"": [null], ""range_flattens"": [null], ""load_eviction_policies"": [""first"", ""last"", ""last"", ""last"", ""first"", ""last"", ""first"", ""first""], ""num_warps"": 8, ""num_stages"": 2, ""indexing"": [""tensor_descriptor"", ""pointer"", ""tensor_descriptor"", ""tensor_descriptor"", ""pointer"", ""tensor_descriptor"", ""tensor_descriptor"", ""tensor_descriptor"", ""pointer"", ""tensor_descriptor""], ""atomic_indexing"": [], ""pid_type"": ""flat""}","{""arg0_ndim"": 2, ""arg0_dim0"": 4096, ""arg0_dim1"": 8192, ""arg0_numel"": 33554432, ""arg0_dtype"": ""torch.float16"", ""arg0_dtype_size"": 2, ""arg0_dtype_cat"": 2, ""arg1_ndim"": 1, ""arg1_dim0"": 8192, ""arg1_numel"": 8192, ""arg1_dtype"": ""torch.float16"", ""arg1_dtype_size"": 2, ""arg1_dtype_cat"": 2, ""arg2_ndim"": 1, ""arg2_dim0"": 8192, ""arg2_numel"": 8192, ""arg2_dtype"": ""torch.float16"", ""arg2_dtype_size"": 2, ""arg2_dtype_cat"": 2}",0.03081599995493889
layer_norm,0bde25c23f20eaa6,2052065dbe652edb,"{""block_sizes"": [1], ""reduction_loops"": [4096], ""range_unroll_factors"": [0], ""range_warp_specializes"": [null], ""range_num_stages"": [0], ""range_multi_buffers"": [null], ""range_flattens"": [null], ""load_eviction_policies"": [""last"", """", ""first"", """", """", ""last"", """", """"], ""num_warps"": 16, ""num_stages"": 2, ""indexing"": [""pointer"", ""tensor_descriptor"", ""pointer"", ""pointer"", ""pointer"", ""tensor_descriptor"", ""pointer"", ""pointer"", ""pointer"", ""pointer""], ""atomic_indexing"": [], ""pid_type"": ""flat""}","{""arg0_ndim"": 2, ""arg0_dim0"": 4096, ""arg0_dim1"": 8192, ""arg0_numel"": 33554432, ""arg0_dtype"": ""torch.float16"", ""arg0_dtype_size"": 2, ""arg0_dtype_cat"": 2, ""arg1_ndim"": 1, ""arg1_dim0"": 8192, ""arg1_numel"": 8192, ""arg1_dtype"": ""torch.float16"", ""arg1_dtype_size"": 2, ""arg1_dtype_cat"": 2, ""arg2_ndim"": 1, ""arg2_dim0"": 8192, ""arg2_numel"": 8192, ""arg2_dtype"": ""torch.float16"", ""arg2_dtype_size"": 2, ""arg2_dtype_cat"": 2}",0.03891199827194214
layer_norm,ef2283deee96108e,178e7391546ae2da,"{""block_sizes"": [1], ""reduction_loops"": [null], ""range_unroll_factors"": [0], ""range_warp_specializes"": [null], ""range_num_stages"": [0], ""range_multi_buffers"": [null], ""range_flattens"": [null], ""load_eviction_policies"": [""first"", """", ""last"", """", ""last"", ""last"", ""last"", """"], ""num_warps"": 4, ""num_stages"": 7, ""indexing"": [""pointer"", ""pointer"", ""tensor_descriptor"", ""pointer"", ""tensor_descriptor"", ""pointer"", ""tensor_descriptor"", ""pointer"", ""pointer"", ""pointer""], ""atomic_indexing"": [], ""pid_type"": ""flat""}","{""arg0_ndim"": 2, ""arg0_dim0"": 4096, ""arg0_dim1"": 8704, ""arg0_numel"": 35651584, ""arg0_dtype"": ""torch.float16"", ""arg0_dtype_size"": 2, ""arg0_dtype_cat"": 2, ""arg1_ndim"": 1, ""arg1_dim0"": 8704, ""arg1_numel"": 8704, ""arg1_dtype"": ""torch.float16"", ""arg1_dtype_size"": 2, ""arg1_dtype_cat"": 2, ""arg2_ndim"": 1, ""arg2_dim0"": 8704, ""arg2_numel"": 8704, ""arg2_dtype"": ""torch.float16"", ""arg2_dtype_size"": 2, ""arg2_dtype_cat"": 2}",0.05939200147986412
layer_norm,ef2283deee96108e,decf2056869ee2b5,"{""block_sizes"": [1], ""reduction_loops"": [1024], ""range_unroll_factors"": [0], ""range_warp_specializes"": [null], ""range_num_stages"": [0], ""range_multi_buffers"": [null], ""range_flattens"": [null], ""load_eviction_policies"": ["""", ""last"", ""first"", """", ""last"", ""first"", ""last"", ""last""], ""num_warps"": 1, ""num_stages"": 2, ""indexing"": [""pointer"", ""tensor_descriptor"", ""pointer"", ""tensor_descriptor"", ""tensor_descriptor"", ""pointer"", ""pointer"", ""pointer"", ""tensor_descriptor"", ""pointer""], ""atomic_indexing"": [], ""pid_type"": ""flat""}","{""arg0_ndim"": 2, ""arg0_dim0"": 4096, ""arg0_dim1"": 8704, ""arg0_numel"": 35651584, ""arg0_dtype"": ""torch.float16"", ""arg0_dtype_size"": 2, ""arg0_dtype_cat"": 2, ""arg1_ndim"": 1, ""arg1_dim0"": 8704, ""arg1_numel"": 8704, ""arg1_dtype"": ""torch.float16"", ""arg1_dtype_size"": 2, ""arg1_dtype_cat"": 2, ""arg2_ndim"": 1, ""arg2_dim0"": 8704, ""arg2_numel"": 8704, ""arg2_dtype"": ""torch.float16"", ""arg2_dtype_size"": 2, ""arg2_dtype_cat"": 2}",0.04102399945259094
layer_norm,ef2283deee96108e,43acbd1ca50d4ca3,"{""block_sizes"": [1], ""reduction_loops"": [null], ""range_unroll_factors"": [0], ""range_warp_specializes"": [null], ""range_num_stages"": [0], ""range_multi_buffers"": [null], ""range_flattens"": [null], ""load_eviction_policies"": [""first"", """", """", ""first"", """", ""last"", ""first"", """"], ""num_warps"": 8, ""num_stages"": 4, ""indexing"": [""pointer"", ""tensor_descriptor"", ""pointer"", ""pointer"", ""pointer"", ""pointer"", ""tensor_descriptor"", ""pointer"", ""tensor_descriptor"", ""tensor_descriptor""], ""atomic_indexing"": [], ""pid_type"": ""flat""}","{""arg0_ndim"": 2, ""arg0_dim0"": 4096, ""arg0_dim1"": 8704, ""arg0_numel"": 35651584, ""arg0_dtype"": ""torch.float16"", ""arg0_dtype_size"": 2, ""arg0_dtype_cat"": 2, ""arg1_ndim"": 1, ""arg1_dim0"": 8704, ""arg1_numel"": 8704, ""arg1_dtype"": ""torch.float16"", ""arg1_dtype_size"": 2, ""arg1_dtype_cat"": 2, ""arg2_ndim"": 1, ""arg2_dim0"": 8704, ""arg2_numel"": 8704, ""arg2_dtype"": ""torch.float16"", ""arg2_dtype_size"": 2, ""arg2_dtype_cat"": 2}",0.05737600103020668
layer_norm,ef2283deee96108e,869c54e4b955a8c6,"{""block_sizes"": [1], ""reduction_loops"": [2048], ""range_unroll_factors"": [0], ""range_warp_specializes"": [null], ""range_num_stages"": [0], ""range_multi_buffers"": [null], ""range_flattens"": [null], ""load_eviction_policies"": [""last"", """", ""first"", """", """", ""last"", """", ""last""], ""num_warps"": 8, ""num_stages"": 4, ""indexing"": [""tensor_descriptor"", ""pointer"", ""pointer"", ""tensor_descriptor"", ""pointer"", ""tensor_descriptor"", ""pointer"", ""pointer"", ""tensor_descriptor"", ""tensor_descriptor""], ""atomic_indexing"": [], ""pid_type"": ""flat""}","{""arg0_ndim"": 2, ""arg0_dim0"": 4096, ""arg0_dim1"": 8704, ""arg0_numel"": 35651584, ""arg0_dtype"": ""torch.float16"", ""arg0_dtype_size"": 2, ""arg0_dtype_cat"": 2, ""arg1_ndim"": 1, ""arg1_dim0"": 8704, ""arg1_numel"": 8704, ""arg1_dtype"": ""torch.float16"", ""arg1_dtype_size"": 2, ""arg1_dtype_cat"": 2, ""arg2_ndim"": 1, ""arg2_dim0"": 8704, ""arg2_numel"": 8704, ""arg2_dtype"": ""torch.float16"", ""arg2_dtype_size"": 2, ""arg2_dtype_cat"": 2}",0.04089599847793579
layer_norm,ef2283deee96108e,85df12bd2fb6305f,"{""block_sizes"": [1], ""reduction_loops"": [null], ""range_unroll_factors"": [0], ""range_warp_specializes"": [null], ""range_num_stages"": [0], ""range_multi_buffers"": [null], ""range_flattens"": [null], ""load_eviction_policies"": [""first"", ""last"", ""last"", ""last"", ""first"", ""last"", ""first"", ""first""], ""num_warps"": 8, ""num_stages"": 2, ""indexing"": [""tensor_descriptor"", ""pointer"", ""tensor_descriptor"", ""tensor_descriptor"", ""pointer"", ""tensor_descriptor"", ""tensor_descriptor"", ""tensor_descriptor"", ""pointer"", ""tensor_descriptor""], ""atomic_indexing"": [], ""pid_type"": ""flat""}","{""arg0_ndim"": 2, ""arg0_dim0"": 4096, ""arg0_dim1"": 8704, ""arg0_numel"": 35651584, ""arg0_dtype"": ""torch.float16"", ""arg0_dtype_size"": 2, ""arg0_dtype_cat"": 2, ""arg1_ndim"": 1, ""arg1_dim0"": 8704, ""arg1_numel"": 8704, ""arg1_dtype"": ""torch.float16"", ""arg1_dtype_size"": 2, ""arg1_dtype_cat"": 2, ""arg2_ndim"": 1, ""arg2_dim0"": 8704, ""arg2_numel"": 8704, ""arg2_dtype"": ""torch.float16"", ""arg2_dtype_size"": 2, ""arg2_dtype_cat"": 2}",0.05206400156021118
layer_norm,ef2283deee96108e,2052065dbe652edb,"{""block_sizes"": [1], ""reduction_loops"": [4096], ""range_unroll_factors"": [0], ""range_warp_specializes"": [null], ""range_num_stages"": [0], ""range_multi_buffers"": [null], ""range_flattens"": [null], ""load_eviction_policies"": [""last"", """", ""first"", """", """", ""last"", """", """"], ""num_warps"": 16, ""num_stages"": 2, ""indexing"": [""pointer"", ""tensor_descriptor"", ""pointer"", ""pointer"", ""pointer"", ""tensor_descriptor"", ""pointer"", ""pointer"", ""pointer"", ""pointer""], ""atomic_indexing"": [], ""pid_type"": ""flat""}","{""arg0_ndim"": 2, ""arg0_dim0"": 4096, ""arg0_dim1"": 8704, ""arg0_numel"": 35651584, ""arg0_dtype"": ""torch.float16"", ""arg0_dtype_size"": 2, ""arg0_dtype_cat"": 2, ""arg1_ndim"": 1, ""arg1_dim0"": 8704, ""arg1_numel"": 8704, ""arg1_dtype"": ""torch.float16"", ""arg1_dtype_size"": 2, ""arg1_dtype_cat"": 2, ""arg2_ndim"": 1, ""arg2_dim0"": 8704, ""arg2_numel"": 8704, ""arg2_dtype"": ""torch.float16"", ""arg2_dtype_size"": 2, ""arg2_dtype_cat"": 2}",0.04713600128889084
layer_norm,dec54e82036a9150,178e7391546ae2da,"{""block_sizes"": [1], ""reduction_loops"": [null], ""range_unroll_factors"": [0], ""range_warp_specializes"": [null], ""range_num_stages"": [0], ""range_multi_buffers"": [null], ""range_flattens"": [null], ""load_eviction_policies"": [""first"", """", ""last"", """", ""last"", ""last"", ""last"", """"], ""num_warps"": 4, ""num_stages"": 7, ""indexing"": [""pointer"", ""pointer"", ""tensor_descriptor"", ""pointer"", ""tensor_descriptor"", ""pointer"", ""tensor_descriptor"", ""pointer"", ""pointer"", ""pointer""], ""atomic_indexing"": [], ""pid_type"": ""flat""}","{""arg0_ndim"": 2, ""arg0_dim0"": 4096, ""arg0_dim1"": 9216, ""arg0_numel"": 37748736, ""arg0_dtype"": ""torch.float16"", ""arg0_dtype_size"": 2, ""arg0_dtype_cat"": 2, ""arg1_ndim"": 1, ""arg1_dim0"": 9216, ""arg1_numel"": 9216, ""arg1_dtype"": ""torch.float16"", ""arg1_dtype_size"": 2, ""arg1_dtype_cat"": 2, ""arg2_ndim"": 1, ""arg2_dim0"": 9216, ""arg2_numel"": 9216, ""arg2_dtype"": ""torch.float16"", ""arg2_dtype_size"": 2, ""arg2_dtype_cat"": 2}",0.05959999933838844
layer_norm,dec54e82036a9150,decf2056869ee2b5,"{""block_sizes"": [1], ""reduction_loops"": [1024], ""range_unroll_factors"": [0], ""range_warp_specializes"": [null], ""range_num_stages"": [0], ""range_multi_buffers"": [null], ""range_flattens"": [null], ""load_eviction_policies"": ["""", ""last"", ""first"", """", ""last"", ""first"", ""last"", ""last""], ""num_warps"": 1, ""num_stages"": 2, ""indexing"": [""pointer"", ""tensor_descriptor"", ""pointer"", ""tensor_descriptor"", ""tensor_descriptor"", ""pointer"", ""pointer"", ""pointer"", ""tensor_descriptor"", ""pointer""], ""atomic_indexing"": [], ""pid_type"": ""flat""}","{""arg0_ndim"": 2, ""arg0_dim0"": 4096, ""arg0_dim1"": 9216, ""arg0_numel"": 37748736, ""arg0_dtype"": ""torch.float16"", ""arg0_dtype_size"": 2, ""arg0_dtype_cat"": 2, ""arg1_ndim"": 1, ""arg1_dim0"": 9216, ""arg1_numel"": 9216, ""arg1_dtype"": ""torch.float16"", ""arg1_dtype_size"": 2, ""arg1_dtype_cat"": 2, ""arg2_ndim"": 1, ""arg2_dim0"": 9216, ""arg2_numel"": 9216, ""arg2_dtype"": ""torch.float16"", ""arg2_dtype_size"": 2, ""arg2_dtype_cat"": 2}",0.04303999990224838
layer_norm,dec54e82036a9150,43acbd1ca50d4ca3,"{""block_sizes"": [1], ""reduction_loops"": [null], ""range_unroll_factors"": [0], ""range_warp_specializes"": [null], ""range_num_stages"": [0], ""range_multi_buffers"": [null], ""range_flattens"": [null], ""load_eviction_policies"": [""first"", """", """", ""first"", """", ""last"", ""first"", """"], ""num_warps"": 8, ""num_stages"": 4, ""indexing"": [""pointer"", ""tensor_descriptor"", ""pointer"", ""pointer"", ""pointer"", ""pointer"", ""tensor_descriptor"", ""pointer"", ""tensor_descriptor"", ""tensor_descriptor""], ""atomic_indexing"": [], ""pid_type"": ""flat""}","{""arg0_ndim"": 2, ""arg0_dim0"": 4096, ""arg0_dim1"": 9216, ""arg0_numel"": 37748736, ""arg0_dtype"": ""torch.float16"", ""arg0_dtype_size"": 2, ""arg0_dtype_cat"": 2, ""arg1_ndim"": 1, ""arg1_dim0"": 9216, ""arg1_numel"": 9216, ""arg1_dtype"": ""torch.float16"", ""arg1_dtype_size"": 2, ""arg1_dtype_cat"": 2, ""arg2_ndim"": 1, ""arg2_dim0"": 9216, ""arg2_numel"": 9216, ""arg2_dtype"": ""torch.float16"", ""arg2_dtype_size"": 2, ""arg2_dtype_cat"": 2}",0.06022400036454201
layer_norm,dec54e82036a9150,869c54e4b955a8c6,"{""block_sizes"": [1], ""reduction_loops"": [2048], ""range_unroll_factors"": [0], ""range_warp_specializes"": [null], ""range_num_stages"": [0], ""range_multi_buffers"": [null], ""range_flattens"": [null], ""load_eviction_policies"": [""last"", """", ""first"", """", """", ""last"", """", ""last""], ""num_warps"": 8, ""num_stages"": 4, ""indexing"": [""tensor_descriptor"", ""pointer"", ""pointer"", ""tensor_descriptor"", ""pointer"", ""tensor_descriptor"", ""pointer"", ""pointer"", ""tensor_descriptor"", ""tensor_descriptor""], ""atomic_indexing"": [], ""pid_type"": ""flat""}","{""arg0_ndim"": 2, ""arg0_dim0"": 4096, ""arg0_dim1"": 9216, ""arg0_numel"": 37748736, ""arg0_dtype"": ""torch.float16"", ""arg0_dtype_size"": 2, ""arg0_dtype_cat"": 2, ""arg1_ndim"": 1, ""arg1_dim0"": 9216, ""arg1_numel"": 9216, ""arg1_dtype"": ""torch.float16"", ""arg1_dtype_size"": 2, ""arg1_dtype_cat"": 2, ""arg2_ndim"": 1, ""arg2_dim0"": 9216, ""arg2_numel"": 9216, ""arg2_dtype"": ""torch.float16"", ""arg2_dtype_size"": 2, ""arg2_dtype_cat"": 2}",0.04095999896526337
layer_norm,dec54e82036a9150,85df12bd2fb6305f,"{""block_sizes"": [1], ""reduction_loops"": [null], ""range_unroll_factors"": [0], ""range_warp_specializes"": [null], ""range_num_stages"": [0], ""range_multi_buffers"": [null], ""range_flattens"": [null], ""load_eviction_policies"": [""first"", ""last"", ""last"", ""last"", ""first"", ""last"", ""first"", ""first""], ""num_warps"": 8, ""num_stages"": 2, ""indexing"": [""tensor_descriptor"", ""pointer"", ""tensor_descriptor"", ""tensor_descriptor"", ""pointer"", ""tensor_descriptor"", ""tensor_descriptor"", ""tensor_descriptor"", ""pointer"", ""tensor_descriptor""], ""atomic_indexing"": [], ""pid_type"": ""flat""}","{""arg0_ndim"": 2, ""arg0_dim0"": 4096, ""arg0_dim1"": 9216, ""arg0_numel"": 37748736, ""arg0_dtype"": ""torch.float16"", ""arg0_dtype_size"": 2, ""arg0_dtype_cat"": 2, ""arg1_ndim"": 1, ""arg1_dim0"": 9216, ""arg1_numel"": 9216, ""arg1_dtype"": ""torch.float16"", ""arg1_dtype_size"": 2, ""arg1_dtype_cat"": 2, ""arg2_ndim"": 1, ""arg2_dim0"": 9216, ""arg2_numel"": 9216, ""arg2_dtype"": ""torch.float16"", ""arg2_dtype_size"": 2, ""arg2_dtype_cat"": 2}",0.053279999643564224
layer_norm,dec54e82036a9150,2052065dbe652edb,"{""block_sizes"": [1], ""reduction_loops"": [4096], ""range_unroll_factors"": [0], ""range_warp_specializes"": [null], ""range_num_stages"": [0], ""range_multi_buffers"": [null], ""range_flattens"": [null], ""load_eviction_policies"": [""last"", """", ""first"", """", """", ""last"", """", """"], ""num_warps"": 16, ""num_stages"": 2, ""indexing"": [""pointer"", ""tensor_descriptor"", ""pointer"", ""pointer"", ""pointer"", ""tensor_descriptor"", ""pointer"", ""pointer"", ""pointer"", ""pointer""], ""atomic_indexing"": [], ""pid_type"": ""flat""}","{""arg0_ndim"": 2, ""arg0_dim0"": 4096, ""arg0_dim1"": 9216, ""arg0_numel"": 37748736, ""arg0_dtype"": ""torch.float16"", ""arg0_dtype_size"": 2, ""arg0_dtype_cat"": 2, ""arg1_ndim"": 1, ""arg1_dim0"": 9216, ""arg1_numel"": 9216, ""arg1_dtype"": ""torch.float16"", ""arg1_dtype_size"": 2, ""arg1_dtype_cat"": 2, ""arg2_ndim"": 1, ""arg2_dim0"": 9216, ""arg2_numel"": 9216, ""arg2_dtype"": ""torch.float16"", ""arg2_dtype_size"": 2, ""arg2_dtype_cat"": 2}",0.04915200173854828
layer_norm,8e3aba6f69752ae0,178e7391546ae2da,"{""block_sizes"": [1], ""reduction_loops"": [null], ""range_unroll_factors"": [0], ""range_warp_specializes"": [null], ""range_num_stages"": [0], ""range_multi_buffers"": [null], ""range_flattens"": [null], ""load_eviction_policies"": [""first"", """", ""last"", """", ""last"", ""last"", ""last"", """"], ""num_warps"": 4, ""num_stages"": 7, ""indexing"": [""pointer"", ""pointer"", ""tensor_descriptor"", ""pointer"", ""tensor_descriptor"", ""pointer"", ""tensor_descriptor"", ""pointer"", ""pointer"", ""pointer""], ""atomic_indexing"": [], ""pid_type"": ""flat""}","{""arg0_ndim"": 2, ""arg0_dim0"": 4096, ""arg0_dim1"": 9728, ""arg0_numel"": 39845888, ""arg0_dtype"": ""torch.float16"", ""arg0_dtype_size"": 2, ""arg0_dtype_cat"": 2, ""arg1_ndim"": 1, ""arg1_dim0"": 9728, ""arg1_numel"": 9728, ""arg1_dtype"": ""torch.float16"", ""arg1_dtype_size"": 2, ""arg1_dtype_cat"": 2, ""arg2_ndim"": 1, ""arg2_dim0"": 9728, ""arg2_numel"": 9728, ""arg2_dtype"": ""torch.float16"", ""arg2_dtype_size"": 2, ""arg2_dtype_cat"": 2}",0.05942400172352791
layer_norm,8e3aba6f69752ae0,decf2056869ee2b5,"{""block_sizes"": [1], ""reduction_loops"": [1024], ""range_unroll_factors"": [0], ""range_warp_specializes"": [null], ""range_num_stages"": [0], ""range_multi_buffers"": [null], ""range_flattens"": [null], ""load_eviction_policies"": ["""", ""last"", ""first"", """", ""last"", ""first"", ""last"", ""last""], ""num_warps"": 1, ""num_stages"": 2, ""indexing"": [""pointer"", ""tensor_descriptor"", ""pointer"", ""tensor_descriptor"", ""tensor_descriptor"", ""pointer"", ""pointer"", ""pointer"", ""tensor_descriptor"", ""pointer""], ""atomic_indexing"": [], ""pid_type"": ""flat""}","{""arg0_ndim"": 2, ""arg0_dim0"": 4096, ""arg0_dim1"": 9728, ""arg0_numel"": 39845888, ""arg0_dtype"": ""torch.float16"", ""arg0_dtype_size"": 2, ""arg0_dtype_cat"": 2, ""arg1_ndim"": 1, ""arg1_dim0"": 9728, ""arg1_numel"": 9728, ""arg1_dtype"": ""torch.float16"", ""arg1_dtype_size"": 2, ""arg1_dtype_cat"": 2, ""arg2_ndim"": 1, ""arg2_dim0"": 9728, ""arg2_numel"": 9728, ""arg2_dtype"": ""torch.float16"", ""arg2_dtype_size"": 2, ""arg2_dtype_cat"": 2}",0.047168001532554626
layer_norm,8e3aba6f69752ae0,43acbd1ca50d4ca3,"{""block_sizes"": [1], ""reduction_loops"": [null], ""range_unroll_factors"": [0], ""range_warp_specializes"": [null], ""range_num_stages"": [0], ""range_multi_buffers"": [null], ""range_flattens"": [null], ""load_eviction_policies"": [""first"", """", """", ""first"", """", ""last"", ""first"", """"], ""num_warps"": 8, ""num_stages"": 4, ""indexing"": [""pointer"", ""tensor_descriptor"", ""pointer"", ""pointer"", ""pointer"", ""pointer"", ""tensor_descriptor"", ""pointer"", ""tensor_descriptor"", ""tensor_descriptor""], ""atomic_indexing"": [], ""pid_type"": ""flat""}","{""arg0_ndim"": 2, ""arg0_dim0"": 4096, ""arg0_dim1"": 9728, ""arg0_numel"": 39845888, ""arg0_dtype"": ""torch.float16"", ""arg0_dtype_size"": 2, ""arg0_dtype_cat"": 2, ""arg1_ndim"": 1, ""arg1_dim0"": 9728, ""arg1_numel"": 9728, ""arg1_dtype"": ""torch.float16"", ""arg1_dtype_size"": 2, ""arg1_dtype_cat"": 2, ""arg2_ndim"": 1, ""arg2_dim0"": 9728, ""arg2_numel"": 9728, ""arg2_dtype"": ""torch.float16"", ""arg2_dtype_size"": 2, ""arg2_dtype_cat"": 2}",0.0612960010766983
layer_norm,8e3aba6f69752ae0,869c54e4b955a8c6,"{""block_sizes"": [1], ""reduction_loops"": [2048], ""range_unroll_factors"": [0], ""range_warp_specializes"": [null], ""range_num_stages"": [0], ""range_multi_buffers"": [null], ""range_flattens"": [null], ""load_eviction_policies"": [""last"", """", ""first"", """", """", ""last"", """", ""last""], ""num_warps"": 8, ""num_stages"": 4, ""indexing"": [""tensor_descriptor"", ""pointer"", ""pointer"", ""tensor_descriptor"", ""pointer"", ""tensor_descriptor"", ""pointer"", ""pointer"", ""tensor_descriptor"", ""tensor_descriptor""], ""atomic_indexing"": [], ""pid_type"": ""flat""}","{""arg0_ndim"": 2, ""arg0_dim0"": 4096, ""arg0_dim1"": 9728, ""arg0_numel"": 39845888, ""arg0_dtype"": ""torch.float16"", ""arg0_dtype_size"": 2, ""arg0_dtype_cat"": 2, ""arg1_ndim"": 1, ""arg1_dim0"": 9728, ""arg1_numel"": 9728, ""arg1_dtype"": ""torch.float16"", ""arg1_dtype_size"": 2, ""arg1_dtype_cat"": 2, ""arg2_ndim"": 1, ""arg2_dim0"": 9728, ""arg2_numel"": 9728, ""arg2_dtype"": ""torch.float16"", ""arg2_dtype_size"": 2, ""arg2_dtype_cat"": 2}",0.040991999208927155
layer_norm,8e3aba6f69752ae0,85df12bd2fb6305f,"{""block_sizes"": [1], ""reduction_loops"": [null], ""range_unroll_factors"": [0], ""range_warp_specializes"": [null], ""range_num_stages"": [0], ""range_multi_buffers"": [null], ""range_flattens"": [null], ""load_eviction_policies"": [""first"", ""last"", ""last"", ""last"", ""first"", ""last"", ""first"", ""first""], ""num_warps"": 8, ""num_stages"": 2, ""indexing"": [""tensor_descriptor"", ""pointer"", ""tensor_descriptor"", ""tensor_descriptor"", ""pointer"", ""tensor_descriptor"", ""tensor_descriptor"", ""tensor_descriptor"", ""pointer"", ""tensor_descriptor""], ""atomic_indexing"": [], ""pid_type"": ""flat""}","{""arg0_ndim"": 2, ""arg0_dim0"": 4096, ""arg0_dim1"": 9728, ""arg0_numel"": 39845888, ""arg0_dtype"": ""torch.float16"", ""arg0_dtype_size"": 2, ""arg0_dtype_cat"": 2, ""arg1_ndim"": 1, ""arg1_dim0"": 9728, ""arg1_numel"": 9728, ""arg1_dtype"": ""torch.float16"", ""arg1_dtype_size"": 2, ""arg1_dtype_cat"": 2, ""arg2_ndim"": 1, ""arg2_dim0"": 9728, ""arg2_numel"": 9728, ""arg2_dtype"": ""torch.float16"", ""arg2_dtype_size"": 2, ""arg2_dtype_cat"": 2}",0.053247999399900436
layer_norm,8e3aba6f69752ae0,2052065dbe652edb,"{""block_sizes"": [1], ""reduction_loops"": [4096], ""range_unroll_factors"": [0], ""range_warp_specializes"": [null], ""range_num_stages"": [0], ""range_multi_buffers"": [null], ""range_flattens"": [null], ""load_eviction_policies"": [""last"", """", ""first"", """", """", ""last"", """", """"], ""num_warps"": 16, ""num_stages"": 2, ""indexing"": [""pointer"", ""tensor_descriptor"", ""pointer"", ""pointer"", ""pointer"", ""tensor_descriptor"", ""pointer"", ""pointer"", ""pointer"", ""pointer""], ""atomic_indexing"": [], ""pid_type"": ""flat""}","{""arg0_ndim"": 2, ""arg0_dim0"": 4096, ""arg0_dim1"": 9728, ""arg0_numel"": 39845888, ""arg0_dtype"": ""torch.float16"", ""arg0_dtype_size"": 2, ""arg0_dtype_cat"": 2, ""arg1_ndim"": 1, ""arg1_dim0"": 9728, ""arg1_numel"": 9728, ""arg1_dtype"": ""torch.float16"", ""arg1_dtype_size"": 2, ""arg1_dtype_cat"": 2, ""arg2_ndim"": 1, ""arg2_dim0"": 9728, ""arg2_numel"": 9728, ""arg2_dtype"": ""torch.float16"", ""arg2_dtype_size"": 2, ""arg2_dtype_cat"": 2}",0.04918399825692177
layer_norm,c4d0d91483f1dc1d,178e7391546ae2da,"{""block_sizes"": [1], ""reduction_loops"": [null], ""range_unroll_factors"": [0], ""range_warp_specializes"": [null], ""range_num_stages"": [0], ""range_multi_buffers"": [null], ""range_flattens"": [null], ""load_eviction_policies"": [""first"", """", ""last"", """", ""last"", ""last"", ""last"", """"], ""num_warps"": 4, ""num_stages"": 7, ""indexing"": [""pointer"", ""pointer"", ""tensor_descriptor"", ""pointer"", ""tensor_descriptor"", ""pointer"", ""tensor_descriptor"", ""pointer"", ""pointer"", ""pointer""], ""atomic_indexing"": [], ""pid_type"": ""flat""}","{""arg0_ndim"": 2, ""arg0_dim0"": 4096, ""arg0_dim1"": 10240, ""arg0_numel"": 41943040, ""arg0_dtype"": ""torch.float16"", ""arg0_dtype_size"": 2, ""arg0_dtype_cat"": 2, ""arg1_ndim"": 1, ""arg1_dim0"": 10240, ""arg1_numel"": 10240, ""arg1_dtype"": ""torch.float16"", ""arg1_dtype_size"": 2, ""arg1_dtype_cat"": 2, ""arg2_ndim"": 1, ""arg2_dim0"": 10240, ""arg2_numel"": 10240, ""arg2_dtype"": ""torch.float16"", ""arg2_dtype_size"": 2, ""arg2_dtype_cat"": 2}",0.060447998344898224
layer_norm,c4d0d91483f1dc1d,decf2056869ee2b5,"{""block_sizes"": [1], ""reduction_loops"": [1024], ""range_unroll_factors"": [0], ""range_warp_specializes"": [null], ""range_num_stages"": [0], ""range_multi_buffers"": [null], ""range_flattens"": [null], ""load_eviction_policies"": ["""", ""last"", ""first"", """", ""last"", ""first"", ""last"", ""last""], ""num_warps"": 1, ""num_stages"": 2, ""indexing"": [""pointer"", ""tensor_descriptor"", ""pointer"", ""tensor_descriptor"", ""tensor_descriptor"", ""pointer"", ""pointer"", ""pointer"", ""tensor_descriptor"", ""pointer""], ""atomic_indexing"": [], ""pid_type"": ""flat""}","{""arg0_ndim"": 2, ""arg0_dim0"": 4096, ""arg0_dim1"": 10240, ""arg0_numel"": 41943040, ""arg0_dtype"": ""torch.float16"", ""arg0_dtype_size"": 2, ""arg0_dtype_cat"": 2, ""arg1_ndim"": 1, ""arg1_dim0"": 10240, ""arg1_numel"": 10240, ""arg1_dtype"": ""torch.float16"", ""arg1_dtype_size"": 2, ""arg1_dtype_cat"": 2, ""arg2_ndim"": 1, ""arg2_dim0"": 10240, ""arg2_numel"": 10240, ""arg2_dtype"": ""torch.float16"", ""arg2_dtype_size"": 2, ""arg2_dtype_cat"": 2}",0.04918399825692177
layer_norm,c4d0d91483f1dc1d,43acbd1ca50d4ca3,"{""block_sizes"": [1], ""reduction_loops"": [null], ""range_unroll_factors"": [0], ""range_warp_specializes"": [null], ""range_num_stages"": [0], ""range_multi_buffers"": [null], ""range_flattens"": [null], ""load_eviction_policies"": [""first"", """", """", ""first"", """", ""last"", ""first"", """"], ""num_warps"": 8, ""num_stages"": 4, ""indexing"": [""pointer"", ""tensor_descriptor"", ""pointer"", ""pointer"", ""pointer"", ""pointer"", ""tensor_descriptor"", ""pointer"", ""tensor_descriptor"", ""tensor_descriptor""], ""atomic_indexing"": [], ""pid_type"": ""flat""}","{""arg0_ndim"": 2, ""arg0_dim0"": 4096, ""arg0_dim1"": 10240, ""arg0_numel"": 41943040, ""arg0_dtype"": ""torch.float16"", ""arg0_dtype_size"": 2, ""arg0_dtype_cat"": 2, ""arg1_ndim"": 1, ""arg1_dim0"": 10240, ""arg1_numel"": 10240, ""arg1_dtype"": ""torch.float16"", ""arg1_dtype_size"": 2, ""arg1_dtype_cat"": 2, ""arg2_ndim"": 1, ""arg2_dim0"": 10240, ""arg2_numel"": 10240, ""arg2_dtype"": ""torch.float16"", ""arg2_dtype_size"": 2, ""arg2_dtype_cat"": 2}",0.061535999178886414
layer_norm,c4d0d91483f1dc1d,869c54e4b955a8c6,"{""block_sizes"": [1], ""reduction_loops"": [2048], ""range_unroll_factors"": [0], ""range_warp_specializes"": [null], ""range_num_stages"": [0], ""range_multi_buffers"": [null], ""range_flattens"": [null], ""load_eviction_policies"": [""last"", """", ""first"", """", """", ""last"", """", ""last""], ""num_warps"": 8, ""num_stages"": 4, ""indexing"": [""tensor_descriptor"", ""pointer"", ""pointer"", ""tensor_descriptor"", ""pointer"", ""tensor_descriptor"", ""pointer"", ""pointer"", ""tensor_descriptor"", ""tensor_descriptor""], ""atomic_indexing"": [], ""pid_type"": ""flat""}","{""arg0_ndim"": 2, ""arg0_dim0"": 4096, ""arg0_dim1"": 10240, ""arg0_numel"": 41943040, ""arg0_dtype"": ""torch.float16"", ""arg0_dtype_size"": 2, ""arg0_dtype_cat"": 2, ""arg1_ndim"": 1, ""arg1_dim0"": 10240, ""arg1_numel"": 10240, ""arg1_dtype"": ""torch.float16"", ""arg1_dtype_size"": 2, ""arg1_dtype_cat"": 2, ""arg2_ndim"": 1, ""arg2_dim0"": 10240, ""arg2_numel"": 10240, ""arg2_dtype"": ""torch.float16"", ""arg2_dtype_size"": 2, ""arg2_dtype_cat"": 2}",0.04287999868392944
layer_norm,c4d0d91483f1dc1d,85df12bd2fb6305f,"{""block_sizes"": [1], ""reduction_loops"": [null], ""range_unroll_factors"": [0], ""range_warp_specializes"": [null], ""range_num_stages"": [0], ""range_multi_buffers"": [null], ""range_flattens"": [null], ""load_eviction_policies"": [""first"", ""last"", ""last"", ""last"", ""first"", ""last"", ""first"", ""first""], ""num_warps"": 8, ""num_stages"": 2, ""indexing"": [""tensor_descriptor"", ""pointer"", ""tensor_descriptor"", ""tensor_descriptor"", ""pointer"", ""tensor_descriptor"", ""tensor_descriptor"", ""tensor_descriptor"", ""pointer"", ""tensor_descriptor""], ""atomic_indexing"": [], ""pid_type"": ""flat""}","{""arg0_ndim"": 2, ""arg0_dim0"": 4096, ""arg0_dim1"": 10240, ""arg0_numel"": 41943040, ""arg0_dtype"": ""torch.float16"", ""arg0_dtype_size"": 2, ""arg0_dtype_cat"": 2, ""arg1_ndim"": 1, ""arg1_dim0"": 10240, ""arg1_numel"": 10240, ""arg1_dtype"": ""torch.float16"", ""arg1_dtype_size"": 2, ""arg1_dtype_cat"": 2, ""arg2_ndim"": 1, ""arg2_dim0"": 10240, ""arg2_numel"": 10240, ""arg2_dtype"": ""torch.float16"", ""arg2_dtype_size"": 2, ""arg2_dtype_cat"": 2}",0.055296000093221664
layer_norm,c4d0d91483f1dc1d,2052065dbe652edb,"{""block_sizes"": [1], ""reduction_loops"": [4096], ""range_unroll_factors"": [0], ""range_warp_specializes"": [null], ""range_num_stages"": [0], ""range_multi_buffers"": [null], ""range_flattens"": [null], ""load_eviction_policies"": [""last"", """", ""first"", """", """", ""last"", """", """"], ""num_warps"": 16, ""num_stages"": 2, ""indexing"": [""pointer"", ""tensor_descriptor"", ""pointer"", ""pointer"", ""pointer"", ""tensor_descriptor"", ""pointer"", ""pointer"", ""pointer"", ""pointer""], ""atomic_indexing"": [], ""pid_type"": ""flat""}","{""arg0_ndim"": 2, ""arg0_dim0"": 4096, ""arg0_dim1"": 10240, ""arg0_numel"": 41943040, ""arg0_dtype"": ""torch.float16"", ""arg0_dtype_size"": 2, ""arg0_dtype_cat"": 2, ""arg1_ndim"": 1, ""arg1_dim0"": 10240, ""arg1_numel"": 10240, ""arg1_dtype"": ""torch.float16"", ""arg1_dtype_size"": 2, ""arg1_dtype_cat"": 2, ""arg2_ndim"": 1, ""arg2_dim0"": 10240, ""arg2_numel"": 10240, ""arg2_dtype"": ""torch.float16"", ""arg2_dtype_size"": 2, ""arg2_dtype_cat"": 2}",0.04918399825692177
layer_norm,ad27804e10157e21,178e7391546ae2da,"{""block_sizes"": [1], ""reduction_loops"": [null], ""range_unroll_factors"": [0], ""range_warp_specializes"": [null], ""range_num_stages"": [0], ""range_multi_buffers"": [null], ""range_flattens"": [null], ""load_eviction_policies"": [""first"", """", ""last"", """", ""last"", ""last"", ""last"", """"], ""num_warps"": 4, ""num_stages"": 7, ""indexing"": [""pointer"", ""pointer"", ""tensor_descriptor"", ""pointer"", ""tensor_descriptor"", ""pointer"", ""tensor_descriptor"", ""pointer"", ""pointer"", ""pointer""], ""atomic_indexing"": [], ""pid_type"": ""flat""}","{""arg0_ndim"": 2, ""arg0_dim0"": 4096, ""arg0_dim1"": 10752, ""arg0_numel"": 44040192, ""arg0_dtype"": ""torch.float16"", ""arg0_dtype_size"": 2, ""arg0_dtype_cat"": 2, ""arg1_ndim"": 1, ""arg1_dim0"": 10752, ""arg1_numel"": 10752, ""arg1_dtype"": ""torch.float16"", ""arg1_dtype_size"": 2, ""arg1_dtype_cat"": 2, ""arg2_ndim"": 1, ""arg2_dim0"": 10752, ""arg2_numel"": 10752, ""arg2_dtype"": ""torch.float16"", ""arg2_dtype_size"": 2, ""arg2_dtype_cat"": 2}",0.06147199869155884
layer_norm,ad27804e10157e21,decf2056869ee2b5,"{""block_sizes"": [1], ""reduction_loops"": [1024], ""range_unroll_factors"": [0], ""range_warp_specializes"": [null], ""range_num_stages"": [0], ""range_multi_buffers"": [null], ""range_flattens"": [null], ""load_eviction_policies"": ["""", ""last"", ""first"", """", ""last"", ""first"", ""last"", ""last""], ""num_warps"": 1, ""num_stages"": 2, ""indexing"": [""pointer"", ""tensor_descriptor"", ""pointer"", ""tensor_descriptor"", ""tensor_descriptor"", ""pointer"", ""pointer"", ""pointer"", ""tensor_descriptor"", ""pointer""], ""atomic_indexing"": [], ""pid_type"": ""flat""}","{""arg0_ndim"": 2, ""arg0_dim0"": 4096, ""arg0_dim1"": 10752, ""arg0_numel"": 44040192, ""arg0_dtype"": ""torch.float16"", ""arg0_dtype_size"": 2, ""arg0_dtype_cat"": 2, ""arg1_ndim"": 1, ""arg1_dim0"": 10752, ""arg1_numel"": 10752, ""arg1_dtype"": ""torch.float16"", ""arg1_dtype_size"": 2, ""arg1_dtype_cat"": 2, ""arg2_ndim"": 1, ""arg2_dim0"": 10752, ""arg2_numel"": 10752, ""arg2_dtype"": ""torch.float16"", ""arg2_dtype_size"": 2, ""arg2_dtype_cat"": 2}",0.053279999643564224
layer_norm,ad27804e10157e21,43acbd1ca50d4ca3,"{""block_sizes"": [1], ""reduction_loops"": [null], ""range_unroll_factors"": [0], ""range_warp_specializes"": [null], ""range_num_stages"": [0], ""range_multi_buffers"": [null], ""range_flattens"": [null], ""load_eviction_policies"": [""first"", """", """", ""first"", """", ""last"", ""first"", """"], ""num_warps"": 8, ""num_stages"": 4, ""indexing"": [""pointer"", ""tensor_descriptor"", ""pointer"", ""pointer"", ""pointer"", ""pointer"", ""tensor_descriptor"", ""pointer"", ""tensor_descriptor"", ""tensor_descriptor""], ""atomic_indexing"": [], ""pid_type"": ""flat""}","{""arg0_ndim"": 2, ""arg0_dim0"": 4096, ""arg0_dim1"": 10752, ""arg0_numel"": 44040192, ""arg0_dtype"": ""torch.float16"", ""arg0_dtype_size"": 2, ""arg0_dtype_cat"": 2, ""arg1_ndim"": 1, ""arg1_dim0"": 10752, ""arg1_numel"": 10752, ""arg1_dtype"": ""torch.float16"", ""arg1_dtype_size"": 2, ""arg1_dtype_cat"": 2, ""arg2_ndim"": 1, ""arg2_dim0"": 10752, ""arg2_numel"": 10752, ""arg2_dtype"": ""torch.float16"", ""arg2_dtype_size"": 2, ""arg2_dtype_cat"": 2}",0.063680000603199
layer_norm,ad27804e10157e21,869c54e4b955a8c6,"{""block_sizes"": [1], ""reduction_loops"": [2048], ""range_unroll_factors"": [0], ""range_warp_specializes"": [null], ""range_num_stages"": [0], ""range_multi_buffers"": [null], ""range_flattens"": [null], ""load_eviction_policies"": [""last"", """", ""first"", """", """", ""last"", """", ""last""], ""num_warps"": 8, ""num_stages"": 4, ""indexing"": [""tensor_descriptor"", ""pointer"", ""pointer"", ""tensor_descriptor"", ""pointer"", ""tensor_descriptor"", ""pointer"", ""pointer"", ""tensor_descriptor"", ""tensor_descriptor""], ""atomic_indexing"": [], ""pid_type"": ""flat""}","{""arg0_ndim"": 2, ""arg0_dim0"": 4096, ""arg0_dim1"": 10752, ""arg0_numel"": 44040192, ""arg0_dtype"": ""torch.float16"", ""arg0_dtype_size"": 2, ""arg0_dtype_cat"": 2, ""arg1_ndim"": 1, ""arg1_dim0"": 10752, ""arg1_numel"": 10752, ""arg1_dtype"": ""torch.float16"", ""arg1_dtype_size"": 2, ""arg1_dtype_cat"": 2, ""arg2_ndim"": 1, ""arg2_dim0"": 10752, ""arg2_numel"": 10752, ""arg2_dtype"": ""torch.float16"", ""arg2_dtype_size"": 2, ""arg2_dtype_cat"": 2}",0.04508800059556961
layer_norm,ad27804e10157e21,85df12bd2fb6305f,"{""block_sizes"": [1], ""reduction_loops"": [null], ""range_unroll_factors"": [0], ""range_warp_specializes"": [null], ""range_num_stages"": [0], ""range_multi_buffers"": [null], ""range_flattens"": [null], ""load_eviction_policies"": [""first"", ""last"", ""last"", ""last"", ""first"", ""last"", ""first"", ""first""], ""num_warps"": 8, ""num_stages"": 2, ""indexing"": [""tensor_descriptor"", ""pointer"", ""tensor_descriptor"", ""tensor_descriptor"", ""pointer"", ""tensor_descriptor"", ""tensor_descriptor"", ""tensor_descriptor"", ""pointer"", ""tensor_descriptor""], ""atomic_indexing"": [], ""pid_type"": ""flat""}","{""arg0_ndim"": 2, ""arg0_dim0"": 4096, ""arg0_dim1"": 10752, ""arg0_numel"": 44040192, ""arg0_dtype"": ""torch.float16"", ""arg0_dtype_size"": 2, ""arg0_dtype_cat"": 2, ""arg1_ndim"": 1, ""arg1_dim0"": 10752, ""arg1_numel"": 10752, ""arg1_dtype"": ""torch.float16"", ""arg1_dtype_size"": 2, ""arg1_dtype_cat"": 2, ""arg2_ndim"": 1, ""arg2_dim0"": 10752, ""arg2_numel"": 10752, ""arg2_dtype"": ""torch.float16"", ""arg2_dtype_size"": 2, ""arg2_dtype_cat"": 2}",0.055296000093221664
layer_norm,ad27804e10157e21,2052065dbe652edb,"{""block_sizes"": [1], ""reduction_loops"": [4096], ""range_unroll_factors"": [0], ""range_warp_specializes"": [null], ""range_num_stages"": [0], ""range_multi_buffers"": [null], ""range_flattens"": [null], ""load_eviction_policies"": [""last"", """", ""first"", """", """", ""last"", """", """"], ""num_warps"": 16, ""num_stages"": 2, ""indexing"": [""pointer"", ""tensor_descriptor"", ""pointer"", ""pointer"", ""pointer"", ""tensor_descriptor"", ""pointer"", ""pointer"", ""pointer"", ""pointer""], ""atomic_indexing"": [], ""pid_type"": ""flat""}","{""arg0_ndim"": 2, ""arg0_dim0"": 4096, ""arg0_dim1"": 10752, ""arg0_numel"": 44040192, ""arg0_dtype"": ""torch.float16"", ""arg0_dtype_size"": 2, ""arg0_dtype_cat"": 2, ""arg1_ndim"": 1, ""arg1_dim0"": 10752, ""arg1_numel"": 10752, ""arg1_dtype"": ""torch.float16"", ""arg1_dtype_size"": 2, ""arg1_dtype_cat"": 2, ""arg2_ndim"": 1, ""arg2_dim0"": 10752, ""arg2_numel"": 10752, ""arg2_dtype"": ""torch.float16"", ""arg2_dtype_size"": 2, ""arg2_dtype_cat"": 2}",0.049215998500585556
layer_norm,07241d6b54640dcc,178e7391546ae2da,"{""block_sizes"": [1], ""reduction_loops"": [null], ""range_unroll_factors"": [0], ""range_warp_specializes"": [null], ""range_num_stages"": [0], ""range_multi_buffers"": [null], ""range_flattens"": [null], ""load_eviction_policies"": [""first"", """", ""last"", """", ""last"", ""last"", ""last"", """"], ""num_warps"": 4, ""num_stages"": 7, ""indexing"": [""pointer"", ""pointer"", ""tensor_descriptor"", ""pointer"", ""tensor_descriptor"", ""pointer"", ""tensor_descriptor"", ""pointer"", ""pointer"", ""pointer""], ""atomic_indexing"": [], ""pid_type"": ""flat""}","{""arg0_ndim"": 2, ""arg0_dim0"": 4096, ""arg0_dim1"": 11264, ""arg0_numel"": 46137344, ""arg0_dtype"": ""torch.float16"", ""arg0_dtype_size"": 2, ""arg0_dtype_cat"": 2, ""arg1_ndim"": 1, ""arg1_dim0"": 11264, ""arg1_numel"": 11264, ""arg1_dtype"": ""torch.float16"", ""arg1_dtype_size"": 2, ""arg1_dtype_cat"": 2, ""arg2_ndim"": 1, ""arg2_dim0"": 11264, ""arg2_numel"": 11264, ""arg2_dtype"": ""torch.float16"", ""arg2_dtype_size"": 2, ""arg2_dtype_cat"": 2}",0.06147199869155884
layer_norm,07241d6b54640dcc,decf2056869ee2b5,"{""block_sizes"": [1], ""reduction_loops"": [1024], ""range_unroll_factors"": [0], ""range_warp_specializes"": [null], ""range_num_stages"": [0], ""range_multi_buffers"": [null], ""range_flattens"": [null], ""load_eviction_policies"": ["""", ""last"", ""first"", """", ""last"", ""first"", ""last"", ""last""], ""num_warps"": 1, ""num_stages"": 2, ""indexing"": [""pointer"", ""tensor_descriptor"", ""pointer"", ""tensor_descriptor"", ""tensor_descriptor"", ""pointer"", ""pointer"", ""pointer"", ""tensor_descriptor"", ""pointer""], ""atomic_indexing"": [], ""pid_type"": ""flat""}","{""arg0_ndim"": 2, ""arg0_dim0"": 4096, ""arg0_dim1"": 11264, ""arg0_numel"": 46137344, ""arg0_dtype"": ""torch.float16"", ""arg0_dtype_size"": 2, ""arg0_dtype_cat"": 2, ""arg1_ndim"": 1, ""arg1_dim0"": 11264, ""arg1_numel"": 11264, ""arg1_dtype"": ""torch.float16"", ""arg1_dtype_size"": 2, ""arg1_dtype_cat"": 2, ""arg2_ndim"": 1, ""arg2_dim0"": 11264, ""arg2_numel"": 11264, ""arg2_dtype"": ""torch.float16"", ""arg2_dtype_size"": 2, ""arg2_dtype_cat"": 2}",0.05532800033688545
layer_norm,07241d6b54640dcc,43acbd1ca50d4ca3,"{""block_sizes"": [1], ""reduction_loops"": [null], ""range_unroll_factors"": [0], ""range_warp_specializes"": [null], ""range_num_stages"": [0], ""range_multi_buffers"": [null], ""range_flattens"": [null], ""load_eviction_policies"": [""first"", """", """", ""first"", """", ""last"", ""first"", """"], ""num_warps"": 8, ""num_stages"": 4, ""indexing"": [""pointer"", ""tensor_descriptor"", ""pointer"", ""pointer"", ""pointer"", ""pointer"", ""tensor_descriptor"", ""pointer"", ""tensor_descriptor"", ""tensor_descriptor""], ""atomic_indexing"": [], ""pid_type"": ""flat""}","{""arg0_ndim"": 2, ""arg0_dim0"": 4096, ""arg0_dim1"": 11264, ""arg0_numel"": 46137344, ""arg0_dtype"": ""torch.float16"", ""arg0_dtype_size"": 2, ""arg0_dtype_cat"": 2, ""arg1_ndim"": 1, ""arg1_dim0"": 11264, ""arg1_numel"": 11264, ""arg1_dtype"": ""torch.float16"", ""arg1_dtype_size"": 2, ""arg1_dtype_cat"": 2, ""arg2_ndim"": 1, ""arg2_dim0"": 11264, ""arg2_numel"": 11264, ""arg2_dtype"": ""torch.float16"", ""arg2_dtype_size"": 2, ""arg2_dtype_cat"": 2}",0.0655359998345375
layer_norm,07241d6b54640dcc,869c54e4b955a8c6,"{""block_sizes"": [1], ""reduction_loops"": [2048], ""range_unroll_factors"": [0], ""range_warp_specializes"": [null], ""range_num_stages"": [0], ""range_multi_buffers"": [null], ""range_flattens"": [null], ""load_eviction_policies"": [""last"", """", ""first"", """", """", ""last"", """", ""last""], ""num_warps"": 8, ""num_stages"": 4, ""indexing"": [""tensor_descriptor"", ""pointer"", ""pointer"", ""tensor_descriptor"", ""pointer"", ""tensor_descriptor"", ""pointer"", ""pointer"", ""tensor_descriptor"", ""tensor_descriptor""], ""atomic_indexing"": [], ""pid_type"": ""flat""}","{""arg0_ndim"": 2, ""arg0_dim0"": 4096, ""arg0_dim1"": 11264, ""arg0_numel"": 46137344, ""arg0_dtype"": ""torch.float16"", ""arg0_dtype_size"": 2, ""arg0_dtype_cat"": 2, ""arg1_ndim"": 1, ""arg1_dim0"": 11264, ""arg1_numel"": 11264, ""arg1_dtype"": ""torch.float16"", ""arg1_dtype_size"": 2, ""arg1_dtype_cat"": 2, ""arg2_ndim"": 1, ""arg2_dim0"": 11264, ""arg2_numel"": 11264, ""arg2_dtype"": ""torch.float16"", ""arg2_dtype_size"": 2, ""arg2_dtype_cat"": 2}",0.04710400104522705
layer_norm,07241d6b54640dcc,85df12bd2fb6305f,"{""block_sizes"": [1], ""reduction_loops"": [null], ""range_unroll_factors"": [0], ""range_warp_specializes"": [null], ""range_num_stages"": [0], ""range_multi_buffers"": [null], ""range_flattens"": [null], ""load_eviction_policies"": [""first"", ""last"", ""last"", ""last"", ""first"", ""last"", ""first"", ""first""], ""num_warps"": 8, ""num_stages"": 2, ""indexing"": [""tensor_descriptor"", ""pointer"", ""tensor_descriptor"", ""tensor_descriptor"", ""pointer"", ""tensor_descriptor"", ""tensor_descriptor"", ""tensor_descriptor"", ""pointer"", ""tensor_descriptor""], ""atomic_indexing"": [], ""pid_type"": ""flat""}","{""arg0_ndim"": 2, ""arg0_dim0"": 4096, ""arg0_dim1"": 11264, ""arg0_numel"": 46137344, ""arg0_dtype"": ""torch.float16"", ""arg0_dtype_size"": 2, ""arg0_dtype_cat"": 2, ""arg1_ndim"": 1, ""arg1_dim0"": 11264, ""arg1_numel"": 11264, ""arg1_dtype"": ""torch.float16"", ""arg1_dtype_size"": 2, ""arg1_dtype_cat"": 2, ""arg2_ndim"": 1, ""arg2_dim0"": 11264, ""arg2_numel"": 11264, ""arg2_dtype"": ""torch.float16"", ""arg2_dtype_size"": 2, ""arg2_dtype_cat"": 2}",0.05728000029921532
layer_norm,07241d6b54640dcc,2052065dbe652edb,"{""block_sizes"": [1], ""reduction_loops"": [4096], ""range_unroll_factors"": [0], ""range_warp_specializes"": [null], ""range_num_stages"": [0], ""range_multi_buffers"": [null], ""range_flattens"": [null], ""load_eviction_policies"": [""last"", """", ""first"", """", """", ""last"", """", """"], ""num_warps"": 16, ""num_stages"": 2, ""indexing"": [""pointer"", ""tensor_descriptor"", ""pointer"", ""pointer"", ""pointer"", ""tensor_descriptor"", ""pointer"", ""pointer"", ""pointer"", ""pointer""], ""atomic_indexing"": [], ""pid_type"": ""flat""}","{""arg0_ndim"": 2, ""arg0_dim0"": 4096, ""arg0_dim1"": 11264, ""arg0_numel"": 46137344, ""arg0_dtype"": ""torch.float16"", ""arg0_dtype_size"": 2, ""arg0_dtype_cat"": 2, ""arg1_ndim"": 1, ""arg1_dim0"": 11264, ""arg1_numel"": 11264, ""arg1_dtype"": ""torch.float16"", ""arg1_dtype_size"": 2, ""arg1_dtype_cat"": 2, ""arg2_ndim"": 1, ""arg2_dim0"": 11264, ""arg2_numel"": 11264, ""arg2_dtype"": ""torch.float16"", ""arg2_dtype_size"": 2, ""arg2_dtype_cat"": 2}",0.05119999870657921
layer_norm,f0157d91c4d8e603,178e7391546ae2da,"{""block_sizes"": [1], ""reduction_loops"": [null], ""range_unroll_factors"": [0], ""range_warp_specializes"": [null], ""range_num_stages"": [0], ""range_multi_buffers"": [null], ""range_flattens"": [null], ""load_eviction_policies"": [""first"", """", ""last"", """", ""last"", ""last"", ""last"", """"], ""num_warps"": 4, ""num_stages"": 7, ""indexing"": [""pointer"", ""pointer"", ""tensor_descriptor"", ""pointer"", ""tensor_descriptor"", ""pointer"", ""tensor_descriptor"", ""pointer"", ""pointer"", ""pointer""], ""atomic_indexing"": [], ""pid_type"": ""flat""}","{""arg0_ndim"": 2, ""arg0_dim0"": 4096, ""arg0_dim1"": 11776, ""arg0_numel"": 48234496, ""arg0_dtype"": ""torch.float16"", ""arg0_dtype_size"": 2, ""arg0_dtype_cat"": 2, ""arg1_ndim"": 1, ""arg1_dim0"": 11776, ""arg1_numel"": 11776, ""arg1_dtype"": ""torch.float16"", ""arg1_dtype_size"": 2, ""arg1_dtype_cat"": 2, ""arg2_ndim"": 1, ""arg2_dim0"": 11776, ""arg2_numel"": 11776, ""arg2_dtype"": ""torch.float16"", ""arg2_dtype_size"": 2, ""arg2_dtype_cat"": 2}",0.06758400052785873
layer_norm,f0157d91c4d8e603,decf2056869ee2b5,"{""block_sizes"": [1], ""reduction_loops"": [1024], ""range_unroll_factors"": [0], ""range_warp_specializes"": [null], ""range_num_stages"": [0], ""range_multi_buffers"": [null], ""range_flattens"": [null], ""load_eviction_policies"": ["""", ""last"", ""first"", """", ""last"", ""first"", ""last"", ""last""], ""num_warps"": 1, ""num_stages"": 2, ""indexing"": [""pointer"", ""tensor_descriptor"", ""pointer"", ""tensor_descriptor"", ""tensor_descriptor"", ""pointer"", ""pointer"", ""pointer"", ""tensor_descriptor"", ""pointer""], ""atomic_indexing"": [], ""pid_type"": ""flat""}","{""arg0_ndim"": 2, ""arg0_dim0"": 4096, ""arg0_dim1"": 11776, ""arg0_numel"": 48234496, ""arg0_dtype"": ""torch.float16"", ""arg0_dtype_size"": 2, ""arg0_dtype_cat"": 2, ""arg1_ndim"": 1, ""arg1_dim0"": 11776, ""arg1_numel"": 11776, ""arg1_dtype"": ""torch.float16"", ""arg1_dtype_size"": 2, ""arg1_dtype_cat"": 2, ""arg2_ndim"": 1, ""arg2_dim0"": 11776, ""arg2_numel"": 11776, ""arg2_dtype"": ""torch.float16"", ""arg2_dtype_size"": 2, ""arg2_dtype_cat"": 2}",0.0594559982419014
layer_norm,f0157d91c4d8e603,43acbd1ca50d4ca3,"{""block_sizes"": [1], ""reduction_loops"": [null], ""range_unroll_factors"": [0], ""range_warp_specializes"": [null], ""range_num_stages"": [0], ""range_multi_buffers"": [null], ""range_flattens"": [null], ""load_eviction_policies"": [""first"", """", """", ""first"", """", ""last"", ""first"", """"], ""num_warps"": 8, ""num_stages"": 4, ""indexing"": [""pointer"", ""tensor_descriptor"", ""pointer"", ""pointer"", ""pointer"", ""pointer"", ""tensor_descriptor"", ""pointer"", ""tensor_descriptor"", ""tensor_descriptor""], ""atomic_indexing"": [], ""pid_type"": ""flat""}","{""arg0_ndim"": 2, ""arg0_dim0"": 4096, ""arg0_dim1"": 11776, ""arg0_numel"": 48234496, ""arg0_dtype"": ""torch.float16"", ""arg0_dtype_size"": 2, ""arg0_dtype_cat"": 2, ""arg1_ndim"": 1, ""arg1_dim0"": 11776, ""arg1_numel"": 11776, ""arg1_dtype"": ""torch.float16"", ""arg1_dtype_size"": 2, ""arg1_dtype_cat"": 2, ""arg2_ndim"": 1, ""arg2_dim0"": 11776, ""arg2_numel"": 11776, ""arg2_dtype"": ""torch.float16"", ""arg2_dtype_size"": 2, ""arg2_dtype_cat"": 2}",0.06560000032186508
layer_norm,f0157d91c4d8e603,869c54e4b955a8c6,"{""block_sizes"": [1], ""reduction_loops"": [2048], ""range_unroll_factors"": [0], ""range_warp_specializes"": [null], ""range_num_stages"": [0], ""range_multi_buffers"": [null], ""range_flattens"": [null], ""load_eviction_policies"": [""last"", """", ""first"", """", """", ""last"", """", ""last""], ""num_warps"": 8, ""num_stages"": 4, ""indexing"": [""tensor_descriptor"", ""pointer"", ""pointer"", ""tensor_descriptor"", ""pointer"", ""tensor_descriptor"", ""pointer"", ""pointer"", ""tensor_descriptor"", ""tensor_descriptor""], ""atomic_indexing"": [], ""pid_type"": ""flat""}","{""arg0_ndim"": 2, ""arg0_dim0"": 4096, ""arg0_dim1"": 11776, ""arg0_numel"": 48234496, ""arg0_dtype"": ""torch.float16"", ""arg0_dtype_size"": 2, ""arg0_dtype_cat"": 2, ""arg1_ndim"": 1, ""arg1_dim0"": 11776, ""arg1_numel"": 11776, ""arg1_dtype"": ""torch.float16"", ""arg1_dtype_size"": 2, ""arg1_dtype_cat"": 2, ""arg2_ndim"": 1, ""arg2_dim0"": 11776, ""arg2_numel"": 11776, ""arg2_dtype"": ""torch.float16"", ""arg2_dtype_size"": 2, ""arg2_dtype_cat"": 2}",0.04713600128889084
layer_norm,f0157d91c4d8e603,85df12bd2fb6305f,"{""block_sizes"": [1], ""reduction_loops"": [null], ""range_unroll_factors"": [0], ""range_warp_specializes"": [null], ""range_num_stages"": [0], ""range_multi_buffers"": [null], ""range_flattens"": [null], ""load_eviction_policies"": [""first"", ""last"", ""last"", ""last"", ""first"", ""last"", ""first"", ""first""], ""num_warps"": 8, ""num_stages"": 2, ""indexing"": [""tensor_descriptor"", ""pointer"", ""tensor_descriptor"", ""tensor_descriptor"", ""pointer"", ""tensor_descriptor"", ""tensor_descriptor"", ""tensor_descriptor"", ""pointer"", ""tensor_descriptor""], ""atomic_indexing"": [], ""pid_type"": ""flat""}","{""arg0_ndim"": 2, ""arg0_dim0"": 4096, ""arg0_dim1"": 11776, ""arg0_numel"": 48234496, ""arg0_dtype"": ""torch.float16"", ""arg0_dtype_size"": 2, ""arg0_dtype_cat"": 2, ""arg1_ndim"": 1, ""arg1_dim0"": 11776, ""arg1_numel"": 11776, ""arg1_dtype"": ""torch.float16"", ""arg1_dtype_size"": 2, ""arg1_dtype_cat"": 2, ""arg2_ndim"": 1, ""arg2_dim0"": 11776, ""arg2_numel"": 11776, ""arg2_dtype"": ""torch.float16"", ""arg2_dtype_size"": 2, ""arg2_dtype_cat"": 2}",0.05612799897789955
layer_norm,f0157d91c4d8e603,2052065dbe652edb,"{""block_sizes"": [1], ""reduction_loops"": [4096], ""range_unroll_factors"": [0], ""range_warp_specializes"": [null], ""range_num_stages"": [0], ""range_multi_buffers"": [null], ""range_flattens"": [null], ""load_eviction_policies"": [""last"", """", ""first"", """", """", ""last"", """", """"], ""num_warps"": 16, ""num_stages"": 2, ""indexing"": [""pointer"", ""tensor_descriptor"", ""pointer"", ""pointer"", ""pointer"", ""tensor_descriptor"", ""pointer"", ""pointer"", ""pointer"", ""pointer""], ""atomic_indexing"": [], ""pid_type"": ""flat""}","{""arg0_ndim"": 2, ""arg0_dim0"": 4096, ""arg0_dim1"": 11776, ""arg0_numel"": 48234496, ""arg0_dtype"": ""torch.float16"", ""arg0_dtype_size"": 2, ""arg0_dtype_cat"": 2, ""arg1_ndim"": 1, ""arg1_dim0"": 11776, ""arg1_numel"": 11776, ""arg1_dtype"": ""torch.float16"", ""arg1_dtype_size"": 2, ""arg1_dtype_cat"": 2, ""arg2_ndim"": 1, ""arg2_dim0"": 11776, ""arg2_numel"": 11776, ""arg2_dtype"": ""torch.float16"", ""arg2_dtype_size"": 2, ""arg2_dtype_cat"": 2}",0.05119999870657921
layer_norm,0b4105cfbc1ae281,178e7391546ae2da,"{""block_sizes"": [1], ""reduction_loops"": [null], ""range_unroll_factors"": [0], ""range_warp_specializes"": [null], ""range_num_stages"": [0], ""range_multi_buffers"": [null], ""range_flattens"": [null], ""load_eviction_policies"": [""first"", """", ""last"", """", ""last"", ""last"", ""last"", """"], ""num_warps"": 4, ""num_stages"": 7, ""indexing"": [""pointer"", ""pointer"", ""tensor_descriptor"", ""pointer"", ""tensor_descriptor"", ""pointer"", ""tensor_descriptor"", ""pointer"", ""pointer"", ""pointer""], ""atomic_indexing"": [], ""pid_type"": ""flat""}","{""arg0_ndim"": 2, ""arg0_dim0"": 4096, ""arg0_dim1"": 12288, ""arg0_numel"": 50331648, ""arg0_dtype"": ""torch.float16"", ""arg0_dtype_size"": 2, ""arg0_dtype_cat"": 2, ""arg1_ndim"": 1, ""arg1_dim0"": 12288, ""arg1_numel"": 12288, ""arg1_dtype"": ""torch.float16"", ""arg1_dtype_size"": 2, ""arg1_dtype_cat"": 2, ""arg2_ndim"": 1, ""arg2_dim0"": 12288, ""arg2_numel"": 12288, ""arg2_dtype"": ""torch.float16"", ""arg2_dtype_size"": 2, ""arg2_dtype_cat"": 2}",0.06963200122117996
layer_norm,0b4105cfbc1ae281,decf2056869ee2b5,"{""block_sizes"": [1], ""reduction_loops"": [1024], ""range_unroll_factors"": [0], ""range_warp_specializes"": [null], ""range_num_stages"": [0], ""range_multi_buffers"": [null], ""range_flattens"": [null], ""load_eviction_policies"": ["""", ""last"", ""first"", """", ""last"", ""first"", ""last"", ""last""], ""num_warps"": 1, ""num_stages"": 2, ""indexing"": [""pointer"", ""tensor_descriptor"", ""pointer"", ""tensor_descriptor"", ""tensor_descriptor"", ""pointer"", ""pointer"", ""pointer"", ""tensor_descriptor"", ""pointer""], ""atomic_indexing"": [], ""pid_type"": ""flat""}","{""arg0_ndim"": 2, ""arg0_dim0"": 4096, ""arg0_dim1"": 12288, ""arg0_numel"": 50331648, ""arg0_dtype"": ""torch.float16"", ""arg0_dtype_size"": 2, ""arg0_dtype_cat"": 2, ""arg1_ndim"": 1, ""arg1_dim0"": 12288, ""arg1_numel"": 12288, ""arg1_dtype"": ""torch.float16"", ""arg1_dtype_size"": 2, ""arg1_dtype_cat"": 2, ""arg2_ndim"": 1, ""arg2_dim0"": 12288, ""arg2_numel"": 12288, ""arg2_dtype"": ""torch.float16"", ""arg2_dtype_size"": 2, ""arg2_dtype_cat"": 2}",0.06147199869155884
layer_norm,0b4105cfbc1ae281,43acbd1ca50d4ca3,"{""block_sizes"": [1], ""reduction_loops"": [null], ""range_unroll_factors"": [0], ""range_warp_specializes"": [null], ""range_num_stages"": [0], ""range_multi_buffers"": [null], ""range_flattens"": [null], ""load_eviction_policies"": [""first"", """", """", ""first"", """", ""last"", ""first"", """"], ""num_warps"": 8, ""num_stages"": 4, ""indexing"": [""pointer"", ""tensor_descriptor"", ""pointer"", ""pointer"", ""pointer"", ""pointer"", ""tensor_descriptor"", ""pointer"", ""tensor_descriptor"", ""tensor_descriptor""], ""atomic_indexing"": [], ""pid_type"": ""flat""}","{""arg0_ndim"": 2, ""arg0_dim0"": 4096, ""arg0_dim1"": 12288, ""arg0_numel"": 50331648, ""arg0_dtype"": ""torch.float16"", ""arg0_dtype_size"": 2, ""arg0_dtype_cat"": 2, ""arg1_ndim"": 1, ""arg1_dim0"": 12288, ""arg1_numel"": 12288, ""arg1_dtype"": ""torch.float16"", ""arg1_dtype_size"": 2, ""arg1_dtype_cat"": 2, ""arg2_ndim"": 1, ""arg2_dim0"": 12288, ""arg2_numel"": 12288, ""arg2_dtype"": ""torch.float16"", ""arg2_dtype_size"": 2, ""arg2_dtype_cat"": 2}",0.06761600077152252
layer_norm,0b4105cfbc1ae281,869c54e4b955a8c6,"{""block_sizes"": [1], ""reduction_loops"": [2048], ""range_unroll_factors"": [0], ""range_warp_specializes"": [null], ""range_num_stages"": [0], ""range_multi_buffers"": [null], ""range_flattens"": [null], ""load_eviction_policies"": [""last"", """", ""first"", """", """", ""last"", """", ""last""], ""num_warps"": 8, ""num_stages"": 4, ""indexing"": [""tensor_descriptor"", ""pointer"", ""pointer"", ""tensor_descriptor"", ""pointer"", ""tensor_descriptor"", ""pointer"", ""pointer"", ""tensor_descriptor"", ""tensor_descriptor""], ""atomic_indexing"": [], ""pid_type"": ""flat""}","{""arg0_ndim"": 2, ""arg0_dim0"": 4096, ""arg0_dim1"": 12288, ""arg0_numel"": 50331648, ""arg0_dtype"": ""torch.float16"", ""arg0_dtype_size"": 2, ""arg0_dtype_cat"": 2, ""arg1_ndim"": 1, ""arg1_dim0"": 12288, ""arg1_numel"": 12288, ""arg1_dtype"": ""torch.float16"", ""arg1_dtype_size"": 2, ""arg1_dtype_cat"": 2, ""arg2_ndim"": 1, ""arg2_dim0"": 12288, ""arg2_numel"": 12288, ""arg2_dtype"": ""torch.float16"", ""arg2_dtype_size"": 2, ""arg2_dtype_cat"": 2}",0.04713600128889084
layer_norm,0b4105cfbc1ae281,85df12bd2fb6305f,"{""block_sizes"": [1], ""reduction_loops"": [null], ""range_unroll_factors"": [0], ""range_warp_specializes"": [null], ""range_num_stages"": [0], ""range_multi_buffers"": [null], ""range_flattens"": [null], ""load_eviction_policies"": [""first"", ""last"", ""last"", ""last"", ""first"", ""last"", ""first"", ""first""], ""num_warps"": 8, ""num_stages"": 2, ""indexing"": [""tensor_descriptor"", ""pointer"", ""tensor_descriptor"", ""tensor_descriptor"", ""pointer"", ""tensor_descriptor"", ""tensor_descriptor"", ""tensor_descriptor"", ""pointer"", ""tensor_descriptor""], ""atomic_indexing"": [], ""pid_type"": ""flat""}","{""arg0_ndim"": 2, ""arg0_dim0"": 4096, ""arg0_dim1"": 12288, ""arg0_numel"": 50331648, ""arg0_dtype"": ""torch.float16"", ""arg0_dtype_size"": 2, ""arg0_dtype_cat"": 2, ""arg1_ndim"": 1, ""arg1_dim0"": 12288, ""arg1_numel"": 12288, ""arg1_dtype"": ""torch.float16"", ""arg1_dtype_size"": 2, ""arg1_dtype_cat"": 2, ""arg2_ndim"": 1, ""arg2_dim0"": 12288, ""arg2_numel"": 12288, ""arg2_dtype"": ""torch.float16"", ""arg2_dtype_size"": 2, ""arg2_dtype_cat"": 2}",0.05737600103020668
layer_norm,0b4105cfbc1ae281,2052065dbe652edb,"{""block_sizes"": [1], ""reduction_loops"": [4096], ""range_unroll_factors"": [0], ""range_warp_specializes"": [null], ""range_num_stages"": [0], ""range_multi_buffers"": [null], ""range_flattens"": [null], ""load_eviction_policies"": [""last"", """", ""first"", """", """", ""last"", """", """"], ""num_warps"": 16, ""num_stages"": 2, ""indexing"": [""pointer"", ""tensor_descriptor"", ""pointer"", ""pointer"", ""pointer"", ""tensor_descriptor"", ""pointer"", ""pointer"", ""pointer"", ""pointer""], ""atomic_indexing"": [], ""pid_type"": ""flat""}","{""arg0_ndim"": 2, ""arg0_dim0"": 4096, ""arg0_dim1"": 12288, ""arg0_numel"": 50331648, ""arg0_dtype"": ""torch.float16"", ""arg0_dtype_size"": 2, ""arg0_dtype_cat"": 2, ""arg1_ndim"": 1, ""arg1_dim0"": 12288, ""arg1_numel"": 12288, ""arg1_dtype"": ""torch.float16"", ""arg1_dtype_size"": 2, ""arg1_dtype_cat"": 2, ""arg2_ndim"": 1, ""arg2_dim0"": 12288, ""arg2_numel"": 12288, ""arg2_dtype"": ""torch.float16"", ""arg2_dtype_size"": 2, ""arg2_dtype_cat"": 2}",0.051231998950242996
layer_norm,ea47724b21ecd6e0,178e7391546ae2da,"{""block_sizes"": [1], ""reduction_loops"": [null], ""range_unroll_factors"": [0], ""range_warp_specializes"": [null], ""range_num_stages"": [0], ""range_multi_buffers"": [null], ""range_flattens"": [null], ""load_eviction_policies"": [""first"", """", ""last"", """", ""last"", ""last"", ""last"", """"], ""num_warps"": 4, ""num_stages"": 7, ""indexing"": [""pointer"", ""pointer"", ""tensor_descriptor"", ""pointer"", ""tensor_descriptor"", ""pointer"", ""tensor_descriptor"", ""pointer"", ""pointer"", ""pointer""], ""atomic_indexing"": [], ""pid_type"": ""flat""}","{""arg0_ndim"": 2, ""arg0_dim0"": 4096, ""arg0_dim1"": 12800, ""arg0_numel"": 52428800, ""arg0_dtype"": ""torch.float16"", ""arg0_dtype_size"": 2, ""arg0_dtype_cat"": 2, ""arg1_ndim"": 1, ""arg1_dim0"": 12800, ""arg1_numel"": 12800, ""arg1_dtype"": ""torch.float16"", ""arg1_dtype_size"": 2, ""arg1_dtype_cat"": 2, ""arg2_ndim"": 1, ""arg2_dim0"": 12800, ""arg2_numel"": 12800, ""arg2_dtype"": ""torch.float16"", ""arg2_dtype_size"": 2, ""arg2_dtype_cat"": 2}",0.07168000191450119
layer_norm,ea47724b21ecd6e0,decf2056869ee2b5,"{""block_sizes"": [1], ""reduction_loops"": [1024], ""range_unroll_factors"": [0], ""range_warp_specializes"": [null], ""range_num_stages"": [0], ""range_multi_buffers"": [null], ""range_flattens"": [null], ""load_eviction_policies"": ["""", ""last"", ""first"", """", ""last"", ""first"", ""last"", ""last""], ""num_warps"": 1, ""num_stages"": 2, ""indexing"": [""pointer"", ""tensor_descriptor"", ""pointer"", ""tensor_descriptor"", ""tensor_descriptor"", ""pointer"", ""pointer"", ""pointer"", ""tensor_descriptor"", ""pointer""], ""atomic_indexing"": [], ""pid_type"": ""flat""}","{""arg0_ndim"": 2, ""arg0_dim0"": 4096, ""arg0_dim1"": 12800, ""arg0_numel"": 52428800, ""arg0_dtype"": ""torch.float16"", ""arg0_dtype_size"": 2, ""arg0_dtype_cat"": 2, ""arg1_ndim"": 1, ""arg1_dim0"": 12800, ""arg1_numel"": 12800, ""arg1_dtype"": ""torch.float16"", ""arg1_dtype_size"": 2, ""arg1_dtype_cat"": 2, ""arg2_ndim"": 1, ""arg2_dim0"": 12800, ""arg2_numel"": 12800, ""arg2_dtype"": ""torch.float16"", ""arg2_dtype_size"": 2, ""arg2_dtype_cat"": 2}",0.0655680000782013
layer_norm,ea47724b21ecd6e0,43acbd1ca50d4ca3,"{""block_sizes"": [1], ""reduction_loops"": [null], ""range_unroll_factors"": [0], ""range_warp_specializes"": [null], ""range_num_stages"": [0], ""range_multi_buffers"": [null], ""range_flattens"": [null], ""load_eviction_policies"": [""first"", """", """", ""first"", """", ""last"", ""first"", """"], ""num_warps"": 8, ""num_stages"": 4, ""indexing"": [""pointer"", ""tensor_descriptor"", ""pointer"", ""pointer"", ""pointer"", ""pointer"", ""tensor_descriptor"", ""pointer"", ""tensor_descriptor"", ""tensor_descriptor""], ""atomic_indexing"": [], ""pid_type"": ""flat""}","{""arg0_ndim"": 2, ""arg0_dim0"": 4096, ""arg0_dim1"": 12800, ""arg0_numel"": 52428800, ""arg0_dtype"": ""torch.float16"", ""arg0_dtype_size"": 2, ""arg0_dtype_cat"": 2, ""arg1_ndim"": 1, ""arg1_dim0"": 12800, ""arg1_numel"": 12800, ""arg1_dtype"": ""torch.float16"", ""arg1_dtype_size"": 2, ""arg1_dtype_cat"": 2, ""arg2_ndim"": 1, ""arg2_dim0"": 12800, ""arg2_numel"": 12800, ""arg2_dtype"": ""torch.float16"", ""arg2_dtype_size"": 2, ""arg2_dtype_cat"": 2}",0.06963200122117996
layer_norm,ea47724b21ecd6e0,869c54e4b955a8c6,"{""block_sizes"": [1], ""reduction_loops"": [2048], ""range_unroll_factors"": [0], ""range_warp_specializes"": [null], ""range_num_stages"": [0], ""range_multi_buffers"": [null], ""range_flattens"": [null], ""load_eviction_policies"": [""last"", """", ""first"", """", """", ""last"", """", ""last""], ""num_warps"": 8, ""num_stages"": 4, ""indexing"": [""tensor_descriptor"", ""pointer"", ""pointer"", ""tensor_descriptor"", ""pointer"", ""tensor_descriptor"", ""pointer"", ""pointer"", ""tensor_descriptor"", ""tensor_descriptor""], ""atomic_indexing"": [], ""pid_type"": ""flat""}","{""arg0_ndim"": 2, ""arg0_dim0"": 4096, ""arg0_dim1"": 12800, ""arg0_numel"": 52428800, ""arg0_dtype"": ""torch.float16"", ""arg0_dtype_size"": 2, ""arg0_dtype_cat"": 2, ""arg1_ndim"": 1, ""arg1_dim0"": 12800, ""arg1_numel"": 12800, ""arg1_dtype"": ""torch.float16"", ""arg1_dtype_size"": 2, ""arg1_dtype_cat"": 2, ""arg2_ndim"": 1, ""arg2_dim0"": 12800, ""arg2_numel"": 12800, ""arg2_dtype"": ""torch.float16"", ""arg2_dtype_size"": 2, ""arg2_dtype_cat"": 2}",0.05215999856591225
layer_norm,ea47724b21ecd6e0,85df12bd2fb6305f,"{""block_sizes"": [1], ""reduction_loops"": [null], ""range_unroll_factors"": [0], ""range_warp_specializes"": [null], ""range_num_stages"": [0], ""range_multi_buffers"": [null], ""range_flattens"": [null], ""load_eviction_policies"": [""first"", ""last"", ""last"", ""last"", ""first"", ""last"", ""first"", ""first""], ""num_warps"": 8, ""num_stages"": 2, ""indexing"": [""tensor_descriptor"", ""pointer"", ""tensor_descriptor"", ""tensor_descriptor"", ""pointer"", ""tensor_descriptor"", ""tensor_descriptor"", ""tensor_descriptor"", ""pointer"", ""tensor_descriptor""], ""atomic_indexing"": [], ""pid_type"": ""flat""}","{""arg0_ndim"": 2, ""arg0_dim0"": 4096, ""arg0_dim1"": 12800, ""arg0_numel"": 52428800, ""arg0_dtype"": ""torch.float16"", ""arg0_dtype_size"": 2, ""arg0_dtype_cat"": 2, ""arg1_ndim"": 1, ""arg1_dim0"": 12800, ""arg1_numel"": 12800, ""arg1_dtype"": ""torch.float16"", ""arg1_dtype_size"": 2, ""arg1_dtype_cat"": 2, ""arg2_ndim"": 1, ""arg2_dim0"": 12800, ""arg2_numel"": 12800, ""arg2_dtype"": ""torch.float16"", ""arg2_dtype_size"": 2, ""arg2_dtype_cat"": 2}",0.05939200147986412
layer_norm,ea47724b21ecd6e0,2052065dbe652edb,"{""block_sizes"": [1], ""reduction_loops"": [4096], ""range_unroll_factors"": [0], ""range_warp_specializes"": [null], ""range_num_stages"": [0], ""range_multi_buffers"": [null], ""range_flattens"": [null], ""load_eviction_policies"": [""last"", """", ""first"", """", """", ""last"", """", """"], ""num_warps"": 16, ""num_stages"": 2, ""indexing"": [""pointer"", ""tensor_descriptor"", ""pointer"", ""pointer"", ""pointer"", ""tensor_descriptor"", ""pointer"", ""pointer"", ""pointer"", ""pointer""], ""atomic_indexing"": [], ""pid_type"": ""flat""}","{""arg0_ndim"": 2, ""arg0_dim0"": 4096, ""arg0_dim1"": 12800, ""arg0_numel"": 52428800, ""arg0_dtype"": ""torch.float16"", ""arg0_dtype_size"": 2, ""arg0_dtype_cat"": 2, ""arg1_ndim"": 1, ""arg1_dim0"": 12800, ""arg1_numel"": 12800, ""arg1_dtype"": ""torch.float16"", ""arg1_dtype_size"": 2, ""arg1_dtype_cat"": 2, ""arg2_ndim"": 1, ""arg2_dim0"": 12800, ""arg2_numel"": 12800, ""arg2_dtype"": ""torch.float16"", ""arg2_dtype_size"": 2, ""arg2_dtype_cat"": 2}",0.05939200147986412
layer_norm,119b850381ba0f25,178e7391546ae2da,"{""block_sizes"": [1], ""reduction_loops"": [null], ""range_unroll_factors"": [0], ""range_warp_specializes"": [null], ""range_num_stages"": [0], ""range_multi_buffers"": [null], ""range_flattens"": [null], ""load_eviction_policies"": [""first"", """", ""last"", """", ""last"", ""last"", ""last"", """"], ""num_warps"": 4, ""num_stages"": 7, ""indexing"": [""pointer"", ""pointer"", ""tensor_descriptor"", ""pointer"", ""tensor_descriptor"", ""pointer"", ""tensor_descriptor"", ""pointer"", ""pointer"", ""pointer""], ""atomic_indexing"": [], ""pid_type"": ""flat""}","{""arg0_ndim"": 2, ""arg0_dim0"": 4096, ""arg0_dim1"": 13312, ""arg0_numel"": 54525952, ""arg0_dtype"": ""torch.float16"", ""arg0_dtype_size"": 2, ""arg0_dtype_cat"": 2, ""arg1_ndim"": 1, ""arg1_dim0"": 13312, ""arg1_numel"": 13312, ""arg1_dtype"": ""torch.float16"", ""arg1_dtype_size"": 2, ""arg1_dtype_cat"": 2, ""arg2_ndim"": 1, ""arg2_dim0"": 13312, ""arg2_numel"": 13312, ""arg2_dtype"": ""torch.float16"", ""arg2_dtype_size"": 2, ""arg2_dtype_cat"": 2}",0.07177600264549255
layer_norm,119b850381ba0f25,decf2056869ee2b5,"{""block_sizes"": [1], ""reduction_loops"": [1024], ""range_unroll_factors"": [0], ""range_warp_specializes"": [null], ""range_num_stages"": [0], ""range_multi_buffers"": [null], ""range_flattens"": [null], ""load_eviction_policies"": ["""", ""last"", ""first"", """", ""last"", ""first"", ""last"", ""last""], ""num_warps"": 1, ""num_stages"": 2, ""indexing"": [""pointer"", ""tensor_descriptor"", ""pointer"", ""tensor_descriptor"", ""tensor_descriptor"", ""pointer"", ""pointer"", ""pointer"", ""tensor_descriptor"", ""pointer""], ""atomic_indexing"": [], ""pid_type"": ""flat""}","{""arg0_ndim"": 2, ""arg0_dim0"": 4096, ""arg0_dim1"": 13312, ""arg0_numel"": 54525952, ""arg0_dtype"": ""torch.float16"", ""arg0_dtype_size"": 2, ""arg0_dtype_cat"": 2, ""arg1_ndim"": 1, ""arg1_dim0"": 13312, ""arg1_numel"": 13312, ""arg1_dtype"": ""torch.float16"", ""arg1_dtype_size"": 2, ""arg1_dtype_cat"": 2, ""arg2_ndim"": 1, ""arg2_dim0"": 13312, ""arg2_numel"": 13312, ""arg2_dtype"": ""torch.float16"", ""arg2_dtype_size"": 2, ""arg2_dtype_cat"": 2}",0.06758400052785873
layer_norm,119b850381ba0f25,43acbd1ca50d4ca3,"{""block_sizes"": [1], ""reduction_loops"": [null], ""range_unroll_factors"": [0], ""range_warp_specializes"": [null], ""range_num_stages"": [0], ""range_multi_buffers"": [null], ""range_flattens"": [null], ""load_eviction_policies"": [""first"", """", """", ""first"", """", ""last"", ""first"", """"], ""num_warps"": 8, ""num_stages"": 4, ""indexing"": [""pointer"", ""tensor_descriptor"", ""pointer"", ""pointer"", ""pointer"", ""pointer"", ""tensor_descriptor"", ""pointer"", ""tensor_descriptor"", ""tensor_descriptor""], ""atomic_indexing"": [], ""pid_type"": ""flat""}","{""arg0_ndim"": 2, ""arg0_dim0"": 4096, ""arg0_dim1"": 13312, ""arg0_numel"": 54525952, ""arg0_dtype"": ""torch.float16"", ""arg0_dtype_size"": 2, ""arg0_dtype_cat"": 2, ""arg1_ndim"": 1, ""arg1_dim0"": 13312, ""arg1_numel"": 13312, ""arg1_dtype"": ""torch.float16"", ""arg1_dtype_size"": 2, ""arg1_dtype_cat"": 2, ""arg2_ndim"": 1, ""arg2_dim0"": 13312, ""arg2_numel"": 13312, ""arg2_dtype"": ""torch.float16"", ""arg2_dtype_size"": 2, ""arg2_dtype_cat"": 2}",0.07046400010585785
layer_norm,119b850381ba0f25,869c54e4b955a8c6,"{""block_sizes"": [1], ""reduction_loops"": [2048], ""range_unroll_factors"": [0], ""range_warp_specializes"": [null], ""range_num_stages"": [0], ""range_multi_buffers"": [null], ""range_flattens"": [null], ""load_eviction_policies"": [""last"", """", ""first"", """", """", ""last"", """", ""last""], ""num_warps"": 8, ""num_stages"": 4, ""indexing"": [""tensor_descriptor"", ""pointer"", ""pointer"", ""tensor_descriptor"", ""pointer"", ""tensor_descriptor"", ""pointer"", ""pointer"", ""tensor_descriptor"", ""tensor_descriptor""], ""atomic_indexing"": [], ""pid_type"": ""flat""}","{""arg0_ndim"": 2, ""arg0_dim0"": 4096, ""arg0_dim1"": 13312, ""arg0_numel"": 54525952, ""arg0_dtype"": ""torch.float16"", ""arg0_dtype_size"": 2, ""arg0_dtype_cat"": 2, ""arg1_ndim"": 1, ""arg1_dim0"": 13312, ""arg1_numel"": 13312, ""arg1_dtype"": ""torch.float16"", ""arg1_dtype_size"": 2, ""arg1_dtype_cat"": 2, ""arg2_ndim"": 1, ""arg2_dim0"": 13312, ""arg2_numel"": 13312, ""arg2_dtype"": ""torch.float16"", ""arg2_dtype_size"": 2, ""arg2_dtype_cat"": 2}",0.053279999643564224
layer_norm,119b850381ba0f25,85df12bd2fb6305f,"{""block_sizes"": [1], ""reduction_loops"": [null], ""range_unroll_factors"": [0], ""range_warp_specializes"": [null], ""range_num_stages"": [0], ""range_multi_buffers"": [null], ""range_flattens"": [null], ""load_eviction_policies"": [""first"", ""last"", ""last"", ""last"", ""first"", ""last"", ""first"", ""first""], ""num_warps"": 8, ""num_stages"": 2, ""indexing"": [""tensor_descriptor"", ""pointer"", ""tensor_descriptor"", ""tensor_descriptor"", ""pointer"", ""tensor_descriptor"", ""tensor_descriptor"", ""tensor_descriptor"", ""pointer"", ""tensor_descriptor""], ""atomic_indexing"": [], ""pid_type"": ""flat""}","{""arg0_ndim"": 2, ""arg0_dim0"": 4096, ""arg0_dim1"": 13312, ""arg0_numel"": 54525952, ""arg0_dtype"": ""torch.float16"", ""arg0_dtype_size"": 2, ""arg0_dtype_cat"": 2, ""arg1_ndim"": 1, ""arg1_dim0"": 13312, ""arg1_numel"": 13312, ""arg1_dtype"": ""torch.float16"", ""arg1_dtype_size"": 2, ""arg1_dtype_cat"": 2, ""arg2_ndim"": 1, ""arg2_dim0"": 13312, ""arg2_numel"": 13312, ""arg2_dtype"": ""torch.float16"", ""arg2_dtype_size"": 2, ""arg2_dtype_cat"": 2}",0.0594559982419014
layer_norm,119b850381ba0f25,2052065dbe652edb,"{""block_sizes"": [1], ""reduction_loops"": [4096], ""range_unroll_factors"": [0], ""range_warp_specializes"": [null], ""range_num_stages"": [0], ""range_multi_buffers"": [null], ""range_flattens"": [null], ""load_eviction_policies"": [""last"", """", ""first"", """", """", ""last"", """", """"], ""num_warps"": 16, ""num_stages"": 2, ""indexing"": [""pointer"", ""tensor_descriptor"", ""pointer"", ""pointer"", ""pointer"", ""tensor_descriptor"", ""pointer"", ""pointer"", ""pointer"", ""pointer""], ""atomic_indexing"": [], ""pid_type"": ""flat""}","{""arg0_ndim"": 2, ""arg0_dim0"": 4096, ""arg0_dim1"": 13312, ""arg0_numel"": 54525952, ""arg0_dtype"": ""torch.float16"", ""arg0_dtype_size"": 2, ""arg0_dtype_cat"": 2, ""arg1_ndim"": 1, ""arg1_dim0"": 13312, ""arg1_numel"": 13312, ""arg1_dtype"": ""torch.float16"", ""arg1_dtype_size"": 2, ""arg1_dtype_cat"": 2, ""arg2_ndim"": 1, ""arg2_dim0"": 13312, ""arg2_numel"": 13312, ""arg2_dtype"": ""torch.float16"", ""arg2_dtype_size"": 2, ""arg2_dtype_cat"": 2}",0.05939200147986412
layer_norm,7e4a85ad4f68491a,178e7391546ae2da,"{""block_sizes"": [1], ""reduction_loops"": [null], ""range_unroll_factors"": [0], ""range_warp_specializes"": [null], ""range_num_stages"": [0], ""range_multi_buffers"": [null], ""range_flattens"": [null], ""load_eviction_policies"": [""first"", """", ""last"", """", ""last"", ""last"", ""last"", """"], ""num_warps"": 4, ""num_stages"": 7, ""indexing"": [""pointer"", ""pointer"", ""tensor_descriptor"", ""pointer"", ""tensor_descriptor"", ""pointer"", ""tensor_descriptor"", ""pointer"", ""pointer"", ""pointer""], ""atomic_indexing"": [], ""pid_type"": ""flat""}","{""arg0_ndim"": 2, ""arg0_dim0"": 4096, ""arg0_dim1"": 13824, ""arg0_numel"": 56623104, ""arg0_dtype"": ""torch.float16"", ""arg0_dtype_size"": 2, ""arg0_dtype_cat"": 2, ""arg1_ndim"": 1, ""arg1_dim0"": 13824, ""arg1_numel"": 13824, ""arg1_dtype"": ""torch.float16"", ""arg1_dtype_size"": 2, ""arg1_dtype_cat"": 2, ""arg2_ndim"": 1, ""arg2_dim0"": 13824, ""arg2_numel"": 13824, ""arg2_dtype"": ""torch.float16"", ""arg2_dtype_size"": 2, ""arg2_dtype_cat"": 2}",0.07382400333881378
layer_norm,7e4a85ad4f68491a,decf2056869ee2b5,"{""block_sizes"": [1], ""reduction_loops"": [1024], ""range_unroll_factors"": [0], ""range_warp_specializes"": [null], ""range_num_stages"": [0], ""range_multi_buffers"": [null], ""range_flattens"": [null], ""load_eviction_policies"": ["""", ""last"", ""first"", """", ""last"", ""first"", ""last"", ""last""], ""num_warps"": 1, ""num_stages"": 2, ""indexing"": [""pointer"", ""tensor_descriptor"", ""pointer"", ""tensor_descriptor"", ""tensor_descriptor"", ""pointer"", ""pointer"", ""pointer"", ""tensor_descriptor"", ""pointer""], ""atomic_indexing"": [], ""pid_type"": ""flat""}","{""arg0_ndim"": 2, ""arg0_dim0"": 4096, ""arg0_dim1"": 13824, ""arg0_numel"": 56623104, ""arg0_dtype"": ""torch.float16"", ""arg0_dtype_size"": 2, ""arg0_dtype_cat"": 2, ""arg1_ndim"": 1, ""arg1_dim0"": 13824, ""arg1_numel"": 13824, ""arg1_dtype"": ""torch.float16"", ""arg1_dtype_size"": 2, ""arg1_dtype_cat"": 2, ""arg2_ndim"": 1, ""arg2_dim0"": 13824, ""arg2_numel"": 13824, ""arg2_dtype"": ""torch.float16"", ""arg2_dtype_size"": 2, ""arg2_dtype_cat"": 2}",0.07056000083684921
layer_norm,7e4a85ad4f68491a,43acbd1ca50d4ca3,"{""block_sizes"": [1], ""reduction_loops"": [null], ""range_unroll_factors"": [0], ""range_warp_specializes"": [null], ""range_num_stages"": [0], ""range_multi_buffers"": [null], ""range_flattens"": [null], ""load_eviction_policies"": [""first"", """", """", ""first"", """", ""last"", ""first"", """"], ""num_warps"": 8, ""num_stages"": 4, ""indexing"": [""pointer"", ""tensor_descriptor"", ""pointer"", ""pointer"", ""pointer"", ""pointer"", ""tensor_descriptor"", ""pointer"", ""tensor_descriptor"", ""tensor_descriptor""], ""atomic_indexing"": [], ""pid_type"": ""flat""}","{""arg0_ndim"": 2, ""arg0_dim0"": 4096, ""arg0_dim1"": 13824, ""arg0_numel"": 56623104, ""arg0_dtype"": ""torch.float16"", ""arg0_dtype_size"": 2, ""arg0_dtype_cat"": 2, ""arg1_ndim"": 1, ""arg1_dim0"": 13824, ""arg1_numel"": 13824, ""arg1_dtype"": ""torch.float16"", ""arg1_dtype_size"": 2, ""arg1_dtype_cat"": 2, ""arg2_ndim"": 1, ""arg2_dim0"": 13824, ""arg2_numel"": 13824, ""arg2_dtype"": ""torch.float16"", ""arg2_dtype_size"": 2, ""arg2_dtype_cat"": 2}",0.07171200215816498
layer_norm,7e4a85ad4f68491a,869c54e4b955a8c6,"{""block_sizes"": [1], ""reduction_loops"": [2048], ""range_unroll_factors"": [0], ""range_warp_specializes"": [null], ""range_num_stages"": [0], ""range_multi_buffers"": [null], ""range_flattens"": [null], ""load_eviction_policies"": [""last"", """", ""first"", """", """", ""last"", """", ""last""], ""num_warps"": 8, ""num_stages"": 4, ""indexing"": [""tensor_descriptor"", ""pointer"", ""pointer"", ""tensor_descriptor"", ""pointer"", ""tensor_descriptor"", ""pointer"", ""pointer"", ""tensor_descriptor"", ""tensor_descriptor""], ""atomic_indexing"": [], ""pid_type"": ""flat""}","{""arg0_ndim"": 2, ""arg0_dim0"": 4096, ""arg0_dim1"": 13824, ""arg0_numel"": 56623104, ""arg0_dtype"": ""torch.float16"", ""arg0_dtype_size"": 2, ""arg0_dtype_cat"": 2, ""arg1_ndim"": 1, ""arg1_dim0"": 13824, ""arg1_numel"": 13824, ""arg1_dtype"": ""torch.float16"", ""arg1_dtype_size"": 2, ""arg1_dtype_cat"": 2, ""arg2_ndim"": 1, ""arg2_dim0"": 13824, ""arg2_numel"": 13824, ""arg2_dtype"": ""torch.float16"", ""arg2_dtype_size"": 2, ""arg2_dtype_cat"": 2}",0.05411199852824211
layer_norm,7e4a85ad4f68491a,85df12bd2fb6305f,"{""block_sizes"": [1], ""reduction_loops"": [null], ""range_unroll_factors"": [0], ""range_warp_specializes"": [null], ""range_num_stages"": [0], ""range_multi_buffers"": [null], ""range_flattens"": [null], ""load_eviction_policies"": [""first"", ""last"", ""last"", ""last"", ""first"", ""last"", ""first"", ""first""], ""num_warps"": 8, ""num_stages"": 2, ""indexing"": [""tensor_descriptor"", ""pointer"", ""tensor_descriptor"", ""tensor_descriptor"", ""pointer"", ""tensor_descriptor"", ""tensor_descriptor"", ""tensor_descriptor"", ""pointer"", ""tensor_descriptor""], ""atomic_indexing"": [], ""pid_type"": ""flat""}","{""arg0_ndim"": 2, ""arg0_dim0"": 4096, ""arg0_dim1"": 13824, ""arg0_numel"": 56623104, ""arg0_dtype"": ""torch.float16"", ""arg0_dtype_size"": 2, ""arg0_dtype_cat"": 2, ""arg1_ndim"": 1, ""arg1_dim0"": 13824, ""arg1_numel"": 13824, ""arg1_dtype"": ""torch.float16"", ""arg1_dtype_size"": 2, ""arg1_dtype_cat"": 2, ""arg2_ndim"": 1, ""arg2_dim0"": 13824, ""arg2_numel"": 13824, ""arg2_dtype"": ""torch.float16"", ""arg2_dtype_size"": 2, ""arg2_dtype_cat"": 2}",0.06143999844789505
layer_norm,7e4a85ad4f68491a,2052065dbe652edb,"{""block_sizes"": [1], ""reduction_loops"": [4096], ""range_unroll_factors"": [0], ""range_warp_specializes"": [null], ""range_num_stages"": [0], ""range_multi_buffers"": [null], ""range_flattens"": [null], ""load_eviction_policies"": [""last"", """", ""first"", """", """", ""last"", """", """"], ""num_warps"": 16, ""num_stages"": 2, ""indexing"": [""pointer"", ""tensor_descriptor"", ""pointer"", ""pointer"", ""pointer"", ""tensor_descriptor"", ""pointer"", ""pointer"", ""pointer"", ""pointer""], ""atomic_indexing"": [], ""pid_type"": ""flat""}","{""arg0_ndim"": 2, ""arg0_dim0"": 4096, ""arg0_dim1"": 13824, ""arg0_numel"": 56623104, ""arg0_dtype"": ""torch.float16"", ""arg0_dtype_size"": 2, ""arg0_dtype_cat"": 2, ""arg1_ndim"": 1, ""arg1_dim0"": 13824, ""arg1_numel"": 13824, ""arg1_dtype"": ""torch.float16"", ""arg1_dtype_size"": 2, ""arg1_dtype_cat"": 2, ""arg2_ndim"": 1, ""arg2_dim0"": 13824, ""arg2_numel"": 13824, ""arg2_dtype"": ""torch.float16"", ""arg2_dtype_size"": 2, ""arg2_dtype_cat"": 2}",0.05951999872922897
layer_norm,4d2c8a7a59cad299,178e7391546ae2da,"{""block_sizes"": [1], ""reduction_loops"": [null], ""range_unroll_factors"": [0], ""range_warp_specializes"": [null], ""range_num_stages"": [0], ""range_multi_buffers"": [null], ""range_flattens"": [null], ""load_eviction_policies"": [""first"", """", ""last"", """", ""last"", ""last"", ""last"", """"], ""num_warps"": 4, ""num_stages"": 7, ""indexing"": [""pointer"", ""pointer"", ""tensor_descriptor"", ""pointer"", ""tensor_descriptor"", ""pointer"", ""tensor_descriptor"", ""pointer"", ""pointer"", ""pointer""], ""atomic_indexing"": [], ""pid_type"": ""flat""}","{""arg0_ndim"": 2, ""arg0_dim0"": 4096, ""arg0_dim1"": 14336, ""arg0_numel"": 58720256, ""arg0_dtype"": ""torch.float16"", ""arg0_dtype_size"": 2, ""arg0_dtype_cat"": 2, ""arg1_ndim"": 1, ""arg1_dim0"": 14336, ""arg1_numel"": 14336, ""arg1_dtype"": ""torch.float16"", ""arg1_dtype_size"": 2, ""arg1_dtype_cat"": 2, ""arg2_ndim"": 1, ""arg2_dim0"": 14336, ""arg2_numel"": 14336, ""arg2_dtype"": ""torch.float16"", ""arg2_dtype_size"": 2, ""arg2_dtype_cat"": 2}",0.07475200295448303
layer_norm,4d2c8a7a59cad299,decf2056869ee2b5,"{""block_sizes"": [1], ""reduction_loops"": [1024], ""range_unroll_factors"": [0], ""range_warp_specializes"": [null], ""range_num_stages"": [0], ""range_multi_buffers"": [null], ""range_flattens"": [null], ""load_eviction_policies"": ["""", ""last"", ""first"", """", ""last"", ""first"", ""last"", ""last""], ""num_warps"": 1, ""num_stages"": 2, ""indexing"": [""pointer"", ""tensor_descriptor"", ""pointer"", ""tensor_descriptor"", ""tensor_descriptor"", ""pointer"", ""pointer"", ""pointer"", ""tensor_descriptor"", ""pointer""], ""atomic_indexing"": [], ""pid_type"": ""flat""}","{""arg0_ndim"": 2, ""arg0_dim0"": 4096, ""arg0_dim1"": 14336, ""arg0_numel"": 58720256, ""arg0_dtype"": ""torch.float16"", ""arg0_dtype_size"": 2, ""arg0_dtype_cat"": 2, ""arg1_ndim"": 1, ""arg1_dim0"": 14336, ""arg1_numel"": 14336, ""arg1_dtype"": ""torch.float16"", ""arg1_dtype_size"": 2, ""arg1_dtype_cat"": 2, ""arg2_ndim"": 1, ""arg2_dim0"": 14336, ""arg2_numel"": 14336, ""arg2_dtype"": ""torch.float16"", ""arg2_dtype_size"": 2, ""arg2_dtype_cat"": 2}",0.0737600028514862
layer_norm,4d2c8a7a59cad299,43acbd1ca50d4ca3,"{""block_sizes"": [1], ""reduction_loops"": [null], ""range_unroll_factors"": [0], ""range_warp_specializes"": [null], ""range_num_stages"": [0], ""range_multi_buffers"": [null], ""range_flattens"": [null], ""load_eviction_policies"": [""first"", """", """", ""first"", """", ""last"", ""first"", """"], ""num_warps"": 8, ""num_stages"": 4, ""indexing"": [""pointer"", ""tensor_descriptor"", ""pointer"", ""pointer"", ""pointer"", ""pointer"", ""tensor_descriptor"", ""pointer"", ""tensor_descriptor"", ""tensor_descriptor""], ""atomic_indexing"": [], ""pid_type"": ""flat""}","{""arg0_ndim"": 2, ""arg0_dim0"": 4096, ""arg0_dim1"": 14336, ""arg0_numel"": 58720256, ""arg0_dtype"": ""torch.float16"", ""arg0_dtype_size"": 2, ""arg0_dtype_cat"": 2, ""arg1_ndim"": 1, ""arg1_dim0"": 14336, ""arg1_numel"": 14336, ""arg1_dtype"": ""torch.float16"", ""arg1_dtype_size"": 2, ""arg1_dtype_cat"": 2, ""arg2_ndim"": 1, ""arg2_dim0"": 14336, ""arg2_numel"": 14336, ""arg2_dtype"": ""torch.float16"", ""arg2_dtype_size"": 2, ""arg2_dtype_cat"": 2}",0.07264000177383423
layer_norm,4d2c8a7a59cad299,869c54e4b955a8c6,"{""block_sizes"": [1], ""reduction_loops"": [2048], ""range_unroll_factors"": [0], ""range_warp_specializes"": [null], ""range_num_stages"": [0], ""range_multi_buffers"": [null], ""range_flattens"": [null], ""load_eviction_policies"": [""last"", """", ""first"", """", """", ""last"", """", ""last""], ""num_warps"": 8, ""num_stages"": 4, ""indexing"": [""tensor_descriptor"", ""pointer"", ""pointer"", ""tensor_descriptor"", ""pointer"", ""tensor_descriptor"", ""pointer"", ""pointer"", ""tensor_descriptor"", ""tensor_descriptor""], ""atomic_indexing"": [], ""pid_type"": ""flat""}","{""arg0_ndim"": 2, ""arg0_dim0"": 4096, ""arg0_dim1"": 14336, ""arg0_numel"": 58720256, ""arg0_dtype"": ""torch.float16"", ""arg0_dtype_size"": 2, ""arg0_dtype_cat"": 2, ""arg1_ndim"": 1, ""arg1_dim0"": 14336, ""arg1_numel"": 14336, ""arg1_dtype"": ""torch.float16"", ""arg1_dtype_size"": 2, ""arg1_dtype_cat"": 2, ""arg2_ndim"": 1, ""arg2_dim0"": 14336, ""arg2_numel"": 14336, ""arg2_dtype"": ""torch.float16"", ""arg2_dtype_size"": 2, ""arg2_dtype_cat"": 2}",0.05532800033688545
layer_norm,4d2c8a7a59cad299,85df12bd2fb6305f,"{""block_sizes"": [1], ""reduction_loops"": [null], ""range_unroll_factors"": [0], ""range_warp_specializes"": [null], ""range_num_stages"": [0], ""range_multi_buffers"": [null], ""range_flattens"": [null], ""load_eviction_policies"": [""first"", ""last"", ""last"", ""last"", ""first"", ""last"", ""first"", ""first""], ""num_warps"": 8, ""num_stages"": 2, ""indexing"": [""tensor_descriptor"", ""pointer"", ""tensor_descriptor"", ""tensor_descriptor"", ""pointer"", ""tensor_descriptor"", ""tensor_descriptor"", ""tensor_descriptor"", ""pointer"", ""tensor_descriptor""], ""atomic_indexing"": [], ""pid_type"": ""flat""}","{""arg0_ndim"": 2, ""arg0_dim0"": 4096, ""arg0_dim1"": 14336, ""arg0_numel"": 58720256, ""arg0_dtype"": ""torch.float16"", ""arg0_dtype_size"": 2, ""arg0_dtype_cat"": 2, ""arg1_ndim"": 1, ""arg1_dim0"": 14336, ""arg1_numel"": 14336, ""arg1_dtype"": ""torch.float16"", ""arg1_dtype_size"": 2, ""arg1_dtype_cat"": 2, ""arg2_ndim"": 1, ""arg2_dim0"": 14336, ""arg2_numel"": 14336, ""arg2_dtype"": ""torch.float16"", ""arg2_dtype_size"": 2, ""arg2_dtype_cat"": 2}",0.06147199869155884
layer_norm,4d2c8a7a59cad299,2052065dbe652edb,"{""block_sizes"": [1], ""reduction_loops"": [4096], ""range_unroll_factors"": [0], ""range_warp_specializes"": [null], ""range_num_stages"": [0], ""range_multi_buffers"": [null], ""range_flattens"": [null], ""load_eviction_policies"": [""last"", """", ""first"", """", """", ""last"", """", """"], ""num_warps"": 16, ""num_stages"": 2, ""indexing"": [""pointer"", ""tensor_descriptor"", ""pointer"", ""pointer"", ""pointer"", ""tensor_descriptor"", ""pointer"", ""pointer"", ""pointer"", ""pointer""], ""atomic_indexing"": [], ""pid_type"": ""flat""}","{""arg0_ndim"": 2, ""arg0_dim0"": 4096, ""arg0_dim1"": 14336, ""arg0_numel"": 58720256, ""arg0_dtype"": ""torch.float16"", ""arg0_dtype_size"": 2, ""arg0_dtype_cat"": 2, ""arg1_ndim"": 1, ""arg1_dim0"": 14336, ""arg1_numel"": 14336, ""arg1_dtype"": ""torch.float16"", ""arg1_dtype_size"": 2, ""arg1_dtype_cat"": 2, ""arg2_ndim"": 1, ""arg2_dim0"": 14336, ""arg2_numel"": 14336, ""arg2_dtype"": ""torch.float16"", ""arg2_dtype_size"": 2, ""arg2_dtype_cat"": 2}",0.059487998485565186
layer_norm,9b404ac2e9fde1a2,178e7391546ae2da,"{""block_sizes"": [1], ""reduction_loops"": [null], ""range_unroll_factors"": [0], ""range_warp_specializes"": [null], ""range_num_stages"": [0], ""range_multi_buffers"": [null], ""range_flattens"": [null], ""load_eviction_policies"": [""first"", """", ""last"", """", ""last"", ""last"", ""last"", """"], ""num_warps"": 4, ""num_stages"": 7, ""indexing"": [""pointer"", ""pointer"", ""tensor_descriptor"", ""pointer"", ""tensor_descriptor"", ""pointer"", ""tensor_descriptor"", ""pointer"", ""pointer"", ""pointer""], ""atomic_indexing"": [], ""pid_type"": ""flat""}","{""arg0_ndim"": 2, ""arg0_dim0"": 4096, ""arg0_dim1"": 14848, ""arg0_numel"": 60817408, ""arg0_dtype"": ""torch.float16"", ""arg0_dtype_size"": 2, ""arg0_dtype_cat"": 2, ""arg1_ndim"": 1, ""arg1_dim0"": 14848, ""arg1_numel"": 14848, ""arg1_dtype"": ""torch.float16"", ""arg1_dtype_size"": 2, ""arg1_dtype_cat"": 2, ""arg2_ndim"": 1, ""arg2_dim0"": 14848, ""arg2_numel"": 14848, ""arg2_dtype"": ""torch.float16"", ""arg2_dtype_size"": 2, ""arg2_dtype_cat"": 2}",0.07676800340414047
layer_norm,9b404ac2e9fde1a2,decf2056869ee2b5,"{""block_sizes"": [1], ""reduction_loops"": [1024], ""range_unroll_factors"": [0], ""range_warp_specializes"": [null], ""range_num_stages"": [0], ""range_multi_buffers"": [null], ""range_flattens"": [null], ""load_eviction_policies"": ["""", ""last"", ""first"", """", ""last"", ""first"", ""last"", ""last""], ""num_warps"": 1, ""num_stages"": 2, ""indexing"": [""pointer"", ""tensor_descriptor"", ""pointer"", ""tensor_descriptor"", ""tensor_descriptor"", ""pointer"", ""pointer"", ""pointer"", ""tensor_descriptor"", ""pointer""], ""atomic_indexing"": [], ""pid_type"": ""flat""}","{""arg0_ndim"": 2, ""arg0_dim0"": 4096, ""arg0_dim1"": 14848, ""arg0_numel"": 60817408, ""arg0_dtype"": ""torch.float16"", ""arg0_dtype_size"": 2, ""arg0_dtype_cat"": 2, ""arg1_ndim"": 1, ""arg1_dim0"": 14848, ""arg1_numel"": 14848, ""arg1_dtype"": ""torch.float16"", ""arg1_dtype_size"": 2, ""arg1_dtype_cat"": 2, ""arg2_ndim"": 1, ""arg2_dim0"": 14848, ""arg2_numel"": 14848, ""arg2_dtype"": ""torch.float16"", ""arg2_dtype_size"": 2, ""arg2_dtype_cat"": 2}",0.07648000121116638
layer_norm,9b404ac2e9fde1a2,43acbd1ca50d4ca3,"{""block_sizes"": [1], ""reduction_loops"": [null], ""range_unroll_factors"": [0], ""range_warp_specializes"": [null], ""range_num_stages"": [0], ""range_multi_buffers"": [null], ""range_flattens"": [null], ""load_eviction_policies"": [""first"", """", """", ""first"", """", ""last"", ""first"", """"], ""num_warps"": 8, ""num_stages"": 4, ""indexing"": [""pointer"", ""tensor_descriptor"", ""pointer"", ""pointer"", ""pointer"", ""pointer"", ""tensor_descriptor"", ""pointer"", ""tensor_descriptor"", ""tensor_descriptor""], ""atomic_indexing"": [], ""pid_type"": ""flat""}","{""arg0_ndim"": 2, ""arg0_dim0"": 4096, ""arg0_dim1"": 14848, ""arg0_numel"": 60817408, ""arg0_dtype"": ""torch.float16"", ""arg0_dtype_size"": 2, ""arg0_dtype_cat"": 2, ""arg1_ndim"": 1, ""arg1_dim0"": 14848, ""arg1_numel"": 14848, ""arg1_dtype"": ""torch.float16"", ""arg1_dtype_size"": 2, ""arg1_dtype_cat"": 2, ""arg2_ndim"": 1, ""arg2_dim0"": 14848, ""arg2_numel"": 14848, ""arg2_dtype"": ""torch.float16"", ""arg2_dtype_size"": 2, ""arg2_dtype_cat"": 2}",0.0737600028514862
layer_norm,9b404ac2e9fde1a2,869c54e4b955a8c6,"{""block_sizes"": [1], ""reduction_loops"": [2048], ""range_unroll_factors"": [0], ""range_warp_specializes"": [null], ""range_num_stages"": [0], ""range_multi_buffers"": [null], ""range_flattens"": [null], ""load_eviction_policies"": [""last"", """", ""first"", """", """", ""last"", """", ""last""], ""num_warps"": 8, ""num_stages"": 4, ""indexing"": [""tensor_descriptor"", ""pointer"", ""pointer"", ""tensor_descriptor"", ""pointer"", ""tensor_descriptor"", ""pointer"", ""pointer"", ""tensor_descriptor"", ""tensor_descriptor""], ""atomic_indexing"": [], ""pid_type"": ""flat""}","{""arg0_ndim"": 2, ""arg0_dim0"": 4096, ""arg0_dim1"": 14848, ""arg0_numel"": 60817408, ""arg0_dtype"": ""torch.float16"", ""arg0_dtype_size"": 2, ""arg0_dtype_cat"": 2, ""arg1_ndim"": 1, ""arg1_dim0"": 14848, ""arg1_numel"": 14848, ""arg1_dtype"": ""torch.float16"", ""arg1_dtype_size"": 2, ""arg1_dtype_cat"": 2, ""arg2_ndim"": 1, ""arg2_dim0"": 14848, ""arg2_numel"": 14848, ""arg2_dtype"": ""torch.float16"", ""arg2_dtype_size"": 2, ""arg2_dtype_cat"": 2}",0.05753599852323532
layer_norm,9b404ac2e9fde1a2,85df12bd2fb6305f,"{""block_sizes"": [1], ""reduction_loops"": [null], ""range_unroll_factors"": [0], ""range_warp_specializes"": [null], ""range_num_stages"": [0], ""range_multi_buffers"": [null], ""range_flattens"": [null], ""load_eviction_policies"": [""first"", ""last"", ""last"", ""last"", ""first"", ""last"", ""first"", ""first""], ""num_warps"": 8, ""num_stages"": 2, ""indexing"": [""tensor_descriptor"", ""pointer"", ""tensor_descriptor"", ""tensor_descriptor"", ""pointer"", ""tensor_descriptor"", ""tensor_descriptor"", ""tensor_descriptor"", ""pointer"", ""tensor_descriptor""], ""atomic_indexing"": [], ""pid_type"": ""flat""}","{""arg0_ndim"": 2, ""arg0_dim0"": 4096, ""arg0_dim1"": 14848, ""arg0_numel"": 60817408, ""arg0_dtype"": ""torch.float16"", ""arg0_dtype_size"": 2, ""arg0_dtype_cat"": 2, ""arg1_ndim"": 1, ""arg1_dim0"": 14848, ""arg1_numel"": 14848, ""arg1_dtype"": ""torch.float16"", ""arg1_dtype_size"": 2, ""arg1_dtype_cat"": 2, ""arg2_ndim"": 1, ""arg2_dim0"": 14848, ""arg2_numel"": 14848, ""arg2_dtype"": ""torch.float16"", ""arg2_dtype_size"": 2, ""arg2_dtype_cat"": 2}",0.062463998794555664
layer_norm,9b404ac2e9fde1a2,2052065dbe652edb,"{""block_sizes"": [1], ""reduction_loops"": [4096], ""range_unroll_factors"": [0], ""range_warp_specializes"": [null], ""range_num_stages"": [0], ""range_multi_buffers"": [null], ""range_flattens"": [null], ""load_eviction_policies"": [""last"", """", ""first"", """", """", ""last"", """", """"], ""num_warps"": 16, ""num_stages"": 2, ""indexing"": [""pointer"", ""tensor_descriptor"", ""pointer"", ""pointer"", ""pointer"", ""tensor_descriptor"", ""pointer"", ""pointer"", ""pointer"", ""pointer""], ""atomic_indexing"": [], ""pid_type"": ""flat""}","{""arg0_ndim"": 2, ""arg0_dim0"": 4096, ""arg0_dim1"": 14848, ""arg0_numel"": 60817408, ""arg0_dtype"": ""torch.float16"", ""arg0_dtype_size"": 2, ""arg0_dtype_cat"": 2, ""arg1_ndim"": 1, ""arg1_dim0"": 14848, ""arg1_numel"": 14848, ""arg1_dtype"": ""torch.float16"", ""arg1_dtype_size"": 2, ""arg1_dtype_cat"": 2, ""arg2_ndim"": 1, ""arg2_dim0"": 14848, ""arg2_numel"": 14848, ""arg2_dtype"": ""torch.float16"", ""arg2_dtype_size"": 2, ""arg2_dtype_cat"": 2}",0.06019200012087822
layer_norm,3829abac41f9f6a6,178e7391546ae2da,"{""block_sizes"": [1], ""reduction_loops"": [null], ""range_unroll_factors"": [0], ""range_warp_specializes"": [null], ""range_num_stages"": [0], ""range_multi_buffers"": [null], ""range_flattens"": [null], ""load_eviction_policies"": [""first"", """", ""last"", """", ""last"", ""last"", ""last"", """"], ""num_warps"": 4, ""num_stages"": 7, ""indexing"": [""pointer"", ""pointer"", ""tensor_descriptor"", ""pointer"", ""tensor_descriptor"", ""pointer"", ""tensor_descriptor"", ""pointer"", ""pointer"", ""pointer""], ""atomic_indexing"": [], ""pid_type"": ""flat""}","{""arg0_ndim"": 2, ""arg0_dim0"": 4096, ""arg0_dim1"": 15360, ""arg0_numel"": 62914560, ""arg0_dtype"": ""torch.float16"", ""arg0_dtype_size"": 2, ""arg0_dtype_cat"": 2, ""arg1_ndim"": 1, ""arg1_dim0"": 15360, ""arg1_numel"": 15360, ""arg1_dtype"": ""torch.float16"", ""arg1_dtype_size"": 2, ""arg1_dtype_cat"": 2, ""arg2_ndim"": 1, ""arg2_dim0"": 15360, ""arg2_numel"": 15360, ""arg2_dtype"": ""torch.float16"", ""arg2_dtype_size"": 2, ""arg2_dtype_cat"": 2}",0.07782399654388428
layer_norm,3829abac41f9f6a6,decf2056869ee2b5,"{""block_sizes"": [1], ""reduction_loops"": [1024], ""range_unroll_factors"": [0], ""range_warp_specializes"": [null], ""range_num_stages"": [0], ""range_multi_buffers"": [null], ""range_flattens"": [null], ""load_eviction_policies"": ["""", ""last"", ""first"", """", ""last"", ""first"", ""last"", ""last""], ""num_warps"": 1, ""num_stages"": 2, ""indexing"": [""pointer"", ""tensor_descriptor"", ""pointer"", ""tensor_descriptor"", ""tensor_descriptor"", ""pointer"", ""pointer"", ""pointer"", ""tensor_descriptor"", ""pointer""], ""atomic_indexing"": [], ""pid_type"": ""flat""}","{""arg0_ndim"": 2, ""arg0_dim0"": 4096, ""arg0_dim1"": 15360, ""arg0_numel"": 62914560, ""arg0_dtype"": ""torch.float16"", ""arg0_dtype_size"": 2, ""arg0_dtype_cat"": 2, ""arg1_ndim"": 1, ""arg1_dim0"": 15360, ""arg1_numel"": 15360, ""arg1_dtype"": ""torch.float16"", ""arg1_dtype_size"": 2, ""arg1_dtype_cat"": 2, ""arg2_ndim"": 1, ""arg2_dim0"": 15360, ""arg2_numel"": 15360, ""arg2_dtype"": ""torch.float16"", ""arg2_dtype_size"": 2, ""arg2_dtype_cat"": 2}",0.07868800312280655
layer_norm,3829abac41f9f6a6,43acbd1ca50d4ca3,"{""block_sizes"": [1], ""reduction_loops"": [null], ""range_unroll_factors"": [0], ""range_warp_specializes"": [null], ""range_num_stages"": [0], ""range_multi_buffers"": [null], ""range_flattens"": [null], ""load_eviction_policies"": [""first"", """", """", ""first"", """", ""last"", ""first"", """"], ""num_warps"": 8, ""num_stages"": 4, ""indexing"": [""pointer"", ""tensor_descriptor"", ""pointer"", ""pointer"", ""pointer"", ""pointer"", ""tensor_descriptor"", ""pointer"", ""tensor_descriptor"", ""tensor_descriptor""], ""atomic_indexing"": [], ""pid_type"": ""flat""}","{""arg0_ndim"": 2, ""arg0_dim0"": 4096, ""arg0_dim1"": 15360, ""arg0_numel"": 62914560, ""arg0_dtype"": ""torch.float16"", ""arg0_dtype_size"": 2, ""arg0_dtype_cat"": 2, ""arg1_ndim"": 1, ""arg1_dim0"": 15360, ""arg1_numel"": 15360, ""arg1_dtype"": ""torch.float16"", ""arg1_dtype_size"": 2, ""arg1_dtype_cat"": 2, ""arg2_ndim"": 1, ""arg2_dim0"": 15360, ""arg2_numel"": 15360, ""arg2_dtype"": ""torch.float16"", ""arg2_dtype_size"": 2, ""arg2_dtype_cat"": 2}",0.07577600330114365
layer_norm,3829abac41f9f6a6,869c54e4b955a8c6,"{""block_sizes"": [1], ""reduction_loops"": [2048], ""range_unroll_factors"": [0], ""range_warp_specializes"": [null], ""range_num_stages"": [0], ""range_multi_buffers"": [null], ""range_flattens"": [null], ""load_eviction_policies"": [""last"", """", ""first"", """", """", ""last"", """", ""last""], ""num_warps"": 8, ""num_stages"": 4, ""indexing"": [""tensor_descriptor"", ""pointer"", ""pointer"", ""tensor_descriptor"", ""pointer"", ""tensor_descriptor"", ""pointer"", ""pointer"", ""tensor_descriptor"", ""tensor_descriptor""], ""atomic_indexing"": [], ""pid_type"": ""flat""}","{""arg0_ndim"": 2, ""arg0_dim0"": 4096, ""arg0_dim1"": 15360, ""arg0_numel"": 62914560, ""arg0_dtype"": ""torch.float16"", ""arg0_dtype_size"": 2, ""arg0_dtype_cat"": 2, ""arg1_ndim"": 1, ""arg1_dim0"": 15360, ""arg1_numel"": 15360, ""arg1_dtype"": ""torch.float16"", ""arg1_dtype_size"": 2, ""arg1_dtype_cat"": 2, ""arg2_ndim"": 1, ""arg2_dim0"": 15360, ""arg2_numel"": 15360, ""arg2_dtype"": ""torch.float16"", ""arg2_dtype_size"": 2, ""arg2_dtype_cat"": 2}",0.05942400172352791
layer_norm,3829abac41f9f6a6,85df12bd2fb6305f,"{""block_sizes"": [1], ""reduction_loops"": [null], ""range_unroll_factors"": [0], ""range_warp_specializes"": [null], ""range_num_stages"": [0], ""range_multi_buffers"": [null], ""range_flattens"": [null], ""load_eviction_policies"": [""first"", ""last"", ""last"", ""last"", ""first"", ""last"", ""first"", ""first""], ""num_warps"": 8, ""num_stages"": 2, ""indexing"": [""tensor_descriptor"", ""pointer"", ""tensor_descriptor"", ""tensor_descriptor"", ""pointer"", ""tensor_descriptor"", ""tensor_descriptor"", ""tensor_descriptor"", ""pointer"", ""tensor_descriptor""], ""atomic_indexing"": [], ""pid_type"": ""flat""}","{""arg0_ndim"": 2, ""arg0_dim0"": 4096, ""arg0_dim1"": 15360, ""arg0_numel"": 62914560, ""arg0_dtype"": ""torch.float16"", ""arg0_dtype_size"": 2, ""arg0_dtype_cat"": 2, ""arg1_ndim"": 1, ""arg1_dim0"": 15360, ""arg1_numel"": 15360, ""arg1_dtype"": ""torch.float16"", ""arg1_dtype_size"": 2, ""arg1_dtype_cat"": 2, ""arg2_ndim"": 1, ""arg2_dim0"": 15360, ""arg2_numel"": 15360, ""arg2_dtype"": ""torch.float16"", ""arg2_dtype_size"": 2, ""arg2_dtype_cat"": 2}",0.06345599889755249
layer_norm,3829abac41f9f6a6,2052065dbe652edb,"{""block_sizes"": [1], ""reduction_loops"": [4096], ""range_unroll_factors"": [0], ""range_warp_specializes"": [null], ""range_num_stages"": [0], ""range_multi_buffers"": [null], ""range_flattens"": [null], ""load_eviction_policies"": [""last"", """", ""first"", """", """", ""last"", """", """"], ""num_warps"": 16, ""num_stages"": 2, ""indexing"": [""pointer"", ""tensor_descriptor"", ""pointer"", ""pointer"", ""pointer"", ""tensor_descriptor"", ""pointer"", ""pointer"", ""pointer"", ""pointer""], ""atomic_indexing"": [], ""pid_type"": ""flat""}","{""arg0_ndim"": 2, ""arg0_dim0"": 4096, ""arg0_dim1"": 15360, ""arg0_numel"": 62914560, ""arg0_dtype"": ""torch.float16"", ""arg0_dtype_size"": 2, ""arg0_dtype_cat"": 2, ""arg1_ndim"": 1, ""arg1_dim0"": 15360, ""arg1_numel"": 15360, ""arg1_dtype"": ""torch.float16"", ""arg1_dtype_size"": 2, ""arg1_dtype_cat"": 2, ""arg2_ndim"": 1, ""arg2_dim0"": 15360, ""arg2_numel"": 15360, ""arg2_dtype"": ""torch.float16"", ""arg2_dtype_size"": 2, ""arg2_dtype_cat"": 2}",0.06143999844789505
layer_norm,2fed4e97e39367ee,178e7391546ae2da,"{""block_sizes"": [1], ""reduction_loops"": [null], ""range_unroll_factors"": [0], ""range_warp_specializes"": [null], ""range_num_stages"": [0], ""range_multi_buffers"": [null], ""range_flattens"": [null], ""load_eviction_policies"": [""first"", """", ""last"", """", ""last"", ""last"", ""last"", """"], ""num_warps"": 4, ""num_stages"": 7, ""indexing"": [""pointer"", ""pointer"", ""tensor_descriptor"", ""pointer"", ""tensor_descriptor"", ""pointer"", ""tensor_descriptor"", ""pointer"", ""pointer"", ""pointer""], ""atomic_indexing"": [], ""pid_type"": ""flat""}","{""arg0_ndim"": 2, ""arg0_dim0"": 4096, ""arg0_dim1"": 15872, ""arg0_numel"": 65011712, ""arg0_dtype"": ""torch.float16"", ""arg0_dtype_size"": 2, ""arg0_dtype_cat"": 2, ""arg1_ndim"": 1, ""arg1_dim0"": 15872, ""arg1_numel"": 15872, ""arg1_dtype"": ""torch.float16"", ""arg1_dtype_size"": 2, ""arg1_dtype_cat"": 2, ""arg2_ndim"": 1, ""arg2_dim0"": 15872, ""arg2_numel"": 15872, ""arg2_dtype"": ""torch.float16"", ""arg2_dtype_size"": 2, ""arg2_dtype_cat"": 2}",0.0799039974808693
layer_norm,2fed4e97e39367ee,decf2056869ee2b5,"{""block_sizes"": [1], ""reduction_loops"": [1024], ""range_unroll_factors"": [0], ""range_warp_specializes"": [null], ""range_num_stages"": [0], ""range_multi_buffers"": [null], ""range_flattens"": [null], ""load_eviction_policies"": ["""", ""last"", ""first"", """", ""last"", ""first"", ""last"", ""last""], ""num_warps"": 1, ""num_stages"": 2, ""indexing"": [""pointer"", ""tensor_descriptor"", ""pointer"", ""tensor_descriptor"", ""tensor_descriptor"", ""pointer"", ""pointer"", ""pointer"", ""tensor_descriptor"", ""pointer""], ""atomic_indexing"": [], ""pid_type"": ""flat""}","{""arg0_ndim"": 2, ""arg0_dim0"": 4096, ""arg0_dim1"": 15872, ""arg0_numel"": 65011712, ""arg0_dtype"": ""torch.float16"", ""arg0_dtype_size"": 2, ""arg0_dtype_cat"": 2, ""arg1_ndim"": 1, ""arg1_dim0"": 15872, ""arg1_numel"": 15872, ""arg1_dtype"": ""torch.float16"", ""arg1_dtype_size"": 2, ""arg1_dtype_cat"": 2, ""arg2_ndim"": 1, ""arg2_dim0"": 15872, ""arg2_numel"": 15872, ""arg2_dtype"": ""torch.float16"", ""arg2_dtype_size"": 2, ""arg2_dtype_cat"": 2}",0.08195199817419052
layer_norm,2fed4e97e39367ee,43acbd1ca50d4ca3,"{""block_sizes"": [1], ""reduction_loops"": [null], ""range_unroll_factors"": [0], ""range_warp_specializes"": [null], ""range_num_stages"": [0], ""range_multi_buffers"": [null], ""range_flattens"": [null], ""load_eviction_policies"": [""first"", """", """", ""first"", """", ""last"", ""first"", """"], ""num_warps"": 8, ""num_stages"": 4, ""indexing"": [""pointer"", ""tensor_descriptor"", ""pointer"", ""pointer"", ""pointer"", ""pointer"", ""tensor_descriptor"", ""pointer"", ""tensor_descriptor"", ""tensor_descriptor""], ""atomic_indexing"": [], ""pid_type"": ""flat""}","{""arg0_ndim"": 2, ""arg0_dim0"": 4096, ""arg0_dim1"": 15872, ""arg0_numel"": 65011712, ""arg0_dtype"": ""torch.float16"", ""arg0_dtype_size"": 2, ""arg0_dtype_cat"": 2, ""arg1_ndim"": 1, ""arg1_dim0"": 15872, ""arg1_numel"": 15872, ""arg1_dtype"": ""torch.float16"", ""arg1_dtype_size"": 2, ""arg1_dtype_cat"": 2, ""arg2_ndim"": 1, ""arg2_dim0"": 15872, ""arg2_numel"": 15872, ""arg2_dtype"": ""torch.float16"", ""arg2_dtype_size"": 2, ""arg2_dtype_cat"": 2}",0.07580800354480743
layer_norm,2fed4e97e39367ee,869c54e4b955a8c6,"{""block_sizes"": [1], ""reduction_loops"": [2048], ""range_unroll_factors"": [0], ""range_warp_specializes"": [null], ""range_num_stages"": [0], ""range_multi_buffers"": [null], ""range_flattens"": [null], ""load_eviction_policies"": [""last"", """", ""first"", """", """", ""last"", """", ""last""], ""num_warps"": 8, ""num_stages"": 4, ""indexing"": [""tensor_descriptor"", ""pointer"", ""pointer"", ""tensor_descriptor"", ""pointer"", ""tensor_descriptor"", ""pointer"", ""pointer"", ""tensor_descriptor"", ""tensor_descriptor""], ""atomic_indexing"": [], ""pid_type"": ""flat""}","{""arg0_ndim"": 2, ""arg0_dim0"": 4096, ""arg0_dim1"": 15872, ""arg0_numel"": 65011712, ""arg0_dtype"": ""torch.float16"", ""arg0_dtype_size"": 2, ""arg0_dtype_cat"": 2, ""arg1_ndim"": 1, ""arg1_dim0"": 15872, ""arg1_numel"": 15872, ""arg1_dtype"": ""torch.float16"", ""arg1_dtype_size"": 2, ""arg1_dtype_cat"": 2, ""arg2_ndim"": 1, ""arg2_dim0"": 15872, ""arg2_numel"": 15872, ""arg2_dtype"": ""torch.float16"", ""arg2_dtype_size"": 2, ""arg2_dtype_cat"": 2}",0.05942400172352791
layer_norm,2fed4e97e39367ee,85df12bd2fb6305f,"{""block_sizes"": [1], ""reduction_loops"": [null], ""range_unroll_factors"": [0], ""range_warp_specializes"": [null], ""range_num_stages"": [0], ""range_multi_buffers"": [null], ""range_flattens"": [null], ""load_eviction_policies"": [""first"", ""last"", ""last"", ""last"", ""first"", ""last"", ""first"", ""first""], ""num_warps"": 8, ""num_stages"": 2, ""indexing"": [""tensor_descriptor"", ""pointer"", ""tensor_descriptor"", ""tensor_descriptor"", ""pointer"", ""tensor_descriptor"", ""tensor_descriptor"", ""tensor_descriptor"", ""pointer"", ""tensor_descriptor""], ""atomic_indexing"": [], ""pid_type"": ""flat""}","{""arg0_ndim"": 2, ""arg0_dim0"": 4096, ""arg0_dim1"": 15872, ""arg0_numel"": 65011712, ""arg0_dtype"": ""torch.float16"", ""arg0_dtype_size"": 2, ""arg0_dtype_cat"": 2, ""arg1_ndim"": 1, ""arg1_dim0"": 15872, ""arg1_numel"": 15872, ""arg1_dtype"": ""torch.float16"", ""arg1_dtype_size"": 2, ""arg1_dtype_cat"": 2, ""arg2_ndim"": 1, ""arg2_dim0"": 15872, ""arg2_numel"": 15872, ""arg2_dtype"": ""torch.float16"", ""arg2_dtype_size"": 2, ""arg2_dtype_cat"": 2}",0.06351999938488007
layer_norm,2fed4e97e39367ee,2052065dbe652edb,"{""block_sizes"": [1], ""reduction_loops"": [4096], ""range_unroll_factors"": [0], ""range_warp_specializes"": [null], ""range_num_stages"": [0], ""range_multi_buffers"": [null], ""range_flattens"": [null], ""load_eviction_policies"": [""last"", """", ""first"", """", """", ""last"", """", """"], ""num_warps"": 16, ""num_stages"": 2, ""indexing"": [""pointer"", ""tensor_descriptor"", ""pointer"", ""pointer"", ""pointer"", ""tensor_descriptor"", ""pointer"", ""pointer"", ""pointer"", ""pointer""], ""atomic_indexing"": [], ""pid_type"": ""flat""}","{""arg0_ndim"": 2, ""arg0_dim0"": 4096, ""arg0_dim1"": 15872, ""arg0_numel"": 65011712, ""arg0_dtype"": ""torch.float16"", ""arg0_dtype_size"": 2, ""arg0_dtype_cat"": 2, ""arg1_ndim"": 1, ""arg1_dim0"": 15872, ""arg1_numel"": 15872, ""arg1_dtype"": ""torch.float16"", ""arg1_dtype_size"": 2, ""arg1_dtype_cat"": 2, ""arg2_ndim"": 1, ""arg2_dim0"": 15872, ""arg2_numel"": 15872, ""arg2_dtype"": ""torch.float16"", ""arg2_dtype_size"": 2, ""arg2_dtype_cat"": 2}",0.06143999844789505
layer_norm,b17b9b5b07afe4d5,178e7391546ae2da,"{""block_sizes"": [1], ""reduction_loops"": [null], ""range_unroll_factors"": [0], ""range_warp_specializes"": [null], ""range_num_stages"": [0], ""range_multi_buffers"": [null], ""range_flattens"": [null], ""load_eviction_policies"": [""first"", """", ""last"", """", ""last"", ""last"", ""last"", """"], ""num_warps"": 4, ""num_stages"": 7, ""indexing"": [""pointer"", ""pointer"", ""tensor_descriptor"", ""pointer"", ""tensor_descriptor"", ""pointer"", ""tensor_descriptor"", ""pointer"", ""pointer"", ""pointer""], ""atomic_indexing"": [], ""pid_type"": ""flat""}","{""arg0_ndim"": 2, ""arg0_dim0"": 2048, ""arg0_dim1"": 3584, ""arg0_numel"": 7340032, ""arg0_dtype"": ""torch.float16"", ""arg0_dtype_size"": 2, ""arg0_dtype_cat"": 2, ""arg1_ndim"": 1, ""arg1_dim0"": 3584, ""arg1_numel"": 3584, ""arg1_dtype"": ""torch.float16"", ""arg1_dtype_size"": 2, ""arg1_dtype_cat"": 2, ""arg2_ndim"": 1, ""arg2_dim0"": 3584, ""arg2_numel"": 3584, ""arg2_dtype"": ""torch.float16"", ""arg2_dtype_size"": 2, ""arg2_dtype_cat"": 2}",0.014368000440299511
layer_norm,b17b9b5b07afe4d5,decf2056869ee2b5,"{""block_sizes"": [1], ""reduction_loops"": [1024], ""range_unroll_factors"": [0], ""range_warp_specializes"": [null], ""range_num_stages"": [0], ""range_multi_buffers"": [null], ""range_flattens"": [null], ""load_eviction_policies"": ["""", ""last"", ""first"", """", ""last"", ""first"", ""last"", ""last""], ""num_warps"": 1, ""num_stages"": 2, ""indexing"": [""pointer"", ""tensor_descriptor"", ""pointer"", ""tensor_descriptor"", ""tensor_descriptor"", ""pointer"", ""pointer"", ""pointer"", ""tensor_descriptor"", ""pointer""], ""atomic_indexing"": [], ""pid_type"": ""flat""}","{""arg0_ndim"": 2, ""arg0_dim0"": 2048, ""arg0_dim1"": 3584, ""arg0_numel"": 7340032, ""arg0_dtype"": ""torch.float16"", ""arg0_dtype_size"": 2, ""arg0_dtype_cat"": 2, ""arg1_ndim"": 1, ""arg1_dim0"": 3584, ""arg1_numel"": 3584, ""arg1_dtype"": ""torch.float16"", ""arg1_dtype_size"": 2, ""arg1_dtype_cat"": 2, ""arg2_ndim"": 1, ""arg2_dim0"": 3584, ""arg2_numel"": 3584, ""arg2_dtype"": ""torch.float16"", ""arg2_dtype_size"": 2, ""arg2_dtype_cat"": 2}",0.016416000202298164
layer_norm,b17b9b5b07afe4d5,43acbd1ca50d4ca3,"{""block_sizes"": [1], ""reduction_loops"": [null], ""range_unroll_factors"": [0], ""range_warp_specializes"": [null], ""range_num_stages"": [0], ""range_multi_buffers"": [null], ""range_flattens"": [null], ""load_eviction_policies"": [""first"", """", """", ""first"", """", ""last"", ""first"", """"], ""num_warps"": 8, ""num_stages"": 4, ""indexing"": [""pointer"", ""tensor_descriptor"", ""pointer"", ""pointer"", ""pointer"", ""pointer"", ""tensor_descriptor"", ""pointer"", ""tensor_descriptor"", ""tensor_descriptor""], ""atomic_indexing"": [], ""pid_type"": ""flat""}","{""arg0_ndim"": 2, ""arg0_dim0"": 2048, ""arg0_dim1"": 3584, ""arg0_numel"": 7340032, ""arg0_dtype"": ""torch.float16"", ""arg0_dtype_size"": 2, ""arg0_dtype_cat"": 2, ""arg1_ndim"": 1, ""arg1_dim0"": 3584, ""arg1_numel"": 3584, ""arg1_dtype"": ""torch.float16"", ""arg1_dtype_size"": 2, ""arg1_dtype_cat"": 2, ""arg2_ndim"": 1, ""arg2_dim0"": 3584, ""arg2_numel"": 3584, ""arg2_dtype"": ""torch.float16"", ""arg2_dtype_size"": 2, ""arg2_dtype_cat"": 2}",0.014336000196635723
layer_norm,b17b9b5b07afe4d5,869c54e4b955a8c6,"{""block_sizes"": [1], ""reduction_loops"": [2048], ""range_unroll_factors"": [0], ""range_warp_specializes"": [null], ""range_num_stages"": [0], ""range_multi_buffers"": [null], ""range_flattens"": [null], ""load_eviction_policies"": [""last"", """", ""first"", """", """", ""last"", """", ""last""], ""num_warps"": 8, ""num_stages"": 4, ""indexing"": [""tensor_descriptor"", ""pointer"", ""pointer"", ""tensor_descriptor"", ""pointer"", ""tensor_descriptor"", ""pointer"", ""pointer"", ""tensor_descriptor"", ""tensor_descriptor""], ""atomic_indexing"": [], ""pid_type"": ""flat""}","{""arg0_ndim"": 2, ""arg0_dim0"": 2048, ""arg0_dim1"": 3584, ""arg0_numel"": 7340032, ""arg0_dtype"": ""torch.float16"", ""arg0_dtype_size"": 2, ""arg0_dtype_cat"": 2, ""arg1_ndim"": 1, ""arg1_dim0"": 3584, ""arg1_numel"": 3584, ""arg1_dtype"": ""torch.float16"", ""arg1_dtype_size"": 2, ""arg1_dtype_cat"": 2, ""arg2_ndim"": 1, ""arg2_dim0"": 3584, ""arg2_numel"": 3584, ""arg2_dtype"": ""torch.float16"", ""arg2_dtype_size"": 2, ""arg2_dtype_cat"": 2}",0.014368000440299511
layer_norm,b17b9b5b07afe4d5,85df12bd2fb6305f,"{""block_sizes"": [1], ""reduction_loops"": [null], ""range_unroll_factors"": [0], ""range_warp_specializes"": [null], ""range_num_stages"": [0], ""range_multi_buffers"": [null], ""range_flattens"": [null], ""load_eviction_policies"": [""first"", ""last"", ""last"", ""last"", ""first"", ""last"", ""first"", ""first""], ""num_warps"": 8, ""num_stages"": 2, ""indexing"": [""tensor_descriptor"", ""pointer"", ""tensor_descriptor"", ""tensor_descriptor"", ""pointer"", ""tensor_descriptor"", ""tensor_descriptor"", ""tensor_descriptor"", ""pointer"", ""tensor_descriptor""], ""atomic_indexing"": [], ""pid_type"": ""flat""}","{""arg0_ndim"": 2, ""arg0_dim0"": 2048, ""arg0_dim1"": 3584, ""arg0_numel"": 7340032, ""arg0_dtype"": ""torch.float16"", ""arg0_dtype_size"": 2, ""arg0_dtype_cat"": 2, ""arg1_ndim"": 1, ""arg1_dim0"": 3584, ""arg1_numel"": 3584, ""arg1_dtype"": ""torch.float16"", ""arg1_dtype_size"": 2, ""arg1_dtype_cat"": 2, ""arg2_ndim"": 1, ""arg2_dim0"": 3584, ""arg2_numel"": 3584, ""arg2_dtype"": ""torch.float16"", ""arg2_dtype_size"": 2, ""arg2_dtype_cat"": 2}",0.012480000033974648
layer_norm,b17b9b5b07afe4d5,2052065dbe652edb,"{""block_sizes"": [1], ""reduction_loops"": [4096], ""range_unroll_factors"": [0], ""range_warp_specializes"": [null], ""range_num_stages"": [0], ""range_multi_buffers"": [null], ""range_flattens"": [null], ""load_eviction_policies"": [""last"", """", ""first"", """", """", ""last"", """", """"], ""num_warps"": 16, ""num_stages"": 2, ""indexing"": [""pointer"", ""tensor_descriptor"", ""pointer"", ""pointer"", ""pointer"", ""tensor_descriptor"", ""pointer"", ""pointer"", ""pointer"", ""pointer""], ""atomic_indexing"": [], ""pid_type"": ""flat""}","{""arg0_ndim"": 2, ""arg0_dim0"": 2048, ""arg0_dim1"": 3584, ""arg0_numel"": 7340032, ""arg0_dtype"": ""torch.float16"", ""arg0_dtype_size"": 2, ""arg0_dtype_cat"": 2, ""arg1_ndim"": 1, ""arg1_dim0"": 3584, ""arg1_numel"": 3584, ""arg1_dtype"": ""torch.float16"", ""arg1_dtype_size"": 2, ""arg1_dtype_cat"": 2, ""arg2_ndim"": 1, ""arg2_dim0"": 3584, ""arg2_numel"": 3584, ""arg2_dtype"": ""torch.float16"", ""arg2_dtype_size"": 2, ""arg2_dtype_cat"": 2}",0.016416000202298164
layer_norm,b5820f2b1dc6414d,178e7391546ae2da,"{""block_sizes"": [1], ""reduction_loops"": [null], ""range_unroll_factors"": [0], ""range_warp_specializes"": [null], ""range_num_stages"": [0], ""range_multi_buffers"": [null], ""range_flattens"": [null], ""load_eviction_policies"": [""first"", """", ""last"", """", ""last"", ""last"", ""last"", """"], ""num_warps"": 4, ""num_stages"": 7, ""indexing"": [""pointer"", ""pointer"", ""tensor_descriptor"", ""pointer"", ""tensor_descriptor"", ""pointer"", ""tensor_descriptor"", ""pointer"", ""pointer"", ""pointer""], ""atomic_indexing"": [], ""pid_type"": ""flat""}","{""arg0_ndim"": 2, ""arg0_dim0"": 8192, ""arg0_dim1"": 4096, ""arg0_numel"": 33554432, ""arg0_dtype"": ""torch.float16"", ""arg0_dtype_size"": 2, ""arg0_dtype_cat"": 2, ""arg1_ndim"": 1, ""arg1_dim0"": 4096, ""arg1_numel"": 4096, ""arg1_dtype"": ""torch.float16"", ""arg1_dtype_size"": 2, ""arg1_dtype_cat"": 2, ""arg2_ndim"": 1, ""arg2_dim0"": 4096, ""arg2_numel"": 4096, ""arg2_dtype"": ""torch.float16"", ""arg2_dtype_size"": 2, ""arg2_dtype_cat"": 2}",0.030688000842928886
layer_norm,b5820f2b1dc6414d,decf2056869ee2b5,"{""block_sizes"": [1], ""reduction_loops"": [1024], ""range_unroll_factors"": [0], ""range_warp_specializes"": [null], ""range_num_stages"": [0], ""range_multi_buffers"": [null], ""range_flattens"": [null], ""load_eviction_policies"": ["""", ""last"", ""first"", """", ""last"", ""first"", ""last"", ""last""], ""num_warps"": 1, ""num_stages"": 2, ""indexing"": [""pointer"", ""tensor_descriptor"", ""pointer"", ""tensor_descriptor"", ""tensor_descriptor"", ""pointer"", ""pointer"", ""pointer"", ""tensor_descriptor"", ""pointer""], ""atomic_indexing"": [], ""pid_type"": ""flat""}","{""arg0_ndim"": 2, ""arg0_dim0"": 8192, ""arg0_dim1"": 4096, ""arg0_numel"": 33554432, ""arg0_dtype"": ""torch.float16"", ""arg0_dtype_size"": 2, ""arg0_dtype_cat"": 2, ""arg1_ndim"": 1, ""arg1_dim0"": 4096, ""arg1_numel"": 4096, ""arg1_dtype"": ""torch.float16"", ""arg1_dtype_size"": 2, ""arg1_dtype_cat"": 2, ""arg2_ndim"": 1, ""arg2_dim0"": 4096, ""arg2_numel"": 4096, ""arg2_dtype"": ""torch.float16"", ""arg2_dtype_size"": 2, ""arg2_dtype_cat"": 2}",0.03484800085425377
layer_norm,b5820f2b1dc6414d,43acbd1ca50d4ca3,"{""block_sizes"": [1], ""reduction_loops"": [null], ""range_unroll_factors"": [0], ""range_warp_specializes"": [null], ""range_num_stages"": [0], ""range_multi_buffers"": [null], ""range_flattens"": [null], ""load_eviction_policies"": [""first"", """", """", ""first"", """", ""last"", ""first"", """"], ""num_warps"": 8, ""num_stages"": 4, ""indexing"": [""pointer"", ""tensor_descriptor"", ""pointer"", ""pointer"", ""pointer"", ""pointer"", ""tensor_descriptor"", ""pointer"", ""tensor_descriptor"", ""tensor_descriptor""], ""atomic_indexing"": [], ""pid_type"": ""flat""}","{""arg0_ndim"": 2, ""arg0_dim0"": 8192, ""arg0_dim1"": 4096, ""arg0_numel"": 33554432, ""arg0_dtype"": ""torch.float16"", ""arg0_dtype_size"": 2, ""arg0_dtype_cat"": 2, ""arg1_ndim"": 1, ""arg1_dim0"": 4096, ""arg1_numel"": 4096, ""arg1_dtype"": ""torch.float16"", ""arg1_dtype_size"": 2, ""arg1_dtype_cat"": 2, ""arg2_ndim"": 1, ""arg2_dim0"": 4096, ""arg2_numel"": 4096, ""arg2_dtype"": ""torch.float16"", ""arg2_dtype_size"": 2, ""arg2_dtype_cat"": 2}",0.0307839997112751
layer_norm,b5820f2b1dc6414d,869c54e4b955a8c6,"{""block_sizes"": [1], ""reduction_loops"": [2048], ""range_unroll_factors"": [0], ""range_warp_specializes"": [null], ""range_num_stages"": [0], ""range_multi_buffers"": [null], ""range_flattens"": [null], ""load_eviction_policies"": [""last"", """", ""first"", """", """", ""last"", """", ""last""], ""num_warps"": 8, ""num_stages"": 4, ""indexing"": [""tensor_descriptor"", ""pointer"", ""pointer"", ""tensor_descriptor"", ""pointer"", ""tensor_descriptor"", ""pointer"", ""pointer"", ""tensor_descriptor"", ""tensor_descriptor""], ""atomic_indexing"": [], ""pid_type"": ""flat""}","{""arg0_ndim"": 2, ""arg0_dim0"": 8192, ""arg0_dim1"": 4096, ""arg0_numel"": 33554432, ""arg0_dtype"": ""torch.float16"", ""arg0_dtype_size"": 2, ""arg0_dtype_cat"": 2, ""arg1_ndim"": 1, ""arg1_dim0"": 4096, ""arg1_numel"": 4096, ""arg1_dtype"": ""torch.float16"", ""arg1_dtype_size"": 2, ""arg1_dtype_cat"": 2, ""arg2_ndim"": 1, ""arg2_dim0"": 4096, ""arg2_numel"": 4096, ""arg2_dtype"": ""torch.float16"", ""arg2_dtype_size"": 2, ""arg2_dtype_cat"": 2}",0.03686400130391121
layer_norm,b5820f2b1dc6414d,85df12bd2fb6305f,"{""block_sizes"": [1], ""reduction_loops"": [null], ""range_unroll_factors"": [0], ""range_warp_specializes"": [null], ""range_num_stages"": [0], ""range_multi_buffers"": [null], ""range_flattens"": [null], ""load_eviction_policies"": [""first"", ""last"", ""last"", ""last"", ""first"", ""last"", ""first"", ""first""], ""num_warps"": 8, ""num_stages"": 2, ""indexing"": [""tensor_descriptor"", ""pointer"", ""tensor_descriptor"", ""tensor_descriptor"", ""pointer"", ""tensor_descriptor"", ""tensor_descriptor"", ""tensor_descriptor"", ""pointer"", ""tensor_descriptor""], ""atomic_indexing"": [], ""pid_type"": ""flat""}","{""arg0_ndim"": 2, ""arg0_dim0"": 8192, ""arg0_dim1"": 4096, ""arg0_numel"": 33554432, ""arg0_dtype"": ""torch.float16"", ""arg0_dtype_size"": 2, ""arg0_dtype_cat"": 2, ""arg1_ndim"": 1, ""arg1_dim0"": 4096, ""arg1_numel"": 4096, ""arg1_dtype"": ""torch.float16"", ""arg1_dtype_size"": 2, ""arg1_dtype_cat"": 2, ""arg2_ndim"": 1, ""arg2_dim0"": 4096, ""arg2_numel"": 4096, ""arg2_dtype"": ""torch.float16"", ""arg2_dtype_size"": 2, ""arg2_dtype_cat"": 2}",0.030719999223947525
layer_norm,b5820f2b1dc6414d,2052065dbe652edb,"{""block_sizes"": [1], ""reduction_loops"": [4096], ""range_unroll_factors"": [0], ""range_warp_specializes"": [null], ""range_num_stages"": [0], ""range_multi_buffers"": [null], ""range_flattens"": [null], ""load_eviction_policies"": [""last"", """", ""first"", """", """", ""last"", """", """"], ""num_warps"": 16, ""num_stages"": 2, ""indexing"": [""pointer"", ""tensor_descriptor"", ""pointer"", ""pointer"", ""pointer"", ""tensor_descriptor"", ""pointer"", ""pointer"", ""pointer"", ""pointer""], ""atomic_indexing"": [], ""pid_type"": ""flat""}","{""arg0_ndim"": 2, ""arg0_dim0"": 8192, ""arg0_dim1"": 4096, ""arg0_numel"": 33554432, ""arg0_dtype"": ""torch.float16"", ""arg0_dtype_size"": 2, ""arg0_dtype_cat"": 2, ""arg1_ndim"": 1, ""arg1_dim0"": 4096, ""arg1_numel"": 4096, ""arg1_dtype"": ""torch.float16"", ""arg1_dtype_size"": 2, ""arg1_dtype_cat"": 2, ""arg2_ndim"": 1, ""arg2_dim0"": 4096, ""arg2_numel"": 4096, ""arg2_dtype"": ""torch.float16"", ""arg2_dtype_size"": 2, ""arg2_dtype_cat"": 2}",0.04915200173854828
layer_norm,f67f48e62f100463,178e7391546ae2da,"{""block_sizes"": [1], ""reduction_loops"": [null], ""range_unroll_factors"": [0], ""range_warp_specializes"": [null], ""range_num_stages"": [0], ""range_multi_buffers"": [null], ""range_flattens"": [null], ""load_eviction_policies"": [""first"", """", ""last"", """", ""last"", ""last"", ""last"", """"], ""num_warps"": 4, ""num_stages"": 7, ""indexing"": [""pointer"", ""pointer"", ""tensor_descriptor"", ""pointer"", ""tensor_descriptor"", ""pointer"", ""tensor_descriptor"", ""pointer"", ""pointer"", ""pointer""], ""atomic_indexing"": [], ""pid_type"": ""flat""}","{""arg0_ndim"": 2, ""arg0_dim0"": 8192, ""arg0_dim1"": 5120, ""arg0_numel"": 41943040, ""arg0_dtype"": ""torch.float16"", ""arg0_dtype_size"": 2, ""arg0_dtype_cat"": 2, ""arg1_ndim"": 1, ""arg1_dim0"": 5120, ""arg1_numel"": 5120, ""arg1_dtype"": ""torch.float16"", ""arg1_dtype_size"": 2, ""arg1_dtype_cat"": 2, ""arg2_ndim"": 1, ""arg2_dim0"": 5120, ""arg2_numel"": 5120, ""arg2_dtype"": ""torch.float16"", ""arg2_dtype_size"": 2, ""arg2_dtype_cat"": 2}",0.05820799991488457
layer_norm,f67f48e62f100463,decf2056869ee2b5,"{""block_sizes"": [1], ""reduction_loops"": [1024], ""range_unroll_factors"": [0], ""range_warp_specializes"": [null], ""range_num_stages"": [0], ""range_multi_buffers"": [null], ""range_flattens"": [null], ""load_eviction_policies"": ["""", ""last"", ""first"", """", ""last"", ""first"", ""last"", ""last""], ""num_warps"": 1, ""num_stages"": 2, ""indexing"": [""pointer"", ""tensor_descriptor"", ""pointer"", ""tensor_descriptor"", ""tensor_descriptor"", ""pointer"", ""pointer"", ""pointer"", ""tensor_descriptor"", ""pointer""], ""atomic_indexing"": [], ""pid_type"": ""flat""}","{""arg0_ndim"": 2, ""arg0_dim0"": 8192, ""arg0_dim1"": 5120, ""arg0_numel"": 41943040, ""arg0_dtype"": ""torch.float16"", ""arg0_dtype_size"": 2, ""arg0_dtype_cat"": 2, ""arg1_ndim"": 1, ""arg1_dim0"": 5120, ""arg1_numel"": 5120, ""arg1_dtype"": ""torch.float16"", ""arg1_dtype_size"": 2, ""arg1_dtype_cat"": 2, ""arg2_ndim"": 1, ""arg2_dim0"": 5120, ""arg2_numel"": 5120, ""arg2_dtype"": ""torch.float16"", ""arg2_dtype_size"": 2, ""arg2_dtype_cat"": 2}",0.04307200014591217
layer_norm,f67f48e62f100463,43acbd1ca50d4ca3,"{""block_sizes"": [1], ""reduction_loops"": [null], ""range_unroll_factors"": [0], ""range_warp_specializes"": [null], ""range_num_stages"": [0], ""range_multi_buffers"": [null], ""range_flattens"": [null], ""load_eviction_policies"": [""first"", """", """", ""first"", """", ""last"", ""first"", """"], ""num_warps"": 8, ""num_stages"": 4, ""indexing"": [""pointer"", ""tensor_descriptor"", ""pointer"", ""pointer"", ""pointer"", ""pointer"", ""tensor_descriptor"", ""pointer"", ""tensor_descriptor"", ""tensor_descriptor""], ""atomic_indexing"": [], ""pid_type"": ""flat""}","{""arg0_ndim"": 2, ""arg0_dim0"": 8192, ""arg0_dim1"": 5120, ""arg0_numel"": 41943040, ""arg0_dtype"": ""torch.float16"", ""arg0_dtype_size"": 2, ""arg0_dtype_cat"": 2, ""arg1_ndim"": 1, ""arg1_dim0"": 5120, ""arg1_numel"": 5120, ""arg1_dtype"": ""torch.float16"", ""arg1_dtype_size"": 2, ""arg1_dtype_cat"": 2, ""arg2_ndim"": 1, ""arg2_dim0"": 5120, ""arg2_numel"": 5120, ""arg2_dtype"": ""torch.float16"", ""arg2_dtype_size"": 2, ""arg2_dtype_cat"": 2}",0.0469760000705719
layer_norm,f67f48e62f100463,869c54e4b955a8c6,"{""block_sizes"": [1], ""reduction_loops"": [2048], ""range_unroll_factors"": [0], ""range_warp_specializes"": [null], ""range_num_stages"": [0], ""range_multi_buffers"": [null], ""range_flattens"": [null], ""load_eviction_policies"": [""last"", """", ""first"", """", """", ""last"", """", ""last""], ""num_warps"": 8, ""num_stages"": 4, ""indexing"": [""tensor_descriptor"", ""pointer"", ""pointer"", ""tensor_descriptor"", ""pointer"", ""tensor_descriptor"", ""pointer"", ""pointer"", ""tensor_descriptor"", ""tensor_descriptor""], ""atomic_indexing"": [], ""pid_type"": ""flat""}","{""arg0_ndim"": 2, ""arg0_dim0"": 8192, ""arg0_dim1"": 5120, ""arg0_numel"": 41943040, ""arg0_dtype"": ""torch.float16"", ""arg0_dtype_size"": 2, ""arg0_dtype_cat"": 2, ""arg1_ndim"": 1, ""arg1_dim0"": 5120, ""arg1_numel"": 5120, ""arg1_dtype"": ""torch.float16"", ""arg1_dtype_size"": 2, ""arg1_dtype_cat"": 2, ""arg2_ndim"": 1, ""arg2_dim0"": 5120, ""arg2_numel"": 5120, ""arg2_dtype"": ""torch.float16"", ""arg2_dtype_size"": 2, ""arg2_dtype_cat"": 2}",0.04713600128889084
layer_norm,f67f48e62f100463,85df12bd2fb6305f,"{""block_sizes"": [1], ""reduction_loops"": [null], ""range_unroll_factors"": [0], ""range_warp_specializes"": [null], ""range_num_stages"": [0], ""range_multi_buffers"": [null], ""range_flattens"": [null], ""load_eviction_policies"": [""first"", ""last"", ""last"", ""last"", ""first"", ""last"", ""first"", ""first""], ""num_warps"": 8, ""num_stages"": 2, ""indexing"": [""tensor_descriptor"", ""pointer"", ""tensor_descriptor"", ""tensor_descriptor"", ""pointer"", ""tensor_descriptor"", ""tensor_descriptor"", ""tensor_descriptor"", ""pointer"", ""tensor_descriptor""], ""atomic_indexing"": [], ""pid_type"": ""flat""}","{""arg0_ndim"": 2, ""arg0_dim0"": 8192, ""arg0_dim1"": 5120, ""arg0_numel"": 41943040, ""arg0_dtype"": ""torch.float16"", ""arg0_dtype_size"": 2, ""arg0_dtype_cat"": 2, ""arg1_ndim"": 1, ""arg1_dim0"": 5120, ""arg1_numel"": 5120, ""arg1_dtype"": ""torch.float16"", ""arg1_dtype_size"": 2, ""arg1_dtype_cat"": 2, ""arg2_ndim"": 1, ""arg2_dim0"": 5120, ""arg2_numel"": 5120, ""arg2_dtype"": ""torch.float16"", ""arg2_dtype_size"": 2, ""arg2_dtype_cat"": 2}",0.04710400104522705
layer_norm,f67f48e62f100463,2052065dbe652edb,"{""block_sizes"": [1], ""reduction_loops"": [4096], ""range_unroll_factors"": [0], ""range_warp_specializes"": [null], ""range_num_stages"": [0], ""range_multi_buffers"": [null], ""range_flattens"": [null], ""load_eviction_policies"": [""last"", """", ""first"", """", """", ""last"", """", """"], ""num_warps"": 16, ""num_stages"": 2, ""indexing"": [""pointer"", ""tensor_descriptor"", ""pointer"", ""pointer"", ""pointer"", ""tensor_descriptor"", ""pointer"", ""pointer"", ""pointer"", ""pointer""], ""atomic_indexing"": [], ""pid_type"": ""flat""}","{""arg0_ndim"": 2, ""arg0_dim0"": 8192, ""arg0_dim1"": 5120, ""arg0_numel"": 41943040, ""arg0_dtype"": ""torch.float16"", ""arg0_dtype_size"": 2, ""arg0_dtype_cat"": 2, ""arg1_ndim"": 1, ""arg1_dim0"": 5120, ""arg1_numel"": 5120, ""arg1_dtype"": ""torch.float16"", ""arg1_dtype_size"": 2, ""arg1_dtype_cat"": 2, ""arg2_ndim"": 1, ""arg2_dim0"": 5120, ""arg2_numel"": 5120, ""arg2_dtype"": ""torch.float16"", ""arg2_dtype_size"": 2, ""arg2_dtype_cat"": 2}",0.0655359998345375
layer_norm,f7abd1494a978d07,178e7391546ae2da,"{""block_sizes"": [1], ""reduction_loops"": [null], ""range_unroll_factors"": [0], ""range_warp_specializes"": [null], ""range_num_stages"": [0], ""range_multi_buffers"": [null], ""range_flattens"": [null], ""load_eviction_policies"": [""first"", """", ""last"", """", ""last"", ""last"", ""last"", """"], ""num_warps"": 4, ""num_stages"": 7, ""indexing"": [""pointer"", ""pointer"", ""tensor_descriptor"", ""pointer"", ""tensor_descriptor"", ""pointer"", ""tensor_descriptor"", ""pointer"", ""pointer"", ""pointer""], ""atomic_indexing"": [], ""pid_type"": ""flat""}","{""arg0_ndim"": 2, ""arg0_dim0"": 8192, ""arg0_dim1"": 7168, ""arg0_numel"": 58720256, ""arg0_dtype"": ""torch.float16"", ""arg0_dtype_size"": 2, ""arg0_dtype_cat"": 2, ""arg1_ndim"": 1, ""arg1_dim0"": 7168, ""arg1_numel"": 7168, ""arg1_dtype"": ""torch.float16"", ""arg1_dtype_size"": 2, ""arg1_dtype_cat"": 2, ""arg2_ndim"": 1, ""arg2_dim0"": 7168, ""arg2_numel"": 7168, ""arg2_dtype"": ""torch.float16"", ""arg2_dtype_size"": 2, ""arg2_dtype_cat"": 2}",0.0655359998345375
layer_norm,f7abd1494a978d07,decf2056869ee2b5,"{""block_sizes"": [1], ""reduction_loops"": [1024], ""range_unroll_factors"": [0], ""range_warp_specializes"": [null], ""range_num_stages"": [0], ""range_multi_buffers"": [null], ""range_flattens"": [null], ""load_eviction_policies"": ["""", ""last"", ""first"", """", ""last"", ""first"", ""last"", ""last""], ""num_warps"": 1, ""num_stages"": 2, ""indexing"": [""pointer"", ""tensor_descriptor"", ""pointer"", ""tensor_descriptor"", ""tensor_descriptor"", ""pointer"", ""pointer"", ""pointer"", ""tensor_descriptor"", ""pointer""], ""atomic_indexing"": [], ""pid_type"": ""flat""}","{""arg0_ndim"": 2, ""arg0_dim0"": 8192, ""arg0_dim1"": 7168, ""arg0_numel"": 58720256, ""arg0_dtype"": ""torch.float16"", ""arg0_dtype_size"": 2, ""arg0_dtype_cat"": 2, ""arg1_ndim"": 1, ""arg1_dim0"": 7168, ""arg1_numel"": 7168, ""arg1_dtype"": ""torch.float16"", ""arg1_dtype_size"": 2, ""arg1_dtype_cat"": 2, ""arg2_ndim"": 1, ""arg2_dim0"": 7168, ""arg2_numel"": 7168, ""arg2_dtype"": ""torch.float16"", ""arg2_dtype_size"": 2, ""arg2_dtype_cat"": 2}",0.06351999938488007
layer_norm,f7abd1494a978d07,43acbd1ca50d4ca3,"{""block_sizes"": [1], ""reduction_loops"": [null], ""range_unroll_factors"": [0], ""range_warp_specializes"": [null], ""range_num_stages"": [0], ""range_multi_buffers"": [null], ""range_flattens"": [null], ""load_eviction_policies"": [""first"", """", """", ""first"", """", ""last"", ""first"", """"], ""num_warps"": 8, ""num_stages"": 4, ""indexing"": [""pointer"", ""tensor_descriptor"", ""pointer"", ""pointer"", ""pointer"", ""pointer"", ""tensor_descriptor"", ""pointer"", ""tensor_descriptor"", ""tensor_descriptor""], ""atomic_indexing"": [], ""pid_type"": ""flat""}","{""arg0_ndim"": 2, ""arg0_dim0"": 8192, ""arg0_dim1"": 7168, ""arg0_numel"": 58720256, ""arg0_dtype"": ""torch.float16"", ""arg0_dtype_size"": 2, ""arg0_dtype_cat"": 2, ""arg1_ndim"": 1, ""arg1_dim0"": 7168, ""arg1_numel"": 7168, ""arg1_dtype"": ""torch.float16"", ""arg1_dtype_size"": 2, ""arg1_dtype_cat"": 2, ""arg2_ndim"": 1, ""arg2_dim0"": 7168, ""arg2_numel"": 7168, ""arg2_dtype"": ""torch.float16"", ""arg2_dtype_size"": 2, ""arg2_dtype_cat"": 2}",0.051231998950242996
layer_norm,f7abd1494a978d07,869c54e4b955a8c6,"{""block_sizes"": [1], ""reduction_loops"": [2048], ""range_unroll_factors"": [0], ""range_warp_specializes"": [null], ""range_num_stages"": [0], ""range_multi_buffers"": [null], ""range_flattens"": [null], ""load_eviction_policies"": [""last"", """", ""first"", """", """", ""last"", """", ""last""], ""num_warps"": 8, ""num_stages"": 4, ""indexing"": [""tensor_descriptor"", ""pointer"", ""pointer"", ""tensor_descriptor"", ""pointer"", ""tensor_descriptor"", ""pointer"", ""pointer"", ""tensor_descriptor"", ""tensor_descriptor""], ""atomic_indexing"": [], ""pid_type"": ""flat""}","{""arg0_ndim"": 2, ""arg0_dim0"": 8192, ""arg0_dim1"": 7168, ""arg0_numel"": 58720256, ""arg0_dtype"": ""torch.float16"", ""arg0_dtype_size"": 2, ""arg0_dtype_cat"": 2, ""arg1_ndim"": 1, ""arg1_dim0"": 7168, ""arg1_numel"": 7168, ""arg1_dtype"": ""torch.float16"", ""arg1_dtype_size"": 2, ""arg1_dtype_cat"": 2, ""arg2_ndim"": 1, ""arg2_dim0"": 7168, ""arg2_numel"": 7168, ""arg2_dtype"": ""torch.float16"", ""arg2_dtype_size"": 2, ""arg2_dtype_cat"": 2}",0.05737600103020668
layer_norm,f7abd1494a978d07,85df12bd2fb6305f,"{""block_sizes"": [1], ""reduction_loops"": [null], ""range_unroll_factors"": [0], ""range_warp_specializes"": [null], ""range_num_stages"": [0], ""range_multi_buffers"": [null], ""range_flattens"": [null], ""load_eviction_policies"": [""first"", ""last"", ""last"", ""last"", ""first"", ""last"", ""first"", ""first""], ""num_warps"": 8, ""num_stages"": 2, ""indexing"": [""tensor_descriptor"", ""pointer"", ""tensor_descriptor"", ""tensor_descriptor"", ""pointer"", ""tensor_descriptor"", ""tensor_descriptor"", ""tensor_descriptor"", ""pointer"", ""tensor_descriptor""], ""atomic_indexing"": [], ""pid_type"": ""flat""}","{""arg0_ndim"": 2, ""arg0_dim0"": 8192, ""arg0_dim1"": 7168, ""arg0_numel"": 58720256, ""arg0_dtype"": ""torch.float16"", ""arg0_dtype_size"": 2, ""arg0_dtype_cat"": 2, ""arg1_ndim"": 1, ""arg1_dim0"": 7168, ""arg1_numel"": 7168, ""arg1_dtype"": ""torch.float16"", ""arg1_dtype_size"": 2, ""arg1_dtype_cat"": 2, ""arg2_ndim"": 1, ""arg2_dim0"": 7168, ""arg2_numel"": 7168, ""arg2_dtype"": ""torch.float16"", ""arg2_dtype_size"": 2, ""arg2_dtype_cat"": 2}",0.05119999870657921
layer_norm,f7abd1494a978d07,2052065dbe652edb,"{""block_sizes"": [1], ""reduction_loops"": [4096], ""range_unroll_factors"": [0], ""range_warp_specializes"": [null], ""range_num_stages"": [0], ""range_multi_buffers"": [null], ""range_flattens"": [null], ""load_eviction_policies"": [""last"", """", ""first"", """", """", ""last"", """", """"], ""num_warps"": 16, ""num_stages"": 2, ""indexing"": [""pointer"", ""tensor_descriptor"", ""pointer"", ""pointer"", ""pointer"", ""tensor_descriptor"", ""pointer"", ""pointer"", ""pointer"", ""pointer""], ""atomic_indexing"": [], ""pid_type"": ""flat""}","{""arg0_ndim"": 2, ""arg0_dim0"": 8192, ""arg0_dim1"": 7168, ""arg0_numel"": 58720256, ""arg0_dtype"": ""torch.float16"", ""arg0_dtype_size"": 2, ""arg0_dtype_cat"": 2, ""arg1_ndim"": 1, ""arg1_dim0"": 7168, ""arg1_numel"": 7168, ""arg1_dtype"": ""torch.float16"", ""arg1_dtype_size"": 2, ""arg1_dtype_cat"": 2, ""arg2_ndim"": 1, ""arg2_dim0"": 7168, ""arg2_numel"": 7168, ""arg2_dtype"": ""torch.float16"", ""arg2_dtype_size"": 2, ""arg2_dtype_cat"": 2}",0.06569600105285645
layer_norm,5db8fa32bcb2fa38,178e7391546ae2da,"{""block_sizes"": [1], ""reduction_loops"": [null], ""range_unroll_factors"": [0], ""range_warp_specializes"": [null], ""range_num_stages"": [0], ""range_multi_buffers"": [null], ""range_flattens"": [null], ""load_eviction_policies"": [""first"", """", ""last"", """", ""last"", ""last"", ""last"", """"], ""num_warps"": 4, ""num_stages"": 7, ""indexing"": [""pointer"", ""pointer"", ""tensor_descriptor"", ""pointer"", ""tensor_descriptor"", ""pointer"", ""tensor_descriptor"", ""pointer"", ""pointer"", ""pointer""], ""atomic_indexing"": [], ""pid_type"": ""flat""}","{""arg0_ndim"": 2, ""arg0_dim0"": 2048, ""arg0_dim1"": 8192, ""arg0_numel"": 16777216, ""arg0_dtype"": ""torch.float16"", ""arg0_dtype_size"": 2, ""arg0_dtype_cat"": 2, ""arg1_ndim"": 1, ""arg1_dim0"": 8192, ""arg1_numel"": 8192, ""arg1_dtype"": ""torch.float16"", ""arg1_dtype_size"": 2, ""arg1_dtype_cat"": 2, ""arg2_ndim"": 1, ""arg2_dim0"": 8192, ""arg2_numel"": 8192, ""arg2_dtype"": ""torch.float16"", ""arg2_dtype_size"": 2, ""arg2_dtype_cat"": 2}",0.024607999250292778
layer_norm,5db8fa32bcb2fa38,decf2056869ee2b5,"{""block_sizes"": [1], ""reduction_loops"": [1024], ""range_unroll_factors"": [0], ""range_warp_specializes"": [null], ""range_num_stages"": [0], ""range_multi_buffers"": [null], ""range_flattens"": [null], ""load_eviction_policies"": ["""", ""last"", ""first"", """", ""last"", ""first"", ""last"", ""last""], ""num_warps"": 1, ""num_stages"": 2, ""indexing"": [""pointer"", ""tensor_descriptor"", ""pointer"", ""tensor_descriptor"", ""tensor_descriptor"", ""pointer"", ""pointer"", ""pointer"", ""tensor_descriptor"", ""pointer""], ""atomic_indexing"": [], ""pid_type"": ""flat""}","{""arg0_ndim"": 2, ""arg0_dim0"": 2048, ""arg0_dim1"": 8192, ""arg0_numel"": 16777216, ""arg0_dtype"": ""torch.float16"", ""arg0_dtype_size"": 2, ""arg0_dtype_cat"": 2, ""arg1_ndim"": 1, ""arg1_dim0"": 8192, ""arg1_numel"": 8192, ""arg1_dtype"": ""torch.float16"", ""arg1_dtype_size"": 2, ""arg1_dtype_cat"": 2, ""arg2_ndim"": 1, ""arg2_dim0"": 8192, ""arg2_numel"": 8192, ""arg2_dtype"": ""torch.float16"", ""arg2_dtype_size"": 2, ""arg2_dtype_cat"": 2}",0.024607999250292778
layer_norm,5db8fa32bcb2fa38,43acbd1ca50d4ca3,"{""block_sizes"": [1], ""reduction_loops"": [null], ""range_unroll_factors"": [0], ""range_warp_specializes"": [null], ""range_num_stages"": [0], ""range_multi_buffers"": [null], ""range_flattens"": [null], ""load_eviction_policies"": [""first"", """", """", ""first"", """", ""last"", ""first"", """"], ""num_warps"": 8, ""num_stages"": 4, ""indexing"": [""pointer"", ""tensor_descriptor"", ""pointer"", ""pointer"", ""pointer"", ""pointer"", ""tensor_descriptor"", ""pointer"", ""tensor_descriptor"", ""tensor_descriptor""], ""atomic_indexing"": [], ""pid_type"": ""flat""}","{""arg0_ndim"": 2, ""arg0_dim0"": 2048, ""arg0_dim1"": 8192, ""arg0_numel"": 16777216, ""arg0_dtype"": ""torch.float16"", ""arg0_dtype_size"": 2, ""arg0_dtype_cat"": 2, ""arg1_ndim"": 1, ""arg1_dim0"": 8192, ""arg1_numel"": 8192, ""arg1_dtype"": ""torch.float16"", ""arg1_dtype_size"": 2, ""arg1_dtype_cat"": 2, ""arg2_ndim"": 1, ""arg2_dim0"": 8192, ""arg2_numel"": 8192, ""arg2_dtype"": ""torch.float16"", ""arg2_dtype_size"": 2, ""arg2_dtype_cat"": 2}",0.02051199972629547
layer_norm,5db8fa32bcb2fa38,869c54e4b955a8c6,"{""block_sizes"": [1], ""reduction_loops"": [2048], ""range_unroll_factors"": [0], ""range_warp_specializes"": [null], ""range_num_stages"": [0], ""range_multi_buffers"": [null], ""range_flattens"": [null], ""load_eviction_policies"": [""last"", """", ""first"", """", """", ""last"", """", ""last""], ""num_warps"": 8, ""num_stages"": 4, ""indexing"": [""tensor_descriptor"", ""pointer"", ""pointer"", ""tensor_descriptor"", ""pointer"", ""tensor_descriptor"", ""pointer"", ""pointer"", ""tensor_descriptor"", ""tensor_descriptor""], ""atomic_indexing"": [], ""pid_type"": ""flat""}","{""arg0_ndim"": 2, ""arg0_dim0"": 2048, ""arg0_dim1"": 8192, ""arg0_numel"": 16777216, ""arg0_dtype"": ""torch.float16"", ""arg0_dtype_size"": 2, ""arg0_dtype_cat"": 2, ""arg1_ndim"": 1, ""arg1_dim0"": 8192, ""arg1_numel"": 8192, ""arg1_dtype"": ""torch.float16"", ""arg1_dtype_size"": 2, ""arg1_dtype_cat"": 2, ""arg2_ndim"": 1, ""arg2_dim0"": 8192, ""arg2_numel"": 8192, ""arg2_dtype"": ""torch.float16"", ""arg2_dtype_size"": 2, ""arg2_dtype_cat"": 2}",0.02252800017595291
layer_norm,5db8fa32bcb2fa38,85df12bd2fb6305f,"{""block_sizes"": [1], ""reduction_loops"": [null], ""range_unroll_factors"": [0], ""range_warp_specializes"": [null], ""range_num_stages"": [0], ""range_multi_buffers"": [null], ""range_flattens"": [null], ""load_eviction_policies"": [""first"", ""last"", ""last"", ""last"", ""first"", ""last"", ""first"", ""first""], ""num_warps"": 8, ""num_stages"": 2, ""indexing"": [""tensor_descriptor"", ""pointer"", ""tensor_descriptor"", ""tensor_descriptor"", ""pointer"", ""tensor_descriptor"", ""tensor_descriptor"", ""tensor_descriptor"", ""pointer"", ""tensor_descriptor""], ""atomic_indexing"": [], ""pid_type"": ""flat""}","{""arg0_ndim"": 2, ""arg0_dim0"": 2048, ""arg0_dim1"": 8192, ""arg0_numel"": 16777216, ""arg0_dtype"": ""torch.float16"", ""arg0_dtype_size"": 2, ""arg0_dtype_cat"": 2, ""arg1_ndim"": 1, ""arg1_dim0"": 8192, ""arg1_numel"": 8192, ""arg1_dtype"": ""torch.float16"", ""arg1_dtype_size"": 2, ""arg1_dtype_cat"": 2, ""arg2_ndim"": 1, ""arg2_dim0"": 8192, ""arg2_numel"": 8192, ""arg2_dtype"": ""torch.float16"", ""arg2_dtype_size"": 2, ""arg2_dtype_cat"": 2}",0.020479999482631683
layer_norm,5db8fa32bcb2fa38,2052065dbe652edb,"{""block_sizes"": [1], ""reduction_loops"": [4096], ""range_unroll_factors"": [0], ""range_warp_specializes"": [null], ""range_num_stages"": [0], ""range_multi_buffers"": [null], ""range_flattens"": [null], ""load_eviction_policies"": [""last"", """", ""first"", """", """", ""last"", """", """"], ""num_warps"": 16, ""num_stages"": 2, ""indexing"": [""pointer"", ""tensor_descriptor"", ""pointer"", ""pointer"", ""pointer"", ""tensor_descriptor"", ""pointer"", ""pointer"", ""pointer"", ""pointer""], ""atomic_indexing"": [], ""pid_type"": ""flat""}","{""arg0_ndim"": 2, ""arg0_dim0"": 2048, ""arg0_dim1"": 8192, ""arg0_numel"": 16777216, ""arg0_dtype"": ""torch.float16"", ""arg0_dtype_size"": 2, ""arg0_dtype_cat"": 2, ""arg1_ndim"": 1, ""arg1_dim0"": 8192, ""arg1_numel"": 8192, ""arg1_dtype"": ""torch.float16"", ""arg1_dtype_size"": 2, ""arg1_dtype_cat"": 2, ""arg2_ndim"": 1, ""arg2_dim0"": 8192, ""arg2_numel"": 8192, ""arg2_dtype"": ""torch.float16"", ""arg2_dtype_size"": 2, ""arg2_dtype_cat"": 2}",0.02252800017595291
layer_norm,5b95dac68c14cf35,178e7391546ae2da,"{""block_sizes"": [1], ""reduction_loops"": [null], ""range_unroll_factors"": [0], ""range_warp_specializes"": [null], ""range_num_stages"": [0], ""range_multi_buffers"": [null], ""range_flattens"": [null], ""load_eviction_policies"": [""first"", """", ""last"", """", ""last"", ""last"", ""last"", """"], ""num_warps"": 4, ""num_stages"": 7, ""indexing"": [""pointer"", ""pointer"", ""tensor_descriptor"", ""pointer"", ""tensor_descriptor"", ""pointer"", ""tensor_descriptor"", ""pointer"", ""pointer"", ""pointer""], ""atomic_indexing"": [], ""pid_type"": ""flat""}","{""arg0_ndim"": 2, ""arg0_dim0"": 4096, ""arg0_dim1"": 16384, ""arg0_numel"": 67108864, ""arg0_dtype"": ""torch.float16"", ""arg0_dtype_size"": 2, ""arg0_dtype_cat"": 2, ""arg1_ndim"": 1, ""arg1_dim0"": 16384, ""arg1_numel"": 16384, ""arg1_dtype"": ""torch.float16"", ""arg1_dtype_size"": 2, ""arg1_dtype_cat"": 2, ""arg2_ndim"": 1, ""arg2_dim0"": 16384, ""arg2_numel"": 16384, ""arg2_dtype"": ""torch.float16"", ""arg2_dtype_size"": 2, ""arg2_dtype_cat"": 2}",0.08092799782752991
layer_norm,5b95dac68c14cf35,decf2056869ee2b5,"{""block_sizes"": [1], ""reduction_loops"": [1024], ""range_unroll_factors"": [0], ""range_warp_specializes"": [null], ""range_num_stages"": [0], ""range_multi_buffers"": [null], ""range_flattens"": [null], ""load_eviction_policies"": ["""", ""last"", ""first"", """", ""last"", ""first"", ""last"", ""last""], ""num_warps"": 1, ""num_stages"": 2, ""indexing"": [""pointer"", ""tensor_descriptor"", ""pointer"", ""tensor_descriptor"", ""tensor_descriptor"", ""pointer"", ""pointer"", ""pointer"", ""tensor_descriptor"", ""pointer""], ""atomic_indexing"": [], ""pid_type"": ""flat""}","{""arg0_ndim"": 2, ""arg0_dim0"": 4096, ""arg0_dim1"": 16384, ""arg0_numel"": 67108864, ""arg0_dtype"": ""torch.float16"", ""arg0_dtype_size"": 2, ""arg0_dtype_cat"": 2, ""arg1_ndim"": 1, ""arg1_dim0"": 16384, ""arg1_numel"": 16384, ""arg1_dtype"": ""torch.float16"", ""arg1_dtype_size"": 2, ""arg1_dtype_cat"": 2, ""arg2_ndim"": 1, ""arg2_dim0"": 16384, ""arg2_numel"": 16384, ""arg2_dtype"": ""torch.float16"", ""arg2_dtype_size"": 2, ""arg2_dtype_cat"": 2}",0.08403199911117554
layer_norm,5b95dac68c14cf35,43acbd1ca50d4ca3,"{""block_sizes"": [1], ""reduction_loops"": [null], ""range_unroll_factors"": [0], ""range_warp_specializes"": [null], ""range_num_stages"": [0], ""range_multi_buffers"": [null], ""range_flattens"": [null], ""load_eviction_policies"": [""first"", """", """", ""first"", """", ""last"", ""first"", """"], ""num_warps"": 8, ""num_stages"": 4, ""indexing"": [""pointer"", ""tensor_descriptor"", ""pointer"", ""pointer"", ""pointer"", ""pointer"", ""tensor_descriptor"", ""pointer"", ""tensor_descriptor"", ""tensor_descriptor""], ""atomic_indexing"": [], ""pid_type"": ""flat""}","{""arg0_ndim"": 2, ""arg0_dim0"": 4096, ""arg0_dim1"": 16384, ""arg0_numel"": 67108864, ""arg0_dtype"": ""torch.float16"", ""arg0_dtype_size"": 2, ""arg0_dtype_cat"": 2, ""arg1_ndim"": 1, ""arg1_dim0"": 16384, ""arg1_numel"": 16384, ""arg1_dtype"": ""torch.float16"", ""arg1_dtype_size"": 2, ""arg1_dtype_cat"": 2, ""arg2_ndim"": 1, ""arg2_dim0"": 16384, ""arg2_numel"": 16384, ""arg2_dtype"": ""torch.float16"", ""arg2_dtype_size"": 2, ""arg2_dtype_cat"": 2}",0.07782399654388428
layer_norm,5b95dac68c14cf35,869c54e4b955a8c6,"{""block_sizes"": [1], ""reduction_loops"": [2048], ""range_unroll_factors"": [0], ""range_warp_specializes"": [null], ""range_num_stages"": [0], ""range_multi_buffers"": [null], ""range_flattens"": [null], ""load_eviction_policies"": [""last"", """", ""first"", """", """", ""last"", """", ""last""], ""num_warps"": 8, ""num_stages"": 4, ""indexing"": [""tensor_descriptor"", ""pointer"", ""pointer"", ""tensor_descriptor"", ""pointer"", ""tensor_descriptor"", ""pointer"", ""pointer"", ""tensor_descriptor"", ""tensor_descriptor""], ""atomic_indexing"": [], ""pid_type"": ""flat""}","{""arg0_ndim"": 2, ""arg0_dim0"": 4096, ""arg0_dim1"": 16384, ""arg0_numel"": 67108864, ""arg0_dtype"": ""torch.float16"", ""arg0_dtype_size"": 2, ""arg0_dtype_cat"": 2, ""arg1_ndim"": 1, ""arg1_dim0"": 16384, ""arg1_numel"": 16384, ""arg1_dtype"": ""torch.float16"", ""arg1_dtype_size"": 2, ""arg1_dtype_cat"": 2, ""arg2_ndim"": 1, ""arg2_dim0"": 16384, ""arg2_numel"": 16384, ""arg2_dtype"": ""torch.float16"", ""arg2_dtype_size"": 2, ""arg2_dtype_cat"": 2}",0.06143999844789505
layer_norm,5b95dac68c14cf35,85df12bd2fb6305f,"{""block_sizes"": [1], ""reduction_loops"": [null], ""range_unroll_factors"": [0], ""range_warp_specializes"": [null], ""range_num_stages"": [0], ""range_multi_buffers"": [null], ""range_flattens"": [null], ""load_eviction_policies"": [""first"", ""last"", ""last"", ""last"", ""first"", ""last"", ""first"", ""first""], ""num_warps"": 8, ""num_stages"": 2, ""indexing"": [""tensor_descriptor"", ""pointer"", ""tensor_descriptor"", ""tensor_descriptor"", ""pointer"", ""tensor_descriptor"", ""tensor_descriptor"", ""tensor_descriptor"", ""pointer"", ""tensor_descriptor""], ""atomic_indexing"": [], ""pid_type"": ""flat""}","{""arg0_ndim"": 2, ""arg0_dim0"": 4096, ""arg0_dim1"": 16384, ""arg0_numel"": 67108864, ""arg0_dtype"": ""torch.float16"", ""arg0_dtype_size"": 2, ""arg0_dtype_cat"": 2, ""arg1_ndim"": 1, ""arg1_dim0"": 16384, ""arg1_numel"": 16384, ""arg1_dtype"": ""torch.float16"", ""arg1_dtype_size"": 2, ""arg1_dtype_cat"": 2, ""arg2_ndim"": 1, ""arg2_dim0"": 16384, ""arg2_numel"": 16384, ""arg2_dtype"": ""torch.float16"", ""arg2_dtype_size"": 2, ""arg2_dtype_cat"": 2}",0.06435199826955795
layer_norm,5b95dac68c14cf35,2052065dbe652edb,"{""block_sizes"": [1], ""reduction_loops"": [4096], ""range_unroll_factors"": [0], ""range_warp_specializes"": [null], ""range_num_stages"": [0], ""range_multi_buffers"": [null], ""range_flattens"": [null], ""load_eviction_policies"": [""last"", """", ""first"", """", """", ""last"", """", """"], ""num_warps"": 16, ""num_stages"": 2, ""indexing"": [""pointer"", ""tensor_descriptor"", ""pointer"", ""pointer"", ""pointer"", ""tensor_descriptor"", ""pointer"", ""pointer"", ""pointer"", ""pointer""], ""atomic_indexing"": [], ""pid_type"": ""flat""}","{""arg0_ndim"": 2, ""arg0_dim0"": 4096, ""arg0_dim1"": 16384, ""arg0_numel"": 67108864, ""arg0_dtype"": ""torch.float16"", ""arg0_dtype_size"": 2, ""arg0_dtype_cat"": 2, ""arg1_ndim"": 1, ""arg1_dim0"": 16384, ""arg1_numel"": 16384, ""arg1_dtype"": ""torch.float16"", ""arg1_dtype_size"": 2, ""arg1_dtype_cat"": 2, ""arg2_ndim"": 1, ""arg2_dim0"": 16384, ""arg2_numel"": 16384, ""arg2_dtype"": ""torch.float16"", ""arg2_dtype_size"": 2, ""arg2_dtype_cat"": 2}",0.06147199869155884
layer_norm,2547dbef7e7523af,178e7391546ae2da,"{""block_sizes"": [1], ""reduction_loops"": [null], ""range_unroll_factors"": [0], ""range_warp_specializes"": [null], ""range_num_stages"": [0], ""range_multi_buffers"": [null], ""range_flattens"": [null], ""load_eviction_policies"": [""first"", """", ""last"", """", ""last"", ""last"", ""last"", """"], ""num_warps"": 4, ""num_stages"": 7, ""indexing"": [""pointer"", ""pointer"", ""tensor_descriptor"", ""pointer"", ""tensor_descriptor"", ""pointer"", ""tensor_descriptor"", ""pointer"", ""pointer"", ""pointer""], ""atomic_indexing"": [], ""pid_type"": ""flat""}","{""arg0_ndim"": 2, ""arg0_dim0"": 1024, ""arg0_dim1"": 36864, ""arg0_numel"": 37748736, ""arg0_dtype"": ""torch.float16"", ""arg0_dtype_size"": 2, ""arg0_dtype_cat"": 2, ""arg1_ndim"": 1, ""arg1_dim0"": 36864, ""arg1_numel"": 36864, ""arg1_dtype"": ""torch.float16"", ""arg1_dtype_size"": 2, ""arg1_dtype_cat"": 2, ""arg2_ndim"": 1, ""arg2_dim0"": 36864, ""arg2_numel"": 36864, ""arg2_dtype"": ""torch.float16"", ""arg2_dtype_size"": 2, ""arg2_dtype_cat"": 2}",0.42585599422454834
layer_norm,2547dbef7e7523af,decf2056869ee2b5,"{""block_sizes"": [1], ""reduction_loops"": [1024], ""range_unroll_factors"": [0], ""range_warp_specializes"": [null], ""range_num_stages"": [0], ""range_multi_buffers"": [null], ""range_flattens"": [null], ""load_eviction_policies"": ["""", ""last"", ""first"", """", ""last"", ""first"", ""last"", ""last""], ""num_warps"": 1, ""num_stages"": 2, ""indexing"": [""pointer"", ""tensor_descriptor"", ""pointer"", ""tensor_descriptor"", ""tensor_descriptor"", ""pointer"", ""pointer"", ""pointer"", ""tensor_descriptor"", ""pointer""], ""atomic_indexing"": [], ""pid_type"": ""flat""}","{""arg0_ndim"": 2, ""arg0_dim0"": 1024, ""arg0_dim1"": 36864, ""arg0_numel"": 37748736, ""arg0_dtype"": ""torch.float16"", ""arg0_dtype_size"": 2, ""arg0_dtype_cat"": 2, ""arg1_ndim"": 1, ""arg1_dim0"": 36864, ""arg1_numel"": 36864, ""arg1_dtype"": ""torch.float16"", ""arg1_dtype_size"": 2, ""arg1_dtype_cat"": 2, ""arg2_ndim"": 1, ""arg2_dim0"": 36864, ""arg2_numel"": 36864, ""arg2_dtype"": ""torch.float16"", ""arg2_dtype_size"": 2, ""arg2_dtype_cat"": 2}",0.07372800260782242
layer_norm,2547dbef7e7523af,43acbd1ca50d4ca3,"{""block_sizes"": [1], ""reduction_loops"": [null], ""range_unroll_factors"": [0], ""range_warp_specializes"": [null], ""range_num_stages"": [0], ""range_multi_buffers"": [null], ""range_flattens"": [null], ""load_eviction_policies"": [""first"", """", """", ""first"", """", ""last"", ""first"", """"], ""num_warps"": 8, ""num_stages"": 4, ""indexing"": [""pointer"", ""tensor_descriptor"", ""pointer"", ""pointer"", ""pointer"", ""pointer"", ""tensor_descriptor"", ""pointer"", ""tensor_descriptor"", ""tensor_descriptor""], ""atomic_indexing"": [], ""pid_type"": ""flat""}","{""arg0_ndim"": 2, ""arg0_dim0"": 1024, ""arg0_dim1"": 36864, ""arg0_numel"": 37748736, ""arg0_dtype"": ""torch.float16"", ""arg0_dtype_size"": 2, ""arg0_dtype_cat"": 2, ""arg1_ndim"": 1, ""arg1_dim0"": 36864, ""arg1_numel"": 36864, ""arg1_dtype"": ""torch.float16"", ""arg1_dtype_size"": 2, ""arg1_dtype_cat"": 2, ""arg2_ndim"": 1, ""arg2_dim0"": 36864, ""arg2_numel"": 36864, ""arg2_dtype"": ""torch.float16"", ""arg2_dtype_size"": 2, ""arg2_dtype_cat"": 2}",0.11062400043010712
layer_norm,2547dbef7e7523af,869c54e4b955a8c6,"{""block_sizes"": [1], ""reduction_loops"": [2048], ""range_unroll_factors"": [0], ""range_warp_specializes"": [null], ""range_num_stages"": [0], ""range_multi_buffers"": [null], ""range_flattens"": [null], ""load_eviction_policies"": [""last"", """", ""first"", """", """", ""last"", """", ""last""], ""num_warps"": 8, ""num_stages"": 4, ""indexing"": [""tensor_descriptor"", ""pointer"", ""pointer"", ""tensor_descriptor"", ""pointer"", ""tensor_descriptor"", ""pointer"", ""pointer"", ""tensor_descriptor"", ""tensor_descriptor""], ""atomic_indexing"": [], ""pid_type"": ""flat""}","{""arg0_ndim"": 2, ""arg0_dim0"": 1024, ""arg0_dim1"": 36864, ""arg0_numel"": 37748736, ""arg0_dtype"": ""torch.float16"", ""arg0_dtype_size"": 2, ""arg0_dtype_cat"": 2, ""arg1_ndim"": 1, ""arg1_dim0"": 36864, ""arg1_numel"": 36864, ""arg1_dtype"": ""torch.float16"", ""arg1_dtype_size"": 2, ""arg1_dtype_cat"": 2, ""arg2_ndim"": 1, ""arg2_dim0"": 36864, ""arg2_numel"": 36864, ""arg2_dtype"": ""torch.float16"", ""arg2_dtype_size"": 2, ""arg2_dtype_cat"": 2}",0.051231998950242996
layer_norm,2547dbef7e7523af,85df12bd2fb6305f,"{""block_sizes"": [1], ""reduction_loops"": [null], ""range_unroll_factors"": [0], ""range_warp_specializes"": [null], ""range_num_stages"": [0], ""range_multi_buffers"": [null], ""range_flattens"": [null], ""load_eviction_policies"": [""first"", ""last"", ""last"", ""last"", ""first"", ""last"", ""first"", ""first""], ""num_warps"": 8, ""num_stages"": 2, ""indexing"": [""tensor_descriptor"", ""pointer"", ""tensor_descriptor"", ""tensor_descriptor"", ""pointer"", ""tensor_descriptor"", ""tensor_descriptor"", ""tensor_descriptor"", ""pointer"", ""tensor_descriptor""], ""atomic_indexing"": [], ""pid_type"": ""flat""}","{""arg0_ndim"": 2, ""arg0_dim0"": 1024, ""arg0_dim1"": 36864, ""arg0_numel"": 37748736, ""arg0_dtype"": ""torch.float16"", ""arg0_dtype_size"": 2, ""arg0_dtype_cat"": 2, ""arg1_ndim"": 1, ""arg1_dim0"": 36864, ""arg1_numel"": 36864, ""arg1_dtype"": ""torch.float16"", ""arg1_dtype_size"": 2, ""arg1_dtype_cat"": 2, ""arg2_ndim"": 1, ""arg2_dim0"": 36864, ""arg2_numel"": 36864, ""arg2_dtype"": ""torch.float16"", ""arg2_dtype_size"": 2, ""arg2_dtype_cat"": 2}",0.10451199859380722
layer_norm,2547dbef7e7523af,2052065dbe652edb,"{""block_sizes"": [1], ""reduction_loops"": [4096], ""range_unroll_factors"": [0], ""range_warp_specializes"": [null], ""range_num_stages"": [0], ""range_multi_buffers"": [null], ""range_flattens"": [null], ""load_eviction_policies"": [""last"", """", ""first"", """", """", ""last"", """", """"], ""num_warps"": 16, ""num_stages"": 2, ""indexing"": [""pointer"", ""tensor_descriptor"", ""pointer"", ""pointer"", ""pointer"", ""tensor_descriptor"", ""pointer"", ""pointer"", ""pointer"", ""pointer""], ""atomic_indexing"": [], ""pid_type"": ""flat""}","{""arg0_ndim"": 2, ""arg0_dim0"": 1024, ""arg0_dim1"": 36864, ""arg0_numel"": 37748736, ""arg0_dtype"": ""torch.float16"", ""arg0_dtype_size"": 2, ""arg0_dtype_cat"": 2, ""arg1_ndim"": 1, ""arg1_dim0"": 36864, ""arg1_numel"": 36864, ""arg1_dtype"": ""torch.float16"", ""arg1_dtype_size"": 2, ""arg1_dtype_cat"": 2, ""arg2_ndim"": 1, ""arg2_dim0"": 36864, ""arg2_numel"": 36864, ""arg2_dtype"": ""torch.float16"", ""arg2_dtype_size"": 2, ""arg2_dtype_cat"": 2}",0.04303999990224838
layer_norm,11eee46a51493b49,178e7391546ae2da,"{""block_sizes"": [1], ""reduction_loops"": [null], ""range_unroll_factors"": [0], ""range_warp_specializes"": [null], ""range_num_stages"": [0], ""range_multi_buffers"": [null], ""range_flattens"": [null], ""load_eviction_policies"": [""first"", """", ""last"", """", ""last"", ""last"", ""last"", """"], ""num_warps"": 4, ""num_stages"": 7, ""indexing"": [""pointer"", ""pointer"", ""tensor_descriptor"", ""pointer"", ""tensor_descriptor"", ""pointer"", ""tensor_descriptor"", ""pointer"", ""pointer"", ""pointer""], ""atomic_indexing"": [], ""pid_type"": ""flat""}","{""arg0_ndim"": 2, ""arg0_dim0"": 1152, ""arg0_dim1"": 36864, ""arg0_numel"": 42467328, ""arg0_dtype"": ""torch.float16"", ""arg0_dtype_size"": 2, ""arg0_dtype_cat"": 2, ""arg1_ndim"": 1, ""arg1_dim0"": 36864, ""arg1_numel"": 36864, ""arg1_dtype"": ""torch.float16"", ""arg1_dtype_size"": 2, ""arg1_dtype_cat"": 2, ""arg2_ndim"": 1, ""arg2_dim0"": 36864, ""arg2_numel"": 36864, ""arg2_dtype"": ""torch.float16"", ""arg2_dtype_size"": 2, ""arg2_dtype_cat"": 2}",0.47411200404167175
layer_norm,11eee46a51493b49,decf2056869ee2b5,"{""block_sizes"": [1], ""reduction_loops"": [1024], ""range_unroll_factors"": [0], ""range_warp_specializes"": [null], ""range_num_stages"": [0], ""range_multi_buffers"": [null], ""range_flattens"": [null], ""load_eviction_policies"": ["""", ""last"", ""first"", """", ""last"", ""first"", ""last"", ""last""], ""num_warps"": 1, ""num_stages"": 2, ""indexing"": [""pointer"", ""tensor_descriptor"", ""pointer"", ""tensor_descriptor"", ""tensor_descriptor"", ""pointer"", ""pointer"", ""pointer"", ""tensor_descriptor"", ""pointer""], ""atomic_indexing"": [], ""pid_type"": ""flat""}","{""arg0_ndim"": 2, ""arg0_dim0"": 1152, ""arg0_dim1"": 36864, ""arg0_numel"": 42467328, ""arg0_dtype"": ""torch.float16"", ""arg0_dtype_size"": 2, ""arg0_dtype_cat"": 2, ""arg1_ndim"": 1, ""arg1_dim0"": 36864, ""arg1_numel"": 36864, ""arg1_dtype"": ""torch.float16"", ""arg1_dtype_size"": 2, ""arg1_dtype_cat"": 2, ""arg2_ndim"": 1, ""arg2_dim0"": 36864, ""arg2_numel"": 36864, ""arg2_dtype"": ""torch.float16"", ""arg2_dtype_size"": 2, ""arg2_dtype_cat"": 2}",0.0798719972372055
layer_norm,11eee46a51493b49,43acbd1ca50d4ca3,"{""block_sizes"": [1], ""reduction_loops"": [null], ""range_unroll_factors"": [0], ""range_warp_specializes"": [null], ""range_num_stages"": [0], ""range_multi_buffers"": [null], ""range_flattens"": [null], ""load_eviction_policies"": [""first"", """", """", ""first"", """", ""last"", ""first"", """"], ""num_warps"": 8, ""num_stages"": 4, ""indexing"": [""pointer"", ""tensor_descriptor"", ""pointer"", ""pointer"", ""pointer"", ""pointer"", ""tensor_descriptor"", ""pointer"", ""tensor_descriptor"", ""tensor_descriptor""], ""atomic_indexing"": [], ""pid_type"": ""flat""}","{""arg0_ndim"": 2, ""arg0_dim0"": 1152, ""arg0_dim1"": 36864, ""arg0_numel"": 42467328, ""arg0_dtype"": ""torch.float16"", ""arg0_dtype_size"": 2, ""arg0_dtype_cat"": 2, ""arg1_ndim"": 1, ""arg1_dim0"": 36864, ""arg1_numel"": 36864, ""arg1_dtype"": ""torch.float16"", ""arg1_dtype_size"": 2, ""arg1_dtype_cat"": 2, ""arg2_ndim"": 1, ""arg2_dim0"": 36864, ""arg2_numel"": 36864, ""arg2_dtype"": ""torch.float16"", ""arg2_dtype_size"": 2, ""arg2_dtype_cat"": 2}",0.12294399738311768
layer_norm,11eee46a51493b49,869c54e4b955a8c6,"{""block_sizes"": [1], ""reduction_loops"": [2048], ""range_unroll_factors"": [0], ""range_warp_specializes"": [null], ""range_num_stages"": [0], ""range_multi_buffers"": [null], ""range_flattens"": [null], ""load_eviction_policies"": [""last"", """", ""first"", """", """", ""last"", """", ""last""], ""num_warps"": 8, ""num_stages"": 4, ""indexing"": [""tensor_descriptor"", ""pointer"", ""pointer"", ""tensor_descriptor"", ""pointer"", ""tensor_descriptor"", ""pointer"", ""pointer"", ""tensor_descriptor"", ""tensor_descriptor""], ""atomic_indexing"": [], ""pid_type"": ""flat""}","{""arg0_ndim"": 2, ""arg0_dim0"": 1152, ""arg0_dim1"": 36864, ""arg0_numel"": 42467328, ""arg0_dtype"": ""torch.float16"", ""arg0_dtype_size"": 2, ""arg0_dtype_cat"": 2, ""arg1_ndim"": 1, ""arg1_dim0"": 36864, ""arg1_numel"": 36864, ""arg1_dtype"": ""torch.float16"", ""arg1_dtype_size"": 2, ""arg1_dtype_cat"": 2, ""arg2_ndim"": 1, ""arg2_dim0"": 36864, ""arg2_numel"": 36864, ""arg2_dtype"": ""torch.float16"", ""arg2_dtype_size"": 2, ""arg2_dtype_cat"": 2}",0.05737600103020668
layer_norm,11eee46a51493b49,85df12bd2fb6305f,"{""block_sizes"": [1], ""reduction_loops"": [null], ""range_unroll_factors"": [0], ""range_warp_specializes"": [null], ""range_num_stages"": [0], ""range_multi_buffers"": [null], ""range_flattens"": [null], ""load_eviction_policies"": [""first"", ""last"", ""last"", ""last"", ""first"", ""last"", ""first"", ""first""], ""num_warps"": 8, ""num_stages"": 2, ""indexing"": [""tensor_descriptor"", ""pointer"", ""tensor_descriptor"", ""tensor_descriptor"", ""pointer"", ""tensor_descriptor"", ""tensor_descriptor"", ""tensor_descriptor"", ""pointer"", ""tensor_descriptor""], ""atomic_indexing"": [], ""pid_type"": ""flat""}","{""arg0_ndim"": 2, ""arg0_dim0"": 1152, ""arg0_dim1"": 36864, ""arg0_numel"": 42467328, ""arg0_dtype"": ""torch.float16"", ""arg0_dtype_size"": 2, ""arg0_dtype_cat"": 2, ""arg1_ndim"": 1, ""arg1_dim0"": 36864, ""arg1_numel"": 36864, ""arg1_dtype"": ""torch.float16"", ""arg1_dtype_size"": 2, ""arg1_dtype_cat"": 2, ""arg2_ndim"": 1, ""arg2_dim0"": 36864, ""arg2_numel"": 36864, ""arg2_dtype"": ""torch.float16"", ""arg2_dtype_size"": 2, ""arg2_dtype_cat"": 2}",0.11881600320339203
layer_norm,11eee46a51493b49,2052065dbe652edb,"{""block_sizes"": [1], ""reduction_loops"": [4096], ""range_unroll_factors"": [0], ""range_warp_specializes"": [null], ""range_num_stages"": [0], ""range_multi_buffers"": [null], ""range_flattens"": [null], ""load_eviction_policies"": [""last"", """", ""first"", """", """", ""last"", """", """"], ""num_warps"": 16, ""num_stages"": 2, ""indexing"": [""pointer"", ""tensor_descriptor"", ""pointer"", ""pointer"", ""pointer"", ""tensor_descriptor"", ""pointer"", ""pointer"", ""pointer"", ""pointer""], ""atomic_indexing"": [], ""pid_type"": ""flat""}","{""arg0_ndim"": 2, ""arg0_dim0"": 1152, ""arg0_dim1"": 36864, ""arg0_numel"": 42467328, ""arg0_dtype"": ""torch.float16"", ""arg0_dtype_size"": 2, ""arg0_dtype_cat"": 2, ""arg1_ndim"": 1, ""arg1_dim0"": 36864, ""arg1_numel"": 36864, ""arg1_dtype"": ""torch.float16"", ""arg1_dtype_size"": 2, ""arg1_dtype_cat"": 2, ""arg2_ndim"": 1, ""arg2_dim0"": 36864, ""arg2_numel"": 36864, ""arg2_dtype"": ""torch.float16"", ""arg2_dtype_size"": 2, ""arg2_dtype_cat"": 2}",0.04713600128889084
