kernel_name,shape_hash,config_hash,config,shape_features,timing_ms
grouped_gemm,3fa03e6ae844170c,3b681f3543969396,"{""block_sizes"": [1, 32, 64, 64], ""loop_orders"": [[2, 1, 0]], ""l2_groupings"": [8], ""range_unroll_factors"": [0, 2], ""range_warp_specializes"": [null, null], ""range_num_stages"": [0, 1], ""range_multi_buffers"": [null, false], ""range_flattens"": [null, false], ""load_eviction_policies"": ["""", """"], ""num_warps"": 4, ""num_stages"": 5, ""indexing"": [""tensor_descriptor"", ""pointer"", ""tensor_descriptor""], ""atomic_indexing"": [], ""pid_type"": ""flat""}","{""arg0_ndim"": 3, ""arg0_dim0"": 4, ""arg0_dim1"": 128, ""arg0_dim2"": 128, ""arg0_numel"": 65536, ""arg0_dtype"": ""torch.float16"", ""arg0_dtype_size"": 2, ""arg0_dtype_cat"": 2, ""arg1_ndim"": 3, ""arg1_dim0"": 4, ""arg1_dim1"": 128, ""arg1_dim2"": 128, ""arg1_numel"": 65536, ""arg1_dtype"": ""torch.float16"", ""arg1_dtype_size"": 2, ""arg1_dtype_cat"": 2}",0.006322003053232189
grouped_gemm,3fa03e6ae844170c,b55fd8c1a3f133dd,"{""block_sizes"": [1, 32, 64, 64], ""loop_orders"": [[2, 1, 0]], ""l2_groupings"": [32], ""range_unroll_factors"": [0, 3], ""range_warp_specializes"": [null, false], ""range_num_stages"": [0, 3], ""range_multi_buffers"": [null, true], ""range_flattens"": [null, null], ""load_eviction_policies"": [""first"", ""last""], ""num_warps"": 4, ""num_stages"": 6, ""indexing"": [""tensor_descriptor"", ""tensor_descriptor"", ""pointer""], ""atomic_indexing"": [], ""pid_type"": ""flat""}","{""arg0_ndim"": 3, ""arg0_dim0"": 4, ""arg0_dim1"": 128, ""arg0_dim2"": 128, ""arg0_numel"": 65536, ""arg0_dtype"": ""torch.float16"", ""arg0_dtype_size"": 2, ""arg0_dtype_cat"": 2, ""arg1_ndim"": 3, ""arg1_dim0"": 4, ""arg1_dim1"": 128, ""arg1_dim2"": 128, ""arg1_numel"": 65536, ""arg1_dtype"": ""torch.float16"", ""arg1_dtype_size"": 2, ""arg1_dtype_cat"": 2}",0.007461346332097381
grouped_gemm,3fa03e6ae844170c,305720e00cbf8239,"{""block_sizes"": [1, 128, 64, 128], ""loop_orders"": [[2, 1, 0]], ""l2_groupings"": [32], ""range_unroll_factors"": [0, 1], ""range_warp_specializes"": [null, false], ""range_num_stages"": [0, 2], ""range_multi_buffers"": [null, true], ""range_flattens"": [null, null], ""load_eviction_policies"": [""first"", ""last""], ""num_warps"": 8, ""num_stages"": 5, ""indexing"": [""pointer"", ""pointer"", ""pointer""], ""atomic_indexing"": [], ""pid_type"": ""flat""}","{""arg0_ndim"": 3, ""arg0_dim0"": 4, ""arg0_dim1"": 128, ""arg0_dim2"": 128, ""arg0_numel"": 65536, ""arg0_dtype"": ""torch.float16"", ""arg0_dtype_size"": 2, ""arg0_dtype_cat"": 2, ""arg1_ndim"": 3, ""arg1_dim0"": 4, ""arg1_dim1"": 128, ""arg1_dim2"": 128, ""arg1_numel"": 65536, ""arg1_dtype"": ""torch.float16"", ""arg1_dtype_size"": 2, ""arg1_dtype_cat"": 2}",0.008243398859000842
grouped_gemm,3fa03e6ae844170c,3188371a4eff6b9c,"{""block_sizes"": [1, 128, 128, 64], ""loop_orders"": [[1, 0, 2]], ""l2_groupings"": [2], ""range_unroll_factors"": [0, 0], ""range_warp_specializes"": [null, false], ""range_num_stages"": [0, 0], ""range_multi_buffers"": [null, false], ""range_flattens"": [null, null], ""load_eviction_policies"": [""last"", """"], ""num_warps"": 8, ""num_stages"": 4, ""indexing"": [""pointer"", ""tensor_descriptor"", ""tensor_descriptor""], ""atomic_indexing"": [], ""pid_type"": ""flat""}","{""arg0_ndim"": 3, ""arg0_dim0"": 4, ""arg0_dim1"": 128, ""arg0_dim2"": 128, ""arg0_numel"": 65536, ""arg0_dtype"": ""torch.float16"", ""arg0_dtype_size"": 2, ""arg0_dtype_cat"": 2, ""arg1_ndim"": 3, ""arg1_dim0"": 4, ""arg1_dim1"": 128, ""arg1_dim2"": 128, ""arg1_numel"": 65536, ""arg1_dtype"": ""torch.float16"", ""arg1_dtype_size"": 2, ""arg1_dtype_cat"": 2}",0.008234793490477288
grouped_gemm,3fa03e6ae844170c,11e3b0d9f60ae2d0,"{""block_sizes"": [1, 128, 128, 64], ""loop_orders"": [[0, 1, 2]], ""l2_groupings"": [16], ""range_unroll_factors"": [0, 0], ""range_warp_specializes"": [null, false], ""range_num_stages"": [0, 1], ""range_multi_buffers"": [null, false], ""range_flattens"": [null, true], ""load_eviction_policies"": [""first"", ""first""], ""num_warps"": 4, ""num_stages"": 4, ""indexing"": [""pointer"", ""tensor_descriptor"", ""tensor_descriptor""], ""atomic_indexing"": [], ""pid_type"": ""flat""}","{""arg0_ndim"": 3, ""arg0_dim0"": 4, ""arg0_dim1"": 128, ""arg0_dim2"": 128, ""arg0_numel"": 65536, ""arg0_dtype"": ""torch.float16"", ""arg0_dtype_size"": 2, ""arg0_dtype_cat"": 2, ""arg1_ndim"": 3, ""arg1_dim0"": 4, ""arg1_dim1"": 128, ""arg1_dim2"": 128, ""arg1_numel"": 65536, ""arg1_dtype"": ""torch.float16"", ""arg1_dtype_size"": 2, ""arg1_dtype_cat"": 2}",0.008232182289968845
grouped_gemm,3fa03e6ae844170c,803406ced7dc8161,"{""block_sizes"": [1, 128, 128, 64], ""loop_orders"": [[0, 1, 2]], ""l2_groupings"": [2], ""range_unroll_factors"": [2, 0], ""range_warp_specializes"": [null, null], ""range_num_stages"": [3, 4], ""range_multi_buffers"": [true, null], ""range_flattens"": [null, true], ""load_eviction_policies"": [""first"", ""last""], ""num_warps"": 8, ""num_stages"": 3, ""indexing"": [""tensor_descriptor"", ""tensor_descriptor"", ""tensor_descriptor""], ""atomic_indexing"": [], ""pid_type"": ""persistent_blocked"", ""num_sm_multiplier"": 16, ""maxnreg"": 256, ""epilogue_subtile"": 2}","{""arg0_ndim"": 3, ""arg0_dim0"": 4, ""arg0_dim1"": 128, ""arg0_dim2"": 128, ""arg0_numel"": 65536, ""arg0_dtype"": ""torch.float16"", ""arg0_dtype_size"": 2, ""arg0_dtype_cat"": 2, ""arg1_ndim"": 3, ""arg1_dim0"": 4, ""arg1_dim1"": 128, ""arg1_dim2"": 128, ""arg1_numel"": 65536, ""arg1_dtype"": ""torch.float16"", ""arg1_dtype_size"": 2, ""arg1_dtype_cat"": 2}",0.014615062108823976
grouped_gemm,3fa03e6ae844170c,e9df8a3759e6e83b,"{""block_sizes"": [1, 128, 128, 64], ""loop_orders"": [[1, 2, 0]], ""l2_groupings"": [4], ""range_unroll_factors"": [0, 3], ""range_warp_specializes"": [null, false], ""range_num_stages"": [0, 0], ""range_multi_buffers"": [null, false], ""range_flattens"": [null, null], ""load_eviction_policies"": [""first"", ""last""], ""num_warps"": 4, ""num_stages"": 3, ""indexing"": [""pointer"", ""tensor_descriptor"", ""pointer""], ""atomic_indexing"": [], ""pid_type"": ""flat""}","{""arg0_ndim"": 3, ""arg0_dim0"": 4, ""arg0_dim1"": 128, ""arg0_dim2"": 128, ""arg0_numel"": 65536, ""arg0_dtype"": ""torch.float16"", ""arg0_dtype_size"": 2, ""arg0_dtype_cat"": 2, ""arg1_ndim"": 3, ""arg1_dim0"": 4, ""arg1_dim1"": 128, ""arg1_dim2"": 128, ""arg1_numel"": 65536, ""arg1_dtype"": ""torch.float16"", ""arg1_dtype_size"": 2, ""arg1_dtype_cat"": 2}",0.00823511200234284
grouped_gemm,3fa03e6ae844170c,8ddee018bbb88f67,"{""block_sizes"": [1, 128, 128, 64], ""loop_orders"": [[0, 1, 2]], ""l2_groupings"": [4], ""range_unroll_factors"": [0, 0], ""range_warp_specializes"": [null, false], ""range_num_stages"": [0, 0], ""range_multi_buffers"": [null, false], ""range_flattens"": [null, false], ""load_eviction_policies"": [""last"", ""last""], ""num_warps"": 4, ""num_stages"": 3, ""indexing"": [""tensor_descriptor"", ""tensor_descriptor"", ""tensor_descriptor""], ""atomic_indexing"": [], ""pid_type"": ""flat"", ""epilogue_subtile"": 2}","{""arg0_ndim"": 3, ""arg0_dim0"": 4, ""arg0_dim1"": 128, ""arg0_dim2"": 128, ""arg0_numel"": 65536, ""arg0_dtype"": ""torch.float16"", ""arg0_dtype_size"": 2, ""arg0_dtype_cat"": 2, ""arg1_ndim"": 3, ""arg1_dim0"": 4, ""arg1_dim1"": 128, ""arg1_dim2"": 128, ""arg1_numel"": 65536, ""arg1_dtype"": ""torch.float16"", ""arg1_dtype_size"": 2, ""arg1_dtype_cat"": 2}",0.008232926008816406
grouped_gemm,5278b62305f70db8,3b681f3543969396,"{""block_sizes"": [1, 32, 64, 64], ""loop_orders"": [[2, 1, 0]], ""l2_groupings"": [8], ""range_unroll_factors"": [0, 2], ""range_warp_specializes"": [null, null], ""range_num_stages"": [0, 1], ""range_multi_buffers"": [null, false], ""range_flattens"": [null, false], ""load_eviction_policies"": ["""", """"], ""num_warps"": 4, ""num_stages"": 5, ""indexing"": [""tensor_descriptor"", ""pointer"", ""tensor_descriptor""], ""atomic_indexing"": [], ""pid_type"": ""flat""}","{""arg0_ndim"": 3, ""arg0_dim0"": 4, ""arg0_dim1"": 256, ""arg0_dim2"": 256, ""arg0_numel"": 262144, ""arg0_dtype"": ""torch.float16"", ""arg0_dtype_size"": 2, ""arg0_dtype_cat"": 2, ""arg1_ndim"": 3, ""arg1_dim0"": 4, ""arg1_dim1"": 256, ""arg1_dim2"": 256, ""arg1_numel"": 262144, ""arg1_dtype"": ""torch.float16"", ""arg1_dtype_size"": 2, ""arg1_dtype_cat"": 2}",0.008165545635545867
grouped_gemm,5278b62305f70db8,b55fd8c1a3f133dd,"{""block_sizes"": [1, 32, 64, 64], ""loop_orders"": [[2, 1, 0]], ""l2_groupings"": [32], ""range_unroll_factors"": [0, 3], ""range_warp_specializes"": [null, false], ""range_num_stages"": [0, 3], ""range_multi_buffers"": [null, true], ""range_flattens"": [null, null], ""load_eviction_policies"": [""first"", ""last""], ""num_warps"": 4, ""num_stages"": 6, ""indexing"": [""tensor_descriptor"", ""tensor_descriptor"", ""pointer""], ""atomic_indexing"": [], ""pid_type"": ""flat""}","{""arg0_ndim"": 3, ""arg0_dim0"": 4, ""arg0_dim1"": 256, ""arg0_dim2"": 256, ""arg0_numel"": 262144, ""arg0_dtype"": ""torch.float16"", ""arg0_dtype_size"": 2, ""arg0_dtype_cat"": 2, ""arg1_ndim"": 3, ""arg1_dim0"": 4, ""arg1_dim1"": 256, ""arg1_dim2"": 256, ""arg1_numel"": 262144, ""arg1_dtype"": ""torch.float16"", ""arg1_dtype_size"": 2, ""arg1_dtype_cat"": 2}",0.008170480075798226
grouped_gemm,5278b62305f70db8,305720e00cbf8239,"{""block_sizes"": [1, 128, 64, 128], ""loop_orders"": [[2, 1, 0]], ""l2_groupings"": [32], ""range_unroll_factors"": [0, 1], ""range_warp_specializes"": [null, false], ""range_num_stages"": [0, 2], ""range_multi_buffers"": [null, true], ""range_flattens"": [null, null], ""load_eviction_policies"": [""first"", ""last""], ""num_warps"": 8, ""num_stages"": 5, ""indexing"": [""pointer"", ""pointer"", ""pointer""], ""atomic_indexing"": [], ""pid_type"": ""flat""}","{""arg0_ndim"": 3, ""arg0_dim0"": 4, ""arg0_dim1"": 256, ""arg0_dim2"": 256, ""arg0_numel"": 262144, ""arg0_dtype"": ""torch.float16"", ""arg0_dtype_size"": 2, ""arg0_dtype_cat"": 2, ""arg1_ndim"": 3, ""arg1_dim0"": 4, ""arg1_dim1"": 256, ""arg1_dim2"": 256, ""arg1_numel"": 262144, ""arg1_dtype"": ""torch.float16"", ""arg1_dtype_size"": 2, ""arg1_dtype_cat"": 2}",0.0092743540959586
grouped_gemm,5278b62305f70db8,3188371a4eff6b9c,"{""block_sizes"": [1, 128, 128, 64], ""loop_orders"": [[1, 0, 2]], ""l2_groupings"": [2], ""range_unroll_factors"": [0, 0], ""range_warp_specializes"": [null, false], ""range_num_stages"": [0, 0], ""range_multi_buffers"": [null, false], ""range_flattens"": [null, null], ""load_eviction_policies"": [""last"", """"], ""num_warps"": 8, ""num_stages"": 4, ""indexing"": [""pointer"", ""tensor_descriptor"", ""tensor_descriptor""], ""atomic_indexing"": [], ""pid_type"": ""flat""}","{""arg0_ndim"": 3, ""arg0_dim0"": 4, ""arg0_dim1"": 256, ""arg0_dim2"": 256, ""arg0_numel"": 262144, ""arg0_dtype"": ""torch.float16"", ""arg0_dtype_size"": 2, ""arg0_dtype_cat"": 2, ""arg1_ndim"": 3, ""arg1_dim0"": 4, ""arg1_dim1"": 256, ""arg1_dim2"": 256, ""arg1_numel"": 262144, ""arg1_dtype"": ""torch.float16"", ""arg1_dtype_size"": 2, ""arg1_dtype_cat"": 2}",0.010185428552937751
grouped_gemm,5278b62305f70db8,11e3b0d9f60ae2d0,"{""block_sizes"": [1, 128, 128, 64], ""loop_orders"": [[0, 1, 2]], ""l2_groupings"": [16], ""range_unroll_factors"": [0, 0], ""range_warp_specializes"": [null, false], ""range_num_stages"": [0, 1], ""range_multi_buffers"": [null, false], ""range_flattens"": [null, true], ""load_eviction_policies"": [""first"", ""first""], ""num_warps"": 4, ""num_stages"": 4, ""indexing"": [""pointer"", ""tensor_descriptor"", ""tensor_descriptor""], ""atomic_indexing"": [], ""pid_type"": ""flat""}","{""arg0_ndim"": 3, ""arg0_dim0"": 4, ""arg0_dim1"": 256, ""arg0_dim2"": 256, ""arg0_numel"": 262144, ""arg0_dtype"": ""torch.float16"", ""arg0_dtype_size"": 2, ""arg0_dtype_cat"": 2, ""arg1_ndim"": 3, ""arg1_dim0"": 4, ""arg1_dim1"": 256, ""arg1_dim2"": 256, ""arg1_numel"": 262144, ""arg1_dtype"": ""torch.float16"", ""arg1_dtype_size"": 2, ""arg1_dtype_cat"": 2}",0.010162473995007188
grouped_gemm,5278b62305f70db8,803406ced7dc8161,"{""block_sizes"": [1, 128, 128, 64], ""loop_orders"": [[0, 1, 2]], ""l2_groupings"": [2], ""range_unroll_factors"": [2, 0], ""range_warp_specializes"": [null, null], ""range_num_stages"": [3, 4], ""range_multi_buffers"": [true, null], ""range_flattens"": [null, true], ""load_eviction_policies"": [""first"", ""last""], ""num_warps"": 8, ""num_stages"": 3, ""indexing"": [""tensor_descriptor"", ""tensor_descriptor"", ""tensor_descriptor""], ""atomic_indexing"": [], ""pid_type"": ""persistent_blocked"", ""num_sm_multiplier"": 16, ""maxnreg"": 256, ""epilogue_subtile"": 2}","{""arg0_ndim"": 3, ""arg0_dim0"": 4, ""arg0_dim1"": 256, ""arg0_dim2"": 256, ""arg0_numel"": 262144, ""arg0_dtype"": ""torch.float16"", ""arg0_dtype_size"": 2, ""arg0_dtype_cat"": 2, ""arg1_ndim"": 3, ""arg1_dim0"": 4, ""arg1_dim1"": 256, ""arg1_dim2"": 256, ""arg1_numel"": 262144, ""arg1_dtype"": ""torch.float16"", ""arg1_dtype_size"": 2, ""arg1_dtype_cat"": 2}",0.015951239218752862
grouped_gemm,5278b62305f70db8,e9df8a3759e6e83b,"{""block_sizes"": [1, 128, 128, 64], ""loop_orders"": [[1, 2, 0]], ""l2_groupings"": [4], ""range_unroll_factors"": [0, 3], ""range_warp_specializes"": [null, false], ""range_num_stages"": [0, 0], ""range_multi_buffers"": [null, false], ""range_flattens"": [null, null], ""load_eviction_policies"": [""first"", ""last""], ""num_warps"": 4, ""num_stages"": 3, ""indexing"": [""pointer"", ""tensor_descriptor"", ""pointer""], ""atomic_indexing"": [], ""pid_type"": ""flat""}","{""arg0_ndim"": 3, ""arg0_dim0"": 4, ""arg0_dim1"": 256, ""arg0_dim2"": 256, ""arg0_numel"": 262144, ""arg0_dtype"": ""torch.float16"", ""arg0_dtype_size"": 2, ""arg0_dtype_cat"": 2, ""arg1_ndim"": 3, ""arg1_dim0"": 4, ""arg1_dim1"": 256, ""arg1_dim2"": 256, ""arg1_numel"": 262144, ""arg1_dtype"": ""torch.float16"", ""arg1_dtype_size"": 2, ""arg1_dtype_cat"": 2}",0.010229938112669769
grouped_gemm,5278b62305f70db8,8ddee018bbb88f67,"{""block_sizes"": [1, 128, 128, 64], ""loop_orders"": [[0, 1, 2]], ""l2_groupings"": [4], ""range_unroll_factors"": [0, 0], ""range_warp_specializes"": [null, false], ""range_num_stages"": [0, 0], ""range_multi_buffers"": [null, false], ""range_flattens"": [null, false], ""load_eviction_policies"": [""last"", ""last""], ""num_warps"": 4, ""num_stages"": 3, ""indexing"": [""tensor_descriptor"", ""tensor_descriptor"", ""tensor_descriptor""], ""atomic_indexing"": [], ""pid_type"": ""flat"", ""epilogue_subtile"": 2}","{""arg0_ndim"": 3, ""arg0_dim0"": 4, ""arg0_dim1"": 256, ""arg0_dim2"": 256, ""arg0_numel"": 262144, ""arg0_dtype"": ""torch.float16"", ""arg0_dtype_size"": 2, ""arg0_dtype_cat"": 2, ""arg1_ndim"": 3, ""arg1_dim0"": 4, ""arg1_dim1"": 256, ""arg1_dim2"": 256, ""arg1_numel"": 262144, ""arg1_dtype"": ""torch.float16"", ""arg1_dtype_size"": 2, ""arg1_dtype_cat"": 2}",0.010234187354753357
grouped_gemm,835e7537d98ccf40,3b681f3543969396,"{""block_sizes"": [1, 32, 64, 64], ""loop_orders"": [[2, 1, 0]], ""l2_groupings"": [8], ""range_unroll_factors"": [0, 2], ""range_warp_specializes"": [null, null], ""range_num_stages"": [0, 1], ""range_multi_buffers"": [null, false], ""range_flattens"": [null, false], ""load_eviction_policies"": ["""", """"], ""num_warps"": 4, ""num_stages"": 5, ""indexing"": [""tensor_descriptor"", ""pointer"", ""tensor_descriptor""], ""atomic_indexing"": [], ""pid_type"": ""flat""}","{""arg0_ndim"": 3, ""arg0_dim0"": 4, ""arg0_dim1"": 512, ""arg0_dim2"": 512, ""arg0_numel"": 1048576, ""arg0_dtype"": ""torch.float16"", ""arg0_dtype_size"": 2, ""arg0_dtype_cat"": 2, ""arg1_ndim"": 3, ""arg1_dim0"": 4, ""arg1_dim1"": 512, ""arg1_dim2"": 512, ""arg1_numel"": 1048576, ""arg1_dtype"": ""torch.float16"", ""arg1_dtype_size"": 2, ""arg1_dtype_cat"": 2}",0.018416115615559843
grouped_gemm,835e7537d98ccf40,b55fd8c1a3f133dd,"{""block_sizes"": [1, 32, 64, 64], ""loop_orders"": [[2, 1, 0]], ""l2_groupings"": [32], ""range_unroll_factors"": [0, 3], ""range_warp_specializes"": [null, false], ""range_num_stages"": [0, 3], ""range_multi_buffers"": [null, true], ""range_flattens"": [null, null], ""load_eviction_policies"": [""first"", ""last""], ""num_warps"": 4, ""num_stages"": 6, ""indexing"": [""tensor_descriptor"", ""tensor_descriptor"", ""pointer""], ""atomic_indexing"": [], ""pid_type"": ""flat""}","{""arg0_ndim"": 3, ""arg0_dim0"": 4, ""arg0_dim1"": 512, ""arg0_dim2"": 512, ""arg0_numel"": 1048576, ""arg0_dtype"": ""torch.float16"", ""arg0_dtype_size"": 2, ""arg0_dtype_cat"": 2, ""arg1_ndim"": 3, ""arg1_dim0"": 4, ""arg1_dim1"": 512, ""arg1_dim2"": 512, ""arg1_numel"": 1048576, ""arg1_dtype"": ""torch.float16"", ""arg1_dtype_size"": 2, ""arg1_dtype_cat"": 2}",0.01730231775000201
grouped_gemm,835e7537d98ccf40,305720e00cbf8239,"{""block_sizes"": [1, 128, 64, 128], ""loop_orders"": [[2, 1, 0]], ""l2_groupings"": [32], ""range_unroll_factors"": [0, 1], ""range_warp_specializes"": [null, false], ""range_num_stages"": [0, 2], ""range_multi_buffers"": [null, true], ""range_flattens"": [null, null], ""load_eviction_policies"": [""first"", ""last""], ""num_warps"": 8, ""num_stages"": 5, ""indexing"": [""pointer"", ""pointer"", ""pointer""], ""atomic_indexing"": [], ""pid_type"": ""flat""}","{""arg0_ndim"": 3, ""arg0_dim0"": 4, ""arg0_dim1"": 512, ""arg0_dim2"": 512, ""arg0_numel"": 1048576, ""arg0_dtype"": ""torch.float16"", ""arg0_dtype_size"": 2, ""arg0_dtype_cat"": 2, ""arg1_ndim"": 3, ""arg1_dim0"": 4, ""arg1_dim1"": 512, ""arg1_dim2"": 512, ""arg1_numel"": 1048576, ""arg1_dtype"": ""torch.float16"", ""arg1_dtype_size"": 2, ""arg1_dtype_cat"": 2}",0.012281502413806917
grouped_gemm,835e7537d98ccf40,3188371a4eff6b9c,"{""block_sizes"": [1, 128, 128, 64], ""loop_orders"": [[1, 0, 2]], ""l2_groupings"": [2], ""range_unroll_factors"": [0, 0], ""range_warp_specializes"": [null, false], ""range_num_stages"": [0, 0], ""range_multi_buffers"": [null, false], ""range_flattens"": [null, null], ""load_eviction_policies"": [""last"", """"], ""num_warps"": 8, ""num_stages"": 4, ""indexing"": [""pointer"", ""tensor_descriptor"", ""tensor_descriptor""], ""atomic_indexing"": [], ""pid_type"": ""flat""}","{""arg0_ndim"": 3, ""arg0_dim0"": 4, ""arg0_dim1"": 512, ""arg0_dim2"": 512, ""arg0_numel"": 1048576, ""arg0_dtype"": ""torch.float16"", ""arg0_dtype_size"": 2, ""arg0_dtype_cat"": 2, ""arg1_ndim"": 3, ""arg1_dim0"": 4, ""arg1_dim1"": 512, ""arg1_dim2"": 512, ""arg1_numel"": 1048576, ""arg1_dtype"": ""torch.float16"", ""arg1_dtype_size"": 2, ""arg1_dtype_cat"": 2}",0.012291509453219341
grouped_gemm,835e7537d98ccf40,11e3b0d9f60ae2d0,"{""block_sizes"": [1, 128, 128, 64], ""loop_orders"": [[0, 1, 2]], ""l2_groupings"": [16], ""range_unroll_factors"": [0, 0], ""range_warp_specializes"": [null, false], ""range_num_stages"": [0, 1], ""range_multi_buffers"": [null, false], ""range_flattens"": [null, true], ""load_eviction_policies"": [""first"", ""first""], ""num_warps"": 4, ""num_stages"": 4, ""indexing"": [""pointer"", ""tensor_descriptor"", ""tensor_descriptor""], ""atomic_indexing"": [], ""pid_type"": ""flat""}","{""arg0_ndim"": 3, ""arg0_dim0"": 4, ""arg0_dim1"": 512, ""arg0_dim2"": 512, ""arg0_numel"": 1048576, ""arg0_dtype"": ""torch.float16"", ""arg0_dtype_size"": 2, ""arg0_dtype_cat"": 2, ""arg1_ndim"": 3, ""arg1_dim0"": 4, ""arg1_dim1"": 512, ""arg1_dim2"": 512, ""arg1_numel"": 1048576, ""arg1_dtype"": ""torch.float16"", ""arg1_dtype_size"": 2, ""arg1_dtype_cat"": 2}",0.012204569201977527
grouped_gemm,835e7537d98ccf40,803406ced7dc8161,"{""block_sizes"": [1, 128, 128, 64], ""loop_orders"": [[0, 1, 2]], ""l2_groupings"": [2], ""range_unroll_factors"": [2, 0], ""range_warp_specializes"": [null, null], ""range_num_stages"": [3, 4], ""range_multi_buffers"": [true, null], ""range_flattens"": [null, true], ""load_eviction_policies"": [""first"", ""last""], ""num_warps"": 8, ""num_stages"": 3, ""indexing"": [""tensor_descriptor"", ""tensor_descriptor"", ""tensor_descriptor""], ""atomic_indexing"": [], ""pid_type"": ""persistent_blocked"", ""num_sm_multiplier"": 16, ""maxnreg"": 256, ""epilogue_subtile"": 2}","{""arg0_ndim"": 3, ""arg0_dim0"": 4, ""arg0_dim1"": 512, ""arg0_dim2"": 512, ""arg0_numel"": 1048576, ""arg0_dtype"": ""torch.float16"", ""arg0_dtype_size"": 2, ""arg0_dtype_cat"": 2, ""arg1_ndim"": 3, ""arg1_dim0"": 4, ""arg1_dim1"": 512, ""arg1_dim2"": 512, ""arg1_numel"": 1048576, ""arg1_dtype"": ""torch.float16"", ""arg1_dtype_size"": 2, ""arg1_dtype_cat"": 2}",0.016422044503744
grouped_gemm,835e7537d98ccf40,e9df8a3759e6e83b,"{""block_sizes"": [1, 128, 128, 64], ""loop_orders"": [[1, 2, 0]], ""l2_groupings"": [4], ""range_unroll_factors"": [0, 3], ""range_warp_specializes"": [null, false], ""range_num_stages"": [0, 0], ""range_multi_buffers"": [null, false], ""range_flattens"": [null, null], ""load_eviction_policies"": [""first"", ""last""], ""num_warps"": 4, ""num_stages"": 3, ""indexing"": [""pointer"", ""tensor_descriptor"", ""pointer""], ""atomic_indexing"": [], ""pid_type"": ""flat""}","{""arg0_ndim"": 3, ""arg0_dim0"": 4, ""arg0_dim1"": 512, ""arg0_dim2"": 512, ""arg0_numel"": 1048576, ""arg0_dtype"": ""torch.float16"", ""arg0_dtype_size"": 2, ""arg0_dtype_cat"": 2, ""arg1_ndim"": 3, ""arg1_dim0"": 4, ""arg1_dim1"": 512, ""arg1_dim2"": 512, ""arg1_numel"": 1048576, ""arg1_dtype"": ""torch.float16"", ""arg1_dtype_size"": 2, ""arg1_dtype_cat"": 2}",0.012302414075153065
grouped_gemm,835e7537d98ccf40,8ddee018bbb88f67,"{""block_sizes"": [1, 128, 128, 64], ""loop_orders"": [[0, 1, 2]], ""l2_groupings"": [4], ""range_unroll_factors"": [0, 0], ""range_warp_specializes"": [null, false], ""range_num_stages"": [0, 0], ""range_multi_buffers"": [null, false], ""range_flattens"": [null, false], ""load_eviction_policies"": [""last"", ""last""], ""num_warps"": 4, ""num_stages"": 3, ""indexing"": [""tensor_descriptor"", ""tensor_descriptor"", ""tensor_descriptor""], ""atomic_indexing"": [], ""pid_type"": ""flat"", ""epilogue_subtile"": 2}","{""arg0_ndim"": 3, ""arg0_dim0"": 4, ""arg0_dim1"": 512, ""arg0_dim2"": 512, ""arg0_numel"": 1048576, ""arg0_dtype"": ""torch.float16"", ""arg0_dtype_size"": 2, ""arg0_dtype_cat"": 2, ""arg1_ndim"": 3, ""arg1_dim0"": 4, ""arg1_dim1"": 512, ""arg1_dim2"": 512, ""arg1_numel"": 1048576, ""arg1_dtype"": ""torch.float16"", ""arg1_dtype_size"": 2, ""arg1_dtype_cat"": 2}",0.012299532929572882
grouped_gemm,4fe0edb0784ffb8f,3b681f3543969396,"{""block_sizes"": [1, 32, 64, 64], ""loop_orders"": [[2, 1, 0]], ""l2_groupings"": [8], ""range_unroll_factors"": [0, 2], ""range_warp_specializes"": [null, null], ""range_num_stages"": [0, 1], ""range_multi_buffers"": [null, false], ""range_flattens"": [null, false], ""load_eviction_policies"": ["""", """"], ""num_warps"": 4, ""num_stages"": 5, ""indexing"": [""tensor_descriptor"", ""pointer"", ""tensor_descriptor""], ""atomic_indexing"": [], ""pid_type"": ""flat""}","{""arg0_ndim"": 3, ""arg0_dim0"": 4, ""arg0_dim1"": 1024, ""arg0_dim2"": 1024, ""arg0_numel"": 4194304, ""arg0_dtype"": ""torch.float16"", ""arg0_dtype_size"": 2, ""arg0_dtype_cat"": 2, ""arg1_ndim"": 3, ""arg1_dim0"": 4, ""arg1_dim1"": 1024, ""arg1_dim2"": 1024, ""arg1_numel"": 4194304, ""arg1_dtype"": ""torch.float16"", ""arg1_dtype_size"": 2, ""arg1_dtype_cat"": 2}",0.07161041714583233
grouped_gemm,4fe0edb0784ffb8f,b55fd8c1a3f133dd,"{""block_sizes"": [1, 32, 64, 64], ""loop_orders"": [[2, 1, 0]], ""l2_groupings"": [32], ""range_unroll_factors"": [0, 3], ""range_warp_specializes"": [null, false], ""range_num_stages"": [0, 3], ""range_multi_buffers"": [null, true], ""range_flattens"": [null, null], ""load_eviction_policies"": [""first"", ""last""], ""num_warps"": 4, ""num_stages"": 6, ""indexing"": [""tensor_descriptor"", ""tensor_descriptor"", ""pointer""], ""atomic_indexing"": [], ""pid_type"": ""flat""}","{""arg0_ndim"": 3, ""arg0_dim0"": 4, ""arg0_dim1"": 1024, ""arg0_dim2"": 1024, ""arg0_numel"": 4194304, ""arg0_dtype"": ""torch.float16"", ""arg0_dtype_size"": 2, ""arg0_dtype_cat"": 2, ""arg1_ndim"": 3, ""arg1_dim0"": 4, ""arg1_dim1"": 1024, ""arg1_dim2"": 1024, ""arg1_numel"": 4194304, ""arg1_dtype"": ""torch.float16"", ""arg1_dtype_size"": 2, ""arg1_dtype_cat"": 2}",0.07112255767456391
grouped_gemm,4fe0edb0784ffb8f,305720e00cbf8239,"{""block_sizes"": [1, 128, 64, 128], ""loop_orders"": [[2, 1, 0]], ""l2_groupings"": [32], ""range_unroll_factors"": [0, 1], ""range_warp_specializes"": [null, false], ""range_num_stages"": [0, 2], ""range_multi_buffers"": [null, true], ""range_flattens"": [null, null], ""load_eviction_policies"": [""first"", ""last""], ""num_warps"": 8, ""num_stages"": 5, ""indexing"": [""pointer"", ""pointer"", ""pointer""], ""atomic_indexing"": [], ""pid_type"": ""flat""}","{""arg0_ndim"": 3, ""arg0_dim0"": 4, ""arg0_dim1"": 1024, ""arg0_dim2"": 1024, ""arg0_numel"": 4194304, ""arg0_dtype"": ""torch.float16"", ""arg0_dtype_size"": 2, ""arg0_dtype_cat"": 2, ""arg1_ndim"": 3, ""arg1_dim0"": 4, ""arg1_dim1"": 1024, ""arg1_dim2"": 1024, ""arg1_numel"": 4194304, ""arg1_dtype"": ""torch.float16"", ""arg1_dtype_size"": 2, ""arg1_dtype_cat"": 2}",0.026693767411603384
grouped_gemm,4fe0edb0784ffb8f,3188371a4eff6b9c,"{""block_sizes"": [1, 128, 128, 64], ""loop_orders"": [[1, 0, 2]], ""l2_groupings"": [2], ""range_unroll_factors"": [0, 0], ""range_warp_specializes"": [null, false], ""range_num_stages"": [0, 0], ""range_multi_buffers"": [null, false], ""range_flattens"": [null, null], ""load_eviction_policies"": [""last"", """"], ""num_warps"": 8, ""num_stages"": 4, ""indexing"": [""pointer"", ""tensor_descriptor"", ""tensor_descriptor""], ""atomic_indexing"": [], ""pid_type"": ""flat""}","{""arg0_ndim"": 3, ""arg0_dim0"": 4, ""arg0_dim1"": 1024, ""arg0_dim2"": 1024, ""arg0_numel"": 4194304, ""arg0_dtype"": ""torch.float16"", ""arg0_dtype_size"": 2, ""arg0_dtype_cat"": 2, ""arg1_ndim"": 3, ""arg1_dim0"": 4, ""arg1_dim1"": 1024, ""arg1_dim2"": 1024, ""arg1_numel"": 4194304, ""arg1_dtype"": ""torch.float16"", ""arg1_dtype_size"": 2, ""arg1_dtype_cat"": 2}",0.018466142660054065
grouped_gemm,4fe0edb0784ffb8f,11e3b0d9f60ae2d0,"{""block_sizes"": [1, 128, 128, 64], ""loop_orders"": [[0, 1, 2]], ""l2_groupings"": [16], ""range_unroll_factors"": [0, 0], ""range_warp_specializes"": [null, false], ""range_num_stages"": [0, 1], ""range_multi_buffers"": [null, false], ""range_flattens"": [null, true], ""load_eviction_policies"": [""first"", ""first""], ""num_warps"": 4, ""num_stages"": 4, ""indexing"": [""pointer"", ""tensor_descriptor"", ""tensor_descriptor""], ""atomic_indexing"": [], ""pid_type"": ""flat""}","{""arg0_ndim"": 3, ""arg0_dim0"": 4, ""arg0_dim1"": 1024, ""arg0_dim2"": 1024, ""arg0_numel"": 4194304, ""arg0_dtype"": ""torch.float16"", ""arg0_dtype_size"": 2, ""arg0_dtype_cat"": 2, ""arg1_ndim"": 3, ""arg1_dim0"": 4, ""arg1_dim1"": 1024, ""arg1_dim2"": 1024, ""arg1_numel"": 4194304, ""arg1_dtype"": ""torch.float16"", ""arg1_dtype_size"": 2, ""arg1_dtype_cat"": 2}",0.01844907632609557
grouped_gemm,4fe0edb0784ffb8f,803406ced7dc8161,"{""block_sizes"": [1, 128, 128, 64], ""loop_orders"": [[0, 1, 2]], ""l2_groupings"": [2], ""range_unroll_factors"": [2, 0], ""range_warp_specializes"": [null, null], ""range_num_stages"": [3, 4], ""range_multi_buffers"": [true, null], ""range_flattens"": [null, true], ""load_eviction_policies"": [""first"", ""last""], ""num_warps"": 8, ""num_stages"": 3, ""indexing"": [""tensor_descriptor"", ""tensor_descriptor"", ""tensor_descriptor""], ""atomic_indexing"": [], ""pid_type"": ""persistent_blocked"", ""num_sm_multiplier"": 16, ""maxnreg"": 256, ""epilogue_subtile"": 2}","{""arg0_ndim"": 3, ""arg0_dim0"": 4, ""arg0_dim1"": 1024, ""arg0_dim2"": 1024, ""arg0_numel"": 4194304, ""arg0_dtype"": ""torch.float16"", ""arg0_dtype_size"": 2, ""arg0_dtype_cat"": 2, ""arg1_ndim"": 3, ""arg1_dim0"": 4, ""arg1_dim1"": 1024, ""arg1_dim2"": 1024, ""arg1_numel"": 4194304, ""arg1_dtype"": ""torch.float16"", ""arg1_dtype_size"": 2, ""arg1_dtype_cat"": 2}",0.025407520789163383
grouped_gemm,4fe0edb0784ffb8f,e9df8a3759e6e83b,"{""block_sizes"": [1, 128, 128, 64], ""loop_orders"": [[1, 2, 0]], ""l2_groupings"": [4], ""range_unroll_factors"": [0, 3], ""range_warp_specializes"": [null, false], ""range_num_stages"": [0, 0], ""range_multi_buffers"": [null, false], ""range_flattens"": [null, null], ""load_eviction_policies"": [""first"", ""last""], ""num_warps"": 4, ""num_stages"": 3, ""indexing"": [""pointer"", ""tensor_descriptor"", ""pointer""], ""atomic_indexing"": [], ""pid_type"": ""flat""}","{""arg0_ndim"": 3, ""arg0_dim0"": 4, ""arg0_dim1"": 1024, ""arg0_dim2"": 1024, ""arg0_numel"": 4194304, ""arg0_dtype"": ""torch.float16"", ""arg0_dtype_size"": 2, ""arg0_dtype_cat"": 2, ""arg1_ndim"": 3, ""arg1_dim0"": 4, ""arg1_dim1"": 1024, ""arg1_dim2"": 1024, ""arg1_numel"": 4194304, ""arg1_dtype"": ""torch.float16"", ""arg1_dtype_size"": 2, ""arg1_dtype_cat"": 2}",0.01860327643816506
grouped_gemm,4fe0edb0784ffb8f,8ddee018bbb88f67,"{""block_sizes"": [1, 128, 128, 64], ""loop_orders"": [[0, 1, 2]], ""l2_groupings"": [4], ""range_unroll_factors"": [0, 0], ""range_warp_specializes"": [null, false], ""range_num_stages"": [0, 0], ""range_multi_buffers"": [null, false], ""range_flattens"": [null, false], ""load_eviction_policies"": [""last"", ""last""], ""num_warps"": 4, ""num_stages"": 3, ""indexing"": [""tensor_descriptor"", ""tensor_descriptor"", ""tensor_descriptor""], ""atomic_indexing"": [], ""pid_type"": ""flat"", ""epilogue_subtile"": 2}","{""arg0_ndim"": 3, ""arg0_dim0"": 4, ""arg0_dim1"": 1024, ""arg0_dim2"": 1024, ""arg0_numel"": 4194304, ""arg0_dtype"": ""torch.float16"", ""arg0_dtype_size"": 2, ""arg0_dtype_cat"": 2, ""arg1_ndim"": 3, ""arg1_dim0"": 4, ""arg1_dim1"": 1024, ""arg1_dim2"": 1024, ""arg1_numel"": 4194304, ""arg1_dtype"": ""torch.float16"", ""arg1_dtype_size"": 2, ""arg1_dtype_cat"": 2}",0.018459766365217362
grouped_gemm,c22ca5846c9ddbc3,3b681f3543969396,"{""block_sizes"": [1, 32, 64, 64], ""loop_orders"": [[2, 1, 0]], ""l2_groupings"": [8], ""range_unroll_factors"": [0, 2], ""range_warp_specializes"": [null, null], ""range_num_stages"": [0, 1], ""range_multi_buffers"": [null, false], ""range_flattens"": [null, false], ""load_eviction_policies"": ["""", """"], ""num_warps"": 4, ""num_stages"": 5, ""indexing"": [""tensor_descriptor"", ""pointer"", ""tensor_descriptor""], ""atomic_indexing"": [], ""pid_type"": ""flat""}","{""arg0_ndim"": 3, ""arg0_dim0"": 4, ""arg0_dim1"": 128, ""arg0_dim2"": 8192, ""arg0_numel"": 4194304, ""arg0_dtype"": ""torch.float16"", ""arg0_dtype_size"": 2, ""arg0_dtype_cat"": 2, ""arg1_ndim"": 3, ""arg1_dim0"": 4, ""arg1_dim1"": 8192, ""arg1_dim2"": 8192, ""arg1_numel"": 268435456, ""arg1_dtype"": ""torch.float16"", ""arg1_dtype_size"": 2, ""arg1_dtype_cat"": 2}",0.571440502907495
grouped_gemm,c22ca5846c9ddbc3,b55fd8c1a3f133dd,"{""block_sizes"": [1, 32, 64, 64], ""loop_orders"": [[2, 1, 0]], ""l2_groupings"": [32], ""range_unroll_factors"": [0, 3], ""range_warp_specializes"": [null, false], ""range_num_stages"": [0, 3], ""range_multi_buffers"": [null, true], ""range_flattens"": [null, null], ""load_eviction_policies"": [""first"", ""last""], ""num_warps"": 4, ""num_stages"": 6, ""indexing"": [""tensor_descriptor"", ""tensor_descriptor"", ""pointer""], ""atomic_indexing"": [], ""pid_type"": ""flat""}","{""arg0_ndim"": 3, ""arg0_dim0"": 4, ""arg0_dim1"": 128, ""arg0_dim2"": 8192, ""arg0_numel"": 4194304, ""arg0_dtype"": ""torch.float16"", ""arg0_dtype_size"": 2, ""arg0_dtype_cat"": 2, ""arg1_ndim"": 3, ""arg1_dim0"": 4, ""arg1_dim1"": 8192, ""arg1_dim2"": 8192, ""arg1_numel"": 268435456, ""arg1_dtype"": ""torch.float16"", ""arg1_dtype_size"": 2, ""arg1_dtype_cat"": 2}",0.5832203084077591
grouped_gemm,c22ca5846c9ddbc3,305720e00cbf8239,"{""block_sizes"": [1, 128, 64, 128], ""loop_orders"": [[2, 1, 0]], ""l2_groupings"": [32], ""range_unroll_factors"": [0, 1], ""range_warp_specializes"": [null, false], ""range_num_stages"": [0, 2], ""range_multi_buffers"": [null, true], ""range_flattens"": [null, null], ""load_eviction_policies"": [""first"", ""last""], ""num_warps"": 8, ""num_stages"": 5, ""indexing"": [""pointer"", ""pointer"", ""pointer""], ""atomic_indexing"": [], ""pid_type"": ""flat""}","{""arg0_ndim"": 3, ""arg0_dim0"": 4, ""arg0_dim1"": 128, ""arg0_dim2"": 8192, ""arg0_numel"": 4194304, ""arg0_dtype"": ""torch.float16"", ""arg0_dtype_size"": 2, ""arg0_dtype_cat"": 2, ""arg1_ndim"": 3, ""arg1_dim0"": 4, ""arg1_dim1"": 8192, ""arg1_dim2"": 8192, ""arg1_numel"": 268435456, ""arg1_dtype"": ""torch.float16"", ""arg1_dtype_size"": 2, ""arg1_dtype_cat"": 2}",0.18414115561624048
grouped_gemm,c22ca5846c9ddbc3,3188371a4eff6b9c,"{""block_sizes"": [1, 128, 128, 64], ""loop_orders"": [[1, 0, 2]], ""l2_groupings"": [2], ""range_unroll_factors"": [0, 0], ""range_warp_specializes"": [null, false], ""range_num_stages"": [0, 0], ""range_multi_buffers"": [null, false], ""range_flattens"": [null, null], ""load_eviction_policies"": [""last"", """"], ""num_warps"": 8, ""num_stages"": 4, ""indexing"": [""pointer"", ""tensor_descriptor"", ""tensor_descriptor""], ""atomic_indexing"": [], ""pid_type"": ""flat""}","{""arg0_ndim"": 3, ""arg0_dim0"": 4, ""arg0_dim1"": 128, ""arg0_dim2"": 8192, ""arg0_numel"": 4194304, ""arg0_dtype"": ""torch.float16"", ""arg0_dtype_size"": 2, ""arg0_dtype_cat"": 2, ""arg1_ndim"": 3, ""arg1_dim0"": 4, ""arg1_dim1"": 8192, ""arg1_dim2"": 8192, ""arg1_numel"": 268435456, ""arg1_dtype"": ""torch.float16"", ""arg1_dtype_size"": 2, ""arg1_dtype_cat"": 2}",0.11523923904955484
grouped_gemm,c22ca5846c9ddbc3,11e3b0d9f60ae2d0,"{""block_sizes"": [1, 128, 128, 64], ""loop_orders"": [[0, 1, 2]], ""l2_groupings"": [16], ""range_unroll_factors"": [0, 0], ""range_warp_specializes"": [null, false], ""range_num_stages"": [0, 1], ""range_multi_buffers"": [null, false], ""range_flattens"": [null, true], ""load_eviction_policies"": [""first"", ""first""], ""num_warps"": 4, ""num_stages"": 4, ""indexing"": [""pointer"", ""tensor_descriptor"", ""tensor_descriptor""], ""atomic_indexing"": [], ""pid_type"": ""flat""}","{""arg0_ndim"": 3, ""arg0_dim0"": 4, ""arg0_dim1"": 128, ""arg0_dim2"": 8192, ""arg0_numel"": 4194304, ""arg0_dtype"": ""torch.float16"", ""arg0_dtype_size"": 2, ""arg0_dtype_cat"": 2, ""arg1_ndim"": 3, ""arg1_dim0"": 4, ""arg1_dim1"": 8192, ""arg1_dim2"": 8192, ""arg1_numel"": 268435456, ""arg1_dtype"": ""torch.float16"", ""arg1_dtype_size"": 2, ""arg1_dtype_cat"": 2}",0.11668605156766816
grouped_gemm,c22ca5846c9ddbc3,803406ced7dc8161,"{""block_sizes"": [1, 128, 128, 64], ""loop_orders"": [[0, 1, 2]], ""l2_groupings"": [2], ""range_unroll_factors"": [2, 0], ""range_warp_specializes"": [null, null], ""range_num_stages"": [3, 4], ""range_multi_buffers"": [true, null], ""range_flattens"": [null, true], ""load_eviction_policies"": [""first"", ""last""], ""num_warps"": 8, ""num_stages"": 3, ""indexing"": [""tensor_descriptor"", ""tensor_descriptor"", ""tensor_descriptor""], ""atomic_indexing"": [], ""pid_type"": ""persistent_blocked"", ""num_sm_multiplier"": 16, ""maxnreg"": 256, ""epilogue_subtile"": 2}","{""arg0_ndim"": 3, ""arg0_dim0"": 4, ""arg0_dim1"": 128, ""arg0_dim2"": 8192, ""arg0_numel"": 4194304, ""arg0_dtype"": ""torch.float16"", ""arg0_dtype_size"": 2, ""arg0_dtype_cat"": 2, ""arg1_ndim"": 3, ""arg1_dim0"": 4, ""arg1_dim1"": 8192, ""arg1_dim2"": 8192, ""arg1_numel"": 268435456, ""arg1_dtype"": ""torch.float16"", ""arg1_dtype_size"": 2, ""arg1_dtype_cat"": 2}",0.12048171103050477
grouped_gemm,c22ca5846c9ddbc3,e9df8a3759e6e83b,"{""block_sizes"": [1, 128, 128, 64], ""loop_orders"": [[1, 2, 0]], ""l2_groupings"": [4], ""range_unroll_factors"": [0, 3], ""range_warp_specializes"": [null, false], ""range_num_stages"": [0, 0], ""range_multi_buffers"": [null, false], ""range_flattens"": [null, null], ""load_eviction_policies"": [""first"", ""last""], ""num_warps"": 4, ""num_stages"": 3, ""indexing"": [""pointer"", ""tensor_descriptor"", ""pointer""], ""atomic_indexing"": [], ""pid_type"": ""flat""}","{""arg0_ndim"": 3, ""arg0_dim0"": 4, ""arg0_dim1"": 128, ""arg0_dim2"": 8192, ""arg0_numel"": 4194304, ""arg0_dtype"": ""torch.float16"", ""arg0_dtype_size"": 2, ""arg0_dtype_cat"": 2, ""arg1_ndim"": 3, ""arg1_dim0"": 4, ""arg1_dim1"": 8192, ""arg1_dim2"": 8192, ""arg1_numel"": 268435456, ""arg1_dtype"": ""torch.float16"", ""arg1_dtype_size"": 2, ""arg1_dtype_cat"": 2}",0.12644221707926812
grouped_gemm,c22ca5846c9ddbc3,8ddee018bbb88f67,"{""block_sizes"": [1, 128, 128, 64], ""loop_orders"": [[0, 1, 2]], ""l2_groupings"": [4], ""range_unroll_factors"": [0, 0], ""range_warp_specializes"": [null, false], ""range_num_stages"": [0, 0], ""range_multi_buffers"": [null, false], ""range_flattens"": [null, false], ""load_eviction_policies"": [""last"", ""last""], ""num_warps"": 4, ""num_stages"": 3, ""indexing"": [""tensor_descriptor"", ""tensor_descriptor"", ""tensor_descriptor""], ""atomic_indexing"": [], ""pid_type"": ""flat"", ""epilogue_subtile"": 2}","{""arg0_ndim"": 3, ""arg0_dim0"": 4, ""arg0_dim1"": 128, ""arg0_dim2"": 8192, ""arg0_numel"": 4194304, ""arg0_dtype"": ""torch.float16"", ""arg0_dtype_size"": 2, ""arg0_dtype_cat"": 2, ""arg1_ndim"": 3, ""arg1_dim0"": 4, ""arg1_dim1"": 8192, ""arg1_dim2"": 8192, ""arg1_numel"": 268435456, ""arg1_dtype"": ""torch.float16"", ""arg1_dtype_size"": 2, ""arg1_dtype_cat"": 2}",0.12728691946746956
grouped_gemm,d86e61902d2d84c3,3b681f3543969396,"{""block_sizes"": [1, 32, 64, 64], ""loop_orders"": [[2, 1, 0]], ""l2_groupings"": [8], ""range_unroll_factors"": [0, 2], ""range_warp_specializes"": [null, null], ""range_num_stages"": [0, 1], ""range_multi_buffers"": [null, false], ""range_flattens"": [null, false], ""load_eviction_policies"": ["""", """"], ""num_warps"": 4, ""num_stages"": 5, ""indexing"": [""tensor_descriptor"", ""pointer"", ""tensor_descriptor""], ""atomic_indexing"": [], ""pid_type"": ""flat""}","{""arg0_ndim"": 3, ""arg0_dim0"": 4, ""arg0_dim1"": 256, ""arg0_dim2"": 8192, ""arg0_numel"": 8388608, ""arg0_dtype"": ""torch.float16"", ""arg0_dtype_size"": 2, ""arg0_dtype_cat"": 2, ""arg1_ndim"": 3, ""arg1_dim0"": 4, ""arg1_dim1"": 8192, ""arg1_dim2"": 8192, ""arg1_numel"": 268435456, ""arg1_dtype"": ""torch.float16"", ""arg1_dtype_size"": 2, ""arg1_dtype_cat"": 2}",1.06761024641187
grouped_gemm,d86e61902d2d84c3,b55fd8c1a3f133dd,"{""block_sizes"": [1, 32, 64, 64], ""loop_orders"": [[2, 1, 0]], ""l2_groupings"": [32], ""range_unroll_factors"": [0, 3], ""range_warp_specializes"": [null, false], ""range_num_stages"": [0, 3], ""range_multi_buffers"": [null, true], ""range_flattens"": [null, null], ""load_eviction_policies"": [""first"", ""last""], ""num_warps"": 4, ""num_stages"": 6, ""indexing"": [""tensor_descriptor"", ""tensor_descriptor"", ""pointer""], ""atomic_indexing"": [], ""pid_type"": ""flat""}","{""arg0_ndim"": 3, ""arg0_dim0"": 4, ""arg0_dim1"": 256, ""arg0_dim2"": 8192, ""arg0_numel"": 8388608, ""arg0_dtype"": ""torch.float16"", ""arg0_dtype_size"": 2, ""arg0_dtype_cat"": 2, ""arg1_ndim"": 3, ""arg1_dim0"": 4, ""arg1_dim1"": 8192, ""arg1_dim2"": 8192, ""arg1_numel"": 268435456, ""arg1_dtype"": ""torch.float16"", ""arg1_dtype_size"": 2, ""arg1_dtype_cat"": 2}",1.0893226615313827
grouped_gemm,d86e61902d2d84c3,305720e00cbf8239,"{""block_sizes"": [1, 128, 64, 128], ""loop_orders"": [[2, 1, 0]], ""l2_groupings"": [32], ""range_unroll_factors"": [0, 1], ""range_warp_specializes"": [null, false], ""range_num_stages"": [0, 2], ""range_multi_buffers"": [null, true], ""range_flattens"": [null, null], ""load_eviction_policies"": [""first"", ""last""], ""num_warps"": 8, ""num_stages"": 5, ""indexing"": [""pointer"", ""pointer"", ""pointer""], ""atomic_indexing"": [], ""pid_type"": ""flat""}","{""arg0_ndim"": 3, ""arg0_dim0"": 4, ""arg0_dim1"": 256, ""arg0_dim2"": 8192, ""arg0_numel"": 8388608, ""arg0_dtype"": ""torch.float16"", ""arg0_dtype_size"": 2, ""arg0_dtype_cat"": 2, ""arg1_ndim"": 3, ""arg1_dim0"": 4, ""arg1_dim1"": 8192, ""arg1_dim2"": 8192, ""arg1_numel"": 268435456, ""arg1_dtype"": ""torch.float16"", ""arg1_dtype_size"": 2, ""arg1_dtype_cat"": 2}",0.34031677668663995
grouped_gemm,d86e61902d2d84c3,3188371a4eff6b9c,"{""block_sizes"": [1, 128, 128, 64], ""loop_orders"": [[1, 0, 2]], ""l2_groupings"": [2], ""range_unroll_factors"": [0, 0], ""range_warp_specializes"": [null, false], ""range_num_stages"": [0, 0], ""range_multi_buffers"": [null, false], ""range_flattens"": [null, null], ""load_eviction_policies"": [""last"", """"], ""num_warps"": 8, ""num_stages"": 4, ""indexing"": [""pointer"", ""tensor_descriptor"", ""tensor_descriptor""], ""atomic_indexing"": [], ""pid_type"": ""flat""}","{""arg0_ndim"": 3, ""arg0_dim0"": 4, ""arg0_dim1"": 256, ""arg0_dim2"": 8192, ""arg0_numel"": 8388608, ""arg0_dtype"": ""torch.float16"", ""arg0_dtype_size"": 2, ""arg0_dtype_cat"": 2, ""arg1_ndim"": 3, ""arg1_dim0"": 4, ""arg1_dim1"": 8192, ""arg1_dim2"": 8192, ""arg1_numel"": 268435456, ""arg1_dtype"": ""torch.float16"", ""arg1_dtype_size"": 2, ""arg1_dtype_cat"": 2}",0.21370085588290325
grouped_gemm,d86e61902d2d84c3,11e3b0d9f60ae2d0,"{""block_sizes"": [1, 128, 128, 64], ""loop_orders"": [[0, 1, 2]], ""l2_groupings"": [16], ""range_unroll_factors"": [0, 0], ""range_warp_specializes"": [null, false], ""range_num_stages"": [0, 1], ""range_multi_buffers"": [null, false], ""range_flattens"": [null, true], ""load_eviction_policies"": [""first"", ""first""], ""num_warps"": 4, ""num_stages"": 4, ""indexing"": [""pointer"", ""tensor_descriptor"", ""tensor_descriptor""], ""atomic_indexing"": [], ""pid_type"": ""flat""}","{""arg0_ndim"": 3, ""arg0_dim0"": 4, ""arg0_dim1"": 256, ""arg0_dim2"": 8192, ""arg0_numel"": 8388608, ""arg0_dtype"": ""torch.float16"", ""arg0_dtype_size"": 2, ""arg0_dtype_cat"": 2, ""arg1_ndim"": 3, ""arg1_dim0"": 4, ""arg1_dim1"": 8192, ""arg1_dim2"": 8192, ""arg1_numel"": 268435456, ""arg1_dtype"": ""torch.float16"", ""arg1_dtype_size"": 2, ""arg1_dtype_cat"": 2}",0.21982723232266937
grouped_gemm,d86e61902d2d84c3,803406ced7dc8161,"{""block_sizes"": [1, 128, 128, 64], ""loop_orders"": [[0, 1, 2]], ""l2_groupings"": [2], ""range_unroll_factors"": [2, 0], ""range_warp_specializes"": [null, null], ""range_num_stages"": [3, 4], ""range_multi_buffers"": [true, null], ""range_flattens"": [null, true], ""load_eviction_policies"": [""first"", ""last""], ""num_warps"": 8, ""num_stages"": 3, ""indexing"": [""tensor_descriptor"", ""tensor_descriptor"", ""tensor_descriptor""], ""atomic_indexing"": [], ""pid_type"": ""persistent_blocked"", ""num_sm_multiplier"": 16, ""maxnreg"": 256, ""epilogue_subtile"": 2}","{""arg0_ndim"": 3, ""arg0_dim0"": 4, ""arg0_dim1"": 256, ""arg0_dim2"": 8192, ""arg0_numel"": 8388608, ""arg0_dtype"": ""torch.float16"", ""arg0_dtype_size"": 2, ""arg0_dtype_cat"": 2, ""arg1_ndim"": 3, ""arg1_dim0"": 4, ""arg1_dim1"": 8192, ""arg1_dim2"": 8192, ""arg1_numel"": 268435456, ""arg1_dtype"": ""torch.float16"", ""arg1_dtype_size"": 2, ""arg1_dtype_cat"": 2}",0.21166776545784052
grouped_gemm,d86e61902d2d84c3,e9df8a3759e6e83b,"{""block_sizes"": [1, 128, 128, 64], ""loop_orders"": [[1, 2, 0]], ""l2_groupings"": [4], ""range_unroll_factors"": [0, 3], ""range_warp_specializes"": [null, false], ""range_num_stages"": [0, 0], ""range_multi_buffers"": [null, false], ""range_flattens"": [null, null], ""load_eviction_policies"": [""first"", ""last""], ""num_warps"": 4, ""num_stages"": 3, ""indexing"": [""pointer"", ""tensor_descriptor"", ""pointer""], ""atomic_indexing"": [], ""pid_type"": ""flat""}","{""arg0_ndim"": 3, ""arg0_dim0"": 4, ""arg0_dim1"": 256, ""arg0_dim2"": 8192, ""arg0_numel"": 8388608, ""arg0_dtype"": ""torch.float16"", ""arg0_dtype_size"": 2, ""arg0_dtype_cat"": 2, ""arg1_ndim"": 3, ""arg1_dim0"": 4, ""arg1_dim1"": 8192, ""arg1_dim2"": 8192, ""arg1_numel"": 268435456, ""arg1_dtype"": ""torch.float16"", ""arg1_dtype_size"": 2, ""arg1_dtype_cat"": 2}",0.22917628758228742
grouped_gemm,d86e61902d2d84c3,8ddee018bbb88f67,"{""block_sizes"": [1, 128, 128, 64], ""loop_orders"": [[0, 1, 2]], ""l2_groupings"": [4], ""range_unroll_factors"": [0, 0], ""range_warp_specializes"": [null, false], ""range_num_stages"": [0, 0], ""range_multi_buffers"": [null, false], ""range_flattens"": [null, false], ""load_eviction_policies"": [""last"", ""last""], ""num_warps"": 4, ""num_stages"": 3, ""indexing"": [""tensor_descriptor"", ""tensor_descriptor"", ""tensor_descriptor""], ""atomic_indexing"": [], ""pid_type"": ""flat"", ""epilogue_subtile"": 2}","{""arg0_ndim"": 3, ""arg0_dim0"": 4, ""arg0_dim1"": 256, ""arg0_dim2"": 8192, ""arg0_numel"": 8388608, ""arg0_dtype"": ""torch.float16"", ""arg0_dtype_size"": 2, ""arg0_dtype_cat"": 2, ""arg1_ndim"": 3, ""arg1_dim0"": 4, ""arg1_dim1"": 8192, ""arg1_dim2"": 8192, ""arg1_numel"": 268435456, ""arg1_dtype"": ""torch.float16"", ""arg1_dtype_size"": 2, ""arg1_dtype_cat"": 2}",0.2373877666772358
grouped_gemm,b8cb2a56027b3db6,3b681f3543969396,"{""block_sizes"": [1, 32, 64, 64], ""loop_orders"": [[2, 1, 0]], ""l2_groupings"": [8], ""range_unroll_factors"": [0, 2], ""range_warp_specializes"": [null, null], ""range_num_stages"": [0, 1], ""range_multi_buffers"": [null, false], ""range_flattens"": [null, false], ""load_eviction_policies"": ["""", """"], ""num_warps"": 4, ""num_stages"": 5, ""indexing"": [""tensor_descriptor"", ""pointer"", ""tensor_descriptor""], ""atomic_indexing"": [], ""pid_type"": ""flat""}","{""arg0_ndim"": 3, ""arg0_dim0"": 4, ""arg0_dim1"": 512, ""arg0_dim2"": 8192, ""arg0_numel"": 16777216, ""arg0_dtype"": ""torch.float16"", ""arg0_dtype_size"": 2, ""arg0_dtype_cat"": 2, ""arg1_ndim"": 3, ""arg1_dim0"": 4, ""arg1_dim1"": 8192, ""arg1_dim2"": 8192, ""arg1_numel"": 268435456, ""arg1_dtype"": ""torch.float16"", ""arg1_dtype_size"": 2, ""arg1_dtype_cat"": 2}",1.87764077093087
grouped_gemm,b8cb2a56027b3db6,b55fd8c1a3f133dd,"{""block_sizes"": [1, 32, 64, 64], ""loop_orders"": [[2, 1, 0]], ""l2_groupings"": [32], ""range_unroll_factors"": [0, 3], ""range_warp_specializes"": [null, false], ""range_num_stages"": [0, 3], ""range_multi_buffers"": [null, true], ""range_flattens"": [null, null], ""load_eviction_policies"": [""first"", ""last""], ""num_warps"": 4, ""num_stages"": 6, ""indexing"": [""tensor_descriptor"", ""tensor_descriptor"", ""pointer""], ""atomic_indexing"": [], ""pid_type"": ""flat""}","{""arg0_ndim"": 3, ""arg0_dim0"": 4, ""arg0_dim1"": 512, ""arg0_dim2"": 8192, ""arg0_numel"": 16777216, ""arg0_dtype"": ""torch.float16"", ""arg0_dtype_size"": 2, ""arg0_dtype_cat"": 2, ""arg1_ndim"": 3, ""arg1_dim0"": 4, ""arg1_dim1"": 8192, ""arg1_dim2"": 8192, ""arg1_numel"": 268435456, ""arg1_dtype"": ""torch.float16"", ""arg1_dtype_size"": 2, ""arg1_dtype_cat"": 2}",2.0081413313746452
grouped_gemm,b8cb2a56027b3db6,305720e00cbf8239,"{""block_sizes"": [1, 128, 64, 128], ""loop_orders"": [[2, 1, 0]], ""l2_groupings"": [32], ""range_unroll_factors"": [0, 1], ""range_warp_specializes"": [null, false], ""range_num_stages"": [0, 2], ""range_multi_buffers"": [null, true], ""range_flattens"": [null, null], ""load_eviction_policies"": [""first"", ""last""], ""num_warps"": 8, ""num_stages"": 5, ""indexing"": [""pointer"", ""pointer"", ""pointer""], ""atomic_indexing"": [], ""pid_type"": ""flat""}","{""arg0_ndim"": 3, ""arg0_dim0"": 4, ""arg0_dim1"": 512, ""arg0_dim2"": 8192, ""arg0_numel"": 16777216, ""arg0_dtype"": ""torch.float16"", ""arg0_dtype_size"": 2, ""arg0_dtype_cat"": 2, ""arg1_ndim"": 3, ""arg1_dim0"": 4, ""arg1_dim1"": 8192, ""arg1_dim2"": 8192, ""arg1_numel"": 268435456, ""arg1_dtype"": ""torch.float16"", ""arg1_dtype_size"": 2, ""arg1_dtype_cat"": 2}",0.5844737838296329
grouped_gemm,b8cb2a56027b3db6,3188371a4eff6b9c,"{""block_sizes"": [1, 128, 128, 64], ""loop_orders"": [[1, 0, 2]], ""l2_groupings"": [2], ""range_unroll_factors"": [0, 0], ""range_warp_specializes"": [null, false], ""range_num_stages"": [0, 0], ""range_multi_buffers"": [null, false], ""range_flattens"": [null, null], ""load_eviction_policies"": [""last"", """"], ""num_warps"": 8, ""num_stages"": 4, ""indexing"": [""pointer"", ""tensor_descriptor"", ""tensor_descriptor""], ""atomic_indexing"": [], ""pid_type"": ""flat""}","{""arg0_ndim"": 3, ""arg0_dim0"": 4, ""arg0_dim1"": 512, ""arg0_dim2"": 8192, ""arg0_numel"": 16777216, ""arg0_dtype"": ""torch.float16"", ""arg0_dtype_size"": 2, ""arg0_dtype_cat"": 2, ""arg1_ndim"": 3, ""arg1_dim0"": 4, ""arg1_dim1"": 8192, ""arg1_dim2"": 8192, ""arg1_numel"": 268435456, ""arg1_dtype"": ""torch.float16"", ""arg1_dtype_size"": 2, ""arg1_dtype_cat"": 2}",0.42283765573439924
grouped_gemm,b8cb2a56027b3db6,11e3b0d9f60ae2d0,"{""block_sizes"": [1, 128, 128, 64], ""loop_orders"": [[0, 1, 2]], ""l2_groupings"": [16], ""range_unroll_factors"": [0, 0], ""range_warp_specializes"": [null, false], ""range_num_stages"": [0, 1], ""range_multi_buffers"": [null, false], ""range_flattens"": [null, true], ""load_eviction_policies"": [""first"", ""first""], ""num_warps"": 4, ""num_stages"": 4, ""indexing"": [""pointer"", ""tensor_descriptor"", ""tensor_descriptor""], ""atomic_indexing"": [], ""pid_type"": ""flat""}","{""arg0_ndim"": 3, ""arg0_dim0"": 4, ""arg0_dim1"": 512, ""arg0_dim2"": 8192, ""arg0_numel"": 16777216, ""arg0_dtype"": ""torch.float16"", ""arg0_dtype_size"": 2, ""arg0_dtype_cat"": 2, ""arg1_ndim"": 3, ""arg1_dim0"": 4, ""arg1_dim1"": 8192, ""arg1_dim2"": 8192, ""arg1_numel"": 268435456, ""arg1_dtype"": ""torch.float16"", ""arg1_dtype_size"": 2, ""arg1_dtype_cat"": 2}",0.3948289874208522
grouped_gemm,b8cb2a56027b3db6,803406ced7dc8161,"{""block_sizes"": [1, 128, 128, 64], ""loop_orders"": [[0, 1, 2]], ""l2_groupings"": [2], ""range_unroll_factors"": [2, 0], ""range_warp_specializes"": [null, null], ""range_num_stages"": [3, 4], ""range_multi_buffers"": [true, null], ""range_flattens"": [null, true], ""load_eviction_policies"": [""first"", ""last""], ""num_warps"": 8, ""num_stages"": 3, ""indexing"": [""tensor_descriptor"", ""tensor_descriptor"", ""tensor_descriptor""], ""atomic_indexing"": [], ""pid_type"": ""persistent_blocked"", ""num_sm_multiplier"": 16, ""maxnreg"": 256, ""epilogue_subtile"": 2}","{""arg0_ndim"": 3, ""arg0_dim0"": 4, ""arg0_dim1"": 512, ""arg0_dim2"": 8192, ""arg0_numel"": 16777216, ""arg0_dtype"": ""torch.float16"", ""arg0_dtype_size"": 2, ""arg0_dtype_cat"": 2, ""arg1_ndim"": 3, ""arg1_dim0"": 4, ""arg1_dim1"": 8192, ""arg1_dim2"": 8192, ""arg1_numel"": 268435456, ""arg1_dtype"": ""torch.float16"", ""arg1_dtype_size"": 2, ""arg1_dtype_cat"": 2}",0.3766023143510188
grouped_gemm,b8cb2a56027b3db6,e9df8a3759e6e83b,"{""block_sizes"": [1, 128, 128, 64], ""loop_orders"": [[1, 2, 0]], ""l2_groupings"": [4], ""range_unroll_factors"": [0, 3], ""range_warp_specializes"": [null, false], ""range_num_stages"": [0, 0], ""range_multi_buffers"": [null, false], ""range_flattens"": [null, null], ""load_eviction_policies"": [""first"", ""last""], ""num_warps"": 4, ""num_stages"": 3, ""indexing"": [""pointer"", ""tensor_descriptor"", ""pointer""], ""atomic_indexing"": [], ""pid_type"": ""flat""}","{""arg0_ndim"": 3, ""arg0_dim0"": 4, ""arg0_dim1"": 512, ""arg0_dim2"": 8192, ""arg0_numel"": 16777216, ""arg0_dtype"": ""torch.float16"", ""arg0_dtype_size"": 2, ""arg0_dtype_cat"": 2, ""arg1_ndim"": 3, ""arg1_dim0"": 4, ""arg1_dim1"": 8192, ""arg1_dim2"": 8192, ""arg1_numel"": 268435456, ""arg1_dtype"": ""torch.float16"", ""arg1_dtype_size"": 2, ""arg1_dtype_cat"": 2}",0.38091199945371884
grouped_gemm,b8cb2a56027b3db6,8ddee018bbb88f67,"{""block_sizes"": [1, 128, 128, 64], ""loop_orders"": [[0, 1, 2]], ""l2_groupings"": [4], ""range_unroll_factors"": [0, 0], ""range_warp_specializes"": [null, false], ""range_num_stages"": [0, 0], ""range_multi_buffers"": [null, false], ""range_flattens"": [null, false], ""load_eviction_policies"": [""last"", ""last""], ""num_warps"": 4, ""num_stages"": 3, ""indexing"": [""tensor_descriptor"", ""tensor_descriptor"", ""tensor_descriptor""], ""atomic_indexing"": [], ""pid_type"": ""flat"", ""epilogue_subtile"": 2}","{""arg0_ndim"": 3, ""arg0_dim0"": 4, ""arg0_dim1"": 512, ""arg0_dim2"": 8192, ""arg0_numel"": 16777216, ""arg0_dtype"": ""torch.float16"", ""arg0_dtype_size"": 2, ""arg0_dtype_cat"": 2, ""arg1_ndim"": 3, ""arg1_dim0"": 4, ""arg1_dim1"": 8192, ""arg1_dim2"": 8192, ""arg1_numel"": 268435456, ""arg1_dtype"": ""torch.float16"", ""arg1_dtype_size"": 2, ""arg1_dtype_cat"": 2}",0.38588511675107673
grouped_gemm,230c891fe21f7644,3b681f3543969396,"{""block_sizes"": [1, 32, 64, 64], ""loop_orders"": [[2, 1, 0]], ""l2_groupings"": [8], ""range_unroll_factors"": [0, 2], ""range_warp_specializes"": [null, null], ""range_num_stages"": [0, 1], ""range_multi_buffers"": [null, false], ""range_flattens"": [null, false], ""load_eviction_policies"": ["""", """"], ""num_warps"": 4, ""num_stages"": 5, ""indexing"": [""tensor_descriptor"", ""pointer"", ""tensor_descriptor""], ""atomic_indexing"": [], ""pid_type"": ""flat""}","{""arg0_ndim"": 3, ""arg0_dim0"": 4, ""arg0_dim1"": 1024, ""arg0_dim2"": 8192, ""arg0_numel"": 33554432, ""arg0_dtype"": ""torch.float16"", ""arg0_dtype_size"": 2, ""arg0_dtype_cat"": 2, ""arg1_ndim"": 3, ""arg1_dim0"": 4, ""arg1_dim1"": 8192, ""arg1_dim2"": 8192, ""arg1_numel"": 268435456, ""arg1_dtype"": ""torch.float16"", ""arg1_dtype_size"": 2, ""arg1_dtype_cat"": 2}",3.5803010640320956
grouped_gemm,230c891fe21f7644,b55fd8c1a3f133dd,"{""block_sizes"": [1, 32, 64, 64], ""loop_orders"": [[2, 1, 0]], ""l2_groupings"": [32], ""range_unroll_factors"": [0, 3], ""range_warp_specializes"": [null, false], ""range_num_stages"": [0, 3], ""range_multi_buffers"": [null, true], ""range_flattens"": [null, null], ""load_eviction_policies"": [""first"", ""last""], ""num_warps"": 4, ""num_stages"": 6, ""indexing"": [""tensor_descriptor"", ""tensor_descriptor"", ""pointer""], ""atomic_indexing"": [], ""pid_type"": ""flat""}","{""arg0_ndim"": 3, ""arg0_dim0"": 4, ""arg0_dim1"": 1024, ""arg0_dim2"": 8192, ""arg0_numel"": 33554432, ""arg0_dtype"": ""torch.float16"", ""arg0_dtype_size"": 2, ""arg0_dtype_cat"": 2, ""arg1_ndim"": 3, ""arg1_dim0"": 4, ""arg1_dim1"": 8192, ""arg1_dim2"": 8192, ""arg1_numel"": 268435456, ""arg1_dtype"": ""torch.float16"", ""arg1_dtype_size"": 2, ""arg1_dtype_cat"": 2}",3.8217407989501955
grouped_gemm,230c891fe21f7644,305720e00cbf8239,"{""block_sizes"": [1, 128, 64, 128], ""loop_orders"": [[2, 1, 0]], ""l2_groupings"": [32], ""range_unroll_factors"": [0, 1], ""range_warp_specializes"": [null, false], ""range_num_stages"": [0, 2], ""range_multi_buffers"": [null, true], ""range_flattens"": [null, null], ""load_eviction_policies"": [""first"", ""last""], ""num_warps"": 8, ""num_stages"": 5, ""indexing"": [""pointer"", ""pointer"", ""pointer""], ""atomic_indexing"": [], ""pid_type"": ""flat""}","{""arg0_ndim"": 3, ""arg0_dim0"": 4, ""arg0_dim1"": 1024, ""arg0_dim2"": 8192, ""arg0_numel"": 33554432, ""arg0_dtype"": ""torch.float16"", ""arg0_dtype_size"": 2, ""arg0_dtype_cat"": 2, ""arg1_ndim"": 3, ""arg1_dim0"": 4, ""arg1_dim1"": 8192, ""arg1_dim2"": 8192, ""arg1_numel"": 268435456, ""arg1_dtype"": ""torch.float16"", ""arg1_dtype_size"": 2, ""arg1_dtype_cat"": 2}",1.1126807901885483
grouped_gemm,230c891fe21f7644,3188371a4eff6b9c,"{""block_sizes"": [1, 128, 128, 64], ""loop_orders"": [[1, 0, 2]], ""l2_groupings"": [2], ""range_unroll_factors"": [0, 0], ""range_warp_specializes"": [null, false], ""range_num_stages"": [0, 0], ""range_multi_buffers"": [null, false], ""range_flattens"": [null, null], ""load_eviction_policies"": [""last"", """"], ""num_warps"": 8, ""num_stages"": 4, ""indexing"": [""pointer"", ""tensor_descriptor"", ""tensor_descriptor""], ""atomic_indexing"": [], ""pid_type"": ""flat""}","{""arg0_ndim"": 3, ""arg0_dim0"": 4, ""arg0_dim1"": 1024, ""arg0_dim2"": 8192, ""arg0_numel"": 33554432, ""arg0_dtype"": ""torch.float16"", ""arg0_dtype_size"": 2, ""arg0_dtype_cat"": 2, ""arg1_ndim"": 3, ""arg1_dim0"": 4, ""arg1_dim1"": 8192, ""arg1_dim2"": 8192, ""arg1_numel"": 268435456, ""arg1_dtype"": ""torch.float16"", ""arg1_dtype_size"": 2, ""arg1_dtype_cat"": 2}",0.7357235902876366
grouped_gemm,230c891fe21f7644,11e3b0d9f60ae2d0,"{""block_sizes"": [1, 128, 128, 64], ""loop_orders"": [[0, 1, 2]], ""l2_groupings"": [16], ""range_unroll_factors"": [0, 0], ""range_warp_specializes"": [null, false], ""range_num_stages"": [0, 1], ""range_multi_buffers"": [null, false], ""range_flattens"": [null, true], ""load_eviction_policies"": [""first"", ""first""], ""num_warps"": 4, ""num_stages"": 4, ""indexing"": [""pointer"", ""tensor_descriptor"", ""tensor_descriptor""], ""atomic_indexing"": [], ""pid_type"": ""flat""}","{""arg0_ndim"": 3, ""arg0_dim0"": 4, ""arg0_dim1"": 1024, ""arg0_dim2"": 8192, ""arg0_numel"": 33554432, ""arg0_dtype"": ""torch.float16"", ""arg0_dtype_size"": 2, ""arg0_dtype_cat"": 2, ""arg1_ndim"": 3, ""arg1_dim0"": 4, ""arg1_dim1"": 8192, ""arg1_dim2"": 8192, ""arg1_numel"": 268435456, ""arg1_dtype"": ""torch.float16"", ""arg1_dtype_size"": 2, ""arg1_dtype_cat"": 2}",0.6912197848312728
grouped_gemm,230c891fe21f7644,803406ced7dc8161,"{""block_sizes"": [1, 128, 128, 64], ""loop_orders"": [[0, 1, 2]], ""l2_groupings"": [2], ""range_unroll_factors"": [2, 0], ""range_warp_specializes"": [null, null], ""range_num_stages"": [3, 4], ""range_multi_buffers"": [true, null], ""range_flattens"": [null, true], ""load_eviction_policies"": [""first"", ""last""], ""num_warps"": 8, ""num_stages"": 3, ""indexing"": [""tensor_descriptor"", ""tensor_descriptor"", ""tensor_descriptor""], ""atomic_indexing"": [], ""pid_type"": ""persistent_blocked"", ""num_sm_multiplier"": 16, ""maxnreg"": 256, ""epilogue_subtile"": 2}","{""arg0_ndim"": 3, ""arg0_dim0"": 4, ""arg0_dim1"": 1024, ""arg0_dim2"": 8192, ""arg0_numel"": 33554432, ""arg0_dtype"": ""torch.float16"", ""arg0_dtype_size"": 2, ""arg0_dtype_cat"": 2, ""arg1_ndim"": 3, ""arg1_dim0"": 4, ""arg1_dim1"": 8192, ""arg1_dim2"": 8192, ""arg1_numel"": 268435456, ""arg1_dtype"": ""torch.float16"", ""arg1_dtype_size"": 2, ""arg1_dtype_cat"": 2}",0.6833265768157111
grouped_gemm,230c891fe21f7644,e9df8a3759e6e83b,"{""block_sizes"": [1, 128, 128, 64], ""loop_orders"": [[1, 2, 0]], ""l2_groupings"": [4], ""range_unroll_factors"": [0, 3], ""range_warp_specializes"": [null, false], ""range_num_stages"": [0, 0], ""range_multi_buffers"": [null, false], ""range_flattens"": [null, null], ""load_eviction_policies"": [""first"", ""last""], ""num_warps"": 4, ""num_stages"": 3, ""indexing"": [""pointer"", ""tensor_descriptor"", ""pointer""], ""atomic_indexing"": [], ""pid_type"": ""flat""}","{""arg0_ndim"": 3, ""arg0_dim0"": 4, ""arg0_dim1"": 1024, ""arg0_dim2"": 8192, ""arg0_numel"": 33554432, ""arg0_dtype"": ""torch.float16"", ""arg0_dtype_size"": 2, ""arg0_dtype_cat"": 2, ""arg1_ndim"": 3, ""arg1_dim0"": 4, ""arg1_dim1"": 8192, ""arg1_dim2"": 8192, ""arg1_numel"": 268435456, ""arg1_dtype"": ""torch.float16"", ""arg1_dtype_size"": 2, ""arg1_dtype_cat"": 2}",0.656383546761104
grouped_gemm,230c891fe21f7644,8ddee018bbb88f67,"{""block_sizes"": [1, 128, 128, 64], ""loop_orders"": [[0, 1, 2]], ""l2_groupings"": [4], ""range_unroll_factors"": [0, 0], ""range_warp_specializes"": [null, false], ""range_num_stages"": [0, 0], ""range_multi_buffers"": [null, false], ""range_flattens"": [null, false], ""load_eviction_policies"": [""last"", ""last""], ""num_warps"": 4, ""num_stages"": 3, ""indexing"": [""tensor_descriptor"", ""tensor_descriptor"", ""tensor_descriptor""], ""atomic_indexing"": [], ""pid_type"": ""flat"", ""epilogue_subtile"": 2}","{""arg0_ndim"": 3, ""arg0_dim0"": 4, ""arg0_dim1"": 1024, ""arg0_dim2"": 8192, ""arg0_numel"": 33554432, ""arg0_dtype"": ""torch.float16"", ""arg0_dtype_size"": 2, ""arg0_dtype_cat"": 2, ""arg1_ndim"": 3, ""arg1_dim0"": 4, ""arg1_dim1"": 8192, ""arg1_dim2"": 8192, ""arg1_numel"": 268435456, ""arg1_dtype"": ""torch.float16"", ""arg1_dtype_size"": 2, ""arg1_dtype_cat"": 2}",0.7287691437772342
grouped_gemm,3fa03e6ae844170c,3b681f3543969396,"{""block_sizes"": [1, 32, 64, 64], ""loop_orders"": [[2, 1, 0]], ""l2_groupings"": [8], ""range_unroll_factors"": [0, 2], ""range_warp_specializes"": [null, null], ""range_num_stages"": [0, 1], ""range_multi_buffers"": [null, false], ""range_flattens"": [null, false], ""load_eviction_policies"": ["""", """"], ""num_warps"": 4, ""num_stages"": 5, ""indexing"": [""tensor_descriptor"", ""pointer"", ""tensor_descriptor""], ""atomic_indexing"": [], ""pid_type"": ""flat""}","{""arg0_ndim"": 3, ""arg0_dim0"": 4, ""arg0_dim1"": 128, ""arg0_dim2"": 128, ""arg0_numel"": 65536, ""arg0_dtype"": ""torch.float16"", ""arg0_dtype_size"": 2, ""arg0_dtype_cat"": 2, ""arg1_ndim"": 3, ""arg1_dim0"": 4, ""arg1_dim1"": 128, ""arg1_dim2"": 128, ""arg1_numel"": 65536, ""arg1_dtype"": ""torch.float16"", ""arg1_dtype_size"": 2, ""arg1_dtype_cat"": 2}",0.006175999995321035
grouped_gemm,3fa03e6ae844170c,b55fd8c1a3f133dd,"{""block_sizes"": [1, 32, 64, 64], ""loop_orders"": [[2, 1, 0]], ""l2_groupings"": [32], ""range_unroll_factors"": [0, 3], ""range_warp_specializes"": [null, false], ""range_num_stages"": [0, 3], ""range_multi_buffers"": [null, true], ""range_flattens"": [null, null], ""load_eviction_policies"": [""first"", ""last""], ""num_warps"": 4, ""num_stages"": 6, ""indexing"": [""tensor_descriptor"", ""tensor_descriptor"", ""pointer""], ""atomic_indexing"": [], ""pid_type"": ""flat""}","{""arg0_ndim"": 3, ""arg0_dim0"": 4, ""arg0_dim1"": 128, ""arg0_dim2"": 128, ""arg0_numel"": 65536, ""arg0_dtype"": ""torch.float16"", ""arg0_dtype_size"": 2, ""arg0_dtype_cat"": 2, ""arg1_ndim"": 3, ""arg1_dim0"": 4, ""arg1_dim1"": 128, ""arg1_dim2"": 128, ""arg1_numel"": 65536, ""arg1_dtype"": ""torch.float16"", ""arg1_dtype_size"": 2, ""arg1_dtype_cat"": 2}",0.00800000037997961
grouped_gemm,3fa03e6ae844170c,305720e00cbf8239,"{""block_sizes"": [1, 128, 64, 128], ""loop_orders"": [[2, 1, 0]], ""l2_groupings"": [32], ""range_unroll_factors"": [0, 1], ""range_warp_specializes"": [null, false], ""range_num_stages"": [0, 2], ""range_multi_buffers"": [null, true], ""range_flattens"": [null, null], ""load_eviction_policies"": [""first"", ""last""], ""num_warps"": 8, ""num_stages"": 5, ""indexing"": [""pointer"", ""pointer"", ""pointer""], ""atomic_indexing"": [], ""pid_type"": ""flat""}","{""arg0_ndim"": 3, ""arg0_dim0"": 4, ""arg0_dim1"": 128, ""arg0_dim2"": 128, ""arg0_numel"": 65536, ""arg0_dtype"": ""torch.float16"", ""arg0_dtype_size"": 2, ""arg0_dtype_cat"": 2, ""arg1_ndim"": 3, ""arg1_dim0"": 4, ""arg1_dim1"": 128, ""arg1_dim2"": 128, ""arg1_numel"": 65536, ""arg1_dtype"": ""torch.float16"", ""arg1_dtype_size"": 2, ""arg1_dtype_cat"": 2}",0.008191999979317188
grouped_gemm,3fa03e6ae844170c,3188371a4eff6b9c,"{""block_sizes"": [1, 128, 128, 64], ""loop_orders"": [[1, 0, 2]], ""l2_groupings"": [2], ""range_unroll_factors"": [0, 0], ""range_warp_specializes"": [null, false], ""range_num_stages"": [0, 0], ""range_multi_buffers"": [null, false], ""range_flattens"": [null, null], ""load_eviction_policies"": [""last"", """"], ""num_warps"": 8, ""num_stages"": 4, ""indexing"": [""pointer"", ""tensor_descriptor"", ""tensor_descriptor""], ""atomic_indexing"": [], ""pid_type"": ""flat""}","{""arg0_ndim"": 3, ""arg0_dim0"": 4, ""arg0_dim1"": 128, ""arg0_dim2"": 128, ""arg0_numel"": 65536, ""arg0_dtype"": ""torch.float16"", ""arg0_dtype_size"": 2, ""arg0_dtype_cat"": 2, ""arg1_ndim"": 3, ""arg1_dim0"": 4, ""arg1_dim1"": 128, ""arg1_dim2"": 128, ""arg1_numel"": 65536, ""arg1_dtype"": ""torch.float16"", ""arg1_dtype_size"": 2, ""arg1_dtype_cat"": 2}",0.008191999979317188
grouped_gemm,3fa03e6ae844170c,11e3b0d9f60ae2d0,"{""block_sizes"": [1, 128, 128, 64], ""loop_orders"": [[0, 1, 2]], ""l2_groupings"": [16], ""range_unroll_factors"": [0, 0], ""range_warp_specializes"": [null, false], ""range_num_stages"": [0, 1], ""range_multi_buffers"": [null, false], ""range_flattens"": [null, true], ""load_eviction_policies"": [""first"", ""first""], ""num_warps"": 4, ""num_stages"": 4, ""indexing"": [""pointer"", ""tensor_descriptor"", ""tensor_descriptor""], ""atomic_indexing"": [], ""pid_type"": ""flat""}","{""arg0_ndim"": 3, ""arg0_dim0"": 4, ""arg0_dim1"": 128, ""arg0_dim2"": 128, ""arg0_numel"": 65536, ""arg0_dtype"": ""torch.float16"", ""arg0_dtype_size"": 2, ""arg0_dtype_cat"": 2, ""arg1_ndim"": 3, ""arg1_dim0"": 4, ""arg1_dim1"": 128, ""arg1_dim2"": 128, ""arg1_numel"": 65536, ""arg1_dtype"": ""torch.float16"", ""arg1_dtype_size"": 2, ""arg1_dtype_cat"": 2}",0.008191999979317188
grouped_gemm,3fa03e6ae844170c,803406ced7dc8161,"{""block_sizes"": [1, 128, 128, 64], ""loop_orders"": [[0, 1, 2]], ""l2_groupings"": [2], ""range_unroll_factors"": [2, 0], ""range_warp_specializes"": [null, null], ""range_num_stages"": [3, 4], ""range_multi_buffers"": [true, null], ""range_flattens"": [null, true], ""load_eviction_policies"": [""first"", ""last""], ""num_warps"": 8, ""num_stages"": 3, ""indexing"": [""tensor_descriptor"", ""tensor_descriptor"", ""tensor_descriptor""], ""atomic_indexing"": [], ""pid_type"": ""persistent_blocked"", ""num_sm_multiplier"": 16, ""maxnreg"": 256, ""epilogue_subtile"": 2}","{""arg0_ndim"": 3, ""arg0_dim0"": 4, ""arg0_dim1"": 128, ""arg0_dim2"": 128, ""arg0_numel"": 65536, ""arg0_dtype"": ""torch.float16"", ""arg0_dtype_size"": 2, ""arg0_dtype_cat"": 2, ""arg1_ndim"": 3, ""arg1_dim0"": 4, ""arg1_dim1"": 128, ""arg1_dim2"": 128, ""arg1_numel"": 65536, ""arg1_dtype"": ""torch.float16"", ""arg1_dtype_size"": 2, ""arg1_dtype_cat"": 2}",0.014368000440299511
grouped_gemm,3fa03e6ae844170c,e9df8a3759e6e83b,"{""block_sizes"": [1, 128, 128, 64], ""loop_orders"": [[1, 2, 0]], ""l2_groupings"": [4], ""range_unroll_factors"": [0, 3], ""range_warp_specializes"": [null, false], ""range_num_stages"": [0, 0], ""range_multi_buffers"": [null, false], ""range_flattens"": [null, null], ""load_eviction_policies"": [""first"", ""last""], ""num_warps"": 4, ""num_stages"": 3, ""indexing"": [""pointer"", ""tensor_descriptor"", ""pointer""], ""atomic_indexing"": [], ""pid_type"": ""flat""}","{""arg0_ndim"": 3, ""arg0_dim0"": 4, ""arg0_dim1"": 128, ""arg0_dim2"": 128, ""arg0_numel"": 65536, ""arg0_dtype"": ""torch.float16"", ""arg0_dtype_size"": 2, ""arg0_dtype_cat"": 2, ""arg1_ndim"": 3, ""arg1_dim0"": 4, ""arg1_dim1"": 128, ""arg1_dim2"": 128, ""arg1_numel"": 65536, ""arg1_dtype"": ""torch.float16"", ""arg1_dtype_size"": 2, ""arg1_dtype_cat"": 2}",0.008191999979317188
grouped_gemm,3fa03e6ae844170c,8ddee018bbb88f67,"{""block_sizes"": [1, 128, 128, 64], ""loop_orders"": [[0, 1, 2]], ""l2_groupings"": [4], ""range_unroll_factors"": [0, 0], ""range_warp_specializes"": [null, false], ""range_num_stages"": [0, 0], ""range_multi_buffers"": [null, false], ""range_flattens"": [null, false], ""load_eviction_policies"": [""last"", ""last""], ""num_warps"": 4, ""num_stages"": 3, ""indexing"": [""tensor_descriptor"", ""tensor_descriptor"", ""tensor_descriptor""], ""atomic_indexing"": [], ""pid_type"": ""flat"", ""epilogue_subtile"": 2}","{""arg0_ndim"": 3, ""arg0_dim0"": 4, ""arg0_dim1"": 128, ""arg0_dim2"": 128, ""arg0_numel"": 65536, ""arg0_dtype"": ""torch.float16"", ""arg0_dtype_size"": 2, ""arg0_dtype_cat"": 2, ""arg1_ndim"": 3, ""arg1_dim0"": 4, ""arg1_dim1"": 128, ""arg1_dim2"": 128, ""arg1_numel"": 65536, ""arg1_dtype"": ""torch.float16"", ""arg1_dtype_size"": 2, ""arg1_dtype_cat"": 2}",0.008191999979317188
grouped_gemm,5278b62305f70db8,3b681f3543969396,"{""block_sizes"": [1, 32, 64, 64], ""loop_orders"": [[2, 1, 0]], ""l2_groupings"": [8], ""range_unroll_factors"": [0, 2], ""range_warp_specializes"": [null, null], ""range_num_stages"": [0, 1], ""range_multi_buffers"": [null, false], ""range_flattens"": [null, false], ""load_eviction_policies"": ["""", """"], ""num_warps"": 4, ""num_stages"": 5, ""indexing"": [""tensor_descriptor"", ""pointer"", ""tensor_descriptor""], ""atomic_indexing"": [], ""pid_type"": ""flat""}","{""arg0_ndim"": 3, ""arg0_dim0"": 4, ""arg0_dim1"": 256, ""arg0_dim2"": 256, ""arg0_numel"": 262144, ""arg0_dtype"": ""torch.float16"", ""arg0_dtype_size"": 2, ""arg0_dtype_cat"": 2, ""arg1_ndim"": 3, ""arg1_dim0"": 4, ""arg1_dim1"": 256, ""arg1_dim2"": 256, ""arg1_numel"": 262144, ""arg1_dtype"": ""torch.float16"", ""arg1_dtype_size"": 2, ""arg1_dtype_cat"": 2}",0.008191999979317188
grouped_gemm,5278b62305f70db8,b55fd8c1a3f133dd,"{""block_sizes"": [1, 32, 64, 64], ""loop_orders"": [[2, 1, 0]], ""l2_groupings"": [32], ""range_unroll_factors"": [0, 3], ""range_warp_specializes"": [null, false], ""range_num_stages"": [0, 3], ""range_multi_buffers"": [null, true], ""range_flattens"": [null, null], ""load_eviction_policies"": [""first"", ""last""], ""num_warps"": 4, ""num_stages"": 6, ""indexing"": [""tensor_descriptor"", ""tensor_descriptor"", ""pointer""], ""atomic_indexing"": [], ""pid_type"": ""flat""}","{""arg0_ndim"": 3, ""arg0_dim0"": 4, ""arg0_dim1"": 256, ""arg0_dim2"": 256, ""arg0_numel"": 262144, ""arg0_dtype"": ""torch.float16"", ""arg0_dtype_size"": 2, ""arg0_dtype_cat"": 2, ""arg1_ndim"": 3, ""arg1_dim0"": 4, ""arg1_dim1"": 256, ""arg1_dim2"": 256, ""arg1_numel"": 262144, ""arg1_dtype"": ""torch.float16"", ""arg1_dtype_size"": 2, ""arg1_dtype_cat"": 2}",0.008191999979317188
grouped_gemm,5278b62305f70db8,305720e00cbf8239,"{""block_sizes"": [1, 128, 64, 128], ""loop_orders"": [[2, 1, 0]], ""l2_groupings"": [32], ""range_unroll_factors"": [0, 1], ""range_warp_specializes"": [null, false], ""range_num_stages"": [0, 2], ""range_multi_buffers"": [null, true], ""range_flattens"": [null, null], ""load_eviction_policies"": [""first"", ""last""], ""num_warps"": 8, ""num_stages"": 5, ""indexing"": [""pointer"", ""pointer"", ""pointer""], ""atomic_indexing"": [], ""pid_type"": ""flat""}","{""arg0_ndim"": 3, ""arg0_dim0"": 4, ""arg0_dim1"": 256, ""arg0_dim2"": 256, ""arg0_numel"": 262144, ""arg0_dtype"": ""torch.float16"", ""arg0_dtype_size"": 2, ""arg0_dtype_cat"": 2, ""arg1_ndim"": 3, ""arg1_dim0"": 4, ""arg1_dim1"": 256, ""arg1_dim2"": 256, ""arg1_numel"": 262144, ""arg1_dtype"": ""torch.float16"", ""arg1_dtype_size"": 2, ""arg1_dtype_cat"": 2}",0.008352000266313553
grouped_gemm,5278b62305f70db8,3188371a4eff6b9c,"{""block_sizes"": [1, 128, 128, 64], ""loop_orders"": [[1, 0, 2]], ""l2_groupings"": [2], ""range_unroll_factors"": [0, 0], ""range_warp_specializes"": [null, false], ""range_num_stages"": [0, 0], ""range_multi_buffers"": [null, false], ""range_flattens"": [null, null], ""load_eviction_policies"": [""last"", """"], ""num_warps"": 8, ""num_stages"": 4, ""indexing"": [""pointer"", ""tensor_descriptor"", ""tensor_descriptor""], ""atomic_indexing"": [], ""pid_type"": ""flat""}","{""arg0_ndim"": 3, ""arg0_dim0"": 4, ""arg0_dim1"": 256, ""arg0_dim2"": 256, ""arg0_numel"": 262144, ""arg0_dtype"": ""torch.float16"", ""arg0_dtype_size"": 2, ""arg0_dtype_cat"": 2, ""arg1_ndim"": 3, ""arg1_dim0"": 4, ""arg1_dim1"": 256, ""arg1_dim2"": 256, ""arg1_numel"": 262144, ""arg1_dtype"": ""torch.float16"", ""arg1_dtype_size"": 2, ""arg1_dtype_cat"": 2}",0.010239999741315842
grouped_gemm,5278b62305f70db8,11e3b0d9f60ae2d0,"{""block_sizes"": [1, 128, 128, 64], ""loop_orders"": [[0, 1, 2]], ""l2_groupings"": [16], ""range_unroll_factors"": [0, 0], ""range_warp_specializes"": [null, false], ""range_num_stages"": [0, 1], ""range_multi_buffers"": [null, false], ""range_flattens"": [null, true], ""load_eviction_policies"": [""first"", ""first""], ""num_warps"": 4, ""num_stages"": 4, ""indexing"": [""pointer"", ""tensor_descriptor"", ""tensor_descriptor""], ""atomic_indexing"": [], ""pid_type"": ""flat""}","{""arg0_ndim"": 3, ""arg0_dim0"": 4, ""arg0_dim1"": 256, ""arg0_dim2"": 256, ""arg0_numel"": 262144, ""arg0_dtype"": ""torch.float16"", ""arg0_dtype_size"": 2, ""arg0_dtype_cat"": 2, ""arg1_ndim"": 3, ""arg1_dim0"": 4, ""arg1_dim1"": 256, ""arg1_dim2"": 256, ""arg1_numel"": 262144, ""arg1_dtype"": ""torch.float16"", ""arg1_dtype_size"": 2, ""arg1_dtype_cat"": 2}",0.010239999741315842
grouped_gemm,5278b62305f70db8,803406ced7dc8161,"{""block_sizes"": [1, 128, 128, 64], ""loop_orders"": [[0, 1, 2]], ""l2_groupings"": [2], ""range_unroll_factors"": [2, 0], ""range_warp_specializes"": [null, null], ""range_num_stages"": [3, 4], ""range_multi_buffers"": [true, null], ""range_flattens"": [null, true], ""load_eviction_policies"": [""first"", ""last""], ""num_warps"": 8, ""num_stages"": 3, ""indexing"": [""tensor_descriptor"", ""tensor_descriptor"", ""tensor_descriptor""], ""atomic_indexing"": [], ""pid_type"": ""persistent_blocked"", ""num_sm_multiplier"": 16, ""maxnreg"": 256, ""epilogue_subtile"": 2}","{""arg0_ndim"": 3, ""arg0_dim0"": 4, ""arg0_dim1"": 256, ""arg0_dim2"": 256, ""arg0_numel"": 262144, ""arg0_dtype"": ""torch.float16"", ""arg0_dtype_size"": 2, ""arg0_dtype_cat"": 2, ""arg1_ndim"": 3, ""arg1_dim0"": 4, ""arg1_dim1"": 256, ""arg1_dim2"": 256, ""arg1_numel"": 262144, ""arg1_dtype"": ""torch.float16"", ""arg1_dtype_size"": 2, ""arg1_dtype_cat"": 2}",0.016383999958634377
grouped_gemm,5278b62305f70db8,e9df8a3759e6e83b,"{""block_sizes"": [1, 128, 128, 64], ""loop_orders"": [[1, 2, 0]], ""l2_groupings"": [4], ""range_unroll_factors"": [0, 3], ""range_warp_specializes"": [null, false], ""range_num_stages"": [0, 0], ""range_multi_buffers"": [null, false], ""range_flattens"": [null, null], ""load_eviction_policies"": [""first"", ""last""], ""num_warps"": 4, ""num_stages"": 3, ""indexing"": [""pointer"", ""tensor_descriptor"", ""pointer""], ""atomic_indexing"": [], ""pid_type"": ""flat""}","{""arg0_ndim"": 3, ""arg0_dim0"": 4, ""arg0_dim1"": 256, ""arg0_dim2"": 256, ""arg0_numel"": 262144, ""arg0_dtype"": ""torch.float16"", ""arg0_dtype_size"": 2, ""arg0_dtype_cat"": 2, ""arg1_ndim"": 3, ""arg1_dim0"": 4, ""arg1_dim1"": 256, ""arg1_dim2"": 256, ""arg1_numel"": 262144, ""arg1_dtype"": ""torch.float16"", ""arg1_dtype_size"": 2, ""arg1_dtype_cat"": 2}",0.010239999741315842
grouped_gemm,5278b62305f70db8,8ddee018bbb88f67,"{""block_sizes"": [1, 128, 128, 64], ""loop_orders"": [[0, 1, 2]], ""l2_groupings"": [4], ""range_unroll_factors"": [0, 0], ""range_warp_specializes"": [null, false], ""range_num_stages"": [0, 0], ""range_multi_buffers"": [null, false], ""range_flattens"": [null, false], ""load_eviction_policies"": [""last"", ""last""], ""num_warps"": 4, ""num_stages"": 3, ""indexing"": [""tensor_descriptor"", ""tensor_descriptor"", ""tensor_descriptor""], ""atomic_indexing"": [], ""pid_type"": ""flat"", ""epilogue_subtile"": 2}","{""arg0_ndim"": 3, ""arg0_dim0"": 4, ""arg0_dim1"": 256, ""arg0_dim2"": 256, ""arg0_numel"": 262144, ""arg0_dtype"": ""torch.float16"", ""arg0_dtype_size"": 2, ""arg0_dtype_cat"": 2, ""arg1_ndim"": 3, ""arg1_dim0"": 4, ""arg1_dim1"": 256, ""arg1_dim2"": 256, ""arg1_numel"": 262144, ""arg1_dtype"": ""torch.float16"", ""arg1_dtype_size"": 2, ""arg1_dtype_cat"": 2}",0.010239999741315842
grouped_gemm,835e7537d98ccf40,3b681f3543969396,"{""block_sizes"": [1, 32, 64, 64], ""loop_orders"": [[2, 1, 0]], ""l2_groupings"": [8], ""range_unroll_factors"": [0, 2], ""range_warp_specializes"": [null, null], ""range_num_stages"": [0, 1], ""range_multi_buffers"": [null, false], ""range_flattens"": [null, false], ""load_eviction_policies"": ["""", """"], ""num_warps"": 4, ""num_stages"": 5, ""indexing"": [""tensor_descriptor"", ""pointer"", ""tensor_descriptor""], ""atomic_indexing"": [], ""pid_type"": ""flat""}","{""arg0_ndim"": 3, ""arg0_dim0"": 4, ""arg0_dim1"": 512, ""arg0_dim2"": 512, ""arg0_numel"": 1048576, ""arg0_dtype"": ""torch.float16"", ""arg0_dtype_size"": 2, ""arg0_dtype_cat"": 2, ""arg1_ndim"": 3, ""arg1_dim0"": 4, ""arg1_dim1"": 512, ""arg1_dim2"": 512, ""arg1_numel"": 1048576, ""arg1_dtype"": ""torch.float16"", ""arg1_dtype_size"": 2, ""arg1_dtype_cat"": 2}",0.018432000651955605
grouped_gemm,835e7537d98ccf40,b55fd8c1a3f133dd,"{""block_sizes"": [1, 32, 64, 64], ""loop_orders"": [[2, 1, 0]], ""l2_groupings"": [32], ""range_unroll_factors"": [0, 3], ""range_warp_specializes"": [null, false], ""range_num_stages"": [0, 3], ""range_multi_buffers"": [null, true], ""range_flattens"": [null, null], ""load_eviction_policies"": [""first"", ""last""], ""num_warps"": 4, ""num_stages"": 6, ""indexing"": [""tensor_descriptor"", ""tensor_descriptor"", ""pointer""], ""atomic_indexing"": [], ""pid_type"": ""flat""}","{""arg0_ndim"": 3, ""arg0_dim0"": 4, ""arg0_dim1"": 512, ""arg0_dim2"": 512, ""arg0_numel"": 1048576, ""arg0_dtype"": ""torch.float16"", ""arg0_dtype_size"": 2, ""arg0_dtype_cat"": 2, ""arg1_ndim"": 3, ""arg1_dim0"": 4, ""arg1_dim1"": 512, ""arg1_dim2"": 512, ""arg1_numel"": 1048576, ""arg1_dtype"": ""torch.float16"", ""arg1_dtype_size"": 2, ""arg1_dtype_cat"": 2}",0.01651199907064438
grouped_gemm,835e7537d98ccf40,305720e00cbf8239,"{""block_sizes"": [1, 128, 64, 128], ""loop_orders"": [[2, 1, 0]], ""l2_groupings"": [32], ""range_unroll_factors"": [0, 1], ""range_warp_specializes"": [null, false], ""range_num_stages"": [0, 2], ""range_multi_buffers"": [null, true], ""range_flattens"": [null, null], ""load_eviction_policies"": [""first"", ""last""], ""num_warps"": 8, ""num_stages"": 5, ""indexing"": [""pointer"", ""pointer"", ""pointer""], ""atomic_indexing"": [], ""pid_type"": ""flat""}","{""arg0_ndim"": 3, ""arg0_dim0"": 4, ""arg0_dim1"": 512, ""arg0_dim2"": 512, ""arg0_numel"": 1048576, ""arg0_dtype"": ""torch.float16"", ""arg0_dtype_size"": 2, ""arg0_dtype_cat"": 2, ""arg1_ndim"": 3, ""arg1_dim0"": 4, ""arg1_dim1"": 512, ""arg1_dim2"": 512, ""arg1_numel"": 1048576, ""arg1_dtype"": ""torch.float16"", ""arg1_dtype_size"": 2, ""arg1_dtype_cat"": 2}",0.01228800043463707
grouped_gemm,835e7537d98ccf40,3188371a4eff6b9c,"{""block_sizes"": [1, 128, 128, 64], ""loop_orders"": [[1, 0, 2]], ""l2_groupings"": [2], ""range_unroll_factors"": [0, 0], ""range_warp_specializes"": [null, false], ""range_num_stages"": [0, 0], ""range_multi_buffers"": [null, false], ""range_flattens"": [null, null], ""load_eviction_policies"": [""last"", """"], ""num_warps"": 8, ""num_stages"": 4, ""indexing"": [""pointer"", ""tensor_descriptor"", ""tensor_descriptor""], ""atomic_indexing"": [], ""pid_type"": ""flat""}","{""arg0_ndim"": 3, ""arg0_dim0"": 4, ""arg0_dim1"": 512, ""arg0_dim2"": 512, ""arg0_numel"": 1048576, ""arg0_dtype"": ""torch.float16"", ""arg0_dtype_size"": 2, ""arg0_dtype_cat"": 2, ""arg1_ndim"": 3, ""arg1_dim0"": 4, ""arg1_dim1"": 512, ""arg1_dim2"": 512, ""arg1_numel"": 1048576, ""arg1_dtype"": ""torch.float16"", ""arg1_dtype_size"": 2, ""arg1_dtype_cat"": 2}",0.01228800043463707
grouped_gemm,835e7537d98ccf40,11e3b0d9f60ae2d0,"{""block_sizes"": [1, 128, 128, 64], ""loop_orders"": [[0, 1, 2]], ""l2_groupings"": [16], ""range_unroll_factors"": [0, 0], ""range_warp_specializes"": [null, false], ""range_num_stages"": [0, 1], ""range_multi_buffers"": [null, false], ""range_flattens"": [null, true], ""load_eviction_policies"": [""first"", ""first""], ""num_warps"": 4, ""num_stages"": 4, ""indexing"": [""pointer"", ""tensor_descriptor"", ""tensor_descriptor""], ""atomic_indexing"": [], ""pid_type"": ""flat""}","{""arg0_ndim"": 3, ""arg0_dim0"": 4, ""arg0_dim1"": 512, ""arg0_dim2"": 512, ""arg0_numel"": 1048576, ""arg0_dtype"": ""torch.float16"", ""arg0_dtype_size"": 2, ""arg0_dtype_cat"": 2, ""arg1_ndim"": 3, ""arg1_dim0"": 4, ""arg1_dim1"": 512, ""arg1_dim2"": 512, ""arg1_numel"": 1048576, ""arg1_dtype"": ""torch.float16"", ""arg1_dtype_size"": 2, ""arg1_dtype_cat"": 2}",0.01228800043463707
grouped_gemm,835e7537d98ccf40,803406ced7dc8161,"{""block_sizes"": [1, 128, 128, 64], ""loop_orders"": [[0, 1, 2]], ""l2_groupings"": [2], ""range_unroll_factors"": [2, 0], ""range_warp_specializes"": [null, null], ""range_num_stages"": [3, 4], ""range_multi_buffers"": [true, null], ""range_flattens"": [null, true], ""load_eviction_policies"": [""first"", ""last""], ""num_warps"": 8, ""num_stages"": 3, ""indexing"": [""tensor_descriptor"", ""tensor_descriptor"", ""tensor_descriptor""], ""atomic_indexing"": [], ""pid_type"": ""persistent_blocked"", ""num_sm_multiplier"": 16, ""maxnreg"": 256, ""epilogue_subtile"": 2}","{""arg0_ndim"": 3, ""arg0_dim0"": 4, ""arg0_dim1"": 512, ""arg0_dim2"": 512, ""arg0_numel"": 1048576, ""arg0_dtype"": ""torch.float16"", ""arg0_dtype_size"": 2, ""arg0_dtype_cat"": 2, ""arg1_ndim"": 3, ""arg1_dim0"": 4, ""arg1_dim1"": 512, ""arg1_dim2"": 512, ""arg1_numel"": 1048576, ""arg1_dtype"": ""torch.float16"", ""arg1_dtype_size"": 2, ""arg1_dtype_cat"": 2}",0.016383999958634377
grouped_gemm,835e7537d98ccf40,e9df8a3759e6e83b,"{""block_sizes"": [1, 128, 128, 64], ""loop_orders"": [[1, 2, 0]], ""l2_groupings"": [4], ""range_unroll_factors"": [0, 3], ""range_warp_specializes"": [null, false], ""range_num_stages"": [0, 0], ""range_multi_buffers"": [null, false], ""range_flattens"": [null, null], ""load_eviction_policies"": [""first"", ""last""], ""num_warps"": 4, ""num_stages"": 3, ""indexing"": [""pointer"", ""tensor_descriptor"", ""pointer""], ""atomic_indexing"": [], ""pid_type"": ""flat""}","{""arg0_ndim"": 3, ""arg0_dim0"": 4, ""arg0_dim1"": 512, ""arg0_dim2"": 512, ""arg0_numel"": 1048576, ""arg0_dtype"": ""torch.float16"", ""arg0_dtype_size"": 2, ""arg0_dtype_cat"": 2, ""arg1_ndim"": 3, ""arg1_dim0"": 4, ""arg1_dim1"": 512, ""arg1_dim2"": 512, ""arg1_numel"": 1048576, ""arg1_dtype"": ""torch.float16"", ""arg1_dtype_size"": 2, ""arg1_dtype_cat"": 2}",0.01228800043463707
grouped_gemm,835e7537d98ccf40,8ddee018bbb88f67,"{""block_sizes"": [1, 128, 128, 64], ""loop_orders"": [[0, 1, 2]], ""l2_groupings"": [4], ""range_unroll_factors"": [0, 0], ""range_warp_specializes"": [null, false], ""range_num_stages"": [0, 0], ""range_multi_buffers"": [null, false], ""range_flattens"": [null, false], ""load_eviction_policies"": [""last"", ""last""], ""num_warps"": 4, ""num_stages"": 3, ""indexing"": [""tensor_descriptor"", ""tensor_descriptor"", ""tensor_descriptor""], ""atomic_indexing"": [], ""pid_type"": ""flat"", ""epilogue_subtile"": 2}","{""arg0_ndim"": 3, ""arg0_dim0"": 4, ""arg0_dim1"": 512, ""arg0_dim2"": 512, ""arg0_numel"": 1048576, ""arg0_dtype"": ""torch.float16"", ""arg0_dtype_size"": 2, ""arg0_dtype_cat"": 2, ""arg1_ndim"": 3, ""arg1_dim0"": 4, ""arg1_dim1"": 512, ""arg1_dim2"": 512, ""arg1_numel"": 1048576, ""arg1_dtype"": ""torch.float16"", ""arg1_dtype_size"": 2, ""arg1_dtype_cat"": 2}",0.01228800043463707
grouped_gemm,4fe0edb0784ffb8f,3b681f3543969396,"{""block_sizes"": [1, 32, 64, 64], ""loop_orders"": [[2, 1, 0]], ""l2_groupings"": [8], ""range_unroll_factors"": [0, 2], ""range_warp_specializes"": [null, null], ""range_num_stages"": [0, 1], ""range_multi_buffers"": [null, false], ""range_flattens"": [null, false], ""load_eviction_policies"": ["""", """"], ""num_warps"": 4, ""num_stages"": 5, ""indexing"": [""tensor_descriptor"", ""pointer"", ""tensor_descriptor""], ""atomic_indexing"": [], ""pid_type"": ""flat""}","{""arg0_ndim"": 3, ""arg0_dim0"": 4, ""arg0_dim1"": 1024, ""arg0_dim2"": 1024, ""arg0_numel"": 4194304, ""arg0_dtype"": ""torch.float16"", ""arg0_dtype_size"": 2, ""arg0_dtype_cat"": 2, ""arg1_ndim"": 3, ""arg1_dim0"": 4, ""arg1_dim1"": 1024, ""arg1_dim2"": 1024, ""arg1_numel"": 4194304, ""arg1_dtype"": ""torch.float16"", ""arg1_dtype_size"": 2, ""arg1_dtype_cat"": 2}",0.07168000191450119
grouped_gemm,4fe0edb0784ffb8f,b55fd8c1a3f133dd,"{""block_sizes"": [1, 32, 64, 64], ""loop_orders"": [[2, 1, 0]], ""l2_groupings"": [32], ""range_unroll_factors"": [0, 3], ""range_warp_specializes"": [null, false], ""range_num_stages"": [0, 3], ""range_multi_buffers"": [null, true], ""range_flattens"": [null, null], ""load_eviction_policies"": [""first"", ""last""], ""num_warps"": 4, ""num_stages"": 6, ""indexing"": [""tensor_descriptor"", ""tensor_descriptor"", ""pointer""], ""atomic_indexing"": [], ""pid_type"": ""flat""}","{""arg0_ndim"": 3, ""arg0_dim0"": 4, ""arg0_dim1"": 1024, ""arg0_dim2"": 1024, ""arg0_numel"": 4194304, ""arg0_dtype"": ""torch.float16"", ""arg0_dtype_size"": 2, ""arg0_dtype_cat"": 2, ""arg1_ndim"": 3, ""arg1_dim0"": 4, ""arg1_dim1"": 1024, ""arg1_dim2"": 1024, ""arg1_numel"": 4194304, ""arg1_dtype"": ""torch.float16"", ""arg1_dtype_size"": 2, ""arg1_dtype_cat"": 2}",0.07168000191450119
grouped_gemm,4fe0edb0784ffb8f,305720e00cbf8239,"{""block_sizes"": [1, 128, 64, 128], ""loop_orders"": [[2, 1, 0]], ""l2_groupings"": [32], ""range_unroll_factors"": [0, 1], ""range_warp_specializes"": [null, false], ""range_num_stages"": [0, 2], ""range_multi_buffers"": [null, true], ""range_flattens"": [null, null], ""load_eviction_policies"": [""first"", ""last""], ""num_warps"": 8, ""num_stages"": 5, ""indexing"": [""pointer"", ""pointer"", ""pointer""], ""atomic_indexing"": [], ""pid_type"": ""flat""}","{""arg0_ndim"": 3, ""arg0_dim0"": 4, ""arg0_dim1"": 1024, ""arg0_dim2"": 1024, ""arg0_numel"": 4194304, ""arg0_dtype"": ""torch.float16"", ""arg0_dtype_size"": 2, ""arg0_dtype_cat"": 2, ""arg1_ndim"": 3, ""arg1_dim0"": 4, ""arg1_dim1"": 1024, ""arg1_dim2"": 1024, ""arg1_numel"": 4194304, ""arg1_dtype"": ""torch.float16"", ""arg1_dtype_size"": 2, ""arg1_dtype_cat"": 2}",0.026623999699950218
grouped_gemm,4fe0edb0784ffb8f,3188371a4eff6b9c,"{""block_sizes"": [1, 128, 128, 64], ""loop_orders"": [[1, 0, 2]], ""l2_groupings"": [2], ""range_unroll_factors"": [0, 0], ""range_warp_specializes"": [null, false], ""range_num_stages"": [0, 0], ""range_multi_buffers"": [null, false], ""range_flattens"": [null, null], ""load_eviction_policies"": [""last"", """"], ""num_warps"": 8, ""num_stages"": 4, ""indexing"": [""pointer"", ""tensor_descriptor"", ""tensor_descriptor""], ""atomic_indexing"": [], ""pid_type"": ""flat""}","{""arg0_ndim"": 3, ""arg0_dim0"": 4, ""arg0_dim1"": 1024, ""arg0_dim2"": 1024, ""arg0_numel"": 4194304, ""arg0_dtype"": ""torch.float16"", ""arg0_dtype_size"": 2, ""arg0_dtype_cat"": 2, ""arg1_ndim"": 3, ""arg1_dim0"": 4, ""arg1_dim1"": 1024, ""arg1_dim2"": 1024, ""arg1_numel"": 4194304, ""arg1_dtype"": ""torch.float16"", ""arg1_dtype_size"": 2, ""arg1_dtype_cat"": 2}",0.018432000651955605
grouped_gemm,4fe0edb0784ffb8f,11e3b0d9f60ae2d0,"{""block_sizes"": [1, 128, 128, 64], ""loop_orders"": [[0, 1, 2]], ""l2_groupings"": [16], ""range_unroll_factors"": [0, 0], ""range_warp_specializes"": [null, false], ""range_num_stages"": [0, 1], ""range_multi_buffers"": [null, false], ""range_flattens"": [null, true], ""load_eviction_policies"": [""first"", ""first""], ""num_warps"": 4, ""num_stages"": 4, ""indexing"": [""pointer"", ""tensor_descriptor"", ""tensor_descriptor""], ""atomic_indexing"": [], ""pid_type"": ""flat""}","{""arg0_ndim"": 3, ""arg0_dim0"": 4, ""arg0_dim1"": 1024, ""arg0_dim2"": 1024, ""arg0_numel"": 4194304, ""arg0_dtype"": ""torch.float16"", ""arg0_dtype_size"": 2, ""arg0_dtype_cat"": 2, ""arg1_ndim"": 3, ""arg1_dim0"": 4, ""arg1_dim1"": 1024, ""arg1_dim2"": 1024, ""arg1_numel"": 4194304, ""arg1_dtype"": ""torch.float16"", ""arg1_dtype_size"": 2, ""arg1_dtype_cat"": 2}",0.018432000651955605
grouped_gemm,4fe0edb0784ffb8f,803406ced7dc8161,"{""block_sizes"": [1, 128, 128, 64], ""loop_orders"": [[0, 1, 2]], ""l2_groupings"": [2], ""range_unroll_factors"": [2, 0], ""range_warp_specializes"": [null, null], ""range_num_stages"": [3, 4], ""range_multi_buffers"": [true, null], ""range_flattens"": [null, true], ""load_eviction_policies"": [""first"", ""last""], ""num_warps"": 8, ""num_stages"": 3, ""indexing"": [""tensor_descriptor"", ""tensor_descriptor"", ""tensor_descriptor""], ""atomic_indexing"": [], ""pid_type"": ""persistent_blocked"", ""num_sm_multiplier"": 16, ""maxnreg"": 256, ""epilogue_subtile"": 2}","{""arg0_ndim"": 3, ""arg0_dim0"": 4, ""arg0_dim1"": 1024, ""arg0_dim2"": 1024, ""arg0_numel"": 4194304, ""arg0_dtype"": ""torch.float16"", ""arg0_dtype_size"": 2, ""arg0_dtype_cat"": 2, ""arg1_ndim"": 3, ""arg1_dim0"": 4, ""arg1_dim1"": 1024, ""arg1_dim2"": 1024, ""arg1_numel"": 4194304, ""arg1_dtype"": ""torch.float16"", ""arg1_dtype_size"": 2, ""arg1_dtype_cat"": 2}",0.024831999093294144
grouped_gemm,4fe0edb0784ffb8f,e9df8a3759e6e83b,"{""block_sizes"": [1, 128, 128, 64], ""loop_orders"": [[1, 2, 0]], ""l2_groupings"": [4], ""range_unroll_factors"": [0, 3], ""range_warp_specializes"": [null, false], ""range_num_stages"": [0, 0], ""range_multi_buffers"": [null, false], ""range_flattens"": [null, null], ""load_eviction_policies"": [""first"", ""last""], ""num_warps"": 4, ""num_stages"": 3, ""indexing"": [""pointer"", ""tensor_descriptor"", ""pointer""], ""atomic_indexing"": [], ""pid_type"": ""flat""}","{""arg0_ndim"": 3, ""arg0_dim0"": 4, ""arg0_dim1"": 1024, ""arg0_dim2"": 1024, ""arg0_numel"": 4194304, ""arg0_dtype"": ""torch.float16"", ""arg0_dtype_size"": 2, ""arg0_dtype_cat"": 2, ""arg1_ndim"": 3, ""arg1_dim0"": 4, ""arg1_dim1"": 1024, ""arg1_dim2"": 1024, ""arg1_numel"": 4194304, ""arg1_dtype"": ""torch.float16"", ""arg1_dtype_size"": 2, ""arg1_dtype_cat"": 2}",0.018432000651955605
grouped_gemm,4fe0edb0784ffb8f,8ddee018bbb88f67,"{""block_sizes"": [1, 128, 128, 64], ""loop_orders"": [[0, 1, 2]], ""l2_groupings"": [4], ""range_unroll_factors"": [0, 0], ""range_warp_specializes"": [null, false], ""range_num_stages"": [0, 0], ""range_multi_buffers"": [null, false], ""range_flattens"": [null, false], ""load_eviction_policies"": [""last"", ""last""], ""num_warps"": 4, ""num_stages"": 3, ""indexing"": [""tensor_descriptor"", ""tensor_descriptor"", ""tensor_descriptor""], ""atomic_indexing"": [], ""pid_type"": ""flat"", ""epilogue_subtile"": 2}","{""arg0_ndim"": 3, ""arg0_dim0"": 4, ""arg0_dim1"": 1024, ""arg0_dim2"": 1024, ""arg0_numel"": 4194304, ""arg0_dtype"": ""torch.float16"", ""arg0_dtype_size"": 2, ""arg0_dtype_cat"": 2, ""arg1_ndim"": 3, ""arg1_dim0"": 4, ""arg1_dim1"": 1024, ""arg1_dim2"": 1024, ""arg1_numel"": 4194304, ""arg1_dtype"": ""torch.float16"", ""arg1_dtype_size"": 2, ""arg1_dtype_cat"": 2}",0.018432000651955605
grouped_gemm,c22ca5846c9ddbc3,3b681f3543969396,"{""block_sizes"": [1, 32, 64, 64], ""loop_orders"": [[2, 1, 0]], ""l2_groupings"": [8], ""range_unroll_factors"": [0, 2], ""range_warp_specializes"": [null, null], ""range_num_stages"": [0, 1], ""range_multi_buffers"": [null, false], ""range_flattens"": [null, false], ""load_eviction_policies"": ["""", """"], ""num_warps"": 4, ""num_stages"": 5, ""indexing"": [""tensor_descriptor"", ""pointer"", ""tensor_descriptor""], ""atomic_indexing"": [], ""pid_type"": ""flat""}","{""arg0_ndim"": 3, ""arg0_dim0"": 4, ""arg0_dim1"": 128, ""arg0_dim2"": 8192, ""arg0_numel"": 4194304, ""arg0_dtype"": ""torch.float16"", ""arg0_dtype_size"": 2, ""arg0_dtype_cat"": 2, ""arg1_ndim"": 3, ""arg1_dim0"": 4, ""arg1_dim1"": 8192, ""arg1_dim2"": 8192, ""arg1_numel"": 268435456, ""arg1_dtype"": ""torch.float16"", ""arg1_dtype_size"": 2, ""arg1_dtype_cat"": 2}",0.5713919997215271
grouped_gemm,c22ca5846c9ddbc3,b55fd8c1a3f133dd,"{""block_sizes"": [1, 32, 64, 64], ""loop_orders"": [[2, 1, 0]], ""l2_groupings"": [32], ""range_unroll_factors"": [0, 3], ""range_warp_specializes"": [null, false], ""range_num_stages"": [0, 3], ""range_multi_buffers"": [null, true], ""range_flattens"": [null, null], ""load_eviction_policies"": [""first"", ""last""], ""num_warps"": 4, ""num_stages"": 6, ""indexing"": [""tensor_descriptor"", ""tensor_descriptor"", ""pointer""], ""atomic_indexing"": [], ""pid_type"": ""flat""}","{""arg0_ndim"": 3, ""arg0_dim0"": 4, ""arg0_dim1"": 128, ""arg0_dim2"": 8192, ""arg0_numel"": 4194304, ""arg0_dtype"": ""torch.float16"", ""arg0_dtype_size"": 2, ""arg0_dtype_cat"": 2, ""arg1_ndim"": 3, ""arg1_dim0"": 4, ""arg1_dim1"": 8192, ""arg1_dim2"": 8192, ""arg1_numel"": 268435456, ""arg1_dtype"": ""torch.float16"", ""arg1_dtype_size"": 2, ""arg1_dtype_cat"": 2}",0.581743985414505
grouped_gemm,c22ca5846c9ddbc3,305720e00cbf8239,"{""block_sizes"": [1, 128, 64, 128], ""loop_orders"": [[2, 1, 0]], ""l2_groupings"": [32], ""range_unroll_factors"": [0, 1], ""range_warp_specializes"": [null, false], ""range_num_stages"": [0, 2], ""range_multi_buffers"": [null, true], ""range_flattens"": [null, null], ""load_eviction_policies"": [""first"", ""last""], ""num_warps"": 8, ""num_stages"": 5, ""indexing"": [""pointer"", ""pointer"", ""pointer""], ""atomic_indexing"": [], ""pid_type"": ""flat""}","{""arg0_ndim"": 3, ""arg0_dim0"": 4, ""arg0_dim1"": 128, ""arg0_dim2"": 8192, ""arg0_numel"": 4194304, ""arg0_dtype"": ""torch.float16"", ""arg0_dtype_size"": 2, ""arg0_dtype_cat"": 2, ""arg1_ndim"": 3, ""arg1_dim0"": 4, ""arg1_dim1"": 8192, ""arg1_dim2"": 8192, ""arg1_numel"": 268435456, ""arg1_dtype"": ""torch.float16"", ""arg1_dtype_size"": 2, ""arg1_dtype_cat"": 2}",0.17321600019931793
grouped_gemm,c22ca5846c9ddbc3,3188371a4eff6b9c,"{""block_sizes"": [1, 128, 128, 64], ""loop_orders"": [[1, 0, 2]], ""l2_groupings"": [2], ""range_unroll_factors"": [0, 0], ""range_warp_specializes"": [null, false], ""range_num_stages"": [0, 0], ""range_multi_buffers"": [null, false], ""range_flattens"": [null, null], ""load_eviction_policies"": [""last"", """"], ""num_warps"": 8, ""num_stages"": 4, ""indexing"": [""pointer"", ""tensor_descriptor"", ""tensor_descriptor""], ""atomic_indexing"": [], ""pid_type"": ""flat""}","{""arg0_ndim"": 3, ""arg0_dim0"": 4, ""arg0_dim1"": 128, ""arg0_dim2"": 8192, ""arg0_numel"": 4194304, ""arg0_dtype"": ""torch.float16"", ""arg0_dtype_size"": 2, ""arg0_dtype_cat"": 2, ""arg1_ndim"": 3, ""arg1_dim0"": 4, ""arg1_dim1"": 8192, ""arg1_dim2"": 8192, ""arg1_numel"": 268435456, ""arg1_dtype"": ""torch.float16"", ""arg1_dtype_size"": 2, ""arg1_dtype_cat"": 2}",0.10764800012111664
grouped_gemm,c22ca5846c9ddbc3,11e3b0d9f60ae2d0,"{""block_sizes"": [1, 128, 128, 64], ""loop_orders"": [[0, 1, 2]], ""l2_groupings"": [16], ""range_unroll_factors"": [0, 0], ""range_warp_specializes"": [null, false], ""range_num_stages"": [0, 1], ""range_multi_buffers"": [null, false], ""range_flattens"": [null, true], ""load_eviction_policies"": [""first"", ""first""], ""num_warps"": 4, ""num_stages"": 4, ""indexing"": [""pointer"", ""tensor_descriptor"", ""tensor_descriptor""], ""atomic_indexing"": [], ""pid_type"": ""flat""}","{""arg0_ndim"": 3, ""arg0_dim0"": 4, ""arg0_dim1"": 128, ""arg0_dim2"": 8192, ""arg0_numel"": 4194304, ""arg0_dtype"": ""torch.float16"", ""arg0_dtype_size"": 2, ""arg0_dtype_cat"": 2, ""arg1_ndim"": 3, ""arg1_dim0"": 4, ""arg1_dim1"": 8192, ""arg1_dim2"": 8192, ""arg1_numel"": 268435456, ""arg1_dtype"": ""torch.float16"", ""arg1_dtype_size"": 2, ""arg1_dtype_cat"": 2}",0.10639999806880951
grouped_gemm,c22ca5846c9ddbc3,803406ced7dc8161,"{""block_sizes"": [1, 128, 128, 64], ""loop_orders"": [[0, 1, 2]], ""l2_groupings"": [2], ""range_unroll_factors"": [2, 0], ""range_warp_specializes"": [null, null], ""range_num_stages"": [3, 4], ""range_multi_buffers"": [true, null], ""range_flattens"": [null, true], ""load_eviction_policies"": [""first"", ""last""], ""num_warps"": 8, ""num_stages"": 3, ""indexing"": [""tensor_descriptor"", ""tensor_descriptor"", ""tensor_descriptor""], ""atomic_indexing"": [], ""pid_type"": ""persistent_blocked"", ""num_sm_multiplier"": 16, ""maxnreg"": 256, ""epilogue_subtile"": 2}","{""arg0_ndim"": 3, ""arg0_dim0"": 4, ""arg0_dim1"": 128, ""arg0_dim2"": 8192, ""arg0_numel"": 4194304, ""arg0_dtype"": ""torch.float16"", ""arg0_dtype_size"": 2, ""arg0_dtype_cat"": 2, ""arg1_ndim"": 3, ""arg1_dim0"": 4, ""arg1_dim1"": 8192, ""arg1_dim2"": 8192, ""arg1_numel"": 268435456, ""arg1_dtype"": ""torch.float16"", ""arg1_dtype_size"": 2, ""arg1_dtype_cat"": 2}",0.11260800063610077
grouped_gemm,c22ca5846c9ddbc3,e9df8a3759e6e83b,"{""block_sizes"": [1, 128, 128, 64], ""loop_orders"": [[1, 2, 0]], ""l2_groupings"": [4], ""range_unroll_factors"": [0, 3], ""range_warp_specializes"": [null, false], ""range_num_stages"": [0, 0], ""range_multi_buffers"": [null, false], ""range_flattens"": [null, null], ""load_eviction_policies"": [""first"", ""last""], ""num_warps"": 4, ""num_stages"": 3, ""indexing"": [""pointer"", ""tensor_descriptor"", ""pointer""], ""atomic_indexing"": [], ""pid_type"": ""flat""}","{""arg0_ndim"": 3, ""arg0_dim0"": 4, ""arg0_dim1"": 128, ""arg0_dim2"": 8192, ""arg0_numel"": 4194304, ""arg0_dtype"": ""torch.float16"", ""arg0_dtype_size"": 2, ""arg0_dtype_cat"": 2, ""arg1_ndim"": 3, ""arg1_dim0"": 4, ""arg1_dim1"": 8192, ""arg1_dim2"": 8192, ""arg1_numel"": 268435456, ""arg1_dtype"": ""torch.float16"", ""arg1_dtype_size"": 2, ""arg1_dtype_cat"": 2}",0.1167680025100708
grouped_gemm,c22ca5846c9ddbc3,8ddee018bbb88f67,"{""block_sizes"": [1, 128, 128, 64], ""loop_orders"": [[0, 1, 2]], ""l2_groupings"": [4], ""range_unroll_factors"": [0, 0], ""range_warp_specializes"": [null, false], ""range_num_stages"": [0, 0], ""range_multi_buffers"": [null, false], ""range_flattens"": [null, false], ""load_eviction_policies"": [""last"", ""last""], ""num_warps"": 4, ""num_stages"": 3, ""indexing"": [""tensor_descriptor"", ""tensor_descriptor"", ""tensor_descriptor""], ""atomic_indexing"": [], ""pid_type"": ""flat"", ""epilogue_subtile"": 2}","{""arg0_ndim"": 3, ""arg0_dim0"": 4, ""arg0_dim1"": 128, ""arg0_dim2"": 8192, ""arg0_numel"": 4194304, ""arg0_dtype"": ""torch.float16"", ""arg0_dtype_size"": 2, ""arg0_dtype_cat"": 2, ""arg1_ndim"": 3, ""arg1_dim0"": 4, ""arg1_dim1"": 8192, ""arg1_dim2"": 8192, ""arg1_numel"": 268435456, ""arg1_dtype"": ""torch.float16"", ""arg1_dtype_size"": 2, ""arg1_dtype_cat"": 2}",0.11683200299739838
grouped_gemm,d86e61902d2d84c3,3b681f3543969396,"{""block_sizes"": [1, 32, 64, 64], ""loop_orders"": [[2, 1, 0]], ""l2_groupings"": [8], ""range_unroll_factors"": [0, 2], ""range_warp_specializes"": [null, null], ""range_num_stages"": [0, 1], ""range_multi_buffers"": [null, false], ""range_flattens"": [null, false], ""load_eviction_policies"": ["""", """"], ""num_warps"": 4, ""num_stages"": 5, ""indexing"": [""tensor_descriptor"", ""pointer"", ""tensor_descriptor""], ""atomic_indexing"": [], ""pid_type"": ""flat""}","{""arg0_ndim"": 3, ""arg0_dim0"": 4, ""arg0_dim1"": 256, ""arg0_dim2"": 8192, ""arg0_numel"": 8388608, ""arg0_dtype"": ""torch.float16"", ""arg0_dtype_size"": 2, ""arg0_dtype_cat"": 2, ""arg1_ndim"": 3, ""arg1_dim0"": 4, ""arg1_dim1"": 8192, ""arg1_dim2"": 8192, ""arg1_numel"": 268435456, ""arg1_dtype"": ""torch.float16"", ""arg1_dtype_size"": 2, ""arg1_dtype_cat"": 2}",1.0690239667892456
grouped_gemm,d86e61902d2d84c3,b55fd8c1a3f133dd,"{""block_sizes"": [1, 32, 64, 64], ""loop_orders"": [[2, 1, 0]], ""l2_groupings"": [32], ""range_unroll_factors"": [0, 3], ""range_warp_specializes"": [null, false], ""range_num_stages"": [0, 3], ""range_multi_buffers"": [null, true], ""range_flattens"": [null, null], ""load_eviction_policies"": [""first"", ""last""], ""num_warps"": 4, ""num_stages"": 6, ""indexing"": [""tensor_descriptor"", ""tensor_descriptor"", ""pointer""], ""atomic_indexing"": [], ""pid_type"": ""flat""}","{""arg0_ndim"": 3, ""arg0_dim0"": 4, ""arg0_dim1"": 256, ""arg0_dim2"": 8192, ""arg0_numel"": 8388608, ""arg0_dtype"": ""torch.float16"", ""arg0_dtype_size"": 2, ""arg0_dtype_cat"": 2, ""arg1_ndim"": 3, ""arg1_dim0"": 4, ""arg1_dim1"": 8192, ""arg1_dim2"": 8192, ""arg1_numel"": 268435456, ""arg1_dtype"": ""torch.float16"", ""arg1_dtype_size"": 2, ""arg1_dtype_cat"": 2}",1.0885759592056274
grouped_gemm,d86e61902d2d84c3,305720e00cbf8239,"{""block_sizes"": [1, 128, 64, 128], ""loop_orders"": [[2, 1, 0]], ""l2_groupings"": [32], ""range_unroll_factors"": [0, 1], ""range_warp_specializes"": [null, false], ""range_num_stages"": [0, 2], ""range_multi_buffers"": [null, true], ""range_flattens"": [null, null], ""load_eviction_policies"": [""first"", ""last""], ""num_warps"": 8, ""num_stages"": 5, ""indexing"": [""pointer"", ""pointer"", ""pointer""], ""atomic_indexing"": [], ""pid_type"": ""flat""}","{""arg0_ndim"": 3, ""arg0_dim0"": 4, ""arg0_dim1"": 256, ""arg0_dim2"": 8192, ""arg0_numel"": 8388608, ""arg0_dtype"": ""torch.float16"", ""arg0_dtype_size"": 2, ""arg0_dtype_cat"": 2, ""arg1_ndim"": 3, ""arg1_dim0"": 4, ""arg1_dim1"": 8192, ""arg1_dim2"": 8192, ""arg1_numel"": 268435456, ""arg1_dtype"": ""torch.float16"", ""arg1_dtype_size"": 2, ""arg1_dtype_cat"": 2}",0.31145599484443665
grouped_gemm,d86e61902d2d84c3,3188371a4eff6b9c,"{""block_sizes"": [1, 128, 128, 64], ""loop_orders"": [[1, 0, 2]], ""l2_groupings"": [2], ""range_unroll_factors"": [0, 0], ""range_warp_specializes"": [null, false], ""range_num_stages"": [0, 0], ""range_multi_buffers"": [null, false], ""range_flattens"": [null, null], ""load_eviction_policies"": [""last"", """"], ""num_warps"": 8, ""num_stages"": 4, ""indexing"": [""pointer"", ""tensor_descriptor"", ""tensor_descriptor""], ""atomic_indexing"": [], ""pid_type"": ""flat""}","{""arg0_ndim"": 3, ""arg0_dim0"": 4, ""arg0_dim1"": 256, ""arg0_dim2"": 8192, ""arg0_numel"": 8388608, ""arg0_dtype"": ""torch.float16"", ""arg0_dtype_size"": 2, ""arg0_dtype_cat"": 2, ""arg1_ndim"": 3, ""arg1_dim0"": 4, ""arg1_dim1"": 8192, ""arg1_dim2"": 8192, ""arg1_numel"": 268435456, ""arg1_dtype"": ""torch.float16"", ""arg1_dtype_size"": 2, ""arg1_dtype_cat"": 2}",0.20057600736618042
grouped_gemm,d86e61902d2d84c3,11e3b0d9f60ae2d0,"{""block_sizes"": [1, 128, 128, 64], ""loop_orders"": [[0, 1, 2]], ""l2_groupings"": [16], ""range_unroll_factors"": [0, 0], ""range_warp_specializes"": [null, false], ""range_num_stages"": [0, 1], ""range_multi_buffers"": [null, false], ""range_flattens"": [null, true], ""load_eviction_policies"": [""first"", ""first""], ""num_warps"": 4, ""num_stages"": 4, ""indexing"": [""pointer"", ""tensor_descriptor"", ""tensor_descriptor""], ""atomic_indexing"": [], ""pid_type"": ""flat""}","{""arg0_ndim"": 3, ""arg0_dim0"": 4, ""arg0_dim1"": 256, ""arg0_dim2"": 8192, ""arg0_numel"": 8388608, ""arg0_dtype"": ""torch.float16"", ""arg0_dtype_size"": 2, ""arg0_dtype_cat"": 2, ""arg1_ndim"": 3, ""arg1_dim0"": 4, ""arg1_dim1"": 8192, ""arg1_dim2"": 8192, ""arg1_numel"": 268435456, ""arg1_dtype"": ""torch.float16"", ""arg1_dtype_size"": 2, ""arg1_dtype_cat"": 2}",0.20073600113391876
grouped_gemm,d86e61902d2d84c3,803406ced7dc8161,"{""block_sizes"": [1, 128, 128, 64], ""loop_orders"": [[0, 1, 2]], ""l2_groupings"": [2], ""range_unroll_factors"": [2, 0], ""range_warp_specializes"": [null, null], ""range_num_stages"": [3, 4], ""range_multi_buffers"": [true, null], ""range_flattens"": [null, true], ""load_eviction_policies"": [""first"", ""last""], ""num_warps"": 8, ""num_stages"": 3, ""indexing"": [""tensor_descriptor"", ""tensor_descriptor"", ""tensor_descriptor""], ""atomic_indexing"": [], ""pid_type"": ""persistent_blocked"", ""num_sm_multiplier"": 16, ""maxnreg"": 256, ""epilogue_subtile"": 2}","{""arg0_ndim"": 3, ""arg0_dim0"": 4, ""arg0_dim1"": 256, ""arg0_dim2"": 8192, ""arg0_numel"": 8388608, ""arg0_dtype"": ""torch.float16"", ""arg0_dtype_size"": 2, ""arg0_dtype_cat"": 2, ""arg1_ndim"": 3, ""arg1_dim0"": 4, ""arg1_dim1"": 8192, ""arg1_dim2"": 8192, ""arg1_numel"": 268435456, ""arg1_dtype"": ""torch.float16"", ""arg1_dtype_size"": 2, ""arg1_dtype_cat"": 2}",0.19046400487422943
grouped_gemm,d86e61902d2d84c3,e9df8a3759e6e83b,"{""block_sizes"": [1, 128, 128, 64], ""loop_orders"": [[1, 2, 0]], ""l2_groupings"": [4], ""range_unroll_factors"": [0, 3], ""range_warp_specializes"": [null, false], ""range_num_stages"": [0, 0], ""range_multi_buffers"": [null, false], ""range_flattens"": [null, null], ""load_eviction_policies"": [""first"", ""last""], ""num_warps"": 4, ""num_stages"": 3, ""indexing"": [""pointer"", ""tensor_descriptor"", ""pointer""], ""atomic_indexing"": [], ""pid_type"": ""flat""}","{""arg0_ndim"": 3, ""arg0_dim0"": 4, ""arg0_dim1"": 256, ""arg0_dim2"": 8192, ""arg0_numel"": 8388608, ""arg0_dtype"": ""torch.float16"", ""arg0_dtype_size"": 2, ""arg0_dtype_cat"": 2, ""arg1_ndim"": 3, ""arg1_dim0"": 4, ""arg1_dim1"": 8192, ""arg1_dim2"": 8192, ""arg1_numel"": 268435456, ""arg1_dtype"": ""torch.float16"", ""arg1_dtype_size"": 2, ""arg1_dtype_cat"": 2}",0.20768000185489655
grouped_gemm,d86e61902d2d84c3,8ddee018bbb88f67,"{""block_sizes"": [1, 128, 128, 64], ""loop_orders"": [[0, 1, 2]], ""l2_groupings"": [4], ""range_unroll_factors"": [0, 0], ""range_warp_specializes"": [null, false], ""range_num_stages"": [0, 0], ""range_multi_buffers"": [null, false], ""range_flattens"": [null, false], ""load_eviction_policies"": [""last"", ""last""], ""num_warps"": 4, ""num_stages"": 3, ""indexing"": [""tensor_descriptor"", ""tensor_descriptor"", ""tensor_descriptor""], ""atomic_indexing"": [], ""pid_type"": ""flat"", ""epilogue_subtile"": 2}","{""arg0_ndim"": 3, ""arg0_dim0"": 4, ""arg0_dim1"": 256, ""arg0_dim2"": 8192, ""arg0_numel"": 8388608, ""arg0_dtype"": ""torch.float16"", ""arg0_dtype_size"": 2, ""arg0_dtype_cat"": 2, ""arg1_ndim"": 3, ""arg1_dim0"": 4, ""arg1_dim1"": 8192, ""arg1_dim2"": 8192, ""arg1_numel"": 268435456, ""arg1_dtype"": ""torch.float16"", ""arg1_dtype_size"": 2, ""arg1_dtype_cat"": 2}",0.2149920016527176
grouped_gemm,b8cb2a56027b3db6,3b681f3543969396,"{""block_sizes"": [1, 32, 64, 64], ""loop_orders"": [[2, 1, 0]], ""l2_groupings"": [8], ""range_unroll_factors"": [0, 2], ""range_warp_specializes"": [null, null], ""range_num_stages"": [0, 1], ""range_multi_buffers"": [null, false], ""range_flattens"": [null, false], ""load_eviction_policies"": ["""", """"], ""num_warps"": 4, ""num_stages"": 5, ""indexing"": [""tensor_descriptor"", ""pointer"", ""tensor_descriptor""], ""atomic_indexing"": [], ""pid_type"": ""flat""}","{""arg0_ndim"": 3, ""arg0_dim0"": 4, ""arg0_dim1"": 512, ""arg0_dim2"": 8192, ""arg0_numel"": 16777216, ""arg0_dtype"": ""torch.float16"", ""arg0_dtype_size"": 2, ""arg0_dtype_cat"": 2, ""arg1_ndim"": 3, ""arg1_dim0"": 4, ""arg1_dim1"": 8192, ""arg1_dim2"": 8192, ""arg1_numel"": 268435456, ""arg1_dtype"": ""torch.float16"", ""arg1_dtype_size"": 2, ""arg1_dtype_cat"": 2}",1.8749279975891113
grouped_gemm,b8cb2a56027b3db6,b55fd8c1a3f133dd,"{""block_sizes"": [1, 32, 64, 64], ""loop_orders"": [[2, 1, 0]], ""l2_groupings"": [32], ""range_unroll_factors"": [0, 3], ""range_warp_specializes"": [null, false], ""range_num_stages"": [0, 3], ""range_multi_buffers"": [null, true], ""range_flattens"": [null, null], ""load_eviction_policies"": [""first"", ""last""], ""num_warps"": 4, ""num_stages"": 6, ""indexing"": [""tensor_descriptor"", ""tensor_descriptor"", ""pointer""], ""atomic_indexing"": [], ""pid_type"": ""flat""}","{""arg0_ndim"": 3, ""arg0_dim0"": 4, ""arg0_dim1"": 512, ""arg0_dim2"": 8192, ""arg0_numel"": 16777216, ""arg0_dtype"": ""torch.float16"", ""arg0_dtype_size"": 2, ""arg0_dtype_cat"": 2, ""arg1_ndim"": 3, ""arg1_dim0"": 4, ""arg1_dim1"": 8192, ""arg1_dim2"": 8192, ""arg1_numel"": 268435456, ""arg1_dtype"": ""torch.float16"", ""arg1_dtype_size"": 2, ""arg1_dtype_cat"": 2}",2.0162880420684814
grouped_gemm,b8cb2a56027b3db6,305720e00cbf8239,"{""block_sizes"": [1, 128, 64, 128], ""loop_orders"": [[2, 1, 0]], ""l2_groupings"": [32], ""range_unroll_factors"": [0, 1], ""range_warp_specializes"": [null, false], ""range_num_stages"": [0, 2], ""range_multi_buffers"": [null, true], ""range_flattens"": [null, null], ""load_eviction_policies"": [""first"", ""last""], ""num_warps"": 8, ""num_stages"": 5, ""indexing"": [""pointer"", ""pointer"", ""pointer""], ""atomic_indexing"": [], ""pid_type"": ""flat""}","{""arg0_ndim"": 3, ""arg0_dim0"": 4, ""arg0_dim1"": 512, ""arg0_dim2"": 8192, ""arg0_numel"": 16777216, ""arg0_dtype"": ""torch.float16"", ""arg0_dtype_size"": 2, ""arg0_dtype_cat"": 2, ""arg1_ndim"": 3, ""arg1_dim0"": 4, ""arg1_dim1"": 8192, ""arg1_dim2"": 8192, ""arg1_numel"": 268435456, ""arg1_dtype"": ""torch.float16"", ""arg1_dtype_size"": 2, ""arg1_dtype_cat"": 2}",0.5355520248413086
grouped_gemm,b8cb2a56027b3db6,3188371a4eff6b9c,"{""block_sizes"": [1, 128, 128, 64], ""loop_orders"": [[1, 0, 2]], ""l2_groupings"": [2], ""range_unroll_factors"": [0, 0], ""range_warp_specializes"": [null, false], ""range_num_stages"": [0, 0], ""range_multi_buffers"": [null, false], ""range_flattens"": [null, null], ""load_eviction_policies"": [""last"", """"], ""num_warps"": 8, ""num_stages"": 4, ""indexing"": [""pointer"", ""tensor_descriptor"", ""tensor_descriptor""], ""atomic_indexing"": [], ""pid_type"": ""flat""}","{""arg0_ndim"": 3, ""arg0_dim0"": 4, ""arg0_dim1"": 512, ""arg0_dim2"": 8192, ""arg0_numel"": 16777216, ""arg0_dtype"": ""torch.float16"", ""arg0_dtype_size"": 2, ""arg0_dtype_cat"": 2, ""arg1_ndim"": 3, ""arg1_dim0"": 4, ""arg1_dim1"": 8192, ""arg1_dim2"": 8192, ""arg1_numel"": 268435456, ""arg1_dtype"": ""torch.float16"", ""arg1_dtype_size"": 2, ""arg1_dtype_cat"": 2}",0.3789120018482208
grouped_gemm,b8cb2a56027b3db6,11e3b0d9f60ae2d0,"{""block_sizes"": [1, 128, 128, 64], ""loop_orders"": [[0, 1, 2]], ""l2_groupings"": [16], ""range_unroll_factors"": [0, 0], ""range_warp_specializes"": [null, false], ""range_num_stages"": [0, 1], ""range_multi_buffers"": [null, false], ""range_flattens"": [null, true], ""load_eviction_policies"": [""first"", ""first""], ""num_warps"": 4, ""num_stages"": 4, ""indexing"": [""pointer"", ""tensor_descriptor"", ""tensor_descriptor""], ""atomic_indexing"": [], ""pid_type"": ""flat""}","{""arg0_ndim"": 3, ""arg0_dim0"": 4, ""arg0_dim1"": 512, ""arg0_dim2"": 8192, ""arg0_numel"": 16777216, ""arg0_dtype"": ""torch.float16"", ""arg0_dtype_size"": 2, ""arg0_dtype_cat"": 2, ""arg1_ndim"": 3, ""arg1_dim0"": 4, ""arg1_dim1"": 8192, ""arg1_dim2"": 8192, ""arg1_numel"": 268435456, ""arg1_dtype"": ""torch.float16"", ""arg1_dtype_size"": 2, ""arg1_dtype_cat"": 2}",0.36959999799728394
grouped_gemm,b8cb2a56027b3db6,803406ced7dc8161,"{""block_sizes"": [1, 128, 128, 64], ""loop_orders"": [[0, 1, 2]], ""l2_groupings"": [2], ""range_unroll_factors"": [2, 0], ""range_warp_specializes"": [null, null], ""range_num_stages"": [3, 4], ""range_multi_buffers"": [true, null], ""range_flattens"": [null, true], ""load_eviction_policies"": [""first"", ""last""], ""num_warps"": 8, ""num_stages"": 3, ""indexing"": [""tensor_descriptor"", ""tensor_descriptor"", ""tensor_descriptor""], ""atomic_indexing"": [], ""pid_type"": ""persistent_blocked"", ""num_sm_multiplier"": 16, ""maxnreg"": 256, ""epilogue_subtile"": 2}","{""arg0_ndim"": 3, ""arg0_dim0"": 4, ""arg0_dim1"": 512, ""arg0_dim2"": 8192, ""arg0_numel"": 16777216, ""arg0_dtype"": ""torch.float16"", ""arg0_dtype_size"": 2, ""arg0_dtype_cat"": 2, ""arg1_ndim"": 3, ""arg1_dim0"": 4, ""arg1_dim1"": 8192, ""arg1_dim2"": 8192, ""arg1_numel"": 268435456, ""arg1_dtype"": ""torch.float16"", ""arg1_dtype_size"": 2, ""arg1_dtype_cat"": 2}",0.3563840091228485
grouped_gemm,b8cb2a56027b3db6,e9df8a3759e6e83b,"{""block_sizes"": [1, 128, 128, 64], ""loop_orders"": [[1, 2, 0]], ""l2_groupings"": [4], ""range_unroll_factors"": [0, 3], ""range_warp_specializes"": [null, false], ""range_num_stages"": [0, 0], ""range_multi_buffers"": [null, false], ""range_flattens"": [null, null], ""load_eviction_policies"": [""first"", ""last""], ""num_warps"": 4, ""num_stages"": 3, ""indexing"": [""pointer"", ""tensor_descriptor"", ""pointer""], ""atomic_indexing"": [], ""pid_type"": ""flat""}","{""arg0_ndim"": 3, ""arg0_dim0"": 4, ""arg0_dim1"": 512, ""arg0_dim2"": 8192, ""arg0_numel"": 16777216, ""arg0_dtype"": ""torch.float16"", ""arg0_dtype_size"": 2, ""arg0_dtype_cat"": 2, ""arg1_ndim"": 3, ""arg1_dim0"": 4, ""arg1_dim1"": 8192, ""arg1_dim2"": 8192, ""arg1_numel"": 268435456, ""arg1_dtype"": ""torch.float16"", ""arg1_dtype_size"": 2, ""arg1_dtype_cat"": 2}",0.34307199716567993
grouped_gemm,b8cb2a56027b3db6,8ddee018bbb88f67,"{""block_sizes"": [1, 128, 128, 64], ""loop_orders"": [[0, 1, 2]], ""l2_groupings"": [4], ""range_unroll_factors"": [0, 0], ""range_warp_specializes"": [null, false], ""range_num_stages"": [0, 0], ""range_multi_buffers"": [null, false], ""range_flattens"": [null, false], ""load_eviction_policies"": [""last"", ""last""], ""num_warps"": 4, ""num_stages"": 3, ""indexing"": [""tensor_descriptor"", ""tensor_descriptor"", ""tensor_descriptor""], ""atomic_indexing"": [], ""pid_type"": ""flat"", ""epilogue_subtile"": 2}","{""arg0_ndim"": 3, ""arg0_dim0"": 4, ""arg0_dim1"": 512, ""arg0_dim2"": 8192, ""arg0_numel"": 16777216, ""arg0_dtype"": ""torch.float16"", ""arg0_dtype_size"": 2, ""arg0_dtype_cat"": 2, ""arg1_ndim"": 3, ""arg1_dim0"": 4, ""arg1_dim1"": 8192, ""arg1_dim2"": 8192, ""arg1_numel"": 268435456, ""arg1_dtype"": ""torch.float16"", ""arg1_dtype_size"": 2, ""arg1_dtype_cat"": 2}",0.35225600004196167
grouped_gemm,230c891fe21f7644,3b681f3543969396,"{""block_sizes"": [1, 32, 64, 64], ""loop_orders"": [[2, 1, 0]], ""l2_groupings"": [8], ""range_unroll_factors"": [0, 2], ""range_warp_specializes"": [null, null], ""range_num_stages"": [0, 1], ""range_multi_buffers"": [null, false], ""range_flattens"": [null, false], ""load_eviction_policies"": ["""", """"], ""num_warps"": 4, ""num_stages"": 5, ""indexing"": [""tensor_descriptor"", ""pointer"", ""tensor_descriptor""], ""atomic_indexing"": [], ""pid_type"": ""flat""}","{""arg0_ndim"": 3, ""arg0_dim0"": 4, ""arg0_dim1"": 1024, ""arg0_dim2"": 8192, ""arg0_numel"": 33554432, ""arg0_dtype"": ""torch.float16"", ""arg0_dtype_size"": 2, ""arg0_dtype_cat"": 2, ""arg1_ndim"": 3, ""arg1_dim0"": 4, ""arg1_dim1"": 8192, ""arg1_dim2"": 8192, ""arg1_numel"": 268435456, ""arg1_dtype"": ""torch.float16"", ""arg1_dtype_size"": 2, ""arg1_dtype_cat"": 2}",3.5839359760284424
grouped_gemm,230c891fe21f7644,b55fd8c1a3f133dd,"{""block_sizes"": [1, 32, 64, 64], ""loop_orders"": [[2, 1, 0]], ""l2_groupings"": [32], ""range_unroll_factors"": [0, 3], ""range_warp_specializes"": [null, false], ""range_num_stages"": [0, 3], ""range_multi_buffers"": [null, true], ""range_flattens"": [null, null], ""load_eviction_policies"": [""first"", ""last""], ""num_warps"": 4, ""num_stages"": 6, ""indexing"": [""tensor_descriptor"", ""tensor_descriptor"", ""pointer""], ""atomic_indexing"": [], ""pid_type"": ""flat""}","{""arg0_ndim"": 3, ""arg0_dim0"": 4, ""arg0_dim1"": 1024, ""arg0_dim2"": 8192, ""arg0_numel"": 33554432, ""arg0_dtype"": ""torch.float16"", ""arg0_dtype_size"": 2, ""arg0_dtype_cat"": 2, ""arg1_ndim"": 3, ""arg1_dim0"": 4, ""arg1_dim1"": 8192, ""arg1_dim2"": 8192, ""arg1_numel"": 268435456, ""arg1_dtype"": ""torch.float16"", ""arg1_dtype_size"": 2, ""arg1_dtype_cat"": 2}",3.8266080617904663
grouped_gemm,230c891fe21f7644,305720e00cbf8239,"{""block_sizes"": [1, 128, 64, 128], ""loop_orders"": [[2, 1, 0]], ""l2_groupings"": [32], ""range_unroll_factors"": [0, 1], ""range_warp_specializes"": [null, false], ""range_num_stages"": [0, 2], ""range_multi_buffers"": [null, true], ""range_flattens"": [null, null], ""load_eviction_policies"": [""first"", ""last""], ""num_warps"": 8, ""num_stages"": 5, ""indexing"": [""pointer"", ""pointer"", ""pointer""], ""atomic_indexing"": [], ""pid_type"": ""flat""}","{""arg0_ndim"": 3, ""arg0_dim0"": 4, ""arg0_dim1"": 1024, ""arg0_dim2"": 8192, ""arg0_numel"": 33554432, ""arg0_dtype"": ""torch.float16"", ""arg0_dtype_size"": 2, ""arg0_dtype_cat"": 2, ""arg1_ndim"": 3, ""arg1_dim0"": 4, ""arg1_dim1"": 8192, ""arg1_dim2"": 8192, ""arg1_numel"": 268435456, ""arg1_dtype"": ""torch.float16"", ""arg1_dtype_size"": 2, ""arg1_dtype_cat"": 2}",1.0341920256614685
grouped_gemm,230c891fe21f7644,3188371a4eff6b9c,"{""block_sizes"": [1, 128, 128, 64], ""loop_orders"": [[1, 0, 2]], ""l2_groupings"": [2], ""range_unroll_factors"": [0, 0], ""range_warp_specializes"": [null, false], ""range_num_stages"": [0, 0], ""range_multi_buffers"": [null, false], ""range_flattens"": [null, null], ""load_eviction_policies"": [""last"", """"], ""num_warps"": 8, ""num_stages"": 4, ""indexing"": [""pointer"", ""tensor_descriptor"", ""tensor_descriptor""], ""atomic_indexing"": [], ""pid_type"": ""flat""}","{""arg0_ndim"": 3, ""arg0_dim0"": 4, ""arg0_dim1"": 1024, ""arg0_dim2"": 8192, ""arg0_numel"": 33554432, ""arg0_dtype"": ""torch.float16"", ""arg0_dtype_size"": 2, ""arg0_dtype_cat"": 2, ""arg1_ndim"": 3, ""arg1_dim0"": 4, ""arg1_dim1"": 8192, ""arg1_dim2"": 8192, ""arg1_numel"": 268435456, ""arg1_dtype"": ""torch.float16"", ""arg1_dtype_size"": 2, ""arg1_dtype_cat"": 2}",0.72707200050354
grouped_gemm,230c891fe21f7644,11e3b0d9f60ae2d0,"{""block_sizes"": [1, 128, 128, 64], ""loop_orders"": [[0, 1, 2]], ""l2_groupings"": [16], ""range_unroll_factors"": [0, 0], ""range_warp_specializes"": [null, false], ""range_num_stages"": [0, 1], ""range_multi_buffers"": [null, false], ""range_flattens"": [null, true], ""load_eviction_policies"": [""first"", ""first""], ""num_warps"": 4, ""num_stages"": 4, ""indexing"": [""pointer"", ""tensor_descriptor"", ""tensor_descriptor""], ""atomic_indexing"": [], ""pid_type"": ""flat""}","{""arg0_ndim"": 3, ""arg0_dim0"": 4, ""arg0_dim1"": 1024, ""arg0_dim2"": 8192, ""arg0_numel"": 33554432, ""arg0_dtype"": ""torch.float16"", ""arg0_dtype_size"": 2, ""arg0_dtype_cat"": 2, ""arg1_ndim"": 3, ""arg1_dim0"": 4, ""arg1_dim1"": 8192, ""arg1_dim2"": 8192, ""arg1_numel"": 268435456, ""arg1_dtype"": ""torch.float16"", ""arg1_dtype_size"": 2, ""arg1_dtype_cat"": 2}",0.694271981716156
grouped_gemm,230c891fe21f7644,803406ced7dc8161,"{""block_sizes"": [1, 128, 128, 64], ""loop_orders"": [[0, 1, 2]], ""l2_groupings"": [2], ""range_unroll_factors"": [2, 0], ""range_warp_specializes"": [null, null], ""range_num_stages"": [3, 4], ""range_multi_buffers"": [true, null], ""range_flattens"": [null, true], ""load_eviction_policies"": [""first"", ""last""], ""num_warps"": 8, ""num_stages"": 3, ""indexing"": [""tensor_descriptor"", ""tensor_descriptor"", ""tensor_descriptor""], ""atomic_indexing"": [], ""pid_type"": ""persistent_blocked"", ""num_sm_multiplier"": 16, ""maxnreg"": 256, ""epilogue_subtile"": 2}","{""arg0_ndim"": 3, ""arg0_dim0"": 4, ""arg0_dim1"": 1024, ""arg0_dim2"": 8192, ""arg0_numel"": 33554432, ""arg0_dtype"": ""torch.float16"", ""arg0_dtype_size"": 2, ""arg0_dtype_cat"": 2, ""arg1_ndim"": 3, ""arg1_dim0"": 4, ""arg1_dim1"": 8192, ""arg1_dim2"": 8192, ""arg1_numel"": 268435456, ""arg1_dtype"": ""torch.float16"", ""arg1_dtype_size"": 2, ""arg1_dtype_cat"": 2}",0.6758560240268707
grouped_gemm,230c891fe21f7644,e9df8a3759e6e83b,"{""block_sizes"": [1, 128, 128, 64], ""loop_orders"": [[1, 2, 0]], ""l2_groupings"": [4], ""range_unroll_factors"": [0, 3], ""range_warp_specializes"": [null, false], ""range_num_stages"": [0, 0], ""range_multi_buffers"": [null, false], ""range_flattens"": [null, null], ""load_eviction_policies"": [""first"", ""last""], ""num_warps"": 4, ""num_stages"": 3, ""indexing"": [""pointer"", ""tensor_descriptor"", ""pointer""], ""atomic_indexing"": [], ""pid_type"": ""flat""}","{""arg0_ndim"": 3, ""arg0_dim0"": 4, ""arg0_dim1"": 1024, ""arg0_dim2"": 8192, ""arg0_numel"": 33554432, ""arg0_dtype"": ""torch.float16"", ""arg0_dtype_size"": 2, ""arg0_dtype_cat"": 2, ""arg1_ndim"": 3, ""arg1_dim0"": 4, ""arg1_dim1"": 8192, ""arg1_dim2"": 8192, ""arg1_numel"": 268435456, ""arg1_dtype"": ""torch.float16"", ""arg1_dtype_size"": 2, ""arg1_dtype_cat"": 2}",0.649152010679245
grouped_gemm,230c891fe21f7644,8ddee018bbb88f67,"{""block_sizes"": [1, 128, 128, 64], ""loop_orders"": [[0, 1, 2]], ""l2_groupings"": [4], ""range_unroll_factors"": [0, 0], ""range_warp_specializes"": [null, false], ""range_num_stages"": [0, 0], ""range_multi_buffers"": [null, false], ""range_flattens"": [null, false], ""load_eviction_policies"": [""last"", ""last""], ""num_warps"": 4, ""num_stages"": 3, ""indexing"": [""tensor_descriptor"", ""tensor_descriptor"", ""tensor_descriptor""], ""atomic_indexing"": [], ""pid_type"": ""flat"", ""epilogue_subtile"": 2}","{""arg0_ndim"": 3, ""arg0_dim0"": 4, ""arg0_dim1"": 1024, ""arg0_dim2"": 8192, ""arg0_numel"": 33554432, ""arg0_dtype"": ""torch.float16"", ""arg0_dtype_size"": 2, ""arg0_dtype_cat"": 2, ""arg1_ndim"": 3, ""arg1_dim0"": 4, ""arg1_dim1"": 8192, ""arg1_dim2"": 8192, ""arg1_numel"": 268435456, ""arg1_dtype"": ""torch.float16"", ""arg1_dtype_size"": 2, ""arg1_dtype_cat"": 2}",0.6492960155010223
