kernel,shape_id,shape_label,split,repeat,arm,generation,config_hash,config,status,perf_ms,compile_time_s,seeded_by_heuristic
rms_norm,RM_001,256x1024,train,0,heuristics,0,24745e38d713c198,"{""atomic_indexing"": [], ""block_sizes"": [2], ""indexing"": [""pointer"", ""pointer"", ""pointer"", ""tensor_descriptor"", ""tensor_descriptor"", ""pointer"", ""pointer""], ""load_eviction_policies"": [""last"", ""first"", ""first"", """", """"], ""num_stages"": 6, ""num_warps"": 4, ""pid_type"": ""flat"", ""range_flattens"": [null], ""range_multi_buffers"": [null], ""range_num_stages"": [0], ""range_unroll_factors"": [0], ""range_warp_specializes"": [null], ""reduction_loops"": [null]}",ok,7.168000098317862,0.10530996322631836,1
rms_norm,RM_001,256x1024,train,0,heuristics,0,a0bad60454a64a49,"{""atomic_indexing"": [], ""block_sizes"": [1], ""indexing"": [""pointer"", ""tensor_descriptor"", ""pointer"", ""pointer"", ""pointer"", ""pointer"", ""pointer""], ""load_eviction_policies"": [""first"", ""last"", ""last"", """", ""last""], ""num_stages"": 4, ""num_warps"": 16, ""pid_type"": ""flat"", ""range_flattens"": [null], ""range_multi_buffers"": [null], ""range_num_stages"": [0], ""range_unroll_factors"": [0], ""range_warp_specializes"": [null], ""reduction_loops"": [null]}",ok,7.135999854654074,0.09079456329345703,1
rms_norm,RM_001,256x1024,train,0,heuristics,0,0e08e3ec9a7b2c1e,"{""atomic_indexing"": [], ""block_sizes"": [4], ""indexing"": [""pointer"", ""tensor_descriptor"", ""pointer"", ""tensor_descriptor"", ""tensor_descriptor"", ""tensor_descriptor"", ""tensor_descriptor""], ""load_eviction_policies"": [""first"", ""last"", """", ""first"", """"], ""num_stages"": 3, ""num_warps"": 2, ""pid_type"": ""flat"", ""range_flattens"": [null], ""range_multi_buffers"": [null], ""range_num_stages"": [0], ""range_unroll_factors"": [0], ""range_warp_specializes"": [null], ""reduction_loops"": [null]}",ok,7.168000098317862,0.07823061943054199,1
rms_norm,RM_001,256x1024,train,0,heuristics,0,482f430b8c9d8e8e,"{""atomic_indexing"": [], ""block_sizes"": [2], ""indexing"": [""tensor_descriptor"", ""pointer"", ""tensor_descriptor"", ""tensor_descriptor"", ""pointer"", ""tensor_descriptor"", ""tensor_descriptor""], ""load_eviction_policies"": [""last"", ""first"", ""last"", ""first"", ""first""], ""num_stages"": 1, ""num_warps"": 2, ""pid_type"": ""flat"", ""range_flattens"": [null], ""range_multi_buffers"": [null], ""range_num_stages"": [0], ""range_unroll_factors"": [0], ""range_warp_specializes"": [null], ""reduction_loops"": [2048]}",ok,7.168000098317862,0.06514167785644531,1
rms_norm,RM_001,256x1024,train,0,heuristics,0,6d53c3602b79725b,"{""atomic_indexing"": [], ""block_sizes"": [1], ""indexing"": [""pointer"", ""tensor_descriptor"", ""pointer"", ""pointer"", ""pointer"", ""tensor_descriptor"", ""pointer""], ""load_eviction_policies"": ["""", ""first"", ""last"", """", """"], ""num_stages"": 3, ""num_warps"": 8, ""pid_type"": ""flat"", ""range_flattens"": [null], ""range_multi_buffers"": [null], ""range_num_stages"": [0], ""range_unroll_factors"": [0], ""range_warp_specializes"": [null], ""reduction_loops"": [8192]}",ok,7.135999854654074,0.057506561279296875,1
rms_norm,RM_001,256x1024,train,0,heuristics,0,87b2f26661fd2925,"{""atomic_indexing"": [], ""block_sizes"": [1], ""indexing"": [""tensor_descriptor"", ""tensor_descriptor"", ""tensor_descriptor"", ""tensor_descriptor"", ""pointer"", ""pointer"", ""tensor_descriptor""], ""load_eviction_policies"": ["""", ""last"", ""last"", ""first"", """"], ""num_stages"": 2, ""num_warps"": 8, ""pid_type"": ""flat"", ""range_flattens"": [null], ""range_multi_buffers"": [null], ""range_num_stages"": [0], ""range_unroll_factors"": [0], ""range_warp_specializes"": [null], ""reduction_loops"": [null]}",ok,7.168000098317862,0.04799151420593262,1
rms_norm,RM_001,256x1024,train,0,heuristics,0,9615e7b2fea5ec90,"{""atomic_indexing"": [], ""block_sizes"": [1], ""indexing"": [""pointer"", ""pointer"", ""pointer"", ""tensor_descriptor"", ""pointer"", ""tensor_descriptor"", ""pointer""], ""load_eviction_policies"": ["""", ""first"", ""last"", ""first"", ""last""], ""num_stages"": 8, ""num_warps"": 8, ""pid_type"": ""flat"", ""range_flattens"": [null], ""range_multi_buffers"": [null], ""range_num_stages"": [0], ""range_unroll_factors"": [0], ""range_warp_specializes"": [null], ""reduction_loops"": [2048]}",ok,7.135999854654074,0.03345227241516113,1
rms_norm,RM_001,256x1024,train,0,heuristics,0,f2da39335308e8ca,"{""atomic_indexing"": [], ""block_sizes"": [1], ""indexing"": [""pointer"", ""pointer"", ""pointer"", ""pointer"", ""pointer"", ""pointer"", ""pointer"", ""pointer""], ""load_eviction_policies"": ["""", """", """", """", """"], ""num_stages"": 1, ""num_warps"": 4, ""pid_type"": ""flat"", ""range_flattens"": [null], ""range_multi_buffers"": [null], ""range_num_stages"": [0], ""range_unroll_factors"": [0], ""range_warp_specializes"": [null], ""reduction_loops"": [null]}",ok,7.135999854654074,0.03770279884338379,0
rms_norm,RM_001,256x1024,train,0,heuristics,0,f99cbeb65b84a22d,"{""atomic_indexing"": [], ""block_sizes"": [8], ""indexing"": [""pointer"", ""pointer"", ""pointer"", ""pointer"", ""pointer"", ""pointer"", ""pointer"", ""pointer""], ""load_eviction_policies"": ["""", """", """", """", """"], ""num_stages"": 1, ""num_warps"": 4, ""pid_type"": ""flat"", ""range_flattens"": [null], ""range_multi_buffers"": [null], ""range_num_stages"": [0], ""range_unroll_factors"": [0], ""range_warp_specializes"": [null], ""reduction_loops"": [null]}",ok,7.135999854654074,0.04766559600830078,0
rms_norm,RM_001,256x1024,train,0,heuristics,0,dc0a4ce2ed889219,"{""atomic_indexing"": [], ""block_sizes"": [16], ""indexing"": [""pointer"", ""pointer"", ""pointer"", ""pointer"", ""pointer"", ""pointer"", ""pointer"", ""pointer""], ""load_eviction_policies"": ["""", """", """", """", """"], ""num_stages"": 2, ""num_warps"": 8, ""pid_type"": ""flat"", ""range_flattens"": [null], ""range_multi_buffers"": [null], ""range_num_stages"": [0], ""range_unroll_factors"": [0], ""range_warp_specializes"": [null], ""reduction_loops"": [null]}",ok,7.199999876320362,0.03287768363952637,0
rms_norm,RM_001,256x1024,train,0,heuristics,0,2af7f9a5bd8ed543,"{""atomic_indexing"": [], ""block_sizes"": [32], ""indexing"": [""pointer"", ""pointer"", ""pointer"", ""pointer"", ""pointer"", ""pointer"", ""pointer"", ""pointer""], ""load_eviction_policies"": ["""", """", """", """", """"], ""num_stages"": 3, ""num_warps"": 8, ""pid_type"": ""flat"", ""range_flattens"": [null], ""range_multi_buffers"": [null], ""range_num_stages"": [0], ""range_unroll_factors"": [0], ""range_warp_specializes"": [null], ""reduction_loops"": [null]}",ok,9.216000325977802,0.02196645736694336,0
rms_norm,RM_001,256x1024,train,0,heuristics,0,4796949b291348a2,"{""atomic_indexing"": [], ""block_sizes"": [4], ""indexing"": [""pointer"", ""pointer"", ""pointer"", ""pointer"", ""pointer"", ""pointer"", ""pointer"", ""pointer""], ""load_eviction_policies"": ["""", """", """", """", """"], ""num_sm_multiplier"": 1, ""num_stages"": 2, ""num_warps"": 4, ""pid_type"": ""persistent_blocked"", ""range_flattens"": [null], ""range_multi_buffers"": [null], ""range_num_stages"": [0], ""range_unroll_factors"": [0], ""range_warp_specializes"": [null], ""reduction_loops"": [null]}",ok,7.135999854654074,0.022884368896484375,0
rms_norm,RM_001,256x1024,train,0,heuristics,0,72af631677264644,"{""atomic_indexing"": [], ""block_sizes"": [16], ""indexing"": [""tensor_descriptor"", ""tensor_descriptor"", ""tensor_descriptor"", ""tensor_descriptor"", ""tensor_descriptor"", ""tensor_descriptor"", ""tensor_descriptor"", ""tensor_descriptor""], ""load_eviction_policies"": ["""", """", """", """", """"], ""num_stages"": 3, ""num_warps"": 8, ""pid_type"": ""flat"", ""range_flattens"": [null], ""range_multi_buffers"": [null], ""range_num_stages"": [0], ""range_unroll_factors"": [0], ""range_warp_specializes"": [null], ""reduction_loops"": [null]}",ok,11.231999844312668,0.021980762481689453,0
rms_norm,RM_001,256x1024,train,1,heuristics,0,24745e38d713c198,"{""atomic_indexing"": [], ""block_sizes"": [2], ""indexing"": [""pointer"", ""pointer"", ""pointer"", ""tensor_descriptor"", ""tensor_descriptor"", ""pointer"", ""pointer""], ""load_eviction_policies"": [""last"", ""first"", ""first"", """", """"], ""num_stages"": 6, ""num_warps"": 4, ""pid_type"": ""flat"", ""range_flattens"": [null], ""range_multi_buffers"": [null], ""range_num_stages"": [0], ""range_unroll_factors"": [0], ""range_warp_specializes"": [null], ""reduction_loops"": [null]}",ok,7.168000098317862,0.1010587215423584,1
rms_norm,RM_001,256x1024,train,1,heuristics,0,a0bad60454a64a49,"{""atomic_indexing"": [], ""block_sizes"": [1], ""indexing"": [""pointer"", ""tensor_descriptor"", ""pointer"", ""pointer"", ""pointer"", ""pointer"", ""pointer""], ""load_eviction_policies"": [""first"", ""last"", ""last"", """", ""last""], ""num_stages"": 4, ""num_warps"": 16, ""pid_type"": ""flat"", ""range_flattens"": [null], ""range_multi_buffers"": [null], ""range_num_stages"": [0], ""range_unroll_factors"": [0], ""range_warp_specializes"": [null], ""reduction_loops"": [null]}",ok,7.135999854654074,0.09123420715332031,1
rms_norm,RM_001,256x1024,train,1,heuristics,0,0e08e3ec9a7b2c1e,"{""atomic_indexing"": [], ""block_sizes"": [4], ""indexing"": [""pointer"", ""tensor_descriptor"", ""pointer"", ""tensor_descriptor"", ""tensor_descriptor"", ""tensor_descriptor"", ""tensor_descriptor""], ""load_eviction_policies"": [""first"", ""last"", """", ""first"", """"], ""num_stages"": 3, ""num_warps"": 2, ""pid_type"": ""flat"", ""range_flattens"": [null], ""range_multi_buffers"": [null], ""range_num_stages"": [0], ""range_unroll_factors"": [0], ""range_warp_specializes"": [null], ""reduction_loops"": [null]}",ok,7.168000098317862,0.07878518104553223,1
rms_norm,RM_001,256x1024,train,1,heuristics,0,482f430b8c9d8e8e,"{""atomic_indexing"": [], ""block_sizes"": [2], ""indexing"": [""tensor_descriptor"", ""pointer"", ""tensor_descriptor"", ""tensor_descriptor"", ""pointer"", ""tensor_descriptor"", ""tensor_descriptor""], ""load_eviction_policies"": [""last"", ""first"", ""last"", ""first"", ""first""], ""num_stages"": 1, ""num_warps"": 2, ""pid_type"": ""flat"", ""range_flattens"": [null], ""range_multi_buffers"": [null], ""range_num_stages"": [0], ""range_unroll_factors"": [0], ""range_warp_specializes"": [null], ""reduction_loops"": [2048]}",ok,7.135999854654074,0.07223129272460938,1
rms_norm,RM_001,256x1024,train,1,heuristics,0,6d53c3602b79725b,"{""atomic_indexing"": [], ""block_sizes"": [1], ""indexing"": [""pointer"", ""tensor_descriptor"", ""pointer"", ""pointer"", ""pointer"", ""tensor_descriptor"", ""pointer""], ""load_eviction_policies"": ["""", ""first"", ""last"", """", """"], ""num_stages"": 3, ""num_warps"": 8, ""pid_type"": ""flat"", ""range_flattens"": [null], ""range_multi_buffers"": [null], ""range_num_stages"": [0], ""range_unroll_factors"": [0], ""range_warp_specializes"": [null], ""reduction_loops"": [8192]}",ok,7.168000098317862,0.05518841743469238,1
rms_norm,RM_001,256x1024,train,1,heuristics,0,87b2f26661fd2925,"{""atomic_indexing"": [], ""block_sizes"": [1], ""indexing"": [""tensor_descriptor"", ""tensor_descriptor"", ""tensor_descriptor"", ""tensor_descriptor"", ""pointer"", ""pointer"", ""tensor_descriptor""], ""load_eviction_policies"": ["""", ""last"", ""last"", ""first"", """"], ""num_stages"": 2, ""num_warps"": 8, ""pid_type"": ""flat"", ""range_flattens"": [null], ""range_multi_buffers"": [null], ""range_num_stages"": [0], ""range_unroll_factors"": [0], ""range_warp_specializes"": [null], ""reduction_loops"": [null]}",ok,7.168000098317862,0.04732179641723633,1
rms_norm,RM_001,256x1024,train,1,heuristics,0,9615e7b2fea5ec90,"{""atomic_indexing"": [], ""block_sizes"": [1], ""indexing"": [""pointer"", ""pointer"", ""pointer"", ""tensor_descriptor"", ""pointer"", ""tensor_descriptor"", ""pointer""], ""load_eviction_policies"": ["""", ""first"", ""last"", ""first"", ""last""], ""num_stages"": 8, ""num_warps"": 8, ""pid_type"": ""flat"", ""range_flattens"": [null], ""range_multi_buffers"": [null], ""range_num_stages"": [0], ""range_unroll_factors"": [0], ""range_warp_specializes"": [null], ""reduction_loops"": [2048]}",ok,7.135999854654074,0.029752492904663086,1
rms_norm,RM_001,256x1024,train,1,heuristics,0,f2da39335308e8ca,"{""atomic_indexing"": [], ""block_sizes"": [1], ""indexing"": [""pointer"", ""pointer"", ""pointer"", ""pointer"", ""pointer"", ""pointer"", ""pointer"", ""pointer""], ""load_eviction_policies"": ["""", """", """", """", """"], ""num_stages"": 1, ""num_warps"": 4, ""pid_type"": ""flat"", ""range_flattens"": [null], ""range_multi_buffers"": [null], ""range_num_stages"": [0], ""range_unroll_factors"": [0], ""range_warp_specializes"": [null], ""reduction_loops"": [null]}",ok,7.135999854654074,0.04083847999572754,0
rms_norm,RM_001,256x1024,train,1,heuristics,0,f99cbeb65b84a22d,"{""atomic_indexing"": [], ""block_sizes"": [8], ""indexing"": [""pointer"", ""pointer"", ""pointer"", ""pointer"", ""pointer"", ""pointer"", ""pointer"", ""pointer""], ""load_eviction_policies"": ["""", """", """", """", """"], ""num_stages"": 1, ""num_warps"": 4, ""pid_type"": ""flat"", ""range_flattens"": [null], ""range_multi_buffers"": [null], ""range_num_stages"": [0], ""range_unroll_factors"": [0], ""range_warp_specializes"": [null], ""reduction_loops"": [null]}",ok,7.168000098317862,0.07566690444946289,0
rms_norm,RM_001,256x1024,train,1,heuristics,0,dc0a4ce2ed889219,"{""atomic_indexing"": [], ""block_sizes"": [16], ""indexing"": [""pointer"", ""pointer"", ""pointer"", ""pointer"", ""pointer"", ""pointer"", ""pointer"", ""pointer""], ""load_eviction_policies"": ["""", """", """", """", """"], ""num_stages"": 2, ""num_warps"": 8, ""pid_type"": ""flat"", ""range_flattens"": [null], ""range_multi_buffers"": [null], ""range_num_stages"": [0], ""range_unroll_factors"": [0], ""range_warp_specializes"": [null], ""reduction_loops"": [null]}",ok,7.199999876320362,0.05956292152404785,0
rms_norm,RM_001,256x1024,train,1,heuristics,0,2af7f9a5bd8ed543,"{""atomic_indexing"": [], ""block_sizes"": [32], ""indexing"": [""pointer"", ""pointer"", ""pointer"", ""pointer"", ""pointer"", ""pointer"", ""pointer"", ""pointer""], ""load_eviction_policies"": ["""", """", """", """", """"], ""num_stages"": 3, ""num_warps"": 8, ""pid_type"": ""flat"", ""range_flattens"": [null], ""range_multi_buffers"": [null], ""range_num_stages"": [0], ""range_unroll_factors"": [0], ""range_warp_specializes"": [null], ""reduction_loops"": [null]}",ok,9.216000325977802,0.045257568359375,0
rms_norm,RM_001,256x1024,train,1,heuristics,0,4796949b291348a2,"{""atomic_indexing"": [], ""block_sizes"": [4], ""indexing"": [""pointer"", ""pointer"", ""pointer"", ""pointer"", ""pointer"", ""pointer"", ""pointer"", ""pointer""], ""load_eviction_policies"": ["""", """", """", """", """"], ""num_sm_multiplier"": 1, ""num_stages"": 2, ""num_warps"": 4, ""pid_type"": ""persistent_blocked"", ""range_flattens"": [null], ""range_multi_buffers"": [null], ""range_num_stages"": [0], ""range_unroll_factors"": [0], ""range_warp_specializes"": [null], ""reduction_loops"": [null]}",ok,7.135999854654074,0.04221677780151367,0
rms_norm,RM_001,256x1024,train,1,heuristics,0,d59f44e69f8a8c02,"{""atomic_indexing"": [], ""block_sizes"": [64], ""indexing"": [""tensor_descriptor"", ""tensor_descriptor"", ""tensor_descriptor"", ""tensor_descriptor"", ""tensor_descriptor"", ""tensor_descriptor"", ""tensor_descriptor"", ""tensor_descriptor""], ""load_eviction_policies"": ["""", """", """", """", """"], ""num_stages"": 2, ""num_warps"": 16, ""pid_type"": ""flat"", ""range_flattens"": [null], ""range_multi_buffers"": [null], ""range_num_stages"": [0], ""range_unroll_factors"": [0], ""range_warp_specializes"": [null], ""reduction_loops"": [null]}",ok,15.32800029963255,0.03794240951538086,0
rms_norm,RM_001,256x1024,train,2,heuristics,0,24745e38d713c198,"{""atomic_indexing"": [], ""block_sizes"": [2], ""indexing"": [""pointer"", ""pointer"", ""pointer"", ""tensor_descriptor"", ""tensor_descriptor"", ""pointer"", ""pointer""], ""load_eviction_policies"": [""last"", ""first"", ""first"", """", """"], ""num_stages"": 6, ""num_warps"": 4, ""pid_type"": ""flat"", ""range_flattens"": [null], ""range_multi_buffers"": [null], ""range_num_stages"": [0], ""range_unroll_factors"": [0], ""range_warp_specializes"": [null], ""reduction_loops"": [null]}",ok,7.135999854654074,0.1266329288482666,1
rms_norm,RM_001,256x1024,train,2,heuristics,0,a0bad60454a64a49,"{""atomic_indexing"": [], ""block_sizes"": [1], ""indexing"": [""pointer"", ""tensor_descriptor"", ""pointer"", ""pointer"", ""pointer"", ""pointer"", ""pointer""], ""load_eviction_policies"": [""first"", ""last"", ""last"", """", ""last""], ""num_stages"": 4, ""num_warps"": 16, ""pid_type"": ""flat"", ""range_flattens"": [null], ""range_multi_buffers"": [null], ""range_num_stages"": [0], ""range_unroll_factors"": [0], ""range_warp_specializes"": [null], ""reduction_loops"": [null]}",ok,7.168000098317862,0.11319851875305176,1
rms_norm,RM_001,256x1024,train,2,heuristics,0,0e08e3ec9a7b2c1e,"{""atomic_indexing"": [], ""block_sizes"": [4], ""indexing"": [""pointer"", ""tensor_descriptor"", ""pointer"", ""tensor_descriptor"", ""tensor_descriptor"", ""tensor_descriptor"", ""tensor_descriptor""], ""load_eviction_policies"": [""first"", ""last"", """", ""first"", """"], ""num_stages"": 3, ""num_warps"": 2, ""pid_type"": ""flat"", ""range_flattens"": [null], ""range_multi_buffers"": [null], ""range_num_stages"": [0], ""range_unroll_factors"": [0], ""range_warp_specializes"": [null], ""reduction_loops"": [null]}",ok,7.168000098317862,0.09862995147705078,1
rms_norm,RM_001,256x1024,train,2,heuristics,0,482f430b8c9d8e8e,"{""atomic_indexing"": [], ""block_sizes"": [2], ""indexing"": [""tensor_descriptor"", ""pointer"", ""tensor_descriptor"", ""tensor_descriptor"", ""pointer"", ""tensor_descriptor"", ""tensor_descriptor""], ""load_eviction_policies"": [""last"", ""first"", ""last"", ""first"", ""first""], ""num_stages"": 1, ""num_warps"": 2, ""pid_type"": ""flat"", ""range_flattens"": [null], ""range_multi_buffers"": [null], ""range_num_stages"": [0], ""range_unroll_factors"": [0], ""range_warp_specializes"": [null], ""reduction_loops"": [2048]}",ok,7.135999854654074,0.08063721656799316,1
rms_norm,RM_001,256x1024,train,2,heuristics,0,6d53c3602b79725b,"{""atomic_indexing"": [], ""block_sizes"": [1], ""indexing"": [""pointer"", ""tensor_descriptor"", ""pointer"", ""pointer"", ""pointer"", ""tensor_descriptor"", ""pointer""], ""load_eviction_policies"": ["""", ""first"", ""last"", """", """"], ""num_stages"": 3, ""num_warps"": 8, ""pid_type"": ""flat"", ""range_flattens"": [null], ""range_multi_buffers"": [null], ""range_num_stages"": [0], ""range_unroll_factors"": [0], ""range_warp_specializes"": [null], ""reduction_loops"": [8192]}",ok,7.135999854654074,0.06360030174255371,1
rms_norm,RM_001,256x1024,train,2,heuristics,0,87b2f26661fd2925,"{""atomic_indexing"": [], ""block_sizes"": [1], ""indexing"": [""tensor_descriptor"", ""tensor_descriptor"", ""tensor_descriptor"", ""tensor_descriptor"", ""pointer"", ""pointer"", ""tensor_descriptor""], ""load_eviction_policies"": ["""", ""last"", ""last"", ""first"", """"], ""num_stages"": 2, ""num_warps"": 8, ""pid_type"": ""flat"", ""range_flattens"": [null], ""range_multi_buffers"": [null], ""range_num_stages"": [0], ""range_unroll_factors"": [0], ""range_warp_specializes"": [null], ""reduction_loops"": [null]}",ok,7.135999854654074,0.04653429985046387,1
rms_norm,RM_001,256x1024,train,2,heuristics,0,9615e7b2fea5ec90,"{""atomic_indexing"": [], ""block_sizes"": [1], ""indexing"": [""pointer"", ""pointer"", ""pointer"", ""tensor_descriptor"", ""pointer"", ""tensor_descriptor"", ""pointer""], ""load_eviction_policies"": ["""", ""first"", ""last"", ""first"", ""last""], ""num_stages"": 8, ""num_warps"": 8, ""pid_type"": ""flat"", ""range_flattens"": [null], ""range_multi_buffers"": [null], ""range_num_stages"": [0], ""range_unroll_factors"": [0], ""range_warp_specializes"": [null], ""reduction_loops"": [2048]}",ok,7.135999854654074,0.042176008224487305,1
rms_norm,RM_001,256x1024,train,2,heuristics,0,f2da39335308e8ca,"{""atomic_indexing"": [], ""block_sizes"": [1], ""indexing"": [""pointer"", ""pointer"", ""pointer"", ""pointer"", ""pointer"", ""pointer"", ""pointer"", ""pointer""], ""load_eviction_policies"": ["""", """", """", """", """"], ""num_stages"": 1, ""num_warps"": 4, ""pid_type"": ""flat"", ""range_flattens"": [null], ""range_multi_buffers"": [null], ""range_num_stages"": [0], ""range_unroll_factors"": [0], ""range_warp_specializes"": [null], ""reduction_loops"": [null]}",ok,7.135999854654074,0.03598952293395996,0
rms_norm,RM_001,256x1024,train,2,heuristics,0,f99cbeb65b84a22d,"{""atomic_indexing"": [], ""block_sizes"": [8], ""indexing"": [""pointer"", ""pointer"", ""pointer"", ""pointer"", ""pointer"", ""pointer"", ""pointer"", ""pointer""], ""load_eviction_policies"": ["""", """", """", """", """"], ""num_stages"": 1, ""num_warps"": 4, ""pid_type"": ""flat"", ""range_flattens"": [null], ""range_multi_buffers"": [null], ""range_num_stages"": [0], ""range_unroll_factors"": [0], ""range_warp_specializes"": [null], ""reduction_loops"": [null]}",ok,7.135999854654074,0.05173659324645996,0
rms_norm,RM_001,256x1024,train,2,heuristics,0,dc0a4ce2ed889219,"{""atomic_indexing"": [], ""block_sizes"": [16], ""indexing"": [""pointer"", ""pointer"", ""pointer"", ""pointer"", ""pointer"", ""pointer"", ""pointer"", ""pointer""], ""load_eviction_policies"": ["""", """", """", """", """"], ""num_stages"": 2, ""num_warps"": 8, ""pid_type"": ""flat"", ""range_flattens"": [null], ""range_multi_buffers"": [null], ""range_num_stages"": [0], ""range_unroll_factors"": [0], ""range_warp_specializes"": [null], ""reduction_loops"": [null]}",ok,7.168000098317862,0.036496639251708984,0
rms_norm,RM_001,256x1024,train,2,heuristics,0,2af7f9a5bd8ed543,"{""atomic_indexing"": [], ""block_sizes"": [32], ""indexing"": [""pointer"", ""pointer"", ""pointer"", ""pointer"", ""pointer"", ""pointer"", ""pointer"", ""pointer""], ""load_eviction_policies"": ["""", """", """", """", """"], ""num_stages"": 3, ""num_warps"": 8, ""pid_type"": ""flat"", ""range_flattens"": [null], ""range_multi_buffers"": [null], ""range_num_stages"": [0], ""range_unroll_factors"": [0], ""range_warp_specializes"": [null], ""reduction_loops"": [null]}",ok,9.216000325977802,0.022066831588745117,0
rms_norm,RM_001,256x1024,train,2,heuristics,0,4796949b291348a2,"{""atomic_indexing"": [], ""block_sizes"": [4], ""indexing"": [""pointer"", ""pointer"", ""pointer"", ""pointer"", ""pointer"", ""pointer"", ""pointer"", ""pointer""], ""load_eviction_policies"": ["""", """", """", """", """"], ""num_sm_multiplier"": 1, ""num_stages"": 2, ""num_warps"": 4, ""pid_type"": ""persistent_blocked"", ""range_flattens"": [null], ""range_multi_buffers"": [null], ""range_num_stages"": [0], ""range_unroll_factors"": [0], ""range_warp_specializes"": [null], ""reduction_loops"": [null]}",ok,7.168000098317862,0.023457765579223633,0
rms_norm,RM_001,256x1024,train,2,heuristics,0,d59f44e69f8a8c02,"{""atomic_indexing"": [], ""block_sizes"": [64], ""indexing"": [""tensor_descriptor"", ""tensor_descriptor"", ""tensor_descriptor"", ""tensor_descriptor"", ""tensor_descriptor"", ""tensor_descriptor"", ""tensor_descriptor"", ""tensor_descriptor""], ""load_eviction_policies"": ["""", """", """", """", """"], ""num_stages"": 2, ""num_warps"": 16, ""pid_type"": ""flat"", ""range_flattens"": [null], ""range_multi_buffers"": [null], ""range_num_stages"": [0], ""range_unroll_factors"": [0], ""range_warp_specializes"": [null], ""reduction_loops"": [null]}",ok,15.32800029963255,0.021305084228515625,0
rms_norm,RM_002,1024x4096,train,0,heuristics,0,24745e38d713c198,"{""atomic_indexing"": [], ""block_sizes"": [2], ""indexing"": [""pointer"", ""pointer"", ""pointer"", ""tensor_descriptor"", ""tensor_descriptor"", ""pointer"", ""pointer""], ""load_eviction_policies"": [""last"", ""first"", ""first"", """", """"], ""num_stages"": 6, ""num_warps"": 4, ""pid_type"": ""flat"", ""range_flattens"": [null], ""range_multi_buffers"": [null], ""range_num_stages"": [0], ""range_unroll_factors"": [0], ""range_warp_specializes"": [null], ""reduction_loops"": [null]}",ok,9.16799996048212,0.07450222969055176,1
rms_norm,RM_002,1024x4096,train,0,heuristics,0,a0bad60454a64a49,"{""atomic_indexing"": [], ""block_sizes"": [1], ""indexing"": [""pointer"", ""tensor_descriptor"", ""pointer"", ""pointer"", ""pointer"", ""pointer"", ""pointer""], ""load_eviction_policies"": [""first"", ""last"", ""last"", """", ""last""], ""num_stages"": 4, ""num_warps"": 16, ""pid_type"": ""flat"", ""range_flattens"": [null], ""range_multi_buffers"": [null], ""range_num_stages"": [0], ""range_unroll_factors"": [0], ""range_warp_specializes"": [null], ""reduction_loops"": [null]}",ok,9.184000082314014,0.05900216102600098,1
rms_norm,RM_002,1024x4096,train,0,heuristics,0,0e08e3ec9a7b2c1e,"{""atomic_indexing"": [], ""block_sizes"": [4], ""indexing"": [""pointer"", ""tensor_descriptor"", ""pointer"", ""tensor_descriptor"", ""tensor_descriptor"", ""tensor_descriptor"", ""tensor_descriptor""], ""load_eviction_policies"": [""first"", ""last"", """", ""first"", """"], ""num_stages"": 3, ""num_warps"": 2, ""pid_type"": ""flat"", ""range_flattens"": [null], ""range_multi_buffers"": [null], ""range_num_stages"": [0], ""range_unroll_factors"": [0], ""range_warp_specializes"": [null], ""reduction_loops"": [null]}",ok,11.231999844312668,0.044432878494262695,1
rms_norm,RM_002,1024x4096,train,0,heuristics,0,482f430b8c9d8e8e,"{""atomic_indexing"": [], ""block_sizes"": [2], ""indexing"": [""tensor_descriptor"", ""pointer"", ""tensor_descriptor"", ""tensor_descriptor"", ""pointer"", ""tensor_descriptor"", ""tensor_descriptor""], ""load_eviction_policies"": [""last"", ""first"", ""last"", ""first"", ""first""], ""num_stages"": 1, ""num_warps"": 2, ""pid_type"": ""flat"", ""range_flattens"": [null], ""range_multi_buffers"": [null], ""range_num_stages"": [0], ""range_unroll_factors"": [0], ""range_warp_specializes"": [null], ""reduction_loops"": [2048]}",ok,9.184000082314014,0.03753209114074707,1
rms_norm,RM_002,1024x4096,train,0,heuristics,0,6d53c3602b79725b,"{""atomic_indexing"": [], ""block_sizes"": [1], ""indexing"": [""pointer"", ""tensor_descriptor"", ""pointer"", ""pointer"", ""pointer"", ""tensor_descriptor"", ""pointer""], ""load_eviction_policies"": ["""", ""first"", ""last"", """", """"], ""num_stages"": 3, ""num_warps"": 8, ""pid_type"": ""flat"", ""range_flattens"": [null], ""range_multi_buffers"": [null], ""range_num_stages"": [0], ""range_unroll_factors"": [0], ""range_warp_specializes"": [null], ""reduction_loops"": [8192]}",ok,9.184000082314014,0.030642271041870117,1
rms_norm,RM_002,1024x4096,train,0,heuristics,0,87b2f26661fd2925,"{""atomic_indexing"": [], ""block_sizes"": [1], ""indexing"": [""tensor_descriptor"", ""tensor_descriptor"", ""tensor_descriptor"", ""tensor_descriptor"", ""pointer"", ""pointer"", ""tensor_descriptor""], ""load_eviction_policies"": ["""", ""last"", ""last"", ""first"", """"], ""num_stages"": 2, ""num_warps"": 8, ""pid_type"": ""flat"", ""range_flattens"": [null], ""range_multi_buffers"": [null], ""range_num_stages"": [0], ""range_unroll_factors"": [0], ""range_warp_specializes"": [null], ""reduction_loops"": [null]}",ok,9.184000082314014,0.023670196533203125,1
rms_norm,RM_002,1024x4096,train,0,heuristics,0,9615e7b2fea5ec90,"{""atomic_indexing"": [], ""block_sizes"": [1], ""indexing"": [""pointer"", ""pointer"", ""pointer"", ""tensor_descriptor"", ""pointer"", ""tensor_descriptor"", ""pointer""], ""load_eviction_policies"": ["""", ""first"", ""last"", ""first"", ""last""], ""num_stages"": 8, ""num_warps"": 8, ""pid_type"": ""flat"", ""range_flattens"": [null], ""range_multi_buffers"": [null], ""range_num_stages"": [0], ""range_unroll_factors"": [0], ""range_warp_specializes"": [null], ""reduction_loops"": [2048]}",ok,9.184000082314014,0.023673295974731445,1
rms_norm,RM_002,1024x4096,train,0,heuristics,0,f2da39335308e8ca,"{""atomic_indexing"": [], ""block_sizes"": [1], ""indexing"": [""pointer"", ""pointer"", ""pointer"", ""pointer"", ""pointer"", ""pointer"", ""pointer"", ""pointer""], ""load_eviction_policies"": ["""", """", """", """", """"], ""num_stages"": 1, ""num_warps"": 4, ""pid_type"": ""flat"", ""range_flattens"": [null], ""range_multi_buffers"": [null], ""range_num_stages"": [0], ""range_unroll_factors"": [0], ""range_warp_specializes"": [null], ""reduction_loops"": [null]}",ok,9.184000082314014,0.02400946617126465,0
rms_norm,RM_002,1024x4096,train,0,heuristics,0,a34c73350c7439f9,"{""atomic_indexing"": [], ""block_sizes"": [8], ""indexing"": [""pointer"", ""pointer"", ""pointer"", ""pointer"", ""pointer"", ""pointer"", ""pointer"", ""pointer""], ""load_eviction_policies"": ["""", """", """", """", """"], ""num_stages"": 2, ""num_warps"": 4, ""pid_type"": ""flat"", ""range_flattens"": [null], ""range_multi_buffers"": [null], ""range_num_stages"": [0], ""range_unroll_factors"": [0], ""range_warp_specializes"": [null], ""reduction_loops"": [null]}",ok,11.136000044643879,0.06816625595092773,0
rms_norm,RM_002,1024x4096,train,0,heuristics,0,9454843723f22d9f,"{""atomic_indexing"": [], ""block_sizes"": [16], ""indexing"": [""pointer"", ""pointer"", ""pointer"", ""pointer"", ""pointer"", ""pointer"", ""pointer"", ""pointer""], ""load_eviction_policies"": ["""", """", """", """", """"], ""num_stages"": 3, ""num_warps"": 8, ""pid_type"": ""flat"", ""range_flattens"": [null], ""range_multi_buffers"": [null], ""range_num_stages"": [0], ""range_unroll_factors"": [0], ""range_warp_specializes"": [null], ""reduction_loops"": [null]}",ok,11.231999844312668,0.05314230918884277,0
rms_norm,RM_002,1024x4096,train,0,heuristics,0,4796949b291348a2,"{""atomic_indexing"": [], ""block_sizes"": [4], ""indexing"": [""pointer"", ""pointer"", ""pointer"", ""pointer"", ""pointer"", ""pointer"", ""pointer"", ""pointer""], ""load_eviction_policies"": ["""", """", """", """", """"], ""num_sm_multiplier"": 1, ""num_stages"": 2, ""num_warps"": 4, ""pid_type"": ""persistent_blocked"", ""range_flattens"": [null], ""range_multi_buffers"": [null], ""range_num_stages"": [0], ""range_unroll_factors"": [0], ""range_warp_specializes"": [null], ""reduction_loops"": [null]}",ok,11.231999844312668,0.03813982009887695,0
rms_norm,RM_002,1024x4096,train,0,heuristics,0,3e2d130703c6e182,"{""atomic_indexing"": [], ""block_sizes"": [32], ""indexing"": [""tensor_descriptor"", ""tensor_descriptor"", ""tensor_descriptor"", ""tensor_descriptor"", ""tensor_descriptor"", ""tensor_descriptor"", ""tensor_descriptor"", ""tensor_descriptor""], ""load_eviction_policies"": ["""", """", """", """", """"], ""num_stages"": 2, ""num_warps"": 8, ""pid_type"": ""flat"", ""range_flattens"": [null], ""range_multi_buffers"": [null], ""range_num_stages"": [0], ""range_unroll_factors"": [0], ""range_warp_specializes"": [null], ""reduction_loops"": [null]}",error,inf,0.03040313720703125,0
rms_norm,RM_002,1024x4096,train,0,heuristics,0,85f40c1ff1181c86,"{""atomic_indexing"": [], ""block_sizes"": [16], ""indexing"": [""pointer"", ""pointer"", ""pointer"", ""pointer"", ""pointer"", ""pointer"", ""pointer"", ""pointer""], ""load_eviction_policies"": ["""", """", """", """", """"], ""num_sm_multiplier"": 1, ""num_stages"": 4, ""num_warps"": 8, ""pid_type"": ""persistent_interleaved"", ""range_flattens"": [null], ""range_multi_buffers"": [true], ""range_num_stages"": [0], ""range_unroll_factors"": [0], ""range_warp_specializes"": [null], ""reduction_loops"": [null]}",ok,11.231999844312668,0.31621241569519043,0
rms_norm,RM_002,1024x4096,train,1,heuristics,0,24745e38d713c198,"{""atomic_indexing"": [], ""block_sizes"": [2], ""indexing"": [""pointer"", ""pointer"", ""pointer"", ""tensor_descriptor"", ""tensor_descriptor"", ""pointer"", ""pointer""], ""load_eviction_policies"": [""last"", ""first"", ""first"", """", """"], ""num_stages"": 6, ""num_warps"": 4, ""pid_type"": ""flat"", ""range_flattens"": [null], ""range_multi_buffers"": [null], ""range_num_stages"": [0], ""range_unroll_factors"": [0], ""range_warp_specializes"": [null], ""reduction_loops"": [null]}",ok,9.184000082314014,0.09247183799743652,1
rms_norm,RM_002,1024x4096,train,1,heuristics,0,a0bad60454a64a49,"{""atomic_indexing"": [], ""block_sizes"": [1], ""indexing"": [""pointer"", ""tensor_descriptor"", ""pointer"", ""pointer"", ""pointer"", ""pointer"", ""pointer""], ""load_eviction_policies"": [""first"", ""last"", ""last"", """", ""last""], ""num_stages"": 4, ""num_warps"": 16, ""pid_type"": ""flat"", ""range_flattens"": [null], ""range_multi_buffers"": [null], ""range_num_stages"": [0], ""range_unroll_factors"": [0], ""range_warp_specializes"": [null], ""reduction_loops"": [null]}",ok,9.184000082314014,0.07621359825134277,1
rms_norm,RM_002,1024x4096,train,1,heuristics,0,0e08e3ec9a7b2c1e,"{""atomic_indexing"": [], ""block_sizes"": [4], ""indexing"": [""pointer"", ""tensor_descriptor"", ""pointer"", ""tensor_descriptor"", ""tensor_descriptor"", ""tensor_descriptor"", ""tensor_descriptor""], ""load_eviction_policies"": [""first"", ""last"", """", ""first"", """"], ""num_stages"": 3, ""num_warps"": 2, ""pid_type"": ""flat"", ""range_flattens"": [null], ""range_multi_buffers"": [null], ""range_num_stages"": [0], ""range_unroll_factors"": [0], ""range_warp_specializes"": [null], ""reduction_loops"": [null]}",ok,11.231999844312668,0.06166219711303711,1
rms_norm,RM_002,1024x4096,train,1,heuristics,0,482f430b8c9d8e8e,"{""atomic_indexing"": [], ""block_sizes"": [2], ""indexing"": [""tensor_descriptor"", ""pointer"", ""tensor_descriptor"", ""tensor_descriptor"", ""pointer"", ""tensor_descriptor"", ""tensor_descriptor""], ""load_eviction_policies"": [""last"", ""first"", ""last"", ""first"", ""first""], ""num_stages"": 1, ""num_warps"": 2, ""pid_type"": ""flat"", ""range_flattens"": [null], ""range_multi_buffers"": [null], ""range_num_stages"": [0], ""range_unroll_factors"": [0], ""range_warp_specializes"": [null], ""reduction_loops"": [2048]}",ok,9.184000082314014,0.05321216583251953,1
rms_norm,RM_002,1024x4096,train,1,heuristics,0,6d53c3602b79725b,"{""atomic_indexing"": [], ""block_sizes"": [1], ""indexing"": [""pointer"", ""tensor_descriptor"", ""pointer"", ""pointer"", ""pointer"", ""tensor_descriptor"", ""pointer""], ""load_eviction_policies"": ["""", ""first"", ""last"", """", """"], ""num_stages"": 3, ""num_warps"": 8, ""pid_type"": ""flat"", ""range_flattens"": [null], ""range_multi_buffers"": [null], ""range_num_stages"": [0], ""range_unroll_factors"": [0], ""range_warp_specializes"": [null], ""reduction_loops"": [8192]}",ok,9.184000082314014,0.03574633598327637,1
rms_norm,RM_002,1024x4096,train,1,heuristics,0,87b2f26661fd2925,"{""atomic_indexing"": [], ""block_sizes"": [1], ""indexing"": [""tensor_descriptor"", ""tensor_descriptor"", ""tensor_descriptor"", ""tensor_descriptor"", ""pointer"", ""pointer"", ""tensor_descriptor""], ""load_eviction_policies"": ["""", ""last"", ""last"", ""first"", """"], ""num_stages"": 2, ""num_warps"": 8, ""pid_type"": ""flat"", ""range_flattens"": [null], ""range_multi_buffers"": [null], ""range_num_stages"": [0], ""range_unroll_factors"": [0], ""range_warp_specializes"": [null], ""reduction_loops"": [null]}",ok,9.184000082314014,0.025596141815185547,1
rms_norm,RM_002,1024x4096,train,1,heuristics,0,9615e7b2fea5ec90,"{""atomic_indexing"": [], ""block_sizes"": [1], ""indexing"": [""pointer"", ""pointer"", ""pointer"", ""tensor_descriptor"", ""pointer"", ""tensor_descriptor"", ""pointer""], ""load_eviction_policies"": ["""", ""first"", ""last"", ""first"", ""last""], ""num_stages"": 8, ""num_warps"": 8, ""pid_type"": ""flat"", ""range_flattens"": [null], ""range_multi_buffers"": [null], ""range_num_stages"": [0], ""range_unroll_factors"": [0], ""range_warp_specializes"": [null], ""reduction_loops"": [2048]}",ok,9.184000082314014,0.03181052207946777,1
rms_norm,RM_002,1024x4096,train,1,heuristics,0,f2da39335308e8ca,"{""atomic_indexing"": [], ""block_sizes"": [1], ""indexing"": [""pointer"", ""pointer"", ""pointer"", ""pointer"", ""pointer"", ""pointer"", ""pointer"", ""pointer""], ""load_eviction_policies"": ["""", """", """", """", """"], ""num_stages"": 1, ""num_warps"": 4, ""pid_type"": ""flat"", ""range_flattens"": [null], ""range_multi_buffers"": [null], ""range_num_stages"": [0], ""range_unroll_factors"": [0], ""range_warp_specializes"": [null], ""reduction_loops"": [null]}",ok,9.184000082314014,0.03196382522583008,0
rms_norm,RM_002,1024x4096,train,1,heuristics,0,f99cbeb65b84a22d,"{""atomic_indexing"": [], ""block_sizes"": [8], ""indexing"": [""pointer"", ""pointer"", ""pointer"", ""pointer"", ""pointer"", ""pointer"", ""pointer"", ""pointer""], ""load_eviction_policies"": ["""", """", """", """", """"], ""num_stages"": 1, ""num_warps"": 4, ""pid_type"": ""flat"", ""range_flattens"": [null], ""range_multi_buffers"": [null], ""range_num_stages"": [0], ""range_unroll_factors"": [0], ""range_warp_specializes"": [null], ""reduction_loops"": [null]}",ok,11.136000044643879,0.06103157997131348,0
rms_norm,RM_002,1024x4096,train,1,heuristics,0,dc0a4ce2ed889219,"{""atomic_indexing"": [], ""block_sizes"": [16], ""indexing"": [""pointer"", ""pointer"", ""pointer"", ""pointer"", ""pointer"", ""pointer"", ""pointer"", ""pointer""], ""load_eviction_policies"": ["""", """", """", """", """"], ""num_stages"": 2, ""num_warps"": 8, ""pid_type"": ""flat"", ""range_flattens"": [null], ""range_multi_buffers"": [null], ""range_num_stages"": [0], ""range_unroll_factors"": [0], ""range_warp_specializes"": [null], ""reduction_loops"": [null]}",ok,11.231999844312668,0.045800209045410156,0
rms_norm,RM_002,1024x4096,train,1,heuristics,0,2af7f9a5bd8ed543,"{""atomic_indexing"": [], ""block_sizes"": [32], ""indexing"": [""pointer"", ""pointer"", ""pointer"", ""pointer"", ""pointer"", ""pointer"", ""pointer"", ""pointer""], ""load_eviction_policies"": ["""", """", """", """", """"], ""num_stages"": 3, ""num_warps"": 8, ""pid_type"": ""flat"", ""range_flattens"": [null], ""range_multi_buffers"": [null], ""range_num_stages"": [0], ""range_unroll_factors"": [0], ""range_warp_specializes"": [null], ""reduction_loops"": [null]}",ok,80.9599980711937,0.03189492225646973,0
rms_norm,RM_002,1024x4096,train,1,heuristics,0,d272cc7b4f704a1f,"{""atomic_indexing"": [], ""block_sizes"": [4], ""indexing"": [""pointer"", ""pointer"", ""pointer"", ""pointer"", ""pointer"", ""pointer"", ""pointer"", ""pointer""], ""load_eviction_policies"": ["""", """", """", """", """"], ""num_sm_multiplier"": 1, ""num_stages"": 1, ""num_warps"": 4, ""pid_type"": ""persistent_blocked"", ""range_flattens"": [null], ""range_multi_buffers"": [null], ""range_num_stages"": [0], ""range_unroll_factors"": [0], ""range_warp_specializes"": [null], ""reduction_loops"": [null]}",ok,11.231999844312668,0.22186970710754395,0
rms_norm,RM_002,1024x4096,train,1,heuristics,0,327cb827e8045384,"{""atomic_indexing"": [], ""block_sizes"": [16], ""indexing"": [""tensor_descriptor"", ""tensor_descriptor"", ""tensor_descriptor"", ""tensor_descriptor"", ""tensor_descriptor"", ""tensor_descriptor"", ""tensor_descriptor"", ""tensor_descriptor""], ""load_eviction_policies"": ["""", """", """", """", """"], ""num_stages"": 2, ""num_warps"": 8, ""pid_type"": ""flat"", ""range_flattens"": [null], ""range_multi_buffers"": [null], ""range_num_stages"": [0], ""range_unroll_factors"": [0], ""range_warp_specializes"": [null], ""reduction_loops"": [null]}",ok,15.32800029963255,0.41713762283325195,0
rms_norm,RM_002,1024x4096,train,2,heuristics,0,24745e38d713c198,"{""atomic_indexing"": [], ""block_sizes"": [2], ""indexing"": [""pointer"", ""pointer"", ""pointer"", ""tensor_descriptor"", ""tensor_descriptor"", ""pointer"", ""pointer""], ""load_eviction_policies"": [""last"", ""first"", ""first"", """", """"], ""num_stages"": 6, ""num_warps"": 4, ""pid_type"": ""flat"", ""range_flattens"": [null], ""range_multi_buffers"": [null], ""range_num_stages"": [0], ""range_unroll_factors"": [0], ""range_warp_specializes"": [null], ""reduction_loops"": [null]}",ok,9.184000082314014,0.1109764575958252,1
rms_norm,RM_002,1024x4096,train,2,heuristics,0,a0bad60454a64a49,"{""atomic_indexing"": [], ""block_sizes"": [1], ""indexing"": [""pointer"", ""tensor_descriptor"", ""pointer"", ""pointer"", ""pointer"", ""pointer"", ""pointer""], ""load_eviction_policies"": [""first"", ""last"", ""last"", """", ""last""], ""num_stages"": 4, ""num_warps"": 16, ""pid_type"": ""flat"", ""range_flattens"": [null], ""range_multi_buffers"": [null], ""range_num_stages"": [0], ""range_unroll_factors"": [0], ""range_warp_specializes"": [null], ""reduction_loops"": [null]}",ok,9.184000082314014,0.09458613395690918,1
rms_norm,RM_002,1024x4096,train,2,heuristics,0,0e08e3ec9a7b2c1e,"{""atomic_indexing"": [], ""block_sizes"": [4], ""indexing"": [""pointer"", ""tensor_descriptor"", ""pointer"", ""tensor_descriptor"", ""tensor_descriptor"", ""tensor_descriptor"", ""tensor_descriptor""], ""load_eviction_policies"": [""first"", ""last"", """", ""first"", """"], ""num_stages"": 3, ""num_warps"": 2, ""pid_type"": ""flat"", ""range_flattens"": [null], ""range_multi_buffers"": [null], ""range_num_stages"": [0], ""range_unroll_factors"": [0], ""range_warp_specializes"": [null], ""reduction_loops"": [null]}",ok,11.231999844312668,0.07854819297790527,1
rms_norm,RM_002,1024x4096,train,2,heuristics,0,482f430b8c9d8e8e,"{""atomic_indexing"": [], ""block_sizes"": [2], ""indexing"": [""tensor_descriptor"", ""pointer"", ""tensor_descriptor"", ""tensor_descriptor"", ""pointer"", ""tensor_descriptor"", ""tensor_descriptor""], ""load_eviction_policies"": [""last"", ""first"", ""last"", ""first"", ""first""], ""num_stages"": 1, ""num_warps"": 2, ""pid_type"": ""flat"", ""range_flattens"": [null], ""range_multi_buffers"": [null], ""range_num_stages"": [0], ""range_unroll_factors"": [0], ""range_warp_specializes"": [null], ""reduction_loops"": [2048]}",ok,9.184000082314014,0.07161831855773926,1
rms_norm,RM_002,1024x4096,train,2,heuristics,0,6d53c3602b79725b,"{""atomic_indexing"": [], ""block_sizes"": [1], ""indexing"": [""pointer"", ""tensor_descriptor"", ""pointer"", ""pointer"", ""pointer"", ""tensor_descriptor"", ""pointer""], ""load_eviction_policies"": ["""", ""first"", ""last"", """", """"], ""num_stages"": 3, ""num_warps"": 8, ""pid_type"": ""flat"", ""range_flattens"": [null], ""range_multi_buffers"": [null], ""range_num_stages"": [0], ""range_unroll_factors"": [0], ""range_warp_specializes"": [null], ""reduction_loops"": [8192]}",ok,9.184000082314014,0.05289769172668457,1
rms_norm,RM_002,1024x4096,train,2,heuristics,0,87b2f26661fd2925,"{""atomic_indexing"": [], ""block_sizes"": [1], ""indexing"": [""tensor_descriptor"", ""tensor_descriptor"", ""tensor_descriptor"", ""tensor_descriptor"", ""pointer"", ""pointer"", ""tensor_descriptor""], ""load_eviction_policies"": ["""", ""last"", ""last"", ""first"", """"], ""num_stages"": 2, ""num_warps"": 8, ""pid_type"": ""flat"", ""range_flattens"": [null], ""range_multi_buffers"": [null], ""range_num_stages"": [0], ""range_unroll_factors"": [0], ""range_warp_specializes"": [null], ""reduction_loops"": [null]}",ok,9.184000082314014,0.041106462478637695,1
rms_norm,RM_002,1024x4096,train,2,heuristics,0,9615e7b2fea5ec90,"{""atomic_indexing"": [], ""block_sizes"": [1], ""indexing"": [""pointer"", ""pointer"", ""pointer"", ""tensor_descriptor"", ""pointer"", ""tensor_descriptor"", ""pointer""], ""load_eviction_policies"": ["""", ""first"", ""last"", ""first"", ""last""], ""num_stages"": 8, ""num_warps"": 8, ""pid_type"": ""flat"", ""range_flattens"": [null], ""range_multi_buffers"": [null], ""range_num_stages"": [0], ""range_unroll_factors"": [0], ""range_warp_specializes"": [null], ""reduction_loops"": [2048]}",ok,9.184000082314014,0.0284576416015625,1
rms_norm,RM_002,1024x4096,train,2,heuristics,0,f2da39335308e8ca,"{""atomic_indexing"": [], ""block_sizes"": [1], ""indexing"": [""pointer"", ""pointer"", ""pointer"", ""pointer"", ""pointer"", ""pointer"", ""pointer"", ""pointer""], ""load_eviction_policies"": ["""", """", """", """", """"], ""num_stages"": 1, ""num_warps"": 4, ""pid_type"": ""flat"", ""range_flattens"": [null], ""range_multi_buffers"": [null], ""range_num_stages"": [0], ""range_unroll_factors"": [0], ""range_warp_specializes"": [null], ""reduction_loops"": [null]}",ok,9.184000082314014,0.03368687629699707,0
rms_norm,RM_002,1024x4096,train,2,heuristics,0,f99cbeb65b84a22d,"{""atomic_indexing"": [], ""block_sizes"": [8], ""indexing"": [""pointer"", ""pointer"", ""pointer"", ""pointer"", ""pointer"", ""pointer"", ""pointer"", ""pointer""], ""load_eviction_policies"": ["""", """", """", """", """"], ""num_stages"": 1, ""num_warps"": 4, ""pid_type"": ""flat"", ""range_flattens"": [null], ""range_multi_buffers"": [null], ""range_num_stages"": [0], ""range_unroll_factors"": [0], ""range_warp_specializes"": [null], ""reduction_loops"": [null]}",ok,10.383999906480312,0.05361628532409668,0
rms_norm,RM_002,1024x4096,train,2,heuristics,0,dc0a4ce2ed889219,"{""atomic_indexing"": [], ""block_sizes"": [16], ""indexing"": [""pointer"", ""pointer"", ""pointer"", ""pointer"", ""pointer"", ""pointer"", ""pointer"", ""pointer""], ""load_eviction_policies"": ["""", """", """", """", """"], ""num_stages"": 2, ""num_warps"": 8, ""pid_type"": ""flat"", ""range_flattens"": [null], ""range_multi_buffers"": [null], ""range_num_stages"": [0], ""range_unroll_factors"": [0], ""range_warp_specializes"": [null], ""reduction_loops"": [null]}",ok,11.231999844312668,0.037072181701660156,0
rms_norm,RM_002,1024x4096,train,2,heuristics,0,2af7f9a5bd8ed543,"{""atomic_indexing"": [], ""block_sizes"": [32], ""indexing"": [""pointer"", ""pointer"", ""pointer"", ""pointer"", ""pointer"", ""pointer"", ""pointer"", ""pointer""], ""load_eviction_policies"": ["""", """", """", """", """"], ""num_stages"": 3, ""num_warps"": 8, ""pid_type"": ""flat"", ""range_flattens"": [null], ""range_multi_buffers"": [null], ""range_num_stages"": [0], ""range_unroll_factors"": [0], ""range_warp_specializes"": [null], ""reduction_loops"": [null]}",ok,80.9599980711937,0.022772789001464844,0
rms_norm,RM_002,1024x4096,train,2,heuristics,0,265e9a8b471b3126,"{""atomic_indexing"": [], ""block_sizes"": [4], ""indexing"": [""tensor_descriptor"", ""tensor_descriptor"", ""tensor_descriptor"", ""tensor_descriptor"", ""tensor_descriptor"", ""tensor_descriptor"", ""tensor_descriptor"", ""tensor_descriptor""], ""load_eviction_policies"": ["""", """", """", """", """"], ""num_stages"": 1, ""num_warps"": 4, ""pid_type"": ""flat"", ""range_flattens"": [null], ""range_multi_buffers"": [null], ""range_num_stages"": [0], ""range_unroll_factors"": [0], ""range_warp_specializes"": [null], ""reduction_loops"": [null]}",ok,9.184000082314014,0.0255892276763916,0
rms_norm,RM_002,1024x4096,train,2,heuristics,0,afa215bb2cb62d6c,"{""atomic_indexing"": [], ""block_sizes"": [16], ""indexing"": [""pointer"", ""pointer"", ""pointer"", ""pointer"", ""pointer"", ""pointer"", ""pointer"", ""pointer""], ""load_eviction_policies"": ["""", """", """", """", """"], ""num_sm_multiplier"": 1, ""num_stages"": 2, ""num_warps"": 8, ""pid_type"": ""persistent_blocked"", ""range_flattens"": [null], ""range_multi_buffers"": [null], ""range_num_stages"": [0], ""range_unroll_factors"": [0], ""range_warp_specializes"": [null], ""reduction_loops"": [null]}",ok,11.231999844312668,0.3153707981109619,0
rms_norm,RM_003,2048x2048,train,0,heuristics,0,482f430b8c9d8e8e,"{""atomic_indexing"": [], ""block_sizes"": [2], ""indexing"": [""tensor_descriptor"", ""pointer"", ""tensor_descriptor"", ""tensor_descriptor"", ""pointer"", ""tensor_descriptor"", ""tensor_descriptor""], ""load_eviction_policies"": [""last"", ""first"", ""last"", ""first"", ""first""], ""num_stages"": 1, ""num_warps"": 2, ""pid_type"": ""flat"", ""range_flattens"": [null], ""range_multi_buffers"": [null], ""range_num_stages"": [0], ""range_unroll_factors"": [0], ""range_warp_specializes"": [null], ""reduction_loops"": [2048]}",ok,9.184000082314014,0.08243083953857422,1
rms_norm,RM_003,2048x2048,train,0,heuristics,0,24745e38d713c198,"{""atomic_indexing"": [], ""block_sizes"": [2], ""indexing"": [""pointer"", ""pointer"", ""pointer"", ""tensor_descriptor"", ""tensor_descriptor"", ""pointer"", ""pointer""], ""load_eviction_policies"": [""last"", ""first"", ""first"", """", """"], ""num_stages"": 6, ""num_warps"": 4, ""pid_type"": ""flat"", ""range_flattens"": [null], ""range_multi_buffers"": [null], ""range_num_stages"": [0], ""range_unroll_factors"": [0], ""range_warp_specializes"": [null], ""reduction_loops"": [null]}",ok,9.184000082314014,0.06655311584472656,1
rms_norm,RM_003,2048x2048,train,0,heuristics,0,a0bad60454a64a49,"{""atomic_indexing"": [], ""block_sizes"": [1], ""indexing"": [""pointer"", ""tensor_descriptor"", ""pointer"", ""pointer"", ""pointer"", ""pointer"", ""pointer""], ""load_eviction_policies"": [""first"", ""last"", ""last"", """", ""last""], ""num_stages"": 4, ""num_warps"": 16, ""pid_type"": ""flat"", ""range_flattens"": [null], ""range_multi_buffers"": [null], ""range_num_stages"": [0], ""range_unroll_factors"": [0], ""range_warp_specializes"": [null], ""reduction_loops"": [null]}",ok,11.231999844312668,0.05182981491088867,1
rms_norm,RM_003,2048x2048,train,0,heuristics,0,0e08e3ec9a7b2c1e,"{""atomic_indexing"": [], ""block_sizes"": [4], ""indexing"": [""pointer"", ""tensor_descriptor"", ""pointer"", ""tensor_descriptor"", ""tensor_descriptor"", ""tensor_descriptor"", ""tensor_descriptor""], ""load_eviction_policies"": [""first"", ""last"", """", ""first"", """"], ""num_stages"": 3, ""num_warps"": 2, ""pid_type"": ""flat"", ""range_flattens"": [null], ""range_multi_buffers"": [null], ""range_num_stages"": [0], ""range_unroll_factors"": [0], ""range_warp_specializes"": [null], ""reduction_loops"": [null]}",ok,9.184000082314014,0.04489278793334961,1
rms_norm,RM_003,2048x2048,train,0,heuristics,0,6d53c3602b79725b,"{""atomic_indexing"": [], ""block_sizes"": [1], ""indexing"": [""pointer"", ""tensor_descriptor"", ""pointer"", ""pointer"", ""pointer"", ""tensor_descriptor"", ""pointer""], ""load_eviction_policies"": ["""", ""first"", ""last"", """", """"], ""num_stages"": 3, ""num_warps"": 8, ""pid_type"": ""flat"", ""range_flattens"": [null], ""range_multi_buffers"": [null], ""range_num_stages"": [0], ""range_unroll_factors"": [0], ""range_warp_specializes"": [null], ""reduction_loops"": [8192]}",ok,9.184000082314014,0.03808760643005371,1
rms_norm,RM_003,2048x2048,train,0,heuristics,0,87b2f26661fd2925,"{""atomic_indexing"": [], ""block_sizes"": [1], ""indexing"": [""tensor_descriptor"", ""tensor_descriptor"", ""tensor_descriptor"", ""tensor_descriptor"", ""pointer"", ""pointer"", ""tensor_descriptor""], ""load_eviction_policies"": ["""", ""last"", ""last"", ""first"", """"], ""num_stages"": 2, ""num_warps"": 8, ""pid_type"": ""flat"", ""range_flattens"": [null], ""range_multi_buffers"": [null], ""range_num_stages"": [0], ""range_unroll_factors"": [0], ""range_warp_specializes"": [null], ""reduction_loops"": [null]}",ok,9.184000082314014,0.031873464584350586,1
rms_norm,RM_003,2048x2048,train,0,heuristics,0,9615e7b2fea5ec90,"{""atomic_indexing"": [], ""block_sizes"": [1], ""indexing"": [""pointer"", ""pointer"", ""pointer"", ""tensor_descriptor"", ""pointer"", ""tensor_descriptor"", ""pointer""], ""load_eviction_policies"": ["""", ""first"", ""last"", ""first"", ""last""], ""num_stages"": 8, ""num_warps"": 8, ""pid_type"": ""flat"", ""range_flattens"": [null], ""range_multi_buffers"": [null], ""range_num_stages"": [0], ""range_unroll_factors"": [0], ""range_warp_specializes"": [null], ""reduction_loops"": [2048]}",ok,9.184000082314014,0.02509474754333496,1
rms_norm,RM_003,2048x2048,train,0,heuristics,0,f2da39335308e8ca,"{""atomic_indexing"": [], ""block_sizes"": [1], ""indexing"": [""pointer"", ""pointer"", ""pointer"", ""pointer"", ""pointer"", ""pointer"", ""pointer"", ""pointer""], ""load_eviction_policies"": ["""", """", """", """", """"], ""num_stages"": 1, ""num_warps"": 4, ""pid_type"": ""flat"", ""range_flattens"": [null], ""range_multi_buffers"": [null], ""range_num_stages"": [0], ""range_unroll_factors"": [0], ""range_warp_specializes"": [null], ""reduction_loops"": [null]}",ok,9.184000082314014,0.041370391845703125,0
rms_norm,RM_003,2048x2048,train,0,heuristics,0,f99cbeb65b84a22d,"{""atomic_indexing"": [], ""block_sizes"": [8], ""indexing"": [""pointer"", ""pointer"", ""pointer"", ""pointer"", ""pointer"", ""pointer"", ""pointer"", ""pointer""], ""load_eviction_policies"": ["""", """", """", """", """"], ""num_stages"": 1, ""num_warps"": 4, ""pid_type"": ""flat"", ""range_flattens"": [null], ""range_multi_buffers"": [null], ""range_num_stages"": [0], ""range_unroll_factors"": [0], ""range_warp_specializes"": [null], ""reduction_loops"": [null]}",ok,9.151999838650227,0.052903175354003906,0
rms_norm,RM_003,2048x2048,train,0,heuristics,0,dc0a4ce2ed889219,"{""atomic_indexing"": [], ""block_sizes"": [16], ""indexing"": [""pointer"", ""pointer"", ""pointer"", ""pointer"", ""pointer"", ""pointer"", ""pointer"", ""pointer""], ""load_eviction_policies"": ["""", """", """", """", """"], ""num_stages"": 2, ""num_warps"": 8, ""pid_type"": ""flat"", ""range_flattens"": [null], ""range_multi_buffers"": [null], ""range_num_stages"": [0], ""range_unroll_factors"": [0], ""range_warp_specializes"": [null], ""reduction_loops"": [null]}",ok,9.184000082314014,0.03635001182556152,0
rms_norm,RM_003,2048x2048,train,0,heuristics,0,b8cc8eaa4238fd2c,"{""atomic_indexing"": [], ""block_sizes"": [32], ""indexing"": [""pointer"", ""pointer"", ""pointer"", ""pointer"", ""pointer"", ""pointer"", ""pointer"", ""pointer""], ""load_eviction_policies"": ["""", """", """", """", """"], ""num_sm_multiplier"": 1, ""num_stages"": 3, ""num_warps"": 8, ""pid_type"": ""persistent_blocked"", ""range_flattens"": [null], ""range_multi_buffers"": [null], ""range_num_stages"": [0], ""range_unroll_factors"": [0], ""range_warp_specializes"": [null], ""reduction_loops"": [null]}",ok,11.231999844312668,0.024085521697998047,0
rms_norm,RM_003,2048x2048,train,0,heuristics,0,265e9a8b471b3126,"{""atomic_indexing"": [], ""block_sizes"": [4], ""indexing"": [""tensor_descriptor"", ""tensor_descriptor"", ""tensor_descriptor"", ""tensor_descriptor"", ""tensor_descriptor"", ""tensor_descriptor"", ""tensor_descriptor"", ""tensor_descriptor""], ""load_eviction_policies"": ["""", """", """", """", """"], ""num_stages"": 1, ""num_warps"": 4, ""pid_type"": ""flat"", ""range_flattens"": [null], ""range_multi_buffers"": [null], ""range_num_stages"": [0], ""range_unroll_factors"": [0], ""range_warp_specializes"": [null], ""reduction_loops"": [null]}",ok,9.184000082314014,0.02280902862548828,0
rms_norm,RM_003,2048x2048,train,0,heuristics,0,6e3b656db1de5a1b,"{""atomic_indexing"": [], ""block_sizes"": [64], ""indexing"": [""pointer"", ""pointer"", ""pointer"", ""pointer"", ""pointer"", ""pointer"", ""pointer"", ""pointer""], ""load_eviction_policies"": ["""", """", """", """", """"], ""num_sm_multiplier"": 1, ""num_stages"": 4, ""num_warps"": 16, ""pid_type"": ""persistent_interleaved"", ""range_flattens"": [null], ""range_multi_buffers"": [null], ""range_num_stages"": [0], ""range_unroll_factors"": [0], ""range_warp_specializes"": [null], ""reduction_loops"": [null]}",ok,37.88800165057182,0.023311614990234375,0
rms_norm,RM_003,2048x2048,train,1,heuristics,0,482f430b8c9d8e8e,"{""atomic_indexing"": [], ""block_sizes"": [2], ""indexing"": [""tensor_descriptor"", ""pointer"", ""tensor_descriptor"", ""tensor_descriptor"", ""pointer"", ""tensor_descriptor"", ""tensor_descriptor""], ""load_eviction_policies"": [""last"", ""first"", ""last"", ""first"", ""first""], ""num_stages"": 1, ""num_warps"": 2, ""pid_type"": ""flat"", ""range_flattens"": [null], ""range_multi_buffers"": [null], ""range_num_stages"": [0], ""range_unroll_factors"": [0], ""range_warp_specializes"": [null], ""reduction_loops"": [2048]}",ok,9.184000082314014,0.08855223655700684,1
rms_norm,RM_003,2048x2048,train,1,heuristics,0,24745e38d713c198,"{""atomic_indexing"": [], ""block_sizes"": [2], ""indexing"": [""pointer"", ""pointer"", ""pointer"", ""tensor_descriptor"", ""tensor_descriptor"", ""pointer"", ""pointer""], ""load_eviction_policies"": [""last"", ""first"", ""first"", """", """"], ""num_stages"": 6, ""num_warps"": 4, ""pid_type"": ""flat"", ""range_flattens"": [null], ""range_multi_buffers"": [null], ""range_num_stages"": [0], ""range_unroll_factors"": [0], ""range_warp_specializes"": [null], ""reduction_loops"": [null]}",ok,9.184000082314014,0.07357239723205566,1
rms_norm,RM_003,2048x2048,train,1,heuristics,0,a0bad60454a64a49,"{""atomic_indexing"": [], ""block_sizes"": [1], ""indexing"": [""pointer"", ""tensor_descriptor"", ""pointer"", ""pointer"", ""pointer"", ""pointer"", ""pointer""], ""load_eviction_policies"": [""first"", ""last"", ""last"", """", ""last""], ""num_stages"": 4, ""num_warps"": 16, ""pid_type"": ""flat"", ""range_flattens"": [null], ""range_multi_buffers"": [null], ""range_num_stages"": [0], ""range_unroll_factors"": [0], ""range_warp_specializes"": [null], ""reduction_loops"": [null]}",ok,11.231999844312668,0.05743670463562012,1
rms_norm,RM_003,2048x2048,train,1,heuristics,0,0e08e3ec9a7b2c1e,"{""atomic_indexing"": [], ""block_sizes"": [4], ""indexing"": [""pointer"", ""tensor_descriptor"", ""pointer"", ""tensor_descriptor"", ""tensor_descriptor"", ""tensor_descriptor"", ""tensor_descriptor""], ""load_eviction_policies"": [""first"", ""last"", """", ""first"", """"], ""num_stages"": 3, ""num_warps"": 2, ""pid_type"": ""flat"", ""range_flattens"": [null], ""range_multi_buffers"": [null], ""range_num_stages"": [0], ""range_unroll_factors"": [0], ""range_warp_specializes"": [null], ""reduction_loops"": [null]}",ok,9.184000082314014,0.05034160614013672,1
rms_norm,RM_003,2048x2048,train,1,heuristics,0,6d53c3602b79725b,"{""atomic_indexing"": [], ""block_sizes"": [1], ""indexing"": [""pointer"", ""tensor_descriptor"", ""pointer"", ""pointer"", ""pointer"", ""tensor_descriptor"", ""pointer""], ""load_eviction_policies"": ["""", ""first"", ""last"", """", """"], ""num_stages"": 3, ""num_warps"": 8, ""pid_type"": ""flat"", ""range_flattens"": [null], ""range_multi_buffers"": [null], ""range_num_stages"": [0], ""range_unroll_factors"": [0], ""range_warp_specializes"": [null], ""reduction_loops"": [8192]}",ok,9.184000082314014,0.042494773864746094,1
rms_norm,RM_003,2048x2048,train,1,heuristics,0,87b2f26661fd2925,"{""atomic_indexing"": [], ""block_sizes"": [1], ""indexing"": [""tensor_descriptor"", ""tensor_descriptor"", ""tensor_descriptor"", ""tensor_descriptor"", ""pointer"", ""pointer"", ""tensor_descriptor""], ""load_eviction_policies"": ["""", ""last"", ""last"", ""first"", """"], ""num_stages"": 2, ""num_warps"": 8, ""pid_type"": ""flat"", ""range_flattens"": [null], ""range_multi_buffers"": [null], ""range_num_stages"": [0], ""range_unroll_factors"": [0], ""range_warp_specializes"": [null], ""reduction_loops"": [null]}",ok,9.184000082314014,0.03531002998352051,1
rms_norm,RM_003,2048x2048,train,1,heuristics,0,9615e7b2fea5ec90,"{""atomic_indexing"": [], ""block_sizes"": [1], ""indexing"": [""pointer"", ""pointer"", ""pointer"", ""tensor_descriptor"", ""pointer"", ""tensor_descriptor"", ""pointer""], ""load_eviction_policies"": ["""", ""first"", ""last"", ""first"", ""last""], ""num_stages"": 8, ""num_warps"": 8, ""pid_type"": ""flat"", ""range_flattens"": [null], ""range_multi_buffers"": [null], ""range_num_stages"": [0], ""range_unroll_factors"": [0], ""range_warp_specializes"": [null], ""reduction_loops"": [2048]}",ok,9.184000082314014,0.04392671585083008,1
rms_norm,RM_003,2048x2048,train,1,heuristics,0,f2da39335308e8ca,"{""atomic_indexing"": [], ""block_sizes"": [1], ""indexing"": [""pointer"", ""pointer"", ""pointer"", ""pointer"", ""pointer"", ""pointer"", ""pointer"", ""pointer""], ""load_eviction_policies"": ["""", """", """", """", """"], ""num_stages"": 1, ""num_warps"": 4, ""pid_type"": ""flat"", ""range_flattens"": [null], ""range_multi_buffers"": [null], ""range_num_stages"": [0], ""range_unroll_factors"": [0], ""range_warp_specializes"": [null], ""reduction_loops"": [null]}",ok,9.184000082314014,0.03479599952697754,0
rms_norm,RM_003,2048x2048,train,1,heuristics,0,f99cbeb65b84a22d,"{""atomic_indexing"": [], ""block_sizes"": [8], ""indexing"": [""pointer"", ""pointer"", ""pointer"", ""pointer"", ""pointer"", ""pointer"", ""pointer"", ""pointer""], ""load_eviction_policies"": ["""", """", """", """", """"], ""num_stages"": 1, ""num_warps"": 4, ""pid_type"": ""flat"", ""range_flattens"": [null], ""range_multi_buffers"": [null], ""range_num_stages"": [0], ""range_unroll_factors"": [0], ""range_warp_specializes"": [null], ""reduction_loops"": [null]}",ok,9.184000082314014,0.05249214172363281,0
rms_norm,RM_003,2048x2048,train,1,heuristics,0,dc0a4ce2ed889219,"{""atomic_indexing"": [], ""block_sizes"": [16], ""indexing"": [""pointer"", ""pointer"", ""pointer"", ""pointer"", ""pointer"", ""pointer"", ""pointer"", ""pointer""], ""load_eviction_policies"": ["""", """", """", """", """"], ""num_stages"": 2, ""num_warps"": 8, ""pid_type"": ""flat"", ""range_flattens"": [null], ""range_multi_buffers"": [null], ""range_num_stages"": [0], ""range_unroll_factors"": [0], ""range_warp_specializes"": [null], ""reduction_loops"": [null]}",ok,9.184000082314014,0.03713536262512207,0
rms_norm,RM_003,2048x2048,train,1,heuristics,0,b8cc8eaa4238fd2c,"{""atomic_indexing"": [], ""block_sizes"": [32], ""indexing"": [""pointer"", ""pointer"", ""pointer"", ""pointer"", ""pointer"", ""pointer"", ""pointer"", ""pointer""], ""load_eviction_policies"": ["""", """", """", """", """"], ""num_sm_multiplier"": 1, ""num_stages"": 3, ""num_warps"": 8, ""pid_type"": ""persistent_blocked"", ""range_flattens"": [null], ""range_multi_buffers"": [null], ""range_num_stages"": [0], ""range_unroll_factors"": [0], ""range_warp_specializes"": [null], ""reduction_loops"": [null]}",ok,11.231999844312668,0.022863388061523438,0
rms_norm,RM_003,2048x2048,train,1,heuristics,0,265e9a8b471b3126,"{""atomic_indexing"": [], ""block_sizes"": [4], ""indexing"": [""tensor_descriptor"", ""tensor_descriptor"", ""tensor_descriptor"", ""tensor_descriptor"", ""tensor_descriptor"", ""tensor_descriptor"", ""tensor_descriptor"", ""tensor_descriptor""], ""load_eviction_policies"": ["""", """", """", """", """"], ""num_stages"": 1, ""num_warps"": 4, ""pid_type"": ""flat"", ""range_flattens"": [null], ""range_multi_buffers"": [null], ""range_num_stages"": [0], ""range_unroll_factors"": [0], ""range_warp_specializes"": [null], ""reduction_loops"": [null]}",ok,9.184000082314014,0.02296304702758789,0
rms_norm,RM_003,2048x2048,train,1,heuristics,0,435f71c4534390fa,"{""atomic_indexing"": [], ""block_sizes"": [64], ""indexing"": [""pointer"", ""pointer"", ""pointer"", ""pointer"", ""pointer"", ""pointer"", ""pointer"", ""pointer""], ""load_eviction_policies"": ["""", """", """", """", """"], ""num_sm_multiplier"": 1, ""num_stages"": 2, ""num_warps"": 16, ""pid_type"": ""persistent_interleaved"", ""range_flattens"": [null], ""range_multi_buffers"": [null], ""range_num_stages"": [0], ""range_unroll_factors"": [0], ""range_warp_specializes"": [null], ""reduction_loops"": [null]}",ok,37.856001406908035,0.025331735610961914,0
rms_norm,RM_003,2048x2048,train,2,heuristics,0,482f430b8c9d8e8e,"{""atomic_indexing"": [], ""block_sizes"": [2], ""indexing"": [""tensor_descriptor"", ""pointer"", ""tensor_descriptor"", ""tensor_descriptor"", ""pointer"", ""tensor_descriptor"", ""tensor_descriptor""], ""load_eviction_policies"": [""last"", ""first"", ""last"", ""first"", ""first""], ""num_stages"": 1, ""num_warps"": 2, ""pid_type"": ""flat"", ""range_flattens"": [null], ""range_multi_buffers"": [null], ""range_num_stages"": [0], ""range_unroll_factors"": [0], ""range_warp_specializes"": [null], ""reduction_loops"": [2048]}",ok,9.184000082314014,0.0926508903503418,1
rms_norm,RM_003,2048x2048,train,2,heuristics,0,24745e38d713c198,"{""atomic_indexing"": [], ""block_sizes"": [2], ""indexing"": [""pointer"", ""pointer"", ""pointer"", ""tensor_descriptor"", ""tensor_descriptor"", ""pointer"", ""pointer""], ""load_eviction_policies"": [""last"", ""first"", ""first"", """", """"], ""num_stages"": 6, ""num_warps"": 4, ""pid_type"": ""flat"", ""range_flattens"": [null], ""range_multi_buffers"": [null], ""range_num_stages"": [0], ""range_unroll_factors"": [0], ""range_warp_specializes"": [null], ""reduction_loops"": [null]}",ok,9.184000082314014,0.07711076736450195,1
rms_norm,RM_003,2048x2048,train,2,heuristics,0,a0bad60454a64a49,"{""atomic_indexing"": [], ""block_sizes"": [1], ""indexing"": [""pointer"", ""tensor_descriptor"", ""pointer"", ""pointer"", ""pointer"", ""pointer"", ""pointer""], ""load_eviction_policies"": [""first"", ""last"", ""last"", """", ""last""], ""num_stages"": 4, ""num_warps"": 16, ""pid_type"": ""flat"", ""range_flattens"": [null], ""range_multi_buffers"": [null], ""range_num_stages"": [0], ""range_unroll_factors"": [0], ""range_warp_specializes"": [null], ""reduction_loops"": [null]}",ok,11.231999844312668,0.061767578125,1
rms_norm,RM_003,2048x2048,train,2,heuristics,0,0e08e3ec9a7b2c1e,"{""atomic_indexing"": [], ""block_sizes"": [4], ""indexing"": [""pointer"", ""tensor_descriptor"", ""pointer"", ""tensor_descriptor"", ""tensor_descriptor"", ""tensor_descriptor"", ""tensor_descriptor""], ""load_eviction_policies"": [""first"", ""last"", """", ""first"", """"], ""num_stages"": 3, ""num_warps"": 2, ""pid_type"": ""flat"", ""range_flattens"": [null], ""range_multi_buffers"": [null], ""range_num_stages"": [0], ""range_unroll_factors"": [0], ""range_warp_specializes"": [null], ""reduction_loops"": [null]}",ok,9.184000082314014,0.053087472915649414,1
rms_norm,RM_003,2048x2048,train,2,heuristics,0,6d53c3602b79725b,"{""atomic_indexing"": [], ""block_sizes"": [1], ""indexing"": [""pointer"", ""tensor_descriptor"", ""pointer"", ""pointer"", ""pointer"", ""tensor_descriptor"", ""pointer""], ""load_eviction_policies"": ["""", ""first"", ""last"", """", """"], ""num_stages"": 3, ""num_warps"": 8, ""pid_type"": ""flat"", ""range_flattens"": [null], ""range_multi_buffers"": [null], ""range_num_stages"": [0], ""range_unroll_factors"": [0], ""range_warp_specializes"": [null], ""reduction_loops"": [8192]}",ok,9.184000082314014,0.0453648567199707,1
rms_norm,RM_003,2048x2048,train,2,heuristics,0,87b2f26661fd2925,"{""atomic_indexing"": [], ""block_sizes"": [1], ""indexing"": [""tensor_descriptor"", ""tensor_descriptor"", ""tensor_descriptor"", ""tensor_descriptor"", ""pointer"", ""pointer"", ""tensor_descriptor""], ""load_eviction_policies"": ["""", ""last"", ""last"", ""first"", """"], ""num_stages"": 2, ""num_warps"": 8, ""pid_type"": ""flat"", ""range_flattens"": [null], ""range_multi_buffers"": [null], ""range_num_stages"": [0], ""range_unroll_factors"": [0], ""range_warp_specializes"": [null], ""reduction_loops"": [null]}",ok,9.184000082314014,0.0376896858215332,1
rms_norm,RM_003,2048x2048,train,2,heuristics,0,9615e7b2fea5ec90,"{""atomic_indexing"": [], ""block_sizes"": [1], ""indexing"": [""pointer"", ""pointer"", ""pointer"", ""tensor_descriptor"", ""pointer"", ""tensor_descriptor"", ""pointer""], ""load_eviction_policies"": ["""", ""first"", ""last"", ""first"", ""last""], ""num_stages"": 8, ""num_warps"": 8, ""pid_type"": ""flat"", ""range_flattens"": [null], ""range_multi_buffers"": [null], ""range_num_stages"": [0], ""range_unroll_factors"": [0], ""range_warp_specializes"": [null], ""reduction_loops"": [2048]}",ok,9.184000082314014,0.034908294677734375,1
rms_norm,RM_003,2048x2048,train,2,heuristics,0,f2da39335308e8ca,"{""atomic_indexing"": [], ""block_sizes"": [1], ""indexing"": [""pointer"", ""pointer"", ""pointer"", ""pointer"", ""pointer"", ""pointer"", ""pointer"", ""pointer""], ""load_eviction_policies"": ["""", """", """", """", """"], ""num_stages"": 1, ""num_warps"": 4, ""pid_type"": ""flat"", ""range_flattens"": [null], ""range_multi_buffers"": [null], ""range_num_stages"": [0], ""range_unroll_factors"": [0], ""range_warp_specializes"": [null], ""reduction_loops"": [null]}",ok,9.184000082314014,0.02664637565612793,0
rms_norm,RM_003,2048x2048,train,2,heuristics,0,a34c73350c7439f9,"{""atomic_indexing"": [], ""block_sizes"": [8], ""indexing"": [""pointer"", ""pointer"", ""pointer"", ""pointer"", ""pointer"", ""pointer"", ""pointer"", ""pointer""], ""load_eviction_policies"": ["""", """", """", """", """"], ""num_stages"": 2, ""num_warps"": 4, ""pid_type"": ""flat"", ""range_flattens"": [null], ""range_multi_buffers"": [null], ""range_num_stages"": [0], ""range_unroll_factors"": [0], ""range_warp_specializes"": [null], ""reduction_loops"": [null]}",ok,9.184000082314014,0.051317453384399414,0
rms_norm,RM_003,2048x2048,train,2,heuristics,0,9454843723f22d9f,"{""atomic_indexing"": [], ""block_sizes"": [16], ""indexing"": [""pointer"", ""pointer"", ""pointer"", ""pointer"", ""pointer"", ""pointer"", ""pointer"", ""pointer""], ""load_eviction_policies"": ["""", """", """", """", """"], ""num_stages"": 3, ""num_warps"": 8, ""pid_type"": ""flat"", ""range_flattens"": [null], ""range_multi_buffers"": [null], ""range_num_stages"": [0], ""range_unroll_factors"": [0], ""range_warp_specializes"": [null], ""reduction_loops"": [null]}",ok,9.184000082314014,0.03593802452087402,0
rms_norm,RM_003,2048x2048,train,2,heuristics,0,4ea78bdd40cee736,"{""atomic_indexing"": [], ""block_sizes"": [32], ""indexing"": [""pointer"", ""pointer"", ""pointer"", ""pointer"", ""pointer"", ""pointer"", ""pointer"", ""pointer""], ""load_eviction_policies"": ["""", """", """", """", """"], ""num_sm_multiplier"": 1, ""num_stages"": 2, ""num_warps"": 8, ""pid_type"": ""persistent_blocked"", ""range_flattens"": [null], ""range_multi_buffers"": [null], ""range_num_stages"": [0], ""range_unroll_factors"": [0], ""range_warp_specializes"": [null], ""reduction_loops"": [null]}",ok,11.231999844312668,0.024196147918701172,0
rms_norm,RM_003,2048x2048,train,2,heuristics,0,ce3f58736754a3f1,"{""atomic_indexing"": [], ""block_sizes"": [4], ""indexing"": [""tensor_descriptor"", ""tensor_descriptor"", ""tensor_descriptor"", ""tensor_descriptor"", ""tensor_descriptor"", ""tensor_descriptor"", ""tensor_descriptor"", ""tensor_descriptor""], ""load_eviction_policies"": ["""", """", """", """", """"], ""num_stages"": 2, ""num_warps"": 4, ""pid_type"": ""flat"", ""range_flattens"": [null], ""range_multi_buffers"": [null], ""range_num_stages"": [0], ""range_unroll_factors"": [0], ""range_warp_specializes"": [null], ""reduction_loops"": [null]}",ok,9.184000082314014,0.03345036506652832,0
rms_norm,RM_003,2048x2048,train,2,heuristics,0,fbebc4fb16f7b19b,"{""atomic_indexing"": [], ""block_sizes"": [64], ""indexing"": [""pointer"", ""pointer"", ""pointer"", ""pointer"", ""pointer"", ""pointer"", ""pointer"", ""pointer""], ""load_eviction_policies"": ["""", """", """", """", """"], ""num_sm_multiplier"": 1, ""num_stages"": 3, ""num_warps"": 16, ""pid_type"": ""persistent_interleaved"", ""range_flattens"": [null], ""range_multi_buffers"": [null], ""range_num_stages"": [0], ""range_unroll_factors"": [0], ""range_warp_specializes"": [null], ""reduction_loops"": [null]}",ok,37.856001406908035,0.03464245796203613,0
rms_norm,RM_004,4096x1024,train,0,heuristics,0,24745e38d713c198,"{""atomic_indexing"": [], ""block_sizes"": [2], ""indexing"": [""pointer"", ""pointer"", ""pointer"", ""tensor_descriptor"", ""tensor_descriptor"", ""pointer"", ""pointer""], ""load_eviction_policies"": [""last"", ""first"", ""first"", """", """"], ""num_stages"": 6, ""num_warps"": 4, ""pid_type"": ""flat"", ""range_flattens"": [null], ""range_multi_buffers"": [null], ""range_num_stages"": [0], ""range_unroll_factors"": [0], ""range_warp_specializes"": [null], ""reduction_loops"": [null]}",ok,9.184000082314014,0.12196612358093262,1
rms_norm,RM_004,4096x1024,train,0,heuristics,0,a0bad60454a64a49,"{""atomic_indexing"": [], ""block_sizes"": [1], ""indexing"": [""pointer"", ""tensor_descriptor"", ""pointer"", ""pointer"", ""pointer"", ""pointer"", ""pointer""], ""load_eviction_policies"": [""first"", ""last"", ""last"", """", ""last""], ""num_stages"": 4, ""num_warps"": 16, ""pid_type"": ""flat"", ""range_flattens"": [null], ""range_multi_buffers"": [null], ""range_num_stages"": [0], ""range_unroll_factors"": [0], ""range_warp_specializes"": [null], ""reduction_loops"": [null]}",ok,13.279999606311321,0.10568428039550781,1
rms_norm,RM_004,4096x1024,train,0,heuristics,0,0e08e3ec9a7b2c1e,"{""atomic_indexing"": [], ""block_sizes"": [4], ""indexing"": [""pointer"", ""tensor_descriptor"", ""pointer"", ""tensor_descriptor"", ""tensor_descriptor"", ""tensor_descriptor"", ""tensor_descriptor""], ""load_eviction_policies"": [""first"", ""last"", """", ""first"", """"], ""num_stages"": 3, ""num_warps"": 2, ""pid_type"": ""flat"", ""range_flattens"": [null], ""range_multi_buffers"": [null], ""range_num_stages"": [0], ""range_unroll_factors"": [0], ""range_warp_specializes"": [null], ""reduction_loops"": [null]}",ok,9.184000082314014,0.08990955352783203,1
rms_norm,RM_004,4096x1024,train,0,heuristics,0,482f430b8c9d8e8e,"{""atomic_indexing"": [], ""block_sizes"": [2], ""indexing"": [""tensor_descriptor"", ""pointer"", ""tensor_descriptor"", ""tensor_descriptor"", ""pointer"", ""tensor_descriptor"", ""tensor_descriptor""], ""load_eviction_policies"": [""last"", ""first"", ""last"", ""first"", ""first""], ""num_stages"": 1, ""num_warps"": 2, ""pid_type"": ""flat"", ""range_flattens"": [null], ""range_multi_buffers"": [null], ""range_num_stages"": [0], ""range_unroll_factors"": [0], ""range_warp_specializes"": [null], ""reduction_loops"": [2048]}",ok,9.184000082314014,0.07272529602050781,1
rms_norm,RM_004,4096x1024,train,0,heuristics,0,6d53c3602b79725b,"{""atomic_indexing"": [], ""block_sizes"": [1], ""indexing"": [""pointer"", ""tensor_descriptor"", ""pointer"", ""pointer"", ""pointer"", ""tensor_descriptor"", ""pointer""], ""load_eviction_policies"": ["""", ""first"", ""last"", """", """"], ""num_stages"": 3, ""num_warps"": 8, ""pid_type"": ""flat"", ""range_flattens"": [null], ""range_multi_buffers"": [null], ""range_num_stages"": [0], ""range_unroll_factors"": [0], ""range_warp_specializes"": [null], ""reduction_loops"": [8192]}",ok,11.231999844312668,0.06094074249267578,1
rms_norm,RM_004,4096x1024,train,0,heuristics,0,87b2f26661fd2925,"{""atomic_indexing"": [], ""block_sizes"": [1], ""indexing"": [""tensor_descriptor"", ""tensor_descriptor"", ""tensor_descriptor"", ""tensor_descriptor"", ""pointer"", ""pointer"", ""tensor_descriptor""], ""load_eviction_policies"": ["""", ""last"", ""last"", ""first"", """"], ""num_stages"": 2, ""num_warps"": 8, ""pid_type"": ""flat"", ""range_flattens"": [null], ""range_multi_buffers"": [null], ""range_num_stages"": [0], ""range_unroll_factors"": [0], ""range_warp_specializes"": [null], ""reduction_loops"": [null]}",ok,11.168000288307667,0.04343461990356445,1
rms_norm,RM_004,4096x1024,train,0,heuristics,0,9615e7b2fea5ec90,"{""atomic_indexing"": [], ""block_sizes"": [1], ""indexing"": [""pointer"", ""pointer"", ""pointer"", ""tensor_descriptor"", ""pointer"", ""tensor_descriptor"", ""pointer""], ""load_eviction_policies"": ["""", ""first"", ""last"", ""first"", ""last""], ""num_stages"": 8, ""num_warps"": 8, ""pid_type"": ""flat"", ""range_flattens"": [null], ""range_multi_buffers"": [null], ""range_num_stages"": [0], ""range_unroll_factors"": [0], ""range_warp_specializes"": [null], ""reduction_loops"": [2048]}",ok,11.231999844312668,0.04491233825683594,1
rms_norm,RM_004,4096x1024,train,0,heuristics,0,f2da39335308e8ca,"{""atomic_indexing"": [], ""block_sizes"": [1], ""indexing"": [""pointer"", ""pointer"", ""pointer"", ""pointer"", ""pointer"", ""pointer"", ""pointer"", ""pointer""], ""load_eviction_policies"": ["""", """", """", """", """"], ""num_stages"": 1, ""num_warps"": 4, ""pid_type"": ""flat"", ""range_flattens"": [null], ""range_multi_buffers"": [null], ""range_num_stages"": [0], ""range_unroll_factors"": [0], ""range_warp_specializes"": [null], ""reduction_loops"": [null]}",ok,9.184000082314014,0.03991341590881348,0
rms_norm,RM_004,4096x1024,train,0,heuristics,0,f99cbeb65b84a22d,"{""atomic_indexing"": [], ""block_sizes"": [8], ""indexing"": [""pointer"", ""pointer"", ""pointer"", ""pointer"", ""pointer"", ""pointer"", ""pointer"", ""pointer""], ""load_eviction_policies"": ["""", """", """", """", """"], ""num_stages"": 1, ""num_warps"": 4, ""pid_type"": ""flat"", ""range_flattens"": [null], ""range_multi_buffers"": [null], ""range_num_stages"": [0], ""range_unroll_factors"": [0], ""range_warp_specializes"": [null], ""reduction_loops"": [null]}",ok,9.184000082314014,0.06497859954833984,0
rms_norm,RM_004,4096x1024,train,0,heuristics,0,dc0a4ce2ed889219,"{""atomic_indexing"": [], ""block_sizes"": [16], ""indexing"": [""pointer"", ""pointer"", ""pointer"", ""pointer"", ""pointer"", ""pointer"", ""pointer"", ""pointer""], ""load_eviction_policies"": ["""", """", """", """", """"], ""num_stages"": 2, ""num_warps"": 8, ""pid_type"": ""flat"", ""range_flattens"": [null], ""range_multi_buffers"": [null], ""range_num_stages"": [0], ""range_unroll_factors"": [0], ""range_warp_specializes"": [null], ""reduction_loops"": [null]}",ok,9.184000082314014,0.047263145446777344,0
rms_norm,RM_004,4096x1024,train,0,heuristics,0,b8cc8eaa4238fd2c,"{""atomic_indexing"": [], ""block_sizes"": [32], ""indexing"": [""pointer"", ""pointer"", ""pointer"", ""pointer"", ""pointer"", ""pointer"", ""pointer"", ""pointer""], ""load_eviction_policies"": ["""", """", """", """", """"], ""num_sm_multiplier"": 1, ""num_stages"": 3, ""num_warps"": 8, ""pid_type"": ""persistent_blocked"", ""range_flattens"": [null], ""range_multi_buffers"": [null], ""range_num_stages"": [0], ""range_unroll_factors"": [0], ""range_warp_specializes"": [null], ""reduction_loops"": [null]}",ok,9.216000325977802,0.04391980171203613,0
rms_norm,RM_004,4096x1024,train,0,heuristics,0,265e9a8b471b3126,"{""atomic_indexing"": [], ""block_sizes"": [4], ""indexing"": [""tensor_descriptor"", ""tensor_descriptor"", ""tensor_descriptor"", ""tensor_descriptor"", ""tensor_descriptor"", ""tensor_descriptor"", ""tensor_descriptor"", ""tensor_descriptor""], ""load_eviction_policies"": ["""", """", """", """", """"], ""num_stages"": 1, ""num_warps"": 4, ""pid_type"": ""flat"", ""range_flattens"": [null], ""range_multi_buffers"": [null], ""range_num_stages"": [0], ""range_unroll_factors"": [0], ""range_warp_specializes"": [null], ""reduction_loops"": [null]}",ok,9.184000082314014,0.03728199005126953,0
rms_norm,RM_004,4096x1024,train,0,heuristics,0,435f71c4534390fa,"{""atomic_indexing"": [], ""block_sizes"": [64], ""indexing"": [""pointer"", ""pointer"", ""pointer"", ""pointer"", ""pointer"", ""pointer"", ""pointer"", ""pointer""], ""load_eviction_policies"": ["""", """", """", """", """"], ""num_sm_multiplier"": 1, ""num_stages"": 2, ""num_warps"": 16, ""pid_type"": ""persistent_interleaved"", ""range_flattens"": [null], ""range_multi_buffers"": [null], ""range_num_stages"": [0], ""range_unroll_factors"": [0], ""range_warp_specializes"": [null], ""reduction_loops"": [null]}",ok,11.231999844312668,0.04765915870666504,0
rms_norm,RM_004,4096x1024,train,1,heuristics,0,24745e38d713c198,"{""atomic_indexing"": [], ""block_sizes"": [2], ""indexing"": [""pointer"", ""pointer"", ""pointer"", ""tensor_descriptor"", ""tensor_descriptor"", ""pointer"", ""pointer""], ""load_eviction_policies"": [""last"", ""first"", ""first"", """", """"], ""num_stages"": 6, ""num_warps"": 4, ""pid_type"": ""flat"", ""range_flattens"": [null], ""range_multi_buffers"": [null], ""range_num_stages"": [0], ""range_unroll_factors"": [0], ""range_warp_specializes"": [null], ""reduction_loops"": [null]}",ok,9.184000082314014,0.10890936851501465,1
rms_norm,RM_004,4096x1024,train,1,heuristics,0,a0bad60454a64a49,"{""atomic_indexing"": [], ""block_sizes"": [1], ""indexing"": [""pointer"", ""tensor_descriptor"", ""pointer"", ""pointer"", ""pointer"", ""pointer"", ""pointer""], ""load_eviction_policies"": [""first"", ""last"", ""last"", """", ""last""], ""num_stages"": 4, ""num_warps"": 16, ""pid_type"": ""flat"", ""range_flattens"": [null], ""range_multi_buffers"": [null], ""range_num_stages"": [0], ""range_unroll_factors"": [0], ""range_warp_specializes"": [null], ""reduction_loops"": [null]}",ok,13.279999606311321,0.09354352951049805,1
rms_norm,RM_004,4096x1024,train,1,heuristics,0,0e08e3ec9a7b2c1e,"{""atomic_indexing"": [], ""block_sizes"": [4], ""indexing"": [""pointer"", ""tensor_descriptor"", ""pointer"", ""tensor_descriptor"", ""tensor_descriptor"", ""tensor_descriptor"", ""tensor_descriptor""], ""load_eviction_policies"": [""first"", ""last"", """", ""first"", """"], ""num_stages"": 3, ""num_warps"": 2, ""pid_type"": ""flat"", ""range_flattens"": [null], ""range_multi_buffers"": [null], ""range_num_stages"": [0], ""range_unroll_factors"": [0], ""range_warp_specializes"": [null], ""reduction_loops"": [null]}",ok,9.184000082314014,0.0784602165222168,1
rms_norm,RM_004,4096x1024,train,1,heuristics,0,482f430b8c9d8e8e,"{""atomic_indexing"": [], ""block_sizes"": [2], ""indexing"": [""tensor_descriptor"", ""pointer"", ""tensor_descriptor"", ""tensor_descriptor"", ""pointer"", ""tensor_descriptor"", ""tensor_descriptor""], ""load_eviction_policies"": [""last"", ""first"", ""last"", ""first"", ""first""], ""num_stages"": 1, ""num_warps"": 2, ""pid_type"": ""flat"", ""range_flattens"": [null], ""range_multi_buffers"": [null], ""range_num_stages"": [0], ""range_unroll_factors"": [0], ""range_warp_specializes"": [null], ""reduction_loops"": [2048]}",ok,9.184000082314014,0.0702061653137207,1
rms_norm,RM_004,4096x1024,train,1,heuristics,0,6d53c3602b79725b,"{""atomic_indexing"": [], ""block_sizes"": [1], ""indexing"": [""pointer"", ""tensor_descriptor"", ""pointer"", ""pointer"", ""pointer"", ""tensor_descriptor"", ""pointer""], ""load_eviction_policies"": ["""", ""first"", ""last"", """", """"], ""num_stages"": 3, ""num_warps"": 8, ""pid_type"": ""flat"", ""range_flattens"": [null], ""range_multi_buffers"": [null], ""range_num_stages"": [0], ""range_unroll_factors"": [0], ""range_warp_specializes"": [null], ""reduction_loops"": [8192]}",ok,11.231999844312668,0.05248665809631348,1
rms_norm,RM_004,4096x1024,train,1,heuristics,0,87b2f26661fd2925,"{""atomic_indexing"": [], ""block_sizes"": [1], ""indexing"": [""tensor_descriptor"", ""tensor_descriptor"", ""tensor_descriptor"", ""tensor_descriptor"", ""pointer"", ""pointer"", ""tensor_descriptor""], ""load_eviction_policies"": ["""", ""last"", ""last"", ""first"", """"], ""num_stages"": 2, ""num_warps"": 8, ""pid_type"": ""flat"", ""range_flattens"": [null], ""range_multi_buffers"": [null], ""range_num_stages"": [0], ""range_unroll_factors"": [0], ""range_warp_specializes"": [null], ""reduction_loops"": [null]}",ok,11.168000288307667,0.04224085807800293,1
rms_norm,RM_004,4096x1024,train,1,heuristics,0,9615e7b2fea5ec90,"{""atomic_indexing"": [], ""block_sizes"": [1], ""indexing"": [""pointer"", ""pointer"", ""pointer"", ""tensor_descriptor"", ""pointer"", ""tensor_descriptor"", ""pointer""], ""load_eviction_policies"": ["""", ""first"", ""last"", ""first"", ""last""], ""num_stages"": 8, ""num_warps"": 8, ""pid_type"": ""flat"", ""range_flattens"": [null], ""range_multi_buffers"": [null], ""range_num_stages"": [0], ""range_unroll_factors"": [0], ""range_warp_specializes"": [null], ""reduction_loops"": [2048]}",ok,11.231999844312668,0.04410552978515625,1
rms_norm,RM_004,4096x1024,train,1,heuristics,0,f2da39335308e8ca,"{""atomic_indexing"": [], ""block_sizes"": [1], ""indexing"": [""pointer"", ""pointer"", ""pointer"", ""pointer"", ""pointer"", ""pointer"", ""pointer"", ""pointer""], ""load_eviction_policies"": ["""", """", """", """", """"], ""num_stages"": 1, ""num_warps"": 4, ""pid_type"": ""flat"", ""range_flattens"": [null], ""range_multi_buffers"": [null], ""range_num_stages"": [0], ""range_unroll_factors"": [0], ""range_warp_specializes"": [null], ""reduction_loops"": [null]}",ok,9.184000082314014,0.03855156898498535,0
rms_norm,RM_004,4096x1024,train,1,heuristics,0,f99cbeb65b84a22d,"{""atomic_indexing"": [], ""block_sizes"": [8], ""indexing"": [""pointer"", ""pointer"", ""pointer"", ""pointer"", ""pointer"", ""pointer"", ""pointer"", ""pointer""], ""load_eviction_policies"": ["""", """", """", """", """"], ""num_stages"": 1, ""num_warps"": 4, ""pid_type"": ""flat"", ""range_flattens"": [null], ""range_multi_buffers"": [null], ""range_num_stages"": [0], ""range_unroll_factors"": [0], ""range_warp_specializes"": [null], ""reduction_loops"": [null]}",ok,9.184000082314014,0.0563051700592041,0
rms_norm,RM_004,4096x1024,train,1,heuristics,0,dc0a4ce2ed889219,"{""atomic_indexing"": [], ""block_sizes"": [16], ""indexing"": [""pointer"", ""pointer"", ""pointer"", ""pointer"", ""pointer"", ""pointer"", ""pointer"", ""pointer""], ""load_eviction_policies"": ["""", """", """", """", """"], ""num_stages"": 2, ""num_warps"": 8, ""pid_type"": ""flat"", ""range_flattens"": [null], ""range_multi_buffers"": [null], ""range_num_stages"": [0], ""range_unroll_factors"": [0], ""range_warp_specializes"": [null], ""reduction_loops"": [null]}",ok,9.184000082314014,0.039163827896118164,0
rms_norm,RM_004,4096x1024,train,1,heuristics,0,2af7f9a5bd8ed543,"{""atomic_indexing"": [], ""block_sizes"": [32], ""indexing"": [""pointer"", ""pointer"", ""pointer"", ""pointer"", ""pointer"", ""pointer"", ""pointer"", ""pointer""], ""load_eviction_policies"": ["""", """", """", """", """"], ""num_stages"": 3, ""num_warps"": 8, ""pid_type"": ""flat"", ""range_flattens"": [null], ""range_multi_buffers"": [null], ""range_num_stages"": [0], ""range_unroll_factors"": [0], ""range_warp_specializes"": [null], ""reduction_loops"": [null]}",ok,9.184000082314014,0.02526998519897461,0
rms_norm,RM_004,4096x1024,train,1,heuristics,0,4796949b291348a2,"{""atomic_indexing"": [], ""block_sizes"": [4], ""indexing"": [""pointer"", ""pointer"", ""pointer"", ""pointer"", ""pointer"", ""pointer"", ""pointer"", ""pointer""], ""load_eviction_policies"": ["""", """", """", """", """"], ""num_sm_multiplier"": 1, ""num_stages"": 2, ""num_warps"": 4, ""pid_type"": ""persistent_blocked"", ""range_flattens"": [null], ""range_multi_buffers"": [null], ""range_num_stages"": [0], ""range_unroll_factors"": [0], ""range_warp_specializes"": [null], ""reduction_loops"": [null]}",ok,13.279999606311321,0.03585219383239746,0
rms_norm,RM_004,4096x1024,train,1,heuristics,0,327cb827e8045384,"{""atomic_indexing"": [], ""block_sizes"": [16], ""indexing"": [""tensor_descriptor"", ""tensor_descriptor"", ""tensor_descriptor"", ""tensor_descriptor"", ""tensor_descriptor"", ""tensor_descriptor"", ""tensor_descriptor"", ""tensor_descriptor""], ""load_eviction_policies"": ["""", """", """", """", """"], ""num_stages"": 2, ""num_warps"": 8, ""pid_type"": ""flat"", ""range_flattens"": [null], ""range_multi_buffers"": [null], ""range_num_stages"": [0], ""range_unroll_factors"": [0], ""range_warp_specializes"": [null], ""reduction_loops"": [null]}",ok,13.311999849975109,0.21951937675476074,0
rms_norm,RM_004,4096x1024,train,2,heuristics,0,24745e38d713c198,"{""atomic_indexing"": [], ""block_sizes"": [2], ""indexing"": [""pointer"", ""pointer"", ""pointer"", ""tensor_descriptor"", ""tensor_descriptor"", ""pointer"", ""pointer""], ""load_eviction_policies"": [""last"", ""first"", ""first"", """", """"], ""num_stages"": 6, ""num_warps"": 4, ""pid_type"": ""flat"", ""range_flattens"": [null], ""range_multi_buffers"": [null], ""range_num_stages"": [0], ""range_unroll_factors"": [0], ""range_warp_specializes"": [null], ""reduction_loops"": [null]}",ok,9.184000082314014,0.12468862533569336,1
rms_norm,RM_004,4096x1024,train,2,heuristics,0,a0bad60454a64a49,"{""atomic_indexing"": [], ""block_sizes"": [1], ""indexing"": [""pointer"", ""tensor_descriptor"", ""pointer"", ""pointer"", ""pointer"", ""pointer"", ""pointer""], ""load_eviction_policies"": [""first"", ""last"", ""last"", """", ""last""], ""num_stages"": 4, ""num_warps"": 16, ""pid_type"": ""flat"", ""range_flattens"": [null], ""range_multi_buffers"": [null], ""range_num_stages"": [0], ""range_unroll_factors"": [0], ""range_warp_specializes"": [null], ""reduction_loops"": [null]}",ok,13.279999606311321,0.10770630836486816,1
rms_norm,RM_004,4096x1024,train,2,heuristics,0,0e08e3ec9a7b2c1e,"{""atomic_indexing"": [], ""block_sizes"": [4], ""indexing"": [""pointer"", ""tensor_descriptor"", ""pointer"", ""tensor_descriptor"", ""tensor_descriptor"", ""tensor_descriptor"", ""tensor_descriptor""], ""load_eviction_policies"": [""first"", ""last"", """", ""first"", """"], ""num_stages"": 3, ""num_warps"": 2, ""pid_type"": ""flat"", ""range_flattens"": [null], ""range_multi_buffers"": [null], ""range_num_stages"": [0], ""range_unroll_factors"": [0], ""range_warp_specializes"": [null], ""reduction_loops"": [null]}",ok,9.184000082314014,0.09201645851135254,1
rms_norm,RM_004,4096x1024,train,2,heuristics,0,482f430b8c9d8e8e,"{""atomic_indexing"": [], ""block_sizes"": [2], ""indexing"": [""tensor_descriptor"", ""pointer"", ""tensor_descriptor"", ""tensor_descriptor"", ""pointer"", ""tensor_descriptor"", ""tensor_descriptor""], ""load_eviction_policies"": [""last"", ""first"", ""last"", ""first"", ""first""], ""num_stages"": 1, ""num_warps"": 2, ""pid_type"": ""flat"", ""range_flattens"": [null], ""range_multi_buffers"": [null], ""range_num_stages"": [0], ""range_unroll_factors"": [0], ""range_warp_specializes"": [null], ""reduction_loops"": [2048]}",ok,9.184000082314014,0.07461881637573242,1
rms_norm,RM_004,4096x1024,train,2,heuristics,0,6d53c3602b79725b,"{""atomic_indexing"": [], ""block_sizes"": [1], ""indexing"": [""pointer"", ""tensor_descriptor"", ""pointer"", ""pointer"", ""pointer"", ""tensor_descriptor"", ""pointer""], ""load_eviction_policies"": ["""", ""first"", ""last"", """", """"], ""num_stages"": 3, ""num_warps"": 8, ""pid_type"": ""flat"", ""range_flattens"": [null], ""range_multi_buffers"": [null], ""range_num_stages"": [0], ""range_unroll_factors"": [0], ""range_warp_specializes"": [null], ""reduction_loops"": [8192]}",ok,11.231999844312668,0.06291055679321289,1
rms_norm,RM_004,4096x1024,train,2,heuristics,0,87b2f26661fd2925,"{""atomic_indexing"": [], ""block_sizes"": [1], ""indexing"": [""tensor_descriptor"", ""tensor_descriptor"", ""tensor_descriptor"", ""tensor_descriptor"", ""pointer"", ""pointer"", ""tensor_descriptor""], ""load_eviction_policies"": ["""", ""last"", ""last"", ""first"", """"], ""num_stages"": 2, ""num_warps"": 8, ""pid_type"": ""flat"", ""range_flattens"": [null], ""range_multi_buffers"": [null], ""range_num_stages"": [0], ""range_unroll_factors"": [0], ""range_warp_specializes"": [null], ""reduction_loops"": [null]}",ok,11.19999960064888,0.04573869705200195,1
rms_norm,RM_004,4096x1024,train,2,heuristics,0,9615e7b2fea5ec90,"{""atomic_indexing"": [], ""block_sizes"": [1], ""indexing"": [""pointer"", ""pointer"", ""pointer"", ""tensor_descriptor"", ""pointer"", ""tensor_descriptor"", ""pointer""], ""load_eviction_policies"": ["""", ""first"", ""last"", ""first"", ""last""], ""num_stages"": 8, ""num_warps"": 8, ""pid_type"": ""flat"", ""range_flattens"": [null], ""range_multi_buffers"": [null], ""range_num_stages"": [0], ""range_unroll_factors"": [0], ""range_warp_specializes"": [null], ""reduction_loops"": [2048]}",ok,11.231999844312668,0.04408574104309082,1
rms_norm,RM_004,4096x1024,train,2,heuristics,0,f2da39335308e8ca,"{""atomic_indexing"": [], ""block_sizes"": [1], ""indexing"": [""pointer"", ""pointer"", ""pointer"", ""pointer"", ""pointer"", ""pointer"", ""pointer"", ""pointer""], ""load_eviction_policies"": ["""", """", """", """", """"], ""num_stages"": 1, ""num_warps"": 4, ""pid_type"": ""flat"", ""range_flattens"": [null], ""range_multi_buffers"": [null], ""range_num_stages"": [0], ""range_unroll_factors"": [0], ""range_warp_specializes"": [null], ""reduction_loops"": [null]}",ok,9.184000082314014,0.03730368614196777,0
rms_norm,RM_004,4096x1024,train,2,heuristics,0,f99cbeb65b84a22d,"{""atomic_indexing"": [], ""block_sizes"": [8], ""indexing"": [""pointer"", ""pointer"", ""pointer"", ""pointer"", ""pointer"", ""pointer"", ""pointer"", ""pointer""], ""load_eviction_policies"": ["""", """", """", """", """"], ""num_stages"": 1, ""num_warps"": 4, ""pid_type"": ""flat"", ""range_flattens"": [null], ""range_multi_buffers"": [null], ""range_num_stages"": [0], ""range_unroll_factors"": [0], ""range_warp_specializes"": [null], ""reduction_loops"": [null]}",ok,9.184000082314014,0.053586721420288086,0
rms_norm,RM_004,4096x1024,train,2,heuristics,0,dc0a4ce2ed889219,"{""atomic_indexing"": [], ""block_sizes"": [16], ""indexing"": [""pointer"", ""pointer"", ""pointer"", ""pointer"", ""pointer"", ""pointer"", ""pointer"", ""pointer""], ""load_eviction_policies"": ["""", """", """", """", """"], ""num_stages"": 2, ""num_warps"": 8, ""pid_type"": ""flat"", ""range_flattens"": [null], ""range_multi_buffers"": [null], ""range_num_stages"": [0], ""range_unroll_factors"": [0], ""range_warp_specializes"": [null], ""reduction_loops"": [null]}",ok,9.184000082314014,0.03803586959838867,0
rms_norm,RM_004,4096x1024,train,2,heuristics,0,b8cc8eaa4238fd2c,"{""atomic_indexing"": [], ""block_sizes"": [32], ""indexing"": [""pointer"", ""pointer"", ""pointer"", ""pointer"", ""pointer"", ""pointer"", ""pointer"", ""pointer""], ""load_eviction_policies"": ["""", """", """", """", """"], ""num_sm_multiplier"": 1, ""num_stages"": 3, ""num_warps"": 8, ""pid_type"": ""persistent_blocked"", ""range_flattens"": [null], ""range_multi_buffers"": [null], ""range_num_stages"": [0], ""range_unroll_factors"": [0], ""range_warp_specializes"": [null], ""reduction_loops"": [null]}",ok,9.184000082314014,0.02333807945251465,0
rms_norm,RM_004,4096x1024,train,2,heuristics,0,265e9a8b471b3126,"{""atomic_indexing"": [], ""block_sizes"": [4], ""indexing"": [""tensor_descriptor"", ""tensor_descriptor"", ""tensor_descriptor"", ""tensor_descriptor"", ""tensor_descriptor"", ""tensor_descriptor"", ""tensor_descriptor"", ""tensor_descriptor""], ""load_eviction_policies"": ["""", """", """", """", """"], ""num_stages"": 1, ""num_warps"": 4, ""pid_type"": ""flat"", ""range_flattens"": [null], ""range_multi_buffers"": [null], ""range_num_stages"": [0], ""range_unroll_factors"": [0], ""range_warp_specializes"": [null], ""reduction_loops"": [null]}",ok,9.184000082314014,0.024666309356689453,0
rms_norm,RM_004,4096x1024,train,2,heuristics,0,6e3b656db1de5a1b,"{""atomic_indexing"": [], ""block_sizes"": [64], ""indexing"": [""pointer"", ""pointer"", ""pointer"", ""pointer"", ""pointer"", ""pointer"", ""pointer"", ""pointer""], ""load_eviction_policies"": ["""", """", """", """", """"], ""num_sm_multiplier"": 1, ""num_stages"": 4, ""num_warps"": 16, ""pid_type"": ""persistent_interleaved"", ""range_flattens"": [null], ""range_multi_buffers"": [null], ""range_num_stages"": [0], ""range_unroll_factors"": [0], ""range_warp_specializes"": [null], ""reduction_loops"": [null]}",ok,11.231999844312668,0.0236203670501709,0
rms_norm,RM_005,4096x2048,train,0,heuristics,0,482f430b8c9d8e8e,"{""atomic_indexing"": [], ""block_sizes"": [2], ""indexing"": [""tensor_descriptor"", ""pointer"", ""tensor_descriptor"", ""tensor_descriptor"", ""pointer"", ""tensor_descriptor"", ""tensor_descriptor""], ""load_eviction_policies"": [""last"", ""first"", ""last"", ""first"", ""first""], ""num_stages"": 1, ""num_warps"": 2, ""pid_type"": ""flat"", ""range_flattens"": [null], ""range_multi_buffers"": [null], ""range_num_stages"": [0], ""range_unroll_factors"": [0], ""range_warp_specializes"": [null], ""reduction_loops"": [2048]}",ok,11.231999844312668,0.07194757461547852,1
rms_norm,RM_005,4096x2048,train,0,heuristics,0,24745e38d713c198,"{""atomic_indexing"": [], ""block_sizes"": [2], ""indexing"": [""pointer"", ""pointer"", ""pointer"", ""tensor_descriptor"", ""tensor_descriptor"", ""pointer"", ""pointer""], ""load_eviction_policies"": [""last"", ""first"", ""first"", """", """"], ""num_stages"": 6, ""num_warps"": 4, ""pid_type"": ""flat"", ""range_flattens"": [null], ""range_multi_buffers"": [null], ""range_num_stages"": [0], ""range_unroll_factors"": [0], ""range_warp_specializes"": [null], ""reduction_loops"": [null]}",ok,11.231999844312668,0.05638766288757324,1
rms_norm,RM_005,4096x2048,train,0,heuristics,0,a0bad60454a64a49,"{""atomic_indexing"": [], ""block_sizes"": [1], ""indexing"": [""pointer"", ""tensor_descriptor"", ""pointer"", ""pointer"", ""pointer"", ""pointer"", ""pointer""], ""load_eviction_policies"": [""first"", ""last"", ""last"", """", ""last""], ""num_stages"": 4, ""num_warps"": 16, ""pid_type"": ""flat"", ""range_flattens"": [null], ""range_multi_buffers"": [null], ""range_num_stages"": [0], ""range_unroll_factors"": [0], ""range_warp_specializes"": [null], ""reduction_loops"": [null]}",ok,15.32800029963255,0.04115653038024902,1
rms_norm,RM_005,4096x2048,train,0,heuristics,0,0e08e3ec9a7b2c1e,"{""atomic_indexing"": [], ""block_sizes"": [4], ""indexing"": [""pointer"", ""tensor_descriptor"", ""pointer"", ""tensor_descriptor"", ""tensor_descriptor"", ""tensor_descriptor"", ""tensor_descriptor""], ""load_eviction_policies"": [""first"", ""last"", """", ""first"", """"], ""num_stages"": 3, ""num_warps"": 2, ""pid_type"": ""flat"", ""range_flattens"": [null], ""range_multi_buffers"": [null], ""range_num_stages"": [0], ""range_unroll_factors"": [0], ""range_warp_specializes"": [null], ""reduction_loops"": [null]}",ok,11.231999844312668,0.034316301345825195,1
rms_norm,RM_005,4096x2048,train,0,heuristics,0,6d53c3602b79725b,"{""atomic_indexing"": [], ""block_sizes"": [1], ""indexing"": [""pointer"", ""tensor_descriptor"", ""pointer"", ""pointer"", ""pointer"", ""tensor_descriptor"", ""pointer""], ""load_eviction_policies"": ["""", ""first"", ""last"", """", """"], ""num_stages"": 3, ""num_warps"": 8, ""pid_type"": ""flat"", ""range_flattens"": [null], ""range_multi_buffers"": [null], ""range_num_stages"": [0], ""range_unroll_factors"": [0], ""range_warp_specializes"": [null], ""reduction_loops"": [8192]}",ok,11.231999844312668,0.027229785919189453,1
rms_norm,RM_005,4096x2048,train,0,heuristics,0,87b2f26661fd2925,"{""atomic_indexing"": [], ""block_sizes"": [1], ""indexing"": [""tensor_descriptor"", ""tensor_descriptor"", ""tensor_descriptor"", ""tensor_descriptor"", ""pointer"", ""pointer"", ""tensor_descriptor""], ""load_eviction_policies"": ["""", ""last"", ""last"", ""first"", """"], ""num_stages"": 2, ""num_warps"": 8, ""pid_type"": ""flat"", ""range_flattens"": [null], ""range_multi_buffers"": [null], ""range_num_stages"": [0], ""range_unroll_factors"": [0], ""range_warp_specializes"": [null], ""reduction_loops"": [null]}",ok,11.19999960064888,0.025037050247192383,1
rms_norm,RM_005,4096x2048,train,0,heuristics,0,9615e7b2fea5ec90,"{""atomic_indexing"": [], ""block_sizes"": [1], ""indexing"": [""pointer"", ""pointer"", ""pointer"", ""tensor_descriptor"", ""pointer"", ""tensor_descriptor"", ""pointer""], ""load_eviction_policies"": ["""", ""first"", ""last"", ""first"", ""last""], ""num_stages"": 8, ""num_warps"": 8, ""pid_type"": ""flat"", ""range_flattens"": [null], ""range_multi_buffers"": [null], ""range_num_stages"": [0], ""range_unroll_factors"": [0], ""range_warp_specializes"": [null], ""reduction_loops"": [2048]}",ok,11.231999844312668,0.02414560317993164,1
rms_norm,RM_005,4096x2048,train,0,heuristics,0,f2da39335308e8ca,"{""atomic_indexing"": [], ""block_sizes"": [1], ""indexing"": [""pointer"", ""pointer"", ""pointer"", ""pointer"", ""pointer"", ""pointer"", ""pointer"", ""pointer""], ""load_eviction_policies"": ["""", """", """", """", """"], ""num_stages"": 1, ""num_warps"": 4, ""pid_type"": ""flat"", ""range_flattens"": [null], ""range_multi_buffers"": [null], ""range_num_stages"": [0], ""range_unroll_factors"": [0], ""range_warp_specializes"": [null], ""reduction_loops"": [null]}",ok,11.231999844312668,0.021143198013305664,0
rms_norm,RM_005,4096x2048,train,0,heuristics,0,f99cbeb65b84a22d,"{""atomic_indexing"": [], ""block_sizes"": [8], ""indexing"": [""pointer"", ""pointer"", ""pointer"", ""pointer"", ""pointer"", ""pointer"", ""pointer"", ""pointer""], ""load_eviction_policies"": ["""", """", """", """", """"], ""num_stages"": 1, ""num_warps"": 4, ""pid_type"": ""flat"", ""range_flattens"": [null], ""range_multi_buffers"": [null], ""range_num_stages"": [0], ""range_unroll_factors"": [0], ""range_warp_specializes"": [null], ""reduction_loops"": [null]}",ok,11.19999960064888,0.05195021629333496,0
rms_norm,RM_005,4096x2048,train,0,heuristics,0,dc0a4ce2ed889219,"{""atomic_indexing"": [], ""block_sizes"": [16], ""indexing"": [""pointer"", ""pointer"", ""pointer"", ""pointer"", ""pointer"", ""pointer"", ""pointer"", ""pointer""], ""load_eviction_policies"": ["""", """", """", """", """"], ""num_stages"": 2, ""num_warps"": 8, ""pid_type"": ""flat"", ""range_flattens"": [null], ""range_multi_buffers"": [null], ""range_num_stages"": [0], ""range_unroll_factors"": [0], ""range_warp_specializes"": [null], ""reduction_loops"": [null]}",ok,11.19999960064888,0.03640151023864746,0
rms_norm,RM_005,4096x2048,train,0,heuristics,0,b8cc8eaa4238fd2c,"{""atomic_indexing"": [], ""block_sizes"": [32], ""indexing"": [""pointer"", ""pointer"", ""pointer"", ""pointer"", ""pointer"", ""pointer"", ""pointer"", ""pointer""], ""load_eviction_policies"": ["""", """", """", """", """"], ""num_sm_multiplier"": 1, ""num_stages"": 3, ""num_warps"": 8, ""pid_type"": ""persistent_blocked"", ""range_flattens"": [null], ""range_multi_buffers"": [null], ""range_num_stages"": [0], ""range_unroll_factors"": [0], ""range_warp_specializes"": [null], ""reduction_loops"": [null]}",ok,11.327999643981457,0.02545166015625,0
rms_norm,RM_005,4096x2048,train,0,heuristics,0,265e9a8b471b3126,"{""atomic_indexing"": [], ""block_sizes"": [4], ""indexing"": [""tensor_descriptor"", ""tensor_descriptor"", ""tensor_descriptor"", ""tensor_descriptor"", ""tensor_descriptor"", ""tensor_descriptor"", ""tensor_descriptor"", ""tensor_descriptor""], ""load_eviction_policies"": ["""", """", """", """", """"], ""num_stages"": 1, ""num_warps"": 4, ""pid_type"": ""flat"", ""range_flattens"": [null], ""range_multi_buffers"": [null], ""range_num_stages"": [0], ""range_unroll_factors"": [0], ""range_warp_specializes"": [null], ""reduction_loops"": [null]}",ok,11.231999844312668,0.024072885513305664,0
rms_norm,RM_005,4096x2048,train,0,heuristics,0,fbebc4fb16f7b19b,"{""atomic_indexing"": [], ""block_sizes"": [64], ""indexing"": [""pointer"", ""pointer"", ""pointer"", ""pointer"", ""pointer"", ""pointer"", ""pointer"", ""pointer""], ""load_eviction_policies"": ["""", """", """", """", """"], ""num_sm_multiplier"": 1, ""num_stages"": 3, ""num_warps"": 16, ""pid_type"": ""persistent_interleaved"", ""range_flattens"": [null], ""range_multi_buffers"": [null], ""range_num_stages"": [0], ""range_unroll_factors"": [0], ""range_warp_specializes"": [null], ""reduction_loops"": [null]}",ok,41.98399931192398,0.02336287498474121,0
rms_norm,RM_005,4096x2048,train,1,heuristics,0,482f430b8c9d8e8e,"{""atomic_indexing"": [], ""block_sizes"": [2], ""indexing"": [""tensor_descriptor"", ""pointer"", ""tensor_descriptor"", ""tensor_descriptor"", ""pointer"", ""tensor_descriptor"", ""tensor_descriptor""], ""load_eviction_policies"": [""last"", ""first"", ""last"", ""first"", ""first""], ""num_stages"": 1, ""num_warps"": 2, ""pid_type"": ""flat"", ""range_flattens"": [null], ""range_multi_buffers"": [null], ""range_num_stages"": [0], ""range_unroll_factors"": [0], ""range_warp_specializes"": [null], ""reduction_loops"": [2048]}",ok,11.231999844312668,0.12179446220397949,1
rms_norm,RM_005,4096x2048,train,1,heuristics,0,24745e38d713c198,"{""atomic_indexing"": [], ""block_sizes"": [2], ""indexing"": [""pointer"", ""pointer"", ""pointer"", ""tensor_descriptor"", ""tensor_descriptor"", ""pointer"", ""pointer""], ""load_eviction_policies"": [""last"", ""first"", ""first"", """", """"], ""num_stages"": 6, ""num_warps"": 4, ""pid_type"": ""flat"", ""range_flattens"": [null], ""range_multi_buffers"": [null], ""range_num_stages"": [0], ""range_unroll_factors"": [0], ""range_warp_specializes"": [null], ""reduction_loops"": [null]}",ok,11.231999844312668,0.10643410682678223,1
rms_norm,RM_005,4096x2048,train,1,heuristics,0,a0bad60454a64a49,"{""atomic_indexing"": [], ""block_sizes"": [1], ""indexing"": [""pointer"", ""tensor_descriptor"", ""pointer"", ""pointer"", ""pointer"", ""pointer"", ""pointer""], ""load_eviction_policies"": [""first"", ""last"", ""last"", """", ""last""], ""num_stages"": 4, ""num_warps"": 16, ""pid_type"": ""flat"", ""range_flattens"": [null], ""range_multi_buffers"": [null], ""range_num_stages"": [0], ""range_unroll_factors"": [0], ""range_warp_specializes"": [null], ""reduction_loops"": [null]}",ok,15.32800029963255,0.08947062492370605,1
rms_norm,RM_005,4096x2048,train,1,heuristics,0,0e08e3ec9a7b2c1e,"{""atomic_indexing"": [], ""block_sizes"": [4], ""indexing"": [""pointer"", ""tensor_descriptor"", ""pointer"", ""tensor_descriptor"", ""tensor_descriptor"", ""tensor_descriptor"", ""tensor_descriptor""], ""load_eviction_policies"": [""first"", ""last"", """", ""first"", """"], ""num_stages"": 3, ""num_warps"": 2, ""pid_type"": ""flat"", ""range_flattens"": [null], ""range_multi_buffers"": [null], ""range_num_stages"": [0], ""range_unroll_factors"": [0], ""range_warp_specializes"": [null], ""reduction_loops"": [null]}",ok,11.231999844312668,0.0727701187133789,1
rms_norm,RM_005,4096x2048,train,1,heuristics,0,6d53c3602b79725b,"{""atomic_indexing"": [], ""block_sizes"": [1], ""indexing"": [""pointer"", ""tensor_descriptor"", ""pointer"", ""pointer"", ""pointer"", ""tensor_descriptor"", ""pointer""], ""load_eviction_policies"": ["""", ""first"", ""last"", """", """"], ""num_stages"": 3, ""num_warps"": 8, ""pid_type"": ""flat"", ""range_flattens"": [null], ""range_multi_buffers"": [null], ""range_num_stages"": [0], ""range_unroll_factors"": [0], ""range_warp_specializes"": [null], ""reduction_loops"": [8192]}",ok,11.231999844312668,0.058885812759399414,1
rms_norm,RM_005,4096x2048,train,1,heuristics,0,87b2f26661fd2925,"{""atomic_indexing"": [], ""block_sizes"": [1], ""indexing"": [""tensor_descriptor"", ""tensor_descriptor"", ""tensor_descriptor"", ""tensor_descriptor"", ""pointer"", ""pointer"", ""tensor_descriptor""], ""load_eviction_policies"": ["""", ""last"", ""last"", ""first"", """"], ""num_stages"": 2, ""num_warps"": 8, ""pid_type"": ""flat"", ""range_flattens"": [null], ""range_multi_buffers"": [null], ""range_num_stages"": [0], ""range_unroll_factors"": [0], ""range_warp_specializes"": [null], ""reduction_loops"": [null]}",ok,11.231999844312668,0.041428327560424805,1
rms_norm,RM_005,4096x2048,train,1,heuristics,0,9615e7b2fea5ec90,"{""atomic_indexing"": [], ""block_sizes"": [1], ""indexing"": [""pointer"", ""pointer"", ""pointer"", ""tensor_descriptor"", ""pointer"", ""tensor_descriptor"", ""pointer""], ""load_eviction_policies"": ["""", ""first"", ""last"", ""first"", ""last""], ""num_stages"": 8, ""num_warps"": 8, ""pid_type"": ""flat"", ""range_flattens"": [null], ""range_multi_buffers"": [null], ""range_num_stages"": [0], ""range_unroll_factors"": [0], ""range_warp_specializes"": [null], ""reduction_loops"": [2048]}",ok,11.19999960064888,0.031085729598999023,1
rms_norm,RM_005,4096x2048,train,1,heuristics,0,f2da39335308e8ca,"{""atomic_indexing"": [], ""block_sizes"": [1], ""indexing"": [""pointer"", ""pointer"", ""pointer"", ""pointer"", ""pointer"", ""pointer"", ""pointer"", ""pointer""], ""load_eviction_policies"": ["""", """", """", """", """"], ""num_stages"": 1, ""num_warps"": 4, ""pid_type"": ""flat"", ""range_flattens"": [null], ""range_multi_buffers"": [null], ""range_num_stages"": [0], ""range_unroll_factors"": [0], ""range_warp_specializes"": [null], ""reduction_loops"": [null]}",ok,11.231999844312668,0.04355001449584961,0
rms_norm,RM_005,4096x2048,train,1,heuristics,0,f99cbeb65b84a22d,"{""atomic_indexing"": [], ""block_sizes"": [8], ""indexing"": [""pointer"", ""pointer"", ""pointer"", ""pointer"", ""pointer"", ""pointer"", ""pointer"", ""pointer""], ""load_eviction_policies"": ["""", """", """", """", """"], ""num_stages"": 1, ""num_warps"": 4, ""pid_type"": ""flat"", ""range_flattens"": [null], ""range_multi_buffers"": [null], ""range_num_stages"": [0], ""range_unroll_factors"": [0], ""range_warp_specializes"": [null], ""reduction_loops"": [null]}",ok,11.231999844312668,0.05446767807006836,0
rms_norm,RM_005,4096x2048,train,1,heuristics,0,dc0a4ce2ed889219,"{""atomic_indexing"": [], ""block_sizes"": [16], ""indexing"": [""pointer"", ""pointer"", ""pointer"", ""pointer"", ""pointer"", ""pointer"", ""pointer"", ""pointer""], ""load_eviction_policies"": ["""", """", """", """", """"], ""num_stages"": 2, ""num_warps"": 8, ""pid_type"": ""flat"", ""range_flattens"": [null], ""range_multi_buffers"": [null], ""range_num_stages"": [0], ""range_unroll_factors"": [0], ""range_warp_specializes"": [null], ""reduction_loops"": [null]}",ok,11.19999960064888,0.03771090507507324,0
rms_norm,RM_005,4096x2048,train,1,heuristics,0,b8cc8eaa4238fd2c,"{""atomic_indexing"": [], ""block_sizes"": [32], ""indexing"": [""pointer"", ""pointer"", ""pointer"", ""pointer"", ""pointer"", ""pointer"", ""pointer"", ""pointer""], ""load_eviction_policies"": ["""", """", """", """", """"], ""num_sm_multiplier"": 1, ""num_stages"": 3, ""num_warps"": 8, ""pid_type"": ""persistent_blocked"", ""range_flattens"": [null], ""range_multi_buffers"": [null], ""range_num_stages"": [0], ""range_unroll_factors"": [0], ""range_warp_specializes"": [null], ""reduction_loops"": [null]}",ok,11.359999887645245,0.023320436477661133,0
rms_norm,RM_005,4096x2048,train,1,heuristics,0,265e9a8b471b3126,"{""atomic_indexing"": [], ""block_sizes"": [4], ""indexing"": [""tensor_descriptor"", ""tensor_descriptor"", ""tensor_descriptor"", ""tensor_descriptor"", ""tensor_descriptor"", ""tensor_descriptor"", ""tensor_descriptor"", ""tensor_descriptor""], ""load_eviction_policies"": ["""", """", """", """", """"], ""num_stages"": 1, ""num_warps"": 4, ""pid_type"": ""flat"", ""range_flattens"": [null], ""range_multi_buffers"": [null], ""range_num_stages"": [0], ""range_unroll_factors"": [0], ""range_warp_specializes"": [null], ""reduction_loops"": [null]}",ok,11.19999960064888,0.023938894271850586,0
rms_norm,RM_005,4096x2048,train,1,heuristics,0,db0b79bfd46456f8,"{""atomic_indexing"": [], ""block_sizes"": [64], ""indexing"": [""pointer"", ""pointer"", ""pointer"", ""pointer"", ""pointer"", ""pointer"", ""pointer"", ""pointer""], ""load_eviction_policies"": ["""", """", """", """", """"], ""num_sm_multiplier"": 1, ""num_stages"": 3, ""num_warps"": 16, ""pid_type"": ""persistent_interleaved"", ""range_flattens"": [null], ""range_multi_buffers"": [null], ""range_num_stages"": [2], ""range_unroll_factors"": [0], ""range_warp_specializes"": [null], ""reduction_loops"": [null]}",error,inf,0.024854660034179688,0
rms_norm,RM_005,4096x2048,train,2,heuristics,0,482f430b8c9d8e8e,"{""atomic_indexing"": [], ""block_sizes"": [2], ""indexing"": [""tensor_descriptor"", ""pointer"", ""tensor_descriptor"", ""tensor_descriptor"", ""pointer"", ""tensor_descriptor"", ""tensor_descriptor""], ""load_eviction_policies"": [""last"", ""first"", ""last"", ""first"", ""first""], ""num_stages"": 1, ""num_warps"": 2, ""pid_type"": ""flat"", ""range_flattens"": [null], ""range_multi_buffers"": [null], ""range_num_stages"": [0], ""range_unroll_factors"": [0], ""range_warp_specializes"": [null], ""reduction_loops"": [2048]}",ok,11.231999844312668,0.1201927661895752,1
rms_norm,RM_005,4096x2048,train,2,heuristics,0,24745e38d713c198,"{""atomic_indexing"": [], ""block_sizes"": [2], ""indexing"": [""pointer"", ""pointer"", ""pointer"", ""tensor_descriptor"", ""tensor_descriptor"", ""pointer"", ""pointer""], ""load_eviction_policies"": [""last"", ""first"", ""first"", """", """"], ""num_stages"": 6, ""num_warps"": 4, ""pid_type"": ""flat"", ""range_flattens"": [null], ""range_multi_buffers"": [null], ""range_num_stages"": [0], ""range_unroll_factors"": [0], ""range_warp_specializes"": [null], ""reduction_loops"": [null]}",ok,11.231999844312668,0.10436367988586426,1
rms_norm,RM_005,4096x2048,train,2,heuristics,0,a0bad60454a64a49,"{""atomic_indexing"": [], ""block_sizes"": [1], ""indexing"": [""pointer"", ""tensor_descriptor"", ""pointer"", ""pointer"", ""pointer"", ""pointer"", ""pointer""], ""load_eviction_policies"": [""first"", ""last"", ""last"", """", ""last""], ""num_stages"": 4, ""num_warps"": 16, ""pid_type"": ""flat"", ""range_flattens"": [null], ""range_multi_buffers"": [null], ""range_num_stages"": [0], ""range_unroll_factors"": [0], ""range_warp_specializes"": [null], ""reduction_loops"": [null]}",ok,15.32800029963255,0.0871891975402832,1
rms_norm,RM_005,4096x2048,train,2,heuristics,0,0e08e3ec9a7b2c1e,"{""atomic_indexing"": [], ""block_sizes"": [4], ""indexing"": [""pointer"", ""tensor_descriptor"", ""pointer"", ""tensor_descriptor"", ""tensor_descriptor"", ""tensor_descriptor"", ""tensor_descriptor""], ""load_eviction_policies"": [""first"", ""last"", """", ""first"", """"], ""num_stages"": 3, ""num_warps"": 2, ""pid_type"": ""flat"", ""range_flattens"": [null], ""range_multi_buffers"": [null], ""range_num_stages"": [0], ""range_unroll_factors"": [0], ""range_warp_specializes"": [null], ""reduction_loops"": [null]}",ok,11.231999844312668,0.07934379577636719,1
rms_norm,RM_005,4096x2048,train,2,heuristics,0,6d53c3602b79725b,"{""atomic_indexing"": [], ""block_sizes"": [1], ""indexing"": [""pointer"", ""tensor_descriptor"", ""pointer"", ""pointer"", ""pointer"", ""tensor_descriptor"", ""pointer""], ""load_eviction_policies"": ["""", ""first"", ""last"", """", """"], ""num_stages"": 3, ""num_warps"": 8, ""pid_type"": ""flat"", ""range_flattens"": [null], ""range_multi_buffers"": [null], ""range_num_stages"": [0], ""range_unroll_factors"": [0], ""range_warp_specializes"": [null], ""reduction_loops"": [8192]}",ok,11.231999844312668,0.06095433235168457,1
rms_norm,RM_005,4096x2048,train,2,heuristics,0,87b2f26661fd2925,"{""atomic_indexing"": [], ""block_sizes"": [1], ""indexing"": [""tensor_descriptor"", ""tensor_descriptor"", ""tensor_descriptor"", ""tensor_descriptor"", ""pointer"", ""pointer"", ""tensor_descriptor""], ""load_eviction_policies"": ["""", ""last"", ""last"", ""first"", """"], ""num_stages"": 2, ""num_warps"": 8, ""pid_type"": ""flat"", ""range_flattens"": [null], ""range_multi_buffers"": [null], ""range_num_stages"": [0], ""range_unroll_factors"": [0], ""range_warp_specializes"": [null], ""reduction_loops"": [null]}",ok,11.231999844312668,0.05009722709655762,1
rms_norm,RM_005,4096x2048,train,2,heuristics,0,9615e7b2fea5ec90,"{""atomic_indexing"": [], ""block_sizes"": [1], ""indexing"": [""pointer"", ""pointer"", ""pointer"", ""tensor_descriptor"", ""pointer"", ""tensor_descriptor"", ""pointer""], ""load_eviction_policies"": ["""", ""first"", ""last"", ""first"", ""last""], ""num_stages"": 8, ""num_warps"": 8, ""pid_type"": ""flat"", ""range_flattens"": [null], ""range_multi_buffers"": [null], ""range_num_stages"": [0], ""range_unroll_factors"": [0], ""range_warp_specializes"": [null], ""reduction_loops"": [2048]}",ok,11.231999844312668,0.03476715087890625,1
rms_norm,RM_005,4096x2048,train,2,heuristics,0,f2da39335308e8ca,"{""atomic_indexing"": [], ""block_sizes"": [1], ""indexing"": [""pointer"", ""pointer"", ""pointer"", ""pointer"", ""pointer"", ""pointer"", ""pointer"", ""pointer""], ""load_eviction_policies"": ["""", """", """", """", """"], ""num_stages"": 1, ""num_warps"": 4, ""pid_type"": ""flat"", ""range_flattens"": [null], ""range_multi_buffers"": [null], ""range_num_stages"": [0], ""range_unroll_factors"": [0], ""range_warp_specializes"": [null], ""reduction_loops"": [null]}",ok,11.231999844312668,0.04395651817321777,0
rms_norm,RM_005,4096x2048,train,2,heuristics,0,f99cbeb65b84a22d,"{""atomic_indexing"": [], ""block_sizes"": [8], ""indexing"": [""pointer"", ""pointer"", ""pointer"", ""pointer"", ""pointer"", ""pointer"", ""pointer"", ""pointer""], ""load_eviction_policies"": ["""", """", """", """", """"], ""num_stages"": 1, ""num_warps"": 4, ""pid_type"": ""flat"", ""range_flattens"": [null], ""range_multi_buffers"": [null], ""range_num_stages"": [0], ""range_unroll_factors"": [0], ""range_warp_specializes"": [null], ""reduction_loops"": [null]}",ok,11.231999844312668,0.05494976043701172,0
rms_norm,RM_005,4096x2048,train,2,heuristics,0,dc0a4ce2ed889219,"{""atomic_indexing"": [], ""block_sizes"": [16], ""indexing"": [""pointer"", ""pointer"", ""pointer"", ""pointer"", ""pointer"", ""pointer"", ""pointer"", ""pointer""], ""load_eviction_policies"": ["""", """", """", """", """"], ""num_stages"": 2, ""num_warps"": 8, ""pid_type"": ""flat"", ""range_flattens"": [null], ""range_multi_buffers"": [null], ""range_num_stages"": [0], ""range_unroll_factors"": [0], ""range_warp_specializes"": [null], ""reduction_loops"": [null]}",ok,11.19999960064888,0.037709712982177734,0
rms_norm,RM_005,4096x2048,train,2,heuristics,0,b8cc8eaa4238fd2c,"{""atomic_indexing"": [], ""block_sizes"": [32], ""indexing"": [""pointer"", ""pointer"", ""pointer"", ""pointer"", ""pointer"", ""pointer"", ""pointer"", ""pointer""], ""load_eviction_policies"": ["""", """", """", """", """"], ""num_sm_multiplier"": 1, ""num_stages"": 3, ""num_warps"": 8, ""pid_type"": ""persistent_blocked"", ""range_flattens"": [null], ""range_multi_buffers"": [null], ""range_num_stages"": [0], ""range_unroll_factors"": [0], ""range_warp_specializes"": [null], ""reduction_loops"": [null]}",ok,11.327999643981457,0.022878646850585938,0
rms_norm,RM_005,4096x2048,train,2,heuristics,0,265e9a8b471b3126,"{""atomic_indexing"": [], ""block_sizes"": [4], ""indexing"": [""tensor_descriptor"", ""tensor_descriptor"", ""tensor_descriptor"", ""tensor_descriptor"", ""tensor_descriptor"", ""tensor_descriptor"", ""tensor_descriptor"", ""tensor_descriptor""], ""load_eviction_policies"": ["""", """", """", """", """"], ""num_stages"": 1, ""num_warps"": 4, ""pid_type"": ""flat"", ""range_flattens"": [null], ""range_multi_buffers"": [null], ""range_num_stages"": [0], ""range_unroll_factors"": [0], ""range_warp_specializes"": [null], ""reduction_loops"": [null]}",ok,11.231999844312668,0.03201866149902344,0
rms_norm,RM_005,4096x2048,train,2,heuristics,0,435f71c4534390fa,"{""atomic_indexing"": [], ""block_sizes"": [64], ""indexing"": [""pointer"", ""pointer"", ""pointer"", ""pointer"", ""pointer"", ""pointer"", ""pointer"", ""pointer""], ""load_eviction_policies"": ["""", """", """", """", """"], ""num_sm_multiplier"": 1, ""num_stages"": 2, ""num_warps"": 16, ""pid_type"": ""persistent_interleaved"", ""range_flattens"": [null], ""range_multi_buffers"": [null], ""range_num_stages"": [0], ""range_unroll_factors"": [0], ""range_warp_specializes"": [null], ""reduction_loops"": [null]}",ok,41.98399931192398,0.036448001861572266,0
rms_norm,RM_006,2048x3072,train,0,heuristics,0,24745e38d713c198,"{""atomic_indexing"": [], ""block_sizes"": [2], ""indexing"": [""pointer"", ""pointer"", ""pointer"", ""tensor_descriptor"", ""tensor_descriptor"", ""pointer"", ""pointer""], ""load_eviction_policies"": [""last"", ""first"", ""first"", """", """"], ""num_stages"": 6, ""num_warps"": 4, ""pid_type"": ""flat"", ""range_flattens"": [null], ""range_multi_buffers"": [null], ""range_num_stages"": [0], ""range_unroll_factors"": [0], ""range_warp_specializes"": [null], ""reduction_loops"": [null]}",ok,9.184000082314014,0.10198402404785156,1
rms_norm,RM_006,2048x3072,train,0,heuristics,0,a0bad60454a64a49,"{""atomic_indexing"": [], ""block_sizes"": [1], ""indexing"": [""pointer"", ""tensor_descriptor"", ""pointer"", ""pointer"", ""pointer"", ""pointer"", ""pointer""], ""load_eviction_policies"": [""first"", ""last"", ""last"", """", ""last""], ""num_stages"": 4, ""num_warps"": 16, ""pid_type"": ""flat"", ""range_flattens"": [null], ""range_multi_buffers"": [null], ""range_num_stages"": [0], ""range_unroll_factors"": [0], ""range_warp_specializes"": [null], ""reduction_loops"": [null]}",ok,11.231999844312668,0.08719134330749512,1
rms_norm,RM_006,2048x3072,train,0,heuristics,0,0e08e3ec9a7b2c1e,"{""atomic_indexing"": [], ""block_sizes"": [4], ""indexing"": [""pointer"", ""tensor_descriptor"", ""pointer"", ""tensor_descriptor"", ""tensor_descriptor"", ""tensor_descriptor"", ""tensor_descriptor""], ""load_eviction_policies"": [""first"", ""last"", """", ""first"", """"], ""num_stages"": 3, ""num_warps"": 2, ""pid_type"": ""flat"", ""range_flattens"": [null], ""range_multi_buffers"": [null], ""range_num_stages"": [0], ""range_unroll_factors"": [0], ""range_warp_specializes"": [null], ""reduction_loops"": [null]}",ok,9.344000369310379,0.07231402397155762,1
rms_norm,RM_006,2048x3072,train,0,heuristics,0,482f430b8c9d8e8e,"{""atomic_indexing"": [], ""block_sizes"": [2], ""indexing"": [""tensor_descriptor"", ""pointer"", ""tensor_descriptor"", ""tensor_descriptor"", ""pointer"", ""tensor_descriptor"", ""tensor_descriptor""], ""load_eviction_policies"": [""last"", ""first"", ""last"", ""first"", ""first""], ""num_stages"": 1, ""num_warps"": 2, ""pid_type"": ""flat"", ""range_flattens"": [null], ""range_multi_buffers"": [null], ""range_num_stages"": [0], ""range_unroll_factors"": [0], ""range_warp_specializes"": [null], ""reduction_loops"": [2048]}",ok,11.231999844312668,0.05550050735473633,1
rms_norm,RM_006,2048x3072,train,0,heuristics,0,6d53c3602b79725b,"{""atomic_indexing"": [], ""block_sizes"": [1], ""indexing"": [""pointer"", ""tensor_descriptor"", ""pointer"", ""pointer"", ""pointer"", ""tensor_descriptor"", ""pointer""], ""load_eviction_policies"": ["""", ""first"", ""last"", """", """"], ""num_stages"": 3, ""num_warps"": 8, ""pid_type"": ""flat"", ""range_flattens"": [null], ""range_multi_buffers"": [null], ""range_num_stages"": [0], ""range_unroll_factors"": [0], ""range_warp_specializes"": [null], ""reduction_loops"": [8192]}",ok,11.231999844312668,0.04338359832763672,1
rms_norm,RM_006,2048x3072,train,0,heuristics,0,87b2f26661fd2925,"{""atomic_indexing"": [], ""block_sizes"": [1], ""indexing"": [""tensor_descriptor"", ""tensor_descriptor"", ""tensor_descriptor"", ""tensor_descriptor"", ""pointer"", ""pointer"", ""tensor_descriptor""], ""load_eviction_policies"": ["""", ""last"", ""last"", ""first"", """"], ""num_stages"": 2, ""num_warps"": 8, ""pid_type"": ""flat"", ""range_flattens"": [null], ""range_multi_buffers"": [null], ""range_num_stages"": [0], ""range_unroll_factors"": [0], ""range_warp_specializes"": [null], ""reduction_loops"": [null]}",ok,10.239999741315842,0.03392505645751953,1
rms_norm,RM_006,2048x3072,train,0,heuristics,0,9615e7b2fea5ec90,"{""atomic_indexing"": [], ""block_sizes"": [1], ""indexing"": [""pointer"", ""pointer"", ""pointer"", ""tensor_descriptor"", ""pointer"", ""tensor_descriptor"", ""pointer""], ""load_eviction_policies"": ["""", ""first"", ""last"", ""first"", ""last""], ""num_stages"": 8, ""num_warps"": 8, ""pid_type"": ""flat"", ""range_flattens"": [null], ""range_multi_buffers"": [null], ""range_num_stages"": [0], ""range_unroll_factors"": [0], ""range_warp_specializes"": [null], ""reduction_loops"": [2048]}",ok,11.19999960064888,0.02894425392150879,1
rms_norm,RM_006,2048x3072,train,0,heuristics,0,f2da39335308e8ca,"{""atomic_indexing"": [], ""block_sizes"": [1], ""indexing"": [""pointer"", ""pointer"", ""pointer"", ""pointer"", ""pointer"", ""pointer"", ""pointer"", ""pointer""], ""load_eviction_policies"": ["""", """", """", """", """"], ""num_stages"": 1, ""num_warps"": 4, ""pid_type"": ""flat"", ""range_flattens"": [null], ""range_multi_buffers"": [null], ""range_num_stages"": [0], ""range_unroll_factors"": [0], ""range_warp_specializes"": [null], ""reduction_loops"": [null]}",ok,9.184000082314014,0.043540000915527344,0
rms_norm,RM_006,2048x3072,train,0,heuristics,0,a34c73350c7439f9,"{""atomic_indexing"": [], ""block_sizes"": [8], ""indexing"": [""pointer"", ""pointer"", ""pointer"", ""pointer"", ""pointer"", ""pointer"", ""pointer"", ""pointer""], ""load_eviction_policies"": ["""", """", """", """", """"], ""num_stages"": 2, ""num_warps"": 4, ""pid_type"": ""flat"", ""range_flattens"": [null], ""range_multi_buffers"": [null], ""range_num_stages"": [0], ""range_unroll_factors"": [0], ""range_warp_specializes"": [null], ""reduction_loops"": [null]}",ok,11.19999960064888,0.0523524284362793,0
rms_norm,RM_006,2048x3072,train,0,heuristics,0,9454843723f22d9f,"{""atomic_indexing"": [], ""block_sizes"": [16], ""indexing"": [""pointer"", ""pointer"", ""pointer"", ""pointer"", ""pointer"", ""pointer"", ""pointer"", ""pointer""], ""load_eviction_policies"": ["""", """", """", """", """"], ""num_stages"": 3, ""num_warps"": 8, ""pid_type"": ""flat"", ""range_flattens"": [null], ""range_multi_buffers"": [null], ""range_num_stages"": [0], ""range_unroll_factors"": [0], ""range_warp_specializes"": [null], ""reduction_loops"": [null]}",ok,11.231999844312668,0.035813331604003906,0
rms_norm,RM_006,2048x3072,train,0,heuristics,0,4ea78bdd40cee736,"{""atomic_indexing"": [], ""block_sizes"": [32], ""indexing"": [""pointer"", ""pointer"", ""pointer"", ""pointer"", ""pointer"", ""pointer"", ""pointer"", ""pointer""], ""load_eviction_policies"": ["""", """", """", """", """"], ""num_sm_multiplier"": 1, ""num_stages"": 2, ""num_warps"": 8, ""pid_type"": ""persistent_blocked"", ""range_flattens"": [null], ""range_multi_buffers"": [null], ""range_num_stages"": [0], ""range_unroll_factors"": [0], ""range_warp_specializes"": [null], ""reduction_loops"": [null]}",ok,140.35199582576752,0.024401426315307617,0
rms_norm,RM_006,2048x3072,train,0,heuristics,0,ce3f58736754a3f1,"{""atomic_indexing"": [], ""block_sizes"": [4], ""indexing"": [""tensor_descriptor"", ""tensor_descriptor"", ""tensor_descriptor"", ""tensor_descriptor"", ""tensor_descriptor"", ""tensor_descriptor"", ""tensor_descriptor"", ""tensor_descriptor""], ""load_eviction_policies"": ["""", """", """", """", """"], ""num_stages"": 2, ""num_warps"": 4, ""pid_type"": ""flat"", ""range_flattens"": [null], ""range_multi_buffers"": [null], ""range_num_stages"": [0], ""range_unroll_factors"": [0], ""range_warp_specializes"": [null], ""reduction_loops"": [null]}",ok,9.216000325977802,0.02351689338684082,0
rms_norm,RM_006,2048x3072,train,0,heuristics,0,fbebc4fb16f7b19b,"{""atomic_indexing"": [], ""block_sizes"": [64], ""indexing"": [""pointer"", ""pointer"", ""pointer"", ""pointer"", ""pointer"", ""pointer"", ""pointer"", ""pointer""], ""load_eviction_policies"": ["""", """", """", """", """"], ""num_sm_multiplier"": 1, ""num_stages"": 3, ""num_warps"": 16, ""pid_type"": ""persistent_interleaved"", ""range_flattens"": [null], ""range_multi_buffers"": [null], ""range_num_stages"": [0], ""range_unroll_factors"": [0], ""range_warp_specializes"": [null], ""reduction_loops"": [null]}",ok,84.95999872684479,0.024064302444458008,0
rms_norm,RM_006,2048x3072,train,1,heuristics,0,24745e38d713c198,"{""atomic_indexing"": [], ""block_sizes"": [2], ""indexing"": [""pointer"", ""pointer"", ""pointer"", ""tensor_descriptor"", ""tensor_descriptor"", ""pointer"", ""pointer""], ""load_eviction_policies"": [""last"", ""first"", ""first"", """", """"], ""num_stages"": 6, ""num_warps"": 4, ""pid_type"": ""flat"", ""range_flattens"": [null], ""range_multi_buffers"": [null], ""range_num_stages"": [0], ""range_unroll_factors"": [0], ""range_warp_specializes"": [null], ""reduction_loops"": [null]}",ok,9.184000082314014,0.10833525657653809,1
rms_norm,RM_006,2048x3072,train,1,heuristics,0,a0bad60454a64a49,"{""atomic_indexing"": [], ""block_sizes"": [1], ""indexing"": [""pointer"", ""tensor_descriptor"", ""pointer"", ""pointer"", ""pointer"", ""pointer"", ""pointer""], ""load_eviction_policies"": [""first"", ""last"", ""last"", """", ""last""], ""num_stages"": 4, ""num_warps"": 16, ""pid_type"": ""flat"", ""range_flattens"": [null], ""range_multi_buffers"": [null], ""range_num_stages"": [0], ""range_unroll_factors"": [0], ""range_warp_specializes"": [null], ""reduction_loops"": [null]}",ok,11.231999844312668,0.09441876411437988,1
rms_norm,RM_006,2048x3072,train,1,heuristics,0,0e08e3ec9a7b2c1e,"{""atomic_indexing"": [], ""block_sizes"": [4], ""indexing"": [""pointer"", ""tensor_descriptor"", ""pointer"", ""tensor_descriptor"", ""tensor_descriptor"", ""tensor_descriptor"", ""tensor_descriptor""], ""load_eviction_policies"": [""first"", ""last"", """", ""first"", """"], ""num_stages"": 3, ""num_warps"": 2, ""pid_type"": ""flat"", ""range_flattens"": [null], ""range_multi_buffers"": [null], ""range_num_stages"": [0], ""range_unroll_factors"": [0], ""range_warp_specializes"": [null], ""reduction_loops"": [null]}",ok,11.136000044643879,0.0778052806854248,1
rms_norm,RM_006,2048x3072,train,1,heuristics,0,482f430b8c9d8e8e,"{""atomic_indexing"": [], ""block_sizes"": [2], ""indexing"": [""tensor_descriptor"", ""pointer"", ""tensor_descriptor"", ""tensor_descriptor"", ""pointer"", ""tensor_descriptor"", ""tensor_descriptor""], ""load_eviction_policies"": [""last"", ""first"", ""last"", ""first"", ""first""], ""num_stages"": 1, ""num_warps"": 2, ""pid_type"": ""flat"", ""range_flattens"": [null], ""range_multi_buffers"": [null], ""range_num_stages"": [0], ""range_unroll_factors"": [0], ""range_warp_specializes"": [null], ""reduction_loops"": [2048]}",ok,11.231999844312668,0.0706033706665039,1
rms_norm,RM_006,2048x3072,train,1,heuristics,0,6d53c3602b79725b,"{""atomic_indexing"": [], ""block_sizes"": [1], ""indexing"": [""pointer"", ""tensor_descriptor"", ""pointer"", ""pointer"", ""pointer"", ""tensor_descriptor"", ""pointer""], ""load_eviction_policies"": ["""", ""first"", ""last"", """", """"], ""num_stages"": 3, ""num_warps"": 8, ""pid_type"": ""flat"", ""range_flattens"": [null], ""range_multi_buffers"": [null], ""range_num_stages"": [0], ""range_unroll_factors"": [0], ""range_warp_specializes"": [null], ""reduction_loops"": [8192]}",ok,11.231999844312668,0.05305933952331543,1
rms_norm,RM_006,2048x3072,train,1,heuristics,0,87b2f26661fd2925,"{""atomic_indexing"": [], ""block_sizes"": [1], ""indexing"": [""tensor_descriptor"", ""tensor_descriptor"", ""tensor_descriptor"", ""tensor_descriptor"", ""pointer"", ""pointer"", ""tensor_descriptor""], ""load_eviction_policies"": ["""", ""last"", ""last"", ""first"", """"], ""num_stages"": 2, ""num_warps"": 8, ""pid_type"": ""flat"", ""range_flattens"": [null], ""range_multi_buffers"": [null], ""range_num_stages"": [0], ""range_unroll_factors"": [0], ""range_warp_specializes"": [null], ""reduction_loops"": [null]}",ok,9.279999881982803,0.04087567329406738,1
rms_norm,RM_006,2048x3072,train,1,heuristics,0,9615e7b2fea5ec90,"{""atomic_indexing"": [], ""block_sizes"": [1], ""indexing"": [""pointer"", ""pointer"", ""pointer"", ""tensor_descriptor"", ""pointer"", ""tensor_descriptor"", ""pointer""], ""load_eviction_policies"": ["""", ""first"", ""last"", ""first"", ""last""], ""num_stages"": 8, ""num_warps"": 8, ""pid_type"": ""flat"", ""range_flattens"": [null], ""range_multi_buffers"": [null], ""range_num_stages"": [0], ""range_unroll_factors"": [0], ""range_warp_specializes"": [null], ""reduction_loops"": [2048]}",ok,11.136000044643879,0.027886152267456055,1
rms_norm,RM_006,2048x3072,train,1,heuristics,0,f2da39335308e8ca,"{""atomic_indexing"": [], ""block_sizes"": [1], ""indexing"": [""pointer"", ""pointer"", ""pointer"", ""pointer"", ""pointer"", ""pointer"", ""pointer"", ""pointer""], ""load_eviction_policies"": ["""", """", """", """", """"], ""num_stages"": 1, ""num_warps"": 4, ""pid_type"": ""flat"", ""range_flattens"": [null], ""range_multi_buffers"": [null], ""range_num_stages"": [0], ""range_unroll_factors"": [0], ""range_warp_specializes"": [null], ""reduction_loops"": [null]}",ok,9.279999881982803,0.034220218658447266,0
rms_norm,RM_006,2048x3072,train,1,heuristics,0,f99cbeb65b84a22d,"{""atomic_indexing"": [], ""block_sizes"": [8], ""indexing"": [""pointer"", ""pointer"", ""pointer"", ""pointer"", ""pointer"", ""pointer"", ""pointer"", ""pointer""], ""load_eviction_policies"": ["""", """", """", """", """"], ""num_stages"": 1, ""num_warps"": 4, ""pid_type"": ""flat"", ""range_flattens"": [null], ""range_multi_buffers"": [null], ""range_num_stages"": [0], ""range_unroll_factors"": [0], ""range_warp_specializes"": [null], ""reduction_loops"": [null]}",ok,11.19999960064888,0.053530216217041016,0
rms_norm,RM_006,2048x3072,train,1,heuristics,0,dc0a4ce2ed889219,"{""atomic_indexing"": [], ""block_sizes"": [16], ""indexing"": [""pointer"", ""pointer"", ""pointer"", ""pointer"", ""pointer"", ""pointer"", ""pointer"", ""pointer""], ""load_eviction_policies"": ["""", """", """", """", """"], ""num_stages"": 2, ""num_warps"": 8, ""pid_type"": ""flat"", ""range_flattens"": [null], ""range_multi_buffers"": [null], ""range_num_stages"": [0], ""range_unroll_factors"": [0], ""range_warp_specializes"": [null], ""reduction_loops"": [null]}",ok,11.231999844312668,0.036301612854003906,0
rms_norm,RM_006,2048x3072,train,1,heuristics,0,2af7f9a5bd8ed543,"{""atomic_indexing"": [], ""block_sizes"": [32], ""indexing"": [""pointer"", ""pointer"", ""pointer"", ""pointer"", ""pointer"", ""pointer"", ""pointer"", ""pointer""], ""load_eviction_policies"": ["""", """", """", """", """"], ""num_stages"": 3, ""num_warps"": 8, ""pid_type"": ""flat"", ""range_flattens"": [null], ""range_multi_buffers"": [null], ""range_num_stages"": [0], ""range_unroll_factors"": [0], ""range_warp_specializes"": [null], ""reduction_loops"": [null]}",ok,158.720001578331,0.023914337158203125,0
rms_norm,RM_006,2048x3072,train,1,heuristics,0,4796949b291348a2,"{""atomic_indexing"": [], ""block_sizes"": [4], ""indexing"": [""pointer"", ""pointer"", ""pointer"", ""pointer"", ""pointer"", ""pointer"", ""pointer"", ""pointer""], ""load_eviction_policies"": ["""", """", """", """", """"], ""num_sm_multiplier"": 1, ""num_stages"": 2, ""num_warps"": 4, ""pid_type"": ""persistent_blocked"", ""range_flattens"": [null], ""range_multi_buffers"": [null], ""range_num_stages"": [0], ""range_unroll_factors"": [0], ""range_warp_specializes"": [null], ""reduction_loops"": [null]}",ok,13.279999606311321,0.03360581398010254,0
rms_norm,RM_006,2048x3072,train,1,heuristics,0,327cb827e8045384,"{""atomic_indexing"": [], ""block_sizes"": [16], ""indexing"": [""tensor_descriptor"", ""tensor_descriptor"", ""tensor_descriptor"", ""tensor_descriptor"", ""tensor_descriptor"", ""tensor_descriptor"", ""tensor_descriptor"", ""tensor_descriptor""], ""load_eviction_policies"": ["""", """", """", """", """"], ""num_stages"": 2, ""num_warps"": 8, ""pid_type"": ""flat"", ""range_flattens"": [null], ""range_multi_buffers"": [null], ""range_num_stages"": [0], ""range_unroll_factors"": [0], ""range_warp_specializes"": [null], ""reduction_loops"": [null]}",ok,15.32800029963255,0.035021066665649414,0
rms_norm,RM_006,2048x3072,train,2,heuristics,0,24745e38d713c198,"{""atomic_indexing"": [], ""block_sizes"": [2], ""indexing"": [""pointer"", ""pointer"", ""pointer"", ""tensor_descriptor"", ""tensor_descriptor"", ""pointer"", ""pointer""], ""load_eviction_policies"": [""last"", ""first"", ""first"", """", """"], ""num_stages"": 6, ""num_warps"": 4, ""pid_type"": ""flat"", ""range_flattens"": [null], ""range_multi_buffers"": [null], ""range_num_stages"": [0], ""range_unroll_factors"": [0], ""range_warp_specializes"": [null], ""reduction_loops"": [null]}",ok,9.184000082314014,0.12090516090393066,1
rms_norm,RM_006,2048x3072,train,2,heuristics,0,a0bad60454a64a49,"{""atomic_indexing"": [], ""block_sizes"": [1], ""indexing"": [""pointer"", ""tensor_descriptor"", ""pointer"", ""pointer"", ""pointer"", ""pointer"", ""pointer""], ""load_eviction_policies"": [""first"", ""last"", ""last"", """", ""last""], ""num_stages"": 4, ""num_warps"": 16, ""pid_type"": ""flat"", ""range_flattens"": [null], ""range_multi_buffers"": [null], ""range_num_stages"": [0], ""range_unroll_factors"": [0], ""range_warp_specializes"": [null], ""reduction_loops"": [null]}",ok,11.231999844312668,0.10497307777404785,1
rms_norm,RM_006,2048x3072,train,2,heuristics,0,0e08e3ec9a7b2c1e,"{""atomic_indexing"": [], ""block_sizes"": [4], ""indexing"": [""pointer"", ""tensor_descriptor"", ""pointer"", ""tensor_descriptor"", ""tensor_descriptor"", ""tensor_descriptor"", ""tensor_descriptor""], ""load_eviction_policies"": [""first"", ""last"", """", ""first"", """"], ""num_stages"": 3, ""num_warps"": 2, ""pid_type"": ""flat"", ""range_flattens"": [null], ""range_multi_buffers"": [null], ""range_num_stages"": [0], ""range_unroll_factors"": [0], ""range_warp_specializes"": [null], ""reduction_loops"": [null]}",ok,11.008000001311302,0.08913922309875488,1
rms_norm,RM_006,2048x3072,train,2,heuristics,0,482f430b8c9d8e8e,"{""atomic_indexing"": [], ""block_sizes"": [2], ""indexing"": [""tensor_descriptor"", ""pointer"", ""tensor_descriptor"", ""tensor_descriptor"", ""pointer"", ""tensor_descriptor"", ""tensor_descriptor""], ""load_eviction_policies"": [""last"", ""first"", ""last"", ""first"", ""first""], ""num_stages"": 1, ""num_warps"": 2, ""pid_type"": ""flat"", ""range_flattens"": [null], ""range_multi_buffers"": [null], ""range_num_stages"": [0], ""range_unroll_factors"": [0], ""range_warp_specializes"": [null], ""reduction_loops"": [2048]}",ok,11.231999844312668,0.07206058502197266,1
rms_norm,RM_006,2048x3072,train,2,heuristics,0,6d53c3602b79725b,"{""atomic_indexing"": [], ""block_sizes"": [1], ""indexing"": [""pointer"", ""tensor_descriptor"", ""pointer"", ""pointer"", ""pointer"", ""tensor_descriptor"", ""pointer""], ""load_eviction_policies"": ["""", ""first"", ""last"", """", """"], ""num_stages"": 3, ""num_warps"": 8, ""pid_type"": ""flat"", ""range_flattens"": [null], ""range_multi_buffers"": [null], ""range_num_stages"": [0], ""range_unroll_factors"": [0], ""range_warp_specializes"": [null], ""reduction_loops"": [8192]}",ok,11.231999844312668,0.060709238052368164,1
rms_norm,RM_006,2048x3072,train,2,heuristics,0,87b2f26661fd2925,"{""atomic_indexing"": [], ""block_sizes"": [1], ""indexing"": [""tensor_descriptor"", ""tensor_descriptor"", ""tensor_descriptor"", ""tensor_descriptor"", ""pointer"", ""pointer"", ""tensor_descriptor""], ""load_eviction_policies"": ["""", ""last"", ""last"", ""first"", """"], ""num_stages"": 2, ""num_warps"": 8, ""pid_type"": ""flat"", ""range_flattens"": [null], ""range_multi_buffers"": [null], ""range_num_stages"": [0], ""range_unroll_factors"": [0], ""range_warp_specializes"": [null], ""reduction_loops"": [null]}",ok,11.168000288307667,0.05148911476135254,1
rms_norm,RM_006,2048x3072,train,2,heuristics,0,9615e7b2fea5ec90,"{""atomic_indexing"": [], ""block_sizes"": [1], ""indexing"": [""pointer"", ""pointer"", ""pointer"", ""tensor_descriptor"", ""pointer"", ""tensor_descriptor"", ""pointer""], ""load_eviction_policies"": ["""", ""first"", ""last"", ""first"", ""last""], ""num_stages"": 8, ""num_warps"": 8, ""pid_type"": ""flat"", ""range_flattens"": [null], ""range_multi_buffers"": [null], ""range_num_stages"": [0], ""range_unroll_factors"": [0], ""range_warp_specializes"": [null], ""reduction_loops"": [2048]}",ok,11.231999844312668,0.03620576858520508,1
rms_norm,RM_006,2048x3072,train,2,heuristics,0,f2da39335308e8ca,"{""atomic_indexing"": [], ""block_sizes"": [1], ""indexing"": [""pointer"", ""pointer"", ""pointer"", ""pointer"", ""pointer"", ""pointer"", ""pointer"", ""pointer""], ""load_eviction_policies"": ["""", """", """", """", """"], ""num_stages"": 1, ""num_warps"": 4, ""pid_type"": ""flat"", ""range_flattens"": [null], ""range_multi_buffers"": [null], ""range_num_stages"": [0], ""range_unroll_factors"": [0], ""range_warp_specializes"": [null], ""reduction_loops"": [null]}",ok,11.071999557316303,0.04322195053100586,0
rms_norm,RM_006,2048x3072,train,2,heuristics,0,f99cbeb65b84a22d,"{""atomic_indexing"": [], ""block_sizes"": [8], ""indexing"": [""pointer"", ""pointer"", ""pointer"", ""pointer"", ""pointer"", ""pointer"", ""pointer"", ""pointer""], ""load_eviction_policies"": ["""", """", """", """", """"], ""num_stages"": 1, ""num_warps"": 4, ""pid_type"": ""flat"", ""range_flattens"": [null], ""range_multi_buffers"": [null], ""range_num_stages"": [0], ""range_unroll_factors"": [0], ""range_warp_specializes"": [null], ""reduction_loops"": [null]}",ok,11.19999960064888,0.06575584411621094,0
rms_norm,RM_006,2048x3072,train,2,heuristics,0,dc0a4ce2ed889219,"{""atomic_indexing"": [], ""block_sizes"": [16], ""indexing"": [""pointer"", ""pointer"", ""pointer"", ""pointer"", ""pointer"", ""pointer"", ""pointer"", ""pointer""], ""load_eviction_policies"": ["""", """", """", """", """"], ""num_stages"": 2, ""num_warps"": 8, ""pid_type"": ""flat"", ""range_flattens"": [null], ""range_multi_buffers"": [null], ""range_num_stages"": [0], ""range_unroll_factors"": [0], ""range_warp_specializes"": [null], ""reduction_loops"": [null]}",ok,11.231999844312668,0.04865884780883789,0
rms_norm,RM_006,2048x3072,train,2,heuristics,0,2af7f9a5bd8ed543,"{""atomic_indexing"": [], ""block_sizes"": [32], ""indexing"": [""pointer"", ""pointer"", ""pointer"", ""pointer"", ""pointer"", ""pointer"", ""pointer"", ""pointer""], ""load_eviction_policies"": ["""", """", """", """", """"], ""num_stages"": 3, ""num_warps"": 8, ""pid_type"": ""flat"", ""range_flattens"": [null], ""range_multi_buffers"": [null], ""range_num_stages"": [0], ""range_unroll_factors"": [0], ""range_warp_specializes"": [null], ""reduction_loops"": [null]}",ok,156.5759927034378,0.03339791297912598,0
rms_norm,RM_006,2048x3072,train,2,heuristics,0,4796949b291348a2,"{""atomic_indexing"": [], ""block_sizes"": [4], ""indexing"": [""pointer"", ""pointer"", ""pointer"", ""pointer"", ""pointer"", ""pointer"", ""pointer"", ""pointer""], ""load_eviction_policies"": ["""", """", """", """", """"], ""num_sm_multiplier"": 1, ""num_stages"": 2, ""num_warps"": 4, ""pid_type"": ""persistent_blocked"", ""range_flattens"": [null], ""range_multi_buffers"": [null], ""range_num_stages"": [0], ""range_unroll_factors"": [0], ""range_warp_specializes"": [null], ""reduction_loops"": [null]}",ok,13.279999606311321,0.034783124923706055,0
rms_norm,RM_006,2048x3072,train,2,heuristics,0,327cb827e8045384,"{""atomic_indexing"": [], ""block_sizes"": [16], ""indexing"": [""tensor_descriptor"", ""tensor_descriptor"", ""tensor_descriptor"", ""tensor_descriptor"", ""tensor_descriptor"", ""tensor_descriptor"", ""tensor_descriptor"", ""tensor_descriptor""], ""load_eviction_policies"": ["""", """", """", """", """"], ""num_stages"": 2, ""num_warps"": 8, ""pid_type"": ""flat"", ""range_flattens"": [null], ""range_multi_buffers"": [null], ""range_num_stages"": [0], ""range_unroll_factors"": [0], ""range_warp_specializes"": [null], ""reduction_loops"": [null]}",ok,15.32800029963255,0.045356035232543945,0
rms_norm,RM_007,2048x5120,train,0,heuristics,0,482f430b8c9d8e8e,"{""atomic_indexing"": [], ""block_sizes"": [2], ""indexing"": [""tensor_descriptor"", ""pointer"", ""tensor_descriptor"", ""tensor_descriptor"", ""pointer"", ""tensor_descriptor"", ""tensor_descriptor""], ""load_eviction_policies"": [""last"", ""first"", ""last"", ""first"", ""first""], ""num_stages"": 1, ""num_warps"": 2, ""pid_type"": ""flat"", ""range_flattens"": [null], ""range_multi_buffers"": [null], ""range_num_stages"": [0], ""range_unroll_factors"": [0], ""range_warp_specializes"": [null], ""reduction_loops"": [2048]}",ok,13.279999606311321,0.07179641723632812,1
rms_norm,RM_007,2048x5120,train,0,heuristics,0,24745e38d713c198,"{""atomic_indexing"": [], ""block_sizes"": [2], ""indexing"": [""pointer"", ""pointer"", ""pointer"", ""tensor_descriptor"", ""tensor_descriptor"", ""pointer"", ""pointer""], ""load_eviction_policies"": [""last"", ""first"", ""first"", """", """"], ""num_stages"": 6, ""num_warps"": 4, ""pid_type"": ""flat"", ""range_flattens"": [null], ""range_multi_buffers"": [null], ""range_num_stages"": [0], ""range_unroll_factors"": [0], ""range_warp_specializes"": [null], ""reduction_loops"": [null]}",ok,13.311999849975109,0.05634450912475586,1
rms_norm,RM_007,2048x5120,train,0,heuristics,0,a0bad60454a64a49,"{""atomic_indexing"": [], ""block_sizes"": [1], ""indexing"": [""pointer"", ""tensor_descriptor"", ""pointer"", ""pointer"", ""pointer"", ""pointer"", ""pointer""], ""load_eviction_policies"": [""first"", ""last"", ""last"", """", ""last""], ""num_stages"": 4, ""num_warps"": 16, ""pid_type"": ""flat"", ""range_flattens"": [null], ""range_multi_buffers"": [null], ""range_num_stages"": [0], ""range_unroll_factors"": [0], ""range_warp_specializes"": [null], ""reduction_loops"": [null]}",ok,15.32800029963255,0.041030168533325195,1
rms_norm,RM_007,2048x5120,train,0,heuristics,0,0e08e3ec9a7b2c1e,"{""atomic_indexing"": [], ""block_sizes"": [4], ""indexing"": [""pointer"", ""tensor_descriptor"", ""pointer"", ""tensor_descriptor"", ""tensor_descriptor"", ""tensor_descriptor"", ""tensor_descriptor""], ""load_eviction_policies"": [""first"", ""last"", """", ""first"", """"], ""num_stages"": 3, ""num_warps"": 2, ""pid_type"": ""flat"", ""range_flattens"": [null], ""range_multi_buffers"": [null], ""range_num_stages"": [0], ""range_unroll_factors"": [0], ""range_warp_specializes"": [null], ""reduction_loops"": [null]}",ok,13.279999606311321,0.034439802169799805,1
rms_norm,RM_007,2048x5120,train,0,heuristics,0,6d53c3602b79725b,"{""atomic_indexing"": [], ""block_sizes"": [1], ""indexing"": [""pointer"", ""tensor_descriptor"", ""pointer"", ""pointer"", ""pointer"", ""tensor_descriptor"", ""pointer""], ""load_eviction_policies"": ["""", ""first"", ""last"", """", """"], ""num_stages"": 3, ""num_warps"": 8, ""pid_type"": ""flat"", ""range_flattens"": [null], ""range_multi_buffers"": [null], ""range_num_stages"": [0], ""range_unroll_factors"": [0], ""range_warp_specializes"": [null], ""reduction_loops"": [8192]}",ok,13.279999606311321,0.027260303497314453,1
rms_norm,RM_007,2048x5120,train,0,heuristics,0,87b2f26661fd2925,"{""atomic_indexing"": [], ""block_sizes"": [1], ""indexing"": [""tensor_descriptor"", ""tensor_descriptor"", ""tensor_descriptor"", ""tensor_descriptor"", ""pointer"", ""pointer"", ""tensor_descriptor""], ""load_eviction_policies"": ["""", ""last"", ""last"", ""first"", """"], ""num_stages"": 2, ""num_warps"": 8, ""pid_type"": ""flat"", ""range_flattens"": [null], ""range_multi_buffers"": [null], ""range_num_stages"": [0], ""range_unroll_factors"": [0], ""range_warp_specializes"": [null], ""reduction_loops"": [null]}",ok,13.151999562978745,0.02346658706665039,1
rms_norm,RM_007,2048x5120,train,0,heuristics,0,9615e7b2fea5ec90,"{""atomic_indexing"": [], ""block_sizes"": [1], ""indexing"": [""pointer"", ""pointer"", ""pointer"", ""tensor_descriptor"", ""pointer"", ""tensor_descriptor"", ""pointer""], ""load_eviction_policies"": ["""", ""first"", ""last"", ""first"", ""last""], ""num_stages"": 8, ""num_warps"": 8, ""pid_type"": ""flat"", ""range_flattens"": [null], ""range_multi_buffers"": [null], ""range_num_stages"": [0], ""range_unroll_factors"": [0], ""range_warp_specializes"": [null], ""reduction_loops"": [2048]}",ok,13.311999849975109,0.022841930389404297,1
rms_norm,RM_007,2048x5120,train,0,heuristics,0,64c4788133d259de,"{""atomic_indexing"": [], ""block_sizes"": [1], ""indexing"": [""pointer"", ""pointer"", ""pointer"", ""pointer"", ""pointer"", ""pointer"", ""pointer"", ""pointer""], ""load_eviction_policies"": ["""", """", """", """", """"], ""num_stages"": 1, ""num_warps"": 4, ""pid_type"": ""flat"", ""range_flattens"": [null], ""range_multi_buffers"": [null], ""range_num_stages"": [0], ""range_unroll_factors"": [0], ""range_warp_specializes"": [null], ""reduction_loops"": [4096]}",ok,13.279999606311321,0.022191524505615234,0
rms_norm,RM_007,2048x5120,train,0,heuristics,0,93b5c1ce3b1be66b,"{""atomic_indexing"": [], ""block_sizes"": [8], ""indexing"": [""pointer"", ""pointer"", ""pointer"", ""pointer"", ""pointer"", ""pointer"", ""pointer"", ""pointer""], ""load_eviction_policies"": ["""", """", """", """", """"], ""num_stages"": 1, ""num_warps"": 4, ""pid_type"": ""flat"", ""range_flattens"": [null], ""range_multi_buffers"": [null], ""range_num_stages"": [0], ""range_unroll_factors"": [0], ""range_warp_specializes"": [null], ""reduction_loops"": [4096]}",ok,23.520000278949738,0.05172252655029297,0
rms_norm,RM_007,2048x5120,train,0,heuristics,0,e7d02ccf82dc2b47,"{""atomic_indexing"": [], ""block_sizes"": [16], ""indexing"": [""pointer"", ""pointer"", ""pointer"", ""pointer"", ""pointer"", ""pointer"", ""pointer"", ""pointer""], ""load_eviction_policies"": ["""", """", """", """", """"], ""num_stages"": 2, ""num_warps"": 8, ""pid_type"": ""flat"", ""range_flattens"": [null], ""range_multi_buffers"": [null], ""range_num_stages"": [0], ""range_unroll_factors"": [0], ""range_warp_specializes"": [null], ""reduction_loops"": [4096]}",ok,25.50400048494339,0.03620600700378418,0
rms_norm,RM_007,2048x5120,train,0,heuristics,0,0e7105706796d6f2,"{""atomic_indexing"": [], ""block_sizes"": [32], ""indexing"": [""pointer"", ""pointer"", ""pointer"", ""pointer"", ""pointer"", ""pointer"", ""pointer"", ""pointer""], ""load_eviction_policies"": ["""", """", """", """", """"], ""num_stages"": 3, ""num_warps"": 8, ""pid_type"": ""flat"", ""range_flattens"": [null], ""range_multi_buffers"": [null], ""range_num_stages"": [0], ""range_unroll_factors"": [0], ""range_warp_specializes"": [null], ""reduction_loops"": [4096]}",ok,345.0239896774292,0.025188446044921875,0
rms_norm,RM_007,2048x5120,train,0,heuristics,0,930ab084f79312ab,"{""atomic_indexing"": [], ""block_sizes"": [4], ""indexing"": [""tensor_descriptor"", ""tensor_descriptor"", ""tensor_descriptor"", ""tensor_descriptor"", ""tensor_descriptor"", ""tensor_descriptor"", ""tensor_descriptor"", ""tensor_descriptor""], ""load_eviction_policies"": ["""", """", """", """", """"], ""num_stages"": 1, ""num_warps"": 4, ""pid_type"": ""flat"", ""range_flattens"": [null], ""range_multi_buffers"": [null], ""range_num_stages"": [0], ""range_unroll_factors"": [0], ""range_warp_specializes"": [null], ""reduction_loops"": [4096]}",ok,17.376000061631203,0.024514436721801758,0
rms_norm,RM_007,2048x5120,train,0,heuristics,0,20bba1b7ba015db9,"{""atomic_indexing"": [], ""block_sizes"": [64], ""indexing"": [""pointer"", ""pointer"", ""pointer"", ""pointer"", ""pointer"", ""pointer"", ""pointer"", ""pointer""], ""load_eviction_policies"": ["""", """", """", """", """"], ""num_sm_multiplier"": 1, ""num_stages"": 2, ""num_warps"": 16, ""pid_type"": ""persistent_blocked"", ""range_flattens"": [null], ""range_multi_buffers"": [null], ""range_num_stages"": [0], ""range_unroll_factors"": [0], ""range_warp_specializes"": [null], ""reduction_loops"": [4096]}",ok,500.63997507095337,0.02456355094909668,0
rms_norm,RM_007,2048x5120,train,1,heuristics,0,482f430b8c9d8e8e,"{""atomic_indexing"": [], ""block_sizes"": [2], ""indexing"": [""tensor_descriptor"", ""pointer"", ""tensor_descriptor"", ""tensor_descriptor"", ""pointer"", ""tensor_descriptor"", ""tensor_descriptor""], ""load_eviction_policies"": [""last"", ""first"", ""last"", ""first"", ""first""], ""num_stages"": 1, ""num_warps"": 2, ""pid_type"": ""flat"", ""range_flattens"": [null], ""range_multi_buffers"": [null], ""range_num_stages"": [0], ""range_unroll_factors"": [0], ""range_warp_specializes"": [null], ""reduction_loops"": [2048]}",ok,13.279999606311321,0.07949399948120117,1
rms_norm,RM_007,2048x5120,train,1,heuristics,0,24745e38d713c198,"{""atomic_indexing"": [], ""block_sizes"": [2], ""indexing"": [""pointer"", ""pointer"", ""pointer"", ""tensor_descriptor"", ""tensor_descriptor"", ""pointer"", ""pointer""], ""load_eviction_policies"": [""last"", ""first"", ""first"", """", """"], ""num_stages"": 6, ""num_warps"": 4, ""pid_type"": ""flat"", ""range_flattens"": [null], ""range_multi_buffers"": [null], ""range_num_stages"": [0], ""range_unroll_factors"": [0], ""range_warp_specializes"": [null], ""reduction_loops"": [null]}",ok,13.279999606311321,0.06440162658691406,1
rms_norm,RM_007,2048x5120,train,1,heuristics,0,a0bad60454a64a49,"{""atomic_indexing"": [], ""block_sizes"": [1], ""indexing"": [""pointer"", ""tensor_descriptor"", ""pointer"", ""pointer"", ""pointer"", ""pointer"", ""pointer""], ""load_eviction_policies"": [""first"", ""last"", ""last"", """", ""last""], ""num_stages"": 4, ""num_warps"": 16, ""pid_type"": ""flat"", ""range_flattens"": [null], ""range_multi_buffers"": [null], ""range_num_stages"": [0], ""range_unroll_factors"": [0], ""range_warp_specializes"": [null], ""reduction_loops"": [null]}",ok,15.32800029963255,0.048795461654663086,1
rms_norm,RM_007,2048x5120,train,1,heuristics,0,0e08e3ec9a7b2c1e,"{""atomic_indexing"": [], ""block_sizes"": [4], ""indexing"": [""pointer"", ""tensor_descriptor"", ""pointer"", ""tensor_descriptor"", ""tensor_descriptor"", ""tensor_descriptor"", ""tensor_descriptor""], ""load_eviction_policies"": [""first"", ""last"", """", ""first"", """"], ""num_stages"": 3, ""num_warps"": 2, ""pid_type"": ""flat"", ""range_flattens"": [null], ""range_multi_buffers"": [null], ""range_num_stages"": [0], ""range_unroll_factors"": [0], ""range_warp_specializes"": [null], ""reduction_loops"": [null]}",ok,13.279999606311321,0.0416722297668457,1
rms_norm,RM_007,2048x5120,train,1,heuristics,0,6d53c3602b79725b,"{""atomic_indexing"": [], ""block_sizes"": [1], ""indexing"": [""pointer"", ""tensor_descriptor"", ""pointer"", ""pointer"", ""pointer"", ""tensor_descriptor"", ""pointer""], ""load_eviction_policies"": ["""", ""first"", ""last"", """", """"], ""num_stages"": 3, ""num_warps"": 8, ""pid_type"": ""flat"", ""range_flattens"": [null], ""range_multi_buffers"": [null], ""range_num_stages"": [0], ""range_unroll_factors"": [0], ""range_warp_specializes"": [null], ""reduction_loops"": [8192]}",ok,13.279999606311321,0.03142905235290527,1
rms_norm,RM_007,2048x5120,train,1,heuristics,0,87b2f26661fd2925,"{""atomic_indexing"": [], ""block_sizes"": [1], ""indexing"": [""tensor_descriptor"", ""tensor_descriptor"", ""tensor_descriptor"", ""tensor_descriptor"", ""pointer"", ""pointer"", ""tensor_descriptor""], ""load_eviction_policies"": ["""", ""last"", ""last"", ""first"", """"], ""num_stages"": 2, ""num_warps"": 8, ""pid_type"": ""flat"", ""range_flattens"": [null], ""range_multi_buffers"": [null], ""range_num_stages"": [0], ""range_unroll_factors"": [0], ""range_warp_specializes"": [null], ""reduction_loops"": [null]}",ok,13.21600005030632,0.024034500122070312,1
rms_norm,RM_007,2048x5120,train,1,heuristics,0,9615e7b2fea5ec90,"{""atomic_indexing"": [], ""block_sizes"": [1], ""indexing"": [""pointer"", ""pointer"", ""pointer"", ""tensor_descriptor"", ""pointer"", ""tensor_descriptor"", ""pointer""], ""load_eviction_policies"": ["""", ""first"", ""last"", ""first"", ""last""], ""num_stages"": 8, ""num_warps"": 8, ""pid_type"": ""flat"", ""range_flattens"": [null], ""range_multi_buffers"": [null], ""range_num_stages"": [0], ""range_unroll_factors"": [0], ""range_warp_specializes"": [null], ""reduction_loops"": [2048]}",ok,13.183999806642532,0.022838354110717773,1
rms_norm,RM_007,2048x5120,train,1,heuristics,0,64c4788133d259de,"{""atomic_indexing"": [], ""block_sizes"": [1], ""indexing"": [""pointer"", ""pointer"", ""pointer"", ""pointer"", ""pointer"", ""pointer"", ""pointer"", ""pointer""], ""load_eviction_policies"": ["""", """", """", """", """"], ""num_stages"": 1, ""num_warps"": 4, ""pid_type"": ""flat"", ""range_flattens"": [null], ""range_multi_buffers"": [null], ""range_num_stages"": [0], ""range_unroll_factors"": [0], ""range_warp_specializes"": [null], ""reduction_loops"": [4096]}",ok,13.279999606311321,0.022232770919799805,0
rms_norm,RM_007,2048x5120,train,1,heuristics,0,1d13782acbfaa9f0,"{""atomic_indexing"": [], ""block_sizes"": [8], ""indexing"": [""pointer"", ""pointer"", ""pointer"", ""pointer"", ""pointer"", ""pointer"", ""pointer"", ""pointer""], ""load_eviction_policies"": ["""", """", """", """", """"], ""num_stages"": 2, ""num_warps"": 4, ""pid_type"": ""flat"", ""range_flattens"": [null], ""range_multi_buffers"": [null], ""range_num_stages"": [0], ""range_unroll_factors"": [0], ""range_warp_specializes"": [null], ""reduction_loops"": [4096]}",ok,21.503999829292297,0.0697488784790039,0
rms_norm,RM_007,2048x5120,train,1,heuristics,0,c0ce9d43342e68a4,"{""atomic_indexing"": [], ""block_sizes"": [16], ""indexing"": [""pointer"", ""pointer"", ""pointer"", ""pointer"", ""pointer"", ""pointer"", ""pointer"", ""pointer""], ""load_eviction_policies"": ["""", """", """", """", """"], ""num_stages"": 3, ""num_warps"": 8, ""pid_type"": ""flat"", ""range_flattens"": [null], ""range_multi_buffers"": [null], ""range_num_stages"": [0], ""range_unroll_factors"": [0], ""range_warp_specializes"": [null], ""reduction_loops"": [4096]}",ok,21.503999829292297,0.05380535125732422,0
rms_norm,RM_007,2048x5120,train,1,heuristics,0,e9c7bfd40a01950d,"{""atomic_indexing"": [], ""block_sizes"": [32], ""indexing"": [""pointer"", ""pointer"", ""pointer"", ""pointer"", ""pointer"", ""pointer"", ""pointer"", ""pointer""], ""load_eviction_policies"": ["""", """", """", """", """"], ""num_sm_multiplier"": 1, ""num_stages"": 2, ""num_warps"": 8, ""pid_type"": ""persistent_blocked"", ""range_flattens"": [null], ""range_multi_buffers"": [null], ""range_num_stages"": [0], ""range_unroll_factors"": [0], ""range_warp_specializes"": [null], ""reduction_loops"": [4096]}",ok,336.8319869041443,0.03923988342285156,0
rms_norm,RM_007,2048x5120,train,1,heuristics,0,843fb9c331bcb6b6,"{""atomic_indexing"": [], ""block_sizes"": [4], ""indexing"": [""tensor_descriptor"", ""tensor_descriptor"", ""tensor_descriptor"", ""tensor_descriptor"", ""tensor_descriptor"", ""tensor_descriptor"", ""tensor_descriptor"", ""tensor_descriptor""], ""load_eviction_policies"": ["""", """", """", """", """"], ""num_stages"": 2, ""num_warps"": 4, ""pid_type"": ""flat"", ""range_flattens"": [null], ""range_multi_buffers"": [null], ""range_num_stages"": [0], ""range_unroll_factors"": [0], ""range_warp_specializes"": [null], ""reduction_loops"": [4096]}",ok,17.376000061631203,0.03120732307434082,0
rms_norm,RM_007,2048x5120,train,1,heuristics,0,c04db25976a1102d,"{""atomic_indexing"": [], ""block_sizes"": [64], ""indexing"": [""pointer"", ""pointer"", ""pointer"", ""pointer"", ""pointer"", ""pointer"", ""pointer"", ""pointer""], ""load_eviction_policies"": ["""", """", """", """", """"], ""num_sm_multiplier"": 1, ""num_stages"": 3, ""num_warps"": 16, ""pid_type"": ""persistent_interleaved"", ""range_flattens"": [null], ""range_multi_buffers"": [null], ""range_num_stages"": [0], ""range_unroll_factors"": [0], ""range_warp_specializes"": [null], ""reduction_loops"": [4096]}",ok,508.8319778442383,0.03746938705444336,0
rms_norm,RM_007,2048x5120,train,2,heuristics,0,482f430b8c9d8e8e,"{""atomic_indexing"": [], ""block_sizes"": [2], ""indexing"": [""tensor_descriptor"", ""pointer"", ""tensor_descriptor"", ""tensor_descriptor"", ""pointer"", ""tensor_descriptor"", ""tensor_descriptor""], ""load_eviction_policies"": [""last"", ""first"", ""last"", ""first"", ""first""], ""num_stages"": 1, ""num_warps"": 2, ""pid_type"": ""flat"", ""range_flattens"": [null], ""range_multi_buffers"": [null], ""range_num_stages"": [0], ""range_unroll_factors"": [0], ""range_warp_specializes"": [null], ""reduction_loops"": [2048]}",ok,13.311999849975109,0.08125901222229004,1
rms_norm,RM_007,2048x5120,train,2,heuristics,0,24745e38d713c198,"{""atomic_indexing"": [], ""block_sizes"": [2], ""indexing"": [""pointer"", ""pointer"", ""pointer"", ""tensor_descriptor"", ""tensor_descriptor"", ""pointer"", ""pointer""], ""load_eviction_policies"": [""last"", ""first"", ""first"", """", """"], ""num_stages"": 6, ""num_warps"": 4, ""pid_type"": ""flat"", ""range_flattens"": [null], ""range_multi_buffers"": [null], ""range_num_stages"": [0], ""range_unroll_factors"": [0], ""range_warp_specializes"": [null], ""reduction_loops"": [null]}",ok,13.311999849975109,0.06430649757385254,1
rms_norm,RM_007,2048x5120,train,2,heuristics,0,a0bad60454a64a49,"{""atomic_indexing"": [], ""block_sizes"": [1], ""indexing"": [""pointer"", ""tensor_descriptor"", ""pointer"", ""pointer"", ""pointer"", ""pointer"", ""pointer""], ""load_eviction_policies"": [""first"", ""last"", ""last"", """", ""last""], ""num_stages"": 4, ""num_warps"": 16, ""pid_type"": ""flat"", ""range_flattens"": [null], ""range_multi_buffers"": [null], ""range_num_stages"": [0], ""range_unroll_factors"": [0], ""range_warp_specializes"": [null], ""reduction_loops"": [null]}",ok,15.359999611973763,0.04781842231750488,1
rms_norm,RM_007,2048x5120,train,2,heuristics,0,0e08e3ec9a7b2c1e,"{""atomic_indexing"": [], ""block_sizes"": [4], ""indexing"": [""pointer"", ""tensor_descriptor"", ""pointer"", ""tensor_descriptor"", ""tensor_descriptor"", ""tensor_descriptor"", ""tensor_descriptor""], ""load_eviction_policies"": [""first"", ""last"", """", ""first"", """"], ""num_stages"": 3, ""num_warps"": 2, ""pid_type"": ""flat"", ""range_flattens"": [null], ""range_multi_buffers"": [null], ""range_num_stages"": [0], ""range_unroll_factors"": [0], ""range_warp_specializes"": [null], ""reduction_loops"": [null]}",ok,13.279999606311321,0.040595054626464844,1
rms_norm,RM_007,2048x5120,train,2,heuristics,0,6d53c3602b79725b,"{""atomic_indexing"": [], ""block_sizes"": [1], ""indexing"": [""pointer"", ""tensor_descriptor"", ""pointer"", ""pointer"", ""pointer"", ""tensor_descriptor"", ""pointer""], ""load_eviction_policies"": ["""", ""first"", ""last"", """", """"], ""num_stages"": 3, ""num_warps"": 8, ""pid_type"": ""flat"", ""range_flattens"": [null], ""range_multi_buffers"": [null], ""range_num_stages"": [0], ""range_unroll_factors"": [0], ""range_warp_specializes"": [null], ""reduction_loops"": [8192]}",ok,13.279999606311321,0.03293967247009277,1
rms_norm,RM_007,2048x5120,train,2,heuristics,0,87b2f26661fd2925,"{""atomic_indexing"": [], ""block_sizes"": [1], ""indexing"": [""tensor_descriptor"", ""tensor_descriptor"", ""tensor_descriptor"", ""tensor_descriptor"", ""pointer"", ""pointer"", ""tensor_descriptor""], ""load_eviction_policies"": ["""", ""last"", ""last"", ""first"", """"], ""num_stages"": 2, ""num_warps"": 8, ""pid_type"": ""flat"", ""range_flattens"": [null], ""range_multi_buffers"": [null], ""range_num_stages"": [0], ""range_unroll_factors"": [0], ""range_warp_specializes"": [null], ""reduction_loops"": [null]}",ok,11.392000131309032,0.02344512939453125,1
rms_norm,RM_007,2048x5120,train,2,heuristics,0,9615e7b2fea5ec90,"{""atomic_indexing"": [], ""block_sizes"": [1], ""indexing"": [""pointer"", ""pointer"", ""pointer"", ""tensor_descriptor"", ""pointer"", ""tensor_descriptor"", ""pointer""], ""load_eviction_policies"": ["""", ""first"", ""last"", ""first"", ""last""], ""num_stages"": 8, ""num_warps"": 8, ""pid_type"": ""flat"", ""range_flattens"": [null], ""range_multi_buffers"": [null], ""range_num_stages"": [0], ""range_unroll_factors"": [0], ""range_warp_specializes"": [null], ""reduction_loops"": [2048]}",ok,13.311999849975109,0.02176976203918457,1
rms_norm,RM_007,2048x5120,train,2,heuristics,0,64c4788133d259de,"{""atomic_indexing"": [], ""block_sizes"": [1], ""indexing"": [""pointer"", ""pointer"", ""pointer"", ""pointer"", ""pointer"", ""pointer"", ""pointer"", ""pointer""], ""load_eviction_policies"": ["""", """", """", """", """"], ""num_stages"": 1, ""num_warps"": 4, ""pid_type"": ""flat"", ""range_flattens"": [null], ""range_multi_buffers"": [null], ""range_num_stages"": [0], ""range_unroll_factors"": [0], ""range_warp_specializes"": [null], ""reduction_loops"": [4096]}",ok,13.311999849975109,0.022344112396240234,0
rms_norm,RM_007,2048x5120,train,2,heuristics,0,93b5c1ce3b1be66b,"{""atomic_indexing"": [], ""block_sizes"": [8], ""indexing"": [""pointer"", ""pointer"", ""pointer"", ""pointer"", ""pointer"", ""pointer"", ""pointer"", ""pointer""], ""load_eviction_policies"": ["""", """", """", """", """"], ""num_stages"": 1, ""num_warps"": 4, ""pid_type"": ""flat"", ""range_flattens"": [null], ""range_multi_buffers"": [null], ""range_num_stages"": [0], ""range_unroll_factors"": [0], ""range_warp_specializes"": [null], ""reduction_loops"": [4096]}",ok,23.48800003528595,0.051793813705444336,0
rms_norm,RM_007,2048x5120,train,2,heuristics,0,e7d02ccf82dc2b47,"{""atomic_indexing"": [], ""block_sizes"": [16], ""indexing"": [""pointer"", ""pointer"", ""pointer"", ""pointer"", ""pointer"", ""pointer"", ""pointer"", ""pointer""], ""load_eviction_policies"": ["""", """", """", """", """"], ""num_stages"": 2, ""num_warps"": 8, ""pid_type"": ""flat"", ""range_flattens"": [null], ""range_multi_buffers"": [null], ""range_num_stages"": [0], ""range_unroll_factors"": [0], ""range_warp_specializes"": [null], ""reduction_loops"": [4096]}",ok,23.584000766277313,0.03622865676879883,0
rms_norm,RM_007,2048x5120,train,2,heuristics,0,0e7105706796d6f2,"{""atomic_indexing"": [], ""block_sizes"": [32], ""indexing"": [""pointer"", ""pointer"", ""pointer"", ""pointer"", ""pointer"", ""pointer"", ""pointer"", ""pointer""], ""load_eviction_policies"": ["""", """", """", """", """"], ""num_stages"": 3, ""num_warps"": 8, ""pid_type"": ""flat"", ""range_flattens"": [null], ""range_multi_buffers"": [null], ""range_num_stages"": [0], ""range_unroll_factors"": [0], ""range_warp_specializes"": [null], ""reduction_loops"": [4096]}",ok,345.08800506591797,0.023398637771606445,0
rms_norm,RM_007,2048x5120,train,2,heuristics,0,c5d663e4e98651ed,"{""atomic_indexing"": [], ""block_sizes"": [4], ""indexing"": [""pointer"", ""pointer"", ""pointer"", ""pointer"", ""pointer"", ""pointer"", ""pointer"", ""pointer""], ""load_eviction_policies"": ["""", """", """", """", """"], ""num_sm_multiplier"": 1, ""num_stages"": 2, ""num_warps"": 4, ""pid_type"": ""persistent_blocked"", ""range_flattens"": [null], ""range_multi_buffers"": [null], ""range_num_stages"": [0], ""range_unroll_factors"": [0], ""range_warp_specializes"": [null], ""reduction_loops"": [4096]}",ok,25.599999353289604,0.024522781372070312,0
rms_norm,RM_007,2048x5120,train,2,heuristics,0,9f85ae89b8146520,"{""atomic_indexing"": [], ""block_sizes"": [16], ""indexing"": [""tensor_descriptor"", ""tensor_descriptor"", ""tensor_descriptor"", ""tensor_descriptor"", ""tensor_descriptor"", ""tensor_descriptor"", ""tensor_descriptor"", ""tensor_descriptor""], ""load_eviction_policies"": ["""", """", """", """", """"], ""num_stages"": 2, ""num_warps"": 8, ""pid_type"": ""flat"", ""range_flattens"": [null], ""range_multi_buffers"": [null], ""range_num_stages"": [0], ""range_unroll_factors"": [0], ""range_warp_specializes"": [null], ""reduction_loops"": [4096]}",error,inf,0.02436995506286621,0
rms_norm,RM_101,256x4096,heldout,0,heuristics,0,24745e38d713c198,"{""atomic_indexing"": [], ""block_sizes"": [2], ""indexing"": [""pointer"", ""pointer"", ""pointer"", ""tensor_descriptor"", ""tensor_descriptor"", ""pointer"", ""pointer""], ""load_eviction_policies"": [""last"", ""first"", ""first"", """", """"], ""num_stages"": 6, ""num_warps"": 4, ""pid_type"": ""flat"", ""range_flattens"": [null], ""range_multi_buffers"": [null], ""range_num_stages"": [0], ""range_unroll_factors"": [0], ""range_warp_specializes"": [null], ""reduction_loops"": [null]}",ok,7.2639998979866505,0.07607221603393555,1
rms_norm,RM_101,256x4096,heldout,0,heuristics,0,a0bad60454a64a49,"{""atomic_indexing"": [], ""block_sizes"": [1], ""indexing"": [""pointer"", ""tensor_descriptor"", ""pointer"", ""pointer"", ""pointer"", ""pointer"", ""pointer""], ""load_eviction_policies"": [""first"", ""last"", ""last"", """", ""last""], ""num_stages"": 4, ""num_warps"": 16, ""pid_type"": ""flat"", ""range_flattens"": [null], ""range_multi_buffers"": [null], ""range_num_stages"": [0], ""range_unroll_factors"": [0], ""range_warp_specializes"": [null], ""reduction_loops"": [null]}",ok,7.168000098317862,0.05989432334899902,1
rms_norm,RM_101,256x4096,heldout,0,heuristics,0,0e08e3ec9a7b2c1e,"{""atomic_indexing"": [], ""block_sizes"": [4], ""indexing"": [""pointer"", ""tensor_descriptor"", ""pointer"", ""tensor_descriptor"", ""tensor_descriptor"", ""tensor_descriptor"", ""tensor_descriptor""], ""load_eviction_policies"": [""first"", ""last"", """", ""first"", """"], ""num_stages"": 3, ""num_warps"": 2, ""pid_type"": ""flat"", ""range_flattens"": [null], ""range_multi_buffers"": [null], ""range_num_stages"": [0], ""range_unroll_factors"": [0], ""range_warp_specializes"": [null], ""reduction_loops"": [null]}",ok,9.216000325977802,0.04444003105163574,1
rms_norm,RM_101,256x4096,heldout,0,heuristics,0,482f430b8c9d8e8e,"{""atomic_indexing"": [], ""block_sizes"": [2], ""indexing"": [""tensor_descriptor"", ""pointer"", ""tensor_descriptor"", ""tensor_descriptor"", ""pointer"", ""tensor_descriptor"", ""tensor_descriptor""], ""load_eviction_policies"": [""last"", ""first"", ""last"", ""first"", ""first""], ""num_stages"": 1, ""num_warps"": 2, ""pid_type"": ""flat"", ""range_flattens"": [null], ""range_multi_buffers"": [null], ""range_num_stages"": [0], ""range_unroll_factors"": [0], ""range_warp_specializes"": [null], ""reduction_loops"": [2048]}",ok,9.184000082314014,0.037131547927856445,1
rms_norm,RM_101,256x4096,heldout,0,heuristics,0,6d53c3602b79725b,"{""atomic_indexing"": [], ""block_sizes"": [1], ""indexing"": [""pointer"", ""tensor_descriptor"", ""pointer"", ""pointer"", ""pointer"", ""tensor_descriptor"", ""pointer""], ""load_eviction_policies"": ["""", ""first"", ""last"", """", """"], ""num_stages"": 3, ""num_warps"": 8, ""pid_type"": ""flat"", ""range_flattens"": [null], ""range_multi_buffers"": [null], ""range_num_stages"": [0], ""range_unroll_factors"": [0], ""range_warp_specializes"": [null], ""reduction_loops"": [8192]}",ok,7.168000098317862,0.029572010040283203,1
rms_norm,RM_101,256x4096,heldout,0,heuristics,0,87b2f26661fd2925,"{""atomic_indexing"": [], ""block_sizes"": [1], ""indexing"": [""tensor_descriptor"", ""tensor_descriptor"", ""tensor_descriptor"", ""tensor_descriptor"", ""pointer"", ""pointer"", ""tensor_descriptor""], ""load_eviction_policies"": ["""", ""last"", ""last"", ""first"", """"], ""num_stages"": 2, ""num_warps"": 8, ""pid_type"": ""flat"", ""range_flattens"": [null], ""range_multi_buffers"": [null], ""range_num_stages"": [0], ""range_unroll_factors"": [0], ""range_warp_specializes"": [null], ""reduction_loops"": [null]}",ok,7.168000098317862,0.022832870483398438,1
rms_norm,RM_101,256x4096,heldout,0,heuristics,0,9615e7b2fea5ec90,"{""atomic_indexing"": [], ""block_sizes"": [1], ""indexing"": [""pointer"", ""pointer"", ""pointer"", ""tensor_descriptor"", ""pointer"", ""tensor_descriptor"", ""pointer""], ""load_eviction_policies"": ["""", ""first"", ""last"", ""first"", ""last""], ""num_stages"": 8, ""num_warps"": 8, ""pid_type"": ""flat"", ""range_flattens"": [null], ""range_multi_buffers"": [null], ""range_num_stages"": [0], ""range_unroll_factors"": [0], ""range_warp_specializes"": [null], ""reduction_loops"": [2048]}",ok,7.135999854654074,0.02453446388244629,1
rms_norm,RM_101,256x4096,heldout,0,heuristics,0,f2da39335308e8ca,"{""atomic_indexing"": [], ""block_sizes"": [1], ""indexing"": [""pointer"", ""pointer"", ""pointer"", ""pointer"", ""pointer"", ""pointer"", ""pointer"", ""pointer""], ""load_eviction_policies"": ["""", """", """", """", """"], ""num_stages"": 1, ""num_warps"": 4, ""pid_type"": ""flat"", ""range_flattens"": [null], ""range_multi_buffers"": [null], ""range_num_stages"": [0], ""range_unroll_factors"": [0], ""range_warp_specializes"": [null], ""reduction_loops"": [null]}",ok,7.199999876320362,0.021558761596679688,0
rms_norm,RM_101,256x4096,heldout,0,heuristics,0,f99cbeb65b84a22d,"{""atomic_indexing"": [], ""block_sizes"": [8], ""indexing"": [""pointer"", ""pointer"", ""pointer"", ""pointer"", ""pointer"", ""pointer"", ""pointer"", ""pointer""], ""load_eviction_policies"": ["""", """", """", """", """"], ""num_stages"": 1, ""num_warps"": 4, ""pid_type"": ""flat"", ""range_flattens"": [null], ""range_multi_buffers"": [null], ""range_num_stages"": [0], ""range_unroll_factors"": [0], ""range_warp_specializes"": [null], ""reduction_loops"": [null]}",ok,9.216000325977802,0.0518186092376709,0
rms_norm,RM_101,256x4096,heldout,0,heuristics,0,dc0a4ce2ed889219,"{""atomic_indexing"": [], ""block_sizes"": [16], ""indexing"": [""pointer"", ""pointer"", ""pointer"", ""pointer"", ""pointer"", ""pointer"", ""pointer"", ""pointer""], ""load_eviction_policies"": ["""", """", """", """", """"], ""num_stages"": 2, ""num_warps"": 8, ""pid_type"": ""flat"", ""range_flattens"": [null], ""range_multi_buffers"": [null], ""range_num_stages"": [0], ""range_unroll_factors"": [0], ""range_warp_specializes"": [null], ""reduction_loops"": [null]}",ok,11.264000087976456,0.03634285926818848,0
rms_norm,RM_101,256x4096,heldout,0,heuristics,0,2af7f9a5bd8ed543,"{""atomic_indexing"": [], ""block_sizes"": [32], ""indexing"": [""pointer"", ""pointer"", ""pointer"", ""pointer"", ""pointer"", ""pointer"", ""pointer"", ""pointer""], ""load_eviction_policies"": ["""", """", """", """", """"], ""num_stages"": 3, ""num_warps"": 8, ""pid_type"": ""flat"", ""range_flattens"": [null], ""range_multi_buffers"": [null], ""range_num_stages"": [0], ""range_unroll_factors"": [0], ""range_warp_specializes"": [null], ""reduction_loops"": [null]}",ok,80.89599758386612,0.024393558502197266,0
rms_norm,RM_101,256x4096,heldout,0,heuristics,0,ce3f58736754a3f1,"{""atomic_indexing"": [], ""block_sizes"": [4], ""indexing"": [""tensor_descriptor"", ""tensor_descriptor"", ""tensor_descriptor"", ""tensor_descriptor"", ""tensor_descriptor"", ""tensor_descriptor"", ""tensor_descriptor"", ""tensor_descriptor""], ""load_eviction_policies"": ["""", """", """", """", """"], ""num_stages"": 2, ""num_warps"": 4, ""pid_type"": ""flat"", ""range_flattens"": [null], ""range_multi_buffers"": [null], ""range_num_stages"": [0], ""range_unroll_factors"": [0], ""range_warp_specializes"": [null], ""reduction_loops"": [null]}",ok,9.184000082314014,0.03469705581665039,0
rms_norm,RM_101,256x4096,heldout,0,heuristics,0,8335a283256f6139,"{""atomic_indexing"": [], ""block_sizes"": [64], ""indexing"": [""pointer"", ""pointer"", ""pointer"", ""pointer"", ""pointer"", ""pointer"", ""pointer"", ""pointer""], ""load_eviction_policies"": ["""", """", """", """", """"], ""num_sm_multiplier"": 1, ""num_stages"": 3, ""num_warps"": 16, ""pid_type"": ""persistent_blocked"", ""range_flattens"": [null], ""range_multi_buffers"": [null], ""range_num_stages"": [0], ""range_unroll_factors"": [0], ""range_warp_specializes"": [null], ""reduction_loops"": [null]}",ok,87.07199990749359,0.9120426177978516,0
rms_norm,RM_101,256x4096,heldout,1,heuristics,0,24745e38d713c198,"{""atomic_indexing"": [], ""block_sizes"": [2], ""indexing"": [""pointer"", ""pointer"", ""pointer"", ""tensor_descriptor"", ""tensor_descriptor"", ""pointer"", ""pointer""], ""load_eviction_policies"": [""last"", ""first"", ""first"", """", """"], ""num_stages"": 6, ""num_warps"": 4, ""pid_type"": ""flat"", ""range_flattens"": [null], ""range_multi_buffers"": [null], ""range_num_stages"": [0], ""range_unroll_factors"": [0], ""range_warp_specializes"": [null], ""reduction_loops"": [null]}",ok,7.85600021481514,0.12050628662109375,1
rms_norm,RM_101,256x4096,heldout,1,heuristics,0,a0bad60454a64a49,"{""atomic_indexing"": [], ""block_sizes"": [1], ""indexing"": [""pointer"", ""tensor_descriptor"", ""pointer"", ""pointer"", ""pointer"", ""pointer"", ""pointer""], ""load_eviction_policies"": [""first"", ""last"", ""last"", """", ""last""], ""num_stages"": 4, ""num_warps"": 16, ""pid_type"": ""flat"", ""range_flattens"": [null], ""range_multi_buffers"": [null], ""range_num_stages"": [0], ""range_unroll_factors"": [0], ""range_warp_specializes"": [null], ""reduction_loops"": [null]}",ok,7.135999854654074,0.1046605110168457,1
rms_norm,RM_101,256x4096,heldout,1,heuristics,0,0e08e3ec9a7b2c1e,"{""atomic_indexing"": [], ""block_sizes"": [4], ""indexing"": [""pointer"", ""tensor_descriptor"", ""pointer"", ""tensor_descriptor"", ""tensor_descriptor"", ""tensor_descriptor"", ""tensor_descriptor""], ""load_eviction_policies"": [""first"", ""last"", """", ""first"", """"], ""num_stages"": 3, ""num_warps"": 2, ""pid_type"": ""flat"", ""range_flattens"": [null], ""range_multi_buffers"": [null], ""range_num_stages"": [0], ""range_unroll_factors"": [0], ""range_warp_specializes"": [null], ""reduction_loops"": [null]}",ok,9.216000325977802,0.08860111236572266,1
rms_norm,RM_101,256x4096,heldout,1,heuristics,0,482f430b8c9d8e8e,"{""atomic_indexing"": [], ""block_sizes"": [2], ""indexing"": [""tensor_descriptor"", ""pointer"", ""tensor_descriptor"", ""tensor_descriptor"", ""pointer"", ""tensor_descriptor"", ""tensor_descriptor""], ""load_eviction_policies"": [""last"", ""first"", ""last"", ""first"", ""first""], ""num_stages"": 1, ""num_warps"": 2, ""pid_type"": ""flat"", ""range_flattens"": [null], ""range_multi_buffers"": [null], ""range_num_stages"": [0], ""range_unroll_factors"": [0], ""range_warp_specializes"": [null], ""reduction_loops"": [2048]}",ok,9.184000082314014,0.08147811889648438,1
rms_norm,RM_101,256x4096,heldout,1,heuristics,0,6d53c3602b79725b,"{""atomic_indexing"": [], ""block_sizes"": [1], ""indexing"": [""pointer"", ""tensor_descriptor"", ""pointer"", ""pointer"", ""pointer"", ""tensor_descriptor"", ""pointer""], ""load_eviction_policies"": ["""", ""first"", ""last"", """", """"], ""num_stages"": 3, ""num_warps"": 8, ""pid_type"": ""flat"", ""range_flattens"": [null], ""range_multi_buffers"": [null], ""range_num_stages"": [0], ""range_unroll_factors"": [0], ""range_warp_specializes"": [null], ""reduction_loops"": [8192]}",ok,7.135999854654074,0.06330418586730957,1
rms_norm,RM_101,256x4096,heldout,1,heuristics,0,87b2f26661fd2925,"{""atomic_indexing"": [], ""block_sizes"": [1], ""indexing"": [""tensor_descriptor"", ""tensor_descriptor"", ""tensor_descriptor"", ""tensor_descriptor"", ""pointer"", ""pointer"", ""tensor_descriptor""], ""load_eviction_policies"": ["""", ""last"", ""last"", ""first"", """"], ""num_stages"": 2, ""num_warps"": 8, ""pid_type"": ""flat"", ""range_flattens"": [null], ""range_multi_buffers"": [null], ""range_num_stages"": [0], ""range_unroll_factors"": [0], ""range_warp_specializes"": [null], ""reduction_loops"": [null]}",ok,7.168000098317862,0.051360130310058594,1
rms_norm,RM_101,256x4096,heldout,1,heuristics,0,9615e7b2fea5ec90,"{""atomic_indexing"": [], ""block_sizes"": [1], ""indexing"": [""pointer"", ""pointer"", ""pointer"", ""tensor_descriptor"", ""pointer"", ""tensor_descriptor"", ""pointer""], ""load_eviction_policies"": ["""", ""first"", ""last"", ""first"", ""last""], ""num_stages"": 8, ""num_warps"": 8, ""pid_type"": ""flat"", ""range_flattens"": [null], ""range_multi_buffers"": [null], ""range_num_stages"": [0], ""range_unroll_factors"": [0], ""range_warp_specializes"": [null], ""reduction_loops"": [2048]}",ok,7.135999854654074,0.035767555236816406,1
rms_norm,RM_101,256x4096,heldout,1,heuristics,0,f2da39335308e8ca,"{""atomic_indexing"": [], ""block_sizes"": [1], ""indexing"": [""pointer"", ""pointer"", ""pointer"", ""pointer"", ""pointer"", ""pointer"", ""pointer"", ""pointer""], ""load_eviction_policies"": ["""", """", """", """", """"], ""num_stages"": 1, ""num_warps"": 4, ""pid_type"": ""flat"", ""range_flattens"": [null], ""range_multi_buffers"": [null], ""range_num_stages"": [0], ""range_unroll_factors"": [0], ""range_warp_specializes"": [null], ""reduction_loops"": [null]}",ok,7.199999876320362,0.03910183906555176,0
rms_norm,RM_101,256x4096,heldout,1,heuristics,0,f99cbeb65b84a22d,"{""atomic_indexing"": [], ""block_sizes"": [8], ""indexing"": [""pointer"", ""pointer"", ""pointer"", ""pointer"", ""pointer"", ""pointer"", ""pointer"", ""pointer""], ""load_eviction_policies"": ["""", """", """", """", """"], ""num_stages"": 1, ""num_warps"": 4, ""pid_type"": ""flat"", ""range_flattens"": [null], ""range_multi_buffers"": [null], ""range_num_stages"": [0], ""range_unroll_factors"": [0], ""range_warp_specializes"": [null], ""reduction_loops"": [null]}",ok,9.184000082314014,0.05492877960205078,0
rms_norm,RM_101,256x4096,heldout,1,heuristics,0,dc0a4ce2ed889219,"{""atomic_indexing"": [], ""block_sizes"": [16], ""indexing"": [""pointer"", ""pointer"", ""pointer"", ""pointer"", ""pointer"", ""pointer"", ""pointer"", ""pointer""], ""load_eviction_policies"": ["""", """", """", """", """"], ""num_stages"": 2, ""num_warps"": 8, ""pid_type"": ""flat"", ""range_flattens"": [null], ""range_multi_buffers"": [null], ""range_num_stages"": [0], ""range_unroll_factors"": [0], ""range_warp_specializes"": [null], ""reduction_loops"": [null]}",ok,11.231999844312668,0.0392298698425293,0
rms_norm,RM_101,256x4096,heldout,1,heuristics,0,2af7f9a5bd8ed543,"{""atomic_indexing"": [], ""block_sizes"": [32], ""indexing"": [""pointer"", ""pointer"", ""pointer"", ""pointer"", ""pointer"", ""pointer"", ""pointer"", ""pointer""], ""load_eviction_policies"": ["""", """", """", """", """"], ""num_stages"": 3, ""num_warps"": 8, ""pid_type"": ""flat"", ""range_flattens"": [null], ""range_multi_buffers"": [null], ""range_num_stages"": [0], ""range_unroll_factors"": [0], ""range_warp_specializes"": [null], ""reduction_loops"": [null]}",ok,80.89599758386612,0.023962974548339844,0
rms_norm,RM_101,256x4096,heldout,1,heuristics,0,4796949b291348a2,"{""atomic_indexing"": [], ""block_sizes"": [4], ""indexing"": [""pointer"", ""pointer"", ""pointer"", ""pointer"", ""pointer"", ""pointer"", ""pointer"", ""pointer""], ""load_eviction_policies"": ["""", """", """", """", """"], ""num_sm_multiplier"": 1, ""num_stages"": 2, ""num_warps"": 4, ""pid_type"": ""persistent_blocked"", ""range_flattens"": [null], ""range_multi_buffers"": [null], ""range_num_stages"": [0], ""range_unroll_factors"": [0], ""range_warp_specializes"": [null], ""reduction_loops"": [null]}",ok,9.184000082314014,0.027449369430541992,0
rms_norm,RM_101,256x4096,heldout,1,heuristics,0,327cb827e8045384,"{""atomic_indexing"": [], ""block_sizes"": [16], ""indexing"": [""tensor_descriptor"", ""tensor_descriptor"", ""tensor_descriptor"", ""tensor_descriptor"", ""tensor_descriptor"", ""tensor_descriptor"", ""tensor_descriptor"", ""tensor_descriptor""], ""load_eviction_policies"": ["""", """", """", """", """"], ""num_stages"": 2, ""num_warps"": 8, ""pid_type"": ""flat"", ""range_flattens"": [null], ""range_multi_buffers"": [null], ""range_num_stages"": [0], ""range_unroll_factors"": [0], ""range_warp_specializes"": [null], ""reduction_loops"": [null]}",ok,15.32800029963255,0.02471637725830078,0
rms_norm,RM_101,256x4096,heldout,2,heuristics,0,24745e38d713c198,"{""atomic_indexing"": [], ""block_sizes"": [2], ""indexing"": [""pointer"", ""pointer"", ""pointer"", ""tensor_descriptor"", ""tensor_descriptor"", ""pointer"", ""pointer""], ""load_eviction_policies"": [""last"", ""first"", ""first"", """", """"], ""num_stages"": 6, ""num_warps"": 4, ""pid_type"": ""flat"", ""range_flattens"": [null], ""range_multi_buffers"": [null], ""range_num_stages"": [0], ""range_unroll_factors"": [0], ""range_warp_specializes"": [null], ""reduction_loops"": [null]}",ok,7.296000141650438,0.07877182960510254,1
rms_norm,RM_101,256x4096,heldout,2,heuristics,0,a0bad60454a64a49,"{""atomic_indexing"": [], ""block_sizes"": [1], ""indexing"": [""pointer"", ""tensor_descriptor"", ""pointer"", ""pointer"", ""pointer"", ""pointer"", ""pointer""], ""load_eviction_policies"": [""first"", ""last"", ""last"", """", ""last""], ""num_stages"": 4, ""num_warps"": 16, ""pid_type"": ""flat"", ""range_flattens"": [null], ""range_multi_buffers"": [null], ""range_num_stages"": [0], ""range_unroll_factors"": [0], ""range_warp_specializes"": [null], ""reduction_loops"": [null]}",ok,7.135999854654074,0.06300592422485352,1
rms_norm,RM_101,256x4096,heldout,2,heuristics,0,0e08e3ec9a7b2c1e,"{""atomic_indexing"": [], ""block_sizes"": [4], ""indexing"": [""pointer"", ""tensor_descriptor"", ""pointer"", ""tensor_descriptor"", ""tensor_descriptor"", ""tensor_descriptor"", ""tensor_descriptor""], ""load_eviction_policies"": [""first"", ""last"", """", ""first"", """"], ""num_stages"": 3, ""num_warps"": 2, ""pid_type"": ""flat"", ""range_flattens"": [null], ""range_multi_buffers"": [null], ""range_num_stages"": [0], ""range_unroll_factors"": [0], ""range_warp_specializes"": [null], ""reduction_loops"": [null]}",ok,9.184000082314014,0.047359466552734375,1
rms_norm,RM_101,256x4096,heldout,2,heuristics,0,482f430b8c9d8e8e,"{""atomic_indexing"": [], ""block_sizes"": [2], ""indexing"": [""tensor_descriptor"", ""pointer"", ""tensor_descriptor"", ""tensor_descriptor"", ""pointer"", ""tensor_descriptor"", ""tensor_descriptor""], ""load_eviction_policies"": [""last"", ""first"", ""last"", ""first"", ""first""], ""num_stages"": 1, ""num_warps"": 2, ""pid_type"": ""flat"", ""range_flattens"": [null], ""range_multi_buffers"": [null], ""range_num_stages"": [0], ""range_unroll_factors"": [0], ""range_warp_specializes"": [null], ""reduction_loops"": [2048]}",ok,9.184000082314014,0.03899383544921875,1
rms_norm,RM_101,256x4096,heldout,2,heuristics,0,6d53c3602b79725b,"{""atomic_indexing"": [], ""block_sizes"": [1], ""indexing"": [""pointer"", ""tensor_descriptor"", ""pointer"", ""pointer"", ""pointer"", ""tensor_descriptor"", ""pointer""], ""load_eviction_policies"": ["""", ""first"", ""last"", """", """"], ""num_stages"": 3, ""num_warps"": 8, ""pid_type"": ""flat"", ""range_flattens"": [null], ""range_multi_buffers"": [null], ""range_num_stages"": [0], ""range_unroll_factors"": [0], ""range_warp_specializes"": [null], ""reduction_loops"": [8192]}",ok,7.168000098317862,0.03160429000854492,1
rms_norm,RM_101,256x4096,heldout,2,heuristics,0,87b2f26661fd2925,"{""atomic_indexing"": [], ""block_sizes"": [1], ""indexing"": [""tensor_descriptor"", ""tensor_descriptor"", ""tensor_descriptor"", ""tensor_descriptor"", ""pointer"", ""pointer"", ""tensor_descriptor""], ""load_eviction_policies"": ["""", ""last"", ""last"", ""first"", """"], ""num_stages"": 2, ""num_warps"": 8, ""pid_type"": ""flat"", ""range_flattens"": [null], ""range_multi_buffers"": [null], ""range_num_stages"": [0], ""range_unroll_factors"": [0], ""range_warp_specializes"": [null], ""reduction_loops"": [null]}",ok,7.168000098317862,0.02422475814819336,1
rms_norm,RM_101,256x4096,heldout,2,heuristics,0,9615e7b2fea5ec90,"{""atomic_indexing"": [], ""block_sizes"": [1], ""indexing"": [""pointer"", ""pointer"", ""pointer"", ""tensor_descriptor"", ""pointer"", ""tensor_descriptor"", ""pointer""], ""load_eviction_policies"": ["""", ""first"", ""last"", ""first"", ""last""], ""num_stages"": 8, ""num_warps"": 8, ""pid_type"": ""flat"", ""range_flattens"": [null], ""range_multi_buffers"": [null], ""range_num_stages"": [0], ""range_unroll_factors"": [0], ""range_warp_specializes"": [null], ""reduction_loops"": [2048]}",ok,7.168000098317862,0.023000001907348633,1
rms_norm,RM_101,256x4096,heldout,2,heuristics,0,f2da39335308e8ca,"{""atomic_indexing"": [], ""block_sizes"": [1], ""indexing"": [""pointer"", ""pointer"", ""pointer"", ""pointer"", ""pointer"", ""pointer"", ""pointer"", ""pointer""], ""load_eviction_policies"": ["""", """", """", """", """"], ""num_stages"": 1, ""num_warps"": 4, ""pid_type"": ""flat"", ""range_flattens"": [null], ""range_multi_buffers"": [null], ""range_num_stages"": [0], ""range_unroll_factors"": [0], ""range_warp_specializes"": [null], ""reduction_loops"": [null]}",ok,7.2639998979866505,0.02261829376220703,0
rms_norm,RM_101,256x4096,heldout,2,heuristics,0,f99cbeb65b84a22d,"{""atomic_indexing"": [], ""block_sizes"": [8], ""indexing"": [""pointer"", ""pointer"", ""pointer"", ""pointer"", ""pointer"", ""pointer"", ""pointer"", ""pointer""], ""load_eviction_policies"": ["""", """", """", """", """"], ""num_stages"": 1, ""num_warps"": 4, ""pid_type"": ""flat"", ""range_flattens"": [null], ""range_multi_buffers"": [null], ""range_num_stages"": [0], ""range_unroll_factors"": [0], ""range_warp_specializes"": [null], ""reduction_loops"": [null]}",ok,9.216000325977802,0.053998708724975586,0
rms_norm,RM_101,256x4096,heldout,2,heuristics,0,dc0a4ce2ed889219,"{""atomic_indexing"": [], ""block_sizes"": [16], ""indexing"": [""pointer"", ""pointer"", ""pointer"", ""pointer"", ""pointer"", ""pointer"", ""pointer"", ""pointer""], ""load_eviction_policies"": ["""", """", """", """", """"], ""num_stages"": 2, ""num_warps"": 8, ""pid_type"": ""flat"", ""range_flattens"": [null], ""range_multi_buffers"": [null], ""range_num_stages"": [0], ""range_unroll_factors"": [0], ""range_warp_specializes"": [null], ""reduction_loops"": [null]}",ok,11.231999844312668,0.038384199142456055,0
rms_norm,RM_101,256x4096,heldout,2,heuristics,0,2af7f9a5bd8ed543,"{""atomic_indexing"": [], ""block_sizes"": [32], ""indexing"": [""pointer"", ""pointer"", ""pointer"", ""pointer"", ""pointer"", ""pointer"", ""pointer"", ""pointer""], ""load_eviction_policies"": ["""", """", """", """", """"], ""num_stages"": 3, ""num_warps"": 8, ""pid_type"": ""flat"", ""range_flattens"": [null], ""range_multi_buffers"": [null], ""range_num_stages"": [0], ""range_unroll_factors"": [0], ""range_warp_specializes"": [null], ""reduction_loops"": [null]}",ok,80.89599758386612,0.023780345916748047,0
rms_norm,RM_101,256x4096,heldout,2,heuristics,0,ce3f58736754a3f1,"{""atomic_indexing"": [], ""block_sizes"": [4], ""indexing"": [""tensor_descriptor"", ""tensor_descriptor"", ""tensor_descriptor"", ""tensor_descriptor"", ""tensor_descriptor"", ""tensor_descriptor"", ""tensor_descriptor"", ""tensor_descriptor""], ""load_eviction_policies"": ["""", """", """", """", """"], ""num_stages"": 2, ""num_warps"": 4, ""pid_type"": ""flat"", ""range_flattens"": [null], ""range_multi_buffers"": [null], ""range_num_stages"": [0], ""range_unroll_factors"": [0], ""range_warp_specializes"": [null], ""reduction_loops"": [null]}",ok,9.151999838650227,0.024631261825561523,0
rms_norm,RM_101,256x4096,heldout,2,heuristics,0,6edaea06ef0c29be,"{""atomic_indexing"": [], ""block_sizes"": [64], ""indexing"": [""pointer"", ""pointer"", ""pointer"", ""pointer"", ""pointer"", ""pointer"", ""pointer"", ""pointer""], ""load_eviction_policies"": ["""", """", """", """", """"], ""num_sm_multiplier"": 1, ""num_stages"": 2, ""num_warps"": 16, ""pid_type"": ""persistent_blocked"", ""range_flattens"": [null], ""range_multi_buffers"": [null], ""range_num_stages"": [0], ""range_unroll_factors"": [0], ""range_warp_specializes"": [null], ""reduction_loops"": [null]}",ok,87.07199990749359,0.027034282684326172,0
rms_norm,RM_102,512x2048,heldout,0,heuristics,0,24745e38d713c198,"{""atomic_indexing"": [], ""block_sizes"": [2], ""indexing"": [""pointer"", ""pointer"", ""pointer"", ""tensor_descriptor"", ""tensor_descriptor"", ""pointer"", ""pointer""], ""load_eviction_policies"": [""last"", ""first"", ""first"", """", """"], ""num_stages"": 6, ""num_warps"": 4, ""pid_type"": ""flat"", ""range_flattens"": [null], ""range_multi_buffers"": [null], ""range_num_stages"": [0], ""range_unroll_factors"": [0], ""range_warp_specializes"": [null], ""reduction_loops"": [null]}",ok,7.135999854654074,0.07146859169006348,1
rms_norm,RM_102,512x2048,heldout,0,heuristics,0,a0bad60454a64a49,"{""atomic_indexing"": [], ""block_sizes"": [1], ""indexing"": [""pointer"", ""tensor_descriptor"", ""pointer"", ""pointer"", ""pointer"", ""pointer"", ""pointer""], ""load_eviction_policies"": [""first"", ""last"", ""last"", """", ""last""], ""num_stages"": 4, ""num_warps"": 16, ""pid_type"": ""flat"", ""range_flattens"": [null], ""range_multi_buffers"": [null], ""range_num_stages"": [0], ""range_unroll_factors"": [0], ""range_warp_specializes"": [null], ""reduction_loops"": [null]}",ok,7.135999854654074,0.0637979507446289,1
rms_norm,RM_102,512x2048,heldout,0,heuristics,0,0e08e3ec9a7b2c1e,"{""atomic_indexing"": [], ""block_sizes"": [4], ""indexing"": [""pointer"", ""tensor_descriptor"", ""pointer"", ""tensor_descriptor"", ""tensor_descriptor"", ""tensor_descriptor"", ""tensor_descriptor""], ""load_eviction_policies"": [""first"", ""last"", """", ""first"", """"], ""num_stages"": 3, ""num_warps"": 2, ""pid_type"": ""flat"", ""range_flattens"": [null], ""range_multi_buffers"": [null], ""range_num_stages"": [0], ""range_unroll_factors"": [0], ""range_warp_specializes"": [null], ""reduction_loops"": [null]}",ok,9.02399979531765,0.05563020706176758,1
rms_norm,RM_102,512x2048,heldout,0,heuristics,0,482f430b8c9d8e8e,"{""atomic_indexing"": [], ""block_sizes"": [2], ""indexing"": [""tensor_descriptor"", ""pointer"", ""tensor_descriptor"", ""tensor_descriptor"", ""pointer"", ""tensor_descriptor"", ""tensor_descriptor""], ""load_eviction_policies"": [""last"", ""first"", ""last"", ""first"", ""first""], ""num_stages"": 1, ""num_warps"": 2, ""pid_type"": ""flat"", ""range_flattens"": [null], ""range_multi_buffers"": [null], ""range_num_stages"": [0], ""range_unroll_factors"": [0], ""range_warp_specializes"": [null], ""reduction_loops"": [2048]}",ok,7.199999876320362,0.0483095645904541,1
rms_norm,RM_102,512x2048,heldout,0,heuristics,0,6d53c3602b79725b,"{""atomic_indexing"": [], ""block_sizes"": [1], ""indexing"": [""pointer"", ""tensor_descriptor"", ""pointer"", ""pointer"", ""pointer"", ""tensor_descriptor"", ""pointer""], ""load_eviction_policies"": ["""", ""first"", ""last"", """", """"], ""num_stages"": 3, ""num_warps"": 8, ""pid_type"": ""flat"", ""range_flattens"": [null], ""range_multi_buffers"": [null], ""range_num_stages"": [0], ""range_unroll_factors"": [0], ""range_warp_specializes"": [null], ""reduction_loops"": [8192]}",ok,7.135999854654074,0.03172707557678223,1
rms_norm,RM_102,512x2048,heldout,0,heuristics,0,87b2f26661fd2925,"{""atomic_indexing"": [], ""block_sizes"": [1], ""indexing"": [""tensor_descriptor"", ""tensor_descriptor"", ""tensor_descriptor"", ""tensor_descriptor"", ""pointer"", ""pointer"", ""tensor_descriptor""], ""load_eviction_policies"": ["""", ""last"", ""last"", ""first"", """"], ""num_stages"": 2, ""num_warps"": 8, ""pid_type"": ""flat"", ""range_flattens"": [null], ""range_multi_buffers"": [null], ""range_num_stages"": [0], ""range_unroll_factors"": [0], ""range_warp_specializes"": [null], ""reduction_loops"": [null]}",ok,7.135999854654074,0.038025856018066406,1
rms_norm,RM_102,512x2048,heldout,0,heuristics,0,9615e7b2fea5ec90,"{""atomic_indexing"": [], ""block_sizes"": [1], ""indexing"": [""pointer"", ""pointer"", ""pointer"", ""tensor_descriptor"", ""pointer"", ""tensor_descriptor"", ""pointer""], ""load_eviction_policies"": ["""", ""first"", ""last"", ""first"", ""last""], ""num_stages"": 8, ""num_warps"": 8, ""pid_type"": ""flat"", ""range_flattens"": [null], ""range_multi_buffers"": [null], ""range_num_stages"": [0], ""range_unroll_factors"": [0], ""range_warp_specializes"": [null], ""reduction_loops"": [2048]}",ok,7.135999854654074,0.03925180435180664,1
rms_norm,RM_102,512x2048,heldout,0,heuristics,0,f2da39335308e8ca,"{""atomic_indexing"": [], ""block_sizes"": [1], ""indexing"": [""pointer"", ""pointer"", ""pointer"", ""pointer"", ""pointer"", ""pointer"", ""pointer"", ""pointer""], ""load_eviction_policies"": ["""", """", """", """", """"], ""num_stages"": 1, ""num_warps"": 4, ""pid_type"": ""flat"", ""range_flattens"": [null], ""range_multi_buffers"": [null], ""range_num_stages"": [0], ""range_unroll_factors"": [0], ""range_warp_specializes"": [null], ""reduction_loops"": [null]}",ok,7.135999854654074,0.031624794006347656,0
rms_norm,RM_102,512x2048,heldout,0,heuristics,0,a34c73350c7439f9,"{""atomic_indexing"": [], ""block_sizes"": [8], ""indexing"": [""pointer"", ""pointer"", ""pointer"", ""pointer"", ""pointer"", ""pointer"", ""pointer"", ""pointer""], ""load_eviction_policies"": ["""", """", """", """", """"], ""num_stages"": 2, ""num_warps"": 4, ""pid_type"": ""flat"", ""range_flattens"": [null], ""range_multi_buffers"": [null], ""range_num_stages"": [0], ""range_unroll_factors"": [0], ""range_warp_specializes"": [null], ""reduction_loops"": [null]}",ok,9.216000325977802,0.05301380157470703,0
rms_norm,RM_102,512x2048,heldout,0,heuristics,0,9454843723f22d9f,"{""atomic_indexing"": [], ""block_sizes"": [16], ""indexing"": [""pointer"", ""pointer"", ""pointer"", ""pointer"", ""pointer"", ""pointer"", ""pointer"", ""pointer""], ""load_eviction_policies"": ["""", """", """", """", """"], ""num_stages"": 3, ""num_warps"": 8, ""pid_type"": ""flat"", ""range_flattens"": [null], ""range_multi_buffers"": [null], ""range_num_stages"": [0], ""range_unroll_factors"": [0], ""range_warp_specializes"": [null], ""reduction_loops"": [null]}",ok,9.184000082314014,0.0369718074798584,0
rms_norm,RM_102,512x2048,heldout,0,heuristics,0,2f2a4ab45d82b789,"{""atomic_indexing"": [], ""block_sizes"": [32], ""indexing"": [""pointer"", ""pointer"", ""pointer"", ""pointer"", ""pointer"", ""pointer"", ""pointer"", ""pointer""], ""load_eviction_policies"": ["""", """", """", """", """"], ""num_stages"": 2, ""num_warps"": 8, ""pid_type"": ""flat"", ""range_flattens"": [null], ""range_multi_buffers"": [null], ""range_num_stages"": [0], ""range_unroll_factors"": [0], ""range_warp_specializes"": [null], ""reduction_loops"": [null]}",ok,11.231999844312668,0.3808310031890869,0
rms_norm,RM_102,512x2048,heldout,0,heuristics,0,4796949b291348a2,"{""atomic_indexing"": [], ""block_sizes"": [4], ""indexing"": [""pointer"", ""pointer"", ""pointer"", ""pointer"", ""pointer"", ""pointer"", ""pointer"", ""pointer""], ""load_eviction_policies"": ["""", """", """", """", """"], ""num_sm_multiplier"": 1, ""num_stages"": 2, ""num_warps"": 4, ""pid_type"": ""persistent_blocked"", ""range_flattens"": [null], ""range_multi_buffers"": [null], ""range_num_stages"": [0], ""range_unroll_factors"": [0], ""range_warp_specializes"": [null], ""reduction_loops"": [null]}",ok,7.168000098317862,0.025846242904663086,0
rms_norm,RM_102,512x2048,heldout,0,heuristics,0,72af631677264644,"{""atomic_indexing"": [], ""block_sizes"": [16], ""indexing"": [""tensor_descriptor"", ""tensor_descriptor"", ""tensor_descriptor"", ""tensor_descriptor"", ""tensor_descriptor"", ""tensor_descriptor"", ""tensor_descriptor"", ""tensor_descriptor""], ""load_eviction_policies"": ["""", """", """", """", """"], ""num_stages"": 3, ""num_warps"": 8, ""pid_type"": ""flat"", ""range_flattens"": [null], ""range_multi_buffers"": [null], ""range_num_stages"": [0], ""range_unroll_factors"": [0], ""range_warp_specializes"": [null], ""reduction_loops"": [null]}",ok,13.248000293970108,0.02395153045654297,0
rms_norm,RM_102,512x2048,heldout,1,heuristics,0,24745e38d713c198,"{""atomic_indexing"": [], ""block_sizes"": [2], ""indexing"": [""pointer"", ""pointer"", ""pointer"", ""tensor_descriptor"", ""tensor_descriptor"", ""pointer"", ""pointer""], ""load_eviction_policies"": [""last"", ""first"", ""first"", """", """"], ""num_stages"": 6, ""num_warps"": 4, ""pid_type"": ""flat"", ""range_flattens"": [null], ""range_multi_buffers"": [null], ""range_num_stages"": [0], ""range_unroll_factors"": [0], ""range_warp_specializes"": [null], ""reduction_loops"": [null]}",ok,7.135999854654074,0.08074688911437988,1
rms_norm,RM_102,512x2048,heldout,1,heuristics,0,a0bad60454a64a49,"{""atomic_indexing"": [], ""block_sizes"": [1], ""indexing"": [""pointer"", ""tensor_descriptor"", ""pointer"", ""pointer"", ""pointer"", ""pointer"", ""pointer""], ""load_eviction_policies"": [""first"", ""last"", ""last"", """", ""last""], ""num_stages"": 4, ""num_warps"": 16, ""pid_type"": ""flat"", ""range_flattens"": [null], ""range_multi_buffers"": [null], ""range_num_stages"": [0], ""range_unroll_factors"": [0], ""range_warp_specializes"": [null], ""reduction_loops"": [null]}",ok,7.135999854654074,0.06485867500305176,1
rms_norm,RM_102,512x2048,heldout,1,heuristics,0,0e08e3ec9a7b2c1e,"{""atomic_indexing"": [], ""block_sizes"": [4], ""indexing"": [""pointer"", ""tensor_descriptor"", ""pointer"", ""tensor_descriptor"", ""tensor_descriptor"", ""tensor_descriptor"", ""tensor_descriptor""], ""load_eviction_policies"": [""first"", ""last"", """", ""first"", """"], ""num_stages"": 3, ""num_warps"": 2, ""pid_type"": ""flat"", ""range_flattens"": [null], ""range_multi_buffers"": [null], ""range_num_stages"": [0], ""range_unroll_factors"": [0], ""range_warp_specializes"": [null], ""reduction_loops"": [null]}",ok,9.119999594986439,0.049485206604003906,1
rms_norm,RM_102,512x2048,heldout,1,heuristics,0,482f430b8c9d8e8e,"{""atomic_indexing"": [], ""block_sizes"": [2], ""indexing"": [""tensor_descriptor"", ""pointer"", ""tensor_descriptor"", ""tensor_descriptor"", ""pointer"", ""tensor_descriptor"", ""tensor_descriptor""], ""load_eviction_policies"": [""last"", ""first"", ""last"", ""first"", ""first""], ""num_stages"": 1, ""num_warps"": 2, ""pid_type"": ""flat"", ""range_flattens"": [null], ""range_multi_buffers"": [null], ""range_num_stages"": [0], ""range_unroll_factors"": [0], ""range_warp_specializes"": [null], ""reduction_loops"": [2048]}",ok,7.199999876320362,0.04269886016845703,1
rms_norm,RM_102,512x2048,heldout,1,heuristics,0,6d53c3602b79725b,"{""atomic_indexing"": [], ""block_sizes"": [1], ""indexing"": [""pointer"", ""tensor_descriptor"", ""pointer"", ""pointer"", ""pointer"", ""tensor_descriptor"", ""pointer""], ""load_eviction_policies"": ["""", ""first"", ""last"", """", """"], ""num_stages"": 3, ""num_warps"": 8, ""pid_type"": ""flat"", ""range_flattens"": [null], ""range_multi_buffers"": [null], ""range_num_stages"": [0], ""range_unroll_factors"": [0], ""range_warp_specializes"": [null], ""reduction_loops"": [8192]}",ok,7.135999854654074,0.032937049865722656,1
rms_norm,RM_102,512x2048,heldout,1,heuristics,0,87b2f26661fd2925,"{""atomic_indexing"": [], ""block_sizes"": [1], ""indexing"": [""tensor_descriptor"", ""tensor_descriptor"", ""tensor_descriptor"", ""tensor_descriptor"", ""pointer"", ""pointer"", ""tensor_descriptor""], ""load_eviction_policies"": ["""", ""last"", ""last"", ""first"", """"], ""num_stages"": 2, ""num_warps"": 8, ""pid_type"": ""flat"", ""range_flattens"": [null], ""range_multi_buffers"": [null], ""range_num_stages"": [0], ""range_unroll_factors"": [0], ""range_warp_specializes"": [null], ""reduction_loops"": [null]}",ok,7.135999854654074,0.025463104248046875,1
rms_norm,RM_102,512x2048,heldout,1,heuristics,0,9615e7b2fea5ec90,"{""atomic_indexing"": [], ""block_sizes"": [1], ""indexing"": [""pointer"", ""pointer"", ""pointer"", ""tensor_descriptor"", ""pointer"", ""tensor_descriptor"", ""pointer""], ""load_eviction_policies"": ["""", ""first"", ""last"", ""first"", ""last""], ""num_stages"": 8, ""num_warps"": 8, ""pid_type"": ""flat"", ""range_flattens"": [null], ""range_multi_buffers"": [null], ""range_num_stages"": [0], ""range_unroll_factors"": [0], ""range_warp_specializes"": [null], ""reduction_loops"": [2048]}",ok,7.168000098317862,0.02366781234741211,1
rms_norm,RM_102,512x2048,heldout,1,heuristics,0,f2da39335308e8ca,"{""atomic_indexing"": [], ""block_sizes"": [1], ""indexing"": [""pointer"", ""pointer"", ""pointer"", ""pointer"", ""pointer"", ""pointer"", ""pointer"", ""pointer""], ""load_eviction_policies"": ["""", """", """", """", """"], ""num_stages"": 1, ""num_warps"": 4, ""pid_type"": ""flat"", ""range_flattens"": [null], ""range_multi_buffers"": [null], ""range_num_stages"": [0], ""range_unroll_factors"": [0], ""range_warp_specializes"": [null], ""reduction_loops"": [null]}",ok,7.168000098317862,0.022165536880493164,0
rms_norm,RM_102,512x2048,heldout,1,heuristics,0,f99cbeb65b84a22d,"{""atomic_indexing"": [], ""block_sizes"": [8], ""indexing"": [""pointer"", ""pointer"", ""pointer"", ""pointer"", ""pointer"", ""pointer"", ""pointer"", ""pointer""], ""load_eviction_policies"": ["""", """", """", """", """"], ""num_stages"": 1, ""num_warps"": 4, ""pid_type"": ""flat"", ""range_flattens"": [null], ""range_multi_buffers"": [null], ""range_num_stages"": [0], ""range_unroll_factors"": [0], ""range_warp_specializes"": [null], ""reduction_loops"": [null]}",ok,9.184000082314014,0.05222320556640625,0
rms_norm,RM_102,512x2048,heldout,1,heuristics,0,dc0a4ce2ed889219,"{""atomic_indexing"": [], ""block_sizes"": [16], ""indexing"": [""pointer"", ""pointer"", ""pointer"", ""pointer"", ""pointer"", ""pointer"", ""pointer"", ""pointer""], ""load_eviction_policies"": ["""", """", """", """", """"], ""num_stages"": 2, ""num_warps"": 8, ""pid_type"": ""flat"", ""range_flattens"": [null], ""range_multi_buffers"": [null], ""range_num_stages"": [0], ""range_unroll_factors"": [0], ""range_warp_specializes"": [null], ""reduction_loops"": [null]}",ok,9.184000082314014,0.03676128387451172,0
rms_norm,RM_102,512x2048,heldout,1,heuristics,0,2af7f9a5bd8ed543,"{""atomic_indexing"": [], ""block_sizes"": [32], ""indexing"": [""pointer"", ""pointer"", ""pointer"", ""pointer"", ""pointer"", ""pointer"", ""pointer"", ""pointer""], ""load_eviction_policies"": ["""", """", """", """", """"], ""num_stages"": 3, ""num_warps"": 8, ""pid_type"": ""flat"", ""range_flattens"": [null], ""range_multi_buffers"": [null], ""range_num_stages"": [0], ""range_unroll_factors"": [0], ""range_warp_specializes"": [null], ""reduction_loops"": [null]}",ok,11.231999844312668,0.02440166473388672,0
rms_norm,RM_102,512x2048,heldout,1,heuristics,0,4796949b291348a2,"{""atomic_indexing"": [], ""block_sizes"": [4], ""indexing"": [""pointer"", ""pointer"", ""pointer"", ""pointer"", ""pointer"", ""pointer"", ""pointer"", ""pointer""], ""load_eviction_policies"": ["""", """", """", """", """"], ""num_sm_multiplier"": 1, ""num_stages"": 2, ""num_warps"": 4, ""pid_type"": ""persistent_blocked"", ""range_flattens"": [null], ""range_multi_buffers"": [null], ""range_num_stages"": [0], ""range_unroll_factors"": [0], ""range_warp_specializes"": [null], ""reduction_loops"": [null]}",ok,7.135999854654074,0.03260159492492676,0
rms_norm,RM_102,512x2048,heldout,1,heuristics,0,e59b07145ab44804,"{""atomic_indexing"": [], ""block_sizes"": [32], ""indexing"": [""tensor_descriptor"", ""tensor_descriptor"", ""tensor_descriptor"", ""tensor_descriptor"", ""tensor_descriptor"", ""tensor_descriptor"", ""tensor_descriptor"", ""tensor_descriptor""], ""load_eviction_policies"": ["""", """", """", """", """"], ""num_stages"": 2, ""num_warps"": 16, ""pid_type"": ""flat"", ""range_flattens"": [null], ""range_multi_buffers"": [null], ""range_num_stages"": [0], ""range_unroll_factors"": [0], ""range_warp_specializes"": [null], ""reduction_loops"": [null]}",ok,15.359999611973763,0.03585076332092285,0
rms_norm,RM_102,512x2048,heldout,2,heuristics,0,24745e38d713c198,"{""atomic_indexing"": [], ""block_sizes"": [2], ""indexing"": [""pointer"", ""pointer"", ""pointer"", ""tensor_descriptor"", ""tensor_descriptor"", ""pointer"", ""pointer""], ""load_eviction_policies"": [""last"", ""first"", ""first"", """", """"], ""num_stages"": 6, ""num_warps"": 4, ""pid_type"": ""flat"", ""range_flattens"": [null], ""range_multi_buffers"": [null], ""range_num_stages"": [0], ""range_unroll_factors"": [0], ""range_warp_specializes"": [null], ""reduction_loops"": [null]}",ok,7.135999854654074,0.11964941024780273,1
rms_norm,RM_102,512x2048,heldout,2,heuristics,0,a0bad60454a64a49,"{""atomic_indexing"": [], ""block_sizes"": [1], ""indexing"": [""pointer"", ""tensor_descriptor"", ""pointer"", ""pointer"", ""pointer"", ""pointer"", ""pointer""], ""load_eviction_policies"": [""first"", ""last"", ""last"", """", ""last""], ""num_stages"": 4, ""num_warps"": 16, ""pid_type"": ""flat"", ""range_flattens"": [null], ""range_multi_buffers"": [null], ""range_num_stages"": [0], ""range_unroll_factors"": [0], ""range_warp_specializes"": [null], ""reduction_loops"": [null]}",ok,7.135999854654074,0.10383939743041992,1
rms_norm,RM_102,512x2048,heldout,2,heuristics,0,0e08e3ec9a7b2c1e,"{""atomic_indexing"": [], ""block_sizes"": [4], ""indexing"": [""pointer"", ""tensor_descriptor"", ""pointer"", ""tensor_descriptor"", ""tensor_descriptor"", ""tensor_descriptor"", ""tensor_descriptor""], ""load_eviction_policies"": [""first"", ""last"", """", ""first"", """"], ""num_stages"": 3, ""num_warps"": 2, ""pid_type"": ""flat"", ""range_flattens"": [null], ""range_multi_buffers"": [null], ""range_num_stages"": [0], ""range_unroll_factors"": [0], ""range_warp_specializes"": [null], ""reduction_loops"": [null]}",ok,9.119999594986439,0.08805441856384277,1
rms_norm,RM_102,512x2048,heldout,2,heuristics,0,482f430b8c9d8e8e,"{""atomic_indexing"": [], ""block_sizes"": [2], ""indexing"": [""tensor_descriptor"", ""pointer"", ""tensor_descriptor"", ""tensor_descriptor"", ""pointer"", ""tensor_descriptor"", ""tensor_descriptor""], ""load_eviction_policies"": [""last"", ""first"", ""last"", ""first"", ""first""], ""num_stages"": 1, ""num_warps"": 2, ""pid_type"": ""flat"", ""range_flattens"": [null], ""range_multi_buffers"": [null], ""range_num_stages"": [0], ""range_unroll_factors"": [0], ""range_warp_specializes"": [null], ""reduction_loops"": [2048]}",ok,7.199999876320362,0.0807650089263916,1
rms_norm,RM_102,512x2048,heldout,2,heuristics,0,6d53c3602b79725b,"{""atomic_indexing"": [], ""block_sizes"": [1], ""indexing"": [""pointer"", ""tensor_descriptor"", ""pointer"", ""pointer"", ""pointer"", ""tensor_descriptor"", ""pointer""], ""load_eviction_policies"": ["""", ""first"", ""last"", """", """"], ""num_stages"": 3, ""num_warps"": 8, ""pid_type"": ""flat"", ""range_flattens"": [null], ""range_multi_buffers"": [null], ""range_num_stages"": [0], ""range_unroll_factors"": [0], ""range_warp_specializes"": [null], ""reduction_loops"": [8192]}",ok,7.135999854654074,0.06069445610046387,1
rms_norm,RM_102,512x2048,heldout,2,heuristics,0,87b2f26661fd2925,"{""atomic_indexing"": [], ""block_sizes"": [1], ""indexing"": [""tensor_descriptor"", ""tensor_descriptor"", ""tensor_descriptor"", ""tensor_descriptor"", ""pointer"", ""pointer"", ""tensor_descriptor""], ""load_eviction_policies"": ["""", ""last"", ""last"", ""first"", """"], ""num_stages"": 2, ""num_warps"": 8, ""pid_type"": ""flat"", ""range_flattens"": [null], ""range_multi_buffers"": [null], ""range_num_stages"": [0], ""range_unroll_factors"": [0], ""range_warp_specializes"": [null], ""reduction_loops"": [null]}",ok,7.135999854654074,0.05069851875305176,1
rms_norm,RM_102,512x2048,heldout,2,heuristics,0,9615e7b2fea5ec90,"{""atomic_indexing"": [], ""block_sizes"": [1], ""indexing"": [""pointer"", ""pointer"", ""pointer"", ""tensor_descriptor"", ""pointer"", ""tensor_descriptor"", ""pointer""], ""load_eviction_policies"": ["""", ""first"", ""last"", ""first"", ""last""], ""num_stages"": 8, ""num_warps"": 8, ""pid_type"": ""flat"", ""range_flattens"": [null], ""range_multi_buffers"": [null], ""range_num_stages"": [0], ""range_unroll_factors"": [0], ""range_warp_specializes"": [null], ""reduction_loops"": [2048]}",ok,7.135999854654074,0.04055285453796387,1
rms_norm,RM_102,512x2048,heldout,2,heuristics,0,f2da39335308e8ca,"{""atomic_indexing"": [], ""block_sizes"": [1], ""indexing"": [""pointer"", ""pointer"", ""pointer"", ""pointer"", ""pointer"", ""pointer"", ""pointer"", ""pointer""], ""load_eviction_policies"": ["""", """", """", """", """"], ""num_stages"": 1, ""num_warps"": 4, ""pid_type"": ""flat"", ""range_flattens"": [null], ""range_multi_buffers"": [null], ""range_num_stages"": [0], ""range_unroll_factors"": [0], ""range_warp_specializes"": [null], ""reduction_loops"": [null]}",ok,7.135999854654074,0.04622173309326172,0
rms_norm,RM_102,512x2048,heldout,2,heuristics,0,a34c73350c7439f9,"{""atomic_indexing"": [], ""block_sizes"": [8], ""indexing"": [""pointer"", ""pointer"", ""pointer"", ""pointer"", ""pointer"", ""pointer"", ""pointer"", ""pointer""], ""load_eviction_policies"": ["""", """", """", """", """"], ""num_stages"": 2, ""num_warps"": 4, ""pid_type"": ""flat"", ""range_flattens"": [null], ""range_multi_buffers"": [null], ""range_num_stages"": [0], ""range_unroll_factors"": [0], ""range_warp_specializes"": [null], ""reduction_loops"": [null]}",ok,9.216000325977802,0.055765390396118164,0
rms_norm,RM_102,512x2048,heldout,2,heuristics,0,9454843723f22d9f,"{""atomic_indexing"": [], ""block_sizes"": [16], ""indexing"": [""pointer"", ""pointer"", ""pointer"", ""pointer"", ""pointer"", ""pointer"", ""pointer"", ""pointer""], ""load_eviction_policies"": ["""", """", """", """", """"], ""num_stages"": 3, ""num_warps"": 8, ""pid_type"": ""flat"", ""range_flattens"": [null], ""range_multi_buffers"": [null], ""range_num_stages"": [0], ""range_unroll_factors"": [0], ""range_warp_specializes"": [null], ""reduction_loops"": [null]}",ok,9.184000082314014,0.03952431678771973,0
rms_norm,RM_102,512x2048,heldout,2,heuristics,0,4ea78bdd40cee736,"{""atomic_indexing"": [], ""block_sizes"": [32], ""indexing"": [""pointer"", ""pointer"", ""pointer"", ""pointer"", ""pointer"", ""pointer"", ""pointer"", ""pointer""], ""load_eviction_policies"": ["""", """", """", """", """"], ""num_sm_multiplier"": 1, ""num_stages"": 2, ""num_warps"": 8, ""pid_type"": ""persistent_blocked"", ""range_flattens"": [null], ""range_multi_buffers"": [null], ""range_num_stages"": [0], ""range_unroll_factors"": [0], ""range_warp_specializes"": [null], ""reduction_loops"": [null]}",ok,11.231999844312668,0.02508544921875,0
rms_norm,RM_102,512x2048,heldout,2,heuristics,0,ce3f58736754a3f1,"{""atomic_indexing"": [], ""block_sizes"": [4], ""indexing"": [""tensor_descriptor"", ""tensor_descriptor"", ""tensor_descriptor"", ""tensor_descriptor"", ""tensor_descriptor"", ""tensor_descriptor"", ""tensor_descriptor"", ""tensor_descriptor""], ""load_eviction_policies"": ["""", """", """", """", """"], ""num_stages"": 2, ""num_warps"": 4, ""pid_type"": ""flat"", ""range_flattens"": [null], ""range_multi_buffers"": [null], ""range_num_stages"": [0], ""range_unroll_factors"": [0], ""range_warp_specializes"": [null], ""reduction_loops"": [null]}",ok,7.168000098317862,0.025791406631469727,0
rms_norm,RM_102,512x2048,heldout,2,heuristics,0,fbebc4fb16f7b19b,"{""atomic_indexing"": [], ""block_sizes"": [64], ""indexing"": [""pointer"", ""pointer"", ""pointer"", ""pointer"", ""pointer"", ""pointer"", ""pointer"", ""pointer""], ""load_eviction_policies"": ["""", """", """", """", """"], ""num_sm_multiplier"": 1, ""num_stages"": 3, ""num_warps"": 16, ""pid_type"": ""persistent_interleaved"", ""range_flattens"": [null], ""range_multi_buffers"": [null], ""range_num_stages"": [0], ""range_unroll_factors"": [0], ""range_warp_specializes"": [null], ""reduction_loops"": [null]}",ok,37.856001406908035,0.02530527114868164,0
rms_norm,RM_103,1024x1024,heldout,0,heuristics,0,24745e38d713c198,"{""atomic_indexing"": [], ""block_sizes"": [2], ""indexing"": [""pointer"", ""pointer"", ""pointer"", ""tensor_descriptor"", ""tensor_descriptor"", ""pointer"", ""pointer""], ""load_eviction_policies"": [""last"", ""first"", ""first"", """", """"], ""num_stages"": 6, ""num_warps"": 4, ""pid_type"": ""flat"", ""range_flattens"": [null], ""range_multi_buffers"": [null], ""range_num_stages"": [0], ""range_unroll_factors"": [0], ""range_warp_specializes"": [null], ""reduction_loops"": [null]}",ok,7.135999854654074,0.09122419357299805,1
rms_norm,RM_103,1024x1024,heldout,0,heuristics,0,a0bad60454a64a49,"{""atomic_indexing"": [], ""block_sizes"": [1], ""indexing"": [""pointer"", ""tensor_descriptor"", ""pointer"", ""pointer"", ""pointer"", ""pointer"", ""pointer""], ""load_eviction_policies"": [""first"", ""last"", ""last"", """", ""last""], ""num_stages"": 4, ""num_warps"": 16, ""pid_type"": ""flat"", ""range_flattens"": [null], ""range_multi_buffers"": [null], ""range_num_stages"": [0], ""range_unroll_factors"": [0], ""range_warp_specializes"": [null], ""reduction_loops"": [null]}",ok,9.184000082314014,0.07550334930419922,1
rms_norm,RM_103,1024x1024,heldout,0,heuristics,0,0e08e3ec9a7b2c1e,"{""atomic_indexing"": [], ""block_sizes"": [4], ""indexing"": [""pointer"", ""tensor_descriptor"", ""pointer"", ""tensor_descriptor"", ""tensor_descriptor"", ""tensor_descriptor"", ""tensor_descriptor""], ""load_eviction_policies"": [""first"", ""last"", """", ""first"", """"], ""num_stages"": 3, ""num_warps"": 2, ""pid_type"": ""flat"", ""range_flattens"": [null], ""range_multi_buffers"": [null], ""range_num_stages"": [0], ""range_unroll_factors"": [0], ""range_warp_specializes"": [null], ""reduction_loops"": [null]}",ok,7.135999854654074,0.0606226921081543,1
rms_norm,RM_103,1024x1024,heldout,0,heuristics,0,482f430b8c9d8e8e,"{""atomic_indexing"": [], ""block_sizes"": [2], ""indexing"": [""tensor_descriptor"", ""pointer"", ""tensor_descriptor"", ""tensor_descriptor"", ""pointer"", ""tensor_descriptor"", ""tensor_descriptor""], ""load_eviction_policies"": [""last"", ""first"", ""last"", ""first"", ""first""], ""num_stages"": 1, ""num_warps"": 2, ""pid_type"": ""flat"", ""range_flattens"": [null], ""range_multi_buffers"": [null], ""range_num_stages"": [0], ""range_unroll_factors"": [0], ""range_warp_specializes"": [null], ""reduction_loops"": [2048]}",ok,7.168000098317862,0.053079843521118164,1
rms_norm,RM_103,1024x1024,heldout,0,heuristics,0,6d53c3602b79725b,"{""atomic_indexing"": [], ""block_sizes"": [1], ""indexing"": [""pointer"", ""tensor_descriptor"", ""pointer"", ""pointer"", ""pointer"", ""tensor_descriptor"", ""pointer""], ""load_eviction_policies"": ["""", ""first"", ""last"", """", """"], ""num_stages"": 3, ""num_warps"": 8, ""pid_type"": ""flat"", ""range_flattens"": [null], ""range_multi_buffers"": [null], ""range_num_stages"": [0], ""range_unroll_factors"": [0], ""range_warp_specializes"": [null], ""reduction_loops"": [8192]}",ok,7.168000098317862,0.045285940170288086,1
rms_norm,RM_103,1024x1024,heldout,0,heuristics,0,87b2f26661fd2925,"{""atomic_indexing"": [], ""block_sizes"": [1], ""indexing"": [""tensor_descriptor"", ""tensor_descriptor"", ""tensor_descriptor"", ""tensor_descriptor"", ""pointer"", ""pointer"", ""tensor_descriptor""], ""load_eviction_policies"": ["""", ""last"", ""last"", ""first"", """"], ""num_stages"": 2, ""num_warps"": 8, ""pid_type"": ""flat"", ""range_flattens"": [null], ""range_multi_buffers"": [null], ""range_num_stages"": [0], ""range_unroll_factors"": [0], ""range_warp_specializes"": [null], ""reduction_loops"": [null]}",ok,7.135999854654074,0.03629779815673828,1
rms_norm,RM_103,1024x1024,heldout,0,heuristics,0,9615e7b2fea5ec90,"{""atomic_indexing"": [], ""block_sizes"": [1], ""indexing"": [""pointer"", ""pointer"", ""pointer"", ""tensor_descriptor"", ""pointer"", ""tensor_descriptor"", ""pointer""], ""load_eviction_policies"": ["""", ""first"", ""last"", ""first"", ""last""], ""num_stages"": 8, ""num_warps"": 8, ""pid_type"": ""flat"", ""range_flattens"": [null], ""range_multi_buffers"": [null], ""range_num_stages"": [0], ""range_unroll_factors"": [0], ""range_warp_specializes"": [null], ""reduction_loops"": [2048]}",ok,7.135999854654074,0.024378061294555664,1
rms_norm,RM_103,1024x1024,heldout,0,heuristics,0,f2da39335308e8ca,"{""atomic_indexing"": [], ""block_sizes"": [1], ""indexing"": [""pointer"", ""pointer"", ""pointer"", ""pointer"", ""pointer"", ""pointer"", ""pointer"", ""pointer""], ""load_eviction_policies"": ["""", """", """", """", """"], ""num_stages"": 1, ""num_warps"": 4, ""pid_type"": ""flat"", ""range_flattens"": [null], ""range_multi_buffers"": [null], ""range_num_stages"": [0], ""range_unroll_factors"": [0], ""range_warp_specializes"": [null], ""reduction_loops"": [null]}",ok,7.135999854654074,0.02248835563659668,0
rms_norm,RM_103,1024x1024,heldout,0,heuristics,0,a34c73350c7439f9,"{""atomic_indexing"": [], ""block_sizes"": [8], ""indexing"": [""pointer"", ""pointer"", ""pointer"", ""pointer"", ""pointer"", ""pointer"", ""pointer"", ""pointer""], ""load_eviction_policies"": ["""", """", """", """", """"], ""num_stages"": 2, ""num_warps"": 4, ""pid_type"": ""flat"", ""range_flattens"": [null], ""range_multi_buffers"": [null], ""range_num_stages"": [0], ""range_unroll_factors"": [0], ""range_warp_specializes"": [null], ""reduction_loops"": [null]}",ok,7.168000098317862,0.05432009696960449,0
rms_norm,RM_103,1024x1024,heldout,0,heuristics,0,9454843723f22d9f,"{""atomic_indexing"": [], ""block_sizes"": [16], ""indexing"": [""pointer"", ""pointer"", ""pointer"", ""pointer"", ""pointer"", ""pointer"", ""pointer"", ""pointer""], ""load_eviction_policies"": ["""", """", """", """", """"], ""num_stages"": 3, ""num_warps"": 8, ""pid_type"": ""flat"", ""range_flattens"": [null], ""range_multi_buffers"": [null], ""range_num_stages"": [0], ""range_unroll_factors"": [0], ""range_warp_specializes"": [null], ""reduction_loops"": [null]}",ok,9.151999838650227,0.038277626037597656,0
rms_norm,RM_103,1024x1024,heldout,0,heuristics,0,4ea78bdd40cee736,"{""atomic_indexing"": [], ""block_sizes"": [32], ""indexing"": [""pointer"", ""pointer"", ""pointer"", ""pointer"", ""pointer"", ""pointer"", ""pointer"", ""pointer""], ""load_eviction_policies"": ["""", """", """", """", """"], ""num_sm_multiplier"": 1, ""num_stages"": 2, ""num_warps"": 8, ""pid_type"": ""persistent_blocked"", ""range_flattens"": [null], ""range_multi_buffers"": [null], ""range_num_stages"": [0], ""range_unroll_factors"": [0], ""range_warp_specializes"": [null], ""reduction_loops"": [null]}",ok,9.184000082314014,0.03495454788208008,0
rms_norm,RM_103,1024x1024,heldout,0,heuristics,0,72af631677264644,"{""atomic_indexing"": [], ""block_sizes"": [16], ""indexing"": [""tensor_descriptor"", ""tensor_descriptor"", ""tensor_descriptor"", ""tensor_descriptor"", ""tensor_descriptor"", ""tensor_descriptor"", ""tensor_descriptor"", ""tensor_descriptor""], ""load_eviction_policies"": ["""", """", """", """", """"], ""num_stages"": 3, ""num_warps"": 8, ""pid_type"": ""flat"", ""range_flattens"": [null], ""range_multi_buffers"": [null], ""range_num_stages"": [0], ""range_unroll_factors"": [0], ""range_warp_specializes"": [null], ""reduction_loops"": [null]}",ok,11.231999844312668,0.2264552116394043,0
rms_norm,RM_103,1024x1024,heldout,0,heuristics,0,6e3b656db1de5a1b,"{""atomic_indexing"": [], ""block_sizes"": [64], ""indexing"": [""pointer"", ""pointer"", ""pointer"", ""pointer"", ""pointer"", ""pointer"", ""pointer"", ""pointer""], ""load_eviction_policies"": ["""", """", """", """", """"], ""num_sm_multiplier"": 1, ""num_stages"": 4, ""num_warps"": 16, ""pid_type"": ""persistent_interleaved"", ""range_flattens"": [null], ""range_multi_buffers"": [null], ""range_num_stages"": [0], ""range_unroll_factors"": [0], ""range_warp_specializes"": [null], ""reduction_loops"": [null]}",ok,11.231999844312668,0.2619175910949707,0
rms_norm,RM_103,1024x1024,heldout,1,heuristics,0,24745e38d713c198,"{""atomic_indexing"": [], ""block_sizes"": [2], ""indexing"": [""pointer"", ""pointer"", ""pointer"", ""tensor_descriptor"", ""tensor_descriptor"", ""pointer"", ""pointer""], ""load_eviction_policies"": [""last"", ""first"", ""first"", """", """"], ""num_stages"": 6, ""num_warps"": 4, ""pid_type"": ""flat"", ""range_flattens"": [null], ""range_multi_buffers"": [null], ""range_num_stages"": [0], ""range_unroll_factors"": [0], ""range_warp_specializes"": [null], ""reduction_loops"": [null]}",ok,7.135999854654074,0.11734175682067871,1
rms_norm,RM_103,1024x1024,heldout,1,heuristics,0,a0bad60454a64a49,"{""atomic_indexing"": [], ""block_sizes"": [1], ""indexing"": [""pointer"", ""tensor_descriptor"", ""pointer"", ""pointer"", ""pointer"", ""pointer"", ""pointer""], ""load_eviction_policies"": [""first"", ""last"", ""last"", """", ""last""], ""num_stages"": 4, ""num_warps"": 16, ""pid_type"": ""flat"", ""range_flattens"": [null], ""range_multi_buffers"": [null], ""range_num_stages"": [0], ""range_unroll_factors"": [0], ""range_warp_specializes"": [null], ""reduction_loops"": [null]}",ok,9.184000082314014,0.10040736198425293,1
rms_norm,RM_103,1024x1024,heldout,1,heuristics,0,0e08e3ec9a7b2c1e,"{""atomic_indexing"": [], ""block_sizes"": [4], ""indexing"": [""pointer"", ""tensor_descriptor"", ""pointer"", ""tensor_descriptor"", ""tensor_descriptor"", ""tensor_descriptor"", ""tensor_descriptor""], ""load_eviction_policies"": [""first"", ""last"", """", ""first"", """"], ""num_stages"": 3, ""num_warps"": 2, ""pid_type"": ""flat"", ""range_flattens"": [null], ""range_multi_buffers"": [null], ""range_num_stages"": [0], ""range_unroll_factors"": [0], ""range_warp_specializes"": [null], ""reduction_loops"": [null]}",ok,7.135999854654074,0.08336806297302246,1
rms_norm,RM_103,1024x1024,heldout,1,heuristics,0,482f430b8c9d8e8e,"{""atomic_indexing"": [], ""block_sizes"": [2], ""indexing"": [""tensor_descriptor"", ""pointer"", ""tensor_descriptor"", ""tensor_descriptor"", ""pointer"", ""tensor_descriptor"", ""tensor_descriptor""], ""load_eviction_policies"": [""last"", ""first"", ""last"", ""first"", ""first""], ""num_stages"": 1, ""num_warps"": 2, ""pid_type"": ""flat"", ""range_flattens"": [null], ""range_multi_buffers"": [null], ""range_num_stages"": [0], ""range_unroll_factors"": [0], ""range_warp_specializes"": [null], ""reduction_loops"": [2048]}",ok,7.135999854654074,0.074920654296875,1
rms_norm,RM_103,1024x1024,heldout,1,heuristics,0,6d53c3602b79725b,"{""atomic_indexing"": [], ""block_sizes"": [1], ""indexing"": [""pointer"", ""tensor_descriptor"", ""pointer"", ""pointer"", ""pointer"", ""tensor_descriptor"", ""pointer""], ""load_eviction_policies"": ["""", ""first"", ""last"", """", """"], ""num_stages"": 3, ""num_warps"": 8, ""pid_type"": ""flat"", ""range_flattens"": [null], ""range_multi_buffers"": [null], ""range_num_stages"": [0], ""range_unroll_factors"": [0], ""range_warp_specializes"": [null], ""reduction_loops"": [8192]}",ok,7.168000098317862,0.05597209930419922,1
rms_norm,RM_103,1024x1024,heldout,1,heuristics,0,87b2f26661fd2925,"{""atomic_indexing"": [], ""block_sizes"": [1], ""indexing"": [""tensor_descriptor"", ""tensor_descriptor"", ""tensor_descriptor"", ""tensor_descriptor"", ""pointer"", ""pointer"", ""tensor_descriptor""], ""load_eviction_policies"": ["""", ""last"", ""last"", ""first"", """"], ""num_stages"": 2, ""num_warps"": 8, ""pid_type"": ""flat"", ""range_flattens"": [null], ""range_multi_buffers"": [null], ""range_num_stages"": [0], ""range_unroll_factors"": [0], ""range_warp_specializes"": [null], ""reduction_loops"": [null]}",ok,7.135999854654074,0.04233717918395996,1
rms_norm,RM_103,1024x1024,heldout,1,heuristics,0,9615e7b2fea5ec90,"{""atomic_indexing"": [], ""block_sizes"": [1], ""indexing"": [""pointer"", ""pointer"", ""pointer"", ""tensor_descriptor"", ""pointer"", ""tensor_descriptor"", ""pointer""], ""load_eviction_policies"": ["""", ""first"", ""last"", ""first"", ""last""], ""num_stages"": 8, ""num_warps"": 8, ""pid_type"": ""flat"", ""range_flattens"": [null], ""range_multi_buffers"": [null], ""range_num_stages"": [0], ""range_unroll_factors"": [0], ""range_warp_specializes"": [null], ""reduction_loops"": [2048]}",ok,7.135999854654074,0.03837466239929199,1
rms_norm,RM_103,1024x1024,heldout,1,heuristics,0,f2da39335308e8ca,"{""atomic_indexing"": [], ""block_sizes"": [1], ""indexing"": [""pointer"", ""pointer"", ""pointer"", ""pointer"", ""pointer"", ""pointer"", ""pointer"", ""pointer""], ""load_eviction_policies"": ["""", """", """", """", """"], ""num_stages"": 1, ""num_warps"": 4, ""pid_type"": ""flat"", ""range_flattens"": [null], ""range_multi_buffers"": [null], ""range_num_stages"": [0], ""range_unroll_factors"": [0], ""range_warp_specializes"": [null], ""reduction_loops"": [null]}",ok,7.135999854654074,0.03669404983520508,0
rms_norm,RM_103,1024x1024,heldout,1,heuristics,0,f99cbeb65b84a22d,"{""atomic_indexing"": [], ""block_sizes"": [8], ""indexing"": [""pointer"", ""pointer"", ""pointer"", ""pointer"", ""pointer"", ""pointer"", ""pointer"", ""pointer""], ""load_eviction_policies"": ["""", """", """", """", """"], ""num_stages"": 1, ""num_warps"": 4, ""pid_type"": ""flat"", ""range_flattens"": [null], ""range_multi_buffers"": [null], ""range_num_stages"": [0], ""range_unroll_factors"": [0], ""range_warp_specializes"": [null], ""reduction_loops"": [null]}",ok,7.168000098317862,0.0639035701751709,0
rms_norm,RM_103,1024x1024,heldout,1,heuristics,0,af3d1b4d83e28ac9,"{""atomic_indexing"": [], ""block_sizes"": [16], ""indexing"": [""pointer"", ""pointer"", ""pointer"", ""pointer"", ""pointer"", ""pointer"", ""pointer"", ""pointer""], ""load_eviction_policies"": ["""", """", """", """", """"], ""num_stages"": 2, ""num_warps"": 4, ""pid_type"": ""flat"", ""range_flattens"": [null], ""range_multi_buffers"": [null], ""range_num_stages"": [0], ""range_unroll_factors"": [0], ""range_warp_specializes"": [null], ""reduction_loops"": [null]}",ok,9.216000325977802,0.04782724380493164,0
rms_norm,RM_103,1024x1024,heldout,1,heuristics,0,2af7f9a5bd8ed543,"{""atomic_indexing"": [], ""block_sizes"": [32], ""indexing"": [""pointer"", ""pointer"", ""pointer"", ""pointer"", ""pointer"", ""pointer"", ""pointer"", ""pointer""], ""load_eviction_policies"": ["""", """", """", """", """"], ""num_stages"": 3, ""num_warps"": 8, ""pid_type"": ""flat"", ""range_flattens"": [null], ""range_multi_buffers"": [null], ""range_num_stages"": [0], ""range_unroll_factors"": [0], ""range_warp_specializes"": [null], ""reduction_loops"": [null]}",ok,9.184000082314014,0.032570838928222656,0
rms_norm,RM_103,1024x1024,heldout,1,heuristics,0,d33e5c099aa3f302,"{""atomic_indexing"": [], ""block_sizes"": [64], ""indexing"": [""pointer"", ""pointer"", ""pointer"", ""pointer"", ""pointer"", ""pointer"", ""pointer"", ""pointer""], ""load_eviction_policies"": ["""", """", """", """", """"], ""num_sm_multiplier"": 1, ""num_stages"": 2, ""num_warps"": 8, ""pid_type"": ""persistent_blocked"", ""range_flattens"": [null], ""range_multi_buffers"": [null], ""range_num_stages"": [0], ""range_unroll_factors"": [0], ""range_warp_specializes"": [null], ""reduction_loops"": [null]}",ok,12.44799979031086,0.029643535614013672,0
rms_norm,RM_103,1024x1024,heldout,1,heuristics,0,257ba4095aae51f3,"{""atomic_indexing"": [], ""block_sizes"": [32], ""indexing"": [""tensor_descriptor"", ""tensor_descriptor"", ""tensor_descriptor"", ""tensor_descriptor"", ""tensor_descriptor"", ""tensor_descriptor"", ""tensor_descriptor"", ""tensor_descriptor""], ""load_eviction_policies"": ["""", """", """", """", """"], ""num_stages"": 3, ""num_warps"": 8, ""pid_type"": ""flat"", ""range_flattens"": [null], ""range_multi_buffers"": [null], ""range_num_stages"": [0], ""range_unroll_factors"": [0], ""range_warp_specializes"": [null], ""reduction_loops"": [null]}",ok,13.311999849975109,0.04577040672302246,0
rms_norm,RM_103,1024x1024,heldout,2,heuristics,0,24745e38d713c198,"{""atomic_indexing"": [], ""block_sizes"": [2], ""indexing"": [""pointer"", ""pointer"", ""pointer"", ""tensor_descriptor"", ""tensor_descriptor"", ""pointer"", ""pointer""], ""load_eviction_policies"": [""last"", ""first"", ""first"", """", """"], ""num_stages"": 6, ""num_warps"": 4, ""pid_type"": ""flat"", ""range_flattens"": [null], ""range_multi_buffers"": [null], ""range_num_stages"": [0], ""range_unroll_factors"": [0], ""range_warp_specializes"": [null], ""reduction_loops"": [null]}",ok,7.135999854654074,0.11199331283569336,1
rms_norm,RM_103,1024x1024,heldout,2,heuristics,0,a0bad60454a64a49,"{""atomic_indexing"": [], ""block_sizes"": [1], ""indexing"": [""pointer"", ""tensor_descriptor"", ""pointer"", ""pointer"", ""pointer"", ""pointer"", ""pointer""], ""load_eviction_policies"": [""first"", ""last"", ""last"", """", ""last""], ""num_stages"": 4, ""num_warps"": 16, ""pid_type"": ""flat"", ""range_flattens"": [null], ""range_multi_buffers"": [null], ""range_num_stages"": [0], ""range_unroll_factors"": [0], ""range_warp_specializes"": [null], ""reduction_loops"": [null]}",ok,9.184000082314014,0.09423708915710449,1
rms_norm,RM_103,1024x1024,heldout,2,heuristics,0,0e08e3ec9a7b2c1e,"{""atomic_indexing"": [], ""block_sizes"": [4], ""indexing"": [""pointer"", ""tensor_descriptor"", ""pointer"", ""tensor_descriptor"", ""tensor_descriptor"", ""tensor_descriptor"", ""tensor_descriptor""], ""load_eviction_policies"": [""first"", ""last"", """", ""first"", """"], ""num_stages"": 3, ""num_warps"": 2, ""pid_type"": ""flat"", ""range_flattens"": [null], ""range_multi_buffers"": [null], ""range_num_stages"": [0], ""range_unroll_factors"": [0], ""range_warp_specializes"": [null], ""reduction_loops"": [null]}",ok,7.135999854654074,0.08023381233215332,1
rms_norm,RM_103,1024x1024,heldout,2,heuristics,0,482f430b8c9d8e8e,"{""atomic_indexing"": [], ""block_sizes"": [2], ""indexing"": [""tensor_descriptor"", ""pointer"", ""tensor_descriptor"", ""tensor_descriptor"", ""pointer"", ""tensor_descriptor"", ""tensor_descriptor""], ""load_eviction_policies"": [""last"", ""first"", ""last"", ""first"", ""first""], ""num_stages"": 1, ""num_warps"": 2, ""pid_type"": ""flat"", ""range_flattens"": [null], ""range_multi_buffers"": [null], ""range_num_stages"": [0], ""range_unroll_factors"": [0], ""range_warp_specializes"": [null], ""reduction_loops"": [2048]}",ok,7.168000098317862,0.07324457168579102,1
rms_norm,RM_103,1024x1024,heldout,2,heuristics,0,6d53c3602b79725b,"{""atomic_indexing"": [], ""block_sizes"": [1], ""indexing"": [""pointer"", ""tensor_descriptor"", ""pointer"", ""pointer"", ""pointer"", ""tensor_descriptor"", ""pointer""], ""load_eviction_policies"": ["""", ""first"", ""last"", """", """"], ""num_stages"": 3, ""num_warps"": 8, ""pid_type"": ""flat"", ""range_flattens"": [null], ""range_multi_buffers"": [null], ""range_num_stages"": [0], ""range_unroll_factors"": [0], ""range_warp_specializes"": [null], ""reduction_loops"": [8192]}",ok,7.168000098317862,0.06328320503234863,1
rms_norm,RM_103,1024x1024,heldout,2,heuristics,0,87b2f26661fd2925,"{""atomic_indexing"": [], ""block_sizes"": [1], ""indexing"": [""tensor_descriptor"", ""tensor_descriptor"", ""tensor_descriptor"", ""tensor_descriptor"", ""pointer"", ""pointer"", ""tensor_descriptor""], ""load_eviction_policies"": ["""", ""last"", ""last"", ""first"", """"], ""num_stages"": 2, ""num_warps"": 8, ""pid_type"": ""flat"", ""range_flattens"": [null], ""range_multi_buffers"": [null], ""range_num_stages"": [0], ""range_unroll_factors"": [0], ""range_warp_specializes"": [null], ""reduction_loops"": [null]}",ok,7.135999854654074,0.04397249221801758,1
rms_norm,RM_103,1024x1024,heldout,2,heuristics,0,9615e7b2fea5ec90,"{""atomic_indexing"": [], ""block_sizes"": [1], ""indexing"": [""pointer"", ""pointer"", ""pointer"", ""tensor_descriptor"", ""pointer"", ""tensor_descriptor"", ""pointer""], ""load_eviction_policies"": ["""", ""first"", ""last"", ""first"", ""last""], ""num_stages"": 8, ""num_warps"": 8, ""pid_type"": ""flat"", ""range_flattens"": [null], ""range_multi_buffers"": [null], ""range_num_stages"": [0], ""range_unroll_factors"": [0], ""range_warp_specializes"": [null], ""reduction_loops"": [2048]}",ok,7.135999854654074,0.044239044189453125,1
rms_norm,RM_103,1024x1024,heldout,2,heuristics,0,f2da39335308e8ca,"{""atomic_indexing"": [], ""block_sizes"": [1], ""indexing"": [""pointer"", ""pointer"", ""pointer"", ""pointer"", ""pointer"", ""pointer"", ""pointer"", ""pointer""], ""load_eviction_policies"": ["""", """", """", """", """"], ""num_stages"": 1, ""num_warps"": 4, ""pid_type"": ""flat"", ""range_flattens"": [null], ""range_multi_buffers"": [null], ""range_num_stages"": [0], ""range_unroll_factors"": [0], ""range_warp_specializes"": [null], ""reduction_loops"": [null]}",ok,7.135999854654074,0.038286685943603516,0
rms_norm,RM_103,1024x1024,heldout,2,heuristics,0,f99cbeb65b84a22d,"{""atomic_indexing"": [], ""block_sizes"": [8], ""indexing"": [""pointer"", ""pointer"", ""pointer"", ""pointer"", ""pointer"", ""pointer"", ""pointer"", ""pointer""], ""load_eviction_policies"": ["""", """", """", """", """"], ""num_stages"": 1, ""num_warps"": 4, ""pid_type"": ""flat"", ""range_flattens"": [null], ""range_multi_buffers"": [null], ""range_num_stages"": [0], ""range_unroll_factors"": [0], ""range_warp_specializes"": [null], ""reduction_loops"": [null]}",ok,7.168000098317862,0.07296133041381836,0
rms_norm,RM_103,1024x1024,heldout,2,heuristics,0,af3d1b4d83e28ac9,"{""atomic_indexing"": [], ""block_sizes"": [16], ""indexing"": [""pointer"", ""pointer"", ""pointer"", ""pointer"", ""pointer"", ""pointer"", ""pointer"", ""pointer""], ""load_eviction_policies"": ["""", """", """", """", """"], ""num_stages"": 2, ""num_warps"": 4, ""pid_type"": ""flat"", ""range_flattens"": [null], ""range_multi_buffers"": [null], ""range_num_stages"": [0], ""range_unroll_factors"": [0], ""range_warp_specializes"": [null], ""reduction_loops"": [null]}",ok,9.184000082314014,0.056913137435913086,0
rms_norm,RM_103,1024x1024,heldout,2,heuristics,0,2f2a4ab45d82b789,"{""atomic_indexing"": [], ""block_sizes"": [32], ""indexing"": [""pointer"", ""pointer"", ""pointer"", ""pointer"", ""pointer"", ""pointer"", ""pointer"", ""pointer""], ""load_eviction_policies"": ["""", """", """", """", """"], ""num_stages"": 2, ""num_warps"": 8, ""pid_type"": ""flat"", ""range_flattens"": [null], ""range_multi_buffers"": [null], ""range_num_stages"": [0], ""range_unroll_factors"": [0], ""range_warp_specializes"": [null], ""reduction_loops"": [null]}",ok,9.184000082314014,0.040930986404418945,0
rms_norm,RM_103,1024x1024,heldout,2,heuristics,0,902e07166e1eface,"{""atomic_indexing"": [], ""block_sizes"": [64], ""indexing"": [""pointer"", ""pointer"", ""pointer"", ""pointer"", ""pointer"", ""pointer"", ""pointer"", ""pointer""], ""load_eviction_policies"": ["""", """", """", """", """"], ""num_sm_multiplier"": 1, ""num_stages"": 3, ""num_warps"": 8, ""pid_type"": ""persistent_blocked"", ""range_flattens"": [null], ""range_multi_buffers"": [null], ""range_num_stages"": [0], ""range_unroll_factors"": [0], ""range_warp_specializes"": [null], ""reduction_loops"": [null]}",ok,11.392000131309032,0.050652503967285156,0
rms_norm,RM_103,1024x1024,heldout,2,heuristics,0,3e2d130703c6e182,"{""atomic_indexing"": [], ""block_sizes"": [32], ""indexing"": [""tensor_descriptor"", ""tensor_descriptor"", ""tensor_descriptor"", ""tensor_descriptor"", ""tensor_descriptor"", ""tensor_descriptor"", ""tensor_descriptor"", ""tensor_descriptor""], ""load_eviction_policies"": ["""", """", """", """", """"], ""num_stages"": 2, ""num_warps"": 8, ""pid_type"": ""flat"", ""range_flattens"": [null], ""range_multi_buffers"": [null], ""range_num_stages"": [0], ""range_unroll_factors"": [0], ""range_warp_specializes"": [null], ""reduction_loops"": [null]}",ok,13.279999606311321,0.042212486267089844,0
rms_norm,RM_104,4096x4096,heldout,0,heuristics,0,87b2f26661fd2925,"{""atomic_indexing"": [], ""block_sizes"": [1], ""indexing"": [""tensor_descriptor"", ""tensor_descriptor"", ""tensor_descriptor"", ""tensor_descriptor"", ""pointer"", ""pointer"", ""tensor_descriptor""], ""load_eviction_policies"": ["""", ""last"", ""last"", ""first"", """"], ""num_stages"": 2, ""num_warps"": 8, ""pid_type"": ""flat"", ""range_flattens"": [null], ""range_multi_buffers"": [null], ""range_num_stages"": [0], ""range_unroll_factors"": [0], ""range_warp_specializes"": [null], ""reduction_loops"": [null]}",ok,17.24799908697605,0.07839202880859375,1
rms_norm,RM_104,4096x4096,heldout,0,heuristics,0,24745e38d713c198,"{""atomic_indexing"": [], ""block_sizes"": [2], ""indexing"": [""pointer"", ""pointer"", ""pointer"", ""tensor_descriptor"", ""tensor_descriptor"", ""pointer"", ""pointer""], ""load_eviction_policies"": [""last"", ""first"", ""first"", """", """"], ""num_stages"": 6, ""num_warps"": 4, ""pid_type"": ""flat"", ""range_flattens"": [null], ""range_multi_buffers"": [null], ""range_num_stages"": [0], ""range_unroll_factors"": [0], ""range_warp_specializes"": [null], ""reduction_loops"": [null]}",ok,15.456000342965126,0.06134176254272461,1
rms_norm,RM_104,4096x4096,heldout,0,heuristics,0,a0bad60454a64a49,"{""atomic_indexing"": [], ""block_sizes"": [1], ""indexing"": [""pointer"", ""tensor_descriptor"", ""pointer"", ""pointer"", ""pointer"", ""pointer"", ""pointer""], ""load_eviction_policies"": [""first"", ""last"", ""last"", """", ""last""], ""num_stages"": 4, ""num_warps"": 16, ""pid_type"": ""flat"", ""range_flattens"": [null], ""range_multi_buffers"": [null], ""range_num_stages"": [0], ""range_unroll_factors"": [0], ""range_warp_specializes"": [null], ""reduction_loops"": [null]}",ok,19.392000511288643,0.04502129554748535,1
rms_norm,RM_104,4096x4096,heldout,0,heuristics,0,0e08e3ec9a7b2c1e,"{""atomic_indexing"": [], ""block_sizes"": [4], ""indexing"": [""pointer"", ""tensor_descriptor"", ""pointer"", ""tensor_descriptor"", ""tensor_descriptor"", ""tensor_descriptor"", ""tensor_descriptor""], ""load_eviction_policies"": [""first"", ""last"", """", ""first"", """"], ""num_stages"": 3, ""num_warps"": 2, ""pid_type"": ""flat"", ""range_flattens"": [null], ""range_multi_buffers"": [null], ""range_num_stages"": [0], ""range_unroll_factors"": [0], ""range_warp_specializes"": [null], ""reduction_loops"": [null]}",ok,17.376000061631203,0.03768491744995117,1
rms_norm,RM_104,4096x4096,heldout,0,heuristics,0,482f430b8c9d8e8e,"{""atomic_indexing"": [], ""block_sizes"": [2], ""indexing"": [""tensor_descriptor"", ""pointer"", ""tensor_descriptor"", ""tensor_descriptor"", ""pointer"", ""tensor_descriptor"", ""tensor_descriptor""], ""load_eviction_policies"": [""last"", ""first"", ""last"", ""first"", ""first""], ""num_stages"": 1, ""num_warps"": 2, ""pid_type"": ""flat"", ""range_flattens"": [null], ""range_multi_buffers"": [null], ""range_num_stages"": [0], ""range_unroll_factors"": [0], ""range_warp_specializes"": [null], ""reduction_loops"": [2048]}",ok,17.343999817967415,0.03013920783996582,1
rms_norm,RM_104,4096x4096,heldout,0,heuristics,0,6d53c3602b79725b,"{""atomic_indexing"": [], ""block_sizes"": [1], ""indexing"": [""pointer"", ""tensor_descriptor"", ""pointer"", ""pointer"", ""pointer"", ""tensor_descriptor"", ""pointer""], ""load_eviction_policies"": ["""", ""first"", ""last"", """", """"], ""num_stages"": 3, ""num_warps"": 8, ""pid_type"": ""flat"", ""range_flattens"": [null], ""range_multi_buffers"": [null], ""range_num_stages"": [0], ""range_unroll_factors"": [0], ""range_warp_specializes"": [null], ""reduction_loops"": [8192]}",ok,15.32800029963255,0.0246884822845459,1
rms_norm,RM_104,4096x4096,heldout,0,heuristics,0,9615e7b2fea5ec90,"{""atomic_indexing"": [], ""block_sizes"": [1], ""indexing"": [""pointer"", ""pointer"", ""pointer"", ""tensor_descriptor"", ""pointer"", ""tensor_descriptor"", ""pointer""], ""load_eviction_policies"": ["""", ""first"", ""last"", ""first"", ""last""], ""num_stages"": 8, ""num_warps"": 8, ""pid_type"": ""flat"", ""range_flattens"": [null], ""range_multi_buffers"": [null], ""range_num_stages"": [0], ""range_unroll_factors"": [0], ""range_warp_specializes"": [null], ""reduction_loops"": [2048]}",ok,15.32800029963255,0.024563312530517578,1
rms_norm,RM_104,4096x4096,heldout,0,heuristics,0,f2da39335308e8ca,"{""atomic_indexing"": [], ""block_sizes"": [1], ""indexing"": [""pointer"", ""pointer"", ""pointer"", ""pointer"", ""pointer"", ""pointer"", ""pointer"", ""pointer""], ""load_eviction_policies"": ["""", """", """", """", """"], ""num_stages"": 1, ""num_warps"": 4, ""pid_type"": ""flat"", ""range_flattens"": [null], ""range_multi_buffers"": [null], ""range_num_stages"": [0], ""range_unroll_factors"": [0], ""range_warp_specializes"": [null], ""reduction_loops"": [null]}",ok,15.32800029963255,0.02148723602294922,0
rms_norm,RM_104,4096x4096,heldout,0,heuristics,0,f99cbeb65b84a22d,"{""atomic_indexing"": [], ""block_sizes"": [8], ""indexing"": [""pointer"", ""pointer"", ""pointer"", ""pointer"", ""pointer"", ""pointer"", ""pointer"", ""pointer""], ""load_eviction_policies"": ["""", """", """", """", """"], ""num_stages"": 1, ""num_warps"": 4, ""pid_type"": ""flat"", ""range_flattens"": [null], ""range_multi_buffers"": [null], ""range_num_stages"": [0], ""range_unroll_factors"": [0], ""range_warp_specializes"": [null], ""reduction_loops"": [null]}",ok,15.359999611973763,0.06459784507751465,0
rms_norm,RM_104,4096x4096,heldout,0,heuristics,0,dc0a4ce2ed889219,"{""atomic_indexing"": [], ""block_sizes"": [16], ""indexing"": [""pointer"", ""pointer"", ""pointer"", ""pointer"", ""pointer"", ""pointer"", ""pointer"", ""pointer""], ""load_eviction_policies"": ["""", """", """", """", """"], ""num_stages"": 2, ""num_warps"": 8, ""pid_type"": ""flat"", ""range_flattens"": [null], ""range_multi_buffers"": [null], ""range_num_stages"": [0], ""range_unroll_factors"": [0], ""range_warp_specializes"": [null], ""reduction_loops"": [null]}",ok,19.392000511288643,0.04853653907775879,0
rms_norm,RM_104,4096x4096,heldout,0,heuristics,0,2af7f9a5bd8ed543,"{""atomic_indexing"": [], ""block_sizes"": [32], ""indexing"": [""pointer"", ""pointer"", ""pointer"", ""pointer"", ""pointer"", ""pointer"", ""pointer"", ""pointer""], ""load_eviction_policies"": ["""", """", """", """", """"], ""num_stages"": 3, ""num_warps"": 8, ""pid_type"": ""flat"", ""range_flattens"": [null], ""range_multi_buffers"": [null], ""range_num_stages"": [0], ""range_unroll_factors"": [0], ""range_warp_specializes"": [null], ""reduction_loops"": [null]}",ok,150.52799880504608,0.033635854721069336,0
rms_norm,RM_104,4096x4096,heldout,0,heuristics,0,394a92ae067cb695,"{""atomic_indexing"": [], ""block_sizes"": [4], ""indexing"": [""pointer"", ""pointer"", ""pointer"", ""pointer"", ""pointer"", ""pointer"", ""pointer"", ""pointer""], ""load_eviction_policies"": ["""", """", """", """", """"], ""num_sm_multiplier"": 1, ""num_stages"": 2, ""num_warps"": 4, ""pid_type"": ""persistent_interleaved"", ""range_flattens"": [null], ""range_multi_buffers"": [null], ""range_num_stages"": [0], ""range_unroll_factors"": [0], ""range_warp_specializes"": [null], ""reduction_loops"": [null]}",ok,23.520000278949738,0.028313159942626953,0
rms_norm,RM_104,4096x4096,heldout,0,heuristics,0,327cb827e8045384,"{""atomic_indexing"": [], ""block_sizes"": [16], ""indexing"": [""tensor_descriptor"", ""tensor_descriptor"", ""tensor_descriptor"", ""tensor_descriptor"", ""tensor_descriptor"", ""tensor_descriptor"", ""tensor_descriptor"", ""tensor_descriptor""], ""load_eviction_policies"": ["""", """", """", """", """"], ""num_stages"": 2, ""num_warps"": 8, ""pid_type"": ""flat"", ""range_flattens"": [null], ""range_multi_buffers"": [null], ""range_num_stages"": [0], ""range_unroll_factors"": [0], ""range_warp_specializes"": [null], ""reduction_loops"": [null]}",ok,27.55199931561947,0.045832157135009766,0
rms_norm,RM_104,4096x4096,heldout,1,heuristics,0,87b2f26661fd2925,"{""atomic_indexing"": [], ""block_sizes"": [1], ""indexing"": [""tensor_descriptor"", ""tensor_descriptor"", ""tensor_descriptor"", ""tensor_descriptor"", ""pointer"", ""pointer"", ""tensor_descriptor""], ""load_eviction_policies"": ["""", ""last"", ""last"", ""first"", """"], ""num_stages"": 2, ""num_warps"": 8, ""pid_type"": ""flat"", ""range_flattens"": [null], ""range_multi_buffers"": [null], ""range_num_stages"": [0], ""range_unroll_factors"": [0], ""range_warp_specializes"": [null], ""reduction_loops"": [null]}",ok,17.40800030529499,0.1255025863647461,1
rms_norm,RM_104,4096x4096,heldout,1,heuristics,0,24745e38d713c198,"{""atomic_indexing"": [], ""block_sizes"": [2], ""indexing"": [""pointer"", ""pointer"", ""pointer"", ""tensor_descriptor"", ""tensor_descriptor"", ""pointer"", ""pointer""], ""load_eviction_policies"": [""last"", ""first"", ""first"", """", """"], ""num_stages"": 6, ""num_warps"": 4, ""pid_type"": ""flat"", ""range_flattens"": [null], ""range_multi_buffers"": [null], ""range_num_stages"": [0], ""range_unroll_factors"": [0], ""range_warp_specializes"": [null], ""reduction_loops"": [null]}",ok,17.376000061631203,0.10797381401062012,1
rms_norm,RM_104,4096x4096,heldout,1,heuristics,0,a0bad60454a64a49,"{""atomic_indexing"": [], ""block_sizes"": [1], ""indexing"": [""pointer"", ""tensor_descriptor"", ""pointer"", ""pointer"", ""pointer"", ""pointer"", ""pointer""], ""load_eviction_policies"": [""first"", ""last"", ""last"", """", ""last""], ""num_stages"": 4, ""num_warps"": 16, ""pid_type"": ""flat"", ""range_flattens"": [null], ""range_multi_buffers"": [null], ""range_num_stages"": [0], ""range_unroll_factors"": [0], ""range_warp_specializes"": [null], ""reduction_loops"": [null]}",ok,19.45599913597107,0.09133172035217285,1
rms_norm,RM_104,4096x4096,heldout,1,heuristics,0,0e08e3ec9a7b2c1e,"{""atomic_indexing"": [], ""block_sizes"": [4], ""indexing"": [""pointer"", ""tensor_descriptor"", ""pointer"", ""tensor_descriptor"", ""tensor_descriptor"", ""tensor_descriptor"", ""tensor_descriptor""], ""load_eviction_policies"": [""first"", ""last"", """", ""first"", """"], ""num_stages"": 3, ""num_warps"": 2, ""pid_type"": ""flat"", ""range_flattens"": [null], ""range_multi_buffers"": [null], ""range_num_stages"": [0], ""range_unroll_factors"": [0], ""range_warp_specializes"": [null], ""reduction_loops"": [null]}",ok,17.376000061631203,0.0734555721282959,1
rms_norm,RM_104,4096x4096,heldout,1,heuristics,0,482f430b8c9d8e8e,"{""atomic_indexing"": [], ""block_sizes"": [2], ""indexing"": [""tensor_descriptor"", ""pointer"", ""tensor_descriptor"", ""tensor_descriptor"", ""pointer"", ""tensor_descriptor"", ""tensor_descriptor""], ""load_eviction_policies"": [""last"", ""first"", ""last"", ""first"", ""first""], ""num_stages"": 1, ""num_warps"": 2, ""pid_type"": ""flat"", ""range_flattens"": [null], ""range_multi_buffers"": [null], ""range_num_stages"": [0], ""range_unroll_factors"": [0], ""range_warp_specializes"": [null], ""reduction_loops"": [2048]}",ok,16.448000445961952,0.06277680397033691,1
rms_norm,RM_104,4096x4096,heldout,1,heuristics,0,6d53c3602b79725b,"{""atomic_indexing"": [], ""block_sizes"": [1], ""indexing"": [""pointer"", ""tensor_descriptor"", ""pointer"", ""pointer"", ""pointer"", ""tensor_descriptor"", ""pointer""], ""load_eviction_policies"": ["""", ""first"", ""last"", """", """"], ""num_stages"": 3, ""num_warps"": 8, ""pid_type"": ""flat"", ""range_flattens"": [null], ""range_multi_buffers"": [null], ""range_num_stages"": [0], ""range_unroll_factors"": [0], ""range_warp_specializes"": [null], ""reduction_loops"": [8192]}",ok,15.32800029963255,0.04310750961303711,1
rms_norm,RM_104,4096x4096,heldout,1,heuristics,0,9615e7b2fea5ec90,"{""atomic_indexing"": [], ""block_sizes"": [1], ""indexing"": [""pointer"", ""pointer"", ""pointer"", ""tensor_descriptor"", ""pointer"", ""tensor_descriptor"", ""pointer""], ""load_eviction_policies"": ["""", ""first"", ""last"", ""first"", ""last""], ""num_stages"": 8, ""num_warps"": 8, ""pid_type"": ""flat"", ""range_flattens"": [null], ""range_multi_buffers"": [null], ""range_num_stages"": [0], ""range_unroll_factors"": [0], ""range_warp_specializes"": [null], ""reduction_loops"": [2048]}",ok,15.32800029963255,0.04463934898376465,1
rms_norm,RM_104,4096x4096,heldout,1,heuristics,0,f2da39335308e8ca,"{""atomic_indexing"": [], ""block_sizes"": [1], ""indexing"": [""pointer"", ""pointer"", ""pointer"", ""pointer"", ""pointer"", ""pointer"", ""pointer"", ""pointer""], ""load_eviction_policies"": ["""", """", """", """", """"], ""num_stages"": 1, ""num_warps"": 4, ""pid_type"": ""flat"", ""range_flattens"": [null], ""range_multi_buffers"": [null], ""range_num_stages"": [0], ""range_unroll_factors"": [0], ""range_warp_specializes"": [null], ""reduction_loops"": [null]}",ok,15.32800029963255,0.03694891929626465,0
rms_norm,RM_104,4096x4096,heldout,1,heuristics,0,4a7fe53ea83ee3fc,"{""atomic_indexing"": [], ""block_sizes"": [8], ""indexing"": [""pointer"", ""pointer"", ""pointer"", ""pointer"", ""pointer"", ""pointer"", ""pointer"", ""pointer""], ""load_eviction_policies"": ["""", """", """", """", """"], ""num_stages"": 2, ""num_warps"": 8, ""pid_type"": ""flat"", ""range_flattens"": [null], ""range_multi_buffers"": [null], ""range_num_stages"": [0], ""range_unroll_factors"": [0], ""range_warp_specializes"": [null], ""reduction_loops"": [null]}",ok,17.40800030529499,0.04664874076843262,0
rms_norm,RM_104,4096x4096,heldout,1,heuristics,0,9454843723f22d9f,"{""atomic_indexing"": [], ""block_sizes"": [16], ""indexing"": [""pointer"", ""pointer"", ""pointer"", ""pointer"", ""pointer"", ""pointer"", ""pointer"", ""pointer""], ""load_eviction_policies"": ["""", """", """", """", """"], ""num_stages"": 3, ""num_warps"": 8, ""pid_type"": ""flat"", ""range_flattens"": [null], ""range_multi_buffers"": [null], ""range_num_stages"": [0], ""range_unroll_factors"": [0], ""range_warp_specializes"": [null], ""reduction_loops"": [null]}",ok,19.42400075495243,0.03308248519897461,0
rms_norm,RM_104,4096x4096,heldout,1,heuristics,0,4796949b291348a2,"{""atomic_indexing"": [], ""block_sizes"": [4], ""indexing"": [""pointer"", ""pointer"", ""pointer"", ""pointer"", ""pointer"", ""pointer"", ""pointer"", ""pointer""], ""load_eviction_policies"": ["""", """", """", """", """"], ""num_sm_multiplier"": 1, ""num_stages"": 2, ""num_warps"": 4, ""pid_type"": ""persistent_blocked"", ""range_flattens"": [null], ""range_multi_buffers"": [null], ""range_num_stages"": [0], ""range_unroll_factors"": [0], ""range_warp_specializes"": [null], ""reduction_loops"": [null]}",ok,23.552000522613525,0.025317668914794922,0
rms_norm,RM_104,4096x4096,heldout,1,heuristics,0,e59b07145ab44804,"{""atomic_indexing"": [], ""block_sizes"": [32], ""indexing"": [""tensor_descriptor"", ""tensor_descriptor"", ""tensor_descriptor"", ""tensor_descriptor"", ""tensor_descriptor"", ""tensor_descriptor"", ""tensor_descriptor"", ""tensor_descriptor""], ""load_eviction_policies"": ["""", """", """", """", """"], ""num_stages"": 2, ""num_warps"": 16, ""pid_type"": ""flat"", ""range_flattens"": [null], ""range_multi_buffers"": [null], ""range_num_stages"": [0], ""range_unroll_factors"": [0], ""range_warp_specializes"": [null], ""reduction_loops"": [null]}",error,inf,0.5148029327392578,0
rms_norm,RM_104,4096x4096,heldout,2,heuristics,0,87b2f26661fd2925,"{""atomic_indexing"": [], ""block_sizes"": [1], ""indexing"": [""tensor_descriptor"", ""tensor_descriptor"", ""tensor_descriptor"", ""tensor_descriptor"", ""pointer"", ""pointer"", ""tensor_descriptor""], ""load_eviction_policies"": ["""", ""last"", ""last"", ""first"", """"], ""num_stages"": 2, ""num_warps"": 8, ""pid_type"": ""flat"", ""range_flattens"": [null], ""range_multi_buffers"": [null], ""range_num_stages"": [0], ""range_unroll_factors"": [0], ""range_warp_specializes"": [null], ""reduction_loops"": [null]}",ok,19.45599913597107,0.11793160438537598,1
rms_norm,RM_104,4096x4096,heldout,2,heuristics,0,24745e38d713c198,"{""atomic_indexing"": [], ""block_sizes"": [2], ""indexing"": [""pointer"", ""pointer"", ""pointer"", ""tensor_descriptor"", ""tensor_descriptor"", ""pointer"", ""pointer""], ""load_eviction_policies"": [""last"", ""first"", ""first"", """", """"], ""num_stages"": 6, ""num_warps"": 4, ""pid_type"": ""flat"", ""range_flattens"": [null], ""range_multi_buffers"": [null], ""range_num_stages"": [0], ""range_unroll_factors"": [0], ""range_warp_specializes"": [null], ""reduction_loops"": [null]}",ok,17.376000061631203,0.10193514823913574,1
rms_norm,RM_104,4096x4096,heldout,2,heuristics,0,a0bad60454a64a49,"{""atomic_indexing"": [], ""block_sizes"": [1], ""indexing"": [""pointer"", ""tensor_descriptor"", ""pointer"", ""pointer"", ""pointer"", ""pointer"", ""pointer""], ""load_eviction_policies"": [""first"", ""last"", ""last"", """", ""last""], ""num_stages"": 4, ""num_warps"": 16, ""pid_type"": ""flat"", ""range_flattens"": [null], ""range_multi_buffers"": [null], ""range_num_stages"": [0], ""range_unroll_factors"": [0], ""range_warp_specializes"": [null], ""reduction_loops"": [null]}",ok,19.392000511288643,0.08600473403930664,1
rms_norm,RM_104,4096x4096,heldout,2,heuristics,0,0e08e3ec9a7b2c1e,"{""atomic_indexing"": [], ""block_sizes"": [4], ""indexing"": [""pointer"", ""tensor_descriptor"", ""pointer"", ""tensor_descriptor"", ""tensor_descriptor"", ""tensor_descriptor"", ""tensor_descriptor""], ""load_eviction_policies"": [""first"", ""last"", """", ""first"", """"], ""num_stages"": 3, ""num_warps"": 2, ""pid_type"": ""flat"", ""range_flattens"": [null], ""range_multi_buffers"": [null], ""range_num_stages"": [0], ""range_unroll_factors"": [0], ""range_warp_specializes"": [null], ""reduction_loops"": [null]}",ok,17.376000061631203,0.07681560516357422,1
rms_norm,RM_104,4096x4096,heldout,2,heuristics,0,482f430b8c9d8e8e,"{""atomic_indexing"": [], ""block_sizes"": [2], ""indexing"": [""tensor_descriptor"", ""pointer"", ""tensor_descriptor"", ""tensor_descriptor"", ""pointer"", ""tensor_descriptor"", ""tensor_descriptor""], ""load_eviction_policies"": [""last"", ""first"", ""last"", ""first"", ""first""], ""num_stages"": 1, ""num_warps"": 2, ""pid_type"": ""flat"", ""range_flattens"": [null], ""range_multi_buffers"": [null], ""range_num_stages"": [0], ""range_unroll_factors"": [0], ""range_warp_specializes"": [null], ""reduction_loops"": [2048]}",ok,17.343999817967415,0.05814051628112793,1
rms_norm,RM_104,4096x4096,heldout,2,heuristics,0,6d53c3602b79725b,"{""atomic_indexing"": [], ""block_sizes"": [1], ""indexing"": [""pointer"", ""tensor_descriptor"", ""pointer"", ""pointer"", ""pointer"", ""tensor_descriptor"", ""pointer""], ""load_eviction_policies"": ["""", ""first"", ""last"", """", """"], ""num_stages"": 3, ""num_warps"": 8, ""pid_type"": ""flat"", ""range_flattens"": [null], ""range_multi_buffers"": [null], ""range_num_stages"": [0], ""range_unroll_factors"": [0], ""range_warp_specializes"": [null], ""reduction_loops"": [8192]}",ok,15.32800029963255,0.04566502571105957,1
rms_norm,RM_104,4096x4096,heldout,2,heuristics,0,9615e7b2fea5ec90,"{""atomic_indexing"": [], ""block_sizes"": [1], ""indexing"": [""pointer"", ""pointer"", ""pointer"", ""tensor_descriptor"", ""pointer"", ""tensor_descriptor"", ""pointer""], ""load_eviction_policies"": ["""", ""first"", ""last"", ""first"", ""last""], ""num_stages"": 8, ""num_warps"": 8, ""pid_type"": ""flat"", ""range_flattens"": [null], ""range_multi_buffers"": [null], ""range_num_stages"": [0], ""range_unroll_factors"": [0], ""range_warp_specializes"": [null], ""reduction_loops"": [2048]}",ok,15.32800029963255,0.046137094497680664,1
rms_norm,RM_104,4096x4096,heldout,2,heuristics,0,f2da39335308e8ca,"{""atomic_indexing"": [], ""block_sizes"": [1], ""indexing"": [""pointer"", ""pointer"", ""pointer"", ""pointer"", ""pointer"", ""pointer"", ""pointer"", ""pointer""], ""load_eviction_policies"": ["""", """", """", """", """"], ""num_stages"": 1, ""num_warps"": 4, ""pid_type"": ""flat"", ""range_flattens"": [null], ""range_multi_buffers"": [null], ""range_num_stages"": [0], ""range_unroll_factors"": [0], ""range_warp_specializes"": [null], ""reduction_loops"": [null]}",ok,15.32800029963255,0.04026460647583008,0
rms_norm,RM_104,4096x4096,heldout,2,heuristics,0,053b01891944c4e1,"{""atomic_indexing"": [], ""block_sizes"": [4], ""indexing"": [""pointer"", ""pointer"", ""pointer"", ""pointer"", ""pointer"", ""pointer"", ""pointer"", ""pointer""], ""load_eviction_policies"": ["""", """", """", """", """"], ""num_stages"": 1, ""num_warps"": 4, ""pid_type"": ""flat"", ""range_flattens"": [null], ""range_multi_buffers"": [null], ""range_num_stages"": [0], ""range_unroll_factors"": [0], ""range_warp_specializes"": [null], ""reduction_loops"": [null]}",ok,15.32800029963255,0.06580209732055664,0
rms_norm,RM_104,4096x4096,heldout,2,heuristics,0,dc0a4ce2ed889219,"{""atomic_indexing"": [], ""block_sizes"": [16], ""indexing"": [""pointer"", ""pointer"", ""pointer"", ""pointer"", ""pointer"", ""pointer"", ""pointer"", ""pointer""], ""load_eviction_policies"": ["""", """", """", """", """"], ""num_stages"": 2, ""num_warps"": 8, ""pid_type"": ""flat"", ""range_flattens"": [null], ""range_multi_buffers"": [null], ""range_num_stages"": [0], ""range_unroll_factors"": [0], ""range_warp_specializes"": [null], ""reduction_loops"": [null]}",ok,19.45599913597107,0.04967761039733887,0
rms_norm,RM_104,4096x4096,heldout,2,heuristics,0,13a09fdfd4f58198,"{""atomic_indexing"": [], ""block_sizes"": [8], ""indexing"": [""pointer"", ""pointer"", ""pointer"", ""pointer"", ""pointer"", ""pointer"", ""pointer"", ""pointer""], ""load_eviction_policies"": ["""", """", """", """", """"], ""num_sm_multiplier"": 1, ""num_stages"": 3, ""num_warps"": 4, ""pid_type"": ""persistent_blocked"", ""range_flattens"": [null], ""range_multi_buffers"": [null], ""range_num_stages"": [0], ""range_unroll_factors"": [0], ""range_warp_specializes"": [null], ""reduction_loops"": [null]}",ok,19.45599913597107,0.35472726821899414,0
rms_norm,RM_104,4096x4096,heldout,2,heuristics,0,3e2d130703c6e182,"{""atomic_indexing"": [], ""block_sizes"": [32], ""indexing"": [""tensor_descriptor"", ""tensor_descriptor"", ""tensor_descriptor"", ""tensor_descriptor"", ""tensor_descriptor"", ""tensor_descriptor"", ""tensor_descriptor"", ""tensor_descriptor""], ""load_eviction_policies"": ["""", """", """", """", """"], ""num_stages"": 2, ""num_warps"": 8, ""pid_type"": ""flat"", ""range_flattens"": [null], ""range_multi_buffers"": [null], ""range_num_stages"": [0], ""range_unroll_factors"": [0], ""range_warp_specializes"": [null], ""reduction_loops"": [null]}",error,inf,0.9649219512939453,0
rms_norm,RM_104,4096x4096,heldout,2,heuristics,0,f83d70b130ab246e,"{""atomic_indexing"": [], ""block_sizes"": [2], ""indexing"": [""pointer"", ""pointer"", ""pointer"", ""pointer"", ""pointer"", ""pointer"", ""pointer"", ""pointer""], ""load_eviction_policies"": ["""", """", """", """", """"], ""num_sm_multiplier"": 1, ""num_stages"": 4, ""num_warps"": 4, ""pid_type"": ""persistent_interleaved"", ""range_flattens"": [null], ""range_multi_buffers"": [null], ""range_num_stages"": [0], ""range_unroll_factors"": [0], ""range_warp_specializes"": [null], ""reduction_loops"": [null]}",ok,29.69600073993206,0.20866918563842773,0
rms_norm,RM_105,3072x2048,heldout,0,heuristics,0,482f430b8c9d8e8e,"{""atomic_indexing"": [], ""block_sizes"": [2], ""indexing"": [""tensor_descriptor"", ""pointer"", ""tensor_descriptor"", ""tensor_descriptor"", ""pointer"", ""tensor_descriptor"", ""tensor_descriptor""], ""load_eviction_policies"": [""last"", ""first"", ""last"", ""first"", ""first""], ""num_stages"": 1, ""num_warps"": 2, ""pid_type"": ""flat"", ""range_flattens"": [null], ""range_multi_buffers"": [null], ""range_num_stages"": [0], ""range_unroll_factors"": [0], ""range_warp_specializes"": [null], ""reduction_loops"": [2048]}",ok,9.184000082314014,0.09407472610473633,1
rms_norm,RM_105,3072x2048,heldout,0,heuristics,0,24745e38d713c198,"{""atomic_indexing"": [], ""block_sizes"": [2], ""indexing"": [""pointer"", ""pointer"", ""pointer"", ""tensor_descriptor"", ""tensor_descriptor"", ""pointer"", ""pointer""], ""load_eviction_policies"": [""last"", ""first"", ""first"", """", """"], ""num_stages"": 6, ""num_warps"": 4, ""pid_type"": ""flat"", ""range_flattens"": [null], ""range_multi_buffers"": [null], ""range_num_stages"": [0], ""range_unroll_factors"": [0], ""range_warp_specializes"": [null], ""reduction_loops"": [null]}",ok,9.247999638319016,0.07784581184387207,1
rms_norm,RM_105,3072x2048,heldout,0,heuristics,0,a0bad60454a64a49,"{""atomic_indexing"": [], ""block_sizes"": [1], ""indexing"": [""pointer"", ""tensor_descriptor"", ""pointer"", ""pointer"", ""pointer"", ""pointer"", ""pointer""], ""load_eviction_policies"": [""first"", ""last"", ""last"", """", ""last""], ""num_stages"": 4, ""num_warps"": 16, ""pid_type"": ""flat"", ""range_flattens"": [null], ""range_multi_buffers"": [null], ""range_num_stages"": [0], ""range_unroll_factors"": [0], ""range_warp_specializes"": [null], ""reduction_loops"": [null]}",ok,13.279999606311321,0.06218671798706055,1
rms_norm,RM_105,3072x2048,heldout,0,heuristics,0,0e08e3ec9a7b2c1e,"{""atomic_indexing"": [], ""block_sizes"": [4], ""indexing"": [""pointer"", ""tensor_descriptor"", ""pointer"", ""tensor_descriptor"", ""tensor_descriptor"", ""tensor_descriptor"", ""tensor_descriptor""], ""load_eviction_policies"": [""first"", ""last"", """", ""first"", """"], ""num_stages"": 3, ""num_warps"": 2, ""pid_type"": ""flat"", ""range_flattens"": [null], ""range_multi_buffers"": [null], ""range_num_stages"": [0], ""range_unroll_factors"": [0], ""range_warp_specializes"": [null], ""reduction_loops"": [null]}",ok,9.184000082314014,0.05493927001953125,1
rms_norm,RM_105,3072x2048,heldout,0,heuristics,0,6d53c3602b79725b,"{""atomic_indexing"": [], ""block_sizes"": [1], ""indexing"": [""pointer"", ""tensor_descriptor"", ""pointer"", ""pointer"", ""pointer"", ""tensor_descriptor"", ""pointer""], ""load_eviction_policies"": ["""", ""first"", ""last"", """", """"], ""num_stages"": 3, ""num_warps"": 8, ""pid_type"": ""flat"", ""range_flattens"": [null], ""range_multi_buffers"": [null], ""range_num_stages"": [0], ""range_unroll_factors"": [0], ""range_warp_specializes"": [null], ""reduction_loops"": [8192]}",ok,11.231999844312668,0.047533273696899414,1
rms_norm,RM_105,3072x2048,heldout,0,heuristics,0,87b2f26661fd2925,"{""atomic_indexing"": [], ""block_sizes"": [1], ""indexing"": [""tensor_descriptor"", ""tensor_descriptor"", ""tensor_descriptor"", ""tensor_descriptor"", ""pointer"", ""pointer"", ""tensor_descriptor""], ""load_eviction_policies"": ["""", ""last"", ""last"", ""first"", """"], ""num_stages"": 2, ""num_warps"": 8, ""pid_type"": ""flat"", ""range_flattens"": [null], ""range_multi_buffers"": [null], ""range_num_stages"": [0], ""range_unroll_factors"": [0], ""range_warp_specializes"": [null], ""reduction_loops"": [null]}",ok,11.19999960064888,0.04029440879821777,1
rms_norm,RM_105,3072x2048,heldout,0,heuristics,0,9615e7b2fea5ec90,"{""atomic_indexing"": [], ""block_sizes"": [1], ""indexing"": [""pointer"", ""pointer"", ""pointer"", ""tensor_descriptor"", ""pointer"", ""tensor_descriptor"", ""pointer""], ""load_eviction_policies"": ["""", ""first"", ""last"", ""first"", ""last""], ""num_stages"": 8, ""num_warps"": 8, ""pid_type"": ""flat"", ""range_flattens"": [null], ""range_multi_buffers"": [null], ""range_num_stages"": [0], ""range_unroll_factors"": [0], ""range_warp_specializes"": [null], ""reduction_loops"": [2048]}",ok,11.231999844312668,0.042264699935913086,1
rms_norm,RM_105,3072x2048,heldout,0,heuristics,0,f2da39335308e8ca,"{""atomic_indexing"": [], ""block_sizes"": [1], ""indexing"": [""pointer"", ""pointer"", ""pointer"", ""pointer"", ""pointer"", ""pointer"", ""pointer"", ""pointer""], ""load_eviction_policies"": ["""", """", """", """", """"], ""num_stages"": 1, ""num_warps"": 4, ""pid_type"": ""flat"", ""range_flattens"": [null], ""range_multi_buffers"": [null], ""range_num_stages"": [0], ""range_unroll_factors"": [0], ""range_warp_specializes"": [null], ""reduction_loops"": [null]}",ok,11.231999844312668,0.04188084602355957,0
rms_norm,RM_105,3072x2048,heldout,0,heuristics,0,f99cbeb65b84a22d,"{""atomic_indexing"": [], ""block_sizes"": [8], ""indexing"": [""pointer"", ""pointer"", ""pointer"", ""pointer"", ""pointer"", ""pointer"", ""pointer"", ""pointer""], ""load_eviction_policies"": ["""", """", """", """", """"], ""num_stages"": 1, ""num_warps"": 4, ""pid_type"": ""flat"", ""range_flattens"": [null], ""range_multi_buffers"": [null], ""range_num_stages"": [0], ""range_unroll_factors"": [0], ""range_warp_specializes"": [null], ""reduction_loops"": [null]}",ok,9.40799992531538,0.055748701095581055,0
rms_norm,RM_105,3072x2048,heldout,0,heuristics,0,dc0a4ce2ed889219,"{""atomic_indexing"": [], ""block_sizes"": [16], ""indexing"": [""pointer"", ""pointer"", ""pointer"", ""pointer"", ""pointer"", ""pointer"", ""pointer"", ""pointer""], ""load_eviction_policies"": ["""", """", """", """", """"], ""num_stages"": 2, ""num_warps"": 8, ""pid_type"": ""flat"", ""range_flattens"": [null], ""range_multi_buffers"": [null], ""range_num_stages"": [0], ""range_unroll_factors"": [0], ""range_warp_specializes"": [null], ""reduction_loops"": [null]}",ok,11.231999844312668,0.0378267765045166,0
rms_norm,RM_105,3072x2048,heldout,0,heuristics,0,b8cc8eaa4238fd2c,"{""atomic_indexing"": [], ""block_sizes"": [32], ""indexing"": [""pointer"", ""pointer"", ""pointer"", ""pointer"", ""pointer"", ""pointer"", ""pointer"", ""pointer""], ""load_eviction_policies"": ["""", """", """", """", """"], ""num_sm_multiplier"": 1, ""num_stages"": 3, ""num_warps"": 8, ""pid_type"": ""persistent_blocked"", ""range_flattens"": [null], ""range_multi_buffers"": [null], ""range_num_stages"": [0], ""range_unroll_factors"": [0], ""range_warp_specializes"": [null], ""reduction_loops"": [null]}",ok,11.231999844312668,0.03738236427307129,0
rms_norm,RM_105,3072x2048,heldout,0,heuristics,0,265e9a8b471b3126,"{""atomic_indexing"": [], ""block_sizes"": [4], ""indexing"": [""tensor_descriptor"", ""tensor_descriptor"", ""tensor_descriptor"", ""tensor_descriptor"", ""tensor_descriptor"", ""tensor_descriptor"", ""tensor_descriptor"", ""tensor_descriptor""], ""load_eviction_policies"": ["""", """", """", """", """"], ""num_stages"": 1, ""num_warps"": 4, ""pid_type"": ""flat"", ""range_flattens"": [null], ""range_multi_buffers"": [null], ""range_num_stages"": [0], ""range_unroll_factors"": [0], ""range_warp_specializes"": [null], ""reduction_loops"": [null]}",ok,9.184000082314014,0.03836512565612793,0
rms_norm,RM_105,3072x2048,heldout,0,heuristics,0,fbebc4fb16f7b19b,"{""atomic_indexing"": [], ""block_sizes"": [64], ""indexing"": [""pointer"", ""pointer"", ""pointer"", ""pointer"", ""pointer"", ""pointer"", ""pointer"", ""pointer""], ""load_eviction_policies"": ["""", """", """", """", """"], ""num_sm_multiplier"": 1, ""num_stages"": 3, ""num_warps"": 16, ""pid_type"": ""persistent_interleaved"", ""range_flattens"": [null], ""range_multi_buffers"": [null], ""range_num_stages"": [0], ""range_unroll_factors"": [0], ""range_warp_specializes"": [null], ""reduction_loops"": [null]}",ok,39.99999910593033,0.035268306732177734,0
rms_norm,RM_105,3072x2048,heldout,1,heuristics,0,482f430b8c9d8e8e,"{""atomic_indexing"": [], ""block_sizes"": [2], ""indexing"": [""tensor_descriptor"", ""pointer"", ""tensor_descriptor"", ""tensor_descriptor"", ""pointer"", ""tensor_descriptor"", ""tensor_descriptor""], ""load_eviction_policies"": [""last"", ""first"", ""last"", ""first"", ""first""], ""num_stages"": 1, ""num_warps"": 2, ""pid_type"": ""flat"", ""range_flattens"": [null], ""range_multi_buffers"": [null], ""range_num_stages"": [0], ""range_unroll_factors"": [0], ""range_warp_specializes"": [null], ""reduction_loops"": [2048]}",ok,9.184000082314014,0.08142900466918945,1
rms_norm,RM_105,3072x2048,heldout,1,heuristics,0,24745e38d713c198,"{""atomic_indexing"": [], ""block_sizes"": [2], ""indexing"": [""pointer"", ""pointer"", ""pointer"", ""tensor_descriptor"", ""tensor_descriptor"", ""pointer"", ""pointer""], ""load_eviction_policies"": [""last"", ""first"", ""first"", """", """"], ""num_stages"": 6, ""num_warps"": 4, ""pid_type"": ""flat"", ""range_flattens"": [null], ""range_multi_buffers"": [null], ""range_num_stages"": [0], ""range_unroll_factors"": [0], ""range_warp_specializes"": [null], ""reduction_loops"": [null]}",ok,9.279999881982803,0.0661005973815918,1
rms_norm,RM_105,3072x2048,heldout,1,heuristics,0,a0bad60454a64a49,"{""atomic_indexing"": [], ""block_sizes"": [1], ""indexing"": [""pointer"", ""tensor_descriptor"", ""pointer"", ""pointer"", ""pointer"", ""pointer"", ""pointer""], ""load_eviction_policies"": [""first"", ""last"", ""last"", """", ""last""], ""num_stages"": 4, ""num_warps"": 16, ""pid_type"": ""flat"", ""range_flattens"": [null], ""range_multi_buffers"": [null], ""range_num_stages"": [0], ""range_unroll_factors"": [0], ""range_warp_specializes"": [null], ""reduction_loops"": [null]}",ok,13.279999606311321,0.05189800262451172,1
rms_norm,RM_105,3072x2048,heldout,1,heuristics,0,0e08e3ec9a7b2c1e,"{""atomic_indexing"": [], ""block_sizes"": [4], ""indexing"": [""pointer"", ""tensor_descriptor"", ""pointer"", ""tensor_descriptor"", ""tensor_descriptor"", ""tensor_descriptor"", ""tensor_descriptor""], ""load_eviction_policies"": [""first"", ""last"", """", ""first"", """"], ""num_stages"": 3, ""num_warps"": 2, ""pid_type"": ""flat"", ""range_flattens"": [null], ""range_multi_buffers"": [null], ""range_num_stages"": [0], ""range_unroll_factors"": [0], ""range_warp_specializes"": [null], ""reduction_loops"": [null]}",ok,9.184000082314014,0.04465460777282715,1
rms_norm,RM_105,3072x2048,heldout,1,heuristics,0,6d53c3602b79725b,"{""atomic_indexing"": [], ""block_sizes"": [1], ""indexing"": [""pointer"", ""tensor_descriptor"", ""pointer"", ""pointer"", ""pointer"", ""tensor_descriptor"", ""pointer""], ""load_eviction_policies"": ["""", ""first"", ""last"", """", """"], ""num_stages"": 3, ""num_warps"": 8, ""pid_type"": ""flat"", ""range_flattens"": [null], ""range_multi_buffers"": [null], ""range_num_stages"": [0], ""range_unroll_factors"": [0], ""range_warp_specializes"": [null], ""reduction_loops"": [8192]}",ok,11.231999844312668,0.03472542762756348,1
rms_norm,RM_105,3072x2048,heldout,1,heuristics,0,87b2f26661fd2925,"{""atomic_indexing"": [], ""block_sizes"": [1], ""indexing"": [""tensor_descriptor"", ""tensor_descriptor"", ""tensor_descriptor"", ""tensor_descriptor"", ""pointer"", ""pointer"", ""tensor_descriptor""], ""load_eviction_policies"": ["""", ""last"", ""last"", ""first"", """"], ""num_stages"": 2, ""num_warps"": 8, ""pid_type"": ""flat"", ""range_flattens"": [null], ""range_multi_buffers"": [null], ""range_num_stages"": [0], ""range_unroll_factors"": [0], ""range_warp_specializes"": [null], ""reduction_loops"": [null]}",ok,11.19999960064888,0.026884794235229492,1
rms_norm,RM_105,3072x2048,heldout,1,heuristics,0,9615e7b2fea5ec90,"{""atomic_indexing"": [], ""block_sizes"": [1], ""indexing"": [""pointer"", ""pointer"", ""pointer"", ""tensor_descriptor"", ""pointer"", ""tensor_descriptor"", ""pointer""], ""load_eviction_policies"": ["""", ""first"", ""last"", ""first"", ""last""], ""num_stages"": 8, ""num_warps"": 8, ""pid_type"": ""flat"", ""range_flattens"": [null], ""range_multi_buffers"": [null], ""range_num_stages"": [0], ""range_unroll_factors"": [0], ""range_warp_specializes"": [null], ""reduction_loops"": [2048]}",ok,11.231999844312668,0.02534961700439453,1
rms_norm,RM_105,3072x2048,heldout,1,heuristics,0,f2da39335308e8ca,"{""atomic_indexing"": [], ""block_sizes"": [1], ""indexing"": [""pointer"", ""pointer"", ""pointer"", ""pointer"", ""pointer"", ""pointer"", ""pointer"", ""pointer""], ""load_eviction_policies"": ["""", """", """", """", """"], ""num_stages"": 1, ""num_warps"": 4, ""pid_type"": ""flat"", ""range_flattens"": [null], ""range_multi_buffers"": [null], ""range_num_stages"": [0], ""range_unroll_factors"": [0], ""range_warp_specializes"": [null], ""reduction_loops"": [null]}",ok,11.215999722480774,0.022424936294555664,0
rms_norm,RM_105,3072x2048,heldout,1,heuristics,0,f99cbeb65b84a22d,"{""atomic_indexing"": [], ""block_sizes"": [8], ""indexing"": [""pointer"", ""pointer"", ""pointer"", ""pointer"", ""pointer"", ""pointer"", ""pointer"", ""pointer""], ""load_eviction_policies"": ["""", """", """", """", """"], ""num_stages"": 1, ""num_warps"": 4, ""pid_type"": ""flat"", ""range_flattens"": [null], ""range_multi_buffers"": [null], ""range_num_stages"": [0], ""range_unroll_factors"": [0], ""range_warp_specializes"": [null], ""reduction_loops"": [null]}",ok,9.344000369310379,0.055367469787597656,0
rms_norm,RM_105,3072x2048,heldout,1,heuristics,0,dc0a4ce2ed889219,"{""atomic_indexing"": [], ""block_sizes"": [16], ""indexing"": [""pointer"", ""pointer"", ""pointer"", ""pointer"", ""pointer"", ""pointer"", ""pointer"", ""pointer""], ""load_eviction_policies"": ["""", """", """", """", """"], ""num_stages"": 2, ""num_warps"": 8, ""pid_type"": ""flat"", ""range_flattens"": [null], ""range_multi_buffers"": [null], ""range_num_stages"": [0], ""range_unroll_factors"": [0], ""range_warp_specializes"": [null], ""reduction_loops"": [null]}",ok,11.231999844312668,0.038880348205566406,0
rms_norm,RM_105,3072x2048,heldout,1,heuristics,0,b8cc8eaa4238fd2c,"{""atomic_indexing"": [], ""block_sizes"": [32], ""indexing"": [""pointer"", ""pointer"", ""pointer"", ""pointer"", ""pointer"", ""pointer"", ""pointer"", ""pointer""], ""load_eviction_policies"": ["""", """", """", """", """"], ""num_sm_multiplier"": 1, ""num_stages"": 3, ""num_warps"": 8, ""pid_type"": ""persistent_blocked"", ""range_flattens"": [null], ""range_multi_buffers"": [null], ""range_num_stages"": [0], ""range_unroll_factors"": [0], ""range_warp_specializes"": [null], ""reduction_loops"": [null]}",ok,11.231999844312668,0.024003028869628906,0
rms_norm,RM_105,3072x2048,heldout,1,heuristics,0,ce3f58736754a3f1,"{""atomic_indexing"": [], ""block_sizes"": [4], ""indexing"": [""tensor_descriptor"", ""tensor_descriptor"", ""tensor_descriptor"", ""tensor_descriptor"", ""tensor_descriptor"", ""tensor_descriptor"", ""tensor_descriptor"", ""tensor_descriptor""], ""load_eviction_policies"": ["""", """", """", """", """"], ""num_stages"": 2, ""num_warps"": 4, ""pid_type"": ""flat"", ""range_flattens"": [null], ""range_multi_buffers"": [null], ""range_num_stages"": [0], ""range_unroll_factors"": [0], ""range_warp_specializes"": [null], ""reduction_loops"": [null]}",ok,9.184000082314014,0.036490678787231445,0
rms_norm,RM_105,3072x2048,heldout,1,heuristics,0,fbebc4fb16f7b19b,"{""atomic_indexing"": [], ""block_sizes"": [64], ""indexing"": [""pointer"", ""pointer"", ""pointer"", ""pointer"", ""pointer"", ""pointer"", ""pointer"", ""pointer""], ""load_eviction_policies"": ["""", """", """", """", """"], ""num_sm_multiplier"": 1, ""num_stages"": 3, ""num_warps"": 16, ""pid_type"": ""persistent_interleaved"", ""range_flattens"": [null], ""range_multi_buffers"": [null], ""range_num_stages"": [0], ""range_unroll_factors"": [0], ""range_warp_specializes"": [null], ""reduction_loops"": [null]}",ok,39.96799886226654,0.035091400146484375,0
rms_norm,RM_105,3072x2048,heldout,2,heuristics,0,482f430b8c9d8e8e,"{""atomic_indexing"": [], ""block_sizes"": [2], ""indexing"": [""tensor_descriptor"", ""pointer"", ""tensor_descriptor"", ""tensor_descriptor"", ""pointer"", ""tensor_descriptor"", ""tensor_descriptor""], ""load_eviction_policies"": [""last"", ""first"", ""last"", ""first"", ""first""], ""num_stages"": 1, ""num_warps"": 2, ""pid_type"": ""flat"", ""range_flattens"": [null], ""range_multi_buffers"": [null], ""range_num_stages"": [0], ""range_unroll_factors"": [0], ""range_warp_specializes"": [null], ""reduction_loops"": [2048]}",ok,9.216000325977802,0.13094234466552734,1
rms_norm,RM_105,3072x2048,heldout,2,heuristics,0,24745e38d713c198,"{""atomic_indexing"": [], ""block_sizes"": [2], ""indexing"": [""pointer"", ""pointer"", ""pointer"", ""tensor_descriptor"", ""tensor_descriptor"", ""pointer"", ""pointer""], ""load_eviction_policies"": [""last"", ""first"", ""first"", """", """"], ""num_stages"": 6, ""num_warps"": 4, ""pid_type"": ""flat"", ""range_flattens"": [null], ""range_multi_buffers"": [null], ""range_num_stages"": [0], ""range_unroll_factors"": [0], ""range_warp_specializes"": [null], ""reduction_loops"": [null]}",ok,11.231999844312668,0.11439323425292969,1
rms_norm,RM_105,3072x2048,heldout,2,heuristics,0,a0bad60454a64a49,"{""atomic_indexing"": [], ""block_sizes"": [1], ""indexing"": [""pointer"", ""tensor_descriptor"", ""pointer"", ""pointer"", ""pointer"", ""pointer"", ""pointer""], ""load_eviction_policies"": [""first"", ""last"", ""last"", """", ""last""], ""num_stages"": 4, ""num_warps"": 16, ""pid_type"": ""flat"", ""range_flattens"": [null], ""range_multi_buffers"": [null], ""range_num_stages"": [0], ""range_unroll_factors"": [0], ""range_warp_specializes"": [null], ""reduction_loops"": [null]}",ok,13.311999849975109,0.09739518165588379,1
rms_norm,RM_105,3072x2048,heldout,2,heuristics,0,0e08e3ec9a7b2c1e,"{""atomic_indexing"": [], ""block_sizes"": [4], ""indexing"": [""pointer"", ""tensor_descriptor"", ""pointer"", ""tensor_descriptor"", ""tensor_descriptor"", ""tensor_descriptor"", ""tensor_descriptor""], ""load_eviction_policies"": [""first"", ""last"", """", ""first"", """"], ""num_stages"": 3, ""num_warps"": 2, ""pid_type"": ""flat"", ""range_flattens"": [null], ""range_multi_buffers"": [null], ""range_num_stages"": [0], ""range_unroll_factors"": [0], ""range_warp_specializes"": [null], ""reduction_loops"": [null]}",ok,9.184000082314014,0.0793302059173584,1
rms_norm,RM_105,3072x2048,heldout,2,heuristics,0,6d53c3602b79725b,"{""atomic_indexing"": [], ""block_sizes"": [1], ""indexing"": [""pointer"", ""tensor_descriptor"", ""pointer"", ""pointer"", ""pointer"", ""tensor_descriptor"", ""pointer""], ""load_eviction_policies"": ["""", ""first"", ""last"", """", """"], ""num_stages"": 3, ""num_warps"": 8, ""pid_type"": ""flat"", ""range_flattens"": [null], ""range_multi_buffers"": [null], ""range_num_stages"": [0], ""range_unroll_factors"": [0], ""range_warp_specializes"": [null], ""reduction_loops"": [8192]}",ok,11.231999844312668,0.06693029403686523,1
rms_norm,RM_105,3072x2048,heldout,2,heuristics,0,87b2f26661fd2925,"{""atomic_indexing"": [], ""block_sizes"": [1], ""indexing"": [""tensor_descriptor"", ""tensor_descriptor"", ""tensor_descriptor"", ""tensor_descriptor"", ""pointer"", ""pointer"", ""tensor_descriptor""], ""load_eviction_policies"": ["""", ""last"", ""last"", ""first"", """"], ""num_stages"": 2, ""num_warps"": 8, ""pid_type"": ""flat"", ""range_flattens"": [null], ""range_multi_buffers"": [null], ""range_num_stages"": [0], ""range_unroll_factors"": [0], ""range_warp_specializes"": [null], ""reduction_loops"": [null]}",ok,11.19999960064888,0.04724693298339844,1
rms_norm,RM_105,3072x2048,heldout,2,heuristics,0,9615e7b2fea5ec90,"{""atomic_indexing"": [], ""block_sizes"": [1], ""indexing"": [""pointer"", ""pointer"", ""pointer"", ""tensor_descriptor"", ""pointer"", ""tensor_descriptor"", ""pointer""], ""load_eviction_policies"": ["""", ""first"", ""last"", ""first"", ""last""], ""num_stages"": 8, ""num_warps"": 8, ""pid_type"": ""flat"", ""range_flattens"": [null], ""range_multi_buffers"": [null], ""range_num_stages"": [0], ""range_unroll_factors"": [0], ""range_warp_specializes"": [null], ""reduction_loops"": [2048]}",ok,11.231999844312668,0.04742240905761719,1
rms_norm,RM_105,3072x2048,heldout,2,heuristics,0,f2da39335308e8ca,"{""atomic_indexing"": [], ""block_sizes"": [1], ""indexing"": [""pointer"", ""pointer"", ""pointer"", ""pointer"", ""pointer"", ""pointer"", ""pointer"", ""pointer""], ""load_eviction_policies"": ["""", """", """", """", """"], ""num_stages"": 1, ""num_warps"": 4, ""pid_type"": ""flat"", ""range_flattens"": [null], ""range_multi_buffers"": [null], ""range_num_stages"": [0], ""range_unroll_factors"": [0], ""range_warp_specializes"": [null], ""reduction_loops"": [null]}",ok,11.231999844312668,0.04053783416748047,0
rms_norm,RM_105,3072x2048,heldout,2,heuristics,0,f99cbeb65b84a22d,"{""atomic_indexing"": [], ""block_sizes"": [8], ""indexing"": [""pointer"", ""pointer"", ""pointer"", ""pointer"", ""pointer"", ""pointer"", ""pointer"", ""pointer""], ""load_eviction_policies"": ["""", """", """", """", """"], ""num_stages"": 1, ""num_warps"": 4, ""pid_type"": ""flat"", ""range_flattens"": [null], ""range_multi_buffers"": [null], ""range_num_stages"": [0], ""range_unroll_factors"": [0], ""range_warp_specializes"": [null], ""reduction_loops"": [null]}",ok,11.103999800980091,0.05692243576049805,0
rms_norm,RM_105,3072x2048,heldout,2,heuristics,0,dc0a4ce2ed889219,"{""atomic_indexing"": [], ""block_sizes"": [16], ""indexing"": [""pointer"", ""pointer"", ""pointer"", ""pointer"", ""pointer"", ""pointer"", ""pointer"", ""pointer""], ""load_eviction_policies"": ["""", """", """", """", """"], ""num_stages"": 2, ""num_warps"": 8, ""pid_type"": ""flat"", ""range_flattens"": [null], ""range_multi_buffers"": [null], ""range_num_stages"": [0], ""range_unroll_factors"": [0], ""range_warp_specializes"": [null], ""reduction_loops"": [null]}",ok,11.231999844312668,0.04050159454345703,0
rms_norm,RM_105,3072x2048,heldout,2,heuristics,0,b8cc8eaa4238fd2c,"{""atomic_indexing"": [], ""block_sizes"": [32], ""indexing"": [""pointer"", ""pointer"", ""pointer"", ""pointer"", ""pointer"", ""pointer"", ""pointer"", ""pointer""], ""load_eviction_policies"": ["""", """", """", """", """"], ""num_sm_multiplier"": 1, ""num_stages"": 3, ""num_warps"": 8, ""pid_type"": ""persistent_blocked"", ""range_flattens"": [null], ""range_multi_buffers"": [null], ""range_num_stages"": [0], ""range_unroll_factors"": [0], ""range_warp_specializes"": [null], ""reduction_loops"": [null]}",ok,11.231999844312668,0.024570703506469727,0
rms_norm,RM_105,3072x2048,heldout,2,heuristics,0,265e9a8b471b3126,"{""atomic_indexing"": [], ""block_sizes"": [4], ""indexing"": [""tensor_descriptor"", ""tensor_descriptor"", ""tensor_descriptor"", ""tensor_descriptor"", ""tensor_descriptor"", ""tensor_descriptor"", ""tensor_descriptor"", ""tensor_descriptor""], ""load_eviction_policies"": ["""", """", """", """", """"], ""num_stages"": 1, ""num_warps"": 4, ""pid_type"": ""flat"", ""range_flattens"": [null], ""range_multi_buffers"": [null], ""range_num_stages"": [0], ""range_unroll_factors"": [0], ""range_warp_specializes"": [null], ""reduction_loops"": [null]}",ok,9.184000082314014,0.025910377502441406,0
rms_norm,RM_105,3072x2048,heldout,2,heuristics,0,fbebc4fb16f7b19b,"{""atomic_indexing"": [], ""block_sizes"": [64], ""indexing"": [""pointer"", ""pointer"", ""pointer"", ""pointer"", ""pointer"", ""pointer"", ""pointer"", ""pointer""], ""load_eviction_policies"": ["""", """", """", """", """"], ""num_sm_multiplier"": 1, ""num_stages"": 3, ""num_warps"": 16, ""pid_type"": ""persistent_interleaved"", ""range_flattens"": [null], ""range_multi_buffers"": [null], ""range_num_stages"": [0], ""range_unroll_factors"": [0], ""range_warp_specializes"": [null], ""reduction_loops"": [null]}",ok,40.031999349594116,0.022122621536254883,0
