kernel_name,shape_hash,config_hash,config,shape_features,timing_ms
attention,c1cbeb7a89d2e326,1424d8a662dc60cf,"{""block_sizes"": [1, 128, 128], ""loop_orders"": [[0, 1]], ""l2_groupings"": [32], ""range_unroll_factors"": [0, 2], ""range_warp_specializes"": [null, false], ""range_num_stages"": [0, 3], ""range_multi_buffers"": [null, false], ""range_flattens"": [null, false], ""load_eviction_policies"": [""first"", ""last"", ""first""], ""num_warps"": 4, ""num_stages"": 3, ""indexing"": [""pointer"", ""pointer"", ""pointer"", ""tensor_descriptor""], ""atomic_indexing"": [], ""pid_type"": ""flat""}","{""arg0_ndim"": 4, ""arg0_dim0"": 4, ""arg0_dim1"": 32, ""arg0_dim2"": 1024, ""arg0_dim3"": 64, ""arg0_numel"": 8388608, ""arg0_dtype"": ""torch.float16"", ""arg0_dtype_size"": 2, ""arg0_dtype_cat"": 2, ""arg1_ndim"": 4, ""arg1_dim0"": 4, ""arg1_dim1"": 32, ""arg1_dim2"": 1024, ""arg1_dim3"": 64, ""arg1_numel"": 8388608, ""arg1_dtype"": ""torch.float16"", ""arg1_dtype_size"": 2, ""arg1_dtype_cat"": 2, ""arg2_ndim"": 4, ""arg2_dim0"": 4, ""arg2_dim1"": 32, ""arg2_dim2"": 1024, ""arg2_dim3"": 64, ""arg2_numel"": 8388608, ""arg2_dtype"": ""torch.float16"", ""arg2_dtype_size"": 2, ""arg2_dtype_cat"": 2}",0.1024319976568222
attention,c1cbeb7a89d2e326,29135c77b970e281,"{""block_sizes"": [1, 128, 128], ""loop_orders"": [[0, 1]], ""l2_groupings"": [32], ""range_unroll_factors"": [0, 4], ""range_warp_specializes"": [null, false], ""range_num_stages"": [0, 4], ""range_multi_buffers"": [null, null], ""range_flattens"": [null, false], ""load_eviction_policies"": [""first"", """", ""first""], ""num_warps"": 4, ""num_stages"": 3, ""indexing"": [""tensor_descriptor"", ""pointer"", ""pointer"", ""tensor_descriptor""], ""atomic_indexing"": [], ""pid_type"": ""flat""}","{""arg0_ndim"": 4, ""arg0_dim0"": 4, ""arg0_dim1"": 32, ""arg0_dim2"": 1024, ""arg0_dim3"": 64, ""arg0_numel"": 8388608, ""arg0_dtype"": ""torch.float16"", ""arg0_dtype_size"": 2, ""arg0_dtype_cat"": 2, ""arg1_ndim"": 4, ""arg1_dim0"": 4, ""arg1_dim1"": 32, ""arg1_dim2"": 1024, ""arg1_dim3"": 64, ""arg1_numel"": 8388608, ""arg1_dtype"": ""torch.float16"", ""arg1_dtype_size"": 2, ""arg1_dtype_cat"": 2, ""arg2_ndim"": 4, ""arg2_dim0"": 4, ""arg2_dim1"": 32, ""arg2_dim2"": 1024, ""arg2_dim3"": 64, ""arg2_numel"": 8388608, ""arg2_dtype"": ""torch.float16"", ""arg2_dtype_size"": 2, ""arg2_dtype_cat"": 2}",0.1024319976568222
attention,c1cbeb7a89d2e326,71d98cc073b6f9c7,"{""block_sizes"": [1, 128, 128], ""loop_orders"": [[0, 1]], ""l2_groupings"": [32], ""range_unroll_factors"": [0, 0], ""range_warp_specializes"": [null, null], ""range_num_stages"": [0, 2], ""range_multi_buffers"": [null, true], ""range_flattens"": [null, true], ""load_eviction_policies"": [""first"", ""last"", ""first""], ""num_warps"": 4, ""num_stages"": 3, ""indexing"": [""tensor_descriptor"", ""tensor_descriptor"", ""pointer"", ""tensor_descriptor""], ""atomic_indexing"": [], ""pid_type"": ""flat""}","{""arg0_ndim"": 4, ""arg0_dim0"": 4, ""arg0_dim1"": 32, ""arg0_dim2"": 1024, ""arg0_dim3"": 64, ""arg0_numel"": 8388608, ""arg0_dtype"": ""torch.float16"", ""arg0_dtype_size"": 2, ""arg0_dtype_cat"": 2, ""arg1_ndim"": 4, ""arg1_dim0"": 4, ""arg1_dim1"": 32, ""arg1_dim2"": 1024, ""arg1_dim3"": 64, ""arg1_numel"": 8388608, ""arg1_dtype"": ""torch.float16"", ""arg1_dtype_size"": 2, ""arg1_dtype_cat"": 2, ""arg2_ndim"": 4, ""arg2_dim0"": 4, ""arg2_dim1"": 32, ""arg2_dim2"": 1024, ""arg2_dim3"": 64, ""arg2_numel"": 8388608, ""arg2_dtype"": ""torch.float16"", ""arg2_dtype_size"": 2, ""arg2_dtype_cat"": 2}",0.10249599814414978
attention,c1cbeb7a89d2e326,fa0e6212d9dfaba1,"{""block_sizes"": [1, 128, 128], ""loop_orders"": [[1, 0]], ""l2_groupings"": [1], ""range_unroll_factors"": [0, 0], ""range_warp_specializes"": [null, null], ""range_num_stages"": [0, 3], ""range_multi_buffers"": [null, null], ""range_flattens"": [null, true], ""load_eviction_policies"": ["""", ""last"", ""first""], ""num_warps"": 4, ""num_stages"": 3, ""indexing"": [""tensor_descriptor"", ""tensor_descriptor"", ""tensor_descriptor"", ""tensor_descriptor""], ""atomic_indexing"": [], ""pid_type"": ""flat""}","{""arg0_ndim"": 4, ""arg0_dim0"": 4, ""arg0_dim1"": 32, ""arg0_dim2"": 1024, ""arg0_dim3"": 64, ""arg0_numel"": 8388608, ""arg0_dtype"": ""torch.float16"", ""arg0_dtype_size"": 2, ""arg0_dtype_cat"": 2, ""arg1_ndim"": 4, ""arg1_dim0"": 4, ""arg1_dim1"": 32, ""arg1_dim2"": 1024, ""arg1_dim3"": 64, ""arg1_numel"": 8388608, ""arg1_dtype"": ""torch.float16"", ""arg1_dtype_size"": 2, ""arg1_dtype_cat"": 2, ""arg2_ndim"": 4, ""arg2_dim0"": 4, ""arg2_dim1"": 32, ""arg2_dim2"": 1024, ""arg2_dim3"": 64, ""arg2_numel"": 8388608, ""arg2_dtype"": ""torch.float16"", ""arg2_dtype_size"": 2, ""arg2_dtype_cat"": 2}",0.10649599879980087
attention,c1cbeb7a89d2e326,018f3cbb5fbec2b3,"{""block_sizes"": [1, 128, 128], ""loop_orders"": [[0, 1]], ""l2_groupings"": [32], ""range_unroll_factors"": [0, 4], ""range_warp_specializes"": [null, null], ""range_num_stages"": [0, 2], ""range_multi_buffers"": [null, false], ""range_flattens"": [null, true], ""load_eviction_policies"": ["""", """", ""first""], ""num_warps"": 4, ""num_stages"": 3, ""indexing"": [""pointer"", ""tensor_descriptor"", ""pointer"", ""tensor_descriptor""], ""atomic_indexing"": [], ""pid_type"": ""flat""}","{""arg0_ndim"": 4, ""arg0_dim0"": 4, ""arg0_dim1"": 32, ""arg0_dim2"": 1024, ""arg0_dim3"": 64, ""arg0_numel"": 8388608, ""arg0_dtype"": ""torch.float16"", ""arg0_dtype_size"": 2, ""arg0_dtype_cat"": 2, ""arg1_ndim"": 4, ""arg1_dim0"": 4, ""arg1_dim1"": 32, ""arg1_dim2"": 1024, ""arg1_dim3"": 64, ""arg1_numel"": 8388608, ""arg1_dtype"": ""torch.float16"", ""arg1_dtype_size"": 2, ""arg1_dtype_cat"": 2, ""arg2_ndim"": 4, ""arg2_dim0"": 4, ""arg2_dim1"": 32, ""arg2_dim2"": 1024, ""arg2_dim3"": 64, ""arg2_numel"": 8388608, ""arg2_dtype"": ""torch.float16"", ""arg2_dtype_size"": 2, ""arg2_dtype_cat"": 2}",0.1024319976568222
attention,c1cbeb7a89d2e326,4412520d00f6fe18,"{""block_sizes"": [1, 128, 64], ""loop_orders"": [[0, 1]], ""l2_groupings"": [16], ""range_unroll_factors"": [1, 0], ""range_warp_specializes"": [null, null], ""range_num_stages"": [0, 3], ""range_multi_buffers"": [true, false], ""range_flattens"": [false, false], ""load_eviction_policies"": ["""", ""last"", ""first""], ""num_warps"": 4, ""num_stages"": 4, ""indexing"": [""pointer"", ""pointer"", ""pointer"", ""pointer""], ""atomic_indexing"": [], ""pid_type"": ""persistent_interleaved"", ""num_sm_multiplier"": 2}","{""arg0_ndim"": 4, ""arg0_dim0"": 4, ""arg0_dim1"": 32, ""arg0_dim2"": 1024, ""arg0_dim3"": 64, ""arg0_numel"": 8388608, ""arg0_dtype"": ""torch.float16"", ""arg0_dtype_size"": 2, ""arg0_dtype_cat"": 2, ""arg1_ndim"": 4, ""arg1_dim0"": 4, ""arg1_dim1"": 32, ""arg1_dim2"": 1024, ""arg1_dim3"": 64, ""arg1_numel"": 8388608, ""arg1_dtype"": ""torch.float16"", ""arg1_dtype_size"": 2, ""arg1_dtype_cat"": 2, ""arg2_ndim"": 4, ""arg2_dim0"": 4, ""arg2_dim1"": 32, ""arg2_dim2"": 1024, ""arg2_dim3"": 64, ""arg2_numel"": 8388608, ""arg2_dtype"": ""torch.float16"", ""arg2_dtype_size"": 2, ""arg2_dtype_cat"": 2}",0.11062400043010712
attention,c1cbeb7a89d2e326,8b544d6ab595df36,"{""block_sizes"": [1, 128, 64], ""loop_orders"": [[1, 0]], ""l2_groupings"": [8], ""range_unroll_factors"": [0, 3], ""range_warp_specializes"": [null, null], ""range_num_stages"": [0, 3], ""range_multi_buffers"": [null, true], ""range_flattens"": [null, true], ""load_eviction_policies"": ["""", ""first"", ""last""], ""num_warps"": 8, ""num_stages"": 3, ""indexing"": [""pointer"", ""pointer"", ""tensor_descriptor"", ""pointer""], ""atomic_indexing"": [], ""pid_type"": ""flat""}","{""arg0_ndim"": 4, ""arg0_dim0"": 4, ""arg0_dim1"": 32, ""arg0_dim2"": 1024, ""arg0_dim3"": 64, ""arg0_numel"": 8388608, ""arg0_dtype"": ""torch.float16"", ""arg0_dtype_size"": 2, ""arg0_dtype_cat"": 2, ""arg1_ndim"": 4, ""arg1_dim0"": 4, ""arg1_dim1"": 32, ""arg1_dim2"": 1024, ""arg1_dim3"": 64, ""arg1_numel"": 8388608, ""arg1_dtype"": ""torch.float16"", ""arg1_dtype_size"": 2, ""arg1_dtype_cat"": 2, ""arg2_ndim"": 4, ""arg2_dim0"": 4, ""arg2_dim1"": 32, ""arg2_dim2"": 1024, ""arg2_dim3"": 64, ""arg2_numel"": 8388608, ""arg2_dtype"": ""torch.float16"", ""arg2_dtype_size"": 2, ""arg2_dtype_cat"": 2}",0.1311040073633194
attention,c1cbeb7a89d2e326,f1dda601fe248341,"{""block_sizes"": [1, 128, 64], ""loop_orders"": [[1, 0]], ""l2_groupings"": [1], ""range_unroll_factors"": [0, 4], ""range_warp_specializes"": [null, false], ""range_num_stages"": [0, 4], ""range_multi_buffers"": [null, null], ""range_flattens"": [null, null], ""load_eviction_policies"": [""first"", """", """"], ""num_warps"": 4, ""num_stages"": 3, ""indexing"": [""tensor_descriptor"", ""pointer"", ""tensor_descriptor"", ""tensor_descriptor""], ""atomic_indexing"": [], ""pid_type"": ""flat""}","{""arg0_ndim"": 4, ""arg0_dim0"": 4, ""arg0_dim1"": 32, ""arg0_dim2"": 1024, ""arg0_dim3"": 64, ""arg0_numel"": 8388608, ""arg0_dtype"": ""torch.float16"", ""arg0_dtype_size"": 2, ""arg0_dtype_cat"": 2, ""arg1_ndim"": 4, ""arg1_dim0"": 4, ""arg1_dim1"": 32, ""arg1_dim2"": 1024, ""arg1_dim3"": 64, ""arg1_numel"": 8388608, ""arg1_dtype"": ""torch.float16"", ""arg1_dtype_size"": 2, ""arg1_dtype_cat"": 2, ""arg2_ndim"": 4, ""arg2_dim0"": 4, ""arg2_dim1"": 32, ""arg2_dim2"": 1024, ""arg2_dim3"": 64, ""arg2_numel"": 8388608, ""arg2_dtype"": ""torch.float16"", ""arg2_dtype_size"": 2, ""arg2_dtype_cat"": 2}",0.12083200365304947
attention,c1cbeb7a89d2e326,3265e0895ba56199,"{""block_sizes"": [1, 128, 64], ""loop_orders"": [[1, 0]], ""l2_groupings"": [8], ""range_unroll_factors"": [0, 1], ""range_warp_specializes"": [null, false], ""range_num_stages"": [0, 2], ""range_multi_buffers"": [null, null], ""range_flattens"": [null, true], ""load_eviction_policies"": ["""", """", ""first""], ""num_warps"": 8, ""num_stages"": 3, ""indexing"": [""tensor_descriptor"", ""tensor_descriptor"", ""pointer"", ""tensor_descriptor""], ""atomic_indexing"": [], ""pid_type"": ""flat""}","{""arg0_ndim"": 4, ""arg0_dim0"": 4, ""arg0_dim1"": 32, ""arg0_dim2"": 1024, ""arg0_dim3"": 64, ""arg0_numel"": 8388608, ""arg0_dtype"": ""torch.float16"", ""arg0_dtype_size"": 2, ""arg0_dtype_cat"": 2, ""arg1_ndim"": 4, ""arg1_dim0"": 4, ""arg1_dim1"": 32, ""arg1_dim2"": 1024, ""arg1_dim3"": 64, ""arg1_numel"": 8388608, ""arg1_dtype"": ""torch.float16"", ""arg1_dtype_size"": 2, ""arg1_dtype_cat"": 2, ""arg2_ndim"": 4, ""arg2_dim0"": 4, ""arg2_dim1"": 32, ""arg2_dim2"": 1024, ""arg2_dim3"": 64, ""arg2_numel"": 8388608, ""arg2_dtype"": ""torch.float16"", ""arg2_dtype_size"": 2, ""arg2_dtype_cat"": 2}",0.1311040073633194
attention,c1cbeb7a89d2e326,18cd65d1f263c609,"{""block_sizes"": [1, 128, 64], ""loop_orders"": [[1, 0]], ""l2_groupings"": [8], ""range_unroll_factors"": [0, 4], ""range_warp_specializes"": [null, null], ""range_num_stages"": [0, 3], ""range_multi_buffers"": [null, true], ""range_flattens"": [null, true], ""load_eviction_policies"": [""first"", ""first"", ""last""], ""num_warps"": 8, ""num_stages"": 3, ""indexing"": [""tensor_descriptor"", ""pointer"", ""tensor_descriptor"", ""pointer""], ""atomic_indexing"": [], ""pid_type"": ""flat""}","{""arg0_ndim"": 4, ""arg0_dim0"": 4, ""arg0_dim1"": 32, ""arg0_dim2"": 1024, ""arg0_dim3"": 64, ""arg0_numel"": 8388608, ""arg0_dtype"": ""torch.float16"", ""arg0_dtype_size"": 2, ""arg0_dtype_cat"": 2, ""arg1_ndim"": 4, ""arg1_dim0"": 4, ""arg1_dim1"": 32, ""arg1_dim2"": 1024, ""arg1_dim3"": 64, ""arg1_numel"": 8388608, ""arg1_dtype"": ""torch.float16"", ""arg1_dtype_size"": 2, ""arg1_dtype_cat"": 2, ""arg2_ndim"": 4, ""arg2_dim0"": 4, ""arg2_dim1"": 32, ""arg2_dim2"": 1024, ""arg2_dim3"": 64, ""arg2_numel"": 8388608, ""arg2_dtype"": ""torch.float16"", ""arg2_dtype_size"": 2, ""arg2_dtype_cat"": 2}",0.1311040073633194
attention,c1cbeb7a89d2e326,b62e9711edcad914,"{""block_sizes"": [1, 128, 64], ""loop_orders"": [[0, 1]], ""l2_groupings"": [1], ""range_unroll_factors"": [0, 3], ""range_warp_specializes"": [null, false], ""range_num_stages"": [0, 3], ""range_multi_buffers"": [null, true], ""range_flattens"": [null, true], ""load_eviction_policies"": ["""", ""last"", """"], ""num_warps"": 4, ""num_stages"": 4, ""indexing"": [""tensor_descriptor"", ""pointer"", ""tensor_descriptor"", ""tensor_descriptor""], ""atomic_indexing"": [], ""pid_type"": ""flat""}","{""arg0_ndim"": 4, ""arg0_dim0"": 4, ""arg0_dim1"": 32, ""arg0_dim2"": 1024, ""arg0_dim3"": 64, ""arg0_numel"": 8388608, ""arg0_dtype"": ""torch.float16"", ""arg0_dtype_size"": 2, ""arg0_dtype_cat"": 2, ""arg1_ndim"": 4, ""arg1_dim0"": 4, ""arg1_dim1"": 32, ""arg1_dim2"": 1024, ""arg1_dim3"": 64, ""arg1_numel"": 8388608, ""arg1_dtype"": ""torch.float16"", ""arg1_dtype_size"": 2, ""arg1_dtype_cat"": 2, ""arg2_ndim"": 4, ""arg2_dim0"": 4, ""arg2_dim1"": 32, ""arg2_dim2"": 1024, ""arg2_dim3"": 64, ""arg2_numel"": 8388608, ""arg2_dtype"": ""torch.float16"", ""arg2_dtype_size"": 2, ""arg2_dtype_cat"": 2}",0.12086399644613266
attention,c1cbeb7a89d2e326,0224f42f7e07247a,"{""block_sizes"": [1, 128, 128], ""loop_orders"": [[1, 0]], ""l2_groupings"": [32], ""range_unroll_factors"": [0, 0], ""range_warp_specializes"": [null, null], ""range_num_stages"": [0, 4], ""range_multi_buffers"": [null, null], ""range_flattens"": [null, null], ""load_eviction_policies"": ["""", ""last"", ""last""], ""num_warps"": 4, ""num_stages"": 2, ""indexing"": [""tensor_descriptor"", ""pointer"", ""pointer"", ""pointer""], ""atomic_indexing"": [], ""pid_type"": ""flat""}","{""arg0_ndim"": 4, ""arg0_dim0"": 4, ""arg0_dim1"": 32, ""arg0_dim2"": 1024, ""arg0_dim3"": 64, ""arg0_numel"": 8388608, ""arg0_dtype"": ""torch.float16"", ""arg0_dtype_size"": 2, ""arg0_dtype_cat"": 2, ""arg1_ndim"": 4, ""arg1_dim0"": 4, ""arg1_dim1"": 32, ""arg1_dim2"": 1024, ""arg1_dim3"": 64, ""arg1_numel"": 8388608, ""arg1_dtype"": ""torch.float16"", ""arg1_dtype_size"": 2, ""arg1_dtype_cat"": 2, ""arg2_ndim"": 4, ""arg2_dim0"": 4, ""arg2_dim1"": 32, ""arg2_dim2"": 1024, ""arg2_dim3"": 64, ""arg2_numel"": 8388608, ""arg2_dtype"": ""torch.float16"", ""arg2_dtype_size"": 2, ""arg2_dtype_cat"": 2}",0.11472000181674957
attention,c1cbeb7a89d2e326,a018ad7b08e26b2b,"{""block_sizes"": [1, 128, 128], ""loop_orders"": [[1, 0]], ""l2_groupings"": [1], ""range_unroll_factors"": [0, 4], ""range_warp_specializes"": [null, null], ""range_num_stages"": [2, 4], ""range_multi_buffers"": [false, false], ""range_flattens"": [null, true], ""load_eviction_policies"": [""first"", ""last"", ""last""], ""num_warps"": 4, ""num_stages"": 3, ""indexing"": [""tensor_descriptor"", ""pointer"", ""tensor_descriptor"", ""pointer""], ""atomic_indexing"": [], ""pid_type"": ""persistent_interleaved"", ""num_sm_multiplier"": 128}","{""arg0_ndim"": 4, ""arg0_dim0"": 4, ""arg0_dim1"": 32, ""arg0_dim2"": 1024, ""arg0_dim3"": 64, ""arg0_numel"": 8388608, ""arg0_dtype"": ""torch.float16"", ""arg0_dtype_size"": 2, ""arg0_dtype_cat"": 2, ""arg1_ndim"": 4, ""arg1_dim0"": 4, ""arg1_dim1"": 32, ""arg1_dim2"": 1024, ""arg1_dim3"": 64, ""arg1_numel"": 8388608, ""arg1_dtype"": ""torch.float16"", ""arg1_dtype_size"": 2, ""arg1_dtype_cat"": 2, ""arg2_ndim"": 4, ""arg2_dim0"": 4, ""arg2_dim1"": 32, ""arg2_dim2"": 1024, ""arg2_dim3"": 64, ""arg2_numel"": 8388608, ""arg2_dtype"": ""torch.float16"", ""arg2_dtype_size"": 2, ""arg2_dtype_cat"": 2}",0.16592000424861908
attention,c1cbeb7a89d2e326,34148bc38a442c3b,"{""block_sizes"": [1, 128, 128], ""loop_orders"": [[1, 0]], ""l2_groupings"": [32], ""range_unroll_factors"": [0, 0], ""range_warp_specializes"": [null, null], ""range_num_stages"": [0, 0], ""range_multi_buffers"": [null, true], ""range_flattens"": [null, null], ""load_eviction_policies"": ["""", ""last"", ""first""], ""num_warps"": 4, ""num_stages"": 3, ""indexing"": [""tensor_descriptor"", ""tensor_descriptor"", ""tensor_descriptor"", ""pointer""], ""atomic_indexing"": [], ""pid_type"": ""flat""}","{""arg0_ndim"": 4, ""arg0_dim0"": 4, ""arg0_dim1"": 32, ""arg0_dim2"": 1024, ""arg0_dim3"": 64, ""arg0_numel"": 8388608, ""arg0_dtype"": ""torch.float16"", ""arg0_dtype_size"": 2, ""arg0_dtype_cat"": 2, ""arg1_ndim"": 4, ""arg1_dim0"": 4, ""arg1_dim1"": 32, ""arg1_dim2"": 1024, ""arg1_dim3"": 64, ""arg1_numel"": 8388608, ""arg1_dtype"": ""torch.float16"", ""arg1_dtype_size"": 2, ""arg1_dtype_cat"": 2, ""arg2_ndim"": 4, ""arg2_dim0"": 4, ""arg2_dim1"": 32, ""arg2_dim2"": 1024, ""arg2_dim3"": 64, ""arg2_numel"": 8388608, ""arg2_dtype"": ""torch.float16"", ""arg2_dtype_size"": 2, ""arg2_dtype_cat"": 2}",0.10646399855613708
attention,c1cbeb7a89d2e326,ea987733425e4c1b,"{""block_sizes"": [1, 128, 128], ""loop_orders"": [[0, 1]], ""l2_groupings"": [8], ""range_unroll_factors"": [0, 1], ""range_warp_specializes"": [null, null], ""range_num_stages"": [0, 4], ""range_multi_buffers"": [null, false], ""range_flattens"": [null, false], ""load_eviction_policies"": [""first"", """", ""first""], ""num_warps"": 4, ""num_stages"": 3, ""indexing"": [""tensor_descriptor"", ""tensor_descriptor"", ""pointer"", ""pointer""], ""atomic_indexing"": [], ""pid_type"": ""flat""}","{""arg0_ndim"": 4, ""arg0_dim0"": 4, ""arg0_dim1"": 32, ""arg0_dim2"": 1024, ""arg0_dim3"": 64, ""arg0_numel"": 8388608, ""arg0_dtype"": ""torch.float16"", ""arg0_dtype_size"": 2, ""arg0_dtype_cat"": 2, ""arg1_ndim"": 4, ""arg1_dim0"": 4, ""arg1_dim1"": 32, ""arg1_dim2"": 1024, ""arg1_dim3"": 64, ""arg1_numel"": 8388608, ""arg1_dtype"": ""torch.float16"", ""arg1_dtype_size"": 2, ""arg1_dtype_cat"": 2, ""arg2_ndim"": 4, ""arg2_dim0"": 4, ""arg2_dim1"": 32, ""arg2_dim2"": 1024, ""arg2_dim3"": 64, ""arg2_numel"": 8388608, ""arg2_dtype"": ""torch.float16"", ""arg2_dtype_size"": 2, ""arg2_dtype_cat"": 2}",0.10463999956846237
attention,c1cbeb7a89d2e326,65ab373fc776c2af,"{""block_sizes"": [1, 128, 64], ""loop_orders"": [[0, 1]], ""l2_groupings"": [8], ""range_unroll_factors"": [0, 4], ""range_warp_specializes"": [null, null], ""range_num_stages"": [0, 3], ""range_multi_buffers"": [null, false], ""range_flattens"": [null, false], ""load_eviction_policies"": [""last"", ""first"", ""first""], ""num_warps"": 8, ""num_stages"": 3, ""indexing"": [""pointer"", ""pointer"", ""pointer"", ""tensor_descriptor""], ""atomic_indexing"": [], ""pid_type"": ""flat""}","{""arg0_ndim"": 4, ""arg0_dim0"": 4, ""arg0_dim1"": 32, ""arg0_dim2"": 1024, ""arg0_dim3"": 64, ""arg0_numel"": 8388608, ""arg0_dtype"": ""torch.float16"", ""arg0_dtype_size"": 2, ""arg0_dtype_cat"": 2, ""arg1_ndim"": 4, ""arg1_dim0"": 4, ""arg1_dim1"": 32, ""arg1_dim2"": 1024, ""arg1_dim3"": 64, ""arg1_numel"": 8388608, ""arg1_dtype"": ""torch.float16"", ""arg1_dtype_size"": 2, ""arg1_dtype_cat"": 2, ""arg2_ndim"": 4, ""arg2_dim0"": 4, ""arg2_dim1"": 32, ""arg2_dim2"": 1024, ""arg2_dim3"": 64, ""arg2_numel"": 8388608, ""arg2_dtype"": ""torch.float16"", ""arg2_dtype_size"": 2, ""arg2_dtype_cat"": 2}",0.12902399897575378
attention,c1cbeb7a89d2e326,c94f578925dfd8f9,"{""block_sizes"": [1, 128, 64], ""loop_orders"": [[0, 1]], ""l2_groupings"": [2], ""range_unroll_factors"": [0, 1], ""range_warp_specializes"": [null, null], ""range_num_stages"": [0, 0], ""range_multi_buffers"": [null, true], ""range_flattens"": [null, null], ""load_eviction_policies"": ["""", ""last"", ""first""], ""num_warps"": 8, ""num_stages"": 3, ""indexing"": [""pointer"", ""tensor_descriptor"", ""tensor_descriptor"", ""pointer""], ""atomic_indexing"": [], ""pid_type"": ""flat""}","{""arg0_ndim"": 4, ""arg0_dim0"": 4, ""arg0_dim1"": 32, ""arg0_dim2"": 1024, ""arg0_dim3"": 64, ""arg0_numel"": 8388608, ""arg0_dtype"": ""torch.float16"", ""arg0_dtype_size"": 2, ""arg0_dtype_cat"": 2, ""arg1_ndim"": 4, ""arg1_dim0"": 4, ""arg1_dim1"": 32, ""arg1_dim2"": 1024, ""arg1_dim3"": 64, ""arg1_numel"": 8388608, ""arg1_dtype"": ""torch.float16"", ""arg1_dtype_size"": 2, ""arg1_dtype_cat"": 2, ""arg2_ndim"": 4, ""arg2_dim0"": 4, ""arg2_dim1"": 32, ""arg2_dim2"": 1024, ""arg2_dim3"": 64, ""arg2_numel"": 8388608, ""arg2_dtype"": ""torch.float16"", ""arg2_dtype_size"": 2, ""arg2_dtype_cat"": 2}",0.12908799946308136
attention,c1cbeb7a89d2e326,e90f1fde0aa15d55,"{""block_sizes"": [1, 128, 64], ""loop_orders"": [[0, 1]], ""l2_groupings"": [2], ""range_unroll_factors"": [0, 1], ""range_warp_specializes"": [null, null], ""range_num_stages"": [0, 1], ""range_multi_buffers"": [null, true], ""range_flattens"": [null, false], ""load_eviction_policies"": [""last"", """", ""last""], ""num_warps"": 8, ""num_stages"": 3, ""indexing"": [""pointer"", ""pointer"", ""tensor_descriptor"", ""tensor_descriptor""], ""atomic_indexing"": [], ""pid_type"": ""flat""}","{""arg0_ndim"": 4, ""arg0_dim0"": 4, ""arg0_dim1"": 32, ""arg0_dim2"": 1024, ""arg0_dim3"": 64, ""arg0_numel"": 8388608, ""arg0_dtype"": ""torch.float16"", ""arg0_dtype_size"": 2, ""arg0_dtype_cat"": 2, ""arg1_ndim"": 4, ""arg1_dim0"": 4, ""arg1_dim1"": 32, ""arg1_dim2"": 1024, ""arg1_dim3"": 64, ""arg1_numel"": 8388608, ""arg1_dtype"": ""torch.float16"", ""arg1_dtype_size"": 2, ""arg1_dtype_cat"": 2, ""arg2_ndim"": 4, ""arg2_dim0"": 4, ""arg2_dim1"": 32, ""arg2_dim2"": 1024, ""arg2_dim3"": 64, ""arg2_numel"": 8388608, ""arg2_dtype"": ""torch.float16"", ""arg2_dtype_size"": 2, ""arg2_dtype_cat"": 2}",0.12905600666999817
attention,c1cbeb7a89d2e326,197f70c883e6e5ad,"{""block_sizes"": [1, 128, 64], ""loop_orders"": [[0, 1]], ""l2_groupings"": [2], ""range_unroll_factors"": [0, 0], ""range_warp_specializes"": [null, null], ""range_num_stages"": [0, 0], ""range_multi_buffers"": [null, false], ""range_flattens"": [null, true], ""load_eviction_policies"": [""last"", ""first"", ""first""], ""num_warps"": 4, ""num_stages"": 2, ""indexing"": [""pointer"", ""tensor_descriptor"", ""pointer"", ""tensor_descriptor""], ""atomic_indexing"": [], ""pid_type"": ""flat""}","{""arg0_ndim"": 4, ""arg0_dim0"": 4, ""arg0_dim1"": 32, ""arg0_dim2"": 1024, ""arg0_dim3"": 64, ""arg0_numel"": 8388608, ""arg0_dtype"": ""torch.float16"", ""arg0_dtype_size"": 2, ""arg0_dtype_cat"": 2, ""arg1_ndim"": 4, ""arg1_dim0"": 4, ""arg1_dim1"": 32, ""arg1_dim2"": 1024, ""arg1_dim3"": 64, ""arg1_numel"": 8388608, ""arg1_dtype"": ""torch.float16"", ""arg1_dtype_size"": 2, ""arg1_dtype_cat"": 2, ""arg2_ndim"": 4, ""arg2_dim0"": 4, ""arg2_dim1"": 32, ""arg2_dim2"": 1024, ""arg2_dim3"": 64, ""arg2_numel"": 8388608, ""arg2_dtype"": ""torch.float16"", ""arg2_dtype_size"": 2, ""arg2_dtype_cat"": 2}",0.14131200313568115
attention,c1cbeb7a89d2e326,74c352914e79f5d5,"{""block_sizes"": [1, 128, 64], ""loop_orders"": [[0, 1]], ""l2_groupings"": [2], ""range_unroll_factors"": [0, 2], ""range_warp_specializes"": [null, false], ""range_num_stages"": [0, 0], ""range_multi_buffers"": [null, false], ""range_flattens"": [null, true], ""load_eviction_policies"": [""first"", """", ""first""], ""num_warps"": 8, ""num_stages"": 3, ""indexing"": [""tensor_descriptor"", ""pointer"", ""tensor_descriptor"", ""tensor_descriptor""], ""atomic_indexing"": [], ""pid_type"": ""flat""}","{""arg0_ndim"": 4, ""arg0_dim0"": 4, ""arg0_dim1"": 32, ""arg0_dim2"": 1024, ""arg0_dim3"": 64, ""arg0_numel"": 8388608, ""arg0_dtype"": ""torch.float16"", ""arg0_dtype_size"": 2, ""arg0_dtype_cat"": 2, ""arg1_ndim"": 4, ""arg1_dim0"": 4, ""arg1_dim1"": 32, ""arg1_dim2"": 1024, ""arg1_dim3"": 64, ""arg1_numel"": 8388608, ""arg1_dtype"": ""torch.float16"", ""arg1_dtype_size"": 2, ""arg1_dtype_cat"": 2, ""arg2_ndim"": 4, ""arg2_dim0"": 4, ""arg2_dim1"": 32, ""arg2_dim2"": 1024, ""arg2_dim3"": 64, ""arg2_numel"": 8388608, ""arg2_dtype"": ""torch.float16"", ""arg2_dtype_size"": 2, ""arg2_dtype_cat"": 2}",0.12905600666999817
attention,a1ec483c2a67f891,1424d8a662dc60cf,"{""block_sizes"": [1, 128, 128], ""loop_orders"": [[0, 1]], ""l2_groupings"": [32], ""range_unroll_factors"": [0, 2], ""range_warp_specializes"": [null, false], ""range_num_stages"": [0, 3], ""range_multi_buffers"": [null, false], ""range_flattens"": [null, false], ""load_eviction_policies"": [""first"", ""last"", ""first""], ""num_warps"": 4, ""num_stages"": 3, ""indexing"": [""pointer"", ""pointer"", ""pointer"", ""tensor_descriptor""], ""atomic_indexing"": [], ""pid_type"": ""flat""}","{""arg0_ndim"": 4, ""arg0_dim0"": 4, ""arg0_dim1"": 32, ""arg0_dim2"": 2048, ""arg0_dim3"": 64, ""arg0_numel"": 16777216, ""arg0_dtype"": ""torch.float16"", ""arg0_dtype_size"": 2, ""arg0_dtype_cat"": 2, ""arg1_ndim"": 4, ""arg1_dim0"": 4, ""arg1_dim1"": 32, ""arg1_dim2"": 2048, ""arg1_dim3"": 64, ""arg1_numel"": 16777216, ""arg1_dtype"": ""torch.float16"", ""arg1_dtype_size"": 2, ""arg1_dtype_cat"": 2, ""arg2_ndim"": 4, ""arg2_dim0"": 4, ""arg2_dim1"": 32, ""arg2_dim2"": 2048, ""arg2_dim3"": 64, ""arg2_numel"": 16777216, ""arg2_dtype"": ""torch.float16"", ""arg2_dtype_size"": 2, ""arg2_dtype_cat"": 2}",0.31542399525642395
attention,a1ec483c2a67f891,29135c77b970e281,"{""block_sizes"": [1, 128, 128], ""loop_orders"": [[0, 1]], ""l2_groupings"": [32], ""range_unroll_factors"": [0, 4], ""range_warp_specializes"": [null, false], ""range_num_stages"": [0, 4], ""range_multi_buffers"": [null, null], ""range_flattens"": [null, false], ""load_eviction_policies"": [""first"", """", ""first""], ""num_warps"": 4, ""num_stages"": 3, ""indexing"": [""tensor_descriptor"", ""pointer"", ""pointer"", ""tensor_descriptor""], ""atomic_indexing"": [], ""pid_type"": ""flat""}","{""arg0_ndim"": 4, ""arg0_dim0"": 4, ""arg0_dim1"": 32, ""arg0_dim2"": 2048, ""arg0_dim3"": 64, ""arg0_numel"": 16777216, ""arg0_dtype"": ""torch.float16"", ""arg0_dtype_size"": 2, ""arg0_dtype_cat"": 2, ""arg1_ndim"": 4, ""arg1_dim0"": 4, ""arg1_dim1"": 32, ""arg1_dim2"": 2048, ""arg1_dim3"": 64, ""arg1_numel"": 16777216, ""arg1_dtype"": ""torch.float16"", ""arg1_dtype_size"": 2, ""arg1_dtype_cat"": 2, ""arg2_ndim"": 4, ""arg2_dim0"": 4, ""arg2_dim1"": 32, ""arg2_dim2"": 2048, ""arg2_dim3"": 64, ""arg2_numel"": 16777216, ""arg2_dtype"": ""torch.float16"", ""arg2_dtype_size"": 2, ""arg2_dtype_cat"": 2}",0.31545600295066833
attention,a1ec483c2a67f891,71d98cc073b6f9c7,"{""block_sizes"": [1, 128, 128], ""loop_orders"": [[0, 1]], ""l2_groupings"": [32], ""range_unroll_factors"": [0, 0], ""range_warp_specializes"": [null, null], ""range_num_stages"": [0, 2], ""range_multi_buffers"": [null, true], ""range_flattens"": [null, true], ""load_eviction_policies"": [""first"", ""last"", ""first""], ""num_warps"": 4, ""num_stages"": 3, ""indexing"": [""tensor_descriptor"", ""tensor_descriptor"", ""pointer"", ""tensor_descriptor""], ""atomic_indexing"": [], ""pid_type"": ""flat""}","{""arg0_ndim"": 4, ""arg0_dim0"": 4, ""arg0_dim1"": 32, ""arg0_dim2"": 2048, ""arg0_dim3"": 64, ""arg0_numel"": 16777216, ""arg0_dtype"": ""torch.float16"", ""arg0_dtype_size"": 2, ""arg0_dtype_cat"": 2, ""arg1_ndim"": 4, ""arg1_dim0"": 4, ""arg1_dim1"": 32, ""arg1_dim2"": 2048, ""arg1_dim3"": 64, ""arg1_numel"": 16777216, ""arg1_dtype"": ""torch.float16"", ""arg1_dtype_size"": 2, ""arg1_dtype_cat"": 2, ""arg2_ndim"": 4, ""arg2_dim0"": 4, ""arg2_dim1"": 32, ""arg2_dim2"": 2048, ""arg2_dim3"": 64, ""arg2_numel"": 16777216, ""arg2_dtype"": ""torch.float16"", ""arg2_dtype_size"": 2, ""arg2_dtype_cat"": 2}",0.31545600295066833
attention,a1ec483c2a67f891,fa0e6212d9dfaba1,"{""block_sizes"": [1, 128, 128], ""loop_orders"": [[1, 0]], ""l2_groupings"": [1], ""range_unroll_factors"": [0, 0], ""range_warp_specializes"": [null, null], ""range_num_stages"": [0, 3], ""range_multi_buffers"": [null, null], ""range_flattens"": [null, true], ""load_eviction_policies"": ["""", ""last"", ""first""], ""num_warps"": 4, ""num_stages"": 3, ""indexing"": [""tensor_descriptor"", ""tensor_descriptor"", ""tensor_descriptor"", ""tensor_descriptor""], ""atomic_indexing"": [], ""pid_type"": ""flat""}","{""arg0_ndim"": 4, ""arg0_dim0"": 4, ""arg0_dim1"": 32, ""arg0_dim2"": 2048, ""arg0_dim3"": 64, ""arg0_numel"": 16777216, ""arg0_dtype"": ""torch.float16"", ""arg0_dtype_size"": 2, ""arg0_dtype_cat"": 2, ""arg1_ndim"": 4, ""arg1_dim0"": 4, ""arg1_dim1"": 32, ""arg1_dim2"": 2048, ""arg1_dim3"": 64, ""arg1_numel"": 16777216, ""arg1_dtype"": ""torch.float16"", ""arg1_dtype_size"": 2, ""arg1_dtype_cat"": 2, ""arg2_ndim"": 4, ""arg2_dim0"": 4, ""arg2_dim1"": 32, ""arg2_dim2"": 2048, ""arg2_dim3"": 64, ""arg2_numel"": 16777216, ""arg2_dtype"": ""torch.float16"", ""arg2_dtype_size"": 2, ""arg2_dtype_cat"": 2}",0.3214080035686493
attention,a1ec483c2a67f891,018f3cbb5fbec2b3,"{""block_sizes"": [1, 128, 128], ""loop_orders"": [[0, 1]], ""l2_groupings"": [32], ""range_unroll_factors"": [0, 4], ""range_warp_specializes"": [null, null], ""range_num_stages"": [0, 2], ""range_multi_buffers"": [null, false], ""range_flattens"": [null, true], ""load_eviction_policies"": ["""", """", ""first""], ""num_warps"": 4, ""num_stages"": 3, ""indexing"": [""pointer"", ""tensor_descriptor"", ""pointer"", ""tensor_descriptor""], ""atomic_indexing"": [], ""pid_type"": ""flat""}","{""arg0_ndim"": 4, ""arg0_dim0"": 4, ""arg0_dim1"": 32, ""arg0_dim2"": 2048, ""arg0_dim3"": 64, ""arg0_numel"": 16777216, ""arg0_dtype"": ""torch.float16"", ""arg0_dtype_size"": 2, ""arg0_dtype_cat"": 2, ""arg1_ndim"": 4, ""arg1_dim0"": 4, ""arg1_dim1"": 32, ""arg1_dim2"": 2048, ""arg1_dim3"": 64, ""arg1_numel"": 16777216, ""arg1_dtype"": ""torch.float16"", ""arg1_dtype_size"": 2, ""arg1_dtype_cat"": 2, ""arg2_ndim"": 4, ""arg2_dim0"": 4, ""arg2_dim1"": 32, ""arg2_dim2"": 2048, ""arg2_dim3"": 64, ""arg2_numel"": 16777216, ""arg2_dtype"": ""torch.float16"", ""arg2_dtype_size"": 2, ""arg2_dtype_cat"": 2}",0.31747201085090637
attention,a1ec483c2a67f891,4412520d00f6fe18,"{""block_sizes"": [1, 128, 64], ""loop_orders"": [[0, 1]], ""l2_groupings"": [16], ""range_unroll_factors"": [1, 0], ""range_warp_specializes"": [null, null], ""range_num_stages"": [0, 3], ""range_multi_buffers"": [true, false], ""range_flattens"": [false, false], ""load_eviction_policies"": ["""", ""last"", ""first""], ""num_warps"": 4, ""num_stages"": 4, ""indexing"": [""pointer"", ""pointer"", ""pointer"", ""pointer""], ""atomic_indexing"": [], ""pid_type"": ""persistent_interleaved"", ""num_sm_multiplier"": 2}","{""arg0_ndim"": 4, ""arg0_dim0"": 4, ""arg0_dim1"": 32, ""arg0_dim2"": 2048, ""arg0_dim3"": 64, ""arg0_numel"": 16777216, ""arg0_dtype"": ""torch.float16"", ""arg0_dtype_size"": 2, ""arg0_dtype_cat"": 2, ""arg1_ndim"": 4, ""arg1_dim0"": 4, ""arg1_dim1"": 32, ""arg1_dim2"": 2048, ""arg1_dim3"": 64, ""arg1_numel"": 16777216, ""arg1_dtype"": ""torch.float16"", ""arg1_dtype_size"": 2, ""arg1_dtype_cat"": 2, ""arg2_ndim"": 4, ""arg2_dim0"": 4, ""arg2_dim1"": 32, ""arg2_dim2"": 2048, ""arg2_dim3"": 64, ""arg2_numel"": 16777216, ""arg2_dtype"": ""torch.float16"", ""arg2_dtype_size"": 2, ""arg2_dtype_cat"": 2}",0.3688639998435974
attention,a1ec483c2a67f891,8b544d6ab595df36,"{""block_sizes"": [1, 128, 64], ""loop_orders"": [[1, 0]], ""l2_groupings"": [8], ""range_unroll_factors"": [0, 3], ""range_warp_specializes"": [null, null], ""range_num_stages"": [0, 3], ""range_multi_buffers"": [null, true], ""range_flattens"": [null, true], ""load_eviction_policies"": ["""", ""first"", ""last""], ""num_warps"": 8, ""num_stages"": 3, ""indexing"": [""pointer"", ""pointer"", ""tensor_descriptor"", ""pointer""], ""atomic_indexing"": [], ""pid_type"": ""flat""}","{""arg0_ndim"": 4, ""arg0_dim0"": 4, ""arg0_dim1"": 32, ""arg0_dim2"": 2048, ""arg0_dim3"": 64, ""arg0_numel"": 16777216, ""arg0_dtype"": ""torch.float16"", ""arg0_dtype_size"": 2, ""arg0_dtype_cat"": 2, ""arg1_ndim"": 4, ""arg1_dim0"": 4, ""arg1_dim1"": 32, ""arg1_dim2"": 2048, ""arg1_dim3"": 64, ""arg1_numel"": 16777216, ""arg1_dtype"": ""torch.float16"", ""arg1_dtype_size"": 2, ""arg1_dtype_cat"": 2, ""arg2_ndim"": 4, ""arg2_dim0"": 4, ""arg2_dim1"": 32, ""arg2_dim2"": 2048, ""arg2_dim3"": 64, ""arg2_numel"": 16777216, ""arg2_dtype"": ""torch.float16"", ""arg2_dtype_size"": 2, ""arg2_dtype_cat"": 2}",0.4258880019187927
attention,a1ec483c2a67f891,f1dda601fe248341,"{""block_sizes"": [1, 128, 64], ""loop_orders"": [[1, 0]], ""l2_groupings"": [1], ""range_unroll_factors"": [0, 4], ""range_warp_specializes"": [null, false], ""range_num_stages"": [0, 4], ""range_multi_buffers"": [null, null], ""range_flattens"": [null, null], ""load_eviction_policies"": [""first"", """", """"], ""num_warps"": 4, ""num_stages"": 3, ""indexing"": [""tensor_descriptor"", ""pointer"", ""tensor_descriptor"", ""tensor_descriptor""], ""atomic_indexing"": [], ""pid_type"": ""flat""}","{""arg0_ndim"": 4, ""arg0_dim0"": 4, ""arg0_dim1"": 32, ""arg0_dim2"": 2048, ""arg0_dim3"": 64, ""arg0_numel"": 16777216, ""arg0_dtype"": ""torch.float16"", ""arg0_dtype_size"": 2, ""arg0_dtype_cat"": 2, ""arg1_ndim"": 4, ""arg1_dim0"": 4, ""arg1_dim1"": 32, ""arg1_dim2"": 2048, ""arg1_dim3"": 64, ""arg1_numel"": 16777216, ""arg1_dtype"": ""torch.float16"", ""arg1_dtype_size"": 2, ""arg1_dtype_cat"": 2, ""arg2_ndim"": 4, ""arg2_dim0"": 4, ""arg2_dim1"": 32, ""arg2_dim2"": 2048, ""arg2_dim3"": 64, ""arg2_numel"": 16777216, ""arg2_dtype"": ""torch.float16"", ""arg2_dtype_size"": 2, ""arg2_dtype_cat"": 2}",0.3829759955406189
attention,a1ec483c2a67f891,3265e0895ba56199,"{""block_sizes"": [1, 128, 64], ""loop_orders"": [[1, 0]], ""l2_groupings"": [8], ""range_unroll_factors"": [0, 1], ""range_warp_specializes"": [null, false], ""range_num_stages"": [0, 2], ""range_multi_buffers"": [null, null], ""range_flattens"": [null, true], ""load_eviction_policies"": ["""", """", ""first""], ""num_warps"": 8, ""num_stages"": 3, ""indexing"": [""tensor_descriptor"", ""tensor_descriptor"", ""pointer"", ""tensor_descriptor""], ""atomic_indexing"": [], ""pid_type"": ""flat""}","{""arg0_ndim"": 4, ""arg0_dim0"": 4, ""arg0_dim1"": 32, ""arg0_dim2"": 2048, ""arg0_dim3"": 64, ""arg0_numel"": 16777216, ""arg0_dtype"": ""torch.float16"", ""arg0_dtype_size"": 2, ""arg0_dtype_cat"": 2, ""arg1_ndim"": 4, ""arg1_dim0"": 4, ""arg1_dim1"": 32, ""arg1_dim2"": 2048, ""arg1_dim3"": 64, ""arg1_numel"": 16777216, ""arg1_dtype"": ""torch.float16"", ""arg1_dtype_size"": 2, ""arg1_dtype_cat"": 2, ""arg2_ndim"": 4, ""arg2_dim0"": 4, ""arg2_dim1"": 32, ""arg2_dim2"": 2048, ""arg2_dim3"": 64, ""arg2_numel"": 16777216, ""arg2_dtype"": ""torch.float16"", ""arg2_dtype_size"": 2, ""arg2_dtype_cat"": 2}",0.4259519875049591
attention,a1ec483c2a67f891,18cd65d1f263c609,"{""block_sizes"": [1, 128, 64], ""loop_orders"": [[1, 0]], ""l2_groupings"": [8], ""range_unroll_factors"": [0, 4], ""range_warp_specializes"": [null, null], ""range_num_stages"": [0, 3], ""range_multi_buffers"": [null, true], ""range_flattens"": [null, true], ""load_eviction_policies"": [""first"", ""first"", ""last""], ""num_warps"": 8, ""num_stages"": 3, ""indexing"": [""tensor_descriptor"", ""pointer"", ""tensor_descriptor"", ""pointer""], ""atomic_indexing"": [], ""pid_type"": ""flat""}","{""arg0_ndim"": 4, ""arg0_dim0"": 4, ""arg0_dim1"": 32, ""arg0_dim2"": 2048, ""arg0_dim3"": 64, ""arg0_numel"": 16777216, ""arg0_dtype"": ""torch.float16"", ""arg0_dtype_size"": 2, ""arg0_dtype_cat"": 2, ""arg1_ndim"": 4, ""arg1_dim0"": 4, ""arg1_dim1"": 32, ""arg1_dim2"": 2048, ""arg1_dim3"": 64, ""arg1_numel"": 16777216, ""arg1_dtype"": ""torch.float16"", ""arg1_dtype_size"": 2, ""arg1_dtype_cat"": 2, ""arg2_ndim"": 4, ""arg2_dim0"": 4, ""arg2_dim1"": 32, ""arg2_dim2"": 2048, ""arg2_dim3"": 64, ""arg2_numel"": 16777216, ""arg2_dtype"": ""torch.float16"", ""arg2_dtype_size"": 2, ""arg2_dtype_cat"": 2}",0.4259839951992035
attention,a1ec483c2a67f891,b62e9711edcad914,"{""block_sizes"": [1, 128, 64], ""loop_orders"": [[0, 1]], ""l2_groupings"": [1], ""range_unroll_factors"": [0, 3], ""range_warp_specializes"": [null, false], ""range_num_stages"": [0, 3], ""range_multi_buffers"": [null, true], ""range_flattens"": [null, true], ""load_eviction_policies"": ["""", ""last"", """"], ""num_warps"": 4, ""num_stages"": 4, ""indexing"": [""tensor_descriptor"", ""pointer"", ""tensor_descriptor"", ""tensor_descriptor""], ""atomic_indexing"": [], ""pid_type"": ""flat""}","{""arg0_ndim"": 4, ""arg0_dim0"": 4, ""arg0_dim1"": 32, ""arg0_dim2"": 2048, ""arg0_dim3"": 64, ""arg0_numel"": 16777216, ""arg0_dtype"": ""torch.float16"", ""arg0_dtype_size"": 2, ""arg0_dtype_cat"": 2, ""arg1_ndim"": 4, ""arg1_dim0"": 4, ""arg1_dim1"": 32, ""arg1_dim2"": 2048, ""arg1_dim3"": 64, ""arg1_numel"": 16777216, ""arg1_dtype"": ""torch.float16"", ""arg1_dtype_size"": 2, ""arg1_dtype_cat"": 2, ""arg2_ndim"": 4, ""arg2_dim0"": 4, ""arg2_dim1"": 32, ""arg2_dim2"": 2048, ""arg2_dim3"": 64, ""arg2_numel"": 16777216, ""arg2_dtype"": ""torch.float16"", ""arg2_dtype_size"": 2, ""arg2_dtype_cat"": 2}",0.3819519877433777
attention,a1ec483c2a67f891,0224f42f7e07247a,"{""block_sizes"": [1, 128, 128], ""loop_orders"": [[1, 0]], ""l2_groupings"": [32], ""range_unroll_factors"": [0, 0], ""range_warp_specializes"": [null, null], ""range_num_stages"": [0, 4], ""range_multi_buffers"": [null, null], ""range_flattens"": [null, null], ""load_eviction_policies"": ["""", ""last"", ""last""], ""num_warps"": 4, ""num_stages"": 2, ""indexing"": [""tensor_descriptor"", ""pointer"", ""pointer"", ""pointer""], ""atomic_indexing"": [], ""pid_type"": ""flat""}","{""arg0_ndim"": 4, ""arg0_dim0"": 4, ""arg0_dim1"": 32, ""arg0_dim2"": 2048, ""arg0_dim3"": 64, ""arg0_numel"": 16777216, ""arg0_dtype"": ""torch.float16"", ""arg0_dtype_size"": 2, ""arg0_dtype_cat"": 2, ""arg1_ndim"": 4, ""arg1_dim0"": 4, ""arg1_dim1"": 32, ""arg1_dim2"": 2048, ""arg1_dim3"": 64, ""arg1_numel"": 16777216, ""arg1_dtype"": ""torch.float16"", ""arg1_dtype_size"": 2, ""arg1_dtype_cat"": 2, ""arg2_ndim"": 4, ""arg2_dim0"": 4, ""arg2_dim1"": 32, ""arg2_dim2"": 2048, ""arg2_dim3"": 64, ""arg2_numel"": 16777216, ""arg2_dtype"": ""torch.float16"", ""arg2_dtype_size"": 2, ""arg2_dtype_cat"": 2}",0.3604159951210022
attention,a1ec483c2a67f891,a018ad7b08e26b2b,"{""block_sizes"": [1, 128, 128], ""loop_orders"": [[1, 0]], ""l2_groupings"": [1], ""range_unroll_factors"": [0, 4], ""range_warp_specializes"": [null, null], ""range_num_stages"": [2, 4], ""range_multi_buffers"": [false, false], ""range_flattens"": [null, true], ""load_eviction_policies"": [""first"", ""last"", ""last""], ""num_warps"": 4, ""num_stages"": 3, ""indexing"": [""tensor_descriptor"", ""pointer"", ""tensor_descriptor"", ""pointer""], ""atomic_indexing"": [], ""pid_type"": ""persistent_interleaved"", ""num_sm_multiplier"": 128}","{""arg0_ndim"": 4, ""arg0_dim0"": 4, ""arg0_dim1"": 32, ""arg0_dim2"": 2048, ""arg0_dim3"": 64, ""arg0_numel"": 16777216, ""arg0_dtype"": ""torch.float16"", ""arg0_dtype_size"": 2, ""arg0_dtype_cat"": 2, ""arg1_ndim"": 4, ""arg1_dim0"": 4, ""arg1_dim1"": 32, ""arg1_dim2"": 2048, ""arg1_dim3"": 64, ""arg1_numel"": 16777216, ""arg1_dtype"": ""torch.float16"", ""arg1_dtype_size"": 2, ""arg1_dtype_cat"": 2, ""arg2_ndim"": 4, ""arg2_dim0"": 4, ""arg2_dim1"": 32, ""arg2_dim2"": 2048, ""arg2_dim3"": 64, ""arg2_numel"": 16777216, ""arg2_dtype"": ""torch.float16"", ""arg2_dtype_size"": 2, ""arg2_dtype_cat"": 2}",0.39526399970054626
attention,a1ec483c2a67f891,34148bc38a442c3b,"{""block_sizes"": [1, 128, 128], ""loop_orders"": [[1, 0]], ""l2_groupings"": [32], ""range_unroll_factors"": [0, 0], ""range_warp_specializes"": [null, null], ""range_num_stages"": [0, 0], ""range_multi_buffers"": [null, true], ""range_flattens"": [null, null], ""load_eviction_policies"": ["""", ""last"", ""first""], ""num_warps"": 4, ""num_stages"": 3, ""indexing"": [""tensor_descriptor"", ""tensor_descriptor"", ""tensor_descriptor"", ""pointer""], ""atomic_indexing"": [], ""pid_type"": ""flat""}","{""arg0_ndim"": 4, ""arg0_dim0"": 4, ""arg0_dim1"": 32, ""arg0_dim2"": 2048, ""arg0_dim3"": 64, ""arg0_numel"": 16777216, ""arg0_dtype"": ""torch.float16"", ""arg0_dtype_size"": 2, ""arg0_dtype_cat"": 2, ""arg1_ndim"": 4, ""arg1_dim0"": 4, ""arg1_dim1"": 32, ""arg1_dim2"": 2048, ""arg1_dim3"": 64, ""arg1_numel"": 16777216, ""arg1_dtype"": ""torch.float16"", ""arg1_dtype_size"": 2, ""arg1_dtype_cat"": 2, ""arg2_ndim"": 4, ""arg2_dim0"": 4, ""arg2_dim1"": 32, ""arg2_dim2"": 2048, ""arg2_dim3"": 64, ""arg2_numel"": 16777216, ""arg2_dtype"": ""torch.float16"", ""arg2_dtype_size"": 2, ""arg2_dtype_cat"": 2}",0.31545600295066833
attention,a1ec483c2a67f891,ea987733425e4c1b,"{""block_sizes"": [1, 128, 128], ""loop_orders"": [[0, 1]], ""l2_groupings"": [8], ""range_unroll_factors"": [0, 1], ""range_warp_specializes"": [null, null], ""range_num_stages"": [0, 4], ""range_multi_buffers"": [null, false], ""range_flattens"": [null, false], ""load_eviction_policies"": [""first"", """", ""first""], ""num_warps"": 4, ""num_stages"": 3, ""indexing"": [""tensor_descriptor"", ""tensor_descriptor"", ""pointer"", ""pointer""], ""atomic_indexing"": [], ""pid_type"": ""flat""}","{""arg0_ndim"": 4, ""arg0_dim0"": 4, ""arg0_dim1"": 32, ""arg0_dim2"": 2048, ""arg0_dim3"": 64, ""arg0_numel"": 16777216, ""arg0_dtype"": ""torch.float16"", ""arg0_dtype_size"": 2, ""arg0_dtype_cat"": 2, ""arg1_ndim"": 4, ""arg1_dim0"": 4, ""arg1_dim1"": 32, ""arg1_dim2"": 2048, ""arg1_dim3"": 64, ""arg1_numel"": 16777216, ""arg1_dtype"": ""torch.float16"", ""arg1_dtype_size"": 2, ""arg1_dtype_cat"": 2, ""arg2_ndim"": 4, ""arg2_dim0"": 4, ""arg2_dim1"": 32, ""arg2_dim2"": 2048, ""arg2_dim3"": 64, ""arg2_numel"": 16777216, ""arg2_dtype"": ""torch.float16"", ""arg2_dtype_size"": 2, ""arg2_dtype_cat"": 2}",0.31542399525642395
attention,a1ec483c2a67f891,65ab373fc776c2af,"{""block_sizes"": [1, 128, 64], ""loop_orders"": [[0, 1]], ""l2_groupings"": [8], ""range_unroll_factors"": [0, 4], ""range_warp_specializes"": [null, null], ""range_num_stages"": [0, 3], ""range_multi_buffers"": [null, false], ""range_flattens"": [null, false], ""load_eviction_policies"": [""last"", ""first"", ""first""], ""num_warps"": 8, ""num_stages"": 3, ""indexing"": [""pointer"", ""pointer"", ""pointer"", ""tensor_descriptor""], ""atomic_indexing"": [], ""pid_type"": ""flat""}","{""arg0_ndim"": 4, ""arg0_dim0"": 4, ""arg0_dim1"": 32, ""arg0_dim2"": 2048, ""arg0_dim3"": 64, ""arg0_numel"": 16777216, ""arg0_dtype"": ""torch.float16"", ""arg0_dtype_size"": 2, ""arg0_dtype_cat"": 2, ""arg1_ndim"": 4, ""arg1_dim0"": 4, ""arg1_dim1"": 32, ""arg1_dim2"": 2048, ""arg1_dim3"": 64, ""arg1_numel"": 16777216, ""arg1_dtype"": ""torch.float16"", ""arg1_dtype_size"": 2, ""arg1_dtype_cat"": 2, ""arg2_ndim"": 4, ""arg2_dim0"": 4, ""arg2_dim1"": 32, ""arg2_dim2"": 2048, ""arg2_dim3"": 64, ""arg2_numel"": 16777216, ""arg2_dtype"": ""torch.float16"", ""arg2_dtype_size"": 2, ""arg2_dtype_cat"": 2}",0.4220159947872162
attention,a1ec483c2a67f891,c94f578925dfd8f9,"{""block_sizes"": [1, 128, 64], ""loop_orders"": [[0, 1]], ""l2_groupings"": [2], ""range_unroll_factors"": [0, 1], ""range_warp_specializes"": [null, null], ""range_num_stages"": [0, 0], ""range_multi_buffers"": [null, true], ""range_flattens"": [null, null], ""load_eviction_policies"": ["""", ""last"", ""first""], ""num_warps"": 8, ""num_stages"": 3, ""indexing"": [""pointer"", ""tensor_descriptor"", ""tensor_descriptor"", ""pointer""], ""atomic_indexing"": [], ""pid_type"": ""flat""}","{""arg0_ndim"": 4, ""arg0_dim0"": 4, ""arg0_dim1"": 32, ""arg0_dim2"": 2048, ""arg0_dim3"": 64, ""arg0_numel"": 16777216, ""arg0_dtype"": ""torch.float16"", ""arg0_dtype_size"": 2, ""arg0_dtype_cat"": 2, ""arg1_ndim"": 4, ""arg1_dim0"": 4, ""arg1_dim1"": 32, ""arg1_dim2"": 2048, ""arg1_dim3"": 64, ""arg1_numel"": 16777216, ""arg1_dtype"": ""torch.float16"", ""arg1_dtype_size"": 2, ""arg1_dtype_cat"": 2, ""arg2_ndim"": 4, ""arg2_dim0"": 4, ""arg2_dim1"": 32, ""arg2_dim2"": 2048, ""arg2_dim3"": 64, ""arg2_numel"": 16777216, ""arg2_dtype"": ""torch.float16"", ""arg2_dtype_size"": 2, ""arg2_dtype_cat"": 2}",0.42204800248146057
attention,a1ec483c2a67f891,e90f1fde0aa15d55,"{""block_sizes"": [1, 128, 64], ""loop_orders"": [[0, 1]], ""l2_groupings"": [2], ""range_unroll_factors"": [0, 1], ""range_warp_specializes"": [null, null], ""range_num_stages"": [0, 1], ""range_multi_buffers"": [null, true], ""range_flattens"": [null, false], ""load_eviction_policies"": [""last"", """", ""last""], ""num_warps"": 8, ""num_stages"": 3, ""indexing"": [""pointer"", ""pointer"", ""tensor_descriptor"", ""tensor_descriptor""], ""atomic_indexing"": [], ""pid_type"": ""flat""}","{""arg0_ndim"": 4, ""arg0_dim0"": 4, ""arg0_dim1"": 32, ""arg0_dim2"": 2048, ""arg0_dim3"": 64, ""arg0_numel"": 16777216, ""arg0_dtype"": ""torch.float16"", ""arg0_dtype_size"": 2, ""arg0_dtype_cat"": 2, ""arg1_ndim"": 4, ""arg1_dim0"": 4, ""arg1_dim1"": 32, ""arg1_dim2"": 2048, ""arg1_dim3"": 64, ""arg1_numel"": 16777216, ""arg1_dtype"": ""torch.float16"", ""arg1_dtype_size"": 2, ""arg1_dtype_cat"": 2, ""arg2_ndim"": 4, ""arg2_dim0"": 4, ""arg2_dim1"": 32, ""arg2_dim2"": 2048, ""arg2_dim3"": 64, ""arg2_numel"": 16777216, ""arg2_dtype"": ""torch.float16"", ""arg2_dtype_size"": 2, ""arg2_dtype_cat"": 2}",0.42393600940704346
attention,a1ec483c2a67f891,197f70c883e6e5ad,"{""block_sizes"": [1, 128, 64], ""loop_orders"": [[0, 1]], ""l2_groupings"": [2], ""range_unroll_factors"": [0, 0], ""range_warp_specializes"": [null, null], ""range_num_stages"": [0, 0], ""range_multi_buffers"": [null, false], ""range_flattens"": [null, true], ""load_eviction_policies"": [""last"", ""first"", ""first""], ""num_warps"": 4, ""num_stages"": 2, ""indexing"": [""pointer"", ""tensor_descriptor"", ""pointer"", ""tensor_descriptor""], ""atomic_indexing"": [], ""pid_type"": ""flat""}","{""arg0_ndim"": 4, ""arg0_dim0"": 4, ""arg0_dim1"": 32, ""arg0_dim2"": 2048, ""arg0_dim3"": 64, ""arg0_numel"": 16777216, ""arg0_dtype"": ""torch.float16"", ""arg0_dtype_size"": 2, ""arg0_dtype_cat"": 2, ""arg1_ndim"": 4, ""arg1_dim0"": 4, ""arg1_dim1"": 32, ""arg1_dim2"": 2048, ""arg1_dim3"": 64, ""arg1_numel"": 16777216, ""arg1_dtype"": ""torch.float16"", ""arg1_dtype_size"": 2, ""arg1_dtype_cat"": 2, ""arg2_ndim"": 4, ""arg2_dim0"": 4, ""arg2_dim1"": 32, ""arg2_dim2"": 2048, ""arg2_dim3"": 64, ""arg2_numel"": 16777216, ""arg2_dtype"": ""torch.float16"", ""arg2_dtype_size"": 2, ""arg2_dtype_cat"": 2}",0.45664000511169434
attention,a1ec483c2a67f891,74c352914e79f5d5,"{""block_sizes"": [1, 128, 64], ""loop_orders"": [[0, 1]], ""l2_groupings"": [2], ""range_unroll_factors"": [0, 2], ""range_warp_specializes"": [null, false], ""range_num_stages"": [0, 0], ""range_multi_buffers"": [null, false], ""range_flattens"": [null, true], ""load_eviction_policies"": [""first"", """", ""first""], ""num_warps"": 8, ""num_stages"": 3, ""indexing"": [""tensor_descriptor"", ""pointer"", ""tensor_descriptor"", ""tensor_descriptor""], ""atomic_indexing"": [], ""pid_type"": ""flat""}","{""arg0_ndim"": 4, ""arg0_dim0"": 4, ""arg0_dim1"": 32, ""arg0_dim2"": 2048, ""arg0_dim3"": 64, ""arg0_numel"": 16777216, ""arg0_dtype"": ""torch.float16"", ""arg0_dtype_size"": 2, ""arg0_dtype_cat"": 2, ""arg1_ndim"": 4, ""arg1_dim0"": 4, ""arg1_dim1"": 32, ""arg1_dim2"": 2048, ""arg1_dim3"": 64, ""arg1_numel"": 16777216, ""arg1_dtype"": ""torch.float16"", ""arg1_dtype_size"": 2, ""arg1_dtype_cat"": 2, ""arg2_ndim"": 4, ""arg2_dim0"": 4, ""arg2_dim1"": 32, ""arg2_dim2"": 2048, ""arg2_dim3"": 64, ""arg2_numel"": 16777216, ""arg2_dtype"": ""torch.float16"", ""arg2_dtype_size"": 2, ""arg2_dtype_cat"": 2}",0.42291200160980225
attention,a87a3388d12a5969,1424d8a662dc60cf,"{""block_sizes"": [1, 128, 128], ""loop_orders"": [[0, 1]], ""l2_groupings"": [32], ""range_unroll_factors"": [0, 2], ""range_warp_specializes"": [null, false], ""range_num_stages"": [0, 3], ""range_multi_buffers"": [null, false], ""range_flattens"": [null, false], ""load_eviction_policies"": [""first"", ""last"", ""first""], ""num_warps"": 4, ""num_stages"": 3, ""indexing"": [""pointer"", ""pointer"", ""pointer"", ""tensor_descriptor""], ""atomic_indexing"": [], ""pid_type"": ""flat""}","{""arg0_ndim"": 4, ""arg0_dim0"": 4, ""arg0_dim1"": 32, ""arg0_dim2"": 4096, ""arg0_dim3"": 64, ""arg0_numel"": 33554432, ""arg0_dtype"": ""torch.float16"", ""arg0_dtype_size"": 2, ""arg0_dtype_cat"": 2, ""arg1_ndim"": 4, ""arg1_dim0"": 4, ""arg1_dim1"": 32, ""arg1_dim2"": 4096, ""arg1_dim3"": 64, ""arg1_numel"": 33554432, ""arg1_dtype"": ""torch.float16"", ""arg1_dtype_size"": 2, ""arg1_dtype_cat"": 2, ""arg2_ndim"": 4, ""arg2_dim0"": 4, ""arg2_dim1"": 32, ""arg2_dim2"": 4096, ""arg2_dim3"": 64, ""arg2_numel"": 33554432, ""arg2_dtype"": ""torch.float16"", ""arg2_dtype_size"": 2, ""arg2_dtype_cat"": 2}",1.1767039895057678
attention,a87a3388d12a5969,29135c77b970e281,"{""block_sizes"": [1, 128, 128], ""loop_orders"": [[0, 1]], ""l2_groupings"": [32], ""range_unroll_factors"": [0, 4], ""range_warp_specializes"": [null, false], ""range_num_stages"": [0, 4], ""range_multi_buffers"": [null, null], ""range_flattens"": [null, false], ""load_eviction_policies"": [""first"", """", ""first""], ""num_warps"": 4, ""num_stages"": 3, ""indexing"": [""tensor_descriptor"", ""pointer"", ""pointer"", ""tensor_descriptor""], ""atomic_indexing"": [], ""pid_type"": ""flat""}","{""arg0_ndim"": 4, ""arg0_dim0"": 4, ""arg0_dim1"": 32, ""arg0_dim2"": 4096, ""arg0_dim3"": 64, ""arg0_numel"": 33554432, ""arg0_dtype"": ""torch.float16"", ""arg0_dtype_size"": 2, ""arg0_dtype_cat"": 2, ""arg1_ndim"": 4, ""arg1_dim0"": 4, ""arg1_dim1"": 32, ""arg1_dim2"": 4096, ""arg1_dim3"": 64, ""arg1_numel"": 33554432, ""arg1_dtype"": ""torch.float16"", ""arg1_dtype_size"": 2, ""arg1_dtype_cat"": 2, ""arg2_ndim"": 4, ""arg2_dim0"": 4, ""arg2_dim1"": 32, ""arg2_dim2"": 4096, ""arg2_dim3"": 64, ""arg2_numel"": 33554432, ""arg2_dtype"": ""torch.float16"", ""arg2_dtype_size"": 2, ""arg2_dtype_cat"": 2}",1.1780800223350525
attention,a87a3388d12a5969,71d98cc073b6f9c7,"{""block_sizes"": [1, 128, 128], ""loop_orders"": [[0, 1]], ""l2_groupings"": [32], ""range_unroll_factors"": [0, 0], ""range_warp_specializes"": [null, null], ""range_num_stages"": [0, 2], ""range_multi_buffers"": [null, true], ""range_flattens"": [null, true], ""load_eviction_policies"": [""first"", ""last"", ""first""], ""num_warps"": 4, ""num_stages"": 3, ""indexing"": [""tensor_descriptor"", ""tensor_descriptor"", ""pointer"", ""tensor_descriptor""], ""atomic_indexing"": [], ""pid_type"": ""flat""}","{""arg0_ndim"": 4, ""arg0_dim0"": 4, ""arg0_dim1"": 32, ""arg0_dim2"": 4096, ""arg0_dim3"": 64, ""arg0_numel"": 33554432, ""arg0_dtype"": ""torch.float16"", ""arg0_dtype_size"": 2, ""arg0_dtype_cat"": 2, ""arg1_ndim"": 4, ""arg1_dim0"": 4, ""arg1_dim1"": 32, ""arg1_dim2"": 4096, ""arg1_dim3"": 64, ""arg1_numel"": 33554432, ""arg1_dtype"": ""torch.float16"", ""arg1_dtype_size"": 2, ""arg1_dtype_cat"": 2, ""arg2_ndim"": 4, ""arg2_dim0"": 4, ""arg2_dim1"": 32, ""arg2_dim2"": 4096, ""arg2_dim3"": 64, ""arg2_numel"": 33554432, ""arg2_dtype"": ""torch.float16"", ""arg2_dtype_size"": 2, ""arg2_dtype_cat"": 2}",1.1791359782218933
attention,a87a3388d12a5969,fa0e6212d9dfaba1,"{""block_sizes"": [1, 128, 128], ""loop_orders"": [[1, 0]], ""l2_groupings"": [1], ""range_unroll_factors"": [0, 0], ""range_warp_specializes"": [null, null], ""range_num_stages"": [0, 3], ""range_multi_buffers"": [null, null], ""range_flattens"": [null, true], ""load_eviction_policies"": ["""", ""last"", ""first""], ""num_warps"": 4, ""num_stages"": 3, ""indexing"": [""tensor_descriptor"", ""tensor_descriptor"", ""tensor_descriptor"", ""tensor_descriptor""], ""atomic_indexing"": [], ""pid_type"": ""flat""}","{""arg0_ndim"": 4, ""arg0_dim0"": 4, ""arg0_dim1"": 32, ""arg0_dim2"": 4096, ""arg0_dim3"": 64, ""arg0_numel"": 33554432, ""arg0_dtype"": ""torch.float16"", ""arg0_dtype_size"": 2, ""arg0_dtype_cat"": 2, ""arg1_ndim"": 4, ""arg1_dim0"": 4, ""arg1_dim1"": 32, ""arg1_dim2"": 4096, ""arg1_dim3"": 64, ""arg1_numel"": 33554432, ""arg1_dtype"": ""torch.float16"", ""arg1_dtype_size"": 2, ""arg1_dtype_cat"": 2, ""arg2_ndim"": 4, ""arg2_dim0"": 4, ""arg2_dim1"": 32, ""arg2_dim2"": 4096, ""arg2_dim3"": 64, ""arg2_numel"": 33554432, ""arg2_dtype"": ""torch.float16"", ""arg2_dtype_size"": 2, ""arg2_dtype_cat"": 2}",1.193984031677246
attention,a87a3388d12a5969,018f3cbb5fbec2b3,"{""block_sizes"": [1, 128, 128], ""loop_orders"": [[0, 1]], ""l2_groupings"": [32], ""range_unroll_factors"": [0, 4], ""range_warp_specializes"": [null, null], ""range_num_stages"": [0, 2], ""range_multi_buffers"": [null, false], ""range_flattens"": [null, true], ""load_eviction_policies"": ["""", """", ""first""], ""num_warps"": 4, ""num_stages"": 3, ""indexing"": [""pointer"", ""tensor_descriptor"", ""pointer"", ""tensor_descriptor""], ""atomic_indexing"": [], ""pid_type"": ""flat""}","{""arg0_ndim"": 4, ""arg0_dim0"": 4, ""arg0_dim1"": 32, ""arg0_dim2"": 4096, ""arg0_dim3"": 64, ""arg0_numel"": 33554432, ""arg0_dtype"": ""torch.float16"", ""arg0_dtype_size"": 2, ""arg0_dtype_cat"": 2, ""arg1_ndim"": 4, ""arg1_dim0"": 4, ""arg1_dim1"": 32, ""arg1_dim2"": 4096, ""arg1_dim3"": 64, ""arg1_numel"": 33554432, ""arg1_dtype"": ""torch.float16"", ""arg1_dtype_size"": 2, ""arg1_dtype_cat"": 2, ""arg2_ndim"": 4, ""arg2_dim0"": 4, ""arg2_dim1"": 32, ""arg2_dim2"": 4096, ""arg2_dim3"": 64, ""arg2_numel"": 33554432, ""arg2_dtype"": ""torch.float16"", ""arg2_dtype_size"": 2, ""arg2_dtype_cat"": 2}",1.187824010848999
attention,a87a3388d12a5969,4412520d00f6fe18,"{""block_sizes"": [1, 128, 64], ""loop_orders"": [[0, 1]], ""l2_groupings"": [16], ""range_unroll_factors"": [1, 0], ""range_warp_specializes"": [null, null], ""range_num_stages"": [0, 3], ""range_multi_buffers"": [true, false], ""range_flattens"": [false, false], ""load_eviction_policies"": ["""", ""last"", ""first""], ""num_warps"": 4, ""num_stages"": 4, ""indexing"": [""pointer"", ""pointer"", ""pointer"", ""pointer""], ""atomic_indexing"": [], ""pid_type"": ""persistent_interleaved"", ""num_sm_multiplier"": 2}","{""arg0_ndim"": 4, ""arg0_dim0"": 4, ""arg0_dim1"": 32, ""arg0_dim2"": 4096, ""arg0_dim3"": 64, ""arg0_numel"": 33554432, ""arg0_dtype"": ""torch.float16"", ""arg0_dtype_size"": 2, ""arg0_dtype_cat"": 2, ""arg1_ndim"": 4, ""arg1_dim0"": 4, ""arg1_dim1"": 32, ""arg1_dim2"": 4096, ""arg1_dim3"": 64, ""arg1_numel"": 33554432, ""arg1_dtype"": ""torch.float16"", ""arg1_dtype_size"": 2, ""arg1_dtype_cat"": 2, ""arg2_ndim"": 4, ""arg2_dim0"": 4, ""arg2_dim1"": 32, ""arg2_dim2"": 4096, ""arg2_dim3"": 64, ""arg2_numel"": 33554432, ""arg2_dtype"": ""torch.float16"", ""arg2_dtype_size"": 2, ""arg2_dtype_cat"": 2}",1.382416009902954
attention,a87a3388d12a5969,8b544d6ab595df36,"{""block_sizes"": [1, 128, 64], ""loop_orders"": [[1, 0]], ""l2_groupings"": [8], ""range_unroll_factors"": [0, 3], ""range_warp_specializes"": [null, null], ""range_num_stages"": [0, 3], ""range_multi_buffers"": [null, true], ""range_flattens"": [null, true], ""load_eviction_policies"": ["""", ""first"", ""last""], ""num_warps"": 8, ""num_stages"": 3, ""indexing"": [""pointer"", ""pointer"", ""tensor_descriptor"", ""pointer""], ""atomic_indexing"": [], ""pid_type"": ""flat""}","{""arg0_ndim"": 4, ""arg0_dim0"": 4, ""arg0_dim1"": 32, ""arg0_dim2"": 4096, ""arg0_dim3"": 64, ""arg0_numel"": 33554432, ""arg0_dtype"": ""torch.float16"", ""arg0_dtype_size"": 2, ""arg0_dtype_cat"": 2, ""arg1_ndim"": 4, ""arg1_dim0"": 4, ""arg1_dim1"": 32, ""arg1_dim2"": 4096, ""arg1_dim3"": 64, ""arg1_numel"": 33554432, ""arg1_dtype"": ""torch.float16"", ""arg1_dtype_size"": 2, ""arg1_dtype_cat"": 2, ""arg2_ndim"": 4, ""arg2_dim0"": 4, ""arg2_dim1"": 32, ""arg2_dim2"": 4096, ""arg2_dim3"": 64, ""arg2_numel"": 33554432, ""arg2_dtype"": ""torch.float16"", ""arg2_dtype_size"": 2, ""arg2_dtype_cat"": 2}",1.6129600405693054
attention,a87a3388d12a5969,f1dda601fe248341,"{""block_sizes"": [1, 128, 64], ""loop_orders"": [[1, 0]], ""l2_groupings"": [1], ""range_unroll_factors"": [0, 4], ""range_warp_specializes"": [null, false], ""range_num_stages"": [0, 4], ""range_multi_buffers"": [null, null], ""range_flattens"": [null, null], ""load_eviction_policies"": [""first"", """", """"], ""num_warps"": 4, ""num_stages"": 3, ""indexing"": [""tensor_descriptor"", ""pointer"", ""tensor_descriptor"", ""tensor_descriptor""], ""atomic_indexing"": [], ""pid_type"": ""flat""}","{""arg0_ndim"": 4, ""arg0_dim0"": 4, ""arg0_dim1"": 32, ""arg0_dim2"": 4096, ""arg0_dim3"": 64, ""arg0_numel"": 33554432, ""arg0_dtype"": ""torch.float16"", ""arg0_dtype_size"": 2, ""arg0_dtype_cat"": 2, ""arg1_ndim"": 4, ""arg1_dim0"": 4, ""arg1_dim1"": 32, ""arg1_dim2"": 4096, ""arg1_dim3"": 64, ""arg1_numel"": 33554432, ""arg1_dtype"": ""torch.float16"", ""arg1_dtype_size"": 2, ""arg1_dtype_cat"": 2, ""arg2_ndim"": 4, ""arg2_dim0"": 4, ""arg2_dim1"": 32, ""arg2_dim2"": 4096, ""arg2_dim3"": 64, ""arg2_numel"": 33554432, ""arg2_dtype"": ""torch.float16"", ""arg2_dtype_size"": 2, ""arg2_dtype_cat"": 2}",1.4572160243988037
attention,a87a3388d12a5969,3265e0895ba56199,"{""block_sizes"": [1, 128, 64], ""loop_orders"": [[1, 0]], ""l2_groupings"": [8], ""range_unroll_factors"": [0, 1], ""range_warp_specializes"": [null, false], ""range_num_stages"": [0, 2], ""range_multi_buffers"": [null, null], ""range_flattens"": [null, true], ""load_eviction_policies"": ["""", """", ""first""], ""num_warps"": 8, ""num_stages"": 3, ""indexing"": [""tensor_descriptor"", ""tensor_descriptor"", ""pointer"", ""tensor_descriptor""], ""atomic_indexing"": [], ""pid_type"": ""flat""}","{""arg0_ndim"": 4, ""arg0_dim0"": 4, ""arg0_dim1"": 32, ""arg0_dim2"": 4096, ""arg0_dim3"": 64, ""arg0_numel"": 33554432, ""arg0_dtype"": ""torch.float16"", ""arg0_dtype_size"": 2, ""arg0_dtype_cat"": 2, ""arg1_ndim"": 4, ""arg1_dim0"": 4, ""arg1_dim1"": 32, ""arg1_dim2"": 4096, ""arg1_dim3"": 64, ""arg1_numel"": 33554432, ""arg1_dtype"": ""torch.float16"", ""arg1_dtype_size"": 2, ""arg1_dtype_cat"": 2, ""arg2_ndim"": 4, ""arg2_dim0"": 4, ""arg2_dim1"": 32, ""arg2_dim2"": 4096, ""arg2_dim3"": 64, ""arg2_numel"": 33554432, ""arg2_dtype"": ""torch.float16"", ""arg2_dtype_size"": 2, ""arg2_dtype_cat"": 2}",1.6128000020980835
attention,a87a3388d12a5969,18cd65d1f263c609,"{""block_sizes"": [1, 128, 64], ""loop_orders"": [[1, 0]], ""l2_groupings"": [8], ""range_unroll_factors"": [0, 4], ""range_warp_specializes"": [null, null], ""range_num_stages"": [0, 3], ""range_multi_buffers"": [null, true], ""range_flattens"": [null, true], ""load_eviction_policies"": [""first"", ""first"", ""last""], ""num_warps"": 8, ""num_stages"": 3, ""indexing"": [""tensor_descriptor"", ""pointer"", ""tensor_descriptor"", ""pointer""], ""atomic_indexing"": [], ""pid_type"": ""flat""}","{""arg0_ndim"": 4, ""arg0_dim0"": 4, ""arg0_dim1"": 32, ""arg0_dim2"": 4096, ""arg0_dim3"": 64, ""arg0_numel"": 33554432, ""arg0_dtype"": ""torch.float16"", ""arg0_dtype_size"": 2, ""arg0_dtype_cat"": 2, ""arg1_ndim"": 4, ""arg1_dim0"": 4, ""arg1_dim1"": 32, ""arg1_dim2"": 4096, ""arg1_dim3"": 64, ""arg1_numel"": 33554432, ""arg1_dtype"": ""torch.float16"", ""arg1_dtype_size"": 2, ""arg1_dtype_cat"": 2, ""arg2_ndim"": 4, ""arg2_dim0"": 4, ""arg2_dim1"": 32, ""arg2_dim2"": 4096, ""arg2_dim3"": 64, ""arg2_numel"": 33554432, ""arg2_dtype"": ""torch.float16"", ""arg2_dtype_size"": 2, ""arg2_dtype_cat"": 2}",1.6148799657821655
attention,a87a3388d12a5969,b62e9711edcad914,"{""block_sizes"": [1, 128, 64], ""loop_orders"": [[0, 1]], ""l2_groupings"": [1], ""range_unroll_factors"": [0, 3], ""range_warp_specializes"": [null, false], ""range_num_stages"": [0, 3], ""range_multi_buffers"": [null, true], ""range_flattens"": [null, true], ""load_eviction_policies"": ["""", ""last"", """"], ""num_warps"": 4, ""num_stages"": 4, ""indexing"": [""tensor_descriptor"", ""pointer"", ""tensor_descriptor"", ""tensor_descriptor""], ""atomic_indexing"": [], ""pid_type"": ""flat""}","{""arg0_ndim"": 4, ""arg0_dim0"": 4, ""arg0_dim1"": 32, ""arg0_dim2"": 4096, ""arg0_dim3"": 64, ""arg0_numel"": 33554432, ""arg0_dtype"": ""torch.float16"", ""arg0_dtype_size"": 2, ""arg0_dtype_cat"": 2, ""arg1_ndim"": 4, ""arg1_dim0"": 4, ""arg1_dim1"": 32, ""arg1_dim2"": 4096, ""arg1_dim3"": 64, ""arg1_numel"": 33554432, ""arg1_dtype"": ""torch.float16"", ""arg1_dtype_size"": 2, ""arg1_dtype_cat"": 2, ""arg2_ndim"": 4, ""arg2_dim0"": 4, ""arg2_dim1"": 32, ""arg2_dim2"": 4096, ""arg2_dim3"": 64, ""arg2_numel"": 33554432, ""arg2_dtype"": ""torch.float16"", ""arg2_dtype_size"": 2, ""arg2_dtype_cat"": 2}",1.4510079622268677
attention,a87a3388d12a5969,0224f42f7e07247a,"{""block_sizes"": [1, 128, 128], ""loop_orders"": [[1, 0]], ""l2_groupings"": [32], ""range_unroll_factors"": [0, 0], ""range_warp_specializes"": [null, null], ""range_num_stages"": [0, 4], ""range_multi_buffers"": [null, null], ""range_flattens"": [null, null], ""load_eviction_policies"": ["""", ""last"", ""last""], ""num_warps"": 4, ""num_stages"": 2, ""indexing"": [""tensor_descriptor"", ""pointer"", ""pointer"", ""pointer""], ""atomic_indexing"": [], ""pid_type"": ""flat""}","{""arg0_ndim"": 4, ""arg0_dim0"": 4, ""arg0_dim1"": 32, ""arg0_dim2"": 4096, ""arg0_dim3"": 64, ""arg0_numel"": 33554432, ""arg0_dtype"": ""torch.float16"", ""arg0_dtype_size"": 2, ""arg0_dtype_cat"": 2, ""arg1_ndim"": 4, ""arg1_dim0"": 4, ""arg1_dim1"": 32, ""arg1_dim2"": 4096, ""arg1_dim3"": 64, ""arg1_numel"": 33554432, ""arg1_dtype"": ""torch.float16"", ""arg1_dtype_size"": 2, ""arg1_dtype_cat"": 2, ""arg2_ndim"": 4, ""arg2_dim0"": 4, ""arg2_dim1"": 32, ""arg2_dim2"": 4096, ""arg2_dim3"": 64, ""arg2_numel"": 33554432, ""arg2_dtype"": ""torch.float16"", ""arg2_dtype_size"": 2, ""arg2_dtype_cat"": 2}",1.3424960374832153
attention,a87a3388d12a5969,a018ad7b08e26b2b,"{""block_sizes"": [1, 128, 128], ""loop_orders"": [[1, 0]], ""l2_groupings"": [1], ""range_unroll_factors"": [0, 4], ""range_warp_specializes"": [null, null], ""range_num_stages"": [2, 4], ""range_multi_buffers"": [false, false], ""range_flattens"": [null, true], ""load_eviction_policies"": [""first"", ""last"", ""last""], ""num_warps"": 4, ""num_stages"": 3, ""indexing"": [""tensor_descriptor"", ""pointer"", ""tensor_descriptor"", ""pointer""], ""atomic_indexing"": [], ""pid_type"": ""persistent_interleaved"", ""num_sm_multiplier"": 128}","{""arg0_ndim"": 4, ""arg0_dim0"": 4, ""arg0_dim1"": 32, ""arg0_dim2"": 4096, ""arg0_dim3"": 64, ""arg0_numel"": 33554432, ""arg0_dtype"": ""torch.float16"", ""arg0_dtype_size"": 2, ""arg0_dtype_cat"": 2, ""arg1_ndim"": 4, ""arg1_dim0"": 4, ""arg1_dim1"": 32, ""arg1_dim2"": 4096, ""arg1_dim3"": 64, ""arg1_numel"": 33554432, ""arg1_dtype"": ""torch.float16"", ""arg1_dtype_size"": 2, ""arg1_dtype_cat"": 2, ""arg2_ndim"": 4, ""arg2_dim0"": 4, ""arg2_dim1"": 32, ""arg2_dim2"": 4096, ""arg2_dim3"": 64, ""arg2_numel"": 33554432, ""arg2_dtype"": ""torch.float16"", ""arg2_dtype_size"": 2, ""arg2_dtype_cat"": 2}",1.2771519422531128
attention,a87a3388d12a5969,34148bc38a442c3b,"{""block_sizes"": [1, 128, 128], ""loop_orders"": [[1, 0]], ""l2_groupings"": [32], ""range_unroll_factors"": [0, 0], ""range_warp_specializes"": [null, null], ""range_num_stages"": [0, 0], ""range_multi_buffers"": [null, true], ""range_flattens"": [null, null], ""load_eviction_policies"": ["""", ""last"", ""first""], ""num_warps"": 4, ""num_stages"": 3, ""indexing"": [""tensor_descriptor"", ""tensor_descriptor"", ""tensor_descriptor"", ""pointer""], ""atomic_indexing"": [], ""pid_type"": ""flat""}","{""arg0_ndim"": 4, ""arg0_dim0"": 4, ""arg0_dim1"": 32, ""arg0_dim2"": 4096, ""arg0_dim3"": 64, ""arg0_numel"": 33554432, ""arg0_dtype"": ""torch.float16"", ""arg0_dtype_size"": 2, ""arg0_dtype_cat"": 2, ""arg1_ndim"": 4, ""arg1_dim0"": 4, ""arg1_dim1"": 32, ""arg1_dim2"": 4096, ""arg1_dim3"": 64, ""arg1_numel"": 33554432, ""arg1_dtype"": ""torch.float16"", ""arg1_dtype_size"": 2, ""arg1_dtype_cat"": 2, ""arg2_ndim"": 4, ""arg2_dim0"": 4, ""arg2_dim1"": 32, ""arg2_dim2"": 4096, ""arg2_dim3"": 64, ""arg2_numel"": 33554432, ""arg2_dtype"": ""torch.float16"", ""arg2_dtype_size"": 2, ""arg2_dtype_cat"": 2}",1.1887679696083069
attention,a87a3388d12a5969,ea987733425e4c1b,"{""block_sizes"": [1, 128, 128], ""loop_orders"": [[0, 1]], ""l2_groupings"": [8], ""range_unroll_factors"": [0, 1], ""range_warp_specializes"": [null, null], ""range_num_stages"": [0, 4], ""range_multi_buffers"": [null, false], ""range_flattens"": [null, false], ""load_eviction_policies"": [""first"", """", ""first""], ""num_warps"": 4, ""num_stages"": 3, ""indexing"": [""tensor_descriptor"", ""tensor_descriptor"", ""pointer"", ""pointer""], ""atomic_indexing"": [], ""pid_type"": ""flat""}","{""arg0_ndim"": 4, ""arg0_dim0"": 4, ""arg0_dim1"": 32, ""arg0_dim2"": 4096, ""arg0_dim3"": 64, ""arg0_numel"": 33554432, ""arg0_dtype"": ""torch.float16"", ""arg0_dtype_size"": 2, ""arg0_dtype_cat"": 2, ""arg1_ndim"": 4, ""arg1_dim0"": 4, ""arg1_dim1"": 32, ""arg1_dim2"": 4096, ""arg1_dim3"": 64, ""arg1_numel"": 33554432, ""arg1_dtype"": ""torch.float16"", ""arg1_dtype_size"": 2, ""arg1_dtype_cat"": 2, ""arg2_ndim"": 4, ""arg2_dim0"": 4, ""arg2_dim1"": 32, ""arg2_dim2"": 4096, ""arg2_dim3"": 64, ""arg2_numel"": 33554432, ""arg2_dtype"": ""torch.float16"", ""arg2_dtype_size"": 2, ""arg2_dtype_cat"": 2}",1.1755359768867493
attention,a87a3388d12a5969,65ab373fc776c2af,"{""block_sizes"": [1, 128, 64], ""loop_orders"": [[0, 1]], ""l2_groupings"": [8], ""range_unroll_factors"": [0, 4], ""range_warp_specializes"": [null, null], ""range_num_stages"": [0, 3], ""range_multi_buffers"": [null, false], ""range_flattens"": [null, false], ""load_eviction_policies"": [""last"", ""first"", ""first""], ""num_warps"": 8, ""num_stages"": 3, ""indexing"": [""pointer"", ""pointer"", ""pointer"", ""tensor_descriptor""], ""atomic_indexing"": [], ""pid_type"": ""flat""}","{""arg0_ndim"": 4, ""arg0_dim0"": 4, ""arg0_dim1"": 32, ""arg0_dim2"": 4096, ""arg0_dim3"": 64, ""arg0_numel"": 33554432, ""arg0_dtype"": ""torch.float16"", ""arg0_dtype_size"": 2, ""arg0_dtype_cat"": 2, ""arg1_ndim"": 4, ""arg1_dim0"": 4, ""arg1_dim1"": 32, ""arg1_dim2"": 4096, ""arg1_dim3"": 64, ""arg1_numel"": 33554432, ""arg1_dtype"": ""torch.float16"", ""arg1_dtype_size"": 2, ""arg1_dtype_cat"": 2, ""arg2_ndim"": 4, ""arg2_dim0"": 4, ""arg2_dim1"": 32, ""arg2_dim2"": 4096, ""arg2_dim3"": 64, ""arg2_numel"": 33554432, ""arg2_dtype"": ""torch.float16"", ""arg2_dtype_size"": 2, ""arg2_dtype_cat"": 2}",1.5944000482559204
attention,a87a3388d12a5969,c94f578925dfd8f9,"{""block_sizes"": [1, 128, 64], ""loop_orders"": [[0, 1]], ""l2_groupings"": [2], ""range_unroll_factors"": [0, 1], ""range_warp_specializes"": [null, null], ""range_num_stages"": [0, 0], ""range_multi_buffers"": [null, true], ""range_flattens"": [null, null], ""load_eviction_policies"": ["""", ""last"", ""first""], ""num_warps"": 8, ""num_stages"": 3, ""indexing"": [""pointer"", ""tensor_descriptor"", ""tensor_descriptor"", ""pointer""], ""atomic_indexing"": [], ""pid_type"": ""flat""}","{""arg0_ndim"": 4, ""arg0_dim0"": 4, ""arg0_dim1"": 32, ""arg0_dim2"": 4096, ""arg0_dim3"": 64, ""arg0_numel"": 33554432, ""arg0_dtype"": ""torch.float16"", ""arg0_dtype_size"": 2, ""arg0_dtype_cat"": 2, ""arg1_ndim"": 4, ""arg1_dim0"": 4, ""arg1_dim1"": 32, ""arg1_dim2"": 4096, ""arg1_dim3"": 64, ""arg1_numel"": 33554432, ""arg1_dtype"": ""torch.float16"", ""arg1_dtype_size"": 2, ""arg1_dtype_cat"": 2, ""arg2_ndim"": 4, ""arg2_dim0"": 4, ""arg2_dim1"": 32, ""arg2_dim2"": 4096, ""arg2_dim3"": 64, ""arg2_numel"": 33554432, ""arg2_dtype"": ""torch.float16"", ""arg2_dtype_size"": 2, ""arg2_dtype_cat"": 2}",1.602560043334961
attention,a87a3388d12a5969,e90f1fde0aa15d55,"{""block_sizes"": [1, 128, 64], ""loop_orders"": [[0, 1]], ""l2_groupings"": [2], ""range_unroll_factors"": [0, 1], ""range_warp_specializes"": [null, null], ""range_num_stages"": [0, 1], ""range_multi_buffers"": [null, true], ""range_flattens"": [null, false], ""load_eviction_policies"": [""last"", """", ""last""], ""num_warps"": 8, ""num_stages"": 3, ""indexing"": [""pointer"", ""pointer"", ""tensor_descriptor"", ""tensor_descriptor""], ""atomic_indexing"": [], ""pid_type"": ""flat""}","{""arg0_ndim"": 4, ""arg0_dim0"": 4, ""arg0_dim1"": 32, ""arg0_dim2"": 4096, ""arg0_dim3"": 64, ""arg0_numel"": 33554432, ""arg0_dtype"": ""torch.float16"", ""arg0_dtype_size"": 2, ""arg0_dtype_cat"": 2, ""arg1_ndim"": 4, ""arg1_dim0"": 4, ""arg1_dim1"": 32, ""arg1_dim2"": 4096, ""arg1_dim3"": 64, ""arg1_numel"": 33554432, ""arg1_dtype"": ""torch.float16"", ""arg1_dtype_size"": 2, ""arg1_dtype_cat"": 2, ""arg2_ndim"": 4, ""arg2_dim0"": 4, ""arg2_dim1"": 32, ""arg2_dim2"": 4096, ""arg2_dim3"": 64, ""arg2_numel"": 33554432, ""arg2_dtype"": ""torch.float16"", ""arg2_dtype_size"": 2, ""arg2_dtype_cat"": 2}",1.6024960279464722
attention,a87a3388d12a5969,197f70c883e6e5ad,"{""block_sizes"": [1, 128, 64], ""loop_orders"": [[0, 1]], ""l2_groupings"": [2], ""range_unroll_factors"": [0, 0], ""range_warp_specializes"": [null, null], ""range_num_stages"": [0, 0], ""range_multi_buffers"": [null, false], ""range_flattens"": [null, true], ""load_eviction_policies"": [""last"", ""first"", ""first""], ""num_warps"": 4, ""num_stages"": 2, ""indexing"": [""pointer"", ""tensor_descriptor"", ""pointer"", ""tensor_descriptor""], ""atomic_indexing"": [], ""pid_type"": ""flat""}","{""arg0_ndim"": 4, ""arg0_dim0"": 4, ""arg0_dim1"": 32, ""arg0_dim2"": 4096, ""arg0_dim3"": 64, ""arg0_numel"": 33554432, ""arg0_dtype"": ""torch.float16"", ""arg0_dtype_size"": 2, ""arg0_dtype_cat"": 2, ""arg1_ndim"": 4, ""arg1_dim0"": 4, ""arg1_dim1"": 32, ""arg1_dim2"": 4096, ""arg1_dim3"": 64, ""arg1_numel"": 33554432, ""arg1_dtype"": ""torch.float16"", ""arg1_dtype_size"": 2, ""arg1_dtype_cat"": 2, ""arg2_ndim"": 4, ""arg2_dim0"": 4, ""arg2_dim1"": 32, ""arg2_dim2"": 4096, ""arg2_dim3"": 64, ""arg2_numel"": 33554432, ""arg2_dtype"": ""torch.float16"", ""arg2_dtype_size"": 2, ""arg2_dtype_cat"": 2}",1.7315839529037476
attention,a87a3388d12a5969,74c352914e79f5d5,"{""block_sizes"": [1, 128, 64], ""loop_orders"": [[0, 1]], ""l2_groupings"": [2], ""range_unroll_factors"": [0, 2], ""range_warp_specializes"": [null, false], ""range_num_stages"": [0, 0], ""range_multi_buffers"": [null, false], ""range_flattens"": [null, true], ""load_eviction_policies"": [""first"", """", ""first""], ""num_warps"": 8, ""num_stages"": 3, ""indexing"": [""tensor_descriptor"", ""pointer"", ""tensor_descriptor"", ""tensor_descriptor""], ""atomic_indexing"": [], ""pid_type"": ""flat""}","{""arg0_ndim"": 4, ""arg0_dim0"": 4, ""arg0_dim1"": 32, ""arg0_dim2"": 4096, ""arg0_dim3"": 64, ""arg0_numel"": 33554432, ""arg0_dtype"": ""torch.float16"", ""arg0_dtype_size"": 2, ""arg0_dtype_cat"": 2, ""arg1_ndim"": 4, ""arg1_dim0"": 4, ""arg1_dim1"": 32, ""arg1_dim2"": 4096, ""arg1_dim3"": 64, ""arg1_numel"": 33554432, ""arg1_dtype"": ""torch.float16"", ""arg1_dtype_size"": 2, ""arg1_dtype_cat"": 2, ""arg2_ndim"": 4, ""arg2_dim0"": 4, ""arg2_dim1"": 32, ""arg2_dim2"": 4096, ""arg2_dim3"": 64, ""arg2_numel"": 33554432, ""arg2_dtype"": ""torch.float16"", ""arg2_dtype_size"": 2, ""arg2_dtype_cat"": 2}",1.6021119952201843
attention,1441d2da71eedf40,1424d8a662dc60cf,"{""block_sizes"": [1, 128, 128], ""loop_orders"": [[0, 1]], ""l2_groupings"": [32], ""range_unroll_factors"": [0, 2], ""range_warp_specializes"": [null, false], ""range_num_stages"": [0, 3], ""range_multi_buffers"": [null, false], ""range_flattens"": [null, false], ""load_eviction_policies"": [""first"", ""last"", ""first""], ""num_warps"": 4, ""num_stages"": 3, ""indexing"": [""pointer"", ""pointer"", ""pointer"", ""tensor_descriptor""], ""atomic_indexing"": [], ""pid_type"": ""flat""}","{""arg0_ndim"": 4, ""arg0_dim0"": 4, ""arg0_dim1"": 32, ""arg0_dim2"": 8192, ""arg0_dim3"": 64, ""arg0_numel"": 67108864, ""arg0_dtype"": ""torch.float16"", ""arg0_dtype_size"": 2, ""arg0_dtype_cat"": 2, ""arg1_ndim"": 4, ""arg1_dim0"": 4, ""arg1_dim1"": 32, ""arg1_dim2"": 8192, ""arg1_dim3"": 64, ""arg1_numel"": 67108864, ""arg1_dtype"": ""torch.float16"", ""arg1_dtype_size"": 2, ""arg1_dtype_cat"": 2, ""arg2_ndim"": 4, ""arg2_dim0"": 4, ""arg2_dim1"": 32, ""arg2_dim2"": 8192, ""arg2_dim3"": 64, ""arg2_numel"": 67108864, ""arg2_dtype"": ""torch.float16"", ""arg2_dtype_size"": 2, ""arg2_dtype_cat"": 2}",4.591072082519531
attention,1441d2da71eedf40,29135c77b970e281,"{""block_sizes"": [1, 128, 128], ""loop_orders"": [[0, 1]], ""l2_groupings"": [32], ""range_unroll_factors"": [0, 4], ""range_warp_specializes"": [null, false], ""range_num_stages"": [0, 4], ""range_multi_buffers"": [null, null], ""range_flattens"": [null, false], ""load_eviction_policies"": [""first"", """", ""first""], ""num_warps"": 4, ""num_stages"": 3, ""indexing"": [""tensor_descriptor"", ""pointer"", ""pointer"", ""tensor_descriptor""], ""atomic_indexing"": [], ""pid_type"": ""flat""}","{""arg0_ndim"": 4, ""arg0_dim0"": 4, ""arg0_dim1"": 32, ""arg0_dim2"": 8192, ""arg0_dim3"": 64, ""arg0_numel"": 67108864, ""arg0_dtype"": ""torch.float16"", ""arg0_dtype_size"": 2, ""arg0_dtype_cat"": 2, ""arg1_ndim"": 4, ""arg1_dim0"": 4, ""arg1_dim1"": 32, ""arg1_dim2"": 8192, ""arg1_dim3"": 64, ""arg1_numel"": 67108864, ""arg1_dtype"": ""torch.float16"", ""arg1_dtype_size"": 2, ""arg1_dtype_cat"": 2, ""arg2_ndim"": 4, ""arg2_dim0"": 4, ""arg2_dim1"": 32, ""arg2_dim2"": 8192, ""arg2_dim3"": 64, ""arg2_numel"": 67108864, ""arg2_dtype"": ""torch.float16"", ""arg2_dtype_size"": 2, ""arg2_dtype_cat"": 2}",4.942336082458496
attention,1441d2da71eedf40,71d98cc073b6f9c7,"{""block_sizes"": [1, 128, 128], ""loop_orders"": [[0, 1]], ""l2_groupings"": [32], ""range_unroll_factors"": [0, 0], ""range_warp_specializes"": [null, null], ""range_num_stages"": [0, 2], ""range_multi_buffers"": [null, true], ""range_flattens"": [null, true], ""load_eviction_policies"": [""first"", ""last"", ""first""], ""num_warps"": 4, ""num_stages"": 3, ""indexing"": [""tensor_descriptor"", ""tensor_descriptor"", ""pointer"", ""tensor_descriptor""], ""atomic_indexing"": [], ""pid_type"": ""flat""}","{""arg0_ndim"": 4, ""arg0_dim0"": 4, ""arg0_dim1"": 32, ""arg0_dim2"": 8192, ""arg0_dim3"": 64, ""arg0_numel"": 67108864, ""arg0_dtype"": ""torch.float16"", ""arg0_dtype_size"": 2, ""arg0_dtype_cat"": 2, ""arg1_ndim"": 4, ""arg1_dim0"": 4, ""arg1_dim1"": 32, ""arg1_dim2"": 8192, ""arg1_dim3"": 64, ""arg1_numel"": 67108864, ""arg1_dtype"": ""torch.float16"", ""arg1_dtype_size"": 2, ""arg1_dtype_cat"": 2, ""arg2_ndim"": 4, ""arg2_dim0"": 4, ""arg2_dim1"": 32, ""arg2_dim2"": 8192, ""arg2_dim3"": 64, ""arg2_numel"": 67108864, ""arg2_dtype"": ""torch.float16"", ""arg2_dtype_size"": 2, ""arg2_dtype_cat"": 2}",5.039151906967163
attention,1441d2da71eedf40,fa0e6212d9dfaba1,"{""block_sizes"": [1, 128, 128], ""loop_orders"": [[1, 0]], ""l2_groupings"": [1], ""range_unroll_factors"": [0, 0], ""range_warp_specializes"": [null, null], ""range_num_stages"": [0, 3], ""range_multi_buffers"": [null, null], ""range_flattens"": [null, true], ""load_eviction_policies"": ["""", ""last"", ""first""], ""num_warps"": 4, ""num_stages"": 3, ""indexing"": [""tensor_descriptor"", ""tensor_descriptor"", ""tensor_descriptor"", ""tensor_descriptor""], ""atomic_indexing"": [], ""pid_type"": ""flat""}","{""arg0_ndim"": 4, ""arg0_dim0"": 4, ""arg0_dim1"": 32, ""arg0_dim2"": 8192, ""arg0_dim3"": 64, ""arg0_numel"": 67108864, ""arg0_dtype"": ""torch.float16"", ""arg0_dtype_size"": 2, ""arg0_dtype_cat"": 2, ""arg1_ndim"": 4, ""arg1_dim0"": 4, ""arg1_dim1"": 32, ""arg1_dim2"": 8192, ""arg1_dim3"": 64, ""arg1_numel"": 67108864, ""arg1_dtype"": ""torch.float16"", ""arg1_dtype_size"": 2, ""arg1_dtype_cat"": 2, ""arg2_ndim"": 4, ""arg2_dim0"": 4, ""arg2_dim1"": 32, ""arg2_dim2"": 8192, ""arg2_dim3"": 64, ""arg2_numel"": 67108864, ""arg2_dtype"": ""torch.float16"", ""arg2_dtype_size"": 2, ""arg2_dtype_cat"": 2}",4.855520009994507
attention,1441d2da71eedf40,018f3cbb5fbec2b3,"{""block_sizes"": [1, 128, 128], ""loop_orders"": [[0, 1]], ""l2_groupings"": [32], ""range_unroll_factors"": [0, 4], ""range_warp_specializes"": [null, null], ""range_num_stages"": [0, 2], ""range_multi_buffers"": [null, false], ""range_flattens"": [null, true], ""load_eviction_policies"": ["""", """", ""first""], ""num_warps"": 4, ""num_stages"": 3, ""indexing"": [""pointer"", ""tensor_descriptor"", ""pointer"", ""tensor_descriptor""], ""atomic_indexing"": [], ""pid_type"": ""flat""}","{""arg0_ndim"": 4, ""arg0_dim0"": 4, ""arg0_dim1"": 32, ""arg0_dim2"": 8192, ""arg0_dim3"": 64, ""arg0_numel"": 67108864, ""arg0_dtype"": ""torch.float16"", ""arg0_dtype_size"": 2, ""arg0_dtype_cat"": 2, ""arg1_ndim"": 4, ""arg1_dim0"": 4, ""arg1_dim1"": 32, ""arg1_dim2"": 8192, ""arg1_dim3"": 64, ""arg1_numel"": 67108864, ""arg1_dtype"": ""torch.float16"", ""arg1_dtype_size"": 2, ""arg1_dtype_cat"": 2, ""arg2_ndim"": 4, ""arg2_dim0"": 4, ""arg2_dim1"": 32, ""arg2_dim2"": 8192, ""arg2_dim3"": 64, ""arg2_numel"": 67108864, ""arg2_dtype"": ""torch.float16"", ""arg2_dtype_size"": 2, ""arg2_dtype_cat"": 2}",5.032991886138916
attention,1441d2da71eedf40,4412520d00f6fe18,"{""block_sizes"": [1, 128, 64], ""loop_orders"": [[0, 1]], ""l2_groupings"": [16], ""range_unroll_factors"": [1, 0], ""range_warp_specializes"": [null, null], ""range_num_stages"": [0, 3], ""range_multi_buffers"": [true, false], ""range_flattens"": [false, false], ""load_eviction_policies"": ["""", ""last"", ""first""], ""num_warps"": 4, ""num_stages"": 4, ""indexing"": [""pointer"", ""pointer"", ""pointer"", ""pointer""], ""atomic_indexing"": [], ""pid_type"": ""persistent_interleaved"", ""num_sm_multiplier"": 2}","{""arg0_ndim"": 4, ""arg0_dim0"": 4, ""arg0_dim1"": 32, ""arg0_dim2"": 8192, ""arg0_dim3"": 64, ""arg0_numel"": 67108864, ""arg0_dtype"": ""torch.float16"", ""arg0_dtype_size"": 2, ""arg0_dtype_cat"": 2, ""arg1_ndim"": 4, ""arg1_dim0"": 4, ""arg1_dim1"": 32, ""arg1_dim2"": 8192, ""arg1_dim3"": 64, ""arg1_numel"": 67108864, ""arg1_dtype"": ""torch.float16"", ""arg1_dtype_size"": 2, ""arg1_dtype_cat"": 2, ""arg2_ndim"": 4, ""arg2_dim0"": 4, ""arg2_dim1"": 32, ""arg2_dim2"": 8192, ""arg2_dim3"": 64, ""arg2_numel"": 67108864, ""arg2_dtype"": ""torch.float16"", ""arg2_dtype_size"": 2, ""arg2_dtype_cat"": 2}",5.425151824951172
attention,1441d2da71eedf40,8b544d6ab595df36,"{""block_sizes"": [1, 128, 64], ""loop_orders"": [[1, 0]], ""l2_groupings"": [8], ""range_unroll_factors"": [0, 3], ""range_warp_specializes"": [null, null], ""range_num_stages"": [0, 3], ""range_multi_buffers"": [null, true], ""range_flattens"": [null, true], ""load_eviction_policies"": ["""", ""first"", ""last""], ""num_warps"": 8, ""num_stages"": 3, ""indexing"": [""pointer"", ""pointer"", ""tensor_descriptor"", ""pointer""], ""atomic_indexing"": [], ""pid_type"": ""flat""}","{""arg0_ndim"": 4, ""arg0_dim0"": 4, ""arg0_dim1"": 32, ""arg0_dim2"": 8192, ""arg0_dim3"": 64, ""arg0_numel"": 67108864, ""arg0_dtype"": ""torch.float16"", ""arg0_dtype_size"": 2, ""arg0_dtype_cat"": 2, ""arg1_ndim"": 4, ""arg1_dim0"": 4, ""arg1_dim1"": 32, ""arg1_dim2"": 8192, ""arg1_dim3"": 64, ""arg1_numel"": 67108864, ""arg1_dtype"": ""torch.float16"", ""arg1_dtype_size"": 2, ""arg1_dtype_cat"": 2, ""arg2_ndim"": 4, ""arg2_dim0"": 4, ""arg2_dim1"": 32, ""arg2_dim2"": 8192, ""arg2_dim3"": 64, ""arg2_numel"": 67108864, ""arg2_dtype"": ""torch.float16"", ""arg2_dtype_size"": 2, ""arg2_dtype_cat"": 2}",6.2873921394348145
attention,1441d2da71eedf40,f1dda601fe248341,"{""block_sizes"": [1, 128, 64], ""loop_orders"": [[1, 0]], ""l2_groupings"": [1], ""range_unroll_factors"": [0, 4], ""range_warp_specializes"": [null, false], ""range_num_stages"": [0, 4], ""range_multi_buffers"": [null, null], ""range_flattens"": [null, null], ""load_eviction_policies"": [""first"", """", """"], ""num_warps"": 4, ""num_stages"": 3, ""indexing"": [""tensor_descriptor"", ""pointer"", ""tensor_descriptor"", ""tensor_descriptor""], ""atomic_indexing"": [], ""pid_type"": ""flat""}","{""arg0_ndim"": 4, ""arg0_dim0"": 4, ""arg0_dim1"": 32, ""arg0_dim2"": 8192, ""arg0_dim3"": 64, ""arg0_numel"": 67108864, ""arg0_dtype"": ""torch.float16"", ""arg0_dtype_size"": 2, ""arg0_dtype_cat"": 2, ""arg1_ndim"": 4, ""arg1_dim0"": 4, ""arg1_dim1"": 32, ""arg1_dim2"": 8192, ""arg1_dim3"": 64, ""arg1_numel"": 67108864, ""arg1_dtype"": ""torch.float16"", ""arg1_dtype_size"": 2, ""arg1_dtype_cat"": 2, ""arg2_ndim"": 4, ""arg2_dim0"": 4, ""arg2_dim1"": 32, ""arg2_dim2"": 8192, ""arg2_dim3"": 64, ""arg2_numel"": 67108864, ""arg2_dtype"": ""torch.float16"", ""arg2_dtype_size"": 2, ""arg2_dtype_cat"": 2}",5.708815813064575
attention,1441d2da71eedf40,3265e0895ba56199,"{""block_sizes"": [1, 128, 64], ""loop_orders"": [[1, 0]], ""l2_groupings"": [8], ""range_unroll_factors"": [0, 1], ""range_warp_specializes"": [null, false], ""range_num_stages"": [0, 2], ""range_multi_buffers"": [null, null], ""range_flattens"": [null, true], ""load_eviction_policies"": ["""", """", ""first""], ""num_warps"": 8, ""num_stages"": 3, ""indexing"": [""tensor_descriptor"", ""tensor_descriptor"", ""pointer"", ""tensor_descriptor""], ""atomic_indexing"": [], ""pid_type"": ""flat""}","{""arg0_ndim"": 4, ""arg0_dim0"": 4, ""arg0_dim1"": 32, ""arg0_dim2"": 8192, ""arg0_dim3"": 64, ""arg0_numel"": 67108864, ""arg0_dtype"": ""torch.float16"", ""arg0_dtype_size"": 2, ""arg0_dtype_cat"": 2, ""arg1_ndim"": 4, ""arg1_dim0"": 4, ""arg1_dim1"": 32, ""arg1_dim2"": 8192, ""arg1_dim3"": 64, ""arg1_numel"": 67108864, ""arg1_dtype"": ""torch.float16"", ""arg1_dtype_size"": 2, ""arg1_dtype_cat"": 2, ""arg2_ndim"": 4, ""arg2_dim0"": 4, ""arg2_dim1"": 32, ""arg2_dim2"": 8192, ""arg2_dim3"": 64, ""arg2_numel"": 67108864, ""arg2_dtype"": ""torch.float16"", ""arg2_dtype_size"": 2, ""arg2_dtype_cat"": 2}",6.288383960723877
attention,1441d2da71eedf40,18cd65d1f263c609,"{""block_sizes"": [1, 128, 64], ""loop_orders"": [[1, 0]], ""l2_groupings"": [8], ""range_unroll_factors"": [0, 4], ""range_warp_specializes"": [null, null], ""range_num_stages"": [0, 3], ""range_multi_buffers"": [null, true], ""range_flattens"": [null, true], ""load_eviction_policies"": [""first"", ""first"", ""last""], ""num_warps"": 8, ""num_stages"": 3, ""indexing"": [""tensor_descriptor"", ""pointer"", ""tensor_descriptor"", ""pointer""], ""atomic_indexing"": [], ""pid_type"": ""flat""}","{""arg0_ndim"": 4, ""arg0_dim0"": 4, ""arg0_dim1"": 32, ""arg0_dim2"": 8192, ""arg0_dim3"": 64, ""arg0_numel"": 67108864, ""arg0_dtype"": ""torch.float16"", ""arg0_dtype_size"": 2, ""arg0_dtype_cat"": 2, ""arg1_ndim"": 4, ""arg1_dim0"": 4, ""arg1_dim1"": 32, ""arg1_dim2"": 8192, ""arg1_dim3"": 64, ""arg1_numel"": 67108864, ""arg1_dtype"": ""torch.float16"", ""arg1_dtype_size"": 2, ""arg1_dtype_cat"": 2, ""arg2_ndim"": 4, ""arg2_dim0"": 4, ""arg2_dim1"": 32, ""arg2_dim2"": 8192, ""arg2_dim3"": 64, ""arg2_numel"": 67108864, ""arg2_dtype"": ""torch.float16"", ""arg2_dtype_size"": 2, ""arg2_dtype_cat"": 2}",6.300511837005615
attention,1441d2da71eedf40,b62e9711edcad914,"{""block_sizes"": [1, 128, 64], ""loop_orders"": [[0, 1]], ""l2_groupings"": [1], ""range_unroll_factors"": [0, 3], ""range_warp_specializes"": [null, false], ""range_num_stages"": [0, 3], ""range_multi_buffers"": [null, true], ""range_flattens"": [null, true], ""load_eviction_policies"": ["""", ""last"", """"], ""num_warps"": 4, ""num_stages"": 4, ""indexing"": [""tensor_descriptor"", ""pointer"", ""tensor_descriptor"", ""tensor_descriptor""], ""atomic_indexing"": [], ""pid_type"": ""flat""}","{""arg0_ndim"": 4, ""arg0_dim0"": 4, ""arg0_dim1"": 32, ""arg0_dim2"": 8192, ""arg0_dim3"": 64, ""arg0_numel"": 67108864, ""arg0_dtype"": ""torch.float16"", ""arg0_dtype_size"": 2, ""arg0_dtype_cat"": 2, ""arg1_ndim"": 4, ""arg1_dim0"": 4, ""arg1_dim1"": 32, ""arg1_dim2"": 8192, ""arg1_dim3"": 64, ""arg1_numel"": 67108864, ""arg1_dtype"": ""torch.float16"", ""arg1_dtype_size"": 2, ""arg1_dtype_cat"": 2, ""arg2_ndim"": 4, ""arg2_dim0"": 4, ""arg2_dim1"": 32, ""arg2_dim2"": 8192, ""arg2_dim3"": 64, ""arg2_numel"": 67108864, ""arg2_dtype"": ""torch.float16"", ""arg2_dtype_size"": 2, ""arg2_dtype_cat"": 2}",6.6211998462677
attention,1441d2da71eedf40,0224f42f7e07247a,"{""block_sizes"": [1, 128, 128], ""loop_orders"": [[1, 0]], ""l2_groupings"": [32], ""range_unroll_factors"": [0, 0], ""range_warp_specializes"": [null, null], ""range_num_stages"": [0, 4], ""range_multi_buffers"": [null, null], ""range_flattens"": [null, null], ""load_eviction_policies"": ["""", ""last"", ""last""], ""num_warps"": 4, ""num_stages"": 2, ""indexing"": [""tensor_descriptor"", ""pointer"", ""pointer"", ""pointer""], ""atomic_indexing"": [], ""pid_type"": ""flat""}","{""arg0_ndim"": 4, ""arg0_dim0"": 4, ""arg0_dim1"": 32, ""arg0_dim2"": 8192, ""arg0_dim3"": 64, ""arg0_numel"": 67108864, ""arg0_dtype"": ""torch.float16"", ""arg0_dtype_size"": 2, ""arg0_dtype_cat"": 2, ""arg1_ndim"": 4, ""arg1_dim0"": 4, ""arg1_dim1"": 32, ""arg1_dim2"": 8192, ""arg1_dim3"": 64, ""arg1_numel"": 67108864, ""arg1_dtype"": ""torch.float16"", ""arg1_dtype_size"": 2, ""arg1_dtype_cat"": 2, ""arg2_ndim"": 4, ""arg2_dim0"": 4, ""arg2_dim1"": 32, ""arg2_dim2"": 8192, ""arg2_dim3"": 64, ""arg2_numel"": 67108864, ""arg2_dtype"": ""torch.float16"", ""arg2_dtype_size"": 2, ""arg2_dtype_cat"": 2}",5.233471870422363
attention,1441d2da71eedf40,a018ad7b08e26b2b,"{""block_sizes"": [1, 128, 128], ""loop_orders"": [[1, 0]], ""l2_groupings"": [1], ""range_unroll_factors"": [0, 4], ""range_warp_specializes"": [null, null], ""range_num_stages"": [2, 4], ""range_multi_buffers"": [false, false], ""range_flattens"": [null, true], ""load_eviction_policies"": [""first"", ""last"", ""last""], ""num_warps"": 4, ""num_stages"": 3, ""indexing"": [""tensor_descriptor"", ""pointer"", ""tensor_descriptor"", ""pointer""], ""atomic_indexing"": [], ""pid_type"": ""persistent_interleaved"", ""num_sm_multiplier"": 128}","{""arg0_ndim"": 4, ""arg0_dim0"": 4, ""arg0_dim1"": 32, ""arg0_dim2"": 8192, ""arg0_dim3"": 64, ""arg0_numel"": 67108864, ""arg0_dtype"": ""torch.float16"", ""arg0_dtype_size"": 2, ""arg0_dtype_cat"": 2, ""arg1_ndim"": 4, ""arg1_dim0"": 4, ""arg1_dim1"": 32, ""arg1_dim2"": 8192, ""arg1_dim3"": 64, ""arg1_numel"": 67108864, ""arg1_dtype"": ""torch.float16"", ""arg1_dtype_size"": 2, ""arg1_dtype_cat"": 2, ""arg2_ndim"": 4, ""arg2_dim0"": 4, ""arg2_dim1"": 32, ""arg2_dim2"": 8192, ""arg2_dim3"": 64, ""arg2_numel"": 67108864, ""arg2_dtype"": ""torch.float16"", ""arg2_dtype_size"": 2, ""arg2_dtype_cat"": 2}",5.142512083053589
attention,1441d2da71eedf40,34148bc38a442c3b,"{""block_sizes"": [1, 128, 128], ""loop_orders"": [[1, 0]], ""l2_groupings"": [32], ""range_unroll_factors"": [0, 0], ""range_warp_specializes"": [null, null], ""range_num_stages"": [0, 0], ""range_multi_buffers"": [null, true], ""range_flattens"": [null, null], ""load_eviction_policies"": ["""", ""last"", ""first""], ""num_warps"": 4, ""num_stages"": 3, ""indexing"": [""tensor_descriptor"", ""tensor_descriptor"", ""tensor_descriptor"", ""pointer""], ""atomic_indexing"": [], ""pid_type"": ""flat""}","{""arg0_ndim"": 4, ""arg0_dim0"": 4, ""arg0_dim1"": 32, ""arg0_dim2"": 8192, ""arg0_dim3"": 64, ""arg0_numel"": 67108864, ""arg0_dtype"": ""torch.float16"", ""arg0_dtype_size"": 2, ""arg0_dtype_cat"": 2, ""arg1_ndim"": 4, ""arg1_dim0"": 4, ""arg1_dim1"": 32, ""arg1_dim2"": 8192, ""arg1_dim3"": 64, ""arg1_numel"": 67108864, ""arg1_dtype"": ""torch.float16"", ""arg1_dtype_size"": 2, ""arg1_dtype_cat"": 2, ""arg2_ndim"": 4, ""arg2_dim0"": 4, ""arg2_dim1"": 32, ""arg2_dim2"": 8192, ""arg2_dim3"": 64, ""arg2_numel"": 67108864, ""arg2_dtype"": ""torch.float16"", ""arg2_dtype_size"": 2, ""arg2_dtype_cat"": 2}",4.701200008392334
attention,1441d2da71eedf40,ea987733425e4c1b,"{""block_sizes"": [1, 128, 128], ""loop_orders"": [[0, 1]], ""l2_groupings"": [8], ""range_unroll_factors"": [0, 1], ""range_warp_specializes"": [null, null], ""range_num_stages"": [0, 4], ""range_multi_buffers"": [null, false], ""range_flattens"": [null, false], ""load_eviction_policies"": [""first"", """", ""first""], ""num_warps"": 4, ""num_stages"": 3, ""indexing"": [""tensor_descriptor"", ""tensor_descriptor"", ""pointer"", ""pointer""], ""atomic_indexing"": [], ""pid_type"": ""flat""}","{""arg0_ndim"": 4, ""arg0_dim0"": 4, ""arg0_dim1"": 32, ""arg0_dim2"": 8192, ""arg0_dim3"": 64, ""arg0_numel"": 67108864, ""arg0_dtype"": ""torch.float16"", ""arg0_dtype_size"": 2, ""arg0_dtype_cat"": 2, ""arg1_ndim"": 4, ""arg1_dim0"": 4, ""arg1_dim1"": 32, ""arg1_dim2"": 8192, ""arg1_dim3"": 64, ""arg1_numel"": 67108864, ""arg1_dtype"": ""torch.float16"", ""arg1_dtype_size"": 2, ""arg1_dtype_cat"": 2, ""arg2_ndim"": 4, ""arg2_dim0"": 4, ""arg2_dim1"": 32, ""arg2_dim2"": 8192, ""arg2_dim3"": 64, ""arg2_numel"": 67108864, ""arg2_dtype"": ""torch.float16"", ""arg2_dtype_size"": 2, ""arg2_dtype_cat"": 2}",4.8446080684661865
attention,1441d2da71eedf40,65ab373fc776c2af,"{""block_sizes"": [1, 128, 64], ""loop_orders"": [[0, 1]], ""l2_groupings"": [8], ""range_unroll_factors"": [0, 4], ""range_warp_specializes"": [null, null], ""range_num_stages"": [0, 3], ""range_multi_buffers"": [null, false], ""range_flattens"": [null, false], ""load_eviction_policies"": [""last"", ""first"", ""first""], ""num_warps"": 8, ""num_stages"": 3, ""indexing"": [""pointer"", ""pointer"", ""pointer"", ""tensor_descriptor""], ""atomic_indexing"": [], ""pid_type"": ""flat""}","{""arg0_ndim"": 4, ""arg0_dim0"": 4, ""arg0_dim1"": 32, ""arg0_dim2"": 8192, ""arg0_dim3"": 64, ""arg0_numel"": 67108864, ""arg0_dtype"": ""torch.float16"", ""arg0_dtype_size"": 2, ""arg0_dtype_cat"": 2, ""arg1_ndim"": 4, ""arg1_dim0"": 4, ""arg1_dim1"": 32, ""arg1_dim2"": 8192, ""arg1_dim3"": 64, ""arg1_numel"": 67108864, ""arg1_dtype"": ""torch.float16"", ""arg1_dtype_size"": 2, ""arg1_dtype_cat"": 2, ""arg2_ndim"": 4, ""arg2_dim0"": 4, ""arg2_dim1"": 32, ""arg2_dim2"": 8192, ""arg2_dim3"": 64, ""arg2_numel"": 67108864, ""arg2_dtype"": ""torch.float16"", ""arg2_dtype_size"": 2, ""arg2_dtype_cat"": 2}",6.227071762084961
attention,1441d2da71eedf40,c94f578925dfd8f9,"{""block_sizes"": [1, 128, 64], ""loop_orders"": [[0, 1]], ""l2_groupings"": [2], ""range_unroll_factors"": [0, 1], ""range_warp_specializes"": [null, null], ""range_num_stages"": [0, 0], ""range_multi_buffers"": [null, true], ""range_flattens"": [null, null], ""load_eviction_policies"": ["""", ""last"", ""first""], ""num_warps"": 8, ""num_stages"": 3, ""indexing"": [""pointer"", ""tensor_descriptor"", ""tensor_descriptor"", ""pointer""], ""atomic_indexing"": [], ""pid_type"": ""flat""}","{""arg0_ndim"": 4, ""arg0_dim0"": 4, ""arg0_dim1"": 32, ""arg0_dim2"": 8192, ""arg0_dim3"": 64, ""arg0_numel"": 67108864, ""arg0_dtype"": ""torch.float16"", ""arg0_dtype_size"": 2, ""arg0_dtype_cat"": 2, ""arg1_ndim"": 4, ""arg1_dim0"": 4, ""arg1_dim1"": 32, ""arg1_dim2"": 8192, ""arg1_dim3"": 64, ""arg1_numel"": 67108864, ""arg1_dtype"": ""torch.float16"", ""arg1_dtype_size"": 2, ""arg1_dtype_cat"": 2, ""arg2_ndim"": 4, ""arg2_dim0"": 4, ""arg2_dim1"": 32, ""arg2_dim2"": 8192, ""arg2_dim3"": 64, ""arg2_numel"": 67108864, ""arg2_dtype"": ""torch.float16"", ""arg2_dtype_size"": 2, ""arg2_dtype_cat"": 2}",6.251359939575195
attention,1441d2da71eedf40,e90f1fde0aa15d55,"{""block_sizes"": [1, 128, 64], ""loop_orders"": [[0, 1]], ""l2_groupings"": [2], ""range_unroll_factors"": [0, 1], ""range_warp_specializes"": [null, null], ""range_num_stages"": [0, 1], ""range_multi_buffers"": [null, true], ""range_flattens"": [null, false], ""load_eviction_policies"": [""last"", """", ""last""], ""num_warps"": 8, ""num_stages"": 3, ""indexing"": [""pointer"", ""pointer"", ""tensor_descriptor"", ""tensor_descriptor""], ""atomic_indexing"": [], ""pid_type"": ""flat""}","{""arg0_ndim"": 4, ""arg0_dim0"": 4, ""arg0_dim1"": 32, ""arg0_dim2"": 8192, ""arg0_dim3"": 64, ""arg0_numel"": 67108864, ""arg0_dtype"": ""torch.float16"", ""arg0_dtype_size"": 2, ""arg0_dtype_cat"": 2, ""arg1_ndim"": 4, ""arg1_dim0"": 4, ""arg1_dim1"": 32, ""arg1_dim2"": 8192, ""arg1_dim3"": 64, ""arg1_numel"": 67108864, ""arg1_dtype"": ""torch.float16"", ""arg1_dtype_size"": 2, ""arg1_dtype_cat"": 2, ""arg2_ndim"": 4, ""arg2_dim0"": 4, ""arg2_dim1"": 32, ""arg2_dim2"": 8192, ""arg2_dim3"": 64, ""arg2_numel"": 67108864, ""arg2_dtype"": ""torch.float16"", ""arg2_dtype_size"": 2, ""arg2_dtype_cat"": 2}",6.231071949005127
attention,1441d2da71eedf40,197f70c883e6e5ad,"{""block_sizes"": [1, 128, 64], ""loop_orders"": [[0, 1]], ""l2_groupings"": [2], ""range_unroll_factors"": [0, 0], ""range_warp_specializes"": [null, null], ""range_num_stages"": [0, 0], ""range_multi_buffers"": [null, false], ""range_flattens"": [null, true], ""load_eviction_policies"": [""last"", ""first"", ""first""], ""num_warps"": 4, ""num_stages"": 2, ""indexing"": [""pointer"", ""tensor_descriptor"", ""pointer"", ""tensor_descriptor""], ""atomic_indexing"": [], ""pid_type"": ""flat""}","{""arg0_ndim"": 4, ""arg0_dim0"": 4, ""arg0_dim1"": 32, ""arg0_dim2"": 8192, ""arg0_dim3"": 64, ""arg0_numel"": 67108864, ""arg0_dtype"": ""torch.float16"", ""arg0_dtype_size"": 2, ""arg0_dtype_cat"": 2, ""arg1_ndim"": 4, ""arg1_dim0"": 4, ""arg1_dim1"": 32, ""arg1_dim2"": 8192, ""arg1_dim3"": 64, ""arg1_numel"": 67108864, ""arg1_dtype"": ""torch.float16"", ""arg1_dtype_size"": 2, ""arg1_dtype_cat"": 2, ""arg2_ndim"": 4, ""arg2_dim0"": 4, ""arg2_dim1"": 32, ""arg2_dim2"": 8192, ""arg2_dim3"": 64, ""arg2_numel"": 67108864, ""arg2_dtype"": ""torch.float16"", ""arg2_dtype_size"": 2, ""arg2_dtype_cat"": 2}",6.57209587097168
attention,1441d2da71eedf40,74c352914e79f5d5,"{""block_sizes"": [1, 128, 64], ""loop_orders"": [[0, 1]], ""l2_groupings"": [2], ""range_unroll_factors"": [0, 2], ""range_warp_specializes"": [null, false], ""range_num_stages"": [0, 0], ""range_multi_buffers"": [null, false], ""range_flattens"": [null, true], ""load_eviction_policies"": [""first"", """", ""first""], ""num_warps"": 8, ""num_stages"": 3, ""indexing"": [""tensor_descriptor"", ""pointer"", ""tensor_descriptor"", ""tensor_descriptor""], ""atomic_indexing"": [], ""pid_type"": ""flat""}","{""arg0_ndim"": 4, ""arg0_dim0"": 4, ""arg0_dim1"": 32, ""arg0_dim2"": 8192, ""arg0_dim3"": 64, ""arg0_numel"": 67108864, ""arg0_dtype"": ""torch.float16"", ""arg0_dtype_size"": 2, ""arg0_dtype_cat"": 2, ""arg1_ndim"": 4, ""arg1_dim0"": 4, ""arg1_dim1"": 32, ""arg1_dim2"": 8192, ""arg1_dim3"": 64, ""arg1_numel"": 67108864, ""arg1_dtype"": ""torch.float16"", ""arg1_dtype_size"": 2, ""arg1_dtype_cat"": 2, ""arg2_ndim"": 4, ""arg2_dim0"": 4, ""arg2_dim1"": 32, ""arg2_dim2"": 8192, ""arg2_dim3"": 64, ""arg2_numel"": 67108864, ""arg2_dtype"": ""torch.float16"", ""arg2_dtype_size"": 2, ""arg2_dtype_cat"": 2}",6.232096195220947
attention,1146a12117b6a172,1424d8a662dc60cf,"{""block_sizes"": [1, 128, 128], ""loop_orders"": [[0, 1]], ""l2_groupings"": [32], ""range_unroll_factors"": [0, 2], ""range_warp_specializes"": [null, false], ""range_num_stages"": [0, 3], ""range_multi_buffers"": [null, false], ""range_flattens"": [null, false], ""load_eviction_policies"": [""first"", ""last"", ""first""], ""num_warps"": 4, ""num_stages"": 3, ""indexing"": [""pointer"", ""pointer"", ""pointer"", ""tensor_descriptor""], ""atomic_indexing"": [], ""pid_type"": ""flat""}","{""arg0_ndim"": 4, ""arg0_dim0"": 4, ""arg0_dim1"": 32, ""arg0_dim2"": 16384, ""arg0_dim3"": 64, ""arg0_numel"": 134217728, ""arg0_dtype"": ""torch.float16"", ""arg0_dtype_size"": 2, ""arg0_dtype_cat"": 2, ""arg1_ndim"": 4, ""arg1_dim0"": 4, ""arg1_dim1"": 32, ""arg1_dim2"": 16384, ""arg1_dim3"": 64, ""arg1_numel"": 134217728, ""arg1_dtype"": ""torch.float16"", ""arg1_dtype_size"": 2, ""arg1_dtype_cat"": 2, ""arg2_ndim"": 4, ""arg2_dim0"": 4, ""arg2_dim1"": 32, ""arg2_dim2"": 16384, ""arg2_dim3"": 64, ""arg2_numel"": 134217728, ""arg2_dtype"": ""torch.float16"", ""arg2_dtype_size"": 2, ""arg2_dtype_cat"": 2}",22.48040008544922
attention,1146a12117b6a172,29135c77b970e281,"{""block_sizes"": [1, 128, 128], ""loop_orders"": [[0, 1]], ""l2_groupings"": [32], ""range_unroll_factors"": [0, 4], ""range_warp_specializes"": [null, false], ""range_num_stages"": [0, 4], ""range_multi_buffers"": [null, null], ""range_flattens"": [null, false], ""load_eviction_policies"": [""first"", """", ""first""], ""num_warps"": 4, ""num_stages"": 3, ""indexing"": [""tensor_descriptor"", ""pointer"", ""pointer"", ""tensor_descriptor""], ""atomic_indexing"": [], ""pid_type"": ""flat""}","{""arg0_ndim"": 4, ""arg0_dim0"": 4, ""arg0_dim1"": 32, ""arg0_dim2"": 16384, ""arg0_dim3"": 64, ""arg0_numel"": 134217728, ""arg0_dtype"": ""torch.float16"", ""arg0_dtype_size"": 2, ""arg0_dtype_cat"": 2, ""arg1_ndim"": 4, ""arg1_dim0"": 4, ""arg1_dim1"": 32, ""arg1_dim2"": 16384, ""arg1_dim3"": 64, ""arg1_numel"": 134217728, ""arg1_dtype"": ""torch.float16"", ""arg1_dtype_size"": 2, ""arg1_dtype_cat"": 2, ""arg2_ndim"": 4, ""arg2_dim0"": 4, ""arg2_dim1"": 32, ""arg2_dim2"": 16384, ""arg2_dim3"": 64, ""arg2_numel"": 134217728, ""arg2_dtype"": ""torch.float16"", ""arg2_dtype_size"": 2, ""arg2_dtype_cat"": 2}",22.705679893493652
attention,1146a12117b6a172,71d98cc073b6f9c7,"{""block_sizes"": [1, 128, 128], ""loop_orders"": [[0, 1]], ""l2_groupings"": [32], ""range_unroll_factors"": [0, 0], ""range_warp_specializes"": [null, null], ""range_num_stages"": [0, 2], ""range_multi_buffers"": [null, true], ""range_flattens"": [null, true], ""load_eviction_policies"": [""first"", ""last"", ""first""], ""num_warps"": 4, ""num_stages"": 3, ""indexing"": [""tensor_descriptor"", ""tensor_descriptor"", ""pointer"", ""tensor_descriptor""], ""atomic_indexing"": [], ""pid_type"": ""flat""}","{""arg0_ndim"": 4, ""arg0_dim0"": 4, ""arg0_dim1"": 32, ""arg0_dim2"": 16384, ""arg0_dim3"": 64, ""arg0_numel"": 134217728, ""arg0_dtype"": ""torch.float16"", ""arg0_dtype_size"": 2, ""arg0_dtype_cat"": 2, ""arg1_ndim"": 4, ""arg1_dim0"": 4, ""arg1_dim1"": 32, ""arg1_dim2"": 16384, ""arg1_dim3"": 64, ""arg1_numel"": 134217728, ""arg1_dtype"": ""torch.float16"", ""arg1_dtype_size"": 2, ""arg1_dtype_cat"": 2, ""arg2_ndim"": 4, ""arg2_dim0"": 4, ""arg2_dim1"": 32, ""arg2_dim2"": 16384, ""arg2_dim3"": 64, ""arg2_numel"": 134217728, ""arg2_dtype"": ""torch.float16"", ""arg2_dtype_size"": 2, ""arg2_dtype_cat"": 2}",22.715856552124023
attention,1146a12117b6a172,fa0e6212d9dfaba1,"{""block_sizes"": [1, 128, 128], ""loop_orders"": [[1, 0]], ""l2_groupings"": [1], ""range_unroll_factors"": [0, 0], ""range_warp_specializes"": [null, null], ""range_num_stages"": [0, 3], ""range_multi_buffers"": [null, null], ""range_flattens"": [null, true], ""load_eviction_policies"": ["""", ""last"", ""first""], ""num_warps"": 4, ""num_stages"": 3, ""indexing"": [""tensor_descriptor"", ""tensor_descriptor"", ""tensor_descriptor"", ""tensor_descriptor""], ""atomic_indexing"": [], ""pid_type"": ""flat""}","{""arg0_ndim"": 4, ""arg0_dim0"": 4, ""arg0_dim1"": 32, ""arg0_dim2"": 16384, ""arg0_dim3"": 64, ""arg0_numel"": 134217728, ""arg0_dtype"": ""torch.float16"", ""arg0_dtype_size"": 2, ""arg0_dtype_cat"": 2, ""arg1_ndim"": 4, ""arg1_dim0"": 4, ""arg1_dim1"": 32, ""arg1_dim2"": 16384, ""arg1_dim3"": 64, ""arg1_numel"": 134217728, ""arg1_dtype"": ""torch.float16"", ""arg1_dtype_size"": 2, ""arg1_dtype_cat"": 2, ""arg2_ndim"": 4, ""arg2_dim0"": 4, ""arg2_dim1"": 32, ""arg2_dim2"": 16384, ""arg2_dim3"": 64, ""arg2_numel"": 134217728, ""arg2_dtype"": ""torch.float16"", ""arg2_dtype_size"": 2, ""arg2_dtype_cat"": 2}",19.939263343811035
attention,1146a12117b6a172,018f3cbb5fbec2b3,"{""block_sizes"": [1, 128, 128], ""loop_orders"": [[0, 1]], ""l2_groupings"": [32], ""range_unroll_factors"": [0, 4], ""range_warp_specializes"": [null, null], ""range_num_stages"": [0, 2], ""range_multi_buffers"": [null, false], ""range_flattens"": [null, true], ""load_eviction_policies"": ["""", """", ""first""], ""num_warps"": 4, ""num_stages"": 3, ""indexing"": [""pointer"", ""tensor_descriptor"", ""pointer"", ""tensor_descriptor""], ""atomic_indexing"": [], ""pid_type"": ""flat""}","{""arg0_ndim"": 4, ""arg0_dim0"": 4, ""arg0_dim1"": 32, ""arg0_dim2"": 16384, ""arg0_dim3"": 64, ""arg0_numel"": 134217728, ""arg0_dtype"": ""torch.float16"", ""arg0_dtype_size"": 2, ""arg0_dtype_cat"": 2, ""arg1_ndim"": 4, ""arg1_dim0"": 4, ""arg1_dim1"": 32, ""arg1_dim2"": 16384, ""arg1_dim3"": 64, ""arg1_numel"": 134217728, ""arg1_dtype"": ""torch.float16"", ""arg1_dtype_size"": 2, ""arg1_dtype_cat"": 2, ""arg2_ndim"": 4, ""arg2_dim0"": 4, ""arg2_dim1"": 32, ""arg2_dim2"": 16384, ""arg2_dim3"": 64, ""arg2_numel"": 134217728, ""arg2_dtype"": ""torch.float16"", ""arg2_dtype_size"": 2, ""arg2_dtype_cat"": 2}",23.56379222869873
attention,1146a12117b6a172,4412520d00f6fe18,"{""block_sizes"": [1, 128, 64], ""loop_orders"": [[0, 1]], ""l2_groupings"": [16], ""range_unroll_factors"": [1, 0], ""range_warp_specializes"": [null, null], ""range_num_stages"": [0, 3], ""range_multi_buffers"": [true, false], ""range_flattens"": [false, false], ""load_eviction_policies"": ["""", ""last"", ""first""], ""num_warps"": 4, ""num_stages"": 4, ""indexing"": [""pointer"", ""pointer"", ""pointer"", ""pointer""], ""atomic_indexing"": [], ""pid_type"": ""persistent_interleaved"", ""num_sm_multiplier"": 2}","{""arg0_ndim"": 4, ""arg0_dim0"": 4, ""arg0_dim1"": 32, ""arg0_dim2"": 16384, ""arg0_dim3"": 64, ""arg0_numel"": 134217728, ""arg0_dtype"": ""torch.float16"", ""arg0_dtype_size"": 2, ""arg0_dtype_cat"": 2, ""arg1_ndim"": 4, ""arg1_dim0"": 4, ""arg1_dim1"": 32, ""arg1_dim2"": 16384, ""arg1_dim3"": 64, ""arg1_numel"": 134217728, ""arg1_dtype"": ""torch.float16"", ""arg1_dtype_size"": 2, ""arg1_dtype_cat"": 2, ""arg2_ndim"": 4, ""arg2_dim0"": 4, ""arg2_dim1"": 32, ""arg2_dim2"": 16384, ""arg2_dim3"": 64, ""arg2_numel"": 134217728, ""arg2_dtype"": ""torch.float16"", ""arg2_dtype_size"": 2, ""arg2_dtype_cat"": 2}",22.428351402282715
attention,1146a12117b6a172,8b544d6ab595df36,"{""block_sizes"": [1, 128, 64], ""loop_orders"": [[1, 0]], ""l2_groupings"": [8], ""range_unroll_factors"": [0, 3], ""range_warp_specializes"": [null, null], ""range_num_stages"": [0, 3], ""range_multi_buffers"": [null, true], ""range_flattens"": [null, true], ""load_eviction_policies"": ["""", ""first"", ""last""], ""num_warps"": 8, ""num_stages"": 3, ""indexing"": [""pointer"", ""pointer"", ""tensor_descriptor"", ""pointer""], ""atomic_indexing"": [], ""pid_type"": ""flat""}","{""arg0_ndim"": 4, ""arg0_dim0"": 4, ""arg0_dim1"": 32, ""arg0_dim2"": 16384, ""arg0_dim3"": 64, ""arg0_numel"": 134217728, ""arg0_dtype"": ""torch.float16"", ""arg0_dtype_size"": 2, ""arg0_dtype_cat"": 2, ""arg1_ndim"": 4, ""arg1_dim0"": 4, ""arg1_dim1"": 32, ""arg1_dim2"": 16384, ""arg1_dim3"": 64, ""arg1_numel"": 134217728, ""arg1_dtype"": ""torch.float16"", ""arg1_dtype_size"": 2, ""arg1_dtype_cat"": 2, ""arg2_ndim"": 4, ""arg2_dim0"": 4, ""arg2_dim1"": 32, ""arg2_dim2"": 16384, ""arg2_dim3"": 64, ""arg2_numel"": 134217728, ""arg2_dtype"": ""torch.float16"", ""arg2_dtype_size"": 2, ""arg2_dtype_cat"": 2}",25.169952392578125
attention,1146a12117b6a172,f1dda601fe248341,"{""block_sizes"": [1, 128, 64], ""loop_orders"": [[1, 0]], ""l2_groupings"": [1], ""range_unroll_factors"": [0, 4], ""range_warp_specializes"": [null, false], ""range_num_stages"": [0, 4], ""range_multi_buffers"": [null, null], ""range_flattens"": [null, null], ""load_eviction_policies"": [""first"", """", """"], ""num_warps"": 4, ""num_stages"": 3, ""indexing"": [""tensor_descriptor"", ""pointer"", ""tensor_descriptor"", ""tensor_descriptor""], ""atomic_indexing"": [], ""pid_type"": ""flat""}","{""arg0_ndim"": 4, ""arg0_dim0"": 4, ""arg0_dim1"": 32, ""arg0_dim2"": 16384, ""arg0_dim3"": 64, ""arg0_numel"": 134217728, ""arg0_dtype"": ""torch.float16"", ""arg0_dtype_size"": 2, ""arg0_dtype_cat"": 2, ""arg1_ndim"": 4, ""arg1_dim0"": 4, ""arg1_dim1"": 32, ""arg1_dim2"": 16384, ""arg1_dim3"": 64, ""arg1_numel"": 134217728, ""arg1_dtype"": ""torch.float16"", ""arg1_dtype_size"": 2, ""arg1_dtype_cat"": 2, ""arg2_ndim"": 4, ""arg2_dim0"": 4, ""arg2_dim1"": 32, ""arg2_dim2"": 16384, ""arg2_dim3"": 64, ""arg2_numel"": 134217728, ""arg2_dtype"": ""torch.float16"", ""arg2_dtype_size"": 2, ""arg2_dtype_cat"": 2}",22.63094425201416
attention,1146a12117b6a172,3265e0895ba56199,"{""block_sizes"": [1, 128, 64], ""loop_orders"": [[1, 0]], ""l2_groupings"": [8], ""range_unroll_factors"": [0, 1], ""range_warp_specializes"": [null, false], ""range_num_stages"": [0, 2], ""range_multi_buffers"": [null, null], ""range_flattens"": [null, true], ""load_eviction_policies"": ["""", """", ""first""], ""num_warps"": 8, ""num_stages"": 3, ""indexing"": [""tensor_descriptor"", ""tensor_descriptor"", ""pointer"", ""tensor_descriptor""], ""atomic_indexing"": [], ""pid_type"": ""flat""}","{""arg0_ndim"": 4, ""arg0_dim0"": 4, ""arg0_dim1"": 32, ""arg0_dim2"": 16384, ""arg0_dim3"": 64, ""arg0_numel"": 134217728, ""arg0_dtype"": ""torch.float16"", ""arg0_dtype_size"": 2, ""arg0_dtype_cat"": 2, ""arg1_ndim"": 4, ""arg1_dim0"": 4, ""arg1_dim1"": 32, ""arg1_dim2"": 16384, ""arg1_dim3"": 64, ""arg1_numel"": 134217728, ""arg1_dtype"": ""torch.float16"", ""arg1_dtype_size"": 2, ""arg1_dtype_cat"": 2, ""arg2_ndim"": 4, ""arg2_dim0"": 4, ""arg2_dim1"": 32, ""arg2_dim2"": 16384, ""arg2_dim3"": 64, ""arg2_numel"": 134217728, ""arg2_dtype"": ""torch.float16"", ""arg2_dtype_size"": 2, ""arg2_dtype_cat"": 2}",25.169936180114746
attention,1146a12117b6a172,18cd65d1f263c609,"{""block_sizes"": [1, 128, 64], ""loop_orders"": [[1, 0]], ""l2_groupings"": [8], ""range_unroll_factors"": [0, 4], ""range_warp_specializes"": [null, null], ""range_num_stages"": [0, 3], ""range_multi_buffers"": [null, true], ""range_flattens"": [null, true], ""load_eviction_policies"": [""first"", ""first"", ""last""], ""num_warps"": 8, ""num_stages"": 3, ""indexing"": [""tensor_descriptor"", ""pointer"", ""tensor_descriptor"", ""pointer""], ""atomic_indexing"": [], ""pid_type"": ""flat""}","{""arg0_ndim"": 4, ""arg0_dim0"": 4, ""arg0_dim1"": 32, ""arg0_dim2"": 16384, ""arg0_dim3"": 64, ""arg0_numel"": 134217728, ""arg0_dtype"": ""torch.float16"", ""arg0_dtype_size"": 2, ""arg0_dtype_cat"": 2, ""arg1_ndim"": 4, ""arg1_dim0"": 4, ""arg1_dim1"": 32, ""arg1_dim2"": 16384, ""arg1_dim3"": 64, ""arg1_numel"": 134217728, ""arg1_dtype"": ""torch.float16"", ""arg1_dtype_size"": 2, ""arg1_dtype_cat"": 2, ""arg2_ndim"": 4, ""arg2_dim0"": 4, ""arg2_dim1"": 32, ""arg2_dim2"": 16384, ""arg2_dim3"": 64, ""arg2_numel"": 134217728, ""arg2_dtype"": ""torch.float16"", ""arg2_dtype_size"": 2, ""arg2_dtype_cat"": 2}",25.565183639526367
attention,1146a12117b6a172,b62e9711edcad914,"{""block_sizes"": [1, 128, 64], ""loop_orders"": [[0, 1]], ""l2_groupings"": [1], ""range_unroll_factors"": [0, 3], ""range_warp_specializes"": [null, false], ""range_num_stages"": [0, 3], ""range_multi_buffers"": [null, true], ""range_flattens"": [null, true], ""load_eviction_policies"": ["""", ""last"", """"], ""num_warps"": 4, ""num_stages"": 4, ""indexing"": [""tensor_descriptor"", ""pointer"", ""tensor_descriptor"", ""tensor_descriptor""], ""atomic_indexing"": [], ""pid_type"": ""flat""}","{""arg0_ndim"": 4, ""arg0_dim0"": 4, ""arg0_dim1"": 32, ""arg0_dim2"": 16384, ""arg0_dim3"": 64, ""arg0_numel"": 134217728, ""arg0_dtype"": ""torch.float16"", ""arg0_dtype_size"": 2, ""arg0_dtype_cat"": 2, ""arg1_ndim"": 4, ""arg1_dim0"": 4, ""arg1_dim1"": 32, ""arg1_dim2"": 16384, ""arg1_dim3"": 64, ""arg1_numel"": 134217728, ""arg1_dtype"": ""torch.float16"", ""arg1_dtype_size"": 2, ""arg1_dtype_cat"": 2, ""arg2_ndim"": 4, ""arg2_dim0"": 4, ""arg2_dim1"": 32, ""arg2_dim2"": 16384, ""arg2_dim3"": 64, ""arg2_numel"": 134217728, ""arg2_dtype"": ""torch.float16"", ""arg2_dtype_size"": 2, ""arg2_dtype_cat"": 2}",26.629152297973633
attention,1146a12117b6a172,0224f42f7e07247a,"{""block_sizes"": [1, 128, 128], ""loop_orders"": [[1, 0]], ""l2_groupings"": [32], ""range_unroll_factors"": [0, 0], ""range_warp_specializes"": [null, null], ""range_num_stages"": [0, 4], ""range_multi_buffers"": [null, null], ""range_flattens"": [null, null], ""load_eviction_policies"": ["""", ""last"", ""last""], ""num_warps"": 4, ""num_stages"": 2, ""indexing"": [""tensor_descriptor"", ""pointer"", ""pointer"", ""pointer""], ""atomic_indexing"": [], ""pid_type"": ""flat""}","{""arg0_ndim"": 4, ""arg0_dim0"": 4, ""arg0_dim1"": 32, ""arg0_dim2"": 16384, ""arg0_dim3"": 64, ""arg0_numel"": 134217728, ""arg0_dtype"": ""torch.float16"", ""arg0_dtype_size"": 2, ""arg0_dtype_cat"": 2, ""arg1_ndim"": 4, ""arg1_dim0"": 4, ""arg1_dim1"": 32, ""arg1_dim2"": 16384, ""arg1_dim3"": 64, ""arg1_numel"": 134217728, ""arg1_dtype"": ""torch.float16"", ""arg1_dtype_size"": 2, ""arg1_dtype_cat"": 2, ""arg2_ndim"": 4, ""arg2_dim0"": 4, ""arg2_dim1"": 32, ""arg2_dim2"": 16384, ""arg2_dim3"": 64, ""arg2_numel"": 134217728, ""arg2_dtype"": ""torch.float16"", ""arg2_dtype_size"": 2, ""arg2_dtype_cat"": 2}",20.692480087280273
attention,1146a12117b6a172,a018ad7b08e26b2b,"{""block_sizes"": [1, 128, 128], ""loop_orders"": [[1, 0]], ""l2_groupings"": [1], ""range_unroll_factors"": [0, 4], ""range_warp_specializes"": [null, null], ""range_num_stages"": [2, 4], ""range_multi_buffers"": [false, false], ""range_flattens"": [null, true], ""load_eviction_policies"": [""first"", ""last"", ""last""], ""num_warps"": 4, ""num_stages"": 3, ""indexing"": [""tensor_descriptor"", ""pointer"", ""tensor_descriptor"", ""pointer""], ""atomic_indexing"": [], ""pid_type"": ""persistent_interleaved"", ""num_sm_multiplier"": 128}","{""arg0_ndim"": 4, ""arg0_dim0"": 4, ""arg0_dim1"": 32, ""arg0_dim2"": 16384, ""arg0_dim3"": 64, ""arg0_numel"": 134217728, ""arg0_dtype"": ""torch.float16"", ""arg0_dtype_size"": 2, ""arg0_dtype_cat"": 2, ""arg1_ndim"": 4, ""arg1_dim0"": 4, ""arg1_dim1"": 32, ""arg1_dim2"": 16384, ""arg1_dim3"": 64, ""arg1_numel"": 134217728, ""arg1_dtype"": ""torch.float16"", ""arg1_dtype_size"": 2, ""arg1_dtype_cat"": 2, ""arg2_ndim"": 4, ""arg2_dim0"": 4, ""arg2_dim1"": 32, ""arg2_dim2"": 16384, ""arg2_dim3"": 64, ""arg2_numel"": 134217728, ""arg2_dtype"": ""torch.float16"", ""arg2_dtype_size"": 2, ""arg2_dtype_cat"": 2}",20.489791870117188
attention,1146a12117b6a172,34148bc38a442c3b,"{""block_sizes"": [1, 128, 128], ""loop_orders"": [[1, 0]], ""l2_groupings"": [32], ""range_unroll_factors"": [0, 0], ""range_warp_specializes"": [null, null], ""range_num_stages"": [0, 0], ""range_multi_buffers"": [null, true], ""range_flattens"": [null, null], ""load_eviction_policies"": ["""", ""last"", ""first""], ""num_warps"": 4, ""num_stages"": 3, ""indexing"": [""tensor_descriptor"", ""tensor_descriptor"", ""tensor_descriptor"", ""pointer""], ""atomic_indexing"": [], ""pid_type"": ""flat""}","{""arg0_ndim"": 4, ""arg0_dim0"": 4, ""arg0_dim1"": 32, ""arg0_dim2"": 16384, ""arg0_dim3"": 64, ""arg0_numel"": 134217728, ""arg0_dtype"": ""torch.float16"", ""arg0_dtype_size"": 2, ""arg0_dtype_cat"": 2, ""arg1_ndim"": 4, ""arg1_dim0"": 4, ""arg1_dim1"": 32, ""arg1_dim2"": 16384, ""arg1_dim3"": 64, ""arg1_numel"": 134217728, ""arg1_dtype"": ""torch.float16"", ""arg1_dtype_size"": 2, ""arg1_dtype_cat"": 2, ""arg2_ndim"": 4, ""arg2_dim0"": 4, ""arg2_dim1"": 32, ""arg2_dim2"": 16384, ""arg2_dim3"": 64, ""arg2_numel"": 134217728, ""arg2_dtype"": ""torch.float16"", ""arg2_dtype_size"": 2, ""arg2_dtype_cat"": 2}",20.110383987426758
attention,1146a12117b6a172,ea987733425e4c1b,"{""block_sizes"": [1, 128, 128], ""loop_orders"": [[0, 1]], ""l2_groupings"": [8], ""range_unroll_factors"": [0, 1], ""range_warp_specializes"": [null, null], ""range_num_stages"": [0, 4], ""range_multi_buffers"": [null, false], ""range_flattens"": [null, false], ""load_eviction_policies"": [""first"", """", ""first""], ""num_warps"": 4, ""num_stages"": 3, ""indexing"": [""tensor_descriptor"", ""tensor_descriptor"", ""pointer"", ""pointer""], ""atomic_indexing"": [], ""pid_type"": ""flat""}","{""arg0_ndim"": 4, ""arg0_dim0"": 4, ""arg0_dim1"": 32, ""arg0_dim2"": 16384, ""arg0_dim3"": 64, ""arg0_numel"": 134217728, ""arg0_dtype"": ""torch.float16"", ""arg0_dtype_size"": 2, ""arg0_dtype_cat"": 2, ""arg1_ndim"": 4, ""arg1_dim0"": 4, ""arg1_dim1"": 32, ""arg1_dim2"": 16384, ""arg1_dim3"": 64, ""arg1_numel"": 134217728, ""arg1_dtype"": ""torch.float16"", ""arg1_dtype_size"": 2, ""arg1_dtype_cat"": 2, ""arg2_ndim"": 4, ""arg2_dim0"": 4, ""arg2_dim1"": 32, ""arg2_dim2"": 16384, ""arg2_dim3"": 64, ""arg2_numel"": 134217728, ""arg2_dtype"": ""torch.float16"", ""arg2_dtype_size"": 2, ""arg2_dtype_cat"": 2}",19.547168731689453
attention,1146a12117b6a172,65ab373fc776c2af,"{""block_sizes"": [1, 128, 64], ""loop_orders"": [[0, 1]], ""l2_groupings"": [8], ""range_unroll_factors"": [0, 4], ""range_warp_specializes"": [null, null], ""range_num_stages"": [0, 3], ""range_multi_buffers"": [null, false], ""range_flattens"": [null, false], ""load_eviction_policies"": [""last"", ""first"", ""first""], ""num_warps"": 8, ""num_stages"": 3, ""indexing"": [""pointer"", ""pointer"", ""pointer"", ""tensor_descriptor""], ""atomic_indexing"": [], ""pid_type"": ""flat""}","{""arg0_ndim"": 4, ""arg0_dim0"": 4, ""arg0_dim1"": 32, ""arg0_dim2"": 16384, ""arg0_dim3"": 64, ""arg0_numel"": 134217728, ""arg0_dtype"": ""torch.float16"", ""arg0_dtype_size"": 2, ""arg0_dtype_cat"": 2, ""arg1_ndim"": 4, ""arg1_dim0"": 4, ""arg1_dim1"": 32, ""arg1_dim2"": 16384, ""arg1_dim3"": 64, ""arg1_numel"": 134217728, ""arg1_dtype"": ""torch.float16"", ""arg1_dtype_size"": 2, ""arg1_dtype_cat"": 2, ""arg2_ndim"": 4, ""arg2_dim0"": 4, ""arg2_dim1"": 32, ""arg2_dim2"": 16384, ""arg2_dim3"": 64, ""arg2_numel"": 134217728, ""arg2_dtype"": ""torch.float16"", ""arg2_dtype_size"": 2, ""arg2_dtype_cat"": 2}",24.62876796722412
attention,1146a12117b6a172,c94f578925dfd8f9,"{""block_sizes"": [1, 128, 64], ""loop_orders"": [[0, 1]], ""l2_groupings"": [2], ""range_unroll_factors"": [0, 1], ""range_warp_specializes"": [null, null], ""range_num_stages"": [0, 0], ""range_multi_buffers"": [null, true], ""range_flattens"": [null, null], ""load_eviction_policies"": ["""", ""last"", ""first""], ""num_warps"": 8, ""num_stages"": 3, ""indexing"": [""pointer"", ""tensor_descriptor"", ""tensor_descriptor"", ""pointer""], ""atomic_indexing"": [], ""pid_type"": ""flat""}","{""arg0_ndim"": 4, ""arg0_dim0"": 4, ""arg0_dim1"": 32, ""arg0_dim2"": 16384, ""arg0_dim3"": 64, ""arg0_numel"": 134217728, ""arg0_dtype"": ""torch.float16"", ""arg0_dtype_size"": 2, ""arg0_dtype_cat"": 2, ""arg1_ndim"": 4, ""arg1_dim0"": 4, ""arg1_dim1"": 32, ""arg1_dim2"": 16384, ""arg1_dim3"": 64, ""arg1_numel"": 134217728, ""arg1_dtype"": ""torch.float16"", ""arg1_dtype_size"": 2, ""arg1_dtype_cat"": 2, ""arg2_ndim"": 4, ""arg2_dim0"": 4, ""arg2_dim1"": 32, ""arg2_dim2"": 16384, ""arg2_dim3"": 64, ""arg2_numel"": 134217728, ""arg2_dtype"": ""torch.float16"", ""arg2_dtype_size"": 2, ""arg2_dtype_cat"": 2}",24.67176055908203
attention,1146a12117b6a172,e90f1fde0aa15d55,"{""block_sizes"": [1, 128, 64], ""loop_orders"": [[0, 1]], ""l2_groupings"": [2], ""range_unroll_factors"": [0, 1], ""range_warp_specializes"": [null, null], ""range_num_stages"": [0, 1], ""range_multi_buffers"": [null, true], ""range_flattens"": [null, false], ""load_eviction_policies"": [""last"", """", ""last""], ""num_warps"": 8, ""num_stages"": 3, ""indexing"": [""pointer"", ""pointer"", ""tensor_descriptor"", ""tensor_descriptor""], ""atomic_indexing"": [], ""pid_type"": ""flat""}","{""arg0_ndim"": 4, ""arg0_dim0"": 4, ""arg0_dim1"": 32, ""arg0_dim2"": 16384, ""arg0_dim3"": 64, ""arg0_numel"": 134217728, ""arg0_dtype"": ""torch.float16"", ""arg0_dtype_size"": 2, ""arg0_dtype_cat"": 2, ""arg1_ndim"": 4, ""arg1_dim0"": 4, ""arg1_dim1"": 32, ""arg1_dim2"": 16384, ""arg1_dim3"": 64, ""arg1_numel"": 134217728, ""arg1_dtype"": ""torch.float16"", ""arg1_dtype_size"": 2, ""arg1_dtype_cat"": 2, ""arg2_ndim"": 4, ""arg2_dim0"": 4, ""arg2_dim1"": 32, ""arg2_dim2"": 16384, ""arg2_dim3"": 64, ""arg2_numel"": 134217728, ""arg2_dtype"": ""torch.float16"", ""arg2_dtype_size"": 2, ""arg2_dtype_cat"": 2}",24.595999717712402
attention,1146a12117b6a172,197f70c883e6e5ad,"{""block_sizes"": [1, 128, 64], ""loop_orders"": [[0, 1]], ""l2_groupings"": [2], ""range_unroll_factors"": [0, 0], ""range_warp_specializes"": [null, null], ""range_num_stages"": [0, 0], ""range_multi_buffers"": [null, false], ""range_flattens"": [null, true], ""load_eviction_policies"": [""last"", ""first"", ""first""], ""num_warps"": 4, ""num_stages"": 2, ""indexing"": [""pointer"", ""tensor_descriptor"", ""pointer"", ""tensor_descriptor""], ""atomic_indexing"": [], ""pid_type"": ""flat""}","{""arg0_ndim"": 4, ""arg0_dim0"": 4, ""arg0_dim1"": 32, ""arg0_dim2"": 16384, ""arg0_dim3"": 64, ""arg0_numel"": 134217728, ""arg0_dtype"": ""torch.float16"", ""arg0_dtype_size"": 2, ""arg0_dtype_cat"": 2, ""arg1_ndim"": 4, ""arg1_dim0"": 4, ""arg1_dim1"": 32, ""arg1_dim2"": 16384, ""arg1_dim3"": 64, ""arg1_numel"": 134217728, ""arg1_dtype"": ""torch.float16"", ""arg1_dtype_size"": 2, ""arg1_dtype_cat"": 2, ""arg2_ndim"": 4, ""arg2_dim0"": 4, ""arg2_dim1"": 32, ""arg2_dim2"": 16384, ""arg2_dim3"": 64, ""arg2_numel"": 134217728, ""arg2_dtype"": ""torch.float16"", ""arg2_dtype_size"": 2, ""arg2_dtype_cat"": 2}",25.56108856201172
attention,1146a12117b6a172,74c352914e79f5d5,"{""block_sizes"": [1, 128, 64], ""loop_orders"": [[0, 1]], ""l2_groupings"": [2], ""range_unroll_factors"": [0, 2], ""range_warp_specializes"": [null, false], ""range_num_stages"": [0, 0], ""range_multi_buffers"": [null, false], ""range_flattens"": [null, true], ""load_eviction_policies"": [""first"", """", ""first""], ""num_warps"": 8, ""num_stages"": 3, ""indexing"": [""tensor_descriptor"", ""pointer"", ""tensor_descriptor"", ""tensor_descriptor""], ""atomic_indexing"": [], ""pid_type"": ""flat""}","{""arg0_ndim"": 4, ""arg0_dim0"": 4, ""arg0_dim1"": 32, ""arg0_dim2"": 16384, ""arg0_dim3"": 64, ""arg0_numel"": 134217728, ""arg0_dtype"": ""torch.float16"", ""arg0_dtype_size"": 2, ""arg0_dtype_cat"": 2, ""arg1_ndim"": 4, ""arg1_dim0"": 4, ""arg1_dim1"": 32, ""arg1_dim2"": 16384, ""arg1_dim3"": 64, ""arg1_numel"": 134217728, ""arg1_dtype"": ""torch.float16"", ""arg1_dtype_size"": 2, ""arg1_dtype_cat"": 2, ""arg2_ndim"": 4, ""arg2_dim0"": 4, ""arg2_dim1"": 32, ""arg2_dim2"": 16384, ""arg2_dim3"": 64, ""arg2_numel"": 134217728, ""arg2_dtype"": ""torch.float16"", ""arg2_dtype_size"": 2, ""arg2_dtype_cat"": 2}",24.608287811279297
attention,600b3870d330d258,1424d8a662dc60cf,"{""block_sizes"": [1, 128, 128], ""loop_orders"": [[0, 1]], ""l2_groupings"": [32], ""range_unroll_factors"": [0, 2], ""range_warp_specializes"": [null, false], ""range_num_stages"": [0, 3], ""range_multi_buffers"": [null, false], ""range_flattens"": [null, false], ""load_eviction_policies"": [""first"", ""last"", ""first""], ""num_warps"": 4, ""num_stages"": 3, ""indexing"": [""pointer"", ""pointer"", ""pointer"", ""tensor_descriptor""], ""atomic_indexing"": [], ""pid_type"": ""flat""}","{""arg0_ndim"": 4, ""arg0_dim0"": 4, ""arg0_dim1"": 32, ""arg0_dim2"": 1024, ""arg0_dim3"": 128, ""arg0_numel"": 16777216, ""arg0_dtype"": ""torch.float16"", ""arg0_dtype_size"": 2, ""arg0_dtype_cat"": 2, ""arg1_ndim"": 4, ""arg1_dim0"": 4, ""arg1_dim1"": 32, ""arg1_dim2"": 1024, ""arg1_dim3"": 128, ""arg1_numel"": 16777216, ""arg1_dtype"": ""torch.float16"", ""arg1_dtype_size"": 2, ""arg1_dtype_cat"": 2, ""arg2_ndim"": 4, ""arg2_dim0"": 4, ""arg2_dim1"": 32, ""arg2_dim2"": 1024, ""arg2_dim3"": 128, ""arg2_numel"": 16777216, ""arg2_dtype"": ""torch.float16"", ""arg2_dtype_size"": 2, ""arg2_dtype_cat"": 2}",0.5036799907684326
attention,600b3870d330d258,29135c77b970e281,"{""block_sizes"": [1, 128, 128], ""loop_orders"": [[0, 1]], ""l2_groupings"": [32], ""range_unroll_factors"": [0, 4], ""range_warp_specializes"": [null, false], ""range_num_stages"": [0, 4], ""range_multi_buffers"": [null, null], ""range_flattens"": [null, false], ""load_eviction_policies"": [""first"", """", ""first""], ""num_warps"": 4, ""num_stages"": 3, ""indexing"": [""tensor_descriptor"", ""pointer"", ""pointer"", ""tensor_descriptor""], ""atomic_indexing"": [], ""pid_type"": ""flat""}","{""arg0_ndim"": 4, ""arg0_dim0"": 4, ""arg0_dim1"": 32, ""arg0_dim2"": 1024, ""arg0_dim3"": 128, ""arg0_numel"": 16777216, ""arg0_dtype"": ""torch.float16"", ""arg0_dtype_size"": 2, ""arg0_dtype_cat"": 2, ""arg1_ndim"": 4, ""arg1_dim0"": 4, ""arg1_dim1"": 32, ""arg1_dim2"": 1024, ""arg1_dim3"": 128, ""arg1_numel"": 16777216, ""arg1_dtype"": ""torch.float16"", ""arg1_dtype_size"": 2, ""arg1_dtype_cat"": 2, ""arg2_ndim"": 4, ""arg2_dim0"": 4, ""arg2_dim1"": 32, ""arg2_dim2"": 1024, ""arg2_dim3"": 128, ""arg2_numel"": 16777216, ""arg2_dtype"": ""torch.float16"", ""arg2_dtype_size"": 2, ""arg2_dtype_cat"": 2}",0.5037760138511658
attention,600b3870d330d258,71d98cc073b6f9c7,"{""block_sizes"": [1, 128, 128], ""loop_orders"": [[0, 1]], ""l2_groupings"": [32], ""range_unroll_factors"": [0, 0], ""range_warp_specializes"": [null, null], ""range_num_stages"": [0, 2], ""range_multi_buffers"": [null, true], ""range_flattens"": [null, true], ""load_eviction_policies"": [""first"", ""last"", ""first""], ""num_warps"": 4, ""num_stages"": 3, ""indexing"": [""tensor_descriptor"", ""tensor_descriptor"", ""pointer"", ""tensor_descriptor""], ""atomic_indexing"": [], ""pid_type"": ""flat""}","{""arg0_ndim"": 4, ""arg0_dim0"": 4, ""arg0_dim1"": 32, ""arg0_dim2"": 1024, ""arg0_dim3"": 128, ""arg0_numel"": 16777216, ""arg0_dtype"": ""torch.float16"", ""arg0_dtype_size"": 2, ""arg0_dtype_cat"": 2, ""arg1_ndim"": 4, ""arg1_dim0"": 4, ""arg1_dim1"": 32, ""arg1_dim2"": 1024, ""arg1_dim3"": 128, ""arg1_numel"": 16777216, ""arg1_dtype"": ""torch.float16"", ""arg1_dtype_size"": 2, ""arg1_dtype_cat"": 2, ""arg2_ndim"": 4, ""arg2_dim0"": 4, ""arg2_dim1"": 32, ""arg2_dim2"": 1024, ""arg2_dim3"": 128, ""arg2_numel"": 16777216, ""arg2_dtype"": ""torch.float16"", ""arg2_dtype_size"": 2, ""arg2_dtype_cat"": 2}",0.5037440061569214
attention,600b3870d330d258,fa0e6212d9dfaba1,"{""block_sizes"": [1, 128, 128], ""loop_orders"": [[1, 0]], ""l2_groupings"": [1], ""range_unroll_factors"": [0, 0], ""range_warp_specializes"": [null, null], ""range_num_stages"": [0, 3], ""range_multi_buffers"": [null, null], ""range_flattens"": [null, true], ""load_eviction_policies"": ["""", ""last"", ""first""], ""num_warps"": 4, ""num_stages"": 3, ""indexing"": [""tensor_descriptor"", ""tensor_descriptor"", ""tensor_descriptor"", ""tensor_descriptor""], ""atomic_indexing"": [], ""pid_type"": ""flat""}","{""arg0_ndim"": 4, ""arg0_dim0"": 4, ""arg0_dim1"": 32, ""arg0_dim2"": 1024, ""arg0_dim3"": 128, ""arg0_numel"": 16777216, ""arg0_dtype"": ""torch.float16"", ""arg0_dtype_size"": 2, ""arg0_dtype_cat"": 2, ""arg1_ndim"": 4, ""arg1_dim0"": 4, ""arg1_dim1"": 32, ""arg1_dim2"": 1024, ""arg1_dim3"": 128, ""arg1_numel"": 16777216, ""arg1_dtype"": ""torch.float16"", ""arg1_dtype_size"": 2, ""arg1_dtype_cat"": 2, ""arg2_ndim"": 4, ""arg2_dim0"": 4, ""arg2_dim1"": 32, ""arg2_dim2"": 1024, ""arg2_dim3"": 128, ""arg2_numel"": 16777216, ""arg2_dtype"": ""torch.float16"", ""arg2_dtype_size"": 2, ""arg2_dtype_cat"": 2}",0.5057920217514038
attention,600b3870d330d258,018f3cbb5fbec2b3,"{""block_sizes"": [1, 128, 128], ""loop_orders"": [[0, 1]], ""l2_groupings"": [32], ""range_unroll_factors"": [0, 4], ""range_warp_specializes"": [null, null], ""range_num_stages"": [0, 2], ""range_multi_buffers"": [null, false], ""range_flattens"": [null, true], ""load_eviction_policies"": ["""", """", ""first""], ""num_warps"": 4, ""num_stages"": 3, ""indexing"": [""pointer"", ""tensor_descriptor"", ""pointer"", ""tensor_descriptor""], ""atomic_indexing"": [], ""pid_type"": ""flat""}","{""arg0_ndim"": 4, ""arg0_dim0"": 4, ""arg0_dim1"": 32, ""arg0_dim2"": 1024, ""arg0_dim3"": 128, ""arg0_numel"": 16777216, ""arg0_dtype"": ""torch.float16"", ""arg0_dtype_size"": 2, ""arg0_dtype_cat"": 2, ""arg1_ndim"": 4, ""arg1_dim0"": 4, ""arg1_dim1"": 32, ""arg1_dim2"": 1024, ""arg1_dim3"": 128, ""arg1_numel"": 16777216, ""arg1_dtype"": ""torch.float16"", ""arg1_dtype_size"": 2, ""arg1_dtype_cat"": 2, ""arg2_ndim"": 4, ""arg2_dim0"": 4, ""arg2_dim1"": 32, ""arg2_dim2"": 1024, ""arg2_dim3"": 128, ""arg2_numel"": 16777216, ""arg2_dtype"": ""torch.float16"", ""arg2_dtype_size"": 2, ""arg2_dtype_cat"": 2}",0.5019199848175049
attention,600b3870d330d258,4412520d00f6fe18,"{""block_sizes"": [1, 128, 64], ""loop_orders"": [[0, 1]], ""l2_groupings"": [16], ""range_unroll_factors"": [1, 0], ""range_warp_specializes"": [null, null], ""range_num_stages"": [0, 3], ""range_multi_buffers"": [true, false], ""range_flattens"": [false, false], ""load_eviction_policies"": ["""", ""last"", ""first""], ""num_warps"": 4, ""num_stages"": 4, ""indexing"": [""pointer"", ""pointer"", ""pointer"", ""pointer""], ""atomic_indexing"": [], ""pid_type"": ""persistent_interleaved"", ""num_sm_multiplier"": 2}","{""arg0_ndim"": 4, ""arg0_dim0"": 4, ""arg0_dim1"": 32, ""arg0_dim2"": 1024, ""arg0_dim3"": 128, ""arg0_numel"": 16777216, ""arg0_dtype"": ""torch.float16"", ""arg0_dtype_size"": 2, ""arg0_dtype_cat"": 2, ""arg1_ndim"": 4, ""arg1_dim0"": 4, ""arg1_dim1"": 32, ""arg1_dim2"": 1024, ""arg1_dim3"": 128, ""arg1_numel"": 16777216, ""arg1_dtype"": ""torch.float16"", ""arg1_dtype_size"": 2, ""arg1_dtype_cat"": 2, ""arg2_ndim"": 4, ""arg2_dim0"": 4, ""arg2_dim1"": 32, ""arg2_dim2"": 1024, ""arg2_dim3"": 128, ""arg2_numel"": 16777216, ""arg2_dtype"": ""torch.float16"", ""arg2_dtype_size"": 2, ""arg2_dtype_cat"": 2}",0.1536320000886917
attention,600b3870d330d258,8b544d6ab595df36,"{""block_sizes"": [1, 128, 64], ""loop_orders"": [[1, 0]], ""l2_groupings"": [8], ""range_unroll_factors"": [0, 3], ""range_warp_specializes"": [null, null], ""range_num_stages"": [0, 3], ""range_multi_buffers"": [null, true], ""range_flattens"": [null, true], ""load_eviction_policies"": ["""", ""first"", ""last""], ""num_warps"": 8, ""num_stages"": 3, ""indexing"": [""pointer"", ""pointer"", ""tensor_descriptor"", ""pointer""], ""atomic_indexing"": [], ""pid_type"": ""flat""}","{""arg0_ndim"": 4, ""arg0_dim0"": 4, ""arg0_dim1"": 32, ""arg0_dim2"": 1024, ""arg0_dim3"": 128, ""arg0_numel"": 16777216, ""arg0_dtype"": ""torch.float16"", ""arg0_dtype_size"": 2, ""arg0_dtype_cat"": 2, ""arg1_ndim"": 4, ""arg1_dim0"": 4, ""arg1_dim1"": 32, ""arg1_dim2"": 1024, ""arg1_dim3"": 128, ""arg1_numel"": 16777216, ""arg1_dtype"": ""torch.float16"", ""arg1_dtype_size"": 2, ""arg1_dtype_cat"": 2, ""arg2_ndim"": 4, ""arg2_dim0"": 4, ""arg2_dim1"": 32, ""arg2_dim2"": 1024, ""arg2_dim3"": 128, ""arg2_numel"": 16777216, ""arg2_dtype"": ""torch.float16"", ""arg2_dtype_size"": 2, ""arg2_dtype_cat"": 2}",0.1640319973230362
attention,600b3870d330d258,f1dda601fe248341,"{""block_sizes"": [1, 128, 64], ""loop_orders"": [[1, 0]], ""l2_groupings"": [1], ""range_unroll_factors"": [0, 4], ""range_warp_specializes"": [null, false], ""range_num_stages"": [0, 4], ""range_multi_buffers"": [null, null], ""range_flattens"": [null, null], ""load_eviction_policies"": [""first"", """", """"], ""num_warps"": 4, ""num_stages"": 3, ""indexing"": [""tensor_descriptor"", ""pointer"", ""tensor_descriptor"", ""tensor_descriptor""], ""atomic_indexing"": [], ""pid_type"": ""flat""}","{""arg0_ndim"": 4, ""arg0_dim0"": 4, ""arg0_dim1"": 32, ""arg0_dim2"": 1024, ""arg0_dim3"": 128, ""arg0_numel"": 16777216, ""arg0_dtype"": ""torch.float16"", ""arg0_dtype_size"": 2, ""arg0_dtype_cat"": 2, ""arg1_ndim"": 4, ""arg1_dim0"": 4, ""arg1_dim1"": 32, ""arg1_dim2"": 1024, ""arg1_dim3"": 128, ""arg1_numel"": 16777216, ""arg1_dtype"": ""torch.float16"", ""arg1_dtype_size"": 2, ""arg1_dtype_cat"": 2, ""arg2_ndim"": 4, ""arg2_dim0"": 4, ""arg2_dim1"": 32, ""arg2_dim2"": 1024, ""arg2_dim3"": 128, ""arg2_numel"": 16777216, ""arg2_dtype"": ""torch.float16"", ""arg2_dtype_size"": 2, ""arg2_dtype_cat"": 2}",0.1619199961423874
attention,600b3870d330d258,3265e0895ba56199,"{""block_sizes"": [1, 128, 64], ""loop_orders"": [[1, 0]], ""l2_groupings"": [8], ""range_unroll_factors"": [0, 1], ""range_warp_specializes"": [null, false], ""range_num_stages"": [0, 2], ""range_multi_buffers"": [null, null], ""range_flattens"": [null, true], ""load_eviction_policies"": ["""", """", ""first""], ""num_warps"": 8, ""num_stages"": 3, ""indexing"": [""tensor_descriptor"", ""tensor_descriptor"", ""pointer"", ""tensor_descriptor""], ""atomic_indexing"": [], ""pid_type"": ""flat""}","{""arg0_ndim"": 4, ""arg0_dim0"": 4, ""arg0_dim1"": 32, ""arg0_dim2"": 1024, ""arg0_dim3"": 128, ""arg0_numel"": 16777216, ""arg0_dtype"": ""torch.float16"", ""arg0_dtype_size"": 2, ""arg0_dtype_cat"": 2, ""arg1_ndim"": 4, ""arg1_dim0"": 4, ""arg1_dim1"": 32, ""arg1_dim2"": 1024, ""arg1_dim3"": 128, ""arg1_numel"": 16777216, ""arg1_dtype"": ""torch.float16"", ""arg1_dtype_size"": 2, ""arg1_dtype_cat"": 2, ""arg2_ndim"": 4, ""arg2_dim0"": 4, ""arg2_dim1"": 32, ""arg2_dim2"": 1024, ""arg2_dim3"": 128, ""arg2_numel"": 16777216, ""arg2_dtype"": ""torch.float16"", ""arg2_dtype_size"": 2, ""arg2_dtype_cat"": 2}",0.16387200355529785
attention,600b3870d330d258,18cd65d1f263c609,"{""block_sizes"": [1, 128, 64], ""loop_orders"": [[1, 0]], ""l2_groupings"": [8], ""range_unroll_factors"": [0, 4], ""range_warp_specializes"": [null, null], ""range_num_stages"": [0, 3], ""range_multi_buffers"": [null, true], ""range_flattens"": [null, true], ""load_eviction_policies"": [""first"", ""first"", ""last""], ""num_warps"": 8, ""num_stages"": 3, ""indexing"": [""tensor_descriptor"", ""pointer"", ""tensor_descriptor"", ""pointer""], ""atomic_indexing"": [], ""pid_type"": ""flat""}","{""arg0_ndim"": 4, ""arg0_dim0"": 4, ""arg0_dim1"": 32, ""arg0_dim2"": 1024, ""arg0_dim3"": 128, ""arg0_numel"": 16777216, ""arg0_dtype"": ""torch.float16"", ""arg0_dtype_size"": 2, ""arg0_dtype_cat"": 2, ""arg1_ndim"": 4, ""arg1_dim0"": 4, ""arg1_dim1"": 32, ""arg1_dim2"": 1024, ""arg1_dim3"": 128, ""arg1_numel"": 16777216, ""arg1_dtype"": ""torch.float16"", ""arg1_dtype_size"": 2, ""arg1_dtype_cat"": 2, ""arg2_ndim"": 4, ""arg2_dim0"": 4, ""arg2_dim1"": 32, ""arg2_dim2"": 1024, ""arg2_dim3"": 128, ""arg2_numel"": 16777216, ""arg2_dtype"": ""torch.float16"", ""arg2_dtype_size"": 2, ""arg2_dtype_cat"": 2}",0.1658560037612915
attention,600b3870d330d258,b62e9711edcad914,"{""block_sizes"": [1, 128, 64], ""loop_orders"": [[0, 1]], ""l2_groupings"": [1], ""range_unroll_factors"": [0, 3], ""range_warp_specializes"": [null, false], ""range_num_stages"": [0, 3], ""range_multi_buffers"": [null, true], ""range_flattens"": [null, true], ""load_eviction_policies"": ["""", ""last"", """"], ""num_warps"": 4, ""num_stages"": 4, ""indexing"": [""tensor_descriptor"", ""pointer"", ""tensor_descriptor"", ""tensor_descriptor""], ""atomic_indexing"": [], ""pid_type"": ""flat""}","{""arg0_ndim"": 4, ""arg0_dim0"": 4, ""arg0_dim1"": 32, ""arg0_dim2"": 1024, ""arg0_dim3"": 128, ""arg0_numel"": 16777216, ""arg0_dtype"": ""torch.float16"", ""arg0_dtype_size"": 2, ""arg0_dtype_cat"": 2, ""arg1_ndim"": 4, ""arg1_dim0"": 4, ""arg1_dim1"": 32, ""arg1_dim2"": 1024, ""arg1_dim3"": 128, ""arg1_numel"": 16777216, ""arg1_dtype"": ""torch.float16"", ""arg1_dtype_size"": 2, ""arg1_dtype_cat"": 2, ""arg2_ndim"": 4, ""arg2_dim0"": 4, ""arg2_dim1"": 32, ""arg2_dim2"": 1024, ""arg2_dim3"": 128, ""arg2_numel"": 16777216, ""arg2_dtype"": ""torch.float16"", ""arg2_dtype_size"": 2, ""arg2_dtype_cat"": 2}",0.2170879989862442
attention,600b3870d330d258,0224f42f7e07247a,"{""block_sizes"": [1, 128, 128], ""loop_orders"": [[1, 0]], ""l2_groupings"": [32], ""range_unroll_factors"": [0, 0], ""range_warp_specializes"": [null, null], ""range_num_stages"": [0, 4], ""range_multi_buffers"": [null, null], ""range_flattens"": [null, null], ""load_eviction_policies"": ["""", ""last"", ""last""], ""num_warps"": 4, ""num_stages"": 2, ""indexing"": [""tensor_descriptor"", ""pointer"", ""pointer"", ""pointer""], ""atomic_indexing"": [], ""pid_type"": ""flat""}","{""arg0_ndim"": 4, ""arg0_dim0"": 4, ""arg0_dim1"": 32, ""arg0_dim2"": 1024, ""arg0_dim3"": 128, ""arg0_numel"": 16777216, ""arg0_dtype"": ""torch.float16"", ""arg0_dtype_size"": 2, ""arg0_dtype_cat"": 2, ""arg1_ndim"": 4, ""arg1_dim0"": 4, ""arg1_dim1"": 32, ""arg1_dim2"": 1024, ""arg1_dim3"": 128, ""arg1_numel"": 16777216, ""arg1_dtype"": ""torch.float16"", ""arg1_dtype_size"": 2, ""arg1_dtype_cat"": 2, ""arg2_ndim"": 4, ""arg2_dim0"": 4, ""arg2_dim1"": 32, ""arg2_dim2"": 1024, ""arg2_dim3"": 128, ""arg2_numel"": 16777216, ""arg2_dtype"": ""torch.float16"", ""arg2_dtype_size"": 2, ""arg2_dtype_cat"": 2}",0.522271990776062
attention,600b3870d330d258,a018ad7b08e26b2b,"{""block_sizes"": [1, 128, 128], ""loop_orders"": [[1, 0]], ""l2_groupings"": [1], ""range_unroll_factors"": [0, 4], ""range_warp_specializes"": [null, null], ""range_num_stages"": [2, 4], ""range_multi_buffers"": [false, false], ""range_flattens"": [null, true], ""load_eviction_policies"": [""first"", ""last"", ""last""], ""num_warps"": 4, ""num_stages"": 3, ""indexing"": [""tensor_descriptor"", ""pointer"", ""tensor_descriptor"", ""pointer""], ""atomic_indexing"": [], ""pid_type"": ""persistent_interleaved"", ""num_sm_multiplier"": 128}","{""arg0_ndim"": 4, ""arg0_dim0"": 4, ""arg0_dim1"": 32, ""arg0_dim2"": 1024, ""arg0_dim3"": 128, ""arg0_numel"": 16777216, ""arg0_dtype"": ""torch.float16"", ""arg0_dtype_size"": 2, ""arg0_dtype_cat"": 2, ""arg1_ndim"": 4, ""arg1_dim0"": 4, ""arg1_dim1"": 32, ""arg1_dim2"": 1024, ""arg1_dim3"": 128, ""arg1_numel"": 16777216, ""arg1_dtype"": ""torch.float16"", ""arg1_dtype_size"": 2, ""arg1_dtype_cat"": 2, ""arg2_ndim"": 4, ""arg2_dim0"": 4, ""arg2_dim1"": 32, ""arg2_dim2"": 1024, ""arg2_dim3"": 128, ""arg2_numel"": 16777216, ""arg2_dtype"": ""torch.float16"", ""arg2_dtype_size"": 2, ""arg2_dtype_cat"": 2}",0.6081600189208984
attention,600b3870d330d258,34148bc38a442c3b,"{""block_sizes"": [1, 128, 128], ""loop_orders"": [[1, 0]], ""l2_groupings"": [32], ""range_unroll_factors"": [0, 0], ""range_warp_specializes"": [null, null], ""range_num_stages"": [0, 0], ""range_multi_buffers"": [null, true], ""range_flattens"": [null, null], ""load_eviction_policies"": ["""", ""last"", ""first""], ""num_warps"": 4, ""num_stages"": 3, ""indexing"": [""tensor_descriptor"", ""tensor_descriptor"", ""tensor_descriptor"", ""pointer""], ""atomic_indexing"": [], ""pid_type"": ""flat""}","{""arg0_ndim"": 4, ""arg0_dim0"": 4, ""arg0_dim1"": 32, ""arg0_dim2"": 1024, ""arg0_dim3"": 128, ""arg0_numel"": 16777216, ""arg0_dtype"": ""torch.float16"", ""arg0_dtype_size"": 2, ""arg0_dtype_cat"": 2, ""arg1_ndim"": 4, ""arg1_dim0"": 4, ""arg1_dim1"": 32, ""arg1_dim2"": 1024, ""arg1_dim3"": 128, ""arg1_numel"": 16777216, ""arg1_dtype"": ""torch.float16"", ""arg1_dtype_size"": 2, ""arg1_dtype_cat"": 2, ""arg2_ndim"": 4, ""arg2_dim0"": 4, ""arg2_dim1"": 32, ""arg2_dim2"": 1024, ""arg2_dim3"": 128, ""arg2_numel"": 16777216, ""arg2_dtype"": ""torch.float16"", ""arg2_dtype_size"": 2, ""arg2_dtype_cat"": 2}",0.502623975276947
attention,600b3870d330d258,ea987733425e4c1b,"{""block_sizes"": [1, 128, 128], ""loop_orders"": [[0, 1]], ""l2_groupings"": [8], ""range_unroll_factors"": [0, 1], ""range_warp_specializes"": [null, null], ""range_num_stages"": [0, 4], ""range_multi_buffers"": [null, false], ""range_flattens"": [null, false], ""load_eviction_policies"": [""first"", """", ""first""], ""num_warps"": 4, ""num_stages"": 3, ""indexing"": [""tensor_descriptor"", ""tensor_descriptor"", ""pointer"", ""pointer""], ""atomic_indexing"": [], ""pid_type"": ""flat""}","{""arg0_ndim"": 4, ""arg0_dim0"": 4, ""arg0_dim1"": 32, ""arg0_dim2"": 1024, ""arg0_dim3"": 128, ""arg0_numel"": 16777216, ""arg0_dtype"": ""torch.float16"", ""arg0_dtype_size"": 2, ""arg0_dtype_cat"": 2, ""arg1_ndim"": 4, ""arg1_dim0"": 4, ""arg1_dim1"": 32, ""arg1_dim2"": 1024, ""arg1_dim3"": 128, ""arg1_numel"": 16777216, ""arg1_dtype"": ""torch.float16"", ""arg1_dtype_size"": 2, ""arg1_dtype_cat"": 2, ""arg2_ndim"": 4, ""arg2_dim0"": 4, ""arg2_dim1"": 32, ""arg2_dim2"": 1024, ""arg2_dim3"": 128, ""arg2_numel"": 16777216, ""arg2_dtype"": ""torch.float16"", ""arg2_dtype_size"": 2, ""arg2_dtype_cat"": 2}",0.502784013748169
attention,600b3870d330d258,65ab373fc776c2af,"{""block_sizes"": [1, 128, 64], ""loop_orders"": [[0, 1]], ""l2_groupings"": [8], ""range_unroll_factors"": [0, 4], ""range_warp_specializes"": [null, null], ""range_num_stages"": [0, 3], ""range_multi_buffers"": [null, false], ""range_flattens"": [null, false], ""load_eviction_policies"": [""last"", ""first"", ""first""], ""num_warps"": 8, ""num_stages"": 3, ""indexing"": [""pointer"", ""pointer"", ""pointer"", ""tensor_descriptor""], ""atomic_indexing"": [], ""pid_type"": ""flat""}","{""arg0_ndim"": 4, ""arg0_dim0"": 4, ""arg0_dim1"": 32, ""arg0_dim2"": 1024, ""arg0_dim3"": 128, ""arg0_numel"": 16777216, ""arg0_dtype"": ""torch.float16"", ""arg0_dtype_size"": 2, ""arg0_dtype_cat"": 2, ""arg1_ndim"": 4, ""arg1_dim0"": 4, ""arg1_dim1"": 32, ""arg1_dim2"": 1024, ""arg1_dim3"": 128, ""arg1_numel"": 16777216, ""arg1_dtype"": ""torch.float16"", ""arg1_dtype_size"": 2, ""arg1_dtype_cat"": 2, ""arg2_ndim"": 4, ""arg2_dim0"": 4, ""arg2_dim1"": 32, ""arg2_dim2"": 1024, ""arg2_dim3"": 128, ""arg2_numel"": 16777216, ""arg2_dtype"": ""torch.float16"", ""arg2_dtype_size"": 2, ""arg2_dtype_cat"": 2}",0.1618880033493042
attention,600b3870d330d258,c94f578925dfd8f9,"{""block_sizes"": [1, 128, 64], ""loop_orders"": [[0, 1]], ""l2_groupings"": [2], ""range_unroll_factors"": [0, 1], ""range_warp_specializes"": [null, null], ""range_num_stages"": [0, 0], ""range_multi_buffers"": [null, true], ""range_flattens"": [null, null], ""load_eviction_policies"": ["""", ""last"", ""first""], ""num_warps"": 8, ""num_stages"": 3, ""indexing"": [""pointer"", ""tensor_descriptor"", ""tensor_descriptor"", ""pointer""], ""atomic_indexing"": [], ""pid_type"": ""flat""}","{""arg0_ndim"": 4, ""arg0_dim0"": 4, ""arg0_dim1"": 32, ""arg0_dim2"": 1024, ""arg0_dim3"": 128, ""arg0_numel"": 16777216, ""arg0_dtype"": ""torch.float16"", ""arg0_dtype_size"": 2, ""arg0_dtype_cat"": 2, ""arg1_ndim"": 4, ""arg1_dim0"": 4, ""arg1_dim1"": 32, ""arg1_dim2"": 1024, ""arg1_dim3"": 128, ""arg1_numel"": 16777216, ""arg1_dtype"": ""torch.float16"", ""arg1_dtype_size"": 2, ""arg1_dtype_cat"": 2, ""arg2_ndim"": 4, ""arg2_dim0"": 4, ""arg2_dim1"": 32, ""arg2_dim2"": 1024, ""arg2_dim3"": 128, ""arg2_numel"": 16777216, ""arg2_dtype"": ""torch.float16"", ""arg2_dtype_size"": 2, ""arg2_dtype_cat"": 2}",0.16179199516773224
attention,600b3870d330d258,e90f1fde0aa15d55,"{""block_sizes"": [1, 128, 64], ""loop_orders"": [[0, 1]], ""l2_groupings"": [2], ""range_unroll_factors"": [0, 1], ""range_warp_specializes"": [null, null], ""range_num_stages"": [0, 1], ""range_multi_buffers"": [null, true], ""range_flattens"": [null, false], ""load_eviction_policies"": [""last"", """", ""last""], ""num_warps"": 8, ""num_stages"": 3, ""indexing"": [""pointer"", ""pointer"", ""tensor_descriptor"", ""tensor_descriptor""], ""atomic_indexing"": [], ""pid_type"": ""flat""}","{""arg0_ndim"": 4, ""arg0_dim0"": 4, ""arg0_dim1"": 32, ""arg0_dim2"": 1024, ""arg0_dim3"": 128, ""arg0_numel"": 16777216, ""arg0_dtype"": ""torch.float16"", ""arg0_dtype_size"": 2, ""arg0_dtype_cat"": 2, ""arg1_ndim"": 4, ""arg1_dim0"": 4, ""arg1_dim1"": 32, ""arg1_dim2"": 1024, ""arg1_dim3"": 128, ""arg1_numel"": 16777216, ""arg1_dtype"": ""torch.float16"", ""arg1_dtype_size"": 2, ""arg1_dtype_cat"": 2, ""arg2_ndim"": 4, ""arg2_dim0"": 4, ""arg2_dim1"": 32, ""arg2_dim2"": 1024, ""arg2_dim3"": 128, ""arg2_numel"": 16777216, ""arg2_dtype"": ""torch.float16"", ""arg2_dtype_size"": 2, ""arg2_dtype_cat"": 2}",0.1626559942960739
attention,600b3870d330d258,197f70c883e6e5ad,"{""block_sizes"": [1, 128, 64], ""loop_orders"": [[0, 1]], ""l2_groupings"": [2], ""range_unroll_factors"": [0, 0], ""range_warp_specializes"": [null, null], ""range_num_stages"": [0, 0], ""range_multi_buffers"": [null, false], ""range_flattens"": [null, true], ""load_eviction_policies"": [""last"", ""first"", ""first""], ""num_warps"": 4, ""num_stages"": 2, ""indexing"": [""pointer"", ""tensor_descriptor"", ""pointer"", ""tensor_descriptor""], ""atomic_indexing"": [], ""pid_type"": ""flat""}","{""arg0_ndim"": 4, ""arg0_dim0"": 4, ""arg0_dim1"": 32, ""arg0_dim2"": 1024, ""arg0_dim3"": 128, ""arg0_numel"": 16777216, ""arg0_dtype"": ""torch.float16"", ""arg0_dtype_size"": 2, ""arg0_dtype_cat"": 2, ""arg1_ndim"": 4, ""arg1_dim0"": 4, ""arg1_dim1"": 32, ""arg1_dim2"": 1024, ""arg1_dim3"": 128, ""arg1_numel"": 16777216, ""arg1_dtype"": ""torch.float16"", ""arg1_dtype_size"": 2, ""arg1_dtype_cat"": 2, ""arg2_ndim"": 4, ""arg2_dim0"": 4, ""arg2_dim1"": 32, ""arg2_dim2"": 1024, ""arg2_dim3"": 128, ""arg2_numel"": 16777216, ""arg2_dtype"": ""torch.float16"", ""arg2_dtype_size"": 2, ""arg2_dtype_cat"": 2}",0.18038399517536163
attention,600b3870d330d258,74c352914e79f5d5,"{""block_sizes"": [1, 128, 64], ""loop_orders"": [[0, 1]], ""l2_groupings"": [2], ""range_unroll_factors"": [0, 2], ""range_warp_specializes"": [null, false], ""range_num_stages"": [0, 0], ""range_multi_buffers"": [null, false], ""range_flattens"": [null, true], ""load_eviction_policies"": [""first"", """", ""first""], ""num_warps"": 8, ""num_stages"": 3, ""indexing"": [""tensor_descriptor"", ""pointer"", ""tensor_descriptor"", ""tensor_descriptor""], ""atomic_indexing"": [], ""pid_type"": ""flat""}","{""arg0_ndim"": 4, ""arg0_dim0"": 4, ""arg0_dim1"": 32, ""arg0_dim2"": 1024, ""arg0_dim3"": 128, ""arg0_numel"": 16777216, ""arg0_dtype"": ""torch.float16"", ""arg0_dtype_size"": 2, ""arg0_dtype_cat"": 2, ""arg1_ndim"": 4, ""arg1_dim0"": 4, ""arg1_dim1"": 32, ""arg1_dim2"": 1024, ""arg1_dim3"": 128, ""arg1_numel"": 16777216, ""arg1_dtype"": ""torch.float16"", ""arg1_dtype_size"": 2, ""arg1_dtype_cat"": 2, ""arg2_ndim"": 4, ""arg2_dim0"": 4, ""arg2_dim1"": 32, ""arg2_dim2"": 1024, ""arg2_dim3"": 128, ""arg2_numel"": 16777216, ""arg2_dtype"": ""torch.float16"", ""arg2_dtype_size"": 2, ""arg2_dtype_cat"": 2}",0.16179199516773224
attention,7426436cb9eb1fe3,1424d8a662dc60cf,"{""block_sizes"": [1, 128, 128], ""loop_orders"": [[0, 1]], ""l2_groupings"": [32], ""range_unroll_factors"": [0, 2], ""range_warp_specializes"": [null, false], ""range_num_stages"": [0, 3], ""range_multi_buffers"": [null, false], ""range_flattens"": [null, false], ""load_eviction_policies"": [""first"", ""last"", ""first""], ""num_warps"": 4, ""num_stages"": 3, ""indexing"": [""pointer"", ""pointer"", ""pointer"", ""tensor_descriptor""], ""atomic_indexing"": [], ""pid_type"": ""flat""}","{""arg0_ndim"": 4, ""arg0_dim0"": 4, ""arg0_dim1"": 32, ""arg0_dim2"": 2048, ""arg0_dim3"": 128, ""arg0_numel"": 33554432, ""arg0_dtype"": ""torch.float16"", ""arg0_dtype_size"": 2, ""arg0_dtype_cat"": 2, ""arg1_ndim"": 4, ""arg1_dim0"": 4, ""arg1_dim1"": 32, ""arg1_dim2"": 2048, ""arg1_dim3"": 128, ""arg1_numel"": 33554432, ""arg1_dtype"": ""torch.float16"", ""arg1_dtype_size"": 2, ""arg1_dtype_cat"": 2, ""arg2_ndim"": 4, ""arg2_dim0"": 4, ""arg2_dim1"": 32, ""arg2_dim2"": 2048, ""arg2_dim3"": 128, ""arg2_numel"": 33554432, ""arg2_dtype"": ""torch.float16"", ""arg2_dtype_size"": 2, ""arg2_dtype_cat"": 2}",1.8994239568710327
attention,7426436cb9eb1fe3,29135c77b970e281,"{""block_sizes"": [1, 128, 128], ""loop_orders"": [[0, 1]], ""l2_groupings"": [32], ""range_unroll_factors"": [0, 4], ""range_warp_specializes"": [null, false], ""range_num_stages"": [0, 4], ""range_multi_buffers"": [null, null], ""range_flattens"": [null, false], ""load_eviction_policies"": [""first"", """", ""first""], ""num_warps"": 4, ""num_stages"": 3, ""indexing"": [""tensor_descriptor"", ""pointer"", ""pointer"", ""tensor_descriptor""], ""atomic_indexing"": [], ""pid_type"": ""flat""}","{""arg0_ndim"": 4, ""arg0_dim0"": 4, ""arg0_dim1"": 32, ""arg0_dim2"": 2048, ""arg0_dim3"": 128, ""arg0_numel"": 33554432, ""arg0_dtype"": ""torch.float16"", ""arg0_dtype_size"": 2, ""arg0_dtype_cat"": 2, ""arg1_ndim"": 4, ""arg1_dim0"": 4, ""arg1_dim1"": 32, ""arg1_dim2"": 2048, ""arg1_dim3"": 128, ""arg1_numel"": 33554432, ""arg1_dtype"": ""torch.float16"", ""arg1_dtype_size"": 2, ""arg1_dtype_cat"": 2, ""arg2_ndim"": 4, ""arg2_dim0"": 4, ""arg2_dim1"": 32, ""arg2_dim2"": 2048, ""arg2_dim3"": 128, ""arg2_numel"": 33554432, ""arg2_dtype"": ""torch.float16"", ""arg2_dtype_size"": 2, ""arg2_dtype_cat"": 2}",1.8995200395584106
attention,7426436cb9eb1fe3,71d98cc073b6f9c7,"{""block_sizes"": [1, 128, 128], ""loop_orders"": [[0, 1]], ""l2_groupings"": [32], ""range_unroll_factors"": [0, 0], ""range_warp_specializes"": [null, null], ""range_num_stages"": [0, 2], ""range_multi_buffers"": [null, true], ""range_flattens"": [null, true], ""load_eviction_policies"": [""first"", ""last"", ""first""], ""num_warps"": 4, ""num_stages"": 3, ""indexing"": [""tensor_descriptor"", ""tensor_descriptor"", ""pointer"", ""tensor_descriptor""], ""atomic_indexing"": [], ""pid_type"": ""flat""}","{""arg0_ndim"": 4, ""arg0_dim0"": 4, ""arg0_dim1"": 32, ""arg0_dim2"": 2048, ""arg0_dim3"": 128, ""arg0_numel"": 33554432, ""arg0_dtype"": ""torch.float16"", ""arg0_dtype_size"": 2, ""arg0_dtype_cat"": 2, ""arg1_ndim"": 4, ""arg1_dim0"": 4, ""arg1_dim1"": 32, ""arg1_dim2"": 2048, ""arg1_dim3"": 128, ""arg1_numel"": 33554432, ""arg1_dtype"": ""torch.float16"", ""arg1_dtype_size"": 2, ""arg1_dtype_cat"": 2, ""arg2_ndim"": 4, ""arg2_dim0"": 4, ""arg2_dim1"": 32, ""arg2_dim2"": 2048, ""arg2_dim3"": 128, ""arg2_numel"": 33554432, ""arg2_dtype"": ""torch.float16"", ""arg2_dtype_size"": 2, ""arg2_dtype_cat"": 2}",1.8994879722595215
attention,7426436cb9eb1fe3,fa0e6212d9dfaba1,"{""block_sizes"": [1, 128, 128], ""loop_orders"": [[1, 0]], ""l2_groupings"": [1], ""range_unroll_factors"": [0, 0], ""range_warp_specializes"": [null, null], ""range_num_stages"": [0, 3], ""range_multi_buffers"": [null, null], ""range_flattens"": [null, true], ""load_eviction_policies"": ["""", ""last"", ""first""], ""num_warps"": 4, ""num_stages"": 3, ""indexing"": [""tensor_descriptor"", ""tensor_descriptor"", ""tensor_descriptor"", ""tensor_descriptor""], ""atomic_indexing"": [], ""pid_type"": ""flat""}","{""arg0_ndim"": 4, ""arg0_dim0"": 4, ""arg0_dim1"": 32, ""arg0_dim2"": 2048, ""arg0_dim3"": 128, ""arg0_numel"": 33554432, ""arg0_dtype"": ""torch.float16"", ""arg0_dtype_size"": 2, ""arg0_dtype_cat"": 2, ""arg1_ndim"": 4, ""arg1_dim0"": 4, ""arg1_dim1"": 32, ""arg1_dim2"": 2048, ""arg1_dim3"": 128, ""arg1_numel"": 33554432, ""arg1_dtype"": ""torch.float16"", ""arg1_dtype_size"": 2, ""arg1_dtype_cat"": 2, ""arg2_ndim"": 4, ""arg2_dim0"": 4, ""arg2_dim1"": 32, ""arg2_dim2"": 2048, ""arg2_dim3"": 128, ""arg2_numel"": 33554432, ""arg2_dtype"": ""torch.float16"", ""arg2_dtype_size"": 2, ""arg2_dtype_cat"": 2}",1.8975679874420166
attention,7426436cb9eb1fe3,018f3cbb5fbec2b3,"{""block_sizes"": [1, 128, 128], ""loop_orders"": [[0, 1]], ""l2_groupings"": [32], ""range_unroll_factors"": [0, 4], ""range_warp_specializes"": [null, null], ""range_num_stages"": [0, 2], ""range_multi_buffers"": [null, false], ""range_flattens"": [null, true], ""load_eviction_policies"": ["""", """", ""first""], ""num_warps"": 4, ""num_stages"": 3, ""indexing"": [""pointer"", ""tensor_descriptor"", ""pointer"", ""tensor_descriptor""], ""atomic_indexing"": [], ""pid_type"": ""flat""}","{""arg0_ndim"": 4, ""arg0_dim0"": 4, ""arg0_dim1"": 32, ""arg0_dim2"": 2048, ""arg0_dim3"": 128, ""arg0_numel"": 33554432, ""arg0_dtype"": ""torch.float16"", ""arg0_dtype_size"": 2, ""arg0_dtype_cat"": 2, ""arg1_ndim"": 4, ""arg1_dim0"": 4, ""arg1_dim1"": 32, ""arg1_dim2"": 2048, ""arg1_dim3"": 128, ""arg1_numel"": 33554432, ""arg1_dtype"": ""torch.float16"", ""arg1_dtype_size"": 2, ""arg1_dtype_cat"": 2, ""arg2_ndim"": 4, ""arg2_dim0"": 4, ""arg2_dim1"": 32, ""arg2_dim2"": 2048, ""arg2_dim3"": 128, ""arg2_numel"": 33554432, ""arg2_dtype"": ""torch.float16"", ""arg2_dtype_size"": 2, ""arg2_dtype_cat"": 2}",1.8995200395584106
attention,7426436cb9eb1fe3,4412520d00f6fe18,"{""block_sizes"": [1, 128, 64], ""loop_orders"": [[0, 1]], ""l2_groupings"": [16], ""range_unroll_factors"": [1, 0], ""range_warp_specializes"": [null, null], ""range_num_stages"": [0, 3], ""range_multi_buffers"": [true, false], ""range_flattens"": [false, false], ""load_eviction_policies"": ["""", ""last"", ""first""], ""num_warps"": 4, ""num_stages"": 4, ""indexing"": [""pointer"", ""pointer"", ""pointer"", ""pointer""], ""atomic_indexing"": [], ""pid_type"": ""persistent_interleaved"", ""num_sm_multiplier"": 2}","{""arg0_ndim"": 4, ""arg0_dim0"": 4, ""arg0_dim1"": 32, ""arg0_dim2"": 2048, ""arg0_dim3"": 128, ""arg0_numel"": 33554432, ""arg0_dtype"": ""torch.float16"", ""arg0_dtype_size"": 2, ""arg0_dtype_cat"": 2, ""arg1_ndim"": 4, ""arg1_dim0"": 4, ""arg1_dim1"": 32, ""arg1_dim2"": 2048, ""arg1_dim3"": 128, ""arg1_numel"": 33554432, ""arg1_dtype"": ""torch.float16"", ""arg1_dtype_size"": 2, ""arg1_dtype_cat"": 2, ""arg2_ndim"": 4, ""arg2_dim0"": 4, ""arg2_dim1"": 32, ""arg2_dim2"": 2048, ""arg2_dim3"": 128, ""arg2_numel"": 33554432, ""arg2_dtype"": ""torch.float16"", ""arg2_dtype_size"": 2, ""arg2_dtype_cat"": 2}",0.5039359927177429
attention,7426436cb9eb1fe3,8b544d6ab595df36,"{""block_sizes"": [1, 128, 64], ""loop_orders"": [[1, 0]], ""l2_groupings"": [8], ""range_unroll_factors"": [0, 3], ""range_warp_specializes"": [null, null], ""range_num_stages"": [0, 3], ""range_multi_buffers"": [null, true], ""range_flattens"": [null, true], ""load_eviction_policies"": ["""", ""first"", ""last""], ""num_warps"": 8, ""num_stages"": 3, ""indexing"": [""pointer"", ""pointer"", ""tensor_descriptor"", ""pointer""], ""atomic_indexing"": [], ""pid_type"": ""flat""}","{""arg0_ndim"": 4, ""arg0_dim0"": 4, ""arg0_dim1"": 32, ""arg0_dim2"": 2048, ""arg0_dim3"": 128, ""arg0_numel"": 33554432, ""arg0_dtype"": ""torch.float16"", ""arg0_dtype_size"": 2, ""arg0_dtype_cat"": 2, ""arg1_ndim"": 4, ""arg1_dim0"": 4, ""arg1_dim1"": 32, ""arg1_dim2"": 2048, ""arg1_dim3"": 128, ""arg1_numel"": 33554432, ""arg1_dtype"": ""torch.float16"", ""arg1_dtype_size"": 2, ""arg1_dtype_cat"": 2, ""arg2_ndim"": 4, ""arg2_dim0"": 4, ""arg2_dim1"": 32, ""arg2_dim2"": 2048, ""arg2_dim3"": 128, ""arg2_numel"": 33554432, ""arg2_dtype"": ""torch.float16"", ""arg2_dtype_size"": 2, ""arg2_dtype_cat"": 2}",0.5191680192947388
attention,7426436cb9eb1fe3,f1dda601fe248341,"{""block_sizes"": [1, 128, 64], ""loop_orders"": [[1, 0]], ""l2_groupings"": [1], ""range_unroll_factors"": [0, 4], ""range_warp_specializes"": [null, false], ""range_num_stages"": [0, 4], ""range_multi_buffers"": [null, null], ""range_flattens"": [null, null], ""load_eviction_policies"": [""first"", """", """"], ""num_warps"": 4, ""num_stages"": 3, ""indexing"": [""tensor_descriptor"", ""pointer"", ""tensor_descriptor"", ""tensor_descriptor""], ""atomic_indexing"": [], ""pid_type"": ""flat""}","{""arg0_ndim"": 4, ""arg0_dim0"": 4, ""arg0_dim1"": 32, ""arg0_dim2"": 2048, ""arg0_dim3"": 128, ""arg0_numel"": 33554432, ""arg0_dtype"": ""torch.float16"", ""arg0_dtype_size"": 2, ""arg0_dtype_cat"": 2, ""arg1_ndim"": 4, ""arg1_dim0"": 4, ""arg1_dim1"": 32, ""arg1_dim2"": 2048, ""arg1_dim3"": 128, ""arg1_numel"": 33554432, ""arg1_dtype"": ""torch.float16"", ""arg1_dtype_size"": 2, ""arg1_dtype_cat"": 2, ""arg2_ndim"": 4, ""arg2_dim0"": 4, ""arg2_dim1"": 32, ""arg2_dim2"": 2048, ""arg2_dim3"": 128, ""arg2_numel"": 33554432, ""arg2_dtype"": ""torch.float16"", ""arg2_dtype_size"": 2, ""arg2_dtype_cat"": 2}",0.52019202709198
attention,7426436cb9eb1fe3,3265e0895ba56199,"{""block_sizes"": [1, 128, 64], ""loop_orders"": [[1, 0]], ""l2_groupings"": [8], ""range_unroll_factors"": [0, 1], ""range_warp_specializes"": [null, false], ""range_num_stages"": [0, 2], ""range_multi_buffers"": [null, null], ""range_flattens"": [null, true], ""load_eviction_policies"": ["""", """", ""first""], ""num_warps"": 8, ""num_stages"": 3, ""indexing"": [""tensor_descriptor"", ""tensor_descriptor"", ""pointer"", ""tensor_descriptor""], ""atomic_indexing"": [], ""pid_type"": ""flat""}","{""arg0_ndim"": 4, ""arg0_dim0"": 4, ""arg0_dim1"": 32, ""arg0_dim2"": 2048, ""arg0_dim3"": 128, ""arg0_numel"": 33554432, ""arg0_dtype"": ""torch.float16"", ""arg0_dtype_size"": 2, ""arg0_dtype_cat"": 2, ""arg1_ndim"": 4, ""arg1_dim0"": 4, ""arg1_dim1"": 32, ""arg1_dim2"": 2048, ""arg1_dim3"": 128, ""arg1_numel"": 33554432, ""arg1_dtype"": ""torch.float16"", ""arg1_dtype_size"": 2, ""arg1_dtype_cat"": 2, ""arg2_ndim"": 4, ""arg2_dim0"": 4, ""arg2_dim1"": 32, ""arg2_dim2"": 2048, ""arg2_dim3"": 128, ""arg2_numel"": 33554432, ""arg2_dtype"": ""torch.float16"", ""arg2_dtype_size"": 2, ""arg2_dtype_cat"": 2}",0.5182399749755859
attention,7426436cb9eb1fe3,18cd65d1f263c609,"{""block_sizes"": [1, 128, 64], ""loop_orders"": [[1, 0]], ""l2_groupings"": [8], ""range_unroll_factors"": [0, 4], ""range_warp_specializes"": [null, null], ""range_num_stages"": [0, 3], ""range_multi_buffers"": [null, true], ""range_flattens"": [null, true], ""load_eviction_policies"": [""first"", ""first"", ""last""], ""num_warps"": 8, ""num_stages"": 3, ""indexing"": [""tensor_descriptor"", ""pointer"", ""tensor_descriptor"", ""pointer""], ""atomic_indexing"": [], ""pid_type"": ""flat""}","{""arg0_ndim"": 4, ""arg0_dim0"": 4, ""arg0_dim1"": 32, ""arg0_dim2"": 2048, ""arg0_dim3"": 128, ""arg0_numel"": 33554432, ""arg0_dtype"": ""torch.float16"", ""arg0_dtype_size"": 2, ""arg0_dtype_cat"": 2, ""arg1_ndim"": 4, ""arg1_dim0"": 4, ""arg1_dim1"": 32, ""arg1_dim2"": 2048, ""arg1_dim3"": 128, ""arg1_numel"": 33554432, ""arg1_dtype"": ""torch.float16"", ""arg1_dtype_size"": 2, ""arg1_dtype_cat"": 2, ""arg2_ndim"": 4, ""arg2_dim0"": 4, ""arg2_dim1"": 32, ""arg2_dim2"": 2048, ""arg2_dim3"": 128, ""arg2_numel"": 33554432, ""arg2_dtype"": ""torch.float16"", ""arg2_dtype_size"": 2, ""arg2_dtype_cat"": 2}",0.5202719867229462
attention,7426436cb9eb1fe3,b62e9711edcad914,"{""block_sizes"": [1, 128, 64], ""loop_orders"": [[0, 1]], ""l2_groupings"": [1], ""range_unroll_factors"": [0, 3], ""range_warp_specializes"": [null, false], ""range_num_stages"": [0, 3], ""range_multi_buffers"": [null, true], ""range_flattens"": [null, true], ""load_eviction_policies"": ["""", ""last"", """"], ""num_warps"": 4, ""num_stages"": 4, ""indexing"": [""tensor_descriptor"", ""pointer"", ""tensor_descriptor"", ""tensor_descriptor""], ""atomic_indexing"": [], ""pid_type"": ""flat""}","{""arg0_ndim"": 4, ""arg0_dim0"": 4, ""arg0_dim1"": 32, ""arg0_dim2"": 2048, ""arg0_dim3"": 128, ""arg0_numel"": 33554432, ""arg0_dtype"": ""torch.float16"", ""arg0_dtype_size"": 2, ""arg0_dtype_cat"": 2, ""arg1_ndim"": 4, ""arg1_dim0"": 4, ""arg1_dim1"": 32, ""arg1_dim2"": 2048, ""arg1_dim3"": 128, ""arg1_numel"": 33554432, ""arg1_dtype"": ""torch.float16"", ""arg1_dtype_size"": 2, ""arg1_dtype_cat"": 2, ""arg2_ndim"": 4, ""arg2_dim0"": 4, ""arg2_dim1"": 32, ""arg2_dim2"": 2048, ""arg2_dim3"": 128, ""arg2_numel"": 33554432, ""arg2_dtype"": ""torch.float16"", ""arg2_dtype_size"": 2, ""arg2_dtype_cat"": 2}",0.7770879864692688
attention,7426436cb9eb1fe3,0224f42f7e07247a,"{""block_sizes"": [1, 128, 128], ""loop_orders"": [[1, 0]], ""l2_groupings"": [32], ""range_unroll_factors"": [0, 0], ""range_warp_specializes"": [null, null], ""range_num_stages"": [0, 4], ""range_multi_buffers"": [null, null], ""range_flattens"": [null, null], ""load_eviction_policies"": ["""", ""last"", ""last""], ""num_warps"": 4, ""num_stages"": 2, ""indexing"": [""tensor_descriptor"", ""pointer"", ""pointer"", ""pointer""], ""atomic_indexing"": [], ""pid_type"": ""flat""}","{""arg0_ndim"": 4, ""arg0_dim0"": 4, ""arg0_dim1"": 32, ""arg0_dim2"": 2048, ""arg0_dim3"": 128, ""arg0_numel"": 33554432, ""arg0_dtype"": ""torch.float16"", ""arg0_dtype_size"": 2, ""arg0_dtype_cat"": 2, ""arg1_ndim"": 4, ""arg1_dim0"": 4, ""arg1_dim1"": 32, ""arg1_dim2"": 2048, ""arg1_dim3"": 128, ""arg1_numel"": 33554432, ""arg1_dtype"": ""torch.float16"", ""arg1_dtype_size"": 2, ""arg1_dtype_cat"": 2, ""arg2_ndim"": 4, ""arg2_dim0"": 4, ""arg2_dim1"": 32, ""arg2_dim2"": 2048, ""arg2_dim3"": 128, ""arg2_numel"": 33554432, ""arg2_dtype"": ""torch.float16"", ""arg2_dtype_size"": 2, ""arg2_dtype_cat"": 2}",1.9548159837722778
attention,7426436cb9eb1fe3,a018ad7b08e26b2b,"{""block_sizes"": [1, 128, 128], ""loop_orders"": [[1, 0]], ""l2_groupings"": [1], ""range_unroll_factors"": [0, 4], ""range_warp_specializes"": [null, null], ""range_num_stages"": [2, 4], ""range_multi_buffers"": [false, false], ""range_flattens"": [null, true], ""load_eviction_policies"": [""first"", ""last"", ""last""], ""num_warps"": 4, ""num_stages"": 3, ""indexing"": [""tensor_descriptor"", ""pointer"", ""tensor_descriptor"", ""pointer""], ""atomic_indexing"": [], ""pid_type"": ""persistent_interleaved"", ""num_sm_multiplier"": 128}","{""arg0_ndim"": 4, ""arg0_dim0"": 4, ""arg0_dim1"": 32, ""arg0_dim2"": 2048, ""arg0_dim3"": 128, ""arg0_numel"": 33554432, ""arg0_dtype"": ""torch.float16"", ""arg0_dtype_size"": 2, ""arg0_dtype_cat"": 2, ""arg1_ndim"": 4, ""arg1_dim0"": 4, ""arg1_dim1"": 32, ""arg1_dim2"": 2048, ""arg1_dim3"": 128, ""arg1_numel"": 33554432, ""arg1_dtype"": ""torch.float16"", ""arg1_dtype_size"": 2, ""arg1_dtype_cat"": 2, ""arg2_ndim"": 4, ""arg2_dim0"": 4, ""arg2_dim1"": 32, ""arg2_dim2"": 2048, ""arg2_dim3"": 128, ""arg2_numel"": 33554432, ""arg2_dtype"": ""torch.float16"", ""arg2_dtype_size"": 2, ""arg2_dtype_cat"": 2}",1.991599977016449
attention,7426436cb9eb1fe3,34148bc38a442c3b,"{""block_sizes"": [1, 128, 128], ""loop_orders"": [[1, 0]], ""l2_groupings"": [32], ""range_unroll_factors"": [0, 0], ""range_warp_specializes"": [null, null], ""range_num_stages"": [0, 0], ""range_multi_buffers"": [null, true], ""range_flattens"": [null, null], ""load_eviction_policies"": ["""", ""last"", ""first""], ""num_warps"": 4, ""num_stages"": 3, ""indexing"": [""tensor_descriptor"", ""tensor_descriptor"", ""tensor_descriptor"", ""pointer""], ""atomic_indexing"": [], ""pid_type"": ""flat""}","{""arg0_ndim"": 4, ""arg0_dim0"": 4, ""arg0_dim1"": 32, ""arg0_dim2"": 2048, ""arg0_dim3"": 128, ""arg0_numel"": 33554432, ""arg0_dtype"": ""torch.float16"", ""arg0_dtype_size"": 2, ""arg0_dtype_cat"": 2, ""arg1_ndim"": 4, ""arg1_dim0"": 4, ""arg1_dim1"": 32, ""arg1_dim2"": 2048, ""arg1_dim3"": 128, ""arg1_numel"": 33554432, ""arg1_dtype"": ""torch.float16"", ""arg1_dtype_size"": 2, ""arg1_dtype_cat"": 2, ""arg2_ndim"": 4, ""arg2_dim0"": 4, ""arg2_dim1"": 32, ""arg2_dim2"": 2048, ""arg2_dim3"": 128, ""arg2_numel"": 33554432, ""arg2_dtype"": ""torch.float16"", ""arg2_dtype_size"": 2, ""arg2_dtype_cat"": 2}",1.895616054534912
attention,7426436cb9eb1fe3,ea987733425e4c1b,"{""block_sizes"": [1, 128, 128], ""loop_orders"": [[0, 1]], ""l2_groupings"": [8], ""range_unroll_factors"": [0, 1], ""range_warp_specializes"": [null, null], ""range_num_stages"": [0, 4], ""range_multi_buffers"": [null, false], ""range_flattens"": [null, false], ""load_eviction_policies"": [""first"", """", ""first""], ""num_warps"": 4, ""num_stages"": 3, ""indexing"": [""tensor_descriptor"", ""tensor_descriptor"", ""pointer"", ""pointer""], ""atomic_indexing"": [], ""pid_type"": ""flat""}","{""arg0_ndim"": 4, ""arg0_dim0"": 4, ""arg0_dim1"": 32, ""arg0_dim2"": 2048, ""arg0_dim3"": 128, ""arg0_numel"": 33554432, ""arg0_dtype"": ""torch.float16"", ""arg0_dtype_size"": 2, ""arg0_dtype_cat"": 2, ""arg1_ndim"": 4, ""arg1_dim0"": 4, ""arg1_dim1"": 32, ""arg1_dim2"": 2048, ""arg1_dim3"": 128, ""arg1_numel"": 33554432, ""arg1_dtype"": ""torch.float16"", ""arg1_dtype_size"": 2, ""arg1_dtype_cat"": 2, ""arg2_ndim"": 4, ""arg2_dim0"": 4, ""arg2_dim1"": 32, ""arg2_dim2"": 2048, ""arg2_dim3"": 128, ""arg2_numel"": 33554432, ""arg2_dtype"": ""torch.float16"", ""arg2_dtype_size"": 2, ""arg2_dtype_cat"": 2}",1.8954240083694458
attention,7426436cb9eb1fe3,65ab373fc776c2af,"{""block_sizes"": [1, 128, 64], ""loop_orders"": [[0, 1]], ""l2_groupings"": [8], ""range_unroll_factors"": [0, 4], ""range_warp_specializes"": [null, null], ""range_num_stages"": [0, 3], ""range_multi_buffers"": [null, false], ""range_flattens"": [null, false], ""load_eviction_policies"": [""last"", ""first"", ""first""], ""num_warps"": 8, ""num_stages"": 3, ""indexing"": [""pointer"", ""pointer"", ""pointer"", ""tensor_descriptor""], ""atomic_indexing"": [], ""pid_type"": ""flat""}","{""arg0_ndim"": 4, ""arg0_dim0"": 4, ""arg0_dim1"": 32, ""arg0_dim2"": 2048, ""arg0_dim3"": 128, ""arg0_numel"": 33554432, ""arg0_dtype"": ""torch.float16"", ""arg0_dtype_size"": 2, ""arg0_dtype_cat"": 2, ""arg1_ndim"": 4, ""arg1_dim0"": 4, ""arg1_dim1"": 32, ""arg1_dim2"": 2048, ""arg1_dim3"": 128, ""arg1_numel"": 33554432, ""arg1_dtype"": ""torch.float16"", ""arg1_dtype_size"": 2, ""arg1_dtype_cat"": 2, ""arg2_ndim"": 4, ""arg2_dim0"": 4, ""arg2_dim1"": 32, ""arg2_dim2"": 2048, ""arg2_dim3"": 128, ""arg2_numel"": 33554432, ""arg2_dtype"": ""torch.float16"", ""arg2_dtype_size"": 2, ""arg2_dtype_cat"": 2}",0.5120000243186951
attention,7426436cb9eb1fe3,c94f578925dfd8f9,"{""block_sizes"": [1, 128, 64], ""loop_orders"": [[0, 1]], ""l2_groupings"": [2], ""range_unroll_factors"": [0, 1], ""range_warp_specializes"": [null, null], ""range_num_stages"": [0, 0], ""range_multi_buffers"": [null, true], ""range_flattens"": [null, null], ""load_eviction_policies"": ["""", ""last"", ""first""], ""num_warps"": 8, ""num_stages"": 3, ""indexing"": [""pointer"", ""tensor_descriptor"", ""tensor_descriptor"", ""pointer""], ""atomic_indexing"": [], ""pid_type"": ""flat""}","{""arg0_ndim"": 4, ""arg0_dim0"": 4, ""arg0_dim1"": 32, ""arg0_dim2"": 2048, ""arg0_dim3"": 128, ""arg0_numel"": 33554432, ""arg0_dtype"": ""torch.float16"", ""arg0_dtype_size"": 2, ""arg0_dtype_cat"": 2, ""arg1_ndim"": 4, ""arg1_dim0"": 4, ""arg1_dim1"": 32, ""arg1_dim2"": 2048, ""arg1_dim3"": 128, ""arg1_numel"": 33554432, ""arg1_dtype"": ""torch.float16"", ""arg1_dtype_size"": 2, ""arg1_dtype_cat"": 2, ""arg2_ndim"": 4, ""arg2_dim0"": 4, ""arg2_dim1"": 32, ""arg2_dim2"": 2048, ""arg2_dim3"": 128, ""arg2_numel"": 33554432, ""arg2_dtype"": ""torch.float16"", ""arg2_dtype_size"": 2, ""arg2_dtype_cat"": 2}",0.5140799880027771
attention,7426436cb9eb1fe3,e90f1fde0aa15d55,"{""block_sizes"": [1, 128, 64], ""loop_orders"": [[0, 1]], ""l2_groupings"": [2], ""range_unroll_factors"": [0, 1], ""range_warp_specializes"": [null, null], ""range_num_stages"": [0, 1], ""range_multi_buffers"": [null, true], ""range_flattens"": [null, false], ""load_eviction_policies"": [""last"", """", ""last""], ""num_warps"": 8, ""num_stages"": 3, ""indexing"": [""pointer"", ""pointer"", ""tensor_descriptor"", ""tensor_descriptor""], ""atomic_indexing"": [], ""pid_type"": ""flat""}","{""arg0_ndim"": 4, ""arg0_dim0"": 4, ""arg0_dim1"": 32, ""arg0_dim2"": 2048, ""arg0_dim3"": 128, ""arg0_numel"": 33554432, ""arg0_dtype"": ""torch.float16"", ""arg0_dtype_size"": 2, ""arg0_dtype_cat"": 2, ""arg1_ndim"": 4, ""arg1_dim0"": 4, ""arg1_dim1"": 32, ""arg1_dim2"": 2048, ""arg1_dim3"": 128, ""arg1_numel"": 33554432, ""arg1_dtype"": ""torch.float16"", ""arg1_dtype_size"": 2, ""arg1_dtype_cat"": 2, ""arg2_ndim"": 4, ""arg2_dim0"": 4, ""arg2_dim1"": 32, ""arg2_dim2"": 2048, ""arg2_dim3"": 128, ""arg2_numel"": 33554432, ""arg2_dtype"": ""torch.float16"", ""arg2_dtype_size"": 2, ""arg2_dtype_cat"": 2}",0.5110080242156982
attention,7426436cb9eb1fe3,197f70c883e6e5ad,"{""block_sizes"": [1, 128, 64], ""loop_orders"": [[0, 1]], ""l2_groupings"": [2], ""range_unroll_factors"": [0, 0], ""range_warp_specializes"": [null, null], ""range_num_stages"": [0, 0], ""range_multi_buffers"": [null, false], ""range_flattens"": [null, true], ""load_eviction_policies"": [""last"", ""first"", ""first""], ""num_warps"": 4, ""num_stages"": 2, ""indexing"": [""pointer"", ""tensor_descriptor"", ""pointer"", ""tensor_descriptor""], ""atomic_indexing"": [], ""pid_type"": ""flat""}","{""arg0_ndim"": 4, ""arg0_dim0"": 4, ""arg0_dim1"": 32, ""arg0_dim2"": 2048, ""arg0_dim3"": 128, ""arg0_numel"": 33554432, ""arg0_dtype"": ""torch.float16"", ""arg0_dtype_size"": 2, ""arg0_dtype_cat"": 2, ""arg1_ndim"": 4, ""arg1_dim0"": 4, ""arg1_dim1"": 32, ""arg1_dim2"": 2048, ""arg1_dim3"": 128, ""arg1_numel"": 33554432, ""arg1_dtype"": ""torch.float16"", ""arg1_dtype_size"": 2, ""arg1_dtype_cat"": 2, ""arg2_ndim"": 4, ""arg2_dim0"": 4, ""arg2_dim1"": 32, ""arg2_dim2"": 2048, ""arg2_dim3"": 128, ""arg2_numel"": 33554432, ""arg2_dtype"": ""torch.float16"", ""arg2_dtype_size"": 2, ""arg2_dtype_cat"": 2}",0.5734400153160095
attention,7426436cb9eb1fe3,74c352914e79f5d5,"{""block_sizes"": [1, 128, 64], ""loop_orders"": [[0, 1]], ""l2_groupings"": [2], ""range_unroll_factors"": [0, 2], ""range_warp_specializes"": [null, false], ""range_num_stages"": [0, 0], ""range_multi_buffers"": [null, false], ""range_flattens"": [null, true], ""load_eviction_policies"": [""first"", """", ""first""], ""num_warps"": 8, ""num_stages"": 3, ""indexing"": [""tensor_descriptor"", ""pointer"", ""tensor_descriptor"", ""tensor_descriptor""], ""atomic_indexing"": [], ""pid_type"": ""flat""}","{""arg0_ndim"": 4, ""arg0_dim0"": 4, ""arg0_dim1"": 32, ""arg0_dim2"": 2048, ""arg0_dim3"": 128, ""arg0_numel"": 33554432, ""arg0_dtype"": ""torch.float16"", ""arg0_dtype_size"": 2, ""arg0_dtype_cat"": 2, ""arg1_ndim"": 4, ""arg1_dim0"": 4, ""arg1_dim1"": 32, ""arg1_dim2"": 2048, ""arg1_dim3"": 128, ""arg1_numel"": 33554432, ""arg1_dtype"": ""torch.float16"", ""arg1_dtype_size"": 2, ""arg1_dtype_cat"": 2, ""arg2_ndim"": 4, ""arg2_dim0"": 4, ""arg2_dim1"": 32, ""arg2_dim2"": 2048, ""arg2_dim3"": 128, ""arg2_numel"": 33554432, ""arg2_dtype"": ""torch.float16"", ""arg2_dtype_size"": 2, ""arg2_dtype_cat"": 2}",0.5130879878997803
attention,016cb37e7f221136,1424d8a662dc60cf,"{""block_sizes"": [1, 128, 128], ""loop_orders"": [[0, 1]], ""l2_groupings"": [32], ""range_unroll_factors"": [0, 2], ""range_warp_specializes"": [null, false], ""range_num_stages"": [0, 3], ""range_multi_buffers"": [null, false], ""range_flattens"": [null, false], ""load_eviction_policies"": [""first"", ""last"", ""first""], ""num_warps"": 4, ""num_stages"": 3, ""indexing"": [""pointer"", ""pointer"", ""pointer"", ""tensor_descriptor""], ""atomic_indexing"": [], ""pid_type"": ""flat""}","{""arg0_ndim"": 4, ""arg0_dim0"": 4, ""arg0_dim1"": 32, ""arg0_dim2"": 4096, ""arg0_dim3"": 128, ""arg0_numel"": 67108864, ""arg0_dtype"": ""torch.float16"", ""arg0_dtype_size"": 2, ""arg0_dtype_cat"": 2, ""arg1_ndim"": 4, ""arg1_dim0"": 4, ""arg1_dim1"": 32, ""arg1_dim2"": 4096, ""arg1_dim3"": 128, ""arg1_numel"": 67108864, ""arg1_dtype"": ""torch.float16"", ""arg1_dtype_size"": 2, ""arg1_dtype_cat"": 2, ""arg2_ndim"": 4, ""arg2_dim0"": 4, ""arg2_dim1"": 32, ""arg2_dim2"": 4096, ""arg2_dim3"": 128, ""arg2_numel"": 67108864, ""arg2_dtype"": ""torch.float16"", ""arg2_dtype_size"": 2, ""arg2_dtype_cat"": 2}",7.433759927749634
attention,016cb37e7f221136,29135c77b970e281,"{""block_sizes"": [1, 128, 128], ""loop_orders"": [[0, 1]], ""l2_groupings"": [32], ""range_unroll_factors"": [0, 4], ""range_warp_specializes"": [null, false], ""range_num_stages"": [0, 4], ""range_multi_buffers"": [null, null], ""range_flattens"": [null, false], ""load_eviction_policies"": [""first"", """", ""first""], ""num_warps"": 4, ""num_stages"": 3, ""indexing"": [""tensor_descriptor"", ""pointer"", ""pointer"", ""tensor_descriptor""], ""atomic_indexing"": [], ""pid_type"": ""flat""}","{""arg0_ndim"": 4, ""arg0_dim0"": 4, ""arg0_dim1"": 32, ""arg0_dim2"": 4096, ""arg0_dim3"": 128, ""arg0_numel"": 67108864, ""arg0_dtype"": ""torch.float16"", ""arg0_dtype_size"": 2, ""arg0_dtype_cat"": 2, ""arg1_ndim"": 4, ""arg1_dim0"": 4, ""arg1_dim1"": 32, ""arg1_dim2"": 4096, ""arg1_dim3"": 128, ""arg1_numel"": 67108864, ""arg1_dtype"": ""torch.float16"", ""arg1_dtype_size"": 2, ""arg1_dtype_cat"": 2, ""arg2_ndim"": 4, ""arg2_dim0"": 4, ""arg2_dim1"": 32, ""arg2_dim2"": 4096, ""arg2_dim3"": 128, ""arg2_numel"": 67108864, ""arg2_dtype"": ""torch.float16"", ""arg2_dtype_size"": 2, ""arg2_dtype_cat"": 2}",7.433647871017456
attention,016cb37e7f221136,71d98cc073b6f9c7,"{""block_sizes"": [1, 128, 128], ""loop_orders"": [[0, 1]], ""l2_groupings"": [32], ""range_unroll_factors"": [0, 0], ""range_warp_specializes"": [null, null], ""range_num_stages"": [0, 2], ""range_multi_buffers"": [null, true], ""range_flattens"": [null, true], ""load_eviction_policies"": [""first"", ""last"", ""first""], ""num_warps"": 4, ""num_stages"": 3, ""indexing"": [""tensor_descriptor"", ""tensor_descriptor"", ""pointer"", ""tensor_descriptor""], ""atomic_indexing"": [], ""pid_type"": ""flat""}","{""arg0_ndim"": 4, ""arg0_dim0"": 4, ""arg0_dim1"": 32, ""arg0_dim2"": 4096, ""arg0_dim3"": 128, ""arg0_numel"": 67108864, ""arg0_dtype"": ""torch.float16"", ""arg0_dtype_size"": 2, ""arg0_dtype_cat"": 2, ""arg1_ndim"": 4, ""arg1_dim0"": 4, ""arg1_dim1"": 32, ""arg1_dim2"": 4096, ""arg1_dim3"": 128, ""arg1_numel"": 67108864, ""arg1_dtype"": ""torch.float16"", ""arg1_dtype_size"": 2, ""arg1_dtype_cat"": 2, ""arg2_ndim"": 4, ""arg2_dim0"": 4, ""arg2_dim1"": 32, ""arg2_dim2"": 4096, ""arg2_dim3"": 128, ""arg2_numel"": 67108864, ""arg2_dtype"": ""torch.float16"", ""arg2_dtype_size"": 2, ""arg2_dtype_cat"": 2}",7.431759834289551
attention,016cb37e7f221136,fa0e6212d9dfaba1,"{""block_sizes"": [1, 128, 128], ""loop_orders"": [[1, 0]], ""l2_groupings"": [1], ""range_unroll_factors"": [0, 0], ""range_warp_specializes"": [null, null], ""range_num_stages"": [0, 3], ""range_multi_buffers"": [null, null], ""range_flattens"": [null, true], ""load_eviction_policies"": ["""", ""last"", ""first""], ""num_warps"": 4, ""num_stages"": 3, ""indexing"": [""tensor_descriptor"", ""tensor_descriptor"", ""tensor_descriptor"", ""tensor_descriptor""], ""atomic_indexing"": [], ""pid_type"": ""flat""}","{""arg0_ndim"": 4, ""arg0_dim0"": 4, ""arg0_dim1"": 32, ""arg0_dim2"": 4096, ""arg0_dim3"": 128, ""arg0_numel"": 67108864, ""arg0_dtype"": ""torch.float16"", ""arg0_dtype_size"": 2, ""arg0_dtype_cat"": 2, ""arg1_ndim"": 4, ""arg1_dim0"": 4, ""arg1_dim1"": 32, ""arg1_dim2"": 4096, ""arg1_dim3"": 128, ""arg1_numel"": 67108864, ""arg1_dtype"": ""torch.float16"", ""arg1_dtype_size"": 2, ""arg1_dtype_cat"": 2, ""arg2_ndim"": 4, ""arg2_dim0"": 4, ""arg2_dim1"": 32, ""arg2_dim2"": 4096, ""arg2_dim3"": 128, ""arg2_numel"": 67108864, ""arg2_dtype"": ""torch.float16"", ""arg2_dtype_size"": 2, ""arg2_dtype_cat"": 2}",7.3359198570251465
attention,016cb37e7f221136,018f3cbb5fbec2b3,"{""block_sizes"": [1, 128, 128], ""loop_orders"": [[0, 1]], ""l2_groupings"": [32], ""range_unroll_factors"": [0, 4], ""range_warp_specializes"": [null, null], ""range_num_stages"": [0, 2], ""range_multi_buffers"": [null, false], ""range_flattens"": [null, true], ""load_eviction_policies"": ["""", """", ""first""], ""num_warps"": 4, ""num_stages"": 3, ""indexing"": [""pointer"", ""tensor_descriptor"", ""pointer"", ""tensor_descriptor""], ""atomic_indexing"": [], ""pid_type"": ""flat""}","{""arg0_ndim"": 4, ""arg0_dim0"": 4, ""arg0_dim1"": 32, ""arg0_dim2"": 4096, ""arg0_dim3"": 128, ""arg0_numel"": 67108864, ""arg0_dtype"": ""torch.float16"", ""arg0_dtype_size"": 2, ""arg0_dtype_cat"": 2, ""arg1_ndim"": 4, ""arg1_dim0"": 4, ""arg1_dim1"": 32, ""arg1_dim2"": 4096, ""arg1_dim3"": 128, ""arg1_numel"": 67108864, ""arg1_dtype"": ""torch.float16"", ""arg1_dtype_size"": 2, ""arg1_dtype_cat"": 2, ""arg2_ndim"": 4, ""arg2_dim0"": 4, ""arg2_dim1"": 32, ""arg2_dim2"": 4096, ""arg2_dim3"": 128, ""arg2_numel"": 67108864, ""arg2_dtype"": ""torch.float16"", ""arg2_dtype_size"": 2, ""arg2_dtype_cat"": 2}",7.432223796844482
attention,016cb37e7f221136,4412520d00f6fe18,"{""block_sizes"": [1, 128, 64], ""loop_orders"": [[0, 1]], ""l2_groupings"": [16], ""range_unroll_factors"": [1, 0], ""range_warp_specializes"": [null, null], ""range_num_stages"": [0, 3], ""range_multi_buffers"": [true, false], ""range_flattens"": [false, false], ""load_eviction_policies"": ["""", ""last"", ""first""], ""num_warps"": 4, ""num_stages"": 4, ""indexing"": [""pointer"", ""pointer"", ""pointer"", ""pointer""], ""atomic_indexing"": [], ""pid_type"": ""persistent_interleaved"", ""num_sm_multiplier"": 2}","{""arg0_ndim"": 4, ""arg0_dim0"": 4, ""arg0_dim1"": 32, ""arg0_dim2"": 4096, ""arg0_dim3"": 128, ""arg0_numel"": 67108864, ""arg0_dtype"": ""torch.float16"", ""arg0_dtype_size"": 2, ""arg0_dtype_cat"": 2, ""arg1_ndim"": 4, ""arg1_dim0"": 4, ""arg1_dim1"": 32, ""arg1_dim2"": 4096, ""arg1_dim3"": 128, ""arg1_numel"": 67108864, ""arg1_dtype"": ""torch.float16"", ""arg1_dtype_size"": 2, ""arg1_dtype_cat"": 2, ""arg2_ndim"": 4, ""arg2_dim0"": 4, ""arg2_dim1"": 32, ""arg2_dim2"": 4096, ""arg2_dim3"": 128, ""arg2_numel"": 67108864, ""arg2_dtype"": ""torch.float16"", ""arg2_dtype_size"": 2, ""arg2_dtype_cat"": 2}",1.9343039989471436
attention,016cb37e7f221136,8b544d6ab595df36,"{""block_sizes"": [1, 128, 64], ""loop_orders"": [[1, 0]], ""l2_groupings"": [8], ""range_unroll_factors"": [0, 3], ""range_warp_specializes"": [null, null], ""range_num_stages"": [0, 3], ""range_multi_buffers"": [null, true], ""range_flattens"": [null, true], ""load_eviction_policies"": ["""", ""first"", ""last""], ""num_warps"": 8, ""num_stages"": 3, ""indexing"": [""pointer"", ""pointer"", ""tensor_descriptor"", ""pointer""], ""atomic_indexing"": [], ""pid_type"": ""flat""}","{""arg0_ndim"": 4, ""arg0_dim0"": 4, ""arg0_dim1"": 32, ""arg0_dim2"": 4096, ""arg0_dim3"": 128, ""arg0_numel"": 67108864, ""arg0_dtype"": ""torch.float16"", ""arg0_dtype_size"": 2, ""arg0_dtype_cat"": 2, ""arg1_ndim"": 4, ""arg1_dim0"": 4, ""arg1_dim1"": 32, ""arg1_dim2"": 4096, ""arg1_dim3"": 128, ""arg1_numel"": 67108864, ""arg1_dtype"": ""torch.float16"", ""arg1_dtype_size"": 2, ""arg1_dtype_cat"": 2, ""arg2_ndim"": 4, ""arg2_dim0"": 4, ""arg2_dim1"": 32, ""arg2_dim2"": 4096, ""arg2_dim3"": 128, ""arg2_numel"": 67108864, ""arg2_dtype"": ""torch.float16"", ""arg2_dtype_size"": 2, ""arg2_dtype_cat"": 2}",1.9866079688072205
attention,016cb37e7f221136,f1dda601fe248341,"{""block_sizes"": [1, 128, 64], ""loop_orders"": [[1, 0]], ""l2_groupings"": [1], ""range_unroll_factors"": [0, 4], ""range_warp_specializes"": [null, false], ""range_num_stages"": [0, 4], ""range_multi_buffers"": [null, null], ""range_flattens"": [null, null], ""load_eviction_policies"": [""first"", """", """"], ""num_warps"": 4, ""num_stages"": 3, ""indexing"": [""tensor_descriptor"", ""pointer"", ""tensor_descriptor"", ""tensor_descriptor""], ""atomic_indexing"": [], ""pid_type"": ""flat""}","{""arg0_ndim"": 4, ""arg0_dim0"": 4, ""arg0_dim1"": 32, ""arg0_dim2"": 4096, ""arg0_dim3"": 128, ""arg0_numel"": 67108864, ""arg0_dtype"": ""torch.float16"", ""arg0_dtype_size"": 2, ""arg0_dtype_cat"": 2, ""arg1_ndim"": 4, ""arg1_dim0"": 4, ""arg1_dim1"": 32, ""arg1_dim2"": 4096, ""arg1_dim3"": 128, ""arg1_numel"": 67108864, ""arg1_dtype"": ""torch.float16"", ""arg1_dtype_size"": 2, ""arg1_dtype_cat"": 2, ""arg2_ndim"": 4, ""arg2_dim0"": 4, ""arg2_dim1"": 32, ""arg2_dim2"": 4096, ""arg2_dim3"": 128, ""arg2_numel"": 67108864, ""arg2_dtype"": ""torch.float16"", ""arg2_dtype_size"": 2, ""arg2_dtype_cat"": 2}",1.9681439995765686
attention,016cb37e7f221136,3265e0895ba56199,"{""block_sizes"": [1, 128, 64], ""loop_orders"": [[1, 0]], ""l2_groupings"": [8], ""range_unroll_factors"": [0, 1], ""range_warp_specializes"": [null, false], ""range_num_stages"": [0, 2], ""range_multi_buffers"": [null, null], ""range_flattens"": [null, true], ""load_eviction_policies"": ["""", """", ""first""], ""num_warps"": 8, ""num_stages"": 3, ""indexing"": [""tensor_descriptor"", ""tensor_descriptor"", ""pointer"", ""tensor_descriptor""], ""atomic_indexing"": [], ""pid_type"": ""flat""}","{""arg0_ndim"": 4, ""arg0_dim0"": 4, ""arg0_dim1"": 32, ""arg0_dim2"": 4096, ""arg0_dim3"": 128, ""arg0_numel"": 67108864, ""arg0_dtype"": ""torch.float16"", ""arg0_dtype_size"": 2, ""arg0_dtype_cat"": 2, ""arg1_ndim"": 4, ""arg1_dim0"": 4, ""arg1_dim1"": 32, ""arg1_dim2"": 4096, ""arg1_dim3"": 128, ""arg1_numel"": 67108864, ""arg1_dtype"": ""torch.float16"", ""arg1_dtype_size"": 2, ""arg1_dtype_cat"": 2, ""arg2_ndim"": 4, ""arg2_dim0"": 4, ""arg2_dim1"": 32, ""arg2_dim2"": 4096, ""arg2_dim3"": 128, ""arg2_numel"": 67108864, ""arg2_dtype"": ""torch.float16"", ""arg2_dtype_size"": 2, ""arg2_dtype_cat"": 2}",1.9978559613227844
attention,016cb37e7f221136,18cd65d1f263c609,"{""block_sizes"": [1, 128, 64], ""loop_orders"": [[1, 0]], ""l2_groupings"": [8], ""range_unroll_factors"": [0, 4], ""range_warp_specializes"": [null, null], ""range_num_stages"": [0, 3], ""range_multi_buffers"": [null, true], ""range_flattens"": [null, true], ""load_eviction_policies"": [""first"", ""first"", ""last""], ""num_warps"": 8, ""num_stages"": 3, ""indexing"": [""tensor_descriptor"", ""pointer"", ""tensor_descriptor"", ""pointer""], ""atomic_indexing"": [], ""pid_type"": ""flat""}","{""arg0_ndim"": 4, ""arg0_dim0"": 4, ""arg0_dim1"": 32, ""arg0_dim2"": 4096, ""arg0_dim3"": 128, ""arg0_numel"": 67108864, ""arg0_dtype"": ""torch.float16"", ""arg0_dtype_size"": 2, ""arg0_dtype_cat"": 2, ""arg1_ndim"": 4, ""arg1_dim0"": 4, ""arg1_dim1"": 32, ""arg1_dim2"": 4096, ""arg1_dim3"": 128, ""arg1_numel"": 67108864, ""arg1_dtype"": ""torch.float16"", ""arg1_dtype_size"": 2, ""arg1_dtype_cat"": 2, ""arg2_ndim"": 4, ""arg2_dim0"": 4, ""arg2_dim1"": 32, ""arg2_dim2"": 4096, ""arg2_dim3"": 128, ""arg2_numel"": 67108864, ""arg2_dtype"": ""torch.float16"", ""arg2_dtype_size"": 2, ""arg2_dtype_cat"": 2}",1.9527680277824402
attention,016cb37e7f221136,b62e9711edcad914,"{""block_sizes"": [1, 128, 64], ""loop_orders"": [[0, 1]], ""l2_groupings"": [1], ""range_unroll_factors"": [0, 3], ""range_warp_specializes"": [null, false], ""range_num_stages"": [0, 3], ""range_multi_buffers"": [null, true], ""range_flattens"": [null, true], ""load_eviction_policies"": ["""", ""last"", """"], ""num_warps"": 4, ""num_stages"": 4, ""indexing"": [""tensor_descriptor"", ""pointer"", ""tensor_descriptor"", ""tensor_descriptor""], ""atomic_indexing"": [], ""pid_type"": ""flat""}","{""arg0_ndim"": 4, ""arg0_dim0"": 4, ""arg0_dim1"": 32, ""arg0_dim2"": 4096, ""arg0_dim3"": 128, ""arg0_numel"": 67108864, ""arg0_dtype"": ""torch.float16"", ""arg0_dtype_size"": 2, ""arg0_dtype_cat"": 2, ""arg1_ndim"": 4, ""arg1_dim0"": 4, ""arg1_dim1"": 32, ""arg1_dim2"": 4096, ""arg1_dim3"": 128, ""arg1_numel"": 67108864, ""arg1_dtype"": ""torch.float16"", ""arg1_dtype_size"": 2, ""arg1_dtype_cat"": 2, ""arg2_ndim"": 4, ""arg2_dim0"": 4, ""arg2_dim1"": 32, ""arg2_dim2"": 4096, ""arg2_dim3"": 128, ""arg2_numel"": 67108864, ""arg2_dtype"": ""torch.float16"", ""arg2_dtype_size"": 2, ""arg2_dtype_cat"": 2}",3.070512056350708
attention,016cb37e7f221136,0224f42f7e07247a,"{""block_sizes"": [1, 128, 128], ""loop_orders"": [[1, 0]], ""l2_groupings"": [32], ""range_unroll_factors"": [0, 0], ""range_warp_specializes"": [null, null], ""range_num_stages"": [0, 4], ""range_multi_buffers"": [null, null], ""range_flattens"": [null, null], ""load_eviction_policies"": ["""", ""last"", ""last""], ""num_warps"": 4, ""num_stages"": 2, ""indexing"": [""tensor_descriptor"", ""pointer"", ""pointer"", ""pointer""], ""atomic_indexing"": [], ""pid_type"": ""flat""}","{""arg0_ndim"": 4, ""arg0_dim0"": 4, ""arg0_dim1"": 32, ""arg0_dim2"": 4096, ""arg0_dim3"": 128, ""arg0_numel"": 67108864, ""arg0_dtype"": ""torch.float16"", ""arg0_dtype_size"": 2, ""arg0_dtype_cat"": 2, ""arg1_ndim"": 4, ""arg1_dim0"": 4, ""arg1_dim1"": 32, ""arg1_dim2"": 4096, ""arg1_dim3"": 128, ""arg1_numel"": 67108864, ""arg1_dtype"": ""torch.float16"", ""arg1_dtype_size"": 2, ""arg1_dtype_cat"": 2, ""arg2_ndim"": 4, ""arg2_dim0"": 4, ""arg2_dim1"": 32, ""arg2_dim2"": 4096, ""arg2_dim3"": 128, ""arg2_numel"": 67108864, ""arg2_dtype"": ""torch.float16"", ""arg2_dtype_size"": 2, ""arg2_dtype_cat"": 2}",7.516160011291504
attention,016cb37e7f221136,a018ad7b08e26b2b,"{""block_sizes"": [1, 128, 128], ""loop_orders"": [[1, 0]], ""l2_groupings"": [1], ""range_unroll_factors"": [0, 4], ""range_warp_specializes"": [null, null], ""range_num_stages"": [2, 4], ""range_multi_buffers"": [false, false], ""range_flattens"": [null, true], ""load_eviction_policies"": [""first"", ""last"", ""last""], ""num_warps"": 4, ""num_stages"": 3, ""indexing"": [""tensor_descriptor"", ""pointer"", ""tensor_descriptor"", ""pointer""], ""atomic_indexing"": [], ""pid_type"": ""persistent_interleaved"", ""num_sm_multiplier"": 128}","{""arg0_ndim"": 4, ""arg0_dim0"": 4, ""arg0_dim1"": 32, ""arg0_dim2"": 4096, ""arg0_dim3"": 128, ""arg0_numel"": 67108864, ""arg0_dtype"": ""torch.float16"", ""arg0_dtype_size"": 2, ""arg0_dtype_cat"": 2, ""arg1_ndim"": 4, ""arg1_dim0"": 4, ""arg1_dim1"": 32, ""arg1_dim2"": 4096, ""arg1_dim3"": 128, ""arg1_numel"": 67108864, ""arg1_dtype"": ""torch.float16"", ""arg1_dtype_size"": 2, ""arg1_dtype_cat"": 2, ""arg2_ndim"": 4, ""arg2_dim0"": 4, ""arg2_dim1"": 32, ""arg2_dim2"": 4096, ""arg2_dim3"": 128, ""arg2_numel"": 67108864, ""arg2_dtype"": ""torch.float16"", ""arg2_dtype_size"": 2, ""arg2_dtype_cat"": 2}",7.4679999351501465
attention,016cb37e7f221136,34148bc38a442c3b,"{""block_sizes"": [1, 128, 128], ""loop_orders"": [[1, 0]], ""l2_groupings"": [32], ""range_unroll_factors"": [0, 0], ""range_warp_specializes"": [null, null], ""range_num_stages"": [0, 0], ""range_multi_buffers"": [null, true], ""range_flattens"": [null, null], ""load_eviction_policies"": ["""", ""last"", ""first""], ""num_warps"": 4, ""num_stages"": 3, ""indexing"": [""tensor_descriptor"", ""tensor_descriptor"", ""tensor_descriptor"", ""pointer""], ""atomic_indexing"": [], ""pid_type"": ""flat""}","{""arg0_ndim"": 4, ""arg0_dim0"": 4, ""arg0_dim1"": 32, ""arg0_dim2"": 4096, ""arg0_dim3"": 128, ""arg0_numel"": 67108864, ""arg0_dtype"": ""torch.float16"", ""arg0_dtype_size"": 2, ""arg0_dtype_cat"": 2, ""arg1_ndim"": 4, ""arg1_dim0"": 4, ""arg1_dim1"": 32, ""arg1_dim2"": 4096, ""arg1_dim3"": 128, ""arg1_numel"": 67108864, ""arg1_dtype"": ""torch.float16"", ""arg1_dtype_size"": 2, ""arg1_dtype_cat"": 2, ""arg2_ndim"": 4, ""arg2_dim0"": 4, ""arg2_dim1"": 32, ""arg2_dim2"": 4096, ""arg2_dim3"": 128, ""arg2_numel"": 67108864, ""arg2_dtype"": ""torch.float16"", ""arg2_dtype_size"": 2, ""arg2_dtype_cat"": 2}",7.329360008239746
attention,016cb37e7f221136,ea987733425e4c1b,"{""block_sizes"": [1, 128, 128], ""loop_orders"": [[0, 1]], ""l2_groupings"": [8], ""range_unroll_factors"": [0, 1], ""range_warp_specializes"": [null, null], ""range_num_stages"": [0, 4], ""range_multi_buffers"": [null, false], ""range_flattens"": [null, false], ""load_eviction_policies"": [""first"", """", ""first""], ""num_warps"": 4, ""num_stages"": 3, ""indexing"": [""tensor_descriptor"", ""tensor_descriptor"", ""pointer"", ""pointer""], ""atomic_indexing"": [], ""pid_type"": ""flat""}","{""arg0_ndim"": 4, ""arg0_dim0"": 4, ""arg0_dim1"": 32, ""arg0_dim2"": 4096, ""arg0_dim3"": 128, ""arg0_numel"": 67108864, ""arg0_dtype"": ""torch.float16"", ""arg0_dtype_size"": 2, ""arg0_dtype_cat"": 2, ""arg1_ndim"": 4, ""arg1_dim0"": 4, ""arg1_dim1"": 32, ""arg1_dim2"": 4096, ""arg1_dim3"": 128, ""arg1_numel"": 67108864, ""arg1_dtype"": ""torch.float16"", ""arg1_dtype_size"": 2, ""arg1_dtype_cat"": 2, ""arg2_ndim"": 4, ""arg2_dim0"": 4, ""arg2_dim1"": 32, ""arg2_dim2"": 4096, ""arg2_dim3"": 128, ""arg2_numel"": 67108864, ""arg2_dtype"": ""torch.float16"", ""arg2_dtype_size"": 2, ""arg2_dtype_cat"": 2}",7.330832004547119
attention,016cb37e7f221136,65ab373fc776c2af,"{""block_sizes"": [1, 128, 64], ""loop_orders"": [[0, 1]], ""l2_groupings"": [8], ""range_unroll_factors"": [0, 4], ""range_warp_specializes"": [null, null], ""range_num_stages"": [0, 3], ""range_multi_buffers"": [null, false], ""range_flattens"": [null, false], ""load_eviction_policies"": [""last"", ""first"", ""first""], ""num_warps"": 8, ""num_stages"": 3, ""indexing"": [""pointer"", ""pointer"", ""pointer"", ""tensor_descriptor""], ""atomic_indexing"": [], ""pid_type"": ""flat""}","{""arg0_ndim"": 4, ""arg0_dim0"": 4, ""arg0_dim1"": 32, ""arg0_dim2"": 4096, ""arg0_dim3"": 128, ""arg0_numel"": 67108864, ""arg0_dtype"": ""torch.float16"", ""arg0_dtype_size"": 2, ""arg0_dtype_cat"": 2, ""arg1_ndim"": 4, ""arg1_dim0"": 4, ""arg1_dim1"": 32, ""arg1_dim2"": 4096, ""arg1_dim3"": 128, ""arg1_numel"": 67108864, ""arg1_dtype"": ""torch.float16"", ""arg1_dtype_size"": 2, ""arg1_dtype_cat"": 2, ""arg2_ndim"": 4, ""arg2_dim0"": 4, ""arg2_dim1"": 32, ""arg2_dim2"": 4096, ""arg2_dim3"": 128, ""arg2_numel"": 67108864, ""arg2_dtype"": ""torch.float16"", ""arg2_dtype_size"": 2, ""arg2_dtype_cat"": 2}",1.9057279825210571
attention,016cb37e7f221136,c94f578925dfd8f9,"{""block_sizes"": [1, 128, 64], ""loop_orders"": [[0, 1]], ""l2_groupings"": [2], ""range_unroll_factors"": [0, 1], ""range_warp_specializes"": [null, null], ""range_num_stages"": [0, 0], ""range_multi_buffers"": [null, true], ""range_flattens"": [null, null], ""load_eviction_policies"": ["""", ""last"", ""first""], ""num_warps"": 8, ""num_stages"": 3, ""indexing"": [""pointer"", ""tensor_descriptor"", ""tensor_descriptor"", ""pointer""], ""atomic_indexing"": [], ""pid_type"": ""flat""}","{""arg0_ndim"": 4, ""arg0_dim0"": 4, ""arg0_dim1"": 32, ""arg0_dim2"": 4096, ""arg0_dim3"": 128, ""arg0_numel"": 67108864, ""arg0_dtype"": ""torch.float16"", ""arg0_dtype_size"": 2, ""arg0_dtype_cat"": 2, ""arg1_ndim"": 4, ""arg1_dim0"": 4, ""arg1_dim1"": 32, ""arg1_dim2"": 4096, ""arg1_dim3"": 128, ""arg1_numel"": 67108864, ""arg1_dtype"": ""torch.float16"", ""arg1_dtype_size"": 2, ""arg1_dtype_cat"": 2, ""arg2_ndim"": 4, ""arg2_dim0"": 4, ""arg2_dim1"": 32, ""arg2_dim2"": 4096, ""arg2_dim3"": 128, ""arg2_numel"": 67108864, ""arg2_dtype"": ""torch.float16"", ""arg2_dtype_size"": 2, ""arg2_dtype_cat"": 2}",1.9362879991531372
attention,016cb37e7f221136,e90f1fde0aa15d55,"{""block_sizes"": [1, 128, 64], ""loop_orders"": [[0, 1]], ""l2_groupings"": [2], ""range_unroll_factors"": [0, 1], ""range_warp_specializes"": [null, null], ""range_num_stages"": [0, 1], ""range_multi_buffers"": [null, true], ""range_flattens"": [null, false], ""load_eviction_policies"": [""last"", """", ""last""], ""num_warps"": 8, ""num_stages"": 3, ""indexing"": [""pointer"", ""pointer"", ""tensor_descriptor"", ""tensor_descriptor""], ""atomic_indexing"": [], ""pid_type"": ""flat""}","{""arg0_ndim"": 4, ""arg0_dim0"": 4, ""arg0_dim1"": 32, ""arg0_dim2"": 4096, ""arg0_dim3"": 128, ""arg0_numel"": 67108864, ""arg0_dtype"": ""torch.float16"", ""arg0_dtype_size"": 2, ""arg0_dtype_cat"": 2, ""arg1_ndim"": 4, ""arg1_dim0"": 4, ""arg1_dim1"": 32, ""arg1_dim2"": 4096, ""arg1_dim3"": 128, ""arg1_numel"": 67108864, ""arg1_dtype"": ""torch.float16"", ""arg1_dtype_size"": 2, ""arg1_dtype_cat"": 2, ""arg2_ndim"": 4, ""arg2_dim0"": 4, ""arg2_dim1"": 32, ""arg2_dim2"": 4096, ""arg2_dim3"": 128, ""arg2_numel"": 67108864, ""arg2_dtype"": ""torch.float16"", ""arg2_dtype_size"": 2, ""arg2_dtype_cat"": 2}",1.9097599983215332
attention,016cb37e7f221136,197f70c883e6e5ad,"{""block_sizes"": [1, 128, 64], ""loop_orders"": [[0, 1]], ""l2_groupings"": [2], ""range_unroll_factors"": [0, 0], ""range_warp_specializes"": [null, null], ""range_num_stages"": [0, 0], ""range_multi_buffers"": [null, false], ""range_flattens"": [null, true], ""load_eviction_policies"": [""last"", ""first"", ""first""], ""num_warps"": 4, ""num_stages"": 2, ""indexing"": [""pointer"", ""tensor_descriptor"", ""pointer"", ""tensor_descriptor""], ""atomic_indexing"": [], ""pid_type"": ""flat""}","{""arg0_ndim"": 4, ""arg0_dim0"": 4, ""arg0_dim1"": 32, ""arg0_dim2"": 4096, ""arg0_dim3"": 128, ""arg0_numel"": 67108864, ""arg0_dtype"": ""torch.float16"", ""arg0_dtype_size"": 2, ""arg0_dtype_cat"": 2, ""arg1_ndim"": 4, ""arg1_dim0"": 4, ""arg1_dim1"": 32, ""arg1_dim2"": 4096, ""arg1_dim3"": 128, ""arg1_numel"": 67108864, ""arg1_dtype"": ""torch.float16"", ""arg1_dtype_size"": 2, ""arg1_dtype_cat"": 2, ""arg2_ndim"": 4, ""arg2_dim0"": 4, ""arg2_dim1"": 32, ""arg2_dim2"": 4096, ""arg2_dim3"": 128, ""arg2_numel"": 67108864, ""arg2_dtype"": ""torch.float16"", ""arg2_dtype_size"": 2, ""arg2_dtype_cat"": 2}",2.173904061317444
attention,016cb37e7f221136,74c352914e79f5d5,"{""block_sizes"": [1, 128, 64], ""loop_orders"": [[0, 1]], ""l2_groupings"": [2], ""range_unroll_factors"": [0, 2], ""range_warp_specializes"": [null, false], ""range_num_stages"": [0, 0], ""range_multi_buffers"": [null, false], ""range_flattens"": [null, true], ""load_eviction_policies"": [""first"", """", ""first""], ""num_warps"": 8, ""num_stages"": 3, ""indexing"": [""tensor_descriptor"", ""pointer"", ""tensor_descriptor"", ""tensor_descriptor""], ""atomic_indexing"": [], ""pid_type"": ""flat""}","{""arg0_ndim"": 4, ""arg0_dim0"": 4, ""arg0_dim1"": 32, ""arg0_dim2"": 4096, ""arg0_dim3"": 128, ""arg0_numel"": 67108864, ""arg0_dtype"": ""torch.float16"", ""arg0_dtype_size"": 2, ""arg0_dtype_cat"": 2, ""arg1_ndim"": 4, ""arg1_dim0"": 4, ""arg1_dim1"": 32, ""arg1_dim2"": 4096, ""arg1_dim3"": 128, ""arg1_numel"": 67108864, ""arg1_dtype"": ""torch.float16"", ""arg1_dtype_size"": 2, ""arg1_dtype_cat"": 2, ""arg2_ndim"": 4, ""arg2_dim0"": 4, ""arg2_dim1"": 32, ""arg2_dim2"": 4096, ""arg2_dim3"": 128, ""arg2_numel"": 67108864, ""arg2_dtype"": ""torch.float16"", ""arg2_dtype_size"": 2, ""arg2_dtype_cat"": 2}",1.920032024383545
attention,bed9b4685f44e98f,1424d8a662dc60cf,"{""block_sizes"": [1, 128, 128], ""loop_orders"": [[0, 1]], ""l2_groupings"": [32], ""range_unroll_factors"": [0, 2], ""range_warp_specializes"": [null, false], ""range_num_stages"": [0, 3], ""range_multi_buffers"": [null, false], ""range_flattens"": [null, false], ""load_eviction_policies"": [""first"", ""last"", ""first""], ""num_warps"": 4, ""num_stages"": 3, ""indexing"": [""pointer"", ""pointer"", ""pointer"", ""tensor_descriptor""], ""atomic_indexing"": [], ""pid_type"": ""flat""}","{""arg0_ndim"": 4, ""arg0_dim0"": 4, ""arg0_dim1"": 32, ""arg0_dim2"": 8192, ""arg0_dim3"": 128, ""arg0_numel"": 134217728, ""arg0_dtype"": ""torch.float16"", ""arg0_dtype_size"": 2, ""arg0_dtype_cat"": 2, ""arg1_ndim"": 4, ""arg1_dim0"": 4, ""arg1_dim1"": 32, ""arg1_dim2"": 8192, ""arg1_dim3"": 128, ""arg1_numel"": 134217728, ""arg1_dtype"": ""torch.float16"", ""arg1_dtype_size"": 2, ""arg1_dtype_cat"": 2, ""arg2_ndim"": 4, ""arg2_dim0"": 4, ""arg2_dim1"": 32, ""arg2_dim2"": 8192, ""arg2_dim3"": 128, ""arg2_numel"": 134217728, ""arg2_dtype"": ""torch.float16"", ""arg2_dtype_size"": 2, ""arg2_dtype_cat"": 2}",29.495328903198242
attention,bed9b4685f44e98f,29135c77b970e281,"{""block_sizes"": [1, 128, 128], ""loop_orders"": [[0, 1]], ""l2_groupings"": [32], ""range_unroll_factors"": [0, 4], ""range_warp_specializes"": [null, false], ""range_num_stages"": [0, 4], ""range_multi_buffers"": [null, null], ""range_flattens"": [null, false], ""load_eviction_policies"": [""first"", """", ""first""], ""num_warps"": 4, ""num_stages"": 3, ""indexing"": [""tensor_descriptor"", ""pointer"", ""pointer"", ""tensor_descriptor""], ""atomic_indexing"": [], ""pid_type"": ""flat""}","{""arg0_ndim"": 4, ""arg0_dim0"": 4, ""arg0_dim1"": 32, ""arg0_dim2"": 8192, ""arg0_dim3"": 128, ""arg0_numel"": 134217728, ""arg0_dtype"": ""torch.float16"", ""arg0_dtype_size"": 2, ""arg0_dtype_cat"": 2, ""arg1_ndim"": 4, ""arg1_dim0"": 4, ""arg1_dim1"": 32, ""arg1_dim2"": 8192, ""arg1_dim3"": 128, ""arg1_numel"": 134217728, ""arg1_dtype"": ""torch.float16"", ""arg1_dtype_size"": 2, ""arg1_dtype_cat"": 2, ""arg2_ndim"": 4, ""arg2_dim0"": 4, ""arg2_dim1"": 32, ""arg2_dim2"": 8192, ""arg2_dim3"": 128, ""arg2_numel"": 134217728, ""arg2_dtype"": ""torch.float16"", ""arg2_dtype_size"": 2, ""arg2_dtype_cat"": 2}",29.50147247314453
attention,bed9b4685f44e98f,71d98cc073b6f9c7,"{""block_sizes"": [1, 128, 128], ""loop_orders"": [[0, 1]], ""l2_groupings"": [32], ""range_unroll_factors"": [0, 0], ""range_warp_specializes"": [null, null], ""range_num_stages"": [0, 2], ""range_multi_buffers"": [null, true], ""range_flattens"": [null, true], ""load_eviction_policies"": [""first"", ""last"", ""first""], ""num_warps"": 4, ""num_stages"": 3, ""indexing"": [""tensor_descriptor"", ""tensor_descriptor"", ""pointer"", ""tensor_descriptor""], ""atomic_indexing"": [], ""pid_type"": ""flat""}","{""arg0_ndim"": 4, ""arg0_dim0"": 4, ""arg0_dim1"": 32, ""arg0_dim2"": 8192, ""arg0_dim3"": 128, ""arg0_numel"": 134217728, ""arg0_dtype"": ""torch.float16"", ""arg0_dtype_size"": 2, ""arg0_dtype_cat"": 2, ""arg1_ndim"": 4, ""arg1_dim0"": 4, ""arg1_dim1"": 32, ""arg1_dim2"": 8192, ""arg1_dim3"": 128, ""arg1_numel"": 134217728, ""arg1_dtype"": ""torch.float16"", ""arg1_dtype_size"": 2, ""arg1_dtype_cat"": 2, ""arg2_ndim"": 4, ""arg2_dim0"": 4, ""arg2_dim1"": 32, ""arg2_dim2"": 8192, ""arg2_dim3"": 128, ""arg2_numel"": 134217728, ""arg2_dtype"": ""torch.float16"", ""arg2_dtype_size"": 2, ""arg2_dtype_cat"": 2}",29.503488540649414
attention,bed9b4685f44e98f,fa0e6212d9dfaba1,"{""block_sizes"": [1, 128, 128], ""loop_orders"": [[1, 0]], ""l2_groupings"": [1], ""range_unroll_factors"": [0, 0], ""range_warp_specializes"": [null, null], ""range_num_stages"": [0, 3], ""range_multi_buffers"": [null, null], ""range_flattens"": [null, true], ""load_eviction_policies"": ["""", ""last"", ""first""], ""num_warps"": 4, ""num_stages"": 3, ""indexing"": [""tensor_descriptor"", ""tensor_descriptor"", ""tensor_descriptor"", ""tensor_descriptor""], ""atomic_indexing"": [], ""pid_type"": ""flat""}","{""arg0_ndim"": 4, ""arg0_dim0"": 4, ""arg0_dim1"": 32, ""arg0_dim2"": 8192, ""arg0_dim3"": 128, ""arg0_numel"": 134217728, ""arg0_dtype"": ""torch.float16"", ""arg0_dtype_size"": 2, ""arg0_dtype_cat"": 2, ""arg1_ndim"": 4, ""arg1_dim0"": 4, ""arg1_dim1"": 32, ""arg1_dim2"": 8192, ""arg1_dim3"": 128, ""arg1_numel"": 134217728, ""arg1_dtype"": ""torch.float16"", ""arg1_dtype_size"": 2, ""arg1_dtype_cat"": 2, ""arg2_ndim"": 4, ""arg2_dim0"": 4, ""arg2_dim1"": 32, ""arg2_dim2"": 8192, ""arg2_dim3"": 128, ""arg2_numel"": 134217728, ""arg2_dtype"": ""torch.float16"", ""arg2_dtype_size"": 2, ""arg2_dtype_cat"": 2}",28.756000518798828
attention,bed9b4685f44e98f,018f3cbb5fbec2b3,"{""block_sizes"": [1, 128, 128], ""loop_orders"": [[0, 1]], ""l2_groupings"": [32], ""range_unroll_factors"": [0, 4], ""range_warp_specializes"": [null, null], ""range_num_stages"": [0, 2], ""range_multi_buffers"": [null, false], ""range_flattens"": [null, true], ""load_eviction_policies"": ["""", """", ""first""], ""num_warps"": 4, ""num_stages"": 3, ""indexing"": [""pointer"", ""tensor_descriptor"", ""pointer"", ""tensor_descriptor""], ""atomic_indexing"": [], ""pid_type"": ""flat""}","{""arg0_ndim"": 4, ""arg0_dim0"": 4, ""arg0_dim1"": 32, ""arg0_dim2"": 8192, ""arg0_dim3"": 128, ""arg0_numel"": 134217728, ""arg0_dtype"": ""torch.float16"", ""arg0_dtype_size"": 2, ""arg0_dtype_cat"": 2, ""arg1_ndim"": 4, ""arg1_dim0"": 4, ""arg1_dim1"": 32, ""arg1_dim2"": 8192, ""arg1_dim3"": 128, ""arg1_numel"": 134217728, ""arg1_dtype"": ""torch.float16"", ""arg1_dtype_size"": 2, ""arg1_dtype_cat"": 2, ""arg2_ndim"": 4, ""arg2_dim0"": 4, ""arg2_dim1"": 32, ""arg2_dim2"": 8192, ""arg2_dim3"": 128, ""arg2_numel"": 134217728, ""arg2_dtype"": ""torch.float16"", ""arg2_dtype_size"": 2, ""arg2_dtype_cat"": 2}",29.51372718811035
attention,bed9b4685f44e98f,4412520d00f6fe18,"{""block_sizes"": [1, 128, 64], ""loop_orders"": [[0, 1]], ""l2_groupings"": [16], ""range_unroll_factors"": [1, 0], ""range_warp_specializes"": [null, null], ""range_num_stages"": [0, 3], ""range_multi_buffers"": [true, false], ""range_flattens"": [false, false], ""load_eviction_policies"": ["""", ""last"", ""first""], ""num_warps"": 4, ""num_stages"": 4, ""indexing"": [""pointer"", ""pointer"", ""pointer"", ""pointer""], ""atomic_indexing"": [], ""pid_type"": ""persistent_interleaved"", ""num_sm_multiplier"": 2}","{""arg0_ndim"": 4, ""arg0_dim0"": 4, ""arg0_dim1"": 32, ""arg0_dim2"": 8192, ""arg0_dim3"": 128, ""arg0_numel"": 134217728, ""arg0_dtype"": ""torch.float16"", ""arg0_dtype_size"": 2, ""arg0_dtype_cat"": 2, ""arg1_ndim"": 4, ""arg1_dim0"": 4, ""arg1_dim1"": 32, ""arg1_dim2"": 8192, ""arg1_dim3"": 128, ""arg1_numel"": 134217728, ""arg1_dtype"": ""torch.float16"", ""arg1_dtype_size"": 2, ""arg1_dtype_cat"": 2, ""arg2_ndim"": 4, ""arg2_dim0"": 4, ""arg2_dim1"": 32, ""arg2_dim2"": 8192, ""arg2_dim3"": 128, ""arg2_numel"": 134217728, ""arg2_dtype"": ""torch.float16"", ""arg2_dtype_size"": 2, ""arg2_dtype_cat"": 2}",8.124879837036133
attention,bed9b4685f44e98f,8b544d6ab595df36,"{""block_sizes"": [1, 128, 64], ""loop_orders"": [[1, 0]], ""l2_groupings"": [8], ""range_unroll_factors"": [0, 3], ""range_warp_specializes"": [null, null], ""range_num_stages"": [0, 3], ""range_multi_buffers"": [null, true], ""range_flattens"": [null, true], ""load_eviction_policies"": ["""", ""first"", ""last""], ""num_warps"": 8, ""num_stages"": 3, ""indexing"": [""pointer"", ""pointer"", ""tensor_descriptor"", ""pointer""], ""atomic_indexing"": [], ""pid_type"": ""flat""}","{""arg0_ndim"": 4, ""arg0_dim0"": 4, ""arg0_dim1"": 32, ""arg0_dim2"": 8192, ""arg0_dim3"": 128, ""arg0_numel"": 134217728, ""arg0_dtype"": ""torch.float16"", ""arg0_dtype_size"": 2, ""arg0_dtype_cat"": 2, ""arg1_ndim"": 4, ""arg1_dim0"": 4, ""arg1_dim1"": 32, ""arg1_dim2"": 8192, ""arg1_dim3"": 128, ""arg1_numel"": 134217728, ""arg1_dtype"": ""torch.float16"", ""arg1_dtype_size"": 2, ""arg1_dtype_cat"": 2, ""arg2_ndim"": 4, ""arg2_dim0"": 4, ""arg2_dim1"": 32, ""arg2_dim2"": 8192, ""arg2_dim3"": 128, ""arg2_numel"": 134217728, ""arg2_dtype"": ""torch.float16"", ""arg2_dtype_size"": 2, ""arg2_dtype_cat"": 2}",8.406591892242432
attention,bed9b4685f44e98f,f1dda601fe248341,"{""block_sizes"": [1, 128, 64], ""loop_orders"": [[1, 0]], ""l2_groupings"": [1], ""range_unroll_factors"": [0, 4], ""range_warp_specializes"": [null, false], ""range_num_stages"": [0, 4], ""range_multi_buffers"": [null, null], ""range_flattens"": [null, null], ""load_eviction_policies"": [""first"", """", """"], ""num_warps"": 4, ""num_stages"": 3, ""indexing"": [""tensor_descriptor"", ""pointer"", ""tensor_descriptor"", ""tensor_descriptor""], ""atomic_indexing"": [], ""pid_type"": ""flat""}","{""arg0_ndim"": 4, ""arg0_dim0"": 4, ""arg0_dim1"": 32, ""arg0_dim2"": 8192, ""arg0_dim3"": 128, ""arg0_numel"": 134217728, ""arg0_dtype"": ""torch.float16"", ""arg0_dtype_size"": 2, ""arg0_dtype_cat"": 2, ""arg1_ndim"": 4, ""arg1_dim0"": 4, ""arg1_dim1"": 32, ""arg1_dim2"": 8192, ""arg1_dim3"": 128, ""arg1_numel"": 134217728, ""arg1_dtype"": ""torch.float16"", ""arg1_dtype_size"": 2, ""arg1_dtype_cat"": 2, ""arg2_ndim"": 4, ""arg2_dim0"": 4, ""arg2_dim1"": 32, ""arg2_dim2"": 8192, ""arg2_dim3"": 128, ""arg2_numel"": 134217728, ""arg2_dtype"": ""torch.float16"", ""arg2_dtype_size"": 2, ""arg2_dtype_cat"": 2}",8.26318359375
attention,bed9b4685f44e98f,3265e0895ba56199,"{""block_sizes"": [1, 128, 64], ""loop_orders"": [[1, 0]], ""l2_groupings"": [8], ""range_unroll_factors"": [0, 1], ""range_warp_specializes"": [null, false], ""range_num_stages"": [0, 2], ""range_multi_buffers"": [null, null], ""range_flattens"": [null, true], ""load_eviction_policies"": ["""", """", ""first""], ""num_warps"": 8, ""num_stages"": 3, ""indexing"": [""tensor_descriptor"", ""tensor_descriptor"", ""pointer"", ""tensor_descriptor""], ""atomic_indexing"": [], ""pid_type"": ""flat""}","{""arg0_ndim"": 4, ""arg0_dim0"": 4, ""arg0_dim1"": 32, ""arg0_dim2"": 8192, ""arg0_dim3"": 128, ""arg0_numel"": 134217728, ""arg0_dtype"": ""torch.float16"", ""arg0_dtype_size"": 2, ""arg0_dtype_cat"": 2, ""arg1_ndim"": 4, ""arg1_dim0"": 4, ""arg1_dim1"": 32, ""arg1_dim2"": 8192, ""arg1_dim3"": 128, ""arg1_numel"": 134217728, ""arg1_dtype"": ""torch.float16"", ""arg1_dtype_size"": 2, ""arg1_dtype_cat"": 2, ""arg2_ndim"": 4, ""arg2_dim0"": 4, ""arg2_dim1"": 32, ""arg2_dim2"": 8192, ""arg2_dim3"": 128, ""arg2_numel"": 134217728, ""arg2_dtype"": ""torch.float16"", ""arg2_dtype_size"": 2, ""arg2_dtype_cat"": 2}",9.085903644561768
attention,bed9b4685f44e98f,18cd65d1f263c609,"{""block_sizes"": [1, 128, 64], ""loop_orders"": [[1, 0]], ""l2_groupings"": [8], ""range_unroll_factors"": [0, 4], ""range_warp_specializes"": [null, null], ""range_num_stages"": [0, 3], ""range_multi_buffers"": [null, true], ""range_flattens"": [null, true], ""load_eviction_policies"": [""first"", ""first"", ""last""], ""num_warps"": 8, ""num_stages"": 3, ""indexing"": [""tensor_descriptor"", ""pointer"", ""tensor_descriptor"", ""pointer""], ""atomic_indexing"": [], ""pid_type"": ""flat""}","{""arg0_ndim"": 4, ""arg0_dim0"": 4, ""arg0_dim1"": 32, ""arg0_dim2"": 8192, ""arg0_dim3"": 128, ""arg0_numel"": 134217728, ""arg0_dtype"": ""torch.float16"", ""arg0_dtype_size"": 2, ""arg0_dtype_cat"": 2, ""arg1_ndim"": 4, ""arg1_dim0"": 4, ""arg1_dim1"": 32, ""arg1_dim2"": 8192, ""arg1_dim3"": 128, ""arg1_numel"": 134217728, ""arg1_dtype"": ""torch.float16"", ""arg1_dtype_size"": 2, ""arg1_dtype_cat"": 2, ""arg2_ndim"": 4, ""arg2_dim0"": 4, ""arg2_dim1"": 32, ""arg2_dim2"": 8192, ""arg2_dim3"": 128, ""arg2_numel"": 134217728, ""arg2_dtype"": ""torch.float16"", ""arg2_dtype_size"": 2, ""arg2_dtype_cat"": 2}",8.9476957321167
attention,bed9b4685f44e98f,b62e9711edcad914,"{""block_sizes"": [1, 128, 64], ""loop_orders"": [[0, 1]], ""l2_groupings"": [1], ""range_unroll_factors"": [0, 3], ""range_warp_specializes"": [null, false], ""range_num_stages"": [0, 3], ""range_multi_buffers"": [null, true], ""range_flattens"": [null, true], ""load_eviction_policies"": ["""", ""last"", """"], ""num_warps"": 4, ""num_stages"": 4, ""indexing"": [""tensor_descriptor"", ""pointer"", ""tensor_descriptor"", ""tensor_descriptor""], ""atomic_indexing"": [], ""pid_type"": ""flat""}","{""arg0_ndim"": 4, ""arg0_dim0"": 4, ""arg0_dim1"": 32, ""arg0_dim2"": 8192, ""arg0_dim3"": 128, ""arg0_numel"": 134217728, ""arg0_dtype"": ""torch.float16"", ""arg0_dtype_size"": 2, ""arg0_dtype_cat"": 2, ""arg1_ndim"": 4, ""arg1_dim0"": 4, ""arg1_dim1"": 32, ""arg1_dim2"": 8192, ""arg1_dim3"": 128, ""arg1_numel"": 134217728, ""arg1_dtype"": ""torch.float16"", ""arg1_dtype_size"": 2, ""arg1_dtype_cat"": 2, ""arg2_ndim"": 4, ""arg2_dim0"": 4, ""arg2_dim1"": 32, ""arg2_dim2"": 8192, ""arg2_dim3"": 128, ""arg2_numel"": 134217728, ""arg2_dtype"": ""torch.float16"", ""arg2_dtype_size"": 2, ""arg2_dtype_cat"": 2}",13.380655765533447
attention,bed9b4685f44e98f,0224f42f7e07247a,"{""block_sizes"": [1, 128, 128], ""loop_orders"": [[1, 0]], ""l2_groupings"": [32], ""range_unroll_factors"": [0, 0], ""range_warp_specializes"": [null, null], ""range_num_stages"": [0, 4], ""range_multi_buffers"": [null, null], ""range_flattens"": [null, null], ""load_eviction_policies"": ["""", ""last"", ""last""], ""num_warps"": 4, ""num_stages"": 2, ""indexing"": [""tensor_descriptor"", ""pointer"", ""pointer"", ""pointer""], ""atomic_indexing"": [], ""pid_type"": ""flat""}","{""arg0_ndim"": 4, ""arg0_dim0"": 4, ""arg0_dim1"": 32, ""arg0_dim2"": 8192, ""arg0_dim3"": 128, ""arg0_numel"": 134217728, ""arg0_dtype"": ""torch.float16"", ""arg0_dtype_size"": 2, ""arg0_dtype_cat"": 2, ""arg1_ndim"": 4, ""arg1_dim0"": 4, ""arg1_dim1"": 32, ""arg1_dim2"": 8192, ""arg1_dim3"": 128, ""arg1_numel"": 134217728, ""arg1_dtype"": ""torch.float16"", ""arg1_dtype_size"": 2, ""arg1_dtype_cat"": 2, ""arg2_ndim"": 4, ""arg2_dim0"": 4, ""arg2_dim1"": 32, ""arg2_dim2"": 8192, ""arg2_dim3"": 128, ""arg2_numel"": 134217728, ""arg2_dtype"": ""torch.float16"", ""arg2_dtype_size"": 2, ""arg2_dtype_cat"": 2}",29.3438720703125
attention,bed9b4685f44e98f,a018ad7b08e26b2b,"{""block_sizes"": [1, 128, 128], ""loop_orders"": [[1, 0]], ""l2_groupings"": [1], ""range_unroll_factors"": [0, 4], ""range_warp_specializes"": [null, null], ""range_num_stages"": [2, 4], ""range_multi_buffers"": [false, false], ""range_flattens"": [null, true], ""load_eviction_policies"": [""first"", ""last"", ""last""], ""num_warps"": 4, ""num_stages"": 3, ""indexing"": [""tensor_descriptor"", ""pointer"", ""tensor_descriptor"", ""pointer""], ""atomic_indexing"": [], ""pid_type"": ""persistent_interleaved"", ""num_sm_multiplier"": 128}","{""arg0_ndim"": 4, ""arg0_dim0"": 4, ""arg0_dim1"": 32, ""arg0_dim2"": 8192, ""arg0_dim3"": 128, ""arg0_numel"": 134217728, ""arg0_dtype"": ""torch.float16"", ""arg0_dtype_size"": 2, ""arg0_dtype_cat"": 2, ""arg1_ndim"": 4, ""arg1_dim0"": 4, ""arg1_dim1"": 32, ""arg1_dim2"": 8192, ""arg1_dim3"": 128, ""arg1_numel"": 134217728, ""arg1_dtype"": ""torch.float16"", ""arg1_dtype_size"": 2, ""arg1_dtype_cat"": 2, ""arg2_ndim"": 4, ""arg2_dim0"": 4, ""arg2_dim1"": 32, ""arg2_dim2"": 8192, ""arg2_dim3"": 128, ""arg2_numel"": 134217728, ""arg2_dtype"": ""torch.float16"", ""arg2_dtype_size"": 2, ""arg2_dtype_cat"": 2}",29.247520446777344
attention,bed9b4685f44e98f,34148bc38a442c3b,"{""block_sizes"": [1, 128, 128], ""loop_orders"": [[1, 0]], ""l2_groupings"": [32], ""range_unroll_factors"": [0, 0], ""range_warp_specializes"": [null, null], ""range_num_stages"": [0, 0], ""range_multi_buffers"": [null, true], ""range_flattens"": [null, null], ""load_eviction_policies"": ["""", ""last"", ""first""], ""num_warps"": 4, ""num_stages"": 3, ""indexing"": [""tensor_descriptor"", ""tensor_descriptor"", ""tensor_descriptor"", ""pointer""], ""atomic_indexing"": [], ""pid_type"": ""flat""}","{""arg0_ndim"": 4, ""arg0_dim0"": 4, ""arg0_dim1"": 32, ""arg0_dim2"": 8192, ""arg0_dim3"": 128, ""arg0_numel"": 134217728, ""arg0_dtype"": ""torch.float16"", ""arg0_dtype_size"": 2, ""arg0_dtype_cat"": 2, ""arg1_ndim"": 4, ""arg1_dim0"": 4, ""arg1_dim1"": 32, ""arg1_dim2"": 8192, ""arg1_dim3"": 128, ""arg1_numel"": 134217728, ""arg1_dtype"": ""torch.float16"", ""arg1_dtype_size"": 2, ""arg1_dtype_cat"": 2, ""arg2_ndim"": 4, ""arg2_dim0"": 4, ""arg2_dim1"": 32, ""arg2_dim2"": 8192, ""arg2_dim3"": 128, ""arg2_numel"": 134217728, ""arg2_dtype"": ""torch.float16"", ""arg2_dtype_size"": 2, ""arg2_dtype_cat"": 2}",28.786720275878906
attention,bed9b4685f44e98f,ea987733425e4c1b,"{""block_sizes"": [1, 128, 128], ""loop_orders"": [[0, 1]], ""l2_groupings"": [8], ""range_unroll_factors"": [0, 1], ""range_warp_specializes"": [null, null], ""range_num_stages"": [0, 4], ""range_multi_buffers"": [null, false], ""range_flattens"": [null, false], ""load_eviction_policies"": [""first"", """", ""first""], ""num_warps"": 4, ""num_stages"": 3, ""indexing"": [""tensor_descriptor"", ""tensor_descriptor"", ""pointer"", ""pointer""], ""atomic_indexing"": [], ""pid_type"": ""flat""}","{""arg0_ndim"": 4, ""arg0_dim0"": 4, ""arg0_dim1"": 32, ""arg0_dim2"": 8192, ""arg0_dim3"": 128, ""arg0_numel"": 134217728, ""arg0_dtype"": ""torch.float16"", ""arg0_dtype_size"": 2, ""arg0_dtype_cat"": 2, ""arg1_ndim"": 4, ""arg1_dim0"": 4, ""arg1_dim1"": 32, ""arg1_dim2"": 8192, ""arg1_dim3"": 128, ""arg1_numel"": 134217728, ""arg1_dtype"": ""torch.float16"", ""arg1_dtype_size"": 2, ""arg1_dtype_cat"": 2, ""arg2_ndim"": 4, ""arg2_dim0"": 4, ""arg2_dim1"": 32, ""arg2_dim2"": 8192, ""arg2_dim3"": 128, ""arg2_numel"": 134217728, ""arg2_dtype"": ""torch.float16"", ""arg2_dtype_size"": 2, ""arg2_dtype_cat"": 2}",28.768320083618164
attention,bed9b4685f44e98f,65ab373fc776c2af,"{""block_sizes"": [1, 128, 64], ""loop_orders"": [[0, 1]], ""l2_groupings"": [8], ""range_unroll_factors"": [0, 4], ""range_warp_specializes"": [null, null], ""range_num_stages"": [0, 3], ""range_multi_buffers"": [null, false], ""range_flattens"": [null, false], ""load_eviction_policies"": [""last"", ""first"", ""first""], ""num_warps"": 8, ""num_stages"": 3, ""indexing"": [""pointer"", ""pointer"", ""pointer"", ""tensor_descriptor""], ""atomic_indexing"": [], ""pid_type"": ""flat""}","{""arg0_ndim"": 4, ""arg0_dim0"": 4, ""arg0_dim1"": 32, ""arg0_dim2"": 8192, ""arg0_dim3"": 128, ""arg0_numel"": 134217728, ""arg0_dtype"": ""torch.float16"", ""arg0_dtype_size"": 2, ""arg0_dtype_cat"": 2, ""arg1_ndim"": 4, ""arg1_dim0"": 4, ""arg1_dim1"": 32, ""arg1_dim2"": 8192, ""arg1_dim3"": 128, ""arg1_numel"": 134217728, ""arg1_dtype"": ""torch.float16"", ""arg1_dtype_size"": 2, ""arg1_dtype_cat"": 2, ""arg2_ndim"": 4, ""arg2_dim0"": 4, ""arg2_dim1"": 32, ""arg2_dim2"": 8192, ""arg2_dim3"": 128, ""arg2_numel"": 134217728, ""arg2_dtype"": ""torch.float16"", ""arg2_dtype_size"": 2, ""arg2_dtype_cat"": 2}",8.439839839935303
attention,bed9b4685f44e98f,c94f578925dfd8f9,"{""block_sizes"": [1, 128, 64], ""loop_orders"": [[0, 1]], ""l2_groupings"": [2], ""range_unroll_factors"": [0, 1], ""range_warp_specializes"": [null, null], ""range_num_stages"": [0, 0], ""range_multi_buffers"": [null, true], ""range_flattens"": [null, null], ""load_eviction_policies"": ["""", ""last"", ""first""], ""num_warps"": 8, ""num_stages"": 3, ""indexing"": [""pointer"", ""tensor_descriptor"", ""tensor_descriptor"", ""pointer""], ""atomic_indexing"": [], ""pid_type"": ""flat""}","{""arg0_ndim"": 4, ""arg0_dim0"": 4, ""arg0_dim1"": 32, ""arg0_dim2"": 8192, ""arg0_dim3"": 128, ""arg0_numel"": 134217728, ""arg0_dtype"": ""torch.float16"", ""arg0_dtype_size"": 2, ""arg0_dtype_cat"": 2, ""arg1_ndim"": 4, ""arg1_dim0"": 4, ""arg1_dim1"": 32, ""arg1_dim2"": 8192, ""arg1_dim3"": 128, ""arg1_numel"": 134217728, ""arg1_dtype"": ""torch.float16"", ""arg1_dtype_size"": 2, ""arg1_dtype_cat"": 2, ""arg2_ndim"": 4, ""arg2_dim0"": 4, ""arg2_dim1"": 32, ""arg2_dim2"": 8192, ""arg2_dim3"": 128, ""arg2_numel"": 134217728, ""arg2_dtype"": ""torch.float16"", ""arg2_dtype_size"": 2, ""arg2_dtype_cat"": 2}",8.47102403640747
attention,bed9b4685f44e98f,e90f1fde0aa15d55,"{""block_sizes"": [1, 128, 64], ""loop_orders"": [[0, 1]], ""l2_groupings"": [2], ""range_unroll_factors"": [0, 1], ""range_warp_specializes"": [null, null], ""range_num_stages"": [0, 1], ""range_multi_buffers"": [null, true], ""range_flattens"": [null, false], ""load_eviction_policies"": [""last"", """", ""last""], ""num_warps"": 8, ""num_stages"": 3, ""indexing"": [""pointer"", ""pointer"", ""tensor_descriptor"", ""tensor_descriptor""], ""atomic_indexing"": [], ""pid_type"": ""flat""}","{""arg0_ndim"": 4, ""arg0_dim0"": 4, ""arg0_dim1"": 32, ""arg0_dim2"": 8192, ""arg0_dim3"": 128, ""arg0_numel"": 134217728, ""arg0_dtype"": ""torch.float16"", ""arg0_dtype_size"": 2, ""arg0_dtype_cat"": 2, ""arg1_ndim"": 4, ""arg1_dim0"": 4, ""arg1_dim1"": 32, ""arg1_dim2"": 8192, ""arg1_dim3"": 128, ""arg1_numel"": 134217728, ""arg1_dtype"": ""torch.float16"", ""arg1_dtype_size"": 2, ""arg1_dtype_cat"": 2, ""arg2_ndim"": 4, ""arg2_dim0"": 4, ""arg2_dim1"": 32, ""arg2_dim2"": 8192, ""arg2_dim3"": 128, ""arg2_numel"": 134217728, ""arg2_dtype"": ""torch.float16"", ""arg2_dtype_size"": 2, ""arg2_dtype_cat"": 2}",8.272319793701172
attention,bed9b4685f44e98f,197f70c883e6e5ad,"{""block_sizes"": [1, 128, 64], ""loop_orders"": [[0, 1]], ""l2_groupings"": [2], ""range_unroll_factors"": [0, 0], ""range_warp_specializes"": [null, null], ""range_num_stages"": [0, 0], ""range_multi_buffers"": [null, false], ""range_flattens"": [null, true], ""load_eviction_policies"": [""last"", ""first"", ""first""], ""num_warps"": 4, ""num_stages"": 2, ""indexing"": [""pointer"", ""tensor_descriptor"", ""pointer"", ""tensor_descriptor""], ""atomic_indexing"": [], ""pid_type"": ""flat""}","{""arg0_ndim"": 4, ""arg0_dim0"": 4, ""arg0_dim1"": 32, ""arg0_dim2"": 8192, ""arg0_dim3"": 128, ""arg0_numel"": 134217728, ""arg0_dtype"": ""torch.float16"", ""arg0_dtype_size"": 2, ""arg0_dtype_cat"": 2, ""arg1_ndim"": 4, ""arg1_dim0"": 4, ""arg1_dim1"": 32, ""arg1_dim2"": 8192, ""arg1_dim3"": 128, ""arg1_numel"": 134217728, ""arg1_dtype"": ""torch.float16"", ""arg1_dtype_size"": 2, ""arg1_dtype_cat"": 2, ""arg2_ndim"": 4, ""arg2_dim0"": 4, ""arg2_dim1"": 32, ""arg2_dim2"": 8192, ""arg2_dim3"": 128, ""arg2_numel"": 134217728, ""arg2_dtype"": ""torch.float16"", ""arg2_dtype_size"": 2, ""arg2_dtype_cat"": 2}",8.85478401184082
attention,bed9b4685f44e98f,74c352914e79f5d5,"{""block_sizes"": [1, 128, 64], ""loop_orders"": [[0, 1]], ""l2_groupings"": [2], ""range_unroll_factors"": [0, 2], ""range_warp_specializes"": [null, false], ""range_num_stages"": [0, 0], ""range_multi_buffers"": [null, false], ""range_flattens"": [null, true], ""load_eviction_policies"": [""first"", """", ""first""], ""num_warps"": 8, ""num_stages"": 3, ""indexing"": [""tensor_descriptor"", ""pointer"", ""tensor_descriptor"", ""tensor_descriptor""], ""atomic_indexing"": [], ""pid_type"": ""flat""}","{""arg0_ndim"": 4, ""arg0_dim0"": 4, ""arg0_dim1"": 32, ""arg0_dim2"": 8192, ""arg0_dim3"": 128, ""arg0_numel"": 134217728, ""arg0_dtype"": ""torch.float16"", ""arg0_dtype_size"": 2, ""arg0_dtype_cat"": 2, ""arg1_ndim"": 4, ""arg1_dim0"": 4, ""arg1_dim1"": 32, ""arg1_dim2"": 8192, ""arg1_dim3"": 128, ""arg1_numel"": 134217728, ""arg1_dtype"": ""torch.float16"", ""arg1_dtype_size"": 2, ""arg1_dtype_cat"": 2, ""arg2_ndim"": 4, ""arg2_dim0"": 4, ""arg2_dim1"": 32, ""arg2_dim2"": 8192, ""arg2_dim3"": 128, ""arg2_numel"": 134217728, ""arg2_dtype"": ""torch.float16"", ""arg2_dtype_size"": 2, ""arg2_dtype_cat"": 2}",8.275440216064453
attention,032f0e5c10e45860,1424d8a662dc60cf,"{""block_sizes"": [1, 128, 128], ""loop_orders"": [[0, 1]], ""l2_groupings"": [32], ""range_unroll_factors"": [0, 2], ""range_warp_specializes"": [null, false], ""range_num_stages"": [0, 3], ""range_multi_buffers"": [null, false], ""range_flattens"": [null, false], ""load_eviction_policies"": [""first"", ""last"", ""first""], ""num_warps"": 4, ""num_stages"": 3, ""indexing"": [""pointer"", ""pointer"", ""pointer"", ""tensor_descriptor""], ""atomic_indexing"": [], ""pid_type"": ""flat""}","{""arg0_ndim"": 4, ""arg0_dim0"": 4, ""arg0_dim1"": 32, ""arg0_dim2"": 16384, ""arg0_dim3"": 128, ""arg0_numel"": 268435456, ""arg0_dtype"": ""torch.float16"", ""arg0_dtype_size"": 2, ""arg0_dtype_cat"": 2, ""arg1_ndim"": 4, ""arg1_dim0"": 4, ""arg1_dim1"": 32, ""arg1_dim2"": 16384, ""arg1_dim3"": 128, ""arg1_numel"": 268435456, ""arg1_dtype"": ""torch.float16"", ""arg1_dtype_size"": 2, ""arg1_dtype_cat"": 2, ""arg2_ndim"": 4, ""arg2_dim0"": 4, ""arg2_dim1"": 32, ""arg2_dim2"": 16384, ""arg2_dim3"": 128, ""arg2_numel"": 268435456, ""arg2_dtype"": ""torch.float16"", ""arg2_dtype_size"": 2, ""arg2_dtype_cat"": 2}",117.88697814941406
attention,032f0e5c10e45860,29135c77b970e281,"{""block_sizes"": [1, 128, 128], ""loop_orders"": [[0, 1]], ""l2_groupings"": [32], ""range_unroll_factors"": [0, 4], ""range_warp_specializes"": [null, false], ""range_num_stages"": [0, 4], ""range_multi_buffers"": [null, null], ""range_flattens"": [null, false], ""load_eviction_policies"": [""first"", """", ""first""], ""num_warps"": 4, ""num_stages"": 3, ""indexing"": [""tensor_descriptor"", ""pointer"", ""pointer"", ""tensor_descriptor""], ""atomic_indexing"": [], ""pid_type"": ""flat""}","{""arg0_ndim"": 4, ""arg0_dim0"": 4, ""arg0_dim1"": 32, ""arg0_dim2"": 16384, ""arg0_dim3"": 128, ""arg0_numel"": 268435456, ""arg0_dtype"": ""torch.float16"", ""arg0_dtype_size"": 2, ""arg0_dtype_cat"": 2, ""arg1_ndim"": 4, ""arg1_dim0"": 4, ""arg1_dim1"": 32, ""arg1_dim2"": 16384, ""arg1_dim3"": 128, ""arg1_numel"": 268435456, ""arg1_dtype"": ""torch.float16"", ""arg1_dtype_size"": 2, ""arg1_dtype_cat"": 2, ""arg2_ndim"": 4, ""arg2_dim0"": 4, ""arg2_dim1"": 32, ""arg2_dim2"": 16384, ""arg2_dim3"": 128, ""arg2_numel"": 268435456, ""arg2_dtype"": ""torch.float16"", ""arg2_dtype_size"": 2, ""arg2_dtype_cat"": 2}",117.90338897705078
attention,032f0e5c10e45860,71d98cc073b6f9c7,"{""block_sizes"": [1, 128, 128], ""loop_orders"": [[0, 1]], ""l2_groupings"": [32], ""range_unroll_factors"": [0, 0], ""range_warp_specializes"": [null, null], ""range_num_stages"": [0, 2], ""range_multi_buffers"": [null, true], ""range_flattens"": [null, true], ""load_eviction_policies"": [""first"", ""last"", ""first""], ""num_warps"": 4, ""num_stages"": 3, ""indexing"": [""tensor_descriptor"", ""tensor_descriptor"", ""pointer"", ""tensor_descriptor""], ""atomic_indexing"": [], ""pid_type"": ""flat""}","{""arg0_ndim"": 4, ""arg0_dim0"": 4, ""arg0_dim1"": 32, ""arg0_dim2"": 16384, ""arg0_dim3"": 128, ""arg0_numel"": 268435456, ""arg0_dtype"": ""torch.float16"", ""arg0_dtype_size"": 2, ""arg0_dtype_cat"": 2, ""arg1_ndim"": 4, ""arg1_dim0"": 4, ""arg1_dim1"": 32, ""arg1_dim2"": 16384, ""arg1_dim3"": 128, ""arg1_numel"": 268435456, ""arg1_dtype"": ""torch.float16"", ""arg1_dtype_size"": 2, ""arg1_dtype_cat"": 2, ""arg2_ndim"": 4, ""arg2_dim0"": 4, ""arg2_dim1"": 32, ""arg2_dim2"": 16384, ""arg2_dim3"": 128, ""arg2_numel"": 268435456, ""arg2_dtype"": ""torch.float16"", ""arg2_dtype_size"": 2, ""arg2_dtype_cat"": 2}",118.01193237304688
attention,032f0e5c10e45860,fa0e6212d9dfaba1,"{""block_sizes"": [1, 128, 128], ""loop_orders"": [[1, 0]], ""l2_groupings"": [1], ""range_unroll_factors"": [0, 0], ""range_warp_specializes"": [null, null], ""range_num_stages"": [0, 3], ""range_multi_buffers"": [null, null], ""range_flattens"": [null, true], ""load_eviction_policies"": ["""", ""last"", ""first""], ""num_warps"": 4, ""num_stages"": 3, ""indexing"": [""tensor_descriptor"", ""tensor_descriptor"", ""tensor_descriptor"", ""tensor_descriptor""], ""atomic_indexing"": [], ""pid_type"": ""flat""}","{""arg0_ndim"": 4, ""arg0_dim0"": 4, ""arg0_dim1"": 32, ""arg0_dim2"": 16384, ""arg0_dim3"": 128, ""arg0_numel"": 268435456, ""arg0_dtype"": ""torch.float16"", ""arg0_dtype_size"": 2, ""arg0_dtype_cat"": 2, ""arg1_ndim"": 4, ""arg1_dim0"": 4, ""arg1_dim1"": 32, ""arg1_dim2"": 16384, ""arg1_dim3"": 128, ""arg1_numel"": 268435456, ""arg1_dtype"": ""torch.float16"", ""arg1_dtype_size"": 2, ""arg1_dtype_cat"": 2, ""arg2_ndim"": 4, ""arg2_dim0"": 4, ""arg2_dim1"": 32, ""arg2_dim2"": 16384, ""arg2_dim3"": 128, ""arg2_numel"": 268435456, ""arg2_dtype"": ""torch.float16"", ""arg2_dtype_size"": 2, ""arg2_dtype_cat"": 2}",113.82972717285156
attention,032f0e5c10e45860,018f3cbb5fbec2b3,"{""block_sizes"": [1, 128, 128], ""loop_orders"": [[0, 1]], ""l2_groupings"": [32], ""range_unroll_factors"": [0, 4], ""range_warp_specializes"": [null, null], ""range_num_stages"": [0, 2], ""range_multi_buffers"": [null, false], ""range_flattens"": [null, true], ""load_eviction_policies"": ["""", """", ""first""], ""num_warps"": 4, ""num_stages"": 3, ""indexing"": [""pointer"", ""tensor_descriptor"", ""pointer"", ""tensor_descriptor""], ""atomic_indexing"": [], ""pid_type"": ""flat""}","{""arg0_ndim"": 4, ""arg0_dim0"": 4, ""arg0_dim1"": 32, ""arg0_dim2"": 16384, ""arg0_dim3"": 128, ""arg0_numel"": 268435456, ""arg0_dtype"": ""torch.float16"", ""arg0_dtype_size"": 2, ""arg0_dtype_cat"": 2, ""arg1_ndim"": 4, ""arg1_dim0"": 4, ""arg1_dim1"": 32, ""arg1_dim2"": 16384, ""arg1_dim3"": 128, ""arg1_numel"": 268435456, ""arg1_dtype"": ""torch.float16"", ""arg1_dtype_size"": 2, ""arg1_dtype_cat"": 2, ""arg2_ndim"": 4, ""arg2_dim0"": 4, ""arg2_dim1"": 32, ""arg2_dim2"": 16384, ""arg2_dim3"": 128, ""arg2_numel"": 268435456, ""arg2_dtype"": ""torch.float16"", ""arg2_dtype_size"": 2, ""arg2_dtype_cat"": 2}",118.07536315917969
attention,032f0e5c10e45860,4412520d00f6fe18,"{""block_sizes"": [1, 128, 64], ""loop_orders"": [[0, 1]], ""l2_groupings"": [16], ""range_unroll_factors"": [1, 0], ""range_warp_specializes"": [null, null], ""range_num_stages"": [0, 3], ""range_multi_buffers"": [true, false], ""range_flattens"": [false, false], ""load_eviction_policies"": ["""", ""last"", ""first""], ""num_warps"": 4, ""num_stages"": 4, ""indexing"": [""pointer"", ""pointer"", ""pointer"", ""pointer""], ""atomic_indexing"": [], ""pid_type"": ""persistent_interleaved"", ""num_sm_multiplier"": 2}","{""arg0_ndim"": 4, ""arg0_dim0"": 4, ""arg0_dim1"": 32, ""arg0_dim2"": 16384, ""arg0_dim3"": 128, ""arg0_numel"": 268435456, ""arg0_dtype"": ""torch.float16"", ""arg0_dtype_size"": 2, ""arg0_dtype_cat"": 2, ""arg1_ndim"": 4, ""arg1_dim0"": 4, ""arg1_dim1"": 32, ""arg1_dim2"": 16384, ""arg1_dim3"": 128, ""arg1_numel"": 268435456, ""arg1_dtype"": ""torch.float16"", ""arg1_dtype_size"": 2, ""arg1_dtype_cat"": 2, ""arg2_ndim"": 4, ""arg2_dim0"": 4, ""arg2_dim1"": 32, ""arg2_dim2"": 16384, ""arg2_dim3"": 128, ""arg2_numel"": 268435456, ""arg2_dtype"": ""torch.float16"", ""arg2_dtype_size"": 2, ""arg2_dtype_cat"": 2}",34.19347381591797
attention,032f0e5c10e45860,8b544d6ab595df36,"{""block_sizes"": [1, 128, 64], ""loop_orders"": [[1, 0]], ""l2_groupings"": [8], ""range_unroll_factors"": [0, 3], ""range_warp_specializes"": [null, null], ""range_num_stages"": [0, 3], ""range_multi_buffers"": [null, true], ""range_flattens"": [null, true], ""load_eviction_policies"": ["""", ""first"", ""last""], ""num_warps"": 8, ""num_stages"": 3, ""indexing"": [""pointer"", ""pointer"", ""tensor_descriptor"", ""pointer""], ""atomic_indexing"": [], ""pid_type"": ""flat""}","{""arg0_ndim"": 4, ""arg0_dim0"": 4, ""arg0_dim1"": 32, ""arg0_dim2"": 16384, ""arg0_dim3"": 128, ""arg0_numel"": 268435456, ""arg0_dtype"": ""torch.float16"", ""arg0_dtype_size"": 2, ""arg0_dtype_cat"": 2, ""arg1_ndim"": 4, ""arg1_dim0"": 4, ""arg1_dim1"": 32, ""arg1_dim2"": 16384, ""arg1_dim3"": 128, ""arg1_numel"": 268435456, ""arg1_dtype"": ""torch.float16"", ""arg1_dtype_size"": 2, ""arg1_dtype_cat"": 2, ""arg2_ndim"": 4, ""arg2_dim0"": 4, ""arg2_dim1"": 32, ""arg2_dim2"": 16384, ""arg2_dim3"": 128, ""arg2_numel"": 268435456, ""arg2_dtype"": ""torch.float16"", ""arg2_dtype_size"": 2, ""arg2_dtype_cat"": 2}",35.310752868652344
attention,032f0e5c10e45860,f1dda601fe248341,"{""block_sizes"": [1, 128, 64], ""loop_orders"": [[1, 0]], ""l2_groupings"": [1], ""range_unroll_factors"": [0, 4], ""range_warp_specializes"": [null, false], ""range_num_stages"": [0, 4], ""range_multi_buffers"": [null, null], ""range_flattens"": [null, null], ""load_eviction_policies"": [""first"", """", """"], ""num_warps"": 4, ""num_stages"": 3, ""indexing"": [""tensor_descriptor"", ""pointer"", ""tensor_descriptor"", ""tensor_descriptor""], ""atomic_indexing"": [], ""pid_type"": ""flat""}","{""arg0_ndim"": 4, ""arg0_dim0"": 4, ""arg0_dim1"": 32, ""arg0_dim2"": 16384, ""arg0_dim3"": 128, ""arg0_numel"": 268435456, ""arg0_dtype"": ""torch.float16"", ""arg0_dtype_size"": 2, ""arg0_dtype_cat"": 2, ""arg1_ndim"": 4, ""arg1_dim0"": 4, ""arg1_dim1"": 32, ""arg1_dim2"": 16384, ""arg1_dim3"": 128, ""arg1_numel"": 268435456, ""arg1_dtype"": ""torch.float16"", ""arg1_dtype_size"": 2, ""arg1_dtype_cat"": 2, ""arg2_ndim"": 4, ""arg2_dim0"": 4, ""arg2_dim1"": 32, ""arg2_dim2"": 16384, ""arg2_dim3"": 128, ""arg2_numel"": 268435456, ""arg2_dtype"": ""torch.float16"", ""arg2_dtype_size"": 2, ""arg2_dtype_cat"": 2}",33.37830352783203
attention,032f0e5c10e45860,3265e0895ba56199,"{""block_sizes"": [1, 128, 64], ""loop_orders"": [[1, 0]], ""l2_groupings"": [8], ""range_unroll_factors"": [0, 1], ""range_warp_specializes"": [null, false], ""range_num_stages"": [0, 2], ""range_multi_buffers"": [null, null], ""range_flattens"": [null, true], ""load_eviction_policies"": ["""", """", ""first""], ""num_warps"": 8, ""num_stages"": 3, ""indexing"": [""tensor_descriptor"", ""tensor_descriptor"", ""pointer"", ""tensor_descriptor""], ""atomic_indexing"": [], ""pid_type"": ""flat""}","{""arg0_ndim"": 4, ""arg0_dim0"": 4, ""arg0_dim1"": 32, ""arg0_dim2"": 16384, ""arg0_dim3"": 128, ""arg0_numel"": 268435456, ""arg0_dtype"": ""torch.float16"", ""arg0_dtype_size"": 2, ""arg0_dtype_cat"": 2, ""arg1_ndim"": 4, ""arg1_dim0"": 4, ""arg1_dim1"": 32, ""arg1_dim2"": 16384, ""arg1_dim3"": 128, ""arg1_numel"": 268435456, ""arg1_dtype"": ""torch.float16"", ""arg1_dtype_size"": 2, ""arg1_dtype_cat"": 2, ""arg2_ndim"": 4, ""arg2_dim0"": 4, ""arg2_dim1"": 32, ""arg2_dim2"": 16384, ""arg2_dim3"": 128, ""arg2_numel"": 268435456, ""arg2_dtype"": ""torch.float16"", ""arg2_dtype_size"": 2, ""arg2_dtype_cat"": 2}",35.34310531616211
attention,032f0e5c10e45860,18cd65d1f263c609,"{""block_sizes"": [1, 128, 64], ""loop_orders"": [[1, 0]], ""l2_groupings"": [8], ""range_unroll_factors"": [0, 4], ""range_warp_specializes"": [null, null], ""range_num_stages"": [0, 3], ""range_multi_buffers"": [null, true], ""range_flattens"": [null, true], ""load_eviction_policies"": [""first"", ""first"", ""last""], ""num_warps"": 8, ""num_stages"": 3, ""indexing"": [""tensor_descriptor"", ""pointer"", ""tensor_descriptor"", ""pointer""], ""atomic_indexing"": [], ""pid_type"": ""flat""}","{""arg0_ndim"": 4, ""arg0_dim0"": 4, ""arg0_dim1"": 32, ""arg0_dim2"": 16384, ""arg0_dim3"": 128, ""arg0_numel"": 268435456, ""arg0_dtype"": ""torch.float16"", ""arg0_dtype_size"": 2, ""arg0_dtype_cat"": 2, ""arg1_ndim"": 4, ""arg1_dim0"": 4, ""arg1_dim1"": 32, ""arg1_dim2"": 16384, ""arg1_dim3"": 128, ""arg1_numel"": 268435456, ""arg1_dtype"": ""torch.float16"", ""arg1_dtype_size"": 2, ""arg1_dtype_cat"": 2, ""arg2_ndim"": 4, ""arg2_dim0"": 4, ""arg2_dim1"": 32, ""arg2_dim2"": 16384, ""arg2_dim3"": 128, ""arg2_numel"": 268435456, ""arg2_dtype"": ""torch.float16"", ""arg2_dtype_size"": 2, ""arg2_dtype_cat"": 2}",34.71459197998047
attention,032f0e5c10e45860,b62e9711edcad914,"{""block_sizes"": [1, 128, 64], ""loop_orders"": [[0, 1]], ""l2_groupings"": [1], ""range_unroll_factors"": [0, 3], ""range_warp_specializes"": [null, false], ""range_num_stages"": [0, 3], ""range_multi_buffers"": [null, true], ""range_flattens"": [null, true], ""load_eviction_policies"": ["""", ""last"", """"], ""num_warps"": 4, ""num_stages"": 4, ""indexing"": [""tensor_descriptor"", ""pointer"", ""tensor_descriptor"", ""tensor_descriptor""], ""atomic_indexing"": [], ""pid_type"": ""flat""}","{""arg0_ndim"": 4, ""arg0_dim0"": 4, ""arg0_dim1"": 32, ""arg0_dim2"": 16384, ""arg0_dim3"": 128, ""arg0_numel"": 268435456, ""arg0_dtype"": ""torch.float16"", ""arg0_dtype_size"": 2, ""arg0_dtype_cat"": 2, ""arg1_ndim"": 4, ""arg1_dim0"": 4, ""arg1_dim1"": 32, ""arg1_dim2"": 16384, ""arg1_dim3"": 128, ""arg1_numel"": 268435456, ""arg1_dtype"": ""torch.float16"", ""arg1_dtype_size"": 2, ""arg1_dtype_cat"": 2, ""arg2_ndim"": 4, ""arg2_dim0"": 4, ""arg2_dim1"": 32, ""arg2_dim2"": 16384, ""arg2_dim3"": 128, ""arg2_numel"": 268435456, ""arg2_dtype"": ""torch.float16"", ""arg2_dtype_size"": 2, ""arg2_dtype_cat"": 2}",52.59775924682617
attention,032f0e5c10e45860,0224f42f7e07247a,"{""block_sizes"": [1, 128, 128], ""loop_orders"": [[1, 0]], ""l2_groupings"": [32], ""range_unroll_factors"": [0, 0], ""range_warp_specializes"": [null, null], ""range_num_stages"": [0, 4], ""range_multi_buffers"": [null, null], ""range_flattens"": [null, null], ""load_eviction_policies"": ["""", ""last"", ""last""], ""num_warps"": 4, ""num_stages"": 2, ""indexing"": [""tensor_descriptor"", ""pointer"", ""pointer"", ""pointer""], ""atomic_indexing"": [], ""pid_type"": ""flat""}","{""arg0_ndim"": 4, ""arg0_dim0"": 4, ""arg0_dim1"": 32, ""arg0_dim2"": 16384, ""arg0_dim3"": 128, ""arg0_numel"": 268435456, ""arg0_dtype"": ""torch.float16"", ""arg0_dtype_size"": 2, ""arg0_dtype_cat"": 2, ""arg1_ndim"": 4, ""arg1_dim0"": 4, ""arg1_dim1"": 32, ""arg1_dim2"": 16384, ""arg1_dim3"": 128, ""arg1_numel"": 268435456, ""arg1_dtype"": ""torch.float16"", ""arg1_dtype_size"": 2, ""arg1_dtype_cat"": 2, ""arg2_ndim"": 4, ""arg2_dim0"": 4, ""arg2_dim1"": 32, ""arg2_dim2"": 16384, ""arg2_dim3"": 128, ""arg2_numel"": 268435456, ""arg2_dtype"": ""torch.float16"", ""arg2_dtype_size"": 2, ""arg2_dtype_cat"": 2}",116.0120620727539
attention,032f0e5c10e45860,a018ad7b08e26b2b,"{""block_sizes"": [1, 128, 128], ""loop_orders"": [[1, 0]], ""l2_groupings"": [1], ""range_unroll_factors"": [0, 4], ""range_warp_specializes"": [null, null], ""range_num_stages"": [2, 4], ""range_multi_buffers"": [false, false], ""range_flattens"": [null, true], ""load_eviction_policies"": [""first"", ""last"", ""last""], ""num_warps"": 4, ""num_stages"": 3, ""indexing"": [""tensor_descriptor"", ""pointer"", ""tensor_descriptor"", ""pointer""], ""atomic_indexing"": [], ""pid_type"": ""persistent_interleaved"", ""num_sm_multiplier"": 128}","{""arg0_ndim"": 4, ""arg0_dim0"": 4, ""arg0_dim1"": 32, ""arg0_dim2"": 16384, ""arg0_dim3"": 128, ""arg0_numel"": 268435456, ""arg0_dtype"": ""torch.float16"", ""arg0_dtype_size"": 2, ""arg0_dtype_cat"": 2, ""arg1_ndim"": 4, ""arg1_dim0"": 4, ""arg1_dim1"": 32, ""arg1_dim2"": 16384, ""arg1_dim3"": 128, ""arg1_numel"": 268435456, ""arg1_dtype"": ""torch.float16"", ""arg1_dtype_size"": 2, ""arg1_dtype_cat"": 2, ""arg2_ndim"": 4, ""arg2_dim0"": 4, ""arg2_dim1"": 32, ""arg2_dim2"": 16384, ""arg2_dim3"": 128, ""arg2_numel"": 268435456, ""arg2_dtype"": ""torch.float16"", ""arg2_dtype_size"": 2, ""arg2_dtype_cat"": 2}",115.79497528076172
attention,032f0e5c10e45860,34148bc38a442c3b,"{""block_sizes"": [1, 128, 128], ""loop_orders"": [[1, 0]], ""l2_groupings"": [32], ""range_unroll_factors"": [0, 0], ""range_warp_specializes"": [null, null], ""range_num_stages"": [0, 0], ""range_multi_buffers"": [null, true], ""range_flattens"": [null, null], ""load_eviction_policies"": ["""", ""last"", ""first""], ""num_warps"": 4, ""num_stages"": 3, ""indexing"": [""tensor_descriptor"", ""tensor_descriptor"", ""tensor_descriptor"", ""pointer""], ""atomic_indexing"": [], ""pid_type"": ""flat""}","{""arg0_ndim"": 4, ""arg0_dim0"": 4, ""arg0_dim1"": 32, ""arg0_dim2"": 16384, ""arg0_dim3"": 128, ""arg0_numel"": 268435456, ""arg0_dtype"": ""torch.float16"", ""arg0_dtype_size"": 2, ""arg0_dtype_cat"": 2, ""arg1_ndim"": 4, ""arg1_dim0"": 4, ""arg1_dim1"": 32, ""arg1_dim2"": 16384, ""arg1_dim3"": 128, ""arg1_numel"": 268435456, ""arg1_dtype"": ""torch.float16"", ""arg1_dtype_size"": 2, ""arg1_dtype_cat"": 2, ""arg2_ndim"": 4, ""arg2_dim0"": 4, ""arg2_dim1"": 32, ""arg2_dim2"": 16384, ""arg2_dim3"": 128, ""arg2_numel"": 268435456, ""arg2_dtype"": ""torch.float16"", ""arg2_dtype_size"": 2, ""arg2_dtype_cat"": 2}",114.01014709472656
attention,032f0e5c10e45860,ea987733425e4c1b,"{""block_sizes"": [1, 128, 128], ""loop_orders"": [[0, 1]], ""l2_groupings"": [8], ""range_unroll_factors"": [0, 1], ""range_warp_specializes"": [null, null], ""range_num_stages"": [0, 4], ""range_multi_buffers"": [null, false], ""range_flattens"": [null, false], ""load_eviction_policies"": [""first"", """", ""first""], ""num_warps"": 4, ""num_stages"": 3, ""indexing"": [""tensor_descriptor"", ""tensor_descriptor"", ""pointer"", ""pointer""], ""atomic_indexing"": [], ""pid_type"": ""flat""}","{""arg0_ndim"": 4, ""arg0_dim0"": 4, ""arg0_dim1"": 32, ""arg0_dim2"": 16384, ""arg0_dim3"": 128, ""arg0_numel"": 268435456, ""arg0_dtype"": ""torch.float16"", ""arg0_dtype_size"": 2, ""arg0_dtype_cat"": 2, ""arg1_ndim"": 4, ""arg1_dim0"": 4, ""arg1_dim1"": 32, ""arg1_dim2"": 16384, ""arg1_dim3"": 128, ""arg1_numel"": 268435456, ""arg1_dtype"": ""torch.float16"", ""arg1_dtype_size"": 2, ""arg1_dtype_cat"": 2, ""arg2_ndim"": 4, ""arg2_dim0"": 4, ""arg2_dim1"": 32, ""arg2_dim2"": 16384, ""arg2_dim3"": 128, ""arg2_numel"": 268435456, ""arg2_dtype"": ""torch.float16"", ""arg2_dtype_size"": 2, ""arg2_dtype_cat"": 2}",115.18876647949219
attention,032f0e5c10e45860,65ab373fc776c2af,"{""block_sizes"": [1, 128, 64], ""loop_orders"": [[0, 1]], ""l2_groupings"": [8], ""range_unroll_factors"": [0, 4], ""range_warp_specializes"": [null, null], ""range_num_stages"": [0, 3], ""range_multi_buffers"": [null, false], ""range_flattens"": [null, false], ""load_eviction_policies"": [""last"", ""first"", ""first""], ""num_warps"": 8, ""num_stages"": 3, ""indexing"": [""pointer"", ""pointer"", ""pointer"", ""tensor_descriptor""], ""atomic_indexing"": [], ""pid_type"": ""flat""}","{""arg0_ndim"": 4, ""arg0_dim0"": 4, ""arg0_dim1"": 32, ""arg0_dim2"": 16384, ""arg0_dim3"": 128, ""arg0_numel"": 268435456, ""arg0_dtype"": ""torch.float16"", ""arg0_dtype_size"": 2, ""arg0_dtype_cat"": 2, ""arg1_ndim"": 4, ""arg1_dim0"": 4, ""arg1_dim1"": 32, ""arg1_dim2"": 16384, ""arg1_dim3"": 128, ""arg1_numel"": 268435456, ""arg1_dtype"": ""torch.float16"", ""arg1_dtype_size"": 2, ""arg1_dtype_cat"": 2, ""arg2_ndim"": 4, ""arg2_dim0"": 4, ""arg2_dim1"": 32, ""arg2_dim2"": 16384, ""arg2_dim3"": 128, ""arg2_numel"": 268435456, ""arg2_dtype"": ""torch.float16"", ""arg2_dtype_size"": 2, ""arg2_dtype_cat"": 2}",35.46422576904297
attention,032f0e5c10e45860,c94f578925dfd8f9,"{""block_sizes"": [1, 128, 64], ""loop_orders"": [[0, 1]], ""l2_groupings"": [2], ""range_unroll_factors"": [0, 1], ""range_warp_specializes"": [null, null], ""range_num_stages"": [0, 0], ""range_multi_buffers"": [null, true], ""range_flattens"": [null, null], ""load_eviction_policies"": ["""", ""last"", ""first""], ""num_warps"": 8, ""num_stages"": 3, ""indexing"": [""pointer"", ""tensor_descriptor"", ""tensor_descriptor"", ""pointer""], ""atomic_indexing"": [], ""pid_type"": ""flat""}","{""arg0_ndim"": 4, ""arg0_dim0"": 4, ""arg0_dim1"": 32, ""arg0_dim2"": 16384, ""arg0_dim3"": 128, ""arg0_numel"": 268435456, ""arg0_dtype"": ""torch.float16"", ""arg0_dtype_size"": 2, ""arg0_dtype_cat"": 2, ""arg1_ndim"": 4, ""arg1_dim0"": 4, ""arg1_dim1"": 32, ""arg1_dim2"": 16384, ""arg1_dim3"": 128, ""arg1_numel"": 268435456, ""arg1_dtype"": ""torch.float16"", ""arg1_dtype_size"": 2, ""arg1_dtype_cat"": 2, ""arg2_ndim"": 4, ""arg2_dim0"": 4, ""arg2_dim1"": 32, ""arg2_dim2"": 16384, ""arg2_dim3"": 128, ""arg2_numel"": 268435456, ""arg2_dtype"": ""torch.float16"", ""arg2_dtype_size"": 2, ""arg2_dtype_cat"": 2}",34.050079345703125
attention,032f0e5c10e45860,e90f1fde0aa15d55,"{""block_sizes"": [1, 128, 64], ""loop_orders"": [[0, 1]], ""l2_groupings"": [2], ""range_unroll_factors"": [0, 1], ""range_warp_specializes"": [null, null], ""range_num_stages"": [0, 1], ""range_multi_buffers"": [null, true], ""range_flattens"": [null, false], ""load_eviction_policies"": [""last"", """", ""last""], ""num_warps"": 8, ""num_stages"": 3, ""indexing"": [""pointer"", ""pointer"", ""tensor_descriptor"", ""tensor_descriptor""], ""atomic_indexing"": [], ""pid_type"": ""flat""}","{""arg0_ndim"": 4, ""arg0_dim0"": 4, ""arg0_dim1"": 32, ""arg0_dim2"": 16384, ""arg0_dim3"": 128, ""arg0_numel"": 268435456, ""arg0_dtype"": ""torch.float16"", ""arg0_dtype_size"": 2, ""arg0_dtype_cat"": 2, ""arg1_ndim"": 4, ""arg1_dim0"": 4, ""arg1_dim1"": 32, ""arg1_dim2"": 16384, ""arg1_dim3"": 128, ""arg1_numel"": 268435456, ""arg1_dtype"": ""torch.float16"", ""arg1_dtype_size"": 2, ""arg1_dtype_cat"": 2, ""arg2_ndim"": 4, ""arg2_dim0"": 4, ""arg2_dim1"": 32, ""arg2_dim2"": 16384, ""arg2_dim3"": 128, ""arg2_numel"": 268435456, ""arg2_dtype"": ""torch.float16"", ""arg2_dtype_size"": 2, ""arg2_dtype_cat"": 2}",33.25747299194336
attention,032f0e5c10e45860,197f70c883e6e5ad,"{""block_sizes"": [1, 128, 64], ""loop_orders"": [[0, 1]], ""l2_groupings"": [2], ""range_unroll_factors"": [0, 0], ""range_warp_specializes"": [null, null], ""range_num_stages"": [0, 0], ""range_multi_buffers"": [null, false], ""range_flattens"": [null, true], ""load_eviction_policies"": [""last"", ""first"", ""first""], ""num_warps"": 4, ""num_stages"": 2, ""indexing"": [""pointer"", ""tensor_descriptor"", ""pointer"", ""tensor_descriptor""], ""atomic_indexing"": [], ""pid_type"": ""flat""}","{""arg0_ndim"": 4, ""arg0_dim0"": 4, ""arg0_dim1"": 32, ""arg0_dim2"": 16384, ""arg0_dim3"": 128, ""arg0_numel"": 268435456, ""arg0_dtype"": ""torch.float16"", ""arg0_dtype_size"": 2, ""arg0_dtype_cat"": 2, ""arg1_ndim"": 4, ""arg1_dim0"": 4, ""arg1_dim1"": 32, ""arg1_dim2"": 16384, ""arg1_dim3"": 128, ""arg1_numel"": 268435456, ""arg1_dtype"": ""torch.float16"", ""arg1_dtype_size"": 2, ""arg1_dtype_cat"": 2, ""arg2_ndim"": 4, ""arg2_dim0"": 4, ""arg2_dim1"": 32, ""arg2_dim2"": 16384, ""arg2_dim3"": 128, ""arg2_numel"": 268435456, ""arg2_dtype"": ""torch.float16"", ""arg2_dtype_size"": 2, ""arg2_dtype_cat"": 2}",34.98499298095703
attention,032f0e5c10e45860,74c352914e79f5d5,"{""block_sizes"": [1, 128, 64], ""loop_orders"": [[0, 1]], ""l2_groupings"": [2], ""range_unroll_factors"": [0, 2], ""range_warp_specializes"": [null, false], ""range_num_stages"": [0, 0], ""range_multi_buffers"": [null, false], ""range_flattens"": [null, true], ""load_eviction_policies"": [""first"", """", ""first""], ""num_warps"": 8, ""num_stages"": 3, ""indexing"": [""tensor_descriptor"", ""pointer"", ""tensor_descriptor"", ""tensor_descriptor""], ""atomic_indexing"": [], ""pid_type"": ""flat""}","{""arg0_ndim"": 4, ""arg0_dim0"": 4, ""arg0_dim1"": 32, ""arg0_dim2"": 16384, ""arg0_dim3"": 128, ""arg0_numel"": 268435456, ""arg0_dtype"": ""torch.float16"", ""arg0_dtype_size"": 2, ""arg0_dtype_cat"": 2, ""arg1_ndim"": 4, ""arg1_dim0"": 4, ""arg1_dim1"": 32, ""arg1_dim2"": 16384, ""arg1_dim3"": 128, ""arg1_numel"": 268435456, ""arg1_dtype"": ""torch.float16"", ""arg1_dtype_size"": 2, ""arg1_dtype_cat"": 2, ""arg2_ndim"": 4, ""arg2_dim0"": 4, ""arg2_dim1"": 32, ""arg2_dim2"": 16384, ""arg2_dim3"": 128, ""arg2_numel"": 268435456, ""arg2_dtype"": ""torch.float16"", ""arg2_dtype_size"": 2, ""arg2_dtype_cat"": 2}",33.23292922973633
attention,3468a6812fe091e4,1424d8a662dc60cf,"{""block_sizes"": [1, 128, 128], ""loop_orders"": [[0, 1]], ""l2_groupings"": [32], ""range_unroll_factors"": [0, 2], ""range_warp_specializes"": [null, false], ""range_num_stages"": [0, 3], ""range_multi_buffers"": [null, false], ""range_flattens"": [null, false], ""load_eviction_policies"": [""first"", ""last"", ""first""], ""num_warps"": 4, ""num_stages"": 3, ""indexing"": [""pointer"", ""pointer"", ""pointer"", ""tensor_descriptor""], ""atomic_indexing"": [], ""pid_type"": ""flat""}","{""arg0_ndim"": 4, ""arg0_dim0"": 4, ""arg0_dim1"": 32, ""arg0_dim2"": 1536, ""arg0_dim3"": 64, ""arg0_numel"": 12582912, ""arg0_dtype"": ""torch.float16"", ""arg0_dtype_size"": 2, ""arg0_dtype_cat"": 2, ""arg1_ndim"": 4, ""arg1_dim0"": 4, ""arg1_dim1"": 32, ""arg1_dim2"": 1536, ""arg1_dim3"": 64, ""arg1_numel"": 12582912, ""arg1_dtype"": ""torch.float16"", ""arg1_dtype_size"": 2, ""arg1_dtype_cat"": 2, ""arg2_ndim"": 4, ""arg2_dim0"": 4, ""arg2_dim1"": 32, ""arg2_dim2"": 1536, ""arg2_dim3"": 64, ""arg2_numel"": 12582912, ""arg2_dtype"": ""torch.float16"", ""arg2_dtype_size"": 2, ""arg2_dtype_cat"": 2}",0.20688000321388245
attention,3468a6812fe091e4,29135c77b970e281,"{""block_sizes"": [1, 128, 128], ""loop_orders"": [[0, 1]], ""l2_groupings"": [32], ""range_unroll_factors"": [0, 4], ""range_warp_specializes"": [null, false], ""range_num_stages"": [0, 4], ""range_multi_buffers"": [null, null], ""range_flattens"": [null, false], ""load_eviction_policies"": [""first"", """", ""first""], ""num_warps"": 4, ""num_stages"": 3, ""indexing"": [""tensor_descriptor"", ""pointer"", ""pointer"", ""tensor_descriptor""], ""atomic_indexing"": [], ""pid_type"": ""flat""}","{""arg0_ndim"": 4, ""arg0_dim0"": 4, ""arg0_dim1"": 32, ""arg0_dim2"": 1536, ""arg0_dim3"": 64, ""arg0_numel"": 12582912, ""arg0_dtype"": ""torch.float16"", ""arg0_dtype_size"": 2, ""arg0_dtype_cat"": 2, ""arg1_ndim"": 4, ""arg1_dim0"": 4, ""arg1_dim1"": 32, ""arg1_dim2"": 1536, ""arg1_dim3"": 64, ""arg1_numel"": 12582912, ""arg1_dtype"": ""torch.float16"", ""arg1_dtype_size"": 2, ""arg1_dtype_cat"": 2, ""arg2_ndim"": 4, ""arg2_dim0"": 4, ""arg2_dim1"": 32, ""arg2_dim2"": 1536, ""arg2_dim3"": 64, ""arg2_numel"": 12582912, ""arg2_dtype"": ""torch.float16"", ""arg2_dtype_size"": 2, ""arg2_dtype_cat"": 2}",0.20688000321388245
attention,3468a6812fe091e4,71d98cc073b6f9c7,"{""block_sizes"": [1, 128, 128], ""loop_orders"": [[0, 1]], ""l2_groupings"": [32], ""range_unroll_factors"": [0, 0], ""range_warp_specializes"": [null, null], ""range_num_stages"": [0, 2], ""range_multi_buffers"": [null, true], ""range_flattens"": [null, true], ""load_eviction_policies"": [""first"", ""last"", ""first""], ""num_warps"": 4, ""num_stages"": 3, ""indexing"": [""tensor_descriptor"", ""tensor_descriptor"", ""pointer"", ""tensor_descriptor""], ""atomic_indexing"": [], ""pid_type"": ""flat""}","{""arg0_ndim"": 4, ""arg0_dim0"": 4, ""arg0_dim1"": 32, ""arg0_dim2"": 1536, ""arg0_dim3"": 64, ""arg0_numel"": 12582912, ""arg0_dtype"": ""torch.float16"", ""arg0_dtype_size"": 2, ""arg0_dtype_cat"": 2, ""arg1_ndim"": 4, ""arg1_dim0"": 4, ""arg1_dim1"": 32, ""arg1_dim2"": 1536, ""arg1_dim3"": 64, ""arg1_numel"": 12582912, ""arg1_dtype"": ""torch.float16"", ""arg1_dtype_size"": 2, ""arg1_dtype_cat"": 2, ""arg2_ndim"": 4, ""arg2_dim0"": 4, ""arg2_dim1"": 32, ""arg2_dim2"": 1536, ""arg2_dim3"": 64, ""arg2_numel"": 12582912, ""arg2_dtype"": ""torch.float16"", ""arg2_dtype_size"": 2, ""arg2_dtype_cat"": 2}",0.20688000321388245
attention,3468a6812fe091e4,fa0e6212d9dfaba1,"{""block_sizes"": [1, 128, 128], ""loop_orders"": [[1, 0]], ""l2_groupings"": [1], ""range_unroll_factors"": [0, 0], ""range_warp_specializes"": [null, null], ""range_num_stages"": [0, 3], ""range_multi_buffers"": [null, null], ""range_flattens"": [null, true], ""load_eviction_policies"": ["""", ""last"", ""first""], ""num_warps"": 4, ""num_stages"": 3, ""indexing"": [""tensor_descriptor"", ""tensor_descriptor"", ""tensor_descriptor"", ""tensor_descriptor""], ""atomic_indexing"": [], ""pid_type"": ""flat""}","{""arg0_ndim"": 4, ""arg0_dim0"": 4, ""arg0_dim1"": 32, ""arg0_dim2"": 1536, ""arg0_dim3"": 64, ""arg0_numel"": 12582912, ""arg0_dtype"": ""torch.float16"", ""arg0_dtype_size"": 2, ""arg0_dtype_cat"": 2, ""arg1_ndim"": 4, ""arg1_dim0"": 4, ""arg1_dim1"": 32, ""arg1_dim2"": 1536, ""arg1_dim3"": 64, ""arg1_numel"": 12582912, ""arg1_dtype"": ""torch.float16"", ""arg1_dtype_size"": 2, ""arg1_dtype_cat"": 2, ""arg2_ndim"": 4, ""arg2_dim0"": 4, ""arg2_dim1"": 32, ""arg2_dim2"": 1536, ""arg2_dim3"": 64, ""arg2_numel"": 12582912, ""arg2_dtype"": ""torch.float16"", ""arg2_dtype_size"": 2, ""arg2_dtype_cat"": 2}",0.20975999534130096
attention,3468a6812fe091e4,018f3cbb5fbec2b3,"{""block_sizes"": [1, 128, 128], ""loop_orders"": [[0, 1]], ""l2_groupings"": [32], ""range_unroll_factors"": [0, 4], ""range_warp_specializes"": [null, null], ""range_num_stages"": [0, 2], ""range_multi_buffers"": [null, false], ""range_flattens"": [null, true], ""load_eviction_policies"": ["""", """", ""first""], ""num_warps"": 4, ""num_stages"": 3, ""indexing"": [""pointer"", ""tensor_descriptor"", ""pointer"", ""tensor_descriptor""], ""atomic_indexing"": [], ""pid_type"": ""flat""}","{""arg0_ndim"": 4, ""arg0_dim0"": 4, ""arg0_dim1"": 32, ""arg0_dim2"": 1536, ""arg0_dim3"": 64, ""arg0_numel"": 12582912, ""arg0_dtype"": ""torch.float16"", ""arg0_dtype_size"": 2, ""arg0_dtype_cat"": 2, ""arg1_ndim"": 4, ""arg1_dim0"": 4, ""arg1_dim1"": 32, ""arg1_dim2"": 1536, ""arg1_dim3"": 64, ""arg1_numel"": 12582912, ""arg1_dtype"": ""torch.float16"", ""arg1_dtype_size"": 2, ""arg1_dtype_cat"": 2, ""arg2_ndim"": 4, ""arg2_dim0"": 4, ""arg2_dim1"": 32, ""arg2_dim2"": 1536, ""arg2_dim3"": 64, ""arg2_numel"": 12582912, ""arg2_dtype"": ""torch.float16"", ""arg2_dtype_size"": 2, ""arg2_dtype_cat"": 2}",0.20708800107240677
attention,3468a6812fe091e4,4412520d00f6fe18,"{""block_sizes"": [1, 128, 64], ""loop_orders"": [[0, 1]], ""l2_groupings"": [16], ""range_unroll_factors"": [1, 0], ""range_warp_specializes"": [null, null], ""range_num_stages"": [0, 3], ""range_multi_buffers"": [true, false], ""range_flattens"": [false, false], ""load_eviction_policies"": ["""", ""last"", ""first""], ""num_warps"": 4, ""num_stages"": 4, ""indexing"": [""pointer"", ""pointer"", ""pointer"", ""pointer""], ""atomic_indexing"": [], ""pid_type"": ""persistent_interleaved"", ""num_sm_multiplier"": 2}","{""arg0_ndim"": 4, ""arg0_dim0"": 4, ""arg0_dim1"": 32, ""arg0_dim2"": 1536, ""arg0_dim3"": 64, ""arg0_numel"": 12582912, ""arg0_dtype"": ""torch.float16"", ""arg0_dtype_size"": 2, ""arg0_dtype_cat"": 2, ""arg1_ndim"": 4, ""arg1_dim0"": 4, ""arg1_dim1"": 32, ""arg1_dim2"": 1536, ""arg1_dim3"": 64, ""arg1_numel"": 12582912, ""arg1_dtype"": ""torch.float16"", ""arg1_dtype_size"": 2, ""arg1_dtype_cat"": 2, ""arg2_ndim"": 4, ""arg2_dim0"": 4, ""arg2_dim1"": 32, ""arg2_dim2"": 1536, ""arg2_dim3"": 64, ""arg2_numel"": 12582912, ""arg2_dtype"": ""torch.float16"", ""arg2_dtype_size"": 2, ""arg2_dtype_cat"": 2}",0.23343999683856964
attention,3468a6812fe091e4,8b544d6ab595df36,"{""block_sizes"": [1, 128, 64], ""loop_orders"": [[1, 0]], ""l2_groupings"": [8], ""range_unroll_factors"": [0, 3], ""range_warp_specializes"": [null, null], ""range_num_stages"": [0, 3], ""range_multi_buffers"": [null, true], ""range_flattens"": [null, true], ""load_eviction_policies"": ["""", ""first"", ""last""], ""num_warps"": 8, ""num_stages"": 3, ""indexing"": [""pointer"", ""pointer"", ""tensor_descriptor"", ""pointer""], ""atomic_indexing"": [], ""pid_type"": ""flat""}","{""arg0_ndim"": 4, ""arg0_dim0"": 4, ""arg0_dim1"": 32, ""arg0_dim2"": 1536, ""arg0_dim3"": 64, ""arg0_numel"": 12582912, ""arg0_dtype"": ""torch.float16"", ""arg0_dtype_size"": 2, ""arg0_dtype_cat"": 2, ""arg1_ndim"": 4, ""arg1_dim0"": 4, ""arg1_dim1"": 32, ""arg1_dim2"": 1536, ""arg1_dim3"": 64, ""arg1_numel"": 12582912, ""arg1_dtype"": ""torch.float16"", ""arg1_dtype_size"": 2, ""arg1_dtype_cat"": 2, ""arg2_ndim"": 4, ""arg2_dim0"": 4, ""arg2_dim1"": 32, ""arg2_dim2"": 1536, ""arg2_dim3"": 64, ""arg2_numel"": 12582912, ""arg2_dtype"": ""torch.float16"", ""arg2_dtype_size"": 2, ""arg2_dtype_cat"": 2}",0.27142399549484253
attention,3468a6812fe091e4,f1dda601fe248341,"{""block_sizes"": [1, 128, 64], ""loop_orders"": [[1, 0]], ""l2_groupings"": [1], ""range_unroll_factors"": [0, 4], ""range_warp_specializes"": [null, false], ""range_num_stages"": [0, 4], ""range_multi_buffers"": [null, null], ""range_flattens"": [null, null], ""load_eviction_policies"": [""first"", """", """"], ""num_warps"": 4, ""num_stages"": 3, ""indexing"": [""tensor_descriptor"", ""pointer"", ""tensor_descriptor"", ""tensor_descriptor""], ""atomic_indexing"": [], ""pid_type"": ""flat""}","{""arg0_ndim"": 4, ""arg0_dim0"": 4, ""arg0_dim1"": 32, ""arg0_dim2"": 1536, ""arg0_dim3"": 64, ""arg0_numel"": 12582912, ""arg0_dtype"": ""torch.float16"", ""arg0_dtype_size"": 2, ""arg0_dtype_cat"": 2, ""arg1_ndim"": 4, ""arg1_dim0"": 4, ""arg1_dim1"": 32, ""arg1_dim2"": 1536, ""arg1_dim3"": 64, ""arg1_numel"": 12582912, ""arg1_dtype"": ""torch.float16"", ""arg1_dtype_size"": 2, ""arg1_dtype_cat"": 2, ""arg2_ndim"": 4, ""arg2_dim0"": 4, ""arg2_dim1"": 32, ""arg2_dim2"": 1536, ""arg2_dim3"": 64, ""arg2_numel"": 12582912, ""arg2_dtype"": ""torch.float16"", ""arg2_dtype_size"": 2, ""arg2_dtype_cat"": 2}",0.24982400238513947
attention,3468a6812fe091e4,3265e0895ba56199,"{""block_sizes"": [1, 128, 64], ""loop_orders"": [[1, 0]], ""l2_groupings"": [8], ""range_unroll_factors"": [0, 1], ""range_warp_specializes"": [null, false], ""range_num_stages"": [0, 2], ""range_multi_buffers"": [null, null], ""range_flattens"": [null, true], ""load_eviction_policies"": ["""", """", ""first""], ""num_warps"": 8, ""num_stages"": 3, ""indexing"": [""tensor_descriptor"", ""tensor_descriptor"", ""pointer"", ""tensor_descriptor""], ""atomic_indexing"": [], ""pid_type"": ""flat""}","{""arg0_ndim"": 4, ""arg0_dim0"": 4, ""arg0_dim1"": 32, ""arg0_dim2"": 1536, ""arg0_dim3"": 64, ""arg0_numel"": 12582912, ""arg0_dtype"": ""torch.float16"", ""arg0_dtype_size"": 2, ""arg0_dtype_cat"": 2, ""arg1_ndim"": 4, ""arg1_dim0"": 4, ""arg1_dim1"": 32, ""arg1_dim2"": 1536, ""arg1_dim3"": 64, ""arg1_numel"": 12582912, ""arg1_dtype"": ""torch.float16"", ""arg1_dtype_size"": 2, ""arg1_dtype_cat"": 2, ""arg2_ndim"": 4, ""arg2_dim0"": 4, ""arg2_dim1"": 32, ""arg2_dim2"": 1536, ""arg2_dim3"": 64, ""arg2_numel"": 12582912, ""arg2_dtype"": ""torch.float16"", ""arg2_dtype_size"": 2, ""arg2_dtype_cat"": 2}",0.272352010011673
attention,3468a6812fe091e4,18cd65d1f263c609,"{""block_sizes"": [1, 128, 64], ""loop_orders"": [[1, 0]], ""l2_groupings"": [8], ""range_unroll_factors"": [0, 4], ""range_warp_specializes"": [null, null], ""range_num_stages"": [0, 3], ""range_multi_buffers"": [null, true], ""range_flattens"": [null, true], ""load_eviction_policies"": [""first"", ""first"", ""last""], ""num_warps"": 8, ""num_stages"": 3, ""indexing"": [""tensor_descriptor"", ""pointer"", ""tensor_descriptor"", ""pointer""], ""atomic_indexing"": [], ""pid_type"": ""flat""}","{""arg0_ndim"": 4, ""arg0_dim0"": 4, ""arg0_dim1"": 32, ""arg0_dim2"": 1536, ""arg0_dim3"": 64, ""arg0_numel"": 12582912, ""arg0_dtype"": ""torch.float16"", ""arg0_dtype_size"": 2, ""arg0_dtype_cat"": 2, ""arg1_ndim"": 4, ""arg1_dim0"": 4, ""arg1_dim1"": 32, ""arg1_dim2"": 1536, ""arg1_dim3"": 64, ""arg1_numel"": 12582912, ""arg1_dtype"": ""torch.float16"", ""arg1_dtype_size"": 2, ""arg1_dtype_cat"": 2, ""arg2_ndim"": 4, ""arg2_dim0"": 4, ""arg2_dim1"": 32, ""arg2_dim2"": 1536, ""arg2_dim3"": 64, ""arg2_numel"": 12582912, ""arg2_dtype"": ""torch.float16"", ""arg2_dtype_size"": 2, ""arg2_dtype_cat"": 2}",0.27136000990867615
attention,3468a6812fe091e4,b62e9711edcad914,"{""block_sizes"": [1, 128, 64], ""loop_orders"": [[0, 1]], ""l2_groupings"": [1], ""range_unroll_factors"": [0, 3], ""range_warp_specializes"": [null, false], ""range_num_stages"": [0, 3], ""range_multi_buffers"": [null, true], ""range_flattens"": [null, true], ""load_eviction_policies"": ["""", ""last"", """"], ""num_warps"": 4, ""num_stages"": 4, ""indexing"": [""tensor_descriptor"", ""pointer"", ""tensor_descriptor"", ""tensor_descriptor""], ""atomic_indexing"": [], ""pid_type"": ""flat""}","{""arg0_ndim"": 4, ""arg0_dim0"": 4, ""arg0_dim1"": 32, ""arg0_dim2"": 1536, ""arg0_dim3"": 64, ""arg0_numel"": 12582912, ""arg0_dtype"": ""torch.float16"", ""arg0_dtype_size"": 2, ""arg0_dtype_cat"": 2, ""arg1_ndim"": 4, ""arg1_dim0"": 4, ""arg1_dim1"": 32, ""arg1_dim2"": 1536, ""arg1_dim3"": 64, ""arg1_numel"": 12582912, ""arg1_dtype"": ""torch.float16"", ""arg1_dtype_size"": 2, ""arg1_dtype_cat"": 2, ""arg2_ndim"": 4, ""arg2_dim0"": 4, ""arg2_dim1"": 32, ""arg2_dim2"": 1536, ""arg2_dim3"": 64, ""arg2_numel"": 12582912, ""arg2_dtype"": ""torch.float16"", ""arg2_dtype_size"": 2, ""arg2_dtype_cat"": 2}",0.24780799448490143
attention,3468a6812fe091e4,0224f42f7e07247a,"{""block_sizes"": [1, 128, 128], ""loop_orders"": [[1, 0]], ""l2_groupings"": [32], ""range_unroll_factors"": [0, 0], ""range_warp_specializes"": [null, null], ""range_num_stages"": [0, 4], ""range_multi_buffers"": [null, null], ""range_flattens"": [null, null], ""load_eviction_policies"": ["""", ""last"", ""last""], ""num_warps"": 4, ""num_stages"": 2, ""indexing"": [""tensor_descriptor"", ""pointer"", ""pointer"", ""pointer""], ""atomic_indexing"": [], ""pid_type"": ""flat""}","{""arg0_ndim"": 4, ""arg0_dim0"": 4, ""arg0_dim1"": 32, ""arg0_dim2"": 1536, ""arg0_dim3"": 64, ""arg0_numel"": 12582912, ""arg0_dtype"": ""torch.float16"", ""arg0_dtype_size"": 2, ""arg0_dtype_cat"": 2, ""arg1_ndim"": 4, ""arg1_dim0"": 4, ""arg1_dim1"": 32, ""arg1_dim2"": 1536, ""arg1_dim3"": 64, ""arg1_numel"": 12582912, ""arg1_dtype"": ""torch.float16"", ""arg1_dtype_size"": 2, ""arg1_dtype_cat"": 2, ""arg2_ndim"": 4, ""arg2_dim0"": 4, ""arg2_dim1"": 32, ""arg2_dim2"": 1536, ""arg2_dim3"": 64, ""arg2_numel"": 12582912, ""arg2_dtype"": ""torch.float16"", ""arg2_dtype_size"": 2, ""arg2_dtype_cat"": 2}",0.231455996632576
attention,3468a6812fe091e4,a018ad7b08e26b2b,"{""block_sizes"": [1, 128, 128], ""loop_orders"": [[1, 0]], ""l2_groupings"": [1], ""range_unroll_factors"": [0, 4], ""range_warp_specializes"": [null, null], ""range_num_stages"": [2, 4], ""range_multi_buffers"": [false, false], ""range_flattens"": [null, true], ""load_eviction_policies"": [""first"", ""last"", ""last""], ""num_warps"": 4, ""num_stages"": 3, ""indexing"": [""tensor_descriptor"", ""pointer"", ""tensor_descriptor"", ""pointer""], ""atomic_indexing"": [], ""pid_type"": ""persistent_interleaved"", ""num_sm_multiplier"": 128}","{""arg0_ndim"": 4, ""arg0_dim0"": 4, ""arg0_dim1"": 32, ""arg0_dim2"": 1536, ""arg0_dim3"": 64, ""arg0_numel"": 12582912, ""arg0_dtype"": ""torch.float16"", ""arg0_dtype_size"": 2, ""arg0_dtype_cat"": 2, ""arg1_ndim"": 4, ""arg1_dim0"": 4, ""arg1_dim1"": 32, ""arg1_dim2"": 1536, ""arg1_dim3"": 64, ""arg1_numel"": 12582912, ""arg1_dtype"": ""torch.float16"", ""arg1_dtype_size"": 2, ""arg1_dtype_cat"": 2, ""arg2_ndim"": 4, ""arg2_dim0"": 4, ""arg2_dim1"": 32, ""arg2_dim2"": 1536, ""arg2_dim3"": 64, ""arg2_numel"": 12582912, ""arg2_dtype"": ""torch.float16"", ""arg2_dtype_size"": 2, ""arg2_dtype_cat"": 2}",0.26419198513031006
attention,3468a6812fe091e4,34148bc38a442c3b,"{""block_sizes"": [1, 128, 128], ""loop_orders"": [[1, 0]], ""l2_groupings"": [32], ""range_unroll_factors"": [0, 0], ""range_warp_specializes"": [null, null], ""range_num_stages"": [0, 0], ""range_multi_buffers"": [null, true], ""range_flattens"": [null, null], ""load_eviction_policies"": ["""", ""last"", ""first""], ""num_warps"": 4, ""num_stages"": 3, ""indexing"": [""tensor_descriptor"", ""tensor_descriptor"", ""tensor_descriptor"", ""pointer""], ""atomic_indexing"": [], ""pid_type"": ""flat""}","{""arg0_ndim"": 4, ""arg0_dim0"": 4, ""arg0_dim1"": 32, ""arg0_dim2"": 1536, ""arg0_dim3"": 64, ""arg0_numel"": 12582912, ""arg0_dtype"": ""torch.float16"", ""arg0_dtype_size"": 2, ""arg0_dtype_cat"": 2, ""arg1_ndim"": 4, ""arg1_dim0"": 4, ""arg1_dim1"": 32, ""arg1_dim2"": 1536, ""arg1_dim3"": 64, ""arg1_numel"": 12582912, ""arg1_dtype"": ""torch.float16"", ""arg1_dtype_size"": 2, ""arg1_dtype_cat"": 2, ""arg2_ndim"": 4, ""arg2_dim0"": 4, ""arg2_dim1"": 32, ""arg2_dim2"": 1536, ""arg2_dim3"": 64, ""arg2_numel"": 12582912, ""arg2_dtype"": ""torch.float16"", ""arg2_dtype_size"": 2, ""arg2_dtype_cat"": 2}",0.20892800390720367
attention,3468a6812fe091e4,ea987733425e4c1b,"{""block_sizes"": [1, 128, 128], ""loop_orders"": [[0, 1]], ""l2_groupings"": [8], ""range_unroll_factors"": [0, 1], ""range_warp_specializes"": [null, null], ""range_num_stages"": [0, 4], ""range_multi_buffers"": [null, false], ""range_flattens"": [null, false], ""load_eviction_policies"": [""first"", """", ""first""], ""num_warps"": 4, ""num_stages"": 3, ""indexing"": [""tensor_descriptor"", ""tensor_descriptor"", ""pointer"", ""pointer""], ""atomic_indexing"": [], ""pid_type"": ""flat""}","{""arg0_ndim"": 4, ""arg0_dim0"": 4, ""arg0_dim1"": 32, ""arg0_dim2"": 1536, ""arg0_dim3"": 64, ""arg0_numel"": 12582912, ""arg0_dtype"": ""torch.float16"", ""arg0_dtype_size"": 2, ""arg0_dtype_cat"": 2, ""arg1_ndim"": 4, ""arg1_dim0"": 4, ""arg1_dim1"": 32, ""arg1_dim2"": 1536, ""arg1_dim3"": 64, ""arg1_numel"": 12582912, ""arg1_dtype"": ""torch.float16"", ""arg1_dtype_size"": 2, ""arg1_dtype_cat"": 2, ""arg2_ndim"": 4, ""arg2_dim0"": 4, ""arg2_dim1"": 32, ""arg2_dim2"": 1536, ""arg2_dim3"": 64, ""arg2_numel"": 12582912, ""arg2_dtype"": ""torch.float16"", ""arg2_dtype_size"": 2, ""arg2_dtype_cat"": 2}",0.20688000321388245
attention,3468a6812fe091e4,65ab373fc776c2af,"{""block_sizes"": [1, 128, 64], ""loop_orders"": [[0, 1]], ""l2_groupings"": [8], ""range_unroll_factors"": [0, 4], ""range_warp_specializes"": [null, null], ""range_num_stages"": [0, 3], ""range_multi_buffers"": [null, false], ""range_flattens"": [null, false], ""load_eviction_policies"": [""last"", ""first"", ""first""], ""num_warps"": 8, ""num_stages"": 3, ""indexing"": [""pointer"", ""pointer"", ""pointer"", ""tensor_descriptor""], ""atomic_indexing"": [], ""pid_type"": ""flat""}","{""arg0_ndim"": 4, ""arg0_dim0"": 4, ""arg0_dim1"": 32, ""arg0_dim2"": 1536, ""arg0_dim3"": 64, ""arg0_numel"": 12582912, ""arg0_dtype"": ""torch.float16"", ""arg0_dtype_size"": 2, ""arg0_dtype_cat"": 2, ""arg1_ndim"": 4, ""arg1_dim0"": 4, ""arg1_dim1"": 32, ""arg1_dim2"": 1536, ""arg1_dim3"": 64, ""arg1_numel"": 12582912, ""arg1_dtype"": ""torch.float16"", ""arg1_dtype_size"": 2, ""arg1_dtype_cat"": 2, ""arg2_ndim"": 4, ""arg2_dim0"": 4, ""arg2_dim1"": 32, ""arg2_dim2"": 1536, ""arg2_dim3"": 64, ""arg2_numel"": 12582912, ""arg2_dtype"": ""torch.float16"", ""arg2_dtype_size"": 2, ""arg2_dtype_cat"": 2}",0.2703680098056793
attention,3468a6812fe091e4,c94f578925dfd8f9,"{""block_sizes"": [1, 128, 64], ""loop_orders"": [[0, 1]], ""l2_groupings"": [2], ""range_unroll_factors"": [0, 1], ""range_warp_specializes"": [null, null], ""range_num_stages"": [0, 0], ""range_multi_buffers"": [null, true], ""range_flattens"": [null, null], ""load_eviction_policies"": ["""", ""last"", ""first""], ""num_warps"": 8, ""num_stages"": 3, ""indexing"": [""pointer"", ""tensor_descriptor"", ""tensor_descriptor"", ""pointer""], ""atomic_indexing"": [], ""pid_type"": ""flat""}","{""arg0_ndim"": 4, ""arg0_dim0"": 4, ""arg0_dim1"": 32, ""arg0_dim2"": 1536, ""arg0_dim3"": 64, ""arg0_numel"": 12582912, ""arg0_dtype"": ""torch.float16"", ""arg0_dtype_size"": 2, ""arg0_dtype_cat"": 2, ""arg1_ndim"": 4, ""arg1_dim0"": 4, ""arg1_dim1"": 32, ""arg1_dim2"": 1536, ""arg1_dim3"": 64, ""arg1_numel"": 12582912, ""arg1_dtype"": ""torch.float16"", ""arg1_dtype_size"": 2, ""arg1_dtype_cat"": 2, ""arg2_ndim"": 4, ""arg2_dim0"": 4, ""arg2_dim1"": 32, ""arg2_dim2"": 1536, ""arg2_dim3"": 64, ""arg2_numel"": 12582912, ""arg2_dtype"": ""torch.float16"", ""arg2_dtype_size"": 2, ""arg2_dtype_cat"": 2}",0.2722879946231842
attention,3468a6812fe091e4,e90f1fde0aa15d55,"{""block_sizes"": [1, 128, 64], ""loop_orders"": [[0, 1]], ""l2_groupings"": [2], ""range_unroll_factors"": [0, 1], ""range_warp_specializes"": [null, null], ""range_num_stages"": [0, 1], ""range_multi_buffers"": [null, true], ""range_flattens"": [null, false], ""load_eviction_policies"": [""last"", """", ""last""], ""num_warps"": 8, ""num_stages"": 3, ""indexing"": [""pointer"", ""pointer"", ""tensor_descriptor"", ""tensor_descriptor""], ""atomic_indexing"": [], ""pid_type"": ""flat""}","{""arg0_ndim"": 4, ""arg0_dim0"": 4, ""arg0_dim1"": 32, ""arg0_dim2"": 1536, ""arg0_dim3"": 64, ""arg0_numel"": 12582912, ""arg0_dtype"": ""torch.float16"", ""arg0_dtype_size"": 2, ""arg0_dtype_cat"": 2, ""arg1_ndim"": 4, ""arg1_dim0"": 4, ""arg1_dim1"": 32, ""arg1_dim2"": 1536, ""arg1_dim3"": 64, ""arg1_numel"": 12582912, ""arg1_dtype"": ""torch.float16"", ""arg1_dtype_size"": 2, ""arg1_dtype_cat"": 2, ""arg2_ndim"": 4, ""arg2_dim0"": 4, ""arg2_dim1"": 32, ""arg2_dim2"": 1536, ""arg2_dim3"": 64, ""arg2_numel"": 12582912, ""arg2_dtype"": ""torch.float16"", ""arg2_dtype_size"": 2, ""arg2_dtype_cat"": 2}",0.2712000012397766
attention,3468a6812fe091e4,197f70c883e6e5ad,"{""block_sizes"": [1, 128, 64], ""loop_orders"": [[0, 1]], ""l2_groupings"": [2], ""range_unroll_factors"": [0, 0], ""range_warp_specializes"": [null, null], ""range_num_stages"": [0, 0], ""range_multi_buffers"": [null, false], ""range_flattens"": [null, true], ""load_eviction_policies"": [""last"", ""first"", ""first""], ""num_warps"": 4, ""num_stages"": 2, ""indexing"": [""pointer"", ""tensor_descriptor"", ""pointer"", ""tensor_descriptor""], ""atomic_indexing"": [], ""pid_type"": ""flat""}","{""arg0_ndim"": 4, ""arg0_dim0"": 4, ""arg0_dim1"": 32, ""arg0_dim2"": 1536, ""arg0_dim3"": 64, ""arg0_numel"": 12582912, ""arg0_dtype"": ""torch.float16"", ""arg0_dtype_size"": 2, ""arg0_dtype_cat"": 2, ""arg1_ndim"": 4, ""arg1_dim0"": 4, ""arg1_dim1"": 32, ""arg1_dim2"": 1536, ""arg1_dim3"": 64, ""arg1_numel"": 12582912, ""arg1_dtype"": ""torch.float16"", ""arg1_dtype_size"": 2, ""arg1_dtype_cat"": 2, ""arg2_ndim"": 4, ""arg2_dim0"": 4, ""arg2_dim1"": 32, ""arg2_dim2"": 1536, ""arg2_dim3"": 64, ""arg2_numel"": 12582912, ""arg2_dtype"": ""torch.float16"", ""arg2_dtype_size"": 2, ""arg2_dtype_cat"": 2}",0.2927680015563965
attention,3468a6812fe091e4,74c352914e79f5d5,"{""block_sizes"": [1, 128, 64], ""loop_orders"": [[0, 1]], ""l2_groupings"": [2], ""range_unroll_factors"": [0, 2], ""range_warp_specializes"": [null, false], ""range_num_stages"": [0, 0], ""range_multi_buffers"": [null, false], ""range_flattens"": [null, true], ""load_eviction_policies"": [""first"", """", ""first""], ""num_warps"": 8, ""num_stages"": 3, ""indexing"": [""tensor_descriptor"", ""pointer"", ""tensor_descriptor"", ""tensor_descriptor""], ""atomic_indexing"": [], ""pid_type"": ""flat""}","{""arg0_ndim"": 4, ""arg0_dim0"": 4, ""arg0_dim1"": 32, ""arg0_dim2"": 1536, ""arg0_dim3"": 64, ""arg0_numel"": 12582912, ""arg0_dtype"": ""torch.float16"", ""arg0_dtype_size"": 2, ""arg0_dtype_cat"": 2, ""arg1_ndim"": 4, ""arg1_dim0"": 4, ""arg1_dim1"": 32, ""arg1_dim2"": 1536, ""arg1_dim3"": 64, ""arg1_numel"": 12582912, ""arg1_dtype"": ""torch.float16"", ""arg1_dtype_size"": 2, ""arg1_dtype_cat"": 2, ""arg2_ndim"": 4, ""arg2_dim0"": 4, ""arg2_dim1"": 32, ""arg2_dim2"": 1536, ""arg2_dim3"": 64, ""arg2_numel"": 12582912, ""arg2_dtype"": ""torch.float16"", ""arg2_dtype_size"": 2, ""arg2_dtype_cat"": 2}",0.2722559869289398
attention,16c42d17abf67179,1424d8a662dc60cf,"{""block_sizes"": [1, 128, 128], ""loop_orders"": [[0, 1]], ""l2_groupings"": [32], ""range_unroll_factors"": [0, 2], ""range_warp_specializes"": [null, false], ""range_num_stages"": [0, 3], ""range_multi_buffers"": [null, false], ""range_flattens"": [null, false], ""load_eviction_policies"": [""first"", ""last"", ""first""], ""num_warps"": 4, ""num_stages"": 3, ""indexing"": [""pointer"", ""pointer"", ""pointer"", ""tensor_descriptor""], ""atomic_indexing"": [], ""pid_type"": ""flat""}","{""arg0_ndim"": 4, ""arg0_dim0"": 4, ""arg0_dim1"": 32, ""arg0_dim2"": 3072, ""arg0_dim3"": 64, ""arg0_numel"": 25165824, ""arg0_dtype"": ""torch.float16"", ""arg0_dtype_size"": 2, ""arg0_dtype_cat"": 2, ""arg1_ndim"": 4, ""arg1_dim0"": 4, ""arg1_dim1"": 32, ""arg1_dim2"": 3072, ""arg1_dim3"": 64, ""arg1_numel"": 25165824, ""arg1_dtype"": ""torch.float16"", ""arg1_dtype_size"": 2, ""arg1_dtype_cat"": 2, ""arg2_ndim"": 4, ""arg2_dim0"": 4, ""arg2_dim1"": 32, ""arg2_dim2"": 3072, ""arg2_dim3"": 64, ""arg2_numel"": 25165824, ""arg2_dtype"": ""torch.float16"", ""arg2_dtype_size"": 2, ""arg2_dtype_cat"": 2}",0.6972959935665131
attention,16c42d17abf67179,29135c77b970e281,"{""block_sizes"": [1, 128, 128], ""loop_orders"": [[0, 1]], ""l2_groupings"": [32], ""range_unroll_factors"": [0, 4], ""range_warp_specializes"": [null, false], ""range_num_stages"": [0, 4], ""range_multi_buffers"": [null, null], ""range_flattens"": [null, false], ""load_eviction_policies"": [""first"", """", ""first""], ""num_warps"": 4, ""num_stages"": 3, ""indexing"": [""tensor_descriptor"", ""pointer"", ""pointer"", ""tensor_descriptor""], ""atomic_indexing"": [], ""pid_type"": ""flat""}","{""arg0_ndim"": 4, ""arg0_dim0"": 4, ""arg0_dim1"": 32, ""arg0_dim2"": 3072, ""arg0_dim3"": 64, ""arg0_numel"": 25165824, ""arg0_dtype"": ""torch.float16"", ""arg0_dtype_size"": 2, ""arg0_dtype_cat"": 2, ""arg1_ndim"": 4, ""arg1_dim0"": 4, ""arg1_dim1"": 32, ""arg1_dim2"": 3072, ""arg1_dim3"": 64, ""arg1_numel"": 25165824, ""arg1_dtype"": ""torch.float16"", ""arg1_dtype_size"": 2, ""arg1_dtype_cat"": 2, ""arg2_ndim"": 4, ""arg2_dim0"": 4, ""arg2_dim1"": 32, ""arg2_dim2"": 3072, ""arg2_dim3"": 64, ""arg2_numel"": 25165824, ""arg2_dtype"": ""torch.float16"", ""arg2_dtype_size"": 2, ""arg2_dtype_cat"": 2}",0.6978720128536224
attention,16c42d17abf67179,71d98cc073b6f9c7,"{""block_sizes"": [1, 128, 128], ""loop_orders"": [[0, 1]], ""l2_groupings"": [32], ""range_unroll_factors"": [0, 0], ""range_warp_specializes"": [null, null], ""range_num_stages"": [0, 2], ""range_multi_buffers"": [null, true], ""range_flattens"": [null, true], ""load_eviction_policies"": [""first"", ""last"", ""first""], ""num_warps"": 4, ""num_stages"": 3, ""indexing"": [""tensor_descriptor"", ""tensor_descriptor"", ""pointer"", ""tensor_descriptor""], ""atomic_indexing"": [], ""pid_type"": ""flat""}","{""arg0_ndim"": 4, ""arg0_dim0"": 4, ""arg0_dim1"": 32, ""arg0_dim2"": 3072, ""arg0_dim3"": 64, ""arg0_numel"": 25165824, ""arg0_dtype"": ""torch.float16"", ""arg0_dtype_size"": 2, ""arg0_dtype_cat"": 2, ""arg1_ndim"": 4, ""arg1_dim0"": 4, ""arg1_dim1"": 32, ""arg1_dim2"": 3072, ""arg1_dim3"": 64, ""arg1_numel"": 25165824, ""arg1_dtype"": ""torch.float16"", ""arg1_dtype_size"": 2, ""arg1_dtype_cat"": 2, ""arg2_ndim"": 4, ""arg2_dim0"": 4, ""arg2_dim1"": 32, ""arg2_dim2"": 3072, ""arg2_dim3"": 64, ""arg2_numel"": 25165824, ""arg2_dtype"": ""torch.float16"", ""arg2_dtype_size"": 2, ""arg2_dtype_cat"": 2}",0.6964320242404938
attention,16c42d17abf67179,fa0e6212d9dfaba1,"{""block_sizes"": [1, 128, 128], ""loop_orders"": [[1, 0]], ""l2_groupings"": [1], ""range_unroll_factors"": [0, 0], ""range_warp_specializes"": [null, null], ""range_num_stages"": [0, 3], ""range_multi_buffers"": [null, null], ""range_flattens"": [null, true], ""load_eviction_policies"": ["""", ""last"", ""first""], ""num_warps"": 4, ""num_stages"": 3, ""indexing"": [""tensor_descriptor"", ""tensor_descriptor"", ""tensor_descriptor"", ""tensor_descriptor""], ""atomic_indexing"": [], ""pid_type"": ""flat""}","{""arg0_ndim"": 4, ""arg0_dim0"": 4, ""arg0_dim1"": 32, ""arg0_dim2"": 3072, ""arg0_dim3"": 64, ""arg0_numel"": 25165824, ""arg0_dtype"": ""torch.float16"", ""arg0_dtype_size"": 2, ""arg0_dtype_cat"": 2, ""arg1_ndim"": 4, ""arg1_dim0"": 4, ""arg1_dim1"": 32, ""arg1_dim2"": 3072, ""arg1_dim3"": 64, ""arg1_numel"": 25165824, ""arg1_dtype"": ""torch.float16"", ""arg1_dtype_size"": 2, ""arg1_dtype_cat"": 2, ""arg2_ndim"": 4, ""arg2_dim0"": 4, ""arg2_dim1"": 32, ""arg2_dim2"": 3072, ""arg2_dim3"": 64, ""arg2_numel"": 25165824, ""arg2_dtype"": ""torch.float16"", ""arg2_dtype_size"": 2, ""arg2_dtype_cat"": 2}",0.7024639844894409
attention,16c42d17abf67179,018f3cbb5fbec2b3,"{""block_sizes"": [1, 128, 128], ""loop_orders"": [[0, 1]], ""l2_groupings"": [32], ""range_unroll_factors"": [0, 4], ""range_warp_specializes"": [null, null], ""range_num_stages"": [0, 2], ""range_multi_buffers"": [null, false], ""range_flattens"": [null, true], ""load_eviction_policies"": ["""", """", ""first""], ""num_warps"": 4, ""num_stages"": 3, ""indexing"": [""pointer"", ""tensor_descriptor"", ""pointer"", ""tensor_descriptor""], ""atomic_indexing"": [], ""pid_type"": ""flat""}","{""arg0_ndim"": 4, ""arg0_dim0"": 4, ""arg0_dim1"": 32, ""arg0_dim2"": 3072, ""arg0_dim3"": 64, ""arg0_numel"": 25165824, ""arg0_dtype"": ""torch.float16"", ""arg0_dtype_size"": 2, ""arg0_dtype_cat"": 2, ""arg1_ndim"": 4, ""arg1_dim0"": 4, ""arg1_dim1"": 32, ""arg1_dim2"": 3072, ""arg1_dim3"": 64, ""arg1_numel"": 25165824, ""arg1_dtype"": ""torch.float16"", ""arg1_dtype_size"": 2, ""arg1_dtype_cat"": 2, ""arg2_ndim"": 4, ""arg2_dim0"": 4, ""arg2_dim1"": 32, ""arg2_dim2"": 3072, ""arg2_dim3"": 64, ""arg2_numel"": 25165824, ""arg2_dtype"": ""torch.float16"", ""arg2_dtype_size"": 2, ""arg2_dtype_cat"": 2}",0.6999360024929047
attention,16c42d17abf67179,4412520d00f6fe18,"{""block_sizes"": [1, 128, 64], ""loop_orders"": [[0, 1]], ""l2_groupings"": [16], ""range_unroll_factors"": [1, 0], ""range_warp_specializes"": [null, null], ""range_num_stages"": [0, 3], ""range_multi_buffers"": [true, false], ""range_flattens"": [false, false], ""load_eviction_policies"": ["""", ""last"", ""first""], ""num_warps"": 4, ""num_stages"": 4, ""indexing"": [""pointer"", ""pointer"", ""pointer"", ""pointer""], ""atomic_indexing"": [], ""pid_type"": ""persistent_interleaved"", ""num_sm_multiplier"": 2}","{""arg0_ndim"": 4, ""arg0_dim0"": 4, ""arg0_dim1"": 32, ""arg0_dim2"": 3072, ""arg0_dim3"": 64, ""arg0_numel"": 25165824, ""arg0_dtype"": ""torch.float16"", ""arg0_dtype_size"": 2, ""arg0_dtype_cat"": 2, ""arg1_ndim"": 4, ""arg1_dim0"": 4, ""arg1_dim1"": 32, ""arg1_dim2"": 3072, ""arg1_dim3"": 64, ""arg1_numel"": 25165824, ""arg1_dtype"": ""torch.float16"", ""arg1_dtype_size"": 2, ""arg1_dtype_cat"": 2, ""arg2_ndim"": 4, ""arg2_dim0"": 4, ""arg2_dim1"": 32, ""arg2_dim2"": 3072, ""arg2_dim3"": 64, ""arg2_numel"": 25165824, ""arg2_dtype"": ""torch.float16"", ""arg2_dtype_size"": 2, ""arg2_dtype_cat"": 2}",0.7987520098686218
attention,16c42d17abf67179,8b544d6ab595df36,"{""block_sizes"": [1, 128, 64], ""loop_orders"": [[1, 0]], ""l2_groupings"": [8], ""range_unroll_factors"": [0, 3], ""range_warp_specializes"": [null, null], ""range_num_stages"": [0, 3], ""range_multi_buffers"": [null, true], ""range_flattens"": [null, true], ""load_eviction_policies"": ["""", ""first"", ""last""], ""num_warps"": 8, ""num_stages"": 3, ""indexing"": [""pointer"", ""pointer"", ""tensor_descriptor"", ""pointer""], ""atomic_indexing"": [], ""pid_type"": ""flat""}","{""arg0_ndim"": 4, ""arg0_dim0"": 4, ""arg0_dim1"": 32, ""arg0_dim2"": 3072, ""arg0_dim3"": 64, ""arg0_numel"": 25165824, ""arg0_dtype"": ""torch.float16"", ""arg0_dtype_size"": 2, ""arg0_dtype_cat"": 2, ""arg1_ndim"": 4, ""arg1_dim0"": 4, ""arg1_dim1"": 32, ""arg1_dim2"": 3072, ""arg1_dim3"": 64, ""arg1_numel"": 25165824, ""arg1_dtype"": ""torch.float16"", ""arg1_dtype_size"": 2, ""arg1_dtype_cat"": 2, ""arg2_ndim"": 4, ""arg2_dim0"": 4, ""arg2_dim1"": 32, ""arg2_dim2"": 3072, ""arg2_dim3"": 64, ""arg2_numel"": 25165824, ""arg2_dtype"": ""torch.float16"", ""arg2_dtype_size"": 2, ""arg2_dtype_cat"": 2}",0.9512959718704224
attention,16c42d17abf67179,f1dda601fe248341,"{""block_sizes"": [1, 128, 64], ""loop_orders"": [[1, 0]], ""l2_groupings"": [1], ""range_unroll_factors"": [0, 4], ""range_warp_specializes"": [null, false], ""range_num_stages"": [0, 4], ""range_multi_buffers"": [null, null], ""range_flattens"": [null, null], ""load_eviction_policies"": [""first"", """", """"], ""num_warps"": 4, ""num_stages"": 3, ""indexing"": [""tensor_descriptor"", ""pointer"", ""tensor_descriptor"", ""tensor_descriptor""], ""atomic_indexing"": [], ""pid_type"": ""flat""}","{""arg0_ndim"": 4, ""arg0_dim0"": 4, ""arg0_dim1"": 32, ""arg0_dim2"": 3072, ""arg0_dim3"": 64, ""arg0_numel"": 25165824, ""arg0_dtype"": ""torch.float16"", ""arg0_dtype_size"": 2, ""arg0_dtype_cat"": 2, ""arg1_ndim"": 4, ""arg1_dim0"": 4, ""arg1_dim1"": 32, ""arg1_dim2"": 3072, ""arg1_dim3"": 64, ""arg1_numel"": 25165824, ""arg1_dtype"": ""torch.float16"", ""arg1_dtype_size"": 2, ""arg1_dtype_cat"": 2, ""arg2_ndim"": 4, ""arg2_dim0"": 4, ""arg2_dim1"": 32, ""arg2_dim2"": 3072, ""arg2_dim3"": 64, ""arg2_numel"": 25165824, ""arg2_dtype"": ""torch.float16"", ""arg2_dtype_size"": 2, ""arg2_dtype_cat"": 2}",0.8671680092811584
attention,16c42d17abf67179,3265e0895ba56199,"{""block_sizes"": [1, 128, 64], ""loop_orders"": [[1, 0]], ""l2_groupings"": [8], ""range_unroll_factors"": [0, 1], ""range_warp_specializes"": [null, false], ""range_num_stages"": [0, 2], ""range_multi_buffers"": [null, null], ""range_flattens"": [null, true], ""load_eviction_policies"": ["""", """", ""first""], ""num_warps"": 8, ""num_stages"": 3, ""indexing"": [""tensor_descriptor"", ""tensor_descriptor"", ""pointer"", ""tensor_descriptor""], ""atomic_indexing"": [], ""pid_type"": ""flat""}","{""arg0_ndim"": 4, ""arg0_dim0"": 4, ""arg0_dim1"": 32, ""arg0_dim2"": 3072, ""arg0_dim3"": 64, ""arg0_numel"": 25165824, ""arg0_dtype"": ""torch.float16"", ""arg0_dtype_size"": 2, ""arg0_dtype_cat"": 2, ""arg1_ndim"": 4, ""arg1_dim0"": 4, ""arg1_dim1"": 32, ""arg1_dim2"": 3072, ""arg1_dim3"": 64, ""arg1_numel"": 25165824, ""arg1_dtype"": ""torch.float16"", ""arg1_dtype_size"": 2, ""arg1_dtype_cat"": 2, ""arg2_ndim"": 4, ""arg2_dim0"": 4, ""arg2_dim1"": 32, ""arg2_dim2"": 3072, ""arg2_dim3"": 64, ""arg2_numel"": 25165824, ""arg2_dtype"": ""torch.float16"", ""arg2_dtype_size"": 2, ""arg2_dtype_cat"": 2}",0.9512959718704224
attention,16c42d17abf67179,18cd65d1f263c609,"{""block_sizes"": [1, 128, 64], ""loop_orders"": [[1, 0]], ""l2_groupings"": [8], ""range_unroll_factors"": [0, 4], ""range_warp_specializes"": [null, null], ""range_num_stages"": [0, 3], ""range_multi_buffers"": [null, true], ""range_flattens"": [null, true], ""load_eviction_policies"": [""first"", ""first"", ""last""], ""num_warps"": 8, ""num_stages"": 3, ""indexing"": [""tensor_descriptor"", ""pointer"", ""tensor_descriptor"", ""pointer""], ""atomic_indexing"": [], ""pid_type"": ""flat""}","{""arg0_ndim"": 4, ""arg0_dim0"": 4, ""arg0_dim1"": 32, ""arg0_dim2"": 3072, ""arg0_dim3"": 64, ""arg0_numel"": 25165824, ""arg0_dtype"": ""torch.float16"", ""arg0_dtype_size"": 2, ""arg0_dtype_cat"": 2, ""arg1_ndim"": 4, ""arg1_dim0"": 4, ""arg1_dim1"": 32, ""arg1_dim2"": 3072, ""arg1_dim3"": 64, ""arg1_numel"": 25165824, ""arg1_dtype"": ""torch.float16"", ""arg1_dtype_size"": 2, ""arg1_dtype_cat"": 2, ""arg2_ndim"": 4, ""arg2_dim0"": 4, ""arg2_dim1"": 32, ""arg2_dim2"": 3072, ""arg2_dim3"": 64, ""arg2_numel"": 25165824, ""arg2_dtype"": ""torch.float16"", ""arg2_dtype_size"": 2, ""arg2_dtype_cat"": 2}",0.9523199796676636
attention,16c42d17abf67179,b62e9711edcad914,"{""block_sizes"": [1, 128, 64], ""loop_orders"": [[0, 1]], ""l2_groupings"": [1], ""range_unroll_factors"": [0, 3], ""range_warp_specializes"": [null, false], ""range_num_stages"": [0, 3], ""range_multi_buffers"": [null, true], ""range_flattens"": [null, true], ""load_eviction_policies"": ["""", ""last"", """"], ""num_warps"": 4, ""num_stages"": 4, ""indexing"": [""tensor_descriptor"", ""pointer"", ""tensor_descriptor"", ""tensor_descriptor""], ""atomic_indexing"": [], ""pid_type"": ""flat""}","{""arg0_ndim"": 4, ""arg0_dim0"": 4, ""arg0_dim1"": 32, ""arg0_dim2"": 3072, ""arg0_dim3"": 64, ""arg0_numel"": 25165824, ""arg0_dtype"": ""torch.float16"", ""arg0_dtype_size"": 2, ""arg0_dtype_cat"": 2, ""arg1_ndim"": 4, ""arg1_dim0"": 4, ""arg1_dim1"": 32, ""arg1_dim2"": 3072, ""arg1_dim3"": 64, ""arg1_numel"": 25165824, ""arg1_dtype"": ""torch.float16"", ""arg1_dtype_size"": 2, ""arg1_dtype_cat"": 2, ""arg2_ndim"": 4, ""arg2_dim0"": 4, ""arg2_dim1"": 32, ""arg2_dim2"": 3072, ""arg2_dim3"": 64, ""arg2_numel"": 25165824, ""arg2_dtype"": ""torch.float16"", ""arg2_dtype_size"": 2, ""arg2_dtype_cat"": 2}",0.8509759902954102
attention,16c42d17abf67179,0224f42f7e07247a,"{""block_sizes"": [1, 128, 128], ""loop_orders"": [[1, 0]], ""l2_groupings"": [32], ""range_unroll_factors"": [0, 0], ""range_warp_specializes"": [null, null], ""range_num_stages"": [0, 4], ""range_multi_buffers"": [null, null], ""range_flattens"": [null, null], ""load_eviction_policies"": ["""", ""last"", ""last""], ""num_warps"": 4, ""num_stages"": 2, ""indexing"": [""tensor_descriptor"", ""pointer"", ""pointer"", ""pointer""], ""atomic_indexing"": [], ""pid_type"": ""flat""}","{""arg0_ndim"": 4, ""arg0_dim0"": 4, ""arg0_dim1"": 32, ""arg0_dim2"": 3072, ""arg0_dim3"": 64, ""arg0_numel"": 25165824, ""arg0_dtype"": ""torch.float16"", ""arg0_dtype_size"": 2, ""arg0_dtype_cat"": 2, ""arg1_ndim"": 4, ""arg1_dim0"": 4, ""arg1_dim1"": 32, ""arg1_dim2"": 3072, ""arg1_dim3"": 64, ""arg1_numel"": 25165824, ""arg1_dtype"": ""torch.float16"", ""arg1_dtype_size"": 2, ""arg1_dtype_cat"": 2, ""arg2_ndim"": 4, ""arg2_dim0"": 4, ""arg2_dim1"": 32, ""arg2_dim2"": 3072, ""arg2_dim3"": 64, ""arg2_numel"": 25165824, ""arg2_dtype"": ""torch.float16"", ""arg2_dtype_size"": 2, ""arg2_dtype_cat"": 2}",0.7966559827327728
attention,16c42d17abf67179,a018ad7b08e26b2b,"{""block_sizes"": [1, 128, 128], ""loop_orders"": [[1, 0]], ""l2_groupings"": [1], ""range_unroll_factors"": [0, 4], ""range_warp_specializes"": [null, null], ""range_num_stages"": [2, 4], ""range_multi_buffers"": [false, false], ""range_flattens"": [null, true], ""load_eviction_policies"": [""first"", ""last"", ""last""], ""num_warps"": 4, ""num_stages"": 3, ""indexing"": [""tensor_descriptor"", ""pointer"", ""tensor_descriptor"", ""pointer""], ""atomic_indexing"": [], ""pid_type"": ""persistent_interleaved"", ""num_sm_multiplier"": 128}","{""arg0_ndim"": 4, ""arg0_dim0"": 4, ""arg0_dim1"": 32, ""arg0_dim2"": 3072, ""arg0_dim3"": 64, ""arg0_numel"": 25165824, ""arg0_dtype"": ""torch.float16"", ""arg0_dtype_size"": 2, ""arg0_dtype_cat"": 2, ""arg1_ndim"": 4, ""arg1_dim0"": 4, ""arg1_dim1"": 32, ""arg1_dim2"": 3072, ""arg1_dim3"": 64, ""arg1_numel"": 25165824, ""arg1_dtype"": ""torch.float16"", ""arg1_dtype_size"": 2, ""arg1_dtype_cat"": 2, ""arg2_ndim"": 4, ""arg2_dim0"": 4, ""arg2_dim1"": 32, ""arg2_dim2"": 3072, ""arg2_dim3"": 64, ""arg2_numel"": 25165824, ""arg2_dtype"": ""torch.float16"", ""arg2_dtype_size"": 2, ""arg2_dtype_cat"": 2}",0.7640960216522217
attention,16c42d17abf67179,34148bc38a442c3b,"{""block_sizes"": [1, 128, 128], ""loop_orders"": [[1, 0]], ""l2_groupings"": [32], ""range_unroll_factors"": [0, 0], ""range_warp_specializes"": [null, null], ""range_num_stages"": [0, 0], ""range_multi_buffers"": [null, true], ""range_flattens"": [null, null], ""load_eviction_policies"": ["""", ""last"", ""first""], ""num_warps"": 4, ""num_stages"": 3, ""indexing"": [""tensor_descriptor"", ""tensor_descriptor"", ""tensor_descriptor"", ""pointer""], ""atomic_indexing"": [], ""pid_type"": ""flat""}","{""arg0_ndim"": 4, ""arg0_dim0"": 4, ""arg0_dim1"": 32, ""arg0_dim2"": 3072, ""arg0_dim3"": 64, ""arg0_numel"": 25165824, ""arg0_dtype"": ""torch.float16"", ""arg0_dtype_size"": 2, ""arg0_dtype_cat"": 2, ""arg1_ndim"": 4, ""arg1_dim0"": 4, ""arg1_dim1"": 32, ""arg1_dim2"": 3072, ""arg1_dim3"": 64, ""arg1_numel"": 25165824, ""arg1_dtype"": ""torch.float16"", ""arg1_dtype_size"": 2, ""arg1_dtype_cat"": 2, ""arg2_ndim"": 4, ""arg2_dim0"": 4, ""arg2_dim1"": 32, ""arg2_dim2"": 3072, ""arg2_dim3"": 64, ""arg2_numel"": 25165824, ""arg2_dtype"": ""torch.float16"", ""arg2_dtype_size"": 2, ""arg2_dtype_cat"": 2}",0.6988799870014191
attention,16c42d17abf67179,ea987733425e4c1b,"{""block_sizes"": [1, 128, 128], ""loop_orders"": [[0, 1]], ""l2_groupings"": [8], ""range_unroll_factors"": [0, 1], ""range_warp_specializes"": [null, null], ""range_num_stages"": [0, 4], ""range_multi_buffers"": [null, false], ""range_flattens"": [null, false], ""load_eviction_policies"": [""first"", """", ""first""], ""num_warps"": 4, ""num_stages"": 3, ""indexing"": [""tensor_descriptor"", ""tensor_descriptor"", ""pointer"", ""pointer""], ""atomic_indexing"": [], ""pid_type"": ""flat""}","{""arg0_ndim"": 4, ""arg0_dim0"": 4, ""arg0_dim1"": 32, ""arg0_dim2"": 3072, ""arg0_dim3"": 64, ""arg0_numel"": 25165824, ""arg0_dtype"": ""torch.float16"", ""arg0_dtype_size"": 2, ""arg0_dtype_cat"": 2, ""arg1_ndim"": 4, ""arg1_dim0"": 4, ""arg1_dim1"": 32, ""arg1_dim2"": 3072, ""arg1_dim3"": 64, ""arg1_numel"": 25165824, ""arg1_dtype"": ""torch.float16"", ""arg1_dtype_size"": 2, ""arg1_dtype_cat"": 2, ""arg2_ndim"": 4, ""arg2_dim0"": 4, ""arg2_dim1"": 32, ""arg2_dim2"": 3072, ""arg2_dim3"": 64, ""arg2_numel"": 25165824, ""arg2_dtype"": ""torch.float16"", ""arg2_dtype_size"": 2, ""arg2_dtype_cat"": 2}",0.6983360052108765
attention,16c42d17abf67179,65ab373fc776c2af,"{""block_sizes"": [1, 128, 64], ""loop_orders"": [[0, 1]], ""l2_groupings"": [8], ""range_unroll_factors"": [0, 4], ""range_warp_specializes"": [null, null], ""range_num_stages"": [0, 3], ""range_multi_buffers"": [null, false], ""range_flattens"": [null, false], ""load_eviction_policies"": [""last"", ""first"", ""first""], ""num_warps"": 8, ""num_stages"": 3, ""indexing"": [""pointer"", ""pointer"", ""pointer"", ""tensor_descriptor""], ""atomic_indexing"": [], ""pid_type"": ""flat""}","{""arg0_ndim"": 4, ""arg0_dim0"": 4, ""arg0_dim1"": 32, ""arg0_dim2"": 3072, ""arg0_dim3"": 64, ""arg0_numel"": 25165824, ""arg0_dtype"": ""torch.float16"", ""arg0_dtype_size"": 2, ""arg0_dtype_cat"": 2, ""arg1_ndim"": 4, ""arg1_dim0"": 4, ""arg1_dim1"": 32, ""arg1_dim2"": 3072, ""arg1_dim3"": 64, ""arg1_numel"": 25165824, ""arg1_dtype"": ""torch.float16"", ""arg1_dtype_size"": 2, ""arg1_dtype_cat"": 2, ""arg2_ndim"": 4, ""arg2_dim0"": 4, ""arg2_dim1"": 32, ""arg2_dim2"": 3072, ""arg2_dim3"": 64, ""arg2_numel"": 25165824, ""arg2_dtype"": ""torch.float16"", ""arg2_dtype_size"": 2, ""arg2_dtype_cat"": 2}",0.9441120028495789
attention,16c42d17abf67179,c94f578925dfd8f9,"{""block_sizes"": [1, 128, 64], ""loop_orders"": [[0, 1]], ""l2_groupings"": [2], ""range_unroll_factors"": [0, 1], ""range_warp_specializes"": [null, null], ""range_num_stages"": [0, 0], ""range_multi_buffers"": [null, true], ""range_flattens"": [null, null], ""load_eviction_policies"": ["""", ""last"", ""first""], ""num_warps"": 8, ""num_stages"": 3, ""indexing"": [""pointer"", ""tensor_descriptor"", ""tensor_descriptor"", ""pointer""], ""atomic_indexing"": [], ""pid_type"": ""flat""}","{""arg0_ndim"": 4, ""arg0_dim0"": 4, ""arg0_dim1"": 32, ""arg0_dim2"": 3072, ""arg0_dim3"": 64, ""arg0_numel"": 25165824, ""arg0_dtype"": ""torch.float16"", ""arg0_dtype_size"": 2, ""arg0_dtype_cat"": 2, ""arg1_ndim"": 4, ""arg1_dim0"": 4, ""arg1_dim1"": 32, ""arg1_dim2"": 3072, ""arg1_dim3"": 64, ""arg1_numel"": 25165824, ""arg1_dtype"": ""torch.float16"", ""arg1_dtype_size"": 2, ""arg1_dtype_cat"": 2, ""arg2_ndim"": 4, ""arg2_dim0"": 4, ""arg2_dim1"": 32, ""arg2_dim2"": 3072, ""arg2_dim3"": 64, ""arg2_numel"": 25165824, ""arg2_dtype"": ""torch.float16"", ""arg2_dtype_size"": 2, ""arg2_dtype_cat"": 2}",0.9482560157775879
attention,16c42d17abf67179,e90f1fde0aa15d55,"{""block_sizes"": [1, 128, 64], ""loop_orders"": [[0, 1]], ""l2_groupings"": [2], ""range_unroll_factors"": [0, 1], ""range_warp_specializes"": [null, null], ""range_num_stages"": [0, 1], ""range_multi_buffers"": [null, true], ""range_flattens"": [null, false], ""load_eviction_policies"": [""last"", """", ""last""], ""num_warps"": 8, ""num_stages"": 3, ""indexing"": [""pointer"", ""pointer"", ""tensor_descriptor"", ""tensor_descriptor""], ""atomic_indexing"": [], ""pid_type"": ""flat""}","{""arg0_ndim"": 4, ""arg0_dim0"": 4, ""arg0_dim1"": 32, ""arg0_dim2"": 3072, ""arg0_dim3"": 64, ""arg0_numel"": 25165824, ""arg0_dtype"": ""torch.float16"", ""arg0_dtype_size"": 2, ""arg0_dtype_cat"": 2, ""arg1_ndim"": 4, ""arg1_dim0"": 4, ""arg1_dim1"": 32, ""arg1_dim2"": 3072, ""arg1_dim3"": 64, ""arg1_numel"": 25165824, ""arg1_dtype"": ""torch.float16"", ""arg1_dtype_size"": 2, ""arg1_dtype_cat"": 2, ""arg2_ndim"": 4, ""arg2_dim0"": 4, ""arg2_dim1"": 32, ""arg2_dim2"": 3072, ""arg2_dim3"": 64, ""arg2_numel"": 25165824, ""arg2_dtype"": ""torch.float16"", ""arg2_dtype_size"": 2, ""arg2_dtype_cat"": 2}",0.9463359713554382
attention,16c42d17abf67179,197f70c883e6e5ad,"{""block_sizes"": [1, 128, 64], ""loop_orders"": [[0, 1]], ""l2_groupings"": [2], ""range_unroll_factors"": [0, 0], ""range_warp_specializes"": [null, null], ""range_num_stages"": [0, 0], ""range_multi_buffers"": [null, false], ""range_flattens"": [null, true], ""load_eviction_policies"": [""last"", ""first"", ""first""], ""num_warps"": 4, ""num_stages"": 2, ""indexing"": [""pointer"", ""tensor_descriptor"", ""pointer"", ""tensor_descriptor""], ""atomic_indexing"": [], ""pid_type"": ""flat""}","{""arg0_ndim"": 4, ""arg0_dim0"": 4, ""arg0_dim1"": 32, ""arg0_dim2"": 3072, ""arg0_dim3"": 64, ""arg0_numel"": 25165824, ""arg0_dtype"": ""torch.float16"", ""arg0_dtype_size"": 2, ""arg0_dtype_cat"": 2, ""arg1_ndim"": 4, ""arg1_dim0"": 4, ""arg1_dim1"": 32, ""arg1_dim2"": 3072, ""arg1_dim3"": 64, ""arg1_numel"": 25165824, ""arg1_dtype"": ""torch.float16"", ""arg1_dtype_size"": 2, ""arg1_dtype_cat"": 2, ""arg2_ndim"": 4, ""arg2_dim0"": 4, ""arg2_dim1"": 32, ""arg2_dim2"": 3072, ""arg2_dim3"": 64, ""arg2_numel"": 25165824, ""arg2_dtype"": ""torch.float16"", ""arg2_dtype_size"": 2, ""arg2_dtype_cat"": 2}",1.0075839757919312
attention,16c42d17abf67179,74c352914e79f5d5,"{""block_sizes"": [1, 128, 64], ""loop_orders"": [[0, 1]], ""l2_groupings"": [2], ""range_unroll_factors"": [0, 2], ""range_warp_specializes"": [null, false], ""range_num_stages"": [0, 0], ""range_multi_buffers"": [null, false], ""range_flattens"": [null, true], ""load_eviction_policies"": [""first"", """", ""first""], ""num_warps"": 8, ""num_stages"": 3, ""indexing"": [""tensor_descriptor"", ""pointer"", ""tensor_descriptor"", ""tensor_descriptor""], ""atomic_indexing"": [], ""pid_type"": ""flat""}","{""arg0_ndim"": 4, ""arg0_dim0"": 4, ""arg0_dim1"": 32, ""arg0_dim2"": 3072, ""arg0_dim3"": 64, ""arg0_numel"": 25165824, ""arg0_dtype"": ""torch.float16"", ""arg0_dtype_size"": 2, ""arg0_dtype_cat"": 2, ""arg1_ndim"": 4, ""arg1_dim0"": 4, ""arg1_dim1"": 32, ""arg1_dim2"": 3072, ""arg1_dim3"": 64, ""arg1_numel"": 25165824, ""arg1_dtype"": ""torch.float16"", ""arg1_dtype_size"": 2, ""arg1_dtype_cat"": 2, ""arg2_ndim"": 4, ""arg2_dim0"": 4, ""arg2_dim1"": 32, ""arg2_dim2"": 3072, ""arg2_dim3"": 64, ""arg2_numel"": 25165824, ""arg2_dtype"": ""torch.float16"", ""arg2_dtype_size"": 2, ""arg2_dtype_cat"": 2}",0.9472320079803467
attention,7f8bcf7fde5cc5e3,1424d8a662dc60cf,"{""block_sizes"": [1, 128, 128], ""loop_orders"": [[0, 1]], ""l2_groupings"": [32], ""range_unroll_factors"": [0, 2], ""range_warp_specializes"": [null, false], ""range_num_stages"": [0, 3], ""range_multi_buffers"": [null, false], ""range_flattens"": [null, false], ""load_eviction_policies"": [""first"", ""last"", ""first""], ""num_warps"": 4, ""num_stages"": 3, ""indexing"": [""pointer"", ""pointer"", ""pointer"", ""tensor_descriptor""], ""atomic_indexing"": [], ""pid_type"": ""flat""}","{""arg0_ndim"": 4, ""arg0_dim0"": 4, ""arg0_dim1"": 32, ""arg0_dim2"": 6144, ""arg0_dim3"": 64, ""arg0_numel"": 50331648, ""arg0_dtype"": ""torch.float16"", ""arg0_dtype_size"": 2, ""arg0_dtype_cat"": 2, ""arg1_ndim"": 4, ""arg1_dim0"": 4, ""arg1_dim1"": 32, ""arg1_dim2"": 6144, ""arg1_dim3"": 64, ""arg1_numel"": 50331648, ""arg1_dtype"": ""torch.float16"", ""arg1_dtype_size"": 2, ""arg1_dtype_cat"": 2, ""arg2_ndim"": 4, ""arg2_dim0"": 4, ""arg2_dim1"": 32, ""arg2_dim2"": 6144, ""arg2_dim3"": 64, ""arg2_numel"": 50331648, ""arg2_dtype"": ""torch.float16"", ""arg2_dtype_size"": 2, ""arg2_dtype_cat"": 2}",2.606495976448059
attention,7f8bcf7fde5cc5e3,29135c77b970e281,"{""block_sizes"": [1, 128, 128], ""loop_orders"": [[0, 1]], ""l2_groupings"": [32], ""range_unroll_factors"": [0, 4], ""range_warp_specializes"": [null, false], ""range_num_stages"": [0, 4], ""range_multi_buffers"": [null, null], ""range_flattens"": [null, false], ""load_eviction_policies"": [""first"", """", ""first""], ""num_warps"": 4, ""num_stages"": 3, ""indexing"": [""tensor_descriptor"", ""pointer"", ""pointer"", ""tensor_descriptor""], ""atomic_indexing"": [], ""pid_type"": ""flat""}","{""arg0_ndim"": 4, ""arg0_dim0"": 4, ""arg0_dim1"": 32, ""arg0_dim2"": 6144, ""arg0_dim3"": 64, ""arg0_numel"": 50331648, ""arg0_dtype"": ""torch.float16"", ""arg0_dtype_size"": 2, ""arg0_dtype_cat"": 2, ""arg1_ndim"": 4, ""arg1_dim0"": 4, ""arg1_dim1"": 32, ""arg1_dim2"": 6144, ""arg1_dim3"": 64, ""arg1_numel"": 50331648, ""arg1_dtype"": ""torch.float16"", ""arg1_dtype_size"": 2, ""arg1_dtype_cat"": 2, ""arg2_ndim"": 4, ""arg2_dim0"": 4, ""arg2_dim1"": 32, ""arg2_dim2"": 6144, ""arg2_dim3"": 64, ""arg2_numel"": 50331648, ""arg2_dtype"": ""torch.float16"", ""arg2_dtype_size"": 2, ""arg2_dtype_cat"": 2}",2.608272075653076
attention,7f8bcf7fde5cc5e3,71d98cc073b6f9c7,"{""block_sizes"": [1, 128, 128], ""loop_orders"": [[0, 1]], ""l2_groupings"": [32], ""range_unroll_factors"": [0, 0], ""range_warp_specializes"": [null, null], ""range_num_stages"": [0, 2], ""range_multi_buffers"": [null, true], ""range_flattens"": [null, true], ""load_eviction_policies"": [""first"", ""last"", ""first""], ""num_warps"": 4, ""num_stages"": 3, ""indexing"": [""tensor_descriptor"", ""tensor_descriptor"", ""pointer"", ""tensor_descriptor""], ""atomic_indexing"": [], ""pid_type"": ""flat""}","{""arg0_ndim"": 4, ""arg0_dim0"": 4, ""arg0_dim1"": 32, ""arg0_dim2"": 6144, ""arg0_dim3"": 64, ""arg0_numel"": 50331648, ""arg0_dtype"": ""torch.float16"", ""arg0_dtype_size"": 2, ""arg0_dtype_cat"": 2, ""arg1_ndim"": 4, ""arg1_dim0"": 4, ""arg1_dim1"": 32, ""arg1_dim2"": 6144, ""arg1_dim3"": 64, ""arg1_numel"": 50331648, ""arg1_dtype"": ""torch.float16"", ""arg1_dtype_size"": 2, ""arg1_dtype_cat"": 2, ""arg2_ndim"": 4, ""arg2_dim0"": 4, ""arg2_dim1"": 32, ""arg2_dim2"": 6144, ""arg2_dim3"": 64, ""arg2_numel"": 50331648, ""arg2_dtype"": ""torch.float16"", ""arg2_dtype_size"": 2, ""arg2_dtype_cat"": 2}",2.684383988380432
attention,7f8bcf7fde5cc5e3,fa0e6212d9dfaba1,"{""block_sizes"": [1, 128, 128], ""loop_orders"": [[1, 0]], ""l2_groupings"": [1], ""range_unroll_factors"": [0, 0], ""range_warp_specializes"": [null, null], ""range_num_stages"": [0, 3], ""range_multi_buffers"": [null, null], ""range_flattens"": [null, true], ""load_eviction_policies"": ["""", ""last"", ""first""], ""num_warps"": 4, ""num_stages"": 3, ""indexing"": [""tensor_descriptor"", ""tensor_descriptor"", ""tensor_descriptor"", ""tensor_descriptor""], ""atomic_indexing"": [], ""pid_type"": ""flat""}","{""arg0_ndim"": 4, ""arg0_dim0"": 4, ""arg0_dim1"": 32, ""arg0_dim2"": 6144, ""arg0_dim3"": 64, ""arg0_numel"": 50331648, ""arg0_dtype"": ""torch.float16"", ""arg0_dtype_size"": 2, ""arg0_dtype_cat"": 2, ""arg1_ndim"": 4, ""arg1_dim0"": 4, ""arg1_dim1"": 32, ""arg1_dim2"": 6144, ""arg1_dim3"": 64, ""arg1_numel"": 50331648, ""arg1_dtype"": ""torch.float16"", ""arg1_dtype_size"": 2, ""arg1_dtype_cat"": 2, ""arg2_ndim"": 4, ""arg2_dim0"": 4, ""arg2_dim1"": 32, ""arg2_dim2"": 6144, ""arg2_dim3"": 64, ""arg2_numel"": 50331648, ""arg2_dtype"": ""torch.float16"", ""arg2_dtype_size"": 2, ""arg2_dtype_cat"": 2}",2.712607979774475
attention,7f8bcf7fde5cc5e3,018f3cbb5fbec2b3,"{""block_sizes"": [1, 128, 128], ""loop_orders"": [[0, 1]], ""l2_groupings"": [32], ""range_unroll_factors"": [0, 4], ""range_warp_specializes"": [null, null], ""range_num_stages"": [0, 2], ""range_multi_buffers"": [null, false], ""range_flattens"": [null, true], ""load_eviction_policies"": ["""", """", ""first""], ""num_warps"": 4, ""num_stages"": 3, ""indexing"": [""pointer"", ""tensor_descriptor"", ""pointer"", ""tensor_descriptor""], ""atomic_indexing"": [], ""pid_type"": ""flat""}","{""arg0_ndim"": 4, ""arg0_dim0"": 4, ""arg0_dim1"": 32, ""arg0_dim2"": 6144, ""arg0_dim3"": 64, ""arg0_numel"": 50331648, ""arg0_dtype"": ""torch.float16"", ""arg0_dtype_size"": 2, ""arg0_dtype_cat"": 2, ""arg1_ndim"": 4, ""arg1_dim0"": 4, ""arg1_dim1"": 32, ""arg1_dim2"": 6144, ""arg1_dim3"": 64, ""arg1_numel"": 50331648, ""arg1_dtype"": ""torch.float16"", ""arg1_dtype_size"": 2, ""arg1_dtype_cat"": 2, ""arg2_ndim"": 4, ""arg2_dim0"": 4, ""arg2_dim1"": 32, ""arg2_dim2"": 6144, ""arg2_dim3"": 64, ""arg2_numel"": 50331648, ""arg2_dtype"": ""torch.float16"", ""arg2_dtype_size"": 2, ""arg2_dtype_cat"": 2}",2.6332160234451294
attention,7f8bcf7fde5cc5e3,4412520d00f6fe18,"{""block_sizes"": [1, 128, 64], ""loop_orders"": [[0, 1]], ""l2_groupings"": [16], ""range_unroll_factors"": [1, 0], ""range_warp_specializes"": [null, null], ""range_num_stages"": [0, 3], ""range_multi_buffers"": [true, false], ""range_flattens"": [false, false], ""load_eviction_policies"": ["""", ""last"", ""first""], ""num_warps"": 4, ""num_stages"": 4, ""indexing"": [""pointer"", ""pointer"", ""pointer"", ""pointer""], ""atomic_indexing"": [], ""pid_type"": ""persistent_interleaved"", ""num_sm_multiplier"": 2}","{""arg0_ndim"": 4, ""arg0_dim0"": 4, ""arg0_dim1"": 32, ""arg0_dim2"": 6144, ""arg0_dim3"": 64, ""arg0_numel"": 50331648, ""arg0_dtype"": ""torch.float16"", ""arg0_dtype_size"": 2, ""arg0_dtype_cat"": 2, ""arg1_ndim"": 4, ""arg1_dim0"": 4, ""arg1_dim1"": 32, ""arg1_dim2"": 6144, ""arg1_dim3"": 64, ""arg1_numel"": 50331648, ""arg1_dtype"": ""torch.float16"", ""arg1_dtype_size"": 2, ""arg1_dtype_cat"": 2, ""arg2_ndim"": 4, ""arg2_dim0"": 4, ""arg2_dim1"": 32, ""arg2_dim2"": 6144, ""arg2_dim3"": 64, ""arg2_numel"": 50331648, ""arg2_dtype"": ""torch.float16"", ""arg2_dtype_size"": 2, ""arg2_dtype_cat"": 2}",2.95523202419281
attention,7f8bcf7fde5cc5e3,8b544d6ab595df36,"{""block_sizes"": [1, 128, 64], ""loop_orders"": [[1, 0]], ""l2_groupings"": [8], ""range_unroll_factors"": [0, 3], ""range_warp_specializes"": [null, null], ""range_num_stages"": [0, 3], ""range_multi_buffers"": [null, true], ""range_flattens"": [null, true], ""load_eviction_policies"": ["""", ""first"", ""last""], ""num_warps"": 8, ""num_stages"": 3, ""indexing"": [""pointer"", ""pointer"", ""tensor_descriptor"", ""pointer""], ""atomic_indexing"": [], ""pid_type"": ""flat""}","{""arg0_ndim"": 4, ""arg0_dim0"": 4, ""arg0_dim1"": 32, ""arg0_dim2"": 6144, ""arg0_dim3"": 64, ""arg0_numel"": 50331648, ""arg0_dtype"": ""torch.float16"", ""arg0_dtype_size"": 2, ""arg0_dtype_cat"": 2, ""arg1_ndim"": 4, ""arg1_dim0"": 4, ""arg1_dim1"": 32, ""arg1_dim2"": 6144, ""arg1_dim3"": 64, ""arg1_numel"": 50331648, ""arg1_dtype"": ""torch.float16"", ""arg1_dtype_size"": 2, ""arg1_dtype_cat"": 2, ""arg2_ndim"": 4, ""arg2_dim0"": 4, ""arg2_dim1"": 32, ""arg2_dim2"": 6144, ""arg2_dim3"": 64, ""arg2_numel"": 50331648, ""arg2_dtype"": ""torch.float16"", ""arg2_dtype_size"": 2, ""arg2_dtype_cat"": 2}",3.5675840377807617
attention,7f8bcf7fde5cc5e3,f1dda601fe248341,"{""block_sizes"": [1, 128, 64], ""loop_orders"": [[1, 0]], ""l2_groupings"": [1], ""range_unroll_factors"": [0, 4], ""range_warp_specializes"": [null, false], ""range_num_stages"": [0, 4], ""range_multi_buffers"": [null, null], ""range_flattens"": [null, null], ""load_eviction_policies"": [""first"", """", """"], ""num_warps"": 4, ""num_stages"": 3, ""indexing"": [""tensor_descriptor"", ""pointer"", ""tensor_descriptor"", ""tensor_descriptor""], ""atomic_indexing"": [], ""pid_type"": ""flat""}","{""arg0_ndim"": 4, ""arg0_dim0"": 4, ""arg0_dim1"": 32, ""arg0_dim2"": 6144, ""arg0_dim3"": 64, ""arg0_numel"": 50331648, ""arg0_dtype"": ""torch.float16"", ""arg0_dtype_size"": 2, ""arg0_dtype_cat"": 2, ""arg1_ndim"": 4, ""arg1_dim0"": 4, ""arg1_dim1"": 32, ""arg1_dim2"": 6144, ""arg1_dim3"": 64, ""arg1_numel"": 50331648, ""arg1_dtype"": ""torch.float16"", ""arg1_dtype_size"": 2, ""arg1_dtype_cat"": 2, ""arg2_ndim"": 4, ""arg2_dim0"": 4, ""arg2_dim1"": 32, ""arg2_dim2"": 6144, ""arg2_dim3"": 64, ""arg2_numel"": 50331648, ""arg2_dtype"": ""torch.float16"", ""arg2_dtype_size"": 2, ""arg2_dtype_cat"": 2}",3.230720043182373
attention,7f8bcf7fde5cc5e3,3265e0895ba56199,"{""block_sizes"": [1, 128, 64], ""loop_orders"": [[1, 0]], ""l2_groupings"": [8], ""range_unroll_factors"": [0, 1], ""range_warp_specializes"": [null, false], ""range_num_stages"": [0, 2], ""range_multi_buffers"": [null, null], ""range_flattens"": [null, true], ""load_eviction_policies"": ["""", """", ""first""], ""num_warps"": 8, ""num_stages"": 3, ""indexing"": [""tensor_descriptor"", ""tensor_descriptor"", ""pointer"", ""tensor_descriptor""], ""atomic_indexing"": [], ""pid_type"": ""flat""}","{""arg0_ndim"": 4, ""arg0_dim0"": 4, ""arg0_dim1"": 32, ""arg0_dim2"": 6144, ""arg0_dim3"": 64, ""arg0_numel"": 50331648, ""arg0_dtype"": ""torch.float16"", ""arg0_dtype_size"": 2, ""arg0_dtype_cat"": 2, ""arg1_ndim"": 4, ""arg1_dim0"": 4, ""arg1_dim1"": 32, ""arg1_dim2"": 6144, ""arg1_dim3"": 64, ""arg1_numel"": 50331648, ""arg1_dtype"": ""torch.float16"", ""arg1_dtype_size"": 2, ""arg1_dtype_cat"": 2, ""arg2_ndim"": 4, ""arg2_dim0"": 4, ""arg2_dim1"": 32, ""arg2_dim2"": 6144, ""arg2_dim3"": 64, ""arg2_numel"": 50331648, ""arg2_dtype"": ""torch.float16"", ""arg2_dtype_size"": 2, ""arg2_dtype_cat"": 2}",3.567647933959961
attention,7f8bcf7fde5cc5e3,18cd65d1f263c609,"{""block_sizes"": [1, 128, 64], ""loop_orders"": [[1, 0]], ""l2_groupings"": [8], ""range_unroll_factors"": [0, 4], ""range_warp_specializes"": [null, null], ""range_num_stages"": [0, 3], ""range_multi_buffers"": [null, true], ""range_flattens"": [null, true], ""load_eviction_policies"": [""first"", ""first"", ""last""], ""num_warps"": 8, ""num_stages"": 3, ""indexing"": [""tensor_descriptor"", ""pointer"", ""tensor_descriptor"", ""pointer""], ""atomic_indexing"": [], ""pid_type"": ""flat""}","{""arg0_ndim"": 4, ""arg0_dim0"": 4, ""arg0_dim1"": 32, ""arg0_dim2"": 6144, ""arg0_dim3"": 64, ""arg0_numel"": 50331648, ""arg0_dtype"": ""torch.float16"", ""arg0_dtype_size"": 2, ""arg0_dtype_cat"": 2, ""arg1_ndim"": 4, ""arg1_dim0"": 4, ""arg1_dim1"": 32, ""arg1_dim2"": 6144, ""arg1_dim3"": 64, ""arg1_numel"": 50331648, ""arg1_dtype"": ""torch.float16"", ""arg1_dtype_size"": 2, ""arg1_dtype_cat"": 2, ""arg2_ndim"": 4, ""arg2_dim0"": 4, ""arg2_dim1"": 32, ""arg2_dim2"": 6144, ""arg2_dim3"": 64, ""arg2_numel"": 50331648, ""arg2_dtype"": ""torch.float16"", ""arg2_dtype_size"": 2, ""arg2_dtype_cat"": 2}",3.571743965148926
attention,7f8bcf7fde5cc5e3,b62e9711edcad914,"{""block_sizes"": [1, 128, 64], ""loop_orders"": [[0, 1]], ""l2_groupings"": [1], ""range_unroll_factors"": [0, 3], ""range_warp_specializes"": [null, false], ""range_num_stages"": [0, 3], ""range_multi_buffers"": [null, true], ""range_flattens"": [null, true], ""load_eviction_policies"": ["""", ""last"", """"], ""num_warps"": 4, ""num_stages"": 4, ""indexing"": [""tensor_descriptor"", ""pointer"", ""tensor_descriptor"", ""tensor_descriptor""], ""atomic_indexing"": [], ""pid_type"": ""flat""}","{""arg0_ndim"": 4, ""arg0_dim0"": 4, ""arg0_dim1"": 32, ""arg0_dim2"": 6144, ""arg0_dim3"": 64, ""arg0_numel"": 50331648, ""arg0_dtype"": ""torch.float16"", ""arg0_dtype_size"": 2, ""arg0_dtype_cat"": 2, ""arg1_ndim"": 4, ""arg1_dim0"": 4, ""arg1_dim1"": 32, ""arg1_dim2"": 6144, ""arg1_dim3"": 64, ""arg1_numel"": 50331648, ""arg1_dtype"": ""torch.float16"", ""arg1_dtype_size"": 2, ""arg1_dtype_cat"": 2, ""arg2_ndim"": 4, ""arg2_dim0"": 4, ""arg2_dim1"": 32, ""arg2_dim2"": 6144, ""arg2_dim3"": 64, ""arg2_numel"": 50331648, ""arg2_dtype"": ""torch.float16"", ""arg2_dtype_size"": 2, ""arg2_dtype_cat"": 2}",3.3915200233459473
attention,7f8bcf7fde5cc5e3,0224f42f7e07247a,"{""block_sizes"": [1, 128, 128], ""loop_orders"": [[1, 0]], ""l2_groupings"": [32], ""range_unroll_factors"": [0, 0], ""range_warp_specializes"": [null, null], ""range_num_stages"": [0, 4], ""range_multi_buffers"": [null, null], ""range_flattens"": [null, null], ""load_eviction_policies"": ["""", ""last"", ""last""], ""num_warps"": 4, ""num_stages"": 2, ""indexing"": [""tensor_descriptor"", ""pointer"", ""pointer"", ""pointer""], ""atomic_indexing"": [], ""pid_type"": ""flat""}","{""arg0_ndim"": 4, ""arg0_dim0"": 4, ""arg0_dim1"": 32, ""arg0_dim2"": 6144, ""arg0_dim3"": 64, ""arg0_numel"": 50331648, ""arg0_dtype"": ""torch.float16"", ""arg0_dtype_size"": 2, ""arg0_dtype_cat"": 2, ""arg1_ndim"": 4, ""arg1_dim0"": 4, ""arg1_dim1"": 32, ""arg1_dim2"": 6144, ""arg1_dim3"": 64, ""arg1_numel"": 50331648, ""arg1_dtype"": ""torch.float16"", ""arg1_dtype_size"": 2, ""arg1_dtype_cat"": 2, ""arg2_ndim"": 4, ""arg2_dim0"": 4, ""arg2_dim1"": 32, ""arg2_dim2"": 6144, ""arg2_dim3"": 64, ""arg2_numel"": 50331648, ""arg2_dtype"": ""torch.float16"", ""arg2_dtype_size"": 2, ""arg2_dtype_cat"": 2}",2.978864073753357
attention,7f8bcf7fde5cc5e3,a018ad7b08e26b2b,"{""block_sizes"": [1, 128, 128], ""loop_orders"": [[1, 0]], ""l2_groupings"": [1], ""range_unroll_factors"": [0, 4], ""range_warp_specializes"": [null, null], ""range_num_stages"": [2, 4], ""range_multi_buffers"": [false, false], ""range_flattens"": [null, true], ""load_eviction_policies"": [""first"", ""last"", ""last""], ""num_warps"": 4, ""num_stages"": 3, ""indexing"": [""tensor_descriptor"", ""pointer"", ""tensor_descriptor"", ""pointer""], ""atomic_indexing"": [], ""pid_type"": ""persistent_interleaved"", ""num_sm_multiplier"": 128}","{""arg0_ndim"": 4, ""arg0_dim0"": 4, ""arg0_dim1"": 32, ""arg0_dim2"": 6144, ""arg0_dim3"": 64, ""arg0_numel"": 50331648, ""arg0_dtype"": ""torch.float16"", ""arg0_dtype_size"": 2, ""arg0_dtype_cat"": 2, ""arg1_ndim"": 4, ""arg1_dim0"": 4, ""arg1_dim1"": 32, ""arg1_dim2"": 6144, ""arg1_dim3"": 64, ""arg1_numel"": 50331648, ""arg1_dtype"": ""torch.float16"", ""arg1_dtype_size"": 2, ""arg1_dtype_cat"": 2, ""arg2_ndim"": 4, ""arg2_dim0"": 4, ""arg2_dim1"": 32, ""arg2_dim2"": 6144, ""arg2_dim3"": 64, ""arg2_numel"": 50331648, ""arg2_dtype"": ""torch.float16"", ""arg2_dtype_size"": 2, ""arg2_dtype_cat"": 2}",2.7455360889434814
attention,7f8bcf7fde5cc5e3,34148bc38a442c3b,"{""block_sizes"": [1, 128, 128], ""loop_orders"": [[1, 0]], ""l2_groupings"": [32], ""range_unroll_factors"": [0, 0], ""range_warp_specializes"": [null, null], ""range_num_stages"": [0, 0], ""range_multi_buffers"": [null, true], ""range_flattens"": [null, null], ""load_eviction_policies"": ["""", ""last"", ""first""], ""num_warps"": 4, ""num_stages"": 3, ""indexing"": [""tensor_descriptor"", ""tensor_descriptor"", ""tensor_descriptor"", ""pointer""], ""atomic_indexing"": [], ""pid_type"": ""flat""}","{""arg0_ndim"": 4, ""arg0_dim0"": 4, ""arg0_dim1"": 32, ""arg0_dim2"": 6144, ""arg0_dim3"": 64, ""arg0_numel"": 50331648, ""arg0_dtype"": ""torch.float16"", ""arg0_dtype_size"": 2, ""arg0_dtype_cat"": 2, ""arg1_ndim"": 4, ""arg1_dim0"": 4, ""arg1_dim1"": 32, ""arg1_dim2"": 6144, ""arg1_dim3"": 64, ""arg1_numel"": 50331648, ""arg1_dtype"": ""torch.float16"", ""arg1_dtype_size"": 2, ""arg1_dtype_cat"": 2, ""arg2_ndim"": 4, ""arg2_dim0"": 4, ""arg2_dim1"": 32, ""arg2_dim2"": 6144, ""arg2_dim3"": 64, ""arg2_numel"": 50331648, ""arg2_dtype"": ""torch.float16"", ""arg2_dtype_size"": 2, ""arg2_dtype_cat"": 2}",2.6246238946914673
attention,7f8bcf7fde5cc5e3,ea987733425e4c1b,"{""block_sizes"": [1, 128, 128], ""loop_orders"": [[0, 1]], ""l2_groupings"": [8], ""range_unroll_factors"": [0, 1], ""range_warp_specializes"": [null, null], ""range_num_stages"": [0, 4], ""range_multi_buffers"": [null, false], ""range_flattens"": [null, false], ""load_eviction_policies"": [""first"", """", ""first""], ""num_warps"": 4, ""num_stages"": 3, ""indexing"": [""tensor_descriptor"", ""tensor_descriptor"", ""pointer"", ""pointer""], ""atomic_indexing"": [], ""pid_type"": ""flat""}","{""arg0_ndim"": 4, ""arg0_dim0"": 4, ""arg0_dim1"": 32, ""arg0_dim2"": 6144, ""arg0_dim3"": 64, ""arg0_numel"": 50331648, ""arg0_dtype"": ""torch.float16"", ""arg0_dtype_size"": 2, ""arg0_dtype_cat"": 2, ""arg1_ndim"": 4, ""arg1_dim0"": 4, ""arg1_dim1"": 32, ""arg1_dim2"": 6144, ""arg1_dim3"": 64, ""arg1_numel"": 50331648, ""arg1_dtype"": ""torch.float16"", ""arg1_dtype_size"": 2, ""arg1_dtype_cat"": 2, ""arg2_ndim"": 4, ""arg2_dim0"": 4, ""arg2_dim1"": 32, ""arg2_dim2"": 6144, ""arg2_dim3"": 64, ""arg2_numel"": 50331648, ""arg2_dtype"": ""torch.float16"", ""arg2_dtype_size"": 2, ""arg2_dtype_cat"": 2}",2.603968024253845
attention,7f8bcf7fde5cc5e3,65ab373fc776c2af,"{""block_sizes"": [1, 128, 64], ""loop_orders"": [[0, 1]], ""l2_groupings"": [8], ""range_unroll_factors"": [0, 4], ""range_warp_specializes"": [null, null], ""range_num_stages"": [0, 3], ""range_multi_buffers"": [null, false], ""range_flattens"": [null, false], ""load_eviction_policies"": [""last"", ""first"", ""first""], ""num_warps"": 8, ""num_stages"": 3, ""indexing"": [""pointer"", ""pointer"", ""pointer"", ""tensor_descriptor""], ""atomic_indexing"": [], ""pid_type"": ""flat""}","{""arg0_ndim"": 4, ""arg0_dim0"": 4, ""arg0_dim1"": 32, ""arg0_dim2"": 6144, ""arg0_dim3"": 64, ""arg0_numel"": 50331648, ""arg0_dtype"": ""torch.float16"", ""arg0_dtype_size"": 2, ""arg0_dtype_cat"": 2, ""arg1_ndim"": 4, ""arg1_dim0"": 4, ""arg1_dim1"": 32, ""arg1_dim2"": 6144, ""arg1_dim3"": 64, ""arg1_numel"": 50331648, ""arg1_dtype"": ""torch.float16"", ""arg1_dtype_size"": 2, ""arg1_dtype_cat"": 2, ""arg2_ndim"": 4, ""arg2_dim0"": 4, ""arg2_dim1"": 32, ""arg2_dim2"": 6144, ""arg2_dim3"": 64, ""arg2_numel"": 50331648, ""arg2_dtype"": ""torch.float16"", ""arg2_dtype_size"": 2, ""arg2_dtype_cat"": 2}",3.5287680625915527
attention,7f8bcf7fde5cc5e3,c94f578925dfd8f9,"{""block_sizes"": [1, 128, 64], ""loop_orders"": [[0, 1]], ""l2_groupings"": [2], ""range_unroll_factors"": [0, 1], ""range_warp_specializes"": [null, null], ""range_num_stages"": [0, 0], ""range_multi_buffers"": [null, true], ""range_flattens"": [null, null], ""load_eviction_policies"": ["""", ""last"", ""first""], ""num_warps"": 8, ""num_stages"": 3, ""indexing"": [""pointer"", ""tensor_descriptor"", ""tensor_descriptor"", ""pointer""], ""atomic_indexing"": [], ""pid_type"": ""flat""}","{""arg0_ndim"": 4, ""arg0_dim0"": 4, ""arg0_dim1"": 32, ""arg0_dim2"": 6144, ""arg0_dim3"": 64, ""arg0_numel"": 50331648, ""arg0_dtype"": ""torch.float16"", ""arg0_dtype_size"": 2, ""arg0_dtype_cat"": 2, ""arg1_ndim"": 4, ""arg1_dim0"": 4, ""arg1_dim1"": 32, ""arg1_dim2"": 6144, ""arg1_dim3"": 64, ""arg1_numel"": 50331648, ""arg1_dtype"": ""torch.float16"", ""arg1_dtype_size"": 2, ""arg1_dtype_cat"": 2, ""arg2_ndim"": 4, ""arg2_dim0"": 4, ""arg2_dim1"": 32, ""arg2_dim2"": 6144, ""arg2_dim3"": 64, ""arg2_numel"": 50331648, ""arg2_dtype"": ""torch.float16"", ""arg2_dtype_size"": 2, ""arg2_dtype_cat"": 2}",3.5391039848327637
attention,7f8bcf7fde5cc5e3,e90f1fde0aa15d55,"{""block_sizes"": [1, 128, 64], ""loop_orders"": [[0, 1]], ""l2_groupings"": [2], ""range_unroll_factors"": [0, 1], ""range_warp_specializes"": [null, null], ""range_num_stages"": [0, 1], ""range_multi_buffers"": [null, true], ""range_flattens"": [null, false], ""load_eviction_policies"": [""last"", """", ""last""], ""num_warps"": 8, ""num_stages"": 3, ""indexing"": [""pointer"", ""pointer"", ""tensor_descriptor"", ""tensor_descriptor""], ""atomic_indexing"": [], ""pid_type"": ""flat""}","{""arg0_ndim"": 4, ""arg0_dim0"": 4, ""arg0_dim1"": 32, ""arg0_dim2"": 6144, ""arg0_dim3"": 64, ""arg0_numel"": 50331648, ""arg0_dtype"": ""torch.float16"", ""arg0_dtype_size"": 2, ""arg0_dtype_cat"": 2, ""arg1_ndim"": 4, ""arg1_dim0"": 4, ""arg1_dim1"": 32, ""arg1_dim2"": 6144, ""arg1_dim3"": 64, ""arg1_numel"": 50331648, ""arg1_dtype"": ""torch.float16"", ""arg1_dtype_size"": 2, ""arg1_dtype_cat"": 2, ""arg2_ndim"": 4, ""arg2_dim0"": 4, ""arg2_dim1"": 32, ""arg2_dim2"": 6144, ""arg2_dim3"": 64, ""arg2_numel"": 50331648, ""arg2_dtype"": ""torch.float16"", ""arg2_dtype_size"": 2, ""arg2_dtype_cat"": 2}",3.526655912399292
attention,7f8bcf7fde5cc5e3,197f70c883e6e5ad,"{""block_sizes"": [1, 128, 64], ""loop_orders"": [[0, 1]], ""l2_groupings"": [2], ""range_unroll_factors"": [0, 0], ""range_warp_specializes"": [null, null], ""range_num_stages"": [0, 0], ""range_multi_buffers"": [null, false], ""range_flattens"": [null, true], ""load_eviction_policies"": [""last"", ""first"", ""first""], ""num_warps"": 4, ""num_stages"": 2, ""indexing"": [""pointer"", ""tensor_descriptor"", ""pointer"", ""tensor_descriptor""], ""atomic_indexing"": [], ""pid_type"": ""flat""}","{""arg0_ndim"": 4, ""arg0_dim0"": 4, ""arg0_dim1"": 32, ""arg0_dim2"": 6144, ""arg0_dim3"": 64, ""arg0_numel"": 50331648, ""arg0_dtype"": ""torch.float16"", ""arg0_dtype_size"": 2, ""arg0_dtype_cat"": 2, ""arg1_ndim"": 4, ""arg1_dim0"": 4, ""arg1_dim1"": 32, ""arg1_dim2"": 6144, ""arg1_dim3"": 64, ""arg1_numel"": 50331648, ""arg1_dtype"": ""torch.float16"", ""arg1_dtype_size"": 2, ""arg1_dtype_cat"": 2, ""arg2_ndim"": 4, ""arg2_dim0"": 4, ""arg2_dim1"": 32, ""arg2_dim2"": 6144, ""arg2_dim3"": 64, ""arg2_numel"": 50331648, ""arg2_dtype"": ""torch.float16"", ""arg2_dtype_size"": 2, ""arg2_dtype_cat"": 2}",3.7334721088409424
attention,7f8bcf7fde5cc5e3,74c352914e79f5d5,"{""block_sizes"": [1, 128, 64], ""loop_orders"": [[0, 1]], ""l2_groupings"": [2], ""range_unroll_factors"": [0, 2], ""range_warp_specializes"": [null, false], ""range_num_stages"": [0, 0], ""range_multi_buffers"": [null, false], ""range_flattens"": [null, true], ""load_eviction_policies"": [""first"", """", ""first""], ""num_warps"": 8, ""num_stages"": 3, ""indexing"": [""tensor_descriptor"", ""pointer"", ""tensor_descriptor"", ""tensor_descriptor""], ""atomic_indexing"": [], ""pid_type"": ""flat""}","{""arg0_ndim"": 4, ""arg0_dim0"": 4, ""arg0_dim1"": 32, ""arg0_dim2"": 6144, ""arg0_dim3"": 64, ""arg0_numel"": 50331648, ""arg0_dtype"": ""torch.float16"", ""arg0_dtype_size"": 2, ""arg0_dtype_cat"": 2, ""arg1_ndim"": 4, ""arg1_dim0"": 4, ""arg1_dim1"": 32, ""arg1_dim2"": 6144, ""arg1_dim3"": 64, ""arg1_numel"": 50331648, ""arg1_dtype"": ""torch.float16"", ""arg1_dtype_size"": 2, ""arg1_dtype_cat"": 2, ""arg2_ndim"": 4, ""arg2_dim0"": 4, ""arg2_dim1"": 32, ""arg2_dim2"": 6144, ""arg2_dim3"": 64, ""arg2_numel"": 50331648, ""arg2_dtype"": ""torch.float16"", ""arg2_dtype_size"": 2, ""arg2_dtype_cat"": 2}",3.5297279357910156
attention,eca1743d34d05786,1424d8a662dc60cf,"{""block_sizes"": [1, 128, 128], ""loop_orders"": [[0, 1]], ""l2_groupings"": [32], ""range_unroll_factors"": [0, 2], ""range_warp_specializes"": [null, false], ""range_num_stages"": [0, 3], ""range_multi_buffers"": [null, false], ""range_flattens"": [null, false], ""load_eviction_policies"": [""first"", ""last"", ""first""], ""num_warps"": 4, ""num_stages"": 3, ""indexing"": [""pointer"", ""pointer"", ""pointer"", ""tensor_descriptor""], ""atomic_indexing"": [], ""pid_type"": ""flat""}","{""arg0_ndim"": 4, ""arg0_dim0"": 4, ""arg0_dim1"": 32, ""arg0_dim2"": 12288, ""arg0_dim3"": 64, ""arg0_numel"": 100663296, ""arg0_dtype"": ""torch.float16"", ""arg0_dtype_size"": 2, ""arg0_dtype_cat"": 2, ""arg1_ndim"": 4, ""arg1_dim0"": 4, ""arg1_dim1"": 32, ""arg1_dim2"": 12288, ""arg1_dim3"": 64, ""arg1_numel"": 100663296, ""arg1_dtype"": ""torch.float16"", ""arg1_dtype_size"": 2, ""arg1_dtype_cat"": 2, ""arg2_ndim"": 4, ""arg2_dim0"": 4, ""arg2_dim1"": 32, ""arg2_dim2"": 12288, ""arg2_dim3"": 64, ""arg2_numel"": 100663296, ""arg2_dtype"": ""torch.float16"", ""arg2_dtype_size"": 2, ""arg2_dtype_cat"": 2}",12.06324815750122
attention,eca1743d34d05786,29135c77b970e281,"{""block_sizes"": [1, 128, 128], ""loop_orders"": [[0, 1]], ""l2_groupings"": [32], ""range_unroll_factors"": [0, 4], ""range_warp_specializes"": [null, false], ""range_num_stages"": [0, 4], ""range_multi_buffers"": [null, null], ""range_flattens"": [null, false], ""load_eviction_policies"": [""first"", """", ""first""], ""num_warps"": 4, ""num_stages"": 3, ""indexing"": [""tensor_descriptor"", ""pointer"", ""pointer"", ""tensor_descriptor""], ""atomic_indexing"": [], ""pid_type"": ""flat""}","{""arg0_ndim"": 4, ""arg0_dim0"": 4, ""arg0_dim1"": 32, ""arg0_dim2"": 12288, ""arg0_dim3"": 64, ""arg0_numel"": 100663296, ""arg0_dtype"": ""torch.float16"", ""arg0_dtype_size"": 2, ""arg0_dtype_cat"": 2, ""arg1_ndim"": 4, ""arg1_dim0"": 4, ""arg1_dim1"": 32, ""arg1_dim2"": 12288, ""arg1_dim3"": 64, ""arg1_numel"": 100663296, ""arg1_dtype"": ""torch.float16"", ""arg1_dtype_size"": 2, ""arg1_dtype_cat"": 2, ""arg2_ndim"": 4, ""arg2_dim0"": 4, ""arg2_dim1"": 32, ""arg2_dim2"": 12288, ""arg2_dim3"": 64, ""arg2_numel"": 100663296, ""arg2_dtype"": ""torch.float16"", ""arg2_dtype_size"": 2, ""arg2_dtype_cat"": 2}",11.82366418838501
attention,eca1743d34d05786,71d98cc073b6f9c7,"{""block_sizes"": [1, 128, 128], ""loop_orders"": [[0, 1]], ""l2_groupings"": [32], ""range_unroll_factors"": [0, 0], ""range_warp_specializes"": [null, null], ""range_num_stages"": [0, 2], ""range_multi_buffers"": [null, true], ""range_flattens"": [null, true], ""load_eviction_policies"": [""first"", ""last"", ""first""], ""num_warps"": 4, ""num_stages"": 3, ""indexing"": [""tensor_descriptor"", ""tensor_descriptor"", ""pointer"", ""tensor_descriptor""], ""atomic_indexing"": [], ""pid_type"": ""flat""}","{""arg0_ndim"": 4, ""arg0_dim0"": 4, ""arg0_dim1"": 32, ""arg0_dim2"": 12288, ""arg0_dim3"": 64, ""arg0_numel"": 100663296, ""arg0_dtype"": ""torch.float16"", ""arg0_dtype_size"": 2, ""arg0_dtype_cat"": 2, ""arg1_ndim"": 4, ""arg1_dim0"": 4, ""arg1_dim1"": 32, ""arg1_dim2"": 12288, ""arg1_dim3"": 64, ""arg1_numel"": 100663296, ""arg1_dtype"": ""torch.float16"", ""arg1_dtype_size"": 2, ""arg1_dtype_cat"": 2, ""arg2_ndim"": 4, ""arg2_dim0"": 4, ""arg2_dim1"": 32, ""arg2_dim2"": 12288, ""arg2_dim3"": 64, ""arg2_numel"": 100663296, ""arg2_dtype"": ""torch.float16"", ""arg2_dtype_size"": 2, ""arg2_dtype_cat"": 2}",12.019232273101807
attention,eca1743d34d05786,fa0e6212d9dfaba1,"{""block_sizes"": [1, 128, 128], ""loop_orders"": [[1, 0]], ""l2_groupings"": [1], ""range_unroll_factors"": [0, 0], ""range_warp_specializes"": [null, null], ""range_num_stages"": [0, 3], ""range_multi_buffers"": [null, null], ""range_flattens"": [null, true], ""load_eviction_policies"": ["""", ""last"", ""first""], ""num_warps"": 4, ""num_stages"": 3, ""indexing"": [""tensor_descriptor"", ""tensor_descriptor"", ""tensor_descriptor"", ""tensor_descriptor""], ""atomic_indexing"": [], ""pid_type"": ""flat""}","{""arg0_ndim"": 4, ""arg0_dim0"": 4, ""arg0_dim1"": 32, ""arg0_dim2"": 12288, ""arg0_dim3"": 64, ""arg0_numel"": 100663296, ""arg0_dtype"": ""torch.float16"", ""arg0_dtype_size"": 2, ""arg0_dtype_cat"": 2, ""arg1_ndim"": 4, ""arg1_dim0"": 4, ""arg1_dim1"": 32, ""arg1_dim2"": 12288, ""arg1_dim3"": 64, ""arg1_numel"": 100663296, ""arg1_dtype"": ""torch.float16"", ""arg1_dtype_size"": 2, ""arg1_dtype_cat"": 2, ""arg2_ndim"": 4, ""arg2_dim0"": 4, ""arg2_dim1"": 32, ""arg2_dim2"": 12288, ""arg2_dim3"": 64, ""arg2_numel"": 100663296, ""arg2_dtype"": ""torch.float16"", ""arg2_dtype_size"": 2, ""arg2_dtype_cat"": 2}",11.121167659759521
attention,eca1743d34d05786,018f3cbb5fbec2b3,"{""block_sizes"": [1, 128, 128], ""loop_orders"": [[0, 1]], ""l2_groupings"": [32], ""range_unroll_factors"": [0, 4], ""range_warp_specializes"": [null, null], ""range_num_stages"": [0, 2], ""range_multi_buffers"": [null, false], ""range_flattens"": [null, true], ""load_eviction_policies"": ["""", """", ""first""], ""num_warps"": 4, ""num_stages"": 3, ""indexing"": [""pointer"", ""tensor_descriptor"", ""pointer"", ""tensor_descriptor""], ""atomic_indexing"": [], ""pid_type"": ""flat""}","{""arg0_ndim"": 4, ""arg0_dim0"": 4, ""arg0_dim1"": 32, ""arg0_dim2"": 12288, ""arg0_dim3"": 64, ""arg0_numel"": 100663296, ""arg0_dtype"": ""torch.float16"", ""arg0_dtype_size"": 2, ""arg0_dtype_cat"": 2, ""arg1_ndim"": 4, ""arg1_dim0"": 4, ""arg1_dim1"": 32, ""arg1_dim2"": 12288, ""arg1_dim3"": 64, ""arg1_numel"": 100663296, ""arg1_dtype"": ""torch.float16"", ""arg1_dtype_size"": 2, ""arg1_dtype_cat"": 2, ""arg2_ndim"": 4, ""arg2_dim0"": 4, ""arg2_dim1"": 32, ""arg2_dim2"": 12288, ""arg2_dim3"": 64, ""arg2_numel"": 100663296, ""arg2_dtype"": ""torch.float16"", ""arg2_dtype_size"": 2, ""arg2_dtype_cat"": 2}",12.045248031616211
attention,eca1743d34d05786,4412520d00f6fe18,"{""block_sizes"": [1, 128, 64], ""loop_orders"": [[0, 1]], ""l2_groupings"": [16], ""range_unroll_factors"": [1, 0], ""range_warp_specializes"": [null, null], ""range_num_stages"": [0, 3], ""range_multi_buffers"": [true, false], ""range_flattens"": [false, false], ""load_eviction_policies"": ["""", ""last"", ""first""], ""num_warps"": 4, ""num_stages"": 4, ""indexing"": [""pointer"", ""pointer"", ""pointer"", ""pointer""], ""atomic_indexing"": [], ""pid_type"": ""persistent_interleaved"", ""num_sm_multiplier"": 2}","{""arg0_ndim"": 4, ""arg0_dim0"": 4, ""arg0_dim1"": 32, ""arg0_dim2"": 12288, ""arg0_dim3"": 64, ""arg0_numel"": 100663296, ""arg0_dtype"": ""torch.float16"", ""arg0_dtype_size"": 2, ""arg0_dtype_cat"": 2, ""arg1_ndim"": 4, ""arg1_dim0"": 4, ""arg1_dim1"": 32, ""arg1_dim2"": 12288, ""arg1_dim3"": 64, ""arg1_numel"": 100663296, ""arg1_dtype"": ""torch.float16"", ""arg1_dtype_size"": 2, ""arg1_dtype_cat"": 2, ""arg2_ndim"": 4, ""arg2_dim0"": 4, ""arg2_dim1"": 32, ""arg2_dim2"": 12288, ""arg2_dim3"": 64, ""arg2_numel"": 100663296, ""arg2_dtype"": ""torch.float16"", ""arg2_dtype_size"": 2, ""arg2_dtype_cat"": 2}",12.223471641540527
attention,eca1743d34d05786,8b544d6ab595df36,"{""block_sizes"": [1, 128, 64], ""loop_orders"": [[1, 0]], ""l2_groupings"": [8], ""range_unroll_factors"": [0, 3], ""range_warp_specializes"": [null, null], ""range_num_stages"": [0, 3], ""range_multi_buffers"": [null, true], ""range_flattens"": [null, true], ""load_eviction_policies"": ["""", ""first"", ""last""], ""num_warps"": 8, ""num_stages"": 3, ""indexing"": [""pointer"", ""pointer"", ""tensor_descriptor"", ""pointer""], ""atomic_indexing"": [], ""pid_type"": ""flat""}","{""arg0_ndim"": 4, ""arg0_dim0"": 4, ""arg0_dim1"": 32, ""arg0_dim2"": 12288, ""arg0_dim3"": 64, ""arg0_numel"": 100663296, ""arg0_dtype"": ""torch.float16"", ""arg0_dtype_size"": 2, ""arg0_dtype_cat"": 2, ""arg1_ndim"": 4, ""arg1_dim0"": 4, ""arg1_dim1"": 32, ""arg1_dim2"": 12288, ""arg1_dim3"": 64, ""arg1_numel"": 100663296, ""arg1_dtype"": ""torch.float16"", ""arg1_dtype_size"": 2, ""arg1_dtype_cat"": 2, ""arg2_ndim"": 4, ""arg2_dim0"": 4, ""arg2_dim1"": 32, ""arg2_dim2"": 12288, ""arg2_dim3"": 64, ""arg2_numel"": 100663296, ""arg2_dtype"": ""torch.float16"", ""arg2_dtype_size"": 2, ""arg2_dtype_cat"": 2}",14.233663558959961
attention,eca1743d34d05786,f1dda601fe248341,"{""block_sizes"": [1, 128, 64], ""loop_orders"": [[1, 0]], ""l2_groupings"": [1], ""range_unroll_factors"": [0, 4], ""range_warp_specializes"": [null, false], ""range_num_stages"": [0, 4], ""range_multi_buffers"": [null, null], ""range_flattens"": [null, null], ""load_eviction_policies"": [""first"", """", """"], ""num_warps"": 4, ""num_stages"": 3, ""indexing"": [""tensor_descriptor"", ""pointer"", ""tensor_descriptor"", ""tensor_descriptor""], ""atomic_indexing"": [], ""pid_type"": ""flat""}","{""arg0_ndim"": 4, ""arg0_dim0"": 4, ""arg0_dim1"": 32, ""arg0_dim2"": 12288, ""arg0_dim3"": 64, ""arg0_numel"": 100663296, ""arg0_dtype"": ""torch.float16"", ""arg0_dtype_size"": 2, ""arg0_dtype_cat"": 2, ""arg1_ndim"": 4, ""arg1_dim0"": 4, ""arg1_dim1"": 32, ""arg1_dim2"": 12288, ""arg1_dim3"": 64, ""arg1_numel"": 100663296, ""arg1_dtype"": ""torch.float16"", ""arg1_dtype_size"": 2, ""arg1_dtype_cat"": 2, ""arg2_ndim"": 4, ""arg2_dim0"": 4, ""arg2_dim1"": 32, ""arg2_dim2"": 12288, ""arg2_dim3"": 64, ""arg2_numel"": 100663296, ""arg2_dtype"": ""torch.float16"", ""arg2_dtype_size"": 2, ""arg2_dtype_cat"": 2}",12.738592147827148
attention,eca1743d34d05786,3265e0895ba56199,"{""block_sizes"": [1, 128, 64], ""loop_orders"": [[1, 0]], ""l2_groupings"": [8], ""range_unroll_factors"": [0, 1], ""range_warp_specializes"": [null, false], ""range_num_stages"": [0, 2], ""range_multi_buffers"": [null, null], ""range_flattens"": [null, true], ""load_eviction_policies"": ["""", """", ""first""], ""num_warps"": 8, ""num_stages"": 3, ""indexing"": [""tensor_descriptor"", ""tensor_descriptor"", ""pointer"", ""tensor_descriptor""], ""atomic_indexing"": [], ""pid_type"": ""flat""}","{""arg0_ndim"": 4, ""arg0_dim0"": 4, ""arg0_dim1"": 32, ""arg0_dim2"": 12288, ""arg0_dim3"": 64, ""arg0_numel"": 100663296, ""arg0_dtype"": ""torch.float16"", ""arg0_dtype_size"": 2, ""arg0_dtype_cat"": 2, ""arg1_ndim"": 4, ""arg1_dim0"": 4, ""arg1_dim1"": 32, ""arg1_dim2"": 12288, ""arg1_dim3"": 64, ""arg1_numel"": 100663296, ""arg1_dtype"": ""torch.float16"", ""arg1_dtype_size"": 2, ""arg1_dtype_cat"": 2, ""arg2_ndim"": 4, ""arg2_dim0"": 4, ""arg2_dim1"": 32, ""arg2_dim2"": 12288, ""arg2_dim3"": 64, ""arg2_numel"": 100663296, ""arg2_dtype"": ""torch.float16"", ""arg2_dtype_size"": 2, ""arg2_dtype_cat"": 2}",14.118911743164062
attention,eca1743d34d05786,18cd65d1f263c609,"{""block_sizes"": [1, 128, 64], ""loop_orders"": [[1, 0]], ""l2_groupings"": [8], ""range_unroll_factors"": [0, 4], ""range_warp_specializes"": [null, null], ""range_num_stages"": [0, 3], ""range_multi_buffers"": [null, true], ""range_flattens"": [null, true], ""load_eviction_policies"": [""first"", ""first"", ""last""], ""num_warps"": 8, ""num_stages"": 3, ""indexing"": [""tensor_descriptor"", ""pointer"", ""tensor_descriptor"", ""pointer""], ""atomic_indexing"": [], ""pid_type"": ""flat""}","{""arg0_ndim"": 4, ""arg0_dim0"": 4, ""arg0_dim1"": 32, ""arg0_dim2"": 12288, ""arg0_dim3"": 64, ""arg0_numel"": 100663296, ""arg0_dtype"": ""torch.float16"", ""arg0_dtype_size"": 2, ""arg0_dtype_cat"": 2, ""arg1_ndim"": 4, ""arg1_dim0"": 4, ""arg1_dim1"": 32, ""arg1_dim2"": 12288, ""arg1_dim3"": 64, ""arg1_numel"": 100663296, ""arg1_dtype"": ""torch.float16"", ""arg1_dtype_size"": 2, ""arg1_dtype_cat"": 2, ""arg2_ndim"": 4, ""arg2_dim0"": 4, ""arg2_dim1"": 32, ""arg2_dim2"": 12288, ""arg2_dim3"": 64, ""arg2_numel"": 100663296, ""arg2_dtype"": ""torch.float16"", ""arg2_dtype_size"": 2, ""arg2_dtype_cat"": 2}",14.243840217590332
attention,eca1743d34d05786,b62e9711edcad914,"{""block_sizes"": [1, 128, 64], ""loop_orders"": [[0, 1]], ""l2_groupings"": [1], ""range_unroll_factors"": [0, 3], ""range_warp_specializes"": [null, false], ""range_num_stages"": [0, 3], ""range_multi_buffers"": [null, true], ""range_flattens"": [null, true], ""load_eviction_policies"": ["""", ""last"", """"], ""num_warps"": 4, ""num_stages"": 4, ""indexing"": [""tensor_descriptor"", ""pointer"", ""tensor_descriptor"", ""tensor_descriptor""], ""atomic_indexing"": [], ""pid_type"": ""flat""}","{""arg0_ndim"": 4, ""arg0_dim0"": 4, ""arg0_dim1"": 32, ""arg0_dim2"": 12288, ""arg0_dim3"": 64, ""arg0_numel"": 100663296, ""arg0_dtype"": ""torch.float16"", ""arg0_dtype_size"": 2, ""arg0_dtype_cat"": 2, ""arg1_ndim"": 4, ""arg1_dim0"": 4, ""arg1_dim1"": 32, ""arg1_dim2"": 12288, ""arg1_dim3"": 64, ""arg1_numel"": 100663296, ""arg1_dtype"": ""torch.float16"", ""arg1_dtype_size"": 2, ""arg1_dtype_cat"": 2, ""arg2_ndim"": 4, ""arg2_dim0"": 4, ""arg2_dim1"": 32, ""arg2_dim2"": 12288, ""arg2_dim3"": 64, ""arg2_numel"": 100663296, ""arg2_dtype"": ""torch.float16"", ""arg2_dtype_size"": 2, ""arg2_dtype_cat"": 2}",15.048735618591309
attention,eca1743d34d05786,0224f42f7e07247a,"{""block_sizes"": [1, 128, 128], ""loop_orders"": [[1, 0]], ""l2_groupings"": [32], ""range_unroll_factors"": [0, 0], ""range_warp_specializes"": [null, null], ""range_num_stages"": [0, 4], ""range_multi_buffers"": [null, null], ""range_flattens"": [null, null], ""load_eviction_policies"": ["""", ""last"", ""last""], ""num_warps"": 4, ""num_stages"": 2, ""indexing"": [""tensor_descriptor"", ""pointer"", ""pointer"", ""pointer""], ""atomic_indexing"": [], ""pid_type"": ""flat""}","{""arg0_ndim"": 4, ""arg0_dim0"": 4, ""arg0_dim1"": 32, ""arg0_dim2"": 12288, ""arg0_dim3"": 64, ""arg0_numel"": 100663296, ""arg0_dtype"": ""torch.float16"", ""arg0_dtype_size"": 2, ""arg0_dtype_cat"": 2, ""arg1_ndim"": 4, ""arg1_dim0"": 4, ""arg1_dim1"": 32, ""arg1_dim2"": 12288, ""arg1_dim3"": 64, ""arg1_numel"": 100663296, ""arg1_dtype"": ""torch.float16"", ""arg1_dtype_size"": 2, ""arg1_dtype_cat"": 2, ""arg2_ndim"": 4, ""arg2_dim0"": 4, ""arg2_dim1"": 32, ""arg2_dim2"": 12288, ""arg2_dim3"": 64, ""arg2_numel"": 100663296, ""arg2_dtype"": ""torch.float16"", ""arg2_dtype_size"": 2, ""arg2_dtype_cat"": 2}",11.785727977752686
attention,eca1743d34d05786,a018ad7b08e26b2b,"{""block_sizes"": [1, 128, 128], ""loop_orders"": [[1, 0]], ""l2_groupings"": [1], ""range_unroll_factors"": [0, 4], ""range_warp_specializes"": [null, null], ""range_num_stages"": [2, 4], ""range_multi_buffers"": [false, false], ""range_flattens"": [null, true], ""load_eviction_policies"": [""first"", ""last"", ""last""], ""num_warps"": 4, ""num_stages"": 3, ""indexing"": [""tensor_descriptor"", ""pointer"", ""tensor_descriptor"", ""pointer""], ""atomic_indexing"": [], ""pid_type"": ""persistent_interleaved"", ""num_sm_multiplier"": 128}","{""arg0_ndim"": 4, ""arg0_dim0"": 4, ""arg0_dim1"": 32, ""arg0_dim2"": 12288, ""arg0_dim3"": 64, ""arg0_numel"": 100663296, ""arg0_dtype"": ""torch.float16"", ""arg0_dtype_size"": 2, ""arg0_dtype_cat"": 2, ""arg1_ndim"": 4, ""arg1_dim0"": 4, ""arg1_dim1"": 32, ""arg1_dim2"": 12288, ""arg1_dim3"": 64, ""arg1_numel"": 100663296, ""arg1_dtype"": ""torch.float16"", ""arg1_dtype_size"": 2, ""arg1_dtype_cat"": 2, ""arg2_ndim"": 4, ""arg2_dim0"": 4, ""arg2_dim1"": 32, ""arg2_dim2"": 12288, ""arg2_dim3"": 64, ""arg2_numel"": 100663296, ""arg2_dtype"": ""torch.float16"", ""arg2_dtype_size"": 2, ""arg2_dtype_cat"": 2}",11.403295993804932
attention,eca1743d34d05786,34148bc38a442c3b,"{""block_sizes"": [1, 128, 128], ""loop_orders"": [[1, 0]], ""l2_groupings"": [32], ""range_unroll_factors"": [0, 0], ""range_warp_specializes"": [null, null], ""range_num_stages"": [0, 0], ""range_multi_buffers"": [null, true], ""range_flattens"": [null, null], ""load_eviction_policies"": ["""", ""last"", ""first""], ""num_warps"": 4, ""num_stages"": 3, ""indexing"": [""tensor_descriptor"", ""tensor_descriptor"", ""tensor_descriptor"", ""pointer""], ""atomic_indexing"": [], ""pid_type"": ""flat""}","{""arg0_ndim"": 4, ""arg0_dim0"": 4, ""arg0_dim1"": 32, ""arg0_dim2"": 12288, ""arg0_dim3"": 64, ""arg0_numel"": 100663296, ""arg0_dtype"": ""torch.float16"", ""arg0_dtype_size"": 2, ""arg0_dtype_cat"": 2, ""arg1_ndim"": 4, ""arg1_dim0"": 4, ""arg1_dim1"": 32, ""arg1_dim2"": 12288, ""arg1_dim3"": 64, ""arg1_numel"": 100663296, ""arg1_dtype"": ""torch.float16"", ""arg1_dtype_size"": 2, ""arg1_dtype_cat"": 2, ""arg2_ndim"": 4, ""arg2_dim0"": 4, ""arg2_dim1"": 32, ""arg2_dim2"": 12288, ""arg2_dim3"": 64, ""arg2_numel"": 100663296, ""arg2_dtype"": ""torch.float16"", ""arg2_dtype_size"": 2, ""arg2_dtype_cat"": 2}",11.292687892913818
attention,eca1743d34d05786,ea987733425e4c1b,"{""block_sizes"": [1, 128, 128], ""loop_orders"": [[0, 1]], ""l2_groupings"": [8], ""range_unroll_factors"": [0, 1], ""range_warp_specializes"": [null, null], ""range_num_stages"": [0, 4], ""range_multi_buffers"": [null, false], ""range_flattens"": [null, false], ""load_eviction_policies"": [""first"", """", ""first""], ""num_warps"": 4, ""num_stages"": 3, ""indexing"": [""tensor_descriptor"", ""tensor_descriptor"", ""pointer"", ""pointer""], ""atomic_indexing"": [], ""pid_type"": ""flat""}","{""arg0_ndim"": 4, ""arg0_dim0"": 4, ""arg0_dim1"": 32, ""arg0_dim2"": 12288, ""arg0_dim3"": 64, ""arg0_numel"": 100663296, ""arg0_dtype"": ""torch.float16"", ""arg0_dtype_size"": 2, ""arg0_dtype_cat"": 2, ""arg1_ndim"": 4, ""arg1_dim0"": 4, ""arg1_dim1"": 32, ""arg1_dim2"": 12288, ""arg1_dim3"": 64, ""arg1_numel"": 100663296, ""arg1_dtype"": ""torch.float16"", ""arg1_dtype_size"": 2, ""arg1_dtype_cat"": 2, ""arg2_ndim"": 4, ""arg2_dim0"": 4, ""arg2_dim1"": 32, ""arg2_dim2"": 12288, ""arg2_dim3"": 64, ""arg2_numel"": 100663296, ""arg2_dtype"": ""torch.float16"", ""arg2_dtype_size"": 2, ""arg2_dtype_cat"": 2}",11.133471965789795
attention,eca1743d34d05786,65ab373fc776c2af,"{""block_sizes"": [1, 128, 64], ""loop_orders"": [[0, 1]], ""l2_groupings"": [8], ""range_unroll_factors"": [0, 4], ""range_warp_specializes"": [null, null], ""range_num_stages"": [0, 3], ""range_multi_buffers"": [null, false], ""range_flattens"": [null, false], ""load_eviction_policies"": [""last"", ""first"", ""first""], ""num_warps"": 8, ""num_stages"": 3, ""indexing"": [""pointer"", ""pointer"", ""pointer"", ""tensor_descriptor""], ""atomic_indexing"": [], ""pid_type"": ""flat""}","{""arg0_ndim"": 4, ""arg0_dim0"": 4, ""arg0_dim1"": 32, ""arg0_dim2"": 12288, ""arg0_dim3"": 64, ""arg0_numel"": 100663296, ""arg0_dtype"": ""torch.float16"", ""arg0_dtype_size"": 2, ""arg0_dtype_cat"": 2, ""arg1_ndim"": 4, ""arg1_dim0"": 4, ""arg1_dim1"": 32, ""arg1_dim2"": 12288, ""arg1_dim3"": 64, ""arg1_numel"": 100663296, ""arg1_dtype"": ""torch.float16"", ""arg1_dtype_size"": 2, ""arg1_dtype_cat"": 2, ""arg2_ndim"": 4, ""arg2_dim0"": 4, ""arg2_dim1"": 32, ""arg2_dim2"": 12288, ""arg2_dim3"": 64, ""arg2_numel"": 100663296, ""arg2_dtype"": ""torch.float16"", ""arg2_dtype_size"": 2, ""arg2_dtype_cat"": 2}",13.886495590209961
attention,eca1743d34d05786,c94f578925dfd8f9,"{""block_sizes"": [1, 128, 64], ""loop_orders"": [[0, 1]], ""l2_groupings"": [2], ""range_unroll_factors"": [0, 1], ""range_warp_specializes"": [null, null], ""range_num_stages"": [0, 0], ""range_multi_buffers"": [null, true], ""range_flattens"": [null, null], ""load_eviction_policies"": ["""", ""last"", ""first""], ""num_warps"": 8, ""num_stages"": 3, ""indexing"": [""pointer"", ""tensor_descriptor"", ""tensor_descriptor"", ""pointer""], ""atomic_indexing"": [], ""pid_type"": ""flat""}","{""arg0_ndim"": 4, ""arg0_dim0"": 4, ""arg0_dim1"": 32, ""arg0_dim2"": 12288, ""arg0_dim3"": 64, ""arg0_numel"": 100663296, ""arg0_dtype"": ""torch.float16"", ""arg0_dtype_size"": 2, ""arg0_dtype_cat"": 2, ""arg1_ndim"": 4, ""arg1_dim0"": 4, ""arg1_dim1"": 32, ""arg1_dim2"": 12288, ""arg1_dim3"": 64, ""arg1_numel"": 100663296, ""arg1_dtype"": ""torch.float16"", ""arg1_dtype_size"": 2, ""arg1_dtype_cat"": 2, ""arg2_ndim"": 4, ""arg2_dim0"": 4, ""arg2_dim1"": 32, ""arg2_dim2"": 12288, ""arg2_dim3"": 64, ""arg2_numel"": 100663296, ""arg2_dtype"": ""torch.float16"", ""arg2_dtype_size"": 2, ""arg2_dtype_cat"": 2}",13.921279907226562
attention,eca1743d34d05786,e90f1fde0aa15d55,"{""block_sizes"": [1, 128, 64], ""loop_orders"": [[0, 1]], ""l2_groupings"": [2], ""range_unroll_factors"": [0, 1], ""range_warp_specializes"": [null, null], ""range_num_stages"": [0, 1], ""range_multi_buffers"": [null, true], ""range_flattens"": [null, false], ""load_eviction_policies"": [""last"", """", ""last""], ""num_warps"": 8, ""num_stages"": 3, ""indexing"": [""pointer"", ""pointer"", ""tensor_descriptor"", ""tensor_descriptor""], ""atomic_indexing"": [], ""pid_type"": ""flat""}","{""arg0_ndim"": 4, ""arg0_dim0"": 4, ""arg0_dim1"": 32, ""arg0_dim2"": 12288, ""arg0_dim3"": 64, ""arg0_numel"": 100663296, ""arg0_dtype"": ""torch.float16"", ""arg0_dtype_size"": 2, ""arg0_dtype_cat"": 2, ""arg1_ndim"": 4, ""arg1_dim0"": 4, ""arg1_dim1"": 32, ""arg1_dim2"": 12288, ""arg1_dim3"": 64, ""arg1_numel"": 100663296, ""arg1_dtype"": ""torch.float16"", ""arg1_dtype_size"": 2, ""arg1_dtype_cat"": 2, ""arg2_ndim"": 4, ""arg2_dim0"": 4, ""arg2_dim1"": 32, ""arg2_dim2"": 12288, ""arg2_dim3"": 64, ""arg2_numel"": 100663296, ""arg2_dtype"": ""torch.float16"", ""arg2_dtype_size"": 2, ""arg2_dtype_cat"": 2}",13.864959716796875
attention,eca1743d34d05786,197f70c883e6e5ad,"{""block_sizes"": [1, 128, 64], ""loop_orders"": [[0, 1]], ""l2_groupings"": [2], ""range_unroll_factors"": [0, 0], ""range_warp_specializes"": [null, null], ""range_num_stages"": [0, 0], ""range_multi_buffers"": [null, false], ""range_flattens"": [null, true], ""load_eviction_policies"": [""last"", ""first"", ""first""], ""num_warps"": 4, ""num_stages"": 2, ""indexing"": [""pointer"", ""tensor_descriptor"", ""pointer"", ""tensor_descriptor""], ""atomic_indexing"": [], ""pid_type"": ""flat""}","{""arg0_ndim"": 4, ""arg0_dim0"": 4, ""arg0_dim1"": 32, ""arg0_dim2"": 12288, ""arg0_dim3"": 64, ""arg0_numel"": 100663296, ""arg0_dtype"": ""torch.float16"", ""arg0_dtype_size"": 2, ""arg0_dtype_cat"": 2, ""arg1_ndim"": 4, ""arg1_dim0"": 4, ""arg1_dim1"": 32, ""arg1_dim2"": 12288, ""arg1_dim3"": 64, ""arg1_numel"": 100663296, ""arg1_dtype"": ""torch.float16"", ""arg1_dtype_size"": 2, ""arg1_dtype_cat"": 2, ""arg2_ndim"": 4, ""arg2_dim0"": 4, ""arg2_dim1"": 32, ""arg2_dim2"": 12288, ""arg2_dim3"": 64, ""arg2_numel"": 100663296, ""arg2_dtype"": ""torch.float16"", ""arg2_dtype_size"": 2, ""arg2_dtype_cat"": 2}",14.384160041809082
attention,eca1743d34d05786,74c352914e79f5d5,"{""block_sizes"": [1, 128, 64], ""loop_orders"": [[0, 1]], ""l2_groupings"": [2], ""range_unroll_factors"": [0, 2], ""range_warp_specializes"": [null, false], ""range_num_stages"": [0, 0], ""range_multi_buffers"": [null, false], ""range_flattens"": [null, true], ""load_eviction_policies"": [""first"", """", ""first""], ""num_warps"": 8, ""num_stages"": 3, ""indexing"": [""tensor_descriptor"", ""pointer"", ""tensor_descriptor"", ""tensor_descriptor""], ""atomic_indexing"": [], ""pid_type"": ""flat""}","{""arg0_ndim"": 4, ""arg0_dim0"": 4, ""arg0_dim1"": 32, ""arg0_dim2"": 12288, ""arg0_dim3"": 64, ""arg0_numel"": 100663296, ""arg0_dtype"": ""torch.float16"", ""arg0_dtype_size"": 2, ""arg0_dtype_cat"": 2, ""arg1_ndim"": 4, ""arg1_dim0"": 4, ""arg1_dim1"": 32, ""arg1_dim2"": 12288, ""arg1_dim3"": 64, ""arg1_numel"": 100663296, ""arg1_dtype"": ""torch.float16"", ""arg1_dtype_size"": 2, ""arg1_dtype_cat"": 2, ""arg2_ndim"": 4, ""arg2_dim0"": 4, ""arg2_dim1"": 32, ""arg2_dim2"": 12288, ""arg2_dim3"": 64, ""arg2_numel"": 100663296, ""arg2_dtype"": ""torch.float16"", ""arg2_dtype_size"": 2, ""arg2_dtype_cat"": 2}",13.879327774047852
attention,dd00d06b0b53fbf2,1424d8a662dc60cf,"{""block_sizes"": [1, 128, 128], ""loop_orders"": [[0, 1]], ""l2_groupings"": [32], ""range_unroll_factors"": [0, 2], ""range_warp_specializes"": [null, false], ""range_num_stages"": [0, 3], ""range_multi_buffers"": [null, false], ""range_flattens"": [null, false], ""load_eviction_policies"": [""first"", ""last"", ""first""], ""num_warps"": 4, ""num_stages"": 3, ""indexing"": [""pointer"", ""pointer"", ""pointer"", ""tensor_descriptor""], ""atomic_indexing"": [], ""pid_type"": ""flat""}","{""arg0_ndim"": 4, ""arg0_dim0"": 4, ""arg0_dim1"": 32, ""arg0_dim2"": 14336, ""arg0_dim3"": 64, ""arg0_numel"": 117440512, ""arg0_dtype"": ""torch.float16"", ""arg0_dtype_size"": 2, ""arg0_dtype_cat"": 2, ""arg1_ndim"": 4, ""arg1_dim0"": 4, ""arg1_dim1"": 32, ""arg1_dim2"": 14336, ""arg1_dim3"": 64, ""arg1_numel"": 117440512, ""arg1_dtype"": ""torch.float16"", ""arg1_dtype_size"": 2, ""arg1_dtype_cat"": 2, ""arg2_ndim"": 4, ""arg2_dim0"": 4, ""arg2_dim1"": 32, ""arg2_dim2"": 14336, ""arg2_dim3"": 64, ""arg2_numel"": 117440512, ""arg2_dtype"": ""torch.float16"", ""arg2_dtype_size"": 2, ""arg2_dtype_cat"": 2}",16.720895767211914
attention,dd00d06b0b53fbf2,29135c77b970e281,"{""block_sizes"": [1, 128, 128], ""loop_orders"": [[0, 1]], ""l2_groupings"": [32], ""range_unroll_factors"": [0, 4], ""range_warp_specializes"": [null, false], ""range_num_stages"": [0, 4], ""range_multi_buffers"": [null, null], ""range_flattens"": [null, false], ""load_eviction_policies"": [""first"", """", ""first""], ""num_warps"": 4, ""num_stages"": 3, ""indexing"": [""tensor_descriptor"", ""pointer"", ""pointer"", ""tensor_descriptor""], ""atomic_indexing"": [], ""pid_type"": ""flat""}","{""arg0_ndim"": 4, ""arg0_dim0"": 4, ""arg0_dim1"": 32, ""arg0_dim2"": 14336, ""arg0_dim3"": 64, ""arg0_numel"": 117440512, ""arg0_dtype"": ""torch.float16"", ""arg0_dtype_size"": 2, ""arg0_dtype_cat"": 2, ""arg1_ndim"": 4, ""arg1_dim0"": 4, ""arg1_dim1"": 32, ""arg1_dim2"": 14336, ""arg1_dim3"": 64, ""arg1_numel"": 117440512, ""arg1_dtype"": ""torch.float16"", ""arg1_dtype_size"": 2, ""arg1_dtype_cat"": 2, ""arg2_ndim"": 4, ""arg2_dim0"": 4, ""arg2_dim1"": 32, ""arg2_dim2"": 14336, ""arg2_dim3"": 64, ""arg2_numel"": 117440512, ""arg2_dtype"": ""torch.float16"", ""arg2_dtype_size"": 2, ""arg2_dtype_cat"": 2}",16.796672821044922
attention,dd00d06b0b53fbf2,71d98cc073b6f9c7,"{""block_sizes"": [1, 128, 128], ""loop_orders"": [[0, 1]], ""l2_groupings"": [32], ""range_unroll_factors"": [0, 0], ""range_warp_specializes"": [null, null], ""range_num_stages"": [0, 2], ""range_multi_buffers"": [null, true], ""range_flattens"": [null, true], ""load_eviction_policies"": [""first"", ""last"", ""first""], ""num_warps"": 4, ""num_stages"": 3, ""indexing"": [""tensor_descriptor"", ""tensor_descriptor"", ""pointer"", ""tensor_descriptor""], ""atomic_indexing"": [], ""pid_type"": ""flat""}","{""arg0_ndim"": 4, ""arg0_dim0"": 4, ""arg0_dim1"": 32, ""arg0_dim2"": 14336, ""arg0_dim3"": 64, ""arg0_numel"": 117440512, ""arg0_dtype"": ""torch.float16"", ""arg0_dtype_size"": 2, ""arg0_dtype_cat"": 2, ""arg1_ndim"": 4, ""arg1_dim0"": 4, ""arg1_dim1"": 32, ""arg1_dim2"": 14336, ""arg1_dim3"": 64, ""arg1_numel"": 117440512, ""arg1_dtype"": ""torch.float16"", ""arg1_dtype_size"": 2, ""arg1_dtype_cat"": 2, ""arg2_ndim"": 4, ""arg2_dim0"": 4, ""arg2_dim1"": 32, ""arg2_dim2"": 14336, ""arg2_dim3"": 64, ""arg2_numel"": 117440512, ""arg2_dtype"": ""torch.float16"", ""arg2_dtype_size"": 2, ""arg2_dtype_cat"": 2}",16.648191452026367
attention,dd00d06b0b53fbf2,fa0e6212d9dfaba1,"{""block_sizes"": [1, 128, 128], ""loop_orders"": [[1, 0]], ""l2_groupings"": [1], ""range_unroll_factors"": [0, 0], ""range_warp_specializes"": [null, null], ""range_num_stages"": [0, 3], ""range_multi_buffers"": [null, null], ""range_flattens"": [null, true], ""load_eviction_policies"": ["""", ""last"", ""first""], ""num_warps"": 4, ""num_stages"": 3, ""indexing"": [""tensor_descriptor"", ""tensor_descriptor"", ""tensor_descriptor"", ""tensor_descriptor""], ""atomic_indexing"": [], ""pid_type"": ""flat""}","{""arg0_ndim"": 4, ""arg0_dim0"": 4, ""arg0_dim1"": 32, ""arg0_dim2"": 14336, ""arg0_dim3"": 64, ""arg0_numel"": 117440512, ""arg0_dtype"": ""torch.float16"", ""arg0_dtype_size"": 2, ""arg0_dtype_cat"": 2, ""arg1_ndim"": 4, ""arg1_dim0"": 4, ""arg1_dim1"": 32, ""arg1_dim2"": 14336, ""arg1_dim3"": 64, ""arg1_numel"": 117440512, ""arg1_dtype"": ""torch.float16"", ""arg1_dtype_size"": 2, ""arg1_dtype_cat"": 2, ""arg2_ndim"": 4, ""arg2_dim0"": 4, ""arg2_dim1"": 32, ""arg2_dim2"": 14336, ""arg2_dim3"": 64, ""arg2_numel"": 117440512, ""arg2_dtype"": ""torch.float16"", ""arg2_dtype_size"": 2, ""arg2_dtype_cat"": 2}",15.239007949829102
attention,dd00d06b0b53fbf2,018f3cbb5fbec2b3,"{""block_sizes"": [1, 128, 128], ""loop_orders"": [[0, 1]], ""l2_groupings"": [32], ""range_unroll_factors"": [0, 4], ""range_warp_specializes"": [null, null], ""range_num_stages"": [0, 2], ""range_multi_buffers"": [null, false], ""range_flattens"": [null, true], ""load_eviction_policies"": ["""", """", ""first""], ""num_warps"": 4, ""num_stages"": 3, ""indexing"": [""pointer"", ""tensor_descriptor"", ""pointer"", ""tensor_descriptor""], ""atomic_indexing"": [], ""pid_type"": ""flat""}","{""arg0_ndim"": 4, ""arg0_dim0"": 4, ""arg0_dim1"": 32, ""arg0_dim2"": 14336, ""arg0_dim3"": 64, ""arg0_numel"": 117440512, ""arg0_dtype"": ""torch.float16"", ""arg0_dtype_size"": 2, ""arg0_dtype_cat"": 2, ""arg1_ndim"": 4, ""arg1_dim0"": 4, ""arg1_dim1"": 32, ""arg1_dim2"": 14336, ""arg1_dim3"": 64, ""arg1_numel"": 117440512, ""arg1_dtype"": ""torch.float16"", ""arg1_dtype_size"": 2, ""arg1_dtype_cat"": 2, ""arg2_ndim"": 4, ""arg2_dim0"": 4, ""arg2_dim1"": 32, ""arg2_dim2"": 14336, ""arg2_dim3"": 64, ""arg2_numel"": 117440512, ""arg2_dtype"": ""torch.float16"", ""arg2_dtype_size"": 2, ""arg2_dtype_cat"": 2}",17.108224868774414
attention,dd00d06b0b53fbf2,4412520d00f6fe18,"{""block_sizes"": [1, 128, 64], ""loop_orders"": [[0, 1]], ""l2_groupings"": [16], ""range_unroll_factors"": [1, 0], ""range_warp_specializes"": [null, null], ""range_num_stages"": [0, 3], ""range_multi_buffers"": [true, false], ""range_flattens"": [false, false], ""load_eviction_policies"": ["""", ""last"", ""first""], ""num_warps"": 4, ""num_stages"": 4, ""indexing"": [""pointer"", ""pointer"", ""pointer"", ""pointer""], ""atomic_indexing"": [], ""pid_type"": ""persistent_interleaved"", ""num_sm_multiplier"": 2}","{""arg0_ndim"": 4, ""arg0_dim0"": 4, ""arg0_dim1"": 32, ""arg0_dim2"": 14336, ""arg0_dim3"": 64, ""arg0_numel"": 117440512, ""arg0_dtype"": ""torch.float16"", ""arg0_dtype_size"": 2, ""arg0_dtype_cat"": 2, ""arg1_ndim"": 4, ""arg1_dim0"": 4, ""arg1_dim1"": 32, ""arg1_dim2"": 14336, ""arg1_dim3"": 64, ""arg1_numel"": 117440512, ""arg1_dtype"": ""torch.float16"", ""arg1_dtype_size"": 2, ""arg1_dtype_cat"": 2, ""arg2_ndim"": 4, ""arg2_dim0"": 4, ""arg2_dim1"": 32, ""arg2_dim2"": 14336, ""arg2_dim3"": 64, ""arg2_numel"": 117440512, ""arg2_dtype"": ""torch.float16"", ""arg2_dtype_size"": 2, ""arg2_dtype_cat"": 2}",16.872447967529297
attention,dd00d06b0b53fbf2,8b544d6ab595df36,"{""block_sizes"": [1, 128, 64], ""loop_orders"": [[1, 0]], ""l2_groupings"": [8], ""range_unroll_factors"": [0, 3], ""range_warp_specializes"": [null, null], ""range_num_stages"": [0, 3], ""range_multi_buffers"": [null, true], ""range_flattens"": [null, true], ""load_eviction_policies"": ["""", ""first"", ""last""], ""num_warps"": 8, ""num_stages"": 3, ""indexing"": [""pointer"", ""pointer"", ""tensor_descriptor"", ""pointer""], ""atomic_indexing"": [], ""pid_type"": ""flat""}","{""arg0_ndim"": 4, ""arg0_dim0"": 4, ""arg0_dim1"": 32, ""arg0_dim2"": 14336, ""arg0_dim3"": 64, ""arg0_numel"": 117440512, ""arg0_dtype"": ""torch.float16"", ""arg0_dtype_size"": 2, ""arg0_dtype_cat"": 2, ""arg1_ndim"": 4, ""arg1_dim0"": 4, ""arg1_dim1"": 32, ""arg1_dim2"": 14336, ""arg1_dim3"": 64, ""arg1_numel"": 117440512, ""arg1_dtype"": ""torch.float16"", ""arg1_dtype_size"": 2, ""arg1_dtype_cat"": 2, ""arg2_ndim"": 4, ""arg2_dim0"": 4, ""arg2_dim1"": 32, ""arg2_dim2"": 14336, ""arg2_dim3"": 64, ""arg2_numel"": 117440512, ""arg2_dtype"": ""torch.float16"", ""arg2_dtype_size"": 2, ""arg2_dtype_cat"": 2}",19.107359886169434
attention,dd00d06b0b53fbf2,f1dda601fe248341,"{""block_sizes"": [1, 128, 64], ""loop_orders"": [[1, 0]], ""l2_groupings"": [1], ""range_unroll_factors"": [0, 4], ""range_warp_specializes"": [null, false], ""range_num_stages"": [0, 4], ""range_multi_buffers"": [null, null], ""range_flattens"": [null, null], ""load_eviction_policies"": [""first"", """", """"], ""num_warps"": 4, ""num_stages"": 3, ""indexing"": [""tensor_descriptor"", ""pointer"", ""tensor_descriptor"", ""tensor_descriptor""], ""atomic_indexing"": [], ""pid_type"": ""flat""}","{""arg0_ndim"": 4, ""arg0_dim0"": 4, ""arg0_dim1"": 32, ""arg0_dim2"": 14336, ""arg0_dim3"": 64, ""arg0_numel"": 117440512, ""arg0_dtype"": ""torch.float16"", ""arg0_dtype_size"": 2, ""arg0_dtype_cat"": 2, ""arg1_ndim"": 4, ""arg1_dim0"": 4, ""arg1_dim1"": 32, ""arg1_dim2"": 14336, ""arg1_dim3"": 64, ""arg1_numel"": 117440512, ""arg1_dtype"": ""torch.float16"", ""arg1_dtype_size"": 2, ""arg1_dtype_cat"": 2, ""arg2_ndim"": 4, ""arg2_dim0"": 4, ""arg2_dim1"": 32, ""arg2_dim2"": 14336, ""arg2_dim3"": 64, ""arg2_numel"": 117440512, ""arg2_dtype"": ""torch.float16"", ""arg2_dtype_size"": 2, ""arg2_dtype_cat"": 2}",17.303119659423828
attention,dd00d06b0b53fbf2,3265e0895ba56199,"{""block_sizes"": [1, 128, 64], ""loop_orders"": [[1, 0]], ""l2_groupings"": [8], ""range_unroll_factors"": [0, 1], ""range_warp_specializes"": [null, false], ""range_num_stages"": [0, 2], ""range_multi_buffers"": [null, null], ""range_flattens"": [null, true], ""load_eviction_policies"": ["""", """", ""first""], ""num_warps"": 8, ""num_stages"": 3, ""indexing"": [""tensor_descriptor"", ""tensor_descriptor"", ""pointer"", ""tensor_descriptor""], ""atomic_indexing"": [], ""pid_type"": ""flat""}","{""arg0_ndim"": 4, ""arg0_dim0"": 4, ""arg0_dim1"": 32, ""arg0_dim2"": 14336, ""arg0_dim3"": 64, ""arg0_numel"": 117440512, ""arg0_dtype"": ""torch.float16"", ""arg0_dtype_size"": 2, ""arg0_dtype_cat"": 2, ""arg1_ndim"": 4, ""arg1_dim0"": 4, ""arg1_dim1"": 32, ""arg1_dim2"": 14336, ""arg1_dim3"": 64, ""arg1_numel"": 117440512, ""arg1_dtype"": ""torch.float16"", ""arg1_dtype_size"": 2, ""arg1_dtype_cat"": 2, ""arg2_ndim"": 4, ""arg2_dim0"": 4, ""arg2_dim1"": 32, ""arg2_dim2"": 14336, ""arg2_dim3"": 64, ""arg2_numel"": 117440512, ""arg2_dtype"": ""torch.float16"", ""arg2_dtype_size"": 2, ""arg2_dtype_cat"": 2}",19.192336082458496
attention,dd00d06b0b53fbf2,18cd65d1f263c609,"{""block_sizes"": [1, 128, 64], ""loop_orders"": [[1, 0]], ""l2_groupings"": [8], ""range_unroll_factors"": [0, 4], ""range_warp_specializes"": [null, null], ""range_num_stages"": [0, 3], ""range_multi_buffers"": [null, true], ""range_flattens"": [null, true], ""load_eviction_policies"": [""first"", ""first"", ""last""], ""num_warps"": 8, ""num_stages"": 3, ""indexing"": [""tensor_descriptor"", ""pointer"", ""tensor_descriptor"", ""pointer""], ""atomic_indexing"": [], ""pid_type"": ""flat""}","{""arg0_ndim"": 4, ""arg0_dim0"": 4, ""arg0_dim1"": 32, ""arg0_dim2"": 14336, ""arg0_dim3"": 64, ""arg0_numel"": 117440512, ""arg0_dtype"": ""torch.float16"", ""arg0_dtype_size"": 2, ""arg0_dtype_cat"": 2, ""arg1_ndim"": 4, ""arg1_dim0"": 4, ""arg1_dim1"": 32, ""arg1_dim2"": 14336, ""arg1_dim3"": 64, ""arg1_numel"": 117440512, ""arg1_dtype"": ""torch.float16"", ""arg1_dtype_size"": 2, ""arg1_dtype_cat"": 2, ""arg2_ndim"": 4, ""arg2_dim0"": 4, ""arg2_dim1"": 32, ""arg2_dim2"": 14336, ""arg2_dim3"": 64, ""arg2_numel"": 117440512, ""arg2_dtype"": ""torch.float16"", ""arg2_dtype_size"": 2, ""arg2_dtype_cat"": 2}",19.08993625640869
attention,dd00d06b0b53fbf2,b62e9711edcad914,"{""block_sizes"": [1, 128, 64], ""loop_orders"": [[0, 1]], ""l2_groupings"": [1], ""range_unroll_factors"": [0, 3], ""range_warp_specializes"": [null, false], ""range_num_stages"": [0, 3], ""range_multi_buffers"": [null, true], ""range_flattens"": [null, true], ""load_eviction_policies"": ["""", ""last"", """"], ""num_warps"": 4, ""num_stages"": 4, ""indexing"": [""tensor_descriptor"", ""pointer"", ""tensor_descriptor"", ""tensor_descriptor""], ""atomic_indexing"": [], ""pid_type"": ""flat""}","{""arg0_ndim"": 4, ""arg0_dim0"": 4, ""arg0_dim1"": 32, ""arg0_dim2"": 14336, ""arg0_dim3"": 64, ""arg0_numel"": 117440512, ""arg0_dtype"": ""torch.float16"", ""arg0_dtype_size"": 2, ""arg0_dtype_cat"": 2, ""arg1_ndim"": 4, ""arg1_dim0"": 4, ""arg1_dim1"": 32, ""arg1_dim2"": 14336, ""arg1_dim3"": 64, ""arg1_numel"": 117440512, ""arg1_dtype"": ""torch.float16"", ""arg1_dtype_size"": 2, ""arg1_dtype_cat"": 2, ""arg2_ndim"": 4, ""arg2_dim0"": 4, ""arg2_dim1"": 32, ""arg2_dim2"": 14336, ""arg2_dim3"": 64, ""arg2_numel"": 117440512, ""arg2_dtype"": ""torch.float16"", ""arg2_dtype_size"": 2, ""arg2_dtype_cat"": 2}",20.407824516296387
attention,dd00d06b0b53fbf2,0224f42f7e07247a,"{""block_sizes"": [1, 128, 128], ""loop_orders"": [[1, 0]], ""l2_groupings"": [32], ""range_unroll_factors"": [0, 0], ""range_warp_specializes"": [null, null], ""range_num_stages"": [0, 4], ""range_multi_buffers"": [null, null], ""range_flattens"": [null, null], ""load_eviction_policies"": ["""", ""last"", ""last""], ""num_warps"": 4, ""num_stages"": 2, ""indexing"": [""tensor_descriptor"", ""pointer"", ""pointer"", ""pointer""], ""atomic_indexing"": [], ""pid_type"": ""flat""}","{""arg0_ndim"": 4, ""arg0_dim0"": 4, ""arg0_dim1"": 32, ""arg0_dim2"": 14336, ""arg0_dim3"": 64, ""arg0_numel"": 117440512, ""arg0_dtype"": ""torch.float16"", ""arg0_dtype_size"": 2, ""arg0_dtype_cat"": 2, ""arg1_ndim"": 4, ""arg1_dim0"": 4, ""arg1_dim1"": 32, ""arg1_dim2"": 14336, ""arg1_dim3"": 64, ""arg1_numel"": 117440512, ""arg1_dtype"": ""torch.float16"", ""arg1_dtype_size"": 2, ""arg1_dtype_cat"": 2, ""arg2_ndim"": 4, ""arg2_dim0"": 4, ""arg2_dim1"": 32, ""arg2_dim2"": 14336, ""arg2_dim3"": 64, ""arg2_numel"": 117440512, ""arg2_dtype"": ""torch.float16"", ""arg2_dtype_size"": 2, ""arg2_dtype_cat"": 2}",16.260160446166992
attention,dd00d06b0b53fbf2,a018ad7b08e26b2b,"{""block_sizes"": [1, 128, 128], ""loop_orders"": [[1, 0]], ""l2_groupings"": [1], ""range_unroll_factors"": [0, 4], ""range_warp_specializes"": [null, null], ""range_num_stages"": [2, 4], ""range_multi_buffers"": [false, false], ""range_flattens"": [null, true], ""load_eviction_policies"": [""first"", ""last"", ""last""], ""num_warps"": 4, ""num_stages"": 3, ""indexing"": [""tensor_descriptor"", ""pointer"", ""tensor_descriptor"", ""pointer""], ""atomic_indexing"": [], ""pid_type"": ""persistent_interleaved"", ""num_sm_multiplier"": 128}","{""arg0_ndim"": 4, ""arg0_dim0"": 4, ""arg0_dim1"": 32, ""arg0_dim2"": 14336, ""arg0_dim3"": 64, ""arg0_numel"": 117440512, ""arg0_dtype"": ""torch.float16"", ""arg0_dtype_size"": 2, ""arg0_dtype_cat"": 2, ""arg1_ndim"": 4, ""arg1_dim0"": 4, ""arg1_dim1"": 32, ""arg1_dim2"": 14336, ""arg1_dim3"": 64, ""arg1_numel"": 117440512, ""arg1_dtype"": ""torch.float16"", ""arg1_dtype_size"": 2, ""arg1_dtype_cat"": 2, ""arg2_ndim"": 4, ""arg2_dim0"": 4, ""arg2_dim1"": 32, ""arg2_dim2"": 14336, ""arg2_dim3"": 64, ""arg2_numel"": 117440512, ""arg2_dtype"": ""torch.float16"", ""arg2_dtype_size"": 2, ""arg2_dtype_cat"": 2}",15.71945571899414
attention,dd00d06b0b53fbf2,34148bc38a442c3b,"{""block_sizes"": [1, 128, 128], ""loop_orders"": [[1, 0]], ""l2_groupings"": [32], ""range_unroll_factors"": [0, 0], ""range_warp_specializes"": [null, null], ""range_num_stages"": [0, 0], ""range_multi_buffers"": [null, true], ""range_flattens"": [null, null], ""load_eviction_policies"": ["""", ""last"", ""first""], ""num_warps"": 4, ""num_stages"": 3, ""indexing"": [""tensor_descriptor"", ""tensor_descriptor"", ""tensor_descriptor"", ""pointer""], ""atomic_indexing"": [], ""pid_type"": ""flat""}","{""arg0_ndim"": 4, ""arg0_dim0"": 4, ""arg0_dim1"": 32, ""arg0_dim2"": 14336, ""arg0_dim3"": 64, ""arg0_numel"": 117440512, ""arg0_dtype"": ""torch.float16"", ""arg0_dtype_size"": 2, ""arg0_dtype_cat"": 2, ""arg1_ndim"": 4, ""arg1_dim0"": 4, ""arg1_dim1"": 32, ""arg1_dim2"": 14336, ""arg1_dim3"": 64, ""arg1_numel"": 117440512, ""arg1_dtype"": ""torch.float16"", ""arg1_dtype_size"": 2, ""arg1_dtype_cat"": 2, ""arg2_ndim"": 4, ""arg2_dim0"": 4, ""arg2_dim1"": 32, ""arg2_dim2"": 14336, ""arg2_dim3"": 64, ""arg2_numel"": 117440512, ""arg2_dtype"": ""torch.float16"", ""arg2_dtype_size"": 2, ""arg2_dtype_cat"": 2}",15.561759948730469
attention,dd00d06b0b53fbf2,ea987733425e4c1b,"{""block_sizes"": [1, 128, 128], ""loop_orders"": [[0, 1]], ""l2_groupings"": [8], ""range_unroll_factors"": [0, 1], ""range_warp_specializes"": [null, null], ""range_num_stages"": [0, 4], ""range_multi_buffers"": [null, false], ""range_flattens"": [null, false], ""load_eviction_policies"": [""first"", """", ""first""], ""num_warps"": 4, ""num_stages"": 3, ""indexing"": [""tensor_descriptor"", ""tensor_descriptor"", ""pointer"", ""pointer""], ""atomic_indexing"": [], ""pid_type"": ""flat""}","{""arg0_ndim"": 4, ""arg0_dim0"": 4, ""arg0_dim1"": 32, ""arg0_dim2"": 14336, ""arg0_dim3"": 64, ""arg0_numel"": 117440512, ""arg0_dtype"": ""torch.float16"", ""arg0_dtype_size"": 2, ""arg0_dtype_cat"": 2, ""arg1_ndim"": 4, ""arg1_dim0"": 4, ""arg1_dim1"": 32, ""arg1_dim2"": 14336, ""arg1_dim3"": 64, ""arg1_numel"": 117440512, ""arg1_dtype"": ""torch.float16"", ""arg1_dtype_size"": 2, ""arg1_dtype_cat"": 2, ""arg2_ndim"": 4, ""arg2_dim0"": 4, ""arg2_dim1"": 32, ""arg2_dim2"": 14336, ""arg2_dim3"": 64, ""arg2_numel"": 117440512, ""arg2_dtype"": ""torch.float16"", ""arg2_dtype_size"": 2, ""arg2_dtype_cat"": 2}",14.975008010864258
attention,dd00d06b0b53fbf2,65ab373fc776c2af,"{""block_sizes"": [1, 128, 64], ""loop_orders"": [[0, 1]], ""l2_groupings"": [8], ""range_unroll_factors"": [0, 4], ""range_warp_specializes"": [null, null], ""range_num_stages"": [0, 3], ""range_multi_buffers"": [null, false], ""range_flattens"": [null, false], ""load_eviction_policies"": [""last"", ""first"", ""first""], ""num_warps"": 8, ""num_stages"": 3, ""indexing"": [""pointer"", ""pointer"", ""pointer"", ""tensor_descriptor""], ""atomic_indexing"": [], ""pid_type"": ""flat""}","{""arg0_ndim"": 4, ""arg0_dim0"": 4, ""arg0_dim1"": 32, ""arg0_dim2"": 14336, ""arg0_dim3"": 64, ""arg0_numel"": 117440512, ""arg0_dtype"": ""torch.float16"", ""arg0_dtype_size"": 2, ""arg0_dtype_cat"": 2, ""arg1_ndim"": 4, ""arg1_dim0"": 4, ""arg1_dim1"": 32, ""arg1_dim2"": 14336, ""arg1_dim3"": 64, ""arg1_numel"": 117440512, ""arg1_dtype"": ""torch.float16"", ""arg1_dtype_size"": 2, ""arg1_dtype_cat"": 2, ""arg2_ndim"": 4, ""arg2_dim0"": 4, ""arg2_dim1"": 32, ""arg2_dim2"": 14336, ""arg2_dim3"": 64, ""arg2_numel"": 117440512, ""arg2_dtype"": ""torch.float16"", ""arg2_dtype_size"": 2, ""arg2_dtype_cat"": 2}",18.886159896850586
attention,dd00d06b0b53fbf2,c94f578925dfd8f9,"{""block_sizes"": [1, 128, 64], ""loop_orders"": [[0, 1]], ""l2_groupings"": [2], ""range_unroll_factors"": [0, 1], ""range_warp_specializes"": [null, null], ""range_num_stages"": [0, 0], ""range_multi_buffers"": [null, true], ""range_flattens"": [null, null], ""load_eviction_policies"": ["""", ""last"", ""first""], ""num_warps"": 8, ""num_stages"": 3, ""indexing"": [""pointer"", ""tensor_descriptor"", ""tensor_descriptor"", ""pointer""], ""atomic_indexing"": [], ""pid_type"": ""flat""}","{""arg0_ndim"": 4, ""arg0_dim0"": 4, ""arg0_dim1"": 32, ""arg0_dim2"": 14336, ""arg0_dim3"": 64, ""arg0_numel"": 117440512, ""arg0_dtype"": ""torch.float16"", ""arg0_dtype_size"": 2, ""arg0_dtype_cat"": 2, ""arg1_ndim"": 4, ""arg1_dim0"": 4, ""arg1_dim1"": 32, ""arg1_dim2"": 14336, ""arg1_dim3"": 64, ""arg1_numel"": 117440512, ""arg1_dtype"": ""torch.float16"", ""arg1_dtype_size"": 2, ""arg1_dtype_cat"": 2, ""arg2_ndim"": 4, ""arg2_dim0"": 4, ""arg2_dim1"": 32, ""arg2_dim2"": 14336, ""arg2_dim3"": 64, ""arg2_numel"": 117440512, ""arg2_dtype"": ""torch.float16"", ""arg2_dtype_size"": 2, ""arg2_dtype_cat"": 2}",18.911791801452637
attention,dd00d06b0b53fbf2,e90f1fde0aa15d55,"{""block_sizes"": [1, 128, 64], ""loop_orders"": [[0, 1]], ""l2_groupings"": [2], ""range_unroll_factors"": [0, 1], ""range_warp_specializes"": [null, null], ""range_num_stages"": [0, 1], ""range_multi_buffers"": [null, true], ""range_flattens"": [null, false], ""load_eviction_policies"": [""last"", """", ""last""], ""num_warps"": 8, ""num_stages"": 3, ""indexing"": [""pointer"", ""pointer"", ""tensor_descriptor"", ""tensor_descriptor""], ""atomic_indexing"": [], ""pid_type"": ""flat""}","{""arg0_ndim"": 4, ""arg0_dim0"": 4, ""arg0_dim1"": 32, ""arg0_dim2"": 14336, ""arg0_dim3"": 64, ""arg0_numel"": 117440512, ""arg0_dtype"": ""torch.float16"", ""arg0_dtype_size"": 2, ""arg0_dtype_cat"": 2, ""arg1_ndim"": 4, ""arg1_dim0"": 4, ""arg1_dim1"": 32, ""arg1_dim2"": 14336, ""arg1_dim3"": 64, ""arg1_numel"": 117440512, ""arg1_dtype"": ""torch.float16"", ""arg1_dtype_size"": 2, ""arg1_dtype_cat"": 2, ""arg2_ndim"": 4, ""arg2_dim0"": 4, ""arg2_dim1"": 32, ""arg2_dim2"": 14336, ""arg2_dim3"": 64, ""arg2_numel"": 117440512, ""arg2_dtype"": ""torch.float16"", ""arg2_dtype_size"": 2, ""arg2_dtype_cat"": 2}",18.845199584960938
attention,dd00d06b0b53fbf2,197f70c883e6e5ad,"{""block_sizes"": [1, 128, 64], ""loop_orders"": [[0, 1]], ""l2_groupings"": [2], ""range_unroll_factors"": [0, 0], ""range_warp_specializes"": [null, null], ""range_num_stages"": [0, 0], ""range_multi_buffers"": [null, false], ""range_flattens"": [null, true], ""load_eviction_policies"": [""last"", ""first"", ""first""], ""num_warps"": 4, ""num_stages"": 2, ""indexing"": [""pointer"", ""tensor_descriptor"", ""pointer"", ""tensor_descriptor""], ""atomic_indexing"": [], ""pid_type"": ""flat""}","{""arg0_ndim"": 4, ""arg0_dim0"": 4, ""arg0_dim1"": 32, ""arg0_dim2"": 14336, ""arg0_dim3"": 64, ""arg0_numel"": 117440512, ""arg0_dtype"": ""torch.float16"", ""arg0_dtype_size"": 2, ""arg0_dtype_cat"": 2, ""arg1_ndim"": 4, ""arg1_dim0"": 4, ""arg1_dim1"": 32, ""arg1_dim2"": 14336, ""arg1_dim3"": 64, ""arg1_numel"": 117440512, ""arg1_dtype"": ""torch.float16"", ""arg1_dtype_size"": 2, ""arg1_dtype_cat"": 2, ""arg2_ndim"": 4, ""arg2_dim0"": 4, ""arg2_dim1"": 32, ""arg2_dim2"": 14336, ""arg2_dim3"": 64, ""arg2_numel"": 117440512, ""arg2_dtype"": ""torch.float16"", ""arg2_dtype_size"": 2, ""arg2_dtype_cat"": 2}",19.85537624359131
attention,dd00d06b0b53fbf2,74c352914e79f5d5,"{""block_sizes"": [1, 128, 64], ""loop_orders"": [[0, 1]], ""l2_groupings"": [2], ""range_unroll_factors"": [0, 2], ""range_warp_specializes"": [null, false], ""range_num_stages"": [0, 0], ""range_multi_buffers"": [null, false], ""range_flattens"": [null, true], ""load_eviction_policies"": [""first"", """", ""first""], ""num_warps"": 8, ""num_stages"": 3, ""indexing"": [""tensor_descriptor"", ""pointer"", ""tensor_descriptor"", ""tensor_descriptor""], ""atomic_indexing"": [], ""pid_type"": ""flat""}","{""arg0_ndim"": 4, ""arg0_dim0"": 4, ""arg0_dim1"": 32, ""arg0_dim2"": 14336, ""arg0_dim3"": 64, ""arg0_numel"": 117440512, ""arg0_dtype"": ""torch.float16"", ""arg0_dtype_size"": 2, ""arg0_dtype_cat"": 2, ""arg1_ndim"": 4, ""arg1_dim0"": 4, ""arg1_dim1"": 32, ""arg1_dim2"": 14336, ""arg1_dim3"": 64, ""arg1_numel"": 117440512, ""arg1_dtype"": ""torch.float16"", ""arg1_dtype_size"": 2, ""arg1_dtype_cat"": 2, ""arg2_ndim"": 4, ""arg2_dim0"": 4, ""arg2_dim1"": 32, ""arg2_dim2"": 14336, ""arg2_dim3"": 64, ""arg2_numel"": 117440512, ""arg2_dtype"": ""torch.float16"", ""arg2_dtype_size"": 2, ""arg2_dtype_cat"": 2}",18.845088005065918
attention,c9adc5d2126ae361,1424d8a662dc60cf,"{""block_sizes"": [1, 128, 128], ""loop_orders"": [[0, 1]], ""l2_groupings"": [32], ""range_unroll_factors"": [0, 2], ""range_warp_specializes"": [null, false], ""range_num_stages"": [0, 3], ""range_multi_buffers"": [null, false], ""range_flattens"": [null, false], ""load_eviction_policies"": [""first"", ""last"", ""first""], ""num_warps"": 4, ""num_stages"": 3, ""indexing"": [""pointer"", ""pointer"", ""pointer"", ""tensor_descriptor""], ""atomic_indexing"": [], ""pid_type"": ""flat""}","{""arg0_ndim"": 4, ""arg0_dim0"": 4, ""arg0_dim1"": 32, ""arg0_dim2"": 1536, ""arg0_dim3"": 128, ""arg0_numel"": 25165824, ""arg0_dtype"": ""torch.float16"", ""arg0_dtype_size"": 2, ""arg0_dtype_cat"": 2, ""arg1_ndim"": 4, ""arg1_dim0"": 4, ""arg1_dim1"": 32, ""arg1_dim2"": 1536, ""arg1_dim3"": 128, ""arg1_numel"": 25165824, ""arg1_dtype"": ""torch.float16"", ""arg1_dtype_size"": 2, ""arg1_dtype_cat"": 2, ""arg2_ndim"": 4, ""arg2_dim0"": 4, ""arg2_dim1"": 32, ""arg2_dim2"": 1536, ""arg2_dim3"": 128, ""arg2_numel"": 25165824, ""arg2_dtype"": ""torch.float16"", ""arg2_dtype_size"": 2, ""arg2_dtype_cat"": 2}",1.1171680092811584
attention,c9adc5d2126ae361,29135c77b970e281,"{""block_sizes"": [1, 128, 128], ""loop_orders"": [[0, 1]], ""l2_groupings"": [32], ""range_unroll_factors"": [0, 4], ""range_warp_specializes"": [null, false], ""range_num_stages"": [0, 4], ""range_multi_buffers"": [null, null], ""range_flattens"": [null, false], ""load_eviction_policies"": [""first"", """", ""first""], ""num_warps"": 4, ""num_stages"": 3, ""indexing"": [""tensor_descriptor"", ""pointer"", ""pointer"", ""tensor_descriptor""], ""atomic_indexing"": [], ""pid_type"": ""flat""}","{""arg0_ndim"": 4, ""arg0_dim0"": 4, ""arg0_dim1"": 32, ""arg0_dim2"": 1536, ""arg0_dim3"": 128, ""arg0_numel"": 25165824, ""arg0_dtype"": ""torch.float16"", ""arg0_dtype_size"": 2, ""arg0_dtype_cat"": 2, ""arg1_ndim"": 4, ""arg1_dim0"": 4, ""arg1_dim1"": 32, ""arg1_dim2"": 1536, ""arg1_dim3"": 128, ""arg1_numel"": 25165824, ""arg1_dtype"": ""torch.float16"", ""arg1_dtype_size"": 2, ""arg1_dtype_cat"": 2, ""arg2_ndim"": 4, ""arg2_dim0"": 4, ""arg2_dim1"": 32, ""arg2_dim2"": 1536, ""arg2_dim3"": 128, ""arg2_numel"": 25165824, ""arg2_dtype"": ""torch.float16"", ""arg2_dtype_size"": 2, ""arg2_dtype_cat"": 2}",1.1172000169754028
attention,c9adc5d2126ae361,71d98cc073b6f9c7,"{""block_sizes"": [1, 128, 128], ""loop_orders"": [[0, 1]], ""l2_groupings"": [32], ""range_unroll_factors"": [0, 0], ""range_warp_specializes"": [null, null], ""range_num_stages"": [0, 2], ""range_multi_buffers"": [null, true], ""range_flattens"": [null, true], ""load_eviction_policies"": [""first"", ""last"", ""first""], ""num_warps"": 4, ""num_stages"": 3, ""indexing"": [""tensor_descriptor"", ""tensor_descriptor"", ""pointer"", ""tensor_descriptor""], ""atomic_indexing"": [], ""pid_type"": ""flat""}","{""arg0_ndim"": 4, ""arg0_dim0"": 4, ""arg0_dim1"": 32, ""arg0_dim2"": 1536, ""arg0_dim3"": 128, ""arg0_numel"": 25165824, ""arg0_dtype"": ""torch.float16"", ""arg0_dtype_size"": 2, ""arg0_dtype_cat"": 2, ""arg1_ndim"": 4, ""arg1_dim0"": 4, ""arg1_dim1"": 32, ""arg1_dim2"": 1536, ""arg1_dim3"": 128, ""arg1_numel"": 25165824, ""arg1_dtype"": ""torch.float16"", ""arg1_dtype_size"": 2, ""arg1_dtype_cat"": 2, ""arg2_ndim"": 4, ""arg2_dim0"": 4, ""arg2_dim1"": 32, ""arg2_dim2"": 1536, ""arg2_dim3"": 128, ""arg2_numel"": 25165824, ""arg2_dtype"": ""torch.float16"", ""arg2_dtype_size"": 2, ""arg2_dtype_cat"": 2}",1.1173759698867798
attention,c9adc5d2126ae361,fa0e6212d9dfaba1,"{""block_sizes"": [1, 128, 128], ""loop_orders"": [[1, 0]], ""l2_groupings"": [1], ""range_unroll_factors"": [0, 0], ""range_warp_specializes"": [null, null], ""range_num_stages"": [0, 3], ""range_multi_buffers"": [null, null], ""range_flattens"": [null, true], ""load_eviction_policies"": ["""", ""last"", ""first""], ""num_warps"": 4, ""num_stages"": 3, ""indexing"": [""tensor_descriptor"", ""tensor_descriptor"", ""tensor_descriptor"", ""tensor_descriptor""], ""atomic_indexing"": [], ""pid_type"": ""flat""}","{""arg0_ndim"": 4, ""arg0_dim0"": 4, ""arg0_dim1"": 32, ""arg0_dim2"": 1536, ""arg0_dim3"": 128, ""arg0_numel"": 25165824, ""arg0_dtype"": ""torch.float16"", ""arg0_dtype_size"": 2, ""arg0_dtype_cat"": 2, ""arg1_ndim"": 4, ""arg1_dim0"": 4, ""arg1_dim1"": 32, ""arg1_dim2"": 1536, ""arg1_dim3"": 128, ""arg1_numel"": 25165824, ""arg1_dtype"": ""torch.float16"", ""arg1_dtype_size"": 2, ""arg1_dtype_cat"": 2, ""arg2_ndim"": 4, ""arg2_dim0"": 4, ""arg2_dim1"": 32, ""arg2_dim2"": 1536, ""arg2_dim3"": 128, ""arg2_numel"": 25165824, ""arg2_dtype"": ""torch.float16"", ""arg2_dtype_size"": 2, ""arg2_dtype_cat"": 2}",1.1182399988174438
attention,c9adc5d2126ae361,018f3cbb5fbec2b3,"{""block_sizes"": [1, 128, 128], ""loop_orders"": [[0, 1]], ""l2_groupings"": [32], ""range_unroll_factors"": [0, 4], ""range_warp_specializes"": [null, null], ""range_num_stages"": [0, 2], ""range_multi_buffers"": [null, false], ""range_flattens"": [null, true], ""load_eviction_policies"": ["""", """", ""first""], ""num_warps"": 4, ""num_stages"": 3, ""indexing"": [""pointer"", ""tensor_descriptor"", ""pointer"", ""tensor_descriptor""], ""atomic_indexing"": [], ""pid_type"": ""flat""}","{""arg0_ndim"": 4, ""arg0_dim0"": 4, ""arg0_dim1"": 32, ""arg0_dim2"": 1536, ""arg0_dim3"": 128, ""arg0_numel"": 25165824, ""arg0_dtype"": ""torch.float16"", ""arg0_dtype_size"": 2, ""arg0_dtype_cat"": 2, ""arg1_ndim"": 4, ""arg1_dim0"": 4, ""arg1_dim1"": 32, ""arg1_dim2"": 1536, ""arg1_dim3"": 128, ""arg1_numel"": 25165824, ""arg1_dtype"": ""torch.float16"", ""arg1_dtype_size"": 2, ""arg1_dtype_cat"": 2, ""arg2_ndim"": 4, ""arg2_dim0"": 4, ""arg2_dim1"": 32, ""arg2_dim2"": 1536, ""arg2_dim3"": 128, ""arg2_numel"": 25165824, ""arg2_dtype"": ""torch.float16"", ""arg2_dtype_size"": 2, ""arg2_dtype_cat"": 2}",1.1163520216941833
attention,c9adc5d2126ae361,4412520d00f6fe18,"{""block_sizes"": [1, 128, 64], ""loop_orders"": [[0, 1]], ""l2_groupings"": [16], ""range_unroll_factors"": [1, 0], ""range_warp_specializes"": [null, null], ""range_num_stages"": [0, 3], ""range_multi_buffers"": [true, false], ""range_flattens"": [false, false], ""load_eviction_policies"": ["""", ""last"", ""first""], ""num_warps"": 4, ""num_stages"": 4, ""indexing"": [""pointer"", ""pointer"", ""pointer"", ""pointer""], ""atomic_indexing"": [], ""pid_type"": ""persistent_interleaved"", ""num_sm_multiplier"": 2}","{""arg0_ndim"": 4, ""arg0_dim0"": 4, ""arg0_dim1"": 32, ""arg0_dim2"": 1536, ""arg0_dim3"": 128, ""arg0_numel"": 25165824, ""arg0_dtype"": ""torch.float16"", ""arg0_dtype_size"": 2, ""arg0_dtype_cat"": 2, ""arg1_ndim"": 4, ""arg1_dim0"": 4, ""arg1_dim1"": 32, ""arg1_dim2"": 1536, ""arg1_dim3"": 128, ""arg1_numel"": 25165824, ""arg1_dtype"": ""torch.float16"", ""arg1_dtype_size"": 2, ""arg1_dtype_cat"": 2, ""arg2_ndim"": 4, ""arg2_dim0"": 4, ""arg2_dim1"": 32, ""arg2_dim2"": 1536, ""arg2_dim3"": 128, ""arg2_numel"": 25165824, ""arg2_dtype"": ""torch.float16"", ""arg2_dtype_size"": 2, ""arg2_dtype_cat"": 2}",0.32438400387763977
attention,c9adc5d2126ae361,8b544d6ab595df36,"{""block_sizes"": [1, 128, 64], ""loop_orders"": [[1, 0]], ""l2_groupings"": [8], ""range_unroll_factors"": [0, 3], ""range_warp_specializes"": [null, null], ""range_num_stages"": [0, 3], ""range_multi_buffers"": [null, true], ""range_flattens"": [null, true], ""load_eviction_policies"": ["""", ""first"", ""last""], ""num_warps"": 8, ""num_stages"": 3, ""indexing"": [""pointer"", ""pointer"", ""tensor_descriptor"", ""pointer""], ""atomic_indexing"": [], ""pid_type"": ""flat""}","{""arg0_ndim"": 4, ""arg0_dim0"": 4, ""arg0_dim1"": 32, ""arg0_dim2"": 1536, ""arg0_dim3"": 128, ""arg0_numel"": 25165824, ""arg0_dtype"": ""torch.float16"", ""arg0_dtype_size"": 2, ""arg0_dtype_cat"": 2, ""arg1_ndim"": 4, ""arg1_dim0"": 4, ""arg1_dim1"": 32, ""arg1_dim2"": 1536, ""arg1_dim3"": 128, ""arg1_numel"": 25165824, ""arg1_dtype"": ""torch.float16"", ""arg1_dtype_size"": 2, ""arg1_dtype_cat"": 2, ""arg2_ndim"": 4, ""arg2_dim0"": 4, ""arg2_dim1"": 32, ""arg2_dim2"": 1536, ""arg2_dim3"": 128, ""arg2_numel"": 25165824, ""arg2_dtype"": ""torch.float16"", ""arg2_dtype_size"": 2, ""arg2_dtype_cat"": 2}",0.33588799834251404
attention,c9adc5d2126ae361,f1dda601fe248341,"{""block_sizes"": [1, 128, 64], ""loop_orders"": [[1, 0]], ""l2_groupings"": [1], ""range_unroll_factors"": [0, 4], ""range_warp_specializes"": [null, false], ""range_num_stages"": [0, 4], ""range_multi_buffers"": [null, null], ""range_flattens"": [null, null], ""load_eviction_policies"": [""first"", """", """"], ""num_warps"": 4, ""num_stages"": 3, ""indexing"": [""tensor_descriptor"", ""pointer"", ""tensor_descriptor"", ""tensor_descriptor""], ""atomic_indexing"": [], ""pid_type"": ""flat""}","{""arg0_ndim"": 4, ""arg0_dim0"": 4, ""arg0_dim1"": 32, ""arg0_dim2"": 1536, ""arg0_dim3"": 128, ""arg0_numel"": 25165824, ""arg0_dtype"": ""torch.float16"", ""arg0_dtype_size"": 2, ""arg0_dtype_cat"": 2, ""arg1_ndim"": 4, ""arg1_dim0"": 4, ""arg1_dim1"": 32, ""arg1_dim2"": 1536, ""arg1_dim3"": 128, ""arg1_numel"": 25165824, ""arg1_dtype"": ""torch.float16"", ""arg1_dtype_size"": 2, ""arg1_dtype_cat"": 2, ""arg2_ndim"": 4, ""arg2_dim0"": 4, ""arg2_dim1"": 32, ""arg2_dim2"": 1536, ""arg2_dim3"": 128, ""arg2_numel"": 25165824, ""arg2_dtype"": ""torch.float16"", ""arg2_dtype_size"": 2, ""arg2_dtype_cat"": 2}",0.3543039858341217
attention,c9adc5d2126ae361,3265e0895ba56199,"{""block_sizes"": [1, 128, 64], ""loop_orders"": [[1, 0]], ""l2_groupings"": [8], ""range_unroll_factors"": [0, 1], ""range_warp_specializes"": [null, false], ""range_num_stages"": [0, 2], ""range_multi_buffers"": [null, null], ""range_flattens"": [null, true], ""load_eviction_policies"": ["""", """", ""first""], ""num_warps"": 8, ""num_stages"": 3, ""indexing"": [""tensor_descriptor"", ""tensor_descriptor"", ""pointer"", ""tensor_descriptor""], ""atomic_indexing"": [], ""pid_type"": ""flat""}","{""arg0_ndim"": 4, ""arg0_dim0"": 4, ""arg0_dim1"": 32, ""arg0_dim2"": 1536, ""arg0_dim3"": 128, ""arg0_numel"": 25165824, ""arg0_dtype"": ""torch.float16"", ""arg0_dtype_size"": 2, ""arg0_dtype_cat"": 2, ""arg1_ndim"": 4, ""arg1_dim0"": 4, ""arg1_dim1"": 32, ""arg1_dim2"": 1536, ""arg1_dim3"": 128, ""arg1_numel"": 25165824, ""arg1_dtype"": ""torch.float16"", ""arg1_dtype_size"": 2, ""arg1_dtype_cat"": 2, ""arg2_ndim"": 4, ""arg2_dim0"": 4, ""arg2_dim1"": 32, ""arg2_dim2"": 1536, ""arg2_dim3"": 128, ""arg2_numel"": 25165824, ""arg2_dtype"": ""torch.float16"", ""arg2_dtype_size"": 2, ""arg2_dtype_cat"": 2}",0.33587199449539185
attention,c9adc5d2126ae361,18cd65d1f263c609,"{""block_sizes"": [1, 128, 64], ""loop_orders"": [[1, 0]], ""l2_groupings"": [8], ""range_unroll_factors"": [0, 4], ""range_warp_specializes"": [null, null], ""range_num_stages"": [0, 3], ""range_multi_buffers"": [null, true], ""range_flattens"": [null, true], ""load_eviction_policies"": [""first"", ""first"", ""last""], ""num_warps"": 8, ""num_stages"": 3, ""indexing"": [""tensor_descriptor"", ""pointer"", ""tensor_descriptor"", ""pointer""], ""atomic_indexing"": [], ""pid_type"": ""flat""}","{""arg0_ndim"": 4, ""arg0_dim0"": 4, ""arg0_dim1"": 32, ""arg0_dim2"": 1536, ""arg0_dim3"": 128, ""arg0_numel"": 25165824, ""arg0_dtype"": ""torch.float16"", ""arg0_dtype_size"": 2, ""arg0_dtype_cat"": 2, ""arg1_ndim"": 4, ""arg1_dim0"": 4, ""arg1_dim1"": 32, ""arg1_dim2"": 1536, ""arg1_dim3"": 128, ""arg1_numel"": 25165824, ""arg1_dtype"": ""torch.float16"", ""arg1_dtype_size"": 2, ""arg1_dtype_cat"": 2, ""arg2_ndim"": 4, ""arg2_dim0"": 4, ""arg2_dim1"": 32, ""arg2_dim2"": 1536, ""arg2_dim3"": 128, ""arg2_numel"": 25165824, ""arg2_dtype"": ""torch.float16"", ""arg2_dtype_size"": 2, ""arg2_dtype_cat"": 2}",0.33587199449539185
attention,c9adc5d2126ae361,b62e9711edcad914,"{""block_sizes"": [1, 128, 64], ""loop_orders"": [[0, 1]], ""l2_groupings"": [1], ""range_unroll_factors"": [0, 3], ""range_warp_specializes"": [null, false], ""range_num_stages"": [0, 3], ""range_multi_buffers"": [null, true], ""range_flattens"": [null, true], ""load_eviction_policies"": ["""", ""last"", """"], ""num_warps"": 4, ""num_stages"": 4, ""indexing"": [""tensor_descriptor"", ""pointer"", ""tensor_descriptor"", ""tensor_descriptor""], ""atomic_indexing"": [], ""pid_type"": ""flat""}","{""arg0_ndim"": 4, ""arg0_dim0"": 4, ""arg0_dim1"": 32, ""arg0_dim2"": 1536, ""arg0_dim3"": 128, ""arg0_numel"": 25165824, ""arg0_dtype"": ""torch.float16"", ""arg0_dtype_size"": 2, ""arg0_dtype_cat"": 2, ""arg1_ndim"": 4, ""arg1_dim0"": 4, ""arg1_dim1"": 32, ""arg1_dim2"": 1536, ""arg1_dim3"": 128, ""arg1_numel"": 25165824, ""arg1_dtype"": ""torch.float16"", ""arg1_dtype_size"": 2, ""arg1_dtype_cat"": 2, ""arg2_ndim"": 4, ""arg2_dim0"": 4, ""arg2_dim1"": 32, ""arg2_dim2"": 1536, ""arg2_dim3"": 128, ""arg2_numel"": 25165824, ""arg2_dtype"": ""torch.float16"", ""arg2_dtype_size"": 2, ""arg2_dtype_cat"": 2}",0.47206398844718933
attention,c9adc5d2126ae361,0224f42f7e07247a,"{""block_sizes"": [1, 128, 128], ""loop_orders"": [[1, 0]], ""l2_groupings"": [32], ""range_unroll_factors"": [0, 0], ""range_warp_specializes"": [null, null], ""range_num_stages"": [0, 4], ""range_multi_buffers"": [null, null], ""range_flattens"": [null, null], ""load_eviction_policies"": ["""", ""last"", ""last""], ""num_warps"": 4, ""num_stages"": 2, ""indexing"": [""tensor_descriptor"", ""pointer"", ""pointer"", ""pointer""], ""atomic_indexing"": [], ""pid_type"": ""flat""}","{""arg0_ndim"": 4, ""arg0_dim0"": 4, ""arg0_dim1"": 32, ""arg0_dim2"": 1536, ""arg0_dim3"": 128, ""arg0_numel"": 25165824, ""arg0_dtype"": ""torch.float16"", ""arg0_dtype_size"": 2, ""arg0_dtype_cat"": 2, ""arg1_ndim"": 4, ""arg1_dim0"": 4, ""arg1_dim1"": 32, ""arg1_dim2"": 1536, ""arg1_dim3"": 128, ""arg1_numel"": 25165824, ""arg1_dtype"": ""torch.float16"", ""arg1_dtype_size"": 2, ""arg1_dtype_cat"": 2, ""arg2_ndim"": 4, ""arg2_dim0"": 4, ""arg2_dim1"": 32, ""arg2_dim2"": 1536, ""arg2_dim3"": 128, ""arg2_numel"": 25165824, ""arg2_dtype"": ""torch.float16"", ""arg2_dtype_size"": 2, ""arg2_dtype_cat"": 2}",1.1643840074539185
attention,c9adc5d2126ae361,a018ad7b08e26b2b,"{""block_sizes"": [1, 128, 128], ""loop_orders"": [[1, 0]], ""l2_groupings"": [1], ""range_unroll_factors"": [0, 4], ""range_warp_specializes"": [null, null], ""range_num_stages"": [2, 4], ""range_multi_buffers"": [false, false], ""range_flattens"": [null, true], ""load_eviction_policies"": [""first"", ""last"", ""last""], ""num_warps"": 4, ""num_stages"": 3, ""indexing"": [""tensor_descriptor"", ""pointer"", ""tensor_descriptor"", ""pointer""], ""atomic_indexing"": [], ""pid_type"": ""persistent_interleaved"", ""num_sm_multiplier"": 128}","{""arg0_ndim"": 4, ""arg0_dim0"": 4, ""arg0_dim1"": 32, ""arg0_dim2"": 1536, ""arg0_dim3"": 128, ""arg0_numel"": 25165824, ""arg0_dtype"": ""torch.float16"", ""arg0_dtype_size"": 2, ""arg0_dtype_cat"": 2, ""arg1_ndim"": 4, ""arg1_dim0"": 4, ""arg1_dim1"": 32, ""arg1_dim2"": 1536, ""arg1_dim3"": 128, ""arg1_numel"": 25165824, ""arg1_dtype"": ""torch.float16"", ""arg1_dtype_size"": 2, ""arg1_dtype_cat"": 2, ""arg2_ndim"": 4, ""arg2_dim0"": 4, ""arg2_dim1"": 32, ""arg2_dim2"": 1536, ""arg2_dim3"": 128, ""arg2_numel"": 25165824, ""arg2_dtype"": ""torch.float16"", ""arg2_dtype_size"": 2, ""arg2_dtype_cat"": 2}",1.2022720575332642
attention,c9adc5d2126ae361,34148bc38a442c3b,"{""block_sizes"": [1, 128, 128], ""loop_orders"": [[1, 0]], ""l2_groupings"": [32], ""range_unroll_factors"": [0, 0], ""range_warp_specializes"": [null, null], ""range_num_stages"": [0, 0], ""range_multi_buffers"": [null, true], ""range_flattens"": [null, null], ""load_eviction_policies"": ["""", ""last"", ""first""], ""num_warps"": 4, ""num_stages"": 3, ""indexing"": [""tensor_descriptor"", ""tensor_descriptor"", ""tensor_descriptor"", ""pointer""], ""atomic_indexing"": [], ""pid_type"": ""flat""}","{""arg0_ndim"": 4, ""arg0_dim0"": 4, ""arg0_dim1"": 32, ""arg0_dim2"": 1536, ""arg0_dim3"": 128, ""arg0_numel"": 25165824, ""arg0_dtype"": ""torch.float16"", ""arg0_dtype_size"": 2, ""arg0_dtype_cat"": 2, ""arg1_ndim"": 4, ""arg1_dim0"": 4, ""arg1_dim1"": 32, ""arg1_dim2"": 1536, ""arg1_dim3"": 128, ""arg1_numel"": 25165824, ""arg1_dtype"": ""torch.float16"", ""arg1_dtype_size"": 2, ""arg1_dtype_cat"": 2, ""arg2_ndim"": 4, ""arg2_dim0"": 4, ""arg2_dim1"": 32, ""arg2_dim2"": 1536, ""arg2_dim3"": 128, ""arg2_numel"": 25165824, ""arg2_dtype"": ""torch.float16"", ""arg2_dtype_size"": 2, ""arg2_dtype_cat"": 2}",1.1177440285682678
attention,c9adc5d2126ae361,ea987733425e4c1b,"{""block_sizes"": [1, 128, 128], ""loop_orders"": [[0, 1]], ""l2_groupings"": [8], ""range_unroll_factors"": [0, 1], ""range_warp_specializes"": [null, null], ""range_num_stages"": [0, 4], ""range_multi_buffers"": [null, false], ""range_flattens"": [null, false], ""load_eviction_policies"": [""first"", """", ""first""], ""num_warps"": 4, ""num_stages"": 3, ""indexing"": [""tensor_descriptor"", ""tensor_descriptor"", ""pointer"", ""pointer""], ""atomic_indexing"": [], ""pid_type"": ""flat""}","{""arg0_ndim"": 4, ""arg0_dim0"": 4, ""arg0_dim1"": 32, ""arg0_dim2"": 1536, ""arg0_dim3"": 128, ""arg0_numel"": 25165824, ""arg0_dtype"": ""torch.float16"", ""arg0_dtype_size"": 2, ""arg0_dtype_cat"": 2, ""arg1_ndim"": 4, ""arg1_dim0"": 4, ""arg1_dim1"": 32, ""arg1_dim2"": 1536, ""arg1_dim3"": 128, ""arg1_numel"": 25165824, ""arg1_dtype"": ""torch.float16"", ""arg1_dtype_size"": 2, ""arg1_dtype_cat"": 2, ""arg2_ndim"": 4, ""arg2_dim0"": 4, ""arg2_dim1"": 32, ""arg2_dim2"": 1536, ""arg2_dim3"": 128, ""arg2_numel"": 25165824, ""arg2_dtype"": ""torch.float16"", ""arg2_dtype_size"": 2, ""arg2_dtype_cat"": 2}",1.1172000169754028
attention,c9adc5d2126ae361,65ab373fc776c2af,"{""block_sizes"": [1, 128, 64], ""loop_orders"": [[0, 1]], ""l2_groupings"": [8], ""range_unroll_factors"": [0, 4], ""range_warp_specializes"": [null, null], ""range_num_stages"": [0, 3], ""range_multi_buffers"": [null, false], ""range_flattens"": [null, false], ""load_eviction_policies"": [""last"", ""first"", ""first""], ""num_warps"": 8, ""num_stages"": 3, ""indexing"": [""pointer"", ""pointer"", ""pointer"", ""tensor_descriptor""], ""atomic_indexing"": [], ""pid_type"": ""flat""}","{""arg0_ndim"": 4, ""arg0_dim0"": 4, ""arg0_dim1"": 32, ""arg0_dim2"": 1536, ""arg0_dim3"": 128, ""arg0_numel"": 25165824, ""arg0_dtype"": ""torch.float16"", ""arg0_dtype_size"": 2, ""arg0_dtype_cat"": 2, ""arg1_ndim"": 4, ""arg1_dim0"": 4, ""arg1_dim1"": 32, ""arg1_dim2"": 1536, ""arg1_dim3"": 128, ""arg1_numel"": 25165824, ""arg1_dtype"": ""torch.float16"", ""arg1_dtype_size"": 2, ""arg1_dtype_cat"": 2, ""arg2_ndim"": 4, ""arg2_dim0"": 4, ""arg2_dim1"": 32, ""arg2_dim2"": 1536, ""arg2_dim3"": 128, ""arg2_numel"": 25165824, ""arg2_dtype"": ""torch.float16"", ""arg2_dtype_size"": 2, ""arg2_dtype_cat"": 2}",0.3319999873638153
attention,c9adc5d2126ae361,c94f578925dfd8f9,"{""block_sizes"": [1, 128, 64], ""loop_orders"": [[0, 1]], ""l2_groupings"": [2], ""range_unroll_factors"": [0, 1], ""range_warp_specializes"": [null, null], ""range_num_stages"": [0, 0], ""range_multi_buffers"": [null, true], ""range_flattens"": [null, null], ""load_eviction_policies"": ["""", ""last"", ""first""], ""num_warps"": 8, ""num_stages"": 3, ""indexing"": [""pointer"", ""tensor_descriptor"", ""tensor_descriptor"", ""pointer""], ""atomic_indexing"": [], ""pid_type"": ""flat""}","{""arg0_ndim"": 4, ""arg0_dim0"": 4, ""arg0_dim1"": 32, ""arg0_dim2"": 1536, ""arg0_dim3"": 128, ""arg0_numel"": 25165824, ""arg0_dtype"": ""torch.float16"", ""arg0_dtype_size"": 2, ""arg0_dtype_cat"": 2, ""arg1_ndim"": 4, ""arg1_dim0"": 4, ""arg1_dim1"": 32, ""arg1_dim2"": 1536, ""arg1_dim3"": 128, ""arg1_numel"": 25165824, ""arg1_dtype"": ""torch.float16"", ""arg1_dtype_size"": 2, ""arg1_dtype_cat"": 2, ""arg2_ndim"": 4, ""arg2_dim0"": 4, ""arg2_dim1"": 32, ""arg2_dim2"": 1536, ""arg2_dim3"": 128, ""arg2_numel"": 25165824, ""arg2_dtype"": ""torch.float16"", ""arg2_dtype_size"": 2, ""arg2_dtype_cat"": 2}",0.3338240087032318
attention,c9adc5d2126ae361,e90f1fde0aa15d55,"{""block_sizes"": [1, 128, 64], ""loop_orders"": [[0, 1]], ""l2_groupings"": [2], ""range_unroll_factors"": [0, 1], ""range_warp_specializes"": [null, null], ""range_num_stages"": [0, 1], ""range_multi_buffers"": [null, true], ""range_flattens"": [null, false], ""load_eviction_policies"": [""last"", """", ""last""], ""num_warps"": 8, ""num_stages"": 3, ""indexing"": [""pointer"", ""pointer"", ""tensor_descriptor"", ""tensor_descriptor""], ""atomic_indexing"": [], ""pid_type"": ""flat""}","{""arg0_ndim"": 4, ""arg0_dim0"": 4, ""arg0_dim1"": 32, ""arg0_dim2"": 1536, ""arg0_dim3"": 128, ""arg0_numel"": 25165824, ""arg0_dtype"": ""torch.float16"", ""arg0_dtype_size"": 2, ""arg0_dtype_cat"": 2, ""arg1_ndim"": 4, ""arg1_dim0"": 4, ""arg1_dim1"": 32, ""arg1_dim2"": 1536, ""arg1_dim3"": 128, ""arg1_numel"": 25165824, ""arg1_dtype"": ""torch.float16"", ""arg1_dtype_size"": 2, ""arg1_dtype_cat"": 2, ""arg2_ndim"": 4, ""arg2_dim0"": 4, ""arg2_dim1"": 32, ""arg2_dim2"": 1536, ""arg2_dim3"": 128, ""arg2_numel"": 25165824, ""arg2_dtype"": ""torch.float16"", ""arg2_dtype_size"": 2, ""arg2_dtype_cat"": 2}",0.3338240087032318
attention,c9adc5d2126ae361,197f70c883e6e5ad,"{""block_sizes"": [1, 128, 64], ""loop_orders"": [[0, 1]], ""l2_groupings"": [2], ""range_unroll_factors"": [0, 0], ""range_warp_specializes"": [null, null], ""range_num_stages"": [0, 0], ""range_multi_buffers"": [null, false], ""range_flattens"": [null, true], ""load_eviction_policies"": [""last"", ""first"", ""first""], ""num_warps"": 4, ""num_stages"": 2, ""indexing"": [""pointer"", ""tensor_descriptor"", ""pointer"", ""tensor_descriptor""], ""atomic_indexing"": [], ""pid_type"": ""flat""}","{""arg0_ndim"": 4, ""arg0_dim0"": 4, ""arg0_dim1"": 32, ""arg0_dim2"": 1536, ""arg0_dim3"": 128, ""arg0_numel"": 25165824, ""arg0_dtype"": ""torch.float16"", ""arg0_dtype_size"": 2, ""arg0_dtype_cat"": 2, ""arg1_ndim"": 4, ""arg1_dim0"": 4, ""arg1_dim1"": 32, ""arg1_dim2"": 1536, ""arg1_dim3"": 128, ""arg1_numel"": 25165824, ""arg1_dtype"": ""torch.float16"", ""arg1_dtype_size"": 2, ""arg1_dtype_cat"": 2, ""arg2_ndim"": 4, ""arg2_dim0"": 4, ""arg2_dim1"": 32, ""arg2_dim2"": 1536, ""arg2_dim3"": 128, ""arg2_numel"": 25165824, ""arg2_dtype"": ""torch.float16"", ""arg2_dtype_size"": 2, ""arg2_dtype_cat"": 2}",0.37068799138069153
attention,c9adc5d2126ae361,74c352914e79f5d5,"{""block_sizes"": [1, 128, 64], ""loop_orders"": [[0, 1]], ""l2_groupings"": [2], ""range_unroll_factors"": [0, 2], ""range_warp_specializes"": [null, false], ""range_num_stages"": [0, 0], ""range_multi_buffers"": [null, false], ""range_flattens"": [null, true], ""load_eviction_policies"": [""first"", """", ""first""], ""num_warps"": 8, ""num_stages"": 3, ""indexing"": [""tensor_descriptor"", ""pointer"", ""tensor_descriptor"", ""tensor_descriptor""], ""atomic_indexing"": [], ""pid_type"": ""flat""}","{""arg0_ndim"": 4, ""arg0_dim0"": 4, ""arg0_dim1"": 32, ""arg0_dim2"": 1536, ""arg0_dim3"": 128, ""arg0_numel"": 25165824, ""arg0_dtype"": ""torch.float16"", ""arg0_dtype_size"": 2, ""arg0_dtype_cat"": 2, ""arg1_ndim"": 4, ""arg1_dim0"": 4, ""arg1_dim1"": 32, ""arg1_dim2"": 1536, ""arg1_dim3"": 128, ""arg1_numel"": 25165824, ""arg1_dtype"": ""torch.float16"", ""arg1_dtype_size"": 2, ""arg1_dtype_cat"": 2, ""arg2_ndim"": 4, ""arg2_dim0"": 4, ""arg2_dim1"": 32, ""arg2_dim2"": 1536, ""arg2_dim3"": 128, ""arg2_numel"": 25165824, ""arg2_dtype"": ""torch.float16"", ""arg2_dtype_size"": 2, ""arg2_dtype_cat"": 2}",0.3343520015478134
attention,edefb7d19af14df7,1424d8a662dc60cf,"{""block_sizes"": [1, 128, 128], ""loop_orders"": [[0, 1]], ""l2_groupings"": [32], ""range_unroll_factors"": [0, 2], ""range_warp_specializes"": [null, false], ""range_num_stages"": [0, 3], ""range_multi_buffers"": [null, false], ""range_flattens"": [null, false], ""load_eviction_policies"": [""first"", ""last"", ""first""], ""num_warps"": 4, ""num_stages"": 3, ""indexing"": [""pointer"", ""pointer"", ""pointer"", ""tensor_descriptor""], ""atomic_indexing"": [], ""pid_type"": ""flat""}","{""arg0_ndim"": 4, ""arg0_dim0"": 4, ""arg0_dim1"": 32, ""arg0_dim2"": 3072, ""arg0_dim3"": 128, ""arg0_numel"": 50331648, ""arg0_dtype"": ""torch.float16"", ""arg0_dtype_size"": 2, ""arg0_dtype_cat"": 2, ""arg1_ndim"": 4, ""arg1_dim0"": 4, ""arg1_dim1"": 32, ""arg1_dim2"": 3072, ""arg1_dim3"": 128, ""arg1_numel"": 50331648, ""arg1_dtype"": ""torch.float16"", ""arg1_dtype_size"": 2, ""arg1_dtype_cat"": 2, ""arg2_ndim"": 4, ""arg2_dim0"": 4, ""arg2_dim1"": 32, ""arg2_dim2"": 3072, ""arg2_dim3"": 128, ""arg2_numel"": 50331648, ""arg2_dtype"": ""torch.float16"", ""arg2_dtype_size"": 2, ""arg2_dtype_cat"": 2}",4.2024641036987305
attention,edefb7d19af14df7,29135c77b970e281,"{""block_sizes"": [1, 128, 128], ""loop_orders"": [[0, 1]], ""l2_groupings"": [32], ""range_unroll_factors"": [0, 4], ""range_warp_specializes"": [null, false], ""range_num_stages"": [0, 4], ""range_multi_buffers"": [null, null], ""range_flattens"": [null, false], ""load_eviction_policies"": [""first"", """", ""first""], ""num_warps"": 4, ""num_stages"": 3, ""indexing"": [""tensor_descriptor"", ""pointer"", ""pointer"", ""tensor_descriptor""], ""atomic_indexing"": [], ""pid_type"": ""flat""}","{""arg0_ndim"": 4, ""arg0_dim0"": 4, ""arg0_dim1"": 32, ""arg0_dim2"": 3072, ""arg0_dim3"": 128, ""arg0_numel"": 50331648, ""arg0_dtype"": ""torch.float16"", ""arg0_dtype_size"": 2, ""arg0_dtype_cat"": 2, ""arg1_ndim"": 4, ""arg1_dim0"": 4, ""arg1_dim1"": 32, ""arg1_dim2"": 3072, ""arg1_dim3"": 128, ""arg1_numel"": 50331648, ""arg1_dtype"": ""torch.float16"", ""arg1_dtype_size"": 2, ""arg1_dtype_cat"": 2, ""arg2_ndim"": 4, ""arg2_dim0"": 4, ""arg2_dim1"": 32, ""arg2_dim2"": 3072, ""arg2_dim3"": 128, ""arg2_numel"": 50331648, ""arg2_dtype"": ""torch.float16"", ""arg2_dtype_size"": 2, ""arg2_dtype_cat"": 2}",4.201632022857666
attention,edefb7d19af14df7,71d98cc073b6f9c7,"{""block_sizes"": [1, 128, 128], ""loop_orders"": [[0, 1]], ""l2_groupings"": [32], ""range_unroll_factors"": [0, 0], ""range_warp_specializes"": [null, null], ""range_num_stages"": [0, 2], ""range_multi_buffers"": [null, true], ""range_flattens"": [null, true], ""load_eviction_policies"": [""first"", ""last"", ""first""], ""num_warps"": 4, ""num_stages"": 3, ""indexing"": [""tensor_descriptor"", ""tensor_descriptor"", ""pointer"", ""tensor_descriptor""], ""atomic_indexing"": [], ""pid_type"": ""flat""}","{""arg0_ndim"": 4, ""arg0_dim0"": 4, ""arg0_dim1"": 32, ""arg0_dim2"": 3072, ""arg0_dim3"": 128, ""arg0_numel"": 50331648, ""arg0_dtype"": ""torch.float16"", ""arg0_dtype_size"": 2, ""arg0_dtype_cat"": 2, ""arg1_ndim"": 4, ""arg1_dim0"": 4, ""arg1_dim1"": 32, ""arg1_dim2"": 3072, ""arg1_dim3"": 128, ""arg1_numel"": 50331648, ""arg1_dtype"": ""torch.float16"", ""arg1_dtype_size"": 2, ""arg1_dtype_cat"": 2, ""arg2_ndim"": 4, ""arg2_dim0"": 4, ""arg2_dim1"": 32, ""arg2_dim2"": 3072, ""arg2_dim3"": 128, ""arg2_numel"": 50331648, ""arg2_dtype"": ""torch.float16"", ""arg2_dtype_size"": 2, ""arg2_dtype_cat"": 2}",4.20147180557251
attention,edefb7d19af14df7,fa0e6212d9dfaba1,"{""block_sizes"": [1, 128, 128], ""loop_orders"": [[1, 0]], ""l2_groupings"": [1], ""range_unroll_factors"": [0, 0], ""range_warp_specializes"": [null, null], ""range_num_stages"": [0, 3], ""range_multi_buffers"": [null, null], ""range_flattens"": [null, true], ""load_eviction_policies"": ["""", ""last"", ""first""], ""num_warps"": 4, ""num_stages"": 3, ""indexing"": [""tensor_descriptor"", ""tensor_descriptor"", ""tensor_descriptor"", ""tensor_descriptor""], ""atomic_indexing"": [], ""pid_type"": ""flat""}","{""arg0_ndim"": 4, ""arg0_dim0"": 4, ""arg0_dim1"": 32, ""arg0_dim2"": 3072, ""arg0_dim3"": 128, ""arg0_numel"": 50331648, ""arg0_dtype"": ""torch.float16"", ""arg0_dtype_size"": 2, ""arg0_dtype_cat"": 2, ""arg1_ndim"": 4, ""arg1_dim0"": 4, ""arg1_dim1"": 32, ""arg1_dim2"": 3072, ""arg1_dim3"": 128, ""arg1_numel"": 50331648, ""arg1_dtype"": ""torch.float16"", ""arg1_dtype_size"": 2, ""arg1_dtype_cat"": 2, ""arg2_ndim"": 4, ""arg2_dim0"": 4, ""arg2_dim1"": 32, ""arg2_dim2"": 3072, ""arg2_dim3"": 128, ""arg2_numel"": 50331648, ""arg2_dtype"": ""torch.float16"", ""arg2_dtype_size"": 2, ""arg2_dtype_cat"": 2}",4.173823833465576
attention,edefb7d19af14df7,018f3cbb5fbec2b3,"{""block_sizes"": [1, 128, 128], ""loop_orders"": [[0, 1]], ""l2_groupings"": [32], ""range_unroll_factors"": [0, 4], ""range_warp_specializes"": [null, null], ""range_num_stages"": [0, 2], ""range_multi_buffers"": [null, false], ""range_flattens"": [null, true], ""load_eviction_policies"": ["""", """", ""first""], ""num_warps"": 4, ""num_stages"": 3, ""indexing"": [""pointer"", ""tensor_descriptor"", ""pointer"", ""tensor_descriptor""], ""atomic_indexing"": [], ""pid_type"": ""flat""}","{""arg0_ndim"": 4, ""arg0_dim0"": 4, ""arg0_dim1"": 32, ""arg0_dim2"": 3072, ""arg0_dim3"": 128, ""arg0_numel"": 50331648, ""arg0_dtype"": ""torch.float16"", ""arg0_dtype_size"": 2, ""arg0_dtype_cat"": 2, ""arg1_ndim"": 4, ""arg1_dim0"": 4, ""arg1_dim1"": 32, ""arg1_dim2"": 3072, ""arg1_dim3"": 128, ""arg1_numel"": 50331648, ""arg1_dtype"": ""torch.float16"", ""arg1_dtype_size"": 2, ""arg1_dtype_cat"": 2, ""arg2_ndim"": 4, ""arg2_dim0"": 4, ""arg2_dim1"": 32, ""arg2_dim2"": 3072, ""arg2_dim3"": 128, ""arg2_numel"": 50331648, ""arg2_dtype"": ""torch.float16"", ""arg2_dtype_size"": 2, ""arg2_dtype_cat"": 2}",4.204512119293213
attention,edefb7d19af14df7,4412520d00f6fe18,"{""block_sizes"": [1, 128, 64], ""loop_orders"": [[0, 1]], ""l2_groupings"": [16], ""range_unroll_factors"": [1, 0], ""range_warp_specializes"": [null, null], ""range_num_stages"": [0, 3], ""range_multi_buffers"": [true, false], ""range_flattens"": [false, false], ""load_eviction_policies"": ["""", ""last"", ""first""], ""num_warps"": 4, ""num_stages"": 4, ""indexing"": [""pointer"", ""pointer"", ""pointer"", ""pointer""], ""atomic_indexing"": [], ""pid_type"": ""persistent_interleaved"", ""num_sm_multiplier"": 2}","{""arg0_ndim"": 4, ""arg0_dim0"": 4, ""arg0_dim1"": 32, ""arg0_dim2"": 3072, ""arg0_dim3"": 128, ""arg0_numel"": 50331648, ""arg0_dtype"": ""torch.float16"", ""arg0_dtype_size"": 2, ""arg0_dtype_cat"": 2, ""arg1_ndim"": 4, ""arg1_dim0"": 4, ""arg1_dim1"": 32, ""arg1_dim2"": 3072, ""arg1_dim3"": 128, ""arg1_numel"": 50331648, ""arg1_dtype"": ""torch.float16"", ""arg1_dtype_size"": 2, ""arg1_dtype_cat"": 2, ""arg2_ndim"": 4, ""arg2_dim0"": 4, ""arg2_dim1"": 32, ""arg2_dim2"": 3072, ""arg2_dim3"": 128, ""arg2_numel"": 50331648, ""arg2_dtype"": ""torch.float16"", ""arg2_dtype_size"": 2, ""arg2_dtype_cat"": 2}",1.1268799901008606
attention,edefb7d19af14df7,8b544d6ab595df36,"{""block_sizes"": [1, 128, 64], ""loop_orders"": [[1, 0]], ""l2_groupings"": [8], ""range_unroll_factors"": [0, 3], ""range_warp_specializes"": [null, null], ""range_num_stages"": [0, 3], ""range_multi_buffers"": [null, true], ""range_flattens"": [null, true], ""load_eviction_policies"": ["""", ""first"", ""last""], ""num_warps"": 8, ""num_stages"": 3, ""indexing"": [""pointer"", ""pointer"", ""tensor_descriptor"", ""pointer""], ""atomic_indexing"": [], ""pid_type"": ""flat""}","{""arg0_ndim"": 4, ""arg0_dim0"": 4, ""arg0_dim1"": 32, ""arg0_dim2"": 3072, ""arg0_dim3"": 128, ""arg0_numel"": 50331648, ""arg0_dtype"": ""torch.float16"", ""arg0_dtype_size"": 2, ""arg0_dtype_cat"": 2, ""arg1_ndim"": 4, ""arg1_dim0"": 4, ""arg1_dim1"": 32, ""arg1_dim2"": 3072, ""arg1_dim3"": 128, ""arg1_numel"": 50331648, ""arg1_dtype"": ""torch.float16"", ""arg1_dtype_size"": 2, ""arg1_dtype_cat"": 2, ""arg2_ndim"": 4, ""arg2_dim0"": 4, ""arg2_dim1"": 32, ""arg2_dim2"": 3072, ""arg2_dim3"": 128, ""arg2_numel"": 50331648, ""arg2_dtype"": ""torch.float16"", ""arg2_dtype_size"": 2, ""arg2_dtype_cat"": 2}",1.1458879709243774
attention,edefb7d19af14df7,f1dda601fe248341,"{""block_sizes"": [1, 128, 64], ""loop_orders"": [[1, 0]], ""l2_groupings"": [1], ""range_unroll_factors"": [0, 4], ""range_warp_specializes"": [null, false], ""range_num_stages"": [0, 4], ""range_multi_buffers"": [null, null], ""range_flattens"": [null, null], ""load_eviction_policies"": [""first"", """", """"], ""num_warps"": 4, ""num_stages"": 3, ""indexing"": [""tensor_descriptor"", ""pointer"", ""tensor_descriptor"", ""tensor_descriptor""], ""atomic_indexing"": [], ""pid_type"": ""flat""}","{""arg0_ndim"": 4, ""arg0_dim0"": 4, ""arg0_dim1"": 32, ""arg0_dim2"": 3072, ""arg0_dim3"": 128, ""arg0_numel"": 50331648, ""arg0_dtype"": ""torch.float16"", ""arg0_dtype_size"": 2, ""arg0_dtype_cat"": 2, ""arg1_ndim"": 4, ""arg1_dim0"": 4, ""arg1_dim1"": 32, ""arg1_dim2"": 3072, ""arg1_dim3"": 128, ""arg1_numel"": 50331648, ""arg1_dtype"": ""torch.float16"", ""arg1_dtype_size"": 2, ""arg1_dtype_cat"": 2, ""arg2_ndim"": 4, ""arg2_dim0"": 4, ""arg2_dim1"": 32, ""arg2_dim2"": 3072, ""arg2_dim3"": 128, ""arg2_numel"": 50331648, ""arg2_dtype"": ""torch.float16"", ""arg2_dtype_size"": 2, ""arg2_dtype_cat"": 2}",1.225600004196167
attention,edefb7d19af14df7,3265e0895ba56199,"{""block_sizes"": [1, 128, 64], ""loop_orders"": [[1, 0]], ""l2_groupings"": [8], ""range_unroll_factors"": [0, 1], ""range_warp_specializes"": [null, false], ""range_num_stages"": [0, 2], ""range_multi_buffers"": [null, null], ""range_flattens"": [null, true], ""load_eviction_policies"": ["""", """", ""first""], ""num_warps"": 8, ""num_stages"": 3, ""indexing"": [""tensor_descriptor"", ""tensor_descriptor"", ""pointer"", ""tensor_descriptor""], ""atomic_indexing"": [], ""pid_type"": ""flat""}","{""arg0_ndim"": 4, ""arg0_dim0"": 4, ""arg0_dim1"": 32, ""arg0_dim2"": 3072, ""arg0_dim3"": 128, ""arg0_numel"": 50331648, ""arg0_dtype"": ""torch.float16"", ""arg0_dtype_size"": 2, ""arg0_dtype_cat"": 2, ""arg1_ndim"": 4, ""arg1_dim0"": 4, ""arg1_dim1"": 32, ""arg1_dim2"": 3072, ""arg1_dim3"": 128, ""arg1_numel"": 50331648, ""arg1_dtype"": ""torch.float16"", ""arg1_dtype_size"": 2, ""arg1_dtype_cat"": 2, ""arg2_ndim"": 4, ""arg2_dim0"": 4, ""arg2_dim1"": 32, ""arg2_dim2"": 3072, ""arg2_dim3"": 128, ""arg2_numel"": 50331648, ""arg2_dtype"": ""torch.float16"", ""arg2_dtype_size"": 2, ""arg2_dtype_cat"": 2}",1.1449919939041138
attention,edefb7d19af14df7,18cd65d1f263c609,"{""block_sizes"": [1, 128, 64], ""loop_orders"": [[1, 0]], ""l2_groupings"": [8], ""range_unroll_factors"": [0, 4], ""range_warp_specializes"": [null, null], ""range_num_stages"": [0, 3], ""range_multi_buffers"": [null, true], ""range_flattens"": [null, true], ""load_eviction_policies"": [""first"", ""first"", ""last""], ""num_warps"": 8, ""num_stages"": 3, ""indexing"": [""tensor_descriptor"", ""pointer"", ""tensor_descriptor"", ""pointer""], ""atomic_indexing"": [], ""pid_type"": ""flat""}","{""arg0_ndim"": 4, ""arg0_dim0"": 4, ""arg0_dim1"": 32, ""arg0_dim2"": 3072, ""arg0_dim3"": 128, ""arg0_numel"": 50331648, ""arg0_dtype"": ""torch.float16"", ""arg0_dtype_size"": 2, ""arg0_dtype_cat"": 2, ""arg1_ndim"": 4, ""arg1_dim0"": 4, ""arg1_dim1"": 32, ""arg1_dim2"": 3072, ""arg1_dim3"": 128, ""arg1_numel"": 50331648, ""arg1_dtype"": ""torch.float16"", ""arg1_dtype_size"": 2, ""arg1_dtype_cat"": 2, ""arg2_ndim"": 4, ""arg2_dim0"": 4, ""arg2_dim1"": 32, ""arg2_dim2"": 3072, ""arg2_dim3"": 128, ""arg2_numel"": 50331648, ""arg2_dtype"": ""torch.float16"", ""arg2_dtype_size"": 2, ""arg2_dtype_cat"": 2}",1.1429439783096313
attention,edefb7d19af14df7,b62e9711edcad914,"{""block_sizes"": [1, 128, 64], ""loop_orders"": [[0, 1]], ""l2_groupings"": [1], ""range_unroll_factors"": [0, 3], ""range_warp_specializes"": [null, false], ""range_num_stages"": [0, 3], ""range_multi_buffers"": [null, true], ""range_flattens"": [null, true], ""load_eviction_policies"": ["""", ""last"", """"], ""num_warps"": 4, ""num_stages"": 4, ""indexing"": [""tensor_descriptor"", ""pointer"", ""tensor_descriptor"", ""tensor_descriptor""], ""atomic_indexing"": [], ""pid_type"": ""flat""}","{""arg0_ndim"": 4, ""arg0_dim0"": 4, ""arg0_dim1"": 32, ""arg0_dim2"": 3072, ""arg0_dim3"": 128, ""arg0_numel"": 50331648, ""arg0_dtype"": ""torch.float16"", ""arg0_dtype_size"": 2, ""arg0_dtype_cat"": 2, ""arg1_ndim"": 4, ""arg1_dim0"": 4, ""arg1_dim1"": 32, ""arg1_dim2"": 3072, ""arg1_dim3"": 128, ""arg1_numel"": 50331648, ""arg1_dtype"": ""torch.float16"", ""arg1_dtype_size"": 2, ""arg1_dtype_cat"": 2, ""arg2_ndim"": 4, ""arg2_dim0"": 4, ""arg2_dim1"": 32, ""arg2_dim2"": 3072, ""arg2_dim3"": 128, ""arg2_numel"": 50331648, ""arg2_dtype"": ""torch.float16"", ""arg2_dtype_size"": 2, ""arg2_dtype_cat"": 2}",1.6885759830474854
attention,edefb7d19af14df7,0224f42f7e07247a,"{""block_sizes"": [1, 128, 128], ""loop_orders"": [[1, 0]], ""l2_groupings"": [32], ""range_unroll_factors"": [0, 0], ""range_warp_specializes"": [null, null], ""range_num_stages"": [0, 4], ""range_multi_buffers"": [null, null], ""range_flattens"": [null, null], ""load_eviction_policies"": ["""", ""last"", ""last""], ""num_warps"": 4, ""num_stages"": 2, ""indexing"": [""tensor_descriptor"", ""pointer"", ""pointer"", ""pointer""], ""atomic_indexing"": [], ""pid_type"": ""flat""}","{""arg0_ndim"": 4, ""arg0_dim0"": 4, ""arg0_dim1"": 32, ""arg0_dim2"": 3072, ""arg0_dim3"": 128, ""arg0_numel"": 50331648, ""arg0_dtype"": ""torch.float16"", ""arg0_dtype_size"": 2, ""arg0_dtype_cat"": 2, ""arg1_ndim"": 4, ""arg1_dim0"": 4, ""arg1_dim1"": 32, ""arg1_dim2"": 3072, ""arg1_dim3"": 128, ""arg1_numel"": 50331648, ""arg1_dtype"": ""torch.float16"", ""arg1_dtype_size"": 2, ""arg1_dtype_cat"": 2, ""arg2_ndim"": 4, ""arg2_dim0"": 4, ""arg2_dim1"": 32, ""arg2_dim2"": 3072, ""arg2_dim3"": 128, ""arg2_numel"": 50331648, ""arg2_dtype"": ""torch.float16"", ""arg2_dtype_size"": 2, ""arg2_dtype_cat"": 2}",4.280288219451904
attention,edefb7d19af14df7,a018ad7b08e26b2b,"{""block_sizes"": [1, 128, 128], ""loop_orders"": [[1, 0]], ""l2_groupings"": [1], ""range_unroll_factors"": [0, 4], ""range_warp_specializes"": [null, null], ""range_num_stages"": [2, 4], ""range_multi_buffers"": [false, false], ""range_flattens"": [null, true], ""load_eviction_policies"": [""first"", ""last"", ""last""], ""num_warps"": 4, ""num_stages"": 3, ""indexing"": [""tensor_descriptor"", ""pointer"", ""tensor_descriptor"", ""pointer""], ""atomic_indexing"": [], ""pid_type"": ""persistent_interleaved"", ""num_sm_multiplier"": 128}","{""arg0_ndim"": 4, ""arg0_dim0"": 4, ""arg0_dim1"": 32, ""arg0_dim2"": 3072, ""arg0_dim3"": 128, ""arg0_numel"": 50331648, ""arg0_dtype"": ""torch.float16"", ""arg0_dtype_size"": 2, ""arg0_dtype_cat"": 2, ""arg1_ndim"": 4, ""arg1_dim0"": 4, ""arg1_dim1"": 32, ""arg1_dim2"": 3072, ""arg1_dim3"": 128, ""arg1_numel"": 50331648, ""arg1_dtype"": ""torch.float16"", ""arg1_dtype_size"": 2, ""arg1_dtype_cat"": 2, ""arg2_ndim"": 4, ""arg2_dim0"": 4, ""arg2_dim1"": 32, ""arg2_dim2"": 3072, ""arg2_dim3"": 128, ""arg2_numel"": 50331648, ""arg2_dtype"": ""torch.float16"", ""arg2_dtype_size"": 2, ""arg2_dtype_cat"": 2}",4.319200038909912
attention,edefb7d19af14df7,34148bc38a442c3b,"{""block_sizes"": [1, 128, 128], ""loop_orders"": [[1, 0]], ""l2_groupings"": [32], ""range_unroll_factors"": [0, 0], ""range_warp_specializes"": [null, null], ""range_num_stages"": [0, 0], ""range_multi_buffers"": [null, true], ""range_flattens"": [null, null], ""load_eviction_policies"": ["""", ""last"", ""first""], ""num_warps"": 4, ""num_stages"": 3, ""indexing"": [""tensor_descriptor"", ""tensor_descriptor"", ""tensor_descriptor"", ""pointer""], ""atomic_indexing"": [], ""pid_type"": ""flat""}","{""arg0_ndim"": 4, ""arg0_dim0"": 4, ""arg0_dim1"": 32, ""arg0_dim2"": 3072, ""arg0_dim3"": 128, ""arg0_numel"": 50331648, ""arg0_dtype"": ""torch.float16"", ""arg0_dtype_size"": 2, ""arg0_dtype_cat"": 2, ""arg1_ndim"": 4, ""arg1_dim0"": 4, ""arg1_dim1"": 32, ""arg1_dim2"": 3072, ""arg1_dim3"": 128, ""arg1_numel"": 50331648, ""arg1_dtype"": ""torch.float16"", ""arg1_dtype_size"": 2, ""arg1_dtype_cat"": 2, ""arg2_ndim"": 4, ""arg2_dim0"": 4, ""arg2_dim1"": 32, ""arg2_dim2"": 3072, ""arg2_dim3"": 128, ""arg2_numel"": 50331648, ""arg2_dtype"": ""torch.float16"", ""arg2_dtype_size"": 2, ""arg2_dtype_cat"": 2}",4.172832012176514
attention,edefb7d19af14df7,ea987733425e4c1b,"{""block_sizes"": [1, 128, 128], ""loop_orders"": [[0, 1]], ""l2_groupings"": [8], ""range_unroll_factors"": [0, 1], ""range_warp_specializes"": [null, null], ""range_num_stages"": [0, 4], ""range_multi_buffers"": [null, false], ""range_flattens"": [null, false], ""load_eviction_policies"": [""first"", """", ""first""], ""num_warps"": 4, ""num_stages"": 3, ""indexing"": [""tensor_descriptor"", ""tensor_descriptor"", ""pointer"", ""pointer""], ""atomic_indexing"": [], ""pid_type"": ""flat""}","{""arg0_ndim"": 4, ""arg0_dim0"": 4, ""arg0_dim1"": 32, ""arg0_dim2"": 3072, ""arg0_dim3"": 128, ""arg0_numel"": 50331648, ""arg0_dtype"": ""torch.float16"", ""arg0_dtype_size"": 2, ""arg0_dtype_cat"": 2, ""arg1_ndim"": 4, ""arg1_dim0"": 4, ""arg1_dim1"": 32, ""arg1_dim2"": 3072, ""arg1_dim3"": 128, ""arg1_numel"": 50331648, ""arg1_dtype"": ""torch.float16"", ""arg1_dtype_size"": 2, ""arg1_dtype_cat"": 2, ""arg2_ndim"": 4, ""arg2_dim0"": 4, ""arg2_dim1"": 32, ""arg2_dim2"": 3072, ""arg2_dim3"": 128, ""arg2_numel"": 50331648, ""arg2_dtype"": ""torch.float16"", ""arg2_dtype_size"": 2, ""arg2_dtype_cat"": 2}",4.173791885375977
attention,edefb7d19af14df7,65ab373fc776c2af,"{""block_sizes"": [1, 128, 64], ""loop_orders"": [[0, 1]], ""l2_groupings"": [8], ""range_unroll_factors"": [0, 4], ""range_warp_specializes"": [null, null], ""range_num_stages"": [0, 3], ""range_multi_buffers"": [null, false], ""range_flattens"": [null, false], ""load_eviction_policies"": [""last"", ""first"", ""first""], ""num_warps"": 8, ""num_stages"": 3, ""indexing"": [""pointer"", ""pointer"", ""pointer"", ""tensor_descriptor""], ""atomic_indexing"": [], ""pid_type"": ""flat""}","{""arg0_ndim"": 4, ""arg0_dim0"": 4, ""arg0_dim1"": 32, ""arg0_dim2"": 3072, ""arg0_dim3"": 128, ""arg0_numel"": 50331648, ""arg0_dtype"": ""torch.float16"", ""arg0_dtype_size"": 2, ""arg0_dtype_cat"": 2, ""arg1_ndim"": 4, ""arg1_dim0"": 4, ""arg1_dim1"": 32, ""arg1_dim2"": 3072, ""arg1_dim3"": 128, ""arg1_numel"": 50331648, ""arg1_dtype"": ""torch.float16"", ""arg1_dtype_size"": 2, ""arg1_dtype_cat"": 2, ""arg2_ndim"": 4, ""arg2_dim0"": 4, ""arg2_dim1"": 32, ""arg2_dim2"": 3072, ""arg2_dim3"": 128, ""arg2_numel"": 50331648, ""arg2_dtype"": ""torch.float16"", ""arg2_dtype_size"": 2, ""arg2_dtype_cat"": 2}",1.1354399919509888
attention,edefb7d19af14df7,c94f578925dfd8f9,"{""block_sizes"": [1, 128, 64], ""loop_orders"": [[0, 1]], ""l2_groupings"": [2], ""range_unroll_factors"": [0, 1], ""range_warp_specializes"": [null, null], ""range_num_stages"": [0, 0], ""range_multi_buffers"": [null, true], ""range_flattens"": [null, null], ""load_eviction_policies"": ["""", ""last"", ""first""], ""num_warps"": 8, ""num_stages"": 3, ""indexing"": [""pointer"", ""tensor_descriptor"", ""tensor_descriptor"", ""pointer""], ""atomic_indexing"": [], ""pid_type"": ""flat""}","{""arg0_ndim"": 4, ""arg0_dim0"": 4, ""arg0_dim1"": 32, ""arg0_dim2"": 3072, ""arg0_dim3"": 128, ""arg0_numel"": 50331648, ""arg0_dtype"": ""torch.float16"", ""arg0_dtype_size"": 2, ""arg0_dtype_cat"": 2, ""arg1_ndim"": 4, ""arg1_dim0"": 4, ""arg1_dim1"": 32, ""arg1_dim2"": 3072, ""arg1_dim3"": 128, ""arg1_numel"": 50331648, ""arg1_dtype"": ""torch.float16"", ""arg1_dtype_size"": 2, ""arg1_dtype_cat"": 2, ""arg2_ndim"": 4, ""arg2_dim0"": 4, ""arg2_dim1"": 32, ""arg2_dim2"": 3072, ""arg2_dim3"": 128, ""arg2_numel"": 50331648, ""arg2_dtype"": ""torch.float16"", ""arg2_dtype_size"": 2, ""arg2_dtype_cat"": 2}",1.1387200355529785
attention,edefb7d19af14df7,e90f1fde0aa15d55,"{""block_sizes"": [1, 128, 64], ""loop_orders"": [[0, 1]], ""l2_groupings"": [2], ""range_unroll_factors"": [0, 1], ""range_warp_specializes"": [null, null], ""range_num_stages"": [0, 1], ""range_multi_buffers"": [null, true], ""range_flattens"": [null, false], ""load_eviction_policies"": [""last"", """", ""last""], ""num_warps"": 8, ""num_stages"": 3, ""indexing"": [""pointer"", ""pointer"", ""tensor_descriptor"", ""tensor_descriptor""], ""atomic_indexing"": [], ""pid_type"": ""flat""}","{""arg0_ndim"": 4, ""arg0_dim0"": 4, ""arg0_dim1"": 32, ""arg0_dim2"": 3072, ""arg0_dim3"": 128, ""arg0_numel"": 50331648, ""arg0_dtype"": ""torch.float16"", ""arg0_dtype_size"": 2, ""arg0_dtype_cat"": 2, ""arg1_ndim"": 4, ""arg1_dim0"": 4, ""arg1_dim1"": 32, ""arg1_dim2"": 3072, ""arg1_dim3"": 128, ""arg1_numel"": 50331648, ""arg1_dtype"": ""torch.float16"", ""arg1_dtype_size"": 2, ""arg1_dtype_cat"": 2, ""arg2_ndim"": 4, ""arg2_dim0"": 4, ""arg2_dim1"": 32, ""arg2_dim2"": 3072, ""arg2_dim3"": 128, ""arg2_numel"": 50331648, ""arg2_dtype"": ""torch.float16"", ""arg2_dtype_size"": 2, ""arg2_dtype_cat"": 2}",1.134592056274414
attention,edefb7d19af14df7,197f70c883e6e5ad,"{""block_sizes"": [1, 128, 64], ""loop_orders"": [[0, 1]], ""l2_groupings"": [2], ""range_unroll_factors"": [0, 0], ""range_warp_specializes"": [null, null], ""range_num_stages"": [0, 0], ""range_multi_buffers"": [null, false], ""range_flattens"": [null, true], ""load_eviction_policies"": [""last"", ""first"", ""first""], ""num_warps"": 4, ""num_stages"": 2, ""indexing"": [""pointer"", ""tensor_descriptor"", ""pointer"", ""tensor_descriptor""], ""atomic_indexing"": [], ""pid_type"": ""flat""}","{""arg0_ndim"": 4, ""arg0_dim0"": 4, ""arg0_dim1"": 32, ""arg0_dim2"": 3072, ""arg0_dim3"": 128, ""arg0_numel"": 50331648, ""arg0_dtype"": ""torch.float16"", ""arg0_dtype_size"": 2, ""arg0_dtype_cat"": 2, ""arg1_ndim"": 4, ""arg1_dim0"": 4, ""arg1_dim1"": 32, ""arg1_dim2"": 3072, ""arg1_dim3"": 128, ""arg1_numel"": 50331648, ""arg1_dtype"": ""torch.float16"", ""arg1_dtype_size"": 2, ""arg1_dtype_cat"": 2, ""arg2_ndim"": 4, ""arg2_dim0"": 4, ""arg2_dim1"": 32, ""arg2_dim2"": 3072, ""arg2_dim3"": 128, ""arg2_numel"": 50331648, ""arg2_dtype"": ""torch.float16"", ""arg2_dtype_size"": 2, ""arg2_dtype_cat"": 2}",1.2819839715957642
attention,edefb7d19af14df7,74c352914e79f5d5,"{""block_sizes"": [1, 128, 64], ""loop_orders"": [[0, 1]], ""l2_groupings"": [2], ""range_unroll_factors"": [0, 2], ""range_warp_specializes"": [null, false], ""range_num_stages"": [0, 0], ""range_multi_buffers"": [null, false], ""range_flattens"": [null, true], ""load_eviction_policies"": [""first"", """", ""first""], ""num_warps"": 8, ""num_stages"": 3, ""indexing"": [""tensor_descriptor"", ""pointer"", ""tensor_descriptor"", ""tensor_descriptor""], ""atomic_indexing"": [], ""pid_type"": ""flat""}","{""arg0_ndim"": 4, ""arg0_dim0"": 4, ""arg0_dim1"": 32, ""arg0_dim2"": 3072, ""arg0_dim3"": 128, ""arg0_numel"": 50331648, ""arg0_dtype"": ""torch.float16"", ""arg0_dtype_size"": 2, ""arg0_dtype_cat"": 2, ""arg1_ndim"": 4, ""arg1_dim0"": 4, ""arg1_dim1"": 32, ""arg1_dim2"": 3072, ""arg1_dim3"": 128, ""arg1_numel"": 50331648, ""arg1_dtype"": ""torch.float16"", ""arg1_dtype_size"": 2, ""arg1_dtype_cat"": 2, ""arg2_ndim"": 4, ""arg2_dim0"": 4, ""arg2_dim1"": 32, ""arg2_dim2"": 3072, ""arg2_dim3"": 128, ""arg2_numel"": 50331648, ""arg2_dtype"": ""torch.float16"", ""arg2_dtype_size"": 2, ""arg2_dtype_cat"": 2}",1.1398080587387085
attention,c6d30a579b47d05d,1424d8a662dc60cf,"{""block_sizes"": [1, 128, 128], ""loop_orders"": [[0, 1]], ""l2_groupings"": [32], ""range_unroll_factors"": [0, 2], ""range_warp_specializes"": [null, false], ""range_num_stages"": [0, 3], ""range_multi_buffers"": [null, false], ""range_flattens"": [null, false], ""load_eviction_policies"": [""first"", ""last"", ""first""], ""num_warps"": 4, ""num_stages"": 3, ""indexing"": [""pointer"", ""pointer"", ""pointer"", ""tensor_descriptor""], ""atomic_indexing"": [], ""pid_type"": ""flat""}","{""arg0_ndim"": 4, ""arg0_dim0"": 4, ""arg0_dim1"": 32, ""arg0_dim2"": 6144, ""arg0_dim3"": 128, ""arg0_numel"": 100663296, ""arg0_dtype"": ""torch.float16"", ""arg0_dtype_size"": 2, ""arg0_dtype_cat"": 2, ""arg1_ndim"": 4, ""arg1_dim0"": 4, ""arg1_dim1"": 32, ""arg1_dim2"": 6144, ""arg1_dim3"": 128, ""arg1_numel"": 100663296, ""arg1_dtype"": ""torch.float16"", ""arg1_dtype_size"": 2, ""arg1_dtype_cat"": 2, ""arg2_ndim"": 4, ""arg2_dim0"": 4, ""arg2_dim1"": 32, ""arg2_dim2"": 6144, ""arg2_dim3"": 128, ""arg2_numel"": 100663296, ""arg2_dtype"": ""torch.float16"", ""arg2_dtype_size"": 2, ""arg2_dtype_cat"": 2}",16.65788745880127
attention,c6d30a579b47d05d,29135c77b970e281,"{""block_sizes"": [1, 128, 128], ""loop_orders"": [[0, 1]], ""l2_groupings"": [32], ""range_unroll_factors"": [0, 4], ""range_warp_specializes"": [null, false], ""range_num_stages"": [0, 4], ""range_multi_buffers"": [null, null], ""range_flattens"": [null, false], ""load_eviction_policies"": [""first"", """", ""first""], ""num_warps"": 4, ""num_stages"": 3, ""indexing"": [""tensor_descriptor"", ""pointer"", ""pointer"", ""tensor_descriptor""], ""atomic_indexing"": [], ""pid_type"": ""flat""}","{""arg0_ndim"": 4, ""arg0_dim0"": 4, ""arg0_dim1"": 32, ""arg0_dim2"": 6144, ""arg0_dim3"": 128, ""arg0_numel"": 100663296, ""arg0_dtype"": ""torch.float16"", ""arg0_dtype_size"": 2, ""arg0_dtype_cat"": 2, ""arg1_ndim"": 4, ""arg1_dim0"": 4, ""arg1_dim1"": 32, ""arg1_dim2"": 6144, ""arg1_dim3"": 128, ""arg1_numel"": 100663296, ""arg1_dtype"": ""torch.float16"", ""arg1_dtype_size"": 2, ""arg1_dtype_cat"": 2, ""arg2_ndim"": 4, ""arg2_dim0"": 4, ""arg2_dim1"": 32, ""arg2_dim2"": 6144, ""arg2_dim3"": 128, ""arg2_numel"": 100663296, ""arg2_dtype"": ""torch.float16"", ""arg2_dtype_size"": 2, ""arg2_dtype_cat"": 2}",16.65486431121826
attention,c6d30a579b47d05d,71d98cc073b6f9c7,"{""block_sizes"": [1, 128, 128], ""loop_orders"": [[0, 1]], ""l2_groupings"": [32], ""range_unroll_factors"": [0, 0], ""range_warp_specializes"": [null, null], ""range_num_stages"": [0, 2], ""range_multi_buffers"": [null, true], ""range_flattens"": [null, true], ""load_eviction_policies"": [""first"", ""last"", ""first""], ""num_warps"": 4, ""num_stages"": 3, ""indexing"": [""tensor_descriptor"", ""tensor_descriptor"", ""pointer"", ""tensor_descriptor""], ""atomic_indexing"": [], ""pid_type"": ""flat""}","{""arg0_ndim"": 4, ""arg0_dim0"": 4, ""arg0_dim1"": 32, ""arg0_dim2"": 6144, ""arg0_dim3"": 128, ""arg0_numel"": 100663296, ""arg0_dtype"": ""torch.float16"", ""arg0_dtype_size"": 2, ""arg0_dtype_cat"": 2, ""arg1_ndim"": 4, ""arg1_dim0"": 4, ""arg1_dim1"": 32, ""arg1_dim2"": 6144, ""arg1_dim3"": 128, ""arg1_numel"": 100663296, ""arg1_dtype"": ""torch.float16"", ""arg1_dtype_size"": 2, ""arg1_dtype_cat"": 2, ""arg2_ndim"": 4, ""arg2_dim0"": 4, ""arg2_dim1"": 32, ""arg2_dim2"": 6144, ""arg2_dim3"": 128, ""arg2_numel"": 100663296, ""arg2_dtype"": ""torch.float16"", ""arg2_dtype_size"": 2, ""arg2_dtype_cat"": 2}",16.65280055999756
attention,c6d30a579b47d05d,fa0e6212d9dfaba1,"{""block_sizes"": [1, 128, 128], ""loop_orders"": [[1, 0]], ""l2_groupings"": [1], ""range_unroll_factors"": [0, 0], ""range_warp_specializes"": [null, null], ""range_num_stages"": [0, 3], ""range_multi_buffers"": [null, null], ""range_flattens"": [null, true], ""load_eviction_policies"": ["""", ""last"", ""first""], ""num_warps"": 4, ""num_stages"": 3, ""indexing"": [""tensor_descriptor"", ""tensor_descriptor"", ""tensor_descriptor"", ""tensor_descriptor""], ""atomic_indexing"": [], ""pid_type"": ""flat""}","{""arg0_ndim"": 4, ""arg0_dim0"": 4, ""arg0_dim1"": 32, ""arg0_dim2"": 6144, ""arg0_dim3"": 128, ""arg0_numel"": 100663296, ""arg0_dtype"": ""torch.float16"", ""arg0_dtype_size"": 2, ""arg0_dtype_cat"": 2, ""arg1_ndim"": 4, ""arg1_dim0"": 4, ""arg1_dim1"": 32, ""arg1_dim2"": 6144, ""arg1_dim3"": 128, ""arg1_numel"": 100663296, ""arg1_dtype"": ""torch.float16"", ""arg1_dtype_size"": 2, ""arg1_dtype_cat"": 2, ""arg2_ndim"": 4, ""arg2_dim0"": 4, ""arg2_dim1"": 32, ""arg2_dim2"": 6144, ""arg2_dim3"": 128, ""arg2_numel"": 100663296, ""arg2_dtype"": ""torch.float16"", ""arg2_dtype_size"": 2, ""arg2_dtype_cat"": 2}",16.286592483520508
attention,c6d30a579b47d05d,018f3cbb5fbec2b3,"{""block_sizes"": [1, 128, 128], ""loop_orders"": [[0, 1]], ""l2_groupings"": [32], ""range_unroll_factors"": [0, 4], ""range_warp_specializes"": [null, null], ""range_num_stages"": [0, 2], ""range_multi_buffers"": [null, false], ""range_flattens"": [null, true], ""load_eviction_policies"": ["""", """", ""first""], ""num_warps"": 4, ""num_stages"": 3, ""indexing"": [""pointer"", ""tensor_descriptor"", ""pointer"", ""tensor_descriptor""], ""atomic_indexing"": [], ""pid_type"": ""flat""}","{""arg0_ndim"": 4, ""arg0_dim0"": 4, ""arg0_dim1"": 32, ""arg0_dim2"": 6144, ""arg0_dim3"": 128, ""arg0_numel"": 100663296, ""arg0_dtype"": ""torch.float16"", ""arg0_dtype_size"": 2, ""arg0_dtype_cat"": 2, ""arg1_ndim"": 4, ""arg1_dim0"": 4, ""arg1_dim1"": 32, ""arg1_dim2"": 6144, ""arg1_dim3"": 128, ""arg1_numel"": 100663296, ""arg1_dtype"": ""torch.float16"", ""arg1_dtype_size"": 2, ""arg1_dtype_cat"": 2, ""arg2_ndim"": 4, ""arg2_dim0"": 4, ""arg2_dim1"": 32, ""arg2_dim2"": 6144, ""arg2_dim3"": 128, ""arg2_numel"": 100663296, ""arg2_dtype"": ""torch.float16"", ""arg2_dtype_size"": 2, ""arg2_dtype_cat"": 2}",16.655872344970703
attention,c6d30a579b47d05d,4412520d00f6fe18,"{""block_sizes"": [1, 128, 64], ""loop_orders"": [[0, 1]], ""l2_groupings"": [16], ""range_unroll_factors"": [1, 0], ""range_warp_specializes"": [null, null], ""range_num_stages"": [0, 3], ""range_multi_buffers"": [true, false], ""range_flattens"": [false, false], ""load_eviction_policies"": ["""", ""last"", ""first""], ""num_warps"": 4, ""num_stages"": 4, ""indexing"": [""pointer"", ""pointer"", ""pointer"", ""pointer""], ""atomic_indexing"": [], ""pid_type"": ""persistent_interleaved"", ""num_sm_multiplier"": 2}","{""arg0_ndim"": 4, ""arg0_dim0"": 4, ""arg0_dim1"": 32, ""arg0_dim2"": 6144, ""arg0_dim3"": 128, ""arg0_numel"": 100663296, ""arg0_dtype"": ""torch.float16"", ""arg0_dtype_size"": 2, ""arg0_dtype_cat"": 2, ""arg1_ndim"": 4, ""arg1_dim0"": 4, ""arg1_dim1"": 32, ""arg1_dim2"": 6144, ""arg1_dim3"": 128, ""arg1_numel"": 100663296, ""arg1_dtype"": ""torch.float16"", ""arg1_dtype_size"": 2, ""arg1_dtype_cat"": 2, ""arg2_ndim"": 4, ""arg2_dim0"": 4, ""arg2_dim1"": 32, ""arg2_dim2"": 6144, ""arg2_dim3"": 128, ""arg2_numel"": 100663296, ""arg2_dtype"": ""torch.float16"", ""arg2_dtype_size"": 2, ""arg2_dtype_cat"": 2}",4.374911785125732
attention,c6d30a579b47d05d,8b544d6ab595df36,"{""block_sizes"": [1, 128, 64], ""loop_orders"": [[1, 0]], ""l2_groupings"": [8], ""range_unroll_factors"": [0, 3], ""range_warp_specializes"": [null, null], ""range_num_stages"": [0, 3], ""range_multi_buffers"": [null, true], ""range_flattens"": [null, true], ""load_eviction_policies"": ["""", ""first"", ""last""], ""num_warps"": 8, ""num_stages"": 3, ""indexing"": [""pointer"", ""pointer"", ""tensor_descriptor"", ""pointer""], ""atomic_indexing"": [], ""pid_type"": ""flat""}","{""arg0_ndim"": 4, ""arg0_dim0"": 4, ""arg0_dim1"": 32, ""arg0_dim2"": 6144, ""arg0_dim3"": 128, ""arg0_numel"": 100663296, ""arg0_dtype"": ""torch.float16"", ""arg0_dtype_size"": 2, ""arg0_dtype_cat"": 2, ""arg1_ndim"": 4, ""arg1_dim0"": 4, ""arg1_dim1"": 32, ""arg1_dim2"": 6144, ""arg1_dim3"": 128, ""arg1_numel"": 100663296, ""arg1_dtype"": ""torch.float16"", ""arg1_dtype_size"": 2, ""arg1_dtype_cat"": 2, ""arg2_ndim"": 4, ""arg2_dim0"": 4, ""arg2_dim1"": 32, ""arg2_dim2"": 6144, ""arg2_dim3"": 128, ""arg2_numel"": 100663296, ""arg2_dtype"": ""torch.float16"", ""arg2_dtype_size"": 2, ""arg2_dtype_cat"": 2}",4.803616046905518
attention,c6d30a579b47d05d,f1dda601fe248341,"{""block_sizes"": [1, 128, 64], ""loop_orders"": [[1, 0]], ""l2_groupings"": [1], ""range_unroll_factors"": [0, 4], ""range_warp_specializes"": [null, false], ""range_num_stages"": [0, 4], ""range_multi_buffers"": [null, null], ""range_flattens"": [null, null], ""load_eviction_policies"": [""first"", """", """"], ""num_warps"": 4, ""num_stages"": 3, ""indexing"": [""tensor_descriptor"", ""pointer"", ""tensor_descriptor"", ""tensor_descriptor""], ""atomic_indexing"": [], ""pid_type"": ""flat""}","{""arg0_ndim"": 4, ""arg0_dim0"": 4, ""arg0_dim1"": 32, ""arg0_dim2"": 6144, ""arg0_dim3"": 128, ""arg0_numel"": 100663296, ""arg0_dtype"": ""torch.float16"", ""arg0_dtype_size"": 2, ""arg0_dtype_cat"": 2, ""arg1_ndim"": 4, ""arg1_dim0"": 4, ""arg1_dim1"": 32, ""arg1_dim2"": 6144, ""arg1_dim3"": 128, ""arg1_numel"": 100663296, ""arg1_dtype"": ""torch.float16"", ""arg1_dtype_size"": 2, ""arg1_dtype_cat"": 2, ""arg2_ndim"": 4, ""arg2_dim0"": 4, ""arg2_dim1"": 32, ""arg2_dim2"": 6144, ""arg2_dim3"": 128, ""arg2_numel"": 100663296, ""arg2_dtype"": ""torch.float16"", ""arg2_dtype_size"": 2, ""arg2_dtype_cat"": 2}",4.870703935623169
attention,c6d30a579b47d05d,3265e0895ba56199,"{""block_sizes"": [1, 128, 64], ""loop_orders"": [[1, 0]], ""l2_groupings"": [8], ""range_unroll_factors"": [0, 1], ""range_warp_specializes"": [null, false], ""range_num_stages"": [0, 2], ""range_multi_buffers"": [null, null], ""range_flattens"": [null, true], ""load_eviction_policies"": ["""", """", ""first""], ""num_warps"": 8, ""num_stages"": 3, ""indexing"": [""tensor_descriptor"", ""tensor_descriptor"", ""pointer"", ""tensor_descriptor""], ""atomic_indexing"": [], ""pid_type"": ""flat""}","{""arg0_ndim"": 4, ""arg0_dim0"": 4, ""arg0_dim1"": 32, ""arg0_dim2"": 6144, ""arg0_dim3"": 128, ""arg0_numel"": 100663296, ""arg0_dtype"": ""torch.float16"", ""arg0_dtype_size"": 2, ""arg0_dtype_cat"": 2, ""arg1_ndim"": 4, ""arg1_dim0"": 4, ""arg1_dim1"": 32, ""arg1_dim2"": 6144, ""arg1_dim3"": 128, ""arg1_numel"": 100663296, ""arg1_dtype"": ""torch.float16"", ""arg1_dtype_size"": 2, ""arg1_dtype_cat"": 2, ""arg2_ndim"": 4, ""arg2_dim0"": 4, ""arg2_dim1"": 32, ""arg2_dim2"": 6144, ""arg2_dim3"": 128, ""arg2_numel"": 100663296, ""arg2_dtype"": ""torch.float16"", ""arg2_dtype_size"": 2, ""arg2_dtype_cat"": 2}",4.313024044036865
attention,c6d30a579b47d05d,18cd65d1f263c609,"{""block_sizes"": [1, 128, 64], ""loop_orders"": [[1, 0]], ""l2_groupings"": [8], ""range_unroll_factors"": [0, 4], ""range_warp_specializes"": [null, null], ""range_num_stages"": [0, 3], ""range_multi_buffers"": [null, true], ""range_flattens"": [null, true], ""load_eviction_policies"": [""first"", ""first"", ""last""], ""num_warps"": 8, ""num_stages"": 3, ""indexing"": [""tensor_descriptor"", ""pointer"", ""tensor_descriptor"", ""pointer""], ""atomic_indexing"": [], ""pid_type"": ""flat""}","{""arg0_ndim"": 4, ""arg0_dim0"": 4, ""arg0_dim1"": 32, ""arg0_dim2"": 6144, ""arg0_dim3"": 128, ""arg0_numel"": 100663296, ""arg0_dtype"": ""torch.float16"", ""arg0_dtype_size"": 2, ""arg0_dtype_cat"": 2, ""arg1_ndim"": 4, ""arg1_dim0"": 4, ""arg1_dim1"": 32, ""arg1_dim2"": 6144, ""arg1_dim3"": 128, ""arg1_numel"": 100663296, ""arg1_dtype"": ""torch.float16"", ""arg1_dtype_size"": 2, ""arg1_dtype_cat"": 2, ""arg2_ndim"": 4, ""arg2_dim0"": 4, ""arg2_dim1"": 32, ""arg2_dim2"": 6144, ""arg2_dim3"": 128, ""arg2_numel"": 100663296, ""arg2_dtype"": ""torch.float16"", ""arg2_dtype_size"": 2, ""arg2_dtype_cat"": 2}",4.812863826751709
attention,c6d30a579b47d05d,b62e9711edcad914,"{""block_sizes"": [1, 128, 64], ""loop_orders"": [[0, 1]], ""l2_groupings"": [1], ""range_unroll_factors"": [0, 3], ""range_warp_specializes"": [null, false], ""range_num_stages"": [0, 3], ""range_multi_buffers"": [null, true], ""range_flattens"": [null, true], ""load_eviction_policies"": ["""", ""last"", """"], ""num_warps"": 4, ""num_stages"": 4, ""indexing"": [""tensor_descriptor"", ""pointer"", ""tensor_descriptor"", ""tensor_descriptor""], ""atomic_indexing"": [], ""pid_type"": ""flat""}","{""arg0_ndim"": 4, ""arg0_dim0"": 4, ""arg0_dim1"": 32, ""arg0_dim2"": 6144, ""arg0_dim3"": 128, ""arg0_numel"": 100663296, ""arg0_dtype"": ""torch.float16"", ""arg0_dtype_size"": 2, ""arg0_dtype_cat"": 2, ""arg1_ndim"": 4, ""arg1_dim0"": 4, ""arg1_dim1"": 32, ""arg1_dim2"": 6144, ""arg1_dim3"": 128, ""arg1_numel"": 100663296, ""arg1_dtype"": ""torch.float16"", ""arg1_dtype_size"": 2, ""arg1_dtype_cat"": 2, ""arg2_ndim"": 4, ""arg2_dim0"": 4, ""arg2_dim1"": 32, ""arg2_dim2"": 6144, ""arg2_dim3"": 128, ""arg2_numel"": 100663296, ""arg2_dtype"": ""torch.float16"", ""arg2_dtype_size"": 2, ""arg2_dtype_cat"": 2}",7.369823932647705
attention,c6d30a579b47d05d,0224f42f7e07247a,"{""block_sizes"": [1, 128, 128], ""loop_orders"": [[1, 0]], ""l2_groupings"": [32], ""range_unroll_factors"": [0, 0], ""range_warp_specializes"": [null, null], ""range_num_stages"": [0, 4], ""range_multi_buffers"": [null, null], ""range_flattens"": [null, null], ""load_eviction_policies"": ["""", ""last"", ""last""], ""num_warps"": 4, ""num_stages"": 2, ""indexing"": [""tensor_descriptor"", ""pointer"", ""pointer"", ""pointer""], ""atomic_indexing"": [], ""pid_type"": ""flat""}","{""arg0_ndim"": 4, ""arg0_dim0"": 4, ""arg0_dim1"": 32, ""arg0_dim2"": 6144, ""arg0_dim3"": 128, ""arg0_numel"": 100663296, ""arg0_dtype"": ""torch.float16"", ""arg0_dtype_size"": 2, ""arg0_dtype_cat"": 2, ""arg1_ndim"": 4, ""arg1_dim0"": 4, ""arg1_dim1"": 32, ""arg1_dim2"": 6144, ""arg1_dim3"": 128, ""arg1_numel"": 100663296, ""arg1_dtype"": ""torch.float16"", ""arg1_dtype_size"": 2, ""arg1_dtype_cat"": 2, ""arg2_ndim"": 4, ""arg2_dim0"": 4, ""arg2_dim1"": 32, ""arg2_dim2"": 6144, ""arg2_dim3"": 128, ""arg2_numel"": 100663296, ""arg2_dtype"": ""torch.float16"", ""arg2_dtype_size"": 2, ""arg2_dtype_cat"": 2}",16.721375465393066
attention,c6d30a579b47d05d,a018ad7b08e26b2b,"{""block_sizes"": [1, 128, 128], ""loop_orders"": [[1, 0]], ""l2_groupings"": [1], ""range_unroll_factors"": [0, 4], ""range_warp_specializes"": [null, null], ""range_num_stages"": [2, 4], ""range_multi_buffers"": [false, false], ""range_flattens"": [null, true], ""load_eviction_policies"": [""first"", ""last"", ""last""], ""num_warps"": 4, ""num_stages"": 3, ""indexing"": [""tensor_descriptor"", ""pointer"", ""tensor_descriptor"", ""pointer""], ""atomic_indexing"": [], ""pid_type"": ""persistent_interleaved"", ""num_sm_multiplier"": 128}","{""arg0_ndim"": 4, ""arg0_dim0"": 4, ""arg0_dim1"": 32, ""arg0_dim2"": 6144, ""arg0_dim3"": 128, ""arg0_numel"": 100663296, ""arg0_dtype"": ""torch.float16"", ""arg0_dtype_size"": 2, ""arg0_dtype_cat"": 2, ""arg1_ndim"": 4, ""arg1_dim0"": 4, ""arg1_dim1"": 32, ""arg1_dim2"": 6144, ""arg1_dim3"": 128, ""arg1_numel"": 100663296, ""arg1_dtype"": ""torch.float16"", ""arg1_dtype_size"": 2, ""arg1_dtype_cat"": 2, ""arg2_ndim"": 4, ""arg2_dim0"": 4, ""arg2_dim1"": 32, ""arg2_dim2"": 6144, ""arg2_dim3"": 128, ""arg2_numel"": 100663296, ""arg2_dtype"": ""torch.float16"", ""arg2_dtype_size"": 2, ""arg2_dtype_cat"": 2}",16.781216621398926
attention,c6d30a579b47d05d,34148bc38a442c3b,"{""block_sizes"": [1, 128, 128], ""loop_orders"": [[1, 0]], ""l2_groupings"": [32], ""range_unroll_factors"": [0, 0], ""range_warp_specializes"": [null, null], ""range_num_stages"": [0, 0], ""range_multi_buffers"": [null, true], ""range_flattens"": [null, null], ""load_eviction_policies"": ["""", ""last"", ""first""], ""num_warps"": 4, ""num_stages"": 3, ""indexing"": [""tensor_descriptor"", ""tensor_descriptor"", ""tensor_descriptor"", ""pointer""], ""atomic_indexing"": [], ""pid_type"": ""flat""}","{""arg0_ndim"": 4, ""arg0_dim0"": 4, ""arg0_dim1"": 32, ""arg0_dim2"": 6144, ""arg0_dim3"": 128, ""arg0_numel"": 100663296, ""arg0_dtype"": ""torch.float16"", ""arg0_dtype_size"": 2, ""arg0_dtype_cat"": 2, ""arg1_ndim"": 4, ""arg1_dim0"": 4, ""arg1_dim1"": 32, ""arg1_dim2"": 6144, ""arg1_dim3"": 128, ""arg1_numel"": 100663296, ""arg1_dtype"": ""torch.float16"", ""arg1_dtype_size"": 2, ""arg1_dtype_cat"": 2, ""arg2_ndim"": 4, ""arg2_dim0"": 4, ""arg2_dim1"": 32, ""arg2_dim2"": 6144, ""arg2_dim3"": 128, ""arg2_numel"": 100663296, ""arg2_dtype"": ""torch.float16"", ""arg2_dtype_size"": 2, ""arg2_dtype_cat"": 2}",16.31337547302246
attention,c6d30a579b47d05d,ea987733425e4c1b,"{""block_sizes"": [1, 128, 128], ""loop_orders"": [[0, 1]], ""l2_groupings"": [8], ""range_unroll_factors"": [0, 1], ""range_warp_specializes"": [null, null], ""range_num_stages"": [0, 4], ""range_multi_buffers"": [null, false], ""range_flattens"": [null, false], ""load_eviction_policies"": [""first"", """", ""first""], ""num_warps"": 4, ""num_stages"": 3, ""indexing"": [""tensor_descriptor"", ""tensor_descriptor"", ""pointer"", ""pointer""], ""atomic_indexing"": [], ""pid_type"": ""flat""}","{""arg0_ndim"": 4, ""arg0_dim0"": 4, ""arg0_dim1"": 32, ""arg0_dim2"": 6144, ""arg0_dim3"": 128, ""arg0_numel"": 100663296, ""arg0_dtype"": ""torch.float16"", ""arg0_dtype_size"": 2, ""arg0_dtype_cat"": 2, ""arg1_ndim"": 4, ""arg1_dim0"": 4, ""arg1_dim1"": 32, ""arg1_dim2"": 6144, ""arg1_dim3"": 128, ""arg1_numel"": 100663296, ""arg1_dtype"": ""torch.float16"", ""arg1_dtype_size"": 2, ""arg1_dtype_cat"": 2, ""arg2_ndim"": 4, ""arg2_dim0"": 4, ""arg2_dim1"": 32, ""arg2_dim2"": 6144, ""arg2_dim3"": 128, ""arg2_numel"": 100663296, ""arg2_dtype"": ""torch.float16"", ""arg2_dtype_size"": 2, ""arg2_dtype_cat"": 2}",16.294944763183594
attention,c6d30a579b47d05d,65ab373fc776c2af,"{""block_sizes"": [1, 128, 64], ""loop_orders"": [[0, 1]], ""l2_groupings"": [8], ""range_unroll_factors"": [0, 4], ""range_warp_specializes"": [null, null], ""range_num_stages"": [0, 3], ""range_multi_buffers"": [null, false], ""range_flattens"": [null, false], ""load_eviction_policies"": [""last"", ""first"", ""first""], ""num_warps"": 8, ""num_stages"": 3, ""indexing"": [""pointer"", ""pointer"", ""pointer"", ""tensor_descriptor""], ""atomic_indexing"": [], ""pid_type"": ""flat""}","{""arg0_ndim"": 4, ""arg0_dim0"": 4, ""arg0_dim1"": 32, ""arg0_dim2"": 6144, ""arg0_dim3"": 128, ""arg0_numel"": 100663296, ""arg0_dtype"": ""torch.float16"", ""arg0_dtype_size"": 2, ""arg0_dtype_cat"": 2, ""arg1_ndim"": 4, ""arg1_dim0"": 4, ""arg1_dim1"": 32, ""arg1_dim2"": 6144, ""arg1_dim3"": 128, ""arg1_numel"": 100663296, ""arg1_dtype"": ""torch.float16"", ""arg1_dtype_size"": 2, ""arg1_dtype_cat"": 2, ""arg2_ndim"": 4, ""arg2_dim0"": 4, ""arg2_dim1"": 32, ""arg2_dim2"": 6144, ""arg2_dim3"": 128, ""arg2_numel"": 100663296, ""arg2_dtype"": ""torch.float16"", ""arg2_dtype_size"": 2, ""arg2_dtype_cat"": 2}",4.5517120361328125
attention,c6d30a579b47d05d,c94f578925dfd8f9,"{""block_sizes"": [1, 128, 64], ""loop_orders"": [[0, 1]], ""l2_groupings"": [2], ""range_unroll_factors"": [0, 1], ""range_warp_specializes"": [null, null], ""range_num_stages"": [0, 0], ""range_multi_buffers"": [null, true], ""range_flattens"": [null, null], ""load_eviction_policies"": ["""", ""last"", ""first""], ""num_warps"": 8, ""num_stages"": 3, ""indexing"": [""pointer"", ""tensor_descriptor"", ""tensor_descriptor"", ""pointer""], ""atomic_indexing"": [], ""pid_type"": ""flat""}","{""arg0_ndim"": 4, ""arg0_dim0"": 4, ""arg0_dim1"": 32, ""arg0_dim2"": 6144, ""arg0_dim3"": 128, ""arg0_numel"": 100663296, ""arg0_dtype"": ""torch.float16"", ""arg0_dtype_size"": 2, ""arg0_dtype_cat"": 2, ""arg1_ndim"": 4, ""arg1_dim0"": 4, ""arg1_dim1"": 32, ""arg1_dim2"": 6144, ""arg1_dim3"": 128, ""arg1_numel"": 100663296, ""arg1_dtype"": ""torch.float16"", ""arg1_dtype_size"": 2, ""arg1_dtype_cat"": 2, ""arg2_ndim"": 4, ""arg2_dim0"": 4, ""arg2_dim1"": 32, ""arg2_dim2"": 6144, ""arg2_dim3"": 128, ""arg2_numel"": 100663296, ""arg2_dtype"": ""torch.float16"", ""arg2_dtype_size"": 2, ""arg2_dtype_cat"": 2}",4.6899518966674805
attention,c6d30a579b47d05d,e90f1fde0aa15d55,"{""block_sizes"": [1, 128, 64], ""loop_orders"": [[0, 1]], ""l2_groupings"": [2], ""range_unroll_factors"": [0, 1], ""range_warp_specializes"": [null, null], ""range_num_stages"": [0, 1], ""range_multi_buffers"": [null, true], ""range_flattens"": [null, false], ""load_eviction_policies"": [""last"", """", ""last""], ""num_warps"": 8, ""num_stages"": 3, ""indexing"": [""pointer"", ""pointer"", ""tensor_descriptor"", ""tensor_descriptor""], ""atomic_indexing"": [], ""pid_type"": ""flat""}","{""arg0_ndim"": 4, ""arg0_dim0"": 4, ""arg0_dim1"": 32, ""arg0_dim2"": 6144, ""arg0_dim3"": 128, ""arg0_numel"": 100663296, ""arg0_dtype"": ""torch.float16"", ""arg0_dtype_size"": 2, ""arg0_dtype_cat"": 2, ""arg1_ndim"": 4, ""arg1_dim0"": 4, ""arg1_dim1"": 32, ""arg1_dim2"": 6144, ""arg1_dim3"": 128, ""arg1_numel"": 100663296, ""arg1_dtype"": ""torch.float16"", ""arg1_dtype_size"": 2, ""arg1_dtype_cat"": 2, ""arg2_ndim"": 4, ""arg2_dim0"": 4, ""arg2_dim1"": 32, ""arg2_dim2"": 6144, ""arg2_dim3"": 128, ""arg2_numel"": 100663296, ""arg2_dtype"": ""torch.float16"", ""arg2_dtype_size"": 2, ""arg2_dtype_cat"": 2}",4.222815990447998
attention,c6d30a579b47d05d,197f70c883e6e5ad,"{""block_sizes"": [1, 128, 64], ""loop_orders"": [[0, 1]], ""l2_groupings"": [2], ""range_unroll_factors"": [0, 0], ""range_warp_specializes"": [null, null], ""range_num_stages"": [0, 0], ""range_multi_buffers"": [null, false], ""range_flattens"": [null, true], ""load_eviction_policies"": [""last"", ""first"", ""first""], ""num_warps"": 4, ""num_stages"": 2, ""indexing"": [""pointer"", ""tensor_descriptor"", ""pointer"", ""tensor_descriptor""], ""atomic_indexing"": [], ""pid_type"": ""flat""}","{""arg0_ndim"": 4, ""arg0_dim0"": 4, ""arg0_dim1"": 32, ""arg0_dim2"": 6144, ""arg0_dim3"": 128, ""arg0_numel"": 100663296, ""arg0_dtype"": ""torch.float16"", ""arg0_dtype_size"": 2, ""arg0_dtype_cat"": 2, ""arg1_ndim"": 4, ""arg1_dim0"": 4, ""arg1_dim1"": 32, ""arg1_dim2"": 6144, ""arg1_dim3"": 128, ""arg1_numel"": 100663296, ""arg1_dtype"": ""torch.float16"", ""arg1_dtype_size"": 2, ""arg1_dtype_cat"": 2, ""arg2_ndim"": 4, ""arg2_dim0"": 4, ""arg2_dim1"": 32, ""arg2_dim2"": 6144, ""arg2_dim3"": 128, ""arg2_numel"": 100663296, ""arg2_dtype"": ""torch.float16"", ""arg2_dtype_size"": 2, ""arg2_dtype_cat"": 2}",4.979712009429932
attention,c6d30a579b47d05d,74c352914e79f5d5,"{""block_sizes"": [1, 128, 64], ""loop_orders"": [[0, 1]], ""l2_groupings"": [2], ""range_unroll_factors"": [0, 2], ""range_warp_specializes"": [null, false], ""range_num_stages"": [0, 0], ""range_multi_buffers"": [null, false], ""range_flattens"": [null, true], ""load_eviction_policies"": [""first"", """", ""first""], ""num_warps"": 8, ""num_stages"": 3, ""indexing"": [""tensor_descriptor"", ""pointer"", ""tensor_descriptor"", ""tensor_descriptor""], ""atomic_indexing"": [], ""pid_type"": ""flat""}","{""arg0_ndim"": 4, ""arg0_dim0"": 4, ""arg0_dim1"": 32, ""arg0_dim2"": 6144, ""arg0_dim3"": 128, ""arg0_numel"": 100663296, ""arg0_dtype"": ""torch.float16"", ""arg0_dtype_size"": 2, ""arg0_dtype_cat"": 2, ""arg1_ndim"": 4, ""arg1_dim0"": 4, ""arg1_dim1"": 32, ""arg1_dim2"": 6144, ""arg1_dim3"": 128, ""arg1_numel"": 100663296, ""arg1_dtype"": ""torch.float16"", ""arg1_dtype_size"": 2, ""arg1_dtype_cat"": 2, ""arg2_ndim"": 4, ""arg2_dim0"": 4, ""arg2_dim1"": 32, ""arg2_dim2"": 6144, ""arg2_dim3"": 128, ""arg2_numel"": 100663296, ""arg2_dtype"": ""torch.float16"", ""arg2_dtype_size"": 2, ""arg2_dtype_cat"": 2}",4.607744216918945
attention,d62524bbbc300f6b,1424d8a662dc60cf,"{""block_sizes"": [1, 128, 128], ""loop_orders"": [[0, 1]], ""l2_groupings"": [32], ""range_unroll_factors"": [0, 2], ""range_warp_specializes"": [null, false], ""range_num_stages"": [0, 3], ""range_multi_buffers"": [null, false], ""range_flattens"": [null, false], ""load_eviction_policies"": [""first"", ""last"", ""first""], ""num_warps"": 4, ""num_stages"": 3, ""indexing"": [""pointer"", ""pointer"", ""pointer"", ""tensor_descriptor""], ""atomic_indexing"": [], ""pid_type"": ""flat""}","{""arg0_ndim"": 4, ""arg0_dim0"": 4, ""arg0_dim1"": 32, ""arg0_dim2"": 12288, ""arg0_dim3"": 128, ""arg0_numel"": 201326592, ""arg0_dtype"": ""torch.float16"", ""arg0_dtype_size"": 2, ""arg0_dtype_cat"": 2, ""arg1_ndim"": 4, ""arg1_dim0"": 4, ""arg1_dim1"": 32, ""arg1_dim2"": 12288, ""arg1_dim3"": 128, ""arg1_numel"": 201326592, ""arg1_dtype"": ""torch.float16"", ""arg1_dtype_size"": 2, ""arg1_dtype_cat"": 2, ""arg2_ndim"": 4, ""arg2_dim0"": 4, ""arg2_dim1"": 32, ""arg2_dim2"": 12288, ""arg2_dim3"": 128, ""arg2_numel"": 201326592, ""arg2_dtype"": ""torch.float16"", ""arg2_dtype_size"": 2, ""arg2_dtype_cat"": 2}",66.11968231201172
attention,d62524bbbc300f6b,29135c77b970e281,"{""block_sizes"": [1, 128, 128], ""loop_orders"": [[0, 1]], ""l2_groupings"": [32], ""range_unroll_factors"": [0, 4], ""range_warp_specializes"": [null, false], ""range_num_stages"": [0, 4], ""range_multi_buffers"": [null, null], ""range_flattens"": [null, false], ""load_eviction_policies"": [""first"", """", ""first""], ""num_warps"": 4, ""num_stages"": 3, ""indexing"": [""tensor_descriptor"", ""pointer"", ""pointer"", ""tensor_descriptor""], ""atomic_indexing"": [], ""pid_type"": ""flat""}","{""arg0_ndim"": 4, ""arg0_dim0"": 4, ""arg0_dim1"": 32, ""arg0_dim2"": 12288, ""arg0_dim3"": 128, ""arg0_numel"": 201326592, ""arg0_dtype"": ""torch.float16"", ""arg0_dtype_size"": 2, ""arg0_dtype_cat"": 2, ""arg1_ndim"": 4, ""arg1_dim0"": 4, ""arg1_dim1"": 32, ""arg1_dim2"": 12288, ""arg1_dim3"": 128, ""arg1_numel"": 201326592, ""arg1_dtype"": ""torch.float16"", ""arg1_dtype_size"": 2, ""arg1_dtype_cat"": 2, ""arg2_ndim"": 4, ""arg2_dim0"": 4, ""arg2_dim1"": 32, ""arg2_dim2"": 12288, ""arg2_dim3"": 128, ""arg2_numel"": 201326592, ""arg2_dtype"": ""torch.float16"", ""arg2_dtype_size"": 2, ""arg2_dtype_cat"": 2}",66.18112182617188
attention,d62524bbbc300f6b,71d98cc073b6f9c7,"{""block_sizes"": [1, 128, 128], ""loop_orders"": [[0, 1]], ""l2_groupings"": [32], ""range_unroll_factors"": [0, 0], ""range_warp_specializes"": [null, null], ""range_num_stages"": [0, 2], ""range_multi_buffers"": [null, true], ""range_flattens"": [null, true], ""load_eviction_policies"": [""first"", ""last"", ""first""], ""num_warps"": 4, ""num_stages"": 3, ""indexing"": [""tensor_descriptor"", ""tensor_descriptor"", ""pointer"", ""tensor_descriptor""], ""atomic_indexing"": [], ""pid_type"": ""flat""}","{""arg0_ndim"": 4, ""arg0_dim0"": 4, ""arg0_dim1"": 32, ""arg0_dim2"": 12288, ""arg0_dim3"": 128, ""arg0_numel"": 201326592, ""arg0_dtype"": ""torch.float16"", ""arg0_dtype_size"": 2, ""arg0_dtype_cat"": 2, ""arg1_ndim"": 4, ""arg1_dim0"": 4, ""arg1_dim1"": 32, ""arg1_dim2"": 12288, ""arg1_dim3"": 128, ""arg1_numel"": 201326592, ""arg1_dtype"": ""torch.float16"", ""arg1_dtype_size"": 2, ""arg1_dtype_cat"": 2, ""arg2_ndim"": 4, ""arg2_dim0"": 4, ""arg2_dim1"": 32, ""arg2_dim2"": 12288, ""arg2_dim3"": 128, ""arg2_numel"": 201326592, ""arg2_dtype"": ""torch.float16"", ""arg2_dtype_size"": 2, ""arg2_dtype_cat"": 2}",66.23235321044922
attention,d62524bbbc300f6b,fa0e6212d9dfaba1,"{""block_sizes"": [1, 128, 128], ""loop_orders"": [[1, 0]], ""l2_groupings"": [1], ""range_unroll_factors"": [0, 0], ""range_warp_specializes"": [null, null], ""range_num_stages"": [0, 3], ""range_multi_buffers"": [null, null], ""range_flattens"": [null, true], ""load_eviction_policies"": ["""", ""last"", ""first""], ""num_warps"": 4, ""num_stages"": 3, ""indexing"": [""tensor_descriptor"", ""tensor_descriptor"", ""tensor_descriptor"", ""tensor_descriptor""], ""atomic_indexing"": [], ""pid_type"": ""flat""}","{""arg0_ndim"": 4, ""arg0_dim0"": 4, ""arg0_dim1"": 32, ""arg0_dim2"": 12288, ""arg0_dim3"": 128, ""arg0_numel"": 201326592, ""arg0_dtype"": ""torch.float16"", ""arg0_dtype_size"": 2, ""arg0_dtype_cat"": 2, ""arg1_ndim"": 4, ""arg1_dim0"": 4, ""arg1_dim1"": 32, ""arg1_dim2"": 12288, ""arg1_dim3"": 128, ""arg1_numel"": 201326592, ""arg1_dtype"": ""torch.float16"", ""arg1_dtype_size"": 2, ""arg1_dtype_cat"": 2, ""arg2_ndim"": 4, ""arg2_dim0"": 4, ""arg2_dim1"": 32, ""arg2_dim2"": 12288, ""arg2_dim3"": 128, ""arg2_numel"": 201326592, ""arg2_dtype"": ""torch.float16"", ""arg2_dtype_size"": 2, ""arg2_dtype_cat"": 2}",64.19548797607422
attention,d62524bbbc300f6b,018f3cbb5fbec2b3,"{""block_sizes"": [1, 128, 128], ""loop_orders"": [[0, 1]], ""l2_groupings"": [32], ""range_unroll_factors"": [0, 4], ""range_warp_specializes"": [null, null], ""range_num_stages"": [0, 2], ""range_multi_buffers"": [null, false], ""range_flattens"": [null, true], ""load_eviction_policies"": ["""", """", ""first""], ""num_warps"": 4, ""num_stages"": 3, ""indexing"": [""pointer"", ""tensor_descriptor"", ""pointer"", ""tensor_descriptor""], ""atomic_indexing"": [], ""pid_type"": ""flat""}","{""arg0_ndim"": 4, ""arg0_dim0"": 4, ""arg0_dim1"": 32, ""arg0_dim2"": 12288, ""arg0_dim3"": 128, ""arg0_numel"": 201326592, ""arg0_dtype"": ""torch.float16"", ""arg0_dtype_size"": 2, ""arg0_dtype_cat"": 2, ""arg1_ndim"": 4, ""arg1_dim0"": 4, ""arg1_dim1"": 32, ""arg1_dim2"": 12288, ""arg1_dim3"": 128, ""arg1_numel"": 201326592, ""arg1_dtype"": ""torch.float16"", ""arg1_dtype_size"": 2, ""arg1_dtype_cat"": 2, ""arg2_ndim"": 4, ""arg2_dim0"": 4, ""arg2_dim1"": 32, ""arg2_dim2"": 12288, ""arg2_dim3"": 128, ""arg2_numel"": 201326592, ""arg2_dtype"": ""torch.float16"", ""arg2_dtype_size"": 2, ""arg2_dtype_cat"": 2}",66.27129364013672
attention,d62524bbbc300f6b,4412520d00f6fe18,"{""block_sizes"": [1, 128, 64], ""loop_orders"": [[0, 1]], ""l2_groupings"": [16], ""range_unroll_factors"": [1, 0], ""range_warp_specializes"": [null, null], ""range_num_stages"": [0, 3], ""range_multi_buffers"": [true, false], ""range_flattens"": [false, false], ""load_eviction_policies"": ["""", ""last"", ""first""], ""num_warps"": 4, ""num_stages"": 4, ""indexing"": [""pointer"", ""pointer"", ""pointer"", ""pointer""], ""atomic_indexing"": [], ""pid_type"": ""persistent_interleaved"", ""num_sm_multiplier"": 2}","{""arg0_ndim"": 4, ""arg0_dim0"": 4, ""arg0_dim1"": 32, ""arg0_dim2"": 12288, ""arg0_dim3"": 128, ""arg0_numel"": 201326592, ""arg0_dtype"": ""torch.float16"", ""arg0_dtype_size"": 2, ""arg0_dtype_cat"": 2, ""arg1_ndim"": 4, ""arg1_dim0"": 4, ""arg1_dim1"": 32, ""arg1_dim2"": 12288, ""arg1_dim3"": 128, ""arg1_numel"": 201326592, ""arg1_dtype"": ""torch.float16"", ""arg1_dtype_size"": 2, ""arg1_dtype_cat"": 2, ""arg2_ndim"": 4, ""arg2_dim0"": 4, ""arg2_dim1"": 32, ""arg2_dim2"": 12288, ""arg2_dim3"": 128, ""arg2_numel"": 201326592, ""arg2_dtype"": ""torch.float16"", ""arg2_dtype_size"": 2, ""arg2_dtype_cat"": 2}",19.12168025970459
attention,d62524bbbc300f6b,8b544d6ab595df36,"{""block_sizes"": [1, 128, 64], ""loop_orders"": [[1, 0]], ""l2_groupings"": [8], ""range_unroll_factors"": [0, 3], ""range_warp_specializes"": [null, null], ""range_num_stages"": [0, 3], ""range_multi_buffers"": [null, true], ""range_flattens"": [null, true], ""load_eviction_policies"": ["""", ""first"", ""last""], ""num_warps"": 8, ""num_stages"": 3, ""indexing"": [""pointer"", ""pointer"", ""tensor_descriptor"", ""pointer""], ""atomic_indexing"": [], ""pid_type"": ""flat""}","{""arg0_ndim"": 4, ""arg0_dim0"": 4, ""arg0_dim1"": 32, ""arg0_dim2"": 12288, ""arg0_dim3"": 128, ""arg0_numel"": 201326592, ""arg0_dtype"": ""torch.float16"", ""arg0_dtype_size"": 2, ""arg0_dtype_cat"": 2, ""arg1_ndim"": 4, ""arg1_dim0"": 4, ""arg1_dim1"": 32, ""arg1_dim2"": 12288, ""arg1_dim3"": 128, ""arg1_numel"": 201326592, ""arg1_dtype"": ""torch.float16"", ""arg1_dtype_size"": 2, ""arg1_dtype_cat"": 2, ""arg2_ndim"": 4, ""arg2_dim0"": 4, ""arg2_dim1"": 32, ""arg2_dim2"": 12288, ""arg2_dim3"": 128, ""arg2_numel"": 201326592, ""arg2_dtype"": ""torch.float16"", ""arg2_dtype_size"": 2, ""arg2_dtype_cat"": 2}",19.647520065307617
attention,d62524bbbc300f6b,f1dda601fe248341,"{""block_sizes"": [1, 128, 64], ""loop_orders"": [[1, 0]], ""l2_groupings"": [1], ""range_unroll_factors"": [0, 4], ""range_warp_specializes"": [null, false], ""range_num_stages"": [0, 4], ""range_multi_buffers"": [null, null], ""range_flattens"": [null, null], ""load_eviction_policies"": [""first"", """", """"], ""num_warps"": 4, ""num_stages"": 3, ""indexing"": [""tensor_descriptor"", ""pointer"", ""tensor_descriptor"", ""tensor_descriptor""], ""atomic_indexing"": [], ""pid_type"": ""flat""}","{""arg0_ndim"": 4, ""arg0_dim0"": 4, ""arg0_dim1"": 32, ""arg0_dim2"": 12288, ""arg0_dim3"": 128, ""arg0_numel"": 201326592, ""arg0_dtype"": ""torch.float16"", ""arg0_dtype_size"": 2, ""arg0_dtype_cat"": 2, ""arg1_ndim"": 4, ""arg1_dim0"": 4, ""arg1_dim1"": 32, ""arg1_dim2"": 12288, ""arg1_dim3"": 128, ""arg1_numel"": 201326592, ""arg1_dtype"": ""torch.float16"", ""arg1_dtype_size"": 2, ""arg1_dtype_cat"": 2, ""arg2_ndim"": 4, ""arg2_dim0"": 4, ""arg2_dim1"": 32, ""arg2_dim2"": 12288, ""arg2_dim3"": 128, ""arg2_numel"": 201326592, ""arg2_dtype"": ""torch.float16"", ""arg2_dtype_size"": 2, ""arg2_dtype_cat"": 2}",19.639328002929688
attention,d62524bbbc300f6b,3265e0895ba56199,"{""block_sizes"": [1, 128, 64], ""loop_orders"": [[1, 0]], ""l2_groupings"": [8], ""range_unroll_factors"": [0, 1], ""range_warp_specializes"": [null, false], ""range_num_stages"": [0, 2], ""range_multi_buffers"": [null, null], ""range_flattens"": [null, true], ""load_eviction_policies"": ["""", """", ""first""], ""num_warps"": 8, ""num_stages"": 3, ""indexing"": [""tensor_descriptor"", ""tensor_descriptor"", ""pointer"", ""tensor_descriptor""], ""atomic_indexing"": [], ""pid_type"": ""flat""}","{""arg0_ndim"": 4, ""arg0_dim0"": 4, ""arg0_dim1"": 32, ""arg0_dim2"": 12288, ""arg0_dim3"": 128, ""arg0_numel"": 201326592, ""arg0_dtype"": ""torch.float16"", ""arg0_dtype_size"": 2, ""arg0_dtype_cat"": 2, ""arg1_ndim"": 4, ""arg1_dim0"": 4, ""arg1_dim1"": 32, ""arg1_dim2"": 12288, ""arg1_dim3"": 128, ""arg1_numel"": 201326592, ""arg1_dtype"": ""torch.float16"", ""arg1_dtype_size"": 2, ""arg1_dtype_cat"": 2, ""arg2_ndim"": 4, ""arg2_dim0"": 4, ""arg2_dim1"": 32, ""arg2_dim2"": 12288, ""arg2_dim3"": 128, ""arg2_numel"": 201326592, ""arg2_dtype"": ""torch.float16"", ""arg2_dtype_size"": 2, ""arg2_dtype_cat"": 2}",19.88100814819336
attention,d62524bbbc300f6b,18cd65d1f263c609,"{""block_sizes"": [1, 128, 64], ""loop_orders"": [[1, 0]], ""l2_groupings"": [8], ""range_unroll_factors"": [0, 4], ""range_warp_specializes"": [null, null], ""range_num_stages"": [0, 3], ""range_multi_buffers"": [null, true], ""range_flattens"": [null, true], ""load_eviction_policies"": [""first"", ""first"", ""last""], ""num_warps"": 8, ""num_stages"": 3, ""indexing"": [""tensor_descriptor"", ""pointer"", ""tensor_descriptor"", ""pointer""], ""atomic_indexing"": [], ""pid_type"": ""flat""}","{""arg0_ndim"": 4, ""arg0_dim0"": 4, ""arg0_dim1"": 32, ""arg0_dim2"": 12288, ""arg0_dim3"": 128, ""arg0_numel"": 201326592, ""arg0_dtype"": ""torch.float16"", ""arg0_dtype_size"": 2, ""arg0_dtype_cat"": 2, ""arg1_ndim"": 4, ""arg1_dim0"": 4, ""arg1_dim1"": 32, ""arg1_dim2"": 12288, ""arg1_dim3"": 128, ""arg1_numel"": 201326592, ""arg1_dtype"": ""torch.float16"", ""arg1_dtype_size"": 2, ""arg1_dtype_cat"": 2, ""arg2_ndim"": 4, ""arg2_dim0"": 4, ""arg2_dim1"": 32, ""arg2_dim2"": 12288, ""arg2_dim3"": 128, ""arg2_numel"": 201326592, ""arg2_dtype"": ""torch.float16"", ""arg2_dtype_size"": 2, ""arg2_dtype_cat"": 2}",19.640239715576172
attention,d62524bbbc300f6b,b62e9711edcad914,"{""block_sizes"": [1, 128, 64], ""loop_orders"": [[0, 1]], ""l2_groupings"": [1], ""range_unroll_factors"": [0, 3], ""range_warp_specializes"": [null, false], ""range_num_stages"": [0, 3], ""range_multi_buffers"": [null, true], ""range_flattens"": [null, true], ""load_eviction_policies"": ["""", ""last"", """"], ""num_warps"": 4, ""num_stages"": 4, ""indexing"": [""tensor_descriptor"", ""pointer"", ""tensor_descriptor"", ""tensor_descriptor""], ""atomic_indexing"": [], ""pid_type"": ""flat""}","{""arg0_ndim"": 4, ""arg0_dim0"": 4, ""arg0_dim1"": 32, ""arg0_dim2"": 12288, ""arg0_dim3"": 128, ""arg0_numel"": 201326592, ""arg0_dtype"": ""torch.float16"", ""arg0_dtype_size"": 2, ""arg0_dtype_cat"": 2, ""arg1_ndim"": 4, ""arg1_dim0"": 4, ""arg1_dim1"": 32, ""arg1_dim2"": 12288, ""arg1_dim3"": 128, ""arg1_numel"": 201326592, ""arg1_dtype"": ""torch.float16"", ""arg1_dtype_size"": 2, ""arg1_dtype_cat"": 2, ""arg2_ndim"": 4, ""arg2_dim0"": 4, ""arg2_dim1"": 32, ""arg2_dim2"": 12288, ""arg2_dim3"": 128, ""arg2_numel"": 201326592, ""arg2_dtype"": ""torch.float16"", ""arg2_dtype_size"": 2, ""arg2_dtype_cat"": 2}",29.65500831604004
attention,d62524bbbc300f6b,0224f42f7e07247a,"{""block_sizes"": [1, 128, 128], ""loop_orders"": [[1, 0]], ""l2_groupings"": [32], ""range_unroll_factors"": [0, 0], ""range_warp_specializes"": [null, null], ""range_num_stages"": [0, 4], ""range_multi_buffers"": [null, null], ""range_flattens"": [null, null], ""load_eviction_policies"": ["""", ""last"", ""last""], ""num_warps"": 4, ""num_stages"": 2, ""indexing"": [""tensor_descriptor"", ""pointer"", ""pointer"", ""pointer""], ""atomic_indexing"": [], ""pid_type"": ""flat""}","{""arg0_ndim"": 4, ""arg0_dim0"": 4, ""arg0_dim1"": 32, ""arg0_dim2"": 12288, ""arg0_dim3"": 128, ""arg0_numel"": 201326592, ""arg0_dtype"": ""torch.float16"", ""arg0_dtype_size"": 2, ""arg0_dtype_cat"": 2, ""arg1_ndim"": 4, ""arg1_dim0"": 4, ""arg1_dim1"": 32, ""arg1_dim2"": 12288, ""arg1_dim3"": 128, ""arg1_numel"": 201326592, ""arg1_dtype"": ""torch.float16"", ""arg1_dtype_size"": 2, ""arg1_dtype_cat"": 2, ""arg2_ndim"": 4, ""arg2_dim0"": 4, ""arg2_dim1"": 32, ""arg2_dim2"": 12288, ""arg2_dim3"": 128, ""arg2_numel"": 201326592, ""arg2_dtype"": ""torch.float16"", ""arg2_dtype_size"": 2, ""arg2_dtype_cat"": 2}",65.53292846679688
attention,d62524bbbc300f6b,a018ad7b08e26b2b,"{""block_sizes"": [1, 128, 128], ""loop_orders"": [[1, 0]], ""l2_groupings"": [1], ""range_unroll_factors"": [0, 4], ""range_warp_specializes"": [null, null], ""range_num_stages"": [2, 4], ""range_multi_buffers"": [false, false], ""range_flattens"": [null, true], ""load_eviction_policies"": [""first"", ""last"", ""last""], ""num_warps"": 4, ""num_stages"": 3, ""indexing"": [""tensor_descriptor"", ""pointer"", ""tensor_descriptor"", ""pointer""], ""atomic_indexing"": [], ""pid_type"": ""persistent_interleaved"", ""num_sm_multiplier"": 128}","{""arg0_ndim"": 4, ""arg0_dim0"": 4, ""arg0_dim1"": 32, ""arg0_dim2"": 12288, ""arg0_dim3"": 128, ""arg0_numel"": 201326592, ""arg0_dtype"": ""torch.float16"", ""arg0_dtype_size"": 2, ""arg0_dtype_cat"": 2, ""arg1_ndim"": 4, ""arg1_dim0"": 4, ""arg1_dim1"": 32, ""arg1_dim2"": 12288, ""arg1_dim3"": 128, ""arg1_numel"": 201326592, ""arg1_dtype"": ""torch.float16"", ""arg1_dtype_size"": 2, ""arg1_dtype_cat"": 2, ""arg2_ndim"": 4, ""arg2_dim0"": 4, ""arg2_dim1"": 32, ""arg2_dim2"": 12288, ""arg2_dim3"": 128, ""arg2_numel"": 201326592, ""arg2_dtype"": ""torch.float16"", ""arg2_dtype_size"": 2, ""arg2_dtype_cat"": 2}",66.11763000488281
attention,d62524bbbc300f6b,34148bc38a442c3b,"{""block_sizes"": [1, 128, 128], ""loop_orders"": [[1, 0]], ""l2_groupings"": [32], ""range_unroll_factors"": [0, 0], ""range_warp_specializes"": [null, null], ""range_num_stages"": [0, 0], ""range_multi_buffers"": [null, true], ""range_flattens"": [null, null], ""load_eviction_policies"": ["""", ""last"", ""first""], ""num_warps"": 4, ""num_stages"": 3, ""indexing"": [""tensor_descriptor"", ""tensor_descriptor"", ""tensor_descriptor"", ""pointer""], ""atomic_indexing"": [], ""pid_type"": ""flat""}","{""arg0_ndim"": 4, ""arg0_dim0"": 4, ""arg0_dim1"": 32, ""arg0_dim2"": 12288, ""arg0_dim3"": 128, ""arg0_numel"": 201326592, ""arg0_dtype"": ""torch.float16"", ""arg0_dtype_size"": 2, ""arg0_dtype_cat"": 2, ""arg1_ndim"": 4, ""arg1_dim0"": 4, ""arg1_dim1"": 32, ""arg1_dim2"": 12288, ""arg1_dim3"": 128, ""arg1_numel"": 201326592, ""arg1_dtype"": ""torch.float16"", ""arg1_dtype_size"": 2, ""arg1_dtype_cat"": 2, ""arg2_ndim"": 4, ""arg2_dim0"": 4, ""arg2_dim1"": 32, ""arg2_dim2"": 12288, ""arg2_dim3"": 128, ""arg2_numel"": 201326592, ""arg2_dtype"": ""torch.float16"", ""arg2_dtype_size"": 2, ""arg2_dtype_cat"": 2}",64.30210876464844
attention,d62524bbbc300f6b,ea987733425e4c1b,"{""block_sizes"": [1, 128, 128], ""loop_orders"": [[0, 1]], ""l2_groupings"": [8], ""range_unroll_factors"": [0, 1], ""range_warp_specializes"": [null, null], ""range_num_stages"": [0, 4], ""range_multi_buffers"": [null, false], ""range_flattens"": [null, false], ""load_eviction_policies"": [""first"", """", ""first""], ""num_warps"": 4, ""num_stages"": 3, ""indexing"": [""tensor_descriptor"", ""tensor_descriptor"", ""pointer"", ""pointer""], ""atomic_indexing"": [], ""pid_type"": ""flat""}","{""arg0_ndim"": 4, ""arg0_dim0"": 4, ""arg0_dim1"": 32, ""arg0_dim2"": 12288, ""arg0_dim3"": 128, ""arg0_numel"": 201326592, ""arg0_dtype"": ""torch.float16"", ""arg0_dtype_size"": 2, ""arg0_dtype_cat"": 2, ""arg1_ndim"": 4, ""arg1_dim0"": 4, ""arg1_dim1"": 32, ""arg1_dim2"": 12288, ""arg1_dim3"": 128, ""arg1_numel"": 201326592, ""arg1_dtype"": ""torch.float16"", ""arg1_dtype_size"": 2, ""arg1_dtype_cat"": 2, ""arg2_ndim"": 4, ""arg2_dim0"": 4, ""arg2_dim1"": 32, ""arg2_dim2"": 12288, ""arg2_dim3"": 128, ""arg2_numel"": 201326592, ""arg2_dtype"": ""torch.float16"", ""arg2_dtype_size"": 2, ""arg2_dtype_cat"": 2}",64.47615814208984
attention,d62524bbbc300f6b,65ab373fc776c2af,"{""block_sizes"": [1, 128, 64], ""loop_orders"": [[0, 1]], ""l2_groupings"": [8], ""range_unroll_factors"": [0, 4], ""range_warp_specializes"": [null, null], ""range_num_stages"": [0, 3], ""range_multi_buffers"": [null, false], ""range_flattens"": [null, false], ""load_eviction_policies"": [""last"", ""first"", ""first""], ""num_warps"": 8, ""num_stages"": 3, ""indexing"": [""pointer"", ""pointer"", ""pointer"", ""tensor_descriptor""], ""atomic_indexing"": [], ""pid_type"": ""flat""}","{""arg0_ndim"": 4, ""arg0_dim0"": 4, ""arg0_dim1"": 32, ""arg0_dim2"": 12288, ""arg0_dim3"": 128, ""arg0_numel"": 201326592, ""arg0_dtype"": ""torch.float16"", ""arg0_dtype_size"": 2, ""arg0_dtype_cat"": 2, ""arg1_ndim"": 4, ""arg1_dim0"": 4, ""arg1_dim1"": 32, ""arg1_dim2"": 12288, ""arg1_dim3"": 128, ""arg1_numel"": 201326592, ""arg1_dtype"": ""torch.float16"", ""arg1_dtype_size"": 2, ""arg1_dtype_cat"": 2, ""arg2_ndim"": 4, ""arg2_dim0"": 4, ""arg2_dim1"": 32, ""arg2_dim2"": 12288, ""arg2_dim3"": 128, ""arg2_numel"": 201326592, ""arg2_dtype"": ""torch.float16"", ""arg2_dtype_size"": 2, ""arg2_dtype_cat"": 2}",19.448351860046387
attention,d62524bbbc300f6b,c94f578925dfd8f9,"{""block_sizes"": [1, 128, 64], ""loop_orders"": [[0, 1]], ""l2_groupings"": [2], ""range_unroll_factors"": [0, 1], ""range_warp_specializes"": [null, null], ""range_num_stages"": [0, 0], ""range_multi_buffers"": [null, true], ""range_flattens"": [null, null], ""load_eviction_policies"": ["""", ""last"", ""first""], ""num_warps"": 8, ""num_stages"": 3, ""indexing"": [""pointer"", ""tensor_descriptor"", ""tensor_descriptor"", ""pointer""], ""atomic_indexing"": [], ""pid_type"": ""flat""}","{""arg0_ndim"": 4, ""arg0_dim0"": 4, ""arg0_dim1"": 32, ""arg0_dim2"": 12288, ""arg0_dim3"": 128, ""arg0_numel"": 201326592, ""arg0_dtype"": ""torch.float16"", ""arg0_dtype_size"": 2, ""arg0_dtype_cat"": 2, ""arg1_ndim"": 4, ""arg1_dim0"": 4, ""arg1_dim1"": 32, ""arg1_dim2"": 12288, ""arg1_dim3"": 128, ""arg1_numel"": 201326592, ""arg1_dtype"": ""torch.float16"", ""arg1_dtype_size"": 2, ""arg1_dtype_cat"": 2, ""arg2_ndim"": 4, ""arg2_dim0"": 4, ""arg2_dim1"": 32, ""arg2_dim2"": 12288, ""arg2_dim3"": 128, ""arg2_numel"": 201326592, ""arg2_dtype"": ""torch.float16"", ""arg2_dtype_size"": 2, ""arg2_dtype_cat"": 2}",19.14523220062256
attention,d62524bbbc300f6b,e90f1fde0aa15d55,"{""block_sizes"": [1, 128, 64], ""loop_orders"": [[0, 1]], ""l2_groupings"": [2], ""range_unroll_factors"": [0, 1], ""range_warp_specializes"": [null, null], ""range_num_stages"": [0, 1], ""range_multi_buffers"": [null, true], ""range_flattens"": [null, false], ""load_eviction_policies"": [""last"", """", ""last""], ""num_warps"": 8, ""num_stages"": 3, ""indexing"": [""pointer"", ""pointer"", ""tensor_descriptor"", ""tensor_descriptor""], ""atomic_indexing"": [], ""pid_type"": ""flat""}","{""arg0_ndim"": 4, ""arg0_dim0"": 4, ""arg0_dim1"": 32, ""arg0_dim2"": 12288, ""arg0_dim3"": 128, ""arg0_numel"": 201326592, ""arg0_dtype"": ""torch.float16"", ""arg0_dtype_size"": 2, ""arg0_dtype_cat"": 2, ""arg1_ndim"": 4, ""arg1_dim0"": 4, ""arg1_dim1"": 32, ""arg1_dim2"": 12288, ""arg1_dim3"": 128, ""arg1_numel"": 201326592, ""arg1_dtype"": ""torch.float16"", ""arg1_dtype_size"": 2, ""arg1_dtype_cat"": 2, ""arg2_ndim"": 4, ""arg2_dim0"": 4, ""arg2_dim1"": 32, ""arg2_dim2"": 12288, ""arg2_dim3"": 128, ""arg2_numel"": 201326592, ""arg2_dtype"": ""torch.float16"", ""arg2_dtype_size"": 2, ""arg2_dtype_cat"": 2}",18.928223609924316
attention,d62524bbbc300f6b,197f70c883e6e5ad,"{""block_sizes"": [1, 128, 64], ""loop_orders"": [[0, 1]], ""l2_groupings"": [2], ""range_unroll_factors"": [0, 0], ""range_warp_specializes"": [null, null], ""range_num_stages"": [0, 0], ""range_multi_buffers"": [null, false], ""range_flattens"": [null, true], ""load_eviction_policies"": [""last"", ""first"", ""first""], ""num_warps"": 4, ""num_stages"": 2, ""indexing"": [""pointer"", ""tensor_descriptor"", ""pointer"", ""tensor_descriptor""], ""atomic_indexing"": [], ""pid_type"": ""flat""}","{""arg0_ndim"": 4, ""arg0_dim0"": 4, ""arg0_dim1"": 32, ""arg0_dim2"": 12288, ""arg0_dim3"": 128, ""arg0_numel"": 201326592, ""arg0_dtype"": ""torch.float16"", ""arg0_dtype_size"": 2, ""arg0_dtype_cat"": 2, ""arg1_ndim"": 4, ""arg1_dim0"": 4, ""arg1_dim1"": 32, ""arg1_dim2"": 12288, ""arg1_dim3"": 128, ""arg1_numel"": 201326592, ""arg1_dtype"": ""torch.float16"", ""arg1_dtype_size"": 2, ""arg1_dtype_cat"": 2, ""arg2_ndim"": 4, ""arg2_dim0"": 4, ""arg2_dim1"": 32, ""arg2_dim2"": 12288, ""arg2_dim3"": 128, ""arg2_numel"": 201326592, ""arg2_dtype"": ""torch.float16"", ""arg2_dtype_size"": 2, ""arg2_dtype_cat"": 2}",19.708864212036133
attention,d62524bbbc300f6b,74c352914e79f5d5,"{""block_sizes"": [1, 128, 64], ""loop_orders"": [[0, 1]], ""l2_groupings"": [2], ""range_unroll_factors"": [0, 2], ""range_warp_specializes"": [null, false], ""range_num_stages"": [0, 0], ""range_multi_buffers"": [null, false], ""range_flattens"": [null, true], ""load_eviction_policies"": [""first"", """", ""first""], ""num_warps"": 8, ""num_stages"": 3, ""indexing"": [""tensor_descriptor"", ""pointer"", ""tensor_descriptor"", ""tensor_descriptor""], ""atomic_indexing"": [], ""pid_type"": ""flat""}","{""arg0_ndim"": 4, ""arg0_dim0"": 4, ""arg0_dim1"": 32, ""arg0_dim2"": 12288, ""arg0_dim3"": 128, ""arg0_numel"": 201326592, ""arg0_dtype"": ""torch.float16"", ""arg0_dtype_size"": 2, ""arg0_dtype_cat"": 2, ""arg1_ndim"": 4, ""arg1_dim0"": 4, ""arg1_dim1"": 32, ""arg1_dim2"": 12288, ""arg1_dim3"": 128, ""arg1_numel"": 201326592, ""arg1_dtype"": ""torch.float16"", ""arg1_dtype_size"": 2, ""arg1_dtype_cat"": 2, ""arg2_ndim"": 4, ""arg2_dim0"": 4, ""arg2_dim1"": 32, ""arg2_dim2"": 12288, ""arg2_dim3"": 128, ""arg2_numel"": 201326592, ""arg2_dtype"": ""torch.float16"", ""arg2_dtype_size"": 2, ""arg2_dtype_cat"": 2}",18.908608436584473
attention,2dae4583f1e20cb4,1424d8a662dc60cf,"{""block_sizes"": [1, 128, 128], ""loop_orders"": [[0, 1]], ""l2_groupings"": [32], ""range_unroll_factors"": [0, 2], ""range_warp_specializes"": [null, false], ""range_num_stages"": [0, 3], ""range_multi_buffers"": [null, false], ""range_flattens"": [null, false], ""load_eviction_policies"": [""first"", ""last"", ""first""], ""num_warps"": 4, ""num_stages"": 3, ""indexing"": [""pointer"", ""pointer"", ""pointer"", ""tensor_descriptor""], ""atomic_indexing"": [], ""pid_type"": ""flat""}","{""arg0_ndim"": 4, ""arg0_dim0"": 4, ""arg0_dim1"": 32, ""arg0_dim2"": 14336, ""arg0_dim3"": 128, ""arg0_numel"": 234881024, ""arg0_dtype"": ""torch.float16"", ""arg0_dtype_size"": 2, ""arg0_dtype_cat"": 2, ""arg1_ndim"": 4, ""arg1_dim0"": 4, ""arg1_dim1"": 32, ""arg1_dim2"": 14336, ""arg1_dim3"": 128, ""arg1_numel"": 234881024, ""arg1_dtype"": ""torch.float16"", ""arg1_dtype_size"": 2, ""arg1_dtype_cat"": 2, ""arg2_ndim"": 4, ""arg2_dim0"": 4, ""arg2_dim1"": 32, ""arg2_dim2"": 14336, ""arg2_dim3"": 128, ""arg2_numel"": 234881024, ""arg2_dtype"": ""torch.float16"", ""arg2_dtype_size"": 2, ""arg2_dtype_cat"": 2}",90.259521484375
attention,2dae4583f1e20cb4,29135c77b970e281,"{""block_sizes"": [1, 128, 128], ""loop_orders"": [[0, 1]], ""l2_groupings"": [32], ""range_unroll_factors"": [0, 4], ""range_warp_specializes"": [null, false], ""range_num_stages"": [0, 4], ""range_multi_buffers"": [null, null], ""range_flattens"": [null, false], ""load_eviction_policies"": [""first"", """", ""first""], ""num_warps"": 4, ""num_stages"": 3, ""indexing"": [""tensor_descriptor"", ""pointer"", ""pointer"", ""tensor_descriptor""], ""atomic_indexing"": [], ""pid_type"": ""flat""}","{""arg0_ndim"": 4, ""arg0_dim0"": 4, ""arg0_dim1"": 32, ""arg0_dim2"": 14336, ""arg0_dim3"": 128, ""arg0_numel"": 234881024, ""arg0_dtype"": ""torch.float16"", ""arg0_dtype_size"": 2, ""arg0_dtype_cat"": 2, ""arg1_ndim"": 4, ""arg1_dim0"": 4, ""arg1_dim1"": 32, ""arg1_dim2"": 14336, ""arg1_dim3"": 128, ""arg1_numel"": 234881024, ""arg1_dtype"": ""torch.float16"", ""arg1_dtype_size"": 2, ""arg1_dtype_cat"": 2, ""arg2_ndim"": 4, ""arg2_dim0"": 4, ""arg2_dim1"": 32, ""arg2_dim2"": 14336, ""arg2_dim3"": 128, ""arg2_numel"": 234881024, ""arg2_dtype"": ""torch.float16"", ""arg2_dtype_size"": 2, ""arg2_dtype_cat"": 2}",90.5962905883789
attention,2dae4583f1e20cb4,71d98cc073b6f9c7,"{""block_sizes"": [1, 128, 128], ""loop_orders"": [[0, 1]], ""l2_groupings"": [32], ""range_unroll_factors"": [0, 0], ""range_warp_specializes"": [null, null], ""range_num_stages"": [0, 2], ""range_multi_buffers"": [null, true], ""range_flattens"": [null, true], ""load_eviction_policies"": [""first"", ""last"", ""first""], ""num_warps"": 4, ""num_stages"": 3, ""indexing"": [""tensor_descriptor"", ""tensor_descriptor"", ""pointer"", ""tensor_descriptor""], ""atomic_indexing"": [], ""pid_type"": ""flat""}","{""arg0_ndim"": 4, ""arg0_dim0"": 4, ""arg0_dim1"": 32, ""arg0_dim2"": 14336, ""arg0_dim3"": 128, ""arg0_numel"": 234881024, ""arg0_dtype"": ""torch.float16"", ""arg0_dtype_size"": 2, ""arg0_dtype_cat"": 2, ""arg1_ndim"": 4, ""arg1_dim0"": 4, ""arg1_dim1"": 32, ""arg1_dim2"": 14336, ""arg1_dim3"": 128, ""arg1_numel"": 234881024, ""arg1_dtype"": ""torch.float16"", ""arg1_dtype_size"": 2, ""arg1_dtype_cat"": 2, ""arg2_ndim"": 4, ""arg2_dim0"": 4, ""arg2_dim1"": 32, ""arg2_dim2"": 14336, ""arg2_dim3"": 128, ""arg2_numel"": 234881024, ""arg2_dtype"": ""torch.float16"", ""arg2_dtype_size"": 2, ""arg2_dtype_cat"": 2}",90.391357421875
attention,2dae4583f1e20cb4,fa0e6212d9dfaba1,"{""block_sizes"": [1, 128, 128], ""loop_orders"": [[1, 0]], ""l2_groupings"": [1], ""range_unroll_factors"": [0, 0], ""range_warp_specializes"": [null, null], ""range_num_stages"": [0, 3], ""range_multi_buffers"": [null, null], ""range_flattens"": [null, true], ""load_eviction_policies"": ["""", ""last"", ""first""], ""num_warps"": 4, ""num_stages"": 3, ""indexing"": [""tensor_descriptor"", ""tensor_descriptor"", ""tensor_descriptor"", ""tensor_descriptor""], ""atomic_indexing"": [], ""pid_type"": ""flat""}","{""arg0_ndim"": 4, ""arg0_dim0"": 4, ""arg0_dim1"": 32, ""arg0_dim2"": 14336, ""arg0_dim3"": 128, ""arg0_numel"": 234881024, ""arg0_dtype"": ""torch.float16"", ""arg0_dtype_size"": 2, ""arg0_dtype_cat"": 2, ""arg1_ndim"": 4, ""arg1_dim0"": 4, ""arg1_dim1"": 32, ""arg1_dim2"": 14336, ""arg1_dim3"": 128, ""arg1_numel"": 234881024, ""arg1_dtype"": ""torch.float16"", ""arg1_dtype_size"": 2, ""arg1_dtype_cat"": 2, ""arg2_ndim"": 4, ""arg2_dim0"": 4, ""arg2_dim1"": 32, ""arg2_dim2"": 14336, ""arg2_dim3"": 128, ""arg2_numel"": 234881024, ""arg2_dtype"": ""torch.float16"", ""arg2_dtype_size"": 2, ""arg2_dtype_cat"": 2}",87.23865509033203
attention,2dae4583f1e20cb4,018f3cbb5fbec2b3,"{""block_sizes"": [1, 128, 128], ""loop_orders"": [[0, 1]], ""l2_groupings"": [32], ""range_unroll_factors"": [0, 4], ""range_warp_specializes"": [null, null], ""range_num_stages"": [0, 2], ""range_multi_buffers"": [null, false], ""range_flattens"": [null, true], ""load_eviction_policies"": ["""", """", ""first""], ""num_warps"": 4, ""num_stages"": 3, ""indexing"": [""pointer"", ""tensor_descriptor"", ""pointer"", ""tensor_descriptor""], ""atomic_indexing"": [], ""pid_type"": ""flat""}","{""arg0_ndim"": 4, ""arg0_dim0"": 4, ""arg0_dim1"": 32, ""arg0_dim2"": 14336, ""arg0_dim3"": 128, ""arg0_numel"": 234881024, ""arg0_dtype"": ""torch.float16"", ""arg0_dtype_size"": 2, ""arg0_dtype_cat"": 2, ""arg1_ndim"": 4, ""arg1_dim0"": 4, ""arg1_dim1"": 32, ""arg1_dim2"": 14336, ""arg1_dim3"": 128, ""arg1_numel"": 234881024, ""arg1_dtype"": ""torch.float16"", ""arg1_dtype_size"": 2, ""arg1_dtype_cat"": 2, ""arg2_ndim"": 4, ""arg2_dim0"": 4, ""arg2_dim1"": 32, ""arg2_dim2"": 14336, ""arg2_dim3"": 128, ""arg2_numel"": 234881024, ""arg2_dtype"": ""torch.float16"", ""arg2_dtype_size"": 2, ""arg2_dtype_cat"": 2}",90.64348602294922
attention,2dae4583f1e20cb4,4412520d00f6fe18,"{""block_sizes"": [1, 128, 64], ""loop_orders"": [[0, 1]], ""l2_groupings"": [16], ""range_unroll_factors"": [1, 0], ""range_warp_specializes"": [null, null], ""range_num_stages"": [0, 3], ""range_multi_buffers"": [true, false], ""range_flattens"": [false, false], ""load_eviction_policies"": ["""", ""last"", ""first""], ""num_warps"": 4, ""num_stages"": 4, ""indexing"": [""pointer"", ""pointer"", ""pointer"", ""pointer""], ""atomic_indexing"": [], ""pid_type"": ""persistent_interleaved"", ""num_sm_multiplier"": 2}","{""arg0_ndim"": 4, ""arg0_dim0"": 4, ""arg0_dim1"": 32, ""arg0_dim2"": 14336, ""arg0_dim3"": 128, ""arg0_numel"": 234881024, ""arg0_dtype"": ""torch.float16"", ""arg0_dtype_size"": 2, ""arg0_dtype_cat"": 2, ""arg1_ndim"": 4, ""arg1_dim0"": 4, ""arg1_dim1"": 32, ""arg1_dim2"": 14336, ""arg1_dim3"": 128, ""arg1_numel"": 234881024, ""arg1_dtype"": ""torch.float16"", ""arg1_dtype_size"": 2, ""arg1_dtype_cat"": 2, ""arg2_ndim"": 4, ""arg2_dim0"": 4, ""arg2_dim1"": 32, ""arg2_dim2"": 14336, ""arg2_dim3"": 128, ""arg2_numel"": 234881024, ""arg2_dtype"": ""torch.float16"", ""arg2_dtype_size"": 2, ""arg2_dtype_cat"": 2}",25.997343063354492
attention,2dae4583f1e20cb4,8b544d6ab595df36,"{""block_sizes"": [1, 128, 64], ""loop_orders"": [[1, 0]], ""l2_groupings"": [8], ""range_unroll_factors"": [0, 3], ""range_warp_specializes"": [null, null], ""range_num_stages"": [0, 3], ""range_multi_buffers"": [null, true], ""range_flattens"": [null, true], ""load_eviction_policies"": ["""", ""first"", ""last""], ""num_warps"": 8, ""num_stages"": 3, ""indexing"": [""pointer"", ""pointer"", ""tensor_descriptor"", ""pointer""], ""atomic_indexing"": [], ""pid_type"": ""flat""}","{""arg0_ndim"": 4, ""arg0_dim0"": 4, ""arg0_dim1"": 32, ""arg0_dim2"": 14336, ""arg0_dim3"": 128, ""arg0_numel"": 234881024, ""arg0_dtype"": ""torch.float16"", ""arg0_dtype_size"": 2, ""arg0_dtype_cat"": 2, ""arg1_ndim"": 4, ""arg1_dim0"": 4, ""arg1_dim1"": 32, ""arg1_dim2"": 14336, ""arg1_dim3"": 128, ""arg1_numel"": 234881024, ""arg1_dtype"": ""torch.float16"", ""arg1_dtype_size"": 2, ""arg1_dtype_cat"": 2, ""arg2_ndim"": 4, ""arg2_dim0"": 4, ""arg2_dim1"": 32, ""arg2_dim2"": 14336, ""arg2_dim3"": 128, ""arg2_numel"": 234881024, ""arg2_dtype"": ""torch.float16"", ""arg2_dtype_size"": 2, ""arg2_dtype_cat"": 2}",27.11859130859375
attention,2dae4583f1e20cb4,f1dda601fe248341,"{""block_sizes"": [1, 128, 64], ""loop_orders"": [[1, 0]], ""l2_groupings"": [1], ""range_unroll_factors"": [0, 4], ""range_warp_specializes"": [null, false], ""range_num_stages"": [0, 4], ""range_multi_buffers"": [null, null], ""range_flattens"": [null, null], ""load_eviction_policies"": [""first"", """", """"], ""num_warps"": 4, ""num_stages"": 3, ""indexing"": [""tensor_descriptor"", ""pointer"", ""tensor_descriptor"", ""tensor_descriptor""], ""atomic_indexing"": [], ""pid_type"": ""flat""}","{""arg0_ndim"": 4, ""arg0_dim0"": 4, ""arg0_dim1"": 32, ""arg0_dim2"": 14336, ""arg0_dim3"": 128, ""arg0_numel"": 234881024, ""arg0_dtype"": ""torch.float16"", ""arg0_dtype_size"": 2, ""arg0_dtype_cat"": 2, ""arg1_ndim"": 4, ""arg1_dim0"": 4, ""arg1_dim1"": 32, ""arg1_dim2"": 14336, ""arg1_dim3"": 128, ""arg1_numel"": 234881024, ""arg1_dtype"": ""torch.float16"", ""arg1_dtype_size"": 2, ""arg1_dtype_cat"": 2, ""arg2_ndim"": 4, ""arg2_dim0"": 4, ""arg2_dim1"": 32, ""arg2_dim2"": 14336, ""arg2_dim3"": 128, ""arg2_numel"": 234881024, ""arg2_dtype"": ""torch.float16"", ""arg2_dtype_size"": 2, ""arg2_dtype_cat"": 2}",26.444992065429688
attention,2dae4583f1e20cb4,3265e0895ba56199,"{""block_sizes"": [1, 128, 64], ""loop_orders"": [[1, 0]], ""l2_groupings"": [8], ""range_unroll_factors"": [0, 1], ""range_warp_specializes"": [null, false], ""range_num_stages"": [0, 2], ""range_multi_buffers"": [null, null], ""range_flattens"": [null, true], ""load_eviction_policies"": ["""", """", ""first""], ""num_warps"": 8, ""num_stages"": 3, ""indexing"": [""tensor_descriptor"", ""tensor_descriptor"", ""pointer"", ""tensor_descriptor""], ""atomic_indexing"": [], ""pid_type"": ""flat""}","{""arg0_ndim"": 4, ""arg0_dim0"": 4, ""arg0_dim1"": 32, ""arg0_dim2"": 14336, ""arg0_dim3"": 128, ""arg0_numel"": 234881024, ""arg0_dtype"": ""torch.float16"", ""arg0_dtype_size"": 2, ""arg0_dtype_cat"": 2, ""arg1_ndim"": 4, ""arg1_dim0"": 4, ""arg1_dim1"": 32, ""arg1_dim2"": 14336, ""arg1_dim3"": 128, ""arg1_numel"": 234881024, ""arg1_dtype"": ""torch.float16"", ""arg1_dtype_size"": 2, ""arg1_dtype_cat"": 2, ""arg2_ndim"": 4, ""arg2_dim0"": 4, ""arg2_dim1"": 32, ""arg2_dim2"": 14336, ""arg2_dim3"": 128, ""arg2_numel"": 234881024, ""arg2_dtype"": ""torch.float16"", ""arg2_dtype_size"": 2, ""arg2_dtype_cat"": 2}",26.661888122558594
attention,2dae4583f1e20cb4,18cd65d1f263c609,"{""block_sizes"": [1, 128, 64], ""loop_orders"": [[1, 0]], ""l2_groupings"": [8], ""range_unroll_factors"": [0, 4], ""range_warp_specializes"": [null, null], ""range_num_stages"": [0, 3], ""range_multi_buffers"": [null, true], ""range_flattens"": [null, true], ""load_eviction_policies"": [""first"", ""first"", ""last""], ""num_warps"": 8, ""num_stages"": 3, ""indexing"": [""tensor_descriptor"", ""pointer"", ""tensor_descriptor"", ""pointer""], ""atomic_indexing"": [], ""pid_type"": ""flat""}","{""arg0_ndim"": 4, ""arg0_dim0"": 4, ""arg0_dim1"": 32, ""arg0_dim2"": 14336, ""arg0_dim3"": 128, ""arg0_numel"": 234881024, ""arg0_dtype"": ""torch.float16"", ""arg0_dtype_size"": 2, ""arg0_dtype_cat"": 2, ""arg1_ndim"": 4, ""arg1_dim0"": 4, ""arg1_dim1"": 32, ""arg1_dim2"": 14336, ""arg1_dim3"": 128, ""arg1_numel"": 234881024, ""arg1_dtype"": ""torch.float16"", ""arg1_dtype_size"": 2, ""arg1_dtype_cat"": 2, ""arg2_ndim"": 4, ""arg2_dim0"": 4, ""arg2_dim1"": 32, ""arg2_dim2"": 14336, ""arg2_dim3"": 128, ""arg2_numel"": 234881024, ""arg2_dtype"": ""torch.float16"", ""arg2_dtype_size"": 2, ""arg2_dtype_cat"": 2}",26.774560928344727
attention,2dae4583f1e20cb4,b62e9711edcad914,"{""block_sizes"": [1, 128, 64], ""loop_orders"": [[0, 1]], ""l2_groupings"": [1], ""range_unroll_factors"": [0, 3], ""range_warp_specializes"": [null, false], ""range_num_stages"": [0, 3], ""range_multi_buffers"": [null, true], ""range_flattens"": [null, true], ""load_eviction_policies"": ["""", ""last"", """"], ""num_warps"": 4, ""num_stages"": 4, ""indexing"": [""tensor_descriptor"", ""pointer"", ""tensor_descriptor"", ""tensor_descriptor""], ""atomic_indexing"": [], ""pid_type"": ""flat""}","{""arg0_ndim"": 4, ""arg0_dim0"": 4, ""arg0_dim1"": 32, ""arg0_dim2"": 14336, ""arg0_dim3"": 128, ""arg0_numel"": 234881024, ""arg0_dtype"": ""torch.float16"", ""arg0_dtype_size"": 2, ""arg0_dtype_cat"": 2, ""arg1_ndim"": 4, ""arg1_dim0"": 4, ""arg1_dim1"": 32, ""arg1_dim2"": 14336, ""arg1_dim3"": 128, ""arg1_numel"": 234881024, ""arg1_dtype"": ""torch.float16"", ""arg1_dtype_size"": 2, ""arg1_dtype_cat"": 2, ""arg2_ndim"": 4, ""arg2_dim0"": 4, ""arg2_dim1"": 32, ""arg2_dim2"": 14336, ""arg2_dim3"": 128, ""arg2_numel"": 234881024, ""arg2_dtype"": ""torch.float16"", ""arg2_dtype_size"": 2, ""arg2_dtype_cat"": 2}",40.29747009277344
attention,2dae4583f1e20cb4,0224f42f7e07247a,"{""block_sizes"": [1, 128, 128], ""loop_orders"": [[1, 0]], ""l2_groupings"": [32], ""range_unroll_factors"": [0, 0], ""range_warp_specializes"": [null, null], ""range_num_stages"": [0, 4], ""range_multi_buffers"": [null, null], ""range_flattens"": [null, null], ""load_eviction_policies"": ["""", ""last"", ""last""], ""num_warps"": 4, ""num_stages"": 2, ""indexing"": [""tensor_descriptor"", ""pointer"", ""pointer"", ""pointer""], ""atomic_indexing"": [], ""pid_type"": ""flat""}","{""arg0_ndim"": 4, ""arg0_dim0"": 4, ""arg0_dim1"": 32, ""arg0_dim2"": 14336, ""arg0_dim3"": 128, ""arg0_numel"": 234881024, ""arg0_dtype"": ""torch.float16"", ""arg0_dtype_size"": 2, ""arg0_dtype_cat"": 2, ""arg1_ndim"": 4, ""arg1_dim0"": 4, ""arg1_dim1"": 32, ""arg1_dim2"": 14336, ""arg1_dim3"": 128, ""arg1_numel"": 234881024, ""arg1_dtype"": ""torch.float16"", ""arg1_dtype_size"": 2, ""arg1_dtype_cat"": 2, ""arg2_ndim"": 4, ""arg2_dim0"": 4, ""arg2_dim1"": 32, ""arg2_dim2"": 14336, ""arg2_dim3"": 128, ""arg2_numel"": 234881024, ""arg2_dtype"": ""torch.float16"", ""arg2_dtype_size"": 2, ""arg2_dtype_cat"": 2}",89.05948638916016
attention,2dae4583f1e20cb4,a018ad7b08e26b2b,"{""block_sizes"": [1, 128, 128], ""loop_orders"": [[1, 0]], ""l2_groupings"": [1], ""range_unroll_factors"": [0, 4], ""range_warp_specializes"": [null, null], ""range_num_stages"": [2, 4], ""range_multi_buffers"": [false, false], ""range_flattens"": [null, true], ""load_eviction_policies"": [""first"", ""last"", ""last""], ""num_warps"": 4, ""num_stages"": 3, ""indexing"": [""tensor_descriptor"", ""pointer"", ""tensor_descriptor"", ""pointer""], ""atomic_indexing"": [], ""pid_type"": ""persistent_interleaved"", ""num_sm_multiplier"": 128}","{""arg0_ndim"": 4, ""arg0_dim0"": 4, ""arg0_dim1"": 32, ""arg0_dim2"": 14336, ""arg0_dim3"": 128, ""arg0_numel"": 234881024, ""arg0_dtype"": ""torch.float16"", ""arg0_dtype_size"": 2, ""arg0_dtype_cat"": 2, ""arg1_ndim"": 4, ""arg1_dim0"": 4, ""arg1_dim1"": 32, ""arg1_dim2"": 14336, ""arg1_dim3"": 128, ""arg1_numel"": 234881024, ""arg1_dtype"": ""torch.float16"", ""arg1_dtype_size"": 2, ""arg1_dtype_cat"": 2, ""arg2_ndim"": 4, ""arg2_dim0"": 4, ""arg2_dim1"": 32, ""arg2_dim2"": 14336, ""arg2_dim3"": 128, ""arg2_numel"": 234881024, ""arg2_dtype"": ""torch.float16"", ""arg2_dtype_size"": 2, ""arg2_dtype_cat"": 2}",89.82633972167969
attention,2dae4583f1e20cb4,34148bc38a442c3b,"{""block_sizes"": [1, 128, 128], ""loop_orders"": [[1, 0]], ""l2_groupings"": [32], ""range_unroll_factors"": [0, 0], ""range_warp_specializes"": [null, null], ""range_num_stages"": [0, 0], ""range_multi_buffers"": [null, true], ""range_flattens"": [null, null], ""load_eviction_policies"": ["""", ""last"", ""first""], ""num_warps"": 4, ""num_stages"": 3, ""indexing"": [""tensor_descriptor"", ""tensor_descriptor"", ""tensor_descriptor"", ""pointer""], ""atomic_indexing"": [], ""pid_type"": ""flat""}","{""arg0_ndim"": 4, ""arg0_dim0"": 4, ""arg0_dim1"": 32, ""arg0_dim2"": 14336, ""arg0_dim3"": 128, ""arg0_numel"": 234881024, ""arg0_dtype"": ""torch.float16"", ""arg0_dtype_size"": 2, ""arg0_dtype_cat"": 2, ""arg1_ndim"": 4, ""arg1_dim0"": 4, ""arg1_dim1"": 32, ""arg1_dim2"": 14336, ""arg1_dim3"": 128, ""arg1_numel"": 234881024, ""arg1_dtype"": ""torch.float16"", ""arg1_dtype_size"": 2, ""arg1_dtype_cat"": 2, ""arg2_ndim"": 4, ""arg2_dim0"": 4, ""arg2_dim1"": 32, ""arg2_dim2"": 14336, ""arg2_dim3"": 128, ""arg2_numel"": 234881024, ""arg2_dtype"": ""torch.float16"", ""arg2_dtype_size"": 2, ""arg2_dtype_cat"": 2}",87.43116760253906
attention,2dae4583f1e20cb4,ea987733425e4c1b,"{""block_sizes"": [1, 128, 128], ""loop_orders"": [[0, 1]], ""l2_groupings"": [8], ""range_unroll_factors"": [0, 1], ""range_warp_specializes"": [null, null], ""range_num_stages"": [0, 4], ""range_multi_buffers"": [null, false], ""range_flattens"": [null, false], ""load_eviction_policies"": [""first"", """", ""first""], ""num_warps"": 4, ""num_stages"": 3, ""indexing"": [""tensor_descriptor"", ""tensor_descriptor"", ""pointer"", ""pointer""], ""atomic_indexing"": [], ""pid_type"": ""flat""}","{""arg0_ndim"": 4, ""arg0_dim0"": 4, ""arg0_dim1"": 32, ""arg0_dim2"": 14336, ""arg0_dim3"": 128, ""arg0_numel"": 234881024, ""arg0_dtype"": ""torch.float16"", ""arg0_dtype_size"": 2, ""arg0_dtype_cat"": 2, ""arg1_ndim"": 4, ""arg1_dim0"": 4, ""arg1_dim1"": 32, ""arg1_dim2"": 14336, ""arg1_dim3"": 128, ""arg1_numel"": 234881024, ""arg1_dtype"": ""torch.float16"", ""arg1_dtype_size"": 2, ""arg1_dtype_cat"": 2, ""arg2_ndim"": 4, ""arg2_dim0"": 4, ""arg2_dim1"": 32, ""arg2_dim2"": 14336, ""arg2_dim3"": 128, ""arg2_numel"": 234881024, ""arg2_dtype"": ""torch.float16"", ""arg2_dtype_size"": 2, ""arg2_dtype_cat"": 2}",87.95340728759766
attention,2dae4583f1e20cb4,65ab373fc776c2af,"{""block_sizes"": [1, 128, 64], ""loop_orders"": [[0, 1]], ""l2_groupings"": [8], ""range_unroll_factors"": [0, 4], ""range_warp_specializes"": [null, null], ""range_num_stages"": [0, 3], ""range_multi_buffers"": [null, false], ""range_flattens"": [null, false], ""load_eviction_policies"": [""last"", ""first"", ""first""], ""num_warps"": 8, ""num_stages"": 3, ""indexing"": [""pointer"", ""pointer"", ""pointer"", ""tensor_descriptor""], ""atomic_indexing"": [], ""pid_type"": ""flat""}","{""arg0_ndim"": 4, ""arg0_dim0"": 4, ""arg0_dim1"": 32, ""arg0_dim2"": 14336, ""arg0_dim3"": 128, ""arg0_numel"": 234881024, ""arg0_dtype"": ""torch.float16"", ""arg0_dtype_size"": 2, ""arg0_dtype_cat"": 2, ""arg1_ndim"": 4, ""arg1_dim0"": 4, ""arg1_dim1"": 32, ""arg1_dim2"": 14336, ""arg1_dim3"": 128, ""arg1_numel"": 234881024, ""arg1_dtype"": ""torch.float16"", ""arg1_dtype_size"": 2, ""arg1_dtype_cat"": 2, ""arg2_ndim"": 4, ""arg2_dim0"": 4, ""arg2_dim1"": 32, ""arg2_dim2"": 14336, ""arg2_dim3"": 128, ""arg2_numel"": 234881024, ""arg2_dtype"": ""torch.float16"", ""arg2_dtype_size"": 2, ""arg2_dtype_cat"": 2}",26.098783493041992
attention,2dae4583f1e20cb4,c94f578925dfd8f9,"{""block_sizes"": [1, 128, 64], ""loop_orders"": [[0, 1]], ""l2_groupings"": [2], ""range_unroll_factors"": [0, 1], ""range_warp_specializes"": [null, null], ""range_num_stages"": [0, 0], ""range_multi_buffers"": [null, true], ""range_flattens"": [null, null], ""load_eviction_policies"": ["""", ""last"", ""first""], ""num_warps"": 8, ""num_stages"": 3, ""indexing"": [""pointer"", ""tensor_descriptor"", ""tensor_descriptor"", ""pointer""], ""atomic_indexing"": [], ""pid_type"": ""flat""}","{""arg0_ndim"": 4, ""arg0_dim0"": 4, ""arg0_dim1"": 32, ""arg0_dim2"": 14336, ""arg0_dim3"": 128, ""arg0_numel"": 234881024, ""arg0_dtype"": ""torch.float16"", ""arg0_dtype_size"": 2, ""arg0_dtype_cat"": 2, ""arg1_ndim"": 4, ""arg1_dim0"": 4, ""arg1_dim1"": 32, ""arg1_dim2"": 14336, ""arg1_dim3"": 128, ""arg1_numel"": 234881024, ""arg1_dtype"": ""torch.float16"", ""arg1_dtype_size"": 2, ""arg1_dtype_cat"": 2, ""arg2_ndim"": 4, ""arg2_dim0"": 4, ""arg2_dim1"": 32, ""arg2_dim2"": 14336, ""arg2_dim3"": 128, ""arg2_numel"": 234881024, ""arg2_dtype"": ""torch.float16"", ""arg2_dtype_size"": 2, ""arg2_dtype_cat"": 2}",25.857535362243652
attention,2dae4583f1e20cb4,e90f1fde0aa15d55,"{""block_sizes"": [1, 128, 64], ""loop_orders"": [[0, 1]], ""l2_groupings"": [2], ""range_unroll_factors"": [0, 1], ""range_warp_specializes"": [null, null], ""range_num_stages"": [0, 1], ""range_multi_buffers"": [null, true], ""range_flattens"": [null, false], ""load_eviction_policies"": [""last"", """", ""last""], ""num_warps"": 8, ""num_stages"": 3, ""indexing"": [""pointer"", ""pointer"", ""tensor_descriptor"", ""tensor_descriptor""], ""atomic_indexing"": [], ""pid_type"": ""flat""}","{""arg0_ndim"": 4, ""arg0_dim0"": 4, ""arg0_dim1"": 32, ""arg0_dim2"": 14336, ""arg0_dim3"": 128, ""arg0_numel"": 234881024, ""arg0_dtype"": ""torch.float16"", ""arg0_dtype_size"": 2, ""arg0_dtype_cat"": 2, ""arg1_ndim"": 4, ""arg1_dim0"": 4, ""arg1_dim1"": 32, ""arg1_dim2"": 14336, ""arg1_dim3"": 128, ""arg1_numel"": 234881024, ""arg1_dtype"": ""torch.float16"", ""arg1_dtype_size"": 2, ""arg1_dtype_cat"": 2, ""arg2_ndim"": 4, ""arg2_dim0"": 4, ""arg2_dim1"": 32, ""arg2_dim2"": 14336, ""arg2_dim3"": 128, ""arg2_numel"": 234881024, ""arg2_dtype"": ""torch.float16"", ""arg2_dtype_size"": 2, ""arg2_dtype_cat"": 2}",25.579039573669434
attention,2dae4583f1e20cb4,197f70c883e6e5ad,"{""block_sizes"": [1, 128, 64], ""loop_orders"": [[0, 1]], ""l2_groupings"": [2], ""range_unroll_factors"": [0, 0], ""range_warp_specializes"": [null, null], ""range_num_stages"": [0, 0], ""range_multi_buffers"": [null, false], ""range_flattens"": [null, true], ""load_eviction_policies"": [""last"", ""first"", ""first""], ""num_warps"": 4, ""num_stages"": 2, ""indexing"": [""pointer"", ""tensor_descriptor"", ""pointer"", ""tensor_descriptor""], ""atomic_indexing"": [], ""pid_type"": ""flat""}","{""arg0_ndim"": 4, ""arg0_dim0"": 4, ""arg0_dim1"": 32, ""arg0_dim2"": 14336, ""arg0_dim3"": 128, ""arg0_numel"": 234881024, ""arg0_dtype"": ""torch.float16"", ""arg0_dtype_size"": 2, ""arg0_dtype_cat"": 2, ""arg1_ndim"": 4, ""arg1_dim0"": 4, ""arg1_dim1"": 32, ""arg1_dim2"": 14336, ""arg1_dim3"": 128, ""arg1_numel"": 234881024, ""arg1_dtype"": ""torch.float16"", ""arg1_dtype_size"": 2, ""arg1_dtype_cat"": 2, ""arg2_ndim"": 4, ""arg2_dim0"": 4, ""arg2_dim1"": 32, ""arg2_dim2"": 14336, ""arg2_dim3"": 128, ""arg2_numel"": 234881024, ""arg2_dtype"": ""torch.float16"", ""arg2_dtype_size"": 2, ""arg2_dtype_cat"": 2}",26.782751083374023
attention,2dae4583f1e20cb4,74c352914e79f5d5,"{""block_sizes"": [1, 128, 64], ""loop_orders"": [[0, 1]], ""l2_groupings"": [2], ""range_unroll_factors"": [0, 2], ""range_warp_specializes"": [null, false], ""range_num_stages"": [0, 0], ""range_multi_buffers"": [null, false], ""range_flattens"": [null, true], ""load_eviction_policies"": [""first"", """", ""first""], ""num_warps"": 8, ""num_stages"": 3, ""indexing"": [""tensor_descriptor"", ""pointer"", ""tensor_descriptor"", ""tensor_descriptor""], ""atomic_indexing"": [], ""pid_type"": ""flat""}","{""arg0_ndim"": 4, ""arg0_dim0"": 4, ""arg0_dim1"": 32, ""arg0_dim2"": 14336, ""arg0_dim3"": 128, ""arg0_numel"": 234881024, ""arg0_dtype"": ""torch.float16"", ""arg0_dtype_size"": 2, ""arg0_dtype_cat"": 2, ""arg1_ndim"": 4, ""arg1_dim0"": 4, ""arg1_dim1"": 32, ""arg1_dim2"": 14336, ""arg1_dim3"": 128, ""arg1_numel"": 234881024, ""arg1_dtype"": ""torch.float16"", ""arg1_dtype_size"": 2, ""arg1_dtype_cat"": 2, ""arg2_ndim"": 4, ""arg2_dim0"": 4, ""arg2_dim1"": 32, ""arg2_dim2"": 14336, ""arg2_dim3"": 128, ""arg2_numel"": 234881024, ""arg2_dtype"": ""torch.float16"", ""arg2_dtype_size"": 2, ""arg2_dtype_cat"": 2}",25.56161594390869
