kernel_name,shape_hash,config_hash,config,shape_features,timing_ms
rms_norm,ed4b00dd3a282581,24745e38d713c198,"{""block_sizes"": [2], ""reduction_loops"": [null], ""range_unroll_factors"": [0], ""range_warp_specializes"": [null], ""range_num_stages"": [0], ""range_multi_buffers"": [null], ""range_flattens"": [null], ""load_eviction_policies"": [""last"", ""first"", ""first"", """", """"], ""num_warps"": 4, ""num_stages"": 6, ""indexing"": [""pointer"", ""pointer"", ""pointer"", ""tensor_descriptor"", ""tensor_descriptor"", ""pointer"", ""pointer""], ""atomic_indexing"": [], ""pid_type"": ""flat""}","{""arg0_ndim"": 2, ""arg0_dim0"": 2048, ""arg0_dim1"": 1024, ""arg0_numel"": 2097152, ""arg0_dtype"": ""torch.bfloat16"", ""arg0_dtype_size"": 2, ""arg0_dtype_cat"": 2, ""arg1_ndim"": 1, ""arg1_dim0"": 1024, ""arg1_numel"": 1024, ""arg1_dtype"": ""torch.bfloat16"", ""arg1_dtype_size"": 2, ""arg1_dtype_cat"": 2}",0.008191999979317188
rms_norm,ed4b00dd3a282581,180c35ef192d14f2,"{""block_sizes"": [2], ""reduction_loops"": [null], ""range_unroll_factors"": [0], ""range_warp_specializes"": [null], ""range_num_stages"": [0], ""range_multi_buffers"": [null], ""range_flattens"": [null], ""load_eviction_policies"": ["""", """", ""last"", """", """"], ""num_warps"": 1, ""num_stages"": 2, ""indexing"": [""pointer"", ""pointer"", ""pointer"", ""pointer"", ""pointer"", ""pointer"", ""pointer""], ""atomic_indexing"": [], ""pid_type"": ""flat""}","{""arg0_ndim"": 2, ""arg0_dim0"": 2048, ""arg0_dim1"": 1024, ""arg0_numel"": 2097152, ""arg0_dtype"": ""torch.bfloat16"", ""arg0_dtype_size"": 2, ""arg0_dtype_cat"": 2, ""arg1_ndim"": 1, ""arg1_dim0"": 1024, ""arg1_numel"": 1024, ""arg1_dtype"": ""torch.bfloat16"", ""arg1_dtype_size"": 2, ""arg1_dtype_cat"": 2}",0.008191999979317188
rms_norm,ed4b00dd3a282581,7bfccb3790afd320,"{""block_sizes"": [2], ""reduction_loops"": [2048], ""range_unroll_factors"": [0], ""range_warp_specializes"": [null], ""range_num_stages"": [0], ""range_multi_buffers"": [null], ""range_flattens"": [null], ""load_eviction_policies"": [""last"", """", ""last"", """", """"], ""num_warps"": 8, ""num_stages"": 1, ""indexing"": [""pointer"", ""pointer"", ""pointer"", ""tensor_descriptor"", ""pointer"", ""tensor_descriptor"", ""tensor_descriptor""], ""atomic_indexing"": [], ""pid_type"": ""flat""}","{""arg0_ndim"": 2, ""arg0_dim0"": 2048, ""arg0_dim1"": 1024, ""arg0_numel"": 2097152, ""arg0_dtype"": ""torch.bfloat16"", ""arg0_dtype_size"": 2, ""arg0_dtype_cat"": 2, ""arg1_ndim"": 1, ""arg1_dim0"": 1024, ""arg1_numel"": 1024, ""arg1_dtype"": ""torch.bfloat16"", ""arg1_dtype_size"": 2, ""arg1_dtype_cat"": 2}",0.008191999979317188
rms_norm,ed4b00dd3a282581,b700865abbecc460,"{""block_sizes"": [1], ""reduction_loops"": [null], ""range_unroll_factors"": [0], ""range_warp_specializes"": [null], ""range_num_stages"": [0], ""range_multi_buffers"": [null], ""range_flattens"": [null], ""load_eviction_policies"": [""first"", """", ""last"", ""last"", """"], ""num_warps"": 16, ""num_stages"": 1, ""indexing"": [""tensor_descriptor"", ""tensor_descriptor"", ""pointer"", ""tensor_descriptor"", ""tensor_descriptor"", ""pointer"", ""tensor_descriptor""], ""atomic_indexing"": [], ""pid_type"": ""flat""}","{""arg0_ndim"": 2, ""arg0_dim0"": 2048, ""arg0_dim1"": 1024, ""arg0_numel"": 2097152, ""arg0_dtype"": ""torch.bfloat16"", ""arg0_dtype_size"": 2, ""arg0_dtype_cat"": 2, ""arg1_ndim"": 1, ""arg1_dim0"": 1024, ""arg1_numel"": 1024, ""arg1_dtype"": ""torch.bfloat16"", ""arg1_dtype_size"": 2, ""arg1_dtype_cat"": 2}",0.010239999741315842
rms_norm,ed4b00dd3a282581,73a4bcfe84591dcd,"{""block_sizes"": [1], ""reduction_loops"": [8192], ""range_unroll_factors"": [0], ""range_warp_specializes"": [null], ""range_num_stages"": [0], ""range_multi_buffers"": [null], ""range_flattens"": [null], ""load_eviction_policies"": ["""", """", """", """", """"], ""num_warps"": 8, ""num_stages"": 4, ""indexing"": [""pointer"", ""pointer"", ""tensor_descriptor"", ""pointer"", ""pointer"", ""tensor_descriptor"", ""tensor_descriptor""], ""atomic_indexing"": [], ""pid_type"": ""flat""}","{""arg0_ndim"": 2, ""arg0_dim0"": 2048, ""arg0_dim1"": 1024, ""arg0_numel"": 2097152, ""arg0_dtype"": ""torch.bfloat16"", ""arg0_dtype_size"": 2, ""arg0_dtype_cat"": 2, ""arg1_ndim"": 1, ""arg1_dim0"": 1024, ""arg1_numel"": 1024, ""arg1_dtype"": ""torch.bfloat16"", ""arg1_dtype_size"": 2, ""arg1_dtype_cat"": 2}",0.014336000196635723
rms_norm,ed4b00dd3a282581,6d53c3602b79725b,"{""block_sizes"": [1], ""reduction_loops"": [8192], ""range_unroll_factors"": [0], ""range_warp_specializes"": [null], ""range_num_stages"": [0], ""range_multi_buffers"": [null], ""range_flattens"": [null], ""load_eviction_policies"": ["""", ""first"", ""last"", """", """"], ""num_warps"": 8, ""num_stages"": 3, ""indexing"": [""pointer"", ""tensor_descriptor"", ""pointer"", ""pointer"", ""pointer"", ""tensor_descriptor"", ""pointer""], ""atomic_indexing"": [], ""pid_type"": ""flat""}","{""arg0_ndim"": 2, ""arg0_dim0"": 2048, ""arg0_dim1"": 1024, ""arg0_numel"": 2097152, ""arg0_dtype"": ""torch.bfloat16"", ""arg0_dtype_size"": 2, ""arg0_dtype_cat"": 2, ""arg1_ndim"": 1, ""arg1_dim0"": 1024, ""arg1_numel"": 1024, ""arg1_dtype"": ""torch.bfloat16"", ""arg1_dtype_size"": 2, ""arg1_dtype_cat"": 2}",0.014336000196635723
rms_norm,ed4b00dd3a282581,ce65586612391f94,"{""block_sizes"": [32], ""reduction_loops"": [null], ""range_unroll_factors"": [0], ""range_warp_specializes"": [null], ""range_num_stages"": [0], ""range_multi_buffers"": [null], ""range_flattens"": [null], ""load_eviction_policies"": ["""", """", """", """", """"], ""num_warps"": 4, ""num_stages"": 1, ""indexing"": [""pointer"", ""pointer"", ""pointer"", ""pointer"", ""pointer"", ""pointer"", ""pointer""], ""atomic_indexing"": [], ""pid_type"": ""flat""}","{""arg0_ndim"": 2, ""arg0_dim0"": 2048, ""arg0_dim1"": 1024, ""arg0_numel"": 2097152, ""arg0_dtype"": ""torch.bfloat16"", ""arg0_dtype_size"": 2, ""arg0_dtype_cat"": 2, ""arg1_ndim"": 1, ""arg1_dim0"": 1024, ""arg1_numel"": 1024, ""arg1_dtype"": ""torch.bfloat16"", ""arg1_dtype_size"": 2, ""arg1_dtype_cat"": 2}",0.01228800043463707
rms_norm,ed4b00dd3a282581,fa68d1735ed55be8,"{""block_sizes"": [16], ""reduction_loops"": [null], ""range_unroll_factors"": [1], ""range_warp_specializes"": [null], ""range_num_stages"": [2], ""range_multi_buffers"": [null], ""range_flattens"": [null], ""load_eviction_policies"": [""first"", ""last"", ""last"", """", ""last""], ""num_warps"": 16, ""num_stages"": 8, ""indexing"": [""tensor_descriptor"", ""pointer"", ""tensor_descriptor"", ""pointer"", ""pointer"", ""pointer"", ""pointer""], ""atomic_indexing"": [], ""pid_type"": ""persistent_interleaved"", ""num_sm_multiplier"": 1}","{""arg0_ndim"": 2, ""arg0_dim0"": 2048, ""arg0_dim1"": 1024, ""arg0_numel"": 2097152, ""arg0_dtype"": ""torch.bfloat16"", ""arg0_dtype_size"": 2, ""arg0_dtype_cat"": 2, ""arg1_ndim"": 1, ""arg1_dim0"": 1024, ""arg1_numel"": 1024, ""arg1_dtype"": ""torch.bfloat16"", ""arg1_dtype_size"": 2, ""arg1_dtype_cat"": 2}",0.008191999979317188
rms_norm,ed4b00dd3a282581,1979210a312b6290,"{""block_sizes"": [16], ""reduction_loops"": [256], ""range_unroll_factors"": [0], ""range_warp_specializes"": [null], ""range_num_stages"": [0], ""range_multi_buffers"": [null], ""range_flattens"": [null], ""load_eviction_policies"": [""first"", """", ""last"", ""last"", """"], ""num_warps"": 16, ""num_stages"": 4, ""indexing"": [""tensor_descriptor"", ""tensor_descriptor"", ""tensor_descriptor"", ""tensor_descriptor"", ""tensor_descriptor"", ""tensor_descriptor"", ""tensor_descriptor""], ""atomic_indexing"": [], ""pid_type"": ""flat""}","{""arg0_ndim"": 2, ""arg0_dim0"": 2048, ""arg0_dim1"": 1024, ""arg0_numel"": 2097152, ""arg0_dtype"": ""torch.bfloat16"", ""arg0_dtype_size"": 2, ""arg0_dtype_cat"": 2, ""arg1_ndim"": 1, ""arg1_dim0"": 1024, ""arg1_numel"": 1024, ""arg1_dtype"": ""torch.bfloat16"", ""arg1_dtype_size"": 2, ""arg1_dtype_cat"": 2}",0.008191999979317188
rms_norm,ed4b00dd3a282581,832d9cc41c9b5249,"{""block_sizes"": [2], ""reduction_loops"": [null], ""range_unroll_factors"": [0], ""range_warp_specializes"": [null], ""range_num_stages"": [0], ""range_multi_buffers"": [null], ""range_flattens"": [null], ""load_eviction_policies"": [""first"", ""last"", ""first"", ""first"", ""last""], ""num_warps"": 1, ""num_stages"": 8, ""indexing"": [""pointer"", ""pointer"", ""tensor_descriptor"", ""pointer"", ""pointer"", ""tensor_descriptor"", ""pointer""], ""atomic_indexing"": [], ""pid_type"": ""flat""}","{""arg0_ndim"": 2, ""arg0_dim0"": 2048, ""arg0_dim1"": 1024, ""arg0_numel"": 2097152, ""arg0_dtype"": ""torch.bfloat16"", ""arg0_dtype_size"": 2, ""arg0_dtype_cat"": 2, ""arg1_ndim"": 1, ""arg1_dim0"": 1024, ""arg1_numel"": 1024, ""arg1_dtype"": ""torch.bfloat16"", ""arg1_dtype_size"": 2, ""arg1_dtype_cat"": 2}",0.008191999979317188
rms_norm,ed4b00dd3a282581,5f3510d018a1da2c,"{""block_sizes"": [2], ""reduction_loops"": [null], ""range_unroll_factors"": [0], ""range_warp_specializes"": [null], ""range_num_stages"": [0], ""range_multi_buffers"": [null], ""range_flattens"": [null], ""load_eviction_policies"": ["""", """", ""first"", """", """"], ""num_warps"": 1, ""num_stages"": 1, ""indexing"": [""pointer"", ""pointer"", ""tensor_descriptor"", ""tensor_descriptor"", ""pointer"", ""pointer"", ""pointer""], ""atomic_indexing"": [], ""pid_type"": ""flat""}","{""arg0_ndim"": 2, ""arg0_dim0"": 2048, ""arg0_dim1"": 1024, ""arg0_numel"": 2097152, ""arg0_dtype"": ""torch.bfloat16"", ""arg0_dtype_size"": 2, ""arg0_dtype_cat"": 2, ""arg1_ndim"": 1, ""arg1_dim0"": 1024, ""arg1_numel"": 1024, ""arg1_dtype"": ""torch.bfloat16"", ""arg1_dtype_size"": 2, ""arg1_dtype_cat"": 2}",0.008191999979317188
rms_norm,ed4b00dd3a282581,c6373fe598a919dd,"{""block_sizes"": [8], ""reduction_loops"": [null], ""range_unroll_factors"": [0], ""range_warp_specializes"": [null], ""range_num_stages"": [0], ""range_multi_buffers"": [null], ""range_flattens"": [null], ""load_eviction_policies"": ["""", """", ""first"", """", """"], ""num_warps"": 16, ""num_stages"": 6, ""indexing"": [""pointer"", ""pointer"", ""pointer"", ""tensor_descriptor"", ""pointer"", ""pointer"", ""pointer""], ""atomic_indexing"": [], ""pid_type"": ""flat""}","{""arg0_ndim"": 2, ""arg0_dim0"": 2048, ""arg0_dim1"": 1024, ""arg0_numel"": 2097152, ""arg0_dtype"": ""torch.bfloat16"", ""arg0_dtype_size"": 2, ""arg0_dtype_cat"": 2, ""arg1_ndim"": 1, ""arg1_dim0"": 1024, ""arg1_numel"": 1024, ""arg1_dtype"": ""torch.bfloat16"", ""arg1_dtype_size"": 2, ""arg1_dtype_cat"": 2}",0.008191999979317188
rms_norm,ed4b00dd3a282581,482f430b8c9d8e8e,"{""block_sizes"": [2], ""reduction_loops"": [2048], ""range_unroll_factors"": [0], ""range_warp_specializes"": [null], ""range_num_stages"": [0], ""range_multi_buffers"": [null], ""range_flattens"": [null], ""load_eviction_policies"": [""last"", ""first"", ""last"", ""first"", ""first""], ""num_warps"": 2, ""num_stages"": 1, ""indexing"": [""tensor_descriptor"", ""pointer"", ""tensor_descriptor"", ""tensor_descriptor"", ""pointer"", ""tensor_descriptor"", ""tensor_descriptor""], ""atomic_indexing"": [], ""pid_type"": ""flat""}","{""arg0_ndim"": 2, ""arg0_dim0"": 2048, ""arg0_dim1"": 1024, ""arg0_numel"": 2097152, ""arg0_dtype"": ""torch.bfloat16"", ""arg0_dtype_size"": 2, ""arg0_dtype_cat"": 2, ""arg1_ndim"": 1, ""arg1_dim0"": 1024, ""arg1_numel"": 1024, ""arg1_dtype"": ""torch.bfloat16"", ""arg1_dtype_size"": 2, ""arg1_dtype_cat"": 2}",0.008191999979317188
rms_norm,ed4b00dd3a282581,816644cab655d611,"{""block_sizes"": [2], ""reduction_loops"": [2048], ""range_unroll_factors"": [0], ""range_warp_specializes"": [null], ""range_num_stages"": [0], ""range_multi_buffers"": [null], ""range_flattens"": [null], ""load_eviction_policies"": ["""", ""first"", ""last"", ""last"", """"], ""num_warps"": 8, ""num_stages"": 3, ""indexing"": [""pointer"", ""tensor_descriptor"", ""tensor_descriptor"", ""pointer"", ""tensor_descriptor"", ""pointer"", ""tensor_descriptor""], ""atomic_indexing"": [], ""pid_type"": ""flat""}","{""arg0_ndim"": 2, ""arg0_dim0"": 2048, ""arg0_dim1"": 1024, ""arg0_numel"": 2097152, ""arg0_dtype"": ""torch.bfloat16"", ""arg0_dtype_size"": 2, ""arg0_dtype_cat"": 2, ""arg1_ndim"": 1, ""arg1_dim0"": 1024, ""arg1_numel"": 1024, ""arg1_dtype"": ""torch.bfloat16"", ""arg1_dtype_size"": 2, ""arg1_dtype_cat"": 2}",0.008224000222980976
rms_norm,ed4b00dd3a282581,3abfa9907ca4fa3a,"{""block_sizes"": [1], ""reduction_loops"": [null], ""range_unroll_factors"": [0], ""range_warp_specializes"": [null], ""range_num_stages"": [0], ""range_multi_buffers"": [null], ""range_flattens"": [null], ""load_eviction_policies"": ["""", ""last"", ""last"", """", """"], ""num_warps"": 4, ""num_stages"": 2, ""indexing"": [""pointer"", ""pointer"", ""pointer"", ""tensor_descriptor"", ""pointer"", ""tensor_descriptor"", ""pointer""], ""atomic_indexing"": [], ""pid_type"": ""flat""}","{""arg0_ndim"": 2, ""arg0_dim0"": 2048, ""arg0_dim1"": 1024, ""arg0_numel"": 2097152, ""arg0_dtype"": ""torch.bfloat16"", ""arg0_dtype_size"": 2, ""arg0_dtype_cat"": 2, ""arg1_ndim"": 1, ""arg1_dim0"": 1024, ""arg1_numel"": 1024, ""arg1_dtype"": ""torch.bfloat16"", ""arg1_dtype_size"": 2, ""arg1_dtype_cat"": 2}",0.008191999979317188
rms_norm,ed4b00dd3a282581,87b2f26661fd2925,"{""block_sizes"": [1], ""reduction_loops"": [null], ""range_unroll_factors"": [0], ""range_warp_specializes"": [null], ""range_num_stages"": [0], ""range_multi_buffers"": [null], ""range_flattens"": [null], ""load_eviction_policies"": ["""", ""last"", ""last"", ""first"", """"], ""num_warps"": 8, ""num_stages"": 2, ""indexing"": [""tensor_descriptor"", ""tensor_descriptor"", ""tensor_descriptor"", ""tensor_descriptor"", ""pointer"", ""pointer"", ""tensor_descriptor""], ""atomic_indexing"": [], ""pid_type"": ""flat""}","{""arg0_ndim"": 2, ""arg0_dim0"": 2048, ""arg0_dim1"": 1024, ""arg0_numel"": 2097152, ""arg0_dtype"": ""torch.bfloat16"", ""arg0_dtype_size"": 2, ""arg0_dtype_cat"": 2, ""arg1_ndim"": 1, ""arg1_dim0"": 1024, ""arg1_numel"": 1024, ""arg1_dtype"": ""torch.bfloat16"", ""arg1_dtype_size"": 2, ""arg1_dtype_cat"": 2}",0.008191999979317188
rms_norm,ed4b00dd3a282581,7c1f654402c9dd7f,"{""block_sizes"": [1], ""reduction_loops"": [1024], ""range_unroll_factors"": [0], ""range_warp_specializes"": [null], ""range_num_stages"": [0], ""range_multi_buffers"": [null], ""range_flattens"": [null], ""load_eviction_policies"": ["""", ""first"", """", ""last"", ""first""], ""num_warps"": 4, ""num_stages"": 3, ""indexing"": [""pointer"", ""tensor_descriptor"", ""tensor_descriptor"", ""tensor_descriptor"", ""tensor_descriptor"", ""pointer"", ""pointer""], ""atomic_indexing"": [], ""pid_type"": ""flat""}","{""arg0_ndim"": 2, ""arg0_dim0"": 2048, ""arg0_dim1"": 1024, ""arg0_numel"": 2097152, ""arg0_dtype"": ""torch.bfloat16"", ""arg0_dtype_size"": 2, ""arg0_dtype_cat"": 2, ""arg1_ndim"": 1, ""arg1_dim0"": 1024, ""arg1_numel"": 1024, ""arg1_dtype"": ""torch.bfloat16"", ""arg1_dtype_size"": 2, ""arg1_dtype_cat"": 2}",0.008191999979317188
rms_norm,ed4b00dd3a282581,306f51b1d2d06f98,"{""block_sizes"": [1], ""reduction_loops"": [1024], ""range_unroll_factors"": [0], ""range_warp_specializes"": [null], ""range_num_stages"": [0], ""range_multi_buffers"": [null], ""range_flattens"": [null], ""load_eviction_policies"": ["""", ""first"", """", """", ""last""], ""num_warps"": 4, ""num_stages"": 5, ""indexing"": [""pointer"", ""tensor_descriptor"", ""tensor_descriptor"", ""pointer"", ""pointer"", ""tensor_descriptor"", ""tensor_descriptor""], ""atomic_indexing"": [], ""pid_type"": ""flat""}","{""arg0_ndim"": 2, ""arg0_dim0"": 2048, ""arg0_dim1"": 1024, ""arg0_numel"": 2097152, ""arg0_dtype"": ""torch.bfloat16"", ""arg0_dtype_size"": 2, ""arg0_dtype_cat"": 2, ""arg1_ndim"": 1, ""arg1_dim0"": 1024, ""arg1_numel"": 1024, ""arg1_dtype"": ""torch.bfloat16"", ""arg1_dtype_size"": 2, ""arg1_dtype_cat"": 2}",0.008191999979317188
rms_norm,ed4b00dd3a282581,5c295017bd009288,"{""block_sizes"": [1], ""reduction_loops"": [null], ""range_unroll_factors"": [0], ""range_warp_specializes"": [null], ""range_num_stages"": [0], ""range_multi_buffers"": [null], ""range_flattens"": [null], ""load_eviction_policies"": [""first"", """", ""last"", """", ""last""], ""num_warps"": 16, ""num_stages"": 4, ""indexing"": [""tensor_descriptor"", ""pointer"", ""tensor_descriptor"", ""pointer"", ""pointer"", ""pointer"", ""pointer""], ""atomic_indexing"": [], ""pid_type"": ""flat""}","{""arg0_ndim"": 2, ""arg0_dim0"": 2048, ""arg0_dim1"": 1024, ""arg0_numel"": 2097152, ""arg0_dtype"": ""torch.bfloat16"", ""arg0_dtype_size"": 2, ""arg0_dtype_cat"": 2, ""arg1_ndim"": 1, ""arg1_dim0"": 1024, ""arg1_numel"": 1024, ""arg1_dtype"": ""torch.bfloat16"", ""arg1_dtype_size"": 2, ""arg1_dtype_cat"": 2}",0.010239999741315842
rms_norm,ed4b00dd3a282581,9615e7b2fea5ec90,"{""block_sizes"": [1], ""reduction_loops"": [2048], ""range_unroll_factors"": [0], ""range_warp_specializes"": [null], ""range_num_stages"": [0], ""range_multi_buffers"": [null], ""range_flattens"": [null], ""load_eviction_policies"": ["""", ""first"", ""last"", ""first"", ""last""], ""num_warps"": 8, ""num_stages"": 8, ""indexing"": [""pointer"", ""pointer"", ""pointer"", ""tensor_descriptor"", ""pointer"", ""tensor_descriptor"", ""pointer""], ""atomic_indexing"": [], ""pid_type"": ""flat""}","{""arg0_ndim"": 2, ""arg0_dim0"": 2048, ""arg0_dim1"": 1024, ""arg0_numel"": 2097152, ""arg0_dtype"": ""torch.bfloat16"", ""arg0_dtype_size"": 2, ""arg0_dtype_cat"": 2, ""arg1_ndim"": 1, ""arg1_dim0"": 1024, ""arg1_numel"": 1024, ""arg1_dtype"": ""torch.bfloat16"", ""arg1_dtype_size"": 2, ""arg1_dtype_cat"": 2}",0.010239999741315842
rms_norm,ed4b00dd3a282581,ef0576b1337868e5,"{""block_sizes"": [1], ""reduction_loops"": [null], ""range_unroll_factors"": [0], ""range_warp_specializes"": [null], ""range_num_stages"": [0], ""range_multi_buffers"": [null], ""range_flattens"": [null], ""load_eviction_policies"": ["""", """", ""last"", """", ""last""], ""num_warps"": 8, ""num_stages"": 6, ""indexing"": [""tensor_descriptor"", ""pointer"", ""pointer"", ""pointer"", ""pointer"", ""tensor_descriptor"", ""tensor_descriptor""], ""atomic_indexing"": [], ""pid_type"": ""flat""}","{""arg0_ndim"": 2, ""arg0_dim0"": 2048, ""arg0_dim1"": 1024, ""arg0_numel"": 2097152, ""arg0_dtype"": ""torch.bfloat16"", ""arg0_dtype_size"": 2, ""arg0_dtype_cat"": 2, ""arg1_ndim"": 1, ""arg1_dim0"": 1024, ""arg1_numel"": 1024, ""arg1_dtype"": ""torch.bfloat16"", ""arg1_dtype_size"": 2, ""arg1_dtype_cat"": 2}",0.008191999979317188
rms_norm,ed4b00dd3a282581,11bb6dfa80985863,"{""block_sizes"": [1], ""reduction_loops"": [null], ""range_unroll_factors"": [0], ""range_warp_specializes"": [null], ""range_num_stages"": [0], ""range_multi_buffers"": [null], ""range_flattens"": [null], ""load_eviction_policies"": [""first"", """", ""last"", """", """"], ""num_warps"": 16, ""num_stages"": 2, ""indexing"": [""tensor_descriptor"", ""pointer"", ""pointer"", ""pointer"", ""tensor_descriptor"", ""tensor_descriptor"", ""pointer""], ""atomic_indexing"": [], ""pid_type"": ""flat""}","{""arg0_ndim"": 2, ""arg0_dim0"": 2048, ""arg0_dim1"": 1024, ""arg0_numel"": 2097152, ""arg0_dtype"": ""torch.bfloat16"", ""arg0_dtype_size"": 2, ""arg0_dtype_cat"": 2, ""arg1_ndim"": 1, ""arg1_dim0"": 1024, ""arg1_numel"": 1024, ""arg1_dtype"": ""torch.bfloat16"", ""arg1_dtype_size"": 2, ""arg1_dtype_cat"": 2}",0.010239999741315842
rms_norm,ed4b00dd3a282581,964bbd2b95871270,"{""block_sizes"": [1], ""reduction_loops"": [null], ""range_unroll_factors"": [0], ""range_warp_specializes"": [null], ""range_num_stages"": [0], ""range_multi_buffers"": [null], ""range_flattens"": [null], ""load_eviction_policies"": ["""", """", """", ""first"", """"], ""num_warps"": 8, ""num_stages"": 6, ""indexing"": [""pointer"", ""tensor_descriptor"", ""tensor_descriptor"", ""tensor_descriptor"", ""pointer"", ""tensor_descriptor"", ""tensor_descriptor""], ""atomic_indexing"": [], ""pid_type"": ""flat""}","{""arg0_ndim"": 2, ""arg0_dim0"": 2048, ""arg0_dim1"": 1024, ""arg0_numel"": 2097152, ""arg0_dtype"": ""torch.bfloat16"", ""arg0_dtype_size"": 2, ""arg0_dtype_cat"": 2, ""arg1_ndim"": 1, ""arg1_dim0"": 1024, ""arg1_numel"": 1024, ""arg1_dtype"": ""torch.bfloat16"", ""arg1_dtype_size"": 2, ""arg1_dtype_cat"": 2}",0.008191999979317188
rms_norm,ed4b00dd3a282581,a0bad60454a64a49,"{""block_sizes"": [1], ""reduction_loops"": [null], ""range_unroll_factors"": [0], ""range_warp_specializes"": [null], ""range_num_stages"": [0], ""range_multi_buffers"": [null], ""range_flattens"": [null], ""load_eviction_policies"": [""first"", ""last"", ""last"", """", ""last""], ""num_warps"": 16, ""num_stages"": 4, ""indexing"": [""pointer"", ""tensor_descriptor"", ""pointer"", ""pointer"", ""pointer"", ""pointer"", ""pointer""], ""atomic_indexing"": [], ""pid_type"": ""flat""}","{""arg0_ndim"": 2, ""arg0_dim0"": 2048, ""arg0_dim1"": 1024, ""arg0_numel"": 2097152, ""arg0_dtype"": ""torch.bfloat16"", ""arg0_dtype_size"": 2, ""arg0_dtype_cat"": 2, ""arg1_ndim"": 1, ""arg1_dim0"": 1024, ""arg1_numel"": 1024, ""arg1_dtype"": ""torch.bfloat16"", ""arg1_dtype_size"": 2, ""arg1_dtype_cat"": 2}",0.010239999741315842
rms_norm,ed4b00dd3a282581,45b47d2b716e8754,"{""block_sizes"": [4], ""reduction_loops"": [null], ""range_unroll_factors"": [0], ""range_warp_specializes"": [null], ""range_num_stages"": [0], ""range_multi_buffers"": [null], ""range_flattens"": [null], ""load_eviction_policies"": [""first"", """", """", ""last"", ""last""], ""num_warps"": 2, ""num_stages"": 5, ""indexing"": [""pointer"", ""tensor_descriptor"", ""tensor_descriptor"", ""tensor_descriptor"", ""tensor_descriptor"", ""pointer"", ""pointer""], ""atomic_indexing"": [], ""pid_type"": ""flat""}","{""arg0_ndim"": 2, ""arg0_dim0"": 2048, ""arg0_dim1"": 1024, ""arg0_numel"": 2097152, ""arg0_dtype"": ""torch.bfloat16"", ""arg0_dtype_size"": 2, ""arg0_dtype_cat"": 2, ""arg1_ndim"": 1, ""arg1_dim0"": 1024, ""arg1_numel"": 1024, ""arg1_dtype"": ""torch.bfloat16"", ""arg1_dtype_size"": 2, ""arg1_dtype_cat"": 2}",0.008191999979317188
rms_norm,ed4b00dd3a282581,0e08e3ec9a7b2c1e,"{""block_sizes"": [4], ""reduction_loops"": [null], ""range_unroll_factors"": [0], ""range_warp_specializes"": [null], ""range_num_stages"": [0], ""range_multi_buffers"": [null], ""range_flattens"": [null], ""load_eviction_policies"": [""first"", ""last"", """", ""first"", """"], ""num_warps"": 2, ""num_stages"": 3, ""indexing"": [""pointer"", ""tensor_descriptor"", ""pointer"", ""tensor_descriptor"", ""tensor_descriptor"", ""tensor_descriptor"", ""tensor_descriptor""], ""atomic_indexing"": [], ""pid_type"": ""flat""}","{""arg0_ndim"": 2, ""arg0_dim0"": 2048, ""arg0_dim1"": 1024, ""arg0_numel"": 2097152, ""arg0_dtype"": ""torch.bfloat16"", ""arg0_dtype_size"": 2, ""arg0_dtype_cat"": 2, ""arg1_ndim"": 1, ""arg1_dim0"": 1024, ""arg1_numel"": 1024, ""arg1_dtype"": ""torch.bfloat16"", ""arg1_dtype_size"": 2, ""arg1_dtype_cat"": 2}",0.008191999979317188
rms_norm,ed4b00dd3a282581,a3c8f5854ffdaebc,"{""block_sizes"": [16], ""reduction_loops"": [null], ""range_unroll_factors"": [0], ""range_warp_specializes"": [null], ""range_num_stages"": [0], ""range_multi_buffers"": [null], ""range_flattens"": [null], ""load_eviction_policies"": ["""", """", ""first"", """", ""last""], ""num_warps"": 4, ""num_stages"": 5, ""indexing"": [""pointer"", ""pointer"", ""pointer"", ""pointer"", ""pointer"", ""pointer"", ""pointer""], ""atomic_indexing"": [], ""pid_type"": ""flat""}","{""arg0_ndim"": 2, ""arg0_dim0"": 2048, ""arg0_dim1"": 1024, ""arg0_numel"": 2097152, ""arg0_dtype"": ""torch.bfloat16"", ""arg0_dtype_size"": 2, ""arg0_dtype_cat"": 2, ""arg1_ndim"": 1, ""arg1_dim0"": 1024, ""arg1_numel"": 1024, ""arg1_dtype"": ""torch.bfloat16"", ""arg1_dtype_size"": 2, ""arg1_dtype_cat"": 2}",0.008191999979317188
rms_norm,ed4b00dd3a282581,df5f9e1409cfd8bd,"{""block_sizes"": [16], ""reduction_loops"": [null], ""range_unroll_factors"": [0], ""range_warp_specializes"": [null], ""range_num_stages"": [0], ""range_multi_buffers"": [null], ""range_flattens"": [null], ""load_eviction_policies"": ["""", """", ""last"", """", ""first""], ""num_warps"": 4, ""num_stages"": 1, ""indexing"": [""pointer"", ""pointer"", ""pointer"", ""pointer"", ""pointer"", ""tensor_descriptor"", ""tensor_descriptor""], ""atomic_indexing"": [], ""pid_type"": ""flat""}","{""arg0_ndim"": 2, ""arg0_dim0"": 2048, ""arg0_dim1"": 1024, ""arg0_numel"": 2097152, ""arg0_dtype"": ""torch.bfloat16"", ""arg0_dtype_size"": 2, ""arg0_dtype_cat"": 2, ""arg1_ndim"": 1, ""arg1_dim0"": 1024, ""arg1_numel"": 1024, ""arg1_dtype"": ""torch.bfloat16"", ""arg1_dtype_size"": 2, ""arg1_dtype_cat"": 2}",0.008191999979317188
rms_norm,20d567939a24e083,24745e38d713c198,"{""block_sizes"": [2], ""reduction_loops"": [null], ""range_unroll_factors"": [0], ""range_warp_specializes"": [null], ""range_num_stages"": [0], ""range_multi_buffers"": [null], ""range_flattens"": [null], ""load_eviction_policies"": [""last"", ""first"", ""first"", """", """"], ""num_warps"": 4, ""num_stages"": 6, ""indexing"": [""pointer"", ""pointer"", ""pointer"", ""tensor_descriptor"", ""tensor_descriptor"", ""pointer"", ""pointer""], ""atomic_indexing"": [], ""pid_type"": ""flat""}","{""arg0_ndim"": 2, ""arg0_dim0"": 2048, ""arg0_dim1"": 2048, ""arg0_numel"": 4194304, ""arg0_dtype"": ""torch.bfloat16"", ""arg0_dtype_size"": 2, ""arg0_dtype_cat"": 2, ""arg1_ndim"": 1, ""arg1_dim0"": 2048, ""arg1_numel"": 2048, ""arg1_dtype"": ""torch.bfloat16"", ""arg1_dtype_size"": 2, ""arg1_dtype_cat"": 2}",0.008191999979317188
rms_norm,20d567939a24e083,180c35ef192d14f2,"{""block_sizes"": [2], ""reduction_loops"": [null], ""range_unroll_factors"": [0], ""range_warp_specializes"": [null], ""range_num_stages"": [0], ""range_multi_buffers"": [null], ""range_flattens"": [null], ""load_eviction_policies"": ["""", """", ""last"", """", """"], ""num_warps"": 1, ""num_stages"": 2, ""indexing"": [""pointer"", ""pointer"", ""pointer"", ""pointer"", ""pointer"", ""pointer"", ""pointer""], ""atomic_indexing"": [], ""pid_type"": ""flat""}","{""arg0_ndim"": 2, ""arg0_dim0"": 2048, ""arg0_dim1"": 2048, ""arg0_numel"": 4194304, ""arg0_dtype"": ""torch.bfloat16"", ""arg0_dtype_size"": 2, ""arg0_dtype_cat"": 2, ""arg1_ndim"": 1, ""arg1_dim0"": 2048, ""arg1_numel"": 2048, ""arg1_dtype"": ""torch.bfloat16"", ""arg1_dtype_size"": 2, ""arg1_dtype_cat"": 2}",0.010239999741315842
rms_norm,20d567939a24e083,7bfccb3790afd320,"{""block_sizes"": [2], ""reduction_loops"": [2048], ""range_unroll_factors"": [0], ""range_warp_specializes"": [null], ""range_num_stages"": [0], ""range_multi_buffers"": [null], ""range_flattens"": [null], ""load_eviction_policies"": [""last"", """", ""last"", """", """"], ""num_warps"": 8, ""num_stages"": 1, ""indexing"": [""pointer"", ""pointer"", ""pointer"", ""tensor_descriptor"", ""pointer"", ""tensor_descriptor"", ""tensor_descriptor""], ""atomic_indexing"": [], ""pid_type"": ""flat""}","{""arg0_ndim"": 2, ""arg0_dim0"": 2048, ""arg0_dim1"": 2048, ""arg0_numel"": 4194304, ""arg0_dtype"": ""torch.bfloat16"", ""arg0_dtype_size"": 2, ""arg0_dtype_cat"": 2, ""arg1_ndim"": 1, ""arg1_dim0"": 2048, ""arg1_numel"": 2048, ""arg1_dtype"": ""torch.bfloat16"", ""arg1_dtype_size"": 2, ""arg1_dtype_cat"": 2}",0.008191999979317188
rms_norm,20d567939a24e083,b700865abbecc460,"{""block_sizes"": [1], ""reduction_loops"": [null], ""range_unroll_factors"": [0], ""range_warp_specializes"": [null], ""range_num_stages"": [0], ""range_multi_buffers"": [null], ""range_flattens"": [null], ""load_eviction_policies"": [""first"", """", ""last"", ""last"", """"], ""num_warps"": 16, ""num_stages"": 1, ""indexing"": [""tensor_descriptor"", ""tensor_descriptor"", ""pointer"", ""tensor_descriptor"", ""tensor_descriptor"", ""pointer"", ""tensor_descriptor""], ""atomic_indexing"": [], ""pid_type"": ""flat""}","{""arg0_ndim"": 2, ""arg0_dim0"": 2048, ""arg0_dim1"": 2048, ""arg0_numel"": 4194304, ""arg0_dtype"": ""torch.bfloat16"", ""arg0_dtype_size"": 2, ""arg0_dtype_cat"": 2, ""arg1_ndim"": 1, ""arg1_dim0"": 2048, ""arg1_numel"": 2048, ""arg1_dtype"": ""torch.bfloat16"", ""arg1_dtype_size"": 2, ""arg1_dtype_cat"": 2}",0.01228800043463707
rms_norm,20d567939a24e083,73a4bcfe84591dcd,"{""block_sizes"": [1], ""reduction_loops"": [8192], ""range_unroll_factors"": [0], ""range_warp_specializes"": [null], ""range_num_stages"": [0], ""range_multi_buffers"": [null], ""range_flattens"": [null], ""load_eviction_policies"": ["""", """", """", """", """"], ""num_warps"": 8, ""num_stages"": 4, ""indexing"": [""pointer"", ""pointer"", ""tensor_descriptor"", ""pointer"", ""pointer"", ""tensor_descriptor"", ""tensor_descriptor""], ""atomic_indexing"": [], ""pid_type"": ""flat""}","{""arg0_ndim"": 2, ""arg0_dim0"": 2048, ""arg0_dim1"": 2048, ""arg0_numel"": 4194304, ""arg0_dtype"": ""torch.bfloat16"", ""arg0_dtype_size"": 2, ""arg0_dtype_cat"": 2, ""arg1_ndim"": 1, ""arg1_dim0"": 2048, ""arg1_numel"": 2048, ""arg1_dtype"": ""torch.bfloat16"", ""arg1_dtype_size"": 2, ""arg1_dtype_cat"": 2}",0.014336000196635723
rms_norm,20d567939a24e083,6d53c3602b79725b,"{""block_sizes"": [1], ""reduction_loops"": [8192], ""range_unroll_factors"": [0], ""range_warp_specializes"": [null], ""range_num_stages"": [0], ""range_multi_buffers"": [null], ""range_flattens"": [null], ""load_eviction_policies"": ["""", ""first"", ""last"", """", """"], ""num_warps"": 8, ""num_stages"": 3, ""indexing"": [""pointer"", ""tensor_descriptor"", ""pointer"", ""pointer"", ""pointer"", ""tensor_descriptor"", ""pointer""], ""atomic_indexing"": [], ""pid_type"": ""flat""}","{""arg0_ndim"": 2, ""arg0_dim0"": 2048, ""arg0_dim1"": 2048, ""arg0_numel"": 4194304, ""arg0_dtype"": ""torch.bfloat16"", ""arg0_dtype_size"": 2, ""arg0_dtype_cat"": 2, ""arg1_ndim"": 1, ""arg1_dim0"": 2048, ""arg1_numel"": 2048, ""arg1_dtype"": ""torch.bfloat16"", ""arg1_dtype_size"": 2, ""arg1_dtype_cat"": 2}",0.014368000440299511
rms_norm,20d567939a24e083,ce65586612391f94,"{""block_sizes"": [32], ""reduction_loops"": [null], ""range_unroll_factors"": [0], ""range_warp_specializes"": [null], ""range_num_stages"": [0], ""range_multi_buffers"": [null], ""range_flattens"": [null], ""load_eviction_policies"": ["""", """", """", """", """"], ""num_warps"": 4, ""num_stages"": 1, ""indexing"": [""pointer"", ""pointer"", ""pointer"", ""pointer"", ""pointer"", ""pointer"", ""pointer""], ""atomic_indexing"": [], ""pid_type"": ""flat""}","{""arg0_ndim"": 2, ""arg0_dim0"": 2048, ""arg0_dim1"": 2048, ""arg0_numel"": 4194304, ""arg0_dtype"": ""torch.bfloat16"", ""arg0_dtype_size"": 2, ""arg0_dtype_cat"": 2, ""arg1_ndim"": 1, ""arg1_dim0"": 2048, ""arg1_numel"": 2048, ""arg1_dtype"": ""torch.bfloat16"", ""arg1_dtype_size"": 2, ""arg1_dtype_cat"": 2}",0.07168000191450119
rms_norm,20d567939a24e083,fa68d1735ed55be8,"{""block_sizes"": [16], ""reduction_loops"": [null], ""range_unroll_factors"": [1], ""range_warp_specializes"": [null], ""range_num_stages"": [2], ""range_multi_buffers"": [null], ""range_flattens"": [null], ""load_eviction_policies"": [""first"", ""last"", ""last"", """", ""last""], ""num_warps"": 16, ""num_stages"": 8, ""indexing"": [""tensor_descriptor"", ""pointer"", ""tensor_descriptor"", ""pointer"", ""pointer"", ""pointer"", ""pointer""], ""atomic_indexing"": [], ""pid_type"": ""persistent_interleaved"", ""num_sm_multiplier"": 1}","{""arg0_ndim"": 2, ""arg0_dim0"": 2048, ""arg0_dim1"": 2048, ""arg0_numel"": 4194304, ""arg0_dtype"": ""torch.bfloat16"", ""arg0_dtype_size"": 2, ""arg0_dtype_cat"": 2, ""arg1_ndim"": 1, ""arg1_dim0"": 2048, ""arg1_numel"": 2048, ""arg1_dtype"": ""torch.bfloat16"", ""arg1_dtype_size"": 2, ""arg1_dtype_cat"": 2}",0.010239999741315842
rms_norm,20d567939a24e083,1979210a312b6290,"{""block_sizes"": [16], ""reduction_loops"": [256], ""range_unroll_factors"": [0], ""range_warp_specializes"": [null], ""range_num_stages"": [0], ""range_multi_buffers"": [null], ""range_flattens"": [null], ""load_eviction_policies"": [""first"", """", ""last"", ""last"", """"], ""num_warps"": 16, ""num_stages"": 4, ""indexing"": [""tensor_descriptor"", ""tensor_descriptor"", ""tensor_descriptor"", ""tensor_descriptor"", ""tensor_descriptor"", ""tensor_descriptor"", ""tensor_descriptor""], ""atomic_indexing"": [], ""pid_type"": ""flat""}","{""arg0_ndim"": 2, ""arg0_dim0"": 2048, ""arg0_dim1"": 2048, ""arg0_numel"": 4194304, ""arg0_dtype"": ""torch.bfloat16"", ""arg0_dtype_size"": 2, ""arg0_dtype_cat"": 2, ""arg1_ndim"": 1, ""arg1_dim0"": 2048, ""arg1_numel"": 2048, ""arg1_dtype"": ""torch.bfloat16"", ""arg1_dtype_size"": 2, ""arg1_dtype_cat"": 2}",0.012128000147640705
rms_norm,20d567939a24e083,832d9cc41c9b5249,"{""block_sizes"": [2], ""reduction_loops"": [null], ""range_unroll_factors"": [0], ""range_warp_specializes"": [null], ""range_num_stages"": [0], ""range_multi_buffers"": [null], ""range_flattens"": [null], ""load_eviction_policies"": [""first"", ""last"", ""first"", ""first"", ""last""], ""num_warps"": 1, ""num_stages"": 8, ""indexing"": [""pointer"", ""pointer"", ""tensor_descriptor"", ""pointer"", ""pointer"", ""tensor_descriptor"", ""pointer""], ""atomic_indexing"": [], ""pid_type"": ""flat""}","{""arg0_ndim"": 2, ""arg0_dim0"": 2048, ""arg0_dim1"": 2048, ""arg0_numel"": 4194304, ""arg0_dtype"": ""torch.bfloat16"", ""arg0_dtype_size"": 2, ""arg0_dtype_cat"": 2, ""arg1_ndim"": 1, ""arg1_dim0"": 2048, ""arg1_numel"": 2048, ""arg1_dtype"": ""torch.bfloat16"", ""arg1_dtype_size"": 2, ""arg1_dtype_cat"": 2}",0.010239999741315842
rms_norm,20d567939a24e083,5f3510d018a1da2c,"{""block_sizes"": [2], ""reduction_loops"": [null], ""range_unroll_factors"": [0], ""range_warp_specializes"": [null], ""range_num_stages"": [0], ""range_multi_buffers"": [null], ""range_flattens"": [null], ""load_eviction_policies"": ["""", """", ""first"", """", """"], ""num_warps"": 1, ""num_stages"": 1, ""indexing"": [""pointer"", ""pointer"", ""tensor_descriptor"", ""tensor_descriptor"", ""pointer"", ""pointer"", ""pointer""], ""atomic_indexing"": [], ""pid_type"": ""flat""}","{""arg0_ndim"": 2, ""arg0_dim0"": 2048, ""arg0_dim1"": 2048, ""arg0_numel"": 4194304, ""arg0_dtype"": ""torch.bfloat16"", ""arg0_dtype_size"": 2, ""arg0_dtype_cat"": 2, ""arg1_ndim"": 1, ""arg1_dim0"": 2048, ""arg1_numel"": 2048, ""arg1_dtype"": ""torch.bfloat16"", ""arg1_dtype_size"": 2, ""arg1_dtype_cat"": 2}",0.010239999741315842
rms_norm,20d567939a24e083,c6373fe598a919dd,"{""block_sizes"": [8], ""reduction_loops"": [null], ""range_unroll_factors"": [0], ""range_warp_specializes"": [null], ""range_num_stages"": [0], ""range_multi_buffers"": [null], ""range_flattens"": [null], ""load_eviction_policies"": ["""", """", ""first"", """", """"], ""num_warps"": 16, ""num_stages"": 6, ""indexing"": [""pointer"", ""pointer"", ""pointer"", ""tensor_descriptor"", ""pointer"", ""pointer"", ""pointer""], ""atomic_indexing"": [], ""pid_type"": ""flat""}","{""arg0_ndim"": 2, ""arg0_dim0"": 2048, ""arg0_dim1"": 2048, ""arg0_numel"": 4194304, ""arg0_dtype"": ""torch.bfloat16"", ""arg0_dtype_size"": 2, ""arg0_dtype_cat"": 2, ""arg1_ndim"": 1, ""arg1_dim0"": 2048, ""arg1_numel"": 2048, ""arg1_dtype"": ""torch.bfloat16"", ""arg1_dtype_size"": 2, ""arg1_dtype_cat"": 2}",0.010239999741315842
rms_norm,20d567939a24e083,482f430b8c9d8e8e,"{""block_sizes"": [2], ""reduction_loops"": [2048], ""range_unroll_factors"": [0], ""range_warp_specializes"": [null], ""range_num_stages"": [0], ""range_multi_buffers"": [null], ""range_flattens"": [null], ""load_eviction_policies"": [""last"", ""first"", ""last"", ""first"", ""first""], ""num_warps"": 2, ""num_stages"": 1, ""indexing"": [""tensor_descriptor"", ""pointer"", ""tensor_descriptor"", ""tensor_descriptor"", ""pointer"", ""tensor_descriptor"", ""tensor_descriptor""], ""atomic_indexing"": [], ""pid_type"": ""flat""}","{""arg0_ndim"": 2, ""arg0_dim0"": 2048, ""arg0_dim1"": 2048, ""arg0_numel"": 4194304, ""arg0_dtype"": ""torch.bfloat16"", ""arg0_dtype_size"": 2, ""arg0_dtype_cat"": 2, ""arg1_ndim"": 1, ""arg1_dim0"": 2048, ""arg1_numel"": 2048, ""arg1_dtype"": ""torch.bfloat16"", ""arg1_dtype_size"": 2, ""arg1_dtype_cat"": 2}",0.0081599997356534
rms_norm,20d567939a24e083,816644cab655d611,"{""block_sizes"": [2], ""reduction_loops"": [2048], ""range_unroll_factors"": [0], ""range_warp_specializes"": [null], ""range_num_stages"": [0], ""range_multi_buffers"": [null], ""range_flattens"": [null], ""load_eviction_policies"": ["""", ""first"", ""last"", ""last"", """"], ""num_warps"": 8, ""num_stages"": 3, ""indexing"": [""pointer"", ""tensor_descriptor"", ""tensor_descriptor"", ""pointer"", ""tensor_descriptor"", ""pointer"", ""tensor_descriptor""], ""atomic_indexing"": [], ""pid_type"": ""flat""}","{""arg0_ndim"": 2, ""arg0_dim0"": 2048, ""arg0_dim1"": 2048, ""arg0_numel"": 4194304, ""arg0_dtype"": ""torch.bfloat16"", ""arg0_dtype_size"": 2, ""arg0_dtype_cat"": 2, ""arg1_ndim"": 1, ""arg1_dim0"": 2048, ""arg1_numel"": 2048, ""arg1_dtype"": ""torch.bfloat16"", ""arg1_dtype_size"": 2, ""arg1_dtype_cat"": 2}",0.010239999741315842
rms_norm,20d567939a24e083,3abfa9907ca4fa3a,"{""block_sizes"": [1], ""reduction_loops"": [null], ""range_unroll_factors"": [0], ""range_warp_specializes"": [null], ""range_num_stages"": [0], ""range_multi_buffers"": [null], ""range_flattens"": [null], ""load_eviction_policies"": ["""", ""last"", ""last"", """", """"], ""num_warps"": 4, ""num_stages"": 2, ""indexing"": [""pointer"", ""pointer"", ""pointer"", ""tensor_descriptor"", ""pointer"", ""tensor_descriptor"", ""pointer""], ""atomic_indexing"": [], ""pid_type"": ""flat""}","{""arg0_ndim"": 2, ""arg0_dim0"": 2048, ""arg0_dim1"": 2048, ""arg0_numel"": 4194304, ""arg0_dtype"": ""torch.bfloat16"", ""arg0_dtype_size"": 2, ""arg0_dtype_cat"": 2, ""arg1_ndim"": 1, ""arg1_dim0"": 2048, ""arg1_numel"": 2048, ""arg1_dtype"": ""torch.bfloat16"", ""arg1_dtype_size"": 2, ""arg1_dtype_cat"": 2}",0.00825599953532219
rms_norm,20d567939a24e083,87b2f26661fd2925,"{""block_sizes"": [1], ""reduction_loops"": [null], ""range_unroll_factors"": [0], ""range_warp_specializes"": [null], ""range_num_stages"": [0], ""range_multi_buffers"": [null], ""range_flattens"": [null], ""load_eviction_policies"": ["""", ""last"", ""last"", ""first"", """"], ""num_warps"": 8, ""num_stages"": 2, ""indexing"": [""tensor_descriptor"", ""tensor_descriptor"", ""tensor_descriptor"", ""tensor_descriptor"", ""pointer"", ""pointer"", ""tensor_descriptor""], ""atomic_indexing"": [], ""pid_type"": ""flat""}","{""arg0_ndim"": 2, ""arg0_dim0"": 2048, ""arg0_dim1"": 2048, ""arg0_numel"": 4194304, ""arg0_dtype"": ""torch.bfloat16"", ""arg0_dtype_size"": 2, ""arg0_dtype_cat"": 2, ""arg1_ndim"": 1, ""arg1_dim0"": 2048, ""arg1_numel"": 2048, ""arg1_dtype"": ""torch.bfloat16"", ""arg1_dtype_size"": 2, ""arg1_dtype_cat"": 2}",0.010239999741315842
rms_norm,20d567939a24e083,7c1f654402c9dd7f,"{""block_sizes"": [1], ""reduction_loops"": [1024], ""range_unroll_factors"": [0], ""range_warp_specializes"": [null], ""range_num_stages"": [0], ""range_multi_buffers"": [null], ""range_flattens"": [null], ""load_eviction_policies"": ["""", ""first"", """", ""last"", ""first""], ""num_warps"": 4, ""num_stages"": 3, ""indexing"": [""pointer"", ""tensor_descriptor"", ""tensor_descriptor"", ""tensor_descriptor"", ""tensor_descriptor"", ""pointer"", ""pointer""], ""atomic_indexing"": [], ""pid_type"": ""flat""}","{""arg0_ndim"": 2, ""arg0_dim0"": 2048, ""arg0_dim1"": 2048, ""arg0_numel"": 4194304, ""arg0_dtype"": ""torch.bfloat16"", ""arg0_dtype_size"": 2, ""arg0_dtype_cat"": 2, ""arg1_ndim"": 1, ""arg1_dim0"": 2048, ""arg1_numel"": 2048, ""arg1_dtype"": ""torch.bfloat16"", ""arg1_dtype_size"": 2, ""arg1_dtype_cat"": 2}",0.010239999741315842
rms_norm,20d567939a24e083,306f51b1d2d06f98,"{""block_sizes"": [1], ""reduction_loops"": [1024], ""range_unroll_factors"": [0], ""range_warp_specializes"": [null], ""range_num_stages"": [0], ""range_multi_buffers"": [null], ""range_flattens"": [null], ""load_eviction_policies"": ["""", ""first"", """", """", ""last""], ""num_warps"": 4, ""num_stages"": 5, ""indexing"": [""pointer"", ""tensor_descriptor"", ""tensor_descriptor"", ""pointer"", ""pointer"", ""tensor_descriptor"", ""tensor_descriptor""], ""atomic_indexing"": [], ""pid_type"": ""flat""}","{""arg0_ndim"": 2, ""arg0_dim0"": 2048, ""arg0_dim1"": 2048, ""arg0_numel"": 4194304, ""arg0_dtype"": ""torch.bfloat16"", ""arg0_dtype_size"": 2, ""arg0_dtype_cat"": 2, ""arg1_ndim"": 1, ""arg1_dim0"": 2048, ""arg1_numel"": 2048, ""arg1_dtype"": ""torch.bfloat16"", ""arg1_dtype_size"": 2, ""arg1_dtype_cat"": 2}",0.010239999741315842
rms_norm,20d567939a24e083,5c295017bd009288,"{""block_sizes"": [1], ""reduction_loops"": [null], ""range_unroll_factors"": [0], ""range_warp_specializes"": [null], ""range_num_stages"": [0], ""range_multi_buffers"": [null], ""range_flattens"": [null], ""load_eviction_policies"": [""first"", """", ""last"", """", ""last""], ""num_warps"": 16, ""num_stages"": 4, ""indexing"": [""tensor_descriptor"", ""pointer"", ""tensor_descriptor"", ""pointer"", ""pointer"", ""pointer"", ""pointer""], ""atomic_indexing"": [], ""pid_type"": ""flat""}","{""arg0_ndim"": 2, ""arg0_dim0"": 2048, ""arg0_dim1"": 2048, ""arg0_numel"": 4194304, ""arg0_dtype"": ""torch.bfloat16"", ""arg0_dtype_size"": 2, ""arg0_dtype_cat"": 2, ""arg1_ndim"": 1, ""arg1_dim0"": 2048, ""arg1_numel"": 2048, ""arg1_dtype"": ""torch.bfloat16"", ""arg1_dtype_size"": 2, ""arg1_dtype_cat"": 2}",0.01228800043463707
rms_norm,20d567939a24e083,9615e7b2fea5ec90,"{""block_sizes"": [1], ""reduction_loops"": [2048], ""range_unroll_factors"": [0], ""range_warp_specializes"": [null], ""range_num_stages"": [0], ""range_multi_buffers"": [null], ""range_flattens"": [null], ""load_eviction_policies"": ["""", ""first"", ""last"", ""first"", ""last""], ""num_warps"": 8, ""num_stages"": 8, ""indexing"": [""pointer"", ""pointer"", ""pointer"", ""tensor_descriptor"", ""pointer"", ""tensor_descriptor"", ""pointer""], ""atomic_indexing"": [], ""pid_type"": ""flat""}","{""arg0_ndim"": 2, ""arg0_dim0"": 2048, ""arg0_dim1"": 2048, ""arg0_numel"": 4194304, ""arg0_dtype"": ""torch.bfloat16"", ""arg0_dtype_size"": 2, ""arg0_dtype_cat"": 2, ""arg1_ndim"": 1, ""arg1_dim0"": 2048, ""arg1_numel"": 2048, ""arg1_dtype"": ""torch.bfloat16"", ""arg1_dtype_size"": 2, ""arg1_dtype_cat"": 2}",0.010239999741315842
rms_norm,20d567939a24e083,ef0576b1337868e5,"{""block_sizes"": [1], ""reduction_loops"": [null], ""range_unroll_factors"": [0], ""range_warp_specializes"": [null], ""range_num_stages"": [0], ""range_multi_buffers"": [null], ""range_flattens"": [null], ""load_eviction_policies"": ["""", """", ""last"", """", ""last""], ""num_warps"": 8, ""num_stages"": 6, ""indexing"": [""tensor_descriptor"", ""pointer"", ""pointer"", ""pointer"", ""pointer"", ""tensor_descriptor"", ""tensor_descriptor""], ""atomic_indexing"": [], ""pid_type"": ""flat""}","{""arg0_ndim"": 2, ""arg0_dim0"": 2048, ""arg0_dim1"": 2048, ""arg0_numel"": 4194304, ""arg0_dtype"": ""torch.bfloat16"", ""arg0_dtype_size"": 2, ""arg0_dtype_cat"": 2, ""arg1_ndim"": 1, ""arg1_dim0"": 2048, ""arg1_numel"": 2048, ""arg1_dtype"": ""torch.bfloat16"", ""arg1_dtype_size"": 2, ""arg1_dtype_cat"": 2}",0.010239999741315842
rms_norm,20d567939a24e083,11bb6dfa80985863,"{""block_sizes"": [1], ""reduction_loops"": [null], ""range_unroll_factors"": [0], ""range_warp_specializes"": [null], ""range_num_stages"": [0], ""range_multi_buffers"": [null], ""range_flattens"": [null], ""load_eviction_policies"": [""first"", """", ""last"", """", """"], ""num_warps"": 16, ""num_stages"": 2, ""indexing"": [""tensor_descriptor"", ""pointer"", ""pointer"", ""pointer"", ""tensor_descriptor"", ""tensor_descriptor"", ""pointer""], ""atomic_indexing"": [], ""pid_type"": ""flat""}","{""arg0_ndim"": 2, ""arg0_dim0"": 2048, ""arg0_dim1"": 2048, ""arg0_numel"": 4194304, ""arg0_dtype"": ""torch.bfloat16"", ""arg0_dtype_size"": 2, ""arg0_dtype_cat"": 2, ""arg1_ndim"": 1, ""arg1_dim0"": 2048, ""arg1_numel"": 2048, ""arg1_dtype"": ""torch.bfloat16"", ""arg1_dtype_size"": 2, ""arg1_dtype_cat"": 2}",0.01228800043463707
rms_norm,20d567939a24e083,964bbd2b95871270,"{""block_sizes"": [1], ""reduction_loops"": [null], ""range_unroll_factors"": [0], ""range_warp_specializes"": [null], ""range_num_stages"": [0], ""range_multi_buffers"": [null], ""range_flattens"": [null], ""load_eviction_policies"": ["""", """", """", ""first"", """"], ""num_warps"": 8, ""num_stages"": 6, ""indexing"": [""pointer"", ""tensor_descriptor"", ""tensor_descriptor"", ""tensor_descriptor"", ""pointer"", ""tensor_descriptor"", ""tensor_descriptor""], ""atomic_indexing"": [], ""pid_type"": ""flat""}","{""arg0_ndim"": 2, ""arg0_dim0"": 2048, ""arg0_dim1"": 2048, ""arg0_numel"": 4194304, ""arg0_dtype"": ""torch.bfloat16"", ""arg0_dtype_size"": 2, ""arg0_dtype_cat"": 2, ""arg1_ndim"": 1, ""arg1_dim0"": 2048, ""arg1_numel"": 2048, ""arg1_dtype"": ""torch.bfloat16"", ""arg1_dtype_size"": 2, ""arg1_dtype_cat"": 2}",0.010239999741315842
rms_norm,20d567939a24e083,a0bad60454a64a49,"{""block_sizes"": [1], ""reduction_loops"": [null], ""range_unroll_factors"": [0], ""range_warp_specializes"": [null], ""range_num_stages"": [0], ""range_multi_buffers"": [null], ""range_flattens"": [null], ""load_eviction_policies"": [""first"", ""last"", ""last"", """", ""last""], ""num_warps"": 16, ""num_stages"": 4, ""indexing"": [""pointer"", ""tensor_descriptor"", ""pointer"", ""pointer"", ""pointer"", ""pointer"", ""pointer""], ""atomic_indexing"": [], ""pid_type"": ""flat""}","{""arg0_ndim"": 2, ""arg0_dim0"": 2048, ""arg0_dim1"": 2048, ""arg0_numel"": 4194304, ""arg0_dtype"": ""torch.bfloat16"", ""arg0_dtype_size"": 2, ""arg0_dtype_cat"": 2, ""arg1_ndim"": 1, ""arg1_dim0"": 2048, ""arg1_numel"": 2048, ""arg1_dtype"": ""torch.bfloat16"", ""arg1_dtype_size"": 2, ""arg1_dtype_cat"": 2}",0.01228800043463707
rms_norm,20d567939a24e083,45b47d2b716e8754,"{""block_sizes"": [4], ""reduction_loops"": [null], ""range_unroll_factors"": [0], ""range_warp_specializes"": [null], ""range_num_stages"": [0], ""range_multi_buffers"": [null], ""range_flattens"": [null], ""load_eviction_policies"": [""first"", """", """", ""last"", ""last""], ""num_warps"": 2, ""num_stages"": 5, ""indexing"": [""pointer"", ""tensor_descriptor"", ""tensor_descriptor"", ""tensor_descriptor"", ""tensor_descriptor"", ""pointer"", ""pointer""], ""atomic_indexing"": [], ""pid_type"": ""flat""}","{""arg0_ndim"": 2, ""arg0_dim0"": 2048, ""arg0_dim1"": 2048, ""arg0_numel"": 4194304, ""arg0_dtype"": ""torch.bfloat16"", ""arg0_dtype_size"": 2, ""arg0_dtype_cat"": 2, ""arg1_ndim"": 1, ""arg1_dim0"": 2048, ""arg1_numel"": 2048, ""arg1_dtype"": ""torch.bfloat16"", ""arg1_dtype_size"": 2, ""arg1_dtype_cat"": 2}",0.010239999741315842
rms_norm,20d567939a24e083,0e08e3ec9a7b2c1e,"{""block_sizes"": [4], ""reduction_loops"": [null], ""range_unroll_factors"": [0], ""range_warp_specializes"": [null], ""range_num_stages"": [0], ""range_multi_buffers"": [null], ""range_flattens"": [null], ""load_eviction_policies"": [""first"", ""last"", """", ""first"", """"], ""num_warps"": 2, ""num_stages"": 3, ""indexing"": [""pointer"", ""tensor_descriptor"", ""pointer"", ""tensor_descriptor"", ""tensor_descriptor"", ""tensor_descriptor"", ""tensor_descriptor""], ""atomic_indexing"": [], ""pid_type"": ""flat""}","{""arg0_ndim"": 2, ""arg0_dim0"": 2048, ""arg0_dim1"": 2048, ""arg0_numel"": 4194304, ""arg0_dtype"": ""torch.bfloat16"", ""arg0_dtype_size"": 2, ""arg0_dtype_cat"": 2, ""arg1_ndim"": 1, ""arg1_dim0"": 2048, ""arg1_numel"": 2048, ""arg1_dtype"": ""torch.bfloat16"", ""arg1_dtype_size"": 2, ""arg1_dtype_cat"": 2}",0.010239999741315842
rms_norm,20d567939a24e083,a3c8f5854ffdaebc,"{""block_sizes"": [16], ""reduction_loops"": [null], ""range_unroll_factors"": [0], ""range_warp_specializes"": [null], ""range_num_stages"": [0], ""range_multi_buffers"": [null], ""range_flattens"": [null], ""load_eviction_policies"": ["""", """", ""first"", """", ""last""], ""num_warps"": 4, ""num_stages"": 5, ""indexing"": [""pointer"", ""pointer"", ""pointer"", ""pointer"", ""pointer"", ""pointer"", ""pointer""], ""atomic_indexing"": [], ""pid_type"": ""flat""}","{""arg0_ndim"": 2, ""arg0_dim0"": 2048, ""arg0_dim1"": 2048, ""arg0_numel"": 4194304, ""arg0_dtype"": ""torch.bfloat16"", ""arg0_dtype_size"": 2, ""arg0_dtype_cat"": 2, ""arg1_ndim"": 1, ""arg1_dim0"": 2048, ""arg1_numel"": 2048, ""arg1_dtype"": ""torch.bfloat16"", ""arg1_dtype_size"": 2, ""arg1_dtype_cat"": 2}",0.01228800043463707
rms_norm,20d567939a24e083,df5f9e1409cfd8bd,"{""block_sizes"": [16], ""reduction_loops"": [null], ""range_unroll_factors"": [0], ""range_warp_specializes"": [null], ""range_num_stages"": [0], ""range_multi_buffers"": [null], ""range_flattens"": [null], ""load_eviction_policies"": ["""", """", ""last"", """", ""first""], ""num_warps"": 4, ""num_stages"": 1, ""indexing"": [""pointer"", ""pointer"", ""pointer"", ""pointer"", ""pointer"", ""tensor_descriptor"", ""tensor_descriptor""], ""atomic_indexing"": [], ""pid_type"": ""flat""}","{""arg0_ndim"": 2, ""arg0_dim0"": 2048, ""arg0_dim1"": 2048, ""arg0_numel"": 4194304, ""arg0_dtype"": ""torch.bfloat16"", ""arg0_dtype_size"": 2, ""arg0_dtype_cat"": 2, ""arg1_ndim"": 1, ""arg1_dim0"": 2048, ""arg1_numel"": 2048, ""arg1_dtype"": ""torch.bfloat16"", ""arg1_dtype_size"": 2, ""arg1_dtype_cat"": 2}",0.01228800043463707
rms_norm,6c3b5833d0c85694,24745e38d713c198,"{""block_sizes"": [2], ""reduction_loops"": [null], ""range_unroll_factors"": [0], ""range_warp_specializes"": [null], ""range_num_stages"": [0], ""range_multi_buffers"": [null], ""range_flattens"": [null], ""load_eviction_policies"": [""last"", ""first"", ""first"", """", """"], ""num_warps"": 4, ""num_stages"": 6, ""indexing"": [""pointer"", ""pointer"", ""pointer"", ""tensor_descriptor"", ""tensor_descriptor"", ""pointer"", ""pointer""], ""atomic_indexing"": [], ""pid_type"": ""flat""}","{""arg0_ndim"": 2, ""arg0_dim0"": 2048, ""arg0_dim1"": 4096, ""arg0_numel"": 8388608, ""arg0_dtype"": ""torch.bfloat16"", ""arg0_dtype_size"": 2, ""arg0_dtype_cat"": 2, ""arg1_ndim"": 1, ""arg1_dim0"": 4096, ""arg1_numel"": 4096, ""arg1_dtype"": ""torch.bfloat16"", ""arg1_dtype_size"": 2, ""arg1_dtype_cat"": 2}",0.01027199998497963
rms_norm,6c3b5833d0c85694,180c35ef192d14f2,"{""block_sizes"": [2], ""reduction_loops"": [null], ""range_unroll_factors"": [0], ""range_warp_specializes"": [null], ""range_num_stages"": [0], ""range_multi_buffers"": [null], ""range_flattens"": [null], ""load_eviction_policies"": ["""", """", ""last"", """", """"], ""num_warps"": 1, ""num_stages"": 2, ""indexing"": [""pointer"", ""pointer"", ""pointer"", ""pointer"", ""pointer"", ""pointer"", ""pointer""], ""atomic_indexing"": [], ""pid_type"": ""flat""}","{""arg0_ndim"": 2, ""arg0_dim0"": 2048, ""arg0_dim1"": 4096, ""arg0_numel"": 8388608, ""arg0_dtype"": ""torch.bfloat16"", ""arg0_dtype_size"": 2, ""arg0_dtype_cat"": 2, ""arg1_ndim"": 1, ""arg1_dim0"": 4096, ""arg1_numel"": 4096, ""arg1_dtype"": ""torch.bfloat16"", ""arg1_dtype_size"": 2, ""arg1_dtype_cat"": 2}",0.018432000651955605
rms_norm,6c3b5833d0c85694,7bfccb3790afd320,"{""block_sizes"": [2], ""reduction_loops"": [2048], ""range_unroll_factors"": [0], ""range_warp_specializes"": [null], ""range_num_stages"": [0], ""range_multi_buffers"": [null], ""range_flattens"": [null], ""load_eviction_policies"": [""last"", """", ""last"", """", """"], ""num_warps"": 8, ""num_stages"": 1, ""indexing"": [""pointer"", ""pointer"", ""pointer"", ""tensor_descriptor"", ""pointer"", ""tensor_descriptor"", ""tensor_descriptor""], ""atomic_indexing"": [], ""pid_type"": ""flat""}","{""arg0_ndim"": 2, ""arg0_dim0"": 2048, ""arg0_dim1"": 4096, ""arg0_numel"": 8388608, ""arg0_dtype"": ""torch.bfloat16"", ""arg0_dtype_size"": 2, ""arg0_dtype_cat"": 2, ""arg1_ndim"": 1, ""arg1_dim0"": 4096, ""arg1_numel"": 4096, ""arg1_dtype"": ""torch.bfloat16"", ""arg1_dtype_size"": 2, ""arg1_dtype_cat"": 2}",0.010208000428974628
rms_norm,6c3b5833d0c85694,b700865abbecc460,"{""block_sizes"": [1], ""reduction_loops"": [null], ""range_unroll_factors"": [0], ""range_warp_specializes"": [null], ""range_num_stages"": [0], ""range_multi_buffers"": [null], ""range_flattens"": [null], ""load_eviction_policies"": [""first"", """", ""last"", ""last"", """"], ""num_warps"": 16, ""num_stages"": 1, ""indexing"": [""tensor_descriptor"", ""tensor_descriptor"", ""pointer"", ""tensor_descriptor"", ""tensor_descriptor"", ""pointer"", ""tensor_descriptor""], ""atomic_indexing"": [], ""pid_type"": ""flat""}","{""arg0_ndim"": 2, ""arg0_dim0"": 2048, ""arg0_dim1"": 4096, ""arg0_numel"": 8388608, ""arg0_dtype"": ""torch.bfloat16"", ""arg0_dtype_size"": 2, ""arg0_dtype_cat"": 2, ""arg1_ndim"": 1, ""arg1_dim0"": 4096, ""arg1_numel"": 4096, ""arg1_dtype"": ""torch.bfloat16"", ""arg1_dtype_size"": 2, ""arg1_dtype_cat"": 2}",0.014336000196635723
rms_norm,6c3b5833d0c85694,73a4bcfe84591dcd,"{""block_sizes"": [1], ""reduction_loops"": [8192], ""range_unroll_factors"": [0], ""range_warp_specializes"": [null], ""range_num_stages"": [0], ""range_multi_buffers"": [null], ""range_flattens"": [null], ""load_eviction_policies"": ["""", """", """", """", """"], ""num_warps"": 8, ""num_stages"": 4, ""indexing"": [""pointer"", ""pointer"", ""tensor_descriptor"", ""pointer"", ""pointer"", ""tensor_descriptor"", ""tensor_descriptor""], ""atomic_indexing"": [], ""pid_type"": ""flat""}","{""arg0_ndim"": 2, ""arg0_dim0"": 2048, ""arg0_dim1"": 4096, ""arg0_numel"": 8388608, ""arg0_dtype"": ""torch.bfloat16"", ""arg0_dtype_size"": 2, ""arg0_dtype_cat"": 2, ""arg1_ndim"": 1, ""arg1_dim0"": 4096, ""arg1_numel"": 4096, ""arg1_dtype"": ""torch.bfloat16"", ""arg1_dtype_size"": 2, ""arg1_dtype_cat"": 2}",0.016383999958634377
rms_norm,6c3b5833d0c85694,6d53c3602b79725b,"{""block_sizes"": [1], ""reduction_loops"": [8192], ""range_unroll_factors"": [0], ""range_warp_specializes"": [null], ""range_num_stages"": [0], ""range_multi_buffers"": [null], ""range_flattens"": [null], ""load_eviction_policies"": ["""", ""first"", ""last"", """", """"], ""num_warps"": 8, ""num_stages"": 3, ""indexing"": [""pointer"", ""tensor_descriptor"", ""pointer"", ""pointer"", ""pointer"", ""tensor_descriptor"", ""pointer""], ""atomic_indexing"": [], ""pid_type"": ""flat""}","{""arg0_ndim"": 2, ""arg0_dim0"": 2048, ""arg0_dim1"": 4096, ""arg0_numel"": 8388608, ""arg0_dtype"": ""torch.bfloat16"", ""arg0_dtype_size"": 2, ""arg0_dtype_cat"": 2, ""arg1_ndim"": 1, ""arg1_dim0"": 4096, ""arg1_numel"": 4096, ""arg1_dtype"": ""torch.bfloat16"", ""arg1_dtype_size"": 2, ""arg1_dtype_cat"": 2}",0.016383999958634377
rms_norm,6c3b5833d0c85694,ce65586612391f94,"{""block_sizes"": [32], ""reduction_loops"": [null], ""range_unroll_factors"": [0], ""range_warp_specializes"": [null], ""range_num_stages"": [0], ""range_multi_buffers"": [null], ""range_flattens"": [null], ""load_eviction_policies"": ["""", """", """", """", """"], ""num_warps"": 4, ""num_stages"": 1, ""indexing"": [""pointer"", ""pointer"", ""pointer"", ""pointer"", ""pointer"", ""pointer"", ""pointer""], ""atomic_indexing"": [], ""pid_type"": ""flat""}","{""arg0_ndim"": 2, ""arg0_dim0"": 2048, ""arg0_dim1"": 4096, ""arg0_numel"": 8388608, ""arg0_dtype"": ""torch.bfloat16"", ""arg0_dtype_size"": 2, ""arg0_dtype_cat"": 2, ""arg1_ndim"": 1, ""arg1_dim0"": 4096, ""arg1_numel"": 4096, ""arg1_dtype"": ""torch.bfloat16"", ""arg1_dtype_size"": 2, ""arg1_dtype_cat"": 2}",0.19865599274635315
rms_norm,6c3b5833d0c85694,fa68d1735ed55be8,"{""block_sizes"": [16], ""reduction_loops"": [null], ""range_unroll_factors"": [1], ""range_warp_specializes"": [null], ""range_num_stages"": [2], ""range_multi_buffers"": [null], ""range_flattens"": [null], ""load_eviction_policies"": [""first"", ""last"", ""last"", """", ""last""], ""num_warps"": 16, ""num_stages"": 8, ""indexing"": [""tensor_descriptor"", ""pointer"", ""tensor_descriptor"", ""pointer"", ""pointer"", ""pointer"", ""pointer""], ""atomic_indexing"": [], ""pid_type"": ""persistent_interleaved"", ""num_sm_multiplier"": 1}","{""arg0_ndim"": 2, ""arg0_dim0"": 2048, ""arg0_dim1"": 4096, ""arg0_numel"": 8388608, ""arg0_dtype"": ""torch.bfloat16"", ""arg0_dtype_size"": 2, ""arg0_dtype_cat"": 2, ""arg1_ndim"": 1, ""arg1_dim0"": 4096, ""arg1_numel"": 4096, ""arg1_dtype"": ""torch.bfloat16"", ""arg1_dtype_size"": 2, ""arg1_dtype_cat"": 2}",0.014336000196635723
rms_norm,6c3b5833d0c85694,1979210a312b6290,"{""block_sizes"": [16], ""reduction_loops"": [256], ""range_unroll_factors"": [0], ""range_warp_specializes"": [null], ""range_num_stages"": [0], ""range_multi_buffers"": [null], ""range_flattens"": [null], ""load_eviction_policies"": [""first"", """", ""last"", ""last"", """"], ""num_warps"": 16, ""num_stages"": 4, ""indexing"": [""tensor_descriptor"", ""tensor_descriptor"", ""tensor_descriptor"", ""tensor_descriptor"", ""tensor_descriptor"", ""tensor_descriptor"", ""tensor_descriptor""], ""atomic_indexing"": [], ""pid_type"": ""flat""}","{""arg0_ndim"": 2, ""arg0_dim0"": 2048, ""arg0_dim1"": 4096, ""arg0_numel"": 8388608, ""arg0_dtype"": ""torch.bfloat16"", ""arg0_dtype_size"": 2, ""arg0_dtype_cat"": 2, ""arg1_ndim"": 1, ""arg1_dim0"": 4096, ""arg1_numel"": 4096, ""arg1_dtype"": ""torch.bfloat16"", ""arg1_dtype_size"": 2, ""arg1_dtype_cat"": 2}",0.018464000895619392
rms_norm,6c3b5833d0c85694,832d9cc41c9b5249,"{""block_sizes"": [2], ""reduction_loops"": [null], ""range_unroll_factors"": [0], ""range_warp_specializes"": [null], ""range_num_stages"": [0], ""range_multi_buffers"": [null], ""range_flattens"": [null], ""load_eviction_policies"": [""first"", ""last"", ""first"", ""first"", ""last""], ""num_warps"": 1, ""num_stages"": 8, ""indexing"": [""pointer"", ""pointer"", ""tensor_descriptor"", ""pointer"", ""pointer"", ""tensor_descriptor"", ""pointer""], ""atomic_indexing"": [], ""pid_type"": ""flat""}","{""arg0_ndim"": 2, ""arg0_dim0"": 2048, ""arg0_dim1"": 4096, ""arg0_numel"": 8388608, ""arg0_dtype"": ""torch.bfloat16"", ""arg0_dtype_size"": 2, ""arg0_dtype_cat"": 2, ""arg1_ndim"": 1, ""arg1_dim0"": 4096, ""arg1_numel"": 4096, ""arg1_dtype"": ""torch.bfloat16"", ""arg1_dtype_size"": 2, ""arg1_dtype_cat"": 2}",0.018464000895619392
rms_norm,6c3b5833d0c85694,5f3510d018a1da2c,"{""block_sizes"": [2], ""reduction_loops"": [null], ""range_unroll_factors"": [0], ""range_warp_specializes"": [null], ""range_num_stages"": [0], ""range_multi_buffers"": [null], ""range_flattens"": [null], ""load_eviction_policies"": ["""", """", ""first"", """", """"], ""num_warps"": 1, ""num_stages"": 1, ""indexing"": [""pointer"", ""pointer"", ""tensor_descriptor"", ""tensor_descriptor"", ""pointer"", ""pointer"", ""pointer""], ""atomic_indexing"": [], ""pid_type"": ""flat""}","{""arg0_ndim"": 2, ""arg0_dim0"": 2048, ""arg0_dim1"": 4096, ""arg0_numel"": 8388608, ""arg0_dtype"": ""torch.bfloat16"", ""arg0_dtype_size"": 2, ""arg0_dtype_cat"": 2, ""arg1_ndim"": 1, ""arg1_dim0"": 4096, ""arg1_numel"": 4096, ""arg1_dtype"": ""torch.bfloat16"", ""arg1_dtype_size"": 2, ""arg1_dtype_cat"": 2}",0.01836800016462803
rms_norm,6c3b5833d0c85694,c6373fe598a919dd,"{""block_sizes"": [8], ""reduction_loops"": [null], ""range_unroll_factors"": [0], ""range_warp_specializes"": [null], ""range_num_stages"": [0], ""range_multi_buffers"": [null], ""range_flattens"": [null], ""load_eviction_policies"": ["""", """", ""first"", """", """"], ""num_warps"": 16, ""num_stages"": 6, ""indexing"": [""pointer"", ""pointer"", ""pointer"", ""tensor_descriptor"", ""pointer"", ""pointer"", ""pointer""], ""atomic_indexing"": [], ""pid_type"": ""flat""}","{""arg0_ndim"": 2, ""arg0_dim0"": 2048, ""arg0_dim1"": 4096, ""arg0_numel"": 8388608, ""arg0_dtype"": ""torch.bfloat16"", ""arg0_dtype_size"": 2, ""arg0_dtype_cat"": 2, ""arg1_ndim"": 1, ""arg1_dim0"": 4096, ""arg1_numel"": 4096, ""arg1_dtype"": ""torch.bfloat16"", ""arg1_dtype_size"": 2, ""arg1_dtype_cat"": 2}",0.0161920003592968
rms_norm,6c3b5833d0c85694,482f430b8c9d8e8e,"{""block_sizes"": [2], ""reduction_loops"": [2048], ""range_unroll_factors"": [0], ""range_warp_specializes"": [null], ""range_num_stages"": [0], ""range_multi_buffers"": [null], ""range_flattens"": [null], ""load_eviction_policies"": [""last"", ""first"", ""last"", ""first"", ""first""], ""num_warps"": 2, ""num_stages"": 1, ""indexing"": [""tensor_descriptor"", ""pointer"", ""tensor_descriptor"", ""tensor_descriptor"", ""pointer"", ""tensor_descriptor"", ""tensor_descriptor""], ""atomic_indexing"": [], ""pid_type"": ""flat""}","{""arg0_ndim"": 2, ""arg0_dim0"": 2048, ""arg0_dim1"": 4096, ""arg0_numel"": 8388608, ""arg0_dtype"": ""torch.bfloat16"", ""arg0_dtype_size"": 2, ""arg0_dtype_cat"": 2, ""arg1_ndim"": 1, ""arg1_dim0"": 4096, ""arg1_numel"": 4096, ""arg1_dtype"": ""torch.bfloat16"", ""arg1_dtype_size"": 2, ""arg1_dtype_cat"": 2}",0.010239999741315842
rms_norm,6c3b5833d0c85694,816644cab655d611,"{""block_sizes"": [2], ""reduction_loops"": [2048], ""range_unroll_factors"": [0], ""range_warp_specializes"": [null], ""range_num_stages"": [0], ""range_multi_buffers"": [null], ""range_flattens"": [null], ""load_eviction_policies"": ["""", ""first"", ""last"", ""last"", """"], ""num_warps"": 8, ""num_stages"": 3, ""indexing"": [""pointer"", ""tensor_descriptor"", ""tensor_descriptor"", ""pointer"", ""tensor_descriptor"", ""pointer"", ""tensor_descriptor""], ""atomic_indexing"": [], ""pid_type"": ""flat""}","{""arg0_ndim"": 2, ""arg0_dim0"": 2048, ""arg0_dim1"": 4096, ""arg0_numel"": 8388608, ""arg0_dtype"": ""torch.bfloat16"", ""arg0_dtype_size"": 2, ""arg0_dtype_cat"": 2, ""arg1_ndim"": 1, ""arg1_dim0"": 4096, ""arg1_numel"": 4096, ""arg1_dtype"": ""torch.bfloat16"", ""arg1_dtype_size"": 2, ""arg1_dtype_cat"": 2}",0.01228800043463707
rms_norm,6c3b5833d0c85694,3abfa9907ca4fa3a,"{""block_sizes"": [1], ""reduction_loops"": [null], ""range_unroll_factors"": [0], ""range_warp_specializes"": [null], ""range_num_stages"": [0], ""range_multi_buffers"": [null], ""range_flattens"": [null], ""load_eviction_policies"": ["""", ""last"", ""last"", """", """"], ""num_warps"": 4, ""num_stages"": 2, ""indexing"": [""pointer"", ""pointer"", ""pointer"", ""tensor_descriptor"", ""pointer"", ""tensor_descriptor"", ""pointer""], ""atomic_indexing"": [], ""pid_type"": ""flat""}","{""arg0_ndim"": 2, ""arg0_dim0"": 2048, ""arg0_dim1"": 4096, ""arg0_numel"": 8388608, ""arg0_dtype"": ""torch.bfloat16"", ""arg0_dtype_size"": 2, ""arg0_dtype_cat"": 2, ""arg1_ndim"": 1, ""arg1_dim0"": 4096, ""arg1_numel"": 4096, ""arg1_dtype"": ""torch.bfloat16"", ""arg1_dtype_size"": 2, ""arg1_dtype_cat"": 2}",0.01228800043463707
rms_norm,6c3b5833d0c85694,87b2f26661fd2925,"{""block_sizes"": [1], ""reduction_loops"": [null], ""range_unroll_factors"": [0], ""range_warp_specializes"": [null], ""range_num_stages"": [0], ""range_multi_buffers"": [null], ""range_flattens"": [null], ""load_eviction_policies"": ["""", ""last"", ""last"", ""first"", """"], ""num_warps"": 8, ""num_stages"": 2, ""indexing"": [""tensor_descriptor"", ""tensor_descriptor"", ""tensor_descriptor"", ""tensor_descriptor"", ""pointer"", ""pointer"", ""tensor_descriptor""], ""atomic_indexing"": [], ""pid_type"": ""flat""}","{""arg0_ndim"": 2, ""arg0_dim0"": 2048, ""arg0_dim1"": 4096, ""arg0_numel"": 8388608, ""arg0_dtype"": ""torch.bfloat16"", ""arg0_dtype_size"": 2, ""arg0_dtype_cat"": 2, ""arg1_ndim"": 1, ""arg1_dim0"": 4096, ""arg1_numel"": 4096, ""arg1_dtype"": ""torch.bfloat16"", ""arg1_dtype_size"": 2, ""arg1_dtype_cat"": 2}",0.01228800043463707
rms_norm,6c3b5833d0c85694,7c1f654402c9dd7f,"{""block_sizes"": [1], ""reduction_loops"": [1024], ""range_unroll_factors"": [0], ""range_warp_specializes"": [null], ""range_num_stages"": [0], ""range_multi_buffers"": [null], ""range_flattens"": [null], ""load_eviction_policies"": ["""", ""first"", """", ""last"", ""first""], ""num_warps"": 4, ""num_stages"": 3, ""indexing"": [""pointer"", ""tensor_descriptor"", ""tensor_descriptor"", ""tensor_descriptor"", ""tensor_descriptor"", ""pointer"", ""pointer""], ""atomic_indexing"": [], ""pid_type"": ""flat""}","{""arg0_ndim"": 2, ""arg0_dim0"": 2048, ""arg0_dim1"": 4096, ""arg0_numel"": 8388608, ""arg0_dtype"": ""torch.bfloat16"", ""arg0_dtype_size"": 2, ""arg0_dtype_cat"": 2, ""arg1_ndim"": 1, ""arg1_dim0"": 4096, ""arg1_numel"": 4096, ""arg1_dtype"": ""torch.bfloat16"", ""arg1_dtype_size"": 2, ""arg1_dtype_cat"": 2}",0.01228800043463707
rms_norm,6c3b5833d0c85694,306f51b1d2d06f98,"{""block_sizes"": [1], ""reduction_loops"": [1024], ""range_unroll_factors"": [0], ""range_warp_specializes"": [null], ""range_num_stages"": [0], ""range_multi_buffers"": [null], ""range_flattens"": [null], ""load_eviction_policies"": ["""", ""first"", """", """", ""last""], ""num_warps"": 4, ""num_stages"": 5, ""indexing"": [""pointer"", ""tensor_descriptor"", ""tensor_descriptor"", ""pointer"", ""pointer"", ""tensor_descriptor"", ""tensor_descriptor""], ""atomic_indexing"": [], ""pid_type"": ""flat""}","{""arg0_ndim"": 2, ""arg0_dim0"": 2048, ""arg0_dim1"": 4096, ""arg0_numel"": 8388608, ""arg0_dtype"": ""torch.bfloat16"", ""arg0_dtype_size"": 2, ""arg0_dtype_cat"": 2, ""arg1_ndim"": 1, ""arg1_dim0"": 4096, ""arg1_numel"": 4096, ""arg1_dtype"": ""torch.bfloat16"", ""arg1_dtype_size"": 2, ""arg1_dtype_cat"": 2}",0.012256000190973282
rms_norm,6c3b5833d0c85694,5c295017bd009288,"{""block_sizes"": [1], ""reduction_loops"": [null], ""range_unroll_factors"": [0], ""range_warp_specializes"": [null], ""range_num_stages"": [0], ""range_multi_buffers"": [null], ""range_flattens"": [null], ""load_eviction_policies"": [""first"", """", ""last"", """", ""last""], ""num_warps"": 16, ""num_stages"": 4, ""indexing"": [""tensor_descriptor"", ""pointer"", ""tensor_descriptor"", ""pointer"", ""pointer"", ""pointer"", ""pointer""], ""atomic_indexing"": [], ""pid_type"": ""flat""}","{""arg0_ndim"": 2, ""arg0_dim0"": 2048, ""arg0_dim1"": 4096, ""arg0_numel"": 8388608, ""arg0_dtype"": ""torch.bfloat16"", ""arg0_dtype_size"": 2, ""arg0_dtype_cat"": 2, ""arg1_ndim"": 1, ""arg1_dim0"": 4096, ""arg1_numel"": 4096, ""arg1_dtype"": ""torch.bfloat16"", ""arg1_dtype_size"": 2, ""arg1_dtype_cat"": 2}",0.014336000196635723
rms_norm,6c3b5833d0c85694,9615e7b2fea5ec90,"{""block_sizes"": [1], ""reduction_loops"": [2048], ""range_unroll_factors"": [0], ""range_warp_specializes"": [null], ""range_num_stages"": [0], ""range_multi_buffers"": [null], ""range_flattens"": [null], ""load_eviction_policies"": ["""", ""first"", ""last"", ""first"", ""last""], ""num_warps"": 8, ""num_stages"": 8, ""indexing"": [""pointer"", ""pointer"", ""pointer"", ""tensor_descriptor"", ""pointer"", ""tensor_descriptor"", ""pointer""], ""atomic_indexing"": [], ""pid_type"": ""flat""}","{""arg0_ndim"": 2, ""arg0_dim0"": 2048, ""arg0_dim1"": 4096, ""arg0_numel"": 8388608, ""arg0_dtype"": ""torch.bfloat16"", ""arg0_dtype_size"": 2, ""arg0_dtype_cat"": 2, ""arg1_ndim"": 1, ""arg1_dim0"": 4096, ""arg1_numel"": 4096, ""arg1_dtype"": ""torch.bfloat16"", ""arg1_dtype_size"": 2, ""arg1_dtype_cat"": 2}",0.01228800043463707
rms_norm,6c3b5833d0c85694,ef0576b1337868e5,"{""block_sizes"": [1], ""reduction_loops"": [null], ""range_unroll_factors"": [0], ""range_warp_specializes"": [null], ""range_num_stages"": [0], ""range_multi_buffers"": [null], ""range_flattens"": [null], ""load_eviction_policies"": ["""", """", ""last"", """", ""last""], ""num_warps"": 8, ""num_stages"": 6, ""indexing"": [""tensor_descriptor"", ""pointer"", ""pointer"", ""pointer"", ""pointer"", ""tensor_descriptor"", ""tensor_descriptor""], ""atomic_indexing"": [], ""pid_type"": ""flat""}","{""arg0_ndim"": 2, ""arg0_dim0"": 2048, ""arg0_dim1"": 4096, ""arg0_numel"": 8388608, ""arg0_dtype"": ""torch.bfloat16"", ""arg0_dtype_size"": 2, ""arg0_dtype_cat"": 2, ""arg1_ndim"": 1, ""arg1_dim0"": 4096, ""arg1_numel"": 4096, ""arg1_dtype"": ""torch.bfloat16"", ""arg1_dtype_size"": 2, ""arg1_dtype_cat"": 2}",0.01228800043463707
rms_norm,6c3b5833d0c85694,11bb6dfa80985863,"{""block_sizes"": [1], ""reduction_loops"": [null], ""range_unroll_factors"": [0], ""range_warp_specializes"": [null], ""range_num_stages"": [0], ""range_multi_buffers"": [null], ""range_flattens"": [null], ""load_eviction_policies"": [""first"", """", ""last"", """", """"], ""num_warps"": 16, ""num_stages"": 2, ""indexing"": [""tensor_descriptor"", ""pointer"", ""pointer"", ""pointer"", ""tensor_descriptor"", ""tensor_descriptor"", ""pointer""], ""atomic_indexing"": [], ""pid_type"": ""flat""}","{""arg0_ndim"": 2, ""arg0_dim0"": 2048, ""arg0_dim1"": 4096, ""arg0_numel"": 8388608, ""arg0_dtype"": ""torch.bfloat16"", ""arg0_dtype_size"": 2, ""arg0_dtype_cat"": 2, ""arg1_ndim"": 1, ""arg1_dim0"": 4096, ""arg1_numel"": 4096, ""arg1_dtype"": ""torch.bfloat16"", ""arg1_dtype_size"": 2, ""arg1_dtype_cat"": 2}",0.014336000196635723
rms_norm,6c3b5833d0c85694,964bbd2b95871270,"{""block_sizes"": [1], ""reduction_loops"": [null], ""range_unroll_factors"": [0], ""range_warp_specializes"": [null], ""range_num_stages"": [0], ""range_multi_buffers"": [null], ""range_flattens"": [null], ""load_eviction_policies"": ["""", """", """", ""first"", """"], ""num_warps"": 8, ""num_stages"": 6, ""indexing"": [""pointer"", ""tensor_descriptor"", ""tensor_descriptor"", ""tensor_descriptor"", ""pointer"", ""tensor_descriptor"", ""tensor_descriptor""], ""atomic_indexing"": [], ""pid_type"": ""flat""}","{""arg0_ndim"": 2, ""arg0_dim0"": 2048, ""arg0_dim1"": 4096, ""arg0_numel"": 8388608, ""arg0_dtype"": ""torch.bfloat16"", ""arg0_dtype_size"": 2, ""arg0_dtype_cat"": 2, ""arg1_ndim"": 1, ""arg1_dim0"": 4096, ""arg1_numel"": 4096, ""arg1_dtype"": ""torch.bfloat16"", ""arg1_dtype_size"": 2, ""arg1_dtype_cat"": 2}",0.01228800043463707
rms_norm,6c3b5833d0c85694,a0bad60454a64a49,"{""block_sizes"": [1], ""reduction_loops"": [null], ""range_unroll_factors"": [0], ""range_warp_specializes"": [null], ""range_num_stages"": [0], ""range_multi_buffers"": [null], ""range_flattens"": [null], ""load_eviction_policies"": [""first"", ""last"", ""last"", """", ""last""], ""num_warps"": 16, ""num_stages"": 4, ""indexing"": [""pointer"", ""tensor_descriptor"", ""pointer"", ""pointer"", ""pointer"", ""pointer"", ""pointer""], ""atomic_indexing"": [], ""pid_type"": ""flat""}","{""arg0_ndim"": 2, ""arg0_dim0"": 2048, ""arg0_dim1"": 4096, ""arg0_numel"": 8388608, ""arg0_dtype"": ""torch.bfloat16"", ""arg0_dtype_size"": 2, ""arg0_dtype_cat"": 2, ""arg1_ndim"": 1, ""arg1_dim0"": 4096, ""arg1_numel"": 4096, ""arg1_dtype"": ""torch.bfloat16"", ""arg1_dtype_size"": 2, ""arg1_dtype_cat"": 2}",0.014336000196635723
rms_norm,6c3b5833d0c85694,45b47d2b716e8754,"{""block_sizes"": [4], ""reduction_loops"": [null], ""range_unroll_factors"": [0], ""range_warp_specializes"": [null], ""range_num_stages"": [0], ""range_multi_buffers"": [null], ""range_flattens"": [null], ""load_eviction_policies"": [""first"", """", """", ""last"", ""last""], ""num_warps"": 2, ""num_stages"": 5, ""indexing"": [""pointer"", ""tensor_descriptor"", ""tensor_descriptor"", ""tensor_descriptor"", ""tensor_descriptor"", ""pointer"", ""pointer""], ""atomic_indexing"": [], ""pid_type"": ""flat""}","{""arg0_ndim"": 2, ""arg0_dim0"": 2048, ""arg0_dim1"": 4096, ""arg0_numel"": 8388608, ""arg0_dtype"": ""torch.bfloat16"", ""arg0_dtype_size"": 2, ""arg0_dtype_cat"": 2, ""arg1_ndim"": 1, ""arg1_dim0"": 4096, ""arg1_numel"": 4096, ""arg1_dtype"": ""torch.bfloat16"", ""arg1_dtype_size"": 2, ""arg1_dtype_cat"": 2}",0.0144640002399683
rms_norm,6c3b5833d0c85694,0e08e3ec9a7b2c1e,"{""block_sizes"": [4], ""reduction_loops"": [null], ""range_unroll_factors"": [0], ""range_warp_specializes"": [null], ""range_num_stages"": [0], ""range_multi_buffers"": [null], ""range_flattens"": [null], ""load_eviction_policies"": [""first"", ""last"", """", ""first"", """"], ""num_warps"": 2, ""num_stages"": 3, ""indexing"": [""pointer"", ""tensor_descriptor"", ""pointer"", ""tensor_descriptor"", ""tensor_descriptor"", ""tensor_descriptor"", ""tensor_descriptor""], ""atomic_indexing"": [], ""pid_type"": ""flat""}","{""arg0_ndim"": 2, ""arg0_dim0"": 2048, ""arg0_dim1"": 4096, ""arg0_numel"": 8388608, ""arg0_dtype"": ""torch.bfloat16"", ""arg0_dtype_size"": 2, ""arg0_dtype_cat"": 2, ""arg1_ndim"": 1, ""arg1_dim0"": 4096, ""arg1_numel"": 4096, ""arg1_dtype"": ""torch.bfloat16"", ""arg1_dtype_size"": 2, ""arg1_dtype_cat"": 2}",0.014368000440299511
rms_norm,6c3b5833d0c85694,a3c8f5854ffdaebc,"{""block_sizes"": [16], ""reduction_loops"": [null], ""range_unroll_factors"": [0], ""range_warp_specializes"": [null], ""range_num_stages"": [0], ""range_multi_buffers"": [null], ""range_flattens"": [null], ""load_eviction_policies"": ["""", """", ""first"", """", ""last""], ""num_warps"": 4, ""num_stages"": 5, ""indexing"": [""pointer"", ""pointer"", ""pointer"", ""pointer"", ""pointer"", ""pointer"", ""pointer""], ""atomic_indexing"": [], ""pid_type"": ""flat""}","{""arg0_ndim"": 2, ""arg0_dim0"": 2048, ""arg0_dim1"": 4096, ""arg0_numel"": 8388608, ""arg0_dtype"": ""torch.bfloat16"", ""arg0_dtype_size"": 2, ""arg0_dtype_cat"": 2, ""arg1_ndim"": 1, ""arg1_dim0"": 4096, ""arg1_numel"": 4096, ""arg1_dtype"": ""torch.bfloat16"", ""arg1_dtype_size"": 2, ""arg1_dtype_cat"": 2}",0.09628800302743912
rms_norm,6c3b5833d0c85694,df5f9e1409cfd8bd,"{""block_sizes"": [16], ""reduction_loops"": [null], ""range_unroll_factors"": [0], ""range_warp_specializes"": [null], ""range_num_stages"": [0], ""range_multi_buffers"": [null], ""range_flattens"": [null], ""load_eviction_policies"": ["""", """", ""last"", """", ""first""], ""num_warps"": 4, ""num_stages"": 1, ""indexing"": [""pointer"", ""pointer"", ""pointer"", ""pointer"", ""pointer"", ""tensor_descriptor"", ""tensor_descriptor""], ""atomic_indexing"": [], ""pid_type"": ""flat""}","{""arg0_ndim"": 2, ""arg0_dim0"": 2048, ""arg0_dim1"": 4096, ""arg0_numel"": 8388608, ""arg0_dtype"": ""torch.bfloat16"", ""arg0_dtype_size"": 2, ""arg0_dtype_cat"": 2, ""arg1_ndim"": 1, ""arg1_dim0"": 4096, ""arg1_numel"": 4096, ""arg1_dtype"": ""torch.bfloat16"", ""arg1_dtype_size"": 2, ""arg1_dtype_cat"": 2}",0.09628800302743912
rms_norm,8c2bfaf545ccea2b,24745e38d713c198,"{""block_sizes"": [2], ""reduction_loops"": [null], ""range_unroll_factors"": [0], ""range_warp_specializes"": [null], ""range_num_stages"": [0], ""range_multi_buffers"": [null], ""range_flattens"": [null], ""load_eviction_policies"": [""last"", ""first"", ""first"", """", """"], ""num_warps"": 4, ""num_stages"": 6, ""indexing"": [""pointer"", ""pointer"", ""pointer"", ""tensor_descriptor"", ""tensor_descriptor"", ""pointer"", ""pointer""], ""atomic_indexing"": [], ""pid_type"": ""flat""}","{""arg0_ndim"": 2, ""arg0_dim0"": 2048, ""arg0_dim1"": 8192, ""arg0_numel"": 16777216, ""arg0_dtype"": ""torch.bfloat16"", ""arg0_dtype_size"": 2, ""arg0_dtype_cat"": 2, ""arg1_ndim"": 1, ""arg1_dim0"": 8192, ""arg1_numel"": 8192, ""arg1_dtype"": ""torch.bfloat16"", ""arg1_dtype_size"": 2, ""arg1_dtype_cat"": 2}",0.02051199972629547
rms_norm,8c2bfaf545ccea2b,180c35ef192d14f2,"{""block_sizes"": [2], ""reduction_loops"": [null], ""range_unroll_factors"": [0], ""range_warp_specializes"": [null], ""range_num_stages"": [0], ""range_multi_buffers"": [null], ""range_flattens"": [null], ""load_eviction_policies"": ["""", """", ""last"", """", """"], ""num_warps"": 1, ""num_stages"": 2, ""indexing"": [""pointer"", ""pointer"", ""pointer"", ""pointer"", ""pointer"", ""pointer"", ""pointer""], ""atomic_indexing"": [], ""pid_type"": ""flat""}","{""arg0_ndim"": 2, ""arg0_dim0"": 2048, ""arg0_dim1"": 8192, ""arg0_numel"": 16777216, ""arg0_dtype"": ""torch.bfloat16"", ""arg0_dtype_size"": 2, ""arg0_dtype_cat"": 2, ""arg1_ndim"": 1, ""arg1_dim0"": 8192, ""arg1_numel"": 8192, ""arg1_dtype"": ""torch.bfloat16"", ""arg1_dtype_size"": 2, ""arg1_dtype_cat"": 2}",0.10652799904346466
rms_norm,8c2bfaf545ccea2b,7bfccb3790afd320,"{""block_sizes"": [2], ""reduction_loops"": [2048], ""range_unroll_factors"": [0], ""range_warp_specializes"": [null], ""range_num_stages"": [0], ""range_multi_buffers"": [null], ""range_flattens"": [null], ""load_eviction_policies"": [""last"", """", ""last"", """", """"], ""num_warps"": 8, ""num_stages"": 1, ""indexing"": [""pointer"", ""pointer"", ""pointer"", ""tensor_descriptor"", ""pointer"", ""tensor_descriptor"", ""tensor_descriptor""], ""atomic_indexing"": [], ""pid_type"": ""flat""}","{""arg0_ndim"": 2, ""arg0_dim0"": 2048, ""arg0_dim1"": 8192, ""arg0_numel"": 16777216, ""arg0_dtype"": ""torch.bfloat16"", ""arg0_dtype_size"": 2, ""arg0_dtype_cat"": 2, ""arg1_ndim"": 1, ""arg1_dim0"": 8192, ""arg1_numel"": 8192, ""arg1_dtype"": ""torch.bfloat16"", ""arg1_dtype_size"": 2, ""arg1_dtype_cat"": 2}",0.018464000895619392
rms_norm,8c2bfaf545ccea2b,b700865abbecc460,"{""block_sizes"": [1], ""reduction_loops"": [null], ""range_unroll_factors"": [0], ""range_warp_specializes"": [null], ""range_num_stages"": [0], ""range_multi_buffers"": [null], ""range_flattens"": [null], ""load_eviction_policies"": [""first"", """", ""last"", ""last"", """"], ""num_warps"": 16, ""num_stages"": 1, ""indexing"": [""tensor_descriptor"", ""tensor_descriptor"", ""pointer"", ""tensor_descriptor"", ""tensor_descriptor"", ""pointer"", ""tensor_descriptor""], ""atomic_indexing"": [], ""pid_type"": ""flat""}","{""arg0_ndim"": 2, ""arg0_dim0"": 2048, ""arg0_dim1"": 8192, ""arg0_numel"": 16777216, ""arg0_dtype"": ""torch.bfloat16"", ""arg0_dtype_size"": 2, ""arg0_dtype_cat"": 2, ""arg1_ndim"": 1, ""arg1_dim0"": 8192, ""arg1_numel"": 8192, ""arg1_dtype"": ""torch.bfloat16"", ""arg1_dtype_size"": 2, ""arg1_dtype_cat"": 2}",0.018464000895619392
rms_norm,8c2bfaf545ccea2b,73a4bcfe84591dcd,"{""block_sizes"": [1], ""reduction_loops"": [8192], ""range_unroll_factors"": [0], ""range_warp_specializes"": [null], ""range_num_stages"": [0], ""range_multi_buffers"": [null], ""range_flattens"": [null], ""load_eviction_policies"": ["""", """", """", """", """"], ""num_warps"": 8, ""num_stages"": 4, ""indexing"": [""pointer"", ""pointer"", ""tensor_descriptor"", ""pointer"", ""pointer"", ""tensor_descriptor"", ""tensor_descriptor""], ""atomic_indexing"": [], ""pid_type"": ""flat""}","{""arg0_ndim"": 2, ""arg0_dim0"": 2048, ""arg0_dim1"": 8192, ""arg0_numel"": 16777216, ""arg0_dtype"": ""torch.bfloat16"", ""arg0_dtype_size"": 2, ""arg0_dtype_cat"": 2, ""arg1_ndim"": 1, ""arg1_dim0"": 8192, ""arg1_numel"": 8192, ""arg1_dtype"": ""torch.bfloat16"", ""arg1_dtype_size"": 2, ""arg1_dtype_cat"": 2}",0.018464000895619392
rms_norm,8c2bfaf545ccea2b,6d53c3602b79725b,"{""block_sizes"": [1], ""reduction_loops"": [8192], ""range_unroll_factors"": [0], ""range_warp_specializes"": [null], ""range_num_stages"": [0], ""range_multi_buffers"": [null], ""range_flattens"": [null], ""load_eviction_policies"": ["""", ""first"", ""last"", """", """"], ""num_warps"": 8, ""num_stages"": 3, ""indexing"": [""pointer"", ""tensor_descriptor"", ""pointer"", ""pointer"", ""pointer"", ""tensor_descriptor"", ""pointer""], ""atomic_indexing"": [], ""pid_type"": ""flat""}","{""arg0_ndim"": 2, ""arg0_dim0"": 2048, ""arg0_dim1"": 8192, ""arg0_numel"": 16777216, ""arg0_dtype"": ""torch.bfloat16"", ""arg0_dtype_size"": 2, ""arg0_dtype_cat"": 2, ""arg1_ndim"": 1, ""arg1_dim0"": 8192, ""arg1_numel"": 8192, ""arg1_dtype"": ""torch.bfloat16"", ""arg1_dtype_size"": 2, ""arg1_dtype_cat"": 2}",0.018432000651955605
rms_norm,8c2bfaf545ccea2b,ce65586612391f94,"{""block_sizes"": [32], ""reduction_loops"": [null], ""range_unroll_factors"": [0], ""range_warp_specializes"": [null], ""range_num_stages"": [0], ""range_multi_buffers"": [null], ""range_flattens"": [null], ""load_eviction_policies"": ["""", """", """", """", """"], ""num_warps"": 4, ""num_stages"": 1, ""indexing"": [""pointer"", ""pointer"", ""pointer"", ""pointer"", ""pointer"", ""pointer"", ""pointer""], ""atomic_indexing"": [], ""pid_type"": ""flat""}","{""arg0_ndim"": 2, ""arg0_dim0"": 2048, ""arg0_dim1"": 8192, ""arg0_numel"": 16777216, ""arg0_dtype"": ""torch.bfloat16"", ""arg0_dtype_size"": 2, ""arg0_dtype_cat"": 2, ""arg1_ndim"": 1, ""arg1_dim0"": 8192, ""arg1_numel"": 8192, ""arg1_dtype"": ""torch.bfloat16"", ""arg1_dtype_size"": 2, ""arg1_dtype_cat"": 2}",0.5221759974956512
rms_norm,8c2bfaf545ccea2b,fa68d1735ed55be8,"{""block_sizes"": [16], ""reduction_loops"": [null], ""range_unroll_factors"": [1], ""range_warp_specializes"": [null], ""range_num_stages"": [2], ""range_multi_buffers"": [null], ""range_flattens"": [null], ""load_eviction_policies"": [""first"", ""last"", ""last"", """", ""last""], ""num_warps"": 16, ""num_stages"": 8, ""indexing"": [""tensor_descriptor"", ""pointer"", ""tensor_descriptor"", ""pointer"", ""pointer"", ""pointer"", ""pointer""], ""atomic_indexing"": [], ""pid_type"": ""persistent_interleaved"", ""num_sm_multiplier"": 1}","{""arg0_ndim"": 2, ""arg0_dim0"": 2048, ""arg0_dim1"": 8192, ""arg0_numel"": 16777216, ""arg0_dtype"": ""torch.bfloat16"", ""arg0_dtype_size"": 2, ""arg0_dtype_cat"": 2, ""arg1_ndim"": 1, ""arg1_dim0"": 8192, ""arg1_numel"": 8192, ""arg1_dtype"": ""torch.bfloat16"", ""arg1_dtype_size"": 2, ""arg1_dtype_cat"": 2}",0.06771200150251389
rms_norm,8c2bfaf545ccea2b,1979210a312b6290,"{""block_sizes"": [16], ""reduction_loops"": [256], ""range_unroll_factors"": [0], ""range_warp_specializes"": [null], ""range_num_stages"": [0], ""range_multi_buffers"": [null], ""range_flattens"": [null], ""load_eviction_policies"": [""first"", """", ""last"", ""last"", """"], ""num_warps"": 16, ""num_stages"": 4, ""indexing"": [""tensor_descriptor"", ""tensor_descriptor"", ""tensor_descriptor"", ""tensor_descriptor"", ""tensor_descriptor"", ""tensor_descriptor"", ""tensor_descriptor""], ""atomic_indexing"": [], ""pid_type"": ""flat""}","{""arg0_ndim"": 2, ""arg0_dim0"": 2048, ""arg0_dim1"": 8192, ""arg0_numel"": 16777216, ""arg0_dtype"": ""torch.bfloat16"", ""arg0_dtype_size"": 2, ""arg0_dtype_cat"": 2, ""arg1_ndim"": 1, ""arg1_dim0"": 8192, ""arg1_numel"": 8192, ""arg1_dtype"": ""torch.bfloat16"", ""arg1_dtype_size"": 2, ""arg1_dtype_cat"": 2}",0.03891199827194214
rms_norm,8c2bfaf545ccea2b,832d9cc41c9b5249,"{""block_sizes"": [2], ""reduction_loops"": [null], ""range_unroll_factors"": [0], ""range_warp_specializes"": [null], ""range_num_stages"": [0], ""range_multi_buffers"": [null], ""range_flattens"": [null], ""load_eviction_policies"": [""first"", ""last"", ""first"", ""first"", ""last""], ""num_warps"": 1, ""num_stages"": 8, ""indexing"": [""pointer"", ""pointer"", ""tensor_descriptor"", ""pointer"", ""pointer"", ""tensor_descriptor"", ""pointer""], ""atomic_indexing"": [], ""pid_type"": ""flat""}","{""arg0_ndim"": 2, ""arg0_dim0"": 2048, ""arg0_dim1"": 8192, ""arg0_numel"": 16777216, ""arg0_dtype"": ""torch.bfloat16"", ""arg0_dtype_size"": 2, ""arg0_dtype_cat"": 2, ""arg1_ndim"": 1, ""arg1_dim0"": 8192, ""arg1_numel"": 8192, ""arg1_dtype"": ""torch.bfloat16"", ""arg1_dtype_size"": 2, ""arg1_dtype_cat"": 2}",0.10447999835014343
rms_norm,8c2bfaf545ccea2b,5f3510d018a1da2c,"{""block_sizes"": [2], ""reduction_loops"": [null], ""range_unroll_factors"": [0], ""range_warp_specializes"": [null], ""range_num_stages"": [0], ""range_multi_buffers"": [null], ""range_flattens"": [null], ""load_eviction_policies"": ["""", """", ""first"", """", """"], ""num_warps"": 1, ""num_stages"": 1, ""indexing"": [""pointer"", ""pointer"", ""tensor_descriptor"", ""tensor_descriptor"", ""pointer"", ""pointer"", ""pointer""], ""atomic_indexing"": [], ""pid_type"": ""flat""}","{""arg0_ndim"": 2, ""arg0_dim0"": 2048, ""arg0_dim1"": 8192, ""arg0_numel"": 16777216, ""arg0_dtype"": ""torch.bfloat16"", ""arg0_dtype_size"": 2, ""arg0_dtype_cat"": 2, ""arg1_ndim"": 1, ""arg1_dim0"": 8192, ""arg1_numel"": 8192, ""arg1_dtype"": ""torch.bfloat16"", ""arg1_dtype_size"": 2, ""arg1_dtype_cat"": 2}",0.10636799782514572
rms_norm,8c2bfaf545ccea2b,c6373fe598a919dd,"{""block_sizes"": [8], ""reduction_loops"": [null], ""range_unroll_factors"": [0], ""range_warp_specializes"": [null], ""range_num_stages"": [0], ""range_multi_buffers"": [null], ""range_flattens"": [null], ""load_eviction_policies"": ["""", """", ""first"", """", """"], ""num_warps"": 16, ""num_stages"": 6, ""indexing"": [""pointer"", ""pointer"", ""pointer"", ""tensor_descriptor"", ""pointer"", ""pointer"", ""pointer""], ""atomic_indexing"": [], ""pid_type"": ""flat""}","{""arg0_ndim"": 2, ""arg0_dim0"": 2048, ""arg0_dim1"": 8192, ""arg0_numel"": 16777216, ""arg0_dtype"": ""torch.bfloat16"", ""arg0_dtype_size"": 2, ""arg0_dtype_cat"": 2, ""arg1_ndim"": 1, ""arg1_dim0"": 8192, ""arg1_numel"": 8192, ""arg1_dtype"": ""torch.bfloat16"", ""arg1_dtype_size"": 2, ""arg1_dtype_cat"": 2}",0.024447999894618988
rms_norm,8c2bfaf545ccea2b,482f430b8c9d8e8e,"{""block_sizes"": [2], ""reduction_loops"": [2048], ""range_unroll_factors"": [0], ""range_warp_specializes"": [null], ""range_num_stages"": [0], ""range_multi_buffers"": [null], ""range_flattens"": [null], ""load_eviction_policies"": [""last"", ""first"", ""last"", ""first"", ""first""], ""num_warps"": 2, ""num_stages"": 1, ""indexing"": [""tensor_descriptor"", ""pointer"", ""tensor_descriptor"", ""tensor_descriptor"", ""pointer"", ""tensor_descriptor"", ""tensor_descriptor""], ""atomic_indexing"": [], ""pid_type"": ""flat""}","{""arg0_ndim"": 2, ""arg0_dim0"": 2048, ""arg0_dim1"": 8192, ""arg0_numel"": 16777216, ""arg0_dtype"": ""torch.bfloat16"", ""arg0_dtype_size"": 2, ""arg0_dtype_cat"": 2, ""arg1_ndim"": 1, ""arg1_dim0"": 8192, ""arg1_numel"": 8192, ""arg1_dtype"": ""torch.bfloat16"", ""arg1_dtype_size"": 2, ""arg1_dtype_cat"": 2}",0.018464000895619392
rms_norm,8c2bfaf545ccea2b,816644cab655d611,"{""block_sizes"": [2], ""reduction_loops"": [2048], ""range_unroll_factors"": [0], ""range_warp_specializes"": [null], ""range_num_stages"": [0], ""range_multi_buffers"": [null], ""range_flattens"": [null], ""load_eviction_policies"": ["""", ""first"", ""last"", ""last"", """"], ""num_warps"": 8, ""num_stages"": 3, ""indexing"": [""pointer"", ""tensor_descriptor"", ""tensor_descriptor"", ""pointer"", ""tensor_descriptor"", ""pointer"", ""tensor_descriptor""], ""atomic_indexing"": [], ""pid_type"": ""flat""}","{""arg0_ndim"": 2, ""arg0_dim0"": 2048, ""arg0_dim1"": 8192, ""arg0_numel"": 16777216, ""arg0_dtype"": ""torch.bfloat16"", ""arg0_dtype_size"": 2, ""arg0_dtype_cat"": 2, ""arg1_ndim"": 1, ""arg1_dim0"": 8192, ""arg1_numel"": 8192, ""arg1_dtype"": ""torch.bfloat16"", ""arg1_dtype_size"": 2, ""arg1_dtype_cat"": 2}",0.018432000651955605
rms_norm,8c2bfaf545ccea2b,3abfa9907ca4fa3a,"{""block_sizes"": [1], ""reduction_loops"": [null], ""range_unroll_factors"": [0], ""range_warp_specializes"": [null], ""range_num_stages"": [0], ""range_multi_buffers"": [null], ""range_flattens"": [null], ""load_eviction_policies"": ["""", ""last"", ""last"", """", """"], ""num_warps"": 4, ""num_stages"": 2, ""indexing"": [""pointer"", ""pointer"", ""pointer"", ""tensor_descriptor"", ""pointer"", ""tensor_descriptor"", ""pointer""], ""atomic_indexing"": [], ""pid_type"": ""flat""}","{""arg0_ndim"": 2, ""arg0_dim0"": 2048, ""arg0_dim1"": 8192, ""arg0_numel"": 16777216, ""arg0_dtype"": ""torch.bfloat16"", ""arg0_dtype_size"": 2, ""arg0_dtype_cat"": 2, ""arg1_ndim"": 1, ""arg1_dim0"": 8192, ""arg1_numel"": 8192, ""arg1_dtype"": ""torch.bfloat16"", ""arg1_dtype_size"": 2, ""arg1_dtype_cat"": 2}",0.020479999482631683
rms_norm,8c2bfaf545ccea2b,87b2f26661fd2925,"{""block_sizes"": [1], ""reduction_loops"": [null], ""range_unroll_factors"": [0], ""range_warp_specializes"": [null], ""range_num_stages"": [0], ""range_multi_buffers"": [null], ""range_flattens"": [null], ""load_eviction_policies"": ["""", ""last"", ""last"", ""first"", """"], ""num_warps"": 8, ""num_stages"": 2, ""indexing"": [""tensor_descriptor"", ""tensor_descriptor"", ""tensor_descriptor"", ""tensor_descriptor"", ""pointer"", ""pointer"", ""tensor_descriptor""], ""atomic_indexing"": [], ""pid_type"": ""flat""}","{""arg0_ndim"": 2, ""arg0_dim0"": 2048, ""arg0_dim1"": 8192, ""arg0_numel"": 16777216, ""arg0_dtype"": ""torch.bfloat16"", ""arg0_dtype_size"": 2, ""arg0_dtype_cat"": 2, ""arg1_ndim"": 1, ""arg1_dim0"": 8192, ""arg1_numel"": 8192, ""arg1_dtype"": ""torch.bfloat16"", ""arg1_dtype_size"": 2, ""arg1_dtype_cat"": 2}",0.018432000651955605
rms_norm,8c2bfaf545ccea2b,7c1f654402c9dd7f,"{""block_sizes"": [1], ""reduction_loops"": [1024], ""range_unroll_factors"": [0], ""range_warp_specializes"": [null], ""range_num_stages"": [0], ""range_multi_buffers"": [null], ""range_flattens"": [null], ""load_eviction_policies"": ["""", ""first"", """", ""last"", ""first""], ""num_warps"": 4, ""num_stages"": 3, ""indexing"": [""pointer"", ""tensor_descriptor"", ""tensor_descriptor"", ""tensor_descriptor"", ""tensor_descriptor"", ""pointer"", ""pointer""], ""atomic_indexing"": [], ""pid_type"": ""flat""}","{""arg0_ndim"": 2, ""arg0_dim0"": 2048, ""arg0_dim1"": 8192, ""arg0_numel"": 16777216, ""arg0_dtype"": ""torch.bfloat16"", ""arg0_dtype_size"": 2, ""arg0_dtype_cat"": 2, ""arg1_ndim"": 1, ""arg1_dim0"": 8192, ""arg1_numel"": 8192, ""arg1_dtype"": ""torch.bfloat16"", ""arg1_dtype_size"": 2, ""arg1_dtype_cat"": 2}",0.018432000651955605
rms_norm,8c2bfaf545ccea2b,306f51b1d2d06f98,"{""block_sizes"": [1], ""reduction_loops"": [1024], ""range_unroll_factors"": [0], ""range_warp_specializes"": [null], ""range_num_stages"": [0], ""range_multi_buffers"": [null], ""range_flattens"": [null], ""load_eviction_policies"": ["""", ""first"", """", """", ""last""], ""num_warps"": 4, ""num_stages"": 5, ""indexing"": [""pointer"", ""tensor_descriptor"", ""tensor_descriptor"", ""pointer"", ""pointer"", ""tensor_descriptor"", ""tensor_descriptor""], ""atomic_indexing"": [], ""pid_type"": ""flat""}","{""arg0_ndim"": 2, ""arg0_dim0"": 2048, ""arg0_dim1"": 8192, ""arg0_numel"": 16777216, ""arg0_dtype"": ""torch.bfloat16"", ""arg0_dtype_size"": 2, ""arg0_dtype_cat"": 2, ""arg1_ndim"": 1, ""arg1_dim0"": 8192, ""arg1_numel"": 8192, ""arg1_dtype"": ""torch.bfloat16"", ""arg1_dtype_size"": 2, ""arg1_dtype_cat"": 2}",0.018432000651955605
rms_norm,8c2bfaf545ccea2b,5c295017bd009288,"{""block_sizes"": [1], ""reduction_loops"": [null], ""range_unroll_factors"": [0], ""range_warp_specializes"": [null], ""range_num_stages"": [0], ""range_multi_buffers"": [null], ""range_flattens"": [null], ""load_eviction_policies"": [""first"", """", ""last"", """", ""last""], ""num_warps"": 16, ""num_stages"": 4, ""indexing"": [""tensor_descriptor"", ""pointer"", ""tensor_descriptor"", ""pointer"", ""pointer"", ""pointer"", ""pointer""], ""atomic_indexing"": [], ""pid_type"": ""flat""}","{""arg0_ndim"": 2, ""arg0_dim0"": 2048, ""arg0_dim1"": 8192, ""arg0_numel"": 16777216, ""arg0_dtype"": ""torch.bfloat16"", ""arg0_dtype_size"": 2, ""arg0_dtype_cat"": 2, ""arg1_ndim"": 1, ""arg1_dim0"": 8192, ""arg1_numel"": 8192, ""arg1_dtype"": ""torch.bfloat16"", ""arg1_dtype_size"": 2, ""arg1_dtype_cat"": 2}",0.018432000651955605
rms_norm,8c2bfaf545ccea2b,9615e7b2fea5ec90,"{""block_sizes"": [1], ""reduction_loops"": [2048], ""range_unroll_factors"": [0], ""range_warp_specializes"": [null], ""range_num_stages"": [0], ""range_multi_buffers"": [null], ""range_flattens"": [null], ""load_eviction_policies"": ["""", ""first"", ""last"", ""first"", ""last""], ""num_warps"": 8, ""num_stages"": 8, ""indexing"": [""pointer"", ""pointer"", ""pointer"", ""tensor_descriptor"", ""pointer"", ""tensor_descriptor"", ""pointer""], ""atomic_indexing"": [], ""pid_type"": ""flat""}","{""arg0_ndim"": 2, ""arg0_dim0"": 2048, ""arg0_dim1"": 8192, ""arg0_numel"": 16777216, ""arg0_dtype"": ""torch.bfloat16"", ""arg0_dtype_size"": 2, ""arg0_dtype_cat"": 2, ""arg1_ndim"": 1, ""arg1_dim0"": 8192, ""arg1_numel"": 8192, ""arg1_dtype"": ""torch.bfloat16"", ""arg1_dtype_size"": 2, ""arg1_dtype_cat"": 2}",0.020479999482631683
rms_norm,8c2bfaf545ccea2b,ef0576b1337868e5,"{""block_sizes"": [1], ""reduction_loops"": [null], ""range_unroll_factors"": [0], ""range_warp_specializes"": [null], ""range_num_stages"": [0], ""range_multi_buffers"": [null], ""range_flattens"": [null], ""load_eviction_policies"": ["""", """", ""last"", """", ""last""], ""num_warps"": 8, ""num_stages"": 6, ""indexing"": [""tensor_descriptor"", ""pointer"", ""pointer"", ""pointer"", ""pointer"", ""tensor_descriptor"", ""tensor_descriptor""], ""atomic_indexing"": [], ""pid_type"": ""flat""}","{""arg0_ndim"": 2, ""arg0_dim0"": 2048, ""arg0_dim1"": 8192, ""arg0_numel"": 16777216, ""arg0_dtype"": ""torch.bfloat16"", ""arg0_dtype_size"": 2, ""arg0_dtype_cat"": 2, ""arg1_ndim"": 1, ""arg1_dim0"": 8192, ""arg1_numel"": 8192, ""arg1_dtype"": ""torch.bfloat16"", ""arg1_dtype_size"": 2, ""arg1_dtype_cat"": 2}",0.018464000895619392
rms_norm,8c2bfaf545ccea2b,11bb6dfa80985863,"{""block_sizes"": [1], ""reduction_loops"": [null], ""range_unroll_factors"": [0], ""range_warp_specializes"": [null], ""range_num_stages"": [0], ""range_multi_buffers"": [null], ""range_flattens"": [null], ""load_eviction_policies"": [""first"", """", ""last"", """", """"], ""num_warps"": 16, ""num_stages"": 2, ""indexing"": [""tensor_descriptor"", ""pointer"", ""pointer"", ""pointer"", ""tensor_descriptor"", ""tensor_descriptor"", ""pointer""], ""atomic_indexing"": [], ""pid_type"": ""flat""}","{""arg0_ndim"": 2, ""arg0_dim0"": 2048, ""arg0_dim1"": 8192, ""arg0_numel"": 16777216, ""arg0_dtype"": ""torch.bfloat16"", ""arg0_dtype_size"": 2, ""arg0_dtype_cat"": 2, ""arg1_ndim"": 1, ""arg1_dim0"": 8192, ""arg1_numel"": 8192, ""arg1_dtype"": ""torch.bfloat16"", ""arg1_dtype_size"": 2, ""arg1_dtype_cat"": 2}",0.018432000651955605
rms_norm,8c2bfaf545ccea2b,964bbd2b95871270,"{""block_sizes"": [1], ""reduction_loops"": [null], ""range_unroll_factors"": [0], ""range_warp_specializes"": [null], ""range_num_stages"": [0], ""range_multi_buffers"": [null], ""range_flattens"": [null], ""load_eviction_policies"": ["""", """", """", ""first"", """"], ""num_warps"": 8, ""num_stages"": 6, ""indexing"": [""pointer"", ""tensor_descriptor"", ""tensor_descriptor"", ""tensor_descriptor"", ""pointer"", ""tensor_descriptor"", ""tensor_descriptor""], ""atomic_indexing"": [], ""pid_type"": ""flat""}","{""arg0_ndim"": 2, ""arg0_dim0"": 2048, ""arg0_dim1"": 8192, ""arg0_numel"": 16777216, ""arg0_dtype"": ""torch.bfloat16"", ""arg0_dtype_size"": 2, ""arg0_dtype_cat"": 2, ""arg1_ndim"": 1, ""arg1_dim0"": 8192, ""arg1_numel"": 8192, ""arg1_dtype"": ""torch.bfloat16"", ""arg1_dtype_size"": 2, ""arg1_dtype_cat"": 2}",0.018464000895619392
rms_norm,8c2bfaf545ccea2b,a0bad60454a64a49,"{""block_sizes"": [1], ""reduction_loops"": [null], ""range_unroll_factors"": [0], ""range_warp_specializes"": [null], ""range_num_stages"": [0], ""range_multi_buffers"": [null], ""range_flattens"": [null], ""load_eviction_policies"": [""first"", ""last"", ""last"", """", ""last""], ""num_warps"": 16, ""num_stages"": 4, ""indexing"": [""pointer"", ""tensor_descriptor"", ""pointer"", ""pointer"", ""pointer"", ""pointer"", ""pointer""], ""atomic_indexing"": [], ""pid_type"": ""flat""}","{""arg0_ndim"": 2, ""arg0_dim0"": 2048, ""arg0_dim1"": 8192, ""arg0_numel"": 16777216, ""arg0_dtype"": ""torch.bfloat16"", ""arg0_dtype_size"": 2, ""arg0_dtype_cat"": 2, ""arg1_ndim"": 1, ""arg1_dim0"": 8192, ""arg1_numel"": 8192, ""arg1_dtype"": ""torch.bfloat16"", ""arg1_dtype_size"": 2, ""arg1_dtype_cat"": 2}",0.016416000202298164
rms_norm,8c2bfaf545ccea2b,45b47d2b716e8754,"{""block_sizes"": [4], ""reduction_loops"": [null], ""range_unroll_factors"": [0], ""range_warp_specializes"": [null], ""range_num_stages"": [0], ""range_multi_buffers"": [null], ""range_flattens"": [null], ""load_eviction_policies"": [""first"", """", """", ""last"", ""last""], ""num_warps"": 2, ""num_stages"": 5, ""indexing"": [""pointer"", ""tensor_descriptor"", ""tensor_descriptor"", ""tensor_descriptor"", ""tensor_descriptor"", ""pointer"", ""pointer""], ""atomic_indexing"": [], ""pid_type"": ""flat""}","{""arg0_ndim"": 2, ""arg0_dim0"": 2048, ""arg0_dim1"": 8192, ""arg0_numel"": 16777216, ""arg0_dtype"": ""torch.bfloat16"", ""arg0_dtype_size"": 2, ""arg0_dtype_cat"": 2, ""arg1_ndim"": 1, ""arg1_dim0"": 8192, ""arg1_numel"": 8192, ""arg1_dtype"": ""torch.bfloat16"", ""arg1_dtype_size"": 2, ""arg1_dtype_cat"": 2}",0.13120000064373016
rms_norm,8c2bfaf545ccea2b,0e08e3ec9a7b2c1e,"{""block_sizes"": [4], ""reduction_loops"": [null], ""range_unroll_factors"": [0], ""range_warp_specializes"": [null], ""range_num_stages"": [0], ""range_multi_buffers"": [null], ""range_flattens"": [null], ""load_eviction_policies"": [""first"", ""last"", """", ""first"", """"], ""num_warps"": 2, ""num_stages"": 3, ""indexing"": [""pointer"", ""tensor_descriptor"", ""pointer"", ""tensor_descriptor"", ""tensor_descriptor"", ""tensor_descriptor"", ""tensor_descriptor""], ""atomic_indexing"": [], ""pid_type"": ""flat""}","{""arg0_ndim"": 2, ""arg0_dim0"": 2048, ""arg0_dim1"": 8192, ""arg0_numel"": 16777216, ""arg0_dtype"": ""torch.bfloat16"", ""arg0_dtype_size"": 2, ""arg0_dtype_cat"": 2, ""arg1_ndim"": 1, ""arg1_dim0"": 8192, ""arg1_numel"": 8192, ""arg1_dtype"": ""torch.bfloat16"", ""arg1_dtype_size"": 2, ""arg1_dtype_cat"": 2}",0.166143998503685
rms_norm,8c2bfaf545ccea2b,a3c8f5854ffdaebc,"{""block_sizes"": [16], ""reduction_loops"": [null], ""range_unroll_factors"": [0], ""range_warp_specializes"": [null], ""range_num_stages"": [0], ""range_multi_buffers"": [null], ""range_flattens"": [null], ""load_eviction_policies"": ["""", """", ""first"", """", ""last""], ""num_warps"": 4, ""num_stages"": 5, ""indexing"": [""pointer"", ""pointer"", ""pointer"", ""pointer"", ""pointer"", ""pointer"", ""pointer""], ""atomic_indexing"": [], ""pid_type"": ""flat""}","{""arg0_ndim"": 2, ""arg0_dim0"": 2048, ""arg0_dim1"": 8192, ""arg0_numel"": 16777216, ""arg0_dtype"": ""torch.bfloat16"", ""arg0_dtype_size"": 2, ""arg0_dtype_cat"": 2, ""arg1_ndim"": 1, ""arg1_dim0"": 8192, ""arg1_numel"": 8192, ""arg1_dtype"": ""torch.bfloat16"", ""arg1_dtype_size"": 2, ""arg1_dtype_cat"": 2}",0.2683199942111969
rms_norm,8c2bfaf545ccea2b,df5f9e1409cfd8bd,"{""block_sizes"": [16], ""reduction_loops"": [null], ""range_unroll_factors"": [0], ""range_warp_specializes"": [null], ""range_num_stages"": [0], ""range_multi_buffers"": [null], ""range_flattens"": [null], ""load_eviction_policies"": ["""", """", ""last"", """", ""first""], ""num_warps"": 4, ""num_stages"": 1, ""indexing"": [""pointer"", ""pointer"", ""pointer"", ""pointer"", ""pointer"", ""tensor_descriptor"", ""tensor_descriptor""], ""atomic_indexing"": [], ""pid_type"": ""flat""}","{""arg0_ndim"": 2, ""arg0_dim0"": 2048, ""arg0_dim1"": 8192, ""arg0_numel"": 16777216, ""arg0_dtype"": ""torch.bfloat16"", ""arg0_dtype_size"": 2, ""arg0_dtype_cat"": 2, ""arg1_ndim"": 1, ""arg1_dim0"": 8192, ""arg1_numel"": 8192, ""arg1_dtype"": ""torch.bfloat16"", ""arg1_dtype_size"": 2, ""arg1_dtype_cat"": 2}",0.2683199942111969
rms_norm,604ec82c8064a085,24745e38d713c198,"{""block_sizes"": [2], ""reduction_loops"": [null], ""range_unroll_factors"": [0], ""range_warp_specializes"": [null], ""range_num_stages"": [0], ""range_multi_buffers"": [null], ""range_flattens"": [null], ""load_eviction_policies"": [""last"", ""first"", ""first"", """", """"], ""num_warps"": 4, ""num_stages"": 6, ""indexing"": [""pointer"", ""pointer"", ""pointer"", ""tensor_descriptor"", ""tensor_descriptor"", ""pointer"", ""pointer""], ""atomic_indexing"": [], ""pid_type"": ""flat""}","{""arg0_ndim"": 2, ""arg0_dim0"": 2048, ""arg0_dim1"": 16384, ""arg0_numel"": 33554432, ""arg0_dtype"": ""torch.bfloat16"", ""arg0_dtype_size"": 2, ""arg0_dtype_cat"": 2, ""arg1_ndim"": 1, ""arg1_dim0"": 16384, ""arg1_numel"": 16384, ""arg1_dtype"": ""torch.bfloat16"", ""arg1_dtype_size"": 2, ""arg1_dtype_cat"": 2}",0.04508800059556961
rms_norm,604ec82c8064a085,180c35ef192d14f2,"{""block_sizes"": [2], ""reduction_loops"": [null], ""range_unroll_factors"": [0], ""range_warp_specializes"": [null], ""range_num_stages"": [0], ""range_multi_buffers"": [null], ""range_flattens"": [null], ""load_eviction_policies"": ["""", """", ""last"", """", """"], ""num_warps"": 1, ""num_stages"": 2, ""indexing"": [""pointer"", ""pointer"", ""pointer"", ""pointer"", ""pointer"", ""pointer"", ""pointer""], ""atomic_indexing"": [], ""pid_type"": ""flat""}","{""arg0_ndim"": 2, ""arg0_dim0"": 2048, ""arg0_dim1"": 16384, ""arg0_numel"": 33554432, ""arg0_dtype"": ""torch.bfloat16"", ""arg0_dtype_size"": 2, ""arg0_dtype_cat"": 2, ""arg1_ndim"": 1, ""arg1_dim0"": 16384, ""arg1_numel"": 16384, ""arg1_dtype"": ""torch.bfloat16"", ""arg1_dtype_size"": 2, ""arg1_dtype_cat"": 2}",0.24374400079250336
rms_norm,604ec82c8064a085,7bfccb3790afd320,"{""block_sizes"": [2], ""reduction_loops"": [2048], ""range_unroll_factors"": [0], ""range_warp_specializes"": [null], ""range_num_stages"": [0], ""range_multi_buffers"": [null], ""range_flattens"": [null], ""load_eviction_policies"": [""last"", """", ""last"", """", """"], ""num_warps"": 8, ""num_stages"": 1, ""indexing"": [""pointer"", ""pointer"", ""pointer"", ""tensor_descriptor"", ""pointer"", ""tensor_descriptor"", ""tensor_descriptor""], ""atomic_indexing"": [], ""pid_type"": ""flat""}","{""arg0_ndim"": 2, ""arg0_dim0"": 2048, ""arg0_dim1"": 16384, ""arg0_numel"": 33554432, ""arg0_dtype"": ""torch.bfloat16"", ""arg0_dtype_size"": 2, ""arg0_dtype_cat"": 2, ""arg1_ndim"": 1, ""arg1_dim0"": 16384, ""arg1_numel"": 16384, ""arg1_dtype"": ""torch.bfloat16"", ""arg1_dtype_size"": 2, ""arg1_dtype_cat"": 2}",0.03484800085425377
rms_norm,604ec82c8064a085,b700865abbecc460,"{""block_sizes"": [1], ""reduction_loops"": [null], ""range_unroll_factors"": [0], ""range_warp_specializes"": [null], ""range_num_stages"": [0], ""range_multi_buffers"": [null], ""range_flattens"": [null], ""load_eviction_policies"": [""first"", """", ""last"", ""last"", """"], ""num_warps"": 16, ""num_stages"": 1, ""indexing"": [""tensor_descriptor"", ""tensor_descriptor"", ""pointer"", ""tensor_descriptor"", ""tensor_descriptor"", ""pointer"", ""tensor_descriptor""], ""atomic_indexing"": [], ""pid_type"": ""flat""}","{""arg0_ndim"": 2, ""arg0_dim0"": 2048, ""arg0_dim1"": 16384, ""arg0_numel"": 33554432, ""arg0_dtype"": ""torch.bfloat16"", ""arg0_dtype_size"": 2, ""arg0_dtype_cat"": 2, ""arg1_ndim"": 1, ""arg1_dim0"": 16384, ""arg1_numel"": 16384, ""arg1_dtype"": ""torch.bfloat16"", ""arg1_dtype_size"": 2, ""arg1_dtype_cat"": 2}",0.03276799991726875
rms_norm,604ec82c8064a085,73a4bcfe84591dcd,"{""block_sizes"": [1], ""reduction_loops"": [8192], ""range_unroll_factors"": [0], ""range_warp_specializes"": [null], ""range_num_stages"": [0], ""range_multi_buffers"": [null], ""range_flattens"": [null], ""load_eviction_policies"": ["""", """", """", """", """"], ""num_warps"": 8, ""num_stages"": 4, ""indexing"": [""pointer"", ""pointer"", ""tensor_descriptor"", ""pointer"", ""pointer"", ""tensor_descriptor"", ""tensor_descriptor""], ""atomic_indexing"": [], ""pid_type"": ""flat""}","{""arg0_ndim"": 2, ""arg0_dim0"": 2048, ""arg0_dim1"": 16384, ""arg0_numel"": 33554432, ""arg0_dtype"": ""torch.bfloat16"", ""arg0_dtype_size"": 2, ""arg0_dtype_cat"": 2, ""arg1_ndim"": 1, ""arg1_dim0"": 16384, ""arg1_numel"": 16384, ""arg1_dtype"": ""torch.bfloat16"", ""arg1_dtype_size"": 2, ""arg1_dtype_cat"": 2}",0.030719999223947525
rms_norm,604ec82c8064a085,6d53c3602b79725b,"{""block_sizes"": [1], ""reduction_loops"": [8192], ""range_unroll_factors"": [0], ""range_warp_specializes"": [null], ""range_num_stages"": [0], ""range_multi_buffers"": [null], ""range_flattens"": [null], ""load_eviction_policies"": ["""", ""first"", ""last"", """", """"], ""num_warps"": 8, ""num_stages"": 3, ""indexing"": [""pointer"", ""tensor_descriptor"", ""pointer"", ""pointer"", ""pointer"", ""tensor_descriptor"", ""pointer""], ""atomic_indexing"": [], ""pid_type"": ""flat""}","{""arg0_ndim"": 2, ""arg0_dim0"": 2048, ""arg0_dim1"": 16384, ""arg0_numel"": 33554432, ""arg0_dtype"": ""torch.bfloat16"", ""arg0_dtype_size"": 2, ""arg0_dtype_cat"": 2, ""arg1_ndim"": 1, ""arg1_dim0"": 16384, ""arg1_numel"": 16384, ""arg1_dtype"": ""torch.bfloat16"", ""arg1_dtype_size"": 2, ""arg1_dtype_cat"": 2}",0.030719999223947525
rms_norm,604ec82c8064a085,ce65586612391f94,"{""block_sizes"": [32], ""reduction_loops"": [null], ""range_unroll_factors"": [0], ""range_warp_specializes"": [null], ""range_num_stages"": [0], ""range_multi_buffers"": [null], ""range_flattens"": [null], ""load_eviction_policies"": ["""", """", """", """", """"], ""num_warps"": 4, ""num_stages"": 1, ""indexing"": [""pointer"", ""pointer"", ""pointer"", ""pointer"", ""pointer"", ""pointer"", ""pointer""], ""atomic_indexing"": [], ""pid_type"": ""flat""}","{""arg0_ndim"": 2, ""arg0_dim0"": 2048, ""arg0_dim1"": 16384, ""arg0_numel"": 33554432, ""arg0_dtype"": ""torch.bfloat16"", ""arg0_dtype_size"": 2, ""arg0_dtype_cat"": 2, ""arg1_ndim"": 1, ""arg1_dim0"": 16384, ""arg1_numel"": 16384, ""arg1_dtype"": ""torch.bfloat16"", ""arg1_dtype_size"": 2, ""arg1_dtype_cat"": 2}",1.2974400520324707
rms_norm,604ec82c8064a085,fa68d1735ed55be8,"{""block_sizes"": [16], ""reduction_loops"": [null], ""range_unroll_factors"": [1], ""range_warp_specializes"": [null], ""range_num_stages"": [2], ""range_multi_buffers"": [null], ""range_flattens"": [null], ""load_eviction_policies"": [""first"", ""last"", ""last"", """", ""last""], ""num_warps"": 16, ""num_stages"": 8, ""indexing"": [""tensor_descriptor"", ""pointer"", ""tensor_descriptor"", ""pointer"", ""pointer"", ""pointer"", ""pointer""], ""atomic_indexing"": [], ""pid_type"": ""persistent_interleaved"", ""num_sm_multiplier"": 1}","{""arg0_ndim"": 2, ""arg0_dim0"": 2048, ""arg0_dim1"": 16384, ""arg0_numel"": 33554432, ""arg0_dtype"": ""torch.bfloat16"", ""arg0_dtype_size"": 2, ""arg0_dtype_cat"": 2, ""arg1_ndim"": 1, ""arg1_dim0"": 16384, ""arg1_numel"": 16384, ""arg1_dtype"": ""torch.bfloat16"", ""arg1_dtype_size"": 2, ""arg1_dtype_cat"": 2}",0.3081600069999695
rms_norm,604ec82c8064a085,1979210a312b6290,"{""block_sizes"": [16], ""reduction_loops"": [256], ""range_unroll_factors"": [0], ""range_warp_specializes"": [null], ""range_num_stages"": [0], ""range_multi_buffers"": [null], ""range_flattens"": [null], ""load_eviction_policies"": [""first"", """", ""last"", ""last"", """"], ""num_warps"": 16, ""num_stages"": 4, ""indexing"": [""tensor_descriptor"", ""tensor_descriptor"", ""tensor_descriptor"", ""tensor_descriptor"", ""tensor_descriptor"", ""tensor_descriptor"", ""tensor_descriptor""], ""atomic_indexing"": [], ""pid_type"": ""flat""}","{""arg0_ndim"": 2, ""arg0_dim0"": 2048, ""arg0_dim1"": 16384, ""arg0_numel"": 33554432, ""arg0_dtype"": ""torch.bfloat16"", ""arg0_dtype_size"": 2, ""arg0_dtype_cat"": 2, ""arg1_ndim"": 1, ""arg1_dim0"": 16384, ""arg1_numel"": 16384, ""arg1_dtype"": ""torch.bfloat16"", ""arg1_dtype_size"": 2, ""arg1_dtype_cat"": 2}",0.06758400052785873
rms_norm,604ec82c8064a085,832d9cc41c9b5249,"{""block_sizes"": [2], ""reduction_loops"": [null], ""range_unroll_factors"": [0], ""range_warp_specializes"": [null], ""range_num_stages"": [0], ""range_multi_buffers"": [null], ""range_flattens"": [null], ""load_eviction_policies"": [""first"", ""last"", ""first"", ""first"", ""last""], ""num_warps"": 1, ""num_stages"": 8, ""indexing"": [""pointer"", ""pointer"", ""tensor_descriptor"", ""pointer"", ""pointer"", ""tensor_descriptor"", ""pointer""], ""atomic_indexing"": [], ""pid_type"": ""flat""}","{""arg0_ndim"": 2, ""arg0_dim0"": 2048, ""arg0_dim1"": 16384, ""arg0_numel"": 33554432, ""arg0_dtype"": ""torch.bfloat16"", ""arg0_dtype_size"": 2, ""arg0_dtype_cat"": 2, ""arg1_ndim"": 1, ""arg1_dim0"": 16384, ""arg1_numel"": 16384, ""arg1_dtype"": ""torch.bfloat16"", ""arg1_dtype_size"": 2, ""arg1_dtype_cat"": 2}",0.3635520040988922
rms_norm,604ec82c8064a085,5f3510d018a1da2c,"{""block_sizes"": [2], ""reduction_loops"": [null], ""range_unroll_factors"": [0], ""range_warp_specializes"": [null], ""range_num_stages"": [0], ""range_multi_buffers"": [null], ""range_flattens"": [null], ""load_eviction_policies"": ["""", """", ""first"", """", """"], ""num_warps"": 1, ""num_stages"": 1, ""indexing"": [""pointer"", ""pointer"", ""tensor_descriptor"", ""tensor_descriptor"", ""pointer"", ""pointer"", ""pointer""], ""atomic_indexing"": [], ""pid_type"": ""flat""}","{""arg0_ndim"": 2, ""arg0_dim0"": 2048, ""arg0_dim1"": 16384, ""arg0_numel"": 33554432, ""arg0_dtype"": ""torch.bfloat16"", ""arg0_dtype_size"": 2, ""arg0_dtype_cat"": 2, ""arg1_ndim"": 1, ""arg1_dim0"": 16384, ""arg1_numel"": 16384, ""arg1_dtype"": ""torch.bfloat16"", ""arg1_dtype_size"": 2, ""arg1_dtype_cat"": 2}",0.24371199309825897
rms_norm,604ec82c8064a085,c6373fe598a919dd,"{""block_sizes"": [8], ""reduction_loops"": [null], ""range_unroll_factors"": [0], ""range_warp_specializes"": [null], ""range_num_stages"": [0], ""range_multi_buffers"": [null], ""range_flattens"": [null], ""load_eviction_policies"": ["""", """", ""first"", """", """"], ""num_warps"": 16, ""num_stages"": 6, ""indexing"": [""pointer"", ""pointer"", ""pointer"", ""tensor_descriptor"", ""pointer"", ""pointer"", ""pointer""], ""atomic_indexing"": [], ""pid_type"": ""flat""}","{""arg0_ndim"": 2, ""arg0_dim0"": 2048, ""arg0_dim1"": 16384, ""arg0_numel"": 33554432, ""arg0_dtype"": ""torch.bfloat16"", ""arg0_dtype_size"": 2, ""arg0_dtype_cat"": 2, ""arg1_ndim"": 1, ""arg1_dim0"": 16384, ""arg1_numel"": 16384, ""arg1_dtype"": ""torch.bfloat16"", ""arg1_dtype_size"": 2, ""arg1_dtype_cat"": 2}",0.2171200066804886
rms_norm,604ec82c8064a085,482f430b8c9d8e8e,"{""block_sizes"": [2], ""reduction_loops"": [2048], ""range_unroll_factors"": [0], ""range_warp_specializes"": [null], ""range_num_stages"": [0], ""range_multi_buffers"": [null], ""range_flattens"": [null], ""load_eviction_policies"": [""last"", ""first"", ""last"", ""first"", ""first""], ""num_warps"": 2, ""num_stages"": 1, ""indexing"": [""tensor_descriptor"", ""pointer"", ""tensor_descriptor"", ""tensor_descriptor"", ""pointer"", ""tensor_descriptor"", ""tensor_descriptor""], ""atomic_indexing"": [], ""pid_type"": ""flat""}","{""arg0_ndim"": 2, ""arg0_dim0"": 2048, ""arg0_dim1"": 16384, ""arg0_numel"": 33554432, ""arg0_dtype"": ""torch.bfloat16"", ""arg0_dtype_size"": 2, ""arg0_dtype_cat"": 2, ""arg1_ndim"": 1, ""arg1_dim0"": 16384, ""arg1_numel"": 16384, ""arg1_dtype"": ""torch.bfloat16"", ""arg1_dtype_size"": 2, ""arg1_dtype_cat"": 2}",0.03680000081658363
rms_norm,604ec82c8064a085,816644cab655d611,"{""block_sizes"": [2], ""reduction_loops"": [2048], ""range_unroll_factors"": [0], ""range_warp_specializes"": [null], ""range_num_stages"": [0], ""range_multi_buffers"": [null], ""range_flattens"": [null], ""load_eviction_policies"": ["""", ""first"", ""last"", ""last"", """"], ""num_warps"": 8, ""num_stages"": 3, ""indexing"": [""pointer"", ""tensor_descriptor"", ""tensor_descriptor"", ""pointer"", ""tensor_descriptor"", ""pointer"", ""tensor_descriptor""], ""atomic_indexing"": [], ""pid_type"": ""flat""}","{""arg0_ndim"": 2, ""arg0_dim0"": 2048, ""arg0_dim1"": 16384, ""arg0_numel"": 33554432, ""arg0_dtype"": ""torch.bfloat16"", ""arg0_dtype_size"": 2, ""arg0_dtype_cat"": 2, ""arg1_ndim"": 1, ""arg1_dim0"": 16384, ""arg1_numel"": 16384, ""arg1_dtype"": ""torch.bfloat16"", ""arg1_dtype_size"": 2, ""arg1_dtype_cat"": 2}",0.034752000123262405
rms_norm,604ec82c8064a085,3abfa9907ca4fa3a,"{""block_sizes"": [1], ""reduction_loops"": [null], ""range_unroll_factors"": [0], ""range_warp_specializes"": [null], ""range_num_stages"": [0], ""range_multi_buffers"": [null], ""range_flattens"": [null], ""load_eviction_policies"": ["""", ""last"", ""last"", """", """"], ""num_warps"": 4, ""num_stages"": 2, ""indexing"": [""pointer"", ""pointer"", ""pointer"", ""tensor_descriptor"", ""pointer"", ""tensor_descriptor"", ""pointer""], ""atomic_indexing"": [], ""pid_type"": ""flat""}","{""arg0_ndim"": 2, ""arg0_dim0"": 2048, ""arg0_dim1"": 16384, ""arg0_numel"": 33554432, ""arg0_dtype"": ""torch.bfloat16"", ""arg0_dtype_size"": 2, ""arg0_dtype_cat"": 2, ""arg1_ndim"": 1, ""arg1_dim0"": 16384, ""arg1_numel"": 16384, ""arg1_dtype"": ""torch.bfloat16"", ""arg1_dtype_size"": 2, ""arg1_dtype_cat"": 2}",0.03686400130391121
rms_norm,604ec82c8064a085,87b2f26661fd2925,"{""block_sizes"": [1], ""reduction_loops"": [null], ""range_unroll_factors"": [0], ""range_warp_specializes"": [null], ""range_num_stages"": [0], ""range_multi_buffers"": [null], ""range_flattens"": [null], ""load_eviction_policies"": ["""", ""last"", ""last"", ""first"", """"], ""num_warps"": 8, ""num_stages"": 2, ""indexing"": [""tensor_descriptor"", ""tensor_descriptor"", ""tensor_descriptor"", ""tensor_descriptor"", ""pointer"", ""pointer"", ""tensor_descriptor""], ""atomic_indexing"": [], ""pid_type"": ""flat""}","{""arg0_ndim"": 2, ""arg0_dim0"": 2048, ""arg0_dim1"": 16384, ""arg0_numel"": 33554432, ""arg0_dtype"": ""torch.bfloat16"", ""arg0_dtype_size"": 2, ""arg0_dtype_cat"": 2, ""arg1_ndim"": 1, ""arg1_dim0"": 16384, ""arg1_numel"": 16384, ""arg1_dtype"": ""torch.bfloat16"", ""arg1_dtype_size"": 2, ""arg1_dtype_cat"": 2}",0.03481600061058998
rms_norm,604ec82c8064a085,7c1f654402c9dd7f,"{""block_sizes"": [1], ""reduction_loops"": [1024], ""range_unroll_factors"": [0], ""range_warp_specializes"": [null], ""range_num_stages"": [0], ""range_multi_buffers"": [null], ""range_flattens"": [null], ""load_eviction_policies"": ["""", ""first"", """", ""last"", ""first""], ""num_warps"": 4, ""num_stages"": 3, ""indexing"": [""pointer"", ""tensor_descriptor"", ""tensor_descriptor"", ""tensor_descriptor"", ""tensor_descriptor"", ""pointer"", ""pointer""], ""atomic_indexing"": [], ""pid_type"": ""flat""}","{""arg0_ndim"": 2, ""arg0_dim0"": 2048, ""arg0_dim1"": 16384, ""arg0_numel"": 33554432, ""arg0_dtype"": ""torch.bfloat16"", ""arg0_dtype_size"": 2, ""arg0_dtype_cat"": 2, ""arg1_ndim"": 1, ""arg1_dim0"": 16384, ""arg1_numel"": 16384, ""arg1_dtype"": ""torch.bfloat16"", ""arg1_dtype_size"": 2, ""arg1_dtype_cat"": 2}",0.03471999987959862
rms_norm,604ec82c8064a085,306f51b1d2d06f98,"{""block_sizes"": [1], ""reduction_loops"": [1024], ""range_unroll_factors"": [0], ""range_warp_specializes"": [null], ""range_num_stages"": [0], ""range_multi_buffers"": [null], ""range_flattens"": [null], ""load_eviction_policies"": ["""", ""first"", """", """", ""last""], ""num_warps"": 4, ""num_stages"": 5, ""indexing"": [""pointer"", ""tensor_descriptor"", ""tensor_descriptor"", ""pointer"", ""pointer"", ""tensor_descriptor"", ""tensor_descriptor""], ""atomic_indexing"": [], ""pid_type"": ""flat""}","{""arg0_ndim"": 2, ""arg0_dim0"": 2048, ""arg0_dim1"": 16384, ""arg0_numel"": 33554432, ""arg0_dtype"": ""torch.bfloat16"", ""arg0_dtype_size"": 2, ""arg0_dtype_cat"": 2, ""arg1_ndim"": 1, ""arg1_dim0"": 16384, ""arg1_numel"": 16384, ""arg1_dtype"": ""torch.bfloat16"", ""arg1_dtype_size"": 2, ""arg1_dtype_cat"": 2}",0.0347680002450943
rms_norm,604ec82c8064a085,5c295017bd009288,"{""block_sizes"": [1], ""reduction_loops"": [null], ""range_unroll_factors"": [0], ""range_warp_specializes"": [null], ""range_num_stages"": [0], ""range_multi_buffers"": [null], ""range_flattens"": [null], ""load_eviction_policies"": [""first"", """", ""last"", """", ""last""], ""num_warps"": 16, ""num_stages"": 4, ""indexing"": [""tensor_descriptor"", ""pointer"", ""tensor_descriptor"", ""pointer"", ""pointer"", ""pointer"", ""pointer""], ""atomic_indexing"": [], ""pid_type"": ""flat""}","{""arg0_ndim"": 2, ""arg0_dim0"": 2048, ""arg0_dim1"": 16384, ""arg0_numel"": 33554432, ""arg0_dtype"": ""torch.bfloat16"", ""arg0_dtype_size"": 2, ""arg0_dtype_cat"": 2, ""arg1_ndim"": 1, ""arg1_dim0"": 16384, ""arg1_numel"": 16384, ""arg1_dtype"": ""torch.bfloat16"", ""arg1_dtype_size"": 2, ""arg1_dtype_cat"": 2}",0.03276799991726875
rms_norm,604ec82c8064a085,9615e7b2fea5ec90,"{""block_sizes"": [1], ""reduction_loops"": [2048], ""range_unroll_factors"": [0], ""range_warp_specializes"": [null], ""range_num_stages"": [0], ""range_multi_buffers"": [null], ""range_flattens"": [null], ""load_eviction_policies"": ["""", ""first"", ""last"", ""first"", ""last""], ""num_warps"": 8, ""num_stages"": 8, ""indexing"": [""pointer"", ""pointer"", ""pointer"", ""tensor_descriptor"", ""pointer"", ""tensor_descriptor"", ""pointer""], ""atomic_indexing"": [], ""pid_type"": ""flat""}","{""arg0_ndim"": 2, ""arg0_dim0"": 2048, ""arg0_dim1"": 16384, ""arg0_numel"": 33554432, ""arg0_dtype"": ""torch.bfloat16"", ""arg0_dtype_size"": 2, ""arg0_dtype_cat"": 2, ""arg1_ndim"": 1, ""arg1_dim0"": 16384, ""arg1_numel"": 16384, ""arg1_dtype"": ""torch.bfloat16"", ""arg1_dtype_size"": 2, ""arg1_dtype_cat"": 2}",0.0307839997112751
rms_norm,604ec82c8064a085,ef0576b1337868e5,"{""block_sizes"": [1], ""reduction_loops"": [null], ""range_unroll_factors"": [0], ""range_warp_specializes"": [null], ""range_num_stages"": [0], ""range_multi_buffers"": [null], ""range_flattens"": [null], ""load_eviction_policies"": ["""", """", ""last"", """", ""last""], ""num_warps"": 8, ""num_stages"": 6, ""indexing"": [""tensor_descriptor"", ""pointer"", ""pointer"", ""pointer"", ""pointer"", ""tensor_descriptor"", ""tensor_descriptor""], ""atomic_indexing"": [], ""pid_type"": ""flat""}","{""arg0_ndim"": 2, ""arg0_dim0"": 2048, ""arg0_dim1"": 16384, ""arg0_numel"": 33554432, ""arg0_dtype"": ""torch.bfloat16"", ""arg0_dtype_size"": 2, ""arg0_dtype_cat"": 2, ""arg1_ndim"": 1, ""arg1_dim0"": 16384, ""arg1_numel"": 16384, ""arg1_dtype"": ""torch.bfloat16"", ""arg1_dtype_size"": 2, ""arg1_dtype_cat"": 2}",0.03481600061058998
rms_norm,604ec82c8064a085,11bb6dfa80985863,"{""block_sizes"": [1], ""reduction_loops"": [null], ""range_unroll_factors"": [0], ""range_warp_specializes"": [null], ""range_num_stages"": [0], ""range_multi_buffers"": [null], ""range_flattens"": [null], ""load_eviction_policies"": [""first"", """", ""last"", """", """"], ""num_warps"": 16, ""num_stages"": 2, ""indexing"": [""tensor_descriptor"", ""pointer"", ""pointer"", ""pointer"", ""tensor_descriptor"", ""tensor_descriptor"", ""pointer""], ""atomic_indexing"": [], ""pid_type"": ""flat""}","{""arg0_ndim"": 2, ""arg0_dim0"": 2048, ""arg0_dim1"": 16384, ""arg0_numel"": 33554432, ""arg0_dtype"": ""torch.bfloat16"", ""arg0_dtype_size"": 2, ""arg0_dtype_cat"": 2, ""arg1_ndim"": 1, ""arg1_dim0"": 16384, ""arg1_numel"": 16384, ""arg1_dtype"": ""torch.bfloat16"", ""arg1_dtype_size"": 2, ""arg1_dtype_cat"": 2}",0.03276799991726875
rms_norm,604ec82c8064a085,964bbd2b95871270,"{""block_sizes"": [1], ""reduction_loops"": [null], ""range_unroll_factors"": [0], ""range_warp_specializes"": [null], ""range_num_stages"": [0], ""range_multi_buffers"": [null], ""range_flattens"": [null], ""load_eviction_policies"": ["""", """", """", ""first"", """"], ""num_warps"": 8, ""num_stages"": 6, ""indexing"": [""pointer"", ""tensor_descriptor"", ""tensor_descriptor"", ""tensor_descriptor"", ""pointer"", ""tensor_descriptor"", ""tensor_descriptor""], ""atomic_indexing"": [], ""pid_type"": ""flat""}","{""arg0_ndim"": 2, ""arg0_dim0"": 2048, ""arg0_dim1"": 16384, ""arg0_numel"": 33554432, ""arg0_dtype"": ""torch.bfloat16"", ""arg0_dtype_size"": 2, ""arg0_dtype_cat"": 2, ""arg1_ndim"": 1, ""arg1_dim0"": 16384, ""arg1_numel"": 16384, ""arg1_dtype"": ""torch.bfloat16"", ""arg1_dtype_size"": 2, ""arg1_dtype_cat"": 2}",0.03481600061058998
rms_norm,604ec82c8064a085,a0bad60454a64a49,"{""block_sizes"": [1], ""reduction_loops"": [null], ""range_unroll_factors"": [0], ""range_warp_specializes"": [null], ""range_num_stages"": [0], ""range_multi_buffers"": [null], ""range_flattens"": [null], ""load_eviction_policies"": [""first"", ""last"", ""last"", """", ""last""], ""num_warps"": 16, ""num_stages"": 4, ""indexing"": [""pointer"", ""tensor_descriptor"", ""pointer"", ""pointer"", ""pointer"", ""pointer"", ""pointer""], ""atomic_indexing"": [], ""pid_type"": ""flat""}","{""arg0_ndim"": 2, ""arg0_dim0"": 2048, ""arg0_dim1"": 16384, ""arg0_numel"": 33554432, ""arg0_dtype"": ""torch.bfloat16"", ""arg0_dtype_size"": 2, ""arg0_dtype_cat"": 2, ""arg1_ndim"": 1, ""arg1_dim0"": 16384, ""arg1_numel"": 16384, ""arg1_dtype"": ""torch.bfloat16"", ""arg1_dtype_size"": 2, ""arg1_dtype_cat"": 2}",0.03276799991726875
rms_norm,604ec82c8064a085,45b47d2b716e8754,"{""block_sizes"": [4], ""reduction_loops"": [null], ""range_unroll_factors"": [0], ""range_warp_specializes"": [null], ""range_num_stages"": [0], ""range_multi_buffers"": [null], ""range_flattens"": [null], ""load_eviction_policies"": [""first"", """", """", ""last"", ""last""], ""num_warps"": 2, ""num_stages"": 5, ""indexing"": [""pointer"", ""tensor_descriptor"", ""tensor_descriptor"", ""tensor_descriptor"", ""tensor_descriptor"", ""pointer"", ""pointer""], ""atomic_indexing"": [], ""pid_type"": ""flat""}","{""arg0_ndim"": 2, ""arg0_dim0"": 2048, ""arg0_dim1"": 16384, ""arg0_numel"": 33554432, ""arg0_dtype"": ""torch.bfloat16"", ""arg0_dtype_size"": 2, ""arg0_dtype_cat"": 2, ""arg1_ndim"": 1, ""arg1_dim0"": 16384, ""arg1_numel"": 16384, ""arg1_dtype"": ""torch.bfloat16"", ""arg1_dtype_size"": 2, ""arg1_dtype_cat"": 2}",0.39323200285434723
rms_norm,604ec82c8064a085,0e08e3ec9a7b2c1e,"{""block_sizes"": [4], ""reduction_loops"": [null], ""range_unroll_factors"": [0], ""range_warp_specializes"": [null], ""range_num_stages"": [0], ""range_multi_buffers"": [null], ""range_flattens"": [null], ""load_eviction_policies"": [""first"", ""last"", """", ""first"", """"], ""num_warps"": 2, ""num_stages"": 3, ""indexing"": [""pointer"", ""tensor_descriptor"", ""pointer"", ""tensor_descriptor"", ""tensor_descriptor"", ""tensor_descriptor"", ""tensor_descriptor""], ""atomic_indexing"": [], ""pid_type"": ""flat""}","{""arg0_ndim"": 2, ""arg0_dim0"": 2048, ""arg0_dim1"": 16384, ""arg0_numel"": 33554432, ""arg0_dtype"": ""torch.bfloat16"", ""arg0_dtype_size"": 2, ""arg0_dtype_cat"": 2, ""arg1_ndim"": 1, ""arg1_dim0"": 16384, ""arg1_numel"": 16384, ""arg1_dtype"": ""torch.bfloat16"", ""arg1_dtype_size"": 2, ""arg1_dtype_cat"": 2}",0.38921600580215454
rms_norm,604ec82c8064a085,a3c8f5854ffdaebc,"{""block_sizes"": [16], ""reduction_loops"": [null], ""range_unroll_factors"": [0], ""range_warp_specializes"": [null], ""range_num_stages"": [0], ""range_multi_buffers"": [null], ""range_flattens"": [null], ""load_eviction_policies"": ["""", """", ""first"", """", ""last""], ""num_warps"": 4, ""num_stages"": 5, ""indexing"": [""pointer"", ""pointer"", ""pointer"", ""pointer"", ""pointer"", ""pointer"", ""pointer""], ""atomic_indexing"": [], ""pid_type"": ""flat""}","{""arg0_ndim"": 2, ""arg0_dim0"": 2048, ""arg0_dim1"": 16384, ""arg0_numel"": 33554432, ""arg0_dtype"": ""torch.bfloat16"", ""arg0_dtype_size"": 2, ""arg0_dtype_cat"": 2, ""arg1_ndim"": 1, ""arg1_dim0"": 16384, ""arg1_numel"": 16384, ""arg1_dtype"": ""torch.bfloat16"", ""arg1_dtype_size"": 2, ""arg1_dtype_cat"": 2}",0.6941760182380676
rms_norm,604ec82c8064a085,df5f9e1409cfd8bd,"{""block_sizes"": [16], ""reduction_loops"": [null], ""range_unroll_factors"": [0], ""range_warp_specializes"": [null], ""range_num_stages"": [0], ""range_multi_buffers"": [null], ""range_flattens"": [null], ""load_eviction_policies"": ["""", """", ""last"", """", ""first""], ""num_warps"": 4, ""num_stages"": 1, ""indexing"": [""pointer"", ""pointer"", ""pointer"", ""pointer"", ""pointer"", ""tensor_descriptor"", ""tensor_descriptor""], ""atomic_indexing"": [], ""pid_type"": ""flat""}","{""arg0_ndim"": 2, ""arg0_dim0"": 2048, ""arg0_dim1"": 16384, ""arg0_numel"": 33554432, ""arg0_dtype"": ""torch.bfloat16"", ""arg0_dtype_size"": 2, ""arg0_dtype_cat"": 2, ""arg1_ndim"": 1, ""arg1_dim0"": 16384, ""arg1_numel"": 16384, ""arg1_dtype"": ""torch.bfloat16"", ""arg1_dtype_size"": 2, ""arg1_dtype_cat"": 2}",0.6942239999771118
rms_norm,99cf2c52eb75a3f2,24745e38d713c198,"{""block_sizes"": [2], ""reduction_loops"": [null], ""range_unroll_factors"": [0], ""range_warp_specializes"": [null], ""range_num_stages"": [0], ""range_multi_buffers"": [null], ""range_flattens"": [null], ""load_eviction_policies"": [""last"", ""first"", ""first"", """", """"], ""num_warps"": 4, ""num_stages"": 6, ""indexing"": [""pointer"", ""pointer"", ""pointer"", ""tensor_descriptor"", ""tensor_descriptor"", ""pointer"", ""pointer""], ""atomic_indexing"": [], ""pid_type"": ""flat""}","{""arg0_ndim"": 2, ""arg0_dim0"": 2048, ""arg0_dim1"": 32768, ""arg0_numel"": 67108864, ""arg0_dtype"": ""torch.bfloat16"", ""arg0_dtype_size"": 2, ""arg0_dtype_cat"": 2, ""arg1_ndim"": 1, ""arg1_dim0"": 32768, ""arg1_numel"": 32768, ""arg1_dtype"": ""torch.bfloat16"", ""arg1_dtype_size"": 2, ""arg1_dtype_cat"": 2}",0.4801120012998581
rms_norm,99cf2c52eb75a3f2,180c35ef192d14f2,"{""block_sizes"": [2], ""reduction_loops"": [null], ""range_unroll_factors"": [0], ""range_warp_specializes"": [null], ""range_num_stages"": [0], ""range_multi_buffers"": [null], ""range_flattens"": [null], ""load_eviction_policies"": ["""", """", ""last"", """", """"], ""num_warps"": 1, ""num_stages"": 2, ""indexing"": [""pointer"", ""pointer"", ""pointer"", ""pointer"", ""pointer"", ""pointer"", ""pointer""], ""atomic_indexing"": [], ""pid_type"": ""flat""}","{""arg0_ndim"": 2, ""arg0_dim0"": 2048, ""arg0_dim1"": 32768, ""arg0_numel"": 67108864, ""arg0_dtype"": ""torch.bfloat16"", ""arg0_dtype_size"": 2, ""arg0_dtype_cat"": 2, ""arg1_ndim"": 1, ""arg1_dim0"": 32768, ""arg1_numel"": 32768, ""arg1_dtype"": ""torch.bfloat16"", ""arg1_dtype_size"": 2, ""arg1_dtype_cat"": 2}",0.5937760174274445
rms_norm,99cf2c52eb75a3f2,7bfccb3790afd320,"{""block_sizes"": [2], ""reduction_loops"": [2048], ""range_unroll_factors"": [0], ""range_warp_specializes"": [null], ""range_num_stages"": [0], ""range_multi_buffers"": [null], ""range_flattens"": [null], ""load_eviction_policies"": [""last"", """", ""last"", """", """"], ""num_warps"": 8, ""num_stages"": 1, ""indexing"": [""pointer"", ""pointer"", ""pointer"", ""tensor_descriptor"", ""pointer"", ""tensor_descriptor"", ""tensor_descriptor""], ""atomic_indexing"": [], ""pid_type"": ""flat""}","{""arg0_ndim"": 2, ""arg0_dim0"": 2048, ""arg0_dim1"": 32768, ""arg0_numel"": 67108864, ""arg0_dtype"": ""torch.bfloat16"", ""arg0_dtype_size"": 2, ""arg0_dtype_cat"": 2, ""arg1_ndim"": 1, ""arg1_dim0"": 32768, ""arg1_numel"": 32768, ""arg1_dtype"": ""torch.bfloat16"", ""arg1_dtype_size"": 2, ""arg1_dtype_cat"": 2}",0.07168000191450119
rms_norm,99cf2c52eb75a3f2,b700865abbecc460,"{""block_sizes"": [1], ""reduction_loops"": [null], ""range_unroll_factors"": [0], ""range_warp_specializes"": [null], ""range_num_stages"": [0], ""range_multi_buffers"": [null], ""range_flattens"": [null], ""load_eviction_policies"": [""first"", """", ""last"", ""last"", """"], ""num_warps"": 16, ""num_stages"": 1, ""indexing"": [""tensor_descriptor"", ""tensor_descriptor"", ""pointer"", ""tensor_descriptor"", ""tensor_descriptor"", ""pointer"", ""tensor_descriptor""], ""atomic_indexing"": [], ""pid_type"": ""flat""}","{""arg0_ndim"": 2, ""arg0_dim0"": 2048, ""arg0_dim1"": 32768, ""arg0_numel"": 67108864, ""arg0_dtype"": ""torch.bfloat16"", ""arg0_dtype_size"": 2, ""arg0_dtype_cat"": 2, ""arg1_ndim"": 1, ""arg1_dim0"": 32768, ""arg1_numel"": 32768, ""arg1_dtype"": ""torch.bfloat16"", ""arg1_dtype_size"": 2, ""arg1_dtype_cat"": 2}",0.06143999844789505
rms_norm,99cf2c52eb75a3f2,73a4bcfe84591dcd,"{""block_sizes"": [1], ""reduction_loops"": [8192], ""range_unroll_factors"": [0], ""range_warp_specializes"": [null], ""range_num_stages"": [0], ""range_multi_buffers"": [null], ""range_flattens"": [null], ""load_eviction_policies"": ["""", """", """", """", """"], ""num_warps"": 8, ""num_stages"": 4, ""indexing"": [""pointer"", ""pointer"", ""tensor_descriptor"", ""pointer"", ""pointer"", ""tensor_descriptor"", ""tensor_descriptor""], ""atomic_indexing"": [], ""pid_type"": ""flat""}","{""arg0_ndim"": 2, ""arg0_dim0"": 2048, ""arg0_dim1"": 32768, ""arg0_numel"": 67108864, ""arg0_dtype"": ""torch.bfloat16"", ""arg0_dtype_size"": 2, ""arg0_dtype_cat"": 2, ""arg1_ndim"": 1, ""arg1_dim0"": 32768, ""arg1_numel"": 32768, ""arg1_dtype"": ""torch.bfloat16"", ""arg1_dtype_size"": 2, ""arg1_dtype_cat"": 2}",0.05516799911856651
rms_norm,99cf2c52eb75a3f2,6d53c3602b79725b,"{""block_sizes"": [1], ""reduction_loops"": [8192], ""range_unroll_factors"": [0], ""range_warp_specializes"": [null], ""range_num_stages"": [0], ""range_multi_buffers"": [null], ""range_flattens"": [null], ""load_eviction_policies"": ["""", ""first"", ""last"", """", """"], ""num_warps"": 8, ""num_stages"": 3, ""indexing"": [""pointer"", ""tensor_descriptor"", ""pointer"", ""pointer"", ""pointer"", ""tensor_descriptor"", ""pointer""], ""atomic_indexing"": [], ""pid_type"": ""flat""}","{""arg0_ndim"": 2, ""arg0_dim0"": 2048, ""arg0_dim1"": 32768, ""arg0_numel"": 67108864, ""arg0_dtype"": ""torch.bfloat16"", ""arg0_dtype_size"": 2, ""arg0_dtype_cat"": 2, ""arg1_ndim"": 1, ""arg1_dim0"": 32768, ""arg1_numel"": 32768, ""arg1_dtype"": ""torch.bfloat16"", ""arg1_dtype_size"": 2, ""arg1_dtype_cat"": 2}",0.053279999643564224
rms_norm,99cf2c52eb75a3f2,fa68d1735ed55be8,"{""block_sizes"": [16], ""reduction_loops"": [null], ""range_unroll_factors"": [1], ""range_warp_specializes"": [null], ""range_num_stages"": [2], ""range_multi_buffers"": [null], ""range_flattens"": [null], ""load_eviction_policies"": [""first"", ""last"", ""last"", """", ""last""], ""num_warps"": 16, ""num_stages"": 8, ""indexing"": [""tensor_descriptor"", ""pointer"", ""tensor_descriptor"", ""pointer"", ""pointer"", ""pointer"", ""pointer""], ""atomic_indexing"": [], ""pid_type"": ""persistent_interleaved"", ""num_sm_multiplier"": 1}","{""arg0_ndim"": 2, ""arg0_dim0"": 2048, ""arg0_dim1"": 32768, ""arg0_numel"": 67108864, ""arg0_dtype"": ""torch.bfloat16"", ""arg0_dtype_size"": 2, ""arg0_dtype_cat"": 2, ""arg1_ndim"": 1, ""arg1_dim0"": 32768, ""arg1_numel"": 32768, ""arg1_dtype"": ""torch.bfloat16"", ""arg1_dtype_size"": 2, ""arg1_dtype_cat"": 2}",0.6061280071735382
rms_norm,99cf2c52eb75a3f2,1979210a312b6290,"{""block_sizes"": [16], ""reduction_loops"": [256], ""range_unroll_factors"": [0], ""range_warp_specializes"": [null], ""range_num_stages"": [0], ""range_multi_buffers"": [null], ""range_flattens"": [null], ""load_eviction_policies"": [""first"", """", ""last"", ""last"", """"], ""num_warps"": 16, ""num_stages"": 4, ""indexing"": [""tensor_descriptor"", ""tensor_descriptor"", ""tensor_descriptor"", ""tensor_descriptor"", ""tensor_descriptor"", ""tensor_descriptor"", ""tensor_descriptor""], ""atomic_indexing"": [], ""pid_type"": ""flat""}","{""arg0_ndim"": 2, ""arg0_dim0"": 2048, ""arg0_dim1"": 32768, ""arg0_numel"": 67108864, ""arg0_dtype"": ""torch.bfloat16"", ""arg0_dtype_size"": 2, ""arg0_dtype_cat"": 2, ""arg1_ndim"": 1, ""arg1_dim0"": 32768, ""arg1_numel"": 32768, ""arg1_dtype"": ""torch.bfloat16"", ""arg1_dtype_size"": 2, ""arg1_dtype_cat"": 2}",0.12902399897575378
rms_norm,99cf2c52eb75a3f2,832d9cc41c9b5249,"{""block_sizes"": [2], ""reduction_loops"": [null], ""range_unroll_factors"": [0], ""range_warp_specializes"": [null], ""range_num_stages"": [0], ""range_multi_buffers"": [null], ""range_flattens"": [null], ""load_eviction_policies"": [""first"", ""last"", ""first"", ""first"", ""last""], ""num_warps"": 1, ""num_stages"": 8, ""indexing"": [""pointer"", ""pointer"", ""tensor_descriptor"", ""pointer"", ""pointer"", ""tensor_descriptor"", ""pointer""], ""atomic_indexing"": [], ""pid_type"": ""flat""}","{""arg0_ndim"": 2, ""arg0_dim0"": 2048, ""arg0_dim1"": 32768, ""arg0_numel"": 67108864, ""arg0_dtype"": ""torch.bfloat16"", ""arg0_dtype_size"": 2, ""arg0_dtype_cat"": 2, ""arg1_ndim"": 1, ""arg1_dim0"": 32768, ""arg1_numel"": 32768, ""arg1_dtype"": ""torch.bfloat16"", ""arg1_dtype_size"": 2, ""arg1_dtype_cat"": 2}",0.6943680047988892
rms_norm,99cf2c52eb75a3f2,5f3510d018a1da2c,"{""block_sizes"": [2], ""reduction_loops"": [null], ""range_unroll_factors"": [0], ""range_warp_specializes"": [null], ""range_num_stages"": [0], ""range_multi_buffers"": [null], ""range_flattens"": [null], ""load_eviction_policies"": ["""", """", ""first"", """", """"], ""num_warps"": 1, ""num_stages"": 1, ""indexing"": [""pointer"", ""pointer"", ""tensor_descriptor"", ""tensor_descriptor"", ""pointer"", ""pointer"", ""pointer""], ""atomic_indexing"": [], ""pid_type"": ""flat""}","{""arg0_ndim"": 2, ""arg0_dim0"": 2048, ""arg0_dim1"": 32768, ""arg0_numel"": 67108864, ""arg0_dtype"": ""torch.bfloat16"", ""arg0_dtype_size"": 2, ""arg0_dtype_cat"": 2, ""arg1_ndim"": 1, ""arg1_dim0"": 32768, ""arg1_numel"": 32768, ""arg1_dtype"": ""torch.bfloat16"", ""arg1_dtype_size"": 2, ""arg1_dtype_cat"": 2}",0.5917119979858398
rms_norm,99cf2c52eb75a3f2,c6373fe598a919dd,"{""block_sizes"": [8], ""reduction_loops"": [null], ""range_unroll_factors"": [0], ""range_warp_specializes"": [null], ""range_num_stages"": [0], ""range_multi_buffers"": [null], ""range_flattens"": [null], ""load_eviction_policies"": ["""", """", ""first"", """", """"], ""num_warps"": 16, ""num_stages"": 6, ""indexing"": [""pointer"", ""pointer"", ""pointer"", ""tensor_descriptor"", ""pointer"", ""pointer"", ""pointer""], ""atomic_indexing"": [], ""pid_type"": ""flat""}","{""arg0_ndim"": 2, ""arg0_dim0"": 2048, ""arg0_dim1"": 32768, ""arg0_numel"": 67108864, ""arg0_dtype"": ""torch.bfloat16"", ""arg0_dtype_size"": 2, ""arg0_dtype_cat"": 2, ""arg1_ndim"": 1, ""arg1_dim0"": 32768, ""arg1_numel"": 32768, ""arg1_dtype"": ""torch.bfloat16"", ""arg1_dtype_size"": 2, ""arg1_dtype_cat"": 2}",0.5016000270843506
rms_norm,99cf2c52eb75a3f2,482f430b8c9d8e8e,"{""block_sizes"": [2], ""reduction_loops"": [2048], ""range_unroll_factors"": [0], ""range_warp_specializes"": [null], ""range_num_stages"": [0], ""range_multi_buffers"": [null], ""range_flattens"": [null], ""load_eviction_policies"": [""last"", ""first"", ""last"", ""first"", ""first""], ""num_warps"": 2, ""num_stages"": 1, ""indexing"": [""tensor_descriptor"", ""pointer"", ""tensor_descriptor"", ""tensor_descriptor"", ""pointer"", ""tensor_descriptor"", ""tensor_descriptor""], ""atomic_indexing"": [], ""pid_type"": ""flat""}","{""arg0_ndim"": 2, ""arg0_dim0"": 2048, ""arg0_dim1"": 32768, ""arg0_numel"": 67108864, ""arg0_dtype"": ""torch.bfloat16"", ""arg0_dtype_size"": 2, ""arg0_dtype_cat"": 2, ""arg1_ndim"": 1, ""arg1_dim0"": 32768, ""arg1_numel"": 32768, ""arg1_dtype"": ""torch.bfloat16"", ""arg1_dtype_size"": 2, ""arg1_dtype_cat"": 2}",0.07571200281381607
rms_norm,99cf2c52eb75a3f2,816644cab655d611,"{""block_sizes"": [2], ""reduction_loops"": [2048], ""range_unroll_factors"": [0], ""range_warp_specializes"": [null], ""range_num_stages"": [0], ""range_multi_buffers"": [null], ""range_flattens"": [null], ""load_eviction_policies"": ["""", ""first"", ""last"", ""last"", """"], ""num_warps"": 8, ""num_stages"": 3, ""indexing"": [""pointer"", ""tensor_descriptor"", ""tensor_descriptor"", ""pointer"", ""tensor_descriptor"", ""pointer"", ""tensor_descriptor""], ""atomic_indexing"": [], ""pid_type"": ""flat""}","{""arg0_ndim"": 2, ""arg0_dim0"": 2048, ""arg0_dim1"": 32768, ""arg0_numel"": 67108864, ""arg0_dtype"": ""torch.bfloat16"", ""arg0_dtype_size"": 2, ""arg0_dtype_cat"": 2, ""arg1_ndim"": 1, ""arg1_dim0"": 32768, ""arg1_numel"": 32768, ""arg1_dtype"": ""torch.bfloat16"", ""arg1_dtype_size"": 2, ""arg1_dtype_cat"": 2}",0.07577600330114365
rms_norm,99cf2c52eb75a3f2,3abfa9907ca4fa3a,"{""block_sizes"": [1], ""reduction_loops"": [null], ""range_unroll_factors"": [0], ""range_warp_specializes"": [null], ""range_num_stages"": [0], ""range_multi_buffers"": [null], ""range_flattens"": [null], ""load_eviction_policies"": ["""", ""last"", ""last"", """", """"], ""num_warps"": 4, ""num_stages"": 2, ""indexing"": [""pointer"", ""pointer"", ""pointer"", ""tensor_descriptor"", ""pointer"", ""tensor_descriptor"", ""pointer""], ""atomic_indexing"": [], ""pid_type"": ""flat""}","{""arg0_ndim"": 2, ""arg0_dim0"": 2048, ""arg0_dim1"": 32768, ""arg0_numel"": 67108864, ""arg0_dtype"": ""torch.bfloat16"", ""arg0_dtype_size"": 2, ""arg0_dtype_cat"": 2, ""arg1_ndim"": 1, ""arg1_dim0"": 32768, ""arg1_numel"": 32768, ""arg1_dtype"": ""torch.bfloat16"", ""arg1_dtype_size"": 2, ""arg1_dtype_cat"": 2}",0.07168000191450119
rms_norm,99cf2c52eb75a3f2,87b2f26661fd2925,"{""block_sizes"": [1], ""reduction_loops"": [null], ""range_unroll_factors"": [0], ""range_warp_specializes"": [null], ""range_num_stages"": [0], ""range_multi_buffers"": [null], ""range_flattens"": [null], ""load_eviction_policies"": ["""", ""last"", ""last"", ""first"", """"], ""num_warps"": 8, ""num_stages"": 2, ""indexing"": [""tensor_descriptor"", ""tensor_descriptor"", ""tensor_descriptor"", ""tensor_descriptor"", ""pointer"", ""pointer"", ""tensor_descriptor""], ""atomic_indexing"": [], ""pid_type"": ""flat""}","{""arg0_ndim"": 2, ""arg0_dim0"": 2048, ""arg0_dim1"": 32768, ""arg0_numel"": 67108864, ""arg0_dtype"": ""torch.bfloat16"", ""arg0_dtype_size"": 2, ""arg0_dtype_cat"": 2, ""arg1_ndim"": 1, ""arg1_dim0"": 32768, ""arg1_numel"": 32768, ""arg1_dtype"": ""torch.bfloat16"", ""arg1_dtype_size"": 2, ""arg1_dtype_cat"": 2}",0.07571200281381607
rms_norm,99cf2c52eb75a3f2,7c1f654402c9dd7f,"{""block_sizes"": [1], ""reduction_loops"": [1024], ""range_unroll_factors"": [0], ""range_warp_specializes"": [null], ""range_num_stages"": [0], ""range_multi_buffers"": [null], ""range_flattens"": [null], ""load_eviction_policies"": ["""", ""first"", """", ""last"", ""first""], ""num_warps"": 4, ""num_stages"": 3, ""indexing"": [""pointer"", ""tensor_descriptor"", ""tensor_descriptor"", ""tensor_descriptor"", ""tensor_descriptor"", ""pointer"", ""pointer""], ""atomic_indexing"": [], ""pid_type"": ""flat""}","{""arg0_ndim"": 2, ""arg0_dim0"": 2048, ""arg0_dim1"": 32768, ""arg0_numel"": 67108864, ""arg0_dtype"": ""torch.bfloat16"", ""arg0_dtype_size"": 2, ""arg0_dtype_cat"": 2, ""arg1_ndim"": 1, ""arg1_dim0"": 32768, ""arg1_numel"": 32768, ""arg1_dtype"": ""torch.bfloat16"", ""arg1_dtype_size"": 2, ""arg1_dtype_cat"": 2}",0.07577600330114365
rms_norm,99cf2c52eb75a3f2,306f51b1d2d06f98,"{""block_sizes"": [1], ""reduction_loops"": [1024], ""range_unroll_factors"": [0], ""range_warp_specializes"": [null], ""range_num_stages"": [0], ""range_multi_buffers"": [null], ""range_flattens"": [null], ""load_eviction_policies"": ["""", ""first"", """", """", ""last""], ""num_warps"": 4, ""num_stages"": 5, ""indexing"": [""pointer"", ""tensor_descriptor"", ""tensor_descriptor"", ""pointer"", ""pointer"", ""tensor_descriptor"", ""tensor_descriptor""], ""atomic_indexing"": [], ""pid_type"": ""flat""}","{""arg0_ndim"": 2, ""arg0_dim0"": 2048, ""arg0_dim1"": 32768, ""arg0_numel"": 67108864, ""arg0_dtype"": ""torch.bfloat16"", ""arg0_dtype_size"": 2, ""arg0_dtype_cat"": 2, ""arg1_ndim"": 1, ""arg1_dim0"": 32768, ""arg1_numel"": 32768, ""arg1_dtype"": ""torch.bfloat16"", ""arg1_dtype_size"": 2, ""arg1_dtype_cat"": 2}",0.07577600330114365
rms_norm,99cf2c52eb75a3f2,5c295017bd009288,"{""block_sizes"": [1], ""reduction_loops"": [null], ""range_unroll_factors"": [0], ""range_warp_specializes"": [null], ""range_num_stages"": [0], ""range_multi_buffers"": [null], ""range_flattens"": [null], ""load_eviction_policies"": [""first"", """", ""last"", """", ""last""], ""num_warps"": 16, ""num_stages"": 4, ""indexing"": [""tensor_descriptor"", ""pointer"", ""tensor_descriptor"", ""pointer"", ""pointer"", ""pointer"", ""pointer""], ""atomic_indexing"": [], ""pid_type"": ""flat""}","{""arg0_ndim"": 2, ""arg0_dim0"": 2048, ""arg0_dim1"": 32768, ""arg0_numel"": 67108864, ""arg0_dtype"": ""torch.bfloat16"", ""arg0_dtype_size"": 2, ""arg0_dtype_cat"": 2, ""arg1_ndim"": 1, ""arg1_dim0"": 32768, ""arg1_numel"": 32768, ""arg1_dtype"": ""torch.bfloat16"", ""arg1_dtype_size"": 2, ""arg1_dtype_cat"": 2}",0.06143999844789505
rms_norm,99cf2c52eb75a3f2,9615e7b2fea5ec90,"{""block_sizes"": [1], ""reduction_loops"": [2048], ""range_unroll_factors"": [0], ""range_warp_specializes"": [null], ""range_num_stages"": [0], ""range_multi_buffers"": [null], ""range_flattens"": [null], ""load_eviction_policies"": ["""", ""first"", ""last"", ""first"", ""last""], ""num_warps"": 8, ""num_stages"": 8, ""indexing"": [""pointer"", ""pointer"", ""pointer"", ""tensor_descriptor"", ""pointer"", ""tensor_descriptor"", ""pointer""], ""atomic_indexing"": [], ""pid_type"": ""flat""}","{""arg0_ndim"": 2, ""arg0_dim0"": 2048, ""arg0_dim1"": 32768, ""arg0_numel"": 67108864, ""arg0_dtype"": ""torch.bfloat16"", ""arg0_dtype_size"": 2, ""arg0_dtype_cat"": 2, ""arg1_ndim"": 1, ""arg1_dim0"": 32768, ""arg1_numel"": 32768, ""arg1_dtype"": ""torch.bfloat16"", ""arg1_dtype_size"": 2, ""arg1_dtype_cat"": 2}",0.061503998935222626
rms_norm,99cf2c52eb75a3f2,ef0576b1337868e5,"{""block_sizes"": [1], ""reduction_loops"": [null], ""range_unroll_factors"": [0], ""range_warp_specializes"": [null], ""range_num_stages"": [0], ""range_multi_buffers"": [null], ""range_flattens"": [null], ""load_eviction_policies"": ["""", """", ""last"", """", ""last""], ""num_warps"": 8, ""num_stages"": 6, ""indexing"": [""tensor_descriptor"", ""pointer"", ""pointer"", ""pointer"", ""pointer"", ""tensor_descriptor"", ""tensor_descriptor""], ""atomic_indexing"": [], ""pid_type"": ""flat""}","{""arg0_ndim"": 2, ""arg0_dim0"": 2048, ""arg0_dim1"": 32768, ""arg0_numel"": 67108864, ""arg0_dtype"": ""torch.bfloat16"", ""arg0_dtype_size"": 2, ""arg0_dtype_cat"": 2, ""arg1_ndim"": 1, ""arg1_dim0"": 32768, ""arg1_numel"": 32768, ""arg1_dtype"": ""torch.bfloat16"", ""arg1_dtype_size"": 2, ""arg1_dtype_cat"": 2}",0.07577600330114365
rms_norm,99cf2c52eb75a3f2,11bb6dfa80985863,"{""block_sizes"": [1], ""reduction_loops"": [null], ""range_unroll_factors"": [0], ""range_warp_specializes"": [null], ""range_num_stages"": [0], ""range_multi_buffers"": [null], ""range_flattens"": [null], ""load_eviction_policies"": [""first"", """", ""last"", """", """"], ""num_warps"": 16, ""num_stages"": 2, ""indexing"": [""tensor_descriptor"", ""pointer"", ""pointer"", ""pointer"", ""tensor_descriptor"", ""tensor_descriptor"", ""pointer""], ""atomic_indexing"": [], ""pid_type"": ""flat""}","{""arg0_ndim"": 2, ""arg0_dim0"": 2048, ""arg0_dim1"": 32768, ""arg0_numel"": 67108864, ""arg0_dtype"": ""torch.bfloat16"", ""arg0_dtype_size"": 2, ""arg0_dtype_cat"": 2, ""arg1_ndim"": 1, ""arg1_dim0"": 32768, ""arg1_numel"": 32768, ""arg1_dtype"": ""torch.bfloat16"", ""arg1_dtype_size"": 2, ""arg1_dtype_cat"": 2}",0.06143999844789505
rms_norm,99cf2c52eb75a3f2,964bbd2b95871270,"{""block_sizes"": [1], ""reduction_loops"": [null], ""range_unroll_factors"": [0], ""range_warp_specializes"": [null], ""range_num_stages"": [0], ""range_multi_buffers"": [null], ""range_flattens"": [null], ""load_eviction_policies"": ["""", """", """", ""first"", """"], ""num_warps"": 8, ""num_stages"": 6, ""indexing"": [""pointer"", ""tensor_descriptor"", ""tensor_descriptor"", ""tensor_descriptor"", ""pointer"", ""tensor_descriptor"", ""tensor_descriptor""], ""atomic_indexing"": [], ""pid_type"": ""flat""}","{""arg0_ndim"": 2, ""arg0_dim0"": 2048, ""arg0_dim1"": 32768, ""arg0_numel"": 67108864, ""arg0_dtype"": ""torch.bfloat16"", ""arg0_dtype_size"": 2, ""arg0_dtype_cat"": 2, ""arg1_ndim"": 1, ""arg1_dim0"": 32768, ""arg1_numel"": 32768, ""arg1_dtype"": ""torch.bfloat16"", ""arg1_dtype_size"": 2, ""arg1_dtype_cat"": 2}",0.07577600330114365
rms_norm,99cf2c52eb75a3f2,a0bad60454a64a49,"{""block_sizes"": [1], ""reduction_loops"": [null], ""range_unroll_factors"": [0], ""range_warp_specializes"": [null], ""range_num_stages"": [0], ""range_multi_buffers"": [null], ""range_flattens"": [null], ""load_eviction_policies"": [""first"", ""last"", ""last"", """", ""last""], ""num_warps"": 16, ""num_stages"": 4, ""indexing"": [""pointer"", ""tensor_descriptor"", ""pointer"", ""pointer"", ""pointer"", ""pointer"", ""pointer""], ""atomic_indexing"": [], ""pid_type"": ""flat""}","{""arg0_ndim"": 2, ""arg0_dim0"": 2048, ""arg0_dim1"": 32768, ""arg0_numel"": 67108864, ""arg0_dtype"": ""torch.bfloat16"", ""arg0_dtype_size"": 2, ""arg0_dtype_cat"": 2, ""arg1_ndim"": 1, ""arg1_dim0"": 32768, ""arg1_numel"": 32768, ""arg1_dtype"": ""torch.bfloat16"", ""arg1_dtype_size"": 2, ""arg1_dtype_cat"": 2}",0.06143999844789505
rms_norm,99cf2c52eb75a3f2,45b47d2b716e8754,"{""block_sizes"": [4], ""reduction_loops"": [null], ""range_unroll_factors"": [0], ""range_warp_specializes"": [null], ""range_num_stages"": [0], ""range_multi_buffers"": [null], ""range_flattens"": [null], ""load_eviction_policies"": [""first"", """", """", ""last"", ""last""], ""num_warps"": 2, ""num_stages"": 5, ""indexing"": [""pointer"", ""tensor_descriptor"", ""tensor_descriptor"", ""tensor_descriptor"", ""tensor_descriptor"", ""pointer"", ""pointer""], ""atomic_indexing"": [], ""pid_type"": ""flat""}","{""arg0_ndim"": 2, ""arg0_dim0"": 2048, ""arg0_dim1"": 32768, ""arg0_numel"": 67108864, ""arg0_dtype"": ""torch.bfloat16"", ""arg0_dtype_size"": 2, ""arg0_dtype_cat"": 2, ""arg1_ndim"": 1, ""arg1_dim0"": 32768, ""arg1_numel"": 32768, ""arg1_dtype"": ""torch.bfloat16"", ""arg1_dtype_size"": 2, ""arg1_dtype_cat"": 2}",0.8637599945068359
rms_norm,99cf2c52eb75a3f2,0e08e3ec9a7b2c1e,"{""block_sizes"": [4], ""reduction_loops"": [null], ""range_unroll_factors"": [0], ""range_warp_specializes"": [null], ""range_num_stages"": [0], ""range_multi_buffers"": [null], ""range_flattens"": [null], ""load_eviction_policies"": [""first"", ""last"", """", ""first"", """"], ""num_warps"": 2, ""num_stages"": 3, ""indexing"": [""pointer"", ""tensor_descriptor"", ""pointer"", ""tensor_descriptor"", ""tensor_descriptor"", ""tensor_descriptor"", ""tensor_descriptor""], ""atomic_indexing"": [], ""pid_type"": ""flat""}","{""arg0_ndim"": 2, ""arg0_dim0"": 2048, ""arg0_dim1"": 32768, ""arg0_numel"": 67108864, ""arg0_dtype"": ""torch.bfloat16"", ""arg0_dtype_size"": 2, ""arg0_dtype_cat"": 2, ""arg1_ndim"": 1, ""arg1_dim0"": 32768, ""arg1_numel"": 32768, ""arg1_dtype"": ""torch.bfloat16"", ""arg1_dtype_size"": 2, ""arg1_dtype_cat"": 2}",0.8519999980926514
rms_norm,99cf2c52eb75a3f2,a3c8f5854ffdaebc,"{""block_sizes"": [16], ""reduction_loops"": [null], ""range_unroll_factors"": [0], ""range_warp_specializes"": [null], ""range_num_stages"": [0], ""range_multi_buffers"": [null], ""range_flattens"": [null], ""load_eviction_policies"": ["""", """", ""first"", """", ""last""], ""num_warps"": 4, ""num_stages"": 5, ""indexing"": [""pointer"", ""pointer"", ""pointer"", ""pointer"", ""pointer"", ""pointer"", ""pointer""], ""atomic_indexing"": [], ""pid_type"": ""flat""}","{""arg0_ndim"": 2, ""arg0_dim0"": 2048, ""arg0_dim1"": 32768, ""arg0_numel"": 67108864, ""arg0_dtype"": ""torch.bfloat16"", ""arg0_dtype_size"": 2, ""arg0_dtype_cat"": 2, ""arg1_ndim"": 1, ""arg1_dim0"": 32768, ""arg1_numel"": 32768, ""arg1_dtype"": ""torch.bfloat16"", ""arg1_dtype_size"": 2, ""arg1_dtype_cat"": 2}",1.5452799797058105
rms_norm,99cf2c52eb75a3f2,df5f9e1409cfd8bd,"{""block_sizes"": [16], ""reduction_loops"": [null], ""range_unroll_factors"": [0], ""range_warp_specializes"": [null], ""range_num_stages"": [0], ""range_multi_buffers"": [null], ""range_flattens"": [null], ""load_eviction_policies"": ["""", """", ""last"", """", ""first""], ""num_warps"": 4, ""num_stages"": 1, ""indexing"": [""pointer"", ""pointer"", ""pointer"", ""pointer"", ""pointer"", ""tensor_descriptor"", ""tensor_descriptor""], ""atomic_indexing"": [], ""pid_type"": ""flat""}","{""arg0_ndim"": 2, ""arg0_dim0"": 2048, ""arg0_dim1"": 32768, ""arg0_numel"": 67108864, ""arg0_dtype"": ""torch.bfloat16"", ""arg0_dtype_size"": 2, ""arg0_dtype_cat"": 2, ""arg1_ndim"": 1, ""arg1_dim0"": 32768, ""arg1_numel"": 32768, ""arg1_dtype"": ""torch.bfloat16"", ""arg1_dtype_size"": 2, ""arg1_dtype_cat"": 2}",1.5472960472106934
rms_norm,eb973ca0edb0469e,24745e38d713c198,"{""block_sizes"": [2], ""reduction_loops"": [null], ""range_unroll_factors"": [0], ""range_warp_specializes"": [null], ""range_num_stages"": [0], ""range_multi_buffers"": [null], ""range_flattens"": [null], ""load_eviction_policies"": [""last"", ""first"", ""first"", """", """"], ""num_warps"": 4, ""num_stages"": 6, ""indexing"": [""pointer"", ""pointer"", ""pointer"", ""tensor_descriptor"", ""tensor_descriptor"", ""pointer"", ""pointer""], ""atomic_indexing"": [], ""pid_type"": ""flat""}","{""arg0_ndim"": 2, ""arg0_dim0"": 2048, ""arg0_dim1"": 48, ""arg0_numel"": 98304, ""arg0_dtype"": ""torch.bfloat16"", ""arg0_dtype_size"": 2, ""arg0_dtype_cat"": 2, ""arg1_ndim"": 1, ""arg1_dim0"": 48, ""arg1_numel"": 48, ""arg1_dtype"": ""torch.bfloat16"", ""arg1_dtype_size"": 2, ""arg1_dtype_cat"": 2}",0.006175999995321035
rms_norm,eb973ca0edb0469e,180c35ef192d14f2,"{""block_sizes"": [2], ""reduction_loops"": [null], ""range_unroll_factors"": [0], ""range_warp_specializes"": [null], ""range_num_stages"": [0], ""range_multi_buffers"": [null], ""range_flattens"": [null], ""load_eviction_policies"": ["""", """", ""last"", """", """"], ""num_warps"": 1, ""num_stages"": 2, ""indexing"": [""pointer"", ""pointer"", ""pointer"", ""pointer"", ""pointer"", ""pointer"", ""pointer""], ""atomic_indexing"": [], ""pid_type"": ""flat""}","{""arg0_ndim"": 2, ""arg0_dim0"": 2048, ""arg0_dim1"": 48, ""arg0_numel"": 98304, ""arg0_dtype"": ""torch.bfloat16"", ""arg0_dtype_size"": 2, ""arg0_dtype_cat"": 2, ""arg1_ndim"": 1, ""arg1_dim0"": 48, ""arg1_numel"": 48, ""arg1_dtype"": ""torch.bfloat16"", ""arg1_dtype_size"": 2, ""arg1_dtype_cat"": 2}",0.006175999995321035
rms_norm,eb973ca0edb0469e,7bfccb3790afd320,"{""block_sizes"": [2], ""reduction_loops"": [2048], ""range_unroll_factors"": [0], ""range_warp_specializes"": [null], ""range_num_stages"": [0], ""range_multi_buffers"": [null], ""range_flattens"": [null], ""load_eviction_policies"": [""last"", """", ""last"", """", """"], ""num_warps"": 8, ""num_stages"": 1, ""indexing"": [""pointer"", ""pointer"", ""pointer"", ""tensor_descriptor"", ""pointer"", ""tensor_descriptor"", ""tensor_descriptor""], ""atomic_indexing"": [], ""pid_type"": ""flat""}","{""arg0_ndim"": 2, ""arg0_dim0"": 2048, ""arg0_dim1"": 48, ""arg0_numel"": 98304, ""arg0_dtype"": ""torch.bfloat16"", ""arg0_dtype_size"": 2, ""arg0_dtype_cat"": 2, ""arg1_ndim"": 1, ""arg1_dim0"": 48, ""arg1_numel"": 48, ""arg1_dtype"": ""torch.bfloat16"", ""arg1_dtype_size"": 2, ""arg1_dtype_cat"": 2}",0.008191999979317188
rms_norm,eb973ca0edb0469e,b700865abbecc460,"{""block_sizes"": [1], ""reduction_loops"": [null], ""range_unroll_factors"": [0], ""range_warp_specializes"": [null], ""range_num_stages"": [0], ""range_multi_buffers"": [null], ""range_flattens"": [null], ""load_eviction_policies"": [""first"", """", ""last"", ""last"", """"], ""num_warps"": 16, ""num_stages"": 1, ""indexing"": [""tensor_descriptor"", ""tensor_descriptor"", ""pointer"", ""tensor_descriptor"", ""tensor_descriptor"", ""pointer"", ""tensor_descriptor""], ""atomic_indexing"": [], ""pid_type"": ""flat""}","{""arg0_ndim"": 2, ""arg0_dim0"": 2048, ""arg0_dim1"": 48, ""arg0_numel"": 98304, ""arg0_dtype"": ""torch.bfloat16"", ""arg0_dtype_size"": 2, ""arg0_dtype_cat"": 2, ""arg1_ndim"": 1, ""arg1_dim0"": 48, ""arg1_numel"": 48, ""arg1_dtype"": ""torch.bfloat16"", ""arg1_dtype_size"": 2, ""arg1_dtype_cat"": 2}",0.010239999741315842
rms_norm,eb973ca0edb0469e,73a4bcfe84591dcd,"{""block_sizes"": [1], ""reduction_loops"": [8192], ""range_unroll_factors"": [0], ""range_warp_specializes"": [null], ""range_num_stages"": [0], ""range_multi_buffers"": [null], ""range_flattens"": [null], ""load_eviction_policies"": ["""", """", """", """", """"], ""num_warps"": 8, ""num_stages"": 4, ""indexing"": [""pointer"", ""pointer"", ""tensor_descriptor"", ""pointer"", ""pointer"", ""tensor_descriptor"", ""tensor_descriptor""], ""atomic_indexing"": [], ""pid_type"": ""flat""}","{""arg0_ndim"": 2, ""arg0_dim0"": 2048, ""arg0_dim1"": 48, ""arg0_numel"": 98304, ""arg0_dtype"": ""torch.bfloat16"", ""arg0_dtype_size"": 2, ""arg0_dtype_cat"": 2, ""arg1_ndim"": 1, ""arg1_dim0"": 48, ""arg1_numel"": 48, ""arg1_dtype"": ""torch.bfloat16"", ""arg1_dtype_size"": 2, ""arg1_dtype_cat"": 2}",0.014336000196635723
rms_norm,eb973ca0edb0469e,6d53c3602b79725b,"{""block_sizes"": [1], ""reduction_loops"": [8192], ""range_unroll_factors"": [0], ""range_warp_specializes"": [null], ""range_num_stages"": [0], ""range_multi_buffers"": [null], ""range_flattens"": [null], ""load_eviction_policies"": ["""", ""first"", ""last"", """", """"], ""num_warps"": 8, ""num_stages"": 3, ""indexing"": [""pointer"", ""tensor_descriptor"", ""pointer"", ""pointer"", ""pointer"", ""tensor_descriptor"", ""pointer""], ""atomic_indexing"": [], ""pid_type"": ""flat""}","{""arg0_ndim"": 2, ""arg0_dim0"": 2048, ""arg0_dim1"": 48, ""arg0_numel"": 98304, ""arg0_dtype"": ""torch.bfloat16"", ""arg0_dtype_size"": 2, ""arg0_dtype_cat"": 2, ""arg1_ndim"": 1, ""arg1_dim0"": 48, ""arg1_numel"": 48, ""arg1_dtype"": ""torch.bfloat16"", ""arg1_dtype_size"": 2, ""arg1_dtype_cat"": 2}",0.014336000196635723
rms_norm,eb973ca0edb0469e,ce65586612391f94,"{""block_sizes"": [32], ""reduction_loops"": [null], ""range_unroll_factors"": [0], ""range_warp_specializes"": [null], ""range_num_stages"": [0], ""range_multi_buffers"": [null], ""range_flattens"": [null], ""load_eviction_policies"": ["""", """", """", """", """"], ""num_warps"": 4, ""num_stages"": 1, ""indexing"": [""pointer"", ""pointer"", ""pointer"", ""pointer"", ""pointer"", ""pointer"", ""pointer""], ""atomic_indexing"": [], ""pid_type"": ""flat""}","{""arg0_ndim"": 2, ""arg0_dim0"": 2048, ""arg0_dim1"": 48, ""arg0_numel"": 98304, ""arg0_dtype"": ""torch.bfloat16"", ""arg0_dtype_size"": 2, ""arg0_dtype_cat"": 2, ""arg1_ndim"": 1, ""arg1_dim0"": 48, ""arg1_numel"": 48, ""arg1_dtype"": ""torch.bfloat16"", ""arg1_dtype_size"": 2, ""arg1_dtype_cat"": 2}",0.006175999995321035
rms_norm,eb973ca0edb0469e,fa68d1735ed55be8,"{""block_sizes"": [16], ""reduction_loops"": [null], ""range_unroll_factors"": [1], ""range_warp_specializes"": [null], ""range_num_stages"": [2], ""range_multi_buffers"": [null], ""range_flattens"": [null], ""load_eviction_policies"": [""first"", ""last"", ""last"", """", ""last""], ""num_warps"": 16, ""num_stages"": 8, ""indexing"": [""tensor_descriptor"", ""pointer"", ""tensor_descriptor"", ""pointer"", ""pointer"", ""pointer"", ""pointer""], ""atomic_indexing"": [], ""pid_type"": ""persistent_interleaved"", ""num_sm_multiplier"": 1}","{""arg0_ndim"": 2, ""arg0_dim0"": 2048, ""arg0_dim1"": 48, ""arg0_numel"": 98304, ""arg0_dtype"": ""torch.bfloat16"", ""arg0_dtype_size"": 2, ""arg0_dtype_cat"": 2, ""arg1_ndim"": 1, ""arg1_dim0"": 48, ""arg1_numel"": 48, ""arg1_dtype"": ""torch.bfloat16"", ""arg1_dtype_size"": 2, ""arg1_dtype_cat"": 2}",0.006144000217318535
rms_norm,eb973ca0edb0469e,1979210a312b6290,"{""block_sizes"": [16], ""reduction_loops"": [256], ""range_unroll_factors"": [0], ""range_warp_specializes"": [null], ""range_num_stages"": [0], ""range_multi_buffers"": [null], ""range_flattens"": [null], ""load_eviction_policies"": [""first"", """", ""last"", ""last"", """"], ""num_warps"": 16, ""num_stages"": 4, ""indexing"": [""tensor_descriptor"", ""tensor_descriptor"", ""tensor_descriptor"", ""tensor_descriptor"", ""tensor_descriptor"", ""tensor_descriptor"", ""tensor_descriptor""], ""atomic_indexing"": [], ""pid_type"": ""flat""}","{""arg0_ndim"": 2, ""arg0_dim0"": 2048, ""arg0_dim1"": 48, ""arg0_numel"": 98304, ""arg0_dtype"": ""torch.bfloat16"", ""arg0_dtype_size"": 2, ""arg0_dtype_cat"": 2, ""arg1_ndim"": 1, ""arg1_dim0"": 48, ""arg1_numel"": 48, ""arg1_dtype"": ""torch.bfloat16"", ""arg1_dtype_size"": 2, ""arg1_dtype_cat"": 2}",0.006175999995321035
rms_norm,eb973ca0edb0469e,832d9cc41c9b5249,"{""block_sizes"": [2], ""reduction_loops"": [null], ""range_unroll_factors"": [0], ""range_warp_specializes"": [null], ""range_num_stages"": [0], ""range_multi_buffers"": [null], ""range_flattens"": [null], ""load_eviction_policies"": [""first"", ""last"", ""first"", ""first"", ""last""], ""num_warps"": 1, ""num_stages"": 8, ""indexing"": [""pointer"", ""pointer"", ""tensor_descriptor"", ""pointer"", ""pointer"", ""tensor_descriptor"", ""pointer""], ""atomic_indexing"": [], ""pid_type"": ""flat""}","{""arg0_ndim"": 2, ""arg0_dim0"": 2048, ""arg0_dim1"": 48, ""arg0_numel"": 98304, ""arg0_dtype"": ""torch.bfloat16"", ""arg0_dtype_size"": 2, ""arg0_dtype_cat"": 2, ""arg1_ndim"": 1, ""arg1_dim0"": 48, ""arg1_numel"": 48, ""arg1_dtype"": ""torch.bfloat16"", ""arg1_dtype_size"": 2, ""arg1_dtype_cat"": 2}",0.006175999995321035
rms_norm,eb973ca0edb0469e,5f3510d018a1da2c,"{""block_sizes"": [2], ""reduction_loops"": [null], ""range_unroll_factors"": [0], ""range_warp_specializes"": [null], ""range_num_stages"": [0], ""range_multi_buffers"": [null], ""range_flattens"": [null], ""load_eviction_policies"": ["""", """", ""first"", """", """"], ""num_warps"": 1, ""num_stages"": 1, ""indexing"": [""pointer"", ""pointer"", ""tensor_descriptor"", ""tensor_descriptor"", ""pointer"", ""pointer"", ""pointer""], ""atomic_indexing"": [], ""pid_type"": ""flat""}","{""arg0_ndim"": 2, ""arg0_dim0"": 2048, ""arg0_dim1"": 48, ""arg0_numel"": 98304, ""arg0_dtype"": ""torch.bfloat16"", ""arg0_dtype_size"": 2, ""arg0_dtype_cat"": 2, ""arg1_ndim"": 1, ""arg1_dim0"": 48, ""arg1_numel"": 48, ""arg1_dtype"": ""torch.bfloat16"", ""arg1_dtype_size"": 2, ""arg1_dtype_cat"": 2}",0.006144000217318535
rms_norm,eb973ca0edb0469e,c6373fe598a919dd,"{""block_sizes"": [8], ""reduction_loops"": [null], ""range_unroll_factors"": [0], ""range_warp_specializes"": [null], ""range_num_stages"": [0], ""range_multi_buffers"": [null], ""range_flattens"": [null], ""load_eviction_policies"": ["""", """", ""first"", """", """"], ""num_warps"": 16, ""num_stages"": 6, ""indexing"": [""pointer"", ""pointer"", ""pointer"", ""tensor_descriptor"", ""pointer"", ""pointer"", ""pointer""], ""atomic_indexing"": [], ""pid_type"": ""flat""}","{""arg0_ndim"": 2, ""arg0_dim0"": 2048, ""arg0_dim1"": 48, ""arg0_numel"": 98304, ""arg0_dtype"": ""torch.bfloat16"", ""arg0_dtype_size"": 2, ""arg0_dtype_cat"": 2, ""arg1_ndim"": 1, ""arg1_dim0"": 48, ""arg1_numel"": 48, ""arg1_dtype"": ""torch.bfloat16"", ""arg1_dtype_size"": 2, ""arg1_dtype_cat"": 2}",0.006175999995321035
rms_norm,eb973ca0edb0469e,482f430b8c9d8e8e,"{""block_sizes"": [2], ""reduction_loops"": [2048], ""range_unroll_factors"": [0], ""range_warp_specializes"": [null], ""range_num_stages"": [0], ""range_multi_buffers"": [null], ""range_flattens"": [null], ""load_eviction_policies"": [""last"", ""first"", ""last"", ""first"", ""first""], ""num_warps"": 2, ""num_stages"": 1, ""indexing"": [""tensor_descriptor"", ""pointer"", ""tensor_descriptor"", ""tensor_descriptor"", ""pointer"", ""tensor_descriptor"", ""tensor_descriptor""], ""atomic_indexing"": [], ""pid_type"": ""flat""}","{""arg0_ndim"": 2, ""arg0_dim0"": 2048, ""arg0_dim1"": 48, ""arg0_numel"": 98304, ""arg0_dtype"": ""torch.bfloat16"", ""arg0_dtype_size"": 2, ""arg0_dtype_cat"": 2, ""arg1_ndim"": 1, ""arg1_dim0"": 48, ""arg1_numel"": 48, ""arg1_dtype"": ""torch.bfloat16"", ""arg1_dtype_size"": 2, ""arg1_dtype_cat"": 2}",0.008191999979317188
rms_norm,eb973ca0edb0469e,816644cab655d611,"{""block_sizes"": [2], ""reduction_loops"": [2048], ""range_unroll_factors"": [0], ""range_warp_specializes"": [null], ""range_num_stages"": [0], ""range_multi_buffers"": [null], ""range_flattens"": [null], ""load_eviction_policies"": ["""", ""first"", ""last"", ""last"", """"], ""num_warps"": 8, ""num_stages"": 3, ""indexing"": [""pointer"", ""tensor_descriptor"", ""tensor_descriptor"", ""pointer"", ""tensor_descriptor"", ""pointer"", ""tensor_descriptor""], ""atomic_indexing"": [], ""pid_type"": ""flat""}","{""arg0_ndim"": 2, ""arg0_dim0"": 2048, ""arg0_dim1"": 48, ""arg0_numel"": 98304, ""arg0_dtype"": ""torch.bfloat16"", ""arg0_dtype_size"": 2, ""arg0_dtype_cat"": 2, ""arg1_ndim"": 1, ""arg1_dim0"": 48, ""arg1_numel"": 48, ""arg1_dtype"": ""torch.bfloat16"", ""arg1_dtype_size"": 2, ""arg1_dtype_cat"": 2}",0.008191999979317188
rms_norm,eb973ca0edb0469e,3abfa9907ca4fa3a,"{""block_sizes"": [1], ""reduction_loops"": [null], ""range_unroll_factors"": [0], ""range_warp_specializes"": [null], ""range_num_stages"": [0], ""range_multi_buffers"": [null], ""range_flattens"": [null], ""load_eviction_policies"": ["""", ""last"", ""last"", """", """"], ""num_warps"": 4, ""num_stages"": 2, ""indexing"": [""pointer"", ""pointer"", ""pointer"", ""tensor_descriptor"", ""pointer"", ""tensor_descriptor"", ""pointer""], ""atomic_indexing"": [], ""pid_type"": ""flat""}","{""arg0_ndim"": 2, ""arg0_dim0"": 2048, ""arg0_dim1"": 48, ""arg0_numel"": 98304, ""arg0_dtype"": ""torch.bfloat16"", ""arg0_dtype_size"": 2, ""arg0_dtype_cat"": 2, ""arg1_ndim"": 1, ""arg1_dim0"": 48, ""arg1_numel"": 48, ""arg1_dtype"": ""torch.bfloat16"", ""arg1_dtype_size"": 2, ""arg1_dtype_cat"": 2}",0.008063999935984612
rms_norm,eb973ca0edb0469e,87b2f26661fd2925,"{""block_sizes"": [1], ""reduction_loops"": [null], ""range_unroll_factors"": [0], ""range_warp_specializes"": [null], ""range_num_stages"": [0], ""range_multi_buffers"": [null], ""range_flattens"": [null], ""load_eviction_policies"": ["""", ""last"", ""last"", ""first"", """"], ""num_warps"": 8, ""num_stages"": 2, ""indexing"": [""tensor_descriptor"", ""tensor_descriptor"", ""tensor_descriptor"", ""tensor_descriptor"", ""pointer"", ""pointer"", ""tensor_descriptor""], ""atomic_indexing"": [], ""pid_type"": ""flat""}","{""arg0_ndim"": 2, ""arg0_dim0"": 2048, ""arg0_dim1"": 48, ""arg0_numel"": 98304, ""arg0_dtype"": ""torch.bfloat16"", ""arg0_dtype_size"": 2, ""arg0_dtype_cat"": 2, ""arg1_ndim"": 1, ""arg1_dim0"": 48, ""arg1_numel"": 48, ""arg1_dtype"": ""torch.bfloat16"", ""arg1_dtype_size"": 2, ""arg1_dtype_cat"": 2}",0.008191999979317188
rms_norm,eb973ca0edb0469e,7c1f654402c9dd7f,"{""block_sizes"": [1], ""reduction_loops"": [1024], ""range_unroll_factors"": [0], ""range_warp_specializes"": [null], ""range_num_stages"": [0], ""range_multi_buffers"": [null], ""range_flattens"": [null], ""load_eviction_policies"": ["""", ""first"", """", ""last"", ""first""], ""num_warps"": 4, ""num_stages"": 3, ""indexing"": [""pointer"", ""tensor_descriptor"", ""tensor_descriptor"", ""tensor_descriptor"", ""tensor_descriptor"", ""pointer"", ""pointer""], ""atomic_indexing"": [], ""pid_type"": ""flat""}","{""arg0_ndim"": 2, ""arg0_dim0"": 2048, ""arg0_dim1"": 48, ""arg0_numel"": 98304, ""arg0_dtype"": ""torch.bfloat16"", ""arg0_dtype_size"": 2, ""arg0_dtype_cat"": 2, ""arg1_ndim"": 1, ""arg1_dim0"": 48, ""arg1_numel"": 48, ""arg1_dtype"": ""torch.bfloat16"", ""arg1_dtype_size"": 2, ""arg1_dtype_cat"": 2}",0.008191999979317188
rms_norm,eb973ca0edb0469e,306f51b1d2d06f98,"{""block_sizes"": [1], ""reduction_loops"": [1024], ""range_unroll_factors"": [0], ""range_warp_specializes"": [null], ""range_num_stages"": [0], ""range_multi_buffers"": [null], ""range_flattens"": [null], ""load_eviction_policies"": ["""", ""first"", """", """", ""last""], ""num_warps"": 4, ""num_stages"": 5, ""indexing"": [""pointer"", ""tensor_descriptor"", ""tensor_descriptor"", ""pointer"", ""pointer"", ""tensor_descriptor"", ""tensor_descriptor""], ""atomic_indexing"": [], ""pid_type"": ""flat""}","{""arg0_ndim"": 2, ""arg0_dim0"": 2048, ""arg0_dim1"": 48, ""arg0_numel"": 98304, ""arg0_dtype"": ""torch.bfloat16"", ""arg0_dtype_size"": 2, ""arg0_dtype_cat"": 2, ""arg1_ndim"": 1, ""arg1_dim0"": 48, ""arg1_numel"": 48, ""arg1_dtype"": ""torch.bfloat16"", ""arg1_dtype_size"": 2, ""arg1_dtype_cat"": 2}",0.008191999979317188
rms_norm,eb973ca0edb0469e,5c295017bd009288,"{""block_sizes"": [1], ""reduction_loops"": [null], ""range_unroll_factors"": [0], ""range_warp_specializes"": [null], ""range_num_stages"": [0], ""range_multi_buffers"": [null], ""range_flattens"": [null], ""load_eviction_policies"": [""first"", """", ""last"", """", ""last""], ""num_warps"": 16, ""num_stages"": 4, ""indexing"": [""tensor_descriptor"", ""pointer"", ""tensor_descriptor"", ""pointer"", ""pointer"", ""pointer"", ""pointer""], ""atomic_indexing"": [], ""pid_type"": ""flat""}","{""arg0_ndim"": 2, ""arg0_dim0"": 2048, ""arg0_dim1"": 48, ""arg0_numel"": 98304, ""arg0_dtype"": ""torch.bfloat16"", ""arg0_dtype_size"": 2, ""arg0_dtype_cat"": 2, ""arg1_ndim"": 1, ""arg1_dim0"": 48, ""arg1_numel"": 48, ""arg1_dtype"": ""torch.bfloat16"", ""arg1_dtype_size"": 2, ""arg1_dtype_cat"": 2}",0.010239999741315842
rms_norm,eb973ca0edb0469e,9615e7b2fea5ec90,"{""block_sizes"": [1], ""reduction_loops"": [2048], ""range_unroll_factors"": [0], ""range_warp_specializes"": [null], ""range_num_stages"": [0], ""range_multi_buffers"": [null], ""range_flattens"": [null], ""load_eviction_policies"": ["""", ""first"", ""last"", ""first"", ""last""], ""num_warps"": 8, ""num_stages"": 8, ""indexing"": [""pointer"", ""pointer"", ""pointer"", ""tensor_descriptor"", ""pointer"", ""tensor_descriptor"", ""pointer""], ""atomic_indexing"": [], ""pid_type"": ""flat""}","{""arg0_ndim"": 2, ""arg0_dim0"": 2048, ""arg0_dim1"": 48, ""arg0_numel"": 98304, ""arg0_dtype"": ""torch.bfloat16"", ""arg0_dtype_size"": 2, ""arg0_dtype_cat"": 2, ""arg1_ndim"": 1, ""arg1_dim0"": 48, ""arg1_numel"": 48, ""arg1_dtype"": ""torch.bfloat16"", ""arg1_dtype_size"": 2, ""arg1_dtype_cat"": 2}",0.008224000222980976
rms_norm,eb973ca0edb0469e,ef0576b1337868e5,"{""block_sizes"": [1], ""reduction_loops"": [null], ""range_unroll_factors"": [0], ""range_warp_specializes"": [null], ""range_num_stages"": [0], ""range_multi_buffers"": [null], ""range_flattens"": [null], ""load_eviction_policies"": ["""", """", ""last"", """", ""last""], ""num_warps"": 8, ""num_stages"": 6, ""indexing"": [""tensor_descriptor"", ""pointer"", ""pointer"", ""pointer"", ""pointer"", ""tensor_descriptor"", ""tensor_descriptor""], ""atomic_indexing"": [], ""pid_type"": ""flat""}","{""arg0_ndim"": 2, ""arg0_dim0"": 2048, ""arg0_dim1"": 48, ""arg0_numel"": 98304, ""arg0_dtype"": ""torch.bfloat16"", ""arg0_dtype_size"": 2, ""arg0_dtype_cat"": 2, ""arg1_ndim"": 1, ""arg1_dim0"": 48, ""arg1_numel"": 48, ""arg1_dtype"": ""torch.bfloat16"", ""arg1_dtype_size"": 2, ""arg1_dtype_cat"": 2}",0.008191999979317188
rms_norm,eb973ca0edb0469e,11bb6dfa80985863,"{""block_sizes"": [1], ""reduction_loops"": [null], ""range_unroll_factors"": [0], ""range_warp_specializes"": [null], ""range_num_stages"": [0], ""range_multi_buffers"": [null], ""range_flattens"": [null], ""load_eviction_policies"": [""first"", """", ""last"", """", """"], ""num_warps"": 16, ""num_stages"": 2, ""indexing"": [""tensor_descriptor"", ""pointer"", ""pointer"", ""pointer"", ""tensor_descriptor"", ""tensor_descriptor"", ""pointer""], ""atomic_indexing"": [], ""pid_type"": ""flat""}","{""arg0_ndim"": 2, ""arg0_dim0"": 2048, ""arg0_dim1"": 48, ""arg0_numel"": 98304, ""arg0_dtype"": ""torch.bfloat16"", ""arg0_dtype_size"": 2, ""arg0_dtype_cat"": 2, ""arg1_ndim"": 1, ""arg1_dim0"": 48, ""arg1_numel"": 48, ""arg1_dtype"": ""torch.bfloat16"", ""arg1_dtype_size"": 2, ""arg1_dtype_cat"": 2}",0.010239999741315842
rms_norm,eb973ca0edb0469e,964bbd2b95871270,"{""block_sizes"": [1], ""reduction_loops"": [null], ""range_unroll_factors"": [0], ""range_warp_specializes"": [null], ""range_num_stages"": [0], ""range_multi_buffers"": [null], ""range_flattens"": [null], ""load_eviction_policies"": ["""", """", """", ""first"", """"], ""num_warps"": 8, ""num_stages"": 6, ""indexing"": [""pointer"", ""tensor_descriptor"", ""tensor_descriptor"", ""tensor_descriptor"", ""pointer"", ""tensor_descriptor"", ""tensor_descriptor""], ""atomic_indexing"": [], ""pid_type"": ""flat""}","{""arg0_ndim"": 2, ""arg0_dim0"": 2048, ""arg0_dim1"": 48, ""arg0_numel"": 98304, ""arg0_dtype"": ""torch.bfloat16"", ""arg0_dtype_size"": 2, ""arg0_dtype_cat"": 2, ""arg1_ndim"": 1, ""arg1_dim0"": 48, ""arg1_numel"": 48, ""arg1_dtype"": ""torch.bfloat16"", ""arg1_dtype_size"": 2, ""arg1_dtype_cat"": 2}",0.008191999979317188
rms_norm,eb973ca0edb0469e,a0bad60454a64a49,"{""block_sizes"": [1], ""reduction_loops"": [null], ""range_unroll_factors"": [0], ""range_warp_specializes"": [null], ""range_num_stages"": [0], ""range_multi_buffers"": [null], ""range_flattens"": [null], ""load_eviction_policies"": [""first"", ""last"", ""last"", """", ""last""], ""num_warps"": 16, ""num_stages"": 4, ""indexing"": [""pointer"", ""tensor_descriptor"", ""pointer"", ""pointer"", ""pointer"", ""pointer"", ""pointer""], ""atomic_indexing"": [], ""pid_type"": ""flat""}","{""arg0_ndim"": 2, ""arg0_dim0"": 2048, ""arg0_dim1"": 48, ""arg0_numel"": 98304, ""arg0_dtype"": ""torch.bfloat16"", ""arg0_dtype_size"": 2, ""arg0_dtype_cat"": 2, ""arg1_ndim"": 1, ""arg1_dim0"": 48, ""arg1_numel"": 48, ""arg1_dtype"": ""torch.bfloat16"", ""arg1_dtype_size"": 2, ""arg1_dtype_cat"": 2}",0.010239999741315842
rms_norm,eb973ca0edb0469e,45b47d2b716e8754,"{""block_sizes"": [4], ""reduction_loops"": [null], ""range_unroll_factors"": [0], ""range_warp_specializes"": [null], ""range_num_stages"": [0], ""range_multi_buffers"": [null], ""range_flattens"": [null], ""load_eviction_policies"": [""first"", """", """", ""last"", ""last""], ""num_warps"": 2, ""num_stages"": 5, ""indexing"": [""pointer"", ""tensor_descriptor"", ""tensor_descriptor"", ""tensor_descriptor"", ""tensor_descriptor"", ""pointer"", ""pointer""], ""atomic_indexing"": [], ""pid_type"": ""flat""}","{""arg0_ndim"": 2, ""arg0_dim0"": 2048, ""arg0_dim1"": 48, ""arg0_numel"": 98304, ""arg0_dtype"": ""torch.bfloat16"", ""arg0_dtype_size"": 2, ""arg0_dtype_cat"": 2, ""arg1_ndim"": 1, ""arg1_dim0"": 48, ""arg1_numel"": 48, ""arg1_dtype"": ""torch.bfloat16"", ""arg1_dtype_size"": 2, ""arg1_dtype_cat"": 2}",0.006175999995321035
rms_norm,eb973ca0edb0469e,0e08e3ec9a7b2c1e,"{""block_sizes"": [4], ""reduction_loops"": [null], ""range_unroll_factors"": [0], ""range_warp_specializes"": [null], ""range_num_stages"": [0], ""range_multi_buffers"": [null], ""range_flattens"": [null], ""load_eviction_policies"": [""first"", ""last"", """", ""first"", """"], ""num_warps"": 2, ""num_stages"": 3, ""indexing"": [""pointer"", ""tensor_descriptor"", ""pointer"", ""tensor_descriptor"", ""tensor_descriptor"", ""tensor_descriptor"", ""tensor_descriptor""], ""atomic_indexing"": [], ""pid_type"": ""flat""}","{""arg0_ndim"": 2, ""arg0_dim0"": 2048, ""arg0_dim1"": 48, ""arg0_numel"": 98304, ""arg0_dtype"": ""torch.bfloat16"", ""arg0_dtype_size"": 2, ""arg0_dtype_cat"": 2, ""arg1_ndim"": 1, ""arg1_dim0"": 48, ""arg1_numel"": 48, ""arg1_dtype"": ""torch.bfloat16"", ""arg1_dtype_size"": 2, ""arg1_dtype_cat"": 2}",0.006175999995321035
rms_norm,eb973ca0edb0469e,a3c8f5854ffdaebc,"{""block_sizes"": [16], ""reduction_loops"": [null], ""range_unroll_factors"": [0], ""range_warp_specializes"": [null], ""range_num_stages"": [0], ""range_multi_buffers"": [null], ""range_flattens"": [null], ""load_eviction_policies"": ["""", """", ""first"", """", ""last""], ""num_warps"": 4, ""num_stages"": 5, ""indexing"": [""pointer"", ""pointer"", ""pointer"", ""pointer"", ""pointer"", ""pointer"", ""pointer""], ""atomic_indexing"": [], ""pid_type"": ""flat""}","{""arg0_ndim"": 2, ""arg0_dim0"": 2048, ""arg0_dim1"": 48, ""arg0_numel"": 98304, ""arg0_dtype"": ""torch.bfloat16"", ""arg0_dtype_size"": 2, ""arg0_dtype_cat"": 2, ""arg1_ndim"": 1, ""arg1_dim0"": 48, ""arg1_numel"": 48, ""arg1_dtype"": ""torch.bfloat16"", ""arg1_dtype_size"": 2, ""arg1_dtype_cat"": 2}",0.006175999995321035
rms_norm,eb973ca0edb0469e,df5f9e1409cfd8bd,"{""block_sizes"": [16], ""reduction_loops"": [null], ""range_unroll_factors"": [0], ""range_warp_specializes"": [null], ""range_num_stages"": [0], ""range_multi_buffers"": [null], ""range_flattens"": [null], ""load_eviction_policies"": ["""", """", ""last"", """", ""first""], ""num_warps"": 4, ""num_stages"": 1, ""indexing"": [""pointer"", ""pointer"", ""pointer"", ""pointer"", ""pointer"", ""tensor_descriptor"", ""tensor_descriptor""], ""atomic_indexing"": [], ""pid_type"": ""flat""}","{""arg0_ndim"": 2, ""arg0_dim0"": 2048, ""arg0_dim1"": 48, ""arg0_numel"": 98304, ""arg0_dtype"": ""torch.bfloat16"", ""arg0_dtype_size"": 2, ""arg0_dtype_cat"": 2, ""arg1_ndim"": 1, ""arg1_dim0"": 48, ""arg1_numel"": 48, ""arg1_dtype"": ""torch.bfloat16"", ""arg1_dtype_size"": 2, ""arg1_dtype_cat"": 2}",0.006175999995321035
rms_norm,afbd2d7edef6ebc8,24745e38d713c198,"{""block_sizes"": [2], ""reduction_loops"": [null], ""range_unroll_factors"": [0], ""range_warp_specializes"": [null], ""range_num_stages"": [0], ""range_multi_buffers"": [null], ""range_flattens"": [null], ""load_eviction_policies"": [""last"", ""first"", ""first"", """", """"], ""num_warps"": 4, ""num_stages"": 6, ""indexing"": [""pointer"", ""pointer"", ""pointer"", ""tensor_descriptor"", ""tensor_descriptor"", ""pointer"", ""pointer""], ""atomic_indexing"": [], ""pid_type"": ""flat""}","{""arg0_ndim"": 2, ""arg0_dim0"": 2048, ""arg0_dim1"": 96, ""arg0_numel"": 196608, ""arg0_dtype"": ""torch.bfloat16"", ""arg0_dtype_size"": 2, ""arg0_dtype_cat"": 2, ""arg1_ndim"": 1, ""arg1_dim0"": 96, ""arg1_numel"": 96, ""arg1_dtype"": ""torch.bfloat16"", ""arg1_dtype_size"": 2, ""arg1_dtype_cat"": 2}",0.006175999995321035
rms_norm,afbd2d7edef6ebc8,180c35ef192d14f2,"{""block_sizes"": [2], ""reduction_loops"": [null], ""range_unroll_factors"": [0], ""range_warp_specializes"": [null], ""range_num_stages"": [0], ""range_multi_buffers"": [null], ""range_flattens"": [null], ""load_eviction_policies"": ["""", """", ""last"", """", """"], ""num_warps"": 1, ""num_stages"": 2, ""indexing"": [""pointer"", ""pointer"", ""pointer"", ""pointer"", ""pointer"", ""pointer"", ""pointer""], ""atomic_indexing"": [], ""pid_type"": ""flat""}","{""arg0_ndim"": 2, ""arg0_dim0"": 2048, ""arg0_dim1"": 96, ""arg0_numel"": 196608, ""arg0_dtype"": ""torch.bfloat16"", ""arg0_dtype_size"": 2, ""arg0_dtype_cat"": 2, ""arg1_ndim"": 1, ""arg1_dim0"": 96, ""arg1_numel"": 96, ""arg1_dtype"": ""torch.bfloat16"", ""arg1_dtype_size"": 2, ""arg1_dtype_cat"": 2}",0.006144000217318535
rms_norm,afbd2d7edef6ebc8,7bfccb3790afd320,"{""block_sizes"": [2], ""reduction_loops"": [2048], ""range_unroll_factors"": [0], ""range_warp_specializes"": [null], ""range_num_stages"": [0], ""range_multi_buffers"": [null], ""range_flattens"": [null], ""load_eviction_policies"": [""last"", """", ""last"", """", """"], ""num_warps"": 8, ""num_stages"": 1, ""indexing"": [""pointer"", ""pointer"", ""pointer"", ""tensor_descriptor"", ""pointer"", ""tensor_descriptor"", ""tensor_descriptor""], ""atomic_indexing"": [], ""pid_type"": ""flat""}","{""arg0_ndim"": 2, ""arg0_dim0"": 2048, ""arg0_dim1"": 96, ""arg0_numel"": 196608, ""arg0_dtype"": ""torch.bfloat16"", ""arg0_dtype_size"": 2, ""arg0_dtype_cat"": 2, ""arg1_ndim"": 1, ""arg1_dim0"": 96, ""arg1_numel"": 96, ""arg1_dtype"": ""torch.bfloat16"", ""arg1_dtype_size"": 2, ""arg1_dtype_cat"": 2}",0.008191999979317188
rms_norm,afbd2d7edef6ebc8,b700865abbecc460,"{""block_sizes"": [1], ""reduction_loops"": [null], ""range_unroll_factors"": [0], ""range_warp_specializes"": [null], ""range_num_stages"": [0], ""range_multi_buffers"": [null], ""range_flattens"": [null], ""load_eviction_policies"": [""first"", """", ""last"", ""last"", """"], ""num_warps"": 16, ""num_stages"": 1, ""indexing"": [""tensor_descriptor"", ""tensor_descriptor"", ""pointer"", ""tensor_descriptor"", ""tensor_descriptor"", ""pointer"", ""tensor_descriptor""], ""atomic_indexing"": [], ""pid_type"": ""flat""}","{""arg0_ndim"": 2, ""arg0_dim0"": 2048, ""arg0_dim1"": 96, ""arg0_numel"": 196608, ""arg0_dtype"": ""torch.bfloat16"", ""arg0_dtype_size"": 2, ""arg0_dtype_cat"": 2, ""arg1_ndim"": 1, ""arg1_dim0"": 96, ""arg1_numel"": 96, ""arg1_dtype"": ""torch.bfloat16"", ""arg1_dtype_size"": 2, ""arg1_dtype_cat"": 2}",0.010239999741315842
rms_norm,afbd2d7edef6ebc8,73a4bcfe84591dcd,"{""block_sizes"": [1], ""reduction_loops"": [8192], ""range_unroll_factors"": [0], ""range_warp_specializes"": [null], ""range_num_stages"": [0], ""range_multi_buffers"": [null], ""range_flattens"": [null], ""load_eviction_policies"": ["""", """", """", """", """"], ""num_warps"": 8, ""num_stages"": 4, ""indexing"": [""pointer"", ""pointer"", ""tensor_descriptor"", ""pointer"", ""pointer"", ""tensor_descriptor"", ""tensor_descriptor""], ""atomic_indexing"": [], ""pid_type"": ""flat""}","{""arg0_ndim"": 2, ""arg0_dim0"": 2048, ""arg0_dim1"": 96, ""arg0_numel"": 196608, ""arg0_dtype"": ""torch.bfloat16"", ""arg0_dtype_size"": 2, ""arg0_dtype_cat"": 2, ""arg1_ndim"": 1, ""arg1_dim0"": 96, ""arg1_numel"": 96, ""arg1_dtype"": ""torch.bfloat16"", ""arg1_dtype_size"": 2, ""arg1_dtype_cat"": 2}",0.014336000196635723
rms_norm,afbd2d7edef6ebc8,6d53c3602b79725b,"{""block_sizes"": [1], ""reduction_loops"": [8192], ""range_unroll_factors"": [0], ""range_warp_specializes"": [null], ""range_num_stages"": [0], ""range_multi_buffers"": [null], ""range_flattens"": [null], ""load_eviction_policies"": ["""", ""first"", ""last"", """", """"], ""num_warps"": 8, ""num_stages"": 3, ""indexing"": [""pointer"", ""tensor_descriptor"", ""pointer"", ""pointer"", ""pointer"", ""tensor_descriptor"", ""pointer""], ""atomic_indexing"": [], ""pid_type"": ""flat""}","{""arg0_ndim"": 2, ""arg0_dim0"": 2048, ""arg0_dim1"": 96, ""arg0_numel"": 196608, ""arg0_dtype"": ""torch.bfloat16"", ""arg0_dtype_size"": 2, ""arg0_dtype_cat"": 2, ""arg1_ndim"": 1, ""arg1_dim0"": 96, ""arg1_numel"": 96, ""arg1_dtype"": ""torch.bfloat16"", ""arg1_dtype_size"": 2, ""arg1_dtype_cat"": 2}",0.014336000196635723
rms_norm,afbd2d7edef6ebc8,ce65586612391f94,"{""block_sizes"": [32], ""reduction_loops"": [null], ""range_unroll_factors"": [0], ""range_warp_specializes"": [null], ""range_num_stages"": [0], ""range_multi_buffers"": [null], ""range_flattens"": [null], ""load_eviction_policies"": ["""", """", """", """", """"], ""num_warps"": 4, ""num_stages"": 1, ""indexing"": [""pointer"", ""pointer"", ""pointer"", ""pointer"", ""pointer"", ""pointer"", ""pointer""], ""atomic_indexing"": [], ""pid_type"": ""flat""}","{""arg0_ndim"": 2, ""arg0_dim0"": 2048, ""arg0_dim1"": 96, ""arg0_numel"": 196608, ""arg0_dtype"": ""torch.bfloat16"", ""arg0_dtype_size"": 2, ""arg0_dtype_cat"": 2, ""arg1_ndim"": 1, ""arg1_dim0"": 96, ""arg1_numel"": 96, ""arg1_dtype"": ""torch.bfloat16"", ""arg1_dtype_size"": 2, ""arg1_dtype_cat"": 2}",0.006144000217318535
rms_norm,afbd2d7edef6ebc8,fa68d1735ed55be8,"{""block_sizes"": [16], ""reduction_loops"": [null], ""range_unroll_factors"": [1], ""range_warp_specializes"": [null], ""range_num_stages"": [2], ""range_multi_buffers"": [null], ""range_flattens"": [null], ""load_eviction_policies"": [""first"", ""last"", ""last"", """", ""last""], ""num_warps"": 16, ""num_stages"": 8, ""indexing"": [""tensor_descriptor"", ""pointer"", ""tensor_descriptor"", ""pointer"", ""pointer"", ""pointer"", ""pointer""], ""atomic_indexing"": [], ""pid_type"": ""persistent_interleaved"", ""num_sm_multiplier"": 1}","{""arg0_ndim"": 2, ""arg0_dim0"": 2048, ""arg0_dim1"": 96, ""arg0_numel"": 196608, ""arg0_dtype"": ""torch.bfloat16"", ""arg0_dtype_size"": 2, ""arg0_dtype_cat"": 2, ""arg1_ndim"": 1, ""arg1_dim0"": 96, ""arg1_numel"": 96, ""arg1_dtype"": ""torch.bfloat16"", ""arg1_dtype_size"": 2, ""arg1_dtype_cat"": 2}",0.006175999995321035
rms_norm,afbd2d7edef6ebc8,1979210a312b6290,"{""block_sizes"": [16], ""reduction_loops"": [256], ""range_unroll_factors"": [0], ""range_warp_specializes"": [null], ""range_num_stages"": [0], ""range_multi_buffers"": [null], ""range_flattens"": [null], ""load_eviction_policies"": [""first"", """", ""last"", ""last"", """"], ""num_warps"": 16, ""num_stages"": 4, ""indexing"": [""tensor_descriptor"", ""tensor_descriptor"", ""tensor_descriptor"", ""tensor_descriptor"", ""tensor_descriptor"", ""tensor_descriptor"", ""tensor_descriptor""], ""atomic_indexing"": [], ""pid_type"": ""flat""}","{""arg0_ndim"": 2, ""arg0_dim0"": 2048, ""arg0_dim1"": 96, ""arg0_numel"": 196608, ""arg0_dtype"": ""torch.bfloat16"", ""arg0_dtype_size"": 2, ""arg0_dtype_cat"": 2, ""arg1_ndim"": 1, ""arg1_dim0"": 96, ""arg1_numel"": 96, ""arg1_dtype"": ""torch.bfloat16"", ""arg1_dtype_size"": 2, ""arg1_dtype_cat"": 2}",0.006144000217318535
rms_norm,afbd2d7edef6ebc8,832d9cc41c9b5249,"{""block_sizes"": [2], ""reduction_loops"": [null], ""range_unroll_factors"": [0], ""range_warp_specializes"": [null], ""range_num_stages"": [0], ""range_multi_buffers"": [null], ""range_flattens"": [null], ""load_eviction_policies"": [""first"", ""last"", ""first"", ""first"", ""last""], ""num_warps"": 1, ""num_stages"": 8, ""indexing"": [""pointer"", ""pointer"", ""tensor_descriptor"", ""pointer"", ""pointer"", ""tensor_descriptor"", ""pointer""], ""atomic_indexing"": [], ""pid_type"": ""flat""}","{""arg0_ndim"": 2, ""arg0_dim0"": 2048, ""arg0_dim1"": 96, ""arg0_numel"": 196608, ""arg0_dtype"": ""torch.bfloat16"", ""arg0_dtype_size"": 2, ""arg0_dtype_cat"": 2, ""arg1_ndim"": 1, ""arg1_dim0"": 96, ""arg1_numel"": 96, ""arg1_dtype"": ""torch.bfloat16"", ""arg1_dtype_size"": 2, ""arg1_dtype_cat"": 2}",0.006144000217318535
rms_norm,afbd2d7edef6ebc8,5f3510d018a1da2c,"{""block_sizes"": [2], ""reduction_loops"": [null], ""range_unroll_factors"": [0], ""range_warp_specializes"": [null], ""range_num_stages"": [0], ""range_multi_buffers"": [null], ""range_flattens"": [null], ""load_eviction_policies"": ["""", """", ""first"", """", """"], ""num_warps"": 1, ""num_stages"": 1, ""indexing"": [""pointer"", ""pointer"", ""tensor_descriptor"", ""tensor_descriptor"", ""pointer"", ""pointer"", ""pointer""], ""atomic_indexing"": [], ""pid_type"": ""flat""}","{""arg0_ndim"": 2, ""arg0_dim0"": 2048, ""arg0_dim1"": 96, ""arg0_numel"": 196608, ""arg0_dtype"": ""torch.bfloat16"", ""arg0_dtype_size"": 2, ""arg0_dtype_cat"": 2, ""arg1_ndim"": 1, ""arg1_dim0"": 96, ""arg1_numel"": 96, ""arg1_dtype"": ""torch.bfloat16"", ""arg1_dtype_size"": 2, ""arg1_dtype_cat"": 2}",0.006144000217318535
rms_norm,afbd2d7edef6ebc8,c6373fe598a919dd,"{""block_sizes"": [8], ""reduction_loops"": [null], ""range_unroll_factors"": [0], ""range_warp_specializes"": [null], ""range_num_stages"": [0], ""range_multi_buffers"": [null], ""range_flattens"": [null], ""load_eviction_policies"": ["""", """", ""first"", """", """"], ""num_warps"": 16, ""num_stages"": 6, ""indexing"": [""pointer"", ""pointer"", ""pointer"", ""tensor_descriptor"", ""pointer"", ""pointer"", ""pointer""], ""atomic_indexing"": [], ""pid_type"": ""flat""}","{""arg0_ndim"": 2, ""arg0_dim0"": 2048, ""arg0_dim1"": 96, ""arg0_numel"": 196608, ""arg0_dtype"": ""torch.bfloat16"", ""arg0_dtype_size"": 2, ""arg0_dtype_cat"": 2, ""arg1_ndim"": 1, ""arg1_dim0"": 96, ""arg1_numel"": 96, ""arg1_dtype"": ""torch.bfloat16"", ""arg1_dtype_size"": 2, ""arg1_dtype_cat"": 2}",0.006144000217318535
rms_norm,afbd2d7edef6ebc8,482f430b8c9d8e8e,"{""block_sizes"": [2], ""reduction_loops"": [2048], ""range_unroll_factors"": [0], ""range_warp_specializes"": [null], ""range_num_stages"": [0], ""range_multi_buffers"": [null], ""range_flattens"": [null], ""load_eviction_policies"": [""last"", ""first"", ""last"", ""first"", ""first""], ""num_warps"": 2, ""num_stages"": 1, ""indexing"": [""tensor_descriptor"", ""pointer"", ""tensor_descriptor"", ""tensor_descriptor"", ""pointer"", ""tensor_descriptor"", ""tensor_descriptor""], ""atomic_indexing"": [], ""pid_type"": ""flat""}","{""arg0_ndim"": 2, ""arg0_dim0"": 2048, ""arg0_dim1"": 96, ""arg0_numel"": 196608, ""arg0_dtype"": ""torch.bfloat16"", ""arg0_dtype_size"": 2, ""arg0_dtype_cat"": 2, ""arg1_ndim"": 1, ""arg1_dim0"": 96, ""arg1_numel"": 96, ""arg1_dtype"": ""torch.bfloat16"", ""arg1_dtype_size"": 2, ""arg1_dtype_cat"": 2}",0.008191999979317188
rms_norm,afbd2d7edef6ebc8,816644cab655d611,"{""block_sizes"": [2], ""reduction_loops"": [2048], ""range_unroll_factors"": [0], ""range_warp_specializes"": [null], ""range_num_stages"": [0], ""range_multi_buffers"": [null], ""range_flattens"": [null], ""load_eviction_policies"": ["""", ""first"", ""last"", ""last"", """"], ""num_warps"": 8, ""num_stages"": 3, ""indexing"": [""pointer"", ""tensor_descriptor"", ""tensor_descriptor"", ""pointer"", ""tensor_descriptor"", ""pointer"", ""tensor_descriptor""], ""atomic_indexing"": [], ""pid_type"": ""flat""}","{""arg0_ndim"": 2, ""arg0_dim0"": 2048, ""arg0_dim1"": 96, ""arg0_numel"": 196608, ""arg0_dtype"": ""torch.bfloat16"", ""arg0_dtype_size"": 2, ""arg0_dtype_cat"": 2, ""arg1_ndim"": 1, ""arg1_dim0"": 96, ""arg1_numel"": 96, ""arg1_dtype"": ""torch.bfloat16"", ""arg1_dtype_size"": 2, ""arg1_dtype_cat"": 2}",0.008191999979317188
rms_norm,afbd2d7edef6ebc8,3abfa9907ca4fa3a,"{""block_sizes"": [1], ""reduction_loops"": [null], ""range_unroll_factors"": [0], ""range_warp_specializes"": [null], ""range_num_stages"": [0], ""range_multi_buffers"": [null], ""range_flattens"": [null], ""load_eviction_policies"": ["""", ""last"", ""last"", """", """"], ""num_warps"": 4, ""num_stages"": 2, ""indexing"": [""pointer"", ""pointer"", ""pointer"", ""tensor_descriptor"", ""pointer"", ""tensor_descriptor"", ""pointer""], ""atomic_indexing"": [], ""pid_type"": ""flat""}","{""arg0_ndim"": 2, ""arg0_dim0"": 2048, ""arg0_dim1"": 96, ""arg0_numel"": 196608, ""arg0_dtype"": ""torch.bfloat16"", ""arg0_dtype_size"": 2, ""arg0_dtype_cat"": 2, ""arg1_ndim"": 1, ""arg1_dim0"": 96, ""arg1_numel"": 96, ""arg1_dtype"": ""torch.bfloat16"", ""arg1_dtype_size"": 2, ""arg1_dtype_cat"": 2}",0.00800000037997961
rms_norm,afbd2d7edef6ebc8,87b2f26661fd2925,"{""block_sizes"": [1], ""reduction_loops"": [null], ""range_unroll_factors"": [0], ""range_warp_specializes"": [null], ""range_num_stages"": [0], ""range_multi_buffers"": [null], ""range_flattens"": [null], ""load_eviction_policies"": ["""", ""last"", ""last"", ""first"", """"], ""num_warps"": 8, ""num_stages"": 2, ""indexing"": [""tensor_descriptor"", ""tensor_descriptor"", ""tensor_descriptor"", ""tensor_descriptor"", ""pointer"", ""pointer"", ""tensor_descriptor""], ""atomic_indexing"": [], ""pid_type"": ""flat""}","{""arg0_ndim"": 2, ""arg0_dim0"": 2048, ""arg0_dim1"": 96, ""arg0_numel"": 196608, ""arg0_dtype"": ""torch.bfloat16"", ""arg0_dtype_size"": 2, ""arg0_dtype_cat"": 2, ""arg1_ndim"": 1, ""arg1_dim0"": 96, ""arg1_numel"": 96, ""arg1_dtype"": ""torch.bfloat16"", ""arg1_dtype_size"": 2, ""arg1_dtype_cat"": 2}",0.008191999979317188
rms_norm,afbd2d7edef6ebc8,7c1f654402c9dd7f,"{""block_sizes"": [1], ""reduction_loops"": [1024], ""range_unroll_factors"": [0], ""range_warp_specializes"": [null], ""range_num_stages"": [0], ""range_multi_buffers"": [null], ""range_flattens"": [null], ""load_eviction_policies"": ["""", ""first"", """", ""last"", ""first""], ""num_warps"": 4, ""num_stages"": 3, ""indexing"": [""pointer"", ""tensor_descriptor"", ""tensor_descriptor"", ""tensor_descriptor"", ""tensor_descriptor"", ""pointer"", ""pointer""], ""atomic_indexing"": [], ""pid_type"": ""flat""}","{""arg0_ndim"": 2, ""arg0_dim0"": 2048, ""arg0_dim1"": 96, ""arg0_numel"": 196608, ""arg0_dtype"": ""torch.bfloat16"", ""arg0_dtype_size"": 2, ""arg0_dtype_cat"": 2, ""arg1_ndim"": 1, ""arg1_dim0"": 96, ""arg1_numel"": 96, ""arg1_dtype"": ""torch.bfloat16"", ""arg1_dtype_size"": 2, ""arg1_dtype_cat"": 2}",0.008191999979317188
rms_norm,afbd2d7edef6ebc8,306f51b1d2d06f98,"{""block_sizes"": [1], ""reduction_loops"": [1024], ""range_unroll_factors"": [0], ""range_warp_specializes"": [null], ""range_num_stages"": [0], ""range_multi_buffers"": [null], ""range_flattens"": [null], ""load_eviction_policies"": ["""", ""first"", """", """", ""last""], ""num_warps"": 4, ""num_stages"": 5, ""indexing"": [""pointer"", ""tensor_descriptor"", ""tensor_descriptor"", ""pointer"", ""pointer"", ""tensor_descriptor"", ""tensor_descriptor""], ""atomic_indexing"": [], ""pid_type"": ""flat""}","{""arg0_ndim"": 2, ""arg0_dim0"": 2048, ""arg0_dim1"": 96, ""arg0_numel"": 196608, ""arg0_dtype"": ""torch.bfloat16"", ""arg0_dtype_size"": 2, ""arg0_dtype_cat"": 2, ""arg1_ndim"": 1, ""arg1_dim0"": 96, ""arg1_numel"": 96, ""arg1_dtype"": ""torch.bfloat16"", ""arg1_dtype_size"": 2, ""arg1_dtype_cat"": 2}",0.008191999979317188
rms_norm,afbd2d7edef6ebc8,5c295017bd009288,"{""block_sizes"": [1], ""reduction_loops"": [null], ""range_unroll_factors"": [0], ""range_warp_specializes"": [null], ""range_num_stages"": [0], ""range_multi_buffers"": [null], ""range_flattens"": [null], ""load_eviction_policies"": [""first"", """", ""last"", """", ""last""], ""num_warps"": 16, ""num_stages"": 4, ""indexing"": [""tensor_descriptor"", ""pointer"", ""tensor_descriptor"", ""pointer"", ""pointer"", ""pointer"", ""pointer""], ""atomic_indexing"": [], ""pid_type"": ""flat""}","{""arg0_ndim"": 2, ""arg0_dim0"": 2048, ""arg0_dim1"": 96, ""arg0_numel"": 196608, ""arg0_dtype"": ""torch.bfloat16"", ""arg0_dtype_size"": 2, ""arg0_dtype_cat"": 2, ""arg1_ndim"": 1, ""arg1_dim0"": 96, ""arg1_numel"": 96, ""arg1_dtype"": ""torch.bfloat16"", ""arg1_dtype_size"": 2, ""arg1_dtype_cat"": 2}",0.010239999741315842
rms_norm,afbd2d7edef6ebc8,9615e7b2fea5ec90,"{""block_sizes"": [1], ""reduction_loops"": [2048], ""range_unroll_factors"": [0], ""range_warp_specializes"": [null], ""range_num_stages"": [0], ""range_multi_buffers"": [null], ""range_flattens"": [null], ""load_eviction_policies"": ["""", ""first"", ""last"", ""first"", ""last""], ""num_warps"": 8, ""num_stages"": 8, ""indexing"": [""pointer"", ""pointer"", ""pointer"", ""tensor_descriptor"", ""pointer"", ""tensor_descriptor"", ""pointer""], ""atomic_indexing"": [], ""pid_type"": ""flat""}","{""arg0_ndim"": 2, ""arg0_dim0"": 2048, ""arg0_dim1"": 96, ""arg0_numel"": 196608, ""arg0_dtype"": ""torch.bfloat16"", ""arg0_dtype_size"": 2, ""arg0_dtype_cat"": 2, ""arg1_ndim"": 1, ""arg1_dim0"": 96, ""arg1_numel"": 96, ""arg1_dtype"": ""torch.bfloat16"", ""arg1_dtype_size"": 2, ""arg1_dtype_cat"": 2}",0.008224000222980976
rms_norm,afbd2d7edef6ebc8,ef0576b1337868e5,"{""block_sizes"": [1], ""reduction_loops"": [null], ""range_unroll_factors"": [0], ""range_warp_specializes"": [null], ""range_num_stages"": [0], ""range_multi_buffers"": [null], ""range_flattens"": [null], ""load_eviction_policies"": ["""", """", ""last"", """", ""last""], ""num_warps"": 8, ""num_stages"": 6, ""indexing"": [""tensor_descriptor"", ""pointer"", ""pointer"", ""pointer"", ""pointer"", ""tensor_descriptor"", ""tensor_descriptor""], ""atomic_indexing"": [], ""pid_type"": ""flat""}","{""arg0_ndim"": 2, ""arg0_dim0"": 2048, ""arg0_dim1"": 96, ""arg0_numel"": 196608, ""arg0_dtype"": ""torch.bfloat16"", ""arg0_dtype_size"": 2, ""arg0_dtype_cat"": 2, ""arg1_ndim"": 1, ""arg1_dim0"": 96, ""arg1_numel"": 96, ""arg1_dtype"": ""torch.bfloat16"", ""arg1_dtype_size"": 2, ""arg1_dtype_cat"": 2}",0.008191999979317188
rms_norm,afbd2d7edef6ebc8,11bb6dfa80985863,"{""block_sizes"": [1], ""reduction_loops"": [null], ""range_unroll_factors"": [0], ""range_warp_specializes"": [null], ""range_num_stages"": [0], ""range_multi_buffers"": [null], ""range_flattens"": [null], ""load_eviction_policies"": [""first"", """", ""last"", """", """"], ""num_warps"": 16, ""num_stages"": 2, ""indexing"": [""tensor_descriptor"", ""pointer"", ""pointer"", ""pointer"", ""tensor_descriptor"", ""tensor_descriptor"", ""pointer""], ""atomic_indexing"": [], ""pid_type"": ""flat""}","{""arg0_ndim"": 2, ""arg0_dim0"": 2048, ""arg0_dim1"": 96, ""arg0_numel"": 196608, ""arg0_dtype"": ""torch.bfloat16"", ""arg0_dtype_size"": 2, ""arg0_dtype_cat"": 2, ""arg1_ndim"": 1, ""arg1_dim0"": 96, ""arg1_numel"": 96, ""arg1_dtype"": ""torch.bfloat16"", ""arg1_dtype_size"": 2, ""arg1_dtype_cat"": 2}",0.010239999741315842
rms_norm,afbd2d7edef6ebc8,964bbd2b95871270,"{""block_sizes"": [1], ""reduction_loops"": [null], ""range_unroll_factors"": [0], ""range_warp_specializes"": [null], ""range_num_stages"": [0], ""range_multi_buffers"": [null], ""range_flattens"": [null], ""load_eviction_policies"": ["""", """", """", ""first"", """"], ""num_warps"": 8, ""num_stages"": 6, ""indexing"": [""pointer"", ""tensor_descriptor"", ""tensor_descriptor"", ""tensor_descriptor"", ""pointer"", ""tensor_descriptor"", ""tensor_descriptor""], ""atomic_indexing"": [], ""pid_type"": ""flat""}","{""arg0_ndim"": 2, ""arg0_dim0"": 2048, ""arg0_dim1"": 96, ""arg0_numel"": 196608, ""arg0_dtype"": ""torch.bfloat16"", ""arg0_dtype_size"": 2, ""arg0_dtype_cat"": 2, ""arg1_ndim"": 1, ""arg1_dim0"": 96, ""arg1_numel"": 96, ""arg1_dtype"": ""torch.bfloat16"", ""arg1_dtype_size"": 2, ""arg1_dtype_cat"": 2}",0.008191999979317188
rms_norm,afbd2d7edef6ebc8,a0bad60454a64a49,"{""block_sizes"": [1], ""reduction_loops"": [null], ""range_unroll_factors"": [0], ""range_warp_specializes"": [null], ""range_num_stages"": [0], ""range_multi_buffers"": [null], ""range_flattens"": [null], ""load_eviction_policies"": [""first"", ""last"", ""last"", """", ""last""], ""num_warps"": 16, ""num_stages"": 4, ""indexing"": [""pointer"", ""tensor_descriptor"", ""pointer"", ""pointer"", ""pointer"", ""pointer"", ""pointer""], ""atomic_indexing"": [], ""pid_type"": ""flat""}","{""arg0_ndim"": 2, ""arg0_dim0"": 2048, ""arg0_dim1"": 96, ""arg0_numel"": 196608, ""arg0_dtype"": ""torch.bfloat16"", ""arg0_dtype_size"": 2, ""arg0_dtype_cat"": 2, ""arg1_ndim"": 1, ""arg1_dim0"": 96, ""arg1_numel"": 96, ""arg1_dtype"": ""torch.bfloat16"", ""arg1_dtype_size"": 2, ""arg1_dtype_cat"": 2}",0.010239999741315842
rms_norm,afbd2d7edef6ebc8,45b47d2b716e8754,"{""block_sizes"": [4], ""reduction_loops"": [null], ""range_unroll_factors"": [0], ""range_warp_specializes"": [null], ""range_num_stages"": [0], ""range_multi_buffers"": [null], ""range_flattens"": [null], ""load_eviction_policies"": [""first"", """", """", ""last"", ""last""], ""num_warps"": 2, ""num_stages"": 5, ""indexing"": [""pointer"", ""tensor_descriptor"", ""tensor_descriptor"", ""tensor_descriptor"", ""tensor_descriptor"", ""pointer"", ""pointer""], ""atomic_indexing"": [], ""pid_type"": ""flat""}","{""arg0_ndim"": 2, ""arg0_dim0"": 2048, ""arg0_dim1"": 96, ""arg0_numel"": 196608, ""arg0_dtype"": ""torch.bfloat16"", ""arg0_dtype_size"": 2, ""arg0_dtype_cat"": 2, ""arg1_ndim"": 1, ""arg1_dim0"": 96, ""arg1_numel"": 96, ""arg1_dtype"": ""torch.bfloat16"", ""arg1_dtype_size"": 2, ""arg1_dtype_cat"": 2}",0.006144000217318535
rms_norm,afbd2d7edef6ebc8,0e08e3ec9a7b2c1e,"{""block_sizes"": [4], ""reduction_loops"": [null], ""range_unroll_factors"": [0], ""range_warp_specializes"": [null], ""range_num_stages"": [0], ""range_multi_buffers"": [null], ""range_flattens"": [null], ""load_eviction_policies"": [""first"", ""last"", """", ""first"", """"], ""num_warps"": 2, ""num_stages"": 3, ""indexing"": [""pointer"", ""tensor_descriptor"", ""pointer"", ""tensor_descriptor"", ""tensor_descriptor"", ""tensor_descriptor"", ""tensor_descriptor""], ""atomic_indexing"": [], ""pid_type"": ""flat""}","{""arg0_ndim"": 2, ""arg0_dim0"": 2048, ""arg0_dim1"": 96, ""arg0_numel"": 196608, ""arg0_dtype"": ""torch.bfloat16"", ""arg0_dtype_size"": 2, ""arg0_dtype_cat"": 2, ""arg1_ndim"": 1, ""arg1_dim0"": 96, ""arg1_numel"": 96, ""arg1_dtype"": ""torch.bfloat16"", ""arg1_dtype_size"": 2, ""arg1_dtype_cat"": 2}",0.006144000217318535
rms_norm,afbd2d7edef6ebc8,a3c8f5854ffdaebc,"{""block_sizes"": [16], ""reduction_loops"": [null], ""range_unroll_factors"": [0], ""range_warp_specializes"": [null], ""range_num_stages"": [0], ""range_multi_buffers"": [null], ""range_flattens"": [null], ""load_eviction_policies"": ["""", """", ""first"", """", ""last""], ""num_warps"": 4, ""num_stages"": 5, ""indexing"": [""pointer"", ""pointer"", ""pointer"", ""pointer"", ""pointer"", ""pointer"", ""pointer""], ""atomic_indexing"": [], ""pid_type"": ""flat""}","{""arg0_ndim"": 2, ""arg0_dim0"": 2048, ""arg0_dim1"": 96, ""arg0_numel"": 196608, ""arg0_dtype"": ""torch.bfloat16"", ""arg0_dtype_size"": 2, ""arg0_dtype_cat"": 2, ""arg1_ndim"": 1, ""arg1_dim0"": 96, ""arg1_numel"": 96, ""arg1_dtype"": ""torch.bfloat16"", ""arg1_dtype_size"": 2, ""arg1_dtype_cat"": 2}",0.006144000217318535
rms_norm,afbd2d7edef6ebc8,df5f9e1409cfd8bd,"{""block_sizes"": [16], ""reduction_loops"": [null], ""range_unroll_factors"": [0], ""range_warp_specializes"": [null], ""range_num_stages"": [0], ""range_multi_buffers"": [null], ""range_flattens"": [null], ""load_eviction_policies"": ["""", """", ""last"", """", ""first""], ""num_warps"": 4, ""num_stages"": 1, ""indexing"": [""pointer"", ""pointer"", ""pointer"", ""pointer"", ""pointer"", ""tensor_descriptor"", ""tensor_descriptor""], ""atomic_indexing"": [], ""pid_type"": ""flat""}","{""arg0_ndim"": 2, ""arg0_dim0"": 2048, ""arg0_dim1"": 96, ""arg0_numel"": 196608, ""arg0_dtype"": ""torch.bfloat16"", ""arg0_dtype_size"": 2, ""arg0_dtype_cat"": 2, ""arg1_ndim"": 1, ""arg1_dim0"": 96, ""arg1_numel"": 96, ""arg1_dtype"": ""torch.bfloat16"", ""arg1_dtype_size"": 2, ""arg1_dtype_cat"": 2}",0.006144000217318535
rms_norm,e5bc9a09afdd14f9,24745e38d713c198,"{""block_sizes"": [2], ""reduction_loops"": [null], ""range_unroll_factors"": [0], ""range_warp_specializes"": [null], ""range_num_stages"": [0], ""range_multi_buffers"": [null], ""range_flattens"": [null], ""load_eviction_policies"": [""last"", ""first"", ""first"", """", """"], ""num_warps"": 4, ""num_stages"": 6, ""indexing"": [""pointer"", ""pointer"", ""pointer"", ""tensor_descriptor"", ""tensor_descriptor"", ""pointer"", ""pointer""], ""atomic_indexing"": [], ""pid_type"": ""flat""}","{""arg0_ndim"": 2, ""arg0_dim0"": 2048, ""arg0_dim1"": 127, ""arg0_numel"": 260096, ""arg0_dtype"": ""torch.bfloat16"", ""arg0_dtype_size"": 2, ""arg0_dtype_cat"": 2, ""arg1_ndim"": 1, ""arg1_dim0"": 127, ""arg1_numel"": 127, ""arg1_dtype"": ""torch.bfloat16"", ""arg1_dtype_size"": 2, ""arg1_dtype_cat"": 2}",0.006175999995321035
rms_norm,e5bc9a09afdd14f9,180c35ef192d14f2,"{""block_sizes"": [2], ""reduction_loops"": [null], ""range_unroll_factors"": [0], ""range_warp_specializes"": [null], ""range_num_stages"": [0], ""range_multi_buffers"": [null], ""range_flattens"": [null], ""load_eviction_policies"": ["""", """", ""last"", """", """"], ""num_warps"": 1, ""num_stages"": 2, ""indexing"": [""pointer"", ""pointer"", ""pointer"", ""pointer"", ""pointer"", ""pointer"", ""pointer""], ""atomic_indexing"": [], ""pid_type"": ""flat""}","{""arg0_ndim"": 2, ""arg0_dim0"": 2048, ""arg0_dim1"": 127, ""arg0_numel"": 260096, ""arg0_dtype"": ""torch.bfloat16"", ""arg0_dtype_size"": 2, ""arg0_dtype_cat"": 2, ""arg1_ndim"": 1, ""arg1_dim0"": 127, ""arg1_numel"": 127, ""arg1_dtype"": ""torch.bfloat16"", ""arg1_dtype_size"": 2, ""arg1_dtype_cat"": 2}",0.006175999995321035
rms_norm,e5bc9a09afdd14f9,7bfccb3790afd320,"{""block_sizes"": [2], ""reduction_loops"": [2048], ""range_unroll_factors"": [0], ""range_warp_specializes"": [null], ""range_num_stages"": [0], ""range_multi_buffers"": [null], ""range_flattens"": [null], ""load_eviction_policies"": [""last"", """", ""last"", """", """"], ""num_warps"": 8, ""num_stages"": 1, ""indexing"": [""pointer"", ""pointer"", ""pointer"", ""tensor_descriptor"", ""pointer"", ""tensor_descriptor"", ""tensor_descriptor""], ""atomic_indexing"": [], ""pid_type"": ""flat""}","{""arg0_ndim"": 2, ""arg0_dim0"": 2048, ""arg0_dim1"": 127, ""arg0_numel"": 260096, ""arg0_dtype"": ""torch.bfloat16"", ""arg0_dtype_size"": 2, ""arg0_dtype_cat"": 2, ""arg1_ndim"": 1, ""arg1_dim0"": 127, ""arg1_numel"": 127, ""arg1_dtype"": ""torch.bfloat16"", ""arg1_dtype_size"": 2, ""arg1_dtype_cat"": 2}",0.010239999741315842
rms_norm,e5bc9a09afdd14f9,b700865abbecc460,"{""block_sizes"": [1], ""reduction_loops"": [null], ""range_unroll_factors"": [0], ""range_warp_specializes"": [null], ""range_num_stages"": [0], ""range_multi_buffers"": [null], ""range_flattens"": [null], ""load_eviction_policies"": [""first"", """", ""last"", ""last"", """"], ""num_warps"": 16, ""num_stages"": 1, ""indexing"": [""tensor_descriptor"", ""tensor_descriptor"", ""pointer"", ""tensor_descriptor"", ""tensor_descriptor"", ""pointer"", ""tensor_descriptor""], ""atomic_indexing"": [], ""pid_type"": ""flat""}","{""arg0_ndim"": 2, ""arg0_dim0"": 2048, ""arg0_dim1"": 127, ""arg0_numel"": 260096, ""arg0_dtype"": ""torch.bfloat16"", ""arg0_dtype_size"": 2, ""arg0_dtype_cat"": 2, ""arg1_ndim"": 1, ""arg1_dim0"": 127, ""arg1_numel"": 127, ""arg1_dtype"": ""torch.bfloat16"", ""arg1_dtype_size"": 2, ""arg1_dtype_cat"": 2}",0.010239999741315842
rms_norm,e5bc9a09afdd14f9,73a4bcfe84591dcd,"{""block_sizes"": [1], ""reduction_loops"": [8192], ""range_unroll_factors"": [0], ""range_warp_specializes"": [null], ""range_num_stages"": [0], ""range_multi_buffers"": [null], ""range_flattens"": [null], ""load_eviction_policies"": ["""", """", """", """", """"], ""num_warps"": 8, ""num_stages"": 4, ""indexing"": [""pointer"", ""pointer"", ""tensor_descriptor"", ""pointer"", ""pointer"", ""tensor_descriptor"", ""tensor_descriptor""], ""atomic_indexing"": [], ""pid_type"": ""flat""}","{""arg0_ndim"": 2, ""arg0_dim0"": 2048, ""arg0_dim1"": 127, ""arg0_numel"": 260096, ""arg0_dtype"": ""torch.bfloat16"", ""arg0_dtype_size"": 2, ""arg0_dtype_cat"": 2, ""arg1_ndim"": 1, ""arg1_dim0"": 127, ""arg1_numel"": 127, ""arg1_dtype"": ""torch.bfloat16"", ""arg1_dtype_size"": 2, ""arg1_dtype_cat"": 2}",0.03699199855327606
rms_norm,e5bc9a09afdd14f9,6d53c3602b79725b,"{""block_sizes"": [1], ""reduction_loops"": [8192], ""range_unroll_factors"": [0], ""range_warp_specializes"": [null], ""range_num_stages"": [0], ""range_multi_buffers"": [null], ""range_flattens"": [null], ""load_eviction_policies"": ["""", ""first"", ""last"", """", """"], ""num_warps"": 8, ""num_stages"": 3, ""indexing"": [""pointer"", ""tensor_descriptor"", ""pointer"", ""pointer"", ""pointer"", ""tensor_descriptor"", ""pointer""], ""atomic_indexing"": [], ""pid_type"": ""flat""}","{""arg0_ndim"": 2, ""arg0_dim0"": 2048, ""arg0_dim1"": 127, ""arg0_numel"": 260096, ""arg0_dtype"": ""torch.bfloat16"", ""arg0_dtype_size"": 2, ""arg0_dtype_cat"": 2, ""arg1_ndim"": 1, ""arg1_dim0"": 127, ""arg1_numel"": 127, ""arg1_dtype"": ""torch.bfloat16"", ""arg1_dtype_size"": 2, ""arg1_dtype_cat"": 2}",0.038943998515605927
rms_norm,e5bc9a09afdd14f9,ce65586612391f94,"{""block_sizes"": [32], ""reduction_loops"": [null], ""range_unroll_factors"": [0], ""range_warp_specializes"": [null], ""range_num_stages"": [0], ""range_multi_buffers"": [null], ""range_flattens"": [null], ""load_eviction_policies"": ["""", """", """", """", """"], ""num_warps"": 4, ""num_stages"": 1, ""indexing"": [""pointer"", ""pointer"", ""pointer"", ""pointer"", ""pointer"", ""pointer"", ""pointer""], ""atomic_indexing"": [], ""pid_type"": ""flat""}","{""arg0_ndim"": 2, ""arg0_dim0"": 2048, ""arg0_dim1"": 127, ""arg0_numel"": 260096, ""arg0_dtype"": ""torch.bfloat16"", ""arg0_dtype_size"": 2, ""arg0_dtype_cat"": 2, ""arg1_ndim"": 1, ""arg1_dim0"": 127, ""arg1_numel"": 127, ""arg1_dtype"": ""torch.bfloat16"", ""arg1_dtype_size"": 2, ""arg1_dtype_cat"": 2}",0.008191999979317188
rms_norm,e5bc9a09afdd14f9,fa68d1735ed55be8,"{""block_sizes"": [16], ""reduction_loops"": [null], ""range_unroll_factors"": [1], ""range_warp_specializes"": [null], ""range_num_stages"": [2], ""range_multi_buffers"": [null], ""range_flattens"": [null], ""load_eviction_policies"": [""first"", ""last"", ""last"", """", ""last""], ""num_warps"": 16, ""num_stages"": 8, ""indexing"": [""tensor_descriptor"", ""pointer"", ""tensor_descriptor"", ""pointer"", ""pointer"", ""pointer"", ""pointer""], ""atomic_indexing"": [], ""pid_type"": ""persistent_interleaved"", ""num_sm_multiplier"": 1}","{""arg0_ndim"": 2, ""arg0_dim0"": 2048, ""arg0_dim1"": 127, ""arg0_numel"": 260096, ""arg0_dtype"": ""torch.bfloat16"", ""arg0_dtype_size"": 2, ""arg0_dtype_cat"": 2, ""arg1_ndim"": 1, ""arg1_dim0"": 127, ""arg1_numel"": 127, ""arg1_dtype"": ""torch.bfloat16"", ""arg1_dtype_size"": 2, ""arg1_dtype_cat"": 2}",0.006399999838322401
rms_norm,e5bc9a09afdd14f9,1979210a312b6290,"{""block_sizes"": [16], ""reduction_loops"": [256], ""range_unroll_factors"": [0], ""range_warp_specializes"": [null], ""range_num_stages"": [0], ""range_multi_buffers"": [null], ""range_flattens"": [null], ""load_eviction_policies"": [""first"", """", ""last"", ""last"", """"], ""num_warps"": 16, ""num_stages"": 4, ""indexing"": [""tensor_descriptor"", ""tensor_descriptor"", ""tensor_descriptor"", ""tensor_descriptor"", ""tensor_descriptor"", ""tensor_descriptor"", ""tensor_descriptor""], ""atomic_indexing"": [], ""pid_type"": ""flat""}","{""arg0_ndim"": 2, ""arg0_dim0"": 2048, ""arg0_dim1"": 127, ""arg0_numel"": 260096, ""arg0_dtype"": ""torch.bfloat16"", ""arg0_dtype_size"": 2, ""arg0_dtype_cat"": 2, ""arg1_ndim"": 1, ""arg1_dim0"": 127, ""arg1_numel"": 127, ""arg1_dtype"": ""torch.bfloat16"", ""arg1_dtype_size"": 2, ""arg1_dtype_cat"": 2}",0.008191999979317188
rms_norm,e5bc9a09afdd14f9,832d9cc41c9b5249,"{""block_sizes"": [2], ""reduction_loops"": [null], ""range_unroll_factors"": [0], ""range_warp_specializes"": [null], ""range_num_stages"": [0], ""range_multi_buffers"": [null], ""range_flattens"": [null], ""load_eviction_policies"": [""first"", ""last"", ""first"", ""first"", ""last""], ""num_warps"": 1, ""num_stages"": 8, ""indexing"": [""pointer"", ""pointer"", ""tensor_descriptor"", ""pointer"", ""pointer"", ""tensor_descriptor"", ""pointer""], ""atomic_indexing"": [], ""pid_type"": ""flat""}","{""arg0_ndim"": 2, ""arg0_dim0"": 2048, ""arg0_dim1"": 127, ""arg0_numel"": 260096, ""arg0_dtype"": ""torch.bfloat16"", ""arg0_dtype_size"": 2, ""arg0_dtype_cat"": 2, ""arg1_ndim"": 1, ""arg1_dim0"": 127, ""arg1_numel"": 127, ""arg1_dtype"": ""torch.bfloat16"", ""arg1_dtype_size"": 2, ""arg1_dtype_cat"": 2}",0.006144000217318535
rms_norm,e5bc9a09afdd14f9,5f3510d018a1da2c,"{""block_sizes"": [2], ""reduction_loops"": [null], ""range_unroll_factors"": [0], ""range_warp_specializes"": [null], ""range_num_stages"": [0], ""range_multi_buffers"": [null], ""range_flattens"": [null], ""load_eviction_policies"": ["""", """", ""first"", """", """"], ""num_warps"": 1, ""num_stages"": 1, ""indexing"": [""pointer"", ""pointer"", ""tensor_descriptor"", ""tensor_descriptor"", ""pointer"", ""pointer"", ""pointer""], ""atomic_indexing"": [], ""pid_type"": ""flat""}","{""arg0_ndim"": 2, ""arg0_dim0"": 2048, ""arg0_dim1"": 127, ""arg0_numel"": 260096, ""arg0_dtype"": ""torch.bfloat16"", ""arg0_dtype_size"": 2, ""arg0_dtype_cat"": 2, ""arg1_ndim"": 1, ""arg1_dim0"": 127, ""arg1_numel"": 127, ""arg1_dtype"": ""torch.bfloat16"", ""arg1_dtype_size"": 2, ""arg1_dtype_cat"": 2}",0.006175999995321035
rms_norm,e5bc9a09afdd14f9,c6373fe598a919dd,"{""block_sizes"": [8], ""reduction_loops"": [null], ""range_unroll_factors"": [0], ""range_warp_specializes"": [null], ""range_num_stages"": [0], ""range_multi_buffers"": [null], ""range_flattens"": [null], ""load_eviction_policies"": ["""", """", ""first"", """", """"], ""num_warps"": 16, ""num_stages"": 6, ""indexing"": [""pointer"", ""pointer"", ""pointer"", ""tensor_descriptor"", ""pointer"", ""pointer"", ""pointer""], ""atomic_indexing"": [], ""pid_type"": ""flat""}","{""arg0_ndim"": 2, ""arg0_dim0"": 2048, ""arg0_dim1"": 127, ""arg0_numel"": 260096, ""arg0_dtype"": ""torch.bfloat16"", ""arg0_dtype_size"": 2, ""arg0_dtype_cat"": 2, ""arg1_ndim"": 1, ""arg1_dim0"": 127, ""arg1_numel"": 127, ""arg1_dtype"": ""torch.bfloat16"", ""arg1_dtype_size"": 2, ""arg1_dtype_cat"": 2}",0.006175999995321035
rms_norm,e5bc9a09afdd14f9,482f430b8c9d8e8e,"{""block_sizes"": [2], ""reduction_loops"": [2048], ""range_unroll_factors"": [0], ""range_warp_specializes"": [null], ""range_num_stages"": [0], ""range_multi_buffers"": [null], ""range_flattens"": [null], ""load_eviction_policies"": [""last"", ""first"", ""last"", ""first"", ""first""], ""num_warps"": 2, ""num_stages"": 1, ""indexing"": [""tensor_descriptor"", ""pointer"", ""tensor_descriptor"", ""tensor_descriptor"", ""pointer"", ""tensor_descriptor"", ""tensor_descriptor""], ""atomic_indexing"": [], ""pid_type"": ""flat""}","{""arg0_ndim"": 2, ""arg0_dim0"": 2048, ""arg0_dim1"": 127, ""arg0_numel"": 260096, ""arg0_dtype"": ""torch.bfloat16"", ""arg0_dtype_size"": 2, ""arg0_dtype_cat"": 2, ""arg1_ndim"": 1, ""arg1_dim0"": 127, ""arg1_numel"": 127, ""arg1_dtype"": ""torch.bfloat16"", ""arg1_dtype_size"": 2, ""arg1_dtype_cat"": 2}",0.01228800043463707
rms_norm,e5bc9a09afdd14f9,816644cab655d611,"{""block_sizes"": [2], ""reduction_loops"": [2048], ""range_unroll_factors"": [0], ""range_warp_specializes"": [null], ""range_num_stages"": [0], ""range_multi_buffers"": [null], ""range_flattens"": [null], ""load_eviction_policies"": ["""", ""first"", ""last"", ""last"", """"], ""num_warps"": 8, ""num_stages"": 3, ""indexing"": [""pointer"", ""tensor_descriptor"", ""tensor_descriptor"", ""pointer"", ""tensor_descriptor"", ""pointer"", ""tensor_descriptor""], ""atomic_indexing"": [], ""pid_type"": ""flat""}","{""arg0_ndim"": 2, ""arg0_dim0"": 2048, ""arg0_dim1"": 127, ""arg0_numel"": 260096, ""arg0_dtype"": ""torch.bfloat16"", ""arg0_dtype_size"": 2, ""arg0_dtype_cat"": 2, ""arg1_ndim"": 1, ""arg1_dim0"": 127, ""arg1_numel"": 127, ""arg1_dtype"": ""torch.bfloat16"", ""arg1_dtype_size"": 2, ""arg1_dtype_cat"": 2}",0.010239999741315842
rms_norm,e5bc9a09afdd14f9,3abfa9907ca4fa3a,"{""block_sizes"": [1], ""reduction_loops"": [null], ""range_unroll_factors"": [0], ""range_warp_specializes"": [null], ""range_num_stages"": [0], ""range_multi_buffers"": [null], ""range_flattens"": [null], ""load_eviction_policies"": ["""", ""last"", ""last"", """", """"], ""num_warps"": 4, ""num_stages"": 2, ""indexing"": [""pointer"", ""pointer"", ""pointer"", ""tensor_descriptor"", ""pointer"", ""tensor_descriptor"", ""pointer""], ""atomic_indexing"": [], ""pid_type"": ""flat""}","{""arg0_ndim"": 2, ""arg0_dim0"": 2048, ""arg0_dim1"": 127, ""arg0_numel"": 260096, ""arg0_dtype"": ""torch.bfloat16"", ""arg0_dtype_size"": 2, ""arg0_dtype_cat"": 2, ""arg1_ndim"": 1, ""arg1_dim0"": 127, ""arg1_numel"": 127, ""arg1_dtype"": ""torch.bfloat16"", ""arg1_dtype_size"": 2, ""arg1_dtype_cat"": 2}",0.0080960001796484
rms_norm,e5bc9a09afdd14f9,87b2f26661fd2925,"{""block_sizes"": [1], ""reduction_loops"": [null], ""range_unroll_factors"": [0], ""range_warp_specializes"": [null], ""range_num_stages"": [0], ""range_multi_buffers"": [null], ""range_flattens"": [null], ""load_eviction_policies"": ["""", ""last"", ""last"", ""first"", """"], ""num_warps"": 8, ""num_stages"": 2, ""indexing"": [""tensor_descriptor"", ""tensor_descriptor"", ""tensor_descriptor"", ""tensor_descriptor"", ""pointer"", ""pointer"", ""tensor_descriptor""], ""atomic_indexing"": [], ""pid_type"": ""flat""}","{""arg0_ndim"": 2, ""arg0_dim0"": 2048, ""arg0_dim1"": 127, ""arg0_numel"": 260096, ""arg0_dtype"": ""torch.bfloat16"", ""arg0_dtype_size"": 2, ""arg0_dtype_cat"": 2, ""arg1_ndim"": 1, ""arg1_dim0"": 127, ""arg1_numel"": 127, ""arg1_dtype"": ""torch.bfloat16"", ""arg1_dtype_size"": 2, ""arg1_dtype_cat"": 2}",0.008191999979317188
rms_norm,e5bc9a09afdd14f9,7c1f654402c9dd7f,"{""block_sizes"": [1], ""reduction_loops"": [1024], ""range_unroll_factors"": [0], ""range_warp_specializes"": [null], ""range_num_stages"": [0], ""range_multi_buffers"": [null], ""range_flattens"": [null], ""load_eviction_policies"": ["""", ""first"", """", ""last"", ""first""], ""num_warps"": 4, ""num_stages"": 3, ""indexing"": [""pointer"", ""tensor_descriptor"", ""tensor_descriptor"", ""tensor_descriptor"", ""tensor_descriptor"", ""pointer"", ""pointer""], ""atomic_indexing"": [], ""pid_type"": ""flat""}","{""arg0_ndim"": 2, ""arg0_dim0"": 2048, ""arg0_dim1"": 127, ""arg0_numel"": 260096, ""arg0_dtype"": ""torch.bfloat16"", ""arg0_dtype_size"": 2, ""arg0_dtype_cat"": 2, ""arg1_ndim"": 1, ""arg1_dim0"": 127, ""arg1_numel"": 127, ""arg1_dtype"": ""torch.bfloat16"", ""arg1_dtype_size"": 2, ""arg1_dtype_cat"": 2}",0.010208000428974628
rms_norm,e5bc9a09afdd14f9,306f51b1d2d06f98,"{""block_sizes"": [1], ""reduction_loops"": [1024], ""range_unroll_factors"": [0], ""range_warp_specializes"": [null], ""range_num_stages"": [0], ""range_multi_buffers"": [null], ""range_flattens"": [null], ""load_eviction_policies"": ["""", ""first"", """", """", ""last""], ""num_warps"": 4, ""num_stages"": 5, ""indexing"": [""pointer"", ""tensor_descriptor"", ""tensor_descriptor"", ""pointer"", ""pointer"", ""tensor_descriptor"", ""tensor_descriptor""], ""atomic_indexing"": [], ""pid_type"": ""flat""}","{""arg0_ndim"": 2, ""arg0_dim0"": 2048, ""arg0_dim1"": 127, ""arg0_numel"": 260096, ""arg0_dtype"": ""torch.bfloat16"", ""arg0_dtype_size"": 2, ""arg0_dtype_cat"": 2, ""arg1_ndim"": 1, ""arg1_dim0"": 127, ""arg1_numel"": 127, ""arg1_dtype"": ""torch.bfloat16"", ""arg1_dtype_size"": 2, ""arg1_dtype_cat"": 2}",0.010208000428974628
rms_norm,e5bc9a09afdd14f9,5c295017bd009288,"{""block_sizes"": [1], ""reduction_loops"": [null], ""range_unroll_factors"": [0], ""range_warp_specializes"": [null], ""range_num_stages"": [0], ""range_multi_buffers"": [null], ""range_flattens"": [null], ""load_eviction_policies"": [""first"", """", ""last"", """", ""last""], ""num_warps"": 16, ""num_stages"": 4, ""indexing"": [""tensor_descriptor"", ""pointer"", ""tensor_descriptor"", ""pointer"", ""pointer"", ""pointer"", ""pointer""], ""atomic_indexing"": [], ""pid_type"": ""flat""}","{""arg0_ndim"": 2, ""arg0_dim0"": 2048, ""arg0_dim1"": 127, ""arg0_numel"": 260096, ""arg0_dtype"": ""torch.bfloat16"", ""arg0_dtype_size"": 2, ""arg0_dtype_cat"": 2, ""arg1_ndim"": 1, ""arg1_dim0"": 127, ""arg1_numel"": 127, ""arg1_dtype"": ""torch.bfloat16"", ""arg1_dtype_size"": 2, ""arg1_dtype_cat"": 2}",0.010239999741315842
rms_norm,e5bc9a09afdd14f9,9615e7b2fea5ec90,"{""block_sizes"": [1], ""reduction_loops"": [2048], ""range_unroll_factors"": [0], ""range_warp_specializes"": [null], ""range_num_stages"": [0], ""range_multi_buffers"": [null], ""range_flattens"": [null], ""load_eviction_policies"": ["""", ""first"", ""last"", ""first"", ""last""], ""num_warps"": 8, ""num_stages"": 8, ""indexing"": [""pointer"", ""pointer"", ""pointer"", ""tensor_descriptor"", ""pointer"", ""tensor_descriptor"", ""pointer""], ""atomic_indexing"": [], ""pid_type"": ""flat""}","{""arg0_ndim"": 2, ""arg0_dim0"": 2048, ""arg0_dim1"": 127, ""arg0_numel"": 260096, ""arg0_dtype"": ""torch.bfloat16"", ""arg0_dtype_size"": 2, ""arg0_dtype_cat"": 2, ""arg1_ndim"": 1, ""arg1_dim0"": 127, ""arg1_numel"": 127, ""arg1_dtype"": ""torch.bfloat16"", ""arg1_dtype_size"": 2, ""arg1_dtype_cat"": 2}",0.01228800043463707
rms_norm,e5bc9a09afdd14f9,ef0576b1337868e5,"{""block_sizes"": [1], ""reduction_loops"": [null], ""range_unroll_factors"": [0], ""range_warp_specializes"": [null], ""range_num_stages"": [0], ""range_multi_buffers"": [null], ""range_flattens"": [null], ""load_eviction_policies"": ["""", """", ""last"", """", ""last""], ""num_warps"": 8, ""num_stages"": 6, ""indexing"": [""tensor_descriptor"", ""pointer"", ""pointer"", ""pointer"", ""pointer"", ""tensor_descriptor"", ""tensor_descriptor""], ""atomic_indexing"": [], ""pid_type"": ""flat""}","{""arg0_ndim"": 2, ""arg0_dim0"": 2048, ""arg0_dim1"": 127, ""arg0_numel"": 260096, ""arg0_dtype"": ""torch.bfloat16"", ""arg0_dtype_size"": 2, ""arg0_dtype_cat"": 2, ""arg1_ndim"": 1, ""arg1_dim0"": 127, ""arg1_numel"": 127, ""arg1_dtype"": ""torch.bfloat16"", ""arg1_dtype_size"": 2, ""arg1_dtype_cat"": 2}",0.008191999979317188
rms_norm,e5bc9a09afdd14f9,11bb6dfa80985863,"{""block_sizes"": [1], ""reduction_loops"": [null], ""range_unroll_factors"": [0], ""range_warp_specializes"": [null], ""range_num_stages"": [0], ""range_multi_buffers"": [null], ""range_flattens"": [null], ""load_eviction_policies"": [""first"", """", ""last"", """", """"], ""num_warps"": 16, ""num_stages"": 2, ""indexing"": [""tensor_descriptor"", ""pointer"", ""pointer"", ""pointer"", ""tensor_descriptor"", ""tensor_descriptor"", ""pointer""], ""atomic_indexing"": [], ""pid_type"": ""flat""}","{""arg0_ndim"": 2, ""arg0_dim0"": 2048, ""arg0_dim1"": 127, ""arg0_numel"": 260096, ""arg0_dtype"": ""torch.bfloat16"", ""arg0_dtype_size"": 2, ""arg0_dtype_cat"": 2, ""arg1_ndim"": 1, ""arg1_dim0"": 127, ""arg1_numel"": 127, ""arg1_dtype"": ""torch.bfloat16"", ""arg1_dtype_size"": 2, ""arg1_dtype_cat"": 2}",0.010239999741315842
rms_norm,e5bc9a09afdd14f9,964bbd2b95871270,"{""block_sizes"": [1], ""reduction_loops"": [null], ""range_unroll_factors"": [0], ""range_warp_specializes"": [null], ""range_num_stages"": [0], ""range_multi_buffers"": [null], ""range_flattens"": [null], ""load_eviction_policies"": ["""", """", """", ""first"", """"], ""num_warps"": 8, ""num_stages"": 6, ""indexing"": [""pointer"", ""tensor_descriptor"", ""tensor_descriptor"", ""tensor_descriptor"", ""pointer"", ""tensor_descriptor"", ""tensor_descriptor""], ""atomic_indexing"": [], ""pid_type"": ""flat""}","{""arg0_ndim"": 2, ""arg0_dim0"": 2048, ""arg0_dim1"": 127, ""arg0_numel"": 260096, ""arg0_dtype"": ""torch.bfloat16"", ""arg0_dtype_size"": 2, ""arg0_dtype_cat"": 2, ""arg1_ndim"": 1, ""arg1_dim0"": 127, ""arg1_numel"": 127, ""arg1_dtype"": ""torch.bfloat16"", ""arg1_dtype_size"": 2, ""arg1_dtype_cat"": 2}",0.008191999979317188
rms_norm,e5bc9a09afdd14f9,a0bad60454a64a49,"{""block_sizes"": [1], ""reduction_loops"": [null], ""range_unroll_factors"": [0], ""range_warp_specializes"": [null], ""range_num_stages"": [0], ""range_multi_buffers"": [null], ""range_flattens"": [null], ""load_eviction_policies"": [""first"", ""last"", ""last"", """", ""last""], ""num_warps"": 16, ""num_stages"": 4, ""indexing"": [""pointer"", ""tensor_descriptor"", ""pointer"", ""pointer"", ""pointer"", ""pointer"", ""pointer""], ""atomic_indexing"": [], ""pid_type"": ""flat""}","{""arg0_ndim"": 2, ""arg0_dim0"": 2048, ""arg0_dim1"": 127, ""arg0_numel"": 260096, ""arg0_dtype"": ""torch.bfloat16"", ""arg0_dtype_size"": 2, ""arg0_dtype_cat"": 2, ""arg1_ndim"": 1, ""arg1_dim0"": 127, ""arg1_numel"": 127, ""arg1_dtype"": ""torch.bfloat16"", ""arg1_dtype_size"": 2, ""arg1_dtype_cat"": 2}",0.010239999741315842
rms_norm,e5bc9a09afdd14f9,45b47d2b716e8754,"{""block_sizes"": [4], ""reduction_loops"": [null], ""range_unroll_factors"": [0], ""range_warp_specializes"": [null], ""range_num_stages"": [0], ""range_multi_buffers"": [null], ""range_flattens"": [null], ""load_eviction_policies"": [""first"", """", """", ""last"", ""last""], ""num_warps"": 2, ""num_stages"": 5, ""indexing"": [""pointer"", ""tensor_descriptor"", ""tensor_descriptor"", ""tensor_descriptor"", ""tensor_descriptor"", ""pointer"", ""pointer""], ""atomic_indexing"": [], ""pid_type"": ""flat""}","{""arg0_ndim"": 2, ""arg0_dim0"": 2048, ""arg0_dim1"": 127, ""arg0_numel"": 260096, ""arg0_dtype"": ""torch.bfloat16"", ""arg0_dtype_size"": 2, ""arg0_dtype_cat"": 2, ""arg1_ndim"": 1, ""arg1_dim0"": 127, ""arg1_numel"": 127, ""arg1_dtype"": ""torch.bfloat16"", ""arg1_dtype_size"": 2, ""arg1_dtype_cat"": 2}",0.006175999995321035
rms_norm,e5bc9a09afdd14f9,0e08e3ec9a7b2c1e,"{""block_sizes"": [4], ""reduction_loops"": [null], ""range_unroll_factors"": [0], ""range_warp_specializes"": [null], ""range_num_stages"": [0], ""range_multi_buffers"": [null], ""range_flattens"": [null], ""load_eviction_policies"": [""first"", ""last"", """", ""first"", """"], ""num_warps"": 2, ""num_stages"": 3, ""indexing"": [""pointer"", ""tensor_descriptor"", ""pointer"", ""tensor_descriptor"", ""tensor_descriptor"", ""tensor_descriptor"", ""tensor_descriptor""], ""atomic_indexing"": [], ""pid_type"": ""flat""}","{""arg0_ndim"": 2, ""arg0_dim0"": 2048, ""arg0_dim1"": 127, ""arg0_numel"": 260096, ""arg0_dtype"": ""torch.bfloat16"", ""arg0_dtype_size"": 2, ""arg0_dtype_cat"": 2, ""arg1_ndim"": 1, ""arg1_dim0"": 127, ""arg1_numel"": 127, ""arg1_dtype"": ""torch.bfloat16"", ""arg1_dtype_size"": 2, ""arg1_dtype_cat"": 2}",0.006175999995321035
rms_norm,e5bc9a09afdd14f9,a3c8f5854ffdaebc,"{""block_sizes"": [16], ""reduction_loops"": [null], ""range_unroll_factors"": [0], ""range_warp_specializes"": [null], ""range_num_stages"": [0], ""range_multi_buffers"": [null], ""range_flattens"": [null], ""load_eviction_policies"": ["""", """", ""first"", """", ""last""], ""num_warps"": 4, ""num_stages"": 5, ""indexing"": [""pointer"", ""pointer"", ""pointer"", ""pointer"", ""pointer"", ""pointer"", ""pointer""], ""atomic_indexing"": [], ""pid_type"": ""flat""}","{""arg0_ndim"": 2, ""arg0_dim0"": 2048, ""arg0_dim1"": 127, ""arg0_numel"": 260096, ""arg0_dtype"": ""torch.bfloat16"", ""arg0_dtype_size"": 2, ""arg0_dtype_cat"": 2, ""arg1_ndim"": 1, ""arg1_dim0"": 127, ""arg1_numel"": 127, ""arg1_dtype"": ""torch.bfloat16"", ""arg1_dtype_size"": 2, ""arg1_dtype_cat"": 2}",0.008191999979317188
rms_norm,e5bc9a09afdd14f9,df5f9e1409cfd8bd,"{""block_sizes"": [16], ""reduction_loops"": [null], ""range_unroll_factors"": [0], ""range_warp_specializes"": [null], ""range_num_stages"": [0], ""range_multi_buffers"": [null], ""range_flattens"": [null], ""load_eviction_policies"": ["""", """", ""last"", """", ""first""], ""num_warps"": 4, ""num_stages"": 1, ""indexing"": [""pointer"", ""pointer"", ""pointer"", ""pointer"", ""pointer"", ""tensor_descriptor"", ""tensor_descriptor""], ""atomic_indexing"": [], ""pid_type"": ""flat""}","{""arg0_ndim"": 2, ""arg0_dim0"": 2048, ""arg0_dim1"": 127, ""arg0_numel"": 260096, ""arg0_dtype"": ""torch.bfloat16"", ""arg0_dtype_size"": 2, ""arg0_dtype_cat"": 2, ""arg1_ndim"": 1, ""arg1_dim0"": 127, ""arg1_numel"": 127, ""arg1_dtype"": ""torch.bfloat16"", ""arg1_dtype_size"": 2, ""arg1_dtype_cat"": 2}",0.008191999979317188
rms_norm,e6bcd9517e476273,24745e38d713c198,"{""block_sizes"": [2], ""reduction_loops"": [null], ""range_unroll_factors"": [0], ""range_warp_specializes"": [null], ""range_num_stages"": [0], ""range_multi_buffers"": [null], ""range_flattens"": [null], ""load_eviction_policies"": [""last"", ""first"", ""first"", """", """"], ""num_warps"": 4, ""num_stages"": 6, ""indexing"": [""pointer"", ""pointer"", ""pointer"", ""tensor_descriptor"", ""tensor_descriptor"", ""pointer"", ""pointer""], ""atomic_indexing"": [], ""pid_type"": ""flat""}","{""arg0_ndim"": 2, ""arg0_dim0"": 2048, ""arg0_dim1"": 768, ""arg0_numel"": 1572864, ""arg0_dtype"": ""torch.bfloat16"", ""arg0_dtype_size"": 2, ""arg0_dtype_cat"": 2, ""arg1_ndim"": 1, ""arg1_dim0"": 768, ""arg1_numel"": 768, ""arg1_dtype"": ""torch.bfloat16"", ""arg1_dtype_size"": 2, ""arg1_dtype_cat"": 2}",0.0071680000983178616
rms_norm,e6bcd9517e476273,180c35ef192d14f2,"{""block_sizes"": [2], ""reduction_loops"": [null], ""range_unroll_factors"": [0], ""range_warp_specializes"": [null], ""range_num_stages"": [0], ""range_multi_buffers"": [null], ""range_flattens"": [null], ""load_eviction_policies"": ["""", """", ""last"", """", """"], ""num_warps"": 1, ""num_stages"": 2, ""indexing"": [""pointer"", ""pointer"", ""pointer"", ""pointer"", ""pointer"", ""pointer"", ""pointer""], ""atomic_indexing"": [], ""pid_type"": ""flat""}","{""arg0_ndim"": 2, ""arg0_dim0"": 2048, ""arg0_dim1"": 768, ""arg0_numel"": 1572864, ""arg0_dtype"": ""torch.bfloat16"", ""arg0_dtype_size"": 2, ""arg0_dtype_cat"": 2, ""arg1_ndim"": 1, ""arg1_dim0"": 768, ""arg1_numel"": 768, ""arg1_dtype"": ""torch.bfloat16"", ""arg1_dtype_size"": 2, ""arg1_dtype_cat"": 2}",0.008191999979317188
rms_norm,e6bcd9517e476273,7bfccb3790afd320,"{""block_sizes"": [2], ""reduction_loops"": [2048], ""range_unroll_factors"": [0], ""range_warp_specializes"": [null], ""range_num_stages"": [0], ""range_multi_buffers"": [null], ""range_flattens"": [null], ""load_eviction_policies"": [""last"", """", ""last"", """", """"], ""num_warps"": 8, ""num_stages"": 1, ""indexing"": [""pointer"", ""pointer"", ""pointer"", ""tensor_descriptor"", ""pointer"", ""tensor_descriptor"", ""tensor_descriptor""], ""atomic_indexing"": [], ""pid_type"": ""flat""}","{""arg0_ndim"": 2, ""arg0_dim0"": 2048, ""arg0_dim1"": 768, ""arg0_numel"": 1572864, ""arg0_dtype"": ""torch.bfloat16"", ""arg0_dtype_size"": 2, ""arg0_dtype_cat"": 2, ""arg1_ndim"": 1, ""arg1_dim0"": 768, ""arg1_numel"": 768, ""arg1_dtype"": ""torch.bfloat16"", ""arg1_dtype_size"": 2, ""arg1_dtype_cat"": 2}",0.008224000222980976
rms_norm,e6bcd9517e476273,b700865abbecc460,"{""block_sizes"": [1], ""reduction_loops"": [null], ""range_unroll_factors"": [0], ""range_warp_specializes"": [null], ""range_num_stages"": [0], ""range_multi_buffers"": [null], ""range_flattens"": [null], ""load_eviction_policies"": [""first"", """", ""last"", ""last"", """"], ""num_warps"": 16, ""num_stages"": 1, ""indexing"": [""tensor_descriptor"", ""tensor_descriptor"", ""pointer"", ""tensor_descriptor"", ""tensor_descriptor"", ""pointer"", ""tensor_descriptor""], ""atomic_indexing"": [], ""pid_type"": ""flat""}","{""arg0_ndim"": 2, ""arg0_dim0"": 2048, ""arg0_dim1"": 768, ""arg0_numel"": 1572864, ""arg0_dtype"": ""torch.bfloat16"", ""arg0_dtype_size"": 2, ""arg0_dtype_cat"": 2, ""arg1_ndim"": 1, ""arg1_dim0"": 768, ""arg1_numel"": 768, ""arg1_dtype"": ""torch.bfloat16"", ""arg1_dtype_size"": 2, ""arg1_dtype_cat"": 2}",0.01027199998497963
rms_norm,e6bcd9517e476273,73a4bcfe84591dcd,"{""block_sizes"": [1], ""reduction_loops"": [8192], ""range_unroll_factors"": [0], ""range_warp_specializes"": [null], ""range_num_stages"": [0], ""range_multi_buffers"": [null], ""range_flattens"": [null], ""load_eviction_policies"": ["""", """", """", """", """"], ""num_warps"": 8, ""num_stages"": 4, ""indexing"": [""pointer"", ""pointer"", ""tensor_descriptor"", ""pointer"", ""pointer"", ""tensor_descriptor"", ""tensor_descriptor""], ""atomic_indexing"": [], ""pid_type"": ""flat""}","{""arg0_ndim"": 2, ""arg0_dim0"": 2048, ""arg0_dim1"": 768, ""arg0_numel"": 1572864, ""arg0_dtype"": ""torch.bfloat16"", ""arg0_dtype_size"": 2, ""arg0_dtype_cat"": 2, ""arg1_ndim"": 1, ""arg1_dim0"": 768, ""arg1_numel"": 768, ""arg1_dtype"": ""torch.bfloat16"", ""arg1_dtype_size"": 2, ""arg1_dtype_cat"": 2}",0.014368000440299511
rms_norm,e6bcd9517e476273,6d53c3602b79725b,"{""block_sizes"": [1], ""reduction_loops"": [8192], ""range_unroll_factors"": [0], ""range_warp_specializes"": [null], ""range_num_stages"": [0], ""range_multi_buffers"": [null], ""range_flattens"": [null], ""load_eviction_policies"": ["""", ""first"", ""last"", """", """"], ""num_warps"": 8, ""num_stages"": 3, ""indexing"": [""pointer"", ""tensor_descriptor"", ""pointer"", ""pointer"", ""pointer"", ""tensor_descriptor"", ""pointer""], ""atomic_indexing"": [], ""pid_type"": ""flat""}","{""arg0_ndim"": 2, ""arg0_dim0"": 2048, ""arg0_dim1"": 768, ""arg0_numel"": 1572864, ""arg0_dtype"": ""torch.bfloat16"", ""arg0_dtype_size"": 2, ""arg0_dtype_cat"": 2, ""arg1_ndim"": 1, ""arg1_dim0"": 768, ""arg1_numel"": 768, ""arg1_dtype"": ""torch.bfloat16"", ""arg1_dtype_size"": 2, ""arg1_dtype_cat"": 2}",0.014368000440299511
rms_norm,e6bcd9517e476273,ce65586612391f94,"{""block_sizes"": [32], ""reduction_loops"": [null], ""range_unroll_factors"": [0], ""range_warp_specializes"": [null], ""range_num_stages"": [0], ""range_multi_buffers"": [null], ""range_flattens"": [null], ""load_eviction_policies"": ["""", """", """", """", """"], ""num_warps"": 4, ""num_stages"": 1, ""indexing"": [""pointer"", ""pointer"", ""pointer"", ""pointer"", ""pointer"", ""pointer"", ""pointer""], ""atomic_indexing"": [], ""pid_type"": ""flat""}","{""arg0_ndim"": 2, ""arg0_dim0"": 2048, ""arg0_dim1"": 768, ""arg0_numel"": 1572864, ""arg0_dtype"": ""torch.bfloat16"", ""arg0_dtype_size"": 2, ""arg0_dtype_cat"": 2, ""arg1_ndim"": 1, ""arg1_dim0"": 768, ""arg1_numel"": 768, ""arg1_dtype"": ""torch.bfloat16"", ""arg1_dtype_size"": 2, ""arg1_dtype_cat"": 2}",0.010400000028312206
rms_norm,e6bcd9517e476273,fa68d1735ed55be8,"{""block_sizes"": [16], ""reduction_loops"": [null], ""range_unroll_factors"": [1], ""range_warp_specializes"": [null], ""range_num_stages"": [2], ""range_multi_buffers"": [null], ""range_flattens"": [null], ""load_eviction_policies"": [""first"", ""last"", ""last"", """", ""last""], ""num_warps"": 16, ""num_stages"": 8, ""indexing"": [""tensor_descriptor"", ""pointer"", ""tensor_descriptor"", ""pointer"", ""pointer"", ""pointer"", ""pointer""], ""atomic_indexing"": [], ""pid_type"": ""persistent_interleaved"", ""num_sm_multiplier"": 1}","{""arg0_ndim"": 2, ""arg0_dim0"": 2048, ""arg0_dim1"": 768, ""arg0_numel"": 1572864, ""arg0_dtype"": ""torch.bfloat16"", ""arg0_dtype_size"": 2, ""arg0_dtype_cat"": 2, ""arg1_ndim"": 1, ""arg1_dim0"": 768, ""arg1_numel"": 768, ""arg1_dtype"": ""torch.bfloat16"", ""arg1_dtype_size"": 2, ""arg1_dtype_cat"": 2}",0.008191999979317188
rms_norm,e6bcd9517e476273,1979210a312b6290,"{""block_sizes"": [16], ""reduction_loops"": [256], ""range_unroll_factors"": [0], ""range_warp_specializes"": [null], ""range_num_stages"": [0], ""range_multi_buffers"": [null], ""range_flattens"": [null], ""load_eviction_policies"": [""first"", """", ""last"", ""last"", """"], ""num_warps"": 16, ""num_stages"": 4, ""indexing"": [""tensor_descriptor"", ""tensor_descriptor"", ""tensor_descriptor"", ""tensor_descriptor"", ""tensor_descriptor"", ""tensor_descriptor"", ""tensor_descriptor""], ""atomic_indexing"": [], ""pid_type"": ""flat""}","{""arg0_ndim"": 2, ""arg0_dim0"": 2048, ""arg0_dim1"": 768, ""arg0_numel"": 1572864, ""arg0_dtype"": ""torch.bfloat16"", ""arg0_dtype_size"": 2, ""arg0_dtype_cat"": 2, ""arg1_ndim"": 1, ""arg1_dim0"": 768, ""arg1_numel"": 768, ""arg1_dtype"": ""torch.bfloat16"", ""arg1_dtype_size"": 2, ""arg1_dtype_cat"": 2}",0.008191999979317188
rms_norm,e6bcd9517e476273,832d9cc41c9b5249,"{""block_sizes"": [2], ""reduction_loops"": [null], ""range_unroll_factors"": [0], ""range_warp_specializes"": [null], ""range_num_stages"": [0], ""range_multi_buffers"": [null], ""range_flattens"": [null], ""load_eviction_policies"": [""first"", ""last"", ""first"", ""first"", ""last""], ""num_warps"": 1, ""num_stages"": 8, ""indexing"": [""pointer"", ""pointer"", ""tensor_descriptor"", ""pointer"", ""pointer"", ""tensor_descriptor"", ""pointer""], ""atomic_indexing"": [], ""pid_type"": ""flat""}","{""arg0_ndim"": 2, ""arg0_dim0"": 2048, ""arg0_dim1"": 768, ""arg0_numel"": 1572864, ""arg0_dtype"": ""torch.bfloat16"", ""arg0_dtype_size"": 2, ""arg0_dtype_cat"": 2, ""arg1_ndim"": 1, ""arg1_dim0"": 768, ""arg1_numel"": 768, ""arg1_dtype"": ""torch.bfloat16"", ""arg1_dtype_size"": 2, ""arg1_dtype_cat"": 2}",0.008191999979317188
rms_norm,e6bcd9517e476273,5f3510d018a1da2c,"{""block_sizes"": [2], ""reduction_loops"": [null], ""range_unroll_factors"": [0], ""range_warp_specializes"": [null], ""range_num_stages"": [0], ""range_multi_buffers"": [null], ""range_flattens"": [null], ""load_eviction_policies"": ["""", """", ""first"", """", """"], ""num_warps"": 1, ""num_stages"": 1, ""indexing"": [""pointer"", ""pointer"", ""tensor_descriptor"", ""tensor_descriptor"", ""pointer"", ""pointer"", ""pointer""], ""atomic_indexing"": [], ""pid_type"": ""flat""}","{""arg0_ndim"": 2, ""arg0_dim0"": 2048, ""arg0_dim1"": 768, ""arg0_numel"": 1572864, ""arg0_dtype"": ""torch.bfloat16"", ""arg0_dtype_size"": 2, ""arg0_dtype_cat"": 2, ""arg1_ndim"": 1, ""arg1_dim0"": 768, ""arg1_numel"": 768, ""arg1_dtype"": ""torch.bfloat16"", ""arg1_dtype_size"": 2, ""arg1_dtype_cat"": 2}",0.008191999979317188
rms_norm,e6bcd9517e476273,c6373fe598a919dd,"{""block_sizes"": [8], ""reduction_loops"": [null], ""range_unroll_factors"": [0], ""range_warp_specializes"": [null], ""range_num_stages"": [0], ""range_multi_buffers"": [null], ""range_flattens"": [null], ""load_eviction_policies"": ["""", """", ""first"", """", """"], ""num_warps"": 16, ""num_stages"": 6, ""indexing"": [""pointer"", ""pointer"", ""pointer"", ""tensor_descriptor"", ""pointer"", ""pointer"", ""pointer""], ""atomic_indexing"": [], ""pid_type"": ""flat""}","{""arg0_ndim"": 2, ""arg0_dim0"": 2048, ""arg0_dim1"": 768, ""arg0_numel"": 1572864, ""arg0_dtype"": ""torch.bfloat16"", ""arg0_dtype_size"": 2, ""arg0_dtype_cat"": 2, ""arg1_ndim"": 1, ""arg1_dim0"": 768, ""arg1_numel"": 768, ""arg1_dtype"": ""torch.bfloat16"", ""arg1_dtype_size"": 2, ""arg1_dtype_cat"": 2}",0.008191999979317188
rms_norm,e6bcd9517e476273,482f430b8c9d8e8e,"{""block_sizes"": [2], ""reduction_loops"": [2048], ""range_unroll_factors"": [0], ""range_warp_specializes"": [null], ""range_num_stages"": [0], ""range_multi_buffers"": [null], ""range_flattens"": [null], ""load_eviction_policies"": [""last"", ""first"", ""last"", ""first"", ""first""], ""num_warps"": 2, ""num_stages"": 1, ""indexing"": [""tensor_descriptor"", ""pointer"", ""tensor_descriptor"", ""tensor_descriptor"", ""pointer"", ""tensor_descriptor"", ""tensor_descriptor""], ""atomic_indexing"": [], ""pid_type"": ""flat""}","{""arg0_ndim"": 2, ""arg0_dim0"": 2048, ""arg0_dim1"": 768, ""arg0_numel"": 1572864, ""arg0_dtype"": ""torch.bfloat16"", ""arg0_dtype_size"": 2, ""arg0_dtype_cat"": 2, ""arg1_ndim"": 1, ""arg1_dim0"": 768, ""arg1_numel"": 768, ""arg1_dtype"": ""torch.bfloat16"", ""arg1_dtype_size"": 2, ""arg1_dtype_cat"": 2}",0.008224000222980976
rms_norm,e6bcd9517e476273,816644cab655d611,"{""block_sizes"": [2], ""reduction_loops"": [2048], ""range_unroll_factors"": [0], ""range_warp_specializes"": [null], ""range_num_stages"": [0], ""range_multi_buffers"": [null], ""range_flattens"": [null], ""load_eviction_policies"": ["""", ""first"", ""last"", ""last"", """"], ""num_warps"": 8, ""num_stages"": 3, ""indexing"": [""pointer"", ""tensor_descriptor"", ""tensor_descriptor"", ""pointer"", ""tensor_descriptor"", ""pointer"", ""tensor_descriptor""], ""atomic_indexing"": [], ""pid_type"": ""flat""}","{""arg0_ndim"": 2, ""arg0_dim0"": 2048, ""arg0_dim1"": 768, ""arg0_numel"": 1572864, ""arg0_dtype"": ""torch.bfloat16"", ""arg0_dtype_size"": 2, ""arg0_dtype_cat"": 2, ""arg1_ndim"": 1, ""arg1_dim0"": 768, ""arg1_numel"": 768, ""arg1_dtype"": ""torch.bfloat16"", ""arg1_dtype_size"": 2, ""arg1_dtype_cat"": 2}",0.008224000222980976
rms_norm,e6bcd9517e476273,3abfa9907ca4fa3a,"{""block_sizes"": [1], ""reduction_loops"": [null], ""range_unroll_factors"": [0], ""range_warp_specializes"": [null], ""range_num_stages"": [0], ""range_multi_buffers"": [null], ""range_flattens"": [null], ""load_eviction_policies"": ["""", ""last"", ""last"", """", """"], ""num_warps"": 4, ""num_stages"": 2, ""indexing"": [""pointer"", ""pointer"", ""pointer"", ""tensor_descriptor"", ""pointer"", ""tensor_descriptor"", ""pointer""], ""atomic_indexing"": [], ""pid_type"": ""flat""}","{""arg0_ndim"": 2, ""arg0_dim0"": 2048, ""arg0_dim1"": 768, ""arg0_numel"": 1572864, ""arg0_dtype"": ""torch.bfloat16"", ""arg0_dtype_size"": 2, ""arg0_dtype_cat"": 2, ""arg1_ndim"": 1, ""arg1_dim0"": 768, ""arg1_numel"": 768, ""arg1_dtype"": ""torch.bfloat16"", ""arg1_dtype_size"": 2, ""arg1_dtype_cat"": 2}",0.008191999979317188
rms_norm,e6bcd9517e476273,87b2f26661fd2925,"{""block_sizes"": [1], ""reduction_loops"": [null], ""range_unroll_factors"": [0], ""range_warp_specializes"": [null], ""range_num_stages"": [0], ""range_multi_buffers"": [null], ""range_flattens"": [null], ""load_eviction_policies"": ["""", ""last"", ""last"", ""first"", """"], ""num_warps"": 8, ""num_stages"": 2, ""indexing"": [""tensor_descriptor"", ""tensor_descriptor"", ""tensor_descriptor"", ""tensor_descriptor"", ""pointer"", ""pointer"", ""tensor_descriptor""], ""atomic_indexing"": [], ""pid_type"": ""flat""}","{""arg0_ndim"": 2, ""arg0_dim0"": 2048, ""arg0_dim1"": 768, ""arg0_numel"": 1572864, ""arg0_dtype"": ""torch.bfloat16"", ""arg0_dtype_size"": 2, ""arg0_dtype_cat"": 2, ""arg1_ndim"": 1, ""arg1_dim0"": 768, ""arg1_numel"": 768, ""arg1_dtype"": ""torch.bfloat16"", ""arg1_dtype_size"": 2, ""arg1_dtype_cat"": 2}",0.008191999979317188
rms_norm,e6bcd9517e476273,7c1f654402c9dd7f,"{""block_sizes"": [1], ""reduction_loops"": [1024], ""range_unroll_factors"": [0], ""range_warp_specializes"": [null], ""range_num_stages"": [0], ""range_multi_buffers"": [null], ""range_flattens"": [null], ""load_eviction_policies"": ["""", ""first"", """", ""last"", ""first""], ""num_warps"": 4, ""num_stages"": 3, ""indexing"": [""pointer"", ""tensor_descriptor"", ""tensor_descriptor"", ""tensor_descriptor"", ""tensor_descriptor"", ""pointer"", ""pointer""], ""atomic_indexing"": [], ""pid_type"": ""flat""}","{""arg0_ndim"": 2, ""arg0_dim0"": 2048, ""arg0_dim1"": 768, ""arg0_numel"": 1572864, ""arg0_dtype"": ""torch.bfloat16"", ""arg0_dtype_size"": 2, ""arg0_dtype_cat"": 2, ""arg1_ndim"": 1, ""arg1_dim0"": 768, ""arg1_numel"": 768, ""arg1_dtype"": ""torch.bfloat16"", ""arg1_dtype_size"": 2, ""arg1_dtype_cat"": 2}",0.008191999979317188
rms_norm,e6bcd9517e476273,306f51b1d2d06f98,"{""block_sizes"": [1], ""reduction_loops"": [1024], ""range_unroll_factors"": [0], ""range_warp_specializes"": [null], ""range_num_stages"": [0], ""range_multi_buffers"": [null], ""range_flattens"": [null], ""load_eviction_policies"": ["""", ""first"", """", """", ""last""], ""num_warps"": 4, ""num_stages"": 5, ""indexing"": [""pointer"", ""tensor_descriptor"", ""tensor_descriptor"", ""pointer"", ""pointer"", ""tensor_descriptor"", ""tensor_descriptor""], ""atomic_indexing"": [], ""pid_type"": ""flat""}","{""arg0_ndim"": 2, ""arg0_dim0"": 2048, ""arg0_dim1"": 768, ""arg0_numel"": 1572864, ""arg0_dtype"": ""torch.bfloat16"", ""arg0_dtype_size"": 2, ""arg0_dtype_cat"": 2, ""arg1_ndim"": 1, ""arg1_dim0"": 768, ""arg1_numel"": 768, ""arg1_dtype"": ""torch.bfloat16"", ""arg1_dtype_size"": 2, ""arg1_dtype_cat"": 2}",0.008191999979317188
rms_norm,e6bcd9517e476273,5c295017bd009288,"{""block_sizes"": [1], ""reduction_loops"": [null], ""range_unroll_factors"": [0], ""range_warp_specializes"": [null], ""range_num_stages"": [0], ""range_multi_buffers"": [null], ""range_flattens"": [null], ""load_eviction_policies"": [""first"", """", ""last"", """", ""last""], ""num_warps"": 16, ""num_stages"": 4, ""indexing"": [""tensor_descriptor"", ""pointer"", ""tensor_descriptor"", ""pointer"", ""pointer"", ""pointer"", ""pointer""], ""atomic_indexing"": [], ""pid_type"": ""flat""}","{""arg0_ndim"": 2, ""arg0_dim0"": 2048, ""arg0_dim1"": 768, ""arg0_numel"": 1572864, ""arg0_dtype"": ""torch.bfloat16"", ""arg0_dtype_size"": 2, ""arg0_dtype_cat"": 2, ""arg1_ndim"": 1, ""arg1_dim0"": 768, ""arg1_numel"": 768, ""arg1_dtype"": ""torch.bfloat16"", ""arg1_dtype_size"": 2, ""arg1_dtype_cat"": 2}",0.01027199998497963
rms_norm,e6bcd9517e476273,9615e7b2fea5ec90,"{""block_sizes"": [1], ""reduction_loops"": [2048], ""range_unroll_factors"": [0], ""range_warp_specializes"": [null], ""range_num_stages"": [0], ""range_multi_buffers"": [null], ""range_flattens"": [null], ""load_eviction_policies"": ["""", ""first"", ""last"", ""first"", ""last""], ""num_warps"": 8, ""num_stages"": 8, ""indexing"": [""pointer"", ""pointer"", ""pointer"", ""tensor_descriptor"", ""pointer"", ""tensor_descriptor"", ""pointer""], ""atomic_indexing"": [], ""pid_type"": ""flat""}","{""arg0_ndim"": 2, ""arg0_dim0"": 2048, ""arg0_dim1"": 768, ""arg0_numel"": 1572864, ""arg0_dtype"": ""torch.bfloat16"", ""arg0_dtype_size"": 2, ""arg0_dtype_cat"": 2, ""arg1_ndim"": 1, ""arg1_dim0"": 768, ""arg1_numel"": 768, ""arg1_dtype"": ""torch.bfloat16"", ""arg1_dtype_size"": 2, ""arg1_dtype_cat"": 2}",0.010239999741315842
rms_norm,e6bcd9517e476273,ef0576b1337868e5,"{""block_sizes"": [1], ""reduction_loops"": [null], ""range_unroll_factors"": [0], ""range_warp_specializes"": [null], ""range_num_stages"": [0], ""range_multi_buffers"": [null], ""range_flattens"": [null], ""load_eviction_policies"": ["""", """", ""last"", """", ""last""], ""num_warps"": 8, ""num_stages"": 6, ""indexing"": [""tensor_descriptor"", ""pointer"", ""pointer"", ""pointer"", ""pointer"", ""tensor_descriptor"", ""tensor_descriptor""], ""atomic_indexing"": [], ""pid_type"": ""flat""}","{""arg0_ndim"": 2, ""arg0_dim0"": 2048, ""arg0_dim1"": 768, ""arg0_numel"": 1572864, ""arg0_dtype"": ""torch.bfloat16"", ""arg0_dtype_size"": 2, ""arg0_dtype_cat"": 2, ""arg1_ndim"": 1, ""arg1_dim0"": 768, ""arg1_numel"": 768, ""arg1_dtype"": ""torch.bfloat16"", ""arg1_dtype_size"": 2, ""arg1_dtype_cat"": 2}",0.008191999979317188
rms_norm,e6bcd9517e476273,11bb6dfa80985863,"{""block_sizes"": [1], ""reduction_loops"": [null], ""range_unroll_factors"": [0], ""range_warp_specializes"": [null], ""range_num_stages"": [0], ""range_multi_buffers"": [null], ""range_flattens"": [null], ""load_eviction_policies"": [""first"", """", ""last"", """", """"], ""num_warps"": 16, ""num_stages"": 2, ""indexing"": [""tensor_descriptor"", ""pointer"", ""pointer"", ""pointer"", ""tensor_descriptor"", ""tensor_descriptor"", ""pointer""], ""atomic_indexing"": [], ""pid_type"": ""flat""}","{""arg0_ndim"": 2, ""arg0_dim0"": 2048, ""arg0_dim1"": 768, ""arg0_numel"": 1572864, ""arg0_dtype"": ""torch.bfloat16"", ""arg0_dtype_size"": 2, ""arg0_dtype_cat"": 2, ""arg1_ndim"": 1, ""arg1_dim0"": 768, ""arg1_numel"": 768, ""arg1_dtype"": ""torch.bfloat16"", ""arg1_dtype_size"": 2, ""arg1_dtype_cat"": 2}",0.01027199998497963
rms_norm,e6bcd9517e476273,964bbd2b95871270,"{""block_sizes"": [1], ""reduction_loops"": [null], ""range_unroll_factors"": [0], ""range_warp_specializes"": [null], ""range_num_stages"": [0], ""range_multi_buffers"": [null], ""range_flattens"": [null], ""load_eviction_policies"": ["""", """", """", ""first"", """"], ""num_warps"": 8, ""num_stages"": 6, ""indexing"": [""pointer"", ""tensor_descriptor"", ""tensor_descriptor"", ""tensor_descriptor"", ""pointer"", ""tensor_descriptor"", ""tensor_descriptor""], ""atomic_indexing"": [], ""pid_type"": ""flat""}","{""arg0_ndim"": 2, ""arg0_dim0"": 2048, ""arg0_dim1"": 768, ""arg0_numel"": 1572864, ""arg0_dtype"": ""torch.bfloat16"", ""arg0_dtype_size"": 2, ""arg0_dtype_cat"": 2, ""arg1_ndim"": 1, ""arg1_dim0"": 768, ""arg1_numel"": 768, ""arg1_dtype"": ""torch.bfloat16"", ""arg1_dtype_size"": 2, ""arg1_dtype_cat"": 2}",0.008191999979317188
rms_norm,e6bcd9517e476273,a0bad60454a64a49,"{""block_sizes"": [1], ""reduction_loops"": [null], ""range_unroll_factors"": [0], ""range_warp_specializes"": [null], ""range_num_stages"": [0], ""range_multi_buffers"": [null], ""range_flattens"": [null], ""load_eviction_policies"": [""first"", ""last"", ""last"", """", ""last""], ""num_warps"": 16, ""num_stages"": 4, ""indexing"": [""pointer"", ""tensor_descriptor"", ""pointer"", ""pointer"", ""pointer"", ""pointer"", ""pointer""], ""atomic_indexing"": [], ""pid_type"": ""flat""}","{""arg0_ndim"": 2, ""arg0_dim0"": 2048, ""arg0_dim1"": 768, ""arg0_numel"": 1572864, ""arg0_dtype"": ""torch.bfloat16"", ""arg0_dtype_size"": 2, ""arg0_dtype_cat"": 2, ""arg1_ndim"": 1, ""arg1_dim0"": 768, ""arg1_numel"": 768, ""arg1_dtype"": ""torch.bfloat16"", ""arg1_dtype_size"": 2, ""arg1_dtype_cat"": 2}",0.01027199998497963
rms_norm,e6bcd9517e476273,45b47d2b716e8754,"{""block_sizes"": [4], ""reduction_loops"": [null], ""range_unroll_factors"": [0], ""range_warp_specializes"": [null], ""range_num_stages"": [0], ""range_multi_buffers"": [null], ""range_flattens"": [null], ""load_eviction_policies"": [""first"", """", """", ""last"", ""last""], ""num_warps"": 2, ""num_stages"": 5, ""indexing"": [""pointer"", ""tensor_descriptor"", ""tensor_descriptor"", ""tensor_descriptor"", ""tensor_descriptor"", ""pointer"", ""pointer""], ""atomic_indexing"": [], ""pid_type"": ""flat""}","{""arg0_ndim"": 2, ""arg0_dim0"": 2048, ""arg0_dim1"": 768, ""arg0_numel"": 1572864, ""arg0_dtype"": ""torch.bfloat16"", ""arg0_dtype_size"": 2, ""arg0_dtype_cat"": 2, ""arg1_ndim"": 1, ""arg1_dim0"": 768, ""arg1_numel"": 768, ""arg1_dtype"": ""torch.bfloat16"", ""arg1_dtype_size"": 2, ""arg1_dtype_cat"": 2}",0.008191999979317188
rms_norm,e6bcd9517e476273,0e08e3ec9a7b2c1e,"{""block_sizes"": [4], ""reduction_loops"": [null], ""range_unroll_factors"": [0], ""range_warp_specializes"": [null], ""range_num_stages"": [0], ""range_multi_buffers"": [null], ""range_flattens"": [null], ""load_eviction_policies"": [""first"", ""last"", """", ""first"", """"], ""num_warps"": 2, ""num_stages"": 3, ""indexing"": [""pointer"", ""tensor_descriptor"", ""pointer"", ""tensor_descriptor"", ""tensor_descriptor"", ""tensor_descriptor"", ""tensor_descriptor""], ""atomic_indexing"": [], ""pid_type"": ""flat""}","{""arg0_ndim"": 2, ""arg0_dim0"": 2048, ""arg0_dim1"": 768, ""arg0_numel"": 1572864, ""arg0_dtype"": ""torch.bfloat16"", ""arg0_dtype_size"": 2, ""arg0_dtype_cat"": 2, ""arg1_ndim"": 1, ""arg1_dim0"": 768, ""arg1_numel"": 768, ""arg1_dtype"": ""torch.bfloat16"", ""arg1_dtype_size"": 2, ""arg1_dtype_cat"": 2}",0.008191999979317188
rms_norm,e6bcd9517e476273,a3c8f5854ffdaebc,"{""block_sizes"": [16], ""reduction_loops"": [null], ""range_unroll_factors"": [0], ""range_warp_specializes"": [null], ""range_num_stages"": [0], ""range_multi_buffers"": [null], ""range_flattens"": [null], ""load_eviction_policies"": ["""", """", ""first"", """", ""last""], ""num_warps"": 4, ""num_stages"": 5, ""indexing"": [""pointer"", ""pointer"", ""pointer"", ""pointer"", ""pointer"", ""pointer"", ""pointer""], ""atomic_indexing"": [], ""pid_type"": ""flat""}","{""arg0_ndim"": 2, ""arg0_dim0"": 2048, ""arg0_dim1"": 768, ""arg0_numel"": 1572864, ""arg0_dtype"": ""torch.bfloat16"", ""arg0_dtype_size"": 2, ""arg0_dtype_cat"": 2, ""arg1_ndim"": 1, ""arg1_dim0"": 768, ""arg1_numel"": 768, ""arg1_dtype"": ""torch.bfloat16"", ""arg1_dtype_size"": 2, ""arg1_dtype_cat"": 2}",0.008224000222980976
rms_norm,e6bcd9517e476273,df5f9e1409cfd8bd,"{""block_sizes"": [16], ""reduction_loops"": [null], ""range_unroll_factors"": [0], ""range_warp_specializes"": [null], ""range_num_stages"": [0], ""range_multi_buffers"": [null], ""range_flattens"": [null], ""load_eviction_policies"": ["""", """", ""last"", """", ""first""], ""num_warps"": 4, ""num_stages"": 1, ""indexing"": [""pointer"", ""pointer"", ""pointer"", ""pointer"", ""pointer"", ""tensor_descriptor"", ""tensor_descriptor""], ""atomic_indexing"": [], ""pid_type"": ""flat""}","{""arg0_ndim"": 2, ""arg0_dim0"": 2048, ""arg0_dim1"": 768, ""arg0_numel"": 1572864, ""arg0_dtype"": ""torch.bfloat16"", ""arg0_dtype_size"": 2, ""arg0_dtype_cat"": 2, ""arg1_ndim"": 1, ""arg1_dim0"": 768, ""arg1_numel"": 768, ""arg1_dtype"": ""torch.bfloat16"", ""arg1_dtype_size"": 2, ""arg1_dtype_cat"": 2}",0.008224000222980976
rms_norm,528a1a9c02534acd,24745e38d713c198,"{""block_sizes"": [2], ""reduction_loops"": [null], ""range_unroll_factors"": [0], ""range_warp_specializes"": [null], ""range_num_stages"": [0], ""range_multi_buffers"": [null], ""range_flattens"": [null], ""load_eviction_policies"": [""last"", ""first"", ""first"", """", """"], ""num_warps"": 4, ""num_stages"": 6, ""indexing"": [""pointer"", ""pointer"", ""pointer"", ""tensor_descriptor"", ""tensor_descriptor"", ""pointer"", ""pointer""], ""atomic_indexing"": [], ""pid_type"": ""flat""}","{""arg0_ndim"": 2, ""arg0_dim0"": 2048, ""arg0_dim1"": 1023, ""arg0_numel"": 2095104, ""arg0_dtype"": ""torch.bfloat16"", ""arg0_dtype_size"": 2, ""arg0_dtype_cat"": 2, ""arg1_ndim"": 1, ""arg1_dim0"": 1023, ""arg1_numel"": 1023, ""arg1_dtype"": ""torch.bfloat16"", ""arg1_dtype_size"": 2, ""arg1_dtype_cat"": 2}",0.008208000101149082
rms_norm,528a1a9c02534acd,180c35ef192d14f2,"{""block_sizes"": [2], ""reduction_loops"": [null], ""range_unroll_factors"": [0], ""range_warp_specializes"": [null], ""range_num_stages"": [0], ""range_multi_buffers"": [null], ""range_flattens"": [null], ""load_eviction_policies"": ["""", """", ""last"", """", """"], ""num_warps"": 1, ""num_stages"": 2, ""indexing"": [""pointer"", ""pointer"", ""pointer"", ""pointer"", ""pointer"", ""pointer"", ""pointer""], ""atomic_indexing"": [], ""pid_type"": ""flat""}","{""arg0_ndim"": 2, ""arg0_dim0"": 2048, ""arg0_dim1"": 1023, ""arg0_numel"": 2095104, ""arg0_dtype"": ""torch.bfloat16"", ""arg0_dtype_size"": 2, ""arg0_dtype_cat"": 2, ""arg1_ndim"": 1, ""arg1_dim0"": 1023, ""arg1_numel"": 1023, ""arg1_dtype"": ""torch.bfloat16"", ""arg1_dtype_size"": 2, ""arg1_dtype_cat"": 2}",0.010239999741315842
rms_norm,528a1a9c02534acd,7bfccb3790afd320,"{""block_sizes"": [2], ""reduction_loops"": [2048], ""range_unroll_factors"": [0], ""range_warp_specializes"": [null], ""range_num_stages"": [0], ""range_multi_buffers"": [null], ""range_flattens"": [null], ""load_eviction_policies"": [""last"", """", ""last"", """", """"], ""num_warps"": 8, ""num_stages"": 1, ""indexing"": [""pointer"", ""pointer"", ""pointer"", ""tensor_descriptor"", ""pointer"", ""tensor_descriptor"", ""tensor_descriptor""], ""atomic_indexing"": [], ""pid_type"": ""flat""}","{""arg0_ndim"": 2, ""arg0_dim0"": 2048, ""arg0_dim1"": 1023, ""arg0_numel"": 2095104, ""arg0_dtype"": ""torch.bfloat16"", ""arg0_dtype_size"": 2, ""arg0_dtype_cat"": 2, ""arg1_ndim"": 1, ""arg1_dim0"": 1023, ""arg1_numel"": 1023, ""arg1_dtype"": ""torch.bfloat16"", ""arg1_dtype_size"": 2, ""arg1_dtype_cat"": 2}",0.010400000028312206
rms_norm,528a1a9c02534acd,b700865abbecc460,"{""block_sizes"": [1], ""reduction_loops"": [null], ""range_unroll_factors"": [0], ""range_warp_specializes"": [null], ""range_num_stages"": [0], ""range_multi_buffers"": [null], ""range_flattens"": [null], ""load_eviction_policies"": [""first"", """", ""last"", ""last"", """"], ""num_warps"": 16, ""num_stages"": 1, ""indexing"": [""tensor_descriptor"", ""tensor_descriptor"", ""pointer"", ""tensor_descriptor"", ""tensor_descriptor"", ""pointer"", ""tensor_descriptor""], ""atomic_indexing"": [], ""pid_type"": ""flat""}","{""arg0_ndim"": 2, ""arg0_dim0"": 2048, ""arg0_dim1"": 1023, ""arg0_numel"": 2095104, ""arg0_dtype"": ""torch.bfloat16"", ""arg0_dtype_size"": 2, ""arg0_dtype_cat"": 2, ""arg1_ndim"": 1, ""arg1_dim0"": 1023, ""arg1_numel"": 1023, ""arg1_dtype"": ""torch.bfloat16"", ""arg1_dtype_size"": 2, ""arg1_dtype_cat"": 2}",0.01228800043463707
rms_norm,528a1a9c02534acd,73a4bcfe84591dcd,"{""block_sizes"": [1], ""reduction_loops"": [8192], ""range_unroll_factors"": [0], ""range_warp_specializes"": [null], ""range_num_stages"": [0], ""range_multi_buffers"": [null], ""range_flattens"": [null], ""load_eviction_policies"": ["""", """", """", """", """"], ""num_warps"": 8, ""num_stages"": 4, ""indexing"": [""pointer"", ""pointer"", ""tensor_descriptor"", ""pointer"", ""pointer"", ""tensor_descriptor"", ""tensor_descriptor""], ""atomic_indexing"": [], ""pid_type"": ""flat""}","{""arg0_ndim"": 2, ""arg0_dim0"": 2048, ""arg0_dim1"": 1023, ""arg0_numel"": 2095104, ""arg0_dtype"": ""torch.bfloat16"", ""arg0_dtype_size"": 2, ""arg0_dtype_cat"": 2, ""arg1_ndim"": 1, ""arg1_dim0"": 1023, ""arg1_numel"": 1023, ""arg1_dtype"": ""torch.bfloat16"", ""arg1_dtype_size"": 2, ""arg1_dtype_cat"": 2}",0.03899199888110161
rms_norm,528a1a9c02534acd,6d53c3602b79725b,"{""block_sizes"": [1], ""reduction_loops"": [8192], ""range_unroll_factors"": [0], ""range_warp_specializes"": [null], ""range_num_stages"": [0], ""range_multi_buffers"": [null], ""range_flattens"": [null], ""load_eviction_policies"": ["""", ""first"", ""last"", """", """"], ""num_warps"": 8, ""num_stages"": 3, ""indexing"": [""pointer"", ""tensor_descriptor"", ""pointer"", ""pointer"", ""pointer"", ""tensor_descriptor"", ""pointer""], ""atomic_indexing"": [], ""pid_type"": ""flat""}","{""arg0_ndim"": 2, ""arg0_dim0"": 2048, ""arg0_dim1"": 1023, ""arg0_numel"": 2095104, ""arg0_dtype"": ""torch.bfloat16"", ""arg0_dtype_size"": 2, ""arg0_dtype_cat"": 2, ""arg1_ndim"": 1, ""arg1_dim0"": 1023, ""arg1_numel"": 1023, ""arg1_dtype"": ""torch.bfloat16"", ""arg1_dtype_size"": 2, ""arg1_dtype_cat"": 2}",0.040991999208927155
rms_norm,528a1a9c02534acd,ce65586612391f94,"{""block_sizes"": [32], ""reduction_loops"": [null], ""range_unroll_factors"": [0], ""range_warp_specializes"": [null], ""range_num_stages"": [0], ""range_multi_buffers"": [null], ""range_flattens"": [null], ""load_eviction_policies"": ["""", """", """", """", """"], ""num_warps"": 4, ""num_stages"": 1, ""indexing"": [""pointer"", ""pointer"", ""pointer"", ""pointer"", ""pointer"", ""pointer"", ""pointer""], ""atomic_indexing"": [], ""pid_type"": ""flat""}","{""arg0_ndim"": 2, ""arg0_dim0"": 2048, ""arg0_dim1"": 1023, ""arg0_numel"": 2095104, ""arg0_dtype"": ""torch.bfloat16"", ""arg0_dtype_size"": 2, ""arg0_dtype_cat"": 2, ""arg1_ndim"": 1, ""arg1_dim0"": 1023, ""arg1_numel"": 1023, ""arg1_dtype"": ""torch.bfloat16"", ""arg1_dtype_size"": 2, ""arg1_dtype_cat"": 2}",0.10652799904346466
rms_norm,528a1a9c02534acd,fa68d1735ed55be8,"{""block_sizes"": [16], ""reduction_loops"": [null], ""range_unroll_factors"": [1], ""range_warp_specializes"": [null], ""range_num_stages"": [2], ""range_multi_buffers"": [null], ""range_flattens"": [null], ""load_eviction_policies"": [""first"", ""last"", ""last"", """", ""last""], ""num_warps"": 16, ""num_stages"": 8, ""indexing"": [""tensor_descriptor"", ""pointer"", ""tensor_descriptor"", ""pointer"", ""pointer"", ""pointer"", ""pointer""], ""atomic_indexing"": [], ""pid_type"": ""persistent_interleaved"", ""num_sm_multiplier"": 1}","{""arg0_ndim"": 2, ""arg0_dim0"": 2048, ""arg0_dim1"": 1023, ""arg0_numel"": 2095104, ""arg0_dtype"": ""torch.bfloat16"", ""arg0_dtype_size"": 2, ""arg0_dtype_cat"": 2, ""arg1_ndim"": 1, ""arg1_dim0"": 1023, ""arg1_numel"": 1023, ""arg1_dtype"": ""torch.bfloat16"", ""arg1_dtype_size"": 2, ""arg1_dtype_cat"": 2}",0.010239999741315842
rms_norm,528a1a9c02534acd,1979210a312b6290,"{""block_sizes"": [16], ""reduction_loops"": [256], ""range_unroll_factors"": [0], ""range_warp_specializes"": [null], ""range_num_stages"": [0], ""range_multi_buffers"": [null], ""range_flattens"": [null], ""load_eviction_policies"": [""first"", """", ""last"", ""last"", """"], ""num_warps"": 16, ""num_stages"": 4, ""indexing"": [""tensor_descriptor"", ""tensor_descriptor"", ""tensor_descriptor"", ""tensor_descriptor"", ""tensor_descriptor"", ""tensor_descriptor"", ""tensor_descriptor""], ""atomic_indexing"": [], ""pid_type"": ""flat""}","{""arg0_ndim"": 2, ""arg0_dim0"": 2048, ""arg0_dim1"": 1023, ""arg0_numel"": 2095104, ""arg0_dtype"": ""torch.bfloat16"", ""arg0_dtype_size"": 2, ""arg0_dtype_cat"": 2, ""arg1_ndim"": 1, ""arg1_dim0"": 1023, ""arg1_numel"": 1023, ""arg1_dtype"": ""torch.bfloat16"", ""arg1_dtype_size"": 2, ""arg1_dtype_cat"": 2}",0.01228800043463707
rms_norm,528a1a9c02534acd,832d9cc41c9b5249,"{""block_sizes"": [2], ""reduction_loops"": [null], ""range_unroll_factors"": [0], ""range_warp_specializes"": [null], ""range_num_stages"": [0], ""range_multi_buffers"": [null], ""range_flattens"": [null], ""load_eviction_policies"": [""first"", ""last"", ""first"", ""first"", ""last""], ""num_warps"": 1, ""num_stages"": 8, ""indexing"": [""pointer"", ""pointer"", ""tensor_descriptor"", ""pointer"", ""pointer"", ""tensor_descriptor"", ""pointer""], ""atomic_indexing"": [], ""pid_type"": ""flat""}","{""arg0_ndim"": 2, ""arg0_dim0"": 2048, ""arg0_dim1"": 1023, ""arg0_numel"": 2095104, ""arg0_dtype"": ""torch.bfloat16"", ""arg0_dtype_size"": 2, ""arg0_dtype_cat"": 2, ""arg1_ndim"": 1, ""arg1_dim0"": 1023, ""arg1_numel"": 1023, ""arg1_dtype"": ""torch.bfloat16"", ""arg1_dtype_size"": 2, ""arg1_dtype_cat"": 2}",0.010239999741315842
rms_norm,528a1a9c02534acd,5f3510d018a1da2c,"{""block_sizes"": [2], ""reduction_loops"": [null], ""range_unroll_factors"": [0], ""range_warp_specializes"": [null], ""range_num_stages"": [0], ""range_multi_buffers"": [null], ""range_flattens"": [null], ""load_eviction_policies"": ["""", """", ""first"", """", """"], ""num_warps"": 1, ""num_stages"": 1, ""indexing"": [""pointer"", ""pointer"", ""tensor_descriptor"", ""tensor_descriptor"", ""pointer"", ""pointer"", ""pointer""], ""atomic_indexing"": [], ""pid_type"": ""flat""}","{""arg0_ndim"": 2, ""arg0_dim0"": 2048, ""arg0_dim1"": 1023, ""arg0_numel"": 2095104, ""arg0_dtype"": ""torch.bfloat16"", ""arg0_dtype_size"": 2, ""arg0_dtype_cat"": 2, ""arg1_ndim"": 1, ""arg1_dim0"": 1023, ""arg1_numel"": 1023, ""arg1_dtype"": ""torch.bfloat16"", ""arg1_dtype_size"": 2, ""arg1_dtype_cat"": 2}",0.010239999741315842
rms_norm,528a1a9c02534acd,c6373fe598a919dd,"{""block_sizes"": [8], ""reduction_loops"": [null], ""range_unroll_factors"": [0], ""range_warp_specializes"": [null], ""range_num_stages"": [0], ""range_multi_buffers"": [null], ""range_flattens"": [null], ""load_eviction_policies"": ["""", """", ""first"", """", """"], ""num_warps"": 16, ""num_stages"": 6, ""indexing"": [""pointer"", ""pointer"", ""pointer"", ""tensor_descriptor"", ""pointer"", ""pointer"", ""pointer""], ""atomic_indexing"": [], ""pid_type"": ""flat""}","{""arg0_ndim"": 2, ""arg0_dim0"": 2048, ""arg0_dim1"": 1023, ""arg0_numel"": 2095104, ""arg0_dtype"": ""torch.bfloat16"", ""arg0_dtype_size"": 2, ""arg0_dtype_cat"": 2, ""arg1_ndim"": 1, ""arg1_dim0"": 1023, ""arg1_numel"": 1023, ""arg1_dtype"": ""torch.bfloat16"", ""arg1_dtype_size"": 2, ""arg1_dtype_cat"": 2}",0.010239999741315842
rms_norm,528a1a9c02534acd,482f430b8c9d8e8e,"{""block_sizes"": [2], ""reduction_loops"": [2048], ""range_unroll_factors"": [0], ""range_warp_specializes"": [null], ""range_num_stages"": [0], ""range_multi_buffers"": [null], ""range_flattens"": [null], ""load_eviction_policies"": [""last"", ""first"", ""last"", ""first"", ""first""], ""num_warps"": 2, ""num_stages"": 1, ""indexing"": [""tensor_descriptor"", ""pointer"", ""tensor_descriptor"", ""tensor_descriptor"", ""pointer"", ""tensor_descriptor"", ""tensor_descriptor""], ""atomic_indexing"": [], ""pid_type"": ""flat""}","{""arg0_ndim"": 2, ""arg0_dim0"": 2048, ""arg0_dim1"": 1023, ""arg0_numel"": 2095104, ""arg0_dtype"": ""torch.bfloat16"", ""arg0_dtype_size"": 2, ""arg0_dtype_cat"": 2, ""arg1_ndim"": 1, ""arg1_dim0"": 1023, ""arg1_numel"": 1023, ""arg1_dtype"": ""torch.bfloat16"", ""arg1_dtype_size"": 2, ""arg1_dtype_cat"": 2}",0.012319999746978283
rms_norm,528a1a9c02534acd,816644cab655d611,"{""block_sizes"": [2], ""reduction_loops"": [2048], ""range_unroll_factors"": [0], ""range_warp_specializes"": [null], ""range_num_stages"": [0], ""range_multi_buffers"": [null], ""range_flattens"": [null], ""load_eviction_policies"": ["""", ""first"", ""last"", ""last"", """"], ""num_warps"": 8, ""num_stages"": 3, ""indexing"": [""pointer"", ""tensor_descriptor"", ""tensor_descriptor"", ""pointer"", ""tensor_descriptor"", ""pointer"", ""tensor_descriptor""], ""atomic_indexing"": [], ""pid_type"": ""flat""}","{""arg0_ndim"": 2, ""arg0_dim0"": 2048, ""arg0_dim1"": 1023, ""arg0_numel"": 2095104, ""arg0_dtype"": ""torch.bfloat16"", ""arg0_dtype_size"": 2, ""arg0_dtype_cat"": 2, ""arg1_ndim"": 1, ""arg1_dim0"": 1023, ""arg1_numel"": 1023, ""arg1_dtype"": ""torch.bfloat16"", ""arg1_dtype_size"": 2, ""arg1_dtype_cat"": 2}",0.01228800043463707
rms_norm,528a1a9c02534acd,3abfa9907ca4fa3a,"{""block_sizes"": [1], ""reduction_loops"": [null], ""range_unroll_factors"": [0], ""range_warp_specializes"": [null], ""range_num_stages"": [0], ""range_multi_buffers"": [null], ""range_flattens"": [null], ""load_eviction_policies"": ["""", ""last"", ""last"", """", """"], ""num_warps"": 4, ""num_stages"": 2, ""indexing"": [""pointer"", ""pointer"", ""pointer"", ""tensor_descriptor"", ""pointer"", ""tensor_descriptor"", ""pointer""], ""atomic_indexing"": [], ""pid_type"": ""flat""}","{""arg0_ndim"": 2, ""arg0_dim0"": 2048, ""arg0_dim1"": 1023, ""arg0_numel"": 2095104, ""arg0_dtype"": ""torch.bfloat16"", ""arg0_dtype_size"": 2, ""arg0_dtype_cat"": 2, ""arg1_ndim"": 1, ""arg1_dim0"": 1023, ""arg1_numel"": 1023, ""arg1_dtype"": ""torch.bfloat16"", ""arg1_dtype_size"": 2, ""arg1_dtype_cat"": 2}",0.010239999741315842
rms_norm,528a1a9c02534acd,87b2f26661fd2925,"{""block_sizes"": [1], ""reduction_loops"": [null], ""range_unroll_factors"": [0], ""range_warp_specializes"": [null], ""range_num_stages"": [0], ""range_multi_buffers"": [null], ""range_flattens"": [null], ""load_eviction_policies"": ["""", ""last"", ""last"", ""first"", """"], ""num_warps"": 8, ""num_stages"": 2, ""indexing"": [""tensor_descriptor"", ""tensor_descriptor"", ""tensor_descriptor"", ""tensor_descriptor"", ""pointer"", ""pointer"", ""tensor_descriptor""], ""atomic_indexing"": [], ""pid_type"": ""flat""}","{""arg0_ndim"": 2, ""arg0_dim0"": 2048, ""arg0_dim1"": 1023, ""arg0_numel"": 2095104, ""arg0_dtype"": ""torch.bfloat16"", ""arg0_dtype_size"": 2, ""arg0_dtype_cat"": 2, ""arg1_ndim"": 1, ""arg1_dim0"": 1023, ""arg1_numel"": 1023, ""arg1_dtype"": ""torch.bfloat16"", ""arg1_dtype_size"": 2, ""arg1_dtype_cat"": 2}",0.010239999741315842
rms_norm,528a1a9c02534acd,7c1f654402c9dd7f,"{""block_sizes"": [1], ""reduction_loops"": [1024], ""range_unroll_factors"": [0], ""range_warp_specializes"": [null], ""range_num_stages"": [0], ""range_multi_buffers"": [null], ""range_flattens"": [null], ""load_eviction_policies"": ["""", ""first"", """", ""last"", ""first""], ""num_warps"": 4, ""num_stages"": 3, ""indexing"": [""pointer"", ""tensor_descriptor"", ""tensor_descriptor"", ""tensor_descriptor"", ""tensor_descriptor"", ""pointer"", ""pointer""], ""atomic_indexing"": [], ""pid_type"": ""flat""}","{""arg0_ndim"": 2, ""arg0_dim0"": 2048, ""arg0_dim1"": 1023, ""arg0_numel"": 2095104, ""arg0_dtype"": ""torch.bfloat16"", ""arg0_dtype_size"": 2, ""arg0_dtype_cat"": 2, ""arg1_ndim"": 1, ""arg1_dim0"": 1023, ""arg1_numel"": 1023, ""arg1_dtype"": ""torch.bfloat16"", ""arg1_dtype_size"": 2, ""arg1_dtype_cat"": 2}",0.01027199998497963
rms_norm,528a1a9c02534acd,306f51b1d2d06f98,"{""block_sizes"": [1], ""reduction_loops"": [1024], ""range_unroll_factors"": [0], ""range_warp_specializes"": [null], ""range_num_stages"": [0], ""range_multi_buffers"": [null], ""range_flattens"": [null], ""load_eviction_policies"": ["""", ""first"", """", """", ""last""], ""num_warps"": 4, ""num_stages"": 5, ""indexing"": [""pointer"", ""tensor_descriptor"", ""tensor_descriptor"", ""pointer"", ""pointer"", ""tensor_descriptor"", ""tensor_descriptor""], ""atomic_indexing"": [], ""pid_type"": ""flat""}","{""arg0_ndim"": 2, ""arg0_dim0"": 2048, ""arg0_dim1"": 1023, ""arg0_numel"": 2095104, ""arg0_dtype"": ""torch.bfloat16"", ""arg0_dtype_size"": 2, ""arg0_dtype_cat"": 2, ""arg1_ndim"": 1, ""arg1_dim0"": 1023, ""arg1_numel"": 1023, ""arg1_dtype"": ""torch.bfloat16"", ""arg1_dtype_size"": 2, ""arg1_dtype_cat"": 2}",0.01027199998497963
rms_norm,528a1a9c02534acd,5c295017bd009288,"{""block_sizes"": [1], ""reduction_loops"": [null], ""range_unroll_factors"": [0], ""range_warp_specializes"": [null], ""range_num_stages"": [0], ""range_multi_buffers"": [null], ""range_flattens"": [null], ""load_eviction_policies"": [""first"", """", ""last"", """", ""last""], ""num_warps"": 16, ""num_stages"": 4, ""indexing"": [""tensor_descriptor"", ""pointer"", ""tensor_descriptor"", ""pointer"", ""pointer"", ""pointer"", ""pointer""], ""atomic_indexing"": [], ""pid_type"": ""flat""}","{""arg0_ndim"": 2, ""arg0_dim0"": 2048, ""arg0_dim1"": 1023, ""arg0_numel"": 2095104, ""arg0_dtype"": ""torch.bfloat16"", ""arg0_dtype_size"": 2, ""arg0_dtype_cat"": 2, ""arg1_ndim"": 1, ""arg1_dim0"": 1023, ""arg1_numel"": 1023, ""arg1_dtype"": ""torch.bfloat16"", ""arg1_dtype_size"": 2, ""arg1_dtype_cat"": 2}",0.01228800043463707
rms_norm,528a1a9c02534acd,9615e7b2fea5ec90,"{""block_sizes"": [1], ""reduction_loops"": [2048], ""range_unroll_factors"": [0], ""range_warp_specializes"": [null], ""range_num_stages"": [0], ""range_multi_buffers"": [null], ""range_flattens"": [null], ""load_eviction_policies"": ["""", ""first"", ""last"", ""first"", ""last""], ""num_warps"": 8, ""num_stages"": 8, ""indexing"": [""pointer"", ""pointer"", ""pointer"", ""tensor_descriptor"", ""pointer"", ""tensor_descriptor"", ""pointer""], ""atomic_indexing"": [], ""pid_type"": ""flat""}","{""arg0_ndim"": 2, ""arg0_dim0"": 2048, ""arg0_dim1"": 1023, ""arg0_numel"": 2095104, ""arg0_dtype"": ""torch.bfloat16"", ""arg0_dtype_size"": 2, ""arg0_dtype_cat"": 2, ""arg1_ndim"": 1, ""arg1_dim0"": 1023, ""arg1_numel"": 1023, ""arg1_dtype"": ""torch.bfloat16"", ""arg1_dtype_size"": 2, ""arg1_dtype_cat"": 2}",0.014240000396966934
rms_norm,528a1a9c02534acd,ef0576b1337868e5,"{""block_sizes"": [1], ""reduction_loops"": [null], ""range_unroll_factors"": [0], ""range_warp_specializes"": [null], ""range_num_stages"": [0], ""range_multi_buffers"": [null], ""range_flattens"": [null], ""load_eviction_policies"": ["""", """", ""last"", """", ""last""], ""num_warps"": 8, ""num_stages"": 6, ""indexing"": [""tensor_descriptor"", ""pointer"", ""pointer"", ""pointer"", ""pointer"", ""tensor_descriptor"", ""tensor_descriptor""], ""atomic_indexing"": [], ""pid_type"": ""flat""}","{""arg0_ndim"": 2, ""arg0_dim0"": 2048, ""arg0_dim1"": 1023, ""arg0_numel"": 2095104, ""arg0_dtype"": ""torch.bfloat16"", ""arg0_dtype_size"": 2, ""arg0_dtype_cat"": 2, ""arg1_ndim"": 1, ""arg1_dim0"": 1023, ""arg1_numel"": 1023, ""arg1_dtype"": ""torch.bfloat16"", ""arg1_dtype_size"": 2, ""arg1_dtype_cat"": 2}",0.010239999741315842
rms_norm,528a1a9c02534acd,11bb6dfa80985863,"{""block_sizes"": [1], ""reduction_loops"": [null], ""range_unroll_factors"": [0], ""range_warp_specializes"": [null], ""range_num_stages"": [0], ""range_multi_buffers"": [null], ""range_flattens"": [null], ""load_eviction_policies"": [""first"", """", ""last"", """", """"], ""num_warps"": 16, ""num_stages"": 2, ""indexing"": [""tensor_descriptor"", ""pointer"", ""pointer"", ""pointer"", ""tensor_descriptor"", ""tensor_descriptor"", ""pointer""], ""atomic_indexing"": [], ""pid_type"": ""flat""}","{""arg0_ndim"": 2, ""arg0_dim0"": 2048, ""arg0_dim1"": 1023, ""arg0_numel"": 2095104, ""arg0_dtype"": ""torch.bfloat16"", ""arg0_dtype_size"": 2, ""arg0_dtype_cat"": 2, ""arg1_ndim"": 1, ""arg1_dim0"": 1023, ""arg1_numel"": 1023, ""arg1_dtype"": ""torch.bfloat16"", ""arg1_dtype_size"": 2, ""arg1_dtype_cat"": 2}",0.01228800043463707
rms_norm,528a1a9c02534acd,964bbd2b95871270,"{""block_sizes"": [1], ""reduction_loops"": [null], ""range_unroll_factors"": [0], ""range_warp_specializes"": [null], ""range_num_stages"": [0], ""range_multi_buffers"": [null], ""range_flattens"": [null], ""load_eviction_policies"": ["""", """", """", ""first"", """"], ""num_warps"": 8, ""num_stages"": 6, ""indexing"": [""pointer"", ""tensor_descriptor"", ""tensor_descriptor"", ""tensor_descriptor"", ""pointer"", ""tensor_descriptor"", ""tensor_descriptor""], ""atomic_indexing"": [], ""pid_type"": ""flat""}","{""arg0_ndim"": 2, ""arg0_dim0"": 2048, ""arg0_dim1"": 1023, ""arg0_numel"": 2095104, ""arg0_dtype"": ""torch.bfloat16"", ""arg0_dtype_size"": 2, ""arg0_dtype_cat"": 2, ""arg1_ndim"": 1, ""arg1_dim0"": 1023, ""arg1_numel"": 1023, ""arg1_dtype"": ""torch.bfloat16"", ""arg1_dtype_size"": 2, ""arg1_dtype_cat"": 2}",0.010239999741315842
rms_norm,528a1a9c02534acd,a0bad60454a64a49,"{""block_sizes"": [1], ""reduction_loops"": [null], ""range_unroll_factors"": [0], ""range_warp_specializes"": [null], ""range_num_stages"": [0], ""range_multi_buffers"": [null], ""range_flattens"": [null], ""load_eviction_policies"": [""first"", ""last"", ""last"", """", ""last""], ""num_warps"": 16, ""num_stages"": 4, ""indexing"": [""pointer"", ""tensor_descriptor"", ""pointer"", ""pointer"", ""pointer"", ""pointer"", ""pointer""], ""atomic_indexing"": [], ""pid_type"": ""flat""}","{""arg0_ndim"": 2, ""arg0_dim0"": 2048, ""arg0_dim1"": 1023, ""arg0_numel"": 2095104, ""arg0_dtype"": ""torch.bfloat16"", ""arg0_dtype_size"": 2, ""arg0_dtype_cat"": 2, ""arg1_ndim"": 1, ""arg1_dim0"": 1023, ""arg1_numel"": 1023, ""arg1_dtype"": ""torch.bfloat16"", ""arg1_dtype_size"": 2, ""arg1_dtype_cat"": 2}",0.01228800043463707
rms_norm,528a1a9c02534acd,45b47d2b716e8754,"{""block_sizes"": [4], ""reduction_loops"": [null], ""range_unroll_factors"": [0], ""range_warp_specializes"": [null], ""range_num_stages"": [0], ""range_multi_buffers"": [null], ""range_flattens"": [null], ""load_eviction_policies"": [""first"", """", """", ""last"", ""last""], ""num_warps"": 2, ""num_stages"": 5, ""indexing"": [""pointer"", ""tensor_descriptor"", ""tensor_descriptor"", ""tensor_descriptor"", ""tensor_descriptor"", ""pointer"", ""pointer""], ""atomic_indexing"": [], ""pid_type"": ""flat""}","{""arg0_ndim"": 2, ""arg0_dim0"": 2048, ""arg0_dim1"": 1023, ""arg0_numel"": 2095104, ""arg0_dtype"": ""torch.bfloat16"", ""arg0_dtype_size"": 2, ""arg0_dtype_cat"": 2, ""arg1_ndim"": 1, ""arg1_dim0"": 1023, ""arg1_numel"": 1023, ""arg1_dtype"": ""torch.bfloat16"", ""arg1_dtype_size"": 2, ""arg1_dtype_cat"": 2}",0.010239999741315842
rms_norm,528a1a9c02534acd,0e08e3ec9a7b2c1e,"{""block_sizes"": [4], ""reduction_loops"": [null], ""range_unroll_factors"": [0], ""range_warp_specializes"": [null], ""range_num_stages"": [0], ""range_multi_buffers"": [null], ""range_flattens"": [null], ""load_eviction_policies"": [""first"", ""last"", """", ""first"", """"], ""num_warps"": 2, ""num_stages"": 3, ""indexing"": [""pointer"", ""tensor_descriptor"", ""pointer"", ""tensor_descriptor"", ""tensor_descriptor"", ""tensor_descriptor"", ""tensor_descriptor""], ""atomic_indexing"": [], ""pid_type"": ""flat""}","{""arg0_ndim"": 2, ""arg0_dim0"": 2048, ""arg0_dim1"": 1023, ""arg0_numel"": 2095104, ""arg0_dtype"": ""torch.bfloat16"", ""arg0_dtype_size"": 2, ""arg0_dtype_cat"": 2, ""arg1_ndim"": 1, ""arg1_dim0"": 1023, ""arg1_numel"": 1023, ""arg1_dtype"": ""torch.bfloat16"", ""arg1_dtype_size"": 2, ""arg1_dtype_cat"": 2}",0.010239999741315842
rms_norm,528a1a9c02534acd,a3c8f5854ffdaebc,"{""block_sizes"": [16], ""reduction_loops"": [null], ""range_unroll_factors"": [0], ""range_warp_specializes"": [null], ""range_num_stages"": [0], ""range_multi_buffers"": [null], ""range_flattens"": [null], ""load_eviction_policies"": ["""", """", ""first"", """", ""last""], ""num_warps"": 4, ""num_stages"": 5, ""indexing"": [""pointer"", ""pointer"", ""pointer"", ""pointer"", ""pointer"", ""pointer"", ""pointer""], ""atomic_indexing"": [], ""pid_type"": ""flat""}","{""arg0_ndim"": 2, ""arg0_dim0"": 2048, ""arg0_dim1"": 1023, ""arg0_numel"": 2095104, ""arg0_dtype"": ""torch.bfloat16"", ""arg0_dtype_size"": 2, ""arg0_dtype_cat"": 2, ""arg1_ndim"": 1, ""arg1_dim0"": 1023, ""arg1_numel"": 1023, ""arg1_dtype"": ""torch.bfloat16"", ""arg1_dtype_size"": 2, ""arg1_dtype_cat"": 2}",0.014336000196635723
rms_norm,528a1a9c02534acd,df5f9e1409cfd8bd,"{""block_sizes"": [16], ""reduction_loops"": [null], ""range_unroll_factors"": [0], ""range_warp_specializes"": [null], ""range_num_stages"": [0], ""range_multi_buffers"": [null], ""range_flattens"": [null], ""load_eviction_policies"": ["""", """", ""last"", """", ""first""], ""num_warps"": 4, ""num_stages"": 1, ""indexing"": [""pointer"", ""pointer"", ""pointer"", ""pointer"", ""pointer"", ""tensor_descriptor"", ""tensor_descriptor""], ""atomic_indexing"": [], ""pid_type"": ""flat""}","{""arg0_ndim"": 2, ""arg0_dim0"": 2048, ""arg0_dim1"": 1023, ""arg0_numel"": 2095104, ""arg0_dtype"": ""torch.bfloat16"", ""arg0_dtype_size"": 2, ""arg0_dtype_cat"": 2, ""arg1_ndim"": 1, ""arg1_dim0"": 1023, ""arg1_numel"": 1023, ""arg1_dtype"": ""torch.bfloat16"", ""arg1_dtype_size"": 2, ""arg1_dtype_cat"": 2}",0.014336000196635723
rms_norm,148ed315981a6aeb,24745e38d713c198,"{""block_sizes"": [2], ""reduction_loops"": [null], ""range_unroll_factors"": [0], ""range_warp_specializes"": [null], ""range_num_stages"": [0], ""range_multi_buffers"": [null], ""range_flattens"": [null], ""load_eviction_policies"": [""last"", ""first"", ""first"", """", """"], ""num_warps"": 4, ""num_stages"": 6, ""indexing"": [""pointer"", ""pointer"", ""pointer"", ""tensor_descriptor"", ""tensor_descriptor"", ""pointer"", ""pointer""], ""atomic_indexing"": [], ""pid_type"": ""flat""}","{""arg0_ndim"": 2, ""arg0_dim0"": 2048, ""arg0_dim1"": 1536, ""arg0_numel"": 3145728, ""arg0_dtype"": ""torch.bfloat16"", ""arg0_dtype_size"": 2, ""arg0_dtype_cat"": 2, ""arg1_ndim"": 1, ""arg1_dim0"": 1536, ""arg1_numel"": 1536, ""arg1_dtype"": ""torch.bfloat16"", ""arg1_dtype_size"": 2, ""arg1_dtype_cat"": 2}",0.008175999857485294
rms_norm,148ed315981a6aeb,180c35ef192d14f2,"{""block_sizes"": [2], ""reduction_loops"": [null], ""range_unroll_factors"": [0], ""range_warp_specializes"": [null], ""range_num_stages"": [0], ""range_multi_buffers"": [null], ""range_flattens"": [null], ""load_eviction_policies"": ["""", """", ""last"", """", """"], ""num_warps"": 1, ""num_stages"": 2, ""indexing"": [""pointer"", ""pointer"", ""pointer"", ""pointer"", ""pointer"", ""pointer"", ""pointer""], ""atomic_indexing"": [], ""pid_type"": ""flat""}","{""arg0_ndim"": 2, ""arg0_dim0"": 2048, ""arg0_dim1"": 1536, ""arg0_numel"": 3145728, ""arg0_dtype"": ""torch.bfloat16"", ""arg0_dtype_size"": 2, ""arg0_dtype_cat"": 2, ""arg1_ndim"": 1, ""arg1_dim0"": 1536, ""arg1_numel"": 1536, ""arg1_dtype"": ""torch.bfloat16"", ""arg1_dtype_size"": 2, ""arg1_dtype_cat"": 2}",0.00825599953532219
rms_norm,148ed315981a6aeb,7bfccb3790afd320,"{""block_sizes"": [2], ""reduction_loops"": [2048], ""range_unroll_factors"": [0], ""range_warp_specializes"": [null], ""range_num_stages"": [0], ""range_multi_buffers"": [null], ""range_flattens"": [null], ""load_eviction_policies"": [""last"", """", ""last"", """", """"], ""num_warps"": 8, ""num_stages"": 1, ""indexing"": [""pointer"", ""pointer"", ""pointer"", ""tensor_descriptor"", ""pointer"", ""tensor_descriptor"", ""tensor_descriptor""], ""atomic_indexing"": [], ""pid_type"": ""flat""}","{""arg0_ndim"": 2, ""arg0_dim0"": 2048, ""arg0_dim1"": 1536, ""arg0_numel"": 3145728, ""arg0_dtype"": ""torch.bfloat16"", ""arg0_dtype_size"": 2, ""arg0_dtype_cat"": 2, ""arg1_ndim"": 1, ""arg1_dim0"": 1536, ""arg1_numel"": 1536, ""arg1_dtype"": ""torch.bfloat16"", ""arg1_dtype_size"": 2, ""arg1_dtype_cat"": 2}",0.008191999979317188
rms_norm,148ed315981a6aeb,b700865abbecc460,"{""block_sizes"": [1], ""reduction_loops"": [null], ""range_unroll_factors"": [0], ""range_warp_specializes"": [null], ""range_num_stages"": [0], ""range_multi_buffers"": [null], ""range_flattens"": [null], ""load_eviction_policies"": [""first"", """", ""last"", ""last"", """"], ""num_warps"": 16, ""num_stages"": 1, ""indexing"": [""tensor_descriptor"", ""tensor_descriptor"", ""pointer"", ""tensor_descriptor"", ""tensor_descriptor"", ""pointer"", ""tensor_descriptor""], ""atomic_indexing"": [], ""pid_type"": ""flat""}","{""arg0_ndim"": 2, ""arg0_dim0"": 2048, ""arg0_dim1"": 1536, ""arg0_numel"": 3145728, ""arg0_dtype"": ""torch.bfloat16"", ""arg0_dtype_size"": 2, ""arg0_dtype_cat"": 2, ""arg1_ndim"": 1, ""arg1_dim0"": 1536, ""arg1_numel"": 1536, ""arg1_dtype"": ""torch.bfloat16"", ""arg1_dtype_size"": 2, ""arg1_dtype_cat"": 2}",0.012223999947309494
rms_norm,148ed315981a6aeb,73a4bcfe84591dcd,"{""block_sizes"": [1], ""reduction_loops"": [8192], ""range_unroll_factors"": [0], ""range_warp_specializes"": [null], ""range_num_stages"": [0], ""range_multi_buffers"": [null], ""range_flattens"": [null], ""load_eviction_policies"": ["""", """", """", """", """"], ""num_warps"": 8, ""num_stages"": 4, ""indexing"": [""pointer"", ""pointer"", ""tensor_descriptor"", ""pointer"", ""pointer"", ""tensor_descriptor"", ""tensor_descriptor""], ""atomic_indexing"": [], ""pid_type"": ""flat""}","{""arg0_ndim"": 2, ""arg0_dim0"": 2048, ""arg0_dim1"": 1536, ""arg0_numel"": 3145728, ""arg0_dtype"": ""torch.bfloat16"", ""arg0_dtype_size"": 2, ""arg0_dtype_cat"": 2, ""arg1_ndim"": 1, ""arg1_dim0"": 1536, ""arg1_numel"": 1536, ""arg1_dtype"": ""torch.bfloat16"", ""arg1_dtype_size"": 2, ""arg1_dtype_cat"": 2}",0.014368000440299511
rms_norm,148ed315981a6aeb,6d53c3602b79725b,"{""block_sizes"": [1], ""reduction_loops"": [8192], ""range_unroll_factors"": [0], ""range_warp_specializes"": [null], ""range_num_stages"": [0], ""range_multi_buffers"": [null], ""range_flattens"": [null], ""load_eviction_policies"": ["""", ""first"", ""last"", """", """"], ""num_warps"": 8, ""num_stages"": 3, ""indexing"": [""pointer"", ""tensor_descriptor"", ""pointer"", ""pointer"", ""pointer"", ""tensor_descriptor"", ""pointer""], ""atomic_indexing"": [], ""pid_type"": ""flat""}","{""arg0_ndim"": 2, ""arg0_dim0"": 2048, ""arg0_dim1"": 1536, ""arg0_numel"": 3145728, ""arg0_dtype"": ""torch.bfloat16"", ""arg0_dtype_size"": 2, ""arg0_dtype_cat"": 2, ""arg1_ndim"": 1, ""arg1_dim0"": 1536, ""arg1_numel"": 1536, ""arg1_dtype"": ""torch.bfloat16"", ""arg1_dtype_size"": 2, ""arg1_dtype_cat"": 2}",0.014368000440299511
rms_norm,148ed315981a6aeb,ce65586612391f94,"{""block_sizes"": [32], ""reduction_loops"": [null], ""range_unroll_factors"": [0], ""range_warp_specializes"": [null], ""range_num_stages"": [0], ""range_multi_buffers"": [null], ""range_flattens"": [null], ""load_eviction_policies"": ["""", """", """", """", """"], ""num_warps"": 4, ""num_stages"": 1, ""indexing"": [""pointer"", ""pointer"", ""pointer"", ""pointer"", ""pointer"", ""pointer"", ""pointer""], ""atomic_indexing"": [], ""pid_type"": ""flat""}","{""arg0_ndim"": 2, ""arg0_dim0"": 2048, ""arg0_dim1"": 1536, ""arg0_numel"": 3145728, ""arg0_dtype"": ""torch.bfloat16"", ""arg0_dtype_size"": 2, ""arg0_dtype_cat"": 2, ""arg1_ndim"": 1, ""arg1_dim0"": 1536, ""arg1_numel"": 1536, ""arg1_dtype"": ""torch.bfloat16"", ""arg1_dtype_size"": 2, ""arg1_dtype_cat"": 2}",0.06950400024652481
rms_norm,148ed315981a6aeb,fa68d1735ed55be8,"{""block_sizes"": [16], ""reduction_loops"": [null], ""range_unroll_factors"": [1], ""range_warp_specializes"": [null], ""range_num_stages"": [2], ""range_multi_buffers"": [null], ""range_flattens"": [null], ""load_eviction_policies"": [""first"", ""last"", ""last"", """", ""last""], ""num_warps"": 16, ""num_stages"": 8, ""indexing"": [""tensor_descriptor"", ""pointer"", ""tensor_descriptor"", ""pointer"", ""pointer"", ""pointer"", ""pointer""], ""atomic_indexing"": [], ""pid_type"": ""persistent_interleaved"", ""num_sm_multiplier"": 1}","{""arg0_ndim"": 2, ""arg0_dim0"": 2048, ""arg0_dim1"": 1536, ""arg0_numel"": 3145728, ""arg0_dtype"": ""torch.bfloat16"", ""arg0_dtype_size"": 2, ""arg0_dtype_cat"": 2, ""arg1_ndim"": 1, ""arg1_dim0"": 1536, ""arg1_numel"": 1536, ""arg1_dtype"": ""torch.bfloat16"", ""arg1_dtype_size"": 2, ""arg1_dtype_cat"": 2}",0.010239999741315842
rms_norm,148ed315981a6aeb,1979210a312b6290,"{""block_sizes"": [16], ""reduction_loops"": [256], ""range_unroll_factors"": [0], ""range_warp_specializes"": [null], ""range_num_stages"": [0], ""range_multi_buffers"": [null], ""range_flattens"": [null], ""load_eviction_policies"": [""first"", """", ""last"", ""last"", """"], ""num_warps"": 16, ""num_stages"": 4, ""indexing"": [""tensor_descriptor"", ""tensor_descriptor"", ""tensor_descriptor"", ""tensor_descriptor"", ""tensor_descriptor"", ""tensor_descriptor"", ""tensor_descriptor""], ""atomic_indexing"": [], ""pid_type"": ""flat""}","{""arg0_ndim"": 2, ""arg0_dim0"": 2048, ""arg0_dim1"": 1536, ""arg0_numel"": 3145728, ""arg0_dtype"": ""torch.bfloat16"", ""arg0_dtype_size"": 2, ""arg0_dtype_cat"": 2, ""arg1_ndim"": 1, ""arg1_dim0"": 1536, ""arg1_numel"": 1536, ""arg1_dtype"": ""torch.bfloat16"", ""arg1_dtype_size"": 2, ""arg1_dtype_cat"": 2}",0.010239999741315842
rms_norm,148ed315981a6aeb,832d9cc41c9b5249,"{""block_sizes"": [2], ""reduction_loops"": [null], ""range_unroll_factors"": [0], ""range_warp_specializes"": [null], ""range_num_stages"": [0], ""range_multi_buffers"": [null], ""range_flattens"": [null], ""load_eviction_policies"": [""first"", ""last"", ""first"", ""first"", ""last""], ""num_warps"": 1, ""num_stages"": 8, ""indexing"": [""pointer"", ""pointer"", ""tensor_descriptor"", ""pointer"", ""pointer"", ""tensor_descriptor"", ""pointer""], ""atomic_indexing"": [], ""pid_type"": ""flat""}","{""arg0_ndim"": 2, ""arg0_dim0"": 2048, ""arg0_dim1"": 1536, ""arg0_numel"": 3145728, ""arg0_dtype"": ""torch.bfloat16"", ""arg0_dtype_size"": 2, ""arg0_dtype_cat"": 2, ""arg1_ndim"": 1, ""arg1_dim0"": 1536, ""arg1_numel"": 1536, ""arg1_dtype"": ""torch.bfloat16"", ""arg1_dtype_size"": 2, ""arg1_dtype_cat"": 2}",0.008224000222980976
rms_norm,148ed315981a6aeb,5f3510d018a1da2c,"{""block_sizes"": [2], ""reduction_loops"": [null], ""range_unroll_factors"": [0], ""range_warp_specializes"": [null], ""range_num_stages"": [0], ""range_multi_buffers"": [null], ""range_flattens"": [null], ""load_eviction_policies"": ["""", """", ""first"", """", """"], ""num_warps"": 1, ""num_stages"": 1, ""indexing"": [""pointer"", ""pointer"", ""tensor_descriptor"", ""tensor_descriptor"", ""pointer"", ""pointer"", ""pointer""], ""atomic_indexing"": [], ""pid_type"": ""flat""}","{""arg0_ndim"": 2, ""arg0_dim0"": 2048, ""arg0_dim1"": 1536, ""arg0_numel"": 3145728, ""arg0_dtype"": ""torch.bfloat16"", ""arg0_dtype_size"": 2, ""arg0_dtype_cat"": 2, ""arg1_ndim"": 1, ""arg1_dim0"": 1536, ""arg1_numel"": 1536, ""arg1_dtype"": ""torch.bfloat16"", ""arg1_dtype_size"": 2, ""arg1_dtype_cat"": 2}",0.00825599953532219
rms_norm,148ed315981a6aeb,c6373fe598a919dd,"{""block_sizes"": [8], ""reduction_loops"": [null], ""range_unroll_factors"": [0], ""range_warp_specializes"": [null], ""range_num_stages"": [0], ""range_multi_buffers"": [null], ""range_flattens"": [null], ""load_eviction_policies"": ["""", """", ""first"", """", """"], ""num_warps"": 16, ""num_stages"": 6, ""indexing"": [""pointer"", ""pointer"", ""pointer"", ""tensor_descriptor"", ""pointer"", ""pointer"", ""pointer""], ""atomic_indexing"": [], ""pid_type"": ""flat""}","{""arg0_ndim"": 2, ""arg0_dim0"": 2048, ""arg0_dim1"": 1536, ""arg0_numel"": 3145728, ""arg0_dtype"": ""torch.bfloat16"", ""arg0_dtype_size"": 2, ""arg0_dtype_cat"": 2, ""arg1_ndim"": 1, ""arg1_dim0"": 1536, ""arg1_numel"": 1536, ""arg1_dtype"": ""torch.bfloat16"", ""arg1_dtype_size"": 2, ""arg1_dtype_cat"": 2}",0.010111999697983265
rms_norm,148ed315981a6aeb,482f430b8c9d8e8e,"{""block_sizes"": [2], ""reduction_loops"": [2048], ""range_unroll_factors"": [0], ""range_warp_specializes"": [null], ""range_num_stages"": [0], ""range_multi_buffers"": [null], ""range_flattens"": [null], ""load_eviction_policies"": [""last"", ""first"", ""last"", ""first"", ""first""], ""num_warps"": 2, ""num_stages"": 1, ""indexing"": [""tensor_descriptor"", ""pointer"", ""tensor_descriptor"", ""tensor_descriptor"", ""pointer"", ""tensor_descriptor"", ""tensor_descriptor""], ""atomic_indexing"": [], ""pid_type"": ""flat""}","{""arg0_ndim"": 2, ""arg0_dim0"": 2048, ""arg0_dim1"": 1536, ""arg0_numel"": 3145728, ""arg0_dtype"": ""torch.bfloat16"", ""arg0_dtype_size"": 2, ""arg0_dtype_cat"": 2, ""arg1_ndim"": 1, ""arg1_dim0"": 1536, ""arg1_numel"": 1536, ""arg1_dtype"": ""torch.bfloat16"", ""arg1_dtype_size"": 2, ""arg1_dtype_cat"": 2}",0.008191999979317188
rms_norm,148ed315981a6aeb,816644cab655d611,"{""block_sizes"": [2], ""reduction_loops"": [2048], ""range_unroll_factors"": [0], ""range_warp_specializes"": [null], ""range_num_stages"": [0], ""range_multi_buffers"": [null], ""range_flattens"": [null], ""load_eviction_policies"": ["""", ""first"", ""last"", ""last"", """"], ""num_warps"": 8, ""num_stages"": 3, ""indexing"": [""pointer"", ""tensor_descriptor"", ""tensor_descriptor"", ""pointer"", ""tensor_descriptor"", ""pointer"", ""tensor_descriptor""], ""atomic_indexing"": [], ""pid_type"": ""flat""}","{""arg0_ndim"": 2, ""arg0_dim0"": 2048, ""arg0_dim1"": 1536, ""arg0_numel"": 3145728, ""arg0_dtype"": ""torch.bfloat16"", ""arg0_dtype_size"": 2, ""arg0_dtype_cat"": 2, ""arg1_ndim"": 1, ""arg1_dim0"": 1536, ""arg1_numel"": 1536, ""arg1_dtype"": ""torch.bfloat16"", ""arg1_dtype_size"": 2, ""arg1_dtype_cat"": 2}",0.010239999741315842
rms_norm,148ed315981a6aeb,3abfa9907ca4fa3a,"{""block_sizes"": [1], ""reduction_loops"": [null], ""range_unroll_factors"": [0], ""range_warp_specializes"": [null], ""range_num_stages"": [0], ""range_multi_buffers"": [null], ""range_flattens"": [null], ""load_eviction_policies"": ["""", ""last"", ""last"", """", """"], ""num_warps"": 4, ""num_stages"": 2, ""indexing"": [""pointer"", ""pointer"", ""pointer"", ""tensor_descriptor"", ""pointer"", ""tensor_descriptor"", ""pointer""], ""atomic_indexing"": [], ""pid_type"": ""flat""}","{""arg0_ndim"": 2, ""arg0_dim0"": 2048, ""arg0_dim1"": 1536, ""arg0_numel"": 3145728, ""arg0_dtype"": ""torch.bfloat16"", ""arg0_dtype_size"": 2, ""arg0_dtype_cat"": 2, ""arg1_ndim"": 1, ""arg1_dim0"": 1536, ""arg1_numel"": 1536, ""arg1_dtype"": ""torch.bfloat16"", ""arg1_dtype_size"": 2, ""arg1_dtype_cat"": 2}",0.008191999979317188
rms_norm,148ed315981a6aeb,87b2f26661fd2925,"{""block_sizes"": [1], ""reduction_loops"": [null], ""range_unroll_factors"": [0], ""range_warp_specializes"": [null], ""range_num_stages"": [0], ""range_multi_buffers"": [null], ""range_flattens"": [null], ""load_eviction_policies"": ["""", ""last"", ""last"", ""first"", """"], ""num_warps"": 8, ""num_stages"": 2, ""indexing"": [""tensor_descriptor"", ""tensor_descriptor"", ""tensor_descriptor"", ""tensor_descriptor"", ""pointer"", ""pointer"", ""tensor_descriptor""], ""atomic_indexing"": [], ""pid_type"": ""flat""}","{""arg0_ndim"": 2, ""arg0_dim0"": 2048, ""arg0_dim1"": 1536, ""arg0_numel"": 3145728, ""arg0_dtype"": ""torch.bfloat16"", ""arg0_dtype_size"": 2, ""arg0_dtype_cat"": 2, ""arg1_ndim"": 1, ""arg1_dim0"": 1536, ""arg1_numel"": 1536, ""arg1_dtype"": ""torch.bfloat16"", ""arg1_dtype_size"": 2, ""arg1_dtype_cat"": 2}",0.010111999697983265
rms_norm,148ed315981a6aeb,7c1f654402c9dd7f,"{""block_sizes"": [1], ""reduction_loops"": [1024], ""range_unroll_factors"": [0], ""range_warp_specializes"": [null], ""range_num_stages"": [0], ""range_multi_buffers"": [null], ""range_flattens"": [null], ""load_eviction_policies"": ["""", ""first"", """", ""last"", ""first""], ""num_warps"": 4, ""num_stages"": 3, ""indexing"": [""pointer"", ""tensor_descriptor"", ""tensor_descriptor"", ""tensor_descriptor"", ""tensor_descriptor"", ""pointer"", ""pointer""], ""atomic_indexing"": [], ""pid_type"": ""flat""}","{""arg0_ndim"": 2, ""arg0_dim0"": 2048, ""arg0_dim1"": 1536, ""arg0_numel"": 3145728, ""arg0_dtype"": ""torch.bfloat16"", ""arg0_dtype_size"": 2, ""arg0_dtype_cat"": 2, ""arg1_ndim"": 1, ""arg1_dim0"": 1536, ""arg1_numel"": 1536, ""arg1_dtype"": ""torch.bfloat16"", ""arg1_dtype_size"": 2, ""arg1_dtype_cat"": 2}",0.010096000041812658
rms_norm,148ed315981a6aeb,306f51b1d2d06f98,"{""block_sizes"": [1], ""reduction_loops"": [1024], ""range_unroll_factors"": [0], ""range_warp_specializes"": [null], ""range_num_stages"": [0], ""range_multi_buffers"": [null], ""range_flattens"": [null], ""load_eviction_policies"": ["""", ""first"", """", """", ""last""], ""num_warps"": 4, ""num_stages"": 5, ""indexing"": [""pointer"", ""tensor_descriptor"", ""tensor_descriptor"", ""pointer"", ""pointer"", ""tensor_descriptor"", ""tensor_descriptor""], ""atomic_indexing"": [], ""pid_type"": ""flat""}","{""arg0_ndim"": 2, ""arg0_dim0"": 2048, ""arg0_dim1"": 1536, ""arg0_numel"": 3145728, ""arg0_dtype"": ""torch.bfloat16"", ""arg0_dtype_size"": 2, ""arg0_dtype_cat"": 2, ""arg1_ndim"": 1, ""arg1_dim0"": 1536, ""arg1_numel"": 1536, ""arg1_dtype"": ""torch.bfloat16"", ""arg1_dtype_size"": 2, ""arg1_dtype_cat"": 2}",0.009184000082314014
rms_norm,148ed315981a6aeb,5c295017bd009288,"{""block_sizes"": [1], ""reduction_loops"": [null], ""range_unroll_factors"": [0], ""range_warp_specializes"": [null], ""range_num_stages"": [0], ""range_multi_buffers"": [null], ""range_flattens"": [null], ""load_eviction_policies"": [""first"", """", ""last"", """", ""last""], ""num_warps"": 16, ""num_stages"": 4, ""indexing"": [""tensor_descriptor"", ""pointer"", ""tensor_descriptor"", ""pointer"", ""pointer"", ""pointer"", ""pointer""], ""atomic_indexing"": [], ""pid_type"": ""flat""}","{""arg0_ndim"": 2, ""arg0_dim0"": 2048, ""arg0_dim1"": 1536, ""arg0_numel"": 3145728, ""arg0_dtype"": ""torch.bfloat16"", ""arg0_dtype_size"": 2, ""arg0_dtype_cat"": 2, ""arg1_ndim"": 1, ""arg1_dim0"": 1536, ""arg1_numel"": 1536, ""arg1_dtype"": ""torch.bfloat16"", ""arg1_dtype_size"": 2, ""arg1_dtype_cat"": 2}",0.012256000190973282
rms_norm,148ed315981a6aeb,9615e7b2fea5ec90,"{""block_sizes"": [1], ""reduction_loops"": [2048], ""range_unroll_factors"": [0], ""range_warp_specializes"": [null], ""range_num_stages"": [0], ""range_multi_buffers"": [null], ""range_flattens"": [null], ""load_eviction_policies"": ["""", ""first"", ""last"", ""first"", ""last""], ""num_warps"": 8, ""num_stages"": 8, ""indexing"": [""pointer"", ""pointer"", ""pointer"", ""tensor_descriptor"", ""pointer"", ""tensor_descriptor"", ""pointer""], ""atomic_indexing"": [], ""pid_type"": ""flat""}","{""arg0_ndim"": 2, ""arg0_dim0"": 2048, ""arg0_dim1"": 1536, ""arg0_numel"": 3145728, ""arg0_dtype"": ""torch.bfloat16"", ""arg0_dtype_size"": 2, ""arg0_dtype_cat"": 2, ""arg1_ndim"": 1, ""arg1_dim0"": 1536, ""arg1_numel"": 1536, ""arg1_dtype"": ""torch.bfloat16"", ""arg1_dtype_size"": 2, ""arg1_dtype_cat"": 2}",0.010239999741315842
rms_norm,148ed315981a6aeb,ef0576b1337868e5,"{""block_sizes"": [1], ""reduction_loops"": [null], ""range_unroll_factors"": [0], ""range_warp_specializes"": [null], ""range_num_stages"": [0], ""range_multi_buffers"": [null], ""range_flattens"": [null], ""load_eviction_policies"": ["""", """", ""last"", """", ""last""], ""num_warps"": 8, ""num_stages"": 6, ""indexing"": [""tensor_descriptor"", ""pointer"", ""pointer"", ""pointer"", ""pointer"", ""tensor_descriptor"", ""tensor_descriptor""], ""atomic_indexing"": [], ""pid_type"": ""flat""}","{""arg0_ndim"": 2, ""arg0_dim0"": 2048, ""arg0_dim1"": 1536, ""arg0_numel"": 3145728, ""arg0_dtype"": ""torch.bfloat16"", ""arg0_dtype_size"": 2, ""arg0_dtype_cat"": 2, ""arg1_ndim"": 1, ""arg1_dim0"": 1536, ""arg1_numel"": 1536, ""arg1_dtype"": ""torch.bfloat16"", ""arg1_dtype_size"": 2, ""arg1_dtype_cat"": 2}",0.01017600018531084
rms_norm,148ed315981a6aeb,11bb6dfa80985863,"{""block_sizes"": [1], ""reduction_loops"": [null], ""range_unroll_factors"": [0], ""range_warp_specializes"": [null], ""range_num_stages"": [0], ""range_multi_buffers"": [null], ""range_flattens"": [null], ""load_eviction_policies"": [""first"", """", ""last"", """", """"], ""num_warps"": 16, ""num_stages"": 2, ""indexing"": [""tensor_descriptor"", ""pointer"", ""pointer"", ""pointer"", ""tensor_descriptor"", ""tensor_descriptor"", ""pointer""], ""atomic_indexing"": [], ""pid_type"": ""flat""}","{""arg0_ndim"": 2, ""arg0_dim0"": 2048, ""arg0_dim1"": 1536, ""arg0_numel"": 3145728, ""arg0_dtype"": ""torch.bfloat16"", ""arg0_dtype_size"": 2, ""arg0_dtype_cat"": 2, ""arg1_ndim"": 1, ""arg1_dim0"": 1536, ""arg1_numel"": 1536, ""arg1_dtype"": ""torch.bfloat16"", ""arg1_dtype_size"": 2, ""arg1_dtype_cat"": 2}",0.012223999947309494
rms_norm,148ed315981a6aeb,964bbd2b95871270,"{""block_sizes"": [1], ""reduction_loops"": [null], ""range_unroll_factors"": [0], ""range_warp_specializes"": [null], ""range_num_stages"": [0], ""range_multi_buffers"": [null], ""range_flattens"": [null], ""load_eviction_policies"": ["""", """", """", ""first"", """"], ""num_warps"": 8, ""num_stages"": 6, ""indexing"": [""pointer"", ""tensor_descriptor"", ""tensor_descriptor"", ""tensor_descriptor"", ""pointer"", ""tensor_descriptor"", ""tensor_descriptor""], ""atomic_indexing"": [], ""pid_type"": ""flat""}","{""arg0_ndim"": 2, ""arg0_dim0"": 2048, ""arg0_dim1"": 1536, ""arg0_numel"": 3145728, ""arg0_dtype"": ""torch.bfloat16"", ""arg0_dtype_size"": 2, ""arg0_dtype_cat"": 2, ""arg1_ndim"": 1, ""arg1_dim0"": 1536, ""arg1_numel"": 1536, ""arg1_dtype"": ""torch.bfloat16"", ""arg1_dtype_size"": 2, ""arg1_dtype_cat"": 2}",0.010143999941647053
rms_norm,148ed315981a6aeb,a0bad60454a64a49,"{""block_sizes"": [1], ""reduction_loops"": [null], ""range_unroll_factors"": [0], ""range_warp_specializes"": [null], ""range_num_stages"": [0], ""range_multi_buffers"": [null], ""range_flattens"": [null], ""load_eviction_policies"": [""first"", ""last"", ""last"", """", ""last""], ""num_warps"": 16, ""num_stages"": 4, ""indexing"": [""pointer"", ""tensor_descriptor"", ""pointer"", ""pointer"", ""pointer"", ""pointer"", ""pointer""], ""atomic_indexing"": [], ""pid_type"": ""flat""}","{""arg0_ndim"": 2, ""arg0_dim0"": 2048, ""arg0_dim1"": 1536, ""arg0_numel"": 3145728, ""arg0_dtype"": ""torch.bfloat16"", ""arg0_dtype_size"": 2, ""arg0_dtype_cat"": 2, ""arg1_ndim"": 1, ""arg1_dim0"": 1536, ""arg1_numel"": 1536, ""arg1_dtype"": ""torch.bfloat16"", ""arg1_dtype_size"": 2, ""arg1_dtype_cat"": 2}",0.011231999844312668
rms_norm,148ed315981a6aeb,45b47d2b716e8754,"{""block_sizes"": [4], ""reduction_loops"": [null], ""range_unroll_factors"": [0], ""range_warp_specializes"": [null], ""range_num_stages"": [0], ""range_multi_buffers"": [null], ""range_flattens"": [null], ""load_eviction_policies"": [""first"", """", """", ""last"", ""last""], ""num_warps"": 2, ""num_stages"": 5, ""indexing"": [""pointer"", ""tensor_descriptor"", ""tensor_descriptor"", ""tensor_descriptor"", ""tensor_descriptor"", ""pointer"", ""pointer""], ""atomic_indexing"": [], ""pid_type"": ""flat""}","{""arg0_ndim"": 2, ""arg0_dim0"": 2048, ""arg0_dim1"": 1536, ""arg0_numel"": 3145728, ""arg0_dtype"": ""torch.bfloat16"", ""arg0_dtype_size"": 2, ""arg0_dtype_cat"": 2, ""arg1_ndim"": 1, ""arg1_dim0"": 1536, ""arg1_numel"": 1536, ""arg1_dtype"": ""torch.bfloat16"", ""arg1_dtype_size"": 2, ""arg1_dtype_cat"": 2}",0.01017600018531084
rms_norm,148ed315981a6aeb,0e08e3ec9a7b2c1e,"{""block_sizes"": [4], ""reduction_loops"": [null], ""range_unroll_factors"": [0], ""range_warp_specializes"": [null], ""range_num_stages"": [0], ""range_multi_buffers"": [null], ""range_flattens"": [null], ""load_eviction_policies"": [""first"", ""last"", """", ""first"", """"], ""num_warps"": 2, ""num_stages"": 3, ""indexing"": [""pointer"", ""tensor_descriptor"", ""pointer"", ""tensor_descriptor"", ""tensor_descriptor"", ""tensor_descriptor"", ""tensor_descriptor""], ""atomic_indexing"": [], ""pid_type"": ""flat""}","{""arg0_ndim"": 2, ""arg0_dim0"": 2048, ""arg0_dim1"": 1536, ""arg0_numel"": 3145728, ""arg0_dtype"": ""torch.bfloat16"", ""arg0_dtype_size"": 2, ""arg0_dtype_cat"": 2, ""arg1_ndim"": 1, ""arg1_dim0"": 1536, ""arg1_numel"": 1536, ""arg1_dtype"": ""torch.bfloat16"", ""arg1_dtype_size"": 2, ""arg1_dtype_cat"": 2}",0.010208000428974628
rms_norm,148ed315981a6aeb,a3c8f5854ffdaebc,"{""block_sizes"": [16], ""reduction_loops"": [null], ""range_unroll_factors"": [0], ""range_warp_specializes"": [null], ""range_num_stages"": [0], ""range_multi_buffers"": [null], ""range_flattens"": [null], ""load_eviction_policies"": ["""", """", ""first"", """", ""last""], ""num_warps"": 4, ""num_stages"": 5, ""indexing"": [""pointer"", ""pointer"", ""pointer"", ""pointer"", ""pointer"", ""pointer"", ""pointer""], ""atomic_indexing"": [], ""pid_type"": ""flat""}","{""arg0_ndim"": 2, ""arg0_dim0"": 2048, ""arg0_dim1"": 1536, ""arg0_numel"": 3145728, ""arg0_dtype"": ""torch.bfloat16"", ""arg0_dtype_size"": 2, ""arg0_dtype_cat"": 2, ""arg1_ndim"": 1, ""arg1_dim0"": 1536, ""arg1_numel"": 1536, ""arg1_dtype"": ""torch.bfloat16"", ""arg1_dtype_size"": 2, ""arg1_dtype_cat"": 2}",0.010304000228643417
rms_norm,148ed315981a6aeb,df5f9e1409cfd8bd,"{""block_sizes"": [16], ""reduction_loops"": [null], ""range_unroll_factors"": [0], ""range_warp_specializes"": [null], ""range_num_stages"": [0], ""range_multi_buffers"": [null], ""range_flattens"": [null], ""load_eviction_policies"": ["""", """", ""last"", """", ""first""], ""num_warps"": 4, ""num_stages"": 1, ""indexing"": [""pointer"", ""pointer"", ""pointer"", ""pointer"", ""pointer"", ""tensor_descriptor"", ""tensor_descriptor""], ""atomic_indexing"": [], ""pid_type"": ""flat""}","{""arg0_ndim"": 2, ""arg0_dim0"": 2048, ""arg0_dim1"": 1536, ""arg0_numel"": 3145728, ""arg0_dtype"": ""torch.bfloat16"", ""arg0_dtype_size"": 2, ""arg0_dtype_cat"": 2, ""arg1_ndim"": 1, ""arg1_dim0"": 1536, ""arg1_numel"": 1536, ""arg1_dtype"": ""torch.bfloat16"", ""arg1_dtype_size"": 2, ""arg1_dtype_cat"": 2}",0.010239999741315842
rms_norm,44ed817c639a4ed8,24745e38d713c198,"{""block_sizes"": [2], ""reduction_loops"": [null], ""range_unroll_factors"": [0], ""range_warp_specializes"": [null], ""range_num_stages"": [0], ""range_multi_buffers"": [null], ""range_flattens"": [null], ""load_eviction_policies"": [""last"", ""first"", ""first"", """", """"], ""num_warps"": 4, ""num_stages"": 6, ""indexing"": [""pointer"", ""pointer"", ""pointer"", ""tensor_descriptor"", ""tensor_descriptor"", ""pointer"", ""pointer""], ""atomic_indexing"": [], ""pid_type"": ""flat""}","{""arg0_ndim"": 2, ""arg0_dim0"": 2048, ""arg0_dim1"": 2047, ""arg0_numel"": 4192256, ""arg0_dtype"": ""torch.bfloat16"", ""arg0_dtype_size"": 2, ""arg0_dtype_cat"": 2, ""arg1_ndim"": 1, ""arg1_dim0"": 2047, ""arg1_numel"": 2047, ""arg1_dtype"": ""torch.bfloat16"", ""arg1_dtype_size"": 2, ""arg1_dtype_cat"": 2}",0.012319999746978283
rms_norm,44ed817c639a4ed8,180c35ef192d14f2,"{""block_sizes"": [2], ""reduction_loops"": [null], ""range_unroll_factors"": [0], ""range_warp_specializes"": [null], ""range_num_stages"": [0], ""range_multi_buffers"": [null], ""range_flattens"": [null], ""load_eviction_policies"": ["""", """", ""last"", """", """"], ""num_warps"": 1, ""num_stages"": 2, ""indexing"": [""pointer"", ""pointer"", ""pointer"", ""pointer"", ""pointer"", ""pointer"", ""pointer""], ""atomic_indexing"": [], ""pid_type"": ""flat""}","{""arg0_ndim"": 2, ""arg0_dim0"": 2048, ""arg0_dim1"": 2047, ""arg0_numel"": 4192256, ""arg0_dtype"": ""torch.bfloat16"", ""arg0_dtype_size"": 2, ""arg0_dtype_cat"": 2, ""arg1_ndim"": 1, ""arg1_dim0"": 2047, ""arg1_numel"": 2047, ""arg1_dtype"": ""torch.bfloat16"", ""arg1_dtype_size"": 2, ""arg1_dtype_cat"": 2}",0.014336000196635723
rms_norm,44ed817c639a4ed8,7bfccb3790afd320,"{""block_sizes"": [2], ""reduction_loops"": [2048], ""range_unroll_factors"": [0], ""range_warp_specializes"": [null], ""range_num_stages"": [0], ""range_multi_buffers"": [null], ""range_flattens"": [null], ""load_eviction_policies"": [""last"", """", ""last"", """", """"], ""num_warps"": 8, ""num_stages"": 1, ""indexing"": [""pointer"", ""pointer"", ""pointer"", ""tensor_descriptor"", ""pointer"", ""tensor_descriptor"", ""tensor_descriptor""], ""atomic_indexing"": [], ""pid_type"": ""flat""}","{""arg0_ndim"": 2, ""arg0_dim0"": 2048, ""arg0_dim1"": 2047, ""arg0_numel"": 4192256, ""arg0_dtype"": ""torch.bfloat16"", ""arg0_dtype_size"": 2, ""arg0_dtype_cat"": 2, ""arg1_ndim"": 1, ""arg1_dim0"": 2047, ""arg1_numel"": 2047, ""arg1_dtype"": ""torch.bfloat16"", ""arg1_dtype_size"": 2, ""arg1_dtype_cat"": 2}",0.01228800043463707
rms_norm,44ed817c639a4ed8,b700865abbecc460,"{""block_sizes"": [1], ""reduction_loops"": [null], ""range_unroll_factors"": [0], ""range_warp_specializes"": [null], ""range_num_stages"": [0], ""range_multi_buffers"": [null], ""range_flattens"": [null], ""load_eviction_policies"": [""first"", """", ""last"", ""last"", """"], ""num_warps"": 16, ""num_stages"": 1, ""indexing"": [""tensor_descriptor"", ""tensor_descriptor"", ""pointer"", ""tensor_descriptor"", ""tensor_descriptor"", ""pointer"", ""tensor_descriptor""], ""atomic_indexing"": [], ""pid_type"": ""flat""}","{""arg0_ndim"": 2, ""arg0_dim0"": 2048, ""arg0_dim1"": 2047, ""arg0_numel"": 4192256, ""arg0_dtype"": ""torch.bfloat16"", ""arg0_dtype_size"": 2, ""arg0_dtype_cat"": 2, ""arg1_ndim"": 1, ""arg1_dim0"": 2047, ""arg1_numel"": 2047, ""arg1_dtype"": ""torch.bfloat16"", ""arg1_dtype_size"": 2, ""arg1_dtype_cat"": 2}",0.014336000196635723
rms_norm,44ed817c639a4ed8,73a4bcfe84591dcd,"{""block_sizes"": [1], ""reduction_loops"": [8192], ""range_unroll_factors"": [0], ""range_warp_specializes"": [null], ""range_num_stages"": [0], ""range_multi_buffers"": [null], ""range_flattens"": [null], ""load_eviction_policies"": ["""", """", """", """", """"], ""num_warps"": 8, ""num_stages"": 4, ""indexing"": [""pointer"", ""pointer"", ""tensor_descriptor"", ""pointer"", ""pointer"", ""tensor_descriptor"", ""tensor_descriptor""], ""atomic_indexing"": [], ""pid_type"": ""flat""}","{""arg0_ndim"": 2, ""arg0_dim0"": 2048, ""arg0_dim1"": 2047, ""arg0_numel"": 4192256, ""arg0_dtype"": ""torch.bfloat16"", ""arg0_dtype_size"": 2, ""arg0_dtype_cat"": 2, ""arg1_ndim"": 1, ""arg1_dim0"": 2047, ""arg1_numel"": 2047, ""arg1_dtype"": ""torch.bfloat16"", ""arg1_dtype_size"": 2, ""arg1_dtype_cat"": 2}",0.040991999208927155
rms_norm,44ed817c639a4ed8,6d53c3602b79725b,"{""block_sizes"": [1], ""reduction_loops"": [8192], ""range_unroll_factors"": [0], ""range_warp_specializes"": [null], ""range_num_stages"": [0], ""range_multi_buffers"": [null], ""range_flattens"": [null], ""load_eviction_policies"": ["""", ""first"", ""last"", """", """"], ""num_warps"": 8, ""num_stages"": 3, ""indexing"": [""pointer"", ""tensor_descriptor"", ""pointer"", ""pointer"", ""pointer"", ""tensor_descriptor"", ""pointer""], ""atomic_indexing"": [], ""pid_type"": ""flat""}","{""arg0_ndim"": 2, ""arg0_dim0"": 2048, ""arg0_dim1"": 2047, ""arg0_numel"": 4192256, ""arg0_dtype"": ""torch.bfloat16"", ""arg0_dtype_size"": 2, ""arg0_dtype_cat"": 2, ""arg1_ndim"": 1, ""arg1_dim0"": 2047, ""arg1_numel"": 2047, ""arg1_dtype"": ""torch.bfloat16"", ""arg1_dtype_size"": 2, ""arg1_dtype_cat"": 2}",0.04303999990224838
rms_norm,44ed817c639a4ed8,ce65586612391f94,"{""block_sizes"": [32], ""reduction_loops"": [null], ""range_unroll_factors"": [0], ""range_warp_specializes"": [null], ""range_num_stages"": [0], ""range_multi_buffers"": [null], ""range_flattens"": [null], ""load_eviction_policies"": ["""", """", """", """", """"], ""num_warps"": 4, ""num_stages"": 1, ""indexing"": [""pointer"", ""pointer"", ""pointer"", ""pointer"", ""pointer"", ""pointer"", ""pointer""], ""atomic_indexing"": [], ""pid_type"": ""flat""}","{""arg0_ndim"": 2, ""arg0_dim0"": 2048, ""arg0_dim1"": 2047, ""arg0_numel"": 4192256, ""arg0_dtype"": ""torch.bfloat16"", ""arg0_dtype_size"": 2, ""arg0_dtype_cat"": 2, ""arg1_ndim"": 1, ""arg1_dim0"": 2047, ""arg1_numel"": 2047, ""arg1_dtype"": ""torch.bfloat16"", ""arg1_dtype_size"": 2, ""arg1_dtype_cat"": 2}",0.22137600183486938
rms_norm,44ed817c639a4ed8,fa68d1735ed55be8,"{""block_sizes"": [16], ""reduction_loops"": [null], ""range_unroll_factors"": [1], ""range_warp_specializes"": [null], ""range_num_stages"": [2], ""range_multi_buffers"": [null], ""range_flattens"": [null], ""load_eviction_policies"": [""first"", ""last"", ""last"", """", ""last""], ""num_warps"": 16, ""num_stages"": 8, ""indexing"": [""tensor_descriptor"", ""pointer"", ""tensor_descriptor"", ""pointer"", ""pointer"", ""pointer"", ""pointer""], ""atomic_indexing"": [], ""pid_type"": ""persistent_interleaved"", ""num_sm_multiplier"": 1}","{""arg0_ndim"": 2, ""arg0_dim0"": 2048, ""arg0_dim1"": 2047, ""arg0_numel"": 4192256, ""arg0_dtype"": ""torch.bfloat16"", ""arg0_dtype_size"": 2, ""arg0_dtype_cat"": 2, ""arg1_ndim"": 1, ""arg1_dim0"": 2047, ""arg1_numel"": 2047, ""arg1_dtype"": ""torch.bfloat16"", ""arg1_dtype_size"": 2, ""arg1_dtype_cat"": 2}",0.014336000196635723
rms_norm,44ed817c639a4ed8,1979210a312b6290,"{""block_sizes"": [16], ""reduction_loops"": [256], ""range_unroll_factors"": [0], ""range_warp_specializes"": [null], ""range_num_stages"": [0], ""range_multi_buffers"": [null], ""range_flattens"": [null], ""load_eviction_policies"": [""first"", """", ""last"", ""last"", """"], ""num_warps"": 16, ""num_stages"": 4, ""indexing"": [""tensor_descriptor"", ""tensor_descriptor"", ""tensor_descriptor"", ""tensor_descriptor"", ""tensor_descriptor"", ""tensor_descriptor"", ""tensor_descriptor""], ""atomic_indexing"": [], ""pid_type"": ""flat""}","{""arg0_ndim"": 2, ""arg0_dim0"": 2048, ""arg0_dim1"": 2047, ""arg0_numel"": 4192256, ""arg0_dtype"": ""torch.bfloat16"", ""arg0_dtype_size"": 2, ""arg0_dtype_cat"": 2, ""arg1_ndim"": 1, ""arg1_dim0"": 2047, ""arg1_numel"": 2047, ""arg1_dtype"": ""torch.bfloat16"", ""arg1_dtype_size"": 2, ""arg1_dtype_cat"": 2}",0.016383999958634377
rms_norm,44ed817c639a4ed8,832d9cc41c9b5249,"{""block_sizes"": [2], ""reduction_loops"": [null], ""range_unroll_factors"": [0], ""range_warp_specializes"": [null], ""range_num_stages"": [0], ""range_multi_buffers"": [null], ""range_flattens"": [null], ""load_eviction_policies"": [""first"", ""last"", ""first"", ""first"", ""last""], ""num_warps"": 1, ""num_stages"": 8, ""indexing"": [""pointer"", ""pointer"", ""tensor_descriptor"", ""pointer"", ""pointer"", ""tensor_descriptor"", ""pointer""], ""atomic_indexing"": [], ""pid_type"": ""flat""}","{""arg0_ndim"": 2, ""arg0_dim0"": 2048, ""arg0_dim1"": 2047, ""arg0_numel"": 4192256, ""arg0_dtype"": ""torch.bfloat16"", ""arg0_dtype_size"": 2, ""arg0_dtype_cat"": 2, ""arg1_ndim"": 1, ""arg1_dim0"": 2047, ""arg1_numel"": 2047, ""arg1_dtype"": ""torch.bfloat16"", ""arg1_dtype_size"": 2, ""arg1_dtype_cat"": 2}",0.014368000440299511
rms_norm,44ed817c639a4ed8,5f3510d018a1da2c,"{""block_sizes"": [2], ""reduction_loops"": [null], ""range_unroll_factors"": [0], ""range_warp_specializes"": [null], ""range_num_stages"": [0], ""range_multi_buffers"": [null], ""range_flattens"": [null], ""load_eviction_policies"": ["""", """", ""first"", """", """"], ""num_warps"": 1, ""num_stages"": 1, ""indexing"": [""pointer"", ""pointer"", ""tensor_descriptor"", ""tensor_descriptor"", ""pointer"", ""pointer"", ""pointer""], ""atomic_indexing"": [], ""pid_type"": ""flat""}","{""arg0_ndim"": 2, ""arg0_dim0"": 2048, ""arg0_dim1"": 2047, ""arg0_numel"": 4192256, ""arg0_dtype"": ""torch.bfloat16"", ""arg0_dtype_size"": 2, ""arg0_dtype_cat"": 2, ""arg1_ndim"": 1, ""arg1_dim0"": 2047, ""arg1_numel"": 2047, ""arg1_dtype"": ""torch.bfloat16"", ""arg1_dtype_size"": 2, ""arg1_dtype_cat"": 2}",0.014336000196635723
rms_norm,44ed817c639a4ed8,c6373fe598a919dd,"{""block_sizes"": [8], ""reduction_loops"": [null], ""range_unroll_factors"": [0], ""range_warp_specializes"": [null], ""range_num_stages"": [0], ""range_multi_buffers"": [null], ""range_flattens"": [null], ""load_eviction_policies"": ["""", """", ""first"", """", """"], ""num_warps"": 16, ""num_stages"": 6, ""indexing"": [""pointer"", ""pointer"", ""pointer"", ""tensor_descriptor"", ""pointer"", ""pointer"", ""pointer""], ""atomic_indexing"": [], ""pid_type"": ""flat""}","{""arg0_ndim"": 2, ""arg0_dim0"": 2048, ""arg0_dim1"": 2047, ""arg0_numel"": 4192256, ""arg0_dtype"": ""torch.bfloat16"", ""arg0_dtype_size"": 2, ""arg0_dtype_cat"": 2, ""arg1_ndim"": 1, ""arg1_dim0"": 2047, ""arg1_numel"": 2047, ""arg1_dtype"": ""torch.bfloat16"", ""arg1_dtype_size"": 2, ""arg1_dtype_cat"": 2}",0.01228800043463707
rms_norm,44ed817c639a4ed8,482f430b8c9d8e8e,"{""block_sizes"": [2], ""reduction_loops"": [2048], ""range_unroll_factors"": [0], ""range_warp_specializes"": [null], ""range_num_stages"": [0], ""range_multi_buffers"": [null], ""range_flattens"": [null], ""load_eviction_policies"": [""last"", ""first"", ""last"", ""first"", ""first""], ""num_warps"": 2, ""num_stages"": 1, ""indexing"": [""tensor_descriptor"", ""pointer"", ""tensor_descriptor"", ""tensor_descriptor"", ""pointer"", ""tensor_descriptor"", ""tensor_descriptor""], ""atomic_indexing"": [], ""pid_type"": ""flat""}","{""arg0_ndim"": 2, ""arg0_dim0"": 2048, ""arg0_dim1"": 2047, ""arg0_numel"": 4192256, ""arg0_dtype"": ""torch.bfloat16"", ""arg0_dtype_size"": 2, ""arg0_dtype_cat"": 2, ""arg1_ndim"": 1, ""arg1_dim0"": 2047, ""arg1_numel"": 2047, ""arg1_dtype"": ""torch.bfloat16"", ""arg1_dtype_size"": 2, ""arg1_dtype_cat"": 2}",0.014336000196635723
rms_norm,44ed817c639a4ed8,816644cab655d611,"{""block_sizes"": [2], ""reduction_loops"": [2048], ""range_unroll_factors"": [0], ""range_warp_specializes"": [null], ""range_num_stages"": [0], ""range_multi_buffers"": [null], ""range_flattens"": [null], ""load_eviction_policies"": ["""", ""first"", ""last"", ""last"", """"], ""num_warps"": 8, ""num_stages"": 3, ""indexing"": [""pointer"", ""tensor_descriptor"", ""tensor_descriptor"", ""pointer"", ""tensor_descriptor"", ""pointer"", ""tensor_descriptor""], ""atomic_indexing"": [], ""pid_type"": ""flat""}","{""arg0_ndim"": 2, ""arg0_dim0"": 2048, ""arg0_dim1"": 2047, ""arg0_numel"": 4192256, ""arg0_dtype"": ""torch.bfloat16"", ""arg0_dtype_size"": 2, ""arg0_dtype_cat"": 2, ""arg1_ndim"": 1, ""arg1_dim0"": 2047, ""arg1_numel"": 2047, ""arg1_dtype"": ""torch.bfloat16"", ""arg1_dtype_size"": 2, ""arg1_dtype_cat"": 2}",0.01244799979031086
rms_norm,44ed817c639a4ed8,3abfa9907ca4fa3a,"{""block_sizes"": [1], ""reduction_loops"": [null], ""range_unroll_factors"": [0], ""range_warp_specializes"": [null], ""range_num_stages"": [0], ""range_multi_buffers"": [null], ""range_flattens"": [null], ""load_eviction_policies"": ["""", ""last"", ""last"", """", """"], ""num_warps"": 4, ""num_stages"": 2, ""indexing"": [""pointer"", ""pointer"", ""pointer"", ""tensor_descriptor"", ""pointer"", ""tensor_descriptor"", ""pointer""], ""atomic_indexing"": [], ""pid_type"": ""flat""}","{""arg0_ndim"": 2, ""arg0_dim0"": 2048, ""arg0_dim1"": 2047, ""arg0_numel"": 4192256, ""arg0_dtype"": ""torch.bfloat16"", ""arg0_dtype_size"": 2, ""arg0_dtype_cat"": 2, ""arg1_ndim"": 1, ""arg1_dim0"": 2047, ""arg1_numel"": 2047, ""arg1_dtype"": ""torch.bfloat16"", ""arg1_dtype_size"": 2, ""arg1_dtype_cat"": 2}",0.012319999746978283
rms_norm,44ed817c639a4ed8,87b2f26661fd2925,"{""block_sizes"": [1], ""reduction_loops"": [null], ""range_unroll_factors"": [0], ""range_warp_specializes"": [null], ""range_num_stages"": [0], ""range_multi_buffers"": [null], ""range_flattens"": [null], ""load_eviction_policies"": ["""", ""last"", ""last"", ""first"", """"], ""num_warps"": 8, ""num_stages"": 2, ""indexing"": [""tensor_descriptor"", ""tensor_descriptor"", ""tensor_descriptor"", ""tensor_descriptor"", ""pointer"", ""pointer"", ""tensor_descriptor""], ""atomic_indexing"": [], ""pid_type"": ""flat""}","{""arg0_ndim"": 2, ""arg0_dim0"": 2048, ""arg0_dim1"": 2047, ""arg0_numel"": 4192256, ""arg0_dtype"": ""torch.bfloat16"", ""arg0_dtype_size"": 2, ""arg0_dtype_cat"": 2, ""arg1_ndim"": 1, ""arg1_dim0"": 2047, ""arg1_numel"": 2047, ""arg1_dtype"": ""torch.bfloat16"", ""arg1_dtype_size"": 2, ""arg1_dtype_cat"": 2}",0.012319999746978283
rms_norm,44ed817c639a4ed8,7c1f654402c9dd7f,"{""block_sizes"": [1], ""reduction_loops"": [1024], ""range_unroll_factors"": [0], ""range_warp_specializes"": [null], ""range_num_stages"": [0], ""range_multi_buffers"": [null], ""range_flattens"": [null], ""load_eviction_policies"": ["""", ""first"", """", ""last"", ""first""], ""num_warps"": 4, ""num_stages"": 3, ""indexing"": [""pointer"", ""tensor_descriptor"", ""tensor_descriptor"", ""tensor_descriptor"", ""tensor_descriptor"", ""pointer"", ""pointer""], ""atomic_indexing"": [], ""pid_type"": ""flat""}","{""arg0_ndim"": 2, ""arg0_dim0"": 2048, ""arg0_dim1"": 2047, ""arg0_numel"": 4192256, ""arg0_dtype"": ""torch.bfloat16"", ""arg0_dtype_size"": 2, ""arg0_dtype_cat"": 2, ""arg1_ndim"": 1, ""arg1_dim0"": 2047, ""arg1_numel"": 2047, ""arg1_dtype"": ""torch.bfloat16"", ""arg1_dtype_size"": 2, ""arg1_dtype_cat"": 2}",0.014368000440299511
rms_norm,44ed817c639a4ed8,306f51b1d2d06f98,"{""block_sizes"": [1], ""reduction_loops"": [1024], ""range_unroll_factors"": [0], ""range_warp_specializes"": [null], ""range_num_stages"": [0], ""range_multi_buffers"": [null], ""range_flattens"": [null], ""load_eviction_policies"": ["""", ""first"", """", """", ""last""], ""num_warps"": 4, ""num_stages"": 5, ""indexing"": [""pointer"", ""tensor_descriptor"", ""tensor_descriptor"", ""pointer"", ""pointer"", ""tensor_descriptor"", ""tensor_descriptor""], ""atomic_indexing"": [], ""pid_type"": ""flat""}","{""arg0_ndim"": 2, ""arg0_dim0"": 2048, ""arg0_dim1"": 2047, ""arg0_numel"": 4192256, ""arg0_dtype"": ""torch.bfloat16"", ""arg0_dtype_size"": 2, ""arg0_dtype_cat"": 2, ""arg1_ndim"": 1, ""arg1_dim0"": 2047, ""arg1_numel"": 2047, ""arg1_dtype"": ""torch.bfloat16"", ""arg1_dtype_size"": 2, ""arg1_dtype_cat"": 2}",0.014368000440299511
rms_norm,44ed817c639a4ed8,5c295017bd009288,"{""block_sizes"": [1], ""reduction_loops"": [null], ""range_unroll_factors"": [0], ""range_warp_specializes"": [null], ""range_num_stages"": [0], ""range_multi_buffers"": [null], ""range_flattens"": [null], ""load_eviction_policies"": [""first"", """", ""last"", """", ""last""], ""num_warps"": 16, ""num_stages"": 4, ""indexing"": [""tensor_descriptor"", ""pointer"", ""tensor_descriptor"", ""pointer"", ""pointer"", ""pointer"", ""pointer""], ""atomic_indexing"": [], ""pid_type"": ""flat""}","{""arg0_ndim"": 2, ""arg0_dim0"": 2048, ""arg0_dim1"": 2047, ""arg0_numel"": 4192256, ""arg0_dtype"": ""torch.bfloat16"", ""arg0_dtype_size"": 2, ""arg0_dtype_cat"": 2, ""arg1_ndim"": 1, ""arg1_dim0"": 2047, ""arg1_numel"": 2047, ""arg1_dtype"": ""torch.bfloat16"", ""arg1_dtype_size"": 2, ""arg1_dtype_cat"": 2}",0.014336000196635723
rms_norm,44ed817c639a4ed8,9615e7b2fea5ec90,"{""block_sizes"": [1], ""reduction_loops"": [2048], ""range_unroll_factors"": [0], ""range_warp_specializes"": [null], ""range_num_stages"": [0], ""range_multi_buffers"": [null], ""range_flattens"": [null], ""load_eviction_policies"": ["""", ""first"", ""last"", ""first"", ""last""], ""num_warps"": 8, ""num_stages"": 8, ""indexing"": [""pointer"", ""pointer"", ""pointer"", ""tensor_descriptor"", ""pointer"", ""tensor_descriptor"", ""pointer""], ""atomic_indexing"": [], ""pid_type"": ""flat""}","{""arg0_ndim"": 2, ""arg0_dim0"": 2048, ""arg0_dim1"": 2047, ""arg0_numel"": 4192256, ""arg0_dtype"": ""torch.bfloat16"", ""arg0_dtype_size"": 2, ""arg0_dtype_cat"": 2, ""arg1_ndim"": 1, ""arg1_dim0"": 2047, ""arg1_numel"": 2047, ""arg1_dtype"": ""torch.bfloat16"", ""arg1_dtype_size"": 2, ""arg1_dtype_cat"": 2}",0.014368000440299511
rms_norm,44ed817c639a4ed8,ef0576b1337868e5,"{""block_sizes"": [1], ""reduction_loops"": [null], ""range_unroll_factors"": [0], ""range_warp_specializes"": [null], ""range_num_stages"": [0], ""range_multi_buffers"": [null], ""range_flattens"": [null], ""load_eviction_policies"": ["""", """", ""last"", """", ""last""], ""num_warps"": 8, ""num_stages"": 6, ""indexing"": [""tensor_descriptor"", ""pointer"", ""pointer"", ""pointer"", ""pointer"", ""tensor_descriptor"", ""tensor_descriptor""], ""atomic_indexing"": [], ""pid_type"": ""flat""}","{""arg0_ndim"": 2, ""arg0_dim0"": 2048, ""arg0_dim1"": 2047, ""arg0_numel"": 4192256, ""arg0_dtype"": ""torch.bfloat16"", ""arg0_dtype_size"": 2, ""arg0_dtype_cat"": 2, ""arg1_ndim"": 1, ""arg1_dim0"": 2047, ""arg1_numel"": 2047, ""arg1_dtype"": ""torch.bfloat16"", ""arg1_dtype_size"": 2, ""arg1_dtype_cat"": 2}",0.013183999806642532
rms_norm,44ed817c639a4ed8,11bb6dfa80985863,"{""block_sizes"": [1], ""reduction_loops"": [null], ""range_unroll_factors"": [0], ""range_warp_specializes"": [null], ""range_num_stages"": [0], ""range_multi_buffers"": [null], ""range_flattens"": [null], ""load_eviction_policies"": [""first"", """", ""last"", """", """"], ""num_warps"": 16, ""num_stages"": 2, ""indexing"": [""tensor_descriptor"", ""pointer"", ""pointer"", ""pointer"", ""tensor_descriptor"", ""tensor_descriptor"", ""pointer""], ""atomic_indexing"": [], ""pid_type"": ""flat""}","{""arg0_ndim"": 2, ""arg0_dim0"": 2048, ""arg0_dim1"": 2047, ""arg0_numel"": 4192256, ""arg0_dtype"": ""torch.bfloat16"", ""arg0_dtype_size"": 2, ""arg0_dtype_cat"": 2, ""arg1_ndim"": 1, ""arg1_dim0"": 2047, ""arg1_numel"": 2047, ""arg1_dtype"": ""torch.bfloat16"", ""arg1_dtype_size"": 2, ""arg1_dtype_cat"": 2}",0.014336000196635723
rms_norm,44ed817c639a4ed8,964bbd2b95871270,"{""block_sizes"": [1], ""reduction_loops"": [null], ""range_unroll_factors"": [0], ""range_warp_specializes"": [null], ""range_num_stages"": [0], ""range_multi_buffers"": [null], ""range_flattens"": [null], ""load_eviction_policies"": ["""", """", """", ""first"", """"], ""num_warps"": 8, ""num_stages"": 6, ""indexing"": [""pointer"", ""tensor_descriptor"", ""tensor_descriptor"", ""tensor_descriptor"", ""pointer"", ""tensor_descriptor"", ""tensor_descriptor""], ""atomic_indexing"": [], ""pid_type"": ""flat""}","{""arg0_ndim"": 2, ""arg0_dim0"": 2048, ""arg0_dim1"": 2047, ""arg0_numel"": 4192256, ""arg0_dtype"": ""torch.bfloat16"", ""arg0_dtype_size"": 2, ""arg0_dtype_cat"": 2, ""arg1_ndim"": 1, ""arg1_dim0"": 2047, ""arg1_numel"": 2047, ""arg1_dtype"": ""torch.bfloat16"", ""arg1_dtype_size"": 2, ""arg1_dtype_cat"": 2}",0.013120000250637531
rms_norm,44ed817c639a4ed8,a0bad60454a64a49,"{""block_sizes"": [1], ""reduction_loops"": [null], ""range_unroll_factors"": [0], ""range_warp_specializes"": [null], ""range_num_stages"": [0], ""range_multi_buffers"": [null], ""range_flattens"": [null], ""load_eviction_policies"": [""first"", ""last"", ""last"", """", ""last""], ""num_warps"": 16, ""num_stages"": 4, ""indexing"": [""pointer"", ""tensor_descriptor"", ""pointer"", ""pointer"", ""pointer"", ""pointer"", ""pointer""], ""atomic_indexing"": [], ""pid_type"": ""flat""}","{""arg0_ndim"": 2, ""arg0_dim0"": 2048, ""arg0_dim1"": 2047, ""arg0_numel"": 4192256, ""arg0_dtype"": ""torch.bfloat16"", ""arg0_dtype_size"": 2, ""arg0_dtype_cat"": 2, ""arg1_ndim"": 1, ""arg1_dim0"": 2047, ""arg1_numel"": 2047, ""arg1_dtype"": ""torch.bfloat16"", ""arg1_dtype_size"": 2, ""arg1_dtype_cat"": 2}",0.014336000196635723
rms_norm,44ed817c639a4ed8,45b47d2b716e8754,"{""block_sizes"": [4], ""reduction_loops"": [null], ""range_unroll_factors"": [0], ""range_warp_specializes"": [null], ""range_num_stages"": [0], ""range_multi_buffers"": [null], ""range_flattens"": [null], ""load_eviction_policies"": [""first"", """", """", ""last"", ""last""], ""num_warps"": 2, ""num_stages"": 5, ""indexing"": [""pointer"", ""tensor_descriptor"", ""tensor_descriptor"", ""tensor_descriptor"", ""tensor_descriptor"", ""pointer"", ""pointer""], ""atomic_indexing"": [], ""pid_type"": ""flat""}","{""arg0_ndim"": 2, ""arg0_dim0"": 2048, ""arg0_dim1"": 2047, ""arg0_numel"": 4192256, ""arg0_dtype"": ""torch.bfloat16"", ""arg0_dtype_size"": 2, ""arg0_dtype_cat"": 2, ""arg1_ndim"": 1, ""arg1_dim0"": 2047, ""arg1_numel"": 2047, ""arg1_dtype"": ""torch.bfloat16"", ""arg1_dtype_size"": 2, ""arg1_dtype_cat"": 2}",0.014303999952971935
rms_norm,44ed817c639a4ed8,0e08e3ec9a7b2c1e,"{""block_sizes"": [4], ""reduction_loops"": [null], ""range_unroll_factors"": [0], ""range_warp_specializes"": [null], ""range_num_stages"": [0], ""range_multi_buffers"": [null], ""range_flattens"": [null], ""load_eviction_policies"": [""first"", ""last"", """", ""first"", """"], ""num_warps"": 2, ""num_stages"": 3, ""indexing"": [""pointer"", ""tensor_descriptor"", ""pointer"", ""tensor_descriptor"", ""tensor_descriptor"", ""tensor_descriptor"", ""tensor_descriptor""], ""atomic_indexing"": [], ""pid_type"": ""flat""}","{""arg0_ndim"": 2, ""arg0_dim0"": 2048, ""arg0_dim1"": 2047, ""arg0_numel"": 4192256, ""arg0_dtype"": ""torch.bfloat16"", ""arg0_dtype_size"": 2, ""arg0_dtype_cat"": 2, ""arg1_ndim"": 1, ""arg1_dim0"": 2047, ""arg1_numel"": 2047, ""arg1_dtype"": ""torch.bfloat16"", ""arg1_dtype_size"": 2, ""arg1_dtype_cat"": 2}",0.013344000093638897
rms_norm,44ed817c639a4ed8,a3c8f5854ffdaebc,"{""block_sizes"": [16], ""reduction_loops"": [null], ""range_unroll_factors"": [0], ""range_warp_specializes"": [null], ""range_num_stages"": [0], ""range_multi_buffers"": [null], ""range_flattens"": [null], ""load_eviction_policies"": ["""", """", ""first"", """", ""last""], ""num_warps"": 4, ""num_stages"": 5, ""indexing"": [""pointer"", ""pointer"", ""pointer"", ""pointer"", ""pointer"", ""pointer"", ""pointer""], ""atomic_indexing"": [], ""pid_type"": ""flat""}","{""arg0_ndim"": 2, ""arg0_dim0"": 2048, ""arg0_dim1"": 2047, ""arg0_numel"": 4192256, ""arg0_dtype"": ""torch.bfloat16"", ""arg0_dtype_size"": 2, ""arg0_dtype_cat"": 2, ""arg1_ndim"": 1, ""arg1_dim0"": 2047, ""arg1_numel"": 2047, ""arg1_dtype"": ""torch.bfloat16"", ""arg1_dtype_size"": 2, ""arg1_dtype_cat"": 2}",0.11478400230407715
rms_norm,44ed817c639a4ed8,df5f9e1409cfd8bd,"{""block_sizes"": [16], ""reduction_loops"": [null], ""range_unroll_factors"": [0], ""range_warp_specializes"": [null], ""range_num_stages"": [0], ""range_multi_buffers"": [null], ""range_flattens"": [null], ""load_eviction_policies"": ["""", """", ""last"", """", ""first""], ""num_warps"": 4, ""num_stages"": 1, ""indexing"": [""pointer"", ""pointer"", ""pointer"", ""pointer"", ""pointer"", ""tensor_descriptor"", ""tensor_descriptor""], ""atomic_indexing"": [], ""pid_type"": ""flat""}","{""arg0_ndim"": 2, ""arg0_dim0"": 2048, ""arg0_dim1"": 2047, ""arg0_numel"": 4192256, ""arg0_dtype"": ""torch.bfloat16"", ""arg0_dtype_size"": 2, ""arg0_dtype_cat"": 2, ""arg1_ndim"": 1, ""arg1_dim0"": 2047, ""arg1_numel"": 2047, ""arg1_dtype"": ""torch.bfloat16"", ""arg1_dtype_size"": 2, ""arg1_dtype_cat"": 2}",0.11472000181674957
rms_norm,7e4ce00540d390f0,24745e38d713c198,"{""block_sizes"": [2], ""reduction_loops"": [null], ""range_unroll_factors"": [0], ""range_warp_specializes"": [null], ""range_num_stages"": [0], ""range_multi_buffers"": [null], ""range_flattens"": [null], ""load_eviction_policies"": [""last"", ""first"", ""first"", """", """"], ""num_warps"": 4, ""num_stages"": 6, ""indexing"": [""pointer"", ""pointer"", ""pointer"", ""tensor_descriptor"", ""tensor_descriptor"", ""pointer"", ""pointer""], ""atomic_indexing"": [], ""pid_type"": ""flat""}","{""arg0_ndim"": 2, ""arg0_dim0"": 2048, ""arg0_dim1"": 3072, ""arg0_numel"": 6291456, ""arg0_dtype"": ""torch.bfloat16"", ""arg0_dtype_size"": 2, ""arg0_dtype_cat"": 2, ""arg1_ndim"": 1, ""arg1_dim0"": 3072, ""arg1_numel"": 3072, ""arg1_dtype"": ""torch.bfloat16"", ""arg1_dtype_size"": 2, ""arg1_dtype_cat"": 2}",0.010239999741315842
rms_norm,7e4ce00540d390f0,180c35ef192d14f2,"{""block_sizes"": [2], ""reduction_loops"": [null], ""range_unroll_factors"": [0], ""range_warp_specializes"": [null], ""range_num_stages"": [0], ""range_multi_buffers"": [null], ""range_flattens"": [null], ""load_eviction_policies"": ["""", """", ""last"", """", """"], ""num_warps"": 1, ""num_stages"": 2, ""indexing"": [""pointer"", ""pointer"", ""pointer"", ""pointer"", ""pointer"", ""pointer"", ""pointer""], ""atomic_indexing"": [], ""pid_type"": ""flat""}","{""arg0_ndim"": 2, ""arg0_dim0"": 2048, ""arg0_dim1"": 3072, ""arg0_numel"": 6291456, ""arg0_dtype"": ""torch.bfloat16"", ""arg0_dtype_size"": 2, ""arg0_dtype_cat"": 2, ""arg1_ndim"": 1, ""arg1_dim0"": 3072, ""arg1_numel"": 3072, ""arg1_dtype"": ""torch.bfloat16"", ""arg1_dtype_size"": 2, ""arg1_dtype_cat"": 2}",0.016416000202298164
rms_norm,7e4ce00540d390f0,7bfccb3790afd320,"{""block_sizes"": [2], ""reduction_loops"": [2048], ""range_unroll_factors"": [0], ""range_warp_specializes"": [null], ""range_num_stages"": [0], ""range_multi_buffers"": [null], ""range_flattens"": [null], ""load_eviction_policies"": [""last"", """", ""last"", """", """"], ""num_warps"": 8, ""num_stages"": 1, ""indexing"": [""pointer"", ""pointer"", ""pointer"", ""tensor_descriptor"", ""pointer"", ""tensor_descriptor"", ""tensor_descriptor""], ""atomic_indexing"": [], ""pid_type"": ""flat""}","{""arg0_ndim"": 2, ""arg0_dim0"": 2048, ""arg0_dim1"": 3072, ""arg0_numel"": 6291456, ""arg0_dtype"": ""torch.bfloat16"", ""arg0_dtype_size"": 2, ""arg0_dtype_cat"": 2, ""arg1_ndim"": 1, ""arg1_dim0"": 3072, ""arg1_numel"": 3072, ""arg1_dtype"": ""torch.bfloat16"", ""arg1_dtype_size"": 2, ""arg1_dtype_cat"": 2}",0.010239999741315842
rms_norm,7e4ce00540d390f0,b700865abbecc460,"{""block_sizes"": [1], ""reduction_loops"": [null], ""range_unroll_factors"": [0], ""range_warp_specializes"": [null], ""range_num_stages"": [0], ""range_multi_buffers"": [null], ""range_flattens"": [null], ""load_eviction_policies"": [""first"", """", ""last"", ""last"", """"], ""num_warps"": 16, ""num_stages"": 1, ""indexing"": [""tensor_descriptor"", ""tensor_descriptor"", ""pointer"", ""tensor_descriptor"", ""tensor_descriptor"", ""pointer"", ""tensor_descriptor""], ""atomic_indexing"": [], ""pid_type"": ""flat""}","{""arg0_ndim"": 2, ""arg0_dim0"": 2048, ""arg0_dim1"": 3072, ""arg0_numel"": 6291456, ""arg0_dtype"": ""torch.bfloat16"", ""arg0_dtype_size"": 2, ""arg0_dtype_cat"": 2, ""arg1_ndim"": 1, ""arg1_dim0"": 3072, ""arg1_numel"": 3072, ""arg1_dtype"": ""torch.bfloat16"", ""arg1_dtype_size"": 2, ""arg1_dtype_cat"": 2}",0.012512000277638435
rms_norm,7e4ce00540d390f0,73a4bcfe84591dcd,"{""block_sizes"": [1], ""reduction_loops"": [8192], ""range_unroll_factors"": [0], ""range_warp_specializes"": [null], ""range_num_stages"": [0], ""range_multi_buffers"": [null], ""range_flattens"": [null], ""load_eviction_policies"": ["""", """", """", """", """"], ""num_warps"": 8, ""num_stages"": 4, ""indexing"": [""pointer"", ""pointer"", ""tensor_descriptor"", ""pointer"", ""pointer"", ""tensor_descriptor"", ""tensor_descriptor""], ""atomic_indexing"": [], ""pid_type"": ""flat""}","{""arg0_ndim"": 2, ""arg0_dim0"": 2048, ""arg0_dim1"": 3072, ""arg0_numel"": 6291456, ""arg0_dtype"": ""torch.bfloat16"", ""arg0_dtype_size"": 2, ""arg0_dtype_cat"": 2, ""arg1_ndim"": 1, ""arg1_dim0"": 3072, ""arg1_numel"": 3072, ""arg1_dtype"": ""torch.bfloat16"", ""arg1_dtype_size"": 2, ""arg1_dtype_cat"": 2}",0.016383999958634377
rms_norm,7e4ce00540d390f0,6d53c3602b79725b,"{""block_sizes"": [1], ""reduction_loops"": [8192], ""range_unroll_factors"": [0], ""range_warp_specializes"": [null], ""range_num_stages"": [0], ""range_multi_buffers"": [null], ""range_flattens"": [null], ""load_eviction_policies"": ["""", ""first"", ""last"", """", """"], ""num_warps"": 8, ""num_stages"": 3, ""indexing"": [""pointer"", ""tensor_descriptor"", ""pointer"", ""pointer"", ""pointer"", ""tensor_descriptor"", ""pointer""], ""atomic_indexing"": [], ""pid_type"": ""flat""}","{""arg0_ndim"": 2, ""arg0_dim0"": 2048, ""arg0_dim1"": 3072, ""arg0_numel"": 6291456, ""arg0_dtype"": ""torch.bfloat16"", ""arg0_dtype_size"": 2, ""arg0_dtype_cat"": 2, ""arg1_ndim"": 1, ""arg1_dim0"": 3072, ""arg1_numel"": 3072, ""arg1_dtype"": ""torch.bfloat16"", ""arg1_dtype_size"": 2, ""arg1_dtype_cat"": 2}",0.016383999958634377
rms_norm,7e4ce00540d390f0,ce65586612391f94,"{""block_sizes"": [32], ""reduction_loops"": [null], ""range_unroll_factors"": [0], ""range_warp_specializes"": [null], ""range_num_stages"": [0], ""range_multi_buffers"": [null], ""range_flattens"": [null], ""load_eviction_policies"": ["""", """", """", """", """"], ""num_warps"": 4, ""num_stages"": 1, ""indexing"": [""pointer"", ""pointer"", ""pointer"", ""pointer"", ""pointer"", ""pointer"", ""pointer""], ""atomic_indexing"": [], ""pid_type"": ""flat""}","{""arg0_ndim"": 2, ""arg0_dim0"": 2048, ""arg0_dim1"": 3072, ""arg0_numel"": 6291456, ""arg0_dtype"": ""torch.bfloat16"", ""arg0_dtype_size"": 2, ""arg0_dtype_cat"": 2, ""arg1_ndim"": 1, ""arg1_dim0"": 3072, ""arg1_numel"": 3072, ""arg1_dtype"": ""torch.bfloat16"", ""arg1_dtype_size"": 2, ""arg1_dtype_cat"": 2}",0.1823039948940277
rms_norm,7e4ce00540d390f0,fa68d1735ed55be8,"{""block_sizes"": [16], ""reduction_loops"": [null], ""range_unroll_factors"": [1], ""range_warp_specializes"": [null], ""range_num_stages"": [2], ""range_multi_buffers"": [null], ""range_flattens"": [null], ""load_eviction_policies"": [""first"", ""last"", ""last"", """", ""last""], ""num_warps"": 16, ""num_stages"": 8, ""indexing"": [""tensor_descriptor"", ""pointer"", ""tensor_descriptor"", ""pointer"", ""pointer"", ""pointer"", ""pointer""], ""atomic_indexing"": [], ""pid_type"": ""persistent_interleaved"", ""num_sm_multiplier"": 1}","{""arg0_ndim"": 2, ""arg0_dim0"": 2048, ""arg0_dim1"": 3072, ""arg0_numel"": 6291456, ""arg0_dtype"": ""torch.bfloat16"", ""arg0_dtype_size"": 2, ""arg0_dtype_cat"": 2, ""arg1_ndim"": 1, ""arg1_dim0"": 3072, ""arg1_numel"": 3072, ""arg1_dtype"": ""torch.bfloat16"", ""arg1_dtype_size"": 2, ""arg1_dtype_cat"": 2}",0.01235199999064207
rms_norm,7e4ce00540d390f0,1979210a312b6290,"{""block_sizes"": [16], ""reduction_loops"": [256], ""range_unroll_factors"": [0], ""range_warp_specializes"": [null], ""range_num_stages"": [0], ""range_multi_buffers"": [null], ""range_flattens"": [null], ""load_eviction_policies"": [""first"", """", ""last"", ""last"", """"], ""num_warps"": 16, ""num_stages"": 4, ""indexing"": [""tensor_descriptor"", ""tensor_descriptor"", ""tensor_descriptor"", ""tensor_descriptor"", ""tensor_descriptor"", ""tensor_descriptor"", ""tensor_descriptor""], ""atomic_indexing"": [], ""pid_type"": ""flat""}","{""arg0_ndim"": 2, ""arg0_dim0"": 2048, ""arg0_dim1"": 3072, ""arg0_numel"": 6291456, ""arg0_dtype"": ""torch.bfloat16"", ""arg0_dtype_size"": 2, ""arg0_dtype_cat"": 2, ""arg1_ndim"": 1, ""arg1_dim0"": 3072, ""arg1_numel"": 3072, ""arg1_dtype"": ""torch.bfloat16"", ""arg1_dtype_size"": 2, ""arg1_dtype_cat"": 2}",0.016416000202298164
rms_norm,7e4ce00540d390f0,832d9cc41c9b5249,"{""block_sizes"": [2], ""reduction_loops"": [null], ""range_unroll_factors"": [0], ""range_warp_specializes"": [null], ""range_num_stages"": [0], ""range_multi_buffers"": [null], ""range_flattens"": [null], ""load_eviction_policies"": [""first"", ""last"", ""first"", ""first"", ""last""], ""num_warps"": 1, ""num_stages"": 8, ""indexing"": [""pointer"", ""pointer"", ""tensor_descriptor"", ""pointer"", ""pointer"", ""tensor_descriptor"", ""pointer""], ""atomic_indexing"": [], ""pid_type"": ""flat""}","{""arg0_ndim"": 2, ""arg0_dim0"": 2048, ""arg0_dim1"": 3072, ""arg0_numel"": 6291456, ""arg0_dtype"": ""torch.bfloat16"", ""arg0_dtype_size"": 2, ""arg0_dtype_cat"": 2, ""arg1_ndim"": 1, ""arg1_dim0"": 3072, ""arg1_numel"": 3072, ""arg1_dtype"": ""torch.bfloat16"", ""arg1_dtype_size"": 2, ""arg1_dtype_cat"": 2}",0.016416000202298164
rms_norm,7e4ce00540d390f0,5f3510d018a1da2c,"{""block_sizes"": [2], ""reduction_loops"": [null], ""range_unroll_factors"": [0], ""range_warp_specializes"": [null], ""range_num_stages"": [0], ""range_multi_buffers"": [null], ""range_flattens"": [null], ""load_eviction_policies"": ["""", """", ""first"", """", """"], ""num_warps"": 1, ""num_stages"": 1, ""indexing"": [""pointer"", ""pointer"", ""tensor_descriptor"", ""tensor_descriptor"", ""pointer"", ""pointer"", ""pointer""], ""atomic_indexing"": [], ""pid_type"": ""flat""}","{""arg0_ndim"": 2, ""arg0_dim0"": 2048, ""arg0_dim1"": 3072, ""arg0_numel"": 6291456, ""arg0_dtype"": ""torch.bfloat16"", ""arg0_dtype_size"": 2, ""arg0_dtype_cat"": 2, ""arg1_ndim"": 1, ""arg1_dim0"": 3072, ""arg1_numel"": 3072, ""arg1_dtype"": ""torch.bfloat16"", ""arg1_dtype_size"": 2, ""arg1_dtype_cat"": 2}",0.016416000202298164
rms_norm,7e4ce00540d390f0,c6373fe598a919dd,"{""block_sizes"": [8], ""reduction_loops"": [null], ""range_unroll_factors"": [0], ""range_warp_specializes"": [null], ""range_num_stages"": [0], ""range_multi_buffers"": [null], ""range_flattens"": [null], ""load_eviction_policies"": ["""", """", ""first"", """", """"], ""num_warps"": 16, ""num_stages"": 6, ""indexing"": [""pointer"", ""pointer"", ""pointer"", ""tensor_descriptor"", ""pointer"", ""pointer"", ""pointer""], ""atomic_indexing"": [], ""pid_type"": ""flat""}","{""arg0_ndim"": 2, ""arg0_dim0"": 2048, ""arg0_dim1"": 3072, ""arg0_numel"": 6291456, ""arg0_dtype"": ""torch.bfloat16"", ""arg0_dtype_size"": 2, ""arg0_dtype_cat"": 2, ""arg1_ndim"": 1, ""arg1_dim0"": 3072, ""arg1_numel"": 3072, ""arg1_dtype"": ""torch.bfloat16"", ""arg1_dtype_size"": 2, ""arg1_dtype_cat"": 2}",0.014336000196635723
rms_norm,7e4ce00540d390f0,482f430b8c9d8e8e,"{""block_sizes"": [2], ""reduction_loops"": [2048], ""range_unroll_factors"": [0], ""range_warp_specializes"": [null], ""range_num_stages"": [0], ""range_multi_buffers"": [null], ""range_flattens"": [null], ""load_eviction_policies"": [""last"", ""first"", ""last"", ""first"", ""first""], ""num_warps"": 2, ""num_stages"": 1, ""indexing"": [""tensor_descriptor"", ""pointer"", ""tensor_descriptor"", ""tensor_descriptor"", ""pointer"", ""tensor_descriptor"", ""tensor_descriptor""], ""atomic_indexing"": [], ""pid_type"": ""flat""}","{""arg0_ndim"": 2, ""arg0_dim0"": 2048, ""arg0_dim1"": 3072, ""arg0_numel"": 6291456, ""arg0_dtype"": ""torch.bfloat16"", ""arg0_dtype_size"": 2, ""arg0_dtype_cat"": 2, ""arg1_ndim"": 1, ""arg1_dim0"": 3072, ""arg1_numel"": 3072, ""arg1_dtype"": ""torch.bfloat16"", ""arg1_dtype_size"": 2, ""arg1_dtype_cat"": 2}",0.010239999741315842
rms_norm,7e4ce00540d390f0,816644cab655d611,"{""block_sizes"": [2], ""reduction_loops"": [2048], ""range_unroll_factors"": [0], ""range_warp_specializes"": [null], ""range_num_stages"": [0], ""range_multi_buffers"": [null], ""range_flattens"": [null], ""load_eviction_policies"": ["""", ""first"", ""last"", ""last"", """"], ""num_warps"": 8, ""num_stages"": 3, ""indexing"": [""pointer"", ""tensor_descriptor"", ""tensor_descriptor"", ""pointer"", ""tensor_descriptor"", ""pointer"", ""tensor_descriptor""], ""atomic_indexing"": [], ""pid_type"": ""flat""}","{""arg0_ndim"": 2, ""arg0_dim0"": 2048, ""arg0_dim1"": 3072, ""arg0_numel"": 6291456, ""arg0_dtype"": ""torch.bfloat16"", ""arg0_dtype_size"": 2, ""arg0_dtype_cat"": 2, ""arg1_ndim"": 1, ""arg1_dim0"": 3072, ""arg1_numel"": 3072, ""arg1_dtype"": ""torch.bfloat16"", ""arg1_dtype_size"": 2, ""arg1_dtype_cat"": 2}",0.012319999746978283
rms_norm,7e4ce00540d390f0,3abfa9907ca4fa3a,"{""block_sizes"": [1], ""reduction_loops"": [null], ""range_unroll_factors"": [0], ""range_warp_specializes"": [null], ""range_num_stages"": [0], ""range_multi_buffers"": [null], ""range_flattens"": [null], ""load_eviction_policies"": ["""", ""last"", ""last"", """", """"], ""num_warps"": 4, ""num_stages"": 2, ""indexing"": [""pointer"", ""pointer"", ""pointer"", ""tensor_descriptor"", ""pointer"", ""tensor_descriptor"", ""pointer""], ""atomic_indexing"": [], ""pid_type"": ""flat""}","{""arg0_ndim"": 2, ""arg0_dim0"": 2048, ""arg0_dim1"": 3072, ""arg0_numel"": 6291456, ""arg0_dtype"": ""torch.bfloat16"", ""arg0_dtype_size"": 2, ""arg0_dtype_cat"": 2, ""arg1_ndim"": 1, ""arg1_dim0"": 3072, ""arg1_numel"": 3072, ""arg1_dtype"": ""torch.bfloat16"", ""arg1_dtype_size"": 2, ""arg1_dtype_cat"": 2}",0.012223999947309494
rms_norm,7e4ce00540d390f0,87b2f26661fd2925,"{""block_sizes"": [1], ""reduction_loops"": [null], ""range_unroll_factors"": [0], ""range_warp_specializes"": [null], ""range_num_stages"": [0], ""range_multi_buffers"": [null], ""range_flattens"": [null], ""load_eviction_policies"": ["""", ""last"", ""last"", ""first"", """"], ""num_warps"": 8, ""num_stages"": 2, ""indexing"": [""tensor_descriptor"", ""tensor_descriptor"", ""tensor_descriptor"", ""tensor_descriptor"", ""pointer"", ""pointer"", ""tensor_descriptor""], ""atomic_indexing"": [], ""pid_type"": ""flat""}","{""arg0_ndim"": 2, ""arg0_dim0"": 2048, ""arg0_dim1"": 3072, ""arg0_numel"": 6291456, ""arg0_dtype"": ""torch.bfloat16"", ""arg0_dtype_size"": 2, ""arg0_dtype_cat"": 2, ""arg1_ndim"": 1, ""arg1_dim0"": 3072, ""arg1_numel"": 3072, ""arg1_dtype"": ""torch.bfloat16"", ""arg1_dtype_size"": 2, ""arg1_dtype_cat"": 2}",0.01104000024497509
rms_norm,7e4ce00540d390f0,7c1f654402c9dd7f,"{""block_sizes"": [1], ""reduction_loops"": [1024], ""range_unroll_factors"": [0], ""range_warp_specializes"": [null], ""range_num_stages"": [0], ""range_multi_buffers"": [null], ""range_flattens"": [null], ""load_eviction_policies"": ["""", ""first"", """", ""last"", ""first""], ""num_warps"": 4, ""num_stages"": 3, ""indexing"": [""pointer"", ""tensor_descriptor"", ""tensor_descriptor"", ""tensor_descriptor"", ""tensor_descriptor"", ""pointer"", ""pointer""], ""atomic_indexing"": [], ""pid_type"": ""flat""}","{""arg0_ndim"": 2, ""arg0_dim0"": 2048, ""arg0_dim1"": 3072, ""arg0_numel"": 6291456, ""arg0_dtype"": ""torch.bfloat16"", ""arg0_dtype_size"": 2, ""arg0_dtype_cat"": 2, ""arg1_ndim"": 1, ""arg1_dim0"": 3072, ""arg1_numel"": 3072, ""arg1_dtype"": ""torch.bfloat16"", ""arg1_dtype_size"": 2, ""arg1_dtype_cat"": 2}",0.011296000331640244
rms_norm,7e4ce00540d390f0,306f51b1d2d06f98,"{""block_sizes"": [1], ""reduction_loops"": [1024], ""range_unroll_factors"": [0], ""range_warp_specializes"": [null], ""range_num_stages"": [0], ""range_multi_buffers"": [null], ""range_flattens"": [null], ""load_eviction_policies"": ["""", ""first"", """", """", ""last""], ""num_warps"": 4, ""num_stages"": 5, ""indexing"": [""pointer"", ""tensor_descriptor"", ""tensor_descriptor"", ""pointer"", ""pointer"", ""tensor_descriptor"", ""tensor_descriptor""], ""atomic_indexing"": [], ""pid_type"": ""flat""}","{""arg0_ndim"": 2, ""arg0_dim0"": 2048, ""arg0_dim1"": 3072, ""arg0_numel"": 6291456, ""arg0_dtype"": ""torch.bfloat16"", ""arg0_dtype_size"": 2, ""arg0_dtype_cat"": 2, ""arg1_ndim"": 1, ""arg1_dim0"": 3072, ""arg1_numel"": 3072, ""arg1_dtype"": ""torch.bfloat16"", ""arg1_dtype_size"": 2, ""arg1_dtype_cat"": 2}",0.011168000288307667
rms_norm,7e4ce00540d390f0,5c295017bd009288,"{""block_sizes"": [1], ""reduction_loops"": [null], ""range_unroll_factors"": [0], ""range_warp_specializes"": [null], ""range_num_stages"": [0], ""range_multi_buffers"": [null], ""range_flattens"": [null], ""load_eviction_policies"": [""first"", """", ""last"", """", ""last""], ""num_warps"": 16, ""num_stages"": 4, ""indexing"": [""tensor_descriptor"", ""pointer"", ""tensor_descriptor"", ""pointer"", ""pointer"", ""pointer"", ""pointer""], ""atomic_indexing"": [], ""pid_type"": ""flat""}","{""arg0_ndim"": 2, ""arg0_dim0"": 2048, ""arg0_dim1"": 3072, ""arg0_numel"": 6291456, ""arg0_dtype"": ""torch.bfloat16"", ""arg0_dtype_size"": 2, ""arg0_dtype_cat"": 2, ""arg1_ndim"": 1, ""arg1_dim0"": 3072, ""arg1_numel"": 3072, ""arg1_dtype"": ""torch.bfloat16"", ""arg1_dtype_size"": 2, ""arg1_dtype_cat"": 2}",0.012543999589979649
rms_norm,7e4ce00540d390f0,9615e7b2fea5ec90,"{""block_sizes"": [1], ""reduction_loops"": [2048], ""range_unroll_factors"": [0], ""range_warp_specializes"": [null], ""range_num_stages"": [0], ""range_multi_buffers"": [null], ""range_flattens"": [null], ""load_eviction_policies"": ["""", ""first"", ""last"", ""first"", ""last""], ""num_warps"": 8, ""num_stages"": 8, ""indexing"": [""pointer"", ""pointer"", ""pointer"", ""tensor_descriptor"", ""pointer"", ""tensor_descriptor"", ""pointer""], ""atomic_indexing"": [], ""pid_type"": ""flat""}","{""arg0_ndim"": 2, ""arg0_dim0"": 2048, ""arg0_dim1"": 3072, ""arg0_numel"": 6291456, ""arg0_dtype"": ""torch.bfloat16"", ""arg0_dtype_size"": 2, ""arg0_dtype_cat"": 2, ""arg1_ndim"": 1, ""arg1_dim0"": 3072, ""arg1_numel"": 3072, ""arg1_dtype"": ""torch.bfloat16"", ""arg1_dtype_size"": 2, ""arg1_dtype_cat"": 2}",0.012319999746978283
rms_norm,7e4ce00540d390f0,ef0576b1337868e5,"{""block_sizes"": [1], ""reduction_loops"": [null], ""range_unroll_factors"": [0], ""range_warp_specializes"": [null], ""range_num_stages"": [0], ""range_multi_buffers"": [null], ""range_flattens"": [null], ""load_eviction_policies"": ["""", """", ""last"", """", ""last""], ""num_warps"": 8, ""num_stages"": 6, ""indexing"": [""tensor_descriptor"", ""pointer"", ""pointer"", ""pointer"", ""pointer"", ""tensor_descriptor"", ""tensor_descriptor""], ""atomic_indexing"": [], ""pid_type"": ""flat""}","{""arg0_ndim"": 2, ""arg0_dim0"": 2048, ""arg0_dim1"": 3072, ""arg0_numel"": 6291456, ""arg0_dtype"": ""torch.bfloat16"", ""arg0_dtype_size"": 2, ""arg0_dtype_cat"": 2, ""arg1_ndim"": 1, ""arg1_dim0"": 3072, ""arg1_numel"": 3072, ""arg1_dtype"": ""torch.bfloat16"", ""arg1_dtype_size"": 2, ""arg1_dtype_cat"": 2}",0.01228800043463707
rms_norm,7e4ce00540d390f0,11bb6dfa80985863,"{""block_sizes"": [1], ""reduction_loops"": [null], ""range_unroll_factors"": [0], ""range_warp_specializes"": [null], ""range_num_stages"": [0], ""range_multi_buffers"": [null], ""range_flattens"": [null], ""load_eviction_policies"": [""first"", """", ""last"", """", """"], ""num_warps"": 16, ""num_stages"": 2, ""indexing"": [""tensor_descriptor"", ""pointer"", ""pointer"", ""pointer"", ""tensor_descriptor"", ""tensor_descriptor"", ""pointer""], ""atomic_indexing"": [], ""pid_type"": ""flat""}","{""arg0_ndim"": 2, ""arg0_dim0"": 2048, ""arg0_dim1"": 3072, ""arg0_numel"": 6291456, ""arg0_dtype"": ""torch.bfloat16"", ""arg0_dtype_size"": 2, ""arg0_dtype_cat"": 2, ""arg1_ndim"": 1, ""arg1_dim0"": 3072, ""arg1_numel"": 3072, ""arg1_dtype"": ""torch.bfloat16"", ""arg1_dtype_size"": 2, ""arg1_dtype_cat"": 2}",0.013088000006973743
rms_norm,7e4ce00540d390f0,964bbd2b95871270,"{""block_sizes"": [1], ""reduction_loops"": [null], ""range_unroll_factors"": [0], ""range_warp_specializes"": [null], ""range_num_stages"": [0], ""range_multi_buffers"": [null], ""range_flattens"": [null], ""load_eviction_policies"": ["""", """", """", ""first"", """"], ""num_warps"": 8, ""num_stages"": 6, ""indexing"": [""pointer"", ""tensor_descriptor"", ""tensor_descriptor"", ""tensor_descriptor"", ""pointer"", ""tensor_descriptor"", ""tensor_descriptor""], ""atomic_indexing"": [], ""pid_type"": ""flat""}","{""arg0_ndim"": 2, ""arg0_dim0"": 2048, ""arg0_dim1"": 3072, ""arg0_numel"": 6291456, ""arg0_dtype"": ""torch.bfloat16"", ""arg0_dtype_size"": 2, ""arg0_dtype_cat"": 2, ""arg1_ndim"": 1, ""arg1_dim0"": 3072, ""arg1_numel"": 3072, ""arg1_dtype"": ""torch.bfloat16"", ""arg1_dtype_size"": 2, ""arg1_dtype_cat"": 2}",0.01228800043463707
rms_norm,7e4ce00540d390f0,a0bad60454a64a49,"{""block_sizes"": [1], ""reduction_loops"": [null], ""range_unroll_factors"": [0], ""range_warp_specializes"": [null], ""range_num_stages"": [0], ""range_multi_buffers"": [null], ""range_flattens"": [null], ""load_eviction_policies"": [""first"", ""last"", ""last"", """", ""last""], ""num_warps"": 16, ""num_stages"": 4, ""indexing"": [""pointer"", ""tensor_descriptor"", ""pointer"", ""pointer"", ""pointer"", ""pointer"", ""pointer""], ""atomic_indexing"": [], ""pid_type"": ""flat""}","{""arg0_ndim"": 2, ""arg0_dim0"": 2048, ""arg0_dim1"": 3072, ""arg0_numel"": 6291456, ""arg0_dtype"": ""torch.bfloat16"", ""arg0_dtype_size"": 2, ""arg0_dtype_cat"": 2, ""arg1_ndim"": 1, ""arg1_dim0"": 3072, ""arg1_numel"": 3072, ""arg1_dtype"": ""torch.bfloat16"", ""arg1_dtype_size"": 2, ""arg1_dtype_cat"": 2}",0.01235199999064207
rms_norm,7e4ce00540d390f0,45b47d2b716e8754,"{""block_sizes"": [4], ""reduction_loops"": [null], ""range_unroll_factors"": [0], ""range_warp_specializes"": [null], ""range_num_stages"": [0], ""range_multi_buffers"": [null], ""range_flattens"": [null], ""load_eviction_policies"": [""first"", """", """", ""last"", ""last""], ""num_warps"": 2, ""num_stages"": 5, ""indexing"": [""pointer"", ""tensor_descriptor"", ""tensor_descriptor"", ""tensor_descriptor"", ""tensor_descriptor"", ""pointer"", ""pointer""], ""atomic_indexing"": [], ""pid_type"": ""flat""}","{""arg0_ndim"": 2, ""arg0_dim0"": 2048, ""arg0_dim1"": 3072, ""arg0_numel"": 6291456, ""arg0_dtype"": ""torch.bfloat16"", ""arg0_dtype_size"": 2, ""arg0_dtype_cat"": 2, ""arg1_ndim"": 1, ""arg1_dim0"": 3072, ""arg1_numel"": 3072, ""arg1_dtype"": ""torch.bfloat16"", ""arg1_dtype_size"": 2, ""arg1_dtype_cat"": 2}",0.014368000440299511
rms_norm,7e4ce00540d390f0,0e08e3ec9a7b2c1e,"{""block_sizes"": [4], ""reduction_loops"": [null], ""range_unroll_factors"": [0], ""range_warp_specializes"": [null], ""range_num_stages"": [0], ""range_multi_buffers"": [null], ""range_flattens"": [null], ""load_eviction_policies"": [""first"", ""last"", """", ""first"", """"], ""num_warps"": 2, ""num_stages"": 3, ""indexing"": [""pointer"", ""tensor_descriptor"", ""pointer"", ""tensor_descriptor"", ""tensor_descriptor"", ""tensor_descriptor"", ""tensor_descriptor""], ""atomic_indexing"": [], ""pid_type"": ""flat""}","{""arg0_ndim"": 2, ""arg0_dim0"": 2048, ""arg0_dim1"": 3072, ""arg0_numel"": 6291456, ""arg0_dtype"": ""torch.bfloat16"", ""arg0_dtype_size"": 2, ""arg0_dtype_cat"": 2, ""arg1_ndim"": 1, ""arg1_dim0"": 3072, ""arg1_numel"": 3072, ""arg1_dtype"": ""torch.bfloat16"", ""arg1_dtype_size"": 2, ""arg1_dtype_cat"": 2}",0.014368000440299511
rms_norm,7e4ce00540d390f0,a3c8f5854ffdaebc,"{""block_sizes"": [16], ""reduction_loops"": [null], ""range_unroll_factors"": [0], ""range_warp_specializes"": [null], ""range_num_stages"": [0], ""range_multi_buffers"": [null], ""range_flattens"": [null], ""load_eviction_policies"": ["""", """", ""first"", """", ""last""], ""num_warps"": 4, ""num_stages"": 5, ""indexing"": [""pointer"", ""pointer"", ""pointer"", ""pointer"", ""pointer"", ""pointer"", ""pointer""], ""atomic_indexing"": [], ""pid_type"": ""flat""}","{""arg0_ndim"": 2, ""arg0_dim0"": 2048, ""arg0_dim1"": 3072, ""arg0_numel"": 6291456, ""arg0_dtype"": ""torch.bfloat16"", ""arg0_dtype_size"": 2, ""arg0_dtype_cat"": 2, ""arg1_ndim"": 1, ""arg1_dim0"": 3072, ""arg1_numel"": 3072, ""arg1_dtype"": ""torch.bfloat16"", ""arg1_dtype_size"": 2, ""arg1_dtype_cat"": 2}",0.09014400094747543
rms_norm,7e4ce00540d390f0,df5f9e1409cfd8bd,"{""block_sizes"": [16], ""reduction_loops"": [null], ""range_unroll_factors"": [0], ""range_warp_specializes"": [null], ""range_num_stages"": [0], ""range_multi_buffers"": [null], ""range_flattens"": [null], ""load_eviction_policies"": ["""", """", ""last"", """", ""first""], ""num_warps"": 4, ""num_stages"": 1, ""indexing"": [""pointer"", ""pointer"", ""pointer"", ""pointer"", ""pointer"", ""tensor_descriptor"", ""tensor_descriptor""], ""atomic_indexing"": [], ""pid_type"": ""flat""}","{""arg0_ndim"": 2, ""arg0_dim0"": 2048, ""arg0_dim1"": 3072, ""arg0_numel"": 6291456, ""arg0_dtype"": ""torch.bfloat16"", ""arg0_dtype_size"": 2, ""arg0_dtype_cat"": 2, ""arg1_ndim"": 1, ""arg1_dim0"": 3072, ""arg1_numel"": 3072, ""arg1_dtype"": ""torch.bfloat16"", ""arg1_dtype_size"": 2, ""arg1_dtype_cat"": 2}",0.09014400094747543
rms_norm,6de0c35942e9773c,24745e38d713c198,"{""block_sizes"": [2], ""reduction_loops"": [null], ""range_unroll_factors"": [0], ""range_warp_specializes"": [null], ""range_num_stages"": [0], ""range_multi_buffers"": [null], ""range_flattens"": [null], ""load_eviction_policies"": [""last"", ""first"", ""first"", """", """"], ""num_warps"": 4, ""num_stages"": 6, ""indexing"": [""pointer"", ""pointer"", ""pointer"", ""tensor_descriptor"", ""tensor_descriptor"", ""pointer"", ""pointer""], ""atomic_indexing"": [], ""pid_type"": ""flat""}","{""arg0_ndim"": 2, ""arg0_dim0"": 2048, ""arg0_dim1"": 5120, ""arg0_numel"": 10485760, ""arg0_dtype"": ""torch.bfloat16"", ""arg0_dtype_size"": 2, ""arg0_dtype_cat"": 2, ""arg1_ndim"": 1, ""arg1_dim0"": 5120, ""arg1_numel"": 5120, ""arg1_dtype"": ""torch.bfloat16"", ""arg1_dtype_size"": 2, ""arg1_dtype_cat"": 2}",0.014368000440299511
rms_norm,6de0c35942e9773c,180c35ef192d14f2,"{""block_sizes"": [2], ""reduction_loops"": [null], ""range_unroll_factors"": [0], ""range_warp_specializes"": [null], ""range_num_stages"": [0], ""range_multi_buffers"": [null], ""range_flattens"": [null], ""load_eviction_policies"": ["""", """", ""last"", """", """"], ""num_warps"": 1, ""num_stages"": 2, ""indexing"": [""pointer"", ""pointer"", ""pointer"", ""pointer"", ""pointer"", ""pointer"", ""pointer""], ""atomic_indexing"": [], ""pid_type"": ""flat""}","{""arg0_ndim"": 2, ""arg0_dim0"": 2048, ""arg0_dim1"": 5120, ""arg0_numel"": 10485760, ""arg0_dtype"": ""torch.bfloat16"", ""arg0_dtype_size"": 2, ""arg0_dtype_cat"": 2, ""arg1_ndim"": 1, ""arg1_dim0"": 5120, ""arg1_numel"": 5120, ""arg1_dtype"": ""torch.bfloat16"", ""arg1_dtype_size"": 2, ""arg1_dtype_cat"": 2}",0.0982080027461052
rms_norm,6de0c35942e9773c,7bfccb3790afd320,"{""block_sizes"": [2], ""reduction_loops"": [2048], ""range_unroll_factors"": [0], ""range_warp_specializes"": [null], ""range_num_stages"": [0], ""range_multi_buffers"": [null], ""range_flattens"": [null], ""load_eviction_policies"": [""last"", """", ""last"", """", """"], ""num_warps"": 8, ""num_stages"": 1, ""indexing"": [""pointer"", ""pointer"", ""pointer"", ""tensor_descriptor"", ""pointer"", ""tensor_descriptor"", ""tensor_descriptor""], ""atomic_indexing"": [], ""pid_type"": ""flat""}","{""arg0_ndim"": 2, ""arg0_dim0"": 2048, ""arg0_dim1"": 5120, ""arg0_numel"": 10485760, ""arg0_dtype"": ""torch.bfloat16"", ""arg0_dtype_size"": 2, ""arg0_dtype_cat"": 2, ""arg1_ndim"": 1, ""arg1_dim0"": 5120, ""arg1_numel"": 5120, ""arg1_dtype"": ""torch.bfloat16"", ""arg1_dtype_size"": 2, ""arg1_dtype_cat"": 2}",0.01228800043463707
rms_norm,6de0c35942e9773c,b700865abbecc460,"{""block_sizes"": [1], ""reduction_loops"": [null], ""range_unroll_factors"": [0], ""range_warp_specializes"": [null], ""range_num_stages"": [0], ""range_multi_buffers"": [null], ""range_flattens"": [null], ""load_eviction_policies"": [""first"", """", ""last"", ""last"", """"], ""num_warps"": 16, ""num_stages"": 1, ""indexing"": [""tensor_descriptor"", ""tensor_descriptor"", ""pointer"", ""tensor_descriptor"", ""tensor_descriptor"", ""pointer"", ""tensor_descriptor""], ""atomic_indexing"": [], ""pid_type"": ""flat""}","{""arg0_ndim"": 2, ""arg0_dim0"": 2048, ""arg0_dim1"": 5120, ""arg0_numel"": 10485760, ""arg0_dtype"": ""torch.bfloat16"", ""arg0_dtype_size"": 2, ""arg0_dtype_cat"": 2, ""arg1_ndim"": 1, ""arg1_dim0"": 5120, ""arg1_numel"": 5120, ""arg1_dtype"": ""torch.bfloat16"", ""arg1_dtype_size"": 2, ""arg1_dtype_cat"": 2}",0.016383999958634377
rms_norm,6de0c35942e9773c,73a4bcfe84591dcd,"{""block_sizes"": [1], ""reduction_loops"": [8192], ""range_unroll_factors"": [0], ""range_warp_specializes"": [null], ""range_num_stages"": [0], ""range_multi_buffers"": [null], ""range_flattens"": [null], ""load_eviction_policies"": ["""", """", """", """", """"], ""num_warps"": 8, ""num_stages"": 4, ""indexing"": [""pointer"", ""pointer"", ""tensor_descriptor"", ""pointer"", ""pointer"", ""tensor_descriptor"", ""tensor_descriptor""], ""atomic_indexing"": [], ""pid_type"": ""flat""}","{""arg0_ndim"": 2, ""arg0_dim0"": 2048, ""arg0_dim1"": 5120, ""arg0_numel"": 10485760, ""arg0_dtype"": ""torch.bfloat16"", ""arg0_dtype_size"": 2, ""arg0_dtype_cat"": 2, ""arg1_ndim"": 1, ""arg1_dim0"": 5120, ""arg1_numel"": 5120, ""arg1_dtype"": ""torch.bfloat16"", ""arg1_dtype_size"": 2, ""arg1_dtype_cat"": 2}",0.018271999433636665
rms_norm,6de0c35942e9773c,6d53c3602b79725b,"{""block_sizes"": [1], ""reduction_loops"": [8192], ""range_unroll_factors"": [0], ""range_warp_specializes"": [null], ""range_num_stages"": [0], ""range_multi_buffers"": [null], ""range_flattens"": [null], ""load_eviction_policies"": ["""", ""first"", ""last"", """", """"], ""num_warps"": 8, ""num_stages"": 3, ""indexing"": [""pointer"", ""tensor_descriptor"", ""pointer"", ""pointer"", ""pointer"", ""tensor_descriptor"", ""pointer""], ""atomic_indexing"": [], ""pid_type"": ""flat""}","{""arg0_ndim"": 2, ""arg0_dim0"": 2048, ""arg0_dim1"": 5120, ""arg0_numel"": 10485760, ""arg0_dtype"": ""torch.bfloat16"", ""arg0_dtype_size"": 2, ""arg0_dtype_cat"": 2, ""arg1_ndim"": 1, ""arg1_dim0"": 5120, ""arg1_numel"": 5120, ""arg1_dtype"": ""torch.bfloat16"", ""arg1_dtype_size"": 2, ""arg1_dtype_cat"": 2}",0.01833599992096424
rms_norm,6de0c35942e9773c,ce65586612391f94,"{""block_sizes"": [32], ""reduction_loops"": [null], ""range_unroll_factors"": [0], ""range_warp_specializes"": [null], ""range_num_stages"": [0], ""range_multi_buffers"": [null], ""range_flattens"": [null], ""load_eviction_policies"": ["""", """", """", """", """"], ""num_warps"": 4, ""num_stages"": 1, ""indexing"": [""pointer"", ""pointer"", ""pointer"", ""pointer"", ""pointer"", ""pointer"", ""pointer""], ""atomic_indexing"": [], ""pid_type"": ""flat""}","{""arg0_ndim"": 2, ""arg0_dim0"": 2048, ""arg0_dim1"": 5120, ""arg0_numel"": 10485760, ""arg0_dtype"": ""torch.bfloat16"", ""arg0_dtype_size"": 2, ""arg0_dtype_cat"": 2, ""arg1_ndim"": 1, ""arg1_dim0"": 5120, ""arg1_numel"": 5120, ""arg1_dtype"": ""torch.bfloat16"", ""arg1_dtype_size"": 2, ""arg1_dtype_cat"": 2}",0.48127999901771545
rms_norm,6de0c35942e9773c,fa68d1735ed55be8,"{""block_sizes"": [16], ""reduction_loops"": [null], ""range_unroll_factors"": [1], ""range_warp_specializes"": [null], ""range_num_stages"": [2], ""range_multi_buffers"": [null], ""range_flattens"": [null], ""load_eviction_policies"": [""first"", ""last"", ""last"", """", ""last""], ""num_warps"": 16, ""num_stages"": 8, ""indexing"": [""tensor_descriptor"", ""pointer"", ""tensor_descriptor"", ""pointer"", ""pointer"", ""pointer"", ""pointer""], ""atomic_indexing"": [], ""pid_type"": ""persistent_interleaved"", ""num_sm_multiplier"": 1}","{""arg0_ndim"": 2, ""arg0_dim0"": 2048, ""arg0_dim1"": 5120, ""arg0_numel"": 10485760, ""arg0_dtype"": ""torch.bfloat16"", ""arg0_dtype_size"": 2, ""arg0_dtype_cat"": 2, ""arg1_ndim"": 1, ""arg1_dim0"": 5120, ""arg1_numel"": 5120, ""arg1_dtype"": ""torch.bfloat16"", ""arg1_dtype_size"": 2, ""arg1_dtype_cat"": 2}",0.06348799914121628
rms_norm,6de0c35942e9773c,1979210a312b6290,"{""block_sizes"": [16], ""reduction_loops"": [256], ""range_unroll_factors"": [0], ""range_warp_specializes"": [null], ""range_num_stages"": [0], ""range_multi_buffers"": [null], ""range_flattens"": [null], ""load_eviction_policies"": [""first"", """", ""last"", ""last"", """"], ""num_warps"": 16, ""num_stages"": 4, ""indexing"": [""tensor_descriptor"", ""tensor_descriptor"", ""tensor_descriptor"", ""tensor_descriptor"", ""tensor_descriptor"", ""tensor_descriptor"", ""tensor_descriptor""], ""atomic_indexing"": [], ""pid_type"": ""flat""}","{""arg0_ndim"": 2, ""arg0_dim0"": 2048, ""arg0_dim1"": 5120, ""arg0_numel"": 10485760, ""arg0_dtype"": ""torch.bfloat16"", ""arg0_dtype_size"": 2, ""arg0_dtype_cat"": 2, ""arg1_ndim"": 1, ""arg1_dim0"": 5120, ""arg1_numel"": 5120, ""arg1_dtype"": ""torch.bfloat16"", ""arg1_dtype_size"": 2, ""arg1_dtype_cat"": 2}",0.026559999212622643
rms_norm,6de0c35942e9773c,832d9cc41c9b5249,"{""block_sizes"": [2], ""reduction_loops"": [null], ""range_unroll_factors"": [0], ""range_warp_specializes"": [null], ""range_num_stages"": [0], ""range_multi_buffers"": [null], ""range_flattens"": [null], ""load_eviction_policies"": [""first"", ""last"", ""first"", ""first"", ""last""], ""num_warps"": 1, ""num_stages"": 8, ""indexing"": [""pointer"", ""pointer"", ""tensor_descriptor"", ""pointer"", ""pointer"", ""tensor_descriptor"", ""pointer""], ""atomic_indexing"": [], ""pid_type"": ""flat""}","{""arg0_ndim"": 2, ""arg0_dim0"": 2048, ""arg0_dim1"": 5120, ""arg0_numel"": 10485760, ""arg0_dtype"": ""torch.bfloat16"", ""arg0_dtype_size"": 2, ""arg0_dtype_cat"": 2, ""arg1_ndim"": 1, ""arg1_dim0"": 5120, ""arg1_numel"": 5120, ""arg1_dtype"": ""torch.bfloat16"", ""arg1_dtype_size"": 2, ""arg1_dtype_cat"": 2}",0.09849599748849869
rms_norm,6de0c35942e9773c,5f3510d018a1da2c,"{""block_sizes"": [2], ""reduction_loops"": [null], ""range_unroll_factors"": [0], ""range_warp_specializes"": [null], ""range_num_stages"": [0], ""range_multi_buffers"": [null], ""range_flattens"": [null], ""load_eviction_policies"": ["""", """", ""first"", """", """"], ""num_warps"": 1, ""num_stages"": 1, ""indexing"": [""pointer"", ""pointer"", ""tensor_descriptor"", ""tensor_descriptor"", ""pointer"", ""pointer"", ""pointer""], ""atomic_indexing"": [], ""pid_type"": ""flat""}","{""arg0_ndim"": 2, ""arg0_dim0"": 2048, ""arg0_dim1"": 5120, ""arg0_numel"": 10485760, ""arg0_dtype"": ""torch.bfloat16"", ""arg0_dtype_size"": 2, ""arg0_dtype_cat"": 2, ""arg1_ndim"": 1, ""arg1_dim0"": 5120, ""arg1_numel"": 5120, ""arg1_dtype"": ""torch.bfloat16"", ""arg1_dtype_size"": 2, ""arg1_dtype_cat"": 2}",0.09628800302743912
rms_norm,6de0c35942e9773c,c6373fe598a919dd,"{""block_sizes"": [8], ""reduction_loops"": [null], ""range_unroll_factors"": [0], ""range_warp_specializes"": [null], ""range_num_stages"": [0], ""range_multi_buffers"": [null], ""range_flattens"": [null], ""load_eviction_policies"": ["""", """", ""first"", """", """"], ""num_warps"": 16, ""num_stages"": 6, ""indexing"": [""pointer"", ""pointer"", ""pointer"", ""tensor_descriptor"", ""pointer"", ""pointer"", ""pointer""], ""atomic_indexing"": [], ""pid_type"": ""flat""}","{""arg0_ndim"": 2, ""arg0_dim0"": 2048, ""arg0_dim1"": 5120, ""arg0_numel"": 10485760, ""arg0_dtype"": ""torch.bfloat16"", ""arg0_dtype_size"": 2, ""arg0_dtype_cat"": 2, ""arg1_ndim"": 1, ""arg1_dim0"": 5120, ""arg1_numel"": 5120, ""arg1_dtype"": ""torch.bfloat16"", ""arg1_dtype_size"": 2, ""arg1_dtype_cat"": 2}",0.020479999482631683
rms_norm,6de0c35942e9773c,482f430b8c9d8e8e,"{""block_sizes"": [2], ""reduction_loops"": [2048], ""range_unroll_factors"": [0], ""range_warp_specializes"": [null], ""range_num_stages"": [0], ""range_multi_buffers"": [null], ""range_flattens"": [null], ""load_eviction_policies"": [""last"", ""first"", ""last"", ""first"", ""first""], ""num_warps"": 2, ""num_stages"": 1, ""indexing"": [""tensor_descriptor"", ""pointer"", ""tensor_descriptor"", ""tensor_descriptor"", ""pointer"", ""tensor_descriptor"", ""tensor_descriptor""], ""atomic_indexing"": [], ""pid_type"": ""flat""}","{""arg0_ndim"": 2, ""arg0_dim0"": 2048, ""arg0_dim1"": 5120, ""arg0_numel"": 10485760, ""arg0_dtype"": ""torch.bfloat16"", ""arg0_dtype_size"": 2, ""arg0_dtype_cat"": 2, ""arg1_ndim"": 1, ""arg1_dim0"": 5120, ""arg1_numel"": 5120, ""arg1_dtype"": ""torch.bfloat16"", ""arg1_dtype_size"": 2, ""arg1_dtype_cat"": 2}",0.01228800043463707
rms_norm,6de0c35942e9773c,816644cab655d611,"{""block_sizes"": [2], ""reduction_loops"": [2048], ""range_unroll_factors"": [0], ""range_warp_specializes"": [null], ""range_num_stages"": [0], ""range_multi_buffers"": [null], ""range_flattens"": [null], ""load_eviction_policies"": ["""", ""first"", ""last"", ""last"", """"], ""num_warps"": 8, ""num_stages"": 3, ""indexing"": [""pointer"", ""tensor_descriptor"", ""tensor_descriptor"", ""pointer"", ""tensor_descriptor"", ""pointer"", ""tensor_descriptor""], ""atomic_indexing"": [], ""pid_type"": ""flat""}","{""arg0_ndim"": 2, ""arg0_dim0"": 2048, ""arg0_dim1"": 5120, ""arg0_numel"": 10485760, ""arg0_dtype"": ""torch.bfloat16"", ""arg0_dtype_size"": 2, ""arg0_dtype_cat"": 2, ""arg1_ndim"": 1, ""arg1_dim0"": 5120, ""arg1_numel"": 5120, ""arg1_dtype"": ""torch.bfloat16"", ""arg1_dtype_size"": 2, ""arg1_dtype_cat"": 2}",0.014336000196635723
rms_norm,6de0c35942e9773c,3abfa9907ca4fa3a,"{""block_sizes"": [1], ""reduction_loops"": [null], ""range_unroll_factors"": [0], ""range_warp_specializes"": [null], ""range_num_stages"": [0], ""range_multi_buffers"": [null], ""range_flattens"": [null], ""load_eviction_policies"": ["""", ""last"", ""last"", """", """"], ""num_warps"": 4, ""num_stages"": 2, ""indexing"": [""pointer"", ""pointer"", ""pointer"", ""tensor_descriptor"", ""pointer"", ""tensor_descriptor"", ""pointer""], ""atomic_indexing"": [], ""pid_type"": ""flat""}","{""arg0_ndim"": 2, ""arg0_dim0"": 2048, ""arg0_dim1"": 5120, ""arg0_numel"": 10485760, ""arg0_dtype"": ""torch.bfloat16"", ""arg0_dtype_size"": 2, ""arg0_dtype_cat"": 2, ""arg1_ndim"": 1, ""arg1_dim0"": 5120, ""arg1_numel"": 5120, ""arg1_dtype"": ""torch.bfloat16"", ""arg1_dtype_size"": 2, ""arg1_dtype_cat"": 2}",0.01836800016462803
rms_norm,6de0c35942e9773c,87b2f26661fd2925,"{""block_sizes"": [1], ""reduction_loops"": [null], ""range_unroll_factors"": [0], ""range_warp_specializes"": [null], ""range_num_stages"": [0], ""range_multi_buffers"": [null], ""range_flattens"": [null], ""load_eviction_policies"": ["""", ""last"", ""last"", ""first"", """"], ""num_warps"": 8, ""num_stages"": 2, ""indexing"": [""tensor_descriptor"", ""tensor_descriptor"", ""tensor_descriptor"", ""tensor_descriptor"", ""pointer"", ""pointer"", ""tensor_descriptor""], ""atomic_indexing"": [], ""pid_type"": ""flat""}","{""arg0_ndim"": 2, ""arg0_dim0"": 2048, ""arg0_dim1"": 5120, ""arg0_numel"": 10485760, ""arg0_dtype"": ""torch.bfloat16"", ""arg0_dtype_size"": 2, ""arg0_dtype_cat"": 2, ""arg1_ndim"": 1, ""arg1_dim0"": 5120, ""arg1_numel"": 5120, ""arg1_dtype"": ""torch.bfloat16"", ""arg1_dtype_size"": 2, ""arg1_dtype_cat"": 2}",0.016383999958634377
rms_norm,6de0c35942e9773c,7c1f654402c9dd7f,"{""block_sizes"": [1], ""reduction_loops"": [1024], ""range_unroll_factors"": [0], ""range_warp_specializes"": [null], ""range_num_stages"": [0], ""range_multi_buffers"": [null], ""range_flattens"": [null], ""load_eviction_policies"": ["""", ""first"", """", ""last"", ""first""], ""num_warps"": 4, ""num_stages"": 3, ""indexing"": [""pointer"", ""tensor_descriptor"", ""tensor_descriptor"", ""tensor_descriptor"", ""tensor_descriptor"", ""pointer"", ""pointer""], ""atomic_indexing"": [], ""pid_type"": ""flat""}","{""arg0_ndim"": 2, ""arg0_dim0"": 2048, ""arg0_dim1"": 5120, ""arg0_numel"": 10485760, ""arg0_dtype"": ""torch.bfloat16"", ""arg0_dtype_size"": 2, ""arg0_dtype_cat"": 2, ""arg1_ndim"": 1, ""arg1_dim0"": 5120, ""arg1_numel"": 5120, ""arg1_dtype"": ""torch.bfloat16"", ""arg1_dtype_size"": 2, ""arg1_dtype_cat"": 2}",0.014336000196635723
rms_norm,6de0c35942e9773c,306f51b1d2d06f98,"{""block_sizes"": [1], ""reduction_loops"": [1024], ""range_unroll_factors"": [0], ""range_warp_specializes"": [null], ""range_num_stages"": [0], ""range_multi_buffers"": [null], ""range_flattens"": [null], ""load_eviction_policies"": ["""", ""first"", """", """", ""last""], ""num_warps"": 4, ""num_stages"": 5, ""indexing"": [""pointer"", ""tensor_descriptor"", ""tensor_descriptor"", ""pointer"", ""pointer"", ""tensor_descriptor"", ""tensor_descriptor""], ""atomic_indexing"": [], ""pid_type"": ""flat""}","{""arg0_ndim"": 2, ""arg0_dim0"": 2048, ""arg0_dim1"": 5120, ""arg0_numel"": 10485760, ""arg0_dtype"": ""torch.bfloat16"", ""arg0_dtype_size"": 2, ""arg0_dtype_cat"": 2, ""arg1_ndim"": 1, ""arg1_dim0"": 5120, ""arg1_numel"": 5120, ""arg1_dtype"": ""torch.bfloat16"", ""arg1_dtype_size"": 2, ""arg1_dtype_cat"": 2}",0.014336000196635723
rms_norm,6de0c35942e9773c,5c295017bd009288,"{""block_sizes"": [1], ""reduction_loops"": [null], ""range_unroll_factors"": [0], ""range_warp_specializes"": [null], ""range_num_stages"": [0], ""range_multi_buffers"": [null], ""range_flattens"": [null], ""load_eviction_policies"": [""first"", """", ""last"", """", ""last""], ""num_warps"": 16, ""num_stages"": 4, ""indexing"": [""tensor_descriptor"", ""pointer"", ""tensor_descriptor"", ""pointer"", ""pointer"", ""pointer"", ""pointer""], ""atomic_indexing"": [], ""pid_type"": ""flat""}","{""arg0_ndim"": 2, ""arg0_dim0"": 2048, ""arg0_dim1"": 5120, ""arg0_numel"": 10485760, ""arg0_dtype"": ""torch.bfloat16"", ""arg0_dtype_size"": 2, ""arg0_dtype_cat"": 2, ""arg1_ndim"": 1, ""arg1_dim0"": 5120, ""arg1_numel"": 5120, ""arg1_dtype"": ""torch.bfloat16"", ""arg1_dtype_size"": 2, ""arg1_dtype_cat"": 2}",0.016383999958634377
rms_norm,6de0c35942e9773c,9615e7b2fea5ec90,"{""block_sizes"": [1], ""reduction_loops"": [2048], ""range_unroll_factors"": [0], ""range_warp_specializes"": [null], ""range_num_stages"": [0], ""range_multi_buffers"": [null], ""range_flattens"": [null], ""load_eviction_policies"": ["""", ""first"", ""last"", ""first"", ""last""], ""num_warps"": 8, ""num_stages"": 8, ""indexing"": [""pointer"", ""pointer"", ""pointer"", ""tensor_descriptor"", ""pointer"", ""tensor_descriptor"", ""pointer""], ""atomic_indexing"": [], ""pid_type"": ""flat""}","{""arg0_ndim"": 2, ""arg0_dim0"": 2048, ""arg0_dim1"": 5120, ""arg0_numel"": 10485760, ""arg0_dtype"": ""torch.bfloat16"", ""arg0_dtype_size"": 2, ""arg0_dtype_cat"": 2, ""arg1_ndim"": 1, ""arg1_dim0"": 5120, ""arg1_numel"": 5120, ""arg1_dtype"": ""torch.bfloat16"", ""arg1_dtype_size"": 2, ""arg1_dtype_cat"": 2}",0.016256000846624374
rms_norm,6de0c35942e9773c,ef0576b1337868e5,"{""block_sizes"": [1], ""reduction_loops"": [null], ""range_unroll_factors"": [0], ""range_warp_specializes"": [null], ""range_num_stages"": [0], ""range_multi_buffers"": [null], ""range_flattens"": [null], ""load_eviction_policies"": ["""", """", ""last"", """", ""last""], ""num_warps"": 8, ""num_stages"": 6, ""indexing"": [""tensor_descriptor"", ""pointer"", ""pointer"", ""pointer"", ""pointer"", ""tensor_descriptor"", ""tensor_descriptor""], ""atomic_indexing"": [], ""pid_type"": ""flat""}","{""arg0_ndim"": 2, ""arg0_dim0"": 2048, ""arg0_dim1"": 5120, ""arg0_numel"": 10485760, ""arg0_dtype"": ""torch.bfloat16"", ""arg0_dtype_size"": 2, ""arg0_dtype_cat"": 2, ""arg1_ndim"": 1, ""arg1_dim0"": 5120, ""arg1_numel"": 5120, ""arg1_dtype"": ""torch.bfloat16"", ""arg1_dtype_size"": 2, ""arg1_dtype_cat"": 2}",0.016383999958634377
rms_norm,6de0c35942e9773c,11bb6dfa80985863,"{""block_sizes"": [1], ""reduction_loops"": [null], ""range_unroll_factors"": [0], ""range_warp_specializes"": [null], ""range_num_stages"": [0], ""range_multi_buffers"": [null], ""range_flattens"": [null], ""load_eviction_policies"": [""first"", """", ""last"", """", """"], ""num_warps"": 16, ""num_stages"": 2, ""indexing"": [""tensor_descriptor"", ""pointer"", ""pointer"", ""pointer"", ""tensor_descriptor"", ""tensor_descriptor"", ""pointer""], ""atomic_indexing"": [], ""pid_type"": ""flat""}","{""arg0_ndim"": 2, ""arg0_dim0"": 2048, ""arg0_dim1"": 5120, ""arg0_numel"": 10485760, ""arg0_dtype"": ""torch.bfloat16"", ""arg0_dtype_size"": 2, ""arg0_dtype_cat"": 2, ""arg1_ndim"": 1, ""arg1_dim0"": 5120, ""arg1_numel"": 5120, ""arg1_dtype"": ""torch.bfloat16"", ""arg1_dtype_size"": 2, ""arg1_dtype_cat"": 2}",0.016383999958634377
rms_norm,6de0c35942e9773c,964bbd2b95871270,"{""block_sizes"": [1], ""reduction_loops"": [null], ""range_unroll_factors"": [0], ""range_warp_specializes"": [null], ""range_num_stages"": [0], ""range_multi_buffers"": [null], ""range_flattens"": [null], ""load_eviction_policies"": ["""", """", """", ""first"", """"], ""num_warps"": 8, ""num_stages"": 6, ""indexing"": [""pointer"", ""tensor_descriptor"", ""tensor_descriptor"", ""tensor_descriptor"", ""pointer"", ""tensor_descriptor"", ""tensor_descriptor""], ""atomic_indexing"": [], ""pid_type"": ""flat""}","{""arg0_ndim"": 2, ""arg0_dim0"": 2048, ""arg0_dim1"": 5120, ""arg0_numel"": 10485760, ""arg0_dtype"": ""torch.bfloat16"", ""arg0_dtype_size"": 2, ""arg0_dtype_cat"": 2, ""arg1_ndim"": 1, ""arg1_dim0"": 5120, ""arg1_numel"": 5120, ""arg1_dtype"": ""torch.bfloat16"", ""arg1_dtype_size"": 2, ""arg1_dtype_cat"": 2}",0.016383999958634377
rms_norm,6de0c35942e9773c,a0bad60454a64a49,"{""block_sizes"": [1], ""reduction_loops"": [null], ""range_unroll_factors"": [0], ""range_warp_specializes"": [null], ""range_num_stages"": [0], ""range_multi_buffers"": [null], ""range_flattens"": [null], ""load_eviction_policies"": [""first"", ""last"", ""last"", """", ""last""], ""num_warps"": 16, ""num_stages"": 4, ""indexing"": [""pointer"", ""tensor_descriptor"", ""pointer"", ""pointer"", ""pointer"", ""pointer"", ""pointer""], ""atomic_indexing"": [], ""pid_type"": ""flat""}","{""arg0_ndim"": 2, ""arg0_dim0"": 2048, ""arg0_dim1"": 5120, ""arg0_numel"": 10485760, ""arg0_dtype"": ""torch.bfloat16"", ""arg0_dtype_size"": 2, ""arg0_dtype_cat"": 2, ""arg1_ndim"": 1, ""arg1_dim0"": 5120, ""arg1_numel"": 5120, ""arg1_dtype"": ""torch.bfloat16"", ""arg1_dtype_size"": 2, ""arg1_dtype_cat"": 2}",0.016383999958634377
rms_norm,6de0c35942e9773c,45b47d2b716e8754,"{""block_sizes"": [4], ""reduction_loops"": [null], ""range_unroll_factors"": [0], ""range_warp_specializes"": [null], ""range_num_stages"": [0], ""range_multi_buffers"": [null], ""range_flattens"": [null], ""load_eviction_policies"": [""first"", """", """", ""last"", ""last""], ""num_warps"": 2, ""num_stages"": 5, ""indexing"": [""pointer"", ""tensor_descriptor"", ""tensor_descriptor"", ""tensor_descriptor"", ""tensor_descriptor"", ""pointer"", ""pointer""], ""atomic_indexing"": [], ""pid_type"": ""flat""}","{""arg0_ndim"": 2, ""arg0_dim0"": 2048, ""arg0_dim1"": 5120, ""arg0_numel"": 10485760, ""arg0_dtype"": ""torch.bfloat16"", ""arg0_dtype_size"": 2, ""arg0_dtype_cat"": 2, ""arg1_ndim"": 1, ""arg1_dim0"": 5120, ""arg1_numel"": 5120, ""arg1_dtype"": ""torch.bfloat16"", ""arg1_dtype_size"": 2, ""arg1_dtype_cat"": 2}",0.12089599668979645
rms_norm,6de0c35942e9773c,0e08e3ec9a7b2c1e,"{""block_sizes"": [4], ""reduction_loops"": [null], ""range_unroll_factors"": [0], ""range_warp_specializes"": [null], ""range_num_stages"": [0], ""range_multi_buffers"": [null], ""range_flattens"": [null], ""load_eviction_policies"": [""first"", ""last"", """", ""first"", """"], ""num_warps"": 2, ""num_stages"": 3, ""indexing"": [""pointer"", ""tensor_descriptor"", ""pointer"", ""tensor_descriptor"", ""tensor_descriptor"", ""tensor_descriptor"", ""tensor_descriptor""], ""atomic_indexing"": [], ""pid_type"": ""flat""}","{""arg0_ndim"": 2, ""arg0_dim0"": 2048, ""arg0_dim1"": 5120, ""arg0_numel"": 10485760, ""arg0_dtype"": ""torch.bfloat16"", ""arg0_dtype_size"": 2, ""arg0_dtype_cat"": 2, ""arg1_ndim"": 1, ""arg1_dim0"": 5120, ""arg1_numel"": 5120, ""arg1_dtype"": ""torch.bfloat16"", ""arg1_dtype_size"": 2, ""arg1_dtype_cat"": 2}",0.15782399475574493
rms_norm,6de0c35942e9773c,a3c8f5854ffdaebc,"{""block_sizes"": [16], ""reduction_loops"": [null], ""range_unroll_factors"": [0], ""range_warp_specializes"": [null], ""range_num_stages"": [0], ""range_multi_buffers"": [null], ""range_flattens"": [null], ""load_eviction_policies"": ["""", """", ""first"", """", ""last""], ""num_warps"": 4, ""num_stages"": 5, ""indexing"": [""pointer"", ""pointer"", ""pointer"", ""pointer"", ""pointer"", ""pointer"", ""pointer""], ""atomic_indexing"": [], ""pid_type"": ""flat""}","{""arg0_ndim"": 2, ""arg0_dim0"": 2048, ""arg0_dim1"": 5120, ""arg0_numel"": 10485760, ""arg0_dtype"": ""torch.bfloat16"", ""arg0_dtype_size"": 2, ""arg0_dtype_cat"": 2, ""arg1_ndim"": 1, ""arg1_dim0"": 5120, ""arg1_numel"": 5120, ""arg1_dtype"": ""torch.bfloat16"", ""arg1_dtype_size"": 2, ""arg1_dtype_cat"": 2}",0.25196799635887146
rms_norm,6de0c35942e9773c,df5f9e1409cfd8bd,"{""block_sizes"": [16], ""reduction_loops"": [null], ""range_unroll_factors"": [0], ""range_warp_specializes"": [null], ""range_num_stages"": [0], ""range_multi_buffers"": [null], ""range_flattens"": [null], ""load_eviction_policies"": ["""", """", ""last"", """", ""first""], ""num_warps"": 4, ""num_stages"": 1, ""indexing"": [""pointer"", ""pointer"", ""pointer"", ""pointer"", ""pointer"", ""tensor_descriptor"", ""tensor_descriptor""], ""atomic_indexing"": [], ""pid_type"": ""flat""}","{""arg0_ndim"": 2, ""arg0_dim0"": 2048, ""arg0_dim1"": 5120, ""arg0_numel"": 10485760, ""arg0_dtype"": ""torch.bfloat16"", ""arg0_dtype_size"": 2, ""arg0_dtype_cat"": 2, ""arg1_ndim"": 1, ""arg1_dim0"": 5120, ""arg1_numel"": 5120, ""arg1_dtype"": ""torch.bfloat16"", ""arg1_dtype_size"": 2, ""arg1_dtype_cat"": 2}",0.25196799635887146
rms_norm,5cd72695d4e0c0a7,24745e38d713c198,"{""block_sizes"": [2], ""reduction_loops"": [null], ""range_unroll_factors"": [0], ""range_warp_specializes"": [null], ""range_num_stages"": [0], ""range_multi_buffers"": [null], ""range_flattens"": [null], ""load_eviction_policies"": [""last"", ""first"", ""first"", """", """"], ""num_warps"": 4, ""num_stages"": 6, ""indexing"": [""pointer"", ""pointer"", ""pointer"", ""tensor_descriptor"", ""tensor_descriptor"", ""pointer"", ""pointer""], ""atomic_indexing"": [], ""pid_type"": ""flat""}","{""arg0_ndim"": 2, ""arg0_dim0"": 2048, ""arg0_dim1"": 6144, ""arg0_numel"": 12582912, ""arg0_dtype"": ""torch.bfloat16"", ""arg0_dtype_size"": 2, ""arg0_dtype_cat"": 2, ""arg1_ndim"": 1, ""arg1_dim0"": 6144, ""arg1_numel"": 6144, ""arg1_dtype"": ""torch.bfloat16"", ""arg1_dtype_size"": 2, ""arg1_dtype_cat"": 2}",0.016416000202298164
rms_norm,5cd72695d4e0c0a7,180c35ef192d14f2,"{""block_sizes"": [2], ""reduction_loops"": [null], ""range_unroll_factors"": [0], ""range_warp_specializes"": [null], ""range_num_stages"": [0], ""range_multi_buffers"": [null], ""range_flattens"": [null], ""load_eviction_policies"": ["""", """", ""last"", """", """"], ""num_warps"": 1, ""num_stages"": 2, ""indexing"": [""pointer"", ""pointer"", ""pointer"", ""pointer"", ""pointer"", ""pointer"", ""pointer""], ""atomic_indexing"": [], ""pid_type"": ""flat""}","{""arg0_ndim"": 2, ""arg0_dim0"": 2048, ""arg0_dim1"": 6144, ""arg0_numel"": 12582912, ""arg0_dtype"": ""torch.bfloat16"", ""arg0_dtype_size"": 2, ""arg0_dtype_cat"": 2, ""arg1_ndim"": 1, ""arg1_dim0"": 6144, ""arg1_numel"": 6144, ""arg1_dtype"": ""torch.bfloat16"", ""arg1_dtype_size"": 2, ""arg1_dtype_cat"": 2}",0.10038399696350098
rms_norm,5cd72695d4e0c0a7,7bfccb3790afd320,"{""block_sizes"": [2], ""reduction_loops"": [2048], ""range_unroll_factors"": [0], ""range_warp_specializes"": [null], ""range_num_stages"": [0], ""range_multi_buffers"": [null], ""range_flattens"": [null], ""load_eviction_policies"": [""last"", """", ""last"", """", """"], ""num_warps"": 8, ""num_stages"": 1, ""indexing"": [""pointer"", ""pointer"", ""pointer"", ""tensor_descriptor"", ""pointer"", ""tensor_descriptor"", ""tensor_descriptor""], ""atomic_indexing"": [], ""pid_type"": ""flat""}","{""arg0_ndim"": 2, ""arg0_dim0"": 2048, ""arg0_dim1"": 6144, ""arg0_numel"": 12582912, ""arg0_dtype"": ""torch.bfloat16"", ""arg0_dtype_size"": 2, ""arg0_dtype_cat"": 2, ""arg1_ndim"": 1, ""arg1_dim0"": 6144, ""arg1_numel"": 6144, ""arg1_dtype"": ""torch.bfloat16"", ""arg1_dtype_size"": 2, ""arg1_dtype_cat"": 2}",0.014368000440299511
rms_norm,5cd72695d4e0c0a7,b700865abbecc460,"{""block_sizes"": [1], ""reduction_loops"": [null], ""range_unroll_factors"": [0], ""range_warp_specializes"": [null], ""range_num_stages"": [0], ""range_multi_buffers"": [null], ""range_flattens"": [null], ""load_eviction_policies"": [""first"", """", ""last"", ""last"", """"], ""num_warps"": 16, ""num_stages"": 1, ""indexing"": [""tensor_descriptor"", ""tensor_descriptor"", ""pointer"", ""tensor_descriptor"", ""tensor_descriptor"", ""pointer"", ""tensor_descriptor""], ""atomic_indexing"": [], ""pid_type"": ""flat""}","{""arg0_ndim"": 2, ""arg0_dim0"": 2048, ""arg0_dim1"": 6144, ""arg0_numel"": 12582912, ""arg0_dtype"": ""torch.bfloat16"", ""arg0_dtype_size"": 2, ""arg0_dtype_cat"": 2, ""arg1_ndim"": 1, ""arg1_dim0"": 6144, ""arg1_numel"": 6144, ""arg1_dtype"": ""torch.bfloat16"", ""arg1_dtype_size"": 2, ""arg1_dtype_cat"": 2}",0.016383999958634377
rms_norm,5cd72695d4e0c0a7,73a4bcfe84591dcd,"{""block_sizes"": [1], ""reduction_loops"": [8192], ""range_unroll_factors"": [0], ""range_warp_specializes"": [null], ""range_num_stages"": [0], ""range_multi_buffers"": [null], ""range_flattens"": [null], ""load_eviction_policies"": ["""", """", """", """", """"], ""num_warps"": 8, ""num_stages"": 4, ""indexing"": [""pointer"", ""pointer"", ""tensor_descriptor"", ""pointer"", ""pointer"", ""tensor_descriptor"", ""tensor_descriptor""], ""atomic_indexing"": [], ""pid_type"": ""flat""}","{""arg0_ndim"": 2, ""arg0_dim0"": 2048, ""arg0_dim1"": 6144, ""arg0_numel"": 12582912, ""arg0_dtype"": ""torch.bfloat16"", ""arg0_dtype_size"": 2, ""arg0_dtype_cat"": 2, ""arg1_ndim"": 1, ""arg1_dim0"": 6144, ""arg1_numel"": 6144, ""arg1_dtype"": ""torch.bfloat16"", ""arg1_dtype_size"": 2, ""arg1_dtype_cat"": 2}",0.018432000651955605
rms_norm,5cd72695d4e0c0a7,6d53c3602b79725b,"{""block_sizes"": [1], ""reduction_loops"": [8192], ""range_unroll_factors"": [0], ""range_warp_specializes"": [null], ""range_num_stages"": [0], ""range_multi_buffers"": [null], ""range_flattens"": [null], ""load_eviction_policies"": ["""", ""first"", ""last"", """", """"], ""num_warps"": 8, ""num_stages"": 3, ""indexing"": [""pointer"", ""tensor_descriptor"", ""pointer"", ""pointer"", ""pointer"", ""tensor_descriptor"", ""pointer""], ""atomic_indexing"": [], ""pid_type"": ""flat""}","{""arg0_ndim"": 2, ""arg0_dim0"": 2048, ""arg0_dim1"": 6144, ""arg0_numel"": 12582912, ""arg0_dtype"": ""torch.bfloat16"", ""arg0_dtype_size"": 2, ""arg0_dtype_cat"": 2, ""arg1_ndim"": 1, ""arg1_dim0"": 6144, ""arg1_numel"": 6144, ""arg1_dtype"": ""torch.bfloat16"", ""arg1_dtype_size"": 2, ""arg1_dtype_cat"": 2}",0.018432000651955605
rms_norm,5cd72695d4e0c0a7,ce65586612391f94,"{""block_sizes"": [32], ""reduction_loops"": [null], ""range_unroll_factors"": [0], ""range_warp_specializes"": [null], ""range_num_stages"": [0], ""range_multi_buffers"": [null], ""range_flattens"": [null], ""load_eviction_policies"": ["""", """", """", """", """"], ""num_warps"": 4, ""num_stages"": 1, ""indexing"": [""pointer"", ""pointer"", ""pointer"", ""pointer"", ""pointer"", ""pointer"", ""pointer""], ""atomic_indexing"": [], ""pid_type"": ""flat""}","{""arg0_ndim"": 2, ""arg0_dim0"": 2048, ""arg0_dim1"": 6144, ""arg0_numel"": 12582912, ""arg0_dtype"": ""torch.bfloat16"", ""arg0_dtype_size"": 2, ""arg0_dtype_cat"": 2, ""arg1_ndim"": 1, ""arg1_dim0"": 6144, ""arg1_numel"": 6144, ""arg1_dtype"": ""torch.bfloat16"", ""arg1_dtype_size"": 2, ""arg1_dtype_cat"": 2}",0.4936000108718872
rms_norm,5cd72695d4e0c0a7,fa68d1735ed55be8,"{""block_sizes"": [16], ""reduction_loops"": [null], ""range_unroll_factors"": [1], ""range_warp_specializes"": [null], ""range_num_stages"": [2], ""range_multi_buffers"": [null], ""range_flattens"": [null], ""load_eviction_policies"": [""first"", ""last"", ""last"", """", ""last""], ""num_warps"": 16, ""num_stages"": 8, ""indexing"": [""tensor_descriptor"", ""pointer"", ""tensor_descriptor"", ""pointer"", ""pointer"", ""pointer"", ""pointer""], ""atomic_indexing"": [], ""pid_type"": ""persistent_interleaved"", ""num_sm_multiplier"": 1}","{""arg0_ndim"": 2, ""arg0_dim0"": 2048, ""arg0_dim1"": 6144, ""arg0_numel"": 12582912, ""arg0_dtype"": ""torch.bfloat16"", ""arg0_dtype_size"": 2, ""arg0_dtype_cat"": 2, ""arg1_ndim"": 1, ""arg1_dim0"": 6144, ""arg1_numel"": 6144, ""arg1_dtype"": ""torch.bfloat16"", ""arg1_dtype_size"": 2, ""arg1_dtype_cat"": 2}",0.06547199934720993
rms_norm,5cd72695d4e0c0a7,1979210a312b6290,"{""block_sizes"": [16], ""reduction_loops"": [256], ""range_unroll_factors"": [0], ""range_warp_specializes"": [null], ""range_num_stages"": [0], ""range_multi_buffers"": [null], ""range_flattens"": [null], ""load_eviction_policies"": [""first"", """", ""last"", ""last"", """"], ""num_warps"": 16, ""num_stages"": 4, ""indexing"": [""tensor_descriptor"", ""tensor_descriptor"", ""tensor_descriptor"", ""tensor_descriptor"", ""tensor_descriptor"", ""tensor_descriptor"", ""tensor_descriptor""], ""atomic_indexing"": [], ""pid_type"": ""flat""}","{""arg0_ndim"": 2, ""arg0_dim0"": 2048, ""arg0_dim1"": 6144, ""arg0_numel"": 12582912, ""arg0_dtype"": ""torch.bfloat16"", ""arg0_dtype_size"": 2, ""arg0_dtype_cat"": 2, ""arg1_ndim"": 1, ""arg1_dim0"": 6144, ""arg1_numel"": 6144, ""arg1_dtype"": ""torch.bfloat16"", ""arg1_dtype_size"": 2, ""arg1_dtype_cat"": 2}",0.0306560005992651
rms_norm,5cd72695d4e0c0a7,832d9cc41c9b5249,"{""block_sizes"": [2], ""reduction_loops"": [null], ""range_unroll_factors"": [0], ""range_warp_specializes"": [null], ""range_num_stages"": [0], ""range_multi_buffers"": [null], ""range_flattens"": [null], ""load_eviction_policies"": [""first"", ""last"", ""first"", ""first"", ""last""], ""num_warps"": 1, ""num_stages"": 8, ""indexing"": [""pointer"", ""pointer"", ""tensor_descriptor"", ""pointer"", ""pointer"", ""tensor_descriptor"", ""pointer""], ""atomic_indexing"": [], ""pid_type"": ""flat""}","{""arg0_ndim"": 2, ""arg0_dim0"": 2048, ""arg0_dim1"": 6144, ""arg0_numel"": 12582912, ""arg0_dtype"": ""torch.bfloat16"", ""arg0_dtype_size"": 2, ""arg0_dtype_cat"": 2, ""arg1_ndim"": 1, ""arg1_dim0"": 6144, ""arg1_numel"": 6144, ""arg1_dtype"": ""torch.bfloat16"", ""arg1_dtype_size"": 2, ""arg1_dtype_cat"": 2}",0.10054399818181992
rms_norm,5cd72695d4e0c0a7,5f3510d018a1da2c,"{""block_sizes"": [2], ""reduction_loops"": [null], ""range_unroll_factors"": [0], ""range_warp_specializes"": [null], ""range_num_stages"": [0], ""range_multi_buffers"": [null], ""range_flattens"": [null], ""load_eviction_policies"": ["""", """", ""first"", """", """"], ""num_warps"": 1, ""num_stages"": 1, ""indexing"": [""pointer"", ""pointer"", ""tensor_descriptor"", ""tensor_descriptor"", ""pointer"", ""pointer"", ""pointer""], ""atomic_indexing"": [], ""pid_type"": ""flat""}","{""arg0_ndim"": 2, ""arg0_dim0"": 2048, ""arg0_dim1"": 6144, ""arg0_numel"": 12582912, ""arg0_dtype"": ""torch.bfloat16"", ""arg0_dtype_size"": 2, ""arg0_dtype_cat"": 2, ""arg1_ndim"": 1, ""arg1_dim0"": 6144, ""arg1_numel"": 6144, ""arg1_dtype"": ""torch.bfloat16"", ""arg1_dtype_size"": 2, ""arg1_dtype_cat"": 2}",0.09849599748849869
rms_norm,5cd72695d4e0c0a7,c6373fe598a919dd,"{""block_sizes"": [8], ""reduction_loops"": [null], ""range_unroll_factors"": [0], ""range_warp_specializes"": [null], ""range_num_stages"": [0], ""range_multi_buffers"": [null], ""range_flattens"": [null], ""load_eviction_policies"": ["""", """", ""first"", """", """"], ""num_warps"": 16, ""num_stages"": 6, ""indexing"": [""pointer"", ""pointer"", ""pointer"", ""tensor_descriptor"", ""pointer"", ""pointer"", ""pointer""], ""atomic_indexing"": [], ""pid_type"": ""flat""}","{""arg0_ndim"": 2, ""arg0_dim0"": 2048, ""arg0_dim1"": 6144, ""arg0_numel"": 12582912, ""arg0_dtype"": ""torch.bfloat16"", ""arg0_dtype_size"": 2, ""arg0_dtype_cat"": 2, ""arg1_ndim"": 1, ""arg1_dim0"": 6144, ""arg1_numel"": 6144, ""arg1_dtype"": ""torch.bfloat16"", ""arg1_dtype_size"": 2, ""arg1_dtype_cat"": 2}",0.020479999482631683
rms_norm,5cd72695d4e0c0a7,482f430b8c9d8e8e,"{""block_sizes"": [2], ""reduction_loops"": [2048], ""range_unroll_factors"": [0], ""range_warp_specializes"": [null], ""range_num_stages"": [0], ""range_multi_buffers"": [null], ""range_flattens"": [null], ""load_eviction_policies"": [""last"", ""first"", ""last"", ""first"", ""first""], ""num_warps"": 2, ""num_stages"": 1, ""indexing"": [""tensor_descriptor"", ""pointer"", ""tensor_descriptor"", ""tensor_descriptor"", ""pointer"", ""tensor_descriptor"", ""tensor_descriptor""], ""atomic_indexing"": [], ""pid_type"": ""flat""}","{""arg0_ndim"": 2, ""arg0_dim0"": 2048, ""arg0_dim1"": 6144, ""arg0_numel"": 12582912, ""arg0_dtype"": ""torch.bfloat16"", ""arg0_dtype_size"": 2, ""arg0_dtype_cat"": 2, ""arg1_ndim"": 1, ""arg1_dim0"": 6144, ""arg1_numel"": 6144, ""arg1_dtype"": ""torch.bfloat16"", ""arg1_dtype_size"": 2, ""arg1_dtype_cat"": 2}",0.014368000440299511
rms_norm,5cd72695d4e0c0a7,816644cab655d611,"{""block_sizes"": [2], ""reduction_loops"": [2048], ""range_unroll_factors"": [0], ""range_warp_specializes"": [null], ""range_num_stages"": [0], ""range_multi_buffers"": [null], ""range_flattens"": [null], ""load_eviction_policies"": ["""", ""first"", ""last"", ""last"", """"], ""num_warps"": 8, ""num_stages"": 3, ""indexing"": [""pointer"", ""tensor_descriptor"", ""tensor_descriptor"", ""pointer"", ""tensor_descriptor"", ""pointer"", ""tensor_descriptor""], ""atomic_indexing"": [], ""pid_type"": ""flat""}","{""arg0_ndim"": 2, ""arg0_dim0"": 2048, ""arg0_dim1"": 6144, ""arg0_numel"": 12582912, ""arg0_dtype"": ""torch.bfloat16"", ""arg0_dtype_size"": 2, ""arg0_dtype_cat"": 2, ""arg1_ndim"": 1, ""arg1_dim0"": 6144, ""arg1_numel"": 6144, ""arg1_dtype"": ""torch.bfloat16"", ""arg1_dtype_size"": 2, ""arg1_dtype_cat"": 2}",0.016383999958634377
rms_norm,5cd72695d4e0c0a7,3abfa9907ca4fa3a,"{""block_sizes"": [1], ""reduction_loops"": [null], ""range_unroll_factors"": [0], ""range_warp_specializes"": [null], ""range_num_stages"": [0], ""range_multi_buffers"": [null], ""range_flattens"": [null], ""load_eviction_policies"": ["""", ""last"", ""last"", """", """"], ""num_warps"": 4, ""num_stages"": 2, ""indexing"": [""pointer"", ""pointer"", ""pointer"", ""tensor_descriptor"", ""pointer"", ""tensor_descriptor"", ""pointer""], ""atomic_indexing"": [], ""pid_type"": ""flat""}","{""arg0_ndim"": 2, ""arg0_dim0"": 2048, ""arg0_dim1"": 6144, ""arg0_numel"": 12582912, ""arg0_dtype"": ""torch.bfloat16"", ""arg0_dtype_size"": 2, ""arg0_dtype_cat"": 2, ""arg1_ndim"": 1, ""arg1_dim0"": 6144, ""arg1_numel"": 6144, ""arg1_dtype"": ""torch.bfloat16"", ""arg1_dtype_size"": 2, ""arg1_dtype_cat"": 2}",0.018432000651955605
rms_norm,5cd72695d4e0c0a7,87b2f26661fd2925,"{""block_sizes"": [1], ""reduction_loops"": [null], ""range_unroll_factors"": [0], ""range_warp_specializes"": [null], ""range_num_stages"": [0], ""range_multi_buffers"": [null], ""range_flattens"": [null], ""load_eviction_policies"": ["""", ""last"", ""last"", ""first"", """"], ""num_warps"": 8, ""num_stages"": 2, ""indexing"": [""tensor_descriptor"", ""tensor_descriptor"", ""tensor_descriptor"", ""tensor_descriptor"", ""pointer"", ""pointer"", ""tensor_descriptor""], ""atomic_indexing"": [], ""pid_type"": ""flat""}","{""arg0_ndim"": 2, ""arg0_dim0"": 2048, ""arg0_dim1"": 6144, ""arg0_numel"": 12582912, ""arg0_dtype"": ""torch.bfloat16"", ""arg0_dtype_size"": 2, ""arg0_dtype_cat"": 2, ""arg1_ndim"": 1, ""arg1_dim0"": 6144, ""arg1_numel"": 6144, ""arg1_dtype"": ""torch.bfloat16"", ""arg1_dtype_size"": 2, ""arg1_dtype_cat"": 2}",0.016383999958634377
rms_norm,5cd72695d4e0c0a7,7c1f654402c9dd7f,"{""block_sizes"": [1], ""reduction_loops"": [1024], ""range_unroll_factors"": [0], ""range_warp_specializes"": [null], ""range_num_stages"": [0], ""range_multi_buffers"": [null], ""range_flattens"": [null], ""load_eviction_policies"": ["""", ""first"", """", ""last"", ""first""], ""num_warps"": 4, ""num_stages"": 3, ""indexing"": [""pointer"", ""tensor_descriptor"", ""tensor_descriptor"", ""tensor_descriptor"", ""tensor_descriptor"", ""pointer"", ""pointer""], ""atomic_indexing"": [], ""pid_type"": ""flat""}","{""arg0_ndim"": 2, ""arg0_dim0"": 2048, ""arg0_dim1"": 6144, ""arg0_numel"": 12582912, ""arg0_dtype"": ""torch.bfloat16"", ""arg0_dtype_size"": 2, ""arg0_dtype_cat"": 2, ""arg1_ndim"": 1, ""arg1_dim0"": 6144, ""arg1_numel"": 6144, ""arg1_dtype"": ""torch.bfloat16"", ""arg1_dtype_size"": 2, ""arg1_dtype_cat"": 2}",0.0163199994713068
rms_norm,5cd72695d4e0c0a7,306f51b1d2d06f98,"{""block_sizes"": [1], ""reduction_loops"": [1024], ""range_unroll_factors"": [0], ""range_warp_specializes"": [null], ""range_num_stages"": [0], ""range_multi_buffers"": [null], ""range_flattens"": [null], ""load_eviction_policies"": ["""", ""first"", """", """", ""last""], ""num_warps"": 4, ""num_stages"": 5, ""indexing"": [""pointer"", ""tensor_descriptor"", ""tensor_descriptor"", ""pointer"", ""pointer"", ""tensor_descriptor"", ""tensor_descriptor""], ""atomic_indexing"": [], ""pid_type"": ""flat""}","{""arg0_ndim"": 2, ""arg0_dim0"": 2048, ""arg0_dim1"": 6144, ""arg0_numel"": 12582912, ""arg0_dtype"": ""torch.bfloat16"", ""arg0_dtype_size"": 2, ""arg0_dtype_cat"": 2, ""arg1_ndim"": 1, ""arg1_dim0"": 6144, ""arg1_numel"": 6144, ""arg1_dtype"": ""torch.bfloat16"", ""arg1_dtype_size"": 2, ""arg1_dtype_cat"": 2}",0.01635199971497059
rms_norm,5cd72695d4e0c0a7,5c295017bd009288,"{""block_sizes"": [1], ""reduction_loops"": [null], ""range_unroll_factors"": [0], ""range_warp_specializes"": [null], ""range_num_stages"": [0], ""range_multi_buffers"": [null], ""range_flattens"": [null], ""load_eviction_policies"": [""first"", """", ""last"", """", ""last""], ""num_warps"": 16, ""num_stages"": 4, ""indexing"": [""tensor_descriptor"", ""pointer"", ""tensor_descriptor"", ""pointer"", ""pointer"", ""pointer"", ""pointer""], ""atomic_indexing"": [], ""pid_type"": ""flat""}","{""arg0_ndim"": 2, ""arg0_dim0"": 2048, ""arg0_dim1"": 6144, ""arg0_numel"": 12582912, ""arg0_dtype"": ""torch.bfloat16"", ""arg0_dtype_size"": 2, ""arg0_dtype_cat"": 2, ""arg1_ndim"": 1, ""arg1_dim0"": 6144, ""arg1_numel"": 6144, ""arg1_dtype"": ""torch.bfloat16"", ""arg1_dtype_size"": 2, ""arg1_dtype_cat"": 2}",0.016383999958634377
rms_norm,5cd72695d4e0c0a7,9615e7b2fea5ec90,"{""block_sizes"": [1], ""reduction_loops"": [2048], ""range_unroll_factors"": [0], ""range_warp_specializes"": [null], ""range_num_stages"": [0], ""range_multi_buffers"": [null], ""range_flattens"": [null], ""load_eviction_policies"": ["""", ""first"", ""last"", ""first"", ""last""], ""num_warps"": 8, ""num_stages"": 8, ""indexing"": [""pointer"", ""pointer"", ""pointer"", ""tensor_descriptor"", ""pointer"", ""tensor_descriptor"", ""pointer""], ""atomic_indexing"": [], ""pid_type"": ""flat""}","{""arg0_ndim"": 2, ""arg0_dim0"": 2048, ""arg0_dim1"": 6144, ""arg0_numel"": 12582912, ""arg0_dtype"": ""torch.bfloat16"", ""arg0_dtype_size"": 2, ""arg0_dtype_cat"": 2, ""arg1_ndim"": 1, ""arg1_dim0"": 6144, ""arg1_numel"": 6144, ""arg1_dtype"": ""torch.bfloat16"", ""arg1_dtype_size"": 2, ""arg1_dtype_cat"": 2}",0.016383999958634377
rms_norm,5cd72695d4e0c0a7,ef0576b1337868e5,"{""block_sizes"": [1], ""reduction_loops"": [null], ""range_unroll_factors"": [0], ""range_warp_specializes"": [null], ""range_num_stages"": [0], ""range_multi_buffers"": [null], ""range_flattens"": [null], ""load_eviction_policies"": ["""", """", ""last"", """", ""last""], ""num_warps"": 8, ""num_stages"": 6, ""indexing"": [""tensor_descriptor"", ""pointer"", ""pointer"", ""pointer"", ""pointer"", ""tensor_descriptor"", ""tensor_descriptor""], ""atomic_indexing"": [], ""pid_type"": ""flat""}","{""arg0_ndim"": 2, ""arg0_dim0"": 2048, ""arg0_dim1"": 6144, ""arg0_numel"": 12582912, ""arg0_dtype"": ""torch.bfloat16"", ""arg0_dtype_size"": 2, ""arg0_dtype_cat"": 2, ""arg1_ndim"": 1, ""arg1_dim0"": 6144, ""arg1_numel"": 6144, ""arg1_dtype"": ""torch.bfloat16"", ""arg1_dtype_size"": 2, ""arg1_dtype_cat"": 2}",0.018303999677300453
rms_norm,5cd72695d4e0c0a7,11bb6dfa80985863,"{""block_sizes"": [1], ""reduction_loops"": [null], ""range_unroll_factors"": [0], ""range_warp_specializes"": [null], ""range_num_stages"": [0], ""range_multi_buffers"": [null], ""range_flattens"": [null], ""load_eviction_policies"": [""first"", """", ""last"", """", """"], ""num_warps"": 16, ""num_stages"": 2, ""indexing"": [""tensor_descriptor"", ""pointer"", ""pointer"", ""pointer"", ""tensor_descriptor"", ""tensor_descriptor"", ""pointer""], ""atomic_indexing"": [], ""pid_type"": ""flat""}","{""arg0_ndim"": 2, ""arg0_dim0"": 2048, ""arg0_dim1"": 6144, ""arg0_numel"": 12582912, ""arg0_dtype"": ""torch.bfloat16"", ""arg0_dtype_size"": 2, ""arg0_dtype_cat"": 2, ""arg1_ndim"": 1, ""arg1_dim0"": 6144, ""arg1_numel"": 6144, ""arg1_dtype"": ""torch.bfloat16"", ""arg1_dtype_size"": 2, ""arg1_dtype_cat"": 2}",0.016383999958634377
rms_norm,5cd72695d4e0c0a7,964bbd2b95871270,"{""block_sizes"": [1], ""reduction_loops"": [null], ""range_unroll_factors"": [0], ""range_warp_specializes"": [null], ""range_num_stages"": [0], ""range_multi_buffers"": [null], ""range_flattens"": [null], ""load_eviction_policies"": ["""", """", """", ""first"", """"], ""num_warps"": 8, ""num_stages"": 6, ""indexing"": [""pointer"", ""tensor_descriptor"", ""tensor_descriptor"", ""tensor_descriptor"", ""pointer"", ""tensor_descriptor"", ""tensor_descriptor""], ""atomic_indexing"": [], ""pid_type"": ""flat""}","{""arg0_ndim"": 2, ""arg0_dim0"": 2048, ""arg0_dim1"": 6144, ""arg0_numel"": 12582912, ""arg0_dtype"": ""torch.bfloat16"", ""arg0_dtype_size"": 2, ""arg0_dtype_cat"": 2, ""arg1_ndim"": 1, ""arg1_dim0"": 6144, ""arg1_numel"": 6144, ""arg1_dtype"": ""torch.bfloat16"", ""arg1_dtype_size"": 2, ""arg1_dtype_cat"": 2}",0.018303999677300453
rms_norm,5cd72695d4e0c0a7,a0bad60454a64a49,"{""block_sizes"": [1], ""reduction_loops"": [null], ""range_unroll_factors"": [0], ""range_warp_specializes"": [null], ""range_num_stages"": [0], ""range_multi_buffers"": [null], ""range_flattens"": [null], ""load_eviction_policies"": [""first"", ""last"", ""last"", """", ""last""], ""num_warps"": 16, ""num_stages"": 4, ""indexing"": [""pointer"", ""tensor_descriptor"", ""pointer"", ""pointer"", ""pointer"", ""pointer"", ""pointer""], ""atomic_indexing"": [], ""pid_type"": ""flat""}","{""arg0_ndim"": 2, ""arg0_dim0"": 2048, ""arg0_dim1"": 6144, ""arg0_numel"": 12582912, ""arg0_dtype"": ""torch.bfloat16"", ""arg0_dtype_size"": 2, ""arg0_dtype_cat"": 2, ""arg1_ndim"": 1, ""arg1_dim0"": 6144, ""arg1_numel"": 6144, ""arg1_dtype"": ""torch.bfloat16"", ""arg1_dtype_size"": 2, ""arg1_dtype_cat"": 2}",0.016383999958634377
rms_norm,5cd72695d4e0c0a7,45b47d2b716e8754,"{""block_sizes"": [4], ""reduction_loops"": [null], ""range_unroll_factors"": [0], ""range_warp_specializes"": [null], ""range_num_stages"": [0], ""range_multi_buffers"": [null], ""range_flattens"": [null], ""load_eviction_policies"": [""first"", """", """", ""last"", ""last""], ""num_warps"": 2, ""num_stages"": 5, ""indexing"": [""pointer"", ""tensor_descriptor"", ""tensor_descriptor"", ""tensor_descriptor"", ""tensor_descriptor"", ""pointer"", ""pointer""], ""atomic_indexing"": [], ""pid_type"": ""flat""}","{""arg0_ndim"": 2, ""arg0_dim0"": 2048, ""arg0_dim1"": 6144, ""arg0_numel"": 12582912, ""arg0_dtype"": ""torch.bfloat16"", ""arg0_dtype_size"": 2, ""arg0_dtype_cat"": 2, ""arg1_ndim"": 1, ""arg1_dim0"": 6144, ""arg1_numel"": 6144, ""arg1_dtype"": ""torch.bfloat16"", ""arg1_dtype_size"": 2, ""arg1_dtype_cat"": 2}",0.12505599856376648
rms_norm,5cd72695d4e0c0a7,0e08e3ec9a7b2c1e,"{""block_sizes"": [4], ""reduction_loops"": [null], ""range_unroll_factors"": [0], ""range_warp_specializes"": [null], ""range_num_stages"": [0], ""range_multi_buffers"": [null], ""range_flattens"": [null], ""load_eviction_policies"": [""first"", ""last"", """", ""first"", """"], ""num_warps"": 2, ""num_stages"": 3, ""indexing"": [""pointer"", ""tensor_descriptor"", ""pointer"", ""tensor_descriptor"", ""tensor_descriptor"", ""tensor_descriptor"", ""tensor_descriptor""], ""atomic_indexing"": [], ""pid_type"": ""flat""}","{""arg0_ndim"": 2, ""arg0_dim0"": 2048, ""arg0_dim1"": 6144, ""arg0_numel"": 12582912, ""arg0_dtype"": ""torch.bfloat16"", ""arg0_dtype_size"": 2, ""arg0_dtype_cat"": 2, ""arg1_ndim"": 1, ""arg1_dim0"": 6144, ""arg1_numel"": 6144, ""arg1_dtype"": ""torch.bfloat16"", ""arg1_dtype_size"": 2, ""arg1_dtype_cat"": 2}",0.16182400286197662
rms_norm,5cd72695d4e0c0a7,a3c8f5854ffdaebc,"{""block_sizes"": [16], ""reduction_loops"": [null], ""range_unroll_factors"": [0], ""range_warp_specializes"": [null], ""range_num_stages"": [0], ""range_multi_buffers"": [null], ""range_flattens"": [null], ""load_eviction_policies"": ["""", """", ""first"", """", ""last""], ""num_warps"": 4, ""num_stages"": 5, ""indexing"": [""pointer"", ""pointer"", ""pointer"", ""pointer"", ""pointer"", ""pointer"", ""pointer""], ""atomic_indexing"": [], ""pid_type"": ""flat""}","{""arg0_ndim"": 2, ""arg0_dim0"": 2048, ""arg0_dim1"": 6144, ""arg0_numel"": 12582912, ""arg0_dtype"": ""torch.bfloat16"", ""arg0_dtype_size"": 2, ""arg0_dtype_cat"": 2, ""arg1_ndim"": 1, ""arg1_dim0"": 6144, ""arg1_numel"": 6144, ""arg1_dtype"": ""torch.bfloat16"", ""arg1_dtype_size"": 2, ""arg1_dtype_cat"": 2}",0.2622080147266388
rms_norm,5cd72695d4e0c0a7,df5f9e1409cfd8bd,"{""block_sizes"": [16], ""reduction_loops"": [null], ""range_unroll_factors"": [0], ""range_warp_specializes"": [null], ""range_num_stages"": [0], ""range_multi_buffers"": [null], ""range_flattens"": [null], ""load_eviction_policies"": ["""", """", ""last"", """", ""first""], ""num_warps"": 4, ""num_stages"": 1, ""indexing"": [""pointer"", ""pointer"", ""pointer"", ""pointer"", ""pointer"", ""tensor_descriptor"", ""tensor_descriptor""], ""atomic_indexing"": [], ""pid_type"": ""flat""}","{""arg0_ndim"": 2, ""arg0_dim0"": 2048, ""arg0_dim1"": 6144, ""arg0_numel"": 12582912, ""arg0_dtype"": ""torch.bfloat16"", ""arg0_dtype_size"": 2, ""arg0_dtype_cat"": 2, ""arg1_ndim"": 1, ""arg1_dim0"": 6144, ""arg1_numel"": 6144, ""arg1_dtype"": ""torch.bfloat16"", ""arg1_dtype_size"": 2, ""arg1_dtype_cat"": 2}",0.2621760070323944
rms_norm,a50d92342ae8ff20,24745e38d713c198,"{""block_sizes"": [2], ""reduction_loops"": [null], ""range_unroll_factors"": [0], ""range_warp_specializes"": [null], ""range_num_stages"": [0], ""range_multi_buffers"": [null], ""range_flattens"": [null], ""load_eviction_policies"": [""last"", ""first"", ""first"", """", """"], ""num_warps"": 4, ""num_stages"": 6, ""indexing"": [""pointer"", ""pointer"", ""pointer"", ""tensor_descriptor"", ""tensor_descriptor"", ""pointer"", ""pointer""], ""atomic_indexing"": [], ""pid_type"": ""flat""}","{""arg0_ndim"": 2, ""arg0_dim0"": 4096, ""arg0_dim1"": 3584, ""arg0_numel"": 14680064, ""arg0_dtype"": ""torch.bfloat16"", ""arg0_dtype_size"": 2, ""arg0_dtype_cat"": 2, ""arg1_ndim"": 1, ""arg1_dim0"": 3584, ""arg1_numel"": 3584, ""arg1_dtype"": ""torch.bfloat16"", ""arg1_dtype_size"": 2, ""arg1_dtype_cat"": 2}",0.01640000008046627
rms_norm,a50d92342ae8ff20,180c35ef192d14f2,"{""block_sizes"": [2], ""reduction_loops"": [null], ""range_unroll_factors"": [0], ""range_warp_specializes"": [null], ""range_num_stages"": [0], ""range_multi_buffers"": [null], ""range_flattens"": [null], ""load_eviction_policies"": ["""", """", ""last"", """", """"], ""num_warps"": 1, ""num_stages"": 2, ""indexing"": [""pointer"", ""pointer"", ""pointer"", ""pointer"", ""pointer"", ""pointer"", ""pointer""], ""atomic_indexing"": [], ""pid_type"": ""flat""}","{""arg0_ndim"": 2, ""arg0_dim0"": 4096, ""arg0_dim1"": 3584, ""arg0_numel"": 14680064, ""arg0_dtype"": ""torch.bfloat16"", ""arg0_dtype_size"": 2, ""arg0_dtype_cat"": 2, ""arg1_ndim"": 1, ""arg1_dim0"": 3584, ""arg1_numel"": 3584, ""arg1_dtype"": ""torch.bfloat16"", ""arg1_dtype_size"": 2, ""arg1_dtype_cat"": 2}",0.024607999250292778
rms_norm,a50d92342ae8ff20,7bfccb3790afd320,"{""block_sizes"": [2], ""reduction_loops"": [2048], ""range_unroll_factors"": [0], ""range_warp_specializes"": [null], ""range_num_stages"": [0], ""range_multi_buffers"": [null], ""range_flattens"": [null], ""load_eviction_policies"": [""last"", """", ""last"", """", """"], ""num_warps"": 8, ""num_stages"": 1, ""indexing"": [""pointer"", ""pointer"", ""pointer"", ""tensor_descriptor"", ""pointer"", ""tensor_descriptor"", ""tensor_descriptor""], ""atomic_indexing"": [], ""pid_type"": ""flat""}","{""arg0_ndim"": 2, ""arg0_dim0"": 4096, ""arg0_dim1"": 3584, ""arg0_numel"": 14680064, ""arg0_dtype"": ""torch.bfloat16"", ""arg0_dtype_size"": 2, ""arg0_dtype_cat"": 2, ""arg1_ndim"": 1, ""arg1_dim0"": 3584, ""arg1_numel"": 3584, ""arg1_dtype"": ""torch.bfloat16"", ""arg1_dtype_size"": 2, ""arg1_dtype_cat"": 2}",0.016383999958634377
rms_norm,a50d92342ae8ff20,b700865abbecc460,"{""block_sizes"": [1], ""reduction_loops"": [null], ""range_unroll_factors"": [0], ""range_warp_specializes"": [null], ""range_num_stages"": [0], ""range_multi_buffers"": [null], ""range_flattens"": [null], ""load_eviction_policies"": [""first"", """", ""last"", ""last"", """"], ""num_warps"": 16, ""num_stages"": 1, ""indexing"": [""tensor_descriptor"", ""tensor_descriptor"", ""pointer"", ""tensor_descriptor"", ""tensor_descriptor"", ""pointer"", ""tensor_descriptor""], ""atomic_indexing"": [], ""pid_type"": ""flat""}","{""arg0_ndim"": 2, ""arg0_dim0"": 4096, ""arg0_dim1"": 3584, ""arg0_numel"": 14680064, ""arg0_dtype"": ""torch.bfloat16"", ""arg0_dtype_size"": 2, ""arg0_dtype_cat"": 2, ""arg1_ndim"": 1, ""arg1_dim0"": 3584, ""arg1_numel"": 3584, ""arg1_dtype"": ""torch.bfloat16"", ""arg1_dtype_size"": 2, ""arg1_dtype_cat"": 2}",0.020479999482631683
rms_norm,a50d92342ae8ff20,73a4bcfe84591dcd,"{""block_sizes"": [1], ""reduction_loops"": [8192], ""range_unroll_factors"": [0], ""range_warp_specializes"": [null], ""range_num_stages"": [0], ""range_multi_buffers"": [null], ""range_flattens"": [null], ""load_eviction_policies"": ["""", """", """", """", """"], ""num_warps"": 8, ""num_stages"": 4, ""indexing"": [""pointer"", ""pointer"", ""tensor_descriptor"", ""pointer"", ""pointer"", ""tensor_descriptor"", ""tensor_descriptor""], ""atomic_indexing"": [], ""pid_type"": ""flat""}","{""arg0_ndim"": 2, ""arg0_dim0"": 4096, ""arg0_dim1"": 3584, ""arg0_numel"": 14680064, ""arg0_dtype"": ""torch.bfloat16"", ""arg0_dtype_size"": 2, ""arg0_dtype_cat"": 2, ""arg1_ndim"": 1, ""arg1_dim0"": 3584, ""arg1_numel"": 3584, ""arg1_dtype"": ""torch.bfloat16"", ""arg1_dtype_size"": 2, ""arg1_dtype_cat"": 2}",0.02457600086927414
rms_norm,a50d92342ae8ff20,6d53c3602b79725b,"{""block_sizes"": [1], ""reduction_loops"": [8192], ""range_unroll_factors"": [0], ""range_warp_specializes"": [null], ""range_num_stages"": [0], ""range_multi_buffers"": [null], ""range_flattens"": [null], ""load_eviction_policies"": ["""", ""first"", ""last"", """", """"], ""num_warps"": 8, ""num_stages"": 3, ""indexing"": [""pointer"", ""tensor_descriptor"", ""pointer"", ""pointer"", ""pointer"", ""tensor_descriptor"", ""pointer""], ""atomic_indexing"": [], ""pid_type"": ""flat""}","{""arg0_ndim"": 2, ""arg0_dim0"": 4096, ""arg0_dim1"": 3584, ""arg0_numel"": 14680064, ""arg0_dtype"": ""torch.bfloat16"", ""arg0_dtype_size"": 2, ""arg0_dtype_cat"": 2, ""arg1_ndim"": 1, ""arg1_dim0"": 3584, ""arg1_numel"": 3584, ""arg1_dtype"": ""torch.bfloat16"", ""arg1_dtype_size"": 2, ""arg1_dtype_cat"": 2}",0.02457600086927414
rms_norm,a50d92342ae8ff20,ce65586612391f94,"{""block_sizes"": [32], ""reduction_loops"": [null], ""range_unroll_factors"": [0], ""range_warp_specializes"": [null], ""range_num_stages"": [0], ""range_multi_buffers"": [null], ""range_flattens"": [null], ""load_eviction_policies"": ["""", """", """", """", """"], ""num_warps"": 4, ""num_stages"": 1, ""indexing"": [""pointer"", ""pointer"", ""pointer"", ""pointer"", ""pointer"", ""pointer"", ""pointer""], ""atomic_indexing"": [], ""pid_type"": ""flat""}","{""arg0_ndim"": 2, ""arg0_dim0"": 4096, ""arg0_dim1"": 3584, ""arg0_numel"": 14680064, ""arg0_dtype"": ""torch.bfloat16"", ""arg0_dtype_size"": 2, ""arg0_dtype_cat"": 2, ""arg1_ndim"": 1, ""arg1_dim0"": 3584, ""arg1_numel"": 3584, ""arg1_dtype"": ""torch.bfloat16"", ""arg1_dtype_size"": 2, ""arg1_dtype_cat"": 2}",0.23756800591945648
rms_norm,a50d92342ae8ff20,fa68d1735ed55be8,"{""block_sizes"": [16], ""reduction_loops"": [null], ""range_unroll_factors"": [1], ""range_warp_specializes"": [null], ""range_num_stages"": [2], ""range_multi_buffers"": [null], ""range_flattens"": [null], ""load_eviction_policies"": [""first"", ""last"", ""last"", """", ""last""], ""num_warps"": 16, ""num_stages"": 8, ""indexing"": [""tensor_descriptor"", ""pointer"", ""tensor_descriptor"", ""pointer"", ""pointer"", ""pointer"", ""pointer""], ""atomic_indexing"": [], ""pid_type"": ""persistent_interleaved"", ""num_sm_multiplier"": 1}","{""arg0_ndim"": 2, ""arg0_dim0"": 4096, ""arg0_dim1"": 3584, ""arg0_numel"": 14680064, ""arg0_dtype"": ""torch.bfloat16"", ""arg0_dtype_size"": 2, ""arg0_dtype_cat"": 2, ""arg1_ndim"": 1, ""arg1_dim0"": 3584, ""arg1_numel"": 3584, ""arg1_dtype"": ""torch.bfloat16"", ""arg1_dtype_size"": 2, ""arg1_dtype_cat"": 2}",0.020479999482631683
rms_norm,a50d92342ae8ff20,1979210a312b6290,"{""block_sizes"": [16], ""reduction_loops"": [256], ""range_unroll_factors"": [0], ""range_warp_specializes"": [null], ""range_num_stages"": [0], ""range_multi_buffers"": [null], ""range_flattens"": [null], ""load_eviction_policies"": [""first"", """", ""last"", ""last"", """"], ""num_warps"": 16, ""num_stages"": 4, ""indexing"": [""tensor_descriptor"", ""tensor_descriptor"", ""tensor_descriptor"", ""tensor_descriptor"", ""tensor_descriptor"", ""tensor_descriptor"", ""tensor_descriptor""], ""atomic_indexing"": [], ""pid_type"": ""flat""}","{""arg0_ndim"": 2, ""arg0_dim0"": 4096, ""arg0_dim1"": 3584, ""arg0_numel"": 14680064, ""arg0_dtype"": ""torch.bfloat16"", ""arg0_dtype_size"": 2, ""arg0_dtype_cat"": 2, ""arg1_ndim"": 1, ""arg1_dim0"": 3584, ""arg1_numel"": 3584, ""arg1_dtype"": ""torch.bfloat16"", ""arg1_dtype_size"": 2, ""arg1_dtype_cat"": 2}",0.024607999250292778
rms_norm,a50d92342ae8ff20,832d9cc41c9b5249,"{""block_sizes"": [2], ""reduction_loops"": [null], ""range_unroll_factors"": [0], ""range_warp_specializes"": [null], ""range_num_stages"": [0], ""range_multi_buffers"": [null], ""range_flattens"": [null], ""load_eviction_policies"": [""first"", ""last"", ""first"", ""first"", ""last""], ""num_warps"": 1, ""num_stages"": 8, ""indexing"": [""pointer"", ""pointer"", ""tensor_descriptor"", ""pointer"", ""pointer"", ""tensor_descriptor"", ""pointer""], ""atomic_indexing"": [], ""pid_type"": ""flat""}","{""arg0_ndim"": 2, ""arg0_dim0"": 4096, ""arg0_dim1"": 3584, ""arg0_numel"": 14680064, ""arg0_dtype"": ""torch.bfloat16"", ""arg0_dtype_size"": 2, ""arg0_dtype_cat"": 2, ""arg1_ndim"": 1, ""arg1_dim0"": 3584, ""arg1_numel"": 3584, ""arg1_dtype"": ""torch.bfloat16"", ""arg1_dtype_size"": 2, ""arg1_dtype_cat"": 2}",0.024607999250292778
rms_norm,a50d92342ae8ff20,5f3510d018a1da2c,"{""block_sizes"": [2], ""reduction_loops"": [null], ""range_unroll_factors"": [0], ""range_warp_specializes"": [null], ""range_num_stages"": [0], ""range_multi_buffers"": [null], ""range_flattens"": [null], ""load_eviction_policies"": ["""", """", ""first"", """", """"], ""num_warps"": 1, ""num_stages"": 1, ""indexing"": [""pointer"", ""pointer"", ""tensor_descriptor"", ""tensor_descriptor"", ""pointer"", ""pointer"", ""pointer""], ""atomic_indexing"": [], ""pid_type"": ""flat""}","{""arg0_ndim"": 2, ""arg0_dim0"": 4096, ""arg0_dim1"": 3584, ""arg0_numel"": 14680064, ""arg0_dtype"": ""torch.bfloat16"", ""arg0_dtype_size"": 2, ""arg0_dtype_cat"": 2, ""arg1_ndim"": 1, ""arg1_dim0"": 3584, ""arg1_numel"": 3584, ""arg1_dtype"": ""torch.bfloat16"", ""arg1_dtype_size"": 2, ""arg1_dtype_cat"": 2}",0.024607999250292778
rms_norm,a50d92342ae8ff20,c6373fe598a919dd,"{""block_sizes"": [8], ""reduction_loops"": [null], ""range_unroll_factors"": [0], ""range_warp_specializes"": [null], ""range_num_stages"": [0], ""range_multi_buffers"": [null], ""range_flattens"": [null], ""load_eviction_policies"": ["""", """", ""first"", """", """"], ""num_warps"": 16, ""num_stages"": 6, ""indexing"": [""pointer"", ""pointer"", ""pointer"", ""tensor_descriptor"", ""pointer"", ""pointer"", ""pointer""], ""atomic_indexing"": [], ""pid_type"": ""flat""}","{""arg0_ndim"": 2, ""arg0_dim0"": 4096, ""arg0_dim1"": 3584, ""arg0_numel"": 14680064, ""arg0_dtype"": ""torch.bfloat16"", ""arg0_dtype_size"": 2, ""arg0_dtype_cat"": 2, ""arg1_ndim"": 1, ""arg1_dim0"": 3584, ""arg1_numel"": 3584, ""arg1_dtype"": ""torch.bfloat16"", ""arg1_dtype_size"": 2, ""arg1_dtype_cat"": 2}",0.02252800017595291
rms_norm,a50d92342ae8ff20,482f430b8c9d8e8e,"{""block_sizes"": [2], ""reduction_loops"": [2048], ""range_unroll_factors"": [0], ""range_warp_specializes"": [null], ""range_num_stages"": [0], ""range_multi_buffers"": [null], ""range_flattens"": [null], ""load_eviction_policies"": [""last"", ""first"", ""last"", ""first"", ""first""], ""num_warps"": 2, ""num_stages"": 1, ""indexing"": [""tensor_descriptor"", ""pointer"", ""tensor_descriptor"", ""tensor_descriptor"", ""pointer"", ""tensor_descriptor"", ""tensor_descriptor""], ""atomic_indexing"": [], ""pid_type"": ""flat""}","{""arg0_ndim"": 2, ""arg0_dim0"": 4096, ""arg0_dim1"": 3584, ""arg0_numel"": 14680064, ""arg0_dtype"": ""torch.bfloat16"", ""arg0_dtype_size"": 2, ""arg0_dtype_cat"": 2, ""arg1_ndim"": 1, ""arg1_dim0"": 3584, ""arg1_numel"": 3584, ""arg1_dtype"": ""torch.bfloat16"", ""arg1_dtype_size"": 2, ""arg1_dtype_cat"": 2}",0.018432000651955605
rms_norm,a50d92342ae8ff20,816644cab655d611,"{""block_sizes"": [2], ""reduction_loops"": [2048], ""range_unroll_factors"": [0], ""range_warp_specializes"": [null], ""range_num_stages"": [0], ""range_multi_buffers"": [null], ""range_flattens"": [null], ""load_eviction_policies"": ["""", ""first"", ""last"", ""last"", """"], ""num_warps"": 8, ""num_stages"": 3, ""indexing"": [""pointer"", ""tensor_descriptor"", ""tensor_descriptor"", ""pointer"", ""tensor_descriptor"", ""pointer"", ""tensor_descriptor""], ""atomic_indexing"": [], ""pid_type"": ""flat""}","{""arg0_ndim"": 2, ""arg0_dim0"": 4096, ""arg0_dim1"": 3584, ""arg0_numel"": 14680064, ""arg0_dtype"": ""torch.bfloat16"", ""arg0_dtype_size"": 2, ""arg0_dtype_cat"": 2, ""arg1_ndim"": 1, ""arg1_dim0"": 3584, ""arg1_numel"": 3584, ""arg1_dtype"": ""torch.bfloat16"", ""arg1_dtype_size"": 2, ""arg1_dtype_cat"": 2}",0.018432000651955605
rms_norm,a50d92342ae8ff20,3abfa9907ca4fa3a,"{""block_sizes"": [1], ""reduction_loops"": [null], ""range_unroll_factors"": [0], ""range_warp_specializes"": [null], ""range_num_stages"": [0], ""range_multi_buffers"": [null], ""range_flattens"": [null], ""load_eviction_policies"": ["""", ""last"", ""last"", """", """"], ""num_warps"": 4, ""num_stages"": 2, ""indexing"": [""pointer"", ""pointer"", ""pointer"", ""tensor_descriptor"", ""pointer"", ""tensor_descriptor"", ""pointer""], ""atomic_indexing"": [], ""pid_type"": ""flat""}","{""arg0_ndim"": 2, ""arg0_dim0"": 4096, ""arg0_dim1"": 3584, ""arg0_numel"": 14680064, ""arg0_dtype"": ""torch.bfloat16"", ""arg0_dtype_size"": 2, ""arg0_dtype_cat"": 2, ""arg1_ndim"": 1, ""arg1_dim0"": 3584, ""arg1_numel"": 3584, ""arg1_dtype"": ""torch.bfloat16"", ""arg1_dtype_size"": 2, ""arg1_dtype_cat"": 2}",0.016383999958634377
rms_norm,a50d92342ae8ff20,87b2f26661fd2925,"{""block_sizes"": [1], ""reduction_loops"": [null], ""range_unroll_factors"": [0], ""range_warp_specializes"": [null], ""range_num_stages"": [0], ""range_multi_buffers"": [null], ""range_flattens"": [null], ""load_eviction_policies"": ["""", ""last"", ""last"", ""first"", """"], ""num_warps"": 8, ""num_stages"": 2, ""indexing"": [""tensor_descriptor"", ""tensor_descriptor"", ""tensor_descriptor"", ""tensor_descriptor"", ""pointer"", ""pointer"", ""tensor_descriptor""], ""atomic_indexing"": [], ""pid_type"": ""flat""}","{""arg0_ndim"": 2, ""arg0_dim0"": 4096, ""arg0_dim1"": 3584, ""arg0_numel"": 14680064, ""arg0_dtype"": ""torch.bfloat16"", ""arg0_dtype_size"": 2, ""arg0_dtype_cat"": 2, ""arg1_ndim"": 1, ""arg1_dim0"": 3584, ""arg1_numel"": 3584, ""arg1_dtype"": ""torch.bfloat16"", ""arg1_dtype_size"": 2, ""arg1_dtype_cat"": 2}",0.016383999958634377
rms_norm,a50d92342ae8ff20,7c1f654402c9dd7f,"{""block_sizes"": [1], ""reduction_loops"": [1024], ""range_unroll_factors"": [0], ""range_warp_specializes"": [null], ""range_num_stages"": [0], ""range_multi_buffers"": [null], ""range_flattens"": [null], ""load_eviction_policies"": ["""", ""first"", """", ""last"", ""first""], ""num_warps"": 4, ""num_stages"": 3, ""indexing"": [""pointer"", ""tensor_descriptor"", ""tensor_descriptor"", ""tensor_descriptor"", ""tensor_descriptor"", ""pointer"", ""pointer""], ""atomic_indexing"": [], ""pid_type"": ""flat""}","{""arg0_ndim"": 2, ""arg0_dim0"": 4096, ""arg0_dim1"": 3584, ""arg0_numel"": 14680064, ""arg0_dtype"": ""torch.bfloat16"", ""arg0_dtype_size"": 2, ""arg0_dtype_cat"": 2, ""arg1_ndim"": 1, ""arg1_dim0"": 3584, ""arg1_numel"": 3584, ""arg1_dtype"": ""torch.bfloat16"", ""arg1_dtype_size"": 2, ""arg1_dtype_cat"": 2}",0.018432000651955605
rms_norm,a50d92342ae8ff20,306f51b1d2d06f98,"{""block_sizes"": [1], ""reduction_loops"": [1024], ""range_unroll_factors"": [0], ""range_warp_specializes"": [null], ""range_num_stages"": [0], ""range_multi_buffers"": [null], ""range_flattens"": [null], ""load_eviction_policies"": ["""", ""first"", """", """", ""last""], ""num_warps"": 4, ""num_stages"": 5, ""indexing"": [""pointer"", ""tensor_descriptor"", ""tensor_descriptor"", ""pointer"", ""pointer"", ""tensor_descriptor"", ""tensor_descriptor""], ""atomic_indexing"": [], ""pid_type"": ""flat""}","{""arg0_ndim"": 2, ""arg0_dim0"": 4096, ""arg0_dim1"": 3584, ""arg0_numel"": 14680064, ""arg0_dtype"": ""torch.bfloat16"", ""arg0_dtype_size"": 2, ""arg0_dtype_cat"": 2, ""arg1_ndim"": 1, ""arg1_dim0"": 3584, ""arg1_numel"": 3584, ""arg1_dtype"": ""torch.bfloat16"", ""arg1_dtype_size"": 2, ""arg1_dtype_cat"": 2}",0.018432000651955605
rms_norm,a50d92342ae8ff20,5c295017bd009288,"{""block_sizes"": [1], ""reduction_loops"": [null], ""range_unroll_factors"": [0], ""range_warp_specializes"": [null], ""range_num_stages"": [0], ""range_multi_buffers"": [null], ""range_flattens"": [null], ""load_eviction_policies"": [""first"", """", ""last"", """", ""last""], ""num_warps"": 16, ""num_stages"": 4, ""indexing"": [""tensor_descriptor"", ""pointer"", ""tensor_descriptor"", ""pointer"", ""pointer"", ""pointer"", ""pointer""], ""atomic_indexing"": [], ""pid_type"": ""flat""}","{""arg0_ndim"": 2, ""arg0_dim0"": 4096, ""arg0_dim1"": 3584, ""arg0_numel"": 14680064, ""arg0_dtype"": ""torch.bfloat16"", ""arg0_dtype_size"": 2, ""arg0_dtype_cat"": 2, ""arg1_ndim"": 1, ""arg1_dim0"": 3584, ""arg1_numel"": 3584, ""arg1_dtype"": ""torch.bfloat16"", ""arg1_dtype_size"": 2, ""arg1_dtype_cat"": 2}",0.020479999482631683
rms_norm,a50d92342ae8ff20,9615e7b2fea5ec90,"{""block_sizes"": [1], ""reduction_loops"": [2048], ""range_unroll_factors"": [0], ""range_warp_specializes"": [null], ""range_num_stages"": [0], ""range_multi_buffers"": [null], ""range_flattens"": [null], ""load_eviction_policies"": ["""", ""first"", ""last"", ""first"", ""last""], ""num_warps"": 8, ""num_stages"": 8, ""indexing"": [""pointer"", ""pointer"", ""pointer"", ""tensor_descriptor"", ""pointer"", ""tensor_descriptor"", ""pointer""], ""atomic_indexing"": [], ""pid_type"": ""flat""}","{""arg0_ndim"": 2, ""arg0_dim0"": 4096, ""arg0_dim1"": 3584, ""arg0_numel"": 14680064, ""arg0_dtype"": ""torch.bfloat16"", ""arg0_dtype_size"": 2, ""arg0_dtype_cat"": 2, ""arg1_ndim"": 1, ""arg1_dim0"": 3584, ""arg1_numel"": 3584, ""arg1_dtype"": ""torch.bfloat16"", ""arg1_dtype_size"": 2, ""arg1_dtype_cat"": 2}",0.018432000651955605
rms_norm,a50d92342ae8ff20,ef0576b1337868e5,"{""block_sizes"": [1], ""reduction_loops"": [null], ""range_unroll_factors"": [0], ""range_warp_specializes"": [null], ""range_num_stages"": [0], ""range_multi_buffers"": [null], ""range_flattens"": [null], ""load_eviction_policies"": ["""", """", ""last"", """", ""last""], ""num_warps"": 8, ""num_stages"": 6, ""indexing"": [""tensor_descriptor"", ""pointer"", ""pointer"", ""pointer"", ""pointer"", ""tensor_descriptor"", ""tensor_descriptor""], ""atomic_indexing"": [], ""pid_type"": ""flat""}","{""arg0_ndim"": 2, ""arg0_dim0"": 4096, ""arg0_dim1"": 3584, ""arg0_numel"": 14680064, ""arg0_dtype"": ""torch.bfloat16"", ""arg0_dtype_size"": 2, ""arg0_dtype_cat"": 2, ""arg1_ndim"": 1, ""arg1_dim0"": 3584, ""arg1_numel"": 3584, ""arg1_dtype"": ""torch.bfloat16"", ""arg1_dtype_size"": 2, ""arg1_dtype_cat"": 2}",0.016383999958634377
rms_norm,a50d92342ae8ff20,11bb6dfa80985863,"{""block_sizes"": [1], ""reduction_loops"": [null], ""range_unroll_factors"": [0], ""range_warp_specializes"": [null], ""range_num_stages"": [0], ""range_multi_buffers"": [null], ""range_flattens"": [null], ""load_eviction_policies"": [""first"", """", ""last"", """", """"], ""num_warps"": 16, ""num_stages"": 2, ""indexing"": [""tensor_descriptor"", ""pointer"", ""pointer"", ""pointer"", ""tensor_descriptor"", ""tensor_descriptor"", ""pointer""], ""atomic_indexing"": [], ""pid_type"": ""flat""}","{""arg0_ndim"": 2, ""arg0_dim0"": 4096, ""arg0_dim1"": 3584, ""arg0_numel"": 14680064, ""arg0_dtype"": ""torch.bfloat16"", ""arg0_dtype_size"": 2, ""arg0_dtype_cat"": 2, ""arg1_ndim"": 1, ""arg1_dim0"": 3584, ""arg1_numel"": 3584, ""arg1_dtype"": ""torch.bfloat16"", ""arg1_dtype_size"": 2, ""arg1_dtype_cat"": 2}",0.020479999482631683
rms_norm,a50d92342ae8ff20,964bbd2b95871270,"{""block_sizes"": [1], ""reduction_loops"": [null], ""range_unroll_factors"": [0], ""range_warp_specializes"": [null], ""range_num_stages"": [0], ""range_multi_buffers"": [null], ""range_flattens"": [null], ""load_eviction_policies"": ["""", """", """", ""first"", """"], ""num_warps"": 8, ""num_stages"": 6, ""indexing"": [""pointer"", ""tensor_descriptor"", ""tensor_descriptor"", ""tensor_descriptor"", ""pointer"", ""tensor_descriptor"", ""tensor_descriptor""], ""atomic_indexing"": [], ""pid_type"": ""flat""}","{""arg0_ndim"": 2, ""arg0_dim0"": 4096, ""arg0_dim1"": 3584, ""arg0_numel"": 14680064, ""arg0_dtype"": ""torch.bfloat16"", ""arg0_dtype_size"": 2, ""arg0_dtype_cat"": 2, ""arg1_ndim"": 1, ""arg1_dim0"": 3584, ""arg1_numel"": 3584, ""arg1_dtype"": ""torch.bfloat16"", ""arg1_dtype_size"": 2, ""arg1_dtype_cat"": 2}",0.016383999958634377
rms_norm,a50d92342ae8ff20,a0bad60454a64a49,"{""block_sizes"": [1], ""reduction_loops"": [null], ""range_unroll_factors"": [0], ""range_warp_specializes"": [null], ""range_num_stages"": [0], ""range_multi_buffers"": [null], ""range_flattens"": [null], ""load_eviction_policies"": [""first"", ""last"", ""last"", """", ""last""], ""num_warps"": 16, ""num_stages"": 4, ""indexing"": [""pointer"", ""tensor_descriptor"", ""pointer"", ""pointer"", ""pointer"", ""pointer"", ""pointer""], ""atomic_indexing"": [], ""pid_type"": ""flat""}","{""arg0_ndim"": 2, ""arg0_dim0"": 4096, ""arg0_dim1"": 3584, ""arg0_numel"": 14680064, ""arg0_dtype"": ""torch.bfloat16"", ""arg0_dtype_size"": 2, ""arg0_dtype_cat"": 2, ""arg1_ndim"": 1, ""arg1_dim0"": 3584, ""arg1_numel"": 3584, ""arg1_dtype"": ""torch.bfloat16"", ""arg1_dtype_size"": 2, ""arg1_dtype_cat"": 2}",0.020479999482631683
rms_norm,a50d92342ae8ff20,45b47d2b716e8754,"{""block_sizes"": [4], ""reduction_loops"": [null], ""range_unroll_factors"": [0], ""range_warp_specializes"": [null], ""range_num_stages"": [0], ""range_multi_buffers"": [null], ""range_flattens"": [null], ""load_eviction_policies"": [""first"", """", """", ""last"", ""last""], ""num_warps"": 2, ""num_stages"": 5, ""indexing"": [""pointer"", ""tensor_descriptor"", ""tensor_descriptor"", ""tensor_descriptor"", ""tensor_descriptor"", ""pointer"", ""pointer""], ""atomic_indexing"": [], ""pid_type"": ""flat""}","{""arg0_ndim"": 2, ""arg0_dim0"": 4096, ""arg0_dim1"": 3584, ""arg0_numel"": 14680064, ""arg0_dtype"": ""torch.bfloat16"", ""arg0_dtype_size"": 2, ""arg0_dtype_cat"": 2, ""arg1_ndim"": 1, ""arg1_dim0"": 3584, ""arg1_numel"": 3584, ""arg1_dtype"": ""torch.bfloat16"", ""arg1_dtype_size"": 2, ""arg1_dtype_cat"": 2}",0.02252800017595291
rms_norm,a50d92342ae8ff20,0e08e3ec9a7b2c1e,"{""block_sizes"": [4], ""reduction_loops"": [null], ""range_unroll_factors"": [0], ""range_warp_specializes"": [null], ""range_num_stages"": [0], ""range_multi_buffers"": [null], ""range_flattens"": [null], ""load_eviction_policies"": [""first"", ""last"", """", ""first"", """"], ""num_warps"": 2, ""num_stages"": 3, ""indexing"": [""pointer"", ""tensor_descriptor"", ""pointer"", ""tensor_descriptor"", ""tensor_descriptor"", ""tensor_descriptor"", ""tensor_descriptor""], ""atomic_indexing"": [], ""pid_type"": ""flat""}","{""arg0_ndim"": 2, ""arg0_dim0"": 4096, ""arg0_dim1"": 3584, ""arg0_numel"": 14680064, ""arg0_dtype"": ""torch.bfloat16"", ""arg0_dtype_size"": 2, ""arg0_dtype_cat"": 2, ""arg1_ndim"": 1, ""arg1_dim0"": 3584, ""arg1_numel"": 3584, ""arg1_dtype"": ""torch.bfloat16"", ""arg1_dtype_size"": 2, ""arg1_dtype_cat"": 2}",0.02252800017595291
rms_norm,a50d92342ae8ff20,a3c8f5854ffdaebc,"{""block_sizes"": [16], ""reduction_loops"": [null], ""range_unroll_factors"": [0], ""range_warp_specializes"": [null], ""range_num_stages"": [0], ""range_multi_buffers"": [null], ""range_flattens"": [null], ""load_eviction_policies"": ["""", """", ""first"", """", ""last""], ""num_warps"": 4, ""num_stages"": 5, ""indexing"": [""pointer"", ""pointer"", ""pointer"", ""pointer"", ""pointer"", ""pointer"", ""pointer""], ""atomic_indexing"": [], ""pid_type"": ""flat""}","{""arg0_ndim"": 2, ""arg0_dim0"": 4096, ""arg0_dim1"": 3584, ""arg0_numel"": 14680064, ""arg0_dtype"": ""torch.bfloat16"", ""arg0_dtype_size"": 2, ""arg0_dtype_cat"": 2, ""arg1_ndim"": 1, ""arg1_dim0"": 3584, ""arg1_numel"": 3584, ""arg1_dtype"": ""torch.bfloat16"", ""arg1_dtype_size"": 2, ""arg1_dtype_cat"": 2}",0.1515520066022873
rms_norm,a50d92342ae8ff20,df5f9e1409cfd8bd,"{""block_sizes"": [16], ""reduction_loops"": [null], ""range_unroll_factors"": [0], ""range_warp_specializes"": [null], ""range_num_stages"": [0], ""range_multi_buffers"": [null], ""range_flattens"": [null], ""load_eviction_policies"": ["""", """", ""last"", """", ""first""], ""num_warps"": 4, ""num_stages"": 1, ""indexing"": [""pointer"", ""pointer"", ""pointer"", ""pointer"", ""pointer"", ""tensor_descriptor"", ""tensor_descriptor""], ""atomic_indexing"": [], ""pid_type"": ""flat""}","{""arg0_ndim"": 2, ""arg0_dim0"": 4096, ""arg0_dim1"": 3584, ""arg0_numel"": 14680064, ""arg0_dtype"": ""torch.bfloat16"", ""arg0_dtype_size"": 2, ""arg0_dtype_cat"": 2, ""arg1_ndim"": 1, ""arg1_dim0"": 3584, ""arg1_numel"": 3584, ""arg1_dtype"": ""torch.bfloat16"", ""arg1_dtype_size"": 2, ""arg1_dtype_cat"": 2}",0.15158399939537048
rms_norm,c8210b99966b4762,24745e38d713c198,"{""block_sizes"": [2], ""reduction_loops"": [null], ""range_unroll_factors"": [0], ""range_warp_specializes"": [null], ""range_num_stages"": [0], ""range_multi_buffers"": [null], ""range_flattens"": [null], ""load_eviction_policies"": [""last"", ""first"", ""first"", """", """"], ""num_warps"": 4, ""num_stages"": 6, ""indexing"": [""pointer"", ""pointer"", ""pointer"", ""tensor_descriptor"", ""tensor_descriptor"", ""pointer"", ""pointer""], ""atomic_indexing"": [], ""pid_type"": ""flat""}","{""arg0_ndim"": 2, ""arg0_dim0"": 4096, ""arg0_dim1"": 4096, ""arg0_numel"": 16777216, ""arg0_dtype"": ""torch.bfloat16"", ""arg0_dtype_size"": 2, ""arg0_dtype_cat"": 2, ""arg1_ndim"": 1, ""arg1_dim0"": 4096, ""arg1_numel"": 4096, ""arg1_dtype"": ""torch.bfloat16"", ""arg1_dtype_size"": 2, ""arg1_dtype_cat"": 2}",0.018432000651955605
rms_norm,c8210b99966b4762,180c35ef192d14f2,"{""block_sizes"": [2], ""reduction_loops"": [null], ""range_unroll_factors"": [0], ""range_warp_specializes"": [null], ""range_num_stages"": [0], ""range_multi_buffers"": [null], ""range_flattens"": [null], ""load_eviction_policies"": ["""", """", ""last"", """", """"], ""num_warps"": 1, ""num_stages"": 2, ""indexing"": [""pointer"", ""pointer"", ""pointer"", ""pointer"", ""pointer"", ""pointer"", ""pointer""], ""atomic_indexing"": [], ""pid_type"": ""flat""}","{""arg0_ndim"": 2, ""arg0_dim0"": 4096, ""arg0_dim1"": 4096, ""arg0_numel"": 16777216, ""arg0_dtype"": ""torch.bfloat16"", ""arg0_dtype_size"": 2, ""arg0_dtype_cat"": 2, ""arg1_ndim"": 1, ""arg1_dim0"": 4096, ""arg1_numel"": 4096, ""arg1_dtype"": ""torch.bfloat16"", ""arg1_dtype_size"": 2, ""arg1_dtype_cat"": 2}",0.026655999943614006
rms_norm,c8210b99966b4762,7bfccb3790afd320,"{""block_sizes"": [2], ""reduction_loops"": [2048], ""range_unroll_factors"": [0], ""range_warp_specializes"": [null], ""range_num_stages"": [0], ""range_multi_buffers"": [null], ""range_flattens"": [null], ""load_eviction_policies"": [""last"", """", ""last"", """", """"], ""num_warps"": 8, ""num_stages"": 1, ""indexing"": [""pointer"", ""pointer"", ""pointer"", ""tensor_descriptor"", ""pointer"", ""tensor_descriptor"", ""tensor_descriptor""], ""atomic_indexing"": [], ""pid_type"": ""flat""}","{""arg0_ndim"": 2, ""arg0_dim0"": 4096, ""arg0_dim1"": 4096, ""arg0_numel"": 16777216, ""arg0_dtype"": ""torch.bfloat16"", ""arg0_dtype_size"": 2, ""arg0_dtype_cat"": 2, ""arg1_ndim"": 1, ""arg1_dim0"": 4096, ""arg1_numel"": 4096, ""arg1_dtype"": ""torch.bfloat16"", ""arg1_dtype_size"": 2, ""arg1_dtype_cat"": 2}",0.018432000651955605
rms_norm,c8210b99966b4762,b700865abbecc460,"{""block_sizes"": [1], ""reduction_loops"": [null], ""range_unroll_factors"": [0], ""range_warp_specializes"": [null], ""range_num_stages"": [0], ""range_multi_buffers"": [null], ""range_flattens"": [null], ""load_eviction_policies"": [""first"", """", ""last"", ""last"", """"], ""num_warps"": 16, ""num_stages"": 1, ""indexing"": [""tensor_descriptor"", ""tensor_descriptor"", ""pointer"", ""tensor_descriptor"", ""tensor_descriptor"", ""pointer"", ""tensor_descriptor""], ""atomic_indexing"": [], ""pid_type"": ""flat""}","{""arg0_ndim"": 2, ""arg0_dim0"": 4096, ""arg0_dim1"": 4096, ""arg0_numel"": 16777216, ""arg0_dtype"": ""torch.bfloat16"", ""arg0_dtype_size"": 2, ""arg0_dtype_cat"": 2, ""arg1_ndim"": 1, ""arg1_dim0"": 4096, ""arg1_numel"": 4096, ""arg1_dtype"": ""torch.bfloat16"", ""arg1_dtype_size"": 2, ""arg1_dtype_cat"": 2}",0.020479999482631683
rms_norm,c8210b99966b4762,73a4bcfe84591dcd,"{""block_sizes"": [1], ""reduction_loops"": [8192], ""range_unroll_factors"": [0], ""range_warp_specializes"": [null], ""range_num_stages"": [0], ""range_multi_buffers"": [null], ""range_flattens"": [null], ""load_eviction_policies"": ["""", """", """", """", """"], ""num_warps"": 8, ""num_stages"": 4, ""indexing"": [""pointer"", ""pointer"", ""tensor_descriptor"", ""pointer"", ""pointer"", ""tensor_descriptor"", ""tensor_descriptor""], ""atomic_indexing"": [], ""pid_type"": ""flat""}","{""arg0_ndim"": 2, ""arg0_dim0"": 4096, ""arg0_dim1"": 4096, ""arg0_numel"": 16777216, ""arg0_dtype"": ""torch.bfloat16"", ""arg0_dtype_size"": 2, ""arg0_dtype_cat"": 2, ""arg1_ndim"": 1, ""arg1_dim0"": 4096, ""arg1_numel"": 4096, ""arg1_dtype"": ""torch.bfloat16"", ""arg1_dtype_size"": 2, ""arg1_dtype_cat"": 2}",0.026623999699950218
rms_norm,c8210b99966b4762,6d53c3602b79725b,"{""block_sizes"": [1], ""reduction_loops"": [8192], ""range_unroll_factors"": [0], ""range_warp_specializes"": [null], ""range_num_stages"": [0], ""range_multi_buffers"": [null], ""range_flattens"": [null], ""load_eviction_policies"": ["""", ""first"", ""last"", """", """"], ""num_warps"": 8, ""num_stages"": 3, ""indexing"": [""pointer"", ""tensor_descriptor"", ""pointer"", ""pointer"", ""pointer"", ""tensor_descriptor"", ""pointer""], ""atomic_indexing"": [], ""pid_type"": ""flat""}","{""arg0_ndim"": 2, ""arg0_dim0"": 4096, ""arg0_dim1"": 4096, ""arg0_numel"": 16777216, ""arg0_dtype"": ""torch.bfloat16"", ""arg0_dtype_size"": 2, ""arg0_dtype_cat"": 2, ""arg1_ndim"": 1, ""arg1_dim0"": 4096, ""arg1_numel"": 4096, ""arg1_dtype"": ""torch.bfloat16"", ""arg1_dtype_size"": 2, ""arg1_dtype_cat"": 2}",0.026623999699950218
rms_norm,c8210b99966b4762,ce65586612391f94,"{""block_sizes"": [32], ""reduction_loops"": [null], ""range_unroll_factors"": [0], ""range_warp_specializes"": [null], ""range_num_stages"": [0], ""range_multi_buffers"": [null], ""range_flattens"": [null], ""load_eviction_policies"": ["""", """", """", """", """"], ""num_warps"": 4, ""num_stages"": 1, ""indexing"": [""pointer"", ""pointer"", ""pointer"", ""pointer"", ""pointer"", ""pointer"", ""pointer""], ""atomic_indexing"": [], ""pid_type"": ""flat""}","{""arg0_ndim"": 2, ""arg0_dim0"": 4096, ""arg0_dim1"": 4096, ""arg0_numel"": 16777216, ""arg0_dtype"": ""torch.bfloat16"", ""arg0_dtype_size"": 2, ""arg0_dtype_cat"": 2, ""arg1_ndim"": 1, ""arg1_dim0"": 4096, ""arg1_numel"": 4096, ""arg1_dtype"": ""torch.bfloat16"", ""arg1_dtype_size"": 2, ""arg1_dtype_cat"": 2}",0.2396320030093193
rms_norm,c8210b99966b4762,fa68d1735ed55be8,"{""block_sizes"": [16], ""reduction_loops"": [null], ""range_unroll_factors"": [1], ""range_warp_specializes"": [null], ""range_num_stages"": [2], ""range_multi_buffers"": [null], ""range_flattens"": [null], ""load_eviction_policies"": [""first"", ""last"", ""last"", """", ""last""], ""num_warps"": 16, ""num_stages"": 8, ""indexing"": [""tensor_descriptor"", ""pointer"", ""tensor_descriptor"", ""pointer"", ""pointer"", ""pointer"", ""pointer""], ""atomic_indexing"": [], ""pid_type"": ""persistent_interleaved"", ""num_sm_multiplier"": 1}","{""arg0_ndim"": 2, ""arg0_dim0"": 4096, ""arg0_dim1"": 4096, ""arg0_numel"": 16777216, ""arg0_dtype"": ""torch.bfloat16"", ""arg0_dtype_size"": 2, ""arg0_dtype_cat"": 2, ""arg1_ndim"": 1, ""arg1_dim0"": 4096, ""arg1_numel"": 4096, ""arg1_dtype"": ""torch.bfloat16"", ""arg1_dtype_size"": 2, ""arg1_dtype_cat"": 2}",0.02252800017595291
rms_norm,c8210b99966b4762,1979210a312b6290,"{""block_sizes"": [16], ""reduction_loops"": [256], ""range_unroll_factors"": [0], ""range_warp_specializes"": [null], ""range_num_stages"": [0], ""range_multi_buffers"": [null], ""range_flattens"": [null], ""load_eviction_policies"": [""first"", """", ""last"", ""last"", """"], ""num_warps"": 16, ""num_stages"": 4, ""indexing"": [""tensor_descriptor"", ""tensor_descriptor"", ""tensor_descriptor"", ""tensor_descriptor"", ""tensor_descriptor"", ""tensor_descriptor"", ""tensor_descriptor""], ""atomic_indexing"": [], ""pid_type"": ""flat""}","{""arg0_ndim"": 2, ""arg0_dim0"": 4096, ""arg0_dim1"": 4096, ""arg0_numel"": 16777216, ""arg0_dtype"": ""torch.bfloat16"", ""arg0_dtype_size"": 2, ""arg0_dtype_cat"": 2, ""arg1_ndim"": 1, ""arg1_dim0"": 4096, ""arg1_numel"": 4096, ""arg1_dtype"": ""torch.bfloat16"", ""arg1_dtype_size"": 2, ""arg1_dtype_cat"": 2}",0.02848000079393387
rms_norm,c8210b99966b4762,832d9cc41c9b5249,"{""block_sizes"": [2], ""reduction_loops"": [null], ""range_unroll_factors"": [0], ""range_warp_specializes"": [null], ""range_num_stages"": [0], ""range_multi_buffers"": [null], ""range_flattens"": [null], ""load_eviction_policies"": [""first"", ""last"", ""first"", ""first"", ""last""], ""num_warps"": 1, ""num_stages"": 8, ""indexing"": [""pointer"", ""pointer"", ""tensor_descriptor"", ""pointer"", ""pointer"", ""tensor_descriptor"", ""pointer""], ""atomic_indexing"": [], ""pid_type"": ""flat""}","{""arg0_ndim"": 2, ""arg0_dim0"": 4096, ""arg0_dim1"": 4096, ""arg0_numel"": 16777216, ""arg0_dtype"": ""torch.bfloat16"", ""arg0_dtype_size"": 2, ""arg0_dtype_cat"": 2, ""arg1_ndim"": 1, ""arg1_dim0"": 4096, ""arg1_numel"": 4096, ""arg1_dtype"": ""torch.bfloat16"", ""arg1_dtype_size"": 2, ""arg1_dtype_cat"": 2}",0.026655999943614006
rms_norm,c8210b99966b4762,5f3510d018a1da2c,"{""block_sizes"": [2], ""reduction_loops"": [null], ""range_unroll_factors"": [0], ""range_warp_specializes"": [null], ""range_num_stages"": [0], ""range_multi_buffers"": [null], ""range_flattens"": [null], ""load_eviction_policies"": ["""", """", ""first"", """", """"], ""num_warps"": 1, ""num_stages"": 1, ""indexing"": [""pointer"", ""pointer"", ""tensor_descriptor"", ""tensor_descriptor"", ""pointer"", ""pointer"", ""pointer""], ""atomic_indexing"": [], ""pid_type"": ""flat""}","{""arg0_ndim"": 2, ""arg0_dim0"": 4096, ""arg0_dim1"": 4096, ""arg0_numel"": 16777216, ""arg0_dtype"": ""torch.bfloat16"", ""arg0_dtype_size"": 2, ""arg0_dtype_cat"": 2, ""arg1_ndim"": 1, ""arg1_dim0"": 4096, ""arg1_numel"": 4096, ""arg1_dtype"": ""torch.bfloat16"", ""arg1_dtype_size"": 2, ""arg1_dtype_cat"": 2}",0.026655999943614006
rms_norm,c8210b99966b4762,c6373fe598a919dd,"{""block_sizes"": [8], ""reduction_loops"": [null], ""range_unroll_factors"": [0], ""range_warp_specializes"": [null], ""range_num_stages"": [0], ""range_multi_buffers"": [null], ""range_flattens"": [null], ""load_eviction_policies"": ["""", """", ""first"", """", """"], ""num_warps"": 16, ""num_stages"": 6, ""indexing"": [""pointer"", ""pointer"", ""pointer"", ""tensor_descriptor"", ""pointer"", ""pointer"", ""pointer""], ""atomic_indexing"": [], ""pid_type"": ""flat""}","{""arg0_ndim"": 2, ""arg0_dim0"": 4096, ""arg0_dim1"": 4096, ""arg0_numel"": 16777216, ""arg0_dtype"": ""torch.bfloat16"", ""arg0_dtype_size"": 2, ""arg0_dtype_cat"": 2, ""arg1_ndim"": 1, ""arg1_dim0"": 4096, ""arg1_numel"": 4096, ""arg1_dtype"": ""torch.bfloat16"", ""arg1_dtype_size"": 2, ""arg1_dtype_cat"": 2}",0.02457600086927414
rms_norm,c8210b99966b4762,482f430b8c9d8e8e,"{""block_sizes"": [2], ""reduction_loops"": [2048], ""range_unroll_factors"": [0], ""range_warp_specializes"": [null], ""range_num_stages"": [0], ""range_multi_buffers"": [null], ""range_flattens"": [null], ""load_eviction_policies"": [""last"", ""first"", ""last"", ""first"", ""first""], ""num_warps"": 2, ""num_stages"": 1, ""indexing"": [""tensor_descriptor"", ""pointer"", ""tensor_descriptor"", ""tensor_descriptor"", ""pointer"", ""tensor_descriptor"", ""tensor_descriptor""], ""atomic_indexing"": [], ""pid_type"": ""flat""}","{""arg0_ndim"": 2, ""arg0_dim0"": 4096, ""arg0_dim1"": 4096, ""arg0_numel"": 16777216, ""arg0_dtype"": ""torch.bfloat16"", ""arg0_dtype_size"": 2, ""arg0_dtype_cat"": 2, ""arg1_ndim"": 1, ""arg1_dim0"": 4096, ""arg1_numel"": 4096, ""arg1_dtype"": ""torch.bfloat16"", ""arg1_dtype_size"": 2, ""arg1_dtype_cat"": 2}",0.018432000651955605
rms_norm,c8210b99966b4762,816644cab655d611,"{""block_sizes"": [2], ""reduction_loops"": [2048], ""range_unroll_factors"": [0], ""range_warp_specializes"": [null], ""range_num_stages"": [0], ""range_multi_buffers"": [null], ""range_flattens"": [null], ""load_eviction_policies"": ["""", ""first"", ""last"", ""last"", """"], ""num_warps"": 8, ""num_stages"": 3, ""indexing"": [""pointer"", ""tensor_descriptor"", ""tensor_descriptor"", ""pointer"", ""tensor_descriptor"", ""pointer"", ""tensor_descriptor""], ""atomic_indexing"": [], ""pid_type"": ""flat""}","{""arg0_ndim"": 2, ""arg0_dim0"": 4096, ""arg0_dim1"": 4096, ""arg0_numel"": 16777216, ""arg0_dtype"": ""torch.bfloat16"", ""arg0_dtype_size"": 2, ""arg0_dtype_cat"": 2, ""arg1_ndim"": 1, ""arg1_dim0"": 4096, ""arg1_numel"": 4096, ""arg1_dtype"": ""torch.bfloat16"", ""arg1_dtype_size"": 2, ""arg1_dtype_cat"": 2}",0.020479999482631683
rms_norm,c8210b99966b4762,3abfa9907ca4fa3a,"{""block_sizes"": [1], ""reduction_loops"": [null], ""range_unroll_factors"": [0], ""range_warp_specializes"": [null], ""range_num_stages"": [0], ""range_multi_buffers"": [null], ""range_flattens"": [null], ""load_eviction_policies"": ["""", ""last"", ""last"", """", """"], ""num_warps"": 4, ""num_stages"": 2, ""indexing"": [""pointer"", ""pointer"", ""pointer"", ""tensor_descriptor"", ""pointer"", ""tensor_descriptor"", ""pointer""], ""atomic_indexing"": [], ""pid_type"": ""flat""}","{""arg0_ndim"": 2, ""arg0_dim0"": 4096, ""arg0_dim1"": 4096, ""arg0_numel"": 16777216, ""arg0_dtype"": ""torch.bfloat16"", ""arg0_dtype_size"": 2, ""arg0_dtype_cat"": 2, ""arg1_ndim"": 1, ""arg1_dim0"": 4096, ""arg1_numel"": 4096, ""arg1_dtype"": ""torch.bfloat16"", ""arg1_dtype_size"": 2, ""arg1_dtype_cat"": 2}",0.018432000651955605
rms_norm,c8210b99966b4762,87b2f26661fd2925,"{""block_sizes"": [1], ""reduction_loops"": [null], ""range_unroll_factors"": [0], ""range_warp_specializes"": [null], ""range_num_stages"": [0], ""range_multi_buffers"": [null], ""range_flattens"": [null], ""load_eviction_policies"": ["""", ""last"", ""last"", ""first"", """"], ""num_warps"": 8, ""num_stages"": 2, ""indexing"": [""tensor_descriptor"", ""tensor_descriptor"", ""tensor_descriptor"", ""tensor_descriptor"", ""pointer"", ""pointer"", ""tensor_descriptor""], ""atomic_indexing"": [], ""pid_type"": ""flat""}","{""arg0_ndim"": 2, ""arg0_dim0"": 4096, ""arg0_dim1"": 4096, ""arg0_numel"": 16777216, ""arg0_dtype"": ""torch.bfloat16"", ""arg0_dtype_size"": 2, ""arg0_dtype_cat"": 2, ""arg1_ndim"": 1, ""arg1_dim0"": 4096, ""arg1_numel"": 4096, ""arg1_dtype"": ""torch.bfloat16"", ""arg1_dtype_size"": 2, ""arg1_dtype_cat"": 2}",0.016383999958634377
rms_norm,c8210b99966b4762,7c1f654402c9dd7f,"{""block_sizes"": [1], ""reduction_loops"": [1024], ""range_unroll_factors"": [0], ""range_warp_specializes"": [null], ""range_num_stages"": [0], ""range_multi_buffers"": [null], ""range_flattens"": [null], ""load_eviction_policies"": ["""", ""first"", """", ""last"", ""first""], ""num_warps"": 4, ""num_stages"": 3, ""indexing"": [""pointer"", ""tensor_descriptor"", ""tensor_descriptor"", ""tensor_descriptor"", ""tensor_descriptor"", ""pointer"", ""pointer""], ""atomic_indexing"": [], ""pid_type"": ""flat""}","{""arg0_ndim"": 2, ""arg0_dim0"": 4096, ""arg0_dim1"": 4096, ""arg0_numel"": 16777216, ""arg0_dtype"": ""torch.bfloat16"", ""arg0_dtype_size"": 2, ""arg0_dtype_cat"": 2, ""arg1_ndim"": 1, ""arg1_dim0"": 4096, ""arg1_numel"": 4096, ""arg1_dtype"": ""torch.bfloat16"", ""arg1_dtype_size"": 2, ""arg1_dtype_cat"": 2}",0.02035200037062168
rms_norm,c8210b99966b4762,306f51b1d2d06f98,"{""block_sizes"": [1], ""reduction_loops"": [1024], ""range_unroll_factors"": [0], ""range_warp_specializes"": [null], ""range_num_stages"": [0], ""range_multi_buffers"": [null], ""range_flattens"": [null], ""load_eviction_policies"": ["""", ""first"", """", """", ""last""], ""num_warps"": 4, ""num_stages"": 5, ""indexing"": [""pointer"", ""tensor_descriptor"", ""tensor_descriptor"", ""pointer"", ""pointer"", ""tensor_descriptor"", ""tensor_descriptor""], ""atomic_indexing"": [], ""pid_type"": ""flat""}","{""arg0_ndim"": 2, ""arg0_dim0"": 4096, ""arg0_dim1"": 4096, ""arg0_numel"": 16777216, ""arg0_dtype"": ""torch.bfloat16"", ""arg0_dtype_size"": 2, ""arg0_dtype_cat"": 2, ""arg1_ndim"": 1, ""arg1_dim0"": 4096, ""arg1_numel"": 4096, ""arg1_dtype"": ""torch.bfloat16"", ""arg1_dtype_size"": 2, ""arg1_dtype_cat"": 2}",0.020287999883294106
rms_norm,c8210b99966b4762,5c295017bd009288,"{""block_sizes"": [1], ""reduction_loops"": [null], ""range_unroll_factors"": [0], ""range_warp_specializes"": [null], ""range_num_stages"": [0], ""range_multi_buffers"": [null], ""range_flattens"": [null], ""load_eviction_policies"": [""first"", """", ""last"", """", ""last""], ""num_warps"": 16, ""num_stages"": 4, ""indexing"": [""tensor_descriptor"", ""pointer"", ""tensor_descriptor"", ""pointer"", ""pointer"", ""pointer"", ""pointer""], ""atomic_indexing"": [], ""pid_type"": ""flat""}","{""arg0_ndim"": 2, ""arg0_dim0"": 4096, ""arg0_dim1"": 4096, ""arg0_numel"": 16777216, ""arg0_dtype"": ""torch.bfloat16"", ""arg0_dtype_size"": 2, ""arg0_dtype_cat"": 2, ""arg1_ndim"": 1, ""arg1_dim0"": 4096, ""arg1_numel"": 4096, ""arg1_dtype"": ""torch.bfloat16"", ""arg1_dtype_size"": 2, ""arg1_dtype_cat"": 2}",0.020479999482631683
rms_norm,c8210b99966b4762,9615e7b2fea5ec90,"{""block_sizes"": [1], ""reduction_loops"": [2048], ""range_unroll_factors"": [0], ""range_warp_specializes"": [null], ""range_num_stages"": [0], ""range_multi_buffers"": [null], ""range_flattens"": [null], ""load_eviction_policies"": ["""", ""first"", ""last"", ""first"", ""last""], ""num_warps"": 8, ""num_stages"": 8, ""indexing"": [""pointer"", ""pointer"", ""pointer"", ""tensor_descriptor"", ""pointer"", ""tensor_descriptor"", ""pointer""], ""atomic_indexing"": [], ""pid_type"": ""flat""}","{""arg0_ndim"": 2, ""arg0_dim0"": 4096, ""arg0_dim1"": 4096, ""arg0_numel"": 16777216, ""arg0_dtype"": ""torch.bfloat16"", ""arg0_dtype_size"": 2, ""arg0_dtype_cat"": 2, ""arg1_ndim"": 1, ""arg1_dim0"": 4096, ""arg1_numel"": 4096, ""arg1_dtype"": ""torch.bfloat16"", ""arg1_dtype_size"": 2, ""arg1_dtype_cat"": 2}",0.018432000651955605
rms_norm,c8210b99966b4762,ef0576b1337868e5,"{""block_sizes"": [1], ""reduction_loops"": [null], ""range_unroll_factors"": [0], ""range_warp_specializes"": [null], ""range_num_stages"": [0], ""range_multi_buffers"": [null], ""range_flattens"": [null], ""load_eviction_policies"": ["""", """", ""last"", """", ""last""], ""num_warps"": 8, ""num_stages"": 6, ""indexing"": [""tensor_descriptor"", ""pointer"", ""pointer"", ""pointer"", ""pointer"", ""tensor_descriptor"", ""tensor_descriptor""], ""atomic_indexing"": [], ""pid_type"": ""flat""}","{""arg0_ndim"": 2, ""arg0_dim0"": 4096, ""arg0_dim1"": 4096, ""arg0_numel"": 16777216, ""arg0_dtype"": ""torch.bfloat16"", ""arg0_dtype_size"": 2, ""arg0_dtype_cat"": 2, ""arg1_ndim"": 1, ""arg1_dim0"": 4096, ""arg1_numel"": 4096, ""arg1_dtype"": ""torch.bfloat16"", ""arg1_dtype_size"": 2, ""arg1_dtype_cat"": 2}",0.018432000651955605
rms_norm,c8210b99966b4762,11bb6dfa80985863,"{""block_sizes"": [1], ""reduction_loops"": [null], ""range_unroll_factors"": [0], ""range_warp_specializes"": [null], ""range_num_stages"": [0], ""range_multi_buffers"": [null], ""range_flattens"": [null], ""load_eviction_policies"": [""first"", """", ""last"", """", """"], ""num_warps"": 16, ""num_stages"": 2, ""indexing"": [""tensor_descriptor"", ""pointer"", ""pointer"", ""pointer"", ""tensor_descriptor"", ""tensor_descriptor"", ""pointer""], ""atomic_indexing"": [], ""pid_type"": ""flat""}","{""arg0_ndim"": 2, ""arg0_dim0"": 4096, ""arg0_dim1"": 4096, ""arg0_numel"": 16777216, ""arg0_dtype"": ""torch.bfloat16"", ""arg0_dtype_size"": 2, ""arg0_dtype_cat"": 2, ""arg1_ndim"": 1, ""arg1_dim0"": 4096, ""arg1_numel"": 4096, ""arg1_dtype"": ""torch.bfloat16"", ""arg1_dtype_size"": 2, ""arg1_dtype_cat"": 2}",0.020479999482631683
rms_norm,c8210b99966b4762,964bbd2b95871270,"{""block_sizes"": [1], ""reduction_loops"": [null], ""range_unroll_factors"": [0], ""range_warp_specializes"": [null], ""range_num_stages"": [0], ""range_multi_buffers"": [null], ""range_flattens"": [null], ""load_eviction_policies"": ["""", """", """", ""first"", """"], ""num_warps"": 8, ""num_stages"": 6, ""indexing"": [""pointer"", ""tensor_descriptor"", ""tensor_descriptor"", ""tensor_descriptor"", ""pointer"", ""tensor_descriptor"", ""tensor_descriptor""], ""atomic_indexing"": [], ""pid_type"": ""flat""}","{""arg0_ndim"": 2, ""arg0_dim0"": 4096, ""arg0_dim1"": 4096, ""arg0_numel"": 16777216, ""arg0_dtype"": ""torch.bfloat16"", ""arg0_dtype_size"": 2, ""arg0_dtype_cat"": 2, ""arg1_ndim"": 1, ""arg1_dim0"": 4096, ""arg1_numel"": 4096, ""arg1_dtype"": ""torch.bfloat16"", ""arg1_dtype_size"": 2, ""arg1_dtype_cat"": 2}",0.018432000651955605
rms_norm,c8210b99966b4762,a0bad60454a64a49,"{""block_sizes"": [1], ""reduction_loops"": [null], ""range_unroll_factors"": [0], ""range_warp_specializes"": [null], ""range_num_stages"": [0], ""range_multi_buffers"": [null], ""range_flattens"": [null], ""load_eviction_policies"": [""first"", ""last"", ""last"", """", ""last""], ""num_warps"": 16, ""num_stages"": 4, ""indexing"": [""pointer"", ""tensor_descriptor"", ""pointer"", ""pointer"", ""pointer"", ""pointer"", ""pointer""], ""atomic_indexing"": [], ""pid_type"": ""flat""}","{""arg0_ndim"": 2, ""arg0_dim0"": 4096, ""arg0_dim1"": 4096, ""arg0_numel"": 16777216, ""arg0_dtype"": ""torch.bfloat16"", ""arg0_dtype_size"": 2, ""arg0_dtype_cat"": 2, ""arg1_ndim"": 1, ""arg1_dim0"": 4096, ""arg1_numel"": 4096, ""arg1_dtype"": ""torch.bfloat16"", ""arg1_dtype_size"": 2, ""arg1_dtype_cat"": 2}",0.020479999482631683
rms_norm,c8210b99966b4762,45b47d2b716e8754,"{""block_sizes"": [4], ""reduction_loops"": [null], ""range_unroll_factors"": [0], ""range_warp_specializes"": [null], ""range_num_stages"": [0], ""range_multi_buffers"": [null], ""range_flattens"": [null], ""load_eviction_policies"": [""first"", """", """", ""last"", ""last""], ""num_warps"": 2, ""num_stages"": 5, ""indexing"": [""pointer"", ""tensor_descriptor"", ""tensor_descriptor"", ""tensor_descriptor"", ""tensor_descriptor"", ""pointer"", ""pointer""], ""atomic_indexing"": [], ""pid_type"": ""flat""}","{""arg0_ndim"": 2, ""arg0_dim0"": 4096, ""arg0_dim1"": 4096, ""arg0_numel"": 16777216, ""arg0_dtype"": ""torch.bfloat16"", ""arg0_dtype_size"": 2, ""arg0_dtype_cat"": 2, ""arg1_ndim"": 1, ""arg1_dim0"": 4096, ""arg1_numel"": 4096, ""arg1_dtype"": ""torch.bfloat16"", ""arg1_dtype_size"": 2, ""arg1_dtype_cat"": 2}",0.0225600004196167
rms_norm,c8210b99966b4762,0e08e3ec9a7b2c1e,"{""block_sizes"": [4], ""reduction_loops"": [null], ""range_unroll_factors"": [0], ""range_warp_specializes"": [null], ""range_num_stages"": [0], ""range_multi_buffers"": [null], ""range_flattens"": [null], ""load_eviction_policies"": [""first"", ""last"", """", ""first"", """"], ""num_warps"": 2, ""num_stages"": 3, ""indexing"": [""pointer"", ""tensor_descriptor"", ""pointer"", ""tensor_descriptor"", ""tensor_descriptor"", ""tensor_descriptor"", ""tensor_descriptor""], ""atomic_indexing"": [], ""pid_type"": ""flat""}","{""arg0_ndim"": 2, ""arg0_dim0"": 4096, ""arg0_dim1"": 4096, ""arg0_numel"": 16777216, ""arg0_dtype"": ""torch.bfloat16"", ""arg0_dtype_size"": 2, ""arg0_dtype_cat"": 2, ""arg1_ndim"": 1, ""arg1_dim0"": 4096, ""arg1_numel"": 4096, ""arg1_dtype"": ""torch.bfloat16"", ""arg1_dtype_size"": 2, ""arg1_dtype_cat"": 2}",0.0225600004196167
rms_norm,c8210b99966b4762,a3c8f5854ffdaebc,"{""block_sizes"": [16], ""reduction_loops"": [null], ""range_unroll_factors"": [0], ""range_warp_specializes"": [null], ""range_num_stages"": [0], ""range_multi_buffers"": [null], ""range_flattens"": [null], ""load_eviction_policies"": ["""", """", ""first"", """", ""last""], ""num_warps"": 4, ""num_stages"": 5, ""indexing"": [""pointer"", ""pointer"", ""pointer"", ""pointer"", ""pointer"", ""pointer"", ""pointer""], ""atomic_indexing"": [], ""pid_type"": ""flat""}","{""arg0_ndim"": 2, ""arg0_dim0"": 4096, ""arg0_dim1"": 4096, ""arg0_numel"": 16777216, ""arg0_dtype"": ""torch.bfloat16"", ""arg0_dtype_size"": 2, ""arg0_dtype_cat"": 2, ""arg1_ndim"": 1, ""arg1_dim0"": 4096, ""arg1_numel"": 4096, ""arg1_dtype"": ""torch.bfloat16"", ""arg1_dtype_size"": 2, ""arg1_dtype_cat"": 2}",0.1525759994983673
rms_norm,c8210b99966b4762,df5f9e1409cfd8bd,"{""block_sizes"": [16], ""reduction_loops"": [null], ""range_unroll_factors"": [0], ""range_warp_specializes"": [null], ""range_num_stages"": [0], ""range_multi_buffers"": [null], ""range_flattens"": [null], ""load_eviction_policies"": ["""", """", ""last"", """", ""first""], ""num_warps"": 4, ""num_stages"": 1, ""indexing"": [""pointer"", ""pointer"", ""pointer"", ""pointer"", ""pointer"", ""tensor_descriptor"", ""tensor_descriptor""], ""atomic_indexing"": [], ""pid_type"": ""flat""}","{""arg0_ndim"": 2, ""arg0_dim0"": 4096, ""arg0_dim1"": 4096, ""arg0_numel"": 16777216, ""arg0_dtype"": ""torch.bfloat16"", ""arg0_dtype_size"": 2, ""arg0_dtype_cat"": 2, ""arg1_ndim"": 1, ""arg1_dim0"": 4096, ""arg1_numel"": 4096, ""arg1_dtype"": ""torch.bfloat16"", ""arg1_dtype_size"": 2, ""arg1_dtype_cat"": 2}",0.15343999862670898
rms_norm,d0f887081534d20e,24745e38d713c198,"{""block_sizes"": [2], ""reduction_loops"": [null], ""range_unroll_factors"": [0], ""range_warp_specializes"": [null], ""range_num_stages"": [0], ""range_multi_buffers"": [null], ""range_flattens"": [null], ""load_eviction_policies"": [""last"", ""first"", ""first"", """", """"], ""num_warps"": 4, ""num_stages"": 6, ""indexing"": [""pointer"", ""pointer"", ""pointer"", ""tensor_descriptor"", ""tensor_descriptor"", ""pointer"", ""pointer""], ""atomic_indexing"": [], ""pid_type"": ""flat""}","{""arg0_ndim"": 2, ""arg0_dim0"": 4096, ""arg0_dim1"": 5120, ""arg0_numel"": 20971520, ""arg0_dtype"": ""torch.bfloat16"", ""arg0_dtype_size"": 2, ""arg0_dtype_cat"": 2, ""arg1_ndim"": 1, ""arg1_dim0"": 5120, ""arg1_numel"": 5120, ""arg1_dtype"": ""torch.bfloat16"", ""arg1_dtype_size"": 2, ""arg1_dtype_cat"": 2}",0.026623999699950218
rms_norm,d0f887081534d20e,180c35ef192d14f2,"{""block_sizes"": [2], ""reduction_loops"": [null], ""range_unroll_factors"": [0], ""range_warp_specializes"": [null], ""range_num_stages"": [0], ""range_multi_buffers"": [null], ""range_flattens"": [null], ""load_eviction_policies"": ["""", """", ""last"", """", """"], ""num_warps"": 1, ""num_stages"": 2, ""indexing"": [""pointer"", ""pointer"", ""pointer"", ""pointer"", ""pointer"", ""pointer"", ""pointer""], ""atomic_indexing"": [], ""pid_type"": ""flat""}","{""arg0_ndim"": 2, ""arg0_dim0"": 4096, ""arg0_dim1"": 5120, ""arg0_numel"": 20971520, ""arg0_dtype"": ""torch.bfloat16"", ""arg0_dtype_size"": 2, ""arg0_dtype_cat"": 2, ""arg1_ndim"": 1, ""arg1_dim0"": 5120, ""arg1_numel"": 5120, ""arg1_dtype"": ""torch.bfloat16"", ""arg1_dtype_size"": 2, ""arg1_dtype_cat"": 2}",0.15772800147533417
rms_norm,d0f887081534d20e,7bfccb3790afd320,"{""block_sizes"": [2], ""reduction_loops"": [2048], ""range_unroll_factors"": [0], ""range_warp_specializes"": [null], ""range_num_stages"": [0], ""range_multi_buffers"": [null], ""range_flattens"": [null], ""load_eviction_policies"": [""last"", """", ""last"", """", """"], ""num_warps"": 8, ""num_stages"": 1, ""indexing"": [""pointer"", ""pointer"", ""pointer"", ""tensor_descriptor"", ""pointer"", ""tensor_descriptor"", ""tensor_descriptor""], ""atomic_indexing"": [], ""pid_type"": ""flat""}","{""arg0_ndim"": 2, ""arg0_dim0"": 4096, ""arg0_dim1"": 5120, ""arg0_numel"": 20971520, ""arg0_dtype"": ""torch.bfloat16"", ""arg0_dtype_size"": 2, ""arg0_dtype_cat"": 2, ""arg1_ndim"": 1, ""arg1_dim0"": 5120, ""arg1_numel"": 5120, ""arg1_dtype"": ""torch.bfloat16"", ""arg1_dtype_size"": 2, ""arg1_dtype_cat"": 2}",0.02252800017595291
rms_norm,d0f887081534d20e,b700865abbecc460,"{""block_sizes"": [1], ""reduction_loops"": [null], ""range_unroll_factors"": [0], ""range_warp_specializes"": [null], ""range_num_stages"": [0], ""range_multi_buffers"": [null], ""range_flattens"": [null], ""load_eviction_policies"": [""first"", """", ""last"", ""last"", """"], ""num_warps"": 16, ""num_stages"": 1, ""indexing"": [""tensor_descriptor"", ""tensor_descriptor"", ""pointer"", ""tensor_descriptor"", ""tensor_descriptor"", ""pointer"", ""tensor_descriptor""], ""atomic_indexing"": [], ""pid_type"": ""flat""}","{""arg0_ndim"": 2, ""arg0_dim0"": 4096, ""arg0_dim1"": 5120, ""arg0_numel"": 20971520, ""arg0_dtype"": ""torch.bfloat16"", ""arg0_dtype_size"": 2, ""arg0_dtype_cat"": 2, ""arg1_ndim"": 1, ""arg1_dim0"": 5120, ""arg1_numel"": 5120, ""arg1_dtype"": ""torch.bfloat16"", ""arg1_dtype_size"": 2, ""arg1_dtype_cat"": 2}",0.02252800017595291
rms_norm,d0f887081534d20e,73a4bcfe84591dcd,"{""block_sizes"": [1], ""reduction_loops"": [8192], ""range_unroll_factors"": [0], ""range_warp_specializes"": [null], ""range_num_stages"": [0], ""range_multi_buffers"": [null], ""range_flattens"": [null], ""load_eviction_policies"": ["""", """", """", """", """"], ""num_warps"": 8, ""num_stages"": 4, ""indexing"": [""pointer"", ""pointer"", ""tensor_descriptor"", ""pointer"", ""pointer"", ""tensor_descriptor"", ""tensor_descriptor""], ""atomic_indexing"": [], ""pid_type"": ""flat""}","{""arg0_ndim"": 2, ""arg0_dim0"": 4096, ""arg0_dim1"": 5120, ""arg0_numel"": 20971520, ""arg0_dtype"": ""torch.bfloat16"", ""arg0_dtype_size"": 2, ""arg0_dtype_cat"": 2, ""arg1_ndim"": 1, ""arg1_dim0"": 5120, ""arg1_numel"": 5120, ""arg1_dtype"": ""torch.bfloat16"", ""arg1_dtype_size"": 2, ""arg1_dtype_cat"": 2}",0.026623999699950218
rms_norm,d0f887081534d20e,6d53c3602b79725b,"{""block_sizes"": [1], ""reduction_loops"": [8192], ""range_unroll_factors"": [0], ""range_warp_specializes"": [null], ""range_num_stages"": [0], ""range_multi_buffers"": [null], ""range_flattens"": [null], ""load_eviction_policies"": ["""", ""first"", ""last"", """", """"], ""num_warps"": 8, ""num_stages"": 3, ""indexing"": [""pointer"", ""tensor_descriptor"", ""pointer"", ""pointer"", ""pointer"", ""tensor_descriptor"", ""pointer""], ""atomic_indexing"": [], ""pid_type"": ""flat""}","{""arg0_ndim"": 2, ""arg0_dim0"": 4096, ""arg0_dim1"": 5120, ""arg0_numel"": 20971520, ""arg0_dtype"": ""torch.bfloat16"", ""arg0_dtype_size"": 2, ""arg0_dtype_cat"": 2, ""arg1_ndim"": 1, ""arg1_dim0"": 5120, ""arg1_numel"": 5120, ""arg1_dtype"": ""torch.bfloat16"", ""arg1_dtype_size"": 2, ""arg1_dtype_cat"": 2}",0.026623999699950218
rms_norm,d0f887081534d20e,ce65586612391f94,"{""block_sizes"": [32], ""reduction_loops"": [null], ""range_unroll_factors"": [0], ""range_warp_specializes"": [null], ""range_num_stages"": [0], ""range_multi_buffers"": [null], ""range_flattens"": [null], ""load_eviction_policies"": ["""", """", """", """", """"], ""num_warps"": 4, ""num_stages"": 1, ""indexing"": [""pointer"", ""pointer"", ""pointer"", ""pointer"", ""pointer"", ""pointer"", ""pointer""], ""atomic_indexing"": [], ""pid_type"": ""flat""}","{""arg0_ndim"": 2, ""arg0_dim0"": 4096, ""arg0_dim1"": 5120, ""arg0_numel"": 20971520, ""arg0_dtype"": ""torch.bfloat16"", ""arg0_dtype_size"": 2, ""arg0_dtype_cat"": 2, ""arg1_ndim"": 1, ""arg1_dim0"": 5120, ""arg1_numel"": 5120, ""arg1_dtype"": ""torch.bfloat16"", ""arg1_dtype_size"": 2, ""arg1_dtype_cat"": 2}",0.5989920198917389
rms_norm,d0f887081534d20e,fa68d1735ed55be8,"{""block_sizes"": [16], ""reduction_loops"": [null], ""range_unroll_factors"": [1], ""range_warp_specializes"": [null], ""range_num_stages"": [2], ""range_multi_buffers"": [null], ""range_flattens"": [null], ""load_eviction_policies"": [""first"", ""last"", ""last"", """", ""last""], ""num_warps"": 16, ""num_stages"": 8, ""indexing"": [""tensor_descriptor"", ""pointer"", ""tensor_descriptor"", ""pointer"", ""pointer"", ""pointer"", ""pointer""], ""atomic_indexing"": [], ""pid_type"": ""persistent_interleaved"", ""num_sm_multiplier"": 1}","{""arg0_ndim"": 2, ""arg0_dim0"": 4096, ""arg0_dim1"": 5120, ""arg0_numel"": 20971520, ""arg0_dtype"": ""torch.bfloat16"", ""arg0_dtype_size"": 2, ""arg0_dtype_cat"": 2, ""arg1_ndim"": 1, ""arg1_dim0"": 5120, ""arg1_numel"": 5120, ""arg1_dtype"": ""torch.bfloat16"", ""arg1_dtype_size"": 2, ""arg1_dtype_cat"": 2}",0.11686400324106216
rms_norm,d0f887081534d20e,1979210a312b6290,"{""block_sizes"": [16], ""reduction_loops"": [256], ""range_unroll_factors"": [0], ""range_warp_specializes"": [null], ""range_num_stages"": [0], ""range_multi_buffers"": [null], ""range_flattens"": [null], ""load_eviction_policies"": [""first"", """", ""last"", ""last"", """"], ""num_warps"": 16, ""num_stages"": 4, ""indexing"": [""tensor_descriptor"", ""tensor_descriptor"", ""tensor_descriptor"", ""tensor_descriptor"", ""tensor_descriptor"", ""tensor_descriptor"", ""tensor_descriptor""], ""atomic_indexing"": [], ""pid_type"": ""flat""}","{""arg0_ndim"": 2, ""arg0_dim0"": 4096, ""arg0_dim1"": 5120, ""arg0_numel"": 20971520, ""arg0_dtype"": ""torch.bfloat16"", ""arg0_dtype_size"": 2, ""arg0_dtype_cat"": 2, ""arg1_ndim"": 1, ""arg1_dim0"": 5120, ""arg1_numel"": 5120, ""arg1_dtype"": ""torch.bfloat16"", ""arg1_dtype_size"": 2, ""arg1_dtype_cat"": 2}",0.03280000016093254
rms_norm,d0f887081534d20e,832d9cc41c9b5249,"{""block_sizes"": [2], ""reduction_loops"": [null], ""range_unroll_factors"": [0], ""range_warp_specializes"": [null], ""range_num_stages"": [0], ""range_multi_buffers"": [null], ""range_flattens"": [null], ""load_eviction_policies"": [""first"", ""last"", ""first"", ""first"", ""last""], ""num_warps"": 1, ""num_stages"": 8, ""indexing"": [""pointer"", ""pointer"", ""tensor_descriptor"", ""pointer"", ""pointer"", ""tensor_descriptor"", ""pointer""], ""atomic_indexing"": [], ""pid_type"": ""flat""}","{""arg0_ndim"": 2, ""arg0_dim0"": 4096, ""arg0_dim1"": 5120, ""arg0_numel"": 20971520, ""arg0_dtype"": ""torch.bfloat16"", ""arg0_dtype_size"": 2, ""arg0_dtype_cat"": 2, ""arg1_ndim"": 1, ""arg1_dim0"": 5120, ""arg1_numel"": 5120, ""arg1_dtype"": ""torch.bfloat16"", ""arg1_dtype_size"": 2, ""arg1_dtype_cat"": 2}",0.16182400286197662
rms_norm,d0f887081534d20e,5f3510d018a1da2c,"{""block_sizes"": [2], ""reduction_loops"": [null], ""range_unroll_factors"": [0], ""range_warp_specializes"": [null], ""range_num_stages"": [0], ""range_multi_buffers"": [null], ""range_flattens"": [null], ""load_eviction_policies"": ["""", """", ""first"", """", """"], ""num_warps"": 1, ""num_stages"": 1, ""indexing"": [""pointer"", ""pointer"", ""tensor_descriptor"", ""tensor_descriptor"", ""pointer"", ""pointer"", ""pointer""], ""atomic_indexing"": [], ""pid_type"": ""flat""}","{""arg0_ndim"": 2, ""arg0_dim0"": 4096, ""arg0_dim1"": 5120, ""arg0_numel"": 20971520, ""arg0_dtype"": ""torch.bfloat16"", ""arg0_dtype_size"": 2, ""arg0_dtype_cat"": 2, ""arg1_ndim"": 1, ""arg1_dim0"": 5120, ""arg1_numel"": 5120, ""arg1_dtype"": ""torch.bfloat16"", ""arg1_dtype_size"": 2, ""arg1_dtype_cat"": 2}",0.15775999426841736
rms_norm,d0f887081534d20e,c6373fe598a919dd,"{""block_sizes"": [8], ""reduction_loops"": [null], ""range_unroll_factors"": [0], ""range_warp_specializes"": [null], ""range_num_stages"": [0], ""range_multi_buffers"": [null], ""range_flattens"": [null], ""load_eviction_policies"": ["""", """", ""first"", """", """"], ""num_warps"": 16, ""num_stages"": 6, ""indexing"": [""pointer"", ""pointer"", ""pointer"", ""tensor_descriptor"", ""pointer"", ""pointer"", ""pointer""], ""atomic_indexing"": [], ""pid_type"": ""flat""}","{""arg0_ndim"": 2, ""arg0_dim0"": 4096, ""arg0_dim1"": 5120, ""arg0_numel"": 20971520, ""arg0_dtype"": ""torch.bfloat16"", ""arg0_dtype_size"": 2, ""arg0_dtype_cat"": 2, ""arg1_ndim"": 1, ""arg1_dim0"": 5120, ""arg1_numel"": 5120, ""arg1_dtype"": ""torch.bfloat16"", ""arg1_dtype_size"": 2, ""arg1_dtype_cat"": 2}",0.03276799991726875
rms_norm,d0f887081534d20e,482f430b8c9d8e8e,"{""block_sizes"": [2], ""reduction_loops"": [2048], ""range_unroll_factors"": [0], ""range_warp_specializes"": [null], ""range_num_stages"": [0], ""range_multi_buffers"": [null], ""range_flattens"": [null], ""load_eviction_policies"": [""last"", ""first"", ""last"", ""first"", ""first""], ""num_warps"": 2, ""num_stages"": 1, ""indexing"": [""tensor_descriptor"", ""pointer"", ""tensor_descriptor"", ""tensor_descriptor"", ""pointer"", ""tensor_descriptor"", ""tensor_descriptor""], ""atomic_indexing"": [], ""pid_type"": ""flat""}","{""arg0_ndim"": 2, ""arg0_dim0"": 4096, ""arg0_dim1"": 5120, ""arg0_numel"": 20971520, ""arg0_dtype"": ""torch.bfloat16"", ""arg0_dtype_size"": 2, ""arg0_dtype_cat"": 2, ""arg1_ndim"": 1, ""arg1_dim0"": 5120, ""arg1_numel"": 5120, ""arg1_dtype"": ""torch.bfloat16"", ""arg1_dtype_size"": 2, ""arg1_dtype_cat"": 2}",0.02457600086927414
rms_norm,d0f887081534d20e,816644cab655d611,"{""block_sizes"": [2], ""reduction_loops"": [2048], ""range_unroll_factors"": [0], ""range_warp_specializes"": [null], ""range_num_stages"": [0], ""range_multi_buffers"": [null], ""range_flattens"": [null], ""load_eviction_policies"": ["""", ""first"", ""last"", ""last"", """"], ""num_warps"": 8, ""num_stages"": 3, ""indexing"": [""pointer"", ""tensor_descriptor"", ""tensor_descriptor"", ""pointer"", ""tensor_descriptor"", ""pointer"", ""tensor_descriptor""], ""atomic_indexing"": [], ""pid_type"": ""flat""}","{""arg0_ndim"": 2, ""arg0_dim0"": 4096, ""arg0_dim1"": 5120, ""arg0_numel"": 20971520, ""arg0_dtype"": ""torch.bfloat16"", ""arg0_dtype_size"": 2, ""arg0_dtype_cat"": 2, ""arg1_ndim"": 1, ""arg1_dim0"": 5120, ""arg1_numel"": 5120, ""arg1_dtype"": ""torch.bfloat16"", ""arg1_dtype_size"": 2, ""arg1_dtype_cat"": 2}",0.024480000138282776
rms_norm,d0f887081534d20e,3abfa9907ca4fa3a,"{""block_sizes"": [1], ""reduction_loops"": [null], ""range_unroll_factors"": [0], ""range_warp_specializes"": [null], ""range_num_stages"": [0], ""range_multi_buffers"": [null], ""range_flattens"": [null], ""load_eviction_policies"": ["""", ""last"", ""last"", """", """"], ""num_warps"": 4, ""num_stages"": 2, ""indexing"": [""pointer"", ""pointer"", ""pointer"", ""tensor_descriptor"", ""pointer"", ""tensor_descriptor"", ""pointer""], ""atomic_indexing"": [], ""pid_type"": ""flat""}","{""arg0_ndim"": 2, ""arg0_dim0"": 4096, ""arg0_dim1"": 5120, ""arg0_numel"": 20971520, ""arg0_dtype"": ""torch.bfloat16"", ""arg0_dtype_size"": 2, ""arg0_dtype_cat"": 2, ""arg1_ndim"": 1, ""arg1_dim0"": 5120, ""arg1_numel"": 5120, ""arg1_dtype"": ""torch.bfloat16"", ""arg1_dtype_size"": 2, ""arg1_dtype_cat"": 2}",0.026623999699950218
rms_norm,d0f887081534d20e,87b2f26661fd2925,"{""block_sizes"": [1], ""reduction_loops"": [null], ""range_unroll_factors"": [0], ""range_warp_specializes"": [null], ""range_num_stages"": [0], ""range_multi_buffers"": [null], ""range_flattens"": [null], ""load_eviction_policies"": ["""", ""last"", ""last"", ""first"", """"], ""num_warps"": 8, ""num_stages"": 2, ""indexing"": [""tensor_descriptor"", ""tensor_descriptor"", ""tensor_descriptor"", ""tensor_descriptor"", ""pointer"", ""pointer"", ""tensor_descriptor""], ""atomic_indexing"": [], ""pid_type"": ""flat""}","{""arg0_ndim"": 2, ""arg0_dim0"": 4096, ""arg0_dim1"": 5120, ""arg0_numel"": 20971520, ""arg0_dtype"": ""torch.bfloat16"", ""arg0_dtype_size"": 2, ""arg0_dtype_cat"": 2, ""arg1_ndim"": 1, ""arg1_dim0"": 5120, ""arg1_numel"": 5120, ""arg1_dtype"": ""torch.bfloat16"", ""arg1_dtype_size"": 2, ""arg1_dtype_cat"": 2}",0.02457600086927414
rms_norm,d0f887081534d20e,7c1f654402c9dd7f,"{""block_sizes"": [1], ""reduction_loops"": [1024], ""range_unroll_factors"": [0], ""range_warp_specializes"": [null], ""range_num_stages"": [0], ""range_multi_buffers"": [null], ""range_flattens"": [null], ""load_eviction_policies"": ["""", ""first"", """", ""last"", ""first""], ""num_warps"": 4, ""num_stages"": 3, ""indexing"": [""pointer"", ""tensor_descriptor"", ""tensor_descriptor"", ""tensor_descriptor"", ""tensor_descriptor"", ""pointer"", ""pointer""], ""atomic_indexing"": [], ""pid_type"": ""flat""}","{""arg0_ndim"": 2, ""arg0_dim0"": 4096, ""arg0_dim1"": 5120, ""arg0_numel"": 20971520, ""arg0_dtype"": ""torch.bfloat16"", ""arg0_dtype_size"": 2, ""arg0_dtype_cat"": 2, ""arg1_ndim"": 1, ""arg1_dim0"": 5120, ""arg1_numel"": 5120, ""arg1_dtype"": ""torch.bfloat16"", ""arg1_dtype_size"": 2, ""arg1_dtype_cat"": 2}",0.02252800017595291
rms_norm,d0f887081534d20e,306f51b1d2d06f98,"{""block_sizes"": [1], ""reduction_loops"": [1024], ""range_unroll_factors"": [0], ""range_warp_specializes"": [null], ""range_num_stages"": [0], ""range_multi_buffers"": [null], ""range_flattens"": [null], ""load_eviction_policies"": ["""", ""first"", """", """", ""last""], ""num_warps"": 4, ""num_stages"": 5, ""indexing"": [""pointer"", ""tensor_descriptor"", ""tensor_descriptor"", ""pointer"", ""pointer"", ""tensor_descriptor"", ""tensor_descriptor""], ""atomic_indexing"": [], ""pid_type"": ""flat""}","{""arg0_ndim"": 2, ""arg0_dim0"": 4096, ""arg0_dim1"": 5120, ""arg0_numel"": 20971520, ""arg0_dtype"": ""torch.bfloat16"", ""arg0_dtype_size"": 2, ""arg0_dtype_cat"": 2, ""arg1_ndim"": 1, ""arg1_dim0"": 5120, ""arg1_numel"": 5120, ""arg1_dtype"": ""torch.bfloat16"", ""arg1_dtype_size"": 2, ""arg1_dtype_cat"": 2}",0.02252800017595291
rms_norm,d0f887081534d20e,5c295017bd009288,"{""block_sizes"": [1], ""reduction_loops"": [null], ""range_unroll_factors"": [0], ""range_warp_specializes"": [null], ""range_num_stages"": [0], ""range_multi_buffers"": [null], ""range_flattens"": [null], ""load_eviction_policies"": [""first"", """", ""last"", """", ""last""], ""num_warps"": 16, ""num_stages"": 4, ""indexing"": [""tensor_descriptor"", ""pointer"", ""tensor_descriptor"", ""pointer"", ""pointer"", ""pointer"", ""pointer""], ""atomic_indexing"": [], ""pid_type"": ""flat""}","{""arg0_ndim"": 2, ""arg0_dim0"": 4096, ""arg0_dim1"": 5120, ""arg0_numel"": 20971520, ""arg0_dtype"": ""torch.bfloat16"", ""arg0_dtype_size"": 2, ""arg0_dtype_cat"": 2, ""arg1_ndim"": 1, ""arg1_dim0"": 5120, ""arg1_numel"": 5120, ""arg1_dtype"": ""torch.bfloat16"", ""arg1_dtype_size"": 2, ""arg1_dtype_cat"": 2}",0.02252800017595291
rms_norm,d0f887081534d20e,9615e7b2fea5ec90,"{""block_sizes"": [1], ""reduction_loops"": [2048], ""range_unroll_factors"": [0], ""range_warp_specializes"": [null], ""range_num_stages"": [0], ""range_multi_buffers"": [null], ""range_flattens"": [null], ""load_eviction_policies"": ["""", ""first"", ""last"", ""first"", ""last""], ""num_warps"": 8, ""num_stages"": 8, ""indexing"": [""pointer"", ""pointer"", ""pointer"", ""tensor_descriptor"", ""pointer"", ""tensor_descriptor"", ""pointer""], ""atomic_indexing"": [], ""pid_type"": ""flat""}","{""arg0_ndim"": 2, ""arg0_dim0"": 4096, ""arg0_dim1"": 5120, ""arg0_numel"": 20971520, ""arg0_dtype"": ""torch.bfloat16"", ""arg0_dtype_size"": 2, ""arg0_dtype_cat"": 2, ""arg1_ndim"": 1, ""arg1_dim0"": 5120, ""arg1_numel"": 5120, ""arg1_dtype"": ""torch.bfloat16"", ""arg1_dtype_size"": 2, ""arg1_dtype_cat"": 2}",0.02457600086927414
rms_norm,d0f887081534d20e,ef0576b1337868e5,"{""block_sizes"": [1], ""reduction_loops"": [null], ""range_unroll_factors"": [0], ""range_warp_specializes"": [null], ""range_num_stages"": [0], ""range_multi_buffers"": [null], ""range_flattens"": [null], ""load_eviction_policies"": ["""", """", ""last"", """", ""last""], ""num_warps"": 8, ""num_stages"": 6, ""indexing"": [""tensor_descriptor"", ""pointer"", ""pointer"", ""pointer"", ""pointer"", ""tensor_descriptor"", ""tensor_descriptor""], ""atomic_indexing"": [], ""pid_type"": ""flat""}","{""arg0_ndim"": 2, ""arg0_dim0"": 4096, ""arg0_dim1"": 5120, ""arg0_numel"": 20971520, ""arg0_dtype"": ""torch.bfloat16"", ""arg0_dtype_size"": 2, ""arg0_dtype_cat"": 2, ""arg1_ndim"": 1, ""arg1_dim0"": 5120, ""arg1_numel"": 5120, ""arg1_dtype"": ""torch.bfloat16"", ""arg1_dtype_size"": 2, ""arg1_dtype_cat"": 2}",0.02457600086927414
rms_norm,d0f887081534d20e,11bb6dfa80985863,"{""block_sizes"": [1], ""reduction_loops"": [null], ""range_unroll_factors"": [0], ""range_warp_specializes"": [null], ""range_num_stages"": [0], ""range_multi_buffers"": [null], ""range_flattens"": [null], ""load_eviction_policies"": [""first"", """", ""last"", """", """"], ""num_warps"": 16, ""num_stages"": 2, ""indexing"": [""tensor_descriptor"", ""pointer"", ""pointer"", ""pointer"", ""tensor_descriptor"", ""tensor_descriptor"", ""pointer""], ""atomic_indexing"": [], ""pid_type"": ""flat""}","{""arg0_ndim"": 2, ""arg0_dim0"": 4096, ""arg0_dim1"": 5120, ""arg0_numel"": 20971520, ""arg0_dtype"": ""torch.bfloat16"", ""arg0_dtype_size"": 2, ""arg0_dtype_cat"": 2, ""arg1_ndim"": 1, ""arg1_dim0"": 5120, ""arg1_numel"": 5120, ""arg1_dtype"": ""torch.bfloat16"", ""arg1_dtype_size"": 2, ""arg1_dtype_cat"": 2}",0.02252800017595291
rms_norm,d0f887081534d20e,964bbd2b95871270,"{""block_sizes"": [1], ""reduction_loops"": [null], ""range_unroll_factors"": [0], ""range_warp_specializes"": [null], ""range_num_stages"": [0], ""range_multi_buffers"": [null], ""range_flattens"": [null], ""load_eviction_policies"": ["""", """", """", ""first"", """"], ""num_warps"": 8, ""num_stages"": 6, ""indexing"": [""pointer"", ""tensor_descriptor"", ""tensor_descriptor"", ""tensor_descriptor"", ""pointer"", ""tensor_descriptor"", ""tensor_descriptor""], ""atomic_indexing"": [], ""pid_type"": ""flat""}","{""arg0_ndim"": 2, ""arg0_dim0"": 4096, ""arg0_dim1"": 5120, ""arg0_numel"": 20971520, ""arg0_dtype"": ""torch.bfloat16"", ""arg0_dtype_size"": 2, ""arg0_dtype_cat"": 2, ""arg1_ndim"": 1, ""arg1_dim0"": 5120, ""arg1_numel"": 5120, ""arg1_dtype"": ""torch.bfloat16"", ""arg1_dtype_size"": 2, ""arg1_dtype_cat"": 2}",0.02457600086927414
rms_norm,d0f887081534d20e,a0bad60454a64a49,"{""block_sizes"": [1], ""reduction_loops"": [null], ""range_unroll_factors"": [0], ""range_warp_specializes"": [null], ""range_num_stages"": [0], ""range_multi_buffers"": [null], ""range_flattens"": [null], ""load_eviction_policies"": [""first"", ""last"", ""last"", """", ""last""], ""num_warps"": 16, ""num_stages"": 4, ""indexing"": [""pointer"", ""tensor_descriptor"", ""pointer"", ""pointer"", ""pointer"", ""pointer"", ""pointer""], ""atomic_indexing"": [], ""pid_type"": ""flat""}","{""arg0_ndim"": 2, ""arg0_dim0"": 4096, ""arg0_dim1"": 5120, ""arg0_numel"": 20971520, ""arg0_dtype"": ""torch.bfloat16"", ""arg0_dtype_size"": 2, ""arg0_dtype_cat"": 2, ""arg1_ndim"": 1, ""arg1_dim0"": 5120, ""arg1_numel"": 5120, ""arg1_dtype"": ""torch.bfloat16"", ""arg1_dtype_size"": 2, ""arg1_dtype_cat"": 2}",0.02252800017595291
rms_norm,d0f887081534d20e,45b47d2b716e8754,"{""block_sizes"": [4], ""reduction_loops"": [null], ""range_unroll_factors"": [0], ""range_warp_specializes"": [null], ""range_num_stages"": [0], ""range_multi_buffers"": [null], ""range_flattens"": [null], ""load_eviction_policies"": [""first"", """", """", ""last"", ""last""], ""num_warps"": 2, ""num_stages"": 5, ""indexing"": [""pointer"", ""tensor_descriptor"", ""tensor_descriptor"", ""tensor_descriptor"", ""tensor_descriptor"", ""pointer"", ""pointer""], ""atomic_indexing"": [], ""pid_type"": ""flat""}","{""arg0_ndim"": 2, ""arg0_dim0"": 4096, ""arg0_dim1"": 5120, ""arg0_numel"": 20971520, ""arg0_dtype"": ""torch.bfloat16"", ""arg0_dtype_size"": 2, ""arg0_dtype_cat"": 2, ""arg1_ndim"": 1, ""arg1_dim0"": 5120, ""arg1_numel"": 5120, ""arg1_dtype"": ""torch.bfloat16"", ""arg1_dtype_size"": 2, ""arg1_dtype_cat"": 2}",0.20483200252056122
rms_norm,d0f887081534d20e,0e08e3ec9a7b2c1e,"{""block_sizes"": [4], ""reduction_loops"": [null], ""range_unroll_factors"": [0], ""range_warp_specializes"": [null], ""range_num_stages"": [0], ""range_multi_buffers"": [null], ""range_flattens"": [null], ""load_eviction_policies"": [""first"", ""last"", """", ""first"", """"], ""num_warps"": 2, ""num_stages"": 3, ""indexing"": [""pointer"", ""tensor_descriptor"", ""pointer"", ""tensor_descriptor"", ""tensor_descriptor"", ""tensor_descriptor"", ""tensor_descriptor""], ""atomic_indexing"": [], ""pid_type"": ""flat""}","{""arg0_ndim"": 2, ""arg0_dim0"": 4096, ""arg0_dim1"": 5120, ""arg0_numel"": 20971520, ""arg0_dtype"": ""torch.bfloat16"", ""arg0_dtype_size"": 2, ""arg0_dtype_cat"": 2, ""arg1_ndim"": 1, ""arg1_dim0"": 5120, ""arg1_numel"": 5120, ""arg1_dtype"": ""torch.bfloat16"", ""arg1_dtype_size"": 2, ""arg1_dtype_cat"": 2}",0.2807359993457794
rms_norm,d0f887081534d20e,a3c8f5854ffdaebc,"{""block_sizes"": [16], ""reduction_loops"": [null], ""range_unroll_factors"": [0], ""range_warp_specializes"": [null], ""range_num_stages"": [0], ""range_multi_buffers"": [null], ""range_flattens"": [null], ""load_eviction_policies"": ["""", """", ""first"", """", ""last""], ""num_warps"": 4, ""num_stages"": 5, ""indexing"": [""pointer"", ""pointer"", ""pointer"", ""pointer"", ""pointer"", ""pointer"", ""pointer""], ""atomic_indexing"": [], ""pid_type"": ""flat""}","{""arg0_ndim"": 2, ""arg0_dim0"": 4096, ""arg0_dim1"": 5120, ""arg0_numel"": 20971520, ""arg0_dtype"": ""torch.bfloat16"", ""arg0_dtype_size"": 2, ""arg0_dtype_cat"": 2, ""arg1_ndim"": 1, ""arg1_dim0"": 5120, ""arg1_numel"": 5120, ""arg1_dtype"": ""torch.bfloat16"", ""arg1_dtype_size"": 2, ""arg1_dtype_cat"": 2}",0.36446399986743927
rms_norm,d0f887081534d20e,df5f9e1409cfd8bd,"{""block_sizes"": [16], ""reduction_loops"": [null], ""range_unroll_factors"": [0], ""range_warp_specializes"": [null], ""range_num_stages"": [0], ""range_multi_buffers"": [null], ""range_flattens"": [null], ""load_eviction_policies"": ["""", """", ""last"", """", ""first""], ""num_warps"": 4, ""num_stages"": 1, ""indexing"": [""pointer"", ""pointer"", ""pointer"", ""pointer"", ""pointer"", ""tensor_descriptor"", ""tensor_descriptor""], ""atomic_indexing"": [], ""pid_type"": ""flat""}","{""arg0_ndim"": 2, ""arg0_dim0"": 4096, ""arg0_dim1"": 5120, ""arg0_numel"": 20971520, ""arg0_dtype"": ""torch.bfloat16"", ""arg0_dtype_size"": 2, ""arg0_dtype_cat"": 2, ""arg1_ndim"": 1, ""arg1_dim0"": 5120, ""arg1_numel"": 5120, ""arg1_dtype"": ""torch.bfloat16"", ""arg1_dtype_size"": 2, ""arg1_dtype_cat"": 2}",0.36451199650764465
rms_norm,44835fb27654d153,24745e38d713c198,"{""block_sizes"": [2], ""reduction_loops"": [null], ""range_unroll_factors"": [0], ""range_warp_specializes"": [null], ""range_num_stages"": [0], ""range_multi_buffers"": [null], ""range_flattens"": [null], ""load_eviction_policies"": [""last"", ""first"", ""first"", """", """"], ""num_warps"": 4, ""num_stages"": 6, ""indexing"": [""pointer"", ""pointer"", ""pointer"", ""tensor_descriptor"", ""tensor_descriptor"", ""pointer"", ""pointer""], ""atomic_indexing"": [], ""pid_type"": ""flat""}","{""arg0_ndim"": 2, ""arg0_dim0"": 4096, ""arg0_dim1"": 7168, ""arg0_numel"": 29360128, ""arg0_dtype"": ""torch.bfloat16"", ""arg0_dtype_size"": 2, ""arg0_dtype_cat"": 2, ""arg1_ndim"": 1, ""arg1_dim0"": 7168, ""arg1_numel"": 7168, ""arg1_dtype"": ""torch.bfloat16"", ""arg1_dtype_size"": 2, ""arg1_dtype_cat"": 2}",0.030751999467611313
rms_norm,44835fb27654d153,180c35ef192d14f2,"{""block_sizes"": [2], ""reduction_loops"": [null], ""range_unroll_factors"": [0], ""range_warp_specializes"": [null], ""range_num_stages"": [0], ""range_multi_buffers"": [null], ""range_flattens"": [null], ""load_eviction_policies"": ["""", """", ""last"", """", """"], ""num_warps"": 1, ""num_stages"": 2, ""indexing"": [""pointer"", ""pointer"", ""pointer"", ""pointer"", ""pointer"", ""pointer"", ""pointer""], ""atomic_indexing"": [], ""pid_type"": ""flat""}","{""arg0_ndim"": 2, ""arg0_dim0"": 4096, ""arg0_dim1"": 7168, ""arg0_numel"": 29360128, ""arg0_dtype"": ""torch.bfloat16"", ""arg0_dtype_size"": 2, ""arg0_dtype_cat"": 2, ""arg1_ndim"": 1, ""arg1_dim0"": 7168, ""arg1_numel"": 7168, ""arg1_dtype"": ""torch.bfloat16"", ""arg1_dtype_size"": 2, ""arg1_dtype_cat"": 2}",0.16595199704170227
rms_norm,44835fb27654d153,7bfccb3790afd320,"{""block_sizes"": [2], ""reduction_loops"": [2048], ""range_unroll_factors"": [0], ""range_warp_specializes"": [null], ""range_num_stages"": [0], ""range_multi_buffers"": [null], ""range_flattens"": [null], ""load_eviction_policies"": [""last"", """", ""last"", """", """"], ""num_warps"": 8, ""num_stages"": 1, ""indexing"": [""pointer"", ""pointer"", ""pointer"", ""tensor_descriptor"", ""pointer"", ""tensor_descriptor"", ""tensor_descriptor""], ""atomic_indexing"": [], ""pid_type"": ""flat""}","{""arg0_ndim"": 2, ""arg0_dim0"": 4096, ""arg0_dim1"": 7168, ""arg0_numel"": 29360128, ""arg0_dtype"": ""torch.bfloat16"", ""arg0_dtype_size"": 2, ""arg0_dtype_cat"": 2, ""arg1_ndim"": 1, ""arg1_dim0"": 7168, ""arg1_numel"": 7168, ""arg1_dtype"": ""torch.bfloat16"", ""arg1_dtype_size"": 2, ""arg1_dtype_cat"": 2}",0.028815999627113342
rms_norm,44835fb27654d153,b700865abbecc460,"{""block_sizes"": [1], ""reduction_loops"": [null], ""range_unroll_factors"": [0], ""range_warp_specializes"": [null], ""range_num_stages"": [0], ""range_multi_buffers"": [null], ""range_flattens"": [null], ""load_eviction_policies"": [""first"", """", ""last"", ""last"", """"], ""num_warps"": 16, ""num_stages"": 1, ""indexing"": [""tensor_descriptor"", ""tensor_descriptor"", ""pointer"", ""tensor_descriptor"", ""tensor_descriptor"", ""pointer"", ""tensor_descriptor""], ""atomic_indexing"": [], ""pid_type"": ""flat""}","{""arg0_ndim"": 2, ""arg0_dim0"": 4096, ""arg0_dim1"": 7168, ""arg0_numel"": 29360128, ""arg0_dtype"": ""torch.bfloat16"", ""arg0_dtype_size"": 2, ""arg0_dtype_cat"": 2, ""arg1_ndim"": 1, ""arg1_dim0"": 7168, ""arg1_numel"": 7168, ""arg1_dtype"": ""torch.bfloat16"", ""arg1_dtype_size"": 2, ""arg1_dtype_cat"": 2}",0.026623999699950218
rms_norm,44835fb27654d153,73a4bcfe84591dcd,"{""block_sizes"": [1], ""reduction_loops"": [8192], ""range_unroll_factors"": [0], ""range_warp_specializes"": [null], ""range_num_stages"": [0], ""range_multi_buffers"": [null], ""range_flattens"": [null], ""load_eviction_policies"": ["""", """", """", """", """"], ""num_warps"": 8, ""num_stages"": 4, ""indexing"": [""pointer"", ""pointer"", ""tensor_descriptor"", ""pointer"", ""pointer"", ""tensor_descriptor"", ""tensor_descriptor""], ""atomic_indexing"": [], ""pid_type"": ""flat""}","{""arg0_ndim"": 2, ""arg0_dim0"": 4096, ""arg0_dim1"": 7168, ""arg0_numel"": 29360128, ""arg0_dtype"": ""torch.bfloat16"", ""arg0_dtype_size"": 2, ""arg0_dtype_cat"": 2, ""arg1_ndim"": 1, ""arg1_dim0"": 7168, ""arg1_numel"": 7168, ""arg1_dtype"": ""torch.bfloat16"", ""arg1_dtype_size"": 2, ""arg1_dtype_cat"": 2}",0.028704000636935234
rms_norm,44835fb27654d153,6d53c3602b79725b,"{""block_sizes"": [1], ""reduction_loops"": [8192], ""range_unroll_factors"": [0], ""range_warp_specializes"": [null], ""range_num_stages"": [0], ""range_multi_buffers"": [null], ""range_flattens"": [null], ""load_eviction_policies"": ["""", ""first"", ""last"", """", """"], ""num_warps"": 8, ""num_stages"": 3, ""indexing"": [""pointer"", ""tensor_descriptor"", ""pointer"", ""pointer"", ""pointer"", ""tensor_descriptor"", ""pointer""], ""atomic_indexing"": [], ""pid_type"": ""flat""}","{""arg0_ndim"": 2, ""arg0_dim0"": 4096, ""arg0_dim1"": 7168, ""arg0_numel"": 29360128, ""arg0_dtype"": ""torch.bfloat16"", ""arg0_dtype_size"": 2, ""arg0_dtype_cat"": 2, ""arg1_ndim"": 1, ""arg1_dim0"": 7168, ""arg1_numel"": 7168, ""arg1_dtype"": ""torch.bfloat16"", ""arg1_dtype_size"": 2, ""arg1_dtype_cat"": 2}",0.028672000393271446
rms_norm,44835fb27654d153,ce65586612391f94,"{""block_sizes"": [32], ""reduction_loops"": [null], ""range_unroll_factors"": [0], ""range_warp_specializes"": [null], ""range_num_stages"": [0], ""range_multi_buffers"": [null], ""range_flattens"": [null], ""load_eviction_policies"": ["""", """", """", """", """"], ""num_warps"": 4, ""num_stages"": 1, ""indexing"": [""pointer"", ""pointer"", ""pointer"", ""pointer"", ""pointer"", ""pointer"", ""pointer""], ""atomic_indexing"": [], ""pid_type"": ""flat""}","{""arg0_ndim"": 2, ""arg0_dim0"": 4096, ""arg0_dim1"": 7168, ""arg0_numel"": 29360128, ""arg0_dtype"": ""torch.bfloat16"", ""arg0_dtype_size"": 2, ""arg0_dtype_cat"": 2, ""arg1_ndim"": 1, ""arg1_dim0"": 7168, ""arg1_numel"": 7168, ""arg1_dtype"": ""torch.bfloat16"", ""arg1_dtype_size"": 2, ""arg1_dtype_cat"": 2}",0.6224319934844971
rms_norm,44835fb27654d153,fa68d1735ed55be8,"{""block_sizes"": [16], ""reduction_loops"": [null], ""range_unroll_factors"": [1], ""range_warp_specializes"": [null], ""range_num_stages"": [2], ""range_multi_buffers"": [null], ""range_flattens"": [null], ""load_eviction_policies"": [""first"", ""last"", ""last"", """", ""last""], ""num_warps"": 16, ""num_stages"": 8, ""indexing"": [""tensor_descriptor"", ""pointer"", ""tensor_descriptor"", ""pointer"", ""pointer"", ""pointer"", ""pointer""], ""atomic_indexing"": [], ""pid_type"": ""persistent_interleaved"", ""num_sm_multiplier"": 1}","{""arg0_ndim"": 2, ""arg0_dim0"": 4096, ""arg0_dim1"": 7168, ""arg0_numel"": 29360128, ""arg0_dtype"": ""torch.bfloat16"", ""arg0_dtype_size"": 2, ""arg0_dtype_cat"": 2, ""arg1_ndim"": 1, ""arg1_dim0"": 7168, ""arg1_numel"": 7168, ""arg1_dtype"": ""torch.bfloat16"", ""arg1_dtype_size"": 2, ""arg1_dtype_cat"": 2}",0.12495999783277512
rms_norm,44835fb27654d153,1979210a312b6290,"{""block_sizes"": [16], ""reduction_loops"": [256], ""range_unroll_factors"": [0], ""range_warp_specializes"": [null], ""range_num_stages"": [0], ""range_multi_buffers"": [null], ""range_flattens"": [null], ""load_eviction_policies"": [""first"", """", ""last"", ""last"", """"], ""num_warps"": 16, ""num_stages"": 4, ""indexing"": [""tensor_descriptor"", ""tensor_descriptor"", ""tensor_descriptor"", ""tensor_descriptor"", ""tensor_descriptor"", ""tensor_descriptor"", ""tensor_descriptor""], ""atomic_indexing"": [], ""pid_type"": ""flat""}","{""arg0_ndim"": 2, ""arg0_dim0"": 4096, ""arg0_dim1"": 7168, ""arg0_numel"": 29360128, ""arg0_dtype"": ""torch.bfloat16"", ""arg0_dtype_size"": 2, ""arg0_dtype_cat"": 2, ""arg1_ndim"": 1, ""arg1_dim0"": 7168, ""arg1_numel"": 7168, ""arg1_dtype"": ""torch.bfloat16"", ""arg1_dtype_size"": 2, ""arg1_dtype_cat"": 2}",0.043136000633239746
rms_norm,44835fb27654d153,832d9cc41c9b5249,"{""block_sizes"": [2], ""reduction_loops"": [null], ""range_unroll_factors"": [0], ""range_warp_specializes"": [null], ""range_num_stages"": [0], ""range_multi_buffers"": [null], ""range_flattens"": [null], ""load_eviction_policies"": [""first"", ""last"", ""first"", ""first"", ""last""], ""num_warps"": 1, ""num_stages"": 8, ""indexing"": [""pointer"", ""pointer"", ""tensor_descriptor"", ""pointer"", ""pointer"", ""tensor_descriptor"", ""pointer""], ""atomic_indexing"": [], ""pid_type"": ""flat""}","{""arg0_ndim"": 2, ""arg0_dim0"": 4096, ""arg0_dim1"": 7168, ""arg0_numel"": 29360128, ""arg0_dtype"": ""torch.bfloat16"", ""arg0_dtype_size"": 2, ""arg0_dtype_cat"": 2, ""arg1_ndim"": 1, ""arg1_dim0"": 7168, ""arg1_numel"": 7168, ""arg1_dtype"": ""torch.bfloat16"", ""arg1_dtype_size"": 2, ""arg1_dtype_cat"": 2}",0.1690559983253479
rms_norm,44835fb27654d153,5f3510d018a1da2c,"{""block_sizes"": [2], ""reduction_loops"": [null], ""range_unroll_factors"": [0], ""range_warp_specializes"": [null], ""range_num_stages"": [0], ""range_multi_buffers"": [null], ""range_flattens"": [null], ""load_eviction_policies"": ["""", """", ""first"", """", """"], ""num_warps"": 1, ""num_stages"": 1, ""indexing"": [""pointer"", ""pointer"", ""tensor_descriptor"", ""tensor_descriptor"", ""pointer"", ""pointer"", ""pointer""], ""atomic_indexing"": [], ""pid_type"": ""flat""}","{""arg0_ndim"": 2, ""arg0_dim0"": 4096, ""arg0_dim1"": 7168, ""arg0_numel"": 29360128, ""arg0_dtype"": ""torch.bfloat16"", ""arg0_dtype_size"": 2, ""arg0_dtype_cat"": 2, ""arg1_ndim"": 1, ""arg1_dim0"": 7168, ""arg1_numel"": 7168, ""arg1_dtype"": ""torch.bfloat16"", ""arg1_dtype_size"": 2, ""arg1_dtype_cat"": 2}",0.16684800386428833
rms_norm,44835fb27654d153,c6373fe598a919dd,"{""block_sizes"": [8], ""reduction_loops"": [null], ""range_unroll_factors"": [0], ""range_warp_specializes"": [null], ""range_num_stages"": [0], ""range_multi_buffers"": [null], ""range_flattens"": [null], ""load_eviction_policies"": ["""", """", ""first"", """", """"], ""num_warps"": 16, ""num_stages"": 6, ""indexing"": [""pointer"", ""pointer"", ""pointer"", ""tensor_descriptor"", ""pointer"", ""pointer"", ""pointer""], ""atomic_indexing"": [], ""pid_type"": ""flat""}","{""arg0_ndim"": 2, ""arg0_dim0"": 4096, ""arg0_dim1"": 7168, ""arg0_numel"": 29360128, ""arg0_dtype"": ""torch.bfloat16"", ""arg0_dtype_size"": 2, ""arg0_dtype_cat"": 2, ""arg1_ndim"": 1, ""arg1_dim0"": 7168, ""arg1_numel"": 7168, ""arg1_dtype"": ""torch.bfloat16"", ""arg1_dtype_size"": 2, ""arg1_dtype_cat"": 2}",0.03699199855327606
rms_norm,44835fb27654d153,482f430b8c9d8e8e,"{""block_sizes"": [2], ""reduction_loops"": [2048], ""range_unroll_factors"": [0], ""range_warp_specializes"": [null], ""range_num_stages"": [0], ""range_multi_buffers"": [null], ""range_flattens"": [null], ""load_eviction_policies"": [""last"", ""first"", ""last"", ""first"", ""first""], ""num_warps"": 2, ""num_stages"": 1, ""indexing"": [""tensor_descriptor"", ""pointer"", ""tensor_descriptor"", ""tensor_descriptor"", ""pointer"", ""tensor_descriptor"", ""tensor_descriptor""], ""atomic_indexing"": [], ""pid_type"": ""flat""}","{""arg0_ndim"": 2, ""arg0_dim0"": 4096, ""arg0_dim1"": 7168, ""arg0_numel"": 29360128, ""arg0_dtype"": ""torch.bfloat16"", ""arg0_dtype_size"": 2, ""arg0_dtype_cat"": 2, ""arg1_ndim"": 1, ""arg1_dim0"": 7168, ""arg1_numel"": 7168, ""arg1_dtype"": ""torch.bfloat16"", ""arg1_dtype_size"": 2, ""arg1_dtype_cat"": 2}",0.03276799991726875
rms_norm,44835fb27654d153,816644cab655d611,"{""block_sizes"": [2], ""reduction_loops"": [2048], ""range_unroll_factors"": [0], ""range_warp_specializes"": [null], ""range_num_stages"": [0], ""range_multi_buffers"": [null], ""range_flattens"": [null], ""load_eviction_policies"": ["""", ""first"", ""last"", ""last"", """"], ""num_warps"": 8, ""num_stages"": 3, ""indexing"": [""pointer"", ""tensor_descriptor"", ""tensor_descriptor"", ""pointer"", ""tensor_descriptor"", ""pointer"", ""tensor_descriptor""], ""atomic_indexing"": [], ""pid_type"": ""flat""}","{""arg0_ndim"": 2, ""arg0_dim0"": 4096, ""arg0_dim1"": 7168, ""arg0_numel"": 29360128, ""arg0_dtype"": ""torch.bfloat16"", ""arg0_dtype_size"": 2, ""arg0_dtype_cat"": 2, ""arg1_ndim"": 1, ""arg1_dim0"": 7168, ""arg1_numel"": 7168, ""arg1_dtype"": ""torch.bfloat16"", ""arg1_dtype_size"": 2, ""arg1_dtype_cat"": 2}",0.02876799926161766
rms_norm,44835fb27654d153,3abfa9907ca4fa3a,"{""block_sizes"": [1], ""reduction_loops"": [null], ""range_unroll_factors"": [0], ""range_warp_specializes"": [null], ""range_num_stages"": [0], ""range_multi_buffers"": [null], ""range_flattens"": [null], ""load_eviction_policies"": ["""", ""last"", ""last"", """", """"], ""num_warps"": 4, ""num_stages"": 2, ""indexing"": [""pointer"", ""pointer"", ""pointer"", ""tensor_descriptor"", ""pointer"", ""tensor_descriptor"", ""pointer""], ""atomic_indexing"": [], ""pid_type"": ""flat""}","{""arg0_ndim"": 2, ""arg0_dim0"": 4096, ""arg0_dim1"": 7168, ""arg0_numel"": 29360128, ""arg0_dtype"": ""torch.bfloat16"", ""arg0_dtype_size"": 2, ""arg0_dtype_cat"": 2, ""arg1_ndim"": 1, ""arg1_dim0"": 7168, ""arg1_numel"": 7168, ""arg1_dtype"": ""torch.bfloat16"", ""arg1_dtype_size"": 2, ""arg1_dtype_cat"": 2}",0.030719999223947525
rms_norm,44835fb27654d153,87b2f26661fd2925,"{""block_sizes"": [1], ""reduction_loops"": [null], ""range_unroll_factors"": [0], ""range_warp_specializes"": [null], ""range_num_stages"": [0], ""range_multi_buffers"": [null], ""range_flattens"": [null], ""load_eviction_policies"": ["""", ""last"", ""last"", ""first"", """"], ""num_warps"": 8, ""num_stages"": 2, ""indexing"": [""tensor_descriptor"", ""tensor_descriptor"", ""tensor_descriptor"", ""tensor_descriptor"", ""pointer"", ""pointer"", ""tensor_descriptor""], ""atomic_indexing"": [], ""pid_type"": ""flat""}","{""arg0_ndim"": 2, ""arg0_dim0"": 4096, ""arg0_dim1"": 7168, ""arg0_numel"": 29360128, ""arg0_dtype"": ""torch.bfloat16"", ""arg0_dtype_size"": 2, ""arg0_dtype_cat"": 2, ""arg1_ndim"": 1, ""arg1_dim0"": 7168, ""arg1_numel"": 7168, ""arg1_dtype"": ""torch.bfloat16"", ""arg1_dtype_size"": 2, ""arg1_dtype_cat"": 2}",0.026655999943614006
rms_norm,44835fb27654d153,7c1f654402c9dd7f,"{""block_sizes"": [1], ""reduction_loops"": [1024], ""range_unroll_factors"": [0], ""range_warp_specializes"": [null], ""range_num_stages"": [0], ""range_multi_buffers"": [null], ""range_flattens"": [null], ""load_eviction_policies"": ["""", ""first"", """", ""last"", ""first""], ""num_warps"": 4, ""num_stages"": 3, ""indexing"": [""pointer"", ""tensor_descriptor"", ""tensor_descriptor"", ""tensor_descriptor"", ""tensor_descriptor"", ""pointer"", ""pointer""], ""atomic_indexing"": [], ""pid_type"": ""flat""}","{""arg0_ndim"": 2, ""arg0_dim0"": 4096, ""arg0_dim1"": 7168, ""arg0_numel"": 29360128, ""arg0_dtype"": ""torch.bfloat16"", ""arg0_dtype_size"": 2, ""arg0_dtype_cat"": 2, ""arg1_ndim"": 1, ""arg1_dim0"": 7168, ""arg1_numel"": 7168, ""arg1_dtype"": ""torch.bfloat16"", ""arg1_dtype_size"": 2, ""arg1_dtype_cat"": 2}",0.028672000393271446
rms_norm,44835fb27654d153,306f51b1d2d06f98,"{""block_sizes"": [1], ""reduction_loops"": [1024], ""range_unroll_factors"": [0], ""range_warp_specializes"": [null], ""range_num_stages"": [0], ""range_multi_buffers"": [null], ""range_flattens"": [null], ""load_eviction_policies"": ["""", ""first"", """", """", ""last""], ""num_warps"": 4, ""num_stages"": 5, ""indexing"": [""pointer"", ""tensor_descriptor"", ""tensor_descriptor"", ""pointer"", ""pointer"", ""tensor_descriptor"", ""tensor_descriptor""], ""atomic_indexing"": [], ""pid_type"": ""flat""}","{""arg0_ndim"": 2, ""arg0_dim0"": 4096, ""arg0_dim1"": 7168, ""arg0_numel"": 29360128, ""arg0_dtype"": ""torch.bfloat16"", ""arg0_dtype_size"": 2, ""arg0_dtype_cat"": 2, ""arg1_ndim"": 1, ""arg1_dim0"": 7168, ""arg1_numel"": 7168, ""arg1_dtype"": ""torch.bfloat16"", ""arg1_dtype_size"": 2, ""arg1_dtype_cat"": 2}",0.028672000393271446
rms_norm,44835fb27654d153,5c295017bd009288,"{""block_sizes"": [1], ""reduction_loops"": [null], ""range_unroll_factors"": [0], ""range_warp_specializes"": [null], ""range_num_stages"": [0], ""range_multi_buffers"": [null], ""range_flattens"": [null], ""load_eviction_policies"": [""first"", """", ""last"", """", ""last""], ""num_warps"": 16, ""num_stages"": 4, ""indexing"": [""tensor_descriptor"", ""pointer"", ""tensor_descriptor"", ""pointer"", ""pointer"", ""pointer"", ""pointer""], ""atomic_indexing"": [], ""pid_type"": ""flat""}","{""arg0_ndim"": 2, ""arg0_dim0"": 4096, ""arg0_dim1"": 7168, ""arg0_numel"": 29360128, ""arg0_dtype"": ""torch.bfloat16"", ""arg0_dtype_size"": 2, ""arg0_dtype_cat"": 2, ""arg1_ndim"": 1, ""arg1_dim0"": 7168, ""arg1_numel"": 7168, ""arg1_dtype"": ""torch.bfloat16"", ""arg1_dtype_size"": 2, ""arg1_dtype_cat"": 2}",0.026623999699950218
rms_norm,44835fb27654d153,9615e7b2fea5ec90,"{""block_sizes"": [1], ""reduction_loops"": [2048], ""range_unroll_factors"": [0], ""range_warp_specializes"": [null], ""range_num_stages"": [0], ""range_multi_buffers"": [null], ""range_flattens"": [null], ""load_eviction_policies"": ["""", ""first"", ""last"", ""first"", ""last""], ""num_warps"": 8, ""num_stages"": 8, ""indexing"": [""pointer"", ""pointer"", ""pointer"", ""tensor_descriptor"", ""pointer"", ""tensor_descriptor"", ""pointer""], ""atomic_indexing"": [], ""pid_type"": ""flat""}","{""arg0_ndim"": 2, ""arg0_dim0"": 4096, ""arg0_dim1"": 7168, ""arg0_numel"": 29360128, ""arg0_dtype"": ""torch.bfloat16"", ""arg0_dtype_size"": 2, ""arg0_dtype_cat"": 2, ""arg1_ndim"": 1, ""arg1_dim0"": 7168, ""arg1_numel"": 7168, ""arg1_dtype"": ""torch.bfloat16"", ""arg1_dtype_size"": 2, ""arg1_dtype_cat"": 2}",0.0306560005992651
rms_norm,44835fb27654d153,ef0576b1337868e5,"{""block_sizes"": [1], ""reduction_loops"": [null], ""range_unroll_factors"": [0], ""range_warp_specializes"": [null], ""range_num_stages"": [0], ""range_multi_buffers"": [null], ""range_flattens"": [null], ""load_eviction_policies"": ["""", """", ""last"", """", ""last""], ""num_warps"": 8, ""num_stages"": 6, ""indexing"": [""tensor_descriptor"", ""pointer"", ""pointer"", ""pointer"", ""pointer"", ""tensor_descriptor"", ""tensor_descriptor""], ""atomic_indexing"": [], ""pid_type"": ""flat""}","{""arg0_ndim"": 2, ""arg0_dim0"": 4096, ""arg0_dim1"": 7168, ""arg0_numel"": 29360128, ""arg0_dtype"": ""torch.bfloat16"", ""arg0_dtype_size"": 2, ""arg0_dtype_cat"": 2, ""arg1_ndim"": 1, ""arg1_dim0"": 7168, ""arg1_numel"": 7168, ""arg1_dtype"": ""torch.bfloat16"", ""arg1_dtype_size"": 2, ""arg1_dtype_cat"": 2}",0.028672000393271446
rms_norm,44835fb27654d153,11bb6dfa80985863,"{""block_sizes"": [1], ""reduction_loops"": [null], ""range_unroll_factors"": [0], ""range_warp_specializes"": [null], ""range_num_stages"": [0], ""range_multi_buffers"": [null], ""range_flattens"": [null], ""load_eviction_policies"": [""first"", """", ""last"", """", """"], ""num_warps"": 16, ""num_stages"": 2, ""indexing"": [""tensor_descriptor"", ""pointer"", ""pointer"", ""pointer"", ""tensor_descriptor"", ""tensor_descriptor"", ""pointer""], ""atomic_indexing"": [], ""pid_type"": ""flat""}","{""arg0_ndim"": 2, ""arg0_dim0"": 4096, ""arg0_dim1"": 7168, ""arg0_numel"": 29360128, ""arg0_dtype"": ""torch.bfloat16"", ""arg0_dtype_size"": 2, ""arg0_dtype_cat"": 2, ""arg1_ndim"": 1, ""arg1_dim0"": 7168, ""arg1_numel"": 7168, ""arg1_dtype"": ""torch.bfloat16"", ""arg1_dtype_size"": 2, ""arg1_dtype_cat"": 2}",0.026623999699950218
rms_norm,44835fb27654d153,964bbd2b95871270,"{""block_sizes"": [1], ""reduction_loops"": [null], ""range_unroll_factors"": [0], ""range_warp_specializes"": [null], ""range_num_stages"": [0], ""range_multi_buffers"": [null], ""range_flattens"": [null], ""load_eviction_policies"": ["""", """", """", ""first"", """"], ""num_warps"": 8, ""num_stages"": 6, ""indexing"": [""pointer"", ""tensor_descriptor"", ""tensor_descriptor"", ""tensor_descriptor"", ""pointer"", ""tensor_descriptor"", ""tensor_descriptor""], ""atomic_indexing"": [], ""pid_type"": ""flat""}","{""arg0_ndim"": 2, ""arg0_dim0"": 4096, ""arg0_dim1"": 7168, ""arg0_numel"": 29360128, ""arg0_dtype"": ""torch.bfloat16"", ""arg0_dtype_size"": 2, ""arg0_dtype_cat"": 2, ""arg1_ndim"": 1, ""arg1_dim0"": 7168, ""arg1_numel"": 7168, ""arg1_dtype"": ""torch.bfloat16"", ""arg1_dtype_size"": 2, ""arg1_dtype_cat"": 2}",0.028672000393271446
rms_norm,44835fb27654d153,a0bad60454a64a49,"{""block_sizes"": [1], ""reduction_loops"": [null], ""range_unroll_factors"": [0], ""range_warp_specializes"": [null], ""range_num_stages"": [0], ""range_multi_buffers"": [null], ""range_flattens"": [null], ""load_eviction_policies"": [""first"", ""last"", ""last"", """", ""last""], ""num_warps"": 16, ""num_stages"": 4, ""indexing"": [""pointer"", ""tensor_descriptor"", ""pointer"", ""pointer"", ""pointer"", ""pointer"", ""pointer""], ""atomic_indexing"": [], ""pid_type"": ""flat""}","{""arg0_ndim"": 2, ""arg0_dim0"": 4096, ""arg0_dim1"": 7168, ""arg0_numel"": 29360128, ""arg0_dtype"": ""torch.bfloat16"", ""arg0_dtype_size"": 2, ""arg0_dtype_cat"": 2, ""arg1_ndim"": 1, ""arg1_dim0"": 7168, ""arg1_numel"": 7168, ""arg1_dtype"": ""torch.bfloat16"", ""arg1_dtype_size"": 2, ""arg1_dtype_cat"": 2}",0.025599999353289604
rms_norm,44835fb27654d153,45b47d2b716e8754,"{""block_sizes"": [4], ""reduction_loops"": [null], ""range_unroll_factors"": [0], ""range_warp_specializes"": [null], ""range_num_stages"": [0], ""range_multi_buffers"": [null], ""range_flattens"": [null], ""load_eviction_policies"": [""first"", """", """", ""last"", ""last""], ""num_warps"": 2, ""num_stages"": 5, ""indexing"": [""pointer"", ""tensor_descriptor"", ""tensor_descriptor"", ""tensor_descriptor"", ""tensor_descriptor"", ""pointer"", ""pointer""], ""atomic_indexing"": [], ""pid_type"": ""flat""}","{""arg0_ndim"": 2, ""arg0_dim0"": 4096, ""arg0_dim1"": 7168, ""arg0_numel"": 29360128, ""arg0_dtype"": ""torch.bfloat16"", ""arg0_dtype_size"": 2, ""arg0_dtype_cat"": 2, ""arg1_ndim"": 1, ""arg1_dim0"": 7168, ""arg1_numel"": 7168, ""arg1_dtype"": ""torch.bfloat16"", ""arg1_dtype_size"": 2, ""arg1_dtype_cat"": 2}",0.21593600511550903
rms_norm,44835fb27654d153,0e08e3ec9a7b2c1e,"{""block_sizes"": [4], ""reduction_loops"": [null], ""range_unroll_factors"": [0], ""range_warp_specializes"": [null], ""range_num_stages"": [0], ""range_multi_buffers"": [null], ""range_flattens"": [null], ""load_eviction_policies"": [""first"", ""last"", """", ""first"", """"], ""num_warps"": 2, ""num_stages"": 3, ""indexing"": [""pointer"", ""tensor_descriptor"", ""pointer"", ""tensor_descriptor"", ""tensor_descriptor"", ""tensor_descriptor"", ""tensor_descriptor""], ""atomic_indexing"": [], ""pid_type"": ""flat""}","{""arg0_ndim"": 2, ""arg0_dim0"": 4096, ""arg0_dim1"": 7168, ""arg0_numel"": 29360128, ""arg0_dtype"": ""torch.bfloat16"", ""arg0_dtype_size"": 2, ""arg0_dtype_cat"": 2, ""arg1_ndim"": 1, ""arg1_dim0"": 7168, ""arg1_numel"": 7168, ""arg1_dtype"": ""torch.bfloat16"", ""arg1_dtype_size"": 2, ""arg1_dtype_cat"": 2}",0.29289600253105164
rms_norm,44835fb27654d153,a3c8f5854ffdaebc,"{""block_sizes"": [16], ""reduction_loops"": [null], ""range_unroll_factors"": [0], ""range_warp_specializes"": [null], ""range_num_stages"": [0], ""range_multi_buffers"": [null], ""range_flattens"": [null], ""load_eviction_policies"": ["""", """", ""first"", """", ""last""], ""num_warps"": 4, ""num_stages"": 5, ""indexing"": [""pointer"", ""pointer"", ""pointer"", ""pointer"", ""pointer"", ""pointer"", ""pointer""], ""atomic_indexing"": [], ""pid_type"": ""flat""}","{""arg0_ndim"": 2, ""arg0_dim0"": 4096, ""arg0_dim1"": 7168, ""arg0_numel"": 29360128, ""arg0_dtype"": ""torch.bfloat16"", ""arg0_dtype_size"": 2, ""arg0_dtype_cat"": 2, ""arg1_ndim"": 1, ""arg1_dim0"": 7168, ""arg1_numel"": 7168, ""arg1_dtype"": ""torch.bfloat16"", ""arg1_dtype_size"": 2, ""arg1_dtype_cat"": 2}",0.3789120018482208
rms_norm,44835fb27654d153,df5f9e1409cfd8bd,"{""block_sizes"": [16], ""reduction_loops"": [null], ""range_unroll_factors"": [0], ""range_warp_specializes"": [null], ""range_num_stages"": [0], ""range_multi_buffers"": [null], ""range_flattens"": [null], ""load_eviction_policies"": ["""", """", ""last"", """", ""first""], ""num_warps"": 4, ""num_stages"": 1, ""indexing"": [""pointer"", ""pointer"", ""pointer"", ""pointer"", ""pointer"", ""tensor_descriptor"", ""tensor_descriptor""], ""atomic_indexing"": [], ""pid_type"": ""flat""}","{""arg0_ndim"": 2, ""arg0_dim0"": 4096, ""arg0_dim1"": 7168, ""arg0_numel"": 29360128, ""arg0_dtype"": ""torch.bfloat16"", ""arg0_dtype_size"": 2, ""arg0_dtype_cat"": 2, ""arg1_ndim"": 1, ""arg1_dim0"": 7168, ""arg1_numel"": 7168, ""arg1_dtype"": ""torch.bfloat16"", ""arg1_dtype_size"": 2, ""arg1_dtype_cat"": 2}",0.3789120018482208
rms_norm,a5d46f2b6c8746ab,24745e38d713c198,"{""block_sizes"": [2], ""reduction_loops"": [null], ""range_unroll_factors"": [0], ""range_warp_specializes"": [null], ""range_num_stages"": [0], ""range_multi_buffers"": [null], ""range_flattens"": [null], ""load_eviction_policies"": [""last"", ""first"", ""first"", """", """"], ""num_warps"": 4, ""num_stages"": 6, ""indexing"": [""pointer"", ""pointer"", ""pointer"", ""tensor_descriptor"", ""tensor_descriptor"", ""pointer"", ""pointer""], ""atomic_indexing"": [], ""pid_type"": ""flat""}","{""arg0_ndim"": 2, ""arg0_dim0"": 4096, ""arg0_dim1"": 8192, ""arg0_numel"": 33554432, ""arg0_dtype"": ""torch.bfloat16"", ""arg0_dtype_size"": 2, ""arg0_dtype_cat"": 2, ""arg1_ndim"": 1, ""arg1_dim0"": 8192, ""arg1_numel"": 8192, ""arg1_dtype"": ""torch.bfloat16"", ""arg1_dtype_size"": 2, ""arg1_dtype_cat"": 2}",0.03481600061058998
rms_norm,a5d46f2b6c8746ab,180c35ef192d14f2,"{""block_sizes"": [2], ""reduction_loops"": [null], ""range_unroll_factors"": [0], ""range_warp_specializes"": [null], ""range_num_stages"": [0], ""range_multi_buffers"": [null], ""range_flattens"": [null], ""load_eviction_policies"": ["""", """", ""last"", """", """"], ""num_warps"": 1, ""num_stages"": 2, ""indexing"": [""pointer"", ""pointer"", ""pointer"", ""pointer"", ""pointer"", ""pointer"", ""pointer""], ""atomic_indexing"": [], ""pid_type"": ""flat""}","{""arg0_ndim"": 2, ""arg0_dim0"": 4096, ""arg0_dim1"": 8192, ""arg0_numel"": 33554432, ""arg0_dtype"": ""torch.bfloat16"", ""arg0_dtype_size"": 2, ""arg0_dtype_cat"": 2, ""arg1_ndim"": 1, ""arg1_dim0"": 8192, ""arg1_numel"": 8192, ""arg1_dtype"": ""torch.bfloat16"", ""arg1_dtype_size"": 2, ""arg1_dtype_cat"": 2}",0.17004799842834473
rms_norm,a5d46f2b6c8746ab,7bfccb3790afd320,"{""block_sizes"": [2], ""reduction_loops"": [2048], ""range_unroll_factors"": [0], ""range_warp_specializes"": [null], ""range_num_stages"": [0], ""range_multi_buffers"": [null], ""range_flattens"": [null], ""load_eviction_policies"": [""last"", """", ""last"", """", """"], ""num_warps"": 8, ""num_stages"": 1, ""indexing"": [""pointer"", ""pointer"", ""pointer"", ""tensor_descriptor"", ""pointer"", ""tensor_descriptor"", ""tensor_descriptor""], ""atomic_indexing"": [], ""pid_type"": ""flat""}","{""arg0_ndim"": 2, ""arg0_dim0"": 4096, ""arg0_dim1"": 8192, ""arg0_numel"": 33554432, ""arg0_dtype"": ""torch.bfloat16"", ""arg0_dtype_size"": 2, ""arg0_dtype_cat"": 2, ""arg1_ndim"": 1, ""arg1_dim0"": 8192, ""arg1_numel"": 8192, ""arg1_dtype"": ""torch.bfloat16"", ""arg1_dtype_size"": 2, ""arg1_dtype_cat"": 2}",0.03276799991726875
rms_norm,a5d46f2b6c8746ab,b700865abbecc460,"{""block_sizes"": [1], ""reduction_loops"": [null], ""range_unroll_factors"": [0], ""range_warp_specializes"": [null], ""range_num_stages"": [0], ""range_multi_buffers"": [null], ""range_flattens"": [null], ""load_eviction_policies"": [""first"", """", ""last"", ""last"", """"], ""num_warps"": 16, ""num_stages"": 1, ""indexing"": [""tensor_descriptor"", ""tensor_descriptor"", ""pointer"", ""tensor_descriptor"", ""tensor_descriptor"", ""pointer"", ""tensor_descriptor""], ""atomic_indexing"": [], ""pid_type"": ""flat""}","{""arg0_ndim"": 2, ""arg0_dim0"": 4096, ""arg0_dim1"": 8192, ""arg0_numel"": 33554432, ""arg0_dtype"": ""torch.bfloat16"", ""arg0_dtype_size"": 2, ""arg0_dtype_cat"": 2, ""arg1_ndim"": 1, ""arg1_dim0"": 8192, ""arg1_numel"": 8192, ""arg1_dtype"": ""torch.bfloat16"", ""arg1_dtype_size"": 2, ""arg1_dtype_cat"": 2}",0.028575999662280083
rms_norm,a5d46f2b6c8746ab,73a4bcfe84591dcd,"{""block_sizes"": [1], ""reduction_loops"": [8192], ""range_unroll_factors"": [0], ""range_warp_specializes"": [null], ""range_num_stages"": [0], ""range_multi_buffers"": [null], ""range_flattens"": [null], ""load_eviction_policies"": ["""", """", """", """", """"], ""num_warps"": 8, ""num_stages"": 4, ""indexing"": [""pointer"", ""pointer"", ""tensor_descriptor"", ""pointer"", ""pointer"", ""tensor_descriptor"", ""tensor_descriptor""], ""atomic_indexing"": [], ""pid_type"": ""flat""}","{""arg0_ndim"": 2, ""arg0_dim0"": 4096, ""arg0_dim1"": 8192, ""arg0_numel"": 33554432, ""arg0_dtype"": ""torch.bfloat16"", ""arg0_dtype_size"": 2, ""arg0_dtype_cat"": 2, ""arg1_ndim"": 1, ""arg1_dim0"": 8192, ""arg1_numel"": 8192, ""arg1_dtype"": ""torch.bfloat16"", ""arg1_dtype_size"": 2, ""arg1_dtype_cat"": 2}",0.030719999223947525
rms_norm,a5d46f2b6c8746ab,6d53c3602b79725b,"{""block_sizes"": [1], ""reduction_loops"": [8192], ""range_unroll_factors"": [0], ""range_warp_specializes"": [null], ""range_num_stages"": [0], ""range_multi_buffers"": [null], ""range_flattens"": [null], ""load_eviction_policies"": ["""", ""first"", ""last"", """", """"], ""num_warps"": 8, ""num_stages"": 3, ""indexing"": [""pointer"", ""tensor_descriptor"", ""pointer"", ""pointer"", ""pointer"", ""tensor_descriptor"", ""pointer""], ""atomic_indexing"": [], ""pid_type"": ""flat""}","{""arg0_ndim"": 2, ""arg0_dim0"": 4096, ""arg0_dim1"": 8192, ""arg0_numel"": 33554432, ""arg0_dtype"": ""torch.bfloat16"", ""arg0_dtype_size"": 2, ""arg0_dtype_cat"": 2, ""arg1_ndim"": 1, ""arg1_dim0"": 8192, ""arg1_numel"": 8192, ""arg1_dtype"": ""torch.bfloat16"", ""arg1_dtype_size"": 2, ""arg1_dtype_cat"": 2}",0.030719999223947525
rms_norm,a5d46f2b6c8746ab,ce65586612391f94,"{""block_sizes"": [32], ""reduction_loops"": [null], ""range_unroll_factors"": [0], ""range_warp_specializes"": [null], ""range_num_stages"": [0], ""range_multi_buffers"": [null], ""range_flattens"": [null], ""load_eviction_policies"": ["""", """", """", """", """"], ""num_warps"": 4, ""num_stages"": 1, ""indexing"": [""pointer"", ""pointer"", ""pointer"", ""pointer"", ""pointer"", ""pointer"", ""pointer""], ""atomic_indexing"": [], ""pid_type"": ""flat""}","{""arg0_ndim"": 2, ""arg0_dim0"": 4096, ""arg0_dim1"": 8192, ""arg0_numel"": 33554432, ""arg0_dtype"": ""torch.bfloat16"", ""arg0_dtype_size"": 2, ""arg0_dtype_cat"": 2, ""arg1_ndim"": 1, ""arg1_dim0"": 8192, ""arg1_numel"": 8192, ""arg1_dtype"": ""torch.bfloat16"", ""arg1_dtype_size"": 2, ""arg1_dtype_cat"": 2}",0.6328639984130859
rms_norm,a5d46f2b6c8746ab,fa68d1735ed55be8,"{""block_sizes"": [16], ""reduction_loops"": [null], ""range_unroll_factors"": [1], ""range_warp_specializes"": [null], ""range_num_stages"": [2], ""range_multi_buffers"": [null], ""range_flattens"": [null], ""load_eviction_policies"": [""first"", ""last"", ""last"", """", ""last""], ""num_warps"": 16, ""num_stages"": 8, ""indexing"": [""tensor_descriptor"", ""pointer"", ""tensor_descriptor"", ""pointer"", ""pointer"", ""pointer"", ""pointer""], ""atomic_indexing"": [], ""pid_type"": ""persistent_interleaved"", ""num_sm_multiplier"": 1}","{""arg0_ndim"": 2, ""arg0_dim0"": 4096, ""arg0_dim1"": 8192, ""arg0_numel"": 33554432, ""arg0_dtype"": ""torch.bfloat16"", ""arg0_dtype_size"": 2, ""arg0_dtype_cat"": 2, ""arg1_ndim"": 1, ""arg1_dim0"": 8192, ""arg1_numel"": 8192, ""arg1_dtype"": ""torch.bfloat16"", ""arg1_dtype_size"": 2, ""arg1_dtype_cat"": 2}",0.12902399897575378
rms_norm,a5d46f2b6c8746ab,1979210a312b6290,"{""block_sizes"": [16], ""reduction_loops"": [256], ""range_unroll_factors"": [0], ""range_warp_specializes"": [null], ""range_num_stages"": [0], ""range_multi_buffers"": [null], ""range_flattens"": [null], ""load_eviction_policies"": [""first"", """", ""last"", ""last"", """"], ""num_warps"": 16, ""num_stages"": 4, ""indexing"": [""tensor_descriptor"", ""tensor_descriptor"", ""tensor_descriptor"", ""tensor_descriptor"", ""tensor_descriptor"", ""tensor_descriptor"", ""tensor_descriptor""], ""atomic_indexing"": [], ""pid_type"": ""flat""}","{""arg0_ndim"": 2, ""arg0_dim0"": 4096, ""arg0_dim1"": 8192, ""arg0_numel"": 33554432, ""arg0_dtype"": ""torch.bfloat16"", ""arg0_dtype_size"": 2, ""arg0_dtype_cat"": 2, ""arg1_ndim"": 1, ""arg1_dim0"": 8192, ""arg1_numel"": 8192, ""arg1_dtype"": ""torch.bfloat16"", ""arg1_dtype_size"": 2, ""arg1_dtype_cat"": 2}",0.04915200173854828
rms_norm,a5d46f2b6c8746ab,832d9cc41c9b5249,"{""block_sizes"": [2], ""reduction_loops"": [null], ""range_unroll_factors"": [0], ""range_warp_specializes"": [null], ""range_num_stages"": [0], ""range_multi_buffers"": [null], ""range_flattens"": [null], ""load_eviction_policies"": [""first"", ""last"", ""first"", ""first"", ""last""], ""num_warps"": 1, ""num_stages"": 8, ""indexing"": [""pointer"", ""pointer"", ""tensor_descriptor"", ""pointer"", ""pointer"", ""tensor_descriptor"", ""pointer""], ""atomic_indexing"": [], ""pid_type"": ""flat""}","{""arg0_ndim"": 2, ""arg0_dim0"": 4096, ""arg0_dim1"": 8192, ""arg0_numel"": 33554432, ""arg0_dtype"": ""torch.bfloat16"", ""arg0_dtype_size"": 2, ""arg0_dtype_cat"": 2, ""arg1_ndim"": 1, ""arg1_dim0"": 8192, ""arg1_numel"": 8192, ""arg1_dtype"": ""torch.bfloat16"", ""arg1_dtype_size"": 2, ""arg1_dtype_cat"": 2}",0.17206400632858276
rms_norm,a5d46f2b6c8746ab,5f3510d018a1da2c,"{""block_sizes"": [2], ""reduction_loops"": [null], ""range_unroll_factors"": [0], ""range_warp_specializes"": [null], ""range_num_stages"": [0], ""range_multi_buffers"": [null], ""range_flattens"": [null], ""load_eviction_policies"": ["""", """", ""first"", """", """"], ""num_warps"": 1, ""num_stages"": 1, ""indexing"": [""pointer"", ""pointer"", ""tensor_descriptor"", ""tensor_descriptor"", ""pointer"", ""pointer"", ""pointer""], ""atomic_indexing"": [], ""pid_type"": ""flat""}","{""arg0_ndim"": 2, ""arg0_dim0"": 4096, ""arg0_dim1"": 8192, ""arg0_numel"": 33554432, ""arg0_dtype"": ""torch.bfloat16"", ""arg0_dtype_size"": 2, ""arg0_dtype_cat"": 2, ""arg1_ndim"": 1, ""arg1_dim0"": 8192, ""arg1_numel"": 8192, ""arg1_dtype"": ""torch.bfloat16"", ""arg1_dtype_size"": 2, ""arg1_dtype_cat"": 2}",0.1701119989156723
rms_norm,a5d46f2b6c8746ab,c6373fe598a919dd,"{""block_sizes"": [8], ""reduction_loops"": [null], ""range_unroll_factors"": [0], ""range_warp_specializes"": [null], ""range_num_stages"": [0], ""range_multi_buffers"": [null], ""range_flattens"": [null], ""load_eviction_policies"": ["""", """", ""first"", """", """"], ""num_warps"": 16, ""num_stages"": 6, ""indexing"": [""pointer"", ""pointer"", ""pointer"", ""tensor_descriptor"", ""pointer"", ""pointer"", ""pointer""], ""atomic_indexing"": [], ""pid_type"": ""flat""}","{""arg0_ndim"": 2, ""arg0_dim0"": 4096, ""arg0_dim1"": 8192, ""arg0_numel"": 33554432, ""arg0_dtype"": ""torch.bfloat16"", ""arg0_dtype_size"": 2, ""arg0_dtype_cat"": 2, ""arg1_ndim"": 1, ""arg1_dim0"": 8192, ""arg1_numel"": 8192, ""arg1_dtype"": ""torch.bfloat16"", ""arg1_dtype_size"": 2, ""arg1_dtype_cat"": 2}",0.04095999896526337
rms_norm,a5d46f2b6c8746ab,482f430b8c9d8e8e,"{""block_sizes"": [2], ""reduction_loops"": [2048], ""range_unroll_factors"": [0], ""range_warp_specializes"": [null], ""range_num_stages"": [0], ""range_multi_buffers"": [null], ""range_flattens"": [null], ""load_eviction_policies"": [""last"", ""first"", ""last"", ""first"", ""first""], ""num_warps"": 2, ""num_stages"": 1, ""indexing"": [""tensor_descriptor"", ""pointer"", ""tensor_descriptor"", ""tensor_descriptor"", ""pointer"", ""tensor_descriptor"", ""tensor_descriptor""], ""atomic_indexing"": [], ""pid_type"": ""flat""}","{""arg0_ndim"": 2, ""arg0_dim0"": 4096, ""arg0_dim1"": 8192, ""arg0_numel"": 33554432, ""arg0_dtype"": ""torch.bfloat16"", ""arg0_dtype_size"": 2, ""arg0_dtype_cat"": 2, ""arg1_ndim"": 1, ""arg1_dim0"": 8192, ""arg1_numel"": 8192, ""arg1_dtype"": ""torch.bfloat16"", ""arg1_dtype_size"": 2, ""arg1_dtype_cat"": 2}",0.03484800085425377
rms_norm,a5d46f2b6c8746ab,816644cab655d611,"{""block_sizes"": [2], ""reduction_loops"": [2048], ""range_unroll_factors"": [0], ""range_warp_specializes"": [null], ""range_num_stages"": [0], ""range_multi_buffers"": [null], ""range_flattens"": [null], ""load_eviction_policies"": ["""", ""first"", ""last"", ""last"", """"], ""num_warps"": 8, ""num_stages"": 3, ""indexing"": [""pointer"", ""tensor_descriptor"", ""tensor_descriptor"", ""pointer"", ""tensor_descriptor"", ""pointer"", ""tensor_descriptor""], ""atomic_indexing"": [], ""pid_type"": ""flat""}","{""arg0_ndim"": 2, ""arg0_dim0"": 4096, ""arg0_dim1"": 8192, ""arg0_numel"": 33554432, ""arg0_dtype"": ""torch.bfloat16"", ""arg0_dtype_size"": 2, ""arg0_dtype_cat"": 2, ""arg1_ndim"": 1, ""arg1_dim0"": 8192, ""arg1_numel"": 8192, ""arg1_dtype"": ""torch.bfloat16"", ""arg1_dtype_size"": 2, ""arg1_dtype_cat"": 2}",0.0307839997112751
rms_norm,a5d46f2b6c8746ab,3abfa9907ca4fa3a,"{""block_sizes"": [1], ""reduction_loops"": [null], ""range_unroll_factors"": [0], ""range_warp_specializes"": [null], ""range_num_stages"": [0], ""range_multi_buffers"": [null], ""range_flattens"": [null], ""load_eviction_policies"": ["""", ""last"", ""last"", """", """"], ""num_warps"": 4, ""num_stages"": 2, ""indexing"": [""pointer"", ""pointer"", ""pointer"", ""tensor_descriptor"", ""pointer"", ""tensor_descriptor"", ""pointer""], ""atomic_indexing"": [], ""pid_type"": ""flat""}","{""arg0_ndim"": 2, ""arg0_dim0"": 4096, ""arg0_dim1"": 8192, ""arg0_numel"": 33554432, ""arg0_dtype"": ""torch.bfloat16"", ""arg0_dtype_size"": 2, ""arg0_dtype_cat"": 2, ""arg1_ndim"": 1, ""arg1_dim0"": 8192, ""arg1_numel"": 8192, ""arg1_dtype"": ""torch.bfloat16"", ""arg1_dtype_size"": 2, ""arg1_dtype_cat"": 2}",0.03276799991726875
rms_norm,a5d46f2b6c8746ab,87b2f26661fd2925,"{""block_sizes"": [1], ""reduction_loops"": [null], ""range_unroll_factors"": [0], ""range_warp_specializes"": [null], ""range_num_stages"": [0], ""range_multi_buffers"": [null], ""range_flattens"": [null], ""load_eviction_policies"": ["""", ""last"", ""last"", ""first"", """"], ""num_warps"": 8, ""num_stages"": 2, ""indexing"": [""tensor_descriptor"", ""tensor_descriptor"", ""tensor_descriptor"", ""tensor_descriptor"", ""pointer"", ""pointer"", ""tensor_descriptor""], ""atomic_indexing"": [], ""pid_type"": ""flat""}","{""arg0_ndim"": 2, ""arg0_dim0"": 4096, ""arg0_dim1"": 8192, ""arg0_numel"": 33554432, ""arg0_dtype"": ""torch.bfloat16"", ""arg0_dtype_size"": 2, ""arg0_dtype_cat"": 2, ""arg1_ndim"": 1, ""arg1_dim0"": 8192, ""arg1_numel"": 8192, ""arg1_dtype"": ""torch.bfloat16"", ""arg1_dtype_size"": 2, ""arg1_dtype_cat"": 2}",0.028672000393271446
rms_norm,a5d46f2b6c8746ab,7c1f654402c9dd7f,"{""block_sizes"": [1], ""reduction_loops"": [1024], ""range_unroll_factors"": [0], ""range_warp_specializes"": [null], ""range_num_stages"": [0], ""range_multi_buffers"": [null], ""range_flattens"": [null], ""load_eviction_policies"": ["""", ""first"", """", ""last"", ""first""], ""num_warps"": 4, ""num_stages"": 3, ""indexing"": [""pointer"", ""tensor_descriptor"", ""tensor_descriptor"", ""tensor_descriptor"", ""tensor_descriptor"", ""pointer"", ""pointer""], ""atomic_indexing"": [], ""pid_type"": ""flat""}","{""arg0_ndim"": 2, ""arg0_dim0"": 4096, ""arg0_dim1"": 8192, ""arg0_numel"": 33554432, ""arg0_dtype"": ""torch.bfloat16"", ""arg0_dtype_size"": 2, ""arg0_dtype_cat"": 2, ""arg1_ndim"": 1, ""arg1_dim0"": 8192, ""arg1_numel"": 8192, ""arg1_dtype"": ""torch.bfloat16"", ""arg1_dtype_size"": 2, ""arg1_dtype_cat"": 2}",0.032735999673604965
rms_norm,a5d46f2b6c8746ab,306f51b1d2d06f98,"{""block_sizes"": [1], ""reduction_loops"": [1024], ""range_unroll_factors"": [0], ""range_warp_specializes"": [null], ""range_num_stages"": [0], ""range_multi_buffers"": [null], ""range_flattens"": [null], ""load_eviction_policies"": ["""", ""first"", """", """", ""last""], ""num_warps"": 4, ""num_stages"": 5, ""indexing"": [""pointer"", ""tensor_descriptor"", ""tensor_descriptor"", ""pointer"", ""pointer"", ""tensor_descriptor"", ""tensor_descriptor""], ""atomic_indexing"": [], ""pid_type"": ""flat""}","{""arg0_ndim"": 2, ""arg0_dim0"": 4096, ""arg0_dim1"": 8192, ""arg0_numel"": 33554432, ""arg0_dtype"": ""torch.bfloat16"", ""arg0_dtype_size"": 2, ""arg0_dtype_cat"": 2, ""arg1_ndim"": 1, ""arg1_dim0"": 8192, ""arg1_numel"": 8192, ""arg1_dtype"": ""torch.bfloat16"", ""arg1_dtype_size"": 2, ""arg1_dtype_cat"": 2}",0.03270399942994118
rms_norm,a5d46f2b6c8746ab,5c295017bd009288,"{""block_sizes"": [1], ""reduction_loops"": [null], ""range_unroll_factors"": [0], ""range_warp_specializes"": [null], ""range_num_stages"": [0], ""range_multi_buffers"": [null], ""range_flattens"": [null], ""load_eviction_policies"": [""first"", """", ""last"", """", ""last""], ""num_warps"": 16, ""num_stages"": 4, ""indexing"": [""tensor_descriptor"", ""pointer"", ""tensor_descriptor"", ""pointer"", ""pointer"", ""pointer"", ""pointer""], ""atomic_indexing"": [], ""pid_type"": ""flat""}","{""arg0_ndim"": 2, ""arg0_dim0"": 4096, ""arg0_dim1"": 8192, ""arg0_numel"": 33554432, ""arg0_dtype"": ""torch.bfloat16"", ""arg0_dtype_size"": 2, ""arg0_dtype_cat"": 2, ""arg1_ndim"": 1, ""arg1_dim0"": 8192, ""arg1_numel"": 8192, ""arg1_dtype"": ""torch.bfloat16"", ""arg1_dtype_size"": 2, ""arg1_dtype_cat"": 2}",0.02864000014960766
rms_norm,a5d46f2b6c8746ab,9615e7b2fea5ec90,"{""block_sizes"": [1], ""reduction_loops"": [2048], ""range_unroll_factors"": [0], ""range_warp_specializes"": [null], ""range_num_stages"": [0], ""range_multi_buffers"": [null], ""range_flattens"": [null], ""load_eviction_policies"": ["""", ""first"", ""last"", ""first"", ""last""], ""num_warps"": 8, ""num_stages"": 8, ""indexing"": [""pointer"", ""pointer"", ""pointer"", ""tensor_descriptor"", ""pointer"", ""tensor_descriptor"", ""pointer""], ""atomic_indexing"": [], ""pid_type"": ""flat""}","{""arg0_ndim"": 2, ""arg0_dim0"": 4096, ""arg0_dim1"": 8192, ""arg0_numel"": 33554432, ""arg0_dtype"": ""torch.bfloat16"", ""arg0_dtype_size"": 2, ""arg0_dtype_cat"": 2, ""arg1_ndim"": 1, ""arg1_dim0"": 8192, ""arg1_numel"": 8192, ""arg1_dtype"": ""torch.bfloat16"", ""arg1_dtype_size"": 2, ""arg1_dtype_cat"": 2}",0.03174399957060814
rms_norm,a5d46f2b6c8746ab,ef0576b1337868e5,"{""block_sizes"": [1], ""reduction_loops"": [null], ""range_unroll_factors"": [0], ""range_warp_specializes"": [null], ""range_num_stages"": [0], ""range_multi_buffers"": [null], ""range_flattens"": [null], ""load_eviction_policies"": ["""", """", ""last"", """", ""last""], ""num_warps"": 8, ""num_stages"": 6, ""indexing"": [""tensor_descriptor"", ""pointer"", ""pointer"", ""pointer"", ""pointer"", ""tensor_descriptor"", ""tensor_descriptor""], ""atomic_indexing"": [], ""pid_type"": ""flat""}","{""arg0_ndim"": 2, ""arg0_dim0"": 4096, ""arg0_dim1"": 8192, ""arg0_numel"": 33554432, ""arg0_dtype"": ""torch.bfloat16"", ""arg0_dtype_size"": 2, ""arg0_dtype_cat"": 2, ""arg1_ndim"": 1, ""arg1_dim0"": 8192, ""arg1_numel"": 8192, ""arg1_dtype"": ""torch.bfloat16"", ""arg1_dtype_size"": 2, ""arg1_dtype_cat"": 2}",0.02876799926161766
rms_norm,a5d46f2b6c8746ab,11bb6dfa80985863,"{""block_sizes"": [1], ""reduction_loops"": [null], ""range_unroll_factors"": [0], ""range_warp_specializes"": [null], ""range_num_stages"": [0], ""range_multi_buffers"": [null], ""range_flattens"": [null], ""load_eviction_policies"": [""first"", """", ""last"", """", """"], ""num_warps"": 16, ""num_stages"": 2, ""indexing"": [""tensor_descriptor"", ""pointer"", ""pointer"", ""pointer"", ""tensor_descriptor"", ""tensor_descriptor"", ""pointer""], ""atomic_indexing"": [], ""pid_type"": ""flat""}","{""arg0_ndim"": 2, ""arg0_dim0"": 4096, ""arg0_dim1"": 8192, ""arg0_numel"": 33554432, ""arg0_dtype"": ""torch.bfloat16"", ""arg0_dtype_size"": 2, ""arg0_dtype_cat"": 2, ""arg1_ndim"": 1, ""arg1_dim0"": 8192, ""arg1_numel"": 8192, ""arg1_dtype"": ""torch.bfloat16"", ""arg1_dtype_size"": 2, ""arg1_dtype_cat"": 2}",0.028575999662280083
rms_norm,a5d46f2b6c8746ab,964bbd2b95871270,"{""block_sizes"": [1], ""reduction_loops"": [null], ""range_unroll_factors"": [0], ""range_warp_specializes"": [null], ""range_num_stages"": [0], ""range_multi_buffers"": [null], ""range_flattens"": [null], ""load_eviction_policies"": ["""", """", """", ""first"", """"], ""num_warps"": 8, ""num_stages"": 6, ""indexing"": [""pointer"", ""tensor_descriptor"", ""tensor_descriptor"", ""tensor_descriptor"", ""pointer"", ""tensor_descriptor"", ""tensor_descriptor""], ""atomic_indexing"": [], ""pid_type"": ""flat""}","{""arg0_ndim"": 2, ""arg0_dim0"": 4096, ""arg0_dim1"": 8192, ""arg0_numel"": 33554432, ""arg0_dtype"": ""torch.bfloat16"", ""arg0_dtype_size"": 2, ""arg0_dtype_cat"": 2, ""arg1_ndim"": 1, ""arg1_dim0"": 8192, ""arg1_numel"": 8192, ""arg1_dtype"": ""torch.bfloat16"", ""arg1_dtype_size"": 2, ""arg1_dtype_cat"": 2}",0.028863999992609024
rms_norm,a5d46f2b6c8746ab,a0bad60454a64a49,"{""block_sizes"": [1], ""reduction_loops"": [null], ""range_unroll_factors"": [0], ""range_warp_specializes"": [null], ""range_num_stages"": [0], ""range_multi_buffers"": [null], ""range_flattens"": [null], ""load_eviction_policies"": [""first"", ""last"", ""last"", """", ""last""], ""num_warps"": 16, ""num_stages"": 4, ""indexing"": [""pointer"", ""tensor_descriptor"", ""pointer"", ""pointer"", ""pointer"", ""pointer"", ""pointer""], ""atomic_indexing"": [], ""pid_type"": ""flat""}","{""arg0_ndim"": 2, ""arg0_dim0"": 4096, ""arg0_dim1"": 8192, ""arg0_numel"": 33554432, ""arg0_dtype"": ""torch.bfloat16"", ""arg0_dtype_size"": 2, ""arg0_dtype_cat"": 2, ""arg1_ndim"": 1, ""arg1_dim0"": 8192, ""arg1_numel"": 8192, ""arg1_dtype"": ""torch.bfloat16"", ""arg1_dtype_size"": 2, ""arg1_dtype_cat"": 2}",0.026623999699950218
rms_norm,a5d46f2b6c8746ab,45b47d2b716e8754,"{""block_sizes"": [4], ""reduction_loops"": [null], ""range_unroll_factors"": [0], ""range_warp_specializes"": [null], ""range_num_stages"": [0], ""range_multi_buffers"": [null], ""range_flattens"": [null], ""load_eviction_policies"": [""first"", """", """", ""last"", ""last""], ""num_warps"": 2, ""num_stages"": 5, ""indexing"": [""pointer"", ""tensor_descriptor"", ""tensor_descriptor"", ""tensor_descriptor"", ""tensor_descriptor"", ""pointer"", ""pointer""], ""atomic_indexing"": [], ""pid_type"": ""flat""}","{""arg0_ndim"": 2, ""arg0_dim0"": 4096, ""arg0_dim1"": 8192, ""arg0_numel"": 33554432, ""arg0_dtype"": ""torch.bfloat16"", ""arg0_dtype_size"": 2, ""arg0_dtype_cat"": 2, ""arg1_ndim"": 1, ""arg1_dim0"": 8192, ""arg1_numel"": 8192, ""arg1_dtype"": ""torch.bfloat16"", ""arg1_dtype_size"": 2, ""arg1_dtype_cat"": 2}",0.22118400037288666
rms_norm,a5d46f2b6c8746ab,0e08e3ec9a7b2c1e,"{""block_sizes"": [4], ""reduction_loops"": [null], ""range_unroll_factors"": [0], ""range_warp_specializes"": [null], ""range_num_stages"": [0], ""range_multi_buffers"": [null], ""range_flattens"": [null], ""load_eviction_policies"": [""first"", ""last"", """", ""first"", """"], ""num_warps"": 2, ""num_stages"": 3, ""indexing"": [""pointer"", ""tensor_descriptor"", ""pointer"", ""tensor_descriptor"", ""tensor_descriptor"", ""tensor_descriptor"", ""tensor_descriptor""], ""atomic_indexing"": [], ""pid_type"": ""flat""}","{""arg0_ndim"": 2, ""arg0_dim0"": 4096, ""arg0_dim1"": 8192, ""arg0_numel"": 33554432, ""arg0_dtype"": ""torch.bfloat16"", ""arg0_dtype_size"": 2, ""arg0_dtype_cat"": 2, ""arg1_ndim"": 1, ""arg1_dim0"": 8192, ""arg1_numel"": 8192, ""arg1_dtype"": ""torch.bfloat16"", ""arg1_dtype_size"": 2, ""arg1_dtype_cat"": 2}",0.2969599962234497
rms_norm,a5d46f2b6c8746ab,a3c8f5854ffdaebc,"{""block_sizes"": [16], ""reduction_loops"": [null], ""range_unroll_factors"": [0], ""range_warp_specializes"": [null], ""range_num_stages"": [0], ""range_multi_buffers"": [null], ""range_flattens"": [null], ""load_eviction_policies"": ["""", """", ""first"", """", ""last""], ""num_warps"": 4, ""num_stages"": 5, ""indexing"": [""pointer"", ""pointer"", ""pointer"", ""pointer"", ""pointer"", ""pointer"", ""pointer""], ""atomic_indexing"": [], ""pid_type"": ""flat""}","{""arg0_ndim"": 2, ""arg0_dim0"": 4096, ""arg0_dim1"": 8192, ""arg0_numel"": 33554432, ""arg0_dtype"": ""torch.bfloat16"", ""arg0_dtype_size"": 2, ""arg0_dtype_cat"": 2, ""arg1_ndim"": 1, ""arg1_dim0"": 8192, ""arg1_numel"": 8192, ""arg1_dtype"": ""torch.bfloat16"", ""arg1_dtype_size"": 2, ""arg1_dtype_cat"": 2}",0.38518399000167847
rms_norm,a5d46f2b6c8746ab,df5f9e1409cfd8bd,"{""block_sizes"": [16], ""reduction_loops"": [null], ""range_unroll_factors"": [0], ""range_warp_specializes"": [null], ""range_num_stages"": [0], ""range_multi_buffers"": [null], ""range_flattens"": [null], ""load_eviction_policies"": ["""", """", ""last"", """", ""first""], ""num_warps"": 4, ""num_stages"": 1, ""indexing"": [""pointer"", ""pointer"", ""pointer"", ""pointer"", ""pointer"", ""tensor_descriptor"", ""tensor_descriptor""], ""atomic_indexing"": [], ""pid_type"": ""flat""}","{""arg0_ndim"": 2, ""arg0_dim0"": 4096, ""arg0_dim1"": 8192, ""arg0_numel"": 33554432, ""arg0_dtype"": ""torch.bfloat16"", ""arg0_dtype_size"": 2, ""arg0_dtype_cat"": 2, ""arg1_ndim"": 1, ""arg1_dim0"": 8192, ""arg1_numel"": 8192, ""arg1_dtype"": ""torch.bfloat16"", ""arg1_dtype_size"": 2, ""arg1_dtype_cat"": 2}",0.38516800105571747
rms_norm,0ab3f5ba2c8eb4bc,24745e38d713c198,"{""block_sizes"": [2], ""reduction_loops"": [null], ""range_unroll_factors"": [0], ""range_warp_specializes"": [null], ""range_num_stages"": [0], ""range_multi_buffers"": [null], ""range_flattens"": [null], ""load_eviction_policies"": [""last"", ""first"", ""first"", """", """"], ""num_warps"": 4, ""num_stages"": 6, ""indexing"": [""pointer"", ""pointer"", ""pointer"", ""tensor_descriptor"", ""tensor_descriptor"", ""pointer"", ""pointer""], ""atomic_indexing"": [], ""pid_type"": ""flat""}","{""arg0_ndim"": 2, ""arg0_dim0"": 4096, ""arg0_dim1"": 12288, ""arg0_numel"": 50331648, ""arg0_dtype"": ""torch.bfloat16"", ""arg0_dtype_size"": 2, ""arg0_dtype_cat"": 2, ""arg1_ndim"": 1, ""arg1_dim0"": 12288, ""arg1_numel"": 12288, ""arg1_dtype"": ""torch.bfloat16"", ""arg1_dtype_size"": 2, ""arg1_dtype_cat"": 2}",0.06643199920654297
rms_norm,0ab3f5ba2c8eb4bc,180c35ef192d14f2,"{""block_sizes"": [2], ""reduction_loops"": [null], ""range_unroll_factors"": [0], ""range_warp_specializes"": [null], ""range_num_stages"": [0], ""range_multi_buffers"": [null], ""range_flattens"": [null], ""load_eviction_policies"": ["""", """", ""last"", """", """"], ""num_warps"": 1, ""num_stages"": 2, ""indexing"": [""pointer"", ""pointer"", ""pointer"", ""pointer"", ""pointer"", ""pointer"", ""pointer""], ""atomic_indexing"": [], ""pid_type"": ""flat""}","{""arg0_ndim"": 2, ""arg0_dim0"": 4096, ""arg0_dim1"": 12288, ""arg0_numel"": 50331648, ""arg0_dtype"": ""torch.bfloat16"", ""arg0_dtype_size"": 2, ""arg0_dtype_cat"": 2, ""arg1_ndim"": 1, ""arg1_dim0"": 12288, ""arg1_numel"": 12288, ""arg1_dtype"": ""torch.bfloat16"", ""arg1_dtype_size"": 2, ""arg1_dtype_cat"": 2}",0.35523200035095215
rms_norm,0ab3f5ba2c8eb4bc,7bfccb3790afd320,"{""block_sizes"": [2], ""reduction_loops"": [2048], ""range_unroll_factors"": [0], ""range_warp_specializes"": [null], ""range_num_stages"": [0], ""range_multi_buffers"": [null], ""range_flattens"": [null], ""load_eviction_policies"": [""last"", """", ""last"", """", """"], ""num_warps"": 8, ""num_stages"": 1, ""indexing"": [""pointer"", ""pointer"", ""pointer"", ""tensor_descriptor"", ""pointer"", ""tensor_descriptor"", ""tensor_descriptor""], ""atomic_indexing"": [], ""pid_type"": ""flat""}","{""arg0_ndim"": 2, ""arg0_dim0"": 4096, ""arg0_dim1"": 12288, ""arg0_numel"": 50331648, ""arg0_dtype"": ""torch.bfloat16"", ""arg0_dtype_size"": 2, ""arg0_dtype_cat"": 2, ""arg1_ndim"": 1, ""arg1_dim0"": 12288, ""arg1_numel"": 12288, ""arg1_dtype"": ""torch.bfloat16"", ""arg1_dtype_size"": 2, ""arg1_dtype_cat"": 2}",0.045152001082897186
rms_norm,0ab3f5ba2c8eb4bc,b700865abbecc460,"{""block_sizes"": [1], ""reduction_loops"": [null], ""range_unroll_factors"": [0], ""range_warp_specializes"": [null], ""range_num_stages"": [0], ""range_multi_buffers"": [null], ""range_flattens"": [null], ""load_eviction_policies"": [""first"", """", ""last"", ""last"", """"], ""num_warps"": 16, ""num_stages"": 1, ""indexing"": [""tensor_descriptor"", ""tensor_descriptor"", ""pointer"", ""tensor_descriptor"", ""tensor_descriptor"", ""pointer"", ""tensor_descriptor""], ""atomic_indexing"": [], ""pid_type"": ""flat""}","{""arg0_ndim"": 2, ""arg0_dim0"": 4096, ""arg0_dim1"": 12288, ""arg0_numel"": 50331648, ""arg0_dtype"": ""torch.bfloat16"", ""arg0_dtype_size"": 2, ""arg0_dtype_cat"": 2, ""arg1_ndim"": 1, ""arg1_dim0"": 12288, ""arg1_numel"": 12288, ""arg1_dtype"": ""torch.bfloat16"", ""arg1_dtype_size"": 2, ""arg1_dtype_cat"": 2}",0.05113599821925163
rms_norm,0ab3f5ba2c8eb4bc,73a4bcfe84591dcd,"{""block_sizes"": [1], ""reduction_loops"": [8192], ""range_unroll_factors"": [0], ""range_warp_specializes"": [null], ""range_num_stages"": [0], ""range_multi_buffers"": [null], ""range_flattens"": [null], ""load_eviction_policies"": ["""", """", """", """", """"], ""num_warps"": 8, ""num_stages"": 4, ""indexing"": [""pointer"", ""pointer"", ""tensor_descriptor"", ""pointer"", ""pointer"", ""tensor_descriptor"", ""tensor_descriptor""], ""atomic_indexing"": [], ""pid_type"": ""flat""}","{""arg0_ndim"": 2, ""arg0_dim0"": 4096, ""arg0_dim1"": 12288, ""arg0_numel"": 50331648, ""arg0_dtype"": ""torch.bfloat16"", ""arg0_dtype_size"": 2, ""arg0_dtype_cat"": 2, ""arg1_ndim"": 1, ""arg1_dim0"": 12288, ""arg1_numel"": 12288, ""arg1_dtype"": ""torch.bfloat16"", ""arg1_dtype_size"": 2, ""arg1_dtype_cat"": 2}",0.04585599899291992
rms_norm,0ab3f5ba2c8eb4bc,6d53c3602b79725b,"{""block_sizes"": [1], ""reduction_loops"": [8192], ""range_unroll_factors"": [0], ""range_warp_specializes"": [null], ""range_num_stages"": [0], ""range_multi_buffers"": [null], ""range_flattens"": [null], ""load_eviction_policies"": ["""", ""first"", ""last"", """", """"], ""num_warps"": 8, ""num_stages"": 3, ""indexing"": [""pointer"", ""tensor_descriptor"", ""pointer"", ""pointer"", ""pointer"", ""tensor_descriptor"", ""pointer""], ""atomic_indexing"": [], ""pid_type"": ""flat""}","{""arg0_ndim"": 2, ""arg0_dim0"": 4096, ""arg0_dim1"": 12288, ""arg0_numel"": 50331648, ""arg0_dtype"": ""torch.bfloat16"", ""arg0_dtype_size"": 2, ""arg0_dtype_cat"": 2, ""arg1_ndim"": 1, ""arg1_dim0"": 12288, ""arg1_numel"": 12288, ""arg1_dtype"": ""torch.bfloat16"", ""arg1_dtype_size"": 2, ""arg1_dtype_cat"": 2}",0.047040000557899475
rms_norm,0ab3f5ba2c8eb4bc,ce65586612391f94,"{""block_sizes"": [32], ""reduction_loops"": [null], ""range_unroll_factors"": [0], ""range_warp_specializes"": [null], ""range_num_stages"": [0], ""range_multi_buffers"": [null], ""range_flattens"": [null], ""load_eviction_policies"": ["""", """", """", """", """"], ""num_warps"": 4, ""num_stages"": 1, ""indexing"": [""pointer"", ""pointer"", ""pointer"", ""pointer"", ""pointer"", ""pointer"", ""pointer""], ""atomic_indexing"": [], ""pid_type"": ""flat""}","{""arg0_ndim"": 2, ""arg0_dim0"": 4096, ""arg0_dim1"": 12288, ""arg0_numel"": 50331648, ""arg0_dtype"": ""torch.bfloat16"", ""arg0_dtype_size"": 2, ""arg0_dtype_cat"": 2, ""arg1_ndim"": 1, ""arg1_dim0"": 12288, ""arg1_numel"": 12288, ""arg1_dtype"": ""torch.bfloat16"", ""arg1_dtype_size"": 2, ""arg1_dtype_cat"": 2}",1.449887990951538
rms_norm,0ab3f5ba2c8eb4bc,fa68d1735ed55be8,"{""block_sizes"": [16], ""reduction_loops"": [null], ""range_unroll_factors"": [1], ""range_warp_specializes"": [null], ""range_num_stages"": [2], ""range_multi_buffers"": [null], ""range_flattens"": [null], ""load_eviction_policies"": [""first"", ""last"", ""last"", """", ""last""], ""num_warps"": 16, ""num_stages"": 8, ""indexing"": [""tensor_descriptor"", ""pointer"", ""tensor_descriptor"", ""pointer"", ""pointer"", ""pointer"", ""pointer""], ""atomic_indexing"": [], ""pid_type"": ""persistent_interleaved"", ""num_sm_multiplier"": 1}","{""arg0_ndim"": 2, ""arg0_dim0"": 4096, ""arg0_dim1"": 12288, ""arg0_numel"": 50331648, ""arg0_dtype"": ""torch.bfloat16"", ""arg0_dtype_size"": 2, ""arg0_dtype_cat"": 2, ""arg1_ndim"": 1, ""arg1_dim0"": 12288, ""arg1_numel"": 12288, ""arg1_dtype"": ""torch.bfloat16"", ""arg1_dtype_size"": 2, ""arg1_dtype_cat"": 2}",0.5765279829502106
rms_norm,0ab3f5ba2c8eb4bc,1979210a312b6290,"{""block_sizes"": [16], ""reduction_loops"": [256], ""range_unroll_factors"": [0], ""range_warp_specializes"": [null], ""range_num_stages"": [0], ""range_multi_buffers"": [null], ""range_flattens"": [null], ""load_eviction_policies"": [""first"", """", ""last"", ""last"", """"], ""num_warps"": 16, ""num_stages"": 4, ""indexing"": [""tensor_descriptor"", ""tensor_descriptor"", ""tensor_descriptor"", ""tensor_descriptor"", ""tensor_descriptor"", ""tensor_descriptor"", ""tensor_descriptor""], ""atomic_indexing"": [], ""pid_type"": ""flat""}","{""arg0_ndim"": 2, ""arg0_dim0"": 4096, ""arg0_dim1"": 12288, ""arg0_numel"": 50331648, ""arg0_dtype"": ""torch.bfloat16"", ""arg0_dtype_size"": 2, ""arg0_dtype_cat"": 2, ""arg1_ndim"": 1, ""arg1_dim0"": 12288, ""arg1_numel"": 12288, ""arg1_dtype"": ""torch.bfloat16"", ""arg1_dtype_size"": 2, ""arg1_dtype_cat"": 2}",0.06844799965620041
rms_norm,0ab3f5ba2c8eb4bc,832d9cc41c9b5249,"{""block_sizes"": [2], ""reduction_loops"": [null], ""range_unroll_factors"": [0], ""range_warp_specializes"": [null], ""range_num_stages"": [0], ""range_multi_buffers"": [null], ""range_flattens"": [null], ""load_eviction_policies"": [""first"", ""last"", ""first"", ""first"", ""last""], ""num_warps"": 1, ""num_stages"": 8, ""indexing"": [""pointer"", ""pointer"", ""tensor_descriptor"", ""pointer"", ""pointer"", ""tensor_descriptor"", ""pointer""], ""atomic_indexing"": [], ""pid_type"": ""flat""}","{""arg0_ndim"": 2, ""arg0_dim0"": 4096, ""arg0_dim1"": 12288, ""arg0_numel"": 50331648, ""arg0_dtype"": ""torch.bfloat16"", ""arg0_dtype_size"": 2, ""arg0_dtype_cat"": 2, ""arg1_ndim"": 1, ""arg1_dim0"": 12288, ""arg1_numel"": 12288, ""arg1_dtype"": ""torch.bfloat16"", ""arg1_dtype_size"": 2, ""arg1_dtype_cat"": 2}",0.5253120064735413
rms_norm,0ab3f5ba2c8eb4bc,5f3510d018a1da2c,"{""block_sizes"": [2], ""reduction_loops"": [null], ""range_unroll_factors"": [0], ""range_warp_specializes"": [null], ""range_num_stages"": [0], ""range_multi_buffers"": [null], ""range_flattens"": [null], ""load_eviction_policies"": ["""", """", ""first"", """", """"], ""num_warps"": 1, ""num_stages"": 1, ""indexing"": [""pointer"", ""pointer"", ""tensor_descriptor"", ""tensor_descriptor"", ""pointer"", ""pointer"", ""pointer""], ""atomic_indexing"": [], ""pid_type"": ""flat""}","{""arg0_ndim"": 2, ""arg0_dim0"": 4096, ""arg0_dim1"": 12288, ""arg0_numel"": 50331648, ""arg0_dtype"": ""torch.bfloat16"", ""arg0_dtype_size"": 2, ""arg0_dtype_cat"": 2, ""arg1_ndim"": 1, ""arg1_dim0"": 12288, ""arg1_numel"": 12288, ""arg1_dtype"": ""torch.bfloat16"", ""arg1_dtype_size"": 2, ""arg1_dtype_cat"": 2}",0.3563680052757263
rms_norm,0ab3f5ba2c8eb4bc,c6373fe598a919dd,"{""block_sizes"": [8], ""reduction_loops"": [null], ""range_unroll_factors"": [0], ""range_warp_specializes"": [null], ""range_num_stages"": [0], ""range_multi_buffers"": [null], ""range_flattens"": [null], ""load_eviction_policies"": ["""", """", ""first"", """", """"], ""num_warps"": 16, ""num_stages"": 6, ""indexing"": [""pointer"", ""pointer"", ""pointer"", ""tensor_descriptor"", ""pointer"", ""pointer"", ""pointer""], ""atomic_indexing"": [], ""pid_type"": ""flat""}","{""arg0_ndim"": 2, ""arg0_dim0"": 4096, ""arg0_dim1"": 12288, ""arg0_numel"": 50331648, ""arg0_dtype"": ""torch.bfloat16"", ""arg0_dtype_size"": 2, ""arg0_dtype_cat"": 2, ""arg1_ndim"": 1, ""arg1_dim0"": 12288, ""arg1_numel"": 12288, ""arg1_dtype"": ""torch.bfloat16"", ""arg1_dtype_size"": 2, ""arg1_dtype_cat"": 2}",0.45161598920822144
rms_norm,0ab3f5ba2c8eb4bc,482f430b8c9d8e8e,"{""block_sizes"": [2], ""reduction_loops"": [2048], ""range_unroll_factors"": [0], ""range_warp_specializes"": [null], ""range_num_stages"": [0], ""range_multi_buffers"": [null], ""range_flattens"": [null], ""load_eviction_policies"": [""last"", ""first"", ""last"", ""first"", ""first""], ""num_warps"": 2, ""num_stages"": 1, ""indexing"": [""tensor_descriptor"", ""pointer"", ""tensor_descriptor"", ""tensor_descriptor"", ""pointer"", ""tensor_descriptor"", ""tensor_descriptor""], ""atomic_indexing"": [], ""pid_type"": ""flat""}","{""arg0_ndim"": 2, ""arg0_dim0"": 4096, ""arg0_dim1"": 12288, ""arg0_numel"": 50331648, ""arg0_dtype"": ""torch.bfloat16"", ""arg0_dtype_size"": 2, ""arg0_dtype_cat"": 2, ""arg1_ndim"": 1, ""arg1_dim0"": 12288, ""arg1_numel"": 12288, ""arg1_dtype"": ""torch.bfloat16"", ""arg1_dtype_size"": 2, ""arg1_dtype_cat"": 2}",0.05004800111055374
rms_norm,0ab3f5ba2c8eb4bc,816644cab655d611,"{""block_sizes"": [2], ""reduction_loops"": [2048], ""range_unroll_factors"": [0], ""range_warp_specializes"": [null], ""range_num_stages"": [0], ""range_multi_buffers"": [null], ""range_flattens"": [null], ""load_eviction_policies"": ["""", ""first"", ""last"", ""last"", """"], ""num_warps"": 8, ""num_stages"": 3, ""indexing"": [""pointer"", ""tensor_descriptor"", ""tensor_descriptor"", ""pointer"", ""tensor_descriptor"", ""pointer"", ""tensor_descriptor""], ""atomic_indexing"": [], ""pid_type"": ""flat""}","{""arg0_ndim"": 2, ""arg0_dim0"": 4096, ""arg0_dim1"": 12288, ""arg0_numel"": 50331648, ""arg0_dtype"": ""torch.bfloat16"", ""arg0_dtype_size"": 2, ""arg0_dtype_cat"": 2, ""arg1_ndim"": 1, ""arg1_dim0"": 12288, ""arg1_numel"": 12288, ""arg1_dtype"": ""torch.bfloat16"", ""arg1_dtype_size"": 2, ""arg1_dtype_cat"": 2}",0.04508800059556961
rms_norm,0ab3f5ba2c8eb4bc,3abfa9907ca4fa3a,"{""block_sizes"": [1], ""reduction_loops"": [null], ""range_unroll_factors"": [0], ""range_warp_specializes"": [null], ""range_num_stages"": [0], ""range_multi_buffers"": [null], ""range_flattens"": [null], ""load_eviction_policies"": ["""", ""last"", ""last"", """", """"], ""num_warps"": 4, ""num_stages"": 2, ""indexing"": [""pointer"", ""pointer"", ""pointer"", ""tensor_descriptor"", ""pointer"", ""tensor_descriptor"", ""pointer""], ""atomic_indexing"": [], ""pid_type"": ""flat""}","{""arg0_ndim"": 2, ""arg0_dim0"": 4096, ""arg0_dim1"": 12288, ""arg0_numel"": 50331648, ""arg0_dtype"": ""torch.bfloat16"", ""arg0_dtype_size"": 2, ""arg0_dtype_cat"": 2, ""arg1_ndim"": 1, ""arg1_dim0"": 12288, ""arg1_numel"": 12288, ""arg1_dtype"": ""torch.bfloat16"", ""arg1_dtype_size"": 2, ""arg1_dtype_cat"": 2}",0.05734400078654289
rms_norm,0ab3f5ba2c8eb4bc,87b2f26661fd2925,"{""block_sizes"": [1], ""reduction_loops"": [null], ""range_unroll_factors"": [0], ""range_warp_specializes"": [null], ""range_num_stages"": [0], ""range_multi_buffers"": [null], ""range_flattens"": [null], ""load_eviction_policies"": ["""", ""last"", ""last"", ""first"", """"], ""num_warps"": 8, ""num_stages"": 2, ""indexing"": [""tensor_descriptor"", ""tensor_descriptor"", ""tensor_descriptor"", ""tensor_descriptor"", ""pointer"", ""pointer"", ""tensor_descriptor""], ""atomic_indexing"": [], ""pid_type"": ""flat""}","{""arg0_ndim"": 2, ""arg0_dim0"": 4096, ""arg0_dim1"": 12288, ""arg0_numel"": 50331648, ""arg0_dtype"": ""torch.bfloat16"", ""arg0_dtype_size"": 2, ""arg0_dtype_cat"": 2, ""arg1_ndim"": 1, ""arg1_dim0"": 12288, ""arg1_numel"": 12288, ""arg1_dtype"": ""torch.bfloat16"", ""arg1_dtype_size"": 2, ""arg1_dtype_cat"": 2}",0.055296000093221664
rms_norm,0ab3f5ba2c8eb4bc,7c1f654402c9dd7f,"{""block_sizes"": [1], ""reduction_loops"": [1024], ""range_unroll_factors"": [0], ""range_warp_specializes"": [null], ""range_num_stages"": [0], ""range_multi_buffers"": [null], ""range_flattens"": [null], ""load_eviction_policies"": ["""", ""first"", """", ""last"", ""first""], ""num_warps"": 4, ""num_stages"": 3, ""indexing"": [""pointer"", ""tensor_descriptor"", ""tensor_descriptor"", ""tensor_descriptor"", ""tensor_descriptor"", ""pointer"", ""pointer""], ""atomic_indexing"": [], ""pid_type"": ""flat""}","{""arg0_ndim"": 2, ""arg0_dim0"": 4096, ""arg0_dim1"": 12288, ""arg0_numel"": 50331648, ""arg0_dtype"": ""torch.bfloat16"", ""arg0_dtype_size"": 2, ""arg0_dtype_cat"": 2, ""arg1_ndim"": 1, ""arg1_dim0"": 12288, ""arg1_numel"": 12288, ""arg1_dtype"": ""torch.bfloat16"", ""arg1_dtype_size"": 2, ""arg1_dtype_cat"": 2}",0.04508800059556961
rms_norm,0ab3f5ba2c8eb4bc,306f51b1d2d06f98,"{""block_sizes"": [1], ""reduction_loops"": [1024], ""range_unroll_factors"": [0], ""range_warp_specializes"": [null], ""range_num_stages"": [0], ""range_multi_buffers"": [null], ""range_flattens"": [null], ""load_eviction_policies"": ["""", ""first"", """", """", ""last""], ""num_warps"": 4, ""num_stages"": 5, ""indexing"": [""pointer"", ""tensor_descriptor"", ""tensor_descriptor"", ""pointer"", ""pointer"", ""tensor_descriptor"", ""tensor_descriptor""], ""atomic_indexing"": [], ""pid_type"": ""flat""}","{""arg0_ndim"": 2, ""arg0_dim0"": 4096, ""arg0_dim1"": 12288, ""arg0_numel"": 50331648, ""arg0_dtype"": ""torch.bfloat16"", ""arg0_dtype_size"": 2, ""arg0_dtype_cat"": 2, ""arg1_ndim"": 1, ""arg1_dim0"": 12288, ""arg1_numel"": 12288, ""arg1_dtype"": ""torch.bfloat16"", ""arg1_dtype_size"": 2, ""arg1_dtype_cat"": 2}",0.04508800059556961
rms_norm,0ab3f5ba2c8eb4bc,5c295017bd009288,"{""block_sizes"": [1], ""reduction_loops"": [null], ""range_unroll_factors"": [0], ""range_warp_specializes"": [null], ""range_num_stages"": [0], ""range_multi_buffers"": [null], ""range_flattens"": [null], ""load_eviction_policies"": [""first"", """", ""last"", """", ""last""], ""num_warps"": 16, ""num_stages"": 4, ""indexing"": [""tensor_descriptor"", ""pointer"", ""tensor_descriptor"", ""pointer"", ""pointer"", ""pointer"", ""pointer""], ""atomic_indexing"": [], ""pid_type"": ""flat""}","{""arg0_ndim"": 2, ""arg0_dim0"": 4096, ""arg0_dim1"": 12288, ""arg0_numel"": 50331648, ""arg0_dtype"": ""torch.bfloat16"", ""arg0_dtype_size"": 2, ""arg0_dtype_cat"": 2, ""arg1_ndim"": 1, ""arg1_dim0"": 12288, ""arg1_numel"": 12288, ""arg1_dtype"": ""torch.bfloat16"", ""arg1_dtype_size"": 2, ""arg1_dtype_cat"": 2}",0.05113599821925163
rms_norm,0ab3f5ba2c8eb4bc,9615e7b2fea5ec90,"{""block_sizes"": [1], ""reduction_loops"": [2048], ""range_unroll_factors"": [0], ""range_warp_specializes"": [null], ""range_num_stages"": [0], ""range_multi_buffers"": [null], ""range_flattens"": [null], ""load_eviction_policies"": ["""", ""first"", ""last"", ""first"", ""last""], ""num_warps"": 8, ""num_stages"": 8, ""indexing"": [""pointer"", ""pointer"", ""pointer"", ""tensor_descriptor"", ""pointer"", ""tensor_descriptor"", ""pointer""], ""atomic_indexing"": [], ""pid_type"": ""flat""}","{""arg0_ndim"": 2, ""arg0_dim0"": 4096, ""arg0_dim1"": 12288, ""arg0_numel"": 50331648, ""arg0_dtype"": ""torch.bfloat16"", ""arg0_dtype_size"": 2, ""arg0_dtype_cat"": 2, ""arg1_ndim"": 1, ""arg1_dim0"": 12288, ""arg1_numel"": 12288, ""arg1_dtype"": ""torch.bfloat16"", ""arg1_dtype_size"": 2, ""arg1_dtype_cat"": 2}",0.04095999896526337
rms_norm,0ab3f5ba2c8eb4bc,ef0576b1337868e5,"{""block_sizes"": [1], ""reduction_loops"": [null], ""range_unroll_factors"": [0], ""range_warp_specializes"": [null], ""range_num_stages"": [0], ""range_multi_buffers"": [null], ""range_flattens"": [null], ""load_eviction_policies"": ["""", """", ""last"", """", ""last""], ""num_warps"": 8, ""num_stages"": 6, ""indexing"": [""tensor_descriptor"", ""pointer"", ""pointer"", ""pointer"", ""pointer"", ""tensor_descriptor"", ""tensor_descriptor""], ""atomic_indexing"": [], ""pid_type"": ""flat""}","{""arg0_ndim"": 2, ""arg0_dim0"": 4096, ""arg0_dim1"": 12288, ""arg0_numel"": 50331648, ""arg0_dtype"": ""torch.bfloat16"", ""arg0_dtype_size"": 2, ""arg0_dtype_cat"": 2, ""arg1_ndim"": 1, ""arg1_dim0"": 12288, ""arg1_numel"": 12288, ""arg1_dtype"": ""torch.bfloat16"", ""arg1_dtype_size"": 2, ""arg1_dtype_cat"": 2}",0.055296000093221664
rms_norm,0ab3f5ba2c8eb4bc,11bb6dfa80985863,"{""block_sizes"": [1], ""reduction_loops"": [null], ""range_unroll_factors"": [0], ""range_warp_specializes"": [null], ""range_num_stages"": [0], ""range_multi_buffers"": [null], ""range_flattens"": [null], ""load_eviction_policies"": [""first"", """", ""last"", """", """"], ""num_warps"": 16, ""num_stages"": 2, ""indexing"": [""tensor_descriptor"", ""pointer"", ""pointer"", ""pointer"", ""tensor_descriptor"", ""tensor_descriptor"", ""pointer""], ""atomic_indexing"": [], ""pid_type"": ""flat""}","{""arg0_ndim"": 2, ""arg0_dim0"": 4096, ""arg0_dim1"": 12288, ""arg0_numel"": 50331648, ""arg0_dtype"": ""torch.bfloat16"", ""arg0_dtype_size"": 2, ""arg0_dtype_cat"": 2, ""arg1_ndim"": 1, ""arg1_dim0"": 12288, ""arg1_numel"": 12288, ""arg1_dtype"": ""torch.bfloat16"", ""arg1_dtype_size"": 2, ""arg1_dtype_cat"": 2}",0.05113599821925163
rms_norm,0ab3f5ba2c8eb4bc,964bbd2b95871270,"{""block_sizes"": [1], ""reduction_loops"": [null], ""range_unroll_factors"": [0], ""range_warp_specializes"": [null], ""range_num_stages"": [0], ""range_multi_buffers"": [null], ""range_flattens"": [null], ""load_eviction_policies"": ["""", """", """", ""first"", """"], ""num_warps"": 8, ""num_stages"": 6, ""indexing"": [""pointer"", ""tensor_descriptor"", ""tensor_descriptor"", ""tensor_descriptor"", ""pointer"", ""tensor_descriptor"", ""tensor_descriptor""], ""atomic_indexing"": [], ""pid_type"": ""flat""}","{""arg0_ndim"": 2, ""arg0_dim0"": 4096, ""arg0_dim1"": 12288, ""arg0_numel"": 50331648, ""arg0_dtype"": ""torch.bfloat16"", ""arg0_dtype_size"": 2, ""arg0_dtype_cat"": 2, ""arg1_ndim"": 1, ""arg1_dim0"": 12288, ""arg1_numel"": 12288, ""arg1_dtype"": ""torch.bfloat16"", ""arg1_dtype_size"": 2, ""arg1_dtype_cat"": 2}",0.055296000093221664
rms_norm,0ab3f5ba2c8eb4bc,a0bad60454a64a49,"{""block_sizes"": [1], ""reduction_loops"": [null], ""range_unroll_factors"": [0], ""range_warp_specializes"": [null], ""range_num_stages"": [0], ""range_multi_buffers"": [null], ""range_flattens"": [null], ""load_eviction_policies"": [""first"", ""last"", ""last"", """", ""last""], ""num_warps"": 16, ""num_stages"": 4, ""indexing"": [""pointer"", ""tensor_descriptor"", ""pointer"", ""pointer"", ""pointer"", ""pointer"", ""pointer""], ""atomic_indexing"": [], ""pid_type"": ""flat""}","{""arg0_ndim"": 2, ""arg0_dim0"": 4096, ""arg0_dim1"": 12288, ""arg0_numel"": 50331648, ""arg0_dtype"": ""torch.bfloat16"", ""arg0_dtype_size"": 2, ""arg0_dtype_cat"": 2, ""arg1_ndim"": 1, ""arg1_dim0"": 12288, ""arg1_numel"": 12288, ""arg1_dtype"": ""torch.bfloat16"", ""arg1_dtype_size"": 2, ""arg1_dtype_cat"": 2}",0.05119999870657921
rms_norm,0ab3f5ba2c8eb4bc,45b47d2b716e8754,"{""block_sizes"": [4], ""reduction_loops"": [null], ""range_unroll_factors"": [0], ""range_warp_specializes"": [null], ""range_num_stages"": [0], ""range_multi_buffers"": [null], ""range_flattens"": [null], ""load_eviction_policies"": [""first"", """", """", ""last"", ""last""], ""num_warps"": 2, ""num_stages"": 5, ""indexing"": [""pointer"", ""tensor_descriptor"", ""tensor_descriptor"", ""tensor_descriptor"", ""tensor_descriptor"", ""pointer"", ""pointer""], ""atomic_indexing"": [], ""pid_type"": ""flat""}","{""arg0_ndim"": 2, ""arg0_dim0"": 4096, ""arg0_dim1"": 12288, ""arg0_numel"": 50331648, ""arg0_dtype"": ""torch.bfloat16"", ""arg0_dtype_size"": 2, ""arg0_dtype_cat"": 2, ""arg1_ndim"": 1, ""arg1_dim0"": 12288, ""arg1_numel"": 12288, ""arg1_dtype"": ""torch.bfloat16"", ""arg1_dtype_size"": 2, ""arg1_dtype_cat"": 2}",0.5961599946022034
rms_norm,0ab3f5ba2c8eb4bc,0e08e3ec9a7b2c1e,"{""block_sizes"": [4], ""reduction_loops"": [null], ""range_unroll_factors"": [0], ""range_warp_specializes"": [null], ""range_num_stages"": [0], ""range_multi_buffers"": [null], ""range_flattens"": [null], ""load_eviction_policies"": [""first"", ""last"", """", ""first"", """"], ""num_warps"": 2, ""num_stages"": 3, ""indexing"": [""pointer"", ""tensor_descriptor"", ""pointer"", ""tensor_descriptor"", ""tensor_descriptor"", ""tensor_descriptor"", ""tensor_descriptor""], ""atomic_indexing"": [], ""pid_type"": ""flat""}","{""arg0_ndim"": 2, ""arg0_dim0"": 4096, ""arg0_dim1"": 12288, ""arg0_numel"": 50331648, ""arg0_dtype"": ""torch.bfloat16"", ""arg0_dtype_size"": 2, ""arg0_dtype_cat"": 2, ""arg1_ndim"": 1, ""arg1_dim0"": 12288, ""arg1_numel"": 12288, ""arg1_dtype"": ""torch.bfloat16"", ""arg1_dtype_size"": 2, ""arg1_dtype_cat"": 2}",0.5959680080413818
rms_norm,0ab3f5ba2c8eb4bc,a3c8f5854ffdaebc,"{""block_sizes"": [16], ""reduction_loops"": [null], ""range_unroll_factors"": [0], ""range_warp_specializes"": [null], ""range_num_stages"": [0], ""range_multi_buffers"": [null], ""range_flattens"": [null], ""load_eviction_policies"": ["""", """", ""first"", """", ""last""], ""num_warps"": 4, ""num_stages"": 5, ""indexing"": [""pointer"", ""pointer"", ""pointer"", ""pointer"", ""pointer"", ""pointer"", ""pointer""], ""atomic_indexing"": [], ""pid_type"": ""flat""}","{""arg0_ndim"": 2, ""arg0_dim0"": 4096, ""arg0_dim1"": 12288, ""arg0_numel"": 50331648, ""arg0_dtype"": ""torch.bfloat16"", ""arg0_dtype_size"": 2, ""arg0_dtype_cat"": 2, ""arg1_ndim"": 1, ""arg1_dim0"": 12288, ""arg1_numel"": 12288, ""arg1_dtype"": ""torch.bfloat16"", ""arg1_dtype_size"": 2, ""arg1_dtype_cat"": 2}",0.8753600120544434
rms_norm,0ab3f5ba2c8eb4bc,df5f9e1409cfd8bd,"{""block_sizes"": [16], ""reduction_loops"": [null], ""range_unroll_factors"": [0], ""range_warp_specializes"": [null], ""range_num_stages"": [0], ""range_multi_buffers"": [null], ""range_flattens"": [null], ""load_eviction_policies"": ["""", """", ""last"", """", ""first""], ""num_warps"": 4, ""num_stages"": 1, ""indexing"": [""pointer"", ""pointer"", ""pointer"", ""pointer"", ""pointer"", ""tensor_descriptor"", ""tensor_descriptor""], ""atomic_indexing"": [], ""pid_type"": ""flat""}","{""arg0_ndim"": 2, ""arg0_dim0"": 4096, ""arg0_dim1"": 12288, ""arg0_numel"": 50331648, ""arg0_dtype"": ""torch.bfloat16"", ""arg0_dtype_size"": 2, ""arg0_dtype_cat"": 2, ""arg1_ndim"": 1, ""arg1_dim0"": 12288, ""arg1_numel"": 12288, ""arg1_dtype"": ""torch.bfloat16"", ""arg1_dtype_size"": 2, ""arg1_dtype_cat"": 2}",0.8725119829177856
rms_norm,241719473c2f45ee,24745e38d713c198,"{""block_sizes"": [2], ""reduction_loops"": [null], ""range_unroll_factors"": [0], ""range_warp_specializes"": [null], ""range_num_stages"": [0], ""range_multi_buffers"": [null], ""range_flattens"": [null], ""load_eviction_policies"": [""last"", ""first"", ""first"", """", """"], ""num_warps"": 4, ""num_stages"": 6, ""indexing"": [""pointer"", ""pointer"", ""pointer"", ""tensor_descriptor"", ""tensor_descriptor"", ""pointer"", ""pointer""], ""atomic_indexing"": [], ""pid_type"": ""flat""}","{""arg0_ndim"": 2, ""arg0_dim0"": 8192, ""arg0_dim1"": 4096, ""arg0_numel"": 33554432, ""arg0_dtype"": ""torch.bfloat16"", ""arg0_dtype_size"": 2, ""arg0_dtype_cat"": 2, ""arg1_ndim"": 1, ""arg1_dim0"": 4096, ""arg1_numel"": 4096, ""arg1_dtype"": ""torch.bfloat16"", ""arg1_dtype_size"": 2, ""arg1_dtype_cat"": 2}",0.028672000393271446
rms_norm,241719473c2f45ee,180c35ef192d14f2,"{""block_sizes"": [2], ""reduction_loops"": [null], ""range_unroll_factors"": [0], ""range_warp_specializes"": [null], ""range_num_stages"": [0], ""range_multi_buffers"": [null], ""range_flattens"": [null], ""load_eviction_policies"": ["""", """", ""last"", """", """"], ""num_warps"": 1, ""num_stages"": 2, ""indexing"": [""pointer"", ""pointer"", ""pointer"", ""pointer"", ""pointer"", ""pointer"", ""pointer""], ""atomic_indexing"": [], ""pid_type"": ""flat""}","{""arg0_ndim"": 2, ""arg0_dim0"": 8192, ""arg0_dim1"": 4096, ""arg0_numel"": 33554432, ""arg0_dtype"": ""torch.bfloat16"", ""arg0_dtype_size"": 2, ""arg0_dtype_cat"": 2, ""arg1_ndim"": 1, ""arg1_dim0"": 4096, ""arg1_numel"": 4096, ""arg1_dtype"": ""torch.bfloat16"", ""arg1_dtype_size"": 2, ""arg1_dtype_cat"": 2}",0.043007999658584595
rms_norm,241719473c2f45ee,7bfccb3790afd320,"{""block_sizes"": [2], ""reduction_loops"": [2048], ""range_unroll_factors"": [0], ""range_warp_specializes"": [null], ""range_num_stages"": [0], ""range_multi_buffers"": [null], ""range_flattens"": [null], ""load_eviction_policies"": [""last"", """", ""last"", """", """"], ""num_warps"": 8, ""num_stages"": 1, ""indexing"": [""pointer"", ""pointer"", ""pointer"", ""tensor_descriptor"", ""pointer"", ""tensor_descriptor"", ""tensor_descriptor""], ""atomic_indexing"": [], ""pid_type"": ""flat""}","{""arg0_ndim"": 2, ""arg0_dim0"": 8192, ""arg0_dim1"": 4096, ""arg0_numel"": 33554432, ""arg0_dtype"": ""torch.bfloat16"", ""arg0_dtype_size"": 2, ""arg0_dtype_cat"": 2, ""arg1_ndim"": 1, ""arg1_dim0"": 4096, ""arg1_numel"": 4096, ""arg1_dtype"": ""torch.bfloat16"", ""arg1_dtype_size"": 2, ""arg1_dtype_cat"": 2}",0.03271999955177307
rms_norm,241719473c2f45ee,b700865abbecc460,"{""block_sizes"": [1], ""reduction_loops"": [null], ""range_unroll_factors"": [0], ""range_warp_specializes"": [null], ""range_num_stages"": [0], ""range_multi_buffers"": [null], ""range_flattens"": [null], ""load_eviction_policies"": [""first"", """", ""last"", ""last"", """"], ""num_warps"": 16, ""num_stages"": 1, ""indexing"": [""tensor_descriptor"", ""tensor_descriptor"", ""pointer"", ""tensor_descriptor"", ""tensor_descriptor"", ""pointer"", ""tensor_descriptor""], ""atomic_indexing"": [], ""pid_type"": ""flat""}","{""arg0_ndim"": 2, ""arg0_dim0"": 8192, ""arg0_dim1"": 4096, ""arg0_numel"": 33554432, ""arg0_dtype"": ""torch.bfloat16"", ""arg0_dtype_size"": 2, ""arg0_dtype_cat"": 2, ""arg1_ndim"": 1, ""arg1_dim0"": 4096, ""arg1_numel"": 4096, ""arg1_dtype"": ""torch.bfloat16"", ""arg1_dtype_size"": 2, ""arg1_dtype_cat"": 2}",0.034623999148607254
rms_norm,241719473c2f45ee,73a4bcfe84591dcd,"{""block_sizes"": [1], ""reduction_loops"": [8192], ""range_unroll_factors"": [0], ""range_warp_specializes"": [null], ""range_num_stages"": [0], ""range_multi_buffers"": [null], ""range_flattens"": [null], ""load_eviction_policies"": ["""", """", """", """", """"], ""num_warps"": 8, ""num_stages"": 4, ""indexing"": [""pointer"", ""pointer"", ""tensor_descriptor"", ""pointer"", ""pointer"", ""tensor_descriptor"", ""tensor_descriptor""], ""atomic_indexing"": [], ""pid_type"": ""flat""}","{""arg0_ndim"": 2, ""arg0_dim0"": 8192, ""arg0_dim1"": 4096, ""arg0_numel"": 33554432, ""arg0_dtype"": ""torch.bfloat16"", ""arg0_dtype_size"": 2, ""arg0_dtype_cat"": 2, ""arg1_ndim"": 1, ""arg1_dim0"": 4096, ""arg1_numel"": 4096, ""arg1_dtype"": ""torch.bfloat16"", ""arg1_dtype_size"": 2, ""arg1_dtype_cat"": 2}",0.043007999658584595
rms_norm,241719473c2f45ee,6d53c3602b79725b,"{""block_sizes"": [1], ""reduction_loops"": [8192], ""range_unroll_factors"": [0], ""range_warp_specializes"": [null], ""range_num_stages"": [0], ""range_multi_buffers"": [null], ""range_flattens"": [null], ""load_eviction_policies"": ["""", ""first"", ""last"", """", """"], ""num_warps"": 8, ""num_stages"": 3, ""indexing"": [""pointer"", ""tensor_descriptor"", ""pointer"", ""pointer"", ""pointer"", ""tensor_descriptor"", ""pointer""], ""atomic_indexing"": [], ""pid_type"": ""flat""}","{""arg0_ndim"": 2, ""arg0_dim0"": 8192, ""arg0_dim1"": 4096, ""arg0_numel"": 33554432, ""arg0_dtype"": ""torch.bfloat16"", ""arg0_dtype_size"": 2, ""arg0_dtype_cat"": 2, ""arg1_ndim"": 1, ""arg1_dim0"": 4096, ""arg1_numel"": 4096, ""arg1_dtype"": ""torch.bfloat16"", ""arg1_dtype_size"": 2, ""arg1_dtype_cat"": 2}",0.043168000876903534
rms_norm,241719473c2f45ee,ce65586612391f94,"{""block_sizes"": [32], ""reduction_loops"": [null], ""range_unroll_factors"": [0], ""range_warp_specializes"": [null], ""range_num_stages"": [0], ""range_multi_buffers"": [null], ""range_flattens"": [null], ""load_eviction_policies"": ["""", """", """", """", """"], ""num_warps"": 4, ""num_stages"": 1, ""indexing"": [""pointer"", ""pointer"", ""pointer"", ""pointer"", ""pointer"", ""pointer"", ""pointer""], ""atomic_indexing"": [], ""pid_type"": ""flat""}","{""arg0_ndim"": 2, ""arg0_dim0"": 8192, ""arg0_dim1"": 4096, ""arg0_numel"": 33554432, ""arg0_dtype"": ""torch.bfloat16"", ""arg0_dtype_size"": 2, ""arg0_dtype_cat"": 2, ""arg1_ndim"": 1, ""arg1_dim0"": 4096, ""arg1_numel"": 4096, ""arg1_dtype"": ""torch.bfloat16"", ""arg1_dtype_size"": 2, ""arg1_dtype_cat"": 2}",0.34297600388526917
rms_norm,241719473c2f45ee,fa68d1735ed55be8,"{""block_sizes"": [16], ""reduction_loops"": [null], ""range_unroll_factors"": [1], ""range_warp_specializes"": [null], ""range_num_stages"": [2], ""range_multi_buffers"": [null], ""range_flattens"": [null], ""load_eviction_policies"": [""first"", ""last"", ""last"", """", ""last""], ""num_warps"": 16, ""num_stages"": 8, ""indexing"": [""tensor_descriptor"", ""pointer"", ""tensor_descriptor"", ""pointer"", ""pointer"", ""pointer"", ""pointer""], ""atomic_indexing"": [], ""pid_type"": ""persistent_interleaved"", ""num_sm_multiplier"": 1}","{""arg0_ndim"": 2, ""arg0_dim0"": 8192, ""arg0_dim1"": 4096, ""arg0_numel"": 33554432, ""arg0_dtype"": ""torch.bfloat16"", ""arg0_dtype_size"": 2, ""arg0_dtype_cat"": 2, ""arg1_ndim"": 1, ""arg1_dim0"": 4096, ""arg1_numel"": 4096, ""arg1_dtype"": ""torch.bfloat16"", ""arg1_dtype_size"": 2, ""arg1_dtype_cat"": 2}",0.03686400130391121
rms_norm,241719473c2f45ee,1979210a312b6290,"{""block_sizes"": [16], ""reduction_loops"": [256], ""range_unroll_factors"": [0], ""range_warp_specializes"": [null], ""range_num_stages"": [0], ""range_multi_buffers"": [null], ""range_flattens"": [null], ""load_eviction_policies"": [""first"", """", ""last"", ""last"", """"], ""num_warps"": 16, ""num_stages"": 4, ""indexing"": [""tensor_descriptor"", ""tensor_descriptor"", ""tensor_descriptor"", ""tensor_descriptor"", ""tensor_descriptor"", ""tensor_descriptor"", ""tensor_descriptor""], ""atomic_indexing"": [], ""pid_type"": ""flat""}","{""arg0_ndim"": 2, ""arg0_dim0"": 8192, ""arg0_dim1"": 4096, ""arg0_numel"": 33554432, ""arg0_dtype"": ""torch.bfloat16"", ""arg0_dtype_size"": 2, ""arg0_dtype_cat"": 2, ""arg1_ndim"": 1, ""arg1_dim0"": 4096, ""arg1_numel"": 4096, ""arg1_dtype"": ""torch.bfloat16"", ""arg1_dtype_size"": 2, ""arg1_dtype_cat"": 2}",0.040991999208927155
rms_norm,241719473c2f45ee,832d9cc41c9b5249,"{""block_sizes"": [2], ""reduction_loops"": [null], ""range_unroll_factors"": [0], ""range_warp_specializes"": [null], ""range_num_stages"": [0], ""range_multi_buffers"": [null], ""range_flattens"": [null], ""load_eviction_policies"": [""first"", ""last"", ""first"", ""first"", ""last""], ""num_warps"": 1, ""num_stages"": 8, ""indexing"": [""pointer"", ""pointer"", ""tensor_descriptor"", ""pointer"", ""pointer"", ""tensor_descriptor"", ""pointer""], ""atomic_indexing"": [], ""pid_type"": ""flat""}","{""arg0_ndim"": 2, ""arg0_dim0"": 8192, ""arg0_dim1"": 4096, ""arg0_numel"": 33554432, ""arg0_dtype"": ""torch.bfloat16"", ""arg0_dtype_size"": 2, ""arg0_dtype_cat"": 2, ""arg1_ndim"": 1, ""arg1_dim0"": 4096, ""arg1_numel"": 4096, ""arg1_dtype"": ""torch.bfloat16"", ""arg1_dtype_size"": 2, ""arg1_dtype_cat"": 2}",0.04294399917125702
rms_norm,241719473c2f45ee,5f3510d018a1da2c,"{""block_sizes"": [2], ""reduction_loops"": [null], ""range_unroll_factors"": [0], ""range_warp_specializes"": [null], ""range_num_stages"": [0], ""range_multi_buffers"": [null], ""range_flattens"": [null], ""load_eviction_policies"": ["""", """", ""first"", """", """"], ""num_warps"": 1, ""num_stages"": 1, ""indexing"": [""pointer"", ""pointer"", ""tensor_descriptor"", ""tensor_descriptor"", ""pointer"", ""pointer"", ""pointer""], ""atomic_indexing"": [], ""pid_type"": ""flat""}","{""arg0_ndim"": 2, ""arg0_dim0"": 8192, ""arg0_dim1"": 4096, ""arg0_numel"": 33554432, ""arg0_dtype"": ""torch.bfloat16"", ""arg0_dtype_size"": 2, ""arg0_dtype_cat"": 2, ""arg1_ndim"": 1, ""arg1_dim0"": 4096, ""arg1_numel"": 4096, ""arg1_dtype"": ""torch.bfloat16"", ""arg1_dtype_size"": 2, ""arg1_dtype_cat"": 2}",0.04303999990224838
rms_norm,241719473c2f45ee,c6373fe598a919dd,"{""block_sizes"": [8], ""reduction_loops"": [null], ""range_unroll_factors"": [0], ""range_warp_specializes"": [null], ""range_num_stages"": [0], ""range_multi_buffers"": [null], ""range_flattens"": [null], ""load_eviction_policies"": ["""", """", ""first"", """", """"], ""num_warps"": 16, ""num_stages"": 6, ""indexing"": [""pointer"", ""pointer"", ""pointer"", ""tensor_descriptor"", ""pointer"", ""pointer"", ""pointer""], ""atomic_indexing"": [], ""pid_type"": ""flat""}","{""arg0_ndim"": 2, ""arg0_dim0"": 8192, ""arg0_dim1"": 4096, ""arg0_numel"": 33554432, ""arg0_dtype"": ""torch.bfloat16"", ""arg0_dtype_size"": 2, ""arg0_dtype_cat"": 2, ""arg1_ndim"": 1, ""arg1_dim0"": 4096, ""arg1_numel"": 4096, ""arg1_dtype"": ""torch.bfloat16"", ""arg1_dtype_size"": 2, ""arg1_dtype_cat"": 2}",0.03891199827194214
rms_norm,241719473c2f45ee,482f430b8c9d8e8e,"{""block_sizes"": [2], ""reduction_loops"": [2048], ""range_unroll_factors"": [0], ""range_warp_specializes"": [null], ""range_num_stages"": [0], ""range_multi_buffers"": [null], ""range_flattens"": [null], ""load_eviction_policies"": [""last"", ""first"", ""last"", ""first"", ""first""], ""num_warps"": 2, ""num_stages"": 1, ""indexing"": [""tensor_descriptor"", ""pointer"", ""tensor_descriptor"", ""tensor_descriptor"", ""pointer"", ""tensor_descriptor"", ""tensor_descriptor""], ""atomic_indexing"": [], ""pid_type"": ""flat""}","{""arg0_ndim"": 2, ""arg0_dim0"": 8192, ""arg0_dim1"": 4096, ""arg0_numel"": 33554432, ""arg0_dtype"": ""torch.bfloat16"", ""arg0_dtype_size"": 2, ""arg0_dtype_cat"": 2, ""arg1_ndim"": 1, ""arg1_dim0"": 4096, ""arg1_numel"": 4096, ""arg1_dtype"": ""torch.bfloat16"", ""arg1_dtype_size"": 2, ""arg1_dtype_cat"": 2}",0.030719999223947525
rms_norm,241719473c2f45ee,816644cab655d611,"{""block_sizes"": [2], ""reduction_loops"": [2048], ""range_unroll_factors"": [0], ""range_warp_specializes"": [null], ""range_num_stages"": [0], ""range_multi_buffers"": [null], ""range_flattens"": [null], ""load_eviction_policies"": ["""", ""first"", ""last"", ""last"", """"], ""num_warps"": 8, ""num_stages"": 3, ""indexing"": [""pointer"", ""tensor_descriptor"", ""tensor_descriptor"", ""pointer"", ""tensor_descriptor"", ""pointer"", ""tensor_descriptor""], ""atomic_indexing"": [], ""pid_type"": ""flat""}","{""arg0_ndim"": 2, ""arg0_dim0"": 8192, ""arg0_dim1"": 4096, ""arg0_numel"": 33554432, ""arg0_dtype"": ""torch.bfloat16"", ""arg0_dtype_size"": 2, ""arg0_dtype_cat"": 2, ""arg1_ndim"": 1, ""arg1_dim0"": 4096, ""arg1_numel"": 4096, ""arg1_dtype"": ""torch.bfloat16"", ""arg1_dtype_size"": 2, ""arg1_dtype_cat"": 2}",0.03276799991726875
rms_norm,241719473c2f45ee,3abfa9907ca4fa3a,"{""block_sizes"": [1], ""reduction_loops"": [null], ""range_unroll_factors"": [0], ""range_warp_specializes"": [null], ""range_num_stages"": [0], ""range_multi_buffers"": [null], ""range_flattens"": [null], ""load_eviction_policies"": ["""", ""last"", ""last"", """", """"], ""num_warps"": 4, ""num_stages"": 2, ""indexing"": [""pointer"", ""pointer"", ""pointer"", ""tensor_descriptor"", ""pointer"", ""tensor_descriptor"", ""pointer""], ""atomic_indexing"": [], ""pid_type"": ""flat""}","{""arg0_ndim"": 2, ""arg0_dim0"": 8192, ""arg0_dim1"": 4096, ""arg0_numel"": 33554432, ""arg0_dtype"": ""torch.bfloat16"", ""arg0_dtype_size"": 2, ""arg0_dtype_cat"": 2, ""arg1_ndim"": 1, ""arg1_dim0"": 4096, ""arg1_numel"": 4096, ""arg1_dtype"": ""torch.bfloat16"", ""arg1_dtype_size"": 2, ""arg1_dtype_cat"": 2}",0.026623999699950218
rms_norm,241719473c2f45ee,87b2f26661fd2925,"{""block_sizes"": [1], ""reduction_loops"": [null], ""range_unroll_factors"": [0], ""range_warp_specializes"": [null], ""range_num_stages"": [0], ""range_multi_buffers"": [null], ""range_flattens"": [null], ""load_eviction_policies"": ["""", ""last"", ""last"", ""first"", """"], ""num_warps"": 8, ""num_stages"": 2, ""indexing"": [""tensor_descriptor"", ""tensor_descriptor"", ""tensor_descriptor"", ""tensor_descriptor"", ""pointer"", ""pointer"", ""tensor_descriptor""], ""atomic_indexing"": [], ""pid_type"": ""flat""}","{""arg0_ndim"": 2, ""arg0_dim0"": 8192, ""arg0_dim1"": 4096, ""arg0_numel"": 33554432, ""arg0_dtype"": ""torch.bfloat16"", ""arg0_dtype_size"": 2, ""arg0_dtype_cat"": 2, ""arg1_ndim"": 1, ""arg1_dim0"": 4096, ""arg1_numel"": 4096, ""arg1_dtype"": ""torch.bfloat16"", ""arg1_dtype_size"": 2, ""arg1_dtype_cat"": 2}",0.026623999699950218
rms_norm,241719473c2f45ee,7c1f654402c9dd7f,"{""block_sizes"": [1], ""reduction_loops"": [1024], ""range_unroll_factors"": [0], ""range_warp_specializes"": [null], ""range_num_stages"": [0], ""range_multi_buffers"": [null], ""range_flattens"": [null], ""load_eviction_policies"": ["""", ""first"", """", ""last"", ""first""], ""num_warps"": 4, ""num_stages"": 3, ""indexing"": [""pointer"", ""tensor_descriptor"", ""tensor_descriptor"", ""tensor_descriptor"", ""tensor_descriptor"", ""pointer"", ""pointer""], ""atomic_indexing"": [], ""pid_type"": ""flat""}","{""arg0_ndim"": 2, ""arg0_dim0"": 8192, ""arg0_dim1"": 4096, ""arg0_numel"": 33554432, ""arg0_dtype"": ""torch.bfloat16"", ""arg0_dtype_size"": 2, ""arg0_dtype_cat"": 2, ""arg1_ndim"": 1, ""arg1_dim0"": 4096, ""arg1_numel"": 4096, ""arg1_dtype"": ""torch.bfloat16"", ""arg1_dtype_size"": 2, ""arg1_dtype_cat"": 2}",0.030719999223947525
rms_norm,241719473c2f45ee,306f51b1d2d06f98,"{""block_sizes"": [1], ""reduction_loops"": [1024], ""range_unroll_factors"": [0], ""range_warp_specializes"": [null], ""range_num_stages"": [0], ""range_multi_buffers"": [null], ""range_flattens"": [null], ""load_eviction_policies"": ["""", ""first"", """", """", ""last""], ""num_warps"": 4, ""num_stages"": 5, ""indexing"": [""pointer"", ""tensor_descriptor"", ""tensor_descriptor"", ""pointer"", ""pointer"", ""tensor_descriptor"", ""tensor_descriptor""], ""atomic_indexing"": [], ""pid_type"": ""flat""}","{""arg0_ndim"": 2, ""arg0_dim0"": 8192, ""arg0_dim1"": 4096, ""arg0_numel"": 33554432, ""arg0_dtype"": ""torch.bfloat16"", ""arg0_dtype_size"": 2, ""arg0_dtype_cat"": 2, ""arg1_ndim"": 1, ""arg1_dim0"": 4096, ""arg1_numel"": 4096, ""arg1_dtype"": ""torch.bfloat16"", ""arg1_dtype_size"": 2, ""arg1_dtype_cat"": 2}",0.030719999223947525
rms_norm,241719473c2f45ee,5c295017bd009288,"{""block_sizes"": [1], ""reduction_loops"": [null], ""range_unroll_factors"": [0], ""range_warp_specializes"": [null], ""range_num_stages"": [0], ""range_multi_buffers"": [null], ""range_flattens"": [null], ""load_eviction_policies"": [""first"", """", ""last"", """", ""last""], ""num_warps"": 16, ""num_stages"": 4, ""indexing"": [""tensor_descriptor"", ""pointer"", ""tensor_descriptor"", ""pointer"", ""pointer"", ""pointer"", ""pointer""], ""atomic_indexing"": [], ""pid_type"": ""flat""}","{""arg0_ndim"": 2, ""arg0_dim0"": 8192, ""arg0_dim1"": 4096, ""arg0_numel"": 33554432, ""arg0_dtype"": ""torch.bfloat16"", ""arg0_dtype_size"": 2, ""arg0_dtype_cat"": 2, ""arg1_ndim"": 1, ""arg1_dim0"": 4096, ""arg1_numel"": 4096, ""arg1_dtype"": ""torch.bfloat16"", ""arg1_dtype_size"": 2, ""arg1_dtype_cat"": 2}",0.03468799963593483
rms_norm,241719473c2f45ee,9615e7b2fea5ec90,"{""block_sizes"": [1], ""reduction_loops"": [2048], ""range_unroll_factors"": [0], ""range_warp_specializes"": [null], ""range_num_stages"": [0], ""range_multi_buffers"": [null], ""range_flattens"": [null], ""load_eviction_policies"": ["""", ""first"", ""last"", ""first"", ""last""], ""num_warps"": 8, ""num_stages"": 8, ""indexing"": [""pointer"", ""pointer"", ""pointer"", ""tensor_descriptor"", ""pointer"", ""tensor_descriptor"", ""pointer""], ""atomic_indexing"": [], ""pid_type"": ""flat""}","{""arg0_ndim"": 2, ""arg0_dim0"": 8192, ""arg0_dim1"": 4096, ""arg0_numel"": 33554432, ""arg0_dtype"": ""torch.bfloat16"", ""arg0_dtype_size"": 2, ""arg0_dtype_cat"": 2, ""arg1_ndim"": 1, ""arg1_dim0"": 4096, ""arg1_numel"": 4096, ""arg1_dtype"": ""torch.bfloat16"", ""arg1_dtype_size"": 2, ""arg1_dtype_cat"": 2}",0.028672000393271446
rms_norm,241719473c2f45ee,ef0576b1337868e5,"{""block_sizes"": [1], ""reduction_loops"": [null], ""range_unroll_factors"": [0], ""range_warp_specializes"": [null], ""range_num_stages"": [0], ""range_multi_buffers"": [null], ""range_flattens"": [null], ""load_eviction_policies"": ["""", """", ""last"", """", ""last""], ""num_warps"": 8, ""num_stages"": 6, ""indexing"": [""tensor_descriptor"", ""pointer"", ""pointer"", ""pointer"", ""pointer"", ""tensor_descriptor"", ""tensor_descriptor""], ""atomic_indexing"": [], ""pid_type"": ""flat""}","{""arg0_ndim"": 2, ""arg0_dim0"": 8192, ""arg0_dim1"": 4096, ""arg0_numel"": 33554432, ""arg0_dtype"": ""torch.bfloat16"", ""arg0_dtype_size"": 2, ""arg0_dtype_cat"": 2, ""arg1_ndim"": 1, ""arg1_dim0"": 4096, ""arg1_numel"": 4096, ""arg1_dtype"": ""torch.bfloat16"", ""arg1_dtype_size"": 2, ""arg1_dtype_cat"": 2}",0.026623999699950218
rms_norm,241719473c2f45ee,11bb6dfa80985863,"{""block_sizes"": [1], ""reduction_loops"": [null], ""range_unroll_factors"": [0], ""range_warp_specializes"": [null], ""range_num_stages"": [0], ""range_multi_buffers"": [null], ""range_flattens"": [null], ""load_eviction_policies"": [""first"", """", ""last"", """", """"], ""num_warps"": 16, ""num_stages"": 2, ""indexing"": [""tensor_descriptor"", ""pointer"", ""pointer"", ""pointer"", ""tensor_descriptor"", ""tensor_descriptor"", ""pointer""], ""atomic_indexing"": [], ""pid_type"": ""flat""}","{""arg0_ndim"": 2, ""arg0_dim0"": 8192, ""arg0_dim1"": 4096, ""arg0_numel"": 33554432, ""arg0_dtype"": ""torch.bfloat16"", ""arg0_dtype_size"": 2, ""arg0_dtype_cat"": 2, ""arg1_ndim"": 1, ""arg1_dim0"": 4096, ""arg1_numel"": 4096, ""arg1_dtype"": ""torch.bfloat16"", ""arg1_dtype_size"": 2, ""arg1_dtype_cat"": 2}",0.03465599939227104
rms_norm,241719473c2f45ee,964bbd2b95871270,"{""block_sizes"": [1], ""reduction_loops"": [null], ""range_unroll_factors"": [0], ""range_warp_specializes"": [null], ""range_num_stages"": [0], ""range_multi_buffers"": [null], ""range_flattens"": [null], ""load_eviction_policies"": ["""", """", """", ""first"", """"], ""num_warps"": 8, ""num_stages"": 6, ""indexing"": [""pointer"", ""tensor_descriptor"", ""tensor_descriptor"", ""tensor_descriptor"", ""pointer"", ""tensor_descriptor"", ""tensor_descriptor""], ""atomic_indexing"": [], ""pid_type"": ""flat""}","{""arg0_ndim"": 2, ""arg0_dim0"": 8192, ""arg0_dim1"": 4096, ""arg0_numel"": 33554432, ""arg0_dtype"": ""torch.bfloat16"", ""arg0_dtype_size"": 2, ""arg0_dtype_cat"": 2, ""arg1_ndim"": 1, ""arg1_dim0"": 4096, ""arg1_numel"": 4096, ""arg1_dtype"": ""torch.bfloat16"", ""arg1_dtype_size"": 2, ""arg1_dtype_cat"": 2}",0.026623999699950218
rms_norm,241719473c2f45ee,a0bad60454a64a49,"{""block_sizes"": [1], ""reduction_loops"": [null], ""range_unroll_factors"": [0], ""range_warp_specializes"": [null], ""range_num_stages"": [0], ""range_multi_buffers"": [null], ""range_flattens"": [null], ""load_eviction_policies"": [""first"", ""last"", ""last"", """", ""last""], ""num_warps"": 16, ""num_stages"": 4, ""indexing"": [""pointer"", ""tensor_descriptor"", ""pointer"", ""pointer"", ""pointer"", ""pointer"", ""pointer""], ""atomic_indexing"": [], ""pid_type"": ""flat""}","{""arg0_ndim"": 2, ""arg0_dim0"": 8192, ""arg0_dim1"": 4096, ""arg0_numel"": 33554432, ""arg0_dtype"": ""torch.bfloat16"", ""arg0_dtype_size"": 2, ""arg0_dtype_cat"": 2, ""arg1_ndim"": 1, ""arg1_dim0"": 4096, ""arg1_numel"": 4096, ""arg1_dtype"": ""torch.bfloat16"", ""arg1_dtype_size"": 2, ""arg1_dtype_cat"": 2}",0.03478400036692619
rms_norm,241719473c2f45ee,45b47d2b716e8754,"{""block_sizes"": [4], ""reduction_loops"": [null], ""range_unroll_factors"": [0], ""range_warp_specializes"": [null], ""range_num_stages"": [0], ""range_multi_buffers"": [null], ""range_flattens"": [null], ""load_eviction_policies"": [""first"", """", """", ""last"", ""last""], ""num_warps"": 2, ""num_stages"": 5, ""indexing"": [""pointer"", ""tensor_descriptor"", ""tensor_descriptor"", ""tensor_descriptor"", ""tensor_descriptor"", ""pointer"", ""pointer""], ""atomic_indexing"": [], ""pid_type"": ""flat""}","{""arg0_ndim"": 2, ""arg0_dim0"": 8192, ""arg0_dim1"": 4096, ""arg0_numel"": 33554432, ""arg0_dtype"": ""torch.bfloat16"", ""arg0_dtype_size"": 2, ""arg0_dtype_cat"": 2, ""arg1_ndim"": 1, ""arg1_dim0"": 4096, ""arg1_numel"": 4096, ""arg1_dtype"": ""torch.bfloat16"", ""arg1_dtype_size"": 2, ""arg1_dtype_cat"": 2}",0.03484800085425377
rms_norm,241719473c2f45ee,0e08e3ec9a7b2c1e,"{""block_sizes"": [4], ""reduction_loops"": [null], ""range_unroll_factors"": [0], ""range_warp_specializes"": [null], ""range_num_stages"": [0], ""range_multi_buffers"": [null], ""range_flattens"": [null], ""load_eviction_policies"": [""first"", ""last"", """", ""first"", """"], ""num_warps"": 2, ""num_stages"": 3, ""indexing"": [""pointer"", ""tensor_descriptor"", ""pointer"", ""tensor_descriptor"", ""tensor_descriptor"", ""tensor_descriptor"", ""tensor_descriptor""], ""atomic_indexing"": [], ""pid_type"": ""flat""}","{""arg0_ndim"": 2, ""arg0_dim0"": 8192, ""arg0_dim1"": 4096, ""arg0_numel"": 33554432, ""arg0_dtype"": ""torch.bfloat16"", ""arg0_dtype_size"": 2, ""arg0_dtype_cat"": 2, ""arg1_ndim"": 1, ""arg1_dim0"": 4096, ""arg1_numel"": 4096, ""arg1_dtype"": ""torch.bfloat16"", ""arg1_dtype_size"": 2, ""arg1_dtype_cat"": 2}",0.03484800085425377
rms_norm,241719473c2f45ee,a3c8f5854ffdaebc,"{""block_sizes"": [16], ""reduction_loops"": [null], ""range_unroll_factors"": [0], ""range_warp_specializes"": [null], ""range_num_stages"": [0], ""range_multi_buffers"": [null], ""range_flattens"": [null], ""load_eviction_policies"": ["""", """", ""first"", """", ""last""], ""num_warps"": 4, ""num_stages"": 5, ""indexing"": [""pointer"", ""pointer"", ""pointer"", ""pointer"", ""pointer"", ""pointer"", ""pointer""], ""atomic_indexing"": [], ""pid_type"": ""flat""}","{""arg0_ndim"": 2, ""arg0_dim0"": 8192, ""arg0_dim1"": 4096, ""arg0_numel"": 33554432, ""arg0_dtype"": ""torch.bfloat16"", ""arg0_dtype_size"": 2, ""arg0_dtype_cat"": 2, ""arg1_ndim"": 1, ""arg1_dim0"": 4096, ""arg1_numel"": 4096, ""arg1_dtype"": ""torch.bfloat16"", ""arg1_dtype_size"": 2, ""arg1_dtype_cat"": 2}",0.2858560085296631
rms_norm,241719473c2f45ee,df5f9e1409cfd8bd,"{""block_sizes"": [16], ""reduction_loops"": [null], ""range_unroll_factors"": [0], ""range_warp_specializes"": [null], ""range_num_stages"": [0], ""range_multi_buffers"": [null], ""range_flattens"": [null], ""load_eviction_policies"": ["""", """", ""last"", """", ""first""], ""num_warps"": 4, ""num_stages"": 1, ""indexing"": [""pointer"", ""pointer"", ""pointer"", ""pointer"", ""pointer"", ""tensor_descriptor"", ""tensor_descriptor""], ""atomic_indexing"": [], ""pid_type"": ""flat""}","{""arg0_ndim"": 2, ""arg0_dim0"": 8192, ""arg0_dim1"": 4096, ""arg0_numel"": 33554432, ""arg0_dtype"": ""torch.bfloat16"", ""arg0_dtype_size"": 2, ""arg0_dtype_cat"": 2, ""arg1_ndim"": 1, ""arg1_dim0"": 4096, ""arg1_numel"": 4096, ""arg1_dtype"": ""torch.bfloat16"", ""arg1_dtype_size"": 2, ""arg1_dtype_cat"": 2}",0.28569599986076355
rms_norm,4e1d5b2004f8ec94,24745e38d713c198,"{""block_sizes"": [2], ""reduction_loops"": [null], ""range_unroll_factors"": [0], ""range_warp_specializes"": [null], ""range_num_stages"": [0], ""range_multi_buffers"": [null], ""range_flattens"": [null], ""load_eviction_policies"": [""last"", ""first"", ""first"", """", """"], ""num_warps"": 4, ""num_stages"": 6, ""indexing"": [""pointer"", ""pointer"", ""pointer"", ""tensor_descriptor"", ""tensor_descriptor"", ""pointer"", ""pointer""], ""atomic_indexing"": [], ""pid_type"": ""flat""}","{""arg0_ndim"": 2, ""arg0_dim0"": 8192, ""arg0_dim1"": 8192, ""arg0_numel"": 67108864, ""arg0_dtype"": ""torch.bfloat16"", ""arg0_dtype_size"": 2, ""arg0_dtype_cat"": 2, ""arg1_ndim"": 1, ""arg1_dim0"": 8192, ""arg1_numel"": 8192, ""arg1_dtype"": ""torch.bfloat16"", ""arg1_dtype_size"": 2, ""arg1_dtype_cat"": 2}",0.0594559982419014
rms_norm,4e1d5b2004f8ec94,180c35ef192d14f2,"{""block_sizes"": [2], ""reduction_loops"": [null], ""range_unroll_factors"": [0], ""range_warp_specializes"": [null], ""range_num_stages"": [0], ""range_multi_buffers"": [null], ""range_flattens"": [null], ""load_eviction_policies"": ["""", """", ""last"", """", """"], ""num_warps"": 1, ""num_stages"": 2, ""indexing"": [""pointer"", ""pointer"", ""pointer"", ""pointer"", ""pointer"", ""pointer"", ""pointer""], ""atomic_indexing"": [], ""pid_type"": ""flat""}","{""arg0_ndim"": 2, ""arg0_dim0"": 8192, ""arg0_dim1"": 8192, ""arg0_numel"": 67108864, ""arg0_dtype"": ""torch.bfloat16"", ""arg0_dtype_size"": 2, ""arg0_dtype_cat"": 2, ""arg1_ndim"": 1, ""arg1_dim0"": 8192, ""arg1_numel"": 8192, ""arg1_dtype"": ""torch.bfloat16"", ""arg1_dtype_size"": 2, ""arg1_dtype_cat"": 2}",0.3113279938697815
rms_norm,4e1d5b2004f8ec94,7bfccb3790afd320,"{""block_sizes"": [2], ""reduction_loops"": [2048], ""range_unroll_factors"": [0], ""range_warp_specializes"": [null], ""range_num_stages"": [0], ""range_multi_buffers"": [null], ""range_flattens"": [null], ""load_eviction_policies"": [""last"", """", ""last"", """", """"], ""num_warps"": 8, ""num_stages"": 1, ""indexing"": [""pointer"", ""pointer"", ""pointer"", ""tensor_descriptor"", ""pointer"", ""tensor_descriptor"", ""tensor_descriptor""], ""atomic_indexing"": [], ""pid_type"": ""flat""}","{""arg0_ndim"": 2, ""arg0_dim0"": 8192, ""arg0_dim1"": 8192, ""arg0_numel"": 67108864, ""arg0_dtype"": ""torch.bfloat16"", ""arg0_dtype_size"": 2, ""arg0_dtype_cat"": 2, ""arg1_ndim"": 1, ""arg1_dim0"": 8192, ""arg1_numel"": 8192, ""arg1_dtype"": ""torch.bfloat16"", ""arg1_dtype_size"": 2, ""arg1_dtype_cat"": 2}",0.05526399984955788
rms_norm,4e1d5b2004f8ec94,b700865abbecc460,"{""block_sizes"": [1], ""reduction_loops"": [null], ""range_unroll_factors"": [0], ""range_warp_specializes"": [null], ""range_num_stages"": [0], ""range_multi_buffers"": [null], ""range_flattens"": [null], ""load_eviction_policies"": [""first"", """", ""last"", ""last"", """"], ""num_warps"": 16, ""num_stages"": 1, ""indexing"": [""tensor_descriptor"", ""tensor_descriptor"", ""pointer"", ""tensor_descriptor"", ""tensor_descriptor"", ""pointer"", ""tensor_descriptor""], ""atomic_indexing"": [], ""pid_type"": ""flat""}","{""arg0_ndim"": 2, ""arg0_dim0"": 8192, ""arg0_dim1"": 8192, ""arg0_numel"": 67108864, ""arg0_dtype"": ""torch.bfloat16"", ""arg0_dtype_size"": 2, ""arg0_dtype_cat"": 2, ""arg1_ndim"": 1, ""arg1_dim0"": 8192, ""arg1_numel"": 8192, ""arg1_dtype"": ""torch.bfloat16"", ""arg1_dtype_size"": 2, ""arg1_dtype_cat"": 2}",0.04710400104522705
rms_norm,4e1d5b2004f8ec94,73a4bcfe84591dcd,"{""block_sizes"": [1], ""reduction_loops"": [8192], ""range_unroll_factors"": [0], ""range_warp_specializes"": [null], ""range_num_stages"": [0], ""range_multi_buffers"": [null], ""range_flattens"": [null], ""load_eviction_policies"": ["""", """", """", """", """"], ""num_warps"": 8, ""num_stages"": 4, ""indexing"": [""pointer"", ""pointer"", ""tensor_descriptor"", ""pointer"", ""pointer"", ""tensor_descriptor"", ""tensor_descriptor""], ""atomic_indexing"": [], ""pid_type"": ""flat""}","{""arg0_ndim"": 2, ""arg0_dim0"": 8192, ""arg0_dim1"": 8192, ""arg0_numel"": 67108864, ""arg0_dtype"": ""torch.bfloat16"", ""arg0_dtype_size"": 2, ""arg0_dtype_cat"": 2, ""arg1_ndim"": 1, ""arg1_dim0"": 8192, ""arg1_numel"": 8192, ""arg1_dtype"": ""torch.bfloat16"", ""arg1_dtype_size"": 2, ""arg1_dtype_cat"": 2}",0.051231998950242996
rms_norm,4e1d5b2004f8ec94,6d53c3602b79725b,"{""block_sizes"": [1], ""reduction_loops"": [8192], ""range_unroll_factors"": [0], ""range_warp_specializes"": [null], ""range_num_stages"": [0], ""range_multi_buffers"": [null], ""range_flattens"": [null], ""load_eviction_policies"": ["""", ""first"", ""last"", """", """"], ""num_warps"": 8, ""num_stages"": 3, ""indexing"": [""pointer"", ""tensor_descriptor"", ""pointer"", ""pointer"", ""pointer"", ""tensor_descriptor"", ""pointer""], ""atomic_indexing"": [], ""pid_type"": ""flat""}","{""arg0_ndim"": 2, ""arg0_dim0"": 8192, ""arg0_dim1"": 8192, ""arg0_numel"": 67108864, ""arg0_dtype"": ""torch.bfloat16"", ""arg0_dtype_size"": 2, ""arg0_dtype_cat"": 2, ""arg1_ndim"": 1, ""arg1_dim0"": 8192, ""arg1_numel"": 8192, ""arg1_dtype"": ""torch.bfloat16"", ""arg1_dtype_size"": 2, ""arg1_dtype_cat"": 2}",0.05119999870657921
rms_norm,4e1d5b2004f8ec94,ce65586612391f94,"{""block_sizes"": [32], ""reduction_loops"": [null], ""range_unroll_factors"": [0], ""range_warp_specializes"": [null], ""range_num_stages"": [0], ""range_multi_buffers"": [null], ""range_flattens"": [null], ""load_eviction_policies"": ["""", """", """", """", """"], ""num_warps"": 4, ""num_stages"": 1, ""indexing"": [""pointer"", ""pointer"", ""pointer"", ""pointer"", ""pointer"", ""pointer"", ""pointer""], ""atomic_indexing"": [], ""pid_type"": ""flat""}","{""arg0_ndim"": 2, ""arg0_dim0"": 8192, ""arg0_dim1"": 8192, ""arg0_numel"": 67108864, ""arg0_dtype"": ""torch.bfloat16"", ""arg0_dtype_size"": 2, ""arg0_dtype_cat"": 2, ""arg1_ndim"": 1, ""arg1_dim0"": 8192, ""arg1_numel"": 8192, ""arg1_dtype"": ""torch.bfloat16"", ""arg1_dtype_size"": 2, ""arg1_dtype_cat"": 2}",0.8345919847488403
rms_norm,4e1d5b2004f8ec94,fa68d1735ed55be8,"{""block_sizes"": [16], ""reduction_loops"": [null], ""range_unroll_factors"": [1], ""range_warp_specializes"": [null], ""range_num_stages"": [2], ""range_multi_buffers"": [null], ""range_flattens"": [null], ""load_eviction_policies"": [""first"", ""last"", ""last"", """", ""last""], ""num_warps"": 16, ""num_stages"": 8, ""indexing"": [""tensor_descriptor"", ""pointer"", ""tensor_descriptor"", ""pointer"", ""pointer"", ""pointer"", ""pointer""], ""atomic_indexing"": [], ""pid_type"": ""persistent_interleaved"", ""num_sm_multiplier"": 1}","{""arg0_ndim"": 2, ""arg0_dim0"": 8192, ""arg0_dim1"": 8192, ""arg0_numel"": 67108864, ""arg0_dtype"": ""torch.bfloat16"", ""arg0_dtype_size"": 2, ""arg0_dtype_cat"": 2, ""arg1_ndim"": 1, ""arg1_dim0"": 8192, ""arg1_numel"": 8192, ""arg1_dtype"": ""torch.bfloat16"", ""arg1_dtype_size"": 2, ""arg1_dtype_cat"": 2}",0.2457599937915802
rms_norm,4e1d5b2004f8ec94,1979210a312b6290,"{""block_sizes"": [16], ""reduction_loops"": [256], ""range_unroll_factors"": [0], ""range_warp_specializes"": [null], ""range_num_stages"": [0], ""range_multi_buffers"": [null], ""range_flattens"": [null], ""load_eviction_policies"": [""first"", """", ""last"", ""last"", """"], ""num_warps"": 16, ""num_stages"": 4, ""indexing"": [""tensor_descriptor"", ""tensor_descriptor"", ""tensor_descriptor"", ""tensor_descriptor"", ""tensor_descriptor"", ""tensor_descriptor"", ""tensor_descriptor""], ""atomic_indexing"": [], ""pid_type"": ""flat""}","{""arg0_ndim"": 2, ""arg0_dim0"": 8192, ""arg0_dim1"": 8192, ""arg0_numel"": 67108864, ""arg0_dtype"": ""torch.bfloat16"", ""arg0_dtype_size"": 2, ""arg0_dtype_cat"": 2, ""arg1_ndim"": 1, ""arg1_dim0"": 8192, ""arg1_numel"": 8192, ""arg1_dtype"": ""torch.bfloat16"", ""arg1_dtype_size"": 2, ""arg1_dtype_cat"": 2}",0.0737600028514862
rms_norm,4e1d5b2004f8ec94,832d9cc41c9b5249,"{""block_sizes"": [2], ""reduction_loops"": [null], ""range_unroll_factors"": [0], ""range_warp_specializes"": [null], ""range_num_stages"": [0], ""range_multi_buffers"": [null], ""range_flattens"": [null], ""load_eviction_policies"": [""first"", ""last"", ""first"", ""first"", ""last""], ""num_warps"": 1, ""num_stages"": 8, ""indexing"": [""pointer"", ""pointer"", ""tensor_descriptor"", ""pointer"", ""pointer"", ""tensor_descriptor"", ""pointer""], ""atomic_indexing"": [], ""pid_type"": ""flat""}","{""arg0_ndim"": 2, ""arg0_dim0"": 8192, ""arg0_dim1"": 8192, ""arg0_numel"": 67108864, ""arg0_dtype"": ""torch.bfloat16"", ""arg0_dtype_size"": 2, ""arg0_dtype_cat"": 2, ""arg1_ndim"": 1, ""arg1_dim0"": 8192, ""arg1_numel"": 8192, ""arg1_dtype"": ""torch.bfloat16"", ""arg1_dtype_size"": 2, ""arg1_dtype_cat"": 2}",0.317440003156662
rms_norm,4e1d5b2004f8ec94,5f3510d018a1da2c,"{""block_sizes"": [2], ""reduction_loops"": [null], ""range_unroll_factors"": [0], ""range_warp_specializes"": [null], ""range_num_stages"": [0], ""range_multi_buffers"": [null], ""range_flattens"": [null], ""load_eviction_policies"": ["""", """", ""first"", """", """"], ""num_warps"": 1, ""num_stages"": 1, ""indexing"": [""pointer"", ""pointer"", ""tensor_descriptor"", ""tensor_descriptor"", ""pointer"", ""pointer"", ""pointer""], ""atomic_indexing"": [], ""pid_type"": ""flat""}","{""arg0_ndim"": 2, ""arg0_dim0"": 8192, ""arg0_dim1"": 8192, ""arg0_numel"": 67108864, ""arg0_dtype"": ""torch.bfloat16"", ""arg0_dtype_size"": 2, ""arg0_dtype_cat"": 2, ""arg1_ndim"": 1, ""arg1_dim0"": 8192, ""arg1_numel"": 8192, ""arg1_dtype"": ""torch.bfloat16"", ""arg1_dtype_size"": 2, ""arg1_dtype_cat"": 2}",0.31246399879455566
rms_norm,4e1d5b2004f8ec94,c6373fe598a919dd,"{""block_sizes"": [8], ""reduction_loops"": [null], ""range_unroll_factors"": [0], ""range_warp_specializes"": [null], ""range_num_stages"": [0], ""range_multi_buffers"": [null], ""range_flattens"": [null], ""load_eviction_policies"": ["""", """", ""first"", """", """"], ""num_warps"": 16, ""num_stages"": 6, ""indexing"": [""pointer"", ""pointer"", ""pointer"", ""tensor_descriptor"", ""pointer"", ""pointer"", ""pointer""], ""atomic_indexing"": [], ""pid_type"": ""flat""}","{""arg0_ndim"": 2, ""arg0_dim0"": 8192, ""arg0_dim1"": 8192, ""arg0_numel"": 67108864, ""arg0_dtype"": ""torch.bfloat16"", ""arg0_dtype_size"": 2, ""arg0_dtype_cat"": 2, ""arg1_ndim"": 1, ""arg1_dim0"": 8192, ""arg1_numel"": 8192, ""arg1_dtype"": ""torch.bfloat16"", ""arg1_dtype_size"": 2, ""arg1_dtype_cat"": 2}",0.06758400052785873
rms_norm,4e1d5b2004f8ec94,482f430b8c9d8e8e,"{""block_sizes"": [2], ""reduction_loops"": [2048], ""range_unroll_factors"": [0], ""range_warp_specializes"": [null], ""range_num_stages"": [0], ""range_multi_buffers"": [null], ""range_flattens"": [null], ""load_eviction_policies"": [""last"", ""first"", ""last"", ""first"", ""first""], ""num_warps"": 2, ""num_stages"": 1, ""indexing"": [""tensor_descriptor"", ""pointer"", ""tensor_descriptor"", ""tensor_descriptor"", ""pointer"", ""tensor_descriptor"", ""tensor_descriptor""], ""atomic_indexing"": [], ""pid_type"": ""flat""}","{""arg0_ndim"": 2, ""arg0_dim0"": 8192, ""arg0_dim1"": 8192, ""arg0_numel"": 67108864, ""arg0_dtype"": ""torch.bfloat16"", ""arg0_dtype_size"": 2, ""arg0_dtype_cat"": 2, ""arg1_ndim"": 1, ""arg1_dim0"": 8192, ""arg1_numel"": 8192, ""arg1_dtype"": ""torch.bfloat16"", ""arg1_dtype_size"": 2, ""arg1_dtype_cat"": 2}",0.05532800033688545
rms_norm,4e1d5b2004f8ec94,816644cab655d611,"{""block_sizes"": [2], ""reduction_loops"": [2048], ""range_unroll_factors"": [0], ""range_warp_specializes"": [null], ""range_num_stages"": [0], ""range_multi_buffers"": [null], ""range_flattens"": [null], ""load_eviction_policies"": ["""", ""first"", ""last"", ""last"", """"], ""num_warps"": 8, ""num_stages"": 3, ""indexing"": [""pointer"", ""tensor_descriptor"", ""tensor_descriptor"", ""pointer"", ""tensor_descriptor"", ""pointer"", ""tensor_descriptor""], ""atomic_indexing"": [], ""pid_type"": ""flat""}","{""arg0_ndim"": 2, ""arg0_dim0"": 8192, ""arg0_dim1"": 8192, ""arg0_numel"": 67108864, ""arg0_dtype"": ""torch.bfloat16"", ""arg0_dtype_size"": 2, ""arg0_dtype_cat"": 2, ""arg1_ndim"": 1, ""arg1_dim0"": 8192, ""arg1_numel"": 8192, ""arg1_dtype"": ""torch.bfloat16"", ""arg1_dtype_size"": 2, ""arg1_dtype_cat"": 2}",0.053279999643564224
rms_norm,4e1d5b2004f8ec94,3abfa9907ca4fa3a,"{""block_sizes"": [1], ""reduction_loops"": [null], ""range_unroll_factors"": [0], ""range_warp_specializes"": [null], ""range_num_stages"": [0], ""range_multi_buffers"": [null], ""range_flattens"": [null], ""load_eviction_policies"": ["""", ""last"", ""last"", """", """"], ""num_warps"": 4, ""num_stages"": 2, ""indexing"": [""pointer"", ""pointer"", ""pointer"", ""tensor_descriptor"", ""pointer"", ""tensor_descriptor"", ""pointer""], ""atomic_indexing"": [], ""pid_type"": ""flat""}","{""arg0_ndim"": 2, ""arg0_dim0"": 8192, ""arg0_dim1"": 8192, ""arg0_numel"": 67108864, ""arg0_dtype"": ""torch.bfloat16"", ""arg0_dtype_size"": 2, ""arg0_dtype_cat"": 2, ""arg1_ndim"": 1, ""arg1_dim0"": 8192, ""arg1_numel"": 8192, ""arg1_dtype"": ""torch.bfloat16"", ""arg1_dtype_size"": 2, ""arg1_dtype_cat"": 2}",0.055296000093221664
rms_norm,4e1d5b2004f8ec94,87b2f26661fd2925,"{""block_sizes"": [1], ""reduction_loops"": [null], ""range_unroll_factors"": [0], ""range_warp_specializes"": [null], ""range_num_stages"": [0], ""range_multi_buffers"": [null], ""range_flattens"": [null], ""load_eviction_policies"": ["""", ""last"", ""last"", ""first"", """"], ""num_warps"": 8, ""num_stages"": 2, ""indexing"": [""tensor_descriptor"", ""tensor_descriptor"", ""tensor_descriptor"", ""tensor_descriptor"", ""pointer"", ""pointer"", ""tensor_descriptor""], ""atomic_indexing"": [], ""pid_type"": ""flat""}","{""arg0_ndim"": 2, ""arg0_dim0"": 8192, ""arg0_dim1"": 8192, ""arg0_numel"": 67108864, ""arg0_dtype"": ""torch.bfloat16"", ""arg0_dtype_size"": 2, ""arg0_dtype_cat"": 2, ""arg1_ndim"": 1, ""arg1_dim0"": 8192, ""arg1_numel"": 8192, ""arg1_dtype"": ""torch.bfloat16"", ""arg1_dtype_size"": 2, ""arg1_dtype_cat"": 2}",0.04915200173854828
rms_norm,4e1d5b2004f8ec94,7c1f654402c9dd7f,"{""block_sizes"": [1], ""reduction_loops"": [1024], ""range_unroll_factors"": [0], ""range_warp_specializes"": [null], ""range_num_stages"": [0], ""range_multi_buffers"": [null], ""range_flattens"": [null], ""load_eviction_policies"": ["""", ""first"", """", ""last"", ""first""], ""num_warps"": 4, ""num_stages"": 3, ""indexing"": [""pointer"", ""tensor_descriptor"", ""tensor_descriptor"", ""tensor_descriptor"", ""tensor_descriptor"", ""pointer"", ""pointer""], ""atomic_indexing"": [], ""pid_type"": ""flat""}","{""arg0_ndim"": 2, ""arg0_dim0"": 8192, ""arg0_dim1"": 8192, ""arg0_numel"": 67108864, ""arg0_dtype"": ""torch.bfloat16"", ""arg0_dtype_size"": 2, ""arg0_dtype_cat"": 2, ""arg1_ndim"": 1, ""arg1_dim0"": 8192, ""arg1_numel"": 8192, ""arg1_dtype"": ""torch.bfloat16"", ""arg1_dtype_size"": 2, ""arg1_dtype_cat"": 2}",0.053279999643564224
rms_norm,4e1d5b2004f8ec94,306f51b1d2d06f98,"{""block_sizes"": [1], ""reduction_loops"": [1024], ""range_unroll_factors"": [0], ""range_warp_specializes"": [null], ""range_num_stages"": [0], ""range_multi_buffers"": [null], ""range_flattens"": [null], ""load_eviction_policies"": ["""", ""first"", """", """", ""last""], ""num_warps"": 4, ""num_stages"": 5, ""indexing"": [""pointer"", ""tensor_descriptor"", ""tensor_descriptor"", ""pointer"", ""pointer"", ""tensor_descriptor"", ""tensor_descriptor""], ""atomic_indexing"": [], ""pid_type"": ""flat""}","{""arg0_ndim"": 2, ""arg0_dim0"": 8192, ""arg0_dim1"": 8192, ""arg0_numel"": 67108864, ""arg0_dtype"": ""torch.bfloat16"", ""arg0_dtype_size"": 2, ""arg0_dtype_cat"": 2, ""arg1_ndim"": 1, ""arg1_dim0"": 8192, ""arg1_numel"": 8192, ""arg1_dtype"": ""torch.bfloat16"", ""arg1_dtype_size"": 2, ""arg1_dtype_cat"": 2}",0.053247999399900436
rms_norm,4e1d5b2004f8ec94,5c295017bd009288,"{""block_sizes"": [1], ""reduction_loops"": [null], ""range_unroll_factors"": [0], ""range_warp_specializes"": [null], ""range_num_stages"": [0], ""range_multi_buffers"": [null], ""range_flattens"": [null], ""load_eviction_policies"": [""first"", """", ""last"", """", ""last""], ""num_warps"": 16, ""num_stages"": 4, ""indexing"": [""tensor_descriptor"", ""pointer"", ""tensor_descriptor"", ""pointer"", ""pointer"", ""pointer"", ""pointer""], ""atomic_indexing"": [], ""pid_type"": ""flat""}","{""arg0_ndim"": 2, ""arg0_dim0"": 8192, ""arg0_dim1"": 8192, ""arg0_numel"": 67108864, ""arg0_dtype"": ""torch.bfloat16"", ""arg0_dtype_size"": 2, ""arg0_dtype_cat"": 2, ""arg1_ndim"": 1, ""arg1_dim0"": 8192, ""arg1_numel"": 8192, ""arg1_dtype"": ""torch.bfloat16"", ""arg1_dtype_size"": 2, ""arg1_dtype_cat"": 2}",0.04710400104522705
rms_norm,4e1d5b2004f8ec94,9615e7b2fea5ec90,"{""block_sizes"": [1], ""reduction_loops"": [2048], ""range_unroll_factors"": [0], ""range_warp_specializes"": [null], ""range_num_stages"": [0], ""range_multi_buffers"": [null], ""range_flattens"": [null], ""load_eviction_policies"": ["""", ""first"", ""last"", ""first"", ""last""], ""num_warps"": 8, ""num_stages"": 8, ""indexing"": [""pointer"", ""pointer"", ""pointer"", ""tensor_descriptor"", ""pointer"", ""tensor_descriptor"", ""pointer""], ""atomic_indexing"": [], ""pid_type"": ""flat""}","{""arg0_ndim"": 2, ""arg0_dim0"": 8192, ""arg0_dim1"": 8192, ""arg0_numel"": 67108864, ""arg0_dtype"": ""torch.bfloat16"", ""arg0_dtype_size"": 2, ""arg0_dtype_cat"": 2, ""arg1_ndim"": 1, ""arg1_dim0"": 8192, ""arg1_numel"": 8192, ""arg1_dtype"": ""torch.bfloat16"", ""arg1_dtype_size"": 2, ""arg1_dtype_cat"": 2}",0.053247999399900436
rms_norm,4e1d5b2004f8ec94,ef0576b1337868e5,"{""block_sizes"": [1], ""reduction_loops"": [null], ""range_unroll_factors"": [0], ""range_warp_specializes"": [null], ""range_num_stages"": [0], ""range_multi_buffers"": [null], ""range_flattens"": [null], ""load_eviction_policies"": ["""", """", ""last"", """", ""last""], ""num_warps"": 8, ""num_stages"": 6, ""indexing"": [""tensor_descriptor"", ""pointer"", ""pointer"", ""pointer"", ""pointer"", ""tensor_descriptor"", ""tensor_descriptor""], ""atomic_indexing"": [], ""pid_type"": ""flat""}","{""arg0_ndim"": 2, ""arg0_dim0"": 8192, ""arg0_dim1"": 8192, ""arg0_numel"": 67108864, ""arg0_dtype"": ""torch.bfloat16"", ""arg0_dtype_size"": 2, ""arg0_dtype_cat"": 2, ""arg1_ndim"": 1, ""arg1_dim0"": 8192, ""arg1_numel"": 8192, ""arg1_dtype"": ""torch.bfloat16"", ""arg1_dtype_size"": 2, ""arg1_dtype_cat"": 2}",0.04915200173854828
rms_norm,4e1d5b2004f8ec94,11bb6dfa80985863,"{""block_sizes"": [1], ""reduction_loops"": [null], ""range_unroll_factors"": [0], ""range_warp_specializes"": [null], ""range_num_stages"": [0], ""range_multi_buffers"": [null], ""range_flattens"": [null], ""load_eviction_policies"": [""first"", """", ""last"", """", """"], ""num_warps"": 16, ""num_stages"": 2, ""indexing"": [""tensor_descriptor"", ""pointer"", ""pointer"", ""pointer"", ""tensor_descriptor"", ""tensor_descriptor"", ""pointer""], ""atomic_indexing"": [], ""pid_type"": ""flat""}","{""arg0_ndim"": 2, ""arg0_dim0"": 8192, ""arg0_dim1"": 8192, ""arg0_numel"": 67108864, ""arg0_dtype"": ""torch.bfloat16"", ""arg0_dtype_size"": 2, ""arg0_dtype_cat"": 2, ""arg1_ndim"": 1, ""arg1_dim0"": 8192, ""arg1_numel"": 8192, ""arg1_dtype"": ""torch.bfloat16"", ""arg1_dtype_size"": 2, ""arg1_dtype_cat"": 2}",0.04710400104522705
rms_norm,4e1d5b2004f8ec94,964bbd2b95871270,"{""block_sizes"": [1], ""reduction_loops"": [null], ""range_unroll_factors"": [0], ""range_warp_specializes"": [null], ""range_num_stages"": [0], ""range_multi_buffers"": [null], ""range_flattens"": [null], ""load_eviction_policies"": ["""", """", """", ""first"", """"], ""num_warps"": 8, ""num_stages"": 6, ""indexing"": [""pointer"", ""tensor_descriptor"", ""tensor_descriptor"", ""tensor_descriptor"", ""pointer"", ""tensor_descriptor"", ""tensor_descriptor""], ""atomic_indexing"": [], ""pid_type"": ""flat""}","{""arg0_ndim"": 2, ""arg0_dim0"": 8192, ""arg0_dim1"": 8192, ""arg0_numel"": 67108864, ""arg0_dtype"": ""torch.bfloat16"", ""arg0_dtype_size"": 2, ""arg0_dtype_cat"": 2, ""arg1_ndim"": 1, ""arg1_dim0"": 8192, ""arg1_numel"": 8192, ""arg1_dtype"": ""torch.bfloat16"", ""arg1_dtype_size"": 2, ""arg1_dtype_cat"": 2}",0.04915200173854828
rms_norm,4e1d5b2004f8ec94,a0bad60454a64a49,"{""block_sizes"": [1], ""reduction_loops"": [null], ""range_unroll_factors"": [0], ""range_warp_specializes"": [null], ""range_num_stages"": [0], ""range_multi_buffers"": [null], ""range_flattens"": [null], ""load_eviction_policies"": [""first"", ""last"", ""last"", """", ""last""], ""num_warps"": 16, ""num_stages"": 4, ""indexing"": [""pointer"", ""tensor_descriptor"", ""pointer"", ""pointer"", ""pointer"", ""pointer"", ""pointer""], ""atomic_indexing"": [], ""pid_type"": ""flat""}","{""arg0_ndim"": 2, ""arg0_dim0"": 8192, ""arg0_dim1"": 8192, ""arg0_numel"": 67108864, ""arg0_dtype"": ""torch.bfloat16"", ""arg0_dtype_size"": 2, ""arg0_dtype_cat"": 2, ""arg1_ndim"": 1, ""arg1_dim0"": 8192, ""arg1_numel"": 8192, ""arg1_dtype"": ""torch.bfloat16"", ""arg1_dtype_size"": 2, ""arg1_dtype_cat"": 2}",0.04710400104522705
rms_norm,4e1d5b2004f8ec94,45b47d2b716e8754,"{""block_sizes"": [4], ""reduction_loops"": [null], ""range_unroll_factors"": [0], ""range_warp_specializes"": [null], ""range_num_stages"": [0], ""range_multi_buffers"": [null], ""range_flattens"": [null], ""load_eviction_policies"": [""first"", """", """", ""last"", ""last""], ""num_warps"": 2, ""num_stages"": 5, ""indexing"": [""pointer"", ""tensor_descriptor"", ""tensor_descriptor"", ""tensor_descriptor"", ""tensor_descriptor"", ""pointer"", ""pointer""], ""atomic_indexing"": [], ""pid_type"": ""flat""}","{""arg0_ndim"": 2, ""arg0_dim0"": 8192, ""arg0_dim1"": 8192, ""arg0_numel"": 67108864, ""arg0_dtype"": ""torch.bfloat16"", ""arg0_dtype_size"": 2, ""arg0_dtype_cat"": 2, ""arg1_ndim"": 1, ""arg1_dim0"": 8192, ""arg1_numel"": 8192, ""arg1_dtype"": ""torch.bfloat16"", ""arg1_dtype_size"": 2, ""arg1_dtype_cat"": 2}",0.4322560131549835
rms_norm,4e1d5b2004f8ec94,0e08e3ec9a7b2c1e,"{""block_sizes"": [4], ""reduction_loops"": [null], ""range_unroll_factors"": [0], ""range_warp_specializes"": [null], ""range_num_stages"": [0], ""range_multi_buffers"": [null], ""range_flattens"": [null], ""load_eviction_policies"": [""first"", ""last"", """", ""first"", """"], ""num_warps"": 2, ""num_stages"": 3, ""indexing"": [""pointer"", ""tensor_descriptor"", ""pointer"", ""tensor_descriptor"", ""tensor_descriptor"", ""tensor_descriptor"", ""tensor_descriptor""], ""atomic_indexing"": [], ""pid_type"": ""flat""}","{""arg0_ndim"": 2, ""arg0_dim0"": 8192, ""arg0_dim1"": 8192, ""arg0_numel"": 67108864, ""arg0_dtype"": ""torch.bfloat16"", ""arg0_dtype_size"": 2, ""arg0_dtype_cat"": 2, ""arg1_ndim"": 1, ""arg1_dim0"": 8192, ""arg1_numel"": 8192, ""arg1_dtype"": ""torch.bfloat16"", ""arg1_dtype_size"": 2, ""arg1_dtype_cat"": 2}",0.5354399979114532
rms_norm,4e1d5b2004f8ec94,a3c8f5854ffdaebc,"{""block_sizes"": [16], ""reduction_loops"": [null], ""range_unroll_factors"": [0], ""range_warp_specializes"": [null], ""range_num_stages"": [0], ""range_multi_buffers"": [null], ""range_flattens"": [null], ""load_eviction_policies"": ["""", """", ""first"", """", ""last""], ""num_warps"": 4, ""num_stages"": 5, ""indexing"": [""pointer"", ""pointer"", ""pointer"", ""pointer"", ""pointer"", ""pointer"", ""pointer""], ""atomic_indexing"": [], ""pid_type"": ""flat""}","{""arg0_ndim"": 2, ""arg0_dim0"": 8192, ""arg0_dim1"": 8192, ""arg0_numel"": 67108864, ""arg0_dtype"": ""torch.bfloat16"", ""arg0_dtype_size"": 2, ""arg0_dtype_cat"": 2, ""arg1_ndim"": 1, ""arg1_dim0"": 8192, ""arg1_numel"": 8192, ""arg1_dtype"": ""torch.bfloat16"", ""arg1_dtype_size"": 2, ""arg1_dtype_cat"": 2}",0.6236159801483154
rms_norm,4e1d5b2004f8ec94,df5f9e1409cfd8bd,"{""block_sizes"": [16], ""reduction_loops"": [null], ""range_unroll_factors"": [0], ""range_warp_specializes"": [null], ""range_num_stages"": [0], ""range_multi_buffers"": [null], ""range_flattens"": [null], ""load_eviction_policies"": ["""", """", ""last"", """", ""first""], ""num_warps"": 4, ""num_stages"": 1, ""indexing"": [""pointer"", ""pointer"", ""pointer"", ""pointer"", ""pointer"", ""tensor_descriptor"", ""tensor_descriptor""], ""atomic_indexing"": [], ""pid_type"": ""flat""}","{""arg0_ndim"": 2, ""arg0_dim0"": 8192, ""arg0_dim1"": 8192, ""arg0_numel"": 67108864, ""arg0_dtype"": ""torch.bfloat16"", ""arg0_dtype_size"": 2, ""arg0_dtype_cat"": 2, ""arg1_ndim"": 1, ""arg1_dim0"": 8192, ""arg1_numel"": 8192, ""arg1_dtype"": ""torch.bfloat16"", ""arg1_dtype_size"": 2, ""arg1_dtype_cat"": 2}",0.622655987739563
rms_norm,c61af1a1e121544a,24745e38d713c198,"{""block_sizes"": [2], ""reduction_loops"": [null], ""range_unroll_factors"": [0], ""range_warp_specializes"": [null], ""range_num_stages"": [0], ""range_multi_buffers"": [null], ""range_flattens"": [null], ""load_eviction_policies"": [""last"", ""first"", ""first"", """", """"], ""num_warps"": 4, ""num_stages"": 6, ""indexing"": [""pointer"", ""pointer"", ""pointer"", ""tensor_descriptor"", ""tensor_descriptor"", ""pointer"", ""pointer""], ""atomic_indexing"": [], ""pid_type"": ""flat""}","{""arg0_ndim"": 2, ""arg0_dim0"": 16384, ""arg0_dim1"": 4096, ""arg0_numel"": 67108864, ""arg0_dtype"": ""torch.bfloat16"", ""arg0_dtype_size"": 2, ""arg0_dtype_cat"": 2, ""arg1_ndim"": 1, ""arg1_dim0"": 4096, ""arg1_numel"": 4096, ""arg1_dtype"": ""torch.bfloat16"", ""arg1_dtype_size"": 2, ""arg1_dtype_cat"": 2}",0.04927999898791313
rms_norm,c61af1a1e121544a,180c35ef192d14f2,"{""block_sizes"": [2], ""reduction_loops"": [null], ""range_unroll_factors"": [0], ""range_warp_specializes"": [null], ""range_num_stages"": [0], ""range_multi_buffers"": [null], ""range_flattens"": [null], ""load_eviction_policies"": ["""", """", ""last"", """", """"], ""num_warps"": 1, ""num_stages"": 2, ""indexing"": [""pointer"", ""pointer"", ""pointer"", ""pointer"", ""pointer"", ""pointer"", ""pointer""], ""atomic_indexing"": [], ""pid_type"": ""flat""}","{""arg0_ndim"": 2, ""arg0_dim0"": 16384, ""arg0_dim1"": 4096, ""arg0_numel"": 67108864, ""arg0_dtype"": ""torch.bfloat16"", ""arg0_dtype_size"": 2, ""arg0_dtype_cat"": 2, ""arg1_ndim"": 1, ""arg1_dim0"": 4096, ""arg1_numel"": 4096, ""arg1_dtype"": ""torch.bfloat16"", ""arg1_dtype_size"": 2, ""arg1_dtype_cat"": 2}",0.07171200215816498
rms_norm,c61af1a1e121544a,7bfccb3790afd320,"{""block_sizes"": [2], ""reduction_loops"": [2048], ""range_unroll_factors"": [0], ""range_warp_specializes"": [null], ""range_num_stages"": [0], ""range_multi_buffers"": [null], ""range_flattens"": [null], ""load_eviction_policies"": [""last"", """", ""last"", """", """"], ""num_warps"": 8, ""num_stages"": 1, ""indexing"": [""pointer"", ""pointer"", ""pointer"", ""tensor_descriptor"", ""pointer"", ""tensor_descriptor"", ""tensor_descriptor""], ""atomic_indexing"": [], ""pid_type"": ""flat""}","{""arg0_ndim"": 2, ""arg0_dim0"": 16384, ""arg0_dim1"": 4096, ""arg0_numel"": 67108864, ""arg0_dtype"": ""torch.bfloat16"", ""arg0_dtype_size"": 2, ""arg0_dtype_cat"": 2, ""arg1_ndim"": 1, ""arg1_dim0"": 4096, ""arg1_numel"": 4096, ""arg1_dtype"": ""torch.bfloat16"", ""arg1_dtype_size"": 2, ""arg1_dtype_cat"": 2}",0.053279999643564224
rms_norm,c61af1a1e121544a,b700865abbecc460,"{""block_sizes"": [1], ""reduction_loops"": [null], ""range_unroll_factors"": [0], ""range_warp_specializes"": [null], ""range_num_stages"": [0], ""range_multi_buffers"": [null], ""range_flattens"": [null], ""load_eviction_policies"": [""first"", """", ""last"", ""last"", """"], ""num_warps"": 16, ""num_stages"": 1, ""indexing"": [""tensor_descriptor"", ""tensor_descriptor"", ""pointer"", ""tensor_descriptor"", ""tensor_descriptor"", ""pointer"", ""tensor_descriptor""], ""atomic_indexing"": [], ""pid_type"": ""flat""}","{""arg0_ndim"": 2, ""arg0_dim0"": 16384, ""arg0_dim1"": 4096, ""arg0_numel"": 67108864, ""arg0_dtype"": ""torch.bfloat16"", ""arg0_dtype_size"": 2, ""arg0_dtype_cat"": 2, ""arg1_ndim"": 1, ""arg1_dim0"": 4096, ""arg1_numel"": 4096, ""arg1_dtype"": ""torch.bfloat16"", ""arg1_dtype_size"": 2, ""arg1_dtype_cat"": 2}",0.06022400036454201
rms_norm,c61af1a1e121544a,73a4bcfe84591dcd,"{""block_sizes"": [1], ""reduction_loops"": [8192], ""range_unroll_factors"": [0], ""range_warp_specializes"": [null], ""range_num_stages"": [0], ""range_multi_buffers"": [null], ""range_flattens"": [null], ""load_eviction_policies"": ["""", """", """", """", """"], ""num_warps"": 8, ""num_stages"": 4, ""indexing"": [""pointer"", ""pointer"", ""tensor_descriptor"", ""pointer"", ""pointer"", ""tensor_descriptor"", ""tensor_descriptor""], ""atomic_indexing"": [], ""pid_type"": ""flat""}","{""arg0_ndim"": 2, ""arg0_dim0"": 16384, ""arg0_dim1"": 4096, ""arg0_numel"": 67108864, ""arg0_dtype"": ""torch.bfloat16"", ""arg0_dtype_size"": 2, ""arg0_dtype_cat"": 2, ""arg1_ndim"": 1, ""arg1_dim0"": 4096, ""arg1_numel"": 4096, ""arg1_dtype"": ""torch.bfloat16"", ""arg1_dtype_size"": 2, ""arg1_dtype_cat"": 2}",0.07785599678754807
rms_norm,c61af1a1e121544a,6d53c3602b79725b,"{""block_sizes"": [1], ""reduction_loops"": [8192], ""range_unroll_factors"": [0], ""range_warp_specializes"": [null], ""range_num_stages"": [0], ""range_multi_buffers"": [null], ""range_flattens"": [null], ""load_eviction_policies"": ["""", ""first"", ""last"", """", """"], ""num_warps"": 8, ""num_stages"": 3, ""indexing"": [""pointer"", ""tensor_descriptor"", ""pointer"", ""pointer"", ""pointer"", ""tensor_descriptor"", ""pointer""], ""atomic_indexing"": [], ""pid_type"": ""flat""}","{""arg0_ndim"": 2, ""arg0_dim0"": 16384, ""arg0_dim1"": 4096, ""arg0_numel"": 67108864, ""arg0_dtype"": ""torch.bfloat16"", ""arg0_dtype_size"": 2, ""arg0_dtype_cat"": 2, ""arg1_ndim"": 1, ""arg1_dim0"": 4096, ""arg1_numel"": 4096, ""arg1_dtype"": ""torch.bfloat16"", ""arg1_dtype_size"": 2, ""arg1_dtype_cat"": 2}",0.0798719972372055
rms_norm,c61af1a1e121544a,ce65586612391f94,"{""block_sizes"": [32], ""reduction_loops"": [null], ""range_unroll_factors"": [0], ""range_warp_specializes"": [null], ""range_num_stages"": [0], ""range_multi_buffers"": [null], ""range_flattens"": [null], ""load_eviction_policies"": ["""", """", """", """", """"], ""num_warps"": 4, ""num_stages"": 1, ""indexing"": [""pointer"", ""pointer"", ""pointer"", ""pointer"", ""pointer"", ""pointer"", ""pointer""], ""atomic_indexing"": [], ""pid_type"": ""flat""}","{""arg0_ndim"": 2, ""arg0_dim0"": 16384, ""arg0_dim1"": 4096, ""arg0_numel"": 67108864, ""arg0_dtype"": ""torch.bfloat16"", ""arg0_dtype_size"": 2, ""arg0_dtype_cat"": 2, ""arg1_ndim"": 1, ""arg1_dim0"": 4096, ""arg1_numel"": 4096, ""arg1_dtype"": ""torch.bfloat16"", ""arg1_dtype_size"": 2, ""arg1_dtype_cat"": 2}",0.6041600108146667
rms_norm,c61af1a1e121544a,fa68d1735ed55be8,"{""block_sizes"": [16], ""reduction_loops"": [null], ""range_unroll_factors"": [1], ""range_warp_specializes"": [null], ""range_num_stages"": [2], ""range_multi_buffers"": [null], ""range_flattens"": [null], ""load_eviction_policies"": [""first"", ""last"", ""last"", """", ""last""], ""num_warps"": 16, ""num_stages"": 8, ""indexing"": [""tensor_descriptor"", ""pointer"", ""tensor_descriptor"", ""pointer"", ""pointer"", ""pointer"", ""pointer""], ""atomic_indexing"": [], ""pid_type"": ""persistent_interleaved"", ""num_sm_multiplier"": 1}","{""arg0_ndim"": 2, ""arg0_dim0"": 16384, ""arg0_dim1"": 4096, ""arg0_numel"": 67108864, ""arg0_dtype"": ""torch.bfloat16"", ""arg0_dtype_size"": 2, ""arg0_dtype_cat"": 2, ""arg1_ndim"": 1, ""arg1_dim0"": 4096, ""arg1_numel"": 4096, ""arg1_dtype"": ""torch.bfloat16"", ""arg1_dtype_size"": 2, ""arg1_dtype_cat"": 2}",0.06163199990987778
rms_norm,c61af1a1e121544a,1979210a312b6290,"{""block_sizes"": [16], ""reduction_loops"": [256], ""range_unroll_factors"": [0], ""range_warp_specializes"": [null], ""range_num_stages"": [0], ""range_multi_buffers"": [null], ""range_flattens"": [null], ""load_eviction_policies"": [""first"", """", ""last"", ""last"", """"], ""num_warps"": 16, ""num_stages"": 4, ""indexing"": [""tensor_descriptor"", ""tensor_descriptor"", ""tensor_descriptor"", ""tensor_descriptor"", ""tensor_descriptor"", ""tensor_descriptor"", ""tensor_descriptor""], ""atomic_indexing"": [], ""pid_type"": ""flat""}","{""arg0_ndim"": 2, ""arg0_dim0"": 16384, ""arg0_dim1"": 4096, ""arg0_numel"": 67108864, ""arg0_dtype"": ""torch.bfloat16"", ""arg0_dtype_size"": 2, ""arg0_dtype_cat"": 2, ""arg1_ndim"": 1, ""arg1_dim0"": 4096, ""arg1_numel"": 4096, ""arg1_dtype"": ""torch.bfloat16"", ""arg1_dtype_size"": 2, ""arg1_dtype_cat"": 2}",0.07174400240182877
rms_norm,c61af1a1e121544a,832d9cc41c9b5249,"{""block_sizes"": [2], ""reduction_loops"": [null], ""range_unroll_factors"": [0], ""range_warp_specializes"": [null], ""range_num_stages"": [0], ""range_multi_buffers"": [null], ""range_flattens"": [null], ""load_eviction_policies"": [""first"", ""last"", ""first"", ""first"", ""last""], ""num_warps"": 1, ""num_stages"": 8, ""indexing"": [""pointer"", ""pointer"", ""tensor_descriptor"", ""pointer"", ""pointer"", ""tensor_descriptor"", ""pointer""], ""atomic_indexing"": [], ""pid_type"": ""flat""}","{""arg0_ndim"": 2, ""arg0_dim0"": 16384, ""arg0_dim1"": 4096, ""arg0_numel"": 67108864, ""arg0_dtype"": ""torch.bfloat16"", ""arg0_dtype_size"": 2, ""arg0_dtype_cat"": 2, ""arg1_ndim"": 1, ""arg1_dim0"": 4096, ""arg1_numel"": 4096, ""arg1_dtype"": ""torch.bfloat16"", ""arg1_dtype_size"": 2, ""arg1_dtype_cat"": 2}",0.07360000163316727
rms_norm,c61af1a1e121544a,5f3510d018a1da2c,"{""block_sizes"": [2], ""reduction_loops"": [null], ""range_unroll_factors"": [0], ""range_warp_specializes"": [null], ""range_num_stages"": [0], ""range_multi_buffers"": [null], ""range_flattens"": [null], ""load_eviction_policies"": ["""", """", ""first"", """", """"], ""num_warps"": 1, ""num_stages"": 1, ""indexing"": [""pointer"", ""pointer"", ""tensor_descriptor"", ""tensor_descriptor"", ""pointer"", ""pointer"", ""pointer""], ""atomic_indexing"": [], ""pid_type"": ""flat""}","{""arg0_ndim"": 2, ""arg0_dim0"": 16384, ""arg0_dim1"": 4096, ""arg0_numel"": 67108864, ""arg0_dtype"": ""torch.bfloat16"", ""arg0_dtype_size"": 2, ""arg0_dtype_cat"": 2, ""arg1_ndim"": 1, ""arg1_dim0"": 4096, ""arg1_numel"": 4096, ""arg1_dtype"": ""torch.bfloat16"", ""arg1_dtype_size"": 2, ""arg1_dtype_cat"": 2}",0.07171200215816498
rms_norm,c61af1a1e121544a,c6373fe598a919dd,"{""block_sizes"": [8], ""reduction_loops"": [null], ""range_unroll_factors"": [0], ""range_warp_specializes"": [null], ""range_num_stages"": [0], ""range_multi_buffers"": [null], ""range_flattens"": [null], ""load_eviction_policies"": ["""", """", ""first"", """", """"], ""num_warps"": 16, ""num_stages"": 6, ""indexing"": [""pointer"", ""pointer"", ""pointer"", ""tensor_descriptor"", ""pointer"", ""pointer"", ""pointer""], ""atomic_indexing"": [], ""pid_type"": ""flat""}","{""arg0_ndim"": 2, ""arg0_dim0"": 16384, ""arg0_dim1"": 4096, ""arg0_numel"": 67108864, ""arg0_dtype"": ""torch.bfloat16"", ""arg0_dtype_size"": 2, ""arg0_dtype_cat"": 2, ""arg1_ndim"": 1, ""arg1_dim0"": 4096, ""arg1_numel"": 4096, ""arg1_dtype"": ""torch.bfloat16"", ""arg1_dtype_size"": 2, ""arg1_dtype_cat"": 2}",0.0716480016708374
rms_norm,c61af1a1e121544a,482f430b8c9d8e8e,"{""block_sizes"": [2], ""reduction_loops"": [2048], ""range_unroll_factors"": [0], ""range_warp_specializes"": [null], ""range_num_stages"": [0], ""range_multi_buffers"": [null], ""range_flattens"": [null], ""load_eviction_policies"": [""last"", ""first"", ""last"", ""first"", ""first""], ""num_warps"": 2, ""num_stages"": 1, ""indexing"": [""tensor_descriptor"", ""pointer"", ""tensor_descriptor"", ""tensor_descriptor"", ""pointer"", ""tensor_descriptor"", ""tensor_descriptor""], ""atomic_indexing"": [], ""pid_type"": ""flat""}","{""arg0_ndim"": 2, ""arg0_dim0"": 16384, ""arg0_dim1"": 4096, ""arg0_numel"": 67108864, ""arg0_dtype"": ""torch.bfloat16"", ""arg0_dtype_size"": 2, ""arg0_dtype_cat"": 2, ""arg1_ndim"": 1, ""arg1_dim0"": 4096, ""arg1_numel"": 4096, ""arg1_dtype"": ""torch.bfloat16"", ""arg1_dtype_size"": 2, ""arg1_dtype_cat"": 2}",0.053279999643564224
rms_norm,c61af1a1e121544a,816644cab655d611,"{""block_sizes"": [2], ""reduction_loops"": [2048], ""range_unroll_factors"": [0], ""range_warp_specializes"": [null], ""range_num_stages"": [0], ""range_multi_buffers"": [null], ""range_flattens"": [null], ""load_eviction_policies"": ["""", ""first"", ""last"", ""last"", """"], ""num_warps"": 8, ""num_stages"": 3, ""indexing"": [""pointer"", ""tensor_descriptor"", ""tensor_descriptor"", ""pointer"", ""tensor_descriptor"", ""pointer"", ""tensor_descriptor""], ""atomic_indexing"": [], ""pid_type"": ""flat""}","{""arg0_ndim"": 2, ""arg0_dim0"": 16384, ""arg0_dim1"": 4096, ""arg0_numel"": 67108864, ""arg0_dtype"": ""torch.bfloat16"", ""arg0_dtype_size"": 2, ""arg0_dtype_cat"": 2, ""arg1_ndim"": 1, ""arg1_dim0"": 4096, ""arg1_numel"": 4096, ""arg1_dtype"": ""torch.bfloat16"", ""arg1_dtype_size"": 2, ""arg1_dtype_cat"": 2}",0.05344000086188316
rms_norm,c61af1a1e121544a,3abfa9907ca4fa3a,"{""block_sizes"": [1], ""reduction_loops"": [null], ""range_unroll_factors"": [0], ""range_warp_specializes"": [null], ""range_num_stages"": [0], ""range_multi_buffers"": [null], ""range_flattens"": [null], ""load_eviction_policies"": ["""", ""last"", ""last"", """", """"], ""num_warps"": 4, ""num_stages"": 2, ""indexing"": [""pointer"", ""pointer"", ""pointer"", ""tensor_descriptor"", ""pointer"", ""tensor_descriptor"", ""pointer""], ""atomic_indexing"": [], ""pid_type"": ""flat""}","{""arg0_ndim"": 2, ""arg0_dim0"": 16384, ""arg0_dim1"": 4096, ""arg0_numel"": 67108864, ""arg0_dtype"": ""torch.bfloat16"", ""arg0_dtype_size"": 2, ""arg0_dtype_cat"": 2, ""arg1_ndim"": 1, ""arg1_dim0"": 4096, ""arg1_numel"": 4096, ""arg1_dtype"": ""torch.bfloat16"", ""arg1_dtype_size"": 2, ""arg1_dtype_cat"": 2}",0.04710400104522705
rms_norm,c61af1a1e121544a,87b2f26661fd2925,"{""block_sizes"": [1], ""reduction_loops"": [null], ""range_unroll_factors"": [0], ""range_warp_specializes"": [null], ""range_num_stages"": [0], ""range_multi_buffers"": [null], ""range_flattens"": [null], ""load_eviction_policies"": ["""", ""last"", ""last"", ""first"", """"], ""num_warps"": 8, ""num_stages"": 2, ""indexing"": [""tensor_descriptor"", ""tensor_descriptor"", ""tensor_descriptor"", ""tensor_descriptor"", ""pointer"", ""pointer"", ""tensor_descriptor""], ""atomic_indexing"": [], ""pid_type"": ""flat""}","{""arg0_ndim"": 2, ""arg0_dim0"": 16384, ""arg0_dim1"": 4096, ""arg0_numel"": 67108864, ""arg0_dtype"": ""torch.bfloat16"", ""arg0_dtype_size"": 2, ""arg0_dtype_cat"": 2, ""arg1_ndim"": 1, ""arg1_dim0"": 4096, ""arg1_numel"": 4096, ""arg1_dtype"": ""torch.bfloat16"", ""arg1_dtype_size"": 2, ""arg1_dtype_cat"": 2}",0.045152001082897186
rms_norm,c61af1a1e121544a,7c1f654402c9dd7f,"{""block_sizes"": [1], ""reduction_loops"": [1024], ""range_unroll_factors"": [0], ""range_warp_specializes"": [null], ""range_num_stages"": [0], ""range_multi_buffers"": [null], ""range_flattens"": [null], ""load_eviction_policies"": ["""", ""first"", """", ""last"", ""first""], ""num_warps"": 4, ""num_stages"": 3, ""indexing"": [""pointer"", ""tensor_descriptor"", ""tensor_descriptor"", ""tensor_descriptor"", ""tensor_descriptor"", ""pointer"", ""pointer""], ""atomic_indexing"": [], ""pid_type"": ""flat""}","{""arg0_ndim"": 2, ""arg0_dim0"": 16384, ""arg0_dim1"": 4096, ""arg0_numel"": 67108864, ""arg0_dtype"": ""torch.bfloat16"", ""arg0_dtype_size"": 2, ""arg0_dtype_cat"": 2, ""arg1_ndim"": 1, ""arg1_dim0"": 4096, ""arg1_numel"": 4096, ""arg1_dtype"": ""torch.bfloat16"", ""arg1_dtype_size"": 2, ""arg1_dtype_cat"": 2}",0.05004800111055374
rms_norm,c61af1a1e121544a,306f51b1d2d06f98,"{""block_sizes"": [1], ""reduction_loops"": [1024], ""range_unroll_factors"": [0], ""range_warp_specializes"": [null], ""range_num_stages"": [0], ""range_multi_buffers"": [null], ""range_flattens"": [null], ""load_eviction_policies"": ["""", ""first"", """", """", ""last""], ""num_warps"": 4, ""num_stages"": 5, ""indexing"": [""pointer"", ""tensor_descriptor"", ""tensor_descriptor"", ""pointer"", ""pointer"", ""tensor_descriptor"", ""tensor_descriptor""], ""atomic_indexing"": [], ""pid_type"": ""flat""}","{""arg0_ndim"": 2, ""arg0_dim0"": 16384, ""arg0_dim1"": 4096, ""arg0_numel"": 67108864, ""arg0_dtype"": ""torch.bfloat16"", ""arg0_dtype_size"": 2, ""arg0_dtype_cat"": 2, ""arg1_ndim"": 1, ""arg1_dim0"": 4096, ""arg1_numel"": 4096, ""arg1_dtype"": ""torch.bfloat16"", ""arg1_dtype_size"": 2, ""arg1_dtype_cat"": 2}",0.05004800111055374
rms_norm,c61af1a1e121544a,5c295017bd009288,"{""block_sizes"": [1], ""reduction_loops"": [null], ""range_unroll_factors"": [0], ""range_warp_specializes"": [null], ""range_num_stages"": [0], ""range_multi_buffers"": [null], ""range_flattens"": [null], ""load_eviction_policies"": [""first"", """", ""last"", """", ""last""], ""num_warps"": 16, ""num_stages"": 4, ""indexing"": [""tensor_descriptor"", ""pointer"", ""tensor_descriptor"", ""pointer"", ""pointer"", ""pointer"", ""pointer""], ""atomic_indexing"": [], ""pid_type"": ""flat""}","{""arg0_ndim"": 2, ""arg0_dim0"": 16384, ""arg0_dim1"": 4096, ""arg0_numel"": 67108864, ""arg0_dtype"": ""torch.bfloat16"", ""arg0_dtype_size"": 2, ""arg0_dtype_cat"": 2, ""arg1_ndim"": 1, ""arg1_dim0"": 4096, ""arg1_numel"": 4096, ""arg1_dtype"": ""torch.bfloat16"", ""arg1_dtype_size"": 2, ""arg1_dtype_cat"": 2}",0.05951999872922897
rms_norm,c61af1a1e121544a,9615e7b2fea5ec90,"{""block_sizes"": [1], ""reduction_loops"": [2048], ""range_unroll_factors"": [0], ""range_warp_specializes"": [null], ""range_num_stages"": [0], ""range_multi_buffers"": [null], ""range_flattens"": [null], ""load_eviction_policies"": ["""", ""first"", ""last"", ""first"", ""last""], ""num_warps"": 8, ""num_stages"": 8, ""indexing"": [""pointer"", ""pointer"", ""pointer"", ""tensor_descriptor"", ""pointer"", ""tensor_descriptor"", ""pointer""], ""atomic_indexing"": [], ""pid_type"": ""flat""}","{""arg0_ndim"": 2, ""arg0_dim0"": 16384, ""arg0_dim1"": 4096, ""arg0_numel"": 67108864, ""arg0_dtype"": ""torch.bfloat16"", ""arg0_dtype_size"": 2, ""arg0_dtype_cat"": 2, ""arg1_ndim"": 1, ""arg1_dim0"": 4096, ""arg1_numel"": 4096, ""arg1_dtype"": ""torch.bfloat16"", ""arg1_dtype_size"": 2, ""arg1_dtype_cat"": 2}",0.04915200173854828
rms_norm,c61af1a1e121544a,ef0576b1337868e5,"{""block_sizes"": [1], ""reduction_loops"": [null], ""range_unroll_factors"": [0], ""range_warp_specializes"": [null], ""range_num_stages"": [0], ""range_multi_buffers"": [null], ""range_flattens"": [null], ""load_eviction_policies"": ["""", """", ""last"", """", ""last""], ""num_warps"": 8, ""num_stages"": 6, ""indexing"": [""tensor_descriptor"", ""pointer"", ""pointer"", ""pointer"", ""pointer"", ""tensor_descriptor"", ""tensor_descriptor""], ""atomic_indexing"": [], ""pid_type"": ""flat""}","{""arg0_ndim"": 2, ""arg0_dim0"": 16384, ""arg0_dim1"": 4096, ""arg0_numel"": 67108864, ""arg0_dtype"": ""torch.bfloat16"", ""arg0_dtype_size"": 2, ""arg0_dtype_cat"": 2, ""arg1_ndim"": 1, ""arg1_dim0"": 4096, ""arg1_numel"": 4096, ""arg1_dtype"": ""torch.bfloat16"", ""arg1_dtype_size"": 2, ""arg1_dtype_cat"": 2}",0.04710400104522705
rms_norm,c61af1a1e121544a,11bb6dfa80985863,"{""block_sizes"": [1], ""reduction_loops"": [null], ""range_unroll_factors"": [0], ""range_warp_specializes"": [null], ""range_num_stages"": [0], ""range_multi_buffers"": [null], ""range_flattens"": [null], ""load_eviction_policies"": [""first"", """", ""last"", """", """"], ""num_warps"": 16, ""num_stages"": 2, ""indexing"": [""tensor_descriptor"", ""pointer"", ""pointer"", ""pointer"", ""tensor_descriptor"", ""tensor_descriptor"", ""pointer""], ""atomic_indexing"": [], ""pid_type"": ""flat""}","{""arg0_ndim"": 2, ""arg0_dim0"": 16384, ""arg0_dim1"": 4096, ""arg0_numel"": 67108864, ""arg0_dtype"": ""torch.bfloat16"", ""arg0_dtype_size"": 2, ""arg0_dtype_cat"": 2, ""arg1_ndim"": 1, ""arg1_dim0"": 4096, ""arg1_numel"": 4096, ""arg1_dtype"": ""torch.bfloat16"", ""arg1_dtype_size"": 2, ""arg1_dtype_cat"": 2}",0.06019200012087822
rms_norm,c61af1a1e121544a,964bbd2b95871270,"{""block_sizes"": [1], ""reduction_loops"": [null], ""range_unroll_factors"": [0], ""range_warp_specializes"": [null], ""range_num_stages"": [0], ""range_multi_buffers"": [null], ""range_flattens"": [null], ""load_eviction_policies"": ["""", """", """", ""first"", """"], ""num_warps"": 8, ""num_stages"": 6, ""indexing"": [""pointer"", ""tensor_descriptor"", ""tensor_descriptor"", ""tensor_descriptor"", ""pointer"", ""tensor_descriptor"", ""tensor_descriptor""], ""atomic_indexing"": [], ""pid_type"": ""flat""}","{""arg0_ndim"": 2, ""arg0_dim0"": 16384, ""arg0_dim1"": 4096, ""arg0_numel"": 67108864, ""arg0_dtype"": ""torch.bfloat16"", ""arg0_dtype_size"": 2, ""arg0_dtype_cat"": 2, ""arg1_ndim"": 1, ""arg1_dim0"": 4096, ""arg1_numel"": 4096, ""arg1_dtype"": ""torch.bfloat16"", ""arg1_dtype_size"": 2, ""arg1_dtype_cat"": 2}",0.04710400104522705
rms_norm,c61af1a1e121544a,a0bad60454a64a49,"{""block_sizes"": [1], ""reduction_loops"": [null], ""range_unroll_factors"": [0], ""range_warp_specializes"": [null], ""range_num_stages"": [0], ""range_multi_buffers"": [null], ""range_flattens"": [null], ""load_eviction_policies"": [""first"", ""last"", ""last"", """", ""last""], ""num_warps"": 16, ""num_stages"": 4, ""indexing"": [""pointer"", ""tensor_descriptor"", ""pointer"", ""pointer"", ""pointer"", ""pointer"", ""pointer""], ""atomic_indexing"": [], ""pid_type"": ""flat""}","{""arg0_ndim"": 2, ""arg0_dim0"": 16384, ""arg0_dim1"": 4096, ""arg0_numel"": 67108864, ""arg0_dtype"": ""torch.bfloat16"", ""arg0_dtype_size"": 2, ""arg0_dtype_cat"": 2, ""arg1_ndim"": 1, ""arg1_dim0"": 4096, ""arg1_numel"": 4096, ""arg1_dtype"": ""torch.bfloat16"", ""arg1_dtype_size"": 2, ""arg1_dtype_cat"": 2}",0.06140799820423126
rms_norm,c61af1a1e121544a,45b47d2b716e8754,"{""block_sizes"": [4], ""reduction_loops"": [null], ""range_unroll_factors"": [0], ""range_warp_specializes"": [null], ""range_num_stages"": [0], ""range_multi_buffers"": [null], ""range_flattens"": [null], ""load_eviction_policies"": [""first"", """", """", ""last"", ""last""], ""num_warps"": 2, ""num_stages"": 5, ""indexing"": [""pointer"", ""tensor_descriptor"", ""tensor_descriptor"", ""tensor_descriptor"", ""tensor_descriptor"", ""pointer"", ""pointer""], ""atomic_indexing"": [], ""pid_type"": ""flat""}","{""arg0_ndim"": 2, ""arg0_dim0"": 16384, ""arg0_dim1"": 4096, ""arg0_numel"": 67108864, ""arg0_dtype"": ""torch.bfloat16"", ""arg0_dtype_size"": 2, ""arg0_dtype_cat"": 2, ""arg1_ndim"": 1, ""arg1_dim0"": 4096, ""arg1_numel"": 4096, ""arg1_dtype"": ""torch.bfloat16"", ""arg1_dtype_size"": 2, ""arg1_dtype_cat"": 2}",0.059328000992536545
rms_norm,c61af1a1e121544a,0e08e3ec9a7b2c1e,"{""block_sizes"": [4], ""reduction_loops"": [null], ""range_unroll_factors"": [0], ""range_warp_specializes"": [null], ""range_num_stages"": [0], ""range_multi_buffers"": [null], ""range_flattens"": [null], ""load_eviction_policies"": [""first"", ""last"", """", ""first"", """"], ""num_warps"": 2, ""num_stages"": 3, ""indexing"": [""pointer"", ""tensor_descriptor"", ""pointer"", ""tensor_descriptor"", ""tensor_descriptor"", ""tensor_descriptor"", ""tensor_descriptor""], ""atomic_indexing"": [], ""pid_type"": ""flat""}","{""arg0_ndim"": 2, ""arg0_dim0"": 16384, ""arg0_dim1"": 4096, ""arg0_numel"": 67108864, ""arg0_dtype"": ""torch.bfloat16"", ""arg0_dtype_size"": 2, ""arg0_dtype_cat"": 2, ""arg1_ndim"": 1, ""arg1_dim0"": 4096, ""arg1_numel"": 4096, ""arg1_dtype"": ""torch.bfloat16"", ""arg1_dtype_size"": 2, ""arg1_dtype_cat"": 2}",0.057472001761198044
rms_norm,c61af1a1e121544a,a3c8f5854ffdaebc,"{""block_sizes"": [16], ""reduction_loops"": [null], ""range_unroll_factors"": [0], ""range_warp_specializes"": [null], ""range_num_stages"": [0], ""range_multi_buffers"": [null], ""range_flattens"": [null], ""load_eviction_policies"": ["""", """", ""first"", """", ""last""], ""num_warps"": 4, ""num_stages"": 5, ""indexing"": [""pointer"", ""pointer"", ""pointer"", ""pointer"", ""pointer"", ""pointer"", ""pointer""], ""atomic_indexing"": [], ""pid_type"": ""flat""}","{""arg0_ndim"": 2, ""arg0_dim0"": 16384, ""arg0_dim1"": 4096, ""arg0_numel"": 67108864, ""arg0_dtype"": ""torch.bfloat16"", ""arg0_dtype_size"": 2, ""arg0_dtype_cat"": 2, ""arg1_ndim"": 1, ""arg1_dim0"": 4096, ""arg1_numel"": 4096, ""arg1_dtype"": ""torch.bfloat16"", ""arg1_dtype_size"": 2, ""arg1_dtype_cat"": 2}",0.5355200171470642
rms_norm,c61af1a1e121544a,df5f9e1409cfd8bd,"{""block_sizes"": [16], ""reduction_loops"": [null], ""range_unroll_factors"": [0], ""range_warp_specializes"": [null], ""range_num_stages"": [0], ""range_multi_buffers"": [null], ""range_flattens"": [null], ""load_eviction_policies"": ["""", """", ""last"", """", ""first""], ""num_warps"": 4, ""num_stages"": 1, ""indexing"": [""pointer"", ""pointer"", ""pointer"", ""pointer"", ""pointer"", ""tensor_descriptor"", ""tensor_descriptor""], ""atomic_indexing"": [], ""pid_type"": ""flat""}","{""arg0_ndim"": 2, ""arg0_dim0"": 16384, ""arg0_dim1"": 4096, ""arg0_numel"": 67108864, ""arg0_dtype"": ""torch.bfloat16"", ""arg0_dtype_size"": 2, ""arg0_dtype_cat"": 2, ""arg1_ndim"": 1, ""arg1_dim0"": 4096, ""arg1_numel"": 4096, ""arg1_dtype"": ""torch.bfloat16"", ""arg1_dtype_size"": 2, ""arg1_dtype_cat"": 2}",0.5360159873962402
rms_norm,a835256853c9f636,24745e38d713c198,"{""block_sizes"": [2], ""reduction_loops"": [null], ""range_unroll_factors"": [0], ""range_warp_specializes"": [null], ""range_num_stages"": [0], ""range_multi_buffers"": [null], ""range_flattens"": [null], ""load_eviction_policies"": [""last"", ""first"", ""first"", """", """"], ""num_warps"": 4, ""num_stages"": 6, ""indexing"": [""pointer"", ""pointer"", ""pointer"", ""tensor_descriptor"", ""tensor_descriptor"", ""pointer"", ""pointer""], ""atomic_indexing"": [], ""pid_type"": ""flat""}","{""arg0_ndim"": 2, ""arg0_dim0"": 16384, ""arg0_dim1"": 8192, ""arg0_numel"": 134217728, ""arg0_dtype"": ""torch.bfloat16"", ""arg0_dtype_size"": 2, ""arg0_dtype_cat"": 2, ""arg1_ndim"": 1, ""arg1_dim0"": 8192, ""arg1_numel"": 8192, ""arg1_dtype"": ""torch.bfloat16"", ""arg1_dtype_size"": 2, ""arg1_dtype_cat"": 2}",0.1103999987244606
rms_norm,a835256853c9f636,180c35ef192d14f2,"{""block_sizes"": [2], ""reduction_loops"": [null], ""range_unroll_factors"": [0], ""range_warp_specializes"": [null], ""range_num_stages"": [0], ""range_multi_buffers"": [null], ""range_flattens"": [null], ""load_eviction_policies"": ["""", """", ""last"", """", """"], ""num_warps"": 1, ""num_stages"": 2, ""indexing"": [""pointer"", ""pointer"", ""pointer"", ""pointer"", ""pointer"", ""pointer"", ""pointer""], ""atomic_indexing"": [], ""pid_type"": ""flat""}","{""arg0_ndim"": 2, ""arg0_dim0"": 16384, ""arg0_dim1"": 8192, ""arg0_numel"": 134217728, ""arg0_dtype"": ""torch.bfloat16"", ""arg0_dtype_size"": 2, ""arg0_dtype_cat"": 2, ""arg1_ndim"": 1, ""arg1_dim0"": 8192, ""arg1_numel"": 8192, ""arg1_dtype"": ""torch.bfloat16"", ""arg1_dtype_size"": 2, ""arg1_dtype_cat"": 2}",0.6083840131759644
rms_norm,a835256853c9f636,7bfccb3790afd320,"{""block_sizes"": [2], ""reduction_loops"": [2048], ""range_unroll_factors"": [0], ""range_warp_specializes"": [null], ""range_num_stages"": [0], ""range_multi_buffers"": [null], ""range_flattens"": [null], ""load_eviction_policies"": [""last"", """", ""last"", """", """"], ""num_warps"": 8, ""num_stages"": 1, ""indexing"": [""pointer"", ""pointer"", ""pointer"", ""tensor_descriptor"", ""pointer"", ""tensor_descriptor"", ""tensor_descriptor""], ""atomic_indexing"": [], ""pid_type"": ""flat""}","{""arg0_ndim"": 2, ""arg0_dim0"": 16384, ""arg0_dim1"": 8192, ""arg0_numel"": 134217728, ""arg0_dtype"": ""torch.bfloat16"", ""arg0_dtype_size"": 2, ""arg0_dtype_cat"": 2, ""arg1_ndim"": 1, ""arg1_dim0"": 8192, ""arg1_numel"": 8192, ""arg1_dtype"": ""torch.bfloat16"", ""arg1_dtype_size"": 2, ""arg1_dtype_cat"": 2}",0.09628800302743912
rms_norm,a835256853c9f636,b700865abbecc460,"{""block_sizes"": [1], ""reduction_loops"": [null], ""range_unroll_factors"": [0], ""range_warp_specializes"": [null], ""range_num_stages"": [0], ""range_multi_buffers"": [null], ""range_flattens"": [null], ""load_eviction_policies"": [""first"", """", ""last"", ""last"", """"], ""num_warps"": 16, ""num_stages"": 1, ""indexing"": [""tensor_descriptor"", ""tensor_descriptor"", ""pointer"", ""tensor_descriptor"", ""tensor_descriptor"", ""pointer"", ""tensor_descriptor""], ""atomic_indexing"": [], ""pid_type"": ""flat""}","{""arg0_ndim"": 2, ""arg0_dim0"": 16384, ""arg0_dim1"": 8192, ""arg0_numel"": 134217728, ""arg0_dtype"": ""torch.bfloat16"", ""arg0_dtype_size"": 2, ""arg0_dtype_cat"": 2, ""arg1_ndim"": 1, ""arg1_dim0"": 8192, ""arg1_numel"": 8192, ""arg1_dtype"": ""torch.bfloat16"", ""arg1_dtype_size"": 2, ""arg1_dtype_cat"": 2}",0.08604799956083298
rms_norm,a835256853c9f636,73a4bcfe84591dcd,"{""block_sizes"": [1], ""reduction_loops"": [8192], ""range_unroll_factors"": [0], ""range_warp_specializes"": [null], ""range_num_stages"": [0], ""range_multi_buffers"": [null], ""range_flattens"": [null], ""load_eviction_policies"": ["""", """", """", """", """"], ""num_warps"": 8, ""num_stages"": 4, ""indexing"": [""pointer"", ""pointer"", ""tensor_descriptor"", ""pointer"", ""pointer"", ""tensor_descriptor"", ""tensor_descriptor""], ""atomic_indexing"": [], ""pid_type"": ""flat""}","{""arg0_ndim"": 2, ""arg0_dim0"": 16384, ""arg0_dim1"": 8192, ""arg0_numel"": 134217728, ""arg0_dtype"": ""torch.bfloat16"", ""arg0_dtype_size"": 2, ""arg0_dtype_cat"": 2, ""arg1_ndim"": 1, ""arg1_dim0"": 8192, ""arg1_numel"": 8192, ""arg1_dtype"": ""torch.bfloat16"", ""arg1_dtype_size"": 2, ""arg1_dtype_cat"": 2}",0.0942080020904541
rms_norm,a835256853c9f636,6d53c3602b79725b,"{""block_sizes"": [1], ""reduction_loops"": [8192], ""range_unroll_factors"": [0], ""range_warp_specializes"": [null], ""range_num_stages"": [0], ""range_multi_buffers"": [null], ""range_flattens"": [null], ""load_eviction_policies"": ["""", ""first"", ""last"", """", """"], ""num_warps"": 8, ""num_stages"": 3, ""indexing"": [""pointer"", ""tensor_descriptor"", ""pointer"", ""pointer"", ""pointer"", ""tensor_descriptor"", ""pointer""], ""atomic_indexing"": [], ""pid_type"": ""flat""}","{""arg0_ndim"": 2, ""arg0_dim0"": 16384, ""arg0_dim1"": 8192, ""arg0_numel"": 134217728, ""arg0_dtype"": ""torch.bfloat16"", ""arg0_dtype_size"": 2, ""arg0_dtype_cat"": 2, ""arg1_ndim"": 1, ""arg1_dim0"": 8192, ""arg1_numel"": 8192, ""arg1_dtype"": ""torch.bfloat16"", ""arg1_dtype_size"": 2, ""arg1_dtype_cat"": 2}",0.0942080020904541
rms_norm,a835256853c9f636,ce65586612391f94,"{""block_sizes"": [32], ""reduction_loops"": [null], ""range_unroll_factors"": [0], ""range_warp_specializes"": [null], ""range_num_stages"": [0], ""range_multi_buffers"": [null], ""range_flattens"": [null], ""load_eviction_policies"": ["""", """", """", """", """"], ""num_warps"": 4, ""num_stages"": 1, ""indexing"": [""pointer"", ""pointer"", ""pointer"", ""pointer"", ""pointer"", ""pointer"", ""pointer""], ""atomic_indexing"": [], ""pid_type"": ""flat""}","{""arg0_ndim"": 2, ""arg0_dim0"": 16384, ""arg0_dim1"": 8192, ""arg0_numel"": 134217728, ""arg0_dtype"": ""torch.bfloat16"", ""arg0_dtype_size"": 2, ""arg0_dtype_cat"": 2, ""arg1_ndim"": 1, ""arg1_dim0"": 8192, ""arg1_numel"": 8192, ""arg1_dtype"": ""torch.bfloat16"", ""arg1_dtype_size"": 2, ""arg1_dtype_cat"": 2}",1.2749119997024536
rms_norm,a835256853c9f636,fa68d1735ed55be8,"{""block_sizes"": [16], ""reduction_loops"": [null], ""range_unroll_factors"": [1], ""range_warp_specializes"": [null], ""range_num_stages"": [2], ""range_multi_buffers"": [null], ""range_flattens"": [null], ""load_eviction_policies"": [""first"", ""last"", ""last"", """", ""last""], ""num_warps"": 16, ""num_stages"": 8, ""indexing"": [""tensor_descriptor"", ""pointer"", ""tensor_descriptor"", ""pointer"", ""pointer"", ""pointer"", ""pointer""], ""atomic_indexing"": [], ""pid_type"": ""persistent_interleaved"", ""num_sm_multiplier"": 1}","{""arg0_ndim"": 2, ""arg0_dim0"": 16384, ""arg0_dim1"": 8192, ""arg0_numel"": 134217728, ""arg0_dtype"": ""torch.bfloat16"", ""arg0_dtype_size"": 2, ""arg0_dtype_cat"": 2, ""arg1_ndim"": 1, ""arg1_dim0"": 8192, ""arg1_numel"": 8192, ""arg1_dtype"": ""torch.bfloat16"", ""arg1_dtype_size"": 2, ""arg1_dtype_cat"": 2}",0.46492800116539
rms_norm,a835256853c9f636,1979210a312b6290,"{""block_sizes"": [16], ""reduction_loops"": [256], ""range_unroll_factors"": [0], ""range_warp_specializes"": [null], ""range_num_stages"": [0], ""range_multi_buffers"": [null], ""range_flattens"": [null], ""load_eviction_policies"": [""first"", """", ""last"", ""last"", """"], ""num_warps"": 16, ""num_stages"": 4, ""indexing"": [""tensor_descriptor"", ""tensor_descriptor"", ""tensor_descriptor"", ""tensor_descriptor"", ""tensor_descriptor"", ""tensor_descriptor"", ""tensor_descriptor""], ""atomic_indexing"": [], ""pid_type"": ""flat""}","{""arg0_ndim"": 2, ""arg0_dim0"": 16384, ""arg0_dim1"": 8192, ""arg0_numel"": 134217728, ""arg0_dtype"": ""torch.bfloat16"", ""arg0_dtype_size"": 2, ""arg0_dtype_cat"": 2, ""arg1_ndim"": 1, ""arg1_dim0"": 8192, ""arg1_numel"": 8192, ""arg1_dtype"": ""torch.bfloat16"", ""arg1_dtype_size"": 2, ""arg1_dtype_cat"": 2}",0.13529600203037262
rms_norm,a835256853c9f636,832d9cc41c9b5249,"{""block_sizes"": [2], ""reduction_loops"": [null], ""range_unroll_factors"": [0], ""range_warp_specializes"": [null], ""range_num_stages"": [0], ""range_multi_buffers"": [null], ""range_flattens"": [null], ""load_eviction_policies"": [""first"", ""last"", ""first"", ""first"", ""last""], ""num_warps"": 1, ""num_stages"": 8, ""indexing"": [""pointer"", ""pointer"", ""tensor_descriptor"", ""pointer"", ""pointer"", ""tensor_descriptor"", ""pointer""], ""atomic_indexing"": [], ""pid_type"": ""flat""}","{""arg0_ndim"": 2, ""arg0_dim0"": 16384, ""arg0_dim1"": 8192, ""arg0_numel"": 134217728, ""arg0_dtype"": ""torch.bfloat16"", ""arg0_dtype_size"": 2, ""arg0_dtype_cat"": 2, ""arg1_ndim"": 1, ""arg1_dim0"": 8192, ""arg1_numel"": 8192, ""arg1_dtype"": ""torch.bfloat16"", ""arg1_dtype_size"": 2, ""arg1_dtype_cat"": 2}",0.6195200085639954
rms_norm,a835256853c9f636,5f3510d018a1da2c,"{""block_sizes"": [2], ""reduction_loops"": [null], ""range_unroll_factors"": [0], ""range_warp_specializes"": [null], ""range_num_stages"": [0], ""range_multi_buffers"": [null], ""range_flattens"": [null], ""load_eviction_policies"": ["""", """", ""first"", """", """"], ""num_warps"": 1, ""num_stages"": 1, ""indexing"": [""pointer"", ""pointer"", ""tensor_descriptor"", ""tensor_descriptor"", ""pointer"", ""pointer"", ""pointer""], ""atomic_indexing"": [], ""pid_type"": ""flat""}","{""arg0_ndim"": 2, ""arg0_dim0"": 16384, ""arg0_dim1"": 8192, ""arg0_numel"": 134217728, ""arg0_dtype"": ""torch.bfloat16"", ""arg0_dtype_size"": 2, ""arg0_dtype_cat"": 2, ""arg1_ndim"": 1, ""arg1_dim0"": 8192, ""arg1_numel"": 8192, ""arg1_dtype"": ""torch.bfloat16"", ""arg1_dtype_size"": 2, ""arg1_dtype_cat"": 2}",0.6124160289764404
rms_norm,a835256853c9f636,c6373fe598a919dd,"{""block_sizes"": [8], ""reduction_loops"": [null], ""range_unroll_factors"": [0], ""range_warp_specializes"": [null], ""range_num_stages"": [0], ""range_multi_buffers"": [null], ""range_flattens"": [null], ""load_eviction_policies"": ["""", """", ""first"", """", """"], ""num_warps"": 16, ""num_stages"": 6, ""indexing"": [""pointer"", ""pointer"", ""pointer"", ""tensor_descriptor"", ""pointer"", ""pointer"", ""pointer""], ""atomic_indexing"": [], ""pid_type"": ""flat""}","{""arg0_ndim"": 2, ""arg0_dim0"": 16384, ""arg0_dim1"": 8192, ""arg0_numel"": 134217728, ""arg0_dtype"": ""torch.bfloat16"", ""arg0_dtype_size"": 2, ""arg0_dtype_cat"": 2, ""arg1_ndim"": 1, ""arg1_dim0"": 8192, ""arg1_numel"": 8192, ""arg1_dtype"": ""torch.bfloat16"", ""arg1_dtype_size"": 2, ""arg1_dtype_cat"": 2}",0.12697599828243256
rms_norm,a835256853c9f636,482f430b8c9d8e8e,"{""block_sizes"": [2], ""reduction_loops"": [2048], ""range_unroll_factors"": [0], ""range_warp_specializes"": [null], ""range_num_stages"": [0], ""range_multi_buffers"": [null], ""range_flattens"": [null], ""load_eviction_policies"": [""last"", ""first"", ""last"", ""first"", ""first""], ""num_warps"": 2, ""num_stages"": 1, ""indexing"": [""tensor_descriptor"", ""pointer"", ""tensor_descriptor"", ""tensor_descriptor"", ""pointer"", ""tensor_descriptor"", ""tensor_descriptor""], ""atomic_indexing"": [], ""pid_type"": ""flat""}","{""arg0_ndim"": 2, ""arg0_dim0"": 16384, ""arg0_dim1"": 8192, ""arg0_numel"": 134217728, ""arg0_dtype"": ""torch.bfloat16"", ""arg0_dtype_size"": 2, ""arg0_dtype_cat"": 2, ""arg1_ndim"": 1, ""arg1_dim0"": 8192, ""arg1_numel"": 8192, ""arg1_dtype"": ""torch.bfloat16"", ""arg1_dtype_size"": 2, ""arg1_dtype_cat"": 2}",0.10038399696350098
rms_norm,a835256853c9f636,816644cab655d611,"{""block_sizes"": [2], ""reduction_loops"": [2048], ""range_unroll_factors"": [0], ""range_warp_specializes"": [null], ""range_num_stages"": [0], ""range_multi_buffers"": [null], ""range_flattens"": [null], ""load_eviction_policies"": ["""", ""first"", ""last"", ""last"", """"], ""num_warps"": 8, ""num_stages"": 3, ""indexing"": [""pointer"", ""tensor_descriptor"", ""tensor_descriptor"", ""pointer"", ""tensor_descriptor"", ""pointer"", ""tensor_descriptor""], ""atomic_indexing"": [], ""pid_type"": ""flat""}","{""arg0_ndim"": 2, ""arg0_dim0"": 16384, ""arg0_dim1"": 8192, ""arg0_numel"": 134217728, ""arg0_dtype"": ""torch.bfloat16"", ""arg0_dtype_size"": 2, ""arg0_dtype_cat"": 2, ""arg1_ndim"": 1, ""arg1_dim0"": 8192, ""arg1_numel"": 8192, ""arg1_dtype"": ""torch.bfloat16"", ""arg1_dtype_size"": 2, ""arg1_dtype_cat"": 2}",0.09628800302743912
rms_norm,a835256853c9f636,3abfa9907ca4fa3a,"{""block_sizes"": [1], ""reduction_loops"": [null], ""range_unroll_factors"": [0], ""range_warp_specializes"": [null], ""range_num_stages"": [0], ""range_multi_buffers"": [null], ""range_flattens"": [null], ""load_eviction_policies"": ["""", ""last"", ""last"", """", """"], ""num_warps"": 4, ""num_stages"": 2, ""indexing"": [""pointer"", ""pointer"", ""pointer"", ""tensor_descriptor"", ""pointer"", ""tensor_descriptor"", ""pointer""], ""atomic_indexing"": [], ""pid_type"": ""flat""}","{""arg0_ndim"": 2, ""arg0_dim0"": 16384, ""arg0_dim1"": 8192, ""arg0_numel"": 134217728, ""arg0_dtype"": ""torch.bfloat16"", ""arg0_dtype_size"": 2, ""arg0_dtype_cat"": 2, ""arg1_ndim"": 1, ""arg1_dim0"": 8192, ""arg1_numel"": 8192, ""arg1_dtype"": ""torch.bfloat16"", ""arg1_dtype_size"": 2, ""arg1_dtype_cat"": 2}",0.10035199671983719
rms_norm,a835256853c9f636,87b2f26661fd2925,"{""block_sizes"": [1], ""reduction_loops"": [null], ""range_unroll_factors"": [0], ""range_warp_specializes"": [null], ""range_num_stages"": [0], ""range_multi_buffers"": [null], ""range_flattens"": [null], ""load_eviction_policies"": ["""", ""last"", ""last"", ""first"", """"], ""num_warps"": 8, ""num_stages"": 2, ""indexing"": [""tensor_descriptor"", ""tensor_descriptor"", ""tensor_descriptor"", ""tensor_descriptor"", ""pointer"", ""pointer"", ""tensor_descriptor""], ""atomic_indexing"": [], ""pid_type"": ""flat""}","{""arg0_ndim"": 2, ""arg0_dim0"": 16384, ""arg0_dim1"": 8192, ""arg0_numel"": 134217728, ""arg0_dtype"": ""torch.bfloat16"", ""arg0_dtype_size"": 2, ""arg0_dtype_cat"": 2, ""arg1_ndim"": 1, ""arg1_dim0"": 8192, ""arg1_numel"": 8192, ""arg1_dtype"": ""torch.bfloat16"", ""arg1_dtype_size"": 2, ""arg1_dtype_cat"": 2}",0.08806400001049042
rms_norm,a835256853c9f636,7c1f654402c9dd7f,"{""block_sizes"": [1], ""reduction_loops"": [1024], ""range_unroll_factors"": [0], ""range_warp_specializes"": [null], ""range_num_stages"": [0], ""range_multi_buffers"": [null], ""range_flattens"": [null], ""load_eviction_policies"": ["""", ""first"", """", ""last"", ""first""], ""num_warps"": 4, ""num_stages"": 3, ""indexing"": [""pointer"", ""tensor_descriptor"", ""tensor_descriptor"", ""tensor_descriptor"", ""tensor_descriptor"", ""pointer"", ""pointer""], ""atomic_indexing"": [], ""pid_type"": ""flat""}","{""arg0_ndim"": 2, ""arg0_dim0"": 16384, ""arg0_dim1"": 8192, ""arg0_numel"": 134217728, ""arg0_dtype"": ""torch.bfloat16"", ""arg0_dtype_size"": 2, ""arg0_dtype_cat"": 2, ""arg1_ndim"": 1, ""arg1_dim0"": 8192, ""arg1_numel"": 8192, ""arg1_dtype"": ""torch.bfloat16"", ""arg1_dtype_size"": 2, ""arg1_dtype_cat"": 2}",0.09424000233411789
rms_norm,a835256853c9f636,306f51b1d2d06f98,"{""block_sizes"": [1], ""reduction_loops"": [1024], ""range_unroll_factors"": [0], ""range_warp_specializes"": [null], ""range_num_stages"": [0], ""range_multi_buffers"": [null], ""range_flattens"": [null], ""load_eviction_policies"": ["""", ""first"", """", """", ""last""], ""num_warps"": 4, ""num_stages"": 5, ""indexing"": [""pointer"", ""tensor_descriptor"", ""tensor_descriptor"", ""pointer"", ""pointer"", ""tensor_descriptor"", ""tensor_descriptor""], ""atomic_indexing"": [], ""pid_type"": ""flat""}","{""arg0_ndim"": 2, ""arg0_dim0"": 16384, ""arg0_dim1"": 8192, ""arg0_numel"": 134217728, ""arg0_dtype"": ""torch.bfloat16"", ""arg0_dtype_size"": 2, ""arg0_dtype_cat"": 2, ""arg1_ndim"": 1, ""arg1_dim0"": 8192, ""arg1_numel"": 8192, ""arg1_dtype"": ""torch.bfloat16"", ""arg1_dtype_size"": 2, ""arg1_dtype_cat"": 2}",0.09424000233411789
rms_norm,a835256853c9f636,5c295017bd009288,"{""block_sizes"": [1], ""reduction_loops"": [null], ""range_unroll_factors"": [0], ""range_warp_specializes"": [null], ""range_num_stages"": [0], ""range_multi_buffers"": [null], ""range_flattens"": [null], ""load_eviction_policies"": [""first"", """", ""last"", """", ""last""], ""num_warps"": 16, ""num_stages"": 4, ""indexing"": [""tensor_descriptor"", ""pointer"", ""tensor_descriptor"", ""pointer"", ""pointer"", ""pointer"", ""pointer""], ""atomic_indexing"": [], ""pid_type"": ""flat""}","{""arg0_ndim"": 2, ""arg0_dim0"": 16384, ""arg0_dim1"": 8192, ""arg0_numel"": 134217728, ""arg0_dtype"": ""torch.bfloat16"", ""arg0_dtype_size"": 2, ""arg0_dtype_cat"": 2, ""arg1_ndim"": 1, ""arg1_dim0"": 8192, ""arg1_numel"": 8192, ""arg1_dtype"": ""torch.bfloat16"", ""arg1_dtype_size"": 2, ""arg1_dtype_cat"": 2}",0.08620800077915192
rms_norm,a835256853c9f636,9615e7b2fea5ec90,"{""block_sizes"": [1], ""reduction_loops"": [2048], ""range_unroll_factors"": [0], ""range_warp_specializes"": [null], ""range_num_stages"": [0], ""range_multi_buffers"": [null], ""range_flattens"": [null], ""load_eviction_policies"": ["""", ""first"", ""last"", ""first"", ""last""], ""num_warps"": 8, ""num_stages"": 8, ""indexing"": [""pointer"", ""pointer"", ""pointer"", ""tensor_descriptor"", ""pointer"", ""tensor_descriptor"", ""pointer""], ""atomic_indexing"": [], ""pid_type"": ""flat""}","{""arg0_ndim"": 2, ""arg0_dim0"": 16384, ""arg0_dim1"": 8192, ""arg0_numel"": 134217728, ""arg0_dtype"": ""torch.bfloat16"", ""arg0_dtype_size"": 2, ""arg0_dtype_cat"": 2, ""arg1_ndim"": 1, ""arg1_dim0"": 8192, ""arg1_numel"": 8192, ""arg1_dtype"": ""torch.bfloat16"", ""arg1_dtype_size"": 2, ""arg1_dtype_cat"": 2}",0.0942080020904541
rms_norm,a835256853c9f636,ef0576b1337868e5,"{""block_sizes"": [1], ""reduction_loops"": [null], ""range_unroll_factors"": [0], ""range_warp_specializes"": [null], ""range_num_stages"": [0], ""range_multi_buffers"": [null], ""range_flattens"": [null], ""load_eviction_policies"": ["""", """", ""last"", """", ""last""], ""num_warps"": 8, ""num_stages"": 6, ""indexing"": [""tensor_descriptor"", ""pointer"", ""pointer"", ""pointer"", ""pointer"", ""tensor_descriptor"", ""tensor_descriptor""], ""atomic_indexing"": [], ""pid_type"": ""flat""}","{""arg0_ndim"": 2, ""arg0_dim0"": 16384, ""arg0_dim1"": 8192, ""arg0_numel"": 134217728, ""arg0_dtype"": ""torch.bfloat16"", ""arg0_dtype_size"": 2, ""arg0_dtype_cat"": 2, ""arg1_ndim"": 1, ""arg1_dim0"": 8192, ""arg1_numel"": 8192, ""arg1_dtype"": ""torch.bfloat16"", ""arg1_dtype_size"": 2, ""arg1_dtype_cat"": 2}",0.09011200070381165
rms_norm,a835256853c9f636,11bb6dfa80985863,"{""block_sizes"": [1], ""reduction_loops"": [null], ""range_unroll_factors"": [0], ""range_warp_specializes"": [null], ""range_num_stages"": [0], ""range_multi_buffers"": [null], ""range_flattens"": [null], ""load_eviction_policies"": [""first"", """", ""last"", """", """"], ""num_warps"": 16, ""num_stages"": 2, ""indexing"": [""tensor_descriptor"", ""pointer"", ""pointer"", ""pointer"", ""tensor_descriptor"", ""tensor_descriptor"", ""pointer""], ""atomic_indexing"": [], ""pid_type"": ""flat""}","{""arg0_ndim"": 2, ""arg0_dim0"": 16384, ""arg0_dim1"": 8192, ""arg0_numel"": 134217728, ""arg0_dtype"": ""torch.bfloat16"", ""arg0_dtype_size"": 2, ""arg0_dtype_cat"": 2, ""arg1_ndim"": 1, ""arg1_dim0"": 8192, ""arg1_numel"": 8192, ""arg1_dtype"": ""torch.bfloat16"", ""arg1_dtype_size"": 2, ""arg1_dtype_cat"": 2}",0.08616000041365623
rms_norm,a835256853c9f636,964bbd2b95871270,"{""block_sizes"": [1], ""reduction_loops"": [null], ""range_unroll_factors"": [0], ""range_warp_specializes"": [null], ""range_num_stages"": [0], ""range_multi_buffers"": [null], ""range_flattens"": [null], ""load_eviction_policies"": ["""", """", """", ""first"", """"], ""num_warps"": 8, ""num_stages"": 6, ""indexing"": [""pointer"", ""tensor_descriptor"", ""tensor_descriptor"", ""tensor_descriptor"", ""pointer"", ""tensor_descriptor"", ""tensor_descriptor""], ""atomic_indexing"": [], ""pid_type"": ""flat""}","{""arg0_ndim"": 2, ""arg0_dim0"": 16384, ""arg0_dim1"": 8192, ""arg0_numel"": 134217728, ""arg0_dtype"": ""torch.bfloat16"", ""arg0_dtype_size"": 2, ""arg0_dtype_cat"": 2, ""arg1_ndim"": 1, ""arg1_dim0"": 8192, ""arg1_numel"": 8192, ""arg1_dtype"": ""torch.bfloat16"", ""arg1_dtype_size"": 2, ""arg1_dtype_cat"": 2}",0.09011200070381165
rms_norm,a835256853c9f636,a0bad60454a64a49,"{""block_sizes"": [1], ""reduction_loops"": [null], ""range_unroll_factors"": [0], ""range_warp_specializes"": [null], ""range_num_stages"": [0], ""range_multi_buffers"": [null], ""range_flattens"": [null], ""load_eviction_policies"": [""first"", ""last"", ""last"", """", ""last""], ""num_warps"": 16, ""num_stages"": 4, ""indexing"": [""pointer"", ""tensor_descriptor"", ""pointer"", ""pointer"", ""pointer"", ""pointer"", ""pointer""], ""atomic_indexing"": [], ""pid_type"": ""flat""}","{""arg0_ndim"": 2, ""arg0_dim0"": 16384, ""arg0_dim1"": 8192, ""arg0_numel"": 134217728, ""arg0_dtype"": ""torch.bfloat16"", ""arg0_dtype_size"": 2, ""arg0_dtype_cat"": 2, ""arg1_ndim"": 1, ""arg1_dim0"": 8192, ""arg1_numel"": 8192, ""arg1_dtype"": ""torch.bfloat16"", ""arg1_dtype_size"": 2, ""arg1_dtype_cat"": 2}",0.08601599931716919
rms_norm,a835256853c9f636,45b47d2b716e8754,"{""block_sizes"": [4], ""reduction_loops"": [null], ""range_unroll_factors"": [0], ""range_warp_specializes"": [null], ""range_num_stages"": [0], ""range_multi_buffers"": [null], ""range_flattens"": [null], ""load_eviction_policies"": [""first"", """", """", ""last"", ""last""], ""num_warps"": 2, ""num_stages"": 5, ""indexing"": [""pointer"", ""tensor_descriptor"", ""tensor_descriptor"", ""tensor_descriptor"", ""tensor_descriptor"", ""pointer"", ""pointer""], ""atomic_indexing"": [], ""pid_type"": ""flat""}","{""arg0_ndim"": 2, ""arg0_dim0"": 16384, ""arg0_dim1"": 8192, ""arg0_numel"": 134217728, ""arg0_dtype"": ""torch.bfloat16"", ""arg0_dtype_size"": 2, ""arg0_dtype_cat"": 2, ""arg1_ndim"": 1, ""arg1_dim0"": 8192, ""arg1_numel"": 8192, ""arg1_dtype"": ""torch.bfloat16"", ""arg1_dtype_size"": 2, ""arg1_dtype_cat"": 2}",0.9238079786300659
rms_norm,a835256853c9f636,0e08e3ec9a7b2c1e,"{""block_sizes"": [4], ""reduction_loops"": [null], ""range_unroll_factors"": [0], ""range_warp_specializes"": [null], ""range_num_stages"": [0], ""range_multi_buffers"": [null], ""range_flattens"": [null], ""load_eviction_policies"": [""first"", ""last"", """", ""first"", """"], ""num_warps"": 2, ""num_stages"": 3, ""indexing"": [""pointer"", ""tensor_descriptor"", ""pointer"", ""tensor_descriptor"", ""tensor_descriptor"", ""tensor_descriptor"", ""tensor_descriptor""], ""atomic_indexing"": [], ""pid_type"": ""flat""}","{""arg0_ndim"": 2, ""arg0_dim0"": 16384, ""arg0_dim1"": 8192, ""arg0_numel"": 134217728, ""arg0_dtype"": ""torch.bfloat16"", ""arg0_dtype_size"": 2, ""arg0_dtype_cat"": 2, ""arg1_ndim"": 1, ""arg1_dim0"": 8192, ""arg1_numel"": 8192, ""arg1_dtype"": ""torch.bfloat16"", ""arg1_dtype_size"": 2, ""arg1_dtype_cat"": 2}",1.079327940940857
rms_norm,a835256853c9f636,a3c8f5854ffdaebc,"{""block_sizes"": [16], ""reduction_loops"": [null], ""range_unroll_factors"": [0], ""range_warp_specializes"": [null], ""range_num_stages"": [0], ""range_multi_buffers"": [null], ""range_flattens"": [null], ""load_eviction_policies"": ["""", """", ""first"", """", ""last""], ""num_warps"": 4, ""num_stages"": 5, ""indexing"": [""pointer"", ""pointer"", ""pointer"", ""pointer"", ""pointer"", ""pointer"", ""pointer""], ""atomic_indexing"": [], ""pid_type"": ""flat""}","{""arg0_ndim"": 2, ""arg0_dim0"": 16384, ""arg0_dim1"": 8192, ""arg0_numel"": 134217728, ""arg0_dtype"": ""torch.bfloat16"", ""arg0_dtype_size"": 2, ""arg0_dtype_cat"": 2, ""arg1_ndim"": 1, ""arg1_dim0"": 8192, ""arg1_numel"": 8192, ""arg1_dtype"": ""torch.bfloat16"", ""arg1_dtype_size"": 2, ""arg1_dtype_cat"": 2}",1.098912000656128
rms_norm,a835256853c9f636,df5f9e1409cfd8bd,"{""block_sizes"": [16], ""reduction_loops"": [null], ""range_unroll_factors"": [0], ""range_warp_specializes"": [null], ""range_num_stages"": [0], ""range_multi_buffers"": [null], ""range_flattens"": [null], ""load_eviction_policies"": ["""", """", ""last"", """", ""first""], ""num_warps"": 4, ""num_stages"": 1, ""indexing"": [""pointer"", ""pointer"", ""pointer"", ""pointer"", ""pointer"", ""tensor_descriptor"", ""tensor_descriptor""], ""atomic_indexing"": [], ""pid_type"": ""flat""}","{""arg0_ndim"": 2, ""arg0_dim0"": 16384, ""arg0_dim1"": 8192, ""arg0_numel"": 134217728, ""arg0_dtype"": ""torch.bfloat16"", ""arg0_dtype_size"": 2, ""arg0_dtype_cat"": 2, ""arg1_ndim"": 1, ""arg1_dim0"": 8192, ""arg1_numel"": 8192, ""arg1_dtype"": ""torch.bfloat16"", ""arg1_dtype_size"": 2, ""arg1_dtype_cat"": 2}",1.0987520217895508
rms_norm,9fda7d31657624d8,24745e38d713c198,"{""block_sizes"": [2], ""reduction_loops"": [null], ""range_unroll_factors"": [0], ""range_warp_specializes"": [null], ""range_num_stages"": [0], ""range_multi_buffers"": [null], ""range_flattens"": [null], ""load_eviction_policies"": [""last"", ""first"", ""first"", """", """"], ""num_warps"": 4, ""num_stages"": 6, ""indexing"": [""pointer"", ""pointer"", ""pointer"", ""tensor_descriptor"", ""tensor_descriptor"", ""pointer"", ""pointer""], ""atomic_indexing"": [], ""pid_type"": ""flat""}","{""arg0_ndim"": 2, ""arg0_dim0"": 145956, ""arg0_dim1"": 384, ""arg0_numel"": 56047104, ""arg0_dtype"": ""torch.bfloat16"", ""arg0_dtype_size"": 2, ""arg0_dtype_cat"": 2, ""arg1_ndim"": 1, ""arg1_dim0"": 384, ""arg1_numel"": 384, ""arg1_dtype"": ""torch.bfloat16"", ""arg1_dtype_size"": 2, ""arg1_dtype_cat"": 2}",0.05734400078654289
rms_norm,9fda7d31657624d8,180c35ef192d14f2,"{""block_sizes"": [2], ""reduction_loops"": [null], ""range_unroll_factors"": [0], ""range_warp_specializes"": [null], ""range_num_stages"": [0], ""range_multi_buffers"": [null], ""range_flattens"": [null], ""load_eviction_policies"": ["""", """", ""last"", """", """"], ""num_warps"": 1, ""num_stages"": 2, ""indexing"": [""pointer"", ""pointer"", ""pointer"", ""pointer"", ""pointer"", ""pointer"", ""pointer""], ""atomic_indexing"": [], ""pid_type"": ""flat""}","{""arg0_ndim"": 2, ""arg0_dim0"": 145956, ""arg0_dim1"": 384, ""arg0_numel"": 56047104, ""arg0_dtype"": ""torch.bfloat16"", ""arg0_dtype_size"": 2, ""arg0_dtype_cat"": 2, ""arg1_ndim"": 1, ""arg1_dim0"": 384, ""arg1_numel"": 384, ""arg1_dtype"": ""torch.bfloat16"", ""arg1_dtype_size"": 2, ""arg1_dtype_cat"": 2}",0.04505600035190582
rms_norm,9fda7d31657624d8,7bfccb3790afd320,"{""block_sizes"": [2], ""reduction_loops"": [2048], ""range_unroll_factors"": [0], ""range_warp_specializes"": [null], ""range_num_stages"": [0], ""range_multi_buffers"": [null], ""range_flattens"": [null], ""load_eviction_policies"": [""last"", """", ""last"", """", """"], ""num_warps"": 8, ""num_stages"": 1, ""indexing"": [""pointer"", ""pointer"", ""pointer"", ""tensor_descriptor"", ""pointer"", ""tensor_descriptor"", ""tensor_descriptor""], ""atomic_indexing"": [], ""pid_type"": ""flat""}","{""arg0_ndim"": 2, ""arg0_dim0"": 145956, ""arg0_dim1"": 384, ""arg0_numel"": 56047104, ""arg0_dtype"": ""torch.bfloat16"", ""arg0_dtype_size"": 2, ""arg0_dtype_cat"": 2, ""arg1_ndim"": 1, ""arg1_dim0"": 384, ""arg1_numel"": 384, ""arg1_dtype"": ""torch.bfloat16"", ""arg1_dtype_size"": 2, ""arg1_dtype_cat"": 2}",0.16575999557971954
rms_norm,9fda7d31657624d8,b700865abbecc460,"{""block_sizes"": [1], ""reduction_loops"": [null], ""range_unroll_factors"": [0], ""range_warp_specializes"": [null], ""range_num_stages"": [0], ""range_multi_buffers"": [null], ""range_flattens"": [null], ""load_eviction_policies"": [""first"", """", ""last"", ""last"", """"], ""num_warps"": 16, ""num_stages"": 1, ""indexing"": [""tensor_descriptor"", ""tensor_descriptor"", ""pointer"", ""tensor_descriptor"", ""tensor_descriptor"", ""pointer"", ""tensor_descriptor""], ""atomic_indexing"": [], ""pid_type"": ""flat""}","{""arg0_ndim"": 2, ""arg0_dim0"": 145956, ""arg0_dim1"": 384, ""arg0_numel"": 56047104, ""arg0_dtype"": ""torch.bfloat16"", ""arg0_dtype_size"": 2, ""arg0_dtype_cat"": 2, ""arg1_ndim"": 1, ""arg1_dim0"": 384, ""arg1_numel"": 384, ""arg1_dtype"": ""torch.bfloat16"", ""arg1_dtype_size"": 2, ""arg1_dtype_cat"": 2}",0.2765119969844818
rms_norm,9fda7d31657624d8,73a4bcfe84591dcd,"{""block_sizes"": [1], ""reduction_loops"": [8192], ""range_unroll_factors"": [0], ""range_warp_specializes"": [null], ""range_num_stages"": [0], ""range_multi_buffers"": [null], ""range_flattens"": [null], ""load_eviction_policies"": ["""", """", """", """", """"], ""num_warps"": 8, ""num_stages"": 4, ""indexing"": [""pointer"", ""pointer"", ""tensor_descriptor"", ""pointer"", ""pointer"", ""tensor_descriptor"", ""tensor_descriptor""], ""atomic_indexing"": [], ""pid_type"": ""flat""}","{""arg0_ndim"": 2, ""arg0_dim0"": 145956, ""arg0_dim1"": 384, ""arg0_numel"": 56047104, ""arg0_dtype"": ""torch.bfloat16"", ""arg0_dtype_size"": 2, ""arg0_dtype_cat"": 2, ""arg1_ndim"": 1, ""arg1_dim0"": 384, ""arg1_numel"": 384, ""arg1_dtype"": ""torch.bfloat16"", ""arg1_dtype_size"": 2, ""arg1_dtype_cat"": 2}",0.5469440221786499
rms_norm,9fda7d31657624d8,6d53c3602b79725b,"{""block_sizes"": [1], ""reduction_loops"": [8192], ""range_unroll_factors"": [0], ""range_warp_specializes"": [null], ""range_num_stages"": [0], ""range_multi_buffers"": [null], ""range_flattens"": [null], ""load_eviction_policies"": ["""", ""first"", ""last"", """", """"], ""num_warps"": 8, ""num_stages"": 3, ""indexing"": [""pointer"", ""tensor_descriptor"", ""pointer"", ""pointer"", ""pointer"", ""tensor_descriptor"", ""pointer""], ""atomic_indexing"": [], ""pid_type"": ""flat""}","{""arg0_ndim"": 2, ""arg0_dim0"": 145956, ""arg0_dim1"": 384, ""arg0_numel"": 56047104, ""arg0_dtype"": ""torch.bfloat16"", ""arg0_dtype_size"": 2, ""arg0_dtype_cat"": 2, ""arg1_ndim"": 1, ""arg1_dim0"": 384, ""arg1_numel"": 384, ""arg1_dtype"": ""torch.bfloat16"", ""arg1_dtype_size"": 2, ""arg1_dtype_cat"": 2}",0.567296028137207
rms_norm,9fda7d31657624d8,ce65586612391f94,"{""block_sizes"": [32], ""reduction_loops"": [null], ""range_unroll_factors"": [0], ""range_warp_specializes"": [null], ""range_num_stages"": [0], ""range_multi_buffers"": [null], ""range_flattens"": [null], ""load_eviction_policies"": ["""", """", """", """", """"], ""num_warps"": 4, ""num_stages"": 1, ""indexing"": [""pointer"", ""pointer"", ""pointer"", ""pointer"", ""pointer"", ""pointer"", ""pointer""], ""atomic_indexing"": [], ""pid_type"": ""flat""}","{""arg0_ndim"": 2, ""arg0_dim0"": 145956, ""arg0_dim1"": 384, ""arg0_numel"": 56047104, ""arg0_dtype"": ""torch.bfloat16"", ""arg0_dtype_size"": 2, ""arg0_dtype_cat"": 2, ""arg1_ndim"": 1, ""arg1_dim0"": 384, ""arg1_numel"": 384, ""arg1_dtype"": ""torch.bfloat16"", ""arg1_dtype_size"": 2, ""arg1_dtype_cat"": 2}",0.0655359998345375
rms_norm,9fda7d31657624d8,fa68d1735ed55be8,"{""block_sizes"": [16], ""reduction_loops"": [null], ""range_unroll_factors"": [1], ""range_warp_specializes"": [null], ""range_num_stages"": [2], ""range_multi_buffers"": [null], ""range_flattens"": [null], ""load_eviction_policies"": [""first"", ""last"", ""last"", """", ""last""], ""num_warps"": 16, ""num_stages"": 8, ""indexing"": [""tensor_descriptor"", ""pointer"", ""tensor_descriptor"", ""pointer"", ""pointer"", ""pointer"", ""pointer""], ""atomic_indexing"": [], ""pid_type"": ""persistent_interleaved"", ""num_sm_multiplier"": 1}","{""arg0_ndim"": 2, ""arg0_dim0"": 145956, ""arg0_dim1"": 384, ""arg0_numel"": 56047104, ""arg0_dtype"": ""torch.bfloat16"", ""arg0_dtype_size"": 2, ""arg0_dtype_cat"": 2, ""arg1_ndim"": 1, ""arg1_dim0"": 384, ""arg1_numel"": 384, ""arg1_dtype"": ""torch.bfloat16"", ""arg1_dtype_size"": 2, ""arg1_dtype_cat"": 2}",0.09628800302743912
rms_norm,9fda7d31657624d8,1979210a312b6290,"{""block_sizes"": [16], ""reduction_loops"": [256], ""range_unroll_factors"": [0], ""range_warp_specializes"": [null], ""range_num_stages"": [0], ""range_multi_buffers"": [null], ""range_flattens"": [null], ""load_eviction_policies"": [""first"", """", ""last"", ""last"", """"], ""num_warps"": 16, ""num_stages"": 4, ""indexing"": [""tensor_descriptor"", ""tensor_descriptor"", ""tensor_descriptor"", ""tensor_descriptor"", ""tensor_descriptor"", ""tensor_descriptor"", ""tensor_descriptor""], ""atomic_indexing"": [], ""pid_type"": ""flat""}","{""arg0_ndim"": 2, ""arg0_dim0"": 145956, ""arg0_dim1"": 384, ""arg0_numel"": 56047104, ""arg0_dtype"": ""torch.bfloat16"", ""arg0_dtype_size"": 2, ""arg0_dtype_cat"": 2, ""arg1_ndim"": 1, ""arg1_dim0"": 384, ""arg1_numel"": 384, ""arg1_dtype"": ""torch.bfloat16"", ""arg1_dtype_size"": 2, ""arg1_dtype_cat"": 2}",0.05129599943757057
rms_norm,9fda7d31657624d8,832d9cc41c9b5249,"{""block_sizes"": [2], ""reduction_loops"": [null], ""range_unroll_factors"": [0], ""range_warp_specializes"": [null], ""range_num_stages"": [0], ""range_multi_buffers"": [null], ""range_flattens"": [null], ""load_eviction_policies"": [""first"", ""last"", ""first"", ""first"", ""last""], ""num_warps"": 1, ""num_stages"": 8, ""indexing"": [""pointer"", ""pointer"", ""tensor_descriptor"", ""pointer"", ""pointer"", ""tensor_descriptor"", ""pointer""], ""atomic_indexing"": [], ""pid_type"": ""flat""}","{""arg0_ndim"": 2, ""arg0_dim0"": 145956, ""arg0_dim1"": 384, ""arg0_numel"": 56047104, ""arg0_dtype"": ""torch.bfloat16"", ""arg0_dtype_size"": 2, ""arg0_dtype_cat"": 2, ""arg1_ndim"": 1, ""arg1_dim0"": 384, ""arg1_numel"": 384, ""arg1_dtype"": ""torch.bfloat16"", ""arg1_dtype_size"": 2, ""arg1_dtype_cat"": 2}",0.04505600035190582
rms_norm,9fda7d31657624d8,5f3510d018a1da2c,"{""block_sizes"": [2], ""reduction_loops"": [null], ""range_unroll_factors"": [0], ""range_warp_specializes"": [null], ""range_num_stages"": [0], ""range_multi_buffers"": [null], ""range_flattens"": [null], ""load_eviction_policies"": ["""", """", ""first"", """", """"], ""num_warps"": 1, ""num_stages"": 1, ""indexing"": [""pointer"", ""pointer"", ""tensor_descriptor"", ""tensor_descriptor"", ""pointer"", ""pointer"", ""pointer""], ""atomic_indexing"": [], ""pid_type"": ""flat""}","{""arg0_ndim"": 2, ""arg0_dim0"": 145956, ""arg0_dim1"": 384, ""arg0_numel"": 56047104, ""arg0_dtype"": ""torch.bfloat16"", ""arg0_dtype_size"": 2, ""arg0_dtype_cat"": 2, ""arg1_ndim"": 1, ""arg1_dim0"": 384, ""arg1_numel"": 384, ""arg1_dtype"": ""torch.bfloat16"", ""arg1_dtype_size"": 2, ""arg1_dtype_cat"": 2}",0.04505600035190582
rms_norm,9fda7d31657624d8,c6373fe598a919dd,"{""block_sizes"": [8], ""reduction_loops"": [null], ""range_unroll_factors"": [0], ""range_warp_specializes"": [null], ""range_num_stages"": [0], ""range_multi_buffers"": [null], ""range_flattens"": [null], ""load_eviction_policies"": ["""", """", ""first"", """", """"], ""num_warps"": 16, ""num_stages"": 6, ""indexing"": [""pointer"", ""pointer"", ""pointer"", ""tensor_descriptor"", ""pointer"", ""pointer"", ""pointer""], ""atomic_indexing"": [], ""pid_type"": ""flat""}","{""arg0_ndim"": 2, ""arg0_dim0"": 145956, ""arg0_dim1"": 384, ""arg0_numel"": 56047104, ""arg0_dtype"": ""torch.bfloat16"", ""arg0_dtype_size"": 2, ""arg0_dtype_cat"": 2, ""arg1_ndim"": 1, ""arg1_dim0"": 384, ""arg1_numel"": 384, ""arg1_dtype"": ""torch.bfloat16"", ""arg1_dtype_size"": 2, ""arg1_dtype_cat"": 2}",0.06550399959087372
rms_norm,9fda7d31657624d8,482f430b8c9d8e8e,"{""block_sizes"": [2], ""reduction_loops"": [2048], ""range_unroll_factors"": [0], ""range_warp_specializes"": [null], ""range_num_stages"": [0], ""range_multi_buffers"": [null], ""range_flattens"": [null], ""load_eviction_policies"": [""last"", ""first"", ""last"", ""first"", ""first""], ""num_warps"": 2, ""num_stages"": 1, ""indexing"": [""tensor_descriptor"", ""pointer"", ""tensor_descriptor"", ""tensor_descriptor"", ""pointer"", ""tensor_descriptor"", ""tensor_descriptor""], ""atomic_indexing"": [], ""pid_type"": ""flat""}","{""arg0_ndim"": 2, ""arg0_dim0"": 145956, ""arg0_dim1"": 384, ""arg0_numel"": 56047104, ""arg0_dtype"": ""torch.bfloat16"", ""arg0_dtype_size"": 2, ""arg0_dtype_cat"": 2, ""arg1_ndim"": 1, ""arg1_dim0"": 384, ""arg1_numel"": 384, ""arg1_dtype"": ""torch.bfloat16"", ""arg1_dtype_size"": 2, ""arg1_dtype_cat"": 2}",0.1414400041103363
rms_norm,9fda7d31657624d8,816644cab655d611,"{""block_sizes"": [2], ""reduction_loops"": [2048], ""range_unroll_factors"": [0], ""range_warp_specializes"": [null], ""range_num_stages"": [0], ""range_multi_buffers"": [null], ""range_flattens"": [null], ""load_eviction_policies"": ["""", ""first"", ""last"", ""last"", """"], ""num_warps"": 8, ""num_stages"": 3, ""indexing"": [""pointer"", ""tensor_descriptor"", ""tensor_descriptor"", ""pointer"", ""tensor_descriptor"", ""pointer"", ""tensor_descriptor""], ""atomic_indexing"": [], ""pid_type"": ""flat""}","{""arg0_ndim"": 2, ""arg0_dim0"": 145956, ""arg0_dim1"": 384, ""arg0_numel"": 56047104, ""arg0_dtype"": ""torch.bfloat16"", ""arg0_dtype_size"": 2, ""arg0_dtype_cat"": 2, ""arg1_ndim"": 1, ""arg1_dim0"": 384, ""arg1_numel"": 384, ""arg1_dtype"": ""torch.bfloat16"", ""arg1_dtype_size"": 2, ""arg1_dtype_cat"": 2}",0.1658879965543747
rms_norm,9fda7d31657624d8,3abfa9907ca4fa3a,"{""block_sizes"": [1], ""reduction_loops"": [null], ""range_unroll_factors"": [0], ""range_warp_specializes"": [null], ""range_num_stages"": [0], ""range_multi_buffers"": [null], ""range_flattens"": [null], ""load_eviction_policies"": ["""", ""last"", ""last"", """", """"], ""num_warps"": 4, ""num_stages"": 2, ""indexing"": [""pointer"", ""pointer"", ""pointer"", ""tensor_descriptor"", ""pointer"", ""tensor_descriptor"", ""pointer""], ""atomic_indexing"": [], ""pid_type"": ""flat""}","{""arg0_ndim"": 2, ""arg0_dim0"": 145956, ""arg0_dim1"": 384, ""arg0_numel"": 56047104, ""arg0_dtype"": ""torch.bfloat16"", ""arg0_dtype_size"": 2, ""arg0_dtype_cat"": 2, ""arg1_ndim"": 1, ""arg1_dim0"": 384, ""arg1_numel"": 384, ""arg1_dtype"": ""torch.bfloat16"", ""arg1_dtype_size"": 2, ""arg1_dtype_cat"": 2}",0.08191999793052673
rms_norm,9fda7d31657624d8,87b2f26661fd2925,"{""block_sizes"": [1], ""reduction_loops"": [null], ""range_unroll_factors"": [0], ""range_warp_specializes"": [null], ""range_num_stages"": [0], ""range_multi_buffers"": [null], ""range_flattens"": [null], ""load_eviction_policies"": ["""", ""last"", ""last"", ""first"", """"], ""num_warps"": 8, ""num_stages"": 2, ""indexing"": [""tensor_descriptor"", ""tensor_descriptor"", ""tensor_descriptor"", ""tensor_descriptor"", ""pointer"", ""pointer"", ""tensor_descriptor""], ""atomic_indexing"": [], ""pid_type"": ""flat""}","{""arg0_ndim"": 2, ""arg0_dim0"": 145956, ""arg0_dim1"": 384, ""arg0_numel"": 56047104, ""arg0_dtype"": ""torch.bfloat16"", ""arg0_dtype_size"": 2, ""arg0_dtype_cat"": 2, ""arg1_ndim"": 1, ""arg1_dim0"": 384, ""arg1_numel"": 384, ""arg1_dtype"": ""torch.bfloat16"", ""arg1_dtype_size"": 2, ""arg1_dtype_cat"": 2}",0.1393280029296875
rms_norm,9fda7d31657624d8,7c1f654402c9dd7f,"{""block_sizes"": [1], ""reduction_loops"": [1024], ""range_unroll_factors"": [0], ""range_warp_specializes"": [null], ""range_num_stages"": [0], ""range_multi_buffers"": [null], ""range_flattens"": [null], ""load_eviction_policies"": ["""", ""first"", """", ""last"", ""first""], ""num_warps"": 4, ""num_stages"": 3, ""indexing"": [""pointer"", ""tensor_descriptor"", ""tensor_descriptor"", ""tensor_descriptor"", ""tensor_descriptor"", ""pointer"", ""pointer""], ""atomic_indexing"": [], ""pid_type"": ""flat""}","{""arg0_ndim"": 2, ""arg0_dim0"": 145956, ""arg0_dim1"": 384, ""arg0_numel"": 56047104, ""arg0_dtype"": ""torch.bfloat16"", ""arg0_dtype_size"": 2, ""arg0_dtype_cat"": 2, ""arg1_ndim"": 1, ""arg1_dim0"": 384, ""arg1_numel"": 384, ""arg1_dtype"": ""torch.bfloat16"", ""arg1_dtype_size"": 2, ""arg1_dtype_cat"": 2}",0.10649599879980087
rms_norm,9fda7d31657624d8,306f51b1d2d06f98,"{""block_sizes"": [1], ""reduction_loops"": [1024], ""range_unroll_factors"": [0], ""range_warp_specializes"": [null], ""range_num_stages"": [0], ""range_multi_buffers"": [null], ""range_flattens"": [null], ""load_eviction_policies"": ["""", ""first"", """", """", ""last""], ""num_warps"": 4, ""num_stages"": 5, ""indexing"": [""pointer"", ""tensor_descriptor"", ""tensor_descriptor"", ""pointer"", ""pointer"", ""tensor_descriptor"", ""tensor_descriptor""], ""atomic_indexing"": [], ""pid_type"": ""flat""}","{""arg0_ndim"": 2, ""arg0_dim0"": 145956, ""arg0_dim1"": 384, ""arg0_numel"": 56047104, ""arg0_dtype"": ""torch.bfloat16"", ""arg0_dtype_size"": 2, ""arg0_dtype_cat"": 2, ""arg1_ndim"": 1, ""arg1_dim0"": 384, ""arg1_numel"": 384, ""arg1_dtype"": ""torch.bfloat16"", ""arg1_dtype_size"": 2, ""arg1_dtype_cat"": 2}",0.10649599879980087
rms_norm,9fda7d31657624d8,5c295017bd009288,"{""block_sizes"": [1], ""reduction_loops"": [null], ""range_unroll_factors"": [0], ""range_warp_specializes"": [null], ""range_num_stages"": [0], ""range_multi_buffers"": [null], ""range_flattens"": [null], ""load_eviction_policies"": [""first"", """", ""last"", """", ""last""], ""num_warps"": 16, ""num_stages"": 4, ""indexing"": [""tensor_descriptor"", ""pointer"", ""tensor_descriptor"", ""pointer"", ""pointer"", ""pointer"", ""pointer""], ""atomic_indexing"": [], ""pid_type"": ""flat""}","{""arg0_ndim"": 2, ""arg0_dim0"": 145956, ""arg0_dim1"": 384, ""arg0_numel"": 56047104, ""arg0_dtype"": ""torch.bfloat16"", ""arg0_dtype_size"": 2, ""arg0_dtype_cat"": 2, ""arg1_ndim"": 1, ""arg1_dim0"": 384, ""arg1_numel"": 384, ""arg1_dtype"": ""torch.bfloat16"", ""arg1_dtype_size"": 2, ""arg1_dtype_cat"": 2}",0.2764799892902374
rms_norm,9fda7d31657624d8,9615e7b2fea5ec90,"{""block_sizes"": [1], ""reduction_loops"": [2048], ""range_unroll_factors"": [0], ""range_warp_specializes"": [null], ""range_num_stages"": [0], ""range_multi_buffers"": [null], ""range_flattens"": [null], ""load_eviction_policies"": ["""", ""first"", ""last"", ""first"", ""last""], ""num_warps"": 8, ""num_stages"": 8, ""indexing"": [""pointer"", ""pointer"", ""pointer"", ""tensor_descriptor"", ""pointer"", ""tensor_descriptor"", ""pointer""], ""atomic_indexing"": [], ""pid_type"": ""flat""}","{""arg0_ndim"": 2, ""arg0_dim0"": 145956, ""arg0_dim1"": 384, ""arg0_numel"": 56047104, ""arg0_dtype"": ""torch.bfloat16"", ""arg0_dtype_size"": 2, ""arg0_dtype_cat"": 2, ""arg1_ndim"": 1, ""arg1_dim0"": 384, ""arg1_numel"": 384, ""arg1_dtype"": ""torch.bfloat16"", ""arg1_dtype_size"": 2, ""arg1_dtype_cat"": 2}",0.21094399690628052
rms_norm,9fda7d31657624d8,ef0576b1337868e5,"{""block_sizes"": [1], ""reduction_loops"": [null], ""range_unroll_factors"": [0], ""range_warp_specializes"": [null], ""range_num_stages"": [0], ""range_multi_buffers"": [null], ""range_flattens"": [null], ""load_eviction_policies"": ["""", """", ""last"", """", ""last""], ""num_warps"": 8, ""num_stages"": 6, ""indexing"": [""tensor_descriptor"", ""pointer"", ""pointer"", ""pointer"", ""pointer"", ""tensor_descriptor"", ""tensor_descriptor""], ""atomic_indexing"": [], ""pid_type"": ""flat""}","{""arg0_ndim"": 2, ""arg0_dim0"": 145956, ""arg0_dim1"": 384, ""arg0_numel"": 56047104, ""arg0_dtype"": ""torch.bfloat16"", ""arg0_dtype_size"": 2, ""arg0_dtype_cat"": 2, ""arg1_ndim"": 1, ""arg1_dim0"": 384, ""arg1_numel"": 384, ""arg1_dtype"": ""torch.bfloat16"", ""arg1_dtype_size"": 2, ""arg1_dtype_cat"": 2}",0.13913600146770477
rms_norm,9fda7d31657624d8,11bb6dfa80985863,"{""block_sizes"": [1], ""reduction_loops"": [null], ""range_unroll_factors"": [0], ""range_warp_specializes"": [null], ""range_num_stages"": [0], ""range_multi_buffers"": [null], ""range_flattens"": [null], ""load_eviction_policies"": [""first"", """", ""last"", """", """"], ""num_warps"": 16, ""num_stages"": 2, ""indexing"": [""tensor_descriptor"", ""pointer"", ""pointer"", ""pointer"", ""tensor_descriptor"", ""tensor_descriptor"", ""pointer""], ""atomic_indexing"": [], ""pid_type"": ""flat""}","{""arg0_ndim"": 2, ""arg0_dim0"": 145956, ""arg0_dim1"": 384, ""arg0_numel"": 56047104, ""arg0_dtype"": ""torch.bfloat16"", ""arg0_dtype_size"": 2, ""arg0_dtype_cat"": 2, ""arg1_ndim"": 1, ""arg1_dim0"": 384, ""arg1_numel"": 384, ""arg1_dtype"": ""torch.bfloat16"", ""arg1_dtype_size"": 2, ""arg1_dtype_cat"": 2}",0.2764799892902374
rms_norm,9fda7d31657624d8,964bbd2b95871270,"{""block_sizes"": [1], ""reduction_loops"": [null], ""range_unroll_factors"": [0], ""range_warp_specializes"": [null], ""range_num_stages"": [0], ""range_multi_buffers"": [null], ""range_flattens"": [null], ""load_eviction_policies"": ["""", """", """", ""first"", """"], ""num_warps"": 8, ""num_stages"": 6, ""indexing"": [""pointer"", ""tensor_descriptor"", ""tensor_descriptor"", ""tensor_descriptor"", ""pointer"", ""tensor_descriptor"", ""tensor_descriptor""], ""atomic_indexing"": [], ""pid_type"": ""flat""}","{""arg0_ndim"": 2, ""arg0_dim0"": 145956, ""arg0_dim1"": 384, ""arg0_numel"": 56047104, ""arg0_dtype"": ""torch.bfloat16"", ""arg0_dtype_size"": 2, ""arg0_dtype_cat"": 2, ""arg1_ndim"": 1, ""arg1_dim0"": 384, ""arg1_numel"": 384, ""arg1_dtype"": ""torch.bfloat16"", ""arg1_dtype_size"": 2, ""arg1_dtype_cat"": 2}",0.1383039951324463
rms_norm,9fda7d31657624d8,a0bad60454a64a49,"{""block_sizes"": [1], ""reduction_loops"": [null], ""range_unroll_factors"": [0], ""range_warp_specializes"": [null], ""range_num_stages"": [0], ""range_multi_buffers"": [null], ""range_flattens"": [null], ""load_eviction_policies"": [""first"", ""last"", ""last"", """", ""last""], ""num_warps"": 16, ""num_stages"": 4, ""indexing"": [""pointer"", ""tensor_descriptor"", ""pointer"", ""pointer"", ""pointer"", ""pointer"", ""pointer""], ""atomic_indexing"": [], ""pid_type"": ""flat""}","{""arg0_ndim"": 2, ""arg0_dim0"": 145956, ""arg0_dim1"": 384, ""arg0_numel"": 56047104, ""arg0_dtype"": ""torch.bfloat16"", ""arg0_dtype_size"": 2, ""arg0_dtype_cat"": 2, ""arg1_ndim"": 1, ""arg1_dim0"": 384, ""arg1_numel"": 384, ""arg1_dtype"": ""torch.bfloat16"", ""arg1_dtype_size"": 2, ""arg1_dtype_cat"": 2}",0.2764799892902374
rms_norm,9fda7d31657624d8,45b47d2b716e8754,"{""block_sizes"": [4], ""reduction_loops"": [null], ""range_unroll_factors"": [0], ""range_warp_specializes"": [null], ""range_num_stages"": [0], ""range_multi_buffers"": [null], ""range_flattens"": [null], ""load_eviction_policies"": [""first"", """", """", ""last"", ""last""], ""num_warps"": 2, ""num_stages"": 5, ""indexing"": [""pointer"", ""tensor_descriptor"", ""tensor_descriptor"", ""tensor_descriptor"", ""tensor_descriptor"", ""pointer"", ""pointer""], ""atomic_indexing"": [], ""pid_type"": ""flat""}","{""arg0_ndim"": 2, ""arg0_dim0"": 145956, ""arg0_dim1"": 384, ""arg0_numel"": 56047104, ""arg0_dtype"": ""torch.bfloat16"", ""arg0_dtype_size"": 2, ""arg0_dtype_cat"": 2, ""arg1_ndim"": 1, ""arg1_dim0"": 384, ""arg1_numel"": 384, ""arg1_dtype"": ""torch.bfloat16"", ""arg1_dtype_size"": 2, ""arg1_dtype_cat"": 2}",0.038975998759269714
rms_norm,9fda7d31657624d8,0e08e3ec9a7b2c1e,"{""block_sizes"": [4], ""reduction_loops"": [null], ""range_unroll_factors"": [0], ""range_warp_specializes"": [null], ""range_num_stages"": [0], ""range_multi_buffers"": [null], ""range_flattens"": [null], ""load_eviction_policies"": [""first"", ""last"", """", ""first"", """"], ""num_warps"": 2, ""num_stages"": 3, ""indexing"": [""pointer"", ""tensor_descriptor"", ""pointer"", ""tensor_descriptor"", ""tensor_descriptor"", ""tensor_descriptor"", ""tensor_descriptor""], ""atomic_indexing"": [], ""pid_type"": ""flat""}","{""arg0_ndim"": 2, ""arg0_dim0"": 145956, ""arg0_dim1"": 384, ""arg0_numel"": 56047104, ""arg0_dtype"": ""torch.bfloat16"", ""arg0_dtype_size"": 2, ""arg0_dtype_cat"": 2, ""arg1_ndim"": 1, ""arg1_dim0"": 384, ""arg1_numel"": 384, ""arg1_dtype"": ""torch.bfloat16"", ""arg1_dtype_size"": 2, ""arg1_dtype_cat"": 2}",0.038975998759269714
rms_norm,9fda7d31657624d8,a3c8f5854ffdaebc,"{""block_sizes"": [16], ""reduction_loops"": [null], ""range_unroll_factors"": [0], ""range_warp_specializes"": [null], ""range_num_stages"": [0], ""range_multi_buffers"": [null], ""range_flattens"": [null], ""load_eviction_policies"": ["""", """", ""first"", """", ""last""], ""num_warps"": 4, ""num_stages"": 5, ""indexing"": [""pointer"", ""pointer"", ""pointer"", ""pointer"", ""pointer"", ""pointer"", ""pointer""], ""atomic_indexing"": [], ""pid_type"": ""flat""}","{""arg0_ndim"": 2, ""arg0_dim0"": 145956, ""arg0_dim1"": 384, ""arg0_numel"": 56047104, ""arg0_dtype"": ""torch.bfloat16"", ""arg0_dtype_size"": 2, ""arg0_dtype_cat"": 2, ""arg1_ndim"": 1, ""arg1_dim0"": 384, ""arg1_numel"": 384, ""arg1_dtype"": ""torch.bfloat16"", ""arg1_dtype_size"": 2, ""arg1_dtype_cat"": 2}",0.04710400104522705
rms_norm,9fda7d31657624d8,df5f9e1409cfd8bd,"{""block_sizes"": [16], ""reduction_loops"": [null], ""range_unroll_factors"": [0], ""range_warp_specializes"": [null], ""range_num_stages"": [0], ""range_multi_buffers"": [null], ""range_flattens"": [null], ""load_eviction_policies"": ["""", """", ""last"", """", ""first""], ""num_warps"": 4, ""num_stages"": 1, ""indexing"": [""pointer"", ""pointer"", ""pointer"", ""pointer"", ""pointer"", ""tensor_descriptor"", ""tensor_descriptor""], ""atomic_indexing"": [], ""pid_type"": ""flat""}","{""arg0_ndim"": 2, ""arg0_dim0"": 145956, ""arg0_dim1"": 384, ""arg0_numel"": 56047104, ""arg0_dtype"": ""torch.bfloat16"", ""arg0_dtype_size"": 2, ""arg0_dtype_cat"": 2, ""arg1_ndim"": 1, ""arg1_dim0"": 384, ""arg1_numel"": 384, ""arg1_dtype"": ""torch.bfloat16"", ""arg1_dtype_size"": 2, ""arg1_dtype_cat"": 2}",0.04710400104522705
rms_norm,eb339b305d0ffc52,24745e38d713c198,"{""block_sizes"": [2], ""reduction_loops"": [null], ""range_unroll_factors"": [0], ""range_warp_specializes"": [null], ""range_num_stages"": [0], ""range_multi_buffers"": [null], ""range_flattens"": [null], ""load_eviction_policies"": [""last"", ""first"", ""first"", """", """"], ""num_warps"": 4, ""num_stages"": 6, ""indexing"": [""pointer"", ""pointer"", ""pointer"", ""tensor_descriptor"", ""tensor_descriptor"", ""pointer"", ""pointer""], ""atomic_indexing"": [], ""pid_type"": ""flat""}","{""arg0_ndim"": 2, ""arg0_dim0"": 380668, ""arg0_dim1"": 512, ""arg0_numel"": 194902016, ""arg0_dtype"": ""torch.bfloat16"", ""arg0_dtype_size"": 2, ""arg0_dtype_cat"": 2, ""arg1_ndim"": 1, ""arg1_dim0"": 512, ""arg1_numel"": 512, ""arg1_dtype"": ""torch.bfloat16"", ""arg1_dtype_size"": 2, ""arg1_dtype_cat"": 2}",0.1475519984960556
rms_norm,eb339b305d0ffc52,180c35ef192d14f2,"{""block_sizes"": [2], ""reduction_loops"": [null], ""range_unroll_factors"": [0], ""range_warp_specializes"": [null], ""range_num_stages"": [0], ""range_multi_buffers"": [null], ""range_flattens"": [null], ""load_eviction_policies"": ["""", """", ""last"", """", """"], ""num_warps"": 1, ""num_stages"": 2, ""indexing"": [""pointer"", ""pointer"", ""pointer"", ""pointer"", ""pointer"", ""pointer"", ""pointer""], ""atomic_indexing"": [], ""pid_type"": ""flat""}","{""arg0_ndim"": 2, ""arg0_dim0"": 380668, ""arg0_dim1"": 512, ""arg0_numel"": 194902016, ""arg0_dtype"": ""torch.bfloat16"", ""arg0_dtype_size"": 2, ""arg0_dtype_cat"": 2, ""arg1_ndim"": 1, ""arg1_dim0"": 512, ""arg1_numel"": 512, ""arg1_dtype"": ""torch.bfloat16"", ""arg1_dtype_size"": 2, ""arg1_dtype_cat"": 2}",0.11964800208806992
rms_norm,eb339b305d0ffc52,7bfccb3790afd320,"{""block_sizes"": [2], ""reduction_loops"": [2048], ""range_unroll_factors"": [0], ""range_warp_specializes"": [null], ""range_num_stages"": [0], ""range_multi_buffers"": [null], ""range_flattens"": [null], ""load_eviction_policies"": [""last"", """", ""last"", """", """"], ""num_warps"": 8, ""num_stages"": 1, ""indexing"": [""pointer"", ""pointer"", ""pointer"", ""tensor_descriptor"", ""pointer"", ""tensor_descriptor"", ""tensor_descriptor""], ""atomic_indexing"": [], ""pid_type"": ""flat""}","{""arg0_ndim"": 2, ""arg0_dim0"": 380668, ""arg0_dim1"": 512, ""arg0_numel"": 194902016, ""arg0_dtype"": ""torch.bfloat16"", ""arg0_dtype_size"": 2, ""arg0_dtype_cat"": 2, ""arg1_ndim"": 1, ""arg1_dim0"": 512, ""arg1_numel"": 512, ""arg1_dtype"": ""torch.bfloat16"", ""arg1_dtype_size"": 2, ""arg1_dtype_cat"": 2}",0.419871985912323
rms_norm,eb339b305d0ffc52,b700865abbecc460,"{""block_sizes"": [1], ""reduction_loops"": [null], ""range_unroll_factors"": [0], ""range_warp_specializes"": [null], ""range_num_stages"": [0], ""range_multi_buffers"": [null], ""range_flattens"": [null], ""load_eviction_policies"": [""first"", """", ""last"", ""last"", """"], ""num_warps"": 16, ""num_stages"": 1, ""indexing"": [""tensor_descriptor"", ""tensor_descriptor"", ""pointer"", ""tensor_descriptor"", ""tensor_descriptor"", ""pointer"", ""tensor_descriptor""], ""atomic_indexing"": [], ""pid_type"": ""flat""}","{""arg0_ndim"": 2, ""arg0_dim0"": 380668, ""arg0_dim1"": 512, ""arg0_numel"": 194902016, ""arg0_dtype"": ""torch.bfloat16"", ""arg0_dtype_size"": 2, ""arg0_dtype_cat"": 2, ""arg1_ndim"": 1, ""arg1_dim0"": 512, ""arg1_numel"": 512, ""arg1_dtype"": ""torch.bfloat16"", ""arg1_dtype_size"": 2, ""arg1_dtype_cat"": 2}",0.7188960015773773
rms_norm,eb339b305d0ffc52,73a4bcfe84591dcd,"{""block_sizes"": [1], ""reduction_loops"": [8192], ""range_unroll_factors"": [0], ""range_warp_specializes"": [null], ""range_num_stages"": [0], ""range_multi_buffers"": [null], ""range_flattens"": [null], ""load_eviction_policies"": ["""", """", """", """", """"], ""num_warps"": 8, ""num_stages"": 4, ""indexing"": [""pointer"", ""pointer"", ""tensor_descriptor"", ""pointer"", ""pointer"", ""tensor_descriptor"", ""tensor_descriptor""], ""atomic_indexing"": [], ""pid_type"": ""flat""}","{""arg0_ndim"": 2, ""arg0_dim0"": 380668, ""arg0_dim1"": 512, ""arg0_numel"": 194902016, ""arg0_dtype"": ""torch.bfloat16"", ""arg0_dtype_size"": 2, ""arg0_dtype_cat"": 2, ""arg1_ndim"": 1, ""arg1_dim0"": 512, ""arg1_numel"": 512, ""arg1_dtype"": ""torch.bfloat16"", ""arg1_dtype_size"": 2, ""arg1_dtype_cat"": 2}",1.4181439876556396
rms_norm,eb339b305d0ffc52,6d53c3602b79725b,"{""block_sizes"": [1], ""reduction_loops"": [8192], ""range_unroll_factors"": [0], ""range_warp_specializes"": [null], ""range_num_stages"": [0], ""range_multi_buffers"": [null], ""range_flattens"": [null], ""load_eviction_policies"": ["""", ""first"", ""last"", """", """"], ""num_warps"": 8, ""num_stages"": 3, ""indexing"": [""pointer"", ""tensor_descriptor"", ""pointer"", ""pointer"", ""pointer"", ""tensor_descriptor"", ""pointer""], ""atomic_indexing"": [], ""pid_type"": ""flat""}","{""arg0_ndim"": 2, ""arg0_dim0"": 380668, ""arg0_dim1"": 512, ""arg0_numel"": 194902016, ""arg0_dtype"": ""torch.bfloat16"", ""arg0_dtype_size"": 2, ""arg0_dtype_cat"": 2, ""arg1_ndim"": 1, ""arg1_dim0"": 512, ""arg1_numel"": 512, ""arg1_dtype"": ""torch.bfloat16"", ""arg1_dtype_size"": 2, ""arg1_dtype_cat"": 2}",1.4684159755706787
rms_norm,eb339b305d0ffc52,ce65586612391f94,"{""block_sizes"": [32], ""reduction_loops"": [null], ""range_unroll_factors"": [0], ""range_warp_specializes"": [null], ""range_num_stages"": [0], ""range_multi_buffers"": [null], ""range_flattens"": [null], ""load_eviction_policies"": ["""", """", """", """", """"], ""num_warps"": 4, ""num_stages"": 1, ""indexing"": [""pointer"", ""pointer"", ""pointer"", ""pointer"", ""pointer"", ""pointer"", ""pointer""], ""atomic_indexing"": [], ""pid_type"": ""flat""}","{""arg0_ndim"": 2, ""arg0_dim0"": 380668, ""arg0_dim1"": 512, ""arg0_numel"": 194902016, ""arg0_dtype"": ""torch.bfloat16"", ""arg0_dtype_size"": 2, ""arg0_dtype_cat"": 2, ""arg1_ndim"": 1, ""arg1_dim0"": 512, ""arg1_numel"": 512, ""arg1_dtype"": ""torch.bfloat16"", ""arg1_dtype_size"": 2, ""arg1_dtype_cat"": 2}",0.1740799993276596
rms_norm,eb339b305d0ffc52,fa68d1735ed55be8,"{""block_sizes"": [16], ""reduction_loops"": [null], ""range_unroll_factors"": [1], ""range_warp_specializes"": [null], ""range_num_stages"": [2], ""range_multi_buffers"": [null], ""range_flattens"": [null], ""load_eviction_policies"": [""first"", ""last"", ""last"", """", ""last""], ""num_warps"": 16, ""num_stages"": 8, ""indexing"": [""tensor_descriptor"", ""pointer"", ""tensor_descriptor"", ""pointer"", ""pointer"", ""pointer"", ""pointer""], ""atomic_indexing"": [], ""pid_type"": ""persistent_interleaved"", ""num_sm_multiplier"": 1}","{""arg0_ndim"": 2, ""arg0_dim0"": 380668, ""arg0_dim1"": 512, ""arg0_numel"": 194902016, ""arg0_dtype"": ""torch.bfloat16"", ""arg0_dtype_size"": 2, ""arg0_dtype_cat"": 2, ""arg1_ndim"": 1, ""arg1_dim0"": 512, ""arg1_numel"": 512, ""arg1_dtype"": ""torch.bfloat16"", ""arg1_dtype_size"": 2, ""arg1_dtype_cat"": 2}",0.26848000288009644
rms_norm,eb339b305d0ffc52,1979210a312b6290,"{""block_sizes"": [16], ""reduction_loops"": [256], ""range_unroll_factors"": [0], ""range_warp_specializes"": [null], ""range_num_stages"": [0], ""range_multi_buffers"": [null], ""range_flattens"": [null], ""load_eviction_policies"": [""first"", """", ""last"", ""last"", """"], ""num_warps"": 16, ""num_stages"": 4, ""indexing"": [""tensor_descriptor"", ""tensor_descriptor"", ""tensor_descriptor"", ""tensor_descriptor"", ""tensor_descriptor"", ""tensor_descriptor"", ""tensor_descriptor""], ""atomic_indexing"": [], ""pid_type"": ""flat""}","{""arg0_ndim"": 2, ""arg0_dim0"": 380668, ""arg0_dim1"": 512, ""arg0_numel"": 194902016, ""arg0_dtype"": ""torch.bfloat16"", ""arg0_dtype_size"": 2, ""arg0_dtype_cat"": 2, ""arg1_ndim"": 1, ""arg1_dim0"": 512, ""arg1_numel"": 512, ""arg1_dtype"": ""torch.bfloat16"", ""arg1_dtype_size"": 2, ""arg1_dtype_cat"": 2}",0.14748799800872803
rms_norm,eb339b305d0ffc52,832d9cc41c9b5249,"{""block_sizes"": [2], ""reduction_loops"": [null], ""range_unroll_factors"": [0], ""range_warp_specializes"": [null], ""range_num_stages"": [0], ""range_multi_buffers"": [null], ""range_flattens"": [null], ""load_eviction_policies"": [""first"", ""last"", ""first"", ""first"", ""last""], ""num_warps"": 1, ""num_stages"": 8, ""indexing"": [""pointer"", ""pointer"", ""tensor_descriptor"", ""pointer"", ""pointer"", ""tensor_descriptor"", ""pointer""], ""atomic_indexing"": [], ""pid_type"": ""flat""}","{""arg0_ndim"": 2, ""arg0_dim0"": 380668, ""arg0_dim1"": 512, ""arg0_numel"": 194902016, ""arg0_dtype"": ""torch.bfloat16"", ""arg0_dtype_size"": 2, ""arg0_dtype_cat"": 2, ""arg1_ndim"": 1, ""arg1_dim0"": 512, ""arg1_numel"": 512, ""arg1_dtype"": ""torch.bfloat16"", ""arg1_dtype_size"": 2, ""arg1_dtype_cat"": 2}",0.11964800208806992
rms_norm,eb339b305d0ffc52,5f3510d018a1da2c,"{""block_sizes"": [2], ""reduction_loops"": [null], ""range_unroll_factors"": [0], ""range_warp_specializes"": [null], ""range_num_stages"": [0], ""range_multi_buffers"": [null], ""range_flattens"": [null], ""load_eviction_policies"": ["""", """", ""first"", """", """"], ""num_warps"": 1, ""num_stages"": 1, ""indexing"": [""pointer"", ""pointer"", ""tensor_descriptor"", ""tensor_descriptor"", ""pointer"", ""pointer"", ""pointer""], ""atomic_indexing"": [], ""pid_type"": ""flat""}","{""arg0_ndim"": 2, ""arg0_dim0"": 380668, ""arg0_dim1"": 512, ""arg0_numel"": 194902016, ""arg0_dtype"": ""torch.bfloat16"", ""arg0_dtype_size"": 2, ""arg0_dtype_cat"": 2, ""arg1_ndim"": 1, ""arg1_dim0"": 512, ""arg1_numel"": 512, ""arg1_dtype"": ""torch.bfloat16"", ""arg1_dtype_size"": 2, ""arg1_dtype_cat"": 2}",0.1196800023317337
rms_norm,eb339b305d0ffc52,c6373fe598a919dd,"{""block_sizes"": [8], ""reduction_loops"": [null], ""range_unroll_factors"": [0], ""range_warp_specializes"": [null], ""range_num_stages"": [0], ""range_multi_buffers"": [null], ""range_flattens"": [null], ""load_eviction_policies"": ["""", """", ""first"", """", """"], ""num_warps"": 16, ""num_stages"": 6, ""indexing"": [""pointer"", ""pointer"", ""pointer"", ""tensor_descriptor"", ""pointer"", ""pointer"", ""pointer""], ""atomic_indexing"": [], ""pid_type"": ""flat""}","{""arg0_ndim"": 2, ""arg0_dim0"": 380668, ""arg0_dim1"": 512, ""arg0_numel"": 194902016, ""arg0_dtype"": ""torch.bfloat16"", ""arg0_dtype_size"": 2, ""arg0_dtype_cat"": 2, ""arg1_ndim"": 1, ""arg1_dim0"": 512, ""arg1_numel"": 512, ""arg1_dtype"": ""torch.bfloat16"", ""arg1_dtype_size"": 2, ""arg1_dtype_cat"": 2}",0.16496000438928604
rms_norm,eb339b305d0ffc52,482f430b8c9d8e8e,"{""block_sizes"": [2], ""reduction_loops"": [2048], ""range_unroll_factors"": [0], ""range_warp_specializes"": [null], ""range_num_stages"": [0], ""range_multi_buffers"": [null], ""range_flattens"": [null], ""load_eviction_policies"": [""last"", ""first"", ""last"", ""first"", ""first""], ""num_warps"": 2, ""num_stages"": 1, ""indexing"": [""tensor_descriptor"", ""pointer"", ""tensor_descriptor"", ""tensor_descriptor"", ""pointer"", ""tensor_descriptor"", ""tensor_descriptor""], ""atomic_indexing"": [], ""pid_type"": ""flat""}","{""arg0_ndim"": 2, ""arg0_dim0"": 380668, ""arg0_dim1"": 512, ""arg0_numel"": 194902016, ""arg0_dtype"": ""torch.bfloat16"", ""arg0_dtype_size"": 2, ""arg0_dtype_cat"": 2, ""arg1_ndim"": 1, ""arg1_dim0"": 512, ""arg1_numel"": 512, ""arg1_dtype"": ""torch.bfloat16"", ""arg1_dtype_size"": 2, ""arg1_dtype_cat"": 2}",0.36054399609565735
rms_norm,eb339b305d0ffc52,816644cab655d611,"{""block_sizes"": [2], ""reduction_loops"": [2048], ""range_unroll_factors"": [0], ""range_warp_specializes"": [null], ""range_num_stages"": [0], ""range_multi_buffers"": [null], ""range_flattens"": [null], ""load_eviction_policies"": ["""", ""first"", ""last"", ""last"", """"], ""num_warps"": 8, ""num_stages"": 3, ""indexing"": [""pointer"", ""tensor_descriptor"", ""tensor_descriptor"", ""pointer"", ""tensor_descriptor"", ""pointer"", ""tensor_descriptor""], ""atomic_indexing"": [], ""pid_type"": ""flat""}","{""arg0_ndim"": 2, ""arg0_dim0"": 380668, ""arg0_dim1"": 512, ""arg0_numel"": 194902016, ""arg0_dtype"": ""torch.bfloat16"", ""arg0_dtype_size"": 2, ""arg0_dtype_cat"": 2, ""arg1_ndim"": 1, ""arg1_dim0"": 512, ""arg1_numel"": 512, ""arg1_dtype"": ""torch.bfloat16"", ""arg1_dtype_size"": 2, ""arg1_dtype_cat"": 2}",0.42182400822639465
rms_norm,eb339b305d0ffc52,3abfa9907ca4fa3a,"{""block_sizes"": [1], ""reduction_loops"": [null], ""range_unroll_factors"": [0], ""range_warp_specializes"": [null], ""range_num_stages"": [0], ""range_multi_buffers"": [null], ""range_flattens"": [null], ""load_eviction_policies"": ["""", ""last"", ""last"", """", """"], ""num_warps"": 4, ""num_stages"": 2, ""indexing"": [""pointer"", ""pointer"", ""pointer"", ""tensor_descriptor"", ""pointer"", ""tensor_descriptor"", ""pointer""], ""atomic_indexing"": [], ""pid_type"": ""flat""}","{""arg0_ndim"": 2, ""arg0_dim0"": 380668, ""arg0_dim1"": 512, ""arg0_numel"": 194902016, ""arg0_dtype"": ""torch.bfloat16"", ""arg0_dtype_size"": 2, ""arg0_dtype_cat"": 2, ""arg1_ndim"": 1, ""arg1_dim0"": 512, ""arg1_numel"": 512, ""arg1_dtype"": ""torch.bfloat16"", ""arg1_dtype_size"": 2, ""arg1_dtype_cat"": 2}",0.2027519941329956
rms_norm,eb339b305d0ffc52,87b2f26661fd2925,"{""block_sizes"": [1], ""reduction_loops"": [null], ""range_unroll_factors"": [0], ""range_warp_specializes"": [null], ""range_num_stages"": [0], ""range_multi_buffers"": [null], ""range_flattens"": [null], ""load_eviction_policies"": ["""", ""last"", ""last"", ""first"", """"], ""num_warps"": 8, ""num_stages"": 2, ""indexing"": [""tensor_descriptor"", ""tensor_descriptor"", ""tensor_descriptor"", ""tensor_descriptor"", ""pointer"", ""pointer"", ""tensor_descriptor""], ""atomic_indexing"": [], ""pid_type"": ""flat""}","{""arg0_ndim"": 2, ""arg0_dim0"": 380668, ""arg0_dim1"": 512, ""arg0_numel"": 194902016, ""arg0_dtype"": ""torch.bfloat16"", ""arg0_dtype_size"": 2, ""arg0_dtype_cat"": 2, ""arg1_ndim"": 1, ""arg1_dim0"": 512, ""arg1_numel"": 512, ""arg1_dtype"": ""torch.bfloat16"", ""arg1_dtype_size"": 2, ""arg1_dtype_cat"": 2}",0.3563520014286041
rms_norm,eb339b305d0ffc52,7c1f654402c9dd7f,"{""block_sizes"": [1], ""reduction_loops"": [1024], ""range_unroll_factors"": [0], ""range_warp_specializes"": [null], ""range_num_stages"": [0], ""range_multi_buffers"": [null], ""range_flattens"": [null], ""load_eviction_policies"": ["""", ""first"", """", ""last"", ""first""], ""num_warps"": 4, ""num_stages"": 3, ""indexing"": [""pointer"", ""tensor_descriptor"", ""tensor_descriptor"", ""tensor_descriptor"", ""tensor_descriptor"", ""pointer"", ""pointer""], ""atomic_indexing"": [], ""pid_type"": ""flat""}","{""arg0_ndim"": 2, ""arg0_dim0"": 380668, ""arg0_dim1"": 512, ""arg0_numel"": 194902016, ""arg0_dtype"": ""torch.bfloat16"", ""arg0_dtype_size"": 2, ""arg0_dtype_cat"": 2, ""arg1_ndim"": 1, ""arg1_dim0"": 512, ""arg1_numel"": 512, ""arg1_dtype"": ""torch.bfloat16"", ""arg1_dtype_size"": 2, ""arg1_dtype_cat"": 2}",0.27033600211143494
rms_norm,eb339b305d0ffc52,306f51b1d2d06f98,"{""block_sizes"": [1], ""reduction_loops"": [1024], ""range_unroll_factors"": [0], ""range_warp_specializes"": [null], ""range_num_stages"": [0], ""range_multi_buffers"": [null], ""range_flattens"": [null], ""load_eviction_policies"": ["""", ""first"", """", """", ""last""], ""num_warps"": 4, ""num_stages"": 5, ""indexing"": [""pointer"", ""tensor_descriptor"", ""tensor_descriptor"", ""pointer"", ""pointer"", ""tensor_descriptor"", ""tensor_descriptor""], ""atomic_indexing"": [], ""pid_type"": ""flat""}","{""arg0_ndim"": 2, ""arg0_dim0"": 380668, ""arg0_dim1"": 512, ""arg0_numel"": 194902016, ""arg0_dtype"": ""torch.bfloat16"", ""arg0_dtype_size"": 2, ""arg0_dtype_cat"": 2, ""arg1_ndim"": 1, ""arg1_dim0"": 512, ""arg1_numel"": 512, ""arg1_dtype"": ""torch.bfloat16"", ""arg1_dtype_size"": 2, ""arg1_dtype_cat"": 2}",0.27033600211143494
rms_norm,eb339b305d0ffc52,5c295017bd009288,"{""block_sizes"": [1], ""reduction_loops"": [null], ""range_unroll_factors"": [0], ""range_warp_specializes"": [null], ""range_num_stages"": [0], ""range_multi_buffers"": [null], ""range_flattens"": [null], ""load_eviction_policies"": [""first"", """", ""last"", """", ""last""], ""num_warps"": 16, ""num_stages"": 4, ""indexing"": [""tensor_descriptor"", ""pointer"", ""tensor_descriptor"", ""pointer"", ""pointer"", ""pointer"", ""pointer""], ""atomic_indexing"": [], ""pid_type"": ""flat""}","{""arg0_ndim"": 2, ""arg0_dim0"": 380668, ""arg0_dim1"": 512, ""arg0_numel"": 194902016, ""arg0_dtype"": ""torch.bfloat16"", ""arg0_dtype_size"": 2, ""arg0_dtype_cat"": 2, ""arg1_ndim"": 1, ""arg1_dim0"": 512, ""arg1_numel"": 512, ""arg1_dtype"": ""torch.bfloat16"", ""arg1_dtype_size"": 2, ""arg1_dtype_cat"": 2}",0.7197440266609192
rms_norm,eb339b305d0ffc52,9615e7b2fea5ec90,"{""block_sizes"": [1], ""reduction_loops"": [2048], ""range_unroll_factors"": [0], ""range_warp_specializes"": [null], ""range_num_stages"": [0], ""range_multi_buffers"": [null], ""range_flattens"": [null], ""load_eviction_policies"": ["""", ""first"", ""last"", ""first"", ""last""], ""num_warps"": 8, ""num_stages"": 8, ""indexing"": [""pointer"", ""pointer"", ""pointer"", ""tensor_descriptor"", ""pointer"", ""tensor_descriptor"", ""pointer""], ""atomic_indexing"": [], ""pid_type"": ""flat""}","{""arg0_ndim"": 2, ""arg0_dim0"": 380668, ""arg0_dim1"": 512, ""arg0_numel"": 194902016, ""arg0_dtype"": ""torch.bfloat16"", ""arg0_dtype_size"": 2, ""arg0_dtype_cat"": 2, ""arg1_ndim"": 1, ""arg1_dim0"": 512, ""arg1_numel"": 512, ""arg1_dtype"": ""torch.bfloat16"", ""arg1_dtype_size"": 2, ""arg1_dtype_cat"": 2}",0.5386559963226318
rms_norm,eb339b305d0ffc52,ef0576b1337868e5,"{""block_sizes"": [1], ""reduction_loops"": [null], ""range_unroll_factors"": [0], ""range_warp_specializes"": [null], ""range_num_stages"": [0], ""range_multi_buffers"": [null], ""range_flattens"": [null], ""load_eviction_policies"": ["""", """", ""last"", """", ""last""], ""num_warps"": 8, ""num_stages"": 6, ""indexing"": [""tensor_descriptor"", ""pointer"", ""pointer"", ""pointer"", ""pointer"", ""tensor_descriptor"", ""tensor_descriptor""], ""atomic_indexing"": [], ""pid_type"": ""flat""}","{""arg0_ndim"": 2, ""arg0_dim0"": 380668, ""arg0_dim1"": 512, ""arg0_numel"": 194902016, ""arg0_dtype"": ""torch.bfloat16"", ""arg0_dtype_size"": 2, ""arg0_dtype_cat"": 2, ""arg1_ndim"": 1, ""arg1_dim0"": 512, ""arg1_numel"": 512, ""arg1_dtype"": ""torch.bfloat16"", ""arg1_dtype_size"": 2, ""arg1_dtype_cat"": 2}",0.35225600004196167
rms_norm,eb339b305d0ffc52,11bb6dfa80985863,"{""block_sizes"": [1], ""reduction_loops"": [null], ""range_unroll_factors"": [0], ""range_warp_specializes"": [null], ""range_num_stages"": [0], ""range_multi_buffers"": [null], ""range_flattens"": [null], ""load_eviction_policies"": [""first"", """", ""last"", """", """"], ""num_warps"": 16, ""num_stages"": 2, ""indexing"": [""tensor_descriptor"", ""pointer"", ""pointer"", ""pointer"", ""tensor_descriptor"", ""tensor_descriptor"", ""pointer""], ""atomic_indexing"": [], ""pid_type"": ""flat""}","{""arg0_ndim"": 2, ""arg0_dim0"": 380668, ""arg0_dim1"": 512, ""arg0_numel"": 194902016, ""arg0_dtype"": ""torch.bfloat16"", ""arg0_dtype_size"": 2, ""arg0_dtype_cat"": 2, ""arg1_ndim"": 1, ""arg1_dim0"": 512, ""arg1_numel"": 512, ""arg1_dtype"": ""torch.bfloat16"", ""arg1_dtype_size"": 2, ""arg1_dtype_cat"": 2}",0.7197759747505188
rms_norm,eb339b305d0ffc52,964bbd2b95871270,"{""block_sizes"": [1], ""reduction_loops"": [null], ""range_unroll_factors"": [0], ""range_warp_specializes"": [null], ""range_num_stages"": [0], ""range_multi_buffers"": [null], ""range_flattens"": [null], ""load_eviction_policies"": ["""", """", """", ""first"", """"], ""num_warps"": 8, ""num_stages"": 6, ""indexing"": [""pointer"", ""tensor_descriptor"", ""tensor_descriptor"", ""tensor_descriptor"", ""pointer"", ""tensor_descriptor"", ""tensor_descriptor""], ""atomic_indexing"": [], ""pid_type"": ""flat""}","{""arg0_ndim"": 2, ""arg0_dim0"": 380668, ""arg0_dim1"": 512, ""arg0_numel"": 194902016, ""arg0_dtype"": ""torch.bfloat16"", ""arg0_dtype_size"": 2, ""arg0_dtype_cat"": 2, ""arg1_ndim"": 1, ""arg1_dim0"": 512, ""arg1_numel"": 512, ""arg1_dtype"": ""torch.bfloat16"", ""arg1_dtype_size"": 2, ""arg1_dtype_cat"": 2}",0.35225600004196167
rms_norm,eb339b305d0ffc52,a0bad60454a64a49,"{""block_sizes"": [1], ""reduction_loops"": [null], ""range_unroll_factors"": [0], ""range_warp_specializes"": [null], ""range_num_stages"": [0], ""range_multi_buffers"": [null], ""range_flattens"": [null], ""load_eviction_policies"": [""first"", ""last"", ""last"", """", ""last""], ""num_warps"": 16, ""num_stages"": 4, ""indexing"": [""pointer"", ""tensor_descriptor"", ""pointer"", ""pointer"", ""pointer"", ""pointer"", ""pointer""], ""atomic_indexing"": [], ""pid_type"": ""flat""}","{""arg0_ndim"": 2, ""arg0_dim0"": 380668, ""arg0_dim1"": 512, ""arg0_numel"": 194902016, ""arg0_dtype"": ""torch.bfloat16"", ""arg0_dtype_size"": 2, ""arg0_dtype_cat"": 2, ""arg1_ndim"": 1, ""arg1_dim0"": 512, ""arg1_numel"": 512, ""arg1_dtype"": ""torch.bfloat16"", ""arg1_dtype_size"": 2, ""arg1_dtype_cat"": 2}",0.7189120054244995
rms_norm,eb339b305d0ffc52,45b47d2b716e8754,"{""block_sizes"": [4], ""reduction_loops"": [null], ""range_unroll_factors"": [0], ""range_warp_specializes"": [null], ""range_num_stages"": [0], ""range_multi_buffers"": [null], ""range_flattens"": [null], ""load_eviction_policies"": [""first"", """", """", ""last"", ""last""], ""num_warps"": 2, ""num_stages"": 5, ""indexing"": [""pointer"", ""tensor_descriptor"", ""tensor_descriptor"", ""tensor_descriptor"", ""tensor_descriptor"", ""pointer"", ""pointer""], ""atomic_indexing"": [], ""pid_type"": ""flat""}","{""arg0_ndim"": 2, ""arg0_dim0"": 380668, ""arg0_dim1"": 512, ""arg0_numel"": 194902016, ""arg0_dtype"": ""torch.bfloat16"", ""arg0_dtype_size"": 2, ""arg0_dtype_cat"": 2, ""arg1_ndim"": 1, ""arg1_dim0"": 512, ""arg1_numel"": 512, ""arg1_dtype"": ""torch.bfloat16"", ""arg1_dtype_size"": 2, ""arg1_dtype_cat"": 2}",0.12080000340938568
rms_norm,eb339b305d0ffc52,0e08e3ec9a7b2c1e,"{""block_sizes"": [4], ""reduction_loops"": [null], ""range_unroll_factors"": [0], ""range_warp_specializes"": [null], ""range_num_stages"": [0], ""range_multi_buffers"": [null], ""range_flattens"": [null], ""load_eviction_policies"": [""first"", ""last"", """", ""first"", """"], ""num_warps"": 2, ""num_stages"": 3, ""indexing"": [""pointer"", ""tensor_descriptor"", ""pointer"", ""tensor_descriptor"", ""tensor_descriptor"", ""tensor_descriptor"", ""tensor_descriptor""], ""atomic_indexing"": [], ""pid_type"": ""flat""}","{""arg0_ndim"": 2, ""arg0_dim0"": 380668, ""arg0_dim1"": 512, ""arg0_numel"": 194902016, ""arg0_dtype"": ""torch.bfloat16"", ""arg0_dtype_size"": 2, ""arg0_dtype_cat"": 2, ""arg1_ndim"": 1, ""arg1_dim0"": 512, ""arg1_numel"": 512, ""arg1_dtype"": ""torch.bfloat16"", ""arg1_dtype_size"": 2, ""arg1_dtype_cat"": 2}",0.11971200257539749
rms_norm,eb339b305d0ffc52,a3c8f5854ffdaebc,"{""block_sizes"": [16], ""reduction_loops"": [null], ""range_unroll_factors"": [0], ""range_warp_specializes"": [null], ""range_num_stages"": [0], ""range_multi_buffers"": [null], ""range_flattens"": [null], ""load_eviction_policies"": ["""", """", ""first"", """", ""last""], ""num_warps"": 4, ""num_stages"": 5, ""indexing"": [""pointer"", ""pointer"", ""pointer"", ""pointer"", ""pointer"", ""pointer"", ""pointer""], ""atomic_indexing"": [], ""pid_type"": ""flat""}","{""arg0_ndim"": 2, ""arg0_dim0"": 380668, ""arg0_dim1"": 512, ""arg0_numel"": 194902016, ""arg0_dtype"": ""torch.bfloat16"", ""arg0_dtype_size"": 2, ""arg0_dtype_cat"": 2, ""arg1_ndim"": 1, ""arg1_dim0"": 512, ""arg1_numel"": 512, ""arg1_dtype"": ""torch.bfloat16"", ""arg1_dtype_size"": 2, ""arg1_dtype_cat"": 2}",0.12300799787044525
rms_norm,eb339b305d0ffc52,df5f9e1409cfd8bd,"{""block_sizes"": [16], ""reduction_loops"": [null], ""range_unroll_factors"": [0], ""range_warp_specializes"": [null], ""range_num_stages"": [0], ""range_multi_buffers"": [null], ""range_flattens"": [null], ""load_eviction_policies"": ["""", """", ""last"", """", ""first""], ""num_warps"": 4, ""num_stages"": 1, ""indexing"": [""pointer"", ""pointer"", ""pointer"", ""pointer"", ""pointer"", ""tensor_descriptor"", ""tensor_descriptor""], ""atomic_indexing"": [], ""pid_type"": ""flat""}","{""arg0_ndim"": 2, ""arg0_dim0"": 380668, ""arg0_dim1"": 512, ""arg0_numel"": 194902016, ""arg0_dtype"": ""torch.bfloat16"", ""arg0_dtype_size"": 2, ""arg0_dtype_cat"": 2, ""arg1_ndim"": 1, ""arg1_dim0"": 512, ""arg1_numel"": 512, ""arg1_dtype"": ""torch.bfloat16"", ""arg1_dtype_size"": 2, ""arg1_dtype_cat"": 2}",0.12294399738311768
rms_norm,b01706a0f63c245c,24745e38d713c198,"{""block_sizes"": [2], ""reduction_loops"": [null], ""range_unroll_factors"": [0], ""range_warp_specializes"": [null], ""range_num_stages"": [0], ""range_multi_buffers"": [null], ""range_flattens"": [null], ""load_eviction_policies"": [""last"", ""first"", ""first"", """", """"], ""num_warps"": 4, ""num_stages"": 6, ""indexing"": [""pointer"", ""pointer"", ""pointer"", ""tensor_descriptor"", ""tensor_descriptor"", ""pointer"", ""pointer""], ""atomic_indexing"": [], ""pid_type"": ""flat""}","{""arg0_ndim"": 2, ""arg0_dim0"": 589824, ""arg0_dim1"": 256, ""arg0_numel"": 150994944, ""arg0_dtype"": ""torch.bfloat16"", ""arg0_dtype_size"": 2, ""arg0_dtype_cat"": 2, ""arg1_ndim"": 1, ""arg1_dim0"": 256, ""arg1_numel"": 256, ""arg1_dtype"": ""torch.bfloat16"", ""arg1_dtype_size"": 2, ""arg1_dtype_cat"": 2}",0.1658879965543747
rms_norm,b01706a0f63c245c,180c35ef192d14f2,"{""block_sizes"": [2], ""reduction_loops"": [null], ""range_unroll_factors"": [0], ""range_warp_specializes"": [null], ""range_num_stages"": [0], ""range_multi_buffers"": [null], ""range_flattens"": [null], ""load_eviction_policies"": ["""", """", ""last"", """", """"], ""num_warps"": 1, ""num_stages"": 2, ""indexing"": [""pointer"", ""pointer"", ""pointer"", ""pointer"", ""pointer"", ""pointer"", ""pointer""], ""atomic_indexing"": [], ""pid_type"": ""flat""}","{""arg0_ndim"": 2, ""arg0_dim0"": 589824, ""arg0_dim1"": 256, ""arg0_numel"": 150994944, ""arg0_dtype"": ""torch.bfloat16"", ""arg0_dtype_size"": 2, ""arg0_dtype_cat"": 2, ""arg1_ndim"": 1, ""arg1_dim0"": 256, ""arg1_numel"": 256, ""arg1_dtype"": ""torch.bfloat16"", ""arg1_dtype_size"": 2, ""arg1_dtype_cat"": 2}",0.15769599378108978
rms_norm,b01706a0f63c245c,7bfccb3790afd320,"{""block_sizes"": [2], ""reduction_loops"": [2048], ""range_unroll_factors"": [0], ""range_warp_specializes"": [null], ""range_num_stages"": [0], ""range_multi_buffers"": [null], ""range_flattens"": [null], ""load_eviction_policies"": [""last"", """", ""last"", """", """"], ""num_warps"": 8, ""num_stages"": 1, ""indexing"": [""pointer"", ""pointer"", ""pointer"", ""tensor_descriptor"", ""pointer"", ""tensor_descriptor"", ""tensor_descriptor""], ""atomic_indexing"": [], ""pid_type"": ""flat""}","{""arg0_ndim"": 2, ""arg0_dim0"": 589824, ""arg0_dim1"": 256, ""arg0_numel"": 150994944, ""arg0_dtype"": ""torch.bfloat16"", ""arg0_dtype_size"": 2, ""arg0_dtype_cat"": 2, ""arg1_ndim"": 1, ""arg1_dim0"": 256, ""arg1_numel"": 256, ""arg1_dtype"": ""torch.bfloat16"", ""arg1_dtype_size"": 2, ""arg1_dtype_cat"": 2}",0.6266880035400391
rms_norm,b01706a0f63c245c,b700865abbecc460,"{""block_sizes"": [1], ""reduction_loops"": [null], ""range_unroll_factors"": [0], ""range_warp_specializes"": [null], ""range_num_stages"": [0], ""range_multi_buffers"": [null], ""range_flattens"": [null], ""load_eviction_policies"": [""first"", """", ""last"", ""last"", """"], ""num_warps"": 16, ""num_stages"": 1, ""indexing"": [""tensor_descriptor"", ""tensor_descriptor"", ""pointer"", ""tensor_descriptor"", ""tensor_descriptor"", ""pointer"", ""tensor_descriptor""], ""atomic_indexing"": [], ""pid_type"": ""flat""}","{""arg0_ndim"": 2, ""arg0_dim0"": 589824, ""arg0_dim1"": 256, ""arg0_numel"": 150994944, ""arg0_dtype"": ""torch.bfloat16"", ""arg0_dtype_size"": 2, ""arg0_dtype_cat"": 2, ""arg1_ndim"": 1, ""arg1_dim0"": 256, ""arg1_numel"": 256, ""arg1_dtype"": ""torch.bfloat16"", ""arg1_dtype_size"": 2, ""arg1_dtype_cat"": 2}",1.0606880187988281
rms_norm,b01706a0f63c245c,73a4bcfe84591dcd,"{""block_sizes"": [1], ""reduction_loops"": [8192], ""range_unroll_factors"": [0], ""range_warp_specializes"": [null], ""range_num_stages"": [0], ""range_multi_buffers"": [null], ""range_flattens"": [null], ""load_eviction_policies"": ["""", """", """", """", """"], ""num_warps"": 8, ""num_stages"": 4, ""indexing"": [""pointer"", ""pointer"", ""tensor_descriptor"", ""pointer"", ""pointer"", ""tensor_descriptor"", ""tensor_descriptor""], ""atomic_indexing"": [], ""pid_type"": ""flat""}","{""arg0_ndim"": 2, ""arg0_dim0"": 589824, ""arg0_dim1"": 256, ""arg0_numel"": 150994944, ""arg0_dtype"": ""torch.bfloat16"", ""arg0_dtype_size"": 2, ""arg0_dtype_cat"": 2, ""arg1_ndim"": 1, ""arg1_dim0"": 256, ""arg1_numel"": 256, ""arg1_dtype"": ""torch.bfloat16"", ""arg1_dtype_size"": 2, ""arg1_dtype_cat"": 2}",2.1780478954315186
rms_norm,b01706a0f63c245c,6d53c3602b79725b,"{""block_sizes"": [1], ""reduction_loops"": [8192], ""range_unroll_factors"": [0], ""range_warp_specializes"": [null], ""range_num_stages"": [0], ""range_multi_buffers"": [null], ""range_flattens"": [null], ""load_eviction_policies"": ["""", ""first"", ""last"", """", """"], ""num_warps"": 8, ""num_stages"": 3, ""indexing"": [""pointer"", ""tensor_descriptor"", ""pointer"", ""pointer"", ""pointer"", ""tensor_descriptor"", ""pointer""], ""atomic_indexing"": [], ""pid_type"": ""flat""}","{""arg0_ndim"": 2, ""arg0_dim0"": 589824, ""arg0_dim1"": 256, ""arg0_numel"": 150994944, ""arg0_dtype"": ""torch.bfloat16"", ""arg0_dtype_size"": 2, ""arg0_dtype_cat"": 2, ""arg1_ndim"": 1, ""arg1_dim0"": 256, ""arg1_numel"": 256, ""arg1_dtype"": ""torch.bfloat16"", ""arg1_dtype_size"": 2, ""arg1_dtype_cat"": 2}",2.255903959274292
rms_norm,b01706a0f63c245c,ce65586612391f94,"{""block_sizes"": [32], ""reduction_loops"": [null], ""range_unroll_factors"": [0], ""range_warp_specializes"": [null], ""range_num_stages"": [0], ""range_multi_buffers"": [null], ""range_flattens"": [null], ""load_eviction_policies"": ["""", """", """", """", """"], ""num_warps"": 4, ""num_stages"": 1, ""indexing"": [""pointer"", ""pointer"", ""pointer"", ""pointer"", ""pointer"", ""pointer"", ""pointer""], ""atomic_indexing"": [], ""pid_type"": ""flat""}","{""arg0_ndim"": 2, ""arg0_dim0"": 589824, ""arg0_dim1"": 256, ""arg0_numel"": 150994944, ""arg0_dtype"": ""torch.bfloat16"", ""arg0_dtype_size"": 2, ""arg0_dtype_cat"": 2, ""arg1_ndim"": 1, ""arg1_dim0"": 256, ""arg1_numel"": 256, ""arg1_dtype"": ""torch.bfloat16"", ""arg1_dtype_size"": 2, ""arg1_dtype_cat"": 2}",0.09625600278377533
rms_norm,b01706a0f63c245c,fa68d1735ed55be8,"{""block_sizes"": [16], ""reduction_loops"": [null], ""range_unroll_factors"": [1], ""range_warp_specializes"": [null], ""range_num_stages"": [2], ""range_multi_buffers"": [null], ""range_flattens"": [null], ""load_eviction_policies"": [""first"", ""last"", ""last"", """", ""last""], ""num_warps"": 16, ""num_stages"": 8, ""indexing"": [""tensor_descriptor"", ""pointer"", ""tensor_descriptor"", ""pointer"", ""pointer"", ""pointer"", ""pointer""], ""atomic_indexing"": [], ""pid_type"": ""persistent_interleaved"", ""num_sm_multiplier"": 1}","{""arg0_ndim"": 2, ""arg0_dim0"": 589824, ""arg0_dim1"": 256, ""arg0_numel"": 150994944, ""arg0_dtype"": ""torch.bfloat16"", ""arg0_dtype_size"": 2, ""arg0_dtype_cat"": 2, ""arg1_ndim"": 1, ""arg1_dim0"": 256, ""arg1_numel"": 256, ""arg1_dtype"": ""torch.bfloat16"", ""arg1_dtype_size"": 2, ""arg1_dtype_cat"": 2}",0.19868800044059753
rms_norm,b01706a0f63c245c,1979210a312b6290,"{""block_sizes"": [16], ""reduction_loops"": [256], ""range_unroll_factors"": [0], ""range_warp_specializes"": [null], ""range_num_stages"": [0], ""range_multi_buffers"": [null], ""range_flattens"": [null], ""load_eviction_policies"": [""first"", """", ""last"", ""last"", """"], ""num_warps"": 16, ""num_stages"": 4, ""indexing"": [""tensor_descriptor"", ""tensor_descriptor"", ""tensor_descriptor"", ""tensor_descriptor"", ""tensor_descriptor"", ""tensor_descriptor"", ""tensor_descriptor""], ""atomic_indexing"": [], ""pid_type"": ""flat""}","{""arg0_ndim"": 2, ""arg0_dim0"": 589824, ""arg0_dim1"": 256, ""arg0_numel"": 150994944, ""arg0_dtype"": ""torch.bfloat16"", ""arg0_dtype_size"": 2, ""arg0_dtype_cat"": 2, ""arg1_ndim"": 1, ""arg1_dim0"": 256, ""arg1_numel"": 256, ""arg1_dtype"": ""torch.bfloat16"", ""arg1_dtype_size"": 2, ""arg1_dtype_cat"": 2}",0.131071999669075
rms_norm,b01706a0f63c245c,832d9cc41c9b5249,"{""block_sizes"": [2], ""reduction_loops"": [null], ""range_unroll_factors"": [0], ""range_warp_specializes"": [null], ""range_num_stages"": [0], ""range_multi_buffers"": [null], ""range_flattens"": [null], ""load_eviction_policies"": [""first"", ""last"", ""first"", ""first"", ""last""], ""num_warps"": 1, ""num_stages"": 8, ""indexing"": [""pointer"", ""pointer"", ""tensor_descriptor"", ""pointer"", ""pointer"", ""tensor_descriptor"", ""pointer""], ""atomic_indexing"": [], ""pid_type"": ""flat""}","{""arg0_ndim"": 2, ""arg0_dim0"": 589824, ""arg0_dim1"": 256, ""arg0_numel"": 150994944, ""arg0_dtype"": ""torch.bfloat16"", ""arg0_dtype_size"": 2, ""arg0_dtype_cat"": 2, ""arg1_ndim"": 1, ""arg1_dim0"": 256, ""arg1_numel"": 256, ""arg1_dtype"": ""torch.bfloat16"", ""arg1_dtype_size"": 2, ""arg1_dtype_cat"": 2}",0.15772800147533417
rms_norm,b01706a0f63c245c,5f3510d018a1da2c,"{""block_sizes"": [2], ""reduction_loops"": [null], ""range_unroll_factors"": [0], ""range_warp_specializes"": [null], ""range_num_stages"": [0], ""range_multi_buffers"": [null], ""range_flattens"": [null], ""load_eviction_policies"": ["""", """", ""first"", """", """"], ""num_warps"": 1, ""num_stages"": 1, ""indexing"": [""pointer"", ""pointer"", ""tensor_descriptor"", ""tensor_descriptor"", ""pointer"", ""pointer"", ""pointer""], ""atomic_indexing"": [], ""pid_type"": ""flat""}","{""arg0_ndim"": 2, ""arg0_dim0"": 589824, ""arg0_dim1"": 256, ""arg0_numel"": 150994944, ""arg0_dtype"": ""torch.bfloat16"", ""arg0_dtype_size"": 2, ""arg0_dtype_cat"": 2, ""arg1_ndim"": 1, ""arg1_dim0"": 256, ""arg1_numel"": 256, ""arg1_dtype"": ""torch.bfloat16"", ""arg1_dtype_size"": 2, ""arg1_dtype_cat"": 2}",0.15769599378108978
rms_norm,b01706a0f63c245c,c6373fe598a919dd,"{""block_sizes"": [8], ""reduction_loops"": [null], ""range_unroll_factors"": [0], ""range_warp_specializes"": [null], ""range_num_stages"": [0], ""range_multi_buffers"": [null], ""range_flattens"": [null], ""load_eviction_policies"": ["""", """", ""first"", """", """"], ""num_warps"": 16, ""num_stages"": 6, ""indexing"": [""pointer"", ""pointer"", ""pointer"", ""tensor_descriptor"", ""pointer"", ""pointer"", ""pointer""], ""atomic_indexing"": [], ""pid_type"": ""flat""}","{""arg0_ndim"": 2, ""arg0_dim0"": 589824, ""arg0_dim1"": 256, ""arg0_numel"": 150994944, ""arg0_dtype"": ""torch.bfloat16"", ""arg0_dtype_size"": 2, ""arg0_dtype_cat"": 2, ""arg1_ndim"": 1, ""arg1_dim0"": 256, ""arg1_numel"": 256, ""arg1_dtype"": ""torch.bfloat16"", ""arg1_dtype_size"": 2, ""arg1_dtype_cat"": 2}",0.17203199863433838
rms_norm,b01706a0f63c245c,482f430b8c9d8e8e,"{""block_sizes"": [2], ""reduction_loops"": [2048], ""range_unroll_factors"": [0], ""range_warp_specializes"": [null], ""range_num_stages"": [0], ""range_multi_buffers"": [null], ""range_flattens"": [null], ""load_eviction_policies"": [""last"", ""first"", ""last"", ""first"", ""first""], ""num_warps"": 2, ""num_stages"": 1, ""indexing"": [""tensor_descriptor"", ""pointer"", ""tensor_descriptor"", ""tensor_descriptor"", ""pointer"", ""tensor_descriptor"", ""tensor_descriptor""], ""atomic_indexing"": [], ""pid_type"": ""flat""}","{""arg0_ndim"": 2, ""arg0_dim0"": 589824, ""arg0_dim1"": 256, ""arg0_numel"": 150994944, ""arg0_dtype"": ""torch.bfloat16"", ""arg0_dtype_size"": 2, ""arg0_dtype_cat"": 2, ""arg1_ndim"": 1, ""arg1_dim0"": 256, ""arg1_numel"": 256, ""arg1_dtype"": ""torch.bfloat16"", ""arg1_dtype_size"": 2, ""arg1_dtype_cat"": 2}",0.5281919836997986
rms_norm,b01706a0f63c245c,816644cab655d611,"{""block_sizes"": [2], ""reduction_loops"": [2048], ""range_unroll_factors"": [0], ""range_warp_specializes"": [null], ""range_num_stages"": [0], ""range_multi_buffers"": [null], ""range_flattens"": [null], ""load_eviction_policies"": ["""", ""first"", ""last"", ""last"", """"], ""num_warps"": 8, ""num_stages"": 3, ""indexing"": [""pointer"", ""tensor_descriptor"", ""tensor_descriptor"", ""pointer"", ""tensor_descriptor"", ""pointer"", ""tensor_descriptor""], ""atomic_indexing"": [], ""pid_type"": ""flat""}","{""arg0_ndim"": 2, ""arg0_dim0"": 589824, ""arg0_dim1"": 256, ""arg0_numel"": 150994944, ""arg0_dtype"": ""torch.bfloat16"", ""arg0_dtype_size"": 2, ""arg0_dtype_cat"": 2, ""arg1_ndim"": 1, ""arg1_dim0"": 256, ""arg1_numel"": 256, ""arg1_dtype"": ""torch.bfloat16"", ""arg1_dtype_size"": 2, ""arg1_dtype_cat"": 2}",0.6266880035400391
rms_norm,b01706a0f63c245c,3abfa9907ca4fa3a,"{""block_sizes"": [1], ""reduction_loops"": [null], ""range_unroll_factors"": [0], ""range_warp_specializes"": [null], ""range_num_stages"": [0], ""range_multi_buffers"": [null], ""range_flattens"": [null], ""load_eviction_policies"": ["""", ""last"", ""last"", """", """"], ""num_warps"": 4, ""num_stages"": 2, ""indexing"": [""pointer"", ""pointer"", ""pointer"", ""tensor_descriptor"", ""pointer"", ""tensor_descriptor"", ""pointer""], ""atomic_indexing"": [], ""pid_type"": ""flat""}","{""arg0_ndim"": 2, ""arg0_dim0"": 589824, ""arg0_dim1"": 256, ""arg0_numel"": 150994944, ""arg0_dtype"": ""torch.bfloat16"", ""arg0_dtype_size"": 2, ""arg0_dtype_cat"": 2, ""arg1_ndim"": 1, ""arg1_dim0"": 256, ""arg1_numel"": 256, ""arg1_dtype"": ""torch.bfloat16"", ""arg1_dtype_size"": 2, ""arg1_dtype_cat"": 2}",0.3092480003833771
rms_norm,b01706a0f63c245c,87b2f26661fd2925,"{""block_sizes"": [1], ""reduction_loops"": [null], ""range_unroll_factors"": [0], ""range_warp_specializes"": [null], ""range_num_stages"": [0], ""range_multi_buffers"": [null], ""range_flattens"": [null], ""load_eviction_policies"": ["""", ""last"", ""last"", ""first"", """"], ""num_warps"": 8, ""num_stages"": 2, ""indexing"": [""tensor_descriptor"", ""tensor_descriptor"", ""tensor_descriptor"", ""tensor_descriptor"", ""pointer"", ""pointer"", ""tensor_descriptor""], ""atomic_indexing"": [], ""pid_type"": ""flat""}","{""arg0_ndim"": 2, ""arg0_dim0"": 589824, ""arg0_dim1"": 256, ""arg0_numel"": 150994944, ""arg0_dtype"": ""torch.bfloat16"", ""arg0_dtype_size"": 2, ""arg0_dtype_cat"": 2, ""arg1_ndim"": 1, ""arg1_dim0"": 256, ""arg1_numel"": 256, ""arg1_dtype"": ""torch.bfloat16"", ""arg1_dtype_size"": 2, ""arg1_dtype_cat"": 2}",0.5150399804115295
rms_norm,b01706a0f63c245c,7c1f654402c9dd7f,"{""block_sizes"": [1], ""reduction_loops"": [1024], ""range_unroll_factors"": [0], ""range_warp_specializes"": [null], ""range_num_stages"": [0], ""range_multi_buffers"": [null], ""range_flattens"": [null], ""load_eviction_policies"": ["""", ""first"", """", ""last"", ""first""], ""num_warps"": 4, ""num_stages"": 3, ""indexing"": [""pointer"", ""tensor_descriptor"", ""tensor_descriptor"", ""tensor_descriptor"", ""tensor_descriptor"", ""pointer"", ""pointer""], ""atomic_indexing"": [], ""pid_type"": ""flat""}","{""arg0_ndim"": 2, ""arg0_dim0"": 589824, ""arg0_dim1"": 256, ""arg0_numel"": 150994944, ""arg0_dtype"": ""torch.bfloat16"", ""arg0_dtype_size"": 2, ""arg0_dtype_cat"": 2, ""arg1_ndim"": 1, ""arg1_dim0"": 256, ""arg1_numel"": 256, ""arg1_dtype"": ""torch.bfloat16"", ""arg1_dtype_size"": 2, ""arg1_dtype_cat"": 2}",0.3911679983139038
rms_norm,b01706a0f63c245c,306f51b1d2d06f98,"{""block_sizes"": [1], ""reduction_loops"": [1024], ""range_unroll_factors"": [0], ""range_warp_specializes"": [null], ""range_num_stages"": [0], ""range_multi_buffers"": [null], ""range_flattens"": [null], ""load_eviction_policies"": ["""", ""first"", """", """", ""last""], ""num_warps"": 4, ""num_stages"": 5, ""indexing"": [""pointer"", ""tensor_descriptor"", ""tensor_descriptor"", ""pointer"", ""pointer"", ""tensor_descriptor"", ""tensor_descriptor""], ""atomic_indexing"": [], ""pid_type"": ""flat""}","{""arg0_ndim"": 2, ""arg0_dim0"": 589824, ""arg0_dim1"": 256, ""arg0_numel"": 150994944, ""arg0_dtype"": ""torch.bfloat16"", ""arg0_dtype_size"": 2, ""arg0_dtype_cat"": 2, ""arg1_ndim"": 1, ""arg1_dim0"": 256, ""arg1_numel"": 256, ""arg1_dtype"": ""torch.bfloat16"", ""arg1_dtype_size"": 2, ""arg1_dtype_cat"": 2}",0.3912000060081482
rms_norm,b01706a0f63c245c,5c295017bd009288,"{""block_sizes"": [1], ""reduction_loops"": [null], ""range_unroll_factors"": [0], ""range_warp_specializes"": [null], ""range_num_stages"": [0], ""range_multi_buffers"": [null], ""range_flattens"": [null], ""load_eviction_policies"": [""first"", """", ""last"", """", ""last""], ""num_warps"": 16, ""num_stages"": 4, ""indexing"": [""tensor_descriptor"", ""pointer"", ""tensor_descriptor"", ""pointer"", ""pointer"", ""pointer"", ""pointer""], ""atomic_indexing"": [], ""pid_type"": ""flat""}","{""arg0_ndim"": 2, ""arg0_dim0"": 589824, ""arg0_dim1"": 256, ""arg0_numel"": 150994944, ""arg0_dtype"": ""torch.bfloat16"", ""arg0_dtype_size"": 2, ""arg0_dtype_cat"": 2, ""arg1_ndim"": 1, ""arg1_dim0"": 256, ""arg1_numel"": 256, ""arg1_dtype"": ""torch.bfloat16"", ""arg1_dtype_size"": 2, ""arg1_dtype_cat"": 2}",1.0599839687347412
rms_norm,b01706a0f63c245c,9615e7b2fea5ec90,"{""block_sizes"": [1], ""reduction_loops"": [2048], ""range_unroll_factors"": [0], ""range_warp_specializes"": [null], ""range_num_stages"": [0], ""range_multi_buffers"": [null], ""range_flattens"": [null], ""load_eviction_policies"": ["""", ""first"", ""last"", ""first"", ""last""], ""num_warps"": 8, ""num_stages"": 8, ""indexing"": [""pointer"", ""pointer"", ""pointer"", ""tensor_descriptor"", ""pointer"", ""tensor_descriptor"", ""pointer""], ""atomic_indexing"": [], ""pid_type"": ""flat""}","{""arg0_ndim"": 2, ""arg0_dim0"": 589824, ""arg0_dim1"": 256, ""arg0_numel"": 150994944, ""arg0_dtype"": ""torch.bfloat16"", ""arg0_dtype_size"": 2, ""arg0_dtype_cat"": 2, ""arg1_ndim"": 1, ""arg1_dim0"": 256, ""arg1_numel"": 256, ""arg1_dtype"": ""torch.bfloat16"", ""arg1_dtype_size"": 2, ""arg1_dtype_cat"": 2}",0.8151360154151917
rms_norm,b01706a0f63c245c,ef0576b1337868e5,"{""block_sizes"": [1], ""reduction_loops"": [null], ""range_unroll_factors"": [0], ""range_warp_specializes"": [null], ""range_num_stages"": [0], ""range_multi_buffers"": [null], ""range_flattens"": [null], ""load_eviction_policies"": ["""", """", ""last"", """", ""last""], ""num_warps"": 8, ""num_stages"": 6, ""indexing"": [""tensor_descriptor"", ""pointer"", ""pointer"", ""pointer"", ""pointer"", ""tensor_descriptor"", ""tensor_descriptor""], ""atomic_indexing"": [], ""pid_type"": ""flat""}","{""arg0_ndim"": 2, ""arg0_dim0"": 589824, ""arg0_dim1"": 256, ""arg0_numel"": 150994944, ""arg0_dtype"": ""torch.bfloat16"", ""arg0_dtype_size"": 2, ""arg0_dtype_cat"": 2, ""arg1_ndim"": 1, ""arg1_dim0"": 256, ""arg1_numel"": 256, ""arg1_dtype"": ""torch.bfloat16"", ""arg1_dtype_size"": 2, ""arg1_dtype_cat"": 2}",0.5120000243186951
rms_norm,b01706a0f63c245c,11bb6dfa80985863,"{""block_sizes"": [1], ""reduction_loops"": [null], ""range_unroll_factors"": [0], ""range_warp_specializes"": [null], ""range_num_stages"": [0], ""range_multi_buffers"": [null], ""range_flattens"": [null], ""load_eviction_policies"": [""first"", """", ""last"", """", """"], ""num_warps"": 16, ""num_stages"": 2, ""indexing"": [""tensor_descriptor"", ""pointer"", ""pointer"", ""pointer"", ""tensor_descriptor"", ""tensor_descriptor"", ""pointer""], ""atomic_indexing"": [], ""pid_type"": ""flat""}","{""arg0_ndim"": 2, ""arg0_dim0"": 589824, ""arg0_dim1"": 256, ""arg0_numel"": 150994944, ""arg0_dtype"": ""torch.bfloat16"", ""arg0_dtype_size"": 2, ""arg0_dtype_cat"": 2, ""arg1_ndim"": 1, ""arg1_dim0"": 256, ""arg1_numel"": 256, ""arg1_dtype"": ""torch.bfloat16"", ""arg1_dtype_size"": 2, ""arg1_dtype_cat"": 2}",1.0603839755058289
rms_norm,b01706a0f63c245c,964bbd2b95871270,"{""block_sizes"": [1], ""reduction_loops"": [null], ""range_unroll_factors"": [0], ""range_warp_specializes"": [null], ""range_num_stages"": [0], ""range_multi_buffers"": [null], ""range_flattens"": [null], ""load_eviction_policies"": ["""", """", """", ""first"", """"], ""num_warps"": 8, ""num_stages"": 6, ""indexing"": [""pointer"", ""tensor_descriptor"", ""tensor_descriptor"", ""tensor_descriptor"", ""pointer"", ""tensor_descriptor"", ""tensor_descriptor""], ""atomic_indexing"": [], ""pid_type"": ""flat""}","{""arg0_ndim"": 2, ""arg0_dim0"": 589824, ""arg0_dim1"": 256, ""arg0_numel"": 150994944, ""arg0_dtype"": ""torch.bfloat16"", ""arg0_dtype_size"": 2, ""arg0_dtype_cat"": 2, ""arg1_ndim"": 1, ""arg1_dim0"": 256, ""arg1_numel"": 256, ""arg1_dtype"": ""torch.bfloat16"", ""arg1_dtype_size"": 2, ""arg1_dtype_cat"": 2}",0.5120000243186951
rms_norm,b01706a0f63c245c,a0bad60454a64a49,"{""block_sizes"": [1], ""reduction_loops"": [null], ""range_unroll_factors"": [0], ""range_warp_specializes"": [null], ""range_num_stages"": [0], ""range_multi_buffers"": [null], ""range_flattens"": [null], ""load_eviction_policies"": [""first"", ""last"", ""last"", """", ""last""], ""num_warps"": 16, ""num_stages"": 4, ""indexing"": [""pointer"", ""tensor_descriptor"", ""pointer"", ""pointer"", ""pointer"", ""pointer"", ""pointer""], ""atomic_indexing"": [], ""pid_type"": ""flat""}","{""arg0_ndim"": 2, ""arg0_dim0"": 589824, ""arg0_dim1"": 256, ""arg0_numel"": 150994944, ""arg0_dtype"": ""torch.bfloat16"", ""arg0_dtype_size"": 2, ""arg0_dtype_cat"": 2, ""arg1_ndim"": 1, ""arg1_dim0"": 256, ""arg1_numel"": 256, ""arg1_dtype"": ""torch.bfloat16"", ""arg1_dtype_size"": 2, ""arg1_dtype_cat"": 2}",1.0568639636039734
rms_norm,b01706a0f63c245c,45b47d2b716e8754,"{""block_sizes"": [4], ""reduction_loops"": [null], ""range_unroll_factors"": [0], ""range_warp_specializes"": [null], ""range_num_stages"": [0], ""range_multi_buffers"": [null], ""range_flattens"": [null], ""load_eviction_policies"": [""first"", """", """", ""last"", ""last""], ""num_warps"": 2, ""num_stages"": 5, ""indexing"": [""pointer"", ""tensor_descriptor"", ""tensor_descriptor"", ""tensor_descriptor"", ""tensor_descriptor"", ""pointer"", ""pointer""], ""atomic_indexing"": [], ""pid_type"": ""flat""}","{""arg0_ndim"": 2, ""arg0_dim0"": 589824, ""arg0_dim1"": 256, ""arg0_numel"": 150994944, ""arg0_dtype"": ""torch.bfloat16"", ""arg0_dtype_size"": 2, ""arg0_dtype_cat"": 2, ""arg1_ndim"": 1, ""arg1_dim0"": 256, ""arg1_numel"": 256, ""arg1_dtype"": ""torch.bfloat16"", ""arg1_dtype_size"": 2, ""arg1_dtype_cat"": 2}",0.09424000233411789
rms_norm,b01706a0f63c245c,0e08e3ec9a7b2c1e,"{""block_sizes"": [4], ""reduction_loops"": [null], ""range_unroll_factors"": [0], ""range_warp_specializes"": [null], ""range_num_stages"": [0], ""range_multi_buffers"": [null], ""range_flattens"": [null], ""load_eviction_policies"": [""first"", ""last"", """", ""first"", """"], ""num_warps"": 2, ""num_stages"": 3, ""indexing"": [""pointer"", ""tensor_descriptor"", ""pointer"", ""tensor_descriptor"", ""tensor_descriptor"", ""tensor_descriptor"", ""tensor_descriptor""], ""atomic_indexing"": [], ""pid_type"": ""flat""}","{""arg0_ndim"": 2, ""arg0_dim0"": 589824, ""arg0_dim1"": 256, ""arg0_numel"": 150994944, ""arg0_dtype"": ""torch.bfloat16"", ""arg0_dtype_size"": 2, ""arg0_dtype_cat"": 2, ""arg1_ndim"": 1, ""arg1_dim0"": 256, ""arg1_numel"": 256, ""arg1_dtype"": ""torch.bfloat16"", ""arg1_dtype_size"": 2, ""arg1_dtype_cat"": 2}",0.09424000233411789
rms_norm,b01706a0f63c245c,a3c8f5854ffdaebc,"{""block_sizes"": [16], ""reduction_loops"": [null], ""range_unroll_factors"": [0], ""range_warp_specializes"": [null], ""range_num_stages"": [0], ""range_multi_buffers"": [null], ""range_flattens"": [null], ""load_eviction_policies"": ["""", """", ""first"", """", ""last""], ""num_warps"": 4, ""num_stages"": 5, ""indexing"": [""pointer"", ""pointer"", ""pointer"", ""pointer"", ""pointer"", ""pointer"", ""pointer""], ""atomic_indexing"": [], ""pid_type"": ""flat""}","{""arg0_ndim"": 2, ""arg0_dim0"": 589824, ""arg0_dim1"": 256, ""arg0_numel"": 150994944, ""arg0_dtype"": ""torch.bfloat16"", ""arg0_dtype_size"": 2, ""arg0_dtype_cat"": 2, ""arg1_ndim"": 1, ""arg1_dim0"": 256, ""arg1_numel"": 256, ""arg1_dtype"": ""torch.bfloat16"", ""arg1_dtype_size"": 2, ""arg1_dtype_cat"": 2}",0.09424000233411789
rms_norm,b01706a0f63c245c,df5f9e1409cfd8bd,"{""block_sizes"": [16], ""reduction_loops"": [null], ""range_unroll_factors"": [0], ""range_warp_specializes"": [null], ""range_num_stages"": [0], ""range_multi_buffers"": [null], ""range_flattens"": [null], ""load_eviction_policies"": ["""", """", ""last"", """", ""first""], ""num_warps"": 4, ""num_stages"": 1, ""indexing"": [""pointer"", ""pointer"", ""pointer"", ""pointer"", ""pointer"", ""tensor_descriptor"", ""tensor_descriptor""], ""atomic_indexing"": [], ""pid_type"": ""flat""}","{""arg0_ndim"": 2, ""arg0_dim0"": 589824, ""arg0_dim1"": 256, ""arg0_numel"": 150994944, ""arg0_dtype"": ""torch.bfloat16"", ""arg0_dtype_size"": 2, ""arg0_dtype_cat"": 2, ""arg1_ndim"": 1, ""arg1_dim0"": 256, ""arg1_numel"": 256, ""arg1_dtype"": ""torch.bfloat16"", ""arg1_dtype_size"": 2, ""arg1_dtype_cat"": 2}",0.09424000233411789
rms_norm,f8f20b067b9f9fe8,24745e38d713c198,"{""block_sizes"": [2], ""reduction_loops"": [null], ""range_unroll_factors"": [0], ""range_warp_specializes"": [null], ""range_num_stages"": [0], ""range_multi_buffers"": [null], ""range_flattens"": [null], ""load_eviction_policies"": [""last"", ""first"", ""first"", """", """"], ""num_warps"": 4, ""num_stages"": 6, ""indexing"": [""pointer"", ""pointer"", ""pointer"", ""tensor_descriptor"", ""tensor_descriptor"", ""pointer"", ""pointer""], ""atomic_indexing"": [], ""pid_type"": ""flat""}","{""arg0_ndim"": 2, ""arg0_dim0"": 1179648, ""arg0_dim1"": 256, ""arg0_numel"": 301989888, ""arg0_dtype"": ""torch.bfloat16"", ""arg0_dtype_size"": 2, ""arg0_dtype_cat"": 2, ""arg1_ndim"": 1, ""arg1_dim0"": 256, ""arg1_numel"": 256, ""arg1_dtype"": ""torch.bfloat16"", ""arg1_dtype_size"": 2, ""arg1_dtype_cat"": 2}",0.3256320059299469
rms_norm,f8f20b067b9f9fe8,180c35ef192d14f2,"{""block_sizes"": [2], ""reduction_loops"": [null], ""range_unroll_factors"": [0], ""range_warp_specializes"": [null], ""range_num_stages"": [0], ""range_multi_buffers"": [null], ""range_flattens"": [null], ""load_eviction_policies"": ["""", """", ""last"", """", """"], ""num_warps"": 1, ""num_stages"": 2, ""indexing"": [""pointer"", ""pointer"", ""pointer"", ""pointer"", ""pointer"", ""pointer"", ""pointer""], ""atomic_indexing"": [], ""pid_type"": ""flat""}","{""arg0_ndim"": 2, ""arg0_dim0"": 1179648, ""arg0_dim1"": 256, ""arg0_numel"": 301989888, ""arg0_dtype"": ""torch.bfloat16"", ""arg0_dtype_size"": 2, ""arg0_dtype_cat"": 2, ""arg1_ndim"": 1, ""arg1_dim0"": 256, ""arg1_numel"": 256, ""arg1_dtype"": ""torch.bfloat16"", ""arg1_dtype_size"": 2, ""arg1_dtype_cat"": 2}",0.3092480003833771
rms_norm,f8f20b067b9f9fe8,7bfccb3790afd320,"{""block_sizes"": [2], ""reduction_loops"": [2048], ""range_unroll_factors"": [0], ""range_warp_specializes"": [null], ""range_num_stages"": [0], ""range_multi_buffers"": [null], ""range_flattens"": [null], ""load_eviction_policies"": [""last"", """", ""last"", """", """"], ""num_warps"": 8, ""num_stages"": 1, ""indexing"": [""pointer"", ""pointer"", ""pointer"", ""tensor_descriptor"", ""pointer"", ""tensor_descriptor"", ""tensor_descriptor""], ""atomic_indexing"": [], ""pid_type"": ""flat""}","{""arg0_ndim"": 2, ""arg0_dim0"": 1179648, ""arg0_dim1"": 256, ""arg0_numel"": 301989888, ""arg0_dtype"": ""torch.bfloat16"", ""arg0_dtype_size"": 2, ""arg0_dtype_cat"": 2, ""arg1_ndim"": 1, ""arg1_dim0"": 256, ""arg1_numel"": 256, ""arg1_dtype"": ""torch.bfloat16"", ""arg1_dtype_size"": 2, ""arg1_dtype_cat"": 2}",1.2452319860458374
rms_norm,f8f20b067b9f9fe8,b700865abbecc460,"{""block_sizes"": [1], ""reduction_loops"": [null], ""range_unroll_factors"": [0], ""range_warp_specializes"": [null], ""range_num_stages"": [0], ""range_multi_buffers"": [null], ""range_flattens"": [null], ""load_eviction_policies"": [""first"", """", ""last"", ""last"", """"], ""num_warps"": 16, ""num_stages"": 1, ""indexing"": [""tensor_descriptor"", ""tensor_descriptor"", ""pointer"", ""tensor_descriptor"", ""tensor_descriptor"", ""pointer"", ""tensor_descriptor""], ""atomic_indexing"": [], ""pid_type"": ""flat""}","{""arg0_ndim"": 2, ""arg0_dim0"": 1179648, ""arg0_dim1"": 256, ""arg0_numel"": 301989888, ""arg0_dtype"": ""torch.bfloat16"", ""arg0_dtype_size"": 2, ""arg0_dtype_cat"": 2, ""arg1_ndim"": 1, ""arg1_dim0"": 256, ""arg1_numel"": 256, ""arg1_dtype"": ""torch.bfloat16"", ""arg1_dtype_size"": 2, ""arg1_dtype_cat"": 2}",2.1145598888397217
rms_norm,f8f20b067b9f9fe8,73a4bcfe84591dcd,"{""block_sizes"": [1], ""reduction_loops"": [8192], ""range_unroll_factors"": [0], ""range_warp_specializes"": [null], ""range_num_stages"": [0], ""range_multi_buffers"": [null], ""range_flattens"": [null], ""load_eviction_policies"": ["""", """", """", """", """"], ""num_warps"": 8, ""num_stages"": 4, ""indexing"": [""pointer"", ""pointer"", ""tensor_descriptor"", ""pointer"", ""pointer"", ""tensor_descriptor"", ""tensor_descriptor""], ""atomic_indexing"": [], ""pid_type"": ""flat""}","{""arg0_ndim"": 2, ""arg0_dim0"": 1179648, ""arg0_dim1"": 256, ""arg0_numel"": 301989888, ""arg0_dtype"": ""torch.bfloat16"", ""arg0_dtype_size"": 2, ""arg0_dtype_cat"": 2, ""arg1_ndim"": 1, ""arg1_dim0"": 256, ""arg1_numel"": 256, ""arg1_dtype"": ""torch.bfloat16"", ""arg1_dtype_size"": 2, ""arg1_dtype_cat"": 2}",4.347936153411865
rms_norm,f8f20b067b9f9fe8,6d53c3602b79725b,"{""block_sizes"": [1], ""reduction_loops"": [8192], ""range_unroll_factors"": [0], ""range_warp_specializes"": [null], ""range_num_stages"": [0], ""range_multi_buffers"": [null], ""range_flattens"": [null], ""load_eviction_policies"": ["""", ""first"", ""last"", """", """"], ""num_warps"": 8, ""num_stages"": 3, ""indexing"": [""pointer"", ""tensor_descriptor"", ""pointer"", ""pointer"", ""pointer"", ""tensor_descriptor"", ""pointer""], ""atomic_indexing"": [], ""pid_type"": ""flat""}","{""arg0_ndim"": 2, ""arg0_dim0"": 1179648, ""arg0_dim1"": 256, ""arg0_numel"": 301989888, ""arg0_dtype"": ""torch.bfloat16"", ""arg0_dtype_size"": 2, ""arg0_dtype_cat"": 2, ""arg1_ndim"": 1, ""arg1_dim0"": 256, ""arg1_numel"": 256, ""arg1_dtype"": ""torch.bfloat16"", ""arg1_dtype_size"": 2, ""arg1_dtype_cat"": 2}",4.503535985946655
rms_norm,f8f20b067b9f9fe8,ce65586612391f94,"{""block_sizes"": [32], ""reduction_loops"": [null], ""range_unroll_factors"": [0], ""range_warp_specializes"": [null], ""range_num_stages"": [0], ""range_multi_buffers"": [null], ""range_flattens"": [null], ""load_eviction_policies"": ["""", """", """", """", """"], ""num_warps"": 4, ""num_stages"": 1, ""indexing"": [""pointer"", ""pointer"", ""pointer"", ""pointer"", ""pointer"", ""pointer"", ""pointer""], ""atomic_indexing"": [], ""pid_type"": ""flat""}","{""arg0_ndim"": 2, ""arg0_dim0"": 1179648, ""arg0_dim1"": 256, ""arg0_numel"": 301989888, ""arg0_dtype"": ""torch.bfloat16"", ""arg0_dtype_size"": 2, ""arg0_dtype_cat"": 2, ""arg1_ndim"": 1, ""arg1_dim0"": 256, ""arg1_numel"": 256, ""arg1_dtype"": ""torch.bfloat16"", ""arg1_dtype_size"": 2, ""arg1_dtype_cat"": 2}",0.18227200210094452
rms_norm,f8f20b067b9f9fe8,fa68d1735ed55be8,"{""block_sizes"": [16], ""reduction_loops"": [null], ""range_unroll_factors"": [1], ""range_warp_specializes"": [null], ""range_num_stages"": [2], ""range_multi_buffers"": [null], ""range_flattens"": [null], ""load_eviction_policies"": [""first"", ""last"", ""last"", """", ""last""], ""num_warps"": 16, ""num_stages"": 8, ""indexing"": [""tensor_descriptor"", ""pointer"", ""tensor_descriptor"", ""pointer"", ""pointer"", ""pointer"", ""pointer""], ""atomic_indexing"": [], ""pid_type"": ""persistent_interleaved"", ""num_sm_multiplier"": 1}","{""arg0_ndim"": 2, ""arg0_dim0"": 1179648, ""arg0_dim1"": 256, ""arg0_numel"": 301989888, ""arg0_dtype"": ""torch.bfloat16"", ""arg0_dtype_size"": 2, ""arg0_dtype_cat"": 2, ""arg1_ndim"": 1, ""arg1_dim0"": 256, ""arg1_numel"": 256, ""arg1_dtype"": ""torch.bfloat16"", ""arg1_dtype_size"": 2, ""arg1_dtype_cat"": 2}",0.3891200125217438
rms_norm,f8f20b067b9f9fe8,1979210a312b6290,"{""block_sizes"": [16], ""reduction_loops"": [256], ""range_unroll_factors"": [0], ""range_warp_specializes"": [null], ""range_num_stages"": [0], ""range_multi_buffers"": [null], ""range_flattens"": [null], ""load_eviction_policies"": [""first"", """", ""last"", ""last"", """"], ""num_warps"": 16, ""num_stages"": 4, ""indexing"": [""tensor_descriptor"", ""tensor_descriptor"", ""tensor_descriptor"", ""tensor_descriptor"", ""tensor_descriptor"", ""tensor_descriptor"", ""tensor_descriptor""], ""atomic_indexing"": [], ""pid_type"": ""flat""}","{""arg0_ndim"": 2, ""arg0_dim0"": 1179648, ""arg0_dim1"": 256, ""arg0_numel"": 301989888, ""arg0_dtype"": ""torch.bfloat16"", ""arg0_dtype_size"": 2, ""arg0_dtype_cat"": 2, ""arg1_ndim"": 1, ""arg1_dim0"": 256, ""arg1_numel"": 256, ""arg1_dtype"": ""torch.bfloat16"", ""arg1_dtype_size"": 2, ""arg1_dtype_cat"": 2}",0.2539519965648651
rms_norm,f8f20b067b9f9fe8,832d9cc41c9b5249,"{""block_sizes"": [2], ""reduction_loops"": [null], ""range_unroll_factors"": [0], ""range_warp_specializes"": [null], ""range_num_stages"": [0], ""range_multi_buffers"": [null], ""range_flattens"": [null], ""load_eviction_policies"": [""first"", ""last"", ""first"", ""first"", ""last""], ""num_warps"": 1, ""num_stages"": 8, ""indexing"": [""pointer"", ""pointer"", ""tensor_descriptor"", ""pointer"", ""pointer"", ""tensor_descriptor"", ""pointer""], ""atomic_indexing"": [], ""pid_type"": ""flat""}","{""arg0_ndim"": 2, ""arg0_dim0"": 1179648, ""arg0_dim1"": 256, ""arg0_numel"": 301989888, ""arg0_dtype"": ""torch.bfloat16"", ""arg0_dtype_size"": 2, ""arg0_dtype_cat"": 2, ""arg1_ndim"": 1, ""arg1_dim0"": 256, ""arg1_numel"": 256, ""arg1_dtype"": ""torch.bfloat16"", ""arg1_dtype_size"": 2, ""arg1_dtype_cat"": 2}",0.3092480003833771
rms_norm,f8f20b067b9f9fe8,5f3510d018a1da2c,"{""block_sizes"": [2], ""reduction_loops"": [null], ""range_unroll_factors"": [0], ""range_warp_specializes"": [null], ""range_num_stages"": [0], ""range_multi_buffers"": [null], ""range_flattens"": [null], ""load_eviction_policies"": ["""", """", ""first"", """", """"], ""num_warps"": 1, ""num_stages"": 1, ""indexing"": [""pointer"", ""pointer"", ""tensor_descriptor"", ""tensor_descriptor"", ""pointer"", ""pointer"", ""pointer""], ""atomic_indexing"": [], ""pid_type"": ""flat""}","{""arg0_ndim"": 2, ""arg0_dim0"": 1179648, ""arg0_dim1"": 256, ""arg0_numel"": 301989888, ""arg0_dtype"": ""torch.bfloat16"", ""arg0_dtype_size"": 2, ""arg0_dtype_cat"": 2, ""arg1_ndim"": 1, ""arg1_dim0"": 256, ""arg1_numel"": 256, ""arg1_dtype"": ""torch.bfloat16"", ""arg1_dtype_size"": 2, ""arg1_dtype_cat"": 2}",0.3092480003833771
rms_norm,f8f20b067b9f9fe8,c6373fe598a919dd,"{""block_sizes"": [8], ""reduction_loops"": [null], ""range_unroll_factors"": [0], ""range_warp_specializes"": [null], ""range_num_stages"": [0], ""range_multi_buffers"": [null], ""range_flattens"": [null], ""load_eviction_policies"": ["""", """", ""first"", """", """"], ""num_warps"": 16, ""num_stages"": 6, ""indexing"": [""pointer"", ""pointer"", ""pointer"", ""tensor_descriptor"", ""pointer"", ""pointer"", ""pointer""], ""atomic_indexing"": [], ""pid_type"": ""flat""}","{""arg0_ndim"": 2, ""arg0_dim0"": 1179648, ""arg0_dim1"": 256, ""arg0_numel"": 301989888, ""arg0_dtype"": ""torch.bfloat16"", ""arg0_dtype_size"": 2, ""arg0_dtype_cat"": 2, ""arg1_ndim"": 1, ""arg1_dim0"": 256, ""arg1_numel"": 256, ""arg1_dtype"": ""torch.bfloat16"", ""arg1_dtype_size"": 2, ""arg1_dtype_cat"": 2}",0.3370879888534546
rms_norm,f8f20b067b9f9fe8,482f430b8c9d8e8e,"{""block_sizes"": [2], ""reduction_loops"": [2048], ""range_unroll_factors"": [0], ""range_warp_specializes"": [null], ""range_num_stages"": [0], ""range_multi_buffers"": [null], ""range_flattens"": [null], ""load_eviction_policies"": [""last"", ""first"", ""last"", ""first"", ""first""], ""num_warps"": 2, ""num_stages"": 1, ""indexing"": [""tensor_descriptor"", ""pointer"", ""tensor_descriptor"", ""tensor_descriptor"", ""pointer"", ""tensor_descriptor"", ""tensor_descriptor""], ""atomic_indexing"": [], ""pid_type"": ""flat""}","{""arg0_ndim"": 2, ""arg0_dim0"": 1179648, ""arg0_dim1"": 256, ""arg0_numel"": 301989888, ""arg0_dtype"": ""torch.bfloat16"", ""arg0_dtype_size"": 2, ""arg0_dtype_cat"": 2, ""arg1_ndim"": 1, ""arg1_dim0"": 256, ""arg1_numel"": 256, ""arg1_dtype"": ""torch.bfloat16"", ""arg1_dtype_size"": 2, ""arg1_dtype_cat"": 2}",1.0465919971466064
rms_norm,f8f20b067b9f9fe8,816644cab655d611,"{""block_sizes"": [2], ""reduction_loops"": [2048], ""range_unroll_factors"": [0], ""range_warp_specializes"": [null], ""range_num_stages"": [0], ""range_multi_buffers"": [null], ""range_flattens"": [null], ""load_eviction_policies"": ["""", ""first"", ""last"", ""last"", """"], ""num_warps"": 8, ""num_stages"": 3, ""indexing"": [""pointer"", ""tensor_descriptor"", ""tensor_descriptor"", ""pointer"", ""tensor_descriptor"", ""pointer"", ""tensor_descriptor""], ""atomic_indexing"": [], ""pid_type"": ""flat""}","{""arg0_ndim"": 2, ""arg0_dim0"": 1179648, ""arg0_dim1"": 256, ""arg0_numel"": 301989888, ""arg0_dtype"": ""torch.bfloat16"", ""arg0_dtype_size"": 2, ""arg0_dtype_cat"": 2, ""arg1_ndim"": 1, ""arg1_dim0"": 256, ""arg1_numel"": 256, ""arg1_dtype"": ""torch.bfloat16"", ""arg1_dtype_size"": 2, ""arg1_dtype_cat"": 2}",1.2460799813270569
rms_norm,f8f20b067b9f9fe8,3abfa9907ca4fa3a,"{""block_sizes"": [1], ""reduction_loops"": [null], ""range_unroll_factors"": [0], ""range_warp_specializes"": [null], ""range_num_stages"": [0], ""range_multi_buffers"": [null], ""range_flattens"": [null], ""load_eviction_policies"": ["""", ""last"", ""last"", """", """"], ""num_warps"": 4, ""num_stages"": 2, ""indexing"": [""pointer"", ""pointer"", ""pointer"", ""tensor_descriptor"", ""pointer"", ""tensor_descriptor"", ""pointer""], ""atomic_indexing"": [], ""pid_type"": ""flat""}","{""arg0_ndim"": 2, ""arg0_dim0"": 1179648, ""arg0_dim1"": 256, ""arg0_numel"": 301989888, ""arg0_dtype"": ""torch.bfloat16"", ""arg0_dtype_size"": 2, ""arg0_dtype_cat"": 2, ""arg1_ndim"": 1, ""arg1_dim0"": 256, ""arg1_numel"": 256, ""arg1_dtype"": ""torch.bfloat16"", ""arg1_dtype_size"": 2, ""arg1_dtype_cat"": 2}",0.612384021282196
rms_norm,f8f20b067b9f9fe8,87b2f26661fd2925,"{""block_sizes"": [1], ""reduction_loops"": [null], ""range_unroll_factors"": [0], ""range_warp_specializes"": [null], ""range_num_stages"": [0], ""range_multi_buffers"": [null], ""range_flattens"": [null], ""load_eviction_policies"": ["""", ""last"", ""last"", ""first"", """"], ""num_warps"": 8, ""num_stages"": 2, ""indexing"": [""tensor_descriptor"", ""tensor_descriptor"", ""tensor_descriptor"", ""tensor_descriptor"", ""pointer"", ""pointer"", ""tensor_descriptor""], ""atomic_indexing"": [], ""pid_type"": ""flat""}","{""arg0_ndim"": 2, ""arg0_dim0"": 1179648, ""arg0_dim1"": 256, ""arg0_numel"": 301989888, ""arg0_dtype"": ""torch.bfloat16"", ""arg0_dtype_size"": 2, ""arg0_dtype_cat"": 2, ""arg1_ndim"": 1, ""arg1_dim0"": 256, ""arg1_numel"": 256, ""arg1_dtype"": ""torch.bfloat16"", ""arg1_dtype_size"": 2, ""arg1_dtype_cat"": 2}",1.0227839946746826
rms_norm,f8f20b067b9f9fe8,7c1f654402c9dd7f,"{""block_sizes"": [1], ""reduction_loops"": [1024], ""range_unroll_factors"": [0], ""range_warp_specializes"": [null], ""range_num_stages"": [0], ""range_multi_buffers"": [null], ""range_flattens"": [null], ""load_eviction_policies"": ["""", ""first"", """", ""last"", ""first""], ""num_warps"": 4, ""num_stages"": 3, ""indexing"": [""pointer"", ""tensor_descriptor"", ""tensor_descriptor"", ""tensor_descriptor"", ""tensor_descriptor"", ""pointer"", ""pointer""], ""atomic_indexing"": [], ""pid_type"": ""flat""}","{""arg0_ndim"": 2, ""arg0_dim0"": 1179648, ""arg0_dim1"": 256, ""arg0_numel"": 301989888, ""arg0_dtype"": ""torch.bfloat16"", ""arg0_dtype_size"": 2, ""arg0_dtype_cat"": 2, ""arg1_ndim"": 1, ""arg1_dim0"": 256, ""arg1_numel"": 256, ""arg1_dtype"": ""torch.bfloat16"", ""arg1_dtype_size"": 2, ""arg1_dtype_cat"": 2}",0.7761760056018829
rms_norm,f8f20b067b9f9fe8,306f51b1d2d06f98,"{""block_sizes"": [1], ""reduction_loops"": [1024], ""range_unroll_factors"": [0], ""range_warp_specializes"": [null], ""range_num_stages"": [0], ""range_multi_buffers"": [null], ""range_flattens"": [null], ""load_eviction_policies"": ["""", ""first"", """", """", ""last""], ""num_warps"": 4, ""num_stages"": 5, ""indexing"": [""pointer"", ""tensor_descriptor"", ""tensor_descriptor"", ""pointer"", ""pointer"", ""tensor_descriptor"", ""tensor_descriptor""], ""atomic_indexing"": [], ""pid_type"": ""flat""}","{""arg0_ndim"": 2, ""arg0_dim0"": 1179648, ""arg0_dim1"": 256, ""arg0_numel"": 301989888, ""arg0_dtype"": ""torch.bfloat16"", ""arg0_dtype_size"": 2, ""arg0_dtype_cat"": 2, ""arg1_ndim"": 1, ""arg1_dim0"": 256, ""arg1_numel"": 256, ""arg1_dtype"": ""torch.bfloat16"", ""arg1_dtype_size"": 2, ""arg1_dtype_cat"": 2}",0.7761920094490051
rms_norm,f8f20b067b9f9fe8,5c295017bd009288,"{""block_sizes"": [1], ""reduction_loops"": [null], ""range_unroll_factors"": [0], ""range_warp_specializes"": [null], ""range_num_stages"": [0], ""range_multi_buffers"": [null], ""range_flattens"": [null], ""load_eviction_policies"": [""first"", """", ""last"", """", ""last""], ""num_warps"": 16, ""num_stages"": 4, ""indexing"": [""tensor_descriptor"", ""pointer"", ""tensor_descriptor"", ""pointer"", ""pointer"", ""pointer"", ""pointer""], ""atomic_indexing"": [], ""pid_type"": ""flat""}","{""arg0_ndim"": 2, ""arg0_dim0"": 1179648, ""arg0_dim1"": 256, ""arg0_numel"": 301989888, ""arg0_dtype"": ""torch.bfloat16"", ""arg0_dtype_size"": 2, ""arg0_dtype_cat"": 2, ""arg1_ndim"": 1, ""arg1_dim0"": 256, ""arg1_numel"": 256, ""arg1_dtype"": ""torch.bfloat16"", ""arg1_dtype_size"": 2, ""arg1_dtype_cat"": 2}",2.1145598888397217
rms_norm,f8f20b067b9f9fe8,9615e7b2fea5ec90,"{""block_sizes"": [1], ""reduction_loops"": [2048], ""range_unroll_factors"": [0], ""range_warp_specializes"": [null], ""range_num_stages"": [0], ""range_multi_buffers"": [null], ""range_flattens"": [null], ""load_eviction_policies"": ["""", ""first"", ""last"", ""first"", ""last""], ""num_warps"": 8, ""num_stages"": 8, ""indexing"": [""pointer"", ""pointer"", ""pointer"", ""tensor_descriptor"", ""pointer"", ""tensor_descriptor"", ""pointer""], ""atomic_indexing"": [], ""pid_type"": ""flat""}","{""arg0_ndim"": 2, ""arg0_dim0"": 1179648, ""arg0_dim1"": 256, ""arg0_numel"": 301989888, ""arg0_dtype"": ""torch.bfloat16"", ""arg0_dtype_size"": 2, ""arg0_dtype_cat"": 2, ""arg1_ndim"": 1, ""arg1_dim0"": 256, ""arg1_numel"": 256, ""arg1_dtype"": ""torch.bfloat16"", ""arg1_dtype_size"": 2, ""arg1_dtype_cat"": 2}",1.6230720281600952
rms_norm,f8f20b067b9f9fe8,ef0576b1337868e5,"{""block_sizes"": [1], ""reduction_loops"": [null], ""range_unroll_factors"": [0], ""range_warp_specializes"": [null], ""range_num_stages"": [0], ""range_multi_buffers"": [null], ""range_flattens"": [null], ""load_eviction_policies"": ["""", """", ""last"", """", ""last""], ""num_warps"": 8, ""num_stages"": 6, ""indexing"": [""tensor_descriptor"", ""pointer"", ""pointer"", ""pointer"", ""pointer"", ""tensor_descriptor"", ""tensor_descriptor""], ""atomic_indexing"": [], ""pid_type"": ""flat""}","{""arg0_ndim"": 2, ""arg0_dim0"": 1179648, ""arg0_dim1"": 256, ""arg0_numel"": 301989888, ""arg0_dtype"": ""torch.bfloat16"", ""arg0_dtype_size"": 2, ""arg0_dtype_cat"": 2, ""arg1_ndim"": 1, ""arg1_dim0"": 256, ""arg1_numel"": 256, ""arg1_dtype"": ""torch.bfloat16"", ""arg1_dtype_size"": 2, ""arg1_dtype_cat"": 2}",1.017791986465454
rms_norm,f8f20b067b9f9fe8,11bb6dfa80985863,"{""block_sizes"": [1], ""reduction_loops"": [null], ""range_unroll_factors"": [0], ""range_warp_specializes"": [null], ""range_num_stages"": [0], ""range_multi_buffers"": [null], ""range_flattens"": [null], ""load_eviction_policies"": [""first"", """", ""last"", """", """"], ""num_warps"": 16, ""num_stages"": 2, ""indexing"": [""tensor_descriptor"", ""pointer"", ""pointer"", ""pointer"", ""tensor_descriptor"", ""tensor_descriptor"", ""pointer""], ""atomic_indexing"": [], ""pid_type"": ""flat""}","{""arg0_ndim"": 2, ""arg0_dim0"": 1179648, ""arg0_dim1"": 256, ""arg0_numel"": 301989888, ""arg0_dtype"": ""torch.bfloat16"", ""arg0_dtype_size"": 2, ""arg0_dtype_cat"": 2, ""arg1_ndim"": 1, ""arg1_dim0"": 256, ""arg1_numel"": 256, ""arg1_dtype"": ""torch.bfloat16"", ""arg1_dtype_size"": 2, ""arg1_dtype_cat"": 2}",2.1145598888397217
rms_norm,f8f20b067b9f9fe8,964bbd2b95871270,"{""block_sizes"": [1], ""reduction_loops"": [null], ""range_unroll_factors"": [0], ""range_warp_specializes"": [null], ""range_num_stages"": [0], ""range_multi_buffers"": [null], ""range_flattens"": [null], ""load_eviction_policies"": ["""", """", """", ""first"", """"], ""num_warps"": 8, ""num_stages"": 6, ""indexing"": [""pointer"", ""tensor_descriptor"", ""tensor_descriptor"", ""tensor_descriptor"", ""pointer"", ""tensor_descriptor"", ""tensor_descriptor""], ""atomic_indexing"": [], ""pid_type"": ""flat""}","{""arg0_ndim"": 2, ""arg0_dim0"": 1179648, ""arg0_dim1"": 256, ""arg0_numel"": 301989888, ""arg0_dtype"": ""torch.bfloat16"", ""arg0_dtype_size"": 2, ""arg0_dtype_cat"": 2, ""arg1_ndim"": 1, ""arg1_dim0"": 256, ""arg1_numel"": 256, ""arg1_dtype"": ""torch.bfloat16"", ""arg1_dtype_size"": 2, ""arg1_dtype_cat"": 2}",1.0177600383758545
rms_norm,f8f20b067b9f9fe8,a0bad60454a64a49,"{""block_sizes"": [1], ""reduction_loops"": [null], ""range_unroll_factors"": [0], ""range_warp_specializes"": [null], ""range_num_stages"": [0], ""range_multi_buffers"": [null], ""range_flattens"": [null], ""load_eviction_policies"": [""first"", ""last"", ""last"", """", ""last""], ""num_warps"": 16, ""num_stages"": 4, ""indexing"": [""pointer"", ""tensor_descriptor"", ""pointer"", ""pointer"", ""pointer"", ""pointer"", ""pointer""], ""atomic_indexing"": [], ""pid_type"": ""flat""}","{""arg0_ndim"": 2, ""arg0_dim0"": 1179648, ""arg0_dim1"": 256, ""arg0_numel"": 301989888, ""arg0_dtype"": ""torch.bfloat16"", ""arg0_dtype_size"": 2, ""arg0_dtype_cat"": 2, ""arg1_ndim"": 1, ""arg1_dim0"": 256, ""arg1_numel"": 256, ""arg1_dtype"": ""torch.bfloat16"", ""arg1_dtype_size"": 2, ""arg1_dtype_cat"": 2}",2.1084160804748535
rms_norm,f8f20b067b9f9fe8,45b47d2b716e8754,"{""block_sizes"": [4], ""reduction_loops"": [null], ""range_unroll_factors"": [0], ""range_warp_specializes"": [null], ""range_num_stages"": [0], ""range_multi_buffers"": [null], ""range_flattens"": [null], ""load_eviction_policies"": [""first"", """", """", ""last"", ""last""], ""num_warps"": 2, ""num_stages"": 5, ""indexing"": [""pointer"", ""tensor_descriptor"", ""tensor_descriptor"", ""tensor_descriptor"", ""tensor_descriptor"", ""pointer"", ""pointer""], ""atomic_indexing"": [], ""pid_type"": ""flat""}","{""arg0_ndim"": 2, ""arg0_dim0"": 1179648, ""arg0_dim1"": 256, ""arg0_numel"": 301989888, ""arg0_dtype"": ""torch.bfloat16"", ""arg0_dtype_size"": 2, ""arg0_dtype_cat"": 2, ""arg1_ndim"": 1, ""arg1_dim0"": 256, ""arg1_numel"": 256, ""arg1_dtype"": ""torch.bfloat16"", ""arg1_dtype_size"": 2, ""arg1_dtype_cat"": 2}",0.18028800189495087
rms_norm,f8f20b067b9f9fe8,0e08e3ec9a7b2c1e,"{""block_sizes"": [4], ""reduction_loops"": [null], ""range_unroll_factors"": [0], ""range_warp_specializes"": [null], ""range_num_stages"": [0], ""range_multi_buffers"": [null], ""range_flattens"": [null], ""load_eviction_policies"": [""first"", ""last"", """", ""first"", """"], ""num_warps"": 2, ""num_stages"": 3, ""indexing"": [""pointer"", ""tensor_descriptor"", ""pointer"", ""tensor_descriptor"", ""tensor_descriptor"", ""tensor_descriptor"", ""tensor_descriptor""], ""atomic_indexing"": [], ""pid_type"": ""flat""}","{""arg0_ndim"": 2, ""arg0_dim0"": 1179648, ""arg0_dim1"": 256, ""arg0_numel"": 301989888, ""arg0_dtype"": ""torch.bfloat16"", ""arg0_dtype_size"": 2, ""arg0_dtype_cat"": 2, ""arg1_ndim"": 1, ""arg1_dim0"": 256, ""arg1_numel"": 256, ""arg1_dtype"": ""torch.bfloat16"", ""arg1_dtype_size"": 2, ""arg1_dtype_cat"": 2}",0.18025599420070648
rms_norm,f8f20b067b9f9fe8,a3c8f5854ffdaebc,"{""block_sizes"": [16], ""reduction_loops"": [null], ""range_unroll_factors"": [0], ""range_warp_specializes"": [null], ""range_num_stages"": [0], ""range_multi_buffers"": [null], ""range_flattens"": [null], ""load_eviction_policies"": ["""", """", ""first"", """", ""last""], ""num_warps"": 4, ""num_stages"": 5, ""indexing"": [""pointer"", ""pointer"", ""pointer"", ""pointer"", ""pointer"", ""pointer"", ""pointer""], ""atomic_indexing"": [], ""pid_type"": ""flat""}","{""arg0_ndim"": 2, ""arg0_dim0"": 1179648, ""arg0_dim1"": 256, ""arg0_numel"": 301989888, ""arg0_dtype"": ""torch.bfloat16"", ""arg0_dtype_size"": 2, ""arg0_dtype_cat"": 2, ""arg1_ndim"": 1, ""arg1_dim0"": 256, ""arg1_numel"": 256, ""arg1_dtype"": ""torch.bfloat16"", ""arg1_dtype_size"": 2, ""arg1_dtype_cat"": 2}",0.18025599420070648
rms_norm,f8f20b067b9f9fe8,df5f9e1409cfd8bd,"{""block_sizes"": [16], ""reduction_loops"": [null], ""range_unroll_factors"": [0], ""range_warp_specializes"": [null], ""range_num_stages"": [0], ""range_multi_buffers"": [null], ""range_flattens"": [null], ""load_eviction_policies"": ["""", """", ""last"", """", ""first""], ""num_warps"": 4, ""num_stages"": 1, ""indexing"": [""pointer"", ""pointer"", ""pointer"", ""pointer"", ""pointer"", ""tensor_descriptor"", ""tensor_descriptor""], ""atomic_indexing"": [], ""pid_type"": ""flat""}","{""arg0_ndim"": 2, ""arg0_dim0"": 1179648, ""arg0_dim1"": 256, ""arg0_numel"": 301989888, ""arg0_dtype"": ""torch.bfloat16"", ""arg0_dtype_size"": 2, ""arg0_dtype_cat"": 2, ""arg1_ndim"": 1, ""arg1_dim0"": 256, ""arg1_numel"": 256, ""arg1_dtype"": ""torch.bfloat16"", ""arg1_dtype_size"": 2, ""arg1_dtype_cat"": 2}",0.18027199804782867
